"_primaryKey","_firstSeenAt","_lastSeenAt","lotId","updatedAt","vin","yardNumber","yardName","saleDate","saleDayOfWeek","saleTime","saleTimeZone","itemNumber","vehicleType","year","make","modelGroup","modelDetail","bodyStyle","exteriorColor","damageDescription","secondaryDamage","saleTitleState","saleTitleType","hasKeys","lotCondCode","mileage","odometerBrand","estRetailValue","repairCost","engine","drivetrain","transmission","fuelType","cylinders","runsDrives","saleStatus","highBid","specialNote","locationCity","locationState","locationZip","locationCountry","currencyCode","imageThumbnail","imageUrl","gridRow","makeOfferEligible","buyItNowPrice","trim","rentals","wholesale","sellerName","offsiteAddress1","offsiteState","offsiteCity","offsiteZip","saleLight","autoGrade","announcements","listingUrl"
"57604956","2026-08-09 20:47:31.580","2026-08-12 02:22:28.090","57604956","2026-08-09 18:37:37.000","[PREMIUM]","30","NY - LONG ISLAND","2026-08-12","WEDNESDAY","1000","EDT","0","V",2020,"HONDA","CIVIC","CIVIC","SEDAN","GRAY","REAR END","FRONT END","NY","SM","YES","D",19603,"A","[PREMIUM]",15532.43,"2.0L 4","FRONT WHEEL DRIVE","AUTOMATIC","GAS",4,"Run & Drive Verified","On Minimum Bid","[PREMIUM]",,"BROOKHAVEN","NY","11719 9203","USA","USD","[PREMIUM]","[PREMIUM]","E150",false,"[PREMIUM]","LX",false,false,"[PREMIUM]",,,,,,,,"[PREMIUM]"
"56889086","2026-08-09 20:47:31.496","2026-08-12 02:22:27.979","56889086","2026-08-09 18:30:02.000","[PREMIUM]","30","NY - LONG ISLAND","2026-08-12","WEDNESDAY","1000","EDT","0","V",2005,"LEXUS","RX330","RX 330","4DR SPORT UTILITY","BLACK","MINOR DENT/SCRATCHES",,"NY","CT","YES","D",173181,"A","[PREMIUM]",0,"3.3L 6","ALL WHEEL DRIVE","AUTOMATIC","GAS",6,"Run & Drive Verified","On Approval","[PREMIUM]",,"BROOKHAVEN","NY","11719 9203","USA","USD","[PREMIUM]","[PREMIUM]","E130",false,"[PREMIUM]",,false,false,"[PREMIUM]",,,,,,,,"[PREMIUM]"
"55601556","2026-08-09 20:47:31.295","2026-08-12 02:22:27.747","55601556","2026-08-11 18:51:55.000","[PREMIUM]","30","NY - LONG ISLAND","2026-08-12","WEDNESDAY","1000","EDT","0","V",2013,"BMW","X5","X5","4DR SPORT UTILITY","BLACK","FRONT END","SIDE","NY","SM","YES","D",134508,"A","[PREMIUM]",6060,"3.0L 6","ALL WHEEL DRIVE","AUTOMATIC","GAS",6,"Run & Drive Verified","Pure Sale","[PREMIUM]",,"BROOKHAVEN","NY","11719 9203","USA","USD","[PREMIUM]","[PREMIUM]","H070",false,"[PREMIUM]","XDRIVE35I",false,false,"[PREMIUM]",,,,,,,,"[PREMIUM]"
"64482216","2026-08-09 14:54:38.804","2026-08-10 14:55:32.996","64482216","2026-08-10 12:31:08.000","[PREMIUM]","162","VA - HAMPTON","2026-08-11","TUESDAY","1000","EDT","2094","V",2019,"KIA","OPTIMA","OPTIMA","SEDAN","GRAY","VANDALISM","SIDE","VA","RS","YES","D",72774,"N","[PREMIUM]",0,"2.4L 4","FRONT WHEEL DRIVE","AUTOMATIC","GAS",4,"Run & Drive Verified","On Approval","[PREMIUM]",,"HAMPTON","VA","23666 1525","USA","USD","[PREMIUM]","[PREMIUM]","F100",false,"[PREMIUM]","LX",false,false,"[PREMIUM]",,,,,,,,"[PREMIUM]"
"64482986","2026-08-09 14:54:38.796","2026-08-20 17:40:58.933","64482986","2026-08-20 12:06:22.000","[PREMIUM]","880","*NCS - EASTERN REGION","2026-08-20","THURSDAY","2100","EDT","0","V",2013,"VOLVO","S60","S60","SEDAN 4DR","WHITE","REAR END",,"ID","CT","YES","D",113079,"A","[PREMIUM]",0,"2.5L 5","FRONT WHEEL DRIVE","AUTOMATIC","GAS",5,"Run & Drive Verified","On Minimum Bid","[PREMIUM]",,"HAMPTON","VA","23666 1525","USA","USD","[PREMIUM]","[PREMIUM]","B060",true,"[PREMIUM]","T5",false,false,"[PREMIUM]",,,,,,,,"[PREMIUM]"
"63870516","2026-08-09 14:47:37.537","2026-08-11 20:32:27.837","63870516","2026-08-09 10:57:57.000","[PREMIUM]","30","NY - LONG ISLAND","2026-08-12","WEDNESDAY","1000","EDT","0","V",2018,"AUDI","Q5","Q5","SPORT UTILITY VEHICLE","CHARCOAL","MECHANICAL","MINOR DENT/SCRATCHES","NY","CT","YES","D",188178,"A","[PREMIUM]",0,"2.0L 4","ALL WHEEL DRIVE","AUTOMATIC","GAS",4,"Run & Drive Verified","On Minimum Bid","[PREMIUM]",,"BROOKHAVEN","NY","11719 9203","USA","USD","[PREMIUM]","[PREMIUM]","D140",true,"[PREMIUM]","PREMIUM PLUS",false,false,"[PREMIUM]",,,,,,,,"[PREMIUM]"
"57871266","2026-08-09 14:47:36.007","2026-08-11 20:32:26.117","57871266","2026-08-11 20:03:28.000","[PREMIUM]","30","NY - LONG ISLAND","2026-08-12","WEDNESDAY","1000","EDT","0","V",2019,"HONDA","ACCORD","ACCORD",,"BLACK","MINOR DENT/SCRATCHES",,"NY","SM","YES","D",50383,"N","[PREMIUM]",16099,,,"AUTOMATIC",,,"Run & Drive Verified","Pure Sale","[PREMIUM]",,"BROOKHAVEN","NY","11719 9203","USA","USD","[PREMIUM]","[PREMIUM]","H080",false,"[PREMIUM]","SPORT",false,false,"[PREMIUM]",,,,,,,,"[PREMIUM]"
"64678676","2026-08-09 14:47:17.426","2026-08-11 02:34:57.563","64678676","2026-08-10 21:10:19.000","[PREMIUM]","24","NY - NEWBURGH","2026-08-11","TUESDAY","1000","EDT","73","V",2013,"MERCEDES-BENZ","C-CLASS","C","SEDAN 4DR","BLACK","FRONT END","UNDERCARRIAGE","NY","PO","YES","D",85902,"A","[PREMIUM]",6629,"3.5L 6","ALL WHEEL DRIVE","AUTOMATIC","GAS",6,"Run & Drive Verified","Pure Sale","[PREMIUM]",,"MARLBORO","NY","12542","USA","USD","[PREMIUM]","[PREMIUM]","NB020",false,"[PREMIUM]","300 4MATIC",false,false,"[PREMIUM]",,,,,,,,"[PREMIUM]"
"64678686","2026-08-09 14:47:17.426","2026-08-11 02:35:05.717","64678686","2026-08-10 21:10:19.000","[PREMIUM]","24","NY - NEWBURGH","2026-08-11","TUESDAY","1000","EDT","121","V",2012,"INFINITI","G37","G37 SEDAN","SEDAN 4DR","WHITE","FRONT END","REAR END","NY","PO","NO","E",0,"N","[PREMIUM]",15821.65,"3.7L 6","ALL WHEEL DRIVE","AUTOMATIC","GAS",6,"DEFAULT","Pure Sale","[PREMIUM]",,"MARLBORO","NY","12542","USA","USD","[PREMIUM]","[PREMIUM]","NA020",false,"[PREMIUM]",,false,false,"[PREMIUM]",,,,,,,,"[PREMIUM]"
"63333146","2026-08-09 14:47:16.419","2026-08-13 02:25:49.291","63333146","2026-08-12 21:19:42.000","[PREMIUM]","24","NY - NEWBURGH","2026-08-13","THURSDAY","1000","EDT","1001","H",2026,"SEA-DOO/BRP","RXTX 325","RXTX 325",,"BLUE","UNDERCARRIAGE",,"NY",,"EXM",,0,,"[PREMIUM]",0,,,"AUTOMATIC",,,,"Pure Sale","[PREMIUM]",,"MARLBORO","NY","12542","USA","USD","[PREMIUM]","[PREMIUM]","NZ030",false,"[PREMIUM]",,false,false,"[PREMIUM]",,,,,,,,"[PREMIUM]"
"63223226","2026-08-09 14:47:16.377","2026-08-10 14:47:30.207","63223226","2026-08-09 13:02:51.000","[PREMIUM]","24","NY - NEWBURGH","2026-08-11","TUESDAY","1000","EDT","0","V",2013,"NISSAN","ROGUE","ROGUE","WAGON","GRAY","FRONT END","UNDERCARRIAGE","NY","SM","YES","D",66222,"A","[PREMIUM]",15761,"2.5L 4","ALL WHEEL DRIVE","AUTOMATIC","GAS",4,"Run & Drive Verified","Pure Sale","[PREMIUM]",,"MARLBORO","NY","12542","USA","USD","[PREMIUM]","[PREMIUM]","NT020",false,"[PREMIUM]","S",false,false,"[PREMIUM]",,,,,,,,"[PREMIUM]"
"62943946","2026-08-09 14:47:15.964","2026-08-13 02:25:48.904","62943946","2026-08-12 21:19:42.000","[PREMIUM]","24","NY - NEWBURGH","2026-08-13","THURSDAY","1000","EDT","3380","V",2018,"HONDA","HR-V","HR-V","SPORT UTILITY VEHICLE","BLACK","FRONT END",,"NY","SM","YES","D",96920,"A","[PREMIUM]",15609,"1.8L 4","ALL WHEEL DRIVE","AUTOMATIC","GAS",4,"Run & Drive Verified","Pure Sale","[PREMIUM]",,"MARLBORO","NY","12542","USA","USD","[PREMIUM]","[PREMIUM]","NA010",false,"[PREMIUM]","LX",false,false,"[PREMIUM]",,,,,,,,"[PREMIUM]"
"62524466","2026-08-09 08:58:26.558","2026-08-22 17:50:00.388","62524466","2026-08-04 19:22:47.000","[PREMIUM]","398","IA - CEDAR RAPIDS",,,,"CDT","0","V",2004,"HONDA","CIVIC","CIVIC","SEDAN 4DR","RED","FRONT END","UNDERCARRIAGE","IA","ST","NO","E",0,"E","[PREMIUM]",3463.88,"1.7L 4","FRONT WHEEL DRIVE","AUTOMATIC","GAS",4,"DEFAULT","Pure Sale","[PREMIUM]",,"CEDAR RAPIDS","IA","52404","USA","USD","[PREMIUM]","[PREMIUM]","B030",false,"[PREMIUM]","EX",false,false,"[PREMIUM]",,,,,,,,"[PREMIUM]"
"62602586","2026-08-09 08:58:20.315","2026-08-20 17:44:41.340","62602586","2026-08-19 18:03:52.000","[PREMIUM]","394","TX - NORTH AUSTIN","2026-08-20","THURSDAY","1200","CDT","2108","V",2006,"HONDA","PILOT","PILOT","4DR SPORT UTILITY","SILVER","FRONT END","SIDE","TX","SV","YES","D",175445,"E","[PREMIUM]",0,"3.5L 6","ALL WHEEL DRIVE","AUTOMATIC","GAS",6,"Run & Drive Verified","Pure Sale","[PREMIUM]",,"TAYLOR","TX","76574","USA","USD","[PREMIUM]","[PREMIUM]","E120",false,"[PREMIUM]","EX",false,false,"[PREMIUM]",,,,,,,,"[PREMIUM]"
"60193966","2026-08-09 08:58:19.733","2026-08-22 17:49:53.171","60193966","2026-08-04 23:53:55.000","[PREMIUM]","394","TX - NORTH AUSTIN",,,,"CDT","0","V",2016,"ACURA","ILX","ILX","SEDAN 4DR","WHITE","UNDERCARRIAGE",,"TX","SV","YES","D",41620,"A","[PREMIUM]",11828.16,"2.4L 4","FRONT WHEEL DRIVE","AUTOMATIC","GAS",4,"Run & Drive Verified","Pure Sale","[PREMIUM]",,"TAYLOR","TX","76574","USA","USD","[PREMIUM]","[PREMIUM]","B070",false,"[PREMIUM]","PREMIUM",false,false,"[PREMIUM]",,,,,,,,"[PREMIUM]"
"63070316","2026-08-09 08:58:12.409","2026-08-22 17:49:46.462","63070316","2026-08-04 20:10:05.000","[PREMIUM]","384","ME - WINDHAM",,,,"EDT","0","V",2008,"HONDA","ACCORD","ACCORD","SEDAN 4DR","GREEN","REAR END",,"ME","ST","YES","D",150430,"E","[PREMIUM]",3443.18,"3.5L 6","FRONT WHEEL DRIVE","AUTOMATIC","GAS",6,"Run & Drive Verified","Pure Sale","[PREMIUM]",,"WINDHAM","ME","04062","USA","USD","[PREMIUM]","[PREMIUM]","J100",false,"[PREMIUM]","EXL",false,false,"[PREMIUM]",,,,,,,,"[PREMIUM]"
"62358336","2026-08-09 08:57:55.744","2026-08-20 17:44:10.983","62358336","2026-08-19 20:31:17.000","[PREMIUM]","369","KS - KANSAS CITY","2026-08-20","THURSDAY","1200","CDT","34","V",2002,"HONDA","ACCORD","ACCORD","COUPE","GREEN","FRONT END",,"KS","ST","YES","D",89502,"E","[PREMIUM]",3581.66,"2.3L 4","FRONT WHEEL DRIVE","AUTOMATIC","GAS",4,"Run & Drive Verified","Pure Sale","[PREMIUM]",,"KANSAS CITY","KS","66111 2629","USA","USD","[PREMIUM]","[PREMIUM]","E090",false,"[PREMIUM]","EX",false,false,"[PREMIUM]",,,,,,,,"[PREMIUM]"
"60865046","2026-08-09 08:57:54.618","2026-08-22 17:49:28.101","60865046","2026-08-20 18:26:20.000","[PREMIUM]","369","KS - KANSAS CITY","2026-08-25","TUESDAY","1200","CDT","0","V",2005,"HONDA","ELEMENT","ELEMENT",,"BEIGE","FRONT END",,"MO","SC","YES","D",286702,"E","[PREMIUM]",2364.65,,,"AUTOMATIC",,,"Run & Drive Verified","Pure Sale","[PREMIUM]",,"KANSAS CITY","KS","66111 2629","USA","USD","[PREMIUM]","[PREMIUM]","L090",false,"[PREMIUM]",,false,false,"[PREMIUM]",,,,,,,,"[PREMIUM]"
"63333746","2026-08-09 08:57:26.420","2026-08-19 15:03:07.910","63333746","2026-08-17 16:24:20.000","[PREMIUM]","356","NC - CONCORD","2026-08-20","THURSDAY","1000","EDT","16","V",2009,"HONDA","ACCORD","ACCORD","SEDAN 4DR","BLACK","FRONT END",,"NC","SC","YES","D",248115,"E","[PREMIUM]",4491.92,"2.4L 4","FRONT WHEEL DRIVE","AUTOMATIC","GAS",4,"Run & Drive Verified","Pure Sale","[PREMIUM]",,"CONCORD","NC","28025 8271","USA","USD","[PREMIUM]","[PREMIUM]","X110",false,"[PREMIUM]","LXP",false,false,"[PREMIUM]",,,,,,,,"[PREMIUM]"
"63563006","2026-08-09 08:55:51.791","2026-08-17 03:01:16.366","63563006","2026-08-13 21:23:03.000","[PREMIUM]","188","UT - OGDEN","2026-08-17","MONDAY","1200","MDT","3104","V",2005,"HONDA","PILOT","PILOT","4DR SPORT UTILITY","WHITE","FRONT END",,"UT","SC","YES","E",147022,"E","[PREMIUM]",5946.06,"3.5L 6","ALL WHEEL DRIVE","AUTOMATIC","GAS",6,"DEFAULT","Pure Sale","[PREMIUM]",,"FARR WEST","UT","84404 9127","USA","USD","[PREMIUM]","[PREMIUM]","E040",false,"[PREMIUM]","LX",false,false,"[PREMIUM]",,,,,,,,"[PREMIUM]"
"63144476","2026-08-09 08:55:51.651","2026-08-17 03:01:16.198","63144476","2026-08-13 21:23:02.000","[PREMIUM]","188","UT - OGDEN","2026-08-17","MONDAY","1200","MDT","16","V",2009,"HONDA","ACCORD","ACCORD","SEDAN 4DR","GREEN","SIDE",,"UT","SC","YES","D",231108,"E","[PREMIUM]",11122.25,"2.4L 4","FRONT WHEEL DRIVE","AUTOMATIC","GAS",4,"Run & Drive Verified","Pure Sale","[PREMIUM]",,"FARR WEST","UT","84404 9127","USA","USD","[PREMIUM]","[PREMIUM]","C060",false,"[PREMIUM]","EX",false,false,"[PREMIUM]",,,,,,,,"[PREMIUM]"
"57605686","2026-08-09 08:55:47.801","2026-08-13 02:33:19.346","57605686","2026-08-09 08:00:13.000","[PREMIUM]","187","GA - MACON","2026-08-13","THURSDAY","1000","EDT","0","V",2005,"ACURA","RL","RL","SEDAN 4DR","BLACK","FRONT END","SIDE","GA","ST","YES",,0,"E","[PREMIUM]",16811.66,"3.5L 6","ALL WHEEL DRIVE","AUTOMATIC","GAS",6,,"Pure Sale","[PREMIUM]",,"BYRON","GA","31008","USA","USD","[PREMIUM]","[PREMIUM]","BRN",false,"[PREMIUM]",,false,false,"[PREMIUM]",,,,,,,,"[PREMIUM]"
"55834556","2026-08-09 08:55:47.626","2026-08-19 15:01:18.773","55834556","2026-08-17 20:14:45.000","[PREMIUM]","187","GA - MACON","2026-08-20","THURSDAY","1000","EDT","0","V",2010,"HONDA","CIVIC","CIVIC","SEDAN 4DR","BLUE","VANDALISM","FRONT END","GA","ST","NO",,0,"E","[PREMIUM]",3066.29,"1.8L 4","FRONT WHEEL DRIVE","AUTOMATIC","GAS",4,,"Pure Sale","[PREMIUM]",,"BYRON","GA","31008","USA","USD","[PREMIUM]","[PREMIUM]","F0060",false,"[PREMIUM]","LX",false,false,"[PREMIUM]",,,,,,,,"[PREMIUM]"
"63384836","2026-08-09 08:55:40.107","2026-08-22 17:47:02.044","63384836","2026-08-21 13:28:54.000","[PREMIUM]","181","TX - DALLAS SOUTH","2026-08-24","MONDAY","1200","CDT","0","V",2008,"HONDA","CIVIC","CIVIC","SEDAN 4DR","BLUE","REAR END","SIDE","TX","SV","YES","D",170524,"A","[PREMIUM]",4240,"1.3L 4","FRONT WHEEL DRIVE","AUTOMATIC","ELECTRIC AND GAS HYBRID",4,"Run & Drive Verified","On Minimum Bid","[PREMIUM]",,"WILMER","TX","75172 1528","USA","USD","[PREMIUM]","[PREMIUM]","G150",false,"[PREMIUM]","HYBRID",false,false,"[PREMIUM]",,,,,,,,"[PREMIUM]"
"61155186","2026-08-09 08:55:03.540","2026-08-10 14:55:31.647","61155186","2026-08-04 19:44:56.000","[PREMIUM]","162","VA - HAMPTON",,,,"EDT","0","V",2011,"HONDA","ACCORD EXL","ACCORD",,"GRAY","FRONT END",,"VA","CT","YES","D",182188,"A","[PREMIUM]",7747.68,,,"AUTOMATIC",,,"Run & Drive Verified","Pure Sale","[PREMIUM]",,"HAMPTON","VA","23666 1525","USA","USD","[PREMIUM]","[PREMIUM]","C040",false,"[PREMIUM]","EXL",false,false,"[PREMIUM]",,,,,,,,"[PREMIUM]"
"63157666","2026-08-09 08:54:31.184","2026-08-19 14:59:57.607","63157666","2026-08-17 17:51:46.000","[PREMIUM]","146","GA - ATLANTA SOUTH","2026-08-20","THURSDAY","1000","EDT","87","V",2006,"HONDA","ACCORD","ACCORD","SEDAN 4DR","GRAY","FRONT END","SIDE","GA","RS","YES","D",186527,"E","[PREMIUM]",0,"2.4L 4","FRONT WHEEL DRIVE","AUTOMATIC","GAS",4,"Run & Drive Verified","Pure Sale","[PREMIUM]",,"ELLENWOOD","GA","30294 2655","USA","USD","[PREMIUM]","[PREMIUM]","J130",false,"[PREMIUM]","EX",false,false,"[PREMIUM]",,,,,,,,"[PREMIUM]"
"57408366","2026-08-09 08:54:27.856","2026-08-19 14:59:54.453","57408366","2026-08-19 13:49:04.000","[PREMIUM]","146","GA - ATLANTA SOUTH","2026-08-20","THURSDAY","1000","EDT","105","V",2001,"HONDA","ACCORD","ACCORD","SEDAN 4DR","BEIGE","FRONT END","REAR END","GA","ST","YES","E",0,"E","[PREMIUM]",0,"3.0L 6","FRONT WHEEL DRIVE","AUTOMATIC","GAS",6,"DEFAULT","Pure Sale","[PREMIUM]",,"ELLENWOOD","GA","30294 2655","USA","USD","[PREMIUM]","[PREMIUM]","G150",false,"[PREMIUM]","EX",false,false,"[PREMIUM]",,,,,,,,"[PREMIUM]"
"62873036","2026-08-09 08:54:14.358","2026-08-19 14:59:38.159","62873036","2026-08-17 13:10:07.000","[PREMIUM]","143","KY - LOUISVILLE","2026-08-20","THURSDAY","1000","EDT","121","V",2008,"HONDA","CRV","CR-V","4DR SPORT UTILITY","BLUE","REAR END","SIDE","KY","ST","YES","D",124852,"A","[PREMIUM]",6285.3,"2.4L 4","4X4 W/FRONT WHL DRV","AUTOMATIC","GAS",4,"Run & Drive Verified","Pure Sale","[PREMIUM]",,"LOUISVILLE","KY","40272 2985","USA","USD","[PREMIUM]","[PREMIUM]","S020",false,"[PREMIUM]","EXL",false,false,"[PREMIUM]",,,,,,,,"[PREMIUM]"
"59284566","2026-08-09 08:54:12.080","2026-08-19 14:59:35.923","59284566","2026-08-17 13:10:08.000","[PREMIUM]","143","KY - LOUISVILLE","2026-08-20","THURSDAY","1000","EDT","2507","V",2009,"HONDA","CIVIC","CIVIC","COUPE","GRAY","FRONT END",,"KY","ST","YES","S",201418,"A","[PREMIUM]",1844.16,"1.8L 4","FRONT WHEEL DRIVE","AUTOMATIC","GAS",4,"Vehicle Starts","Pure Sale","[PREMIUM]",,"LOUISVILLE","KY","40272 2985","USA","USD","[PREMIUM]","[PREMIUM]","Z040",false,"[PREMIUM]","LX",false,false,"[PREMIUM]",,,,,,,,"[PREMIUM]"
"59154256","2026-08-09 08:54:11.977","2026-08-17 02:59:36.280","59154256","2026-08-13 18:59:54.000","[PREMIUM]","143","KY - LOUISVILLE","2026-08-17","MONDAY","1000","EDT","2044","V",2007,"HONDA","CRV","CR-V","4DR SPORT UTILITY","GREEN","FRONT END","SIDE","KY","ST","NO",,226107,"A","[PREMIUM]",3306.92,"2.4L 4","ALL WHEEL DRIVE","AUTOMATIC","GAS",4,,"Pure Sale","[PREMIUM]",,"LOUISVILLE","KY","40272 2985","USA","USD","[PREMIUM]","[PREMIUM]","G080",false,"[PREMIUM]","EXL",false,false,"[PREMIUM]",,,,,,,,"[PREMIUM]"
"55774906","2026-08-09 08:53:52.947","2026-08-22 17:45:18.862","55774906","2026-08-19 12:53:56.000","[PREMIUM]","136","AL - BIRMINGHAM","2026-08-25","TUESDAY","1200","CDT","0","V",2007,"HONDA","ACCORD","ACCORD","SEDAN 4DR","RED","FRONT END","SIDE","AL","ST","YES","D",235062,"E","[PREMIUM]",2989,"2.4L 4","FRONT WHEEL DRIVE","AUTOMATIC","GAS",4,"Run & Drive Verified","Pure Sale","[PREMIUM]",,"HUEYTOWN","AL","35023 2868","USA","USD","[PREMIUM]","[PREMIUM]","EE080",false,"[PREMIUM]","SE",false,false,"[PREMIUM]",,,,,,,,"[PREMIUM]"
"62254966","2026-08-09 08:53:25.836","2026-08-18 08:59:05.921","62254966","2026-08-14 22:15:36.000","[PREMIUM]","123","NE - LINCOLN","2026-08-18","TUESDAY","1200","CDT","4319","V",2004,"HONDA","PILOT","PILOT","4DR SPORT UTILITY","BLACK","REAR END","HAIL","NE","ST","YES","D",186642,"E","[PREMIUM]",5318.9,"3.5L 6","ALL WHEEL DRIVE","AUTOMATIC","GAS",6,"Run & Drive Verified","Pure Sale","[PREMIUM]",,"GREENWOOD","NE","68366 1607","USA","USD","[PREMIUM]","[PREMIUM]","CC040",false,"[PREMIUM]","EXL",false,false,"[PREMIUM]",,,,,,,,"[PREMIUM]"
"61631376","2026-08-09 08:53:25.537","2026-08-18 08:59:05.384","61631376","2026-08-14 22:15:36.000","[PREMIUM]","123","NE - LINCOLN","2026-08-18","TUESDAY","1200","CDT","3266","V",2012,"HONDA","ACCORD","ACCORD","SEDAN 4DR","GRAY","FRONT END","SIDE","NE","ST","YES","D",148613,"A","[PREMIUM]",8809,"2.4L 4","FRONT WHEEL DRIVE","AUTOMATIC","GAS",4,"Run & Drive Verified","Pure Sale","[PREMIUM]",,"GREENWOOD","NE","68366 1607","USA","USD","[PREMIUM]","[PREMIUM]","LL110",false,"[PREMIUM]","SE",false,false,"[PREMIUM]",,,,,,,,"[PREMIUM]"
"61212326","2026-08-09 08:53:25.329","2026-08-18 08:59:05.110","61212326","2026-08-14 22:15:36.000","[PREMIUM]","123","NE - LINCOLN","2026-08-18","TUESDAY","1200","CDT","4500","V",2008,"HONDA","CRV","CR-V","4DR SPORT UTILITY","GOLD","FRONT END",,"NE","ST","YES","S",70965,"A","[PREMIUM]",11299.79,"2.4L 4","4X4 W/FRONT WHL DRV","AUTOMATIC","GAS",4,"Vehicle Starts","Pure Sale","[PREMIUM]",,"GREENWOOD","NE","68366 1607","USA","USD","[PREMIUM]","[PREMIUM]","II070",false,"[PREMIUM]","EX",false,false,"[PREMIUM]",,,,,,,,"[PREMIUM]"
"63383206","2026-08-09 08:53:19.910","2026-08-22 17:44:42.448","63383206","2026-08-04 23:57:11.000","[PREMIUM]","120","CO - DENVER CENTRAL",,,,"MDT","0","V",2010,"ACURA","TL","TL","SEDAN 4DR","GRAY","FRONT END","HAIL","CO","PS","YES","E",112958,"E","[PREMIUM]",9261.82,"3.7L 6","ALL WHEEL DRIVE","AUTOMATIC","GAS",6,"DEFAULT","Pure Sale","[PREMIUM]",,"DENVER","CO","80229 7226","USA","USD","[PREMIUM]","[PREMIUM]","H060",false,"[PREMIUM]",,false,false,"[PREMIUM]",,,,,,,,"[PREMIUM]"
"60984276","2026-08-09 08:53:16.019","2026-08-11 20:36:58.684","60984276","2026-08-09 08:00:15.000","[PREMIUM]","118","CO - COLORADO SPRINGS","2026-08-12","WEDNESDAY","1200","MDT","0","V",2013,"HONDA","FIT","FIT","HATCHBACK 4DR","SILVER","REAR END",,"CO","ST","YES","E",0,"N","[PREMIUM]",17240.29,"1.5L 4","FRONT WHEEL DRIVE","AUTOMATIC","GAS",4,"DEFAULT","Pure Sale","[PREMIUM]",,"COLORADO SPRINGS","CO","80907 5336","USA","USD","[PREMIUM]","[PREMIUM]","U040",false,"[PREMIUM]","SPORT",false,false,"[PREMIUM]",,,,,,,,"[PREMIUM]"
"63475726","2026-08-09 08:52:45.017","2026-08-22 17:44:08.958","63475726","2026-08-21 12:49:06.000","[PREMIUM]","107","GA - ATLANTA EAST","2026-08-24","MONDAY","1000","EDT","2295","V",2009,"HONDA","ACCORD","ACCORD","SEDAN 4DR","BLACK","REAR END",,"GA","ST","YES","D",170535,"A","[PREMIUM]",6267.76,"3.5L 6","FRONT WHEEL DRIVE","AUTOMATIC","GAS",6,"Run & Drive Verified","Pure Sale","[PREMIUM]",,"LOGANVILLE","GA","30052 4625","USA","USD","[PREMIUM]","[PREMIUM]","Z140",false,"[PREMIUM]","EXL",false,false,"[PREMIUM]",,,,,,,,"[PREMIUM]"
"61835786","2026-08-09 08:52:43.701","2026-08-11 20:36:36.588","61835786","2026-08-10 11:28:39.000","[PREMIUM]","107","GA - ATLANTA EAST","2026-08-12","WEDNESDAY","1000","EDT","63","V",2009,"HONDA","PILOT","PILOT","4DR SPORT UTILITY","MAROON","SIDE","FRONT END","GA","ST","YES","D",151439,"A","[PREMIUM]",9575.89,"3.5L 6","FRONT WHEEL DRIVE","AUTOMATIC","GAS",6,"Run & Drive Verified","Pure Sale","[PREMIUM]",,"LOGANVILLE","GA","30052 4625","USA","USD","[PREMIUM]","[PREMIUM]","N090",false,"[PREMIUM]","TOURING",false,false,"[PREMIUM]",,,,,,,,"[PREMIUM]"
"60646356","2026-08-09 08:52:42.895","2026-08-11 20:36:36.131","60646356","2026-08-10 11:28:39.000","[PREMIUM]","107","GA - ATLANTA EAST","2026-08-12","WEDNESDAY","1000","EDT","67","V",2005,"HONDA","ELEMENT","ELEMENT","4DR SPORT UTILITY","RED","REAR END",,"GA","ST","YES","D",200543,"E","[PREMIUM]",13602.56,"2.4L 4","FRONT WHEEL DRIVE","AUTOMATIC","GAS",4,"Run & Drive Verified","Pure Sale","[PREMIUM]",,"LOGANVILLE","GA","30052 4625","USA","USD","[PREMIUM]","[PREMIUM]","N090",false,"[PREMIUM]","EX",false,false,"[PREMIUM]",,,,,,,,"[PREMIUM]"
"57414806","2026-08-09 08:52:31.700","2026-08-22 17:43:58.484","57414806","2026-08-05 23:17:36.000","[PREMIUM]","104","OR - EUGENE",,,,"PDT","0","V",2008,"HONDA","ELEMENT","ELEMENT","4DR SPORT UTILITY","GRAY","UNDERCARRIAGE","SIDE","OR","SC","YES","D",130239,"E","[PREMIUM]",5819,"2.4L 4","FRONT WHEEL DRIVE","AUTOMATIC","GAS",4,"Run & Drive Verified","On Minimum Bid","[PREMIUM]",,"EUGENE","OR","97402 9600","USA","USD","[PREMIUM]","[PREMIUM]","F020",false,"[PREMIUM]","SC",false,false,"[PREMIUM]",,,,,,,,"[PREMIUM]"
"62048166","2026-08-09 08:52:30.038","2026-08-20 17:38:21.084","62048166","2026-08-18 18:41:44.000","[PREMIUM]","103","MI - LANSING","2026-08-21","FRIDAY","1000","EDT","0","V",2011,"HONDA","CRV","CR-V","4DR SPORT UTILITY","BLACK","FRONT END","REAR END","MI","CT","YES","E",118650,"A","[PREMIUM]",15859.33,"2.4L 4","ALL WHEEL DRIVE","AUTOMATIC","GAS",4,"DEFAULT","Pure Sale","[PREMIUM]",,"LANSING","MI","48917 9540","USA","USD","[PREMIUM]","[PREMIUM]","E060",false,"[PREMIUM]","EXL",false,false,"[PREMIUM]",,,,,,,,"[PREMIUM]"
"54802866","2026-08-09 08:52:25.416","2026-08-17 02:57:53.371","54802866","2026-08-14 18:32:33.000","[PREMIUM]","102","MD - BALTIMORE","2026-08-17","MONDAY","1000","EDT","91","V",2014,"HONDA","PILOT","PILOT","4DR SPORT UTILITY","BLUE","FRONT END","SIDE","MD","S1","YES","D",143090,"A","[PREMIUM]",16481,"3.5L 6","FRONT WHEEL DRIVE","AUTOMATIC","GAS",6,"Run & Drive Verified","Pure Sale","[PREMIUM]",,"FINKSBURG","MD","21048 1635","USA","USD","[PREMIUM]","[PREMIUM]","L040",false,"[PREMIUM]","EX",false,false,"[PREMIUM]",,,,,,,,"[PREMIUM]"
"63512846","2026-08-09 08:52:20.596","2026-08-14 04:12:56.705","63512846","2026-08-11 17:11:22.000","[PREMIUM]","98","TX - FT. WORTH","2026-08-14","FRIDAY","1200","CDT","0","V",2016,"ACURA","RDX","RDX","4DR SPORT UTILITY","WHITE","FRONT END","REAR END","TX","SV","YES","D",59831,"A","[PREMIUM]",11022.54,"3.5L 6","FRONT WHEEL DRIVE","AUTOMATIC","GAS",6,"Run & Drive Verified","Pure Sale","[PREMIUM]",,"HASLET","TX","76052 3840","USA","USD","[PREMIUM]","[PREMIUM]","G170",false,"[PREMIUM]","TECHNOLOGY",false,false,"[PREMIUM]",,,,,,,,"[PREMIUM]"
"63104526","2026-08-09 08:52:20.429","2026-08-22 17:43:46.812","63104526","2026-08-04 23:38:38.000","[PREMIUM]","98","TX - FT. WORTH",,,,"CDT","0","V",2009,"HONDA","CIVIC","CIVIC","SEDAN 4DR","GRAY","FRONT END",,"TX","SV","YES","D",281516,"E","[PREMIUM]",2205,"1.8L 4","FRONT WHEEL DRIVE","AUTOMATIC","GAS",4,"Run & Drive Verified","Pure Sale","[PREMIUM]",,"HASLET","TX","76052 3840","USA","USD","[PREMIUM]","[PREMIUM]","A130",false,"[PREMIUM]","LX",false,false,"[PREMIUM]",,,,,,,,"[PREMIUM]"
"60692936","2026-08-09 08:51:47.903","2026-08-10 14:52:23.440","60692936","2026-08-09 08:00:20.000","[PREMIUM]","95","TX - AMARILLO","2026-08-11","TUESDAY","1200","CDT","0","V",2009,"HONDA","ACCORD","ACCORD","COUPE","BLACK","SIDE",,"TX","SV","YES","D",195186,"E","[PREMIUM]",3395.31,"2.4L 4","FRONT WHEEL DRIVE","AUTOMATIC","GAS",4,"Run & Drive Verified","Pure Sale","[PREMIUM]",,"AMARILLO","TX","79118 7400","USA","USD","[PREMIUM]","[PREMIUM]","C020",false,"[PREMIUM]","EXL",false,false,"[PREMIUM]",,,,,,,,"[PREMIUM]"
"63209976","2026-08-09 08:51:09.412","2026-08-22 17:43:17.892","63209976","2026-08-20 16:22:06.000","[PREMIUM]","91","NJ - SOMERVILLE","2026-08-25","TUESDAY","1000","EDT","0","V",2013,"HONDA","INSIGHT","INSIGHT","HATCHBACK 4DR","GRAY","WATER/FLOOD",,"NJ","FS","YES","D",116461,"A","[PREMIUM]",5959.39,"1.3L 4","FRONT WHEEL DRIVE","AUTOMATIC","ELECTRIC AND GAS HYBRID",4,"Run & Drive Verified","Pure Sale","[PREMIUM]",,"HILLSBOROUGH","NJ","08844 4662","USA","USD","[PREMIUM]","[PREMIUM]","J090",false,"[PREMIUM]",,false,false,"[PREMIUM]",,,,,,,,"[PREMIUM]"
"60298876","2026-08-09 08:51:05.812","2026-08-18 08:57:38.034","60298876","2026-08-17 18:44:10.000","[PREMIUM]","91","NJ - SOMERVILLE","2026-08-18","TUESDAY","1000","EDT","2059","V",2005,"HONDA","ELEMENT","ELEMENT","4DR SPORT UTILITY","GREEN","WATER/FLOOD","TOP/ROOF","NJ","FS","YES","E",172523,"A","[PREMIUM]",5006.28,"2.4L 4","ALL WHEEL DRIVE","AUTOMATIC","GAS",4,"DEFAULT","Pure Sale","[PREMIUM]",,"HILLSBOROUGH","NJ","08844 4662","USA","USD","[PREMIUM]","[PREMIUM]","J070",false,"[PREMIUM]","LX",false,false,"[PREMIUM]",,,,,,,,"[PREMIUM]"
"58508696","2026-08-09 08:51:03.900","2026-08-14 04:12:25.584","58508696","2026-08-13 19:31:45.000","[PREMIUM]","91","NJ - SOMERVILLE","2026-08-14","FRIDAY","1000","EDT","2018","V",2008,"HONDA","CIVIC","CIVIC","SEDAN 4DR","SILVER","REAR END","SIDE","NJ","SC","YES","E",98354,"N","[PREMIUM]",6549,"1.8L 4","FRONT WHEEL DRIVE","AUTOMATIC","GAS",4,"DEFAULT","Pure Sale","[PREMIUM]",,"HILLSBOROUGH","NJ","08844 4662","USA","USD","[PREMIUM]","[PREMIUM]","K050",false,"[PREMIUM]","LX",false,false,"[PREMIUM]",,,,,,,,"[PREMIUM]"
"63650356","2026-08-09 08:50:27.184","2026-08-22 17:42:36.102","63650356","2026-08-05 07:01:13.000","[PREMIUM]","80","MN - MINNEAPOLIS NORTH",,,,"CDT","0","V",2010,"HONDA","CIVIC","CIVIC","SEDAN 4DR","RED","SIDE","REAR END","MN","ST","NO","E",0,"E","[PREMIUM]",5905,"1.8L 4","FRONT WHEEL DRIVE","AUTOMATIC","GAS",4,"DEFAULT","Pure Sale","[PREMIUM]","VEH LOC @ BUNKER SUBLOT     ","HAM LAKE","MN","55304 6921","USA","USD","[PREMIUM]","[PREMIUM]","BS170",false,"[PREMIUM]","LX",false,false,"[PREMIUM]",,,,,,,,"[PREMIUM]"
"62492966","2026-08-09 08:49:57.813","2026-08-22 17:42:05.794","62492966","2026-08-04 23:40:14.000","[PREMIUM]","74","TX - SAN ANTONIO",,,,"CDT","0","V",2006,"HONDA","ACCORD","ACCORD","SEDAN 4DR","SILVER","REAR END","MINOR DENT/SCRATCHES","TX","SV","YES","D",125893,"E","[PREMIUM]",8021.64,"2.4L 4","FRONT WHEEL DRIVE","AUTOMATIC","GAS",4,"Run & Drive Verified","Pure Sale","[PREMIUM]",,"SAN ANTONIO","TX","78224 3051","USA","USD","[PREMIUM]","[PREMIUM]","P060",false,"[PREMIUM]","SE",false,false,"[PREMIUM]",,,,,,,,"[PREMIUM]"
"60369526","2026-08-09 08:49:56.869","2026-08-22 17:42:04.464","60369526","2026-08-07 21:27:38.000","[PREMIUM]","74","TX - SAN ANTONIO",,,,"CDT","0","V",2012,"ACURA","TSX","TSX","SEDAN 4DR","BLACK","FRONT END","MINOR DENT/SCRATCHES","TX","SV","YES","D",146431,"A","[PREMIUM]",14185.44,"2.4L 4","FRONT WHEEL DRIVE","AUTOMATIC","GAS",4,"Run & Drive Verified","Pure Sale","[PREMIUM]",,"SAN ANTONIO","TX","78224 3051","USA","USD","[PREMIUM]","[PREMIUM]","M120",false,"[PREMIUM]",,false,false,"[PREMIUM]",,,,,,,,"[PREMIUM]"
"58618726","2026-08-09 08:49:56.185","2026-08-20 17:36:23.972","58618726","2026-08-20 11:00:36.000","[PREMIUM]","74","TX - SAN ANTONIO","2026-08-20","THURSDAY","1200","CDT","2039","V",2007,"HONDA","CIVIC","CIVIC","SEDAN 4D","BLUE","ALL OVER",,"TX","SV","YES","D",139588,"E","[PREMIUM]",12821.84,,,"AUTOMATIC",,,"Run & Drive Verified","On Minimum Bid","[PREMIUM]",,"SAN ANTONIO","TX","78224 3051","USA","USD","[PREMIUM]","[PREMIUM]","O040",false,"[PREMIUM]",,false,false,"[PREMIUM]",,,,,,,,"[PREMIUM]"
"61169676","2026-08-09 08:49:44.043","2026-08-22 17:41:48.519","61169676","2026-08-19 21:01:03.000","[PREMIUM]","68","CO - DENVER","2026-08-25","TUESDAY","1200","MDT","0","V",2011,"HONDA","PILOT","PILOT","4DR SPORT UTILITY","WHITE","REAR END",,"GA","ST","YES","D",231795,"A","[PREMIUM]",4032.08,"3.5L 6","FRONT WHEEL DRIVE","AUTOMATIC","GAS",6,"Run & Drive Verified","Pure Sale","[PREMIUM]",,"BRIGHTON","CO","80603 9337","USA","USD","[PREMIUM]","[PREMIUM]","A160",false,"[PREMIUM]","TOURING",false,false,"[PREMIUM]",,,,,,,,"[PREMIUM]"
"56169066","2026-08-09 08:49:42.340","2026-08-13 02:28:34.545","56169066","2026-08-10 22:53:29.000","[PREMIUM]","68","CO - DENVER","2026-08-13","THURSDAY","1200","MDT","0","V",2007,"HONDA","ELEMENT","ELEMENT","4DR SPORT UTILITY","RED","FRONT END","HAIL","CO","PS","YES",,198891,"A","[PREMIUM]",10842,"2.4L 4","ALL WHEEL DRIVE","AUTOMATIC","GAS",4,,"Pure Sale","[PREMIUM]",,"BRIGHTON","CO","80603 9337","USA","USD","[PREMIUM]","[PREMIUM]","E210",false,"[PREMIUM]","LX",false,false,"[PREMIUM]",,,,,,,,"[PREMIUM]"
"63031676","2026-08-09 08:49:20.472","2026-08-13 02:28:16.254","63031676","2026-08-12 14:18:35.000","[PREMIUM]","62","TX - AUSTIN","2026-08-13","THURSDAY","1200","CDT","0","V",2006,"HONDA","CRV","CR-V","4DR SPORT UTILITY","GOLD","ROLLOVER",,"TX","SV","YES","S",165080,"E","[PREMIUM]",0,"2.4L 4","FRONT WHEEL DRIVE","AUTOMATIC","GAS",4,"Vehicle Starts","Pure Sale","[PREMIUM]",,"NEW BRAUNFELS","TX","78130 7208","USA","USD","[PREMIUM]","[PREMIUM]","T100",false,"[PREMIUM]","LX",false,false,"[PREMIUM]",,,,,,,,"[PREMIUM]"
"59181766","2026-08-09 08:49:19.919","2026-08-13 02:28:15.511","59181766","2026-08-11 16:36:24.000","[PREMIUM]","62","TX - AUSTIN","2026-08-13","THURSDAY","1200","CDT","0","V",2007,"HONDA","ACCORD","ACCORD","SEDAN 4D","WHITE","FRONT END","SIDE","TX","SV","YES","D",134050,"E","[PREMIUM]",11071.77,,,"AUTOMATIC",,,"Run & Drive Verified","Pure Sale","[PREMIUM]",,"NEW BRAUNFELS","TX","78130 7208","USA","USD","[PREMIUM]","[PREMIUM]","A050",false,"[PREMIUM]",,false,false,"[PREMIUM]",,,,,,,,"[PREMIUM]"
"51847706","2026-08-09 08:49:12.246","2026-08-22 17:41:15.371","51847706","2026-08-21 17:49:20.000","[PREMIUM]","61","MI - DETROIT","2026-08-28","FRIDAY","1000","EDT","0","V",2004,"HONDA","ACCORD","ACCORD","SEDAN 4DR","SILVER","REAR END","FRONT END","OH","ST","YES","D",347399,"A","[PREMIUM]",1000,"2.4L 4","FRONT WHEEL DRIVE","AUTOMATIC","GAS",4,"Run & Drive Verified","Pure Sale","[PREMIUM]",,"WOODHAVEN","MI","48183 4366","USA","USD","[PREMIUM]","[PREMIUM]","L050",false,"[PREMIUM]","EX",false,false,"[PREMIUM]",,,,,,,,"[PREMIUM]"
"64704956","2026-08-09 08:48:45.436","2026-08-22 17:40:47.944","64704956","2026-08-21 15:29:00.000","[PREMIUM]","880","*NCS - EASTERN REGION","2026-08-25","TUESDAY","2100","EDT","0","V",2018,"MERCEDES-BENZ","S-CLASS","S","SEDAN","BLACK","NORMAL WEAR","MINOR DENT/SCRATCHES","NY","CT","YES","D",165553,"A","[PREMIUM]",0,"4.0L 8","ALL WHEEL DRIVE","AUTOMATIC","GAS",8,"Run & Drive Verified","On Minimum Bid","[PREMIUM]",,"NORTH BILLERICA","MA","01862 1632","USA","USD","[PREMIUM]","[PREMIUM]","*OFF",true,"[PREMIUM]","560 4MATIC",false,false,"[PREMIUM]","55R HIGH STREET","MA","NORTH BILLERICA","01862",,,,"[PREMIUM]"
"61401556","2026-08-09 08:48:32.783","2026-08-17 02:54:54.689","61401556","2026-08-14 20:36:41.000","[PREMIUM]","51","IL - PEORIA","2026-08-17","MONDAY","1200","CDT","2038","V",2007,"HONDA","ACCORD","ACCORD","SEDAN 4DR","GOLD","WATER/FLOOD",,"CO","SK","YES","E",182273,"A","[PREMIUM]",4231,"3.0L 6","FRONT WHEEL DRIVE","AUTOMATIC","GAS",6,"DEFAULT","Pure Sale","[PREMIUM]",,"PEKIN","IL","61554 8611","USA","USD","[PREMIUM]","[PREMIUM]","C060",false,"[PREMIUM]","EX",false,false,"[PREMIUM]",,,,,,,,"[PREMIUM]"
"61214516","2026-08-09 08:48:32.657","2026-08-22 17:40:35.625","61214516","2026-08-21 20:57:54.000","[PREMIUM]","51","IL - PEORIA","2026-08-31","MONDAY","1200","CDT","16","V",2012,"HONDA","ACCORD","ACCORD","SEDAN 4DR","BURGUNDY","FRONT END",,"IL","SC","YES","D",163419,"A","[PREMIUM]",6689,"3.5L 6","FRONT WHEEL DRIVE","AUTOMATIC","GAS",6,"Run & Drive Verified","Pure Sale","[PREMIUM]",,"PEKIN","IL","61554 8611","USA","USD","[PREMIUM]","[PREMIUM]","C090",false,"[PREMIUM]","EXL",false,false,"[PREMIUM]",,,,,,,,"[PREMIUM]"
"59215786","2026-08-09 08:48:30.961","2026-08-22 17:40:34.144","59215786","2026-08-21 20:58:40.000","[PREMIUM]","51","IL - PEORIA","2026-08-24","MONDAY","1200","CDT","3303","V",2008,"HONDA","RIDGELINE","RIDGELINE","CREW PICKUP","WHITE","FRONT END",,"IL","SC","YES","D",129982,"A","[PREMIUM]",8503.28,"3.5L 6","4X4 W/FRONT WHL DRV","AUTOMATIC","GAS",6,"Run & Drive Verified","Pure Sale","[PREMIUM]",,"PEKIN","IL","61554 8611","USA","USD","[PREMIUM]","[PREMIUM]","D110",false,"[PREMIUM]","RTX",false,false,"[PREMIUM]",,,,,,,,"[PREMIUM]"
"61175736","2026-08-09 08:48:14.535","2026-08-20 17:34:23.979","61175736","2026-08-17 16:35:12.000","[PREMIUM]","44","IN - INDIANAPOLIS","2026-08-21","FRIDAY","1000","EDT","0","V",2011,"HONDA","CIVIC","CIVIC","SEDAN 4DR","WHITE","FRONT END",,"IN","ST","YES","D",257505,"A","[PREMIUM]",7195.48,"1.8L 4","FRONT WHEEL DRIVE","AUTOMATIC","GAS",4,"Run & Drive Verified","Pure Sale","[PREMIUM]",,"INDIANAPOLIS","IN","46254 2452","USA","USD","[PREMIUM]","[PREMIUM]","HH070",false,"[PREMIUM]","EX",false,false,"[PREMIUM]",,,,,,,,"[PREMIUM]"
"63291516","2026-08-09 08:48:07.337","2026-08-22 17:40:06.151","63291516","2026-08-17 13:08:13.000","[PREMIUM]","41","NC - CHINA GROVE","2026-08-24","MONDAY","1000","EDT","45","V",2015,"ACURA","RDX","RDX","4DR SPORT UTILITY","BLACK","SIDE","FRONT END","NC","SC","YES","D",215458,"A","[PREMIUM]",4692.1,"3.5L 6","ALL WHEEL DRIVE","AUTOMATIC","GAS",6,"Run & Drive Verified","Pure Sale","[PREMIUM]",,"CHINA GROVE","NC","28023 9223","USA","USD","[PREMIUM]","[PREMIUM]","X250",false,"[PREMIUM]",,false,false,"[PREMIUM]",,,,,,,,"[PREMIUM]"
"63029286","2026-08-09 08:48:07.263","2026-08-22 17:40:06.045","63029286","2026-08-17 13:08:13.000","[PREMIUM]","41","NC - CHINA GROVE","2026-08-24","MONDAY","1000","EDT","30","V",2012,"HONDA","ACCORD","ACCORD","SEDAN 4DR","GRAY","SIDE","FRONT END","NC","SC","YES","D",171285,"A","[PREMIUM]",7620,"3.5L 6","FRONT WHEEL DRIVE","AUTOMATIC","GAS",6,"Run & Drive Verified","Pure Sale","[PREMIUM]",,"CHINA GROVE","NC","28023 9223","USA","USD","[PREMIUM]","[PREMIUM]","X280",false,"[PREMIUM]","EXL",false,false,"[PREMIUM]",,,,,,,,"[PREMIUM]"
"62951406","2026-08-09 08:48:07.207","2026-08-22 17:40:06.031","62951406","2026-08-17 13:08:13.000","[PREMIUM]","41","NC - CHINA GROVE","2026-08-24","MONDAY","1000","EDT","69","V",2008,"HONDA","CRV","CR-V","4DR SPORT UTILITY","GOLD","FRONT END","REAR END","NC","SC","YES","D",210181,"A","[PREMIUM]",2963.28,"2.4L 4","FRONT WHEEL DRIVE","AUTOMATIC","GAS",4,"Run & Drive Verified","Pure Sale","[PREMIUM]",,"CHINA GROVE","NC","28023 9223","USA","USD","[PREMIUM]","[PREMIUM]","W280",false,"[PREMIUM]","EX",false,false,"[PREMIUM]",,,,,,,,"[PREMIUM]"
"62575596","2026-08-09 08:48:07.102","2026-08-22 17:40:05.892","62575596","2026-08-17 13:08:13.000","[PREMIUM]","41","NC - CHINA GROVE","2026-08-24","MONDAY","1000","EDT","1115","V",2013,"HONDA","PILOT","PILOT","4DR SPORT UTILITY","BLACK","ROLLOVER",,"NC","SC","YES","E",0,"N","[PREMIUM]",25520.57,"3.5L 6","ALL WHEEL DRIVE","AUTOMATIC","GAS",6,"DEFAULT","Pure Sale","[PREMIUM]",,"CHINA GROVE","NC","28023 9223","USA","USD","[PREMIUM]","[PREMIUM]","Y340",false,"[PREMIUM]","EXL",false,false,"[PREMIUM]",,,,,,,,"[PREMIUM]"
"59088056","2026-08-09 08:48:05.873","2026-08-22 17:40:04.756","59088056","2026-08-15 20:22:13.000","[PREMIUM]","41","NC - CHINA GROVE",,,,"EDT","0","V",2012,"HONDA","ACCORD","ACCORD","SEDAN 4DR","GRAY","REAR END",,"NC","SC","YES","D",209240,"A","[PREMIUM]",5986.42,"3.5L 6","FRONT WHEEL DRIVE","AUTOMATIC","GAS",6,"Run & Drive Verified","Pure Sale","[PREMIUM]",,"CHINA GROVE","NC","28023 9223","USA","USD","[PREMIUM]","[PREMIUM]","W310",false,"[PREMIUM]","EXL",false,false,"[PREMIUM]",,,,,,,,"[PREMIUM]"
"63513786","2026-08-09 08:47:55.073","2026-08-22 17:39:50.361","63513786","2026-08-04 21:42:13.000","[PREMIUM]","36","IL - CHICAGO NORTH",,,,"CDT","0","V",2005,"HONDA","ACCORD","ACCORD","SEDAN 4DR","BLUE","FRONT END",,"IL","SC","YES","S",191171,"A","[PREMIUM]",10150.59,"2.4L 4","FRONT WHEEL DRIVE","MANUAL","GAS",4,"Vehicle Starts","Pure Sale","[PREMIUM]",,"ELGIN","IL","60120 7419","USA","USD","[PREMIUM]","[PREMIUM]","L230",false,"[PREMIUM]","LX",false,false,"[PREMIUM]",,,,,,,,"[PREMIUM]"
"63060526","2026-08-09 08:47:54.071","2026-08-22 17:39:48.800","63060526","2026-08-04 22:38:36.000","[PREMIUM]","36","IL - CHICAGO NORTH",,,,"CDT","0","V",2003,"HONDA","PILOT","PILOT","4DR SPORT UTILITY","SILVER","REAR END",,"IL","SC","YES","D",195283,"E","[PREMIUM]",3464,"3.5L 6","ALL WHEEL DRIVE","AUTOMATIC","GAS",6,"Run & Drive Verified","Pure Sale","[PREMIUM]",,"ELGIN","IL","60120 7419","USA","USD","[PREMIUM]","[PREMIUM]","H260",false,"[PREMIUM]","EX",false,false,"[PREMIUM]",,,,,,,,"[PREMIUM]"
"62624396","2026-08-09 08:47:53.007","2026-08-22 17:39:47.115","62624396","2026-08-04 22:39:33.000","[PREMIUM]","36","IL - CHICAGO NORTH",,,,"CDT","0","V",2009,"HONDA","ACCORD","ACCORD","SEDAN 4DR","MAROON","SIDE","FRONT END","IL","SC","YES","D",206634,"A","[PREMIUM]",5349.57,"3.5L 6","FRONT WHEEL DRIVE","AUTOMATIC","GAS",6,"Run & Drive Verified","Pure Sale","[PREMIUM]",,"ELGIN","IL","60120 7419","USA","USD","[PREMIUM]","[PREMIUM]","C150",false,"[PREMIUM]","EXL",false,false,"[PREMIUM]",,,,,,,,"[PREMIUM]"
"61964996","2026-08-09 08:47:51.457","2026-08-22 17:39:44.987","61964996","2026-08-04 22:27:44.000","[PREMIUM]","36","IL - CHICAGO NORTH",,,,"CDT","0","V",2012,"HONDA","PILOT","PILOT","4DR SPORT UTILITY","GRAY","HAIL",,"IL","SC","YES","D",176428,"A","[PREMIUM]",6183.75,"3.5L 6","ALL WHEEL DRIVE","AUTOMATIC","GAS",6,"Run & Drive Verified","Pure Sale","[PREMIUM]",,"ELGIN","IL","60120 7419","USA","USD","[PREMIUM]","[PREMIUM]","A140",false,"[PREMIUM]","EXL",false,false,"[PREMIUM]",,,,,,,,"[PREMIUM]"
"61907706","2026-08-09 08:47:51.218","2026-08-22 17:39:44.723","61907706","2026-08-05 15:52:54.000","[PREMIUM]","36","IL - CHICAGO NORTH",,,,"CDT","0","V",2007,"HONDA","PILOT","PILOT","4DR SPORT UTILITY","GRAY","FRONT END",,"IL","SC","YES","D",201385,"A","[PREMIUM]",3019,"3.5L 6","ALL WHEEL DRIVE","AUTOMATIC","GAS",6,"Run & Drive Verified","Pure Sale","[PREMIUM]",,"ELGIN","IL","60120 7419","USA","USD","[PREMIUM]","[PREMIUM]","M270",false,"[PREMIUM]","EX",false,false,"[PREMIUM]",,,,,,,,"[PREMIUM]"
"61226086","2026-08-09 08:47:49.083","2026-08-22 17:39:42.591","61226086","2026-08-04 22:42:53.000","[PREMIUM]","36","IL - CHICAGO NORTH",,,,"CDT","0","V",2005,"HONDA","ACCORD","ACCORD","SEDAN 4DR","SILVER","FRONT END",,"IL","SC","YES","E",0,"E","[PREMIUM]",6286.28,"3.0L 6","FRONT WHEEL DRIVE","AUTOMATIC","GAS",6,"DEFAULT","Pure Sale","[PREMIUM]",,"ELGIN","IL","60120 7419","USA","USD","[PREMIUM]","[PREMIUM]","J200",false,"[PREMIUM]","EX",false,false,"[PREMIUM]",,,,,,,,"[PREMIUM]"
"60845296","2026-08-09 08:47:47.808","2026-08-22 17:39:41.516","60845296","2026-08-04 19:08:13.000","[PREMIUM]","36","IL - CHICAGO NORTH",,,,"CDT","0","V",2004,"HONDA","ELEMENT","ELEMENT","4DR SPORT UTILITY","ORANGE","FRONT END","SIDE","IN","ST","YES","D",166980,"A","[PREMIUM]",5903,"2.4L 4","ALL WHEEL DRIVE","AUTOMATIC","GAS",4,"Run & Drive Verified","Pure Sale","[PREMIUM]",,"ELGIN","IL","60120 7419","USA","USD","[PREMIUM]","[PREMIUM]","K150",false,"[PREMIUM]","EX",false,false,"[PREMIUM]",,,,,,,,"[PREMIUM]"
"57025936","2026-08-09 08:47:39.426","2026-08-22 17:39:35.050","57025936","2026-08-04 22:40:28.000","[PREMIUM]","36","IL - CHICAGO NORTH",,,,"CDT","0","V",2011,"HONDA","ACCORD","ACCORD","SEDAN 4DR","SILVER","SIDE","FRONT END","IL","SC","YES","E",0,"N","[PREMIUM]",0,"3.5L 6","FRONT WHEEL DRIVE","AUTOMATIC","GAS",6,"DEFAULT","Pure Sale","[PREMIUM]",,"ELGIN","IL","60120 7419","USA","USD","[PREMIUM]","[PREMIUM]","A220",false,"[PREMIUM]","EXL",false,false,"[PREMIUM]",,,,,,,,"[PREMIUM]"
"99729575","2026-08-09 08:47:26.745","2026-08-20 17:33:17.825","99729575","2026-08-19 23:02:27.000","[PREMIUM]","32","DC - WASHINGTON DC","2026-08-21","FRIDAY","1000","EDT","2559","V",2009,"HONDA","ACCORD","ACCORD","SEDAN 4D","GRAY","ALL OVER",,"GA","ST","YES","E",166620,"E","[PREMIUM]",13949.36,"2.4L  4","Front-wheel Drive","AUTOMATIC","GAS",4,"DEFAULT","Pure Sale","[PREMIUM]",,"WALDORF","MD","20602 3455","USA","USD","[PREMIUM]","[PREMIUM]","2H070",false,"[PREMIUM]","LX",false,false,"[PREMIUM]",,,,,,,,"[PREMIUM]"
"62490946","2026-08-09 08:47:25.923","2026-08-18 08:53:51.775","62490946","2026-08-16 12:40:24.000","[PREMIUM]","32","DC - WASHINGTON DC","2026-08-18","TUESDAY","1000","EDT","2529","V",2008,"ACURA","RL","RL","SEDAN 4DR","BLACK","ALL OVER","UNDERCARRIAGE","MD","S1","NO","E",260607,"E","[PREMIUM]",31748.9,"3.5L 6","ALL WHEEL DRIVE","AUTOMATIC","GAS",6,"DEFAULT","Pure Sale","[PREMIUM]",,"WALDORF","MD","20602 3455","USA","USD","[PREMIUM]","[PREMIUM]","D010",false,"[PREMIUM]",,false,false,"[PREMIUM]",,,,,,,,"[PREMIUM]"
"54750066","2026-08-09 08:47:22.863","2026-08-22 17:39:19.241","54750066","2026-08-06 19:52:07.000","[PREMIUM]","32","DC - WASHINGTON DC",,,,"EDT","0","V",2010,"HONDA","ACCORD","ACCORD","COUPE","GRAY","REAR END","FRONT END","MD","S1","YES","D",181767,"N","[PREMIUM]",4819.09,"2.4L 4","FRONT WHEEL DRIVE","AUTOMATIC","GAS",4,"Run & Drive Verified","Pure Sale","[PREMIUM]",,"WALDORF","MD","20602 3455","USA","USD","[PREMIUM]","[PREMIUM]","E080",false,"[PREMIUM]","LX",false,false,"[PREMIUM]",,,,,,,,"[PREMIUM]"
"62765226","2026-08-09 08:46:47.857","2026-08-22 17:38:32.472","62765226","2026-08-04 22:16:32.000","[PREMIUM]","21","AR - LITTLE ROCK",,,,"CDT","0","V",2016,"ACURA","RDX","RDX","4DR SPORT UTILITY","BLACK","SIDE","MINOR DENT/SCRATCHES","AR","ST","YES","D",77056,"A","[PREMIUM]",9545.94,"3.5L 6","ALL WHEEL DRIVE","AUTOMATIC","GAS",6,"Run & Drive Verified","Pure Sale","[PREMIUM]",,"CONWAY","AR","72032","USA","USD","[PREMIUM]","[PREMIUM]","B090",false,"[PREMIUM]","TECHNOLOGY",false,false,"[PREMIUM]",,,,,,,,"[PREMIUM]"
"59272796","2026-08-09 08:46:46.291","2026-08-22 17:38:30.923","59272796","2026-08-21 13:05:41.000","[PREMIUM]","21","AR - LITTLE ROCK","2026-08-26","WEDNESDAY","1200","CDT","0","V",2011,"HONDA","CRV","CR-V","4DR SPORT UTILITY","WHITE","FRONT END","REAR END","AR","ST","YES","D",172207,"A","[PREMIUM]",6755.74,"2.4L 4","FRONT WHEEL DRIVE","AUTOMATIC","GAS",4,"Run & Drive Verified","Pure Sale","[PREMIUM]",,"CONWAY","AR","72032","USA","USD","[PREMIUM]","[PREMIUM]","N080",false,"[PREMIUM]","EX",false,false,"[PREMIUM]",,,,,,,,"[PREMIUM]"
"47027356","2026-08-09 08:46:39.188","2026-08-18 08:53:01.210","47027356","2026-08-14 15:59:28.000","[PREMIUM]","20","MO - ST. LOUIS","2026-08-18","TUESDAY","1200","CDT","0","V",2012,"HONDA","ACCORD","ACCORD","SEDAN 4DR","WHITE","SIDE",,"MO","SC","YES","D",152361,"A","[PREMIUM]",0,"2.4L 4","FRONT WHEEL DRIVE","AUTOMATIC","GAS",4,"Run & Drive Verified","Pure Sale","[PREMIUM]",,"BRIDGETON","MO","63044 1418","USA","USD","[PREMIUM]","[PREMIUM]","D140",false,"[PREMIUM]","EXL",false,false,"[PREMIUM]",,,,,,,,"[PREMIUM]"
"46490436","2026-08-09 08:46:39.125","2026-08-18 08:53:01.200","46490436","2026-08-13 16:08:16.000","[PREMIUM]","20","MO - ST. LOUIS","2026-08-18","TUESDAY","1200","CDT","0","V",2012,"HONDA","INSIGHT","INSIGHT","HATCHBACK 4DR","SILVER","REAR END","MINOR DENT/SCRATCHES","MO","SC","YES","D",230747,"A","[PREMIUM]",7965.22,"1.3L 4","FRONT WHEEL DRIVE","AUTOMATIC","ELECTRIC AND GAS HYBRID",4,"Run & Drive Verified","Pure Sale","[PREMIUM]",,"BRIDGETON","MO","63044 1418","USA","USD","[PREMIUM]","[PREMIUM]","C150",false,"[PREMIUM]","EX",false,false,"[PREMIUM]",,,,,,,,"[PREMIUM]"
"59097846","2026-08-09 08:46:37.453","2026-08-19 14:52:57.949","59097846","2026-08-18 15:34:35.000","[PREMIUM]","19","OK - TULSA","2026-08-19","WEDNESDAY","1200","CDT","94","V",2007,"HONDA","ACCORD","ACCORD","COUPE","GRAY","FRONT END","SIDE","OK","ST","YES","D",215204,"E","[PREMIUM]",7567.57,"2.4L 4","FRONT WHEEL DRIVE","AUTOMATIC","GAS",4,"Run & Drive Verified","Pure Sale","[PREMIUM]",,"TULSA","OK","74107 3402","USA","USD","[PREMIUM]","[PREMIUM]","D010",false,"[PREMIUM]",,false,false,"[PREMIUM]",,,,,,,,"[PREMIUM]"
"63301586","2026-08-09 08:46:35.475","2026-08-18 08:52:57.278","63301586","2026-08-17 16:43:46.000","[PREMIUM]","18","OK - OKLAHOMA CITY","2026-08-18","TUESDAY","1200","CDT","31","V",2004,"HONDA","ELEMENT","ELEMENT","4DR SPORT UTILITY","BLACK","REAR END","FRONT END","OK","ST","YES","D",315574,"E","[PREMIUM]",4035.88,"2.4L 4","ALL WHEEL DRIVE","AUTOMATIC","GAS",4,"Run & Drive Verified","Pure Sale","[PREMIUM]","VEH LOC @ MOORE SUBLOT      ","OKLAHOMA CITY","OK","73129 8450","USA","USD","[PREMIUM]","[PREMIUM]","2B070",false,"[PREMIUM]","EX",false,false,"[PREMIUM]",,,,,,,,"[PREMIUM]"
"61055966","2026-08-09 08:46:33.761","2026-08-18 08:52:55.791","61055966","2026-08-17 16:43:46.000","[PREMIUM]","18","OK - OKLAHOMA CITY","2026-08-18","TUESDAY","1200","CDT","110","V",2010,"HONDA","ACCORD","ACCORD","COUPE","BLACK","FRONT END",,"OK","ST","YES","D",203970,"E","[PREMIUM]",10842.93,"2.4L 4","FRONT WHEEL DRIVE","AUTOMATIC","GAS",4,"Run & Drive Verified","Pure Sale","[PREMIUM]",,"OKLAHOMA CITY","OK","73129 8450","USA","USD","[PREMIUM]","[PREMIUM]","BB050",false,"[PREMIUM]","EX",false,false,"[PREMIUM]",,,,,,,,"[PREMIUM]"
"58110486","2026-08-09 08:46:32.442","2026-08-22 17:38:17.843","58110486","2026-08-19 19:45:23.000","[PREMIUM]","18","OK - OKLAHOMA CITY","2026-08-25","TUESDAY","1200","CDT","0","V",2011,"HONDA","CIVIC","CIVIC","SEDAN 4DR","BLUE","FRONT END","MINOR DENT/SCRATCHES","OK","ST","YES","D",154327,"A","[PREMIUM]",4150.7,"1.8L 4","FRONT WHEEL DRIVE","AUTOMATIC","GAS",4,"Run & Drive Verified","Pure Sale","[PREMIUM]","VEH LOC @ MOORE SUBLOT      ","OKLAHOMA CITY","OK","73129 8450","USA","USD","[PREMIUM]","[PREMIUM]","2B040",false,"[PREMIUM]","EX",false,false,"[PREMIUM]",,,,,,,,"[PREMIUM]"
"63193716","2026-08-09 08:46:29.523","2026-08-20 17:32:08.059","63193716","2026-08-20 16:58:42.000","[PREMIUM]","15","GA - ATLANTA WEST","2026-08-21","FRIDAY","1000","EDT","61","V",2012,"HONDA","ACCORD","ACCORD","COUPE","GRAY","SIDE","FRONT END","GA","ST","YES","D",79579,"A","[PREMIUM]",6127.8,"3.5L 6","FRONT WHEEL DRIVE","AUTOMATIC","GAS",6,"Run & Drive Verified","Pure Sale","[PREMIUM]",,"AUSTELL","GA","30168","USA","USD","[PREMIUM]","[PREMIUM]","SG050",false,"[PREMIUM]","EXL",false,false,"[PREMIUM]",,,,,,,,"[PREMIUM]"
"63116146","2026-08-09 08:46:29.469","2026-08-20 17:32:07.984","63116146","2026-08-20 16:58:42.000","[PREMIUM]","15","GA - ATLANTA WEST","2026-08-21","FRIDAY","1000","EDT","2309","V",2012,"HONDA","PILOT","PILOT","4DR SPORT UTILITY","BLUE","SIDE","FRONT END","GA","ST","YES","D",144719,"A","[PREMIUM]",0,"3.5L 6","FRONT WHEEL DRIVE","AUTOMATIC","GAS",6,"Run & Drive Verified","Pure Sale","[PREMIUM]",,"AUSTELL","GA","30168","USA","USD","[PREMIUM]","[PREMIUM]","J010",false,"[PREMIUM]","EXL",false,false,"[PREMIUM]",,,,,,,,"[PREMIUM]"
"61009466","2026-08-09 08:46:28.374","2026-08-20 17:32:06.467","61009466","2026-08-20 16:58:42.000","[PREMIUM]","15","GA - ATLANTA WEST","2026-08-21","FRIDAY","1000","EDT","2346","V",2010,"ACURA","TSX","TSX","SEDAN 4DR","WHITE","FRONT END",,"GA","ST","YES","D",123120,"A","[PREMIUM]",7322,"2.4L 4","FRONT WHEEL DRIVE","AUTOMATIC","GAS",4,"Run & Drive Verified","Pure Sale","[PREMIUM]",,"AUSTELL","GA","30168","USA","USD","[PREMIUM]","[PREMIUM]","D030",false,"[PREMIUM]",,false,false,"[PREMIUM]",,,,,,,,"[PREMIUM]"
"54475236","2026-08-09 08:46:26.644","2026-08-20 17:32:04.061","54475236","2026-08-20 16:58:42.000","[PREMIUM]","15","GA - ATLANTA WEST","2026-08-21","FRIDAY","1000","EDT","3256","V",2012,"HONDA","FIT","FIT","HATCHBACK 4DR","SILVER","FRONT END",,"GA","ST","YES","D",79402,"A","[PREMIUM]",8599,"1.5L 4","FRONT WHEEL DRIVE","AUTOMATIC","GAS",4,"Run & Drive Verified","Pure Sale","[PREMIUM]",,"AUSTELL","GA","30168","USA","USD","[PREMIUM]","[PREMIUM]","I020",false,"[PREMIUM]","SPORT",false,false,"[PREMIUM]",,,,,,,,"[PREMIUM]"
"62913936","2026-08-09 08:46:26.038","2026-08-17 02:52:46.962","62913936","2026-08-13 20:10:05.000","[PREMIUM]","14","TX - LONGVIEW","2026-08-17","MONDAY","1200","CDT","28","V",2011,"HONDA","CIVIC","CIVIC","COUPE","BLACK","FRONT END","MINOR DENT/SCRATCHES","TX","SV","YES","D",150891,"A","[PREMIUM]",4747.77,"1.8L 4","FRONT WHEEL DRIVE","AUTOMATIC","GAS",4,"Run & Drive Verified","Pure Sale","[PREMIUM]",,"LONGVIEW","TX","75603 7006","USA","USD","[PREMIUM]","[PREMIUM]","A030",false,"[PREMIUM]","EX",false,false,"[PREMIUM]",,,,,,,,"[PREMIUM]"
"62869056","2026-08-09 08:46:22.804","2026-08-22 17:38:05.516","62869056","2026-08-04 23:49:19.000","[PREMIUM]","12","TX - DALLAS",,,,"CDT","0","V",2015,"ACURA","ILX","ILX","SEDAN 4DR","SILVER","SIDE","FRONT END","TX","CT","YES","D",96245,"A","[PREMIUM]",9997.96,"2.0L 4","FRONT WHEEL DRIVE","AUTOMATIC","GAS",4,"Run & Drive Verified","Pure Sale","[PREMIUM]",,"GRAND PRAIRIE","TX","75051 2410","USA","USD","[PREMIUM]","[PREMIUM]","F070",false,"[PREMIUM]","20",false,false,"[PREMIUM]",,,,,,,,"[PREMIUM]"
"61044896","2026-08-09 08:46:20.970","2026-08-17 02:52:40.745","61044896","2026-08-14 19:53:48.000","[PREMIUM]","12","TX - DALLAS","2026-08-17","MONDAY","1200","CDT","104","V",2014,"HONDA","PILOT","PILOT","4DR SPOR","GRAY","FRONT END",,"TX","SV","YES","D",235867,"A","[PREMIUM]",7955.06,,,"AUTOMATIC",,,"Run & Drive Verified","Pure Sale","[PREMIUM]",,"GRAND PRAIRIE","TX","75051 2410","USA","USD","[PREMIUM]","[PREMIUM]","F190",false,"[PREMIUM]",,false,false,"[PREMIUM]",,,,,,,,"[PREMIUM]"
"56310096","2026-08-09 08:46:15.607","2026-08-22 17:38:00.110","56310096","2026-08-07 13:52:08.000","[PREMIUM]","12","TX - DALLAS",,,,"CDT","0","V",2010,"HONDA","CIVIC","CIVIC","SEDAN 4DR","WHITE","FRONT END","DAMAGE HISTORY","TX","BV","YES","D",222316,"E","[PREMIUM]",2399,"1.8L 4","FRONT WHEEL DRIVE","AUTOMATIC","GAS",4,"Run & Drive Verified","On Minimum Bid","[PREMIUM]",,"GRAND PRAIRIE","TX","75051 2410","USA","USD","[PREMIUM]","[PREMIUM]","E180",false,"[PREMIUM]","LX",false,false,"[PREMIUM]",,,,,,,,"[PREMIUM]"
"56350316","2026-08-09 08:46:15.598","2026-08-22 17:38:00.132","56350316","2026-08-04 23:53:29.000","[PREMIUM]","12","TX - DALLAS",,,,"CDT","0","V",2012,"HONDA","ACCORD","ACCORD","SEDAN 4DR","MAROON","FRONT END","REAR END","TX","SV","YES","D",149043,"A","[PREMIUM]",0,"2.4L 4","FRONT WHEEL DRIVE","AUTOMATIC","GAS",4,"Run & Drive Verified","Pure Sale","[PREMIUM]",,"GRAND PRAIRIE","TX","75051 2410","USA","USD","[PREMIUM]","[PREMIUM]","M180",false,"[PREMIUM]","LX",false,false,"[PREMIUM]",,,,,,,,"[PREMIUM]"
"49388336","2026-08-09 08:46:13.113","2026-08-17 02:52:32.762","49388336","2026-08-14 19:53:49.000","[PREMIUM]","12","TX - DALLAS","2026-08-17","MONDAY","1200","CDT","3075","V",2012,"HONDA","ACCORD","ACCORD","SEDAN 4DR","GRAY","FRONT END","SIDE","TX","SV","YES","E",199995,"A","[PREMIUM]",9157.65,"2.4L 4","FRONT WHEEL DRIVE","AUTOMATIC","GAS",4,"DEFAULT","Pure Sale","[PREMIUM]",,"GRAND PRAIRIE","TX","75051 2410","USA","USD","[PREMIUM]","[PREMIUM]","D030",false,"[PREMIUM]","LXP",false,false,"[PREMIUM]",,,,,,,,"[PREMIUM]"
"62786516","2026-08-09 08:46:10.932","2026-08-21 12:44:42.136","62786516","2026-08-20 23:45:09.000","[PREMIUM]","11","TX - HOUSTON","2026-08-21","FRIDAY","1200","CDT","5135","V",2013,"HONDA","FIT","FIT","HATCHBACK 4DR","RED","WATER/FLOOD",,"TX","FV","YES","E",132846,"A","[PREMIUM]",5087.2,"1.5L 4","FRONT WHEEL DRIVE","AUTOMATIC","GAS",4,"DEFAULT","On Minimum Bid","[PREMIUM]",,"HOUSTON","TX","77073 4903","USA","USD","[PREMIUM]","[PREMIUM]","GF010",false,"[PREMIUM]",,false,false,"[PREMIUM]",,,,,,,,"[PREMIUM]"
"61419416","2026-08-09 08:46:09.578","2026-08-14 04:07:54.018","61419416","2026-08-13 22:19:11.000","[PREMIUM]","11","TX - HOUSTON","2026-08-14","FRIDAY","1200","CDT","4363","V",2011,"HONDA","ACCORD","ACCORD","SEDAN 4DR","SILVER","FRONT END","SIDE","TX","SV","YES","D",165223,"A","[PREMIUM]",5248.71,"2.4L 4","FRONT WHEEL DRIVE","AUTOMATIC","GAS",4,"Run & Drive Verified","Pure Sale","[PREMIUM]",,"HOUSTON","TX","77073 4903","USA","USD","[PREMIUM]","[PREMIUM]","SF010",false,"[PREMIUM]","SE",false,false,"[PREMIUM]",,,,,,,,"[PREMIUM]"
"57722056","2026-08-09 08:45:53.415","2026-08-11 20:31:03.355","57722056","2026-08-11 19:17:16.000","[PREMIUM]","9","OR - PORTLAND NORTH","2026-08-12","WEDNESDAY","1200","PDT","86","V",2013,"HONDA","FIT","FIT","HATCHBACK 4DR","BLACK","FRONT END","UNDERCARRIAGE","OR","SC","YES","D",54984,"A","[PREMIUM]",12658.9,"1.5L 4","FRONT WHEEL DRIVE","AUTOMATIC","GAS",4,"Run & Drive Verified","Pure Sale","[PREMIUM]",,"PORTLAND","OR","97218","USA","USD","[PREMIUM]","[PREMIUM]","SH002",false,"[PREMIUM]",,false,false,"[PREMIUM]",,,,,,,,"[PREMIUM]"
"54469746","2026-08-09 08:45:51.933","2026-08-22 17:37:29.271","54469746","2026-08-13 00:13:50.000","[PREMIUM]","9","OR - PORTLAND NORTH",,,,"PDT","0","V",2012,"HONDA","ACCORD","ACCORD",,"CHARCOAL","FRONT END",,"OR","LS","NO","E",214019,"A","[PREMIUM]",7481,,,"AUTOMATIC",,,"DEFAULT","On Minimum Bid","[PREMIUM]",,"PORTLAND","OR","97218","USA","USD","[PREMIUM]","[PREMIUM]","SG003",false,"[PREMIUM]","EXL",false,false,"[PREMIUM]",,,,,,,,"[PREMIUM]"
"58562196","2026-08-09 02:58:01.785","2026-08-13 14:31:56.355","58562196","2026-08-12 22:35:07.000","[PREMIUM]","369","KS - KANSAS CITY","2026-08-13","THURSDAY","1200","CDT","43","V",2016,"TOYOTA","TACOMA","TACOMA",,"RED","FRONT END","UNDERCARRIAGE","FL","RB","YES","D",141197,"A","[PREMIUM]",19546.77,,,"AUTOMATIC",,,"Run & Drive Verified","Pure Sale","[PREMIUM]",,"KANSAS CITY","KS","66111 2629","USA","USD","[PREMIUM]","[PREMIUM]","E100",false,"[PREMIUM]","TRD OFF ROAD",false,false,"[PREMIUM]",,,,,,,,"[PREMIUM]"
"56928556","2026-08-09 02:57:53.745","2026-08-17 03:03:16.346","56928556","2026-08-11 16:46:55.000","[PREMIUM]","366","FL - CLEWISTON","2026-08-17","MONDAY","1000","EDT","0","V",2018,"MAZDA","3","3","SEDAN","RED","FRONT END","SIDE","FL","RB","NO","E",0,"N","[PREMIUM]",12855.2,"2.5L 4","FRONT WHEEL DRIVE","AUTOMATIC","GAS",4,"DEFAULT","Pure Sale","[PREMIUM]",,"CLEWISTON","FL","33440","USA","USD","[PREMIUM]","[PREMIUM]","I070",false,"[PREMIUM]","TOURING",false,false,"[PREMIUM]",,,,,,,,"[PREMIUM]"
"56856536","2026-08-09 02:57:53.734","2026-08-17 03:03:16.344","56856536","2026-08-11 13:07:32.000","[PREMIUM]","366","FL - CLEWISTON","2026-08-17","MONDAY","1000","EDT","0","V",2021,"NISSAN","VERSA","VERSA","SEDAN","GRAY","WATER/FLOOD",,"FL","CD","YES","D",101800,"A","[PREMIUM]",7390,"1.6L 4","FRONT WHEEL DRIVE","AUTOMATIC","GAS",4,"Run & Drive Verified","Pure Sale","[PREMIUM]",,"CLEWISTON","FL","33440","USA","USD","[PREMIUM]","[PREMIUM]","J070",false,"[PREMIUM]","SV",false,false,"[PREMIUM]",,,,,,,,"[PREMIUM]"
"63844576","2026-08-09 02:57:19.202","2026-08-22 17:48:53.494","63844576","2026-08-08 22:18:02.000","[PREMIUM]","348","FL - PUNTA GORDA",,,,"EDT","0","V",2019,"CHEVROLET","TRAVERSE","TRAVERSE","SPORT UTILITY VEHICLE","BLACK","FRONT END",,"FL","RB","YES","D",177985,"A","[PREMIUM]",9956.32,"3.6L 6","FRONT WHEEL DRIVE","AUTOMATIC","GAS",6,"Run & Drive Verified","Pure Sale","[PREMIUM]",,"ARCADIA","FL","34269","USA","USD","[PREMIUM]","[PREMIUM]","L040",false,"[PREMIUM]","LS",false,false,"[PREMIUM]",,,,,,,,"[PREMIUM]"
"63800406","2026-08-09 02:57:19.151","2026-08-13 14:31:20.011","63800406","2026-08-11 16:48:00.000","[PREMIUM]","348","FL - PUNTA GORDA","2026-08-14","FRIDAY","1000","EDT","0","V",2017,"FORD","F150","F150","CREW PICKUP","WHITE","REAR END",,"FL","RB","YES","S",60042,"A","[PREMIUM]",18701.19,"2.7L 6","REAR WHEEL DRIVE","AUTOMATIC","GAS",6,"Vehicle Starts","Pure Sale","[PREMIUM]",,"ARCADIA","FL","34269","USA","USD","[PREMIUM]","[PREMIUM]","M080",false,"[PREMIUM]","SUPERCREW",false,false,"[PREMIUM]",,,,,,,,"[PREMIUM]"
"63515886","2026-08-09 02:57:19.121","2026-08-13 14:31:19.981","63515886","2026-08-11 17:18:01.000","[PREMIUM]","348","FL - PUNTA GORDA","2026-08-14","FRIDAY","1000","EDT","0","V",2007,"FORD","FIVE HUNDR","FIVE HUNDRED","SEDAN 4DR","WHITE","SIDE","FRONT END","FL","RB","YES",,0,"E","[PREMIUM]",0,"3.0L 6","FRONT WHEEL DRIVE","AUTOMATIC","GAS",6,,"Pure Sale","[PREMIUM]",,"ARCADIA","FL","34269","USA","USD","[PREMIUM]","[PREMIUM]","M030",false,"[PREMIUM]","SEL",false,false,"[PREMIUM]",,,,,,,,"[PREMIUM]"
"63008156","2026-08-09 02:57:18.940","2026-08-13 14:31:19.969","63008156","2026-08-11 16:42:30.000","[PREMIUM]","348","FL - PUNTA GORDA","2026-08-14","FRIDAY","1000","EDT","0","V",2011,"NISSAN","ALTIMA","ALTIMA","SEDAN","BLACK","SIDE",,"FL","RB","YES","E",0,"N","[PREMIUM]",328.12,"2.5L 4","FRONT WHEEL DRIVE","AUTOMATIC","GAS",4,"DEFAULT","Pure Sale","[PREMIUM]",,"ARCADIA","FL","34269","USA","USD","[PREMIUM]","[PREMIUM]","C050",false,"[PREMIUM]","2.5",false,false,"[PREMIUM]",,,,,,,,"[PREMIUM]"
"62781676","2026-08-09 02:57:18.882","2026-08-13 14:31:19.839","62781676","2026-08-11 18:22:52.000","[PREMIUM]","348","FL - PUNTA GORDA","2026-08-14","FRIDAY","1000","EDT","0","V",2012,"KIA","OPTIMA","OPTIMA","SEDAN 4DR","SILVER","REAR END",,"FL","RB","YES","E",79571,"A","[PREMIUM]",5504.52,"2.4L 4","FRONT WHEEL DRIVE","AUTOMATIC","GAS",4,"DEFAULT","Pure Sale","[PREMIUM]",,"ARCADIA","FL","34269","USA","USD","[PREMIUM]","[PREMIUM]","L050",false,"[PREMIUM]","EX",false,false,"[PREMIUM]",,,,,,,,"[PREMIUM]"
"62630016","2026-08-09 02:57:18.826","2026-08-13 14:31:19.820","62630016","2026-08-11 18:33:10.000","[PREMIUM]","348","FL - PUNTA GORDA","2026-08-14","FRIDAY","1000","EDT","0","V",2009,"BMW","3 SERIES","328","CONVERTIBLE","CHARCOAL","REAR END",,"FL","RB","YES","D",69991,"E","[PREMIUM]",0,"3.0L 6","REAR WHEEL DRIVE","AUTOMATIC","GAS",6,"Run & Drive Verified","Pure Sale","[PREMIUM]",,"ARCADIA","FL","34269","USA","USD","[PREMIUM]","[PREMIUM]","G070",false,"[PREMIUM]","I",false,false,"[PREMIUM]",,,,,,,,"[PREMIUM]"
"58440856","2026-08-09 02:57:18.054","2026-08-13 14:31:19.283","58440856","2026-08-11 13:08:45.000","[PREMIUM]","348","FL - PUNTA GORDA","2026-08-14","FRIDAY","1000","EDT","0","V",2021,"TOYOTA","COROLLA","COROLLA","SEDAN","SILVER","SIDE",,"FL","CD","YES","S",115147,"A","[PREMIUM]",11909,"1.8L 4","FRONT WHEEL DRIVE","AUTOMATIC","GAS",4,"Vehicle Starts","Pure Sale","[PREMIUM]",,"ARCADIA","FL","34269","USA","USD","[PREMIUM]","[PREMIUM]","D030",false,"[PREMIUM]","LE",false,false,"[PREMIUM]",,,,,,,,"[PREMIUM]"
"55058226","2026-08-09 02:57:17.567","2026-08-13 14:31:19.013","55058226","2026-08-11 13:08:25.000","[PREMIUM]","348","FL - PUNTA GORDA","2026-08-14","FRIDAY","1000","EDT","0","V",2025,"BUICK","ALL OTHER","ENVISTA","SPORT UTILITY VEHICLE","RED","FRONT END",,"FL","CD","YES","D",2227,"A","[PREMIUM]",21893,"1.2L 3","FRONT WHEEL DRIVE","AUTOMATIC","GAS",3,"Run & Drive Verified","Pure Sale","[PREMIUM]",,"ARCADIA","FL","34269","USA","USD","[PREMIUM]","[PREMIUM]","B020",false,"[PREMIUM]","PREFERRED",false,false,"[PREMIUM]",,,,,,,,"[PREMIUM]"
"48282496","2026-08-09 02:57:17.407","2026-08-13 14:31:18.815","48282496","2026-08-11 20:45:56.000","[PREMIUM]","348","FL - PUNTA GORDA","2026-08-14","FRIDAY","1000","EDT","0","V",2016,"JEEP","COMPASS","COMPASS","4DR SPORT UTILITY","BLACK","FRONT END",,"FL","RB","NO","E",192134,"A","[PREMIUM]",3446,"2.0L 4","FRONT WHEEL DRIVE","AUTOMATIC","GAS",4,"DEFAULT","Pure Sale","[PREMIUM]",,"ARCADIA","FL","34269","USA","USD","[PREMIUM]","[PREMIUM]","SD100",false,"[PREMIUM]","SPORT",false,false,"[PREMIUM]",,,,,,,,"[PREMIUM]"
"47522066","2026-08-09 02:57:17.335","2026-08-18 09:02:58.927","47522066","2026-08-18 08:00:07.000","[PREMIUM]","348","FL - PUNTA GORDA","2026-08-18","TUESDAY","1000","EDT","49","V",2025,"NISSAN","PATHFINDER","PATHFINDER","SUV","WHITE","REAR END","SIDE","FL","RB","YES","D",2816,"A","[PREMIUM]",18493,"3.5L 6","ALL WHEEL DRIVE","AUTOMATIC","GAS",6,"Run & Drive Verified","On Minimum Bid","[PREMIUM]",,"ARCADIA","FL","34269","USA","USD","[PREMIUM]","[PREMIUM]","H060",false,"[PREMIUM]","SL",false,false,"[PREMIUM]",,,,,,,,"[PREMIUM]"
"47874276","2026-08-09 02:57:17.325","2026-08-18 09:02:58.929","47874276","2026-08-18 08:00:07.000","[PREMIUM]","348","FL - PUNTA GORDA","2026-08-18","TUESDAY","1000","EDT","2012","V",2024,"NISSAN","PATHFINDER","PATHFINDER","SUV","WHITE","FRONT END","SIDE","FL","CD","YES","E",12529,"A","[PREMIUM]",22731,"3.5L 6","FRONT WHEEL DRIVE","AUTOMATIC","GAS",6,"DEFAULT","On Minimum Bid","[PREMIUM]",,"ARCADIA","FL","34269","USA","USD","[PREMIUM]","[PREMIUM]","H050",false,"[PREMIUM]","SV",false,false,"[PREMIUM]",,,,,,,,"[PREMIUM]"
"46888606","2026-08-09 02:57:17.324","2026-08-18 09:02:58.931","46888606","2026-08-18 08:00:07.000","[PREMIUM]","348","FL - PUNTA GORDA","2026-08-18","TUESDAY","1000","EDT","17","V",2025,"MITSUBISHI","OUTLANDER","OUTLANDER","SPORT UTILITY VEHICLE","BLACK","REAR END",,"FL","RB","YES","D",13702,"N","[PREMIUM]",18130,"2.5L 4","FRONT WHEEL DRIVE","AUTOMATIC","GAS",4,"Run & Drive Verified","On Minimum Bid","[PREMIUM]",,"ARCADIA","FL","34269","USA","USD","[PREMIUM]","[PREMIUM]","H090",false,"[PREMIUM]","SE",false,false,"[PREMIUM]",,,,,,,,"[PREMIUM]"
"47250516","2026-08-09 02:57:17.323","2026-08-18 09:02:58.936","47250516","2026-08-18 08:00:07.000","[PREMIUM]","348","FL - PUNTA GORDA","2026-08-18","TUESDAY","1000","EDT","60","V",2025,"SUBARU","FORESTER","FORESTER","SPORT UTILITY VEHICLE","GREEN","FRONT END",,"FL","RB","YES","D",16256,"A","[PREMIUM]",23837,"2.5L 4","ALL WHEEL DRIVE","AUTOMATIC","GAS",4,"Run & Drive Verified","On Minimum Bid","[PREMIUM]",,"ARCADIA","FL","34269","USA","USD","[PREMIUM]","[PREMIUM]","SD070",false,"[PREMIUM]","PREMIUM",false,false,"[PREMIUM]",,,,,,,,"[PREMIUM]"
"48136636","2026-08-09 02:57:17.321","2026-08-22 17:48:52.514","48136636","2026-08-18 14:09:56.000","[PREMIUM]","348","FL - PUNTA GORDA","2026-08-25","TUESDAY","1000","EDT","0","V",2023,"DODGE","CHALLENGER","CHALLENGER","COUPE","ORANGE","FRONT END",,"FL","RB","YES","E",9675,"N","[PREMIUM]",21779,"5.7L 8","REAR WHEEL DRIVE","AUTOMATIC","GAS",8,"DEFAULT","On Minimum Bid","[PREMIUM]",,"ARCADIA","FL","34269","USA","USD","[PREMIUM]","[PREMIUM]","H050",false,"[PREMIUM]","R",false,false,"[PREMIUM]",,,,,,,,"[PREMIUM]"
"85605385","2026-08-09 02:56:42.664","2026-08-13 14:30:42.853","85605385","2026-08-13 11:09:15.000","[PREMIUM]","335","FL - TAMPA NORTH","2026-08-14","FRIDAY","1000","EDT","2298","V",2020,"HYUNDAI","SANTA FE","SANTA FE","SUV","GRAY","FRONT END",,"FL","RB","YES","D",98235,"A","[PREMIUM]",11125,"2.4L 4","FRONT WHEEL DRIVE","AUTOMATIC","GAS",4,"Run & Drive Verified","Pure Sale","[PREMIUM]",,"THONOTOSASSA","FL","33592","USA","USD","[PREMIUM]","[PREMIUM]","B030",false,"[PREMIUM]","SEL",false,false,"[PREMIUM]",,,,,,,,"[PREMIUM]"
"64433856","2026-08-09 02:56:42.640","2026-08-13 14:30:42.829","64433856","2026-08-13 11:09:14.000","[PREMIUM]","335","FL - TAMPA NORTH","2026-08-14","FRIDAY","1000","EDT","123","V",2014,"MERCEDES-BENZ","E-CLASS","E","SEDAN 4DR","SILVER","REAR END",,"FL","RB","YES","D",208395,"A","[PREMIUM]",7179,"3.5L 6","ALL WHEEL DRIVE","AUTOMATIC","GAS",6,"Run & Drive Verified","Pure Sale","[PREMIUM]",,"THONOTOSASSA","FL","33592","USA","USD","[PREMIUM]","[PREMIUM]","J030",false,"[PREMIUM]","350 4MATIC",false,false,"[PREMIUM]",,,,,,,,"[PREMIUM]"
"63795966","2026-08-09 02:56:42.377","2026-08-13 14:30:42.555","63795966","2026-08-13 11:09:15.000","[PREMIUM]","335","FL - TAMPA NORTH","2026-08-14","FRIDAY","1000","EDT","12","V",2013,"HONDA","ACCORD","ACCORD","SEDAN 4DR","WHITE","REAR END",,"FL","RB","YES","D",118662,"A","[PREMIUM]",13537.52,"2.4L 4","FRONT WHEEL DRIVE","AUTOMATIC","GAS",4,"Run & Drive Verified","Pure Sale","[PREMIUM]",,"THONOTOSASSA","FL","33592","USA","USD","[PREMIUM]","[PREMIUM]","I010",false,"[PREMIUM]","SPORT",false,false,"[PREMIUM]",,,,,,,,"[PREMIUM]"
"63617776","2026-08-09 02:56:42.247","2026-08-22 17:48:14.880","63617776","2026-08-21 18:27:03.000","[PREMIUM]","335","FL - TAMPA NORTH","2026-08-28","FRIDAY","1000","EDT","0","V",2017,"HONDA","CRV","CR-V","SPORT UTILITY VEHICLE","BLACK","FRONT END","SIDE","FL","RB","YES","D",76569,"A","[PREMIUM]",12409.35,"1.5L 4","FRONT WHEEL DRIVE","AUTOMATIC","GAS",4,"Run & Drive Verified","Pure Sale","[PREMIUM]",,"THONOTOSASSA","FL","33592","USA","USD","[PREMIUM]","[PREMIUM]","G100",false,"[PREMIUM]","EX",false,false,"[PREMIUM]",,,,,,,,"[PREMIUM]"
"63558236","2026-08-09 02:56:42.189","2026-08-13 14:30:42.501","63558236","2026-08-13 11:09:14.000","[PREMIUM]","335","FL - TAMPA NORTH","2026-08-14","FRIDAY","1000","EDT","126","V",2020,"SUBARU","ASCENT","ASCENT","SPORT UTILITY VEHICLE","WHITE","SIDE","FRONT END","FL","CD","YES","D",96171,"A","[PREMIUM]",21907,"2.4L 4","ALL WHEEL DRIVE","AUTOMATIC","GAS",4,"Run & Drive Verified","Pure Sale","[PREMIUM]",,"THONOTOSASSA","FL","33592","USA","USD","[PREMIUM]","[PREMIUM]","I060",false,"[PREMIUM]","PREMIUM",false,false,"[PREMIUM]",,,,,,,,"[PREMIUM]"
"62440456","2026-08-09 02:56:42.009","2026-08-13 14:30:42.246","62440456","2026-08-13 11:09:15.000","[PREMIUM]","335","FL - TAMPA NORTH","2026-08-14","FRIDAY","1000","EDT","2260","V",2015,"TOYOTA","COROLLA","COROLLA","SEDAN","GRAY","FRONT END",,"FL","RB","YES","D",169763,"A","[PREMIUM]",8202.84,"1.8L 4","FRONT WHEEL DRIVE","AUTOMATIC","GAS",4,"Run & Drive Verified","Pure Sale","[PREMIUM]",,"THONOTOSASSA","FL","33592","USA","USD","[PREMIUM]","[PREMIUM]","H020",false,"[PREMIUM]","S PLUS",false,false,"[PREMIUM]",,,,,,,,"[PREMIUM]"
"62105736","2026-08-09 02:56:41.935","2026-08-13 14:30:42.167","62105736","2026-08-13 11:09:15.000","[PREMIUM]","335","FL - TAMPA NORTH","2026-08-14","FRIDAY","1000","EDT","120","V",2016,"JEEP","RENEGADE","RENEGADE","4DR SPORT UTILITY","WHITE","REAR END",,"FL","RB","YES","D",166197,"A","[PREMIUM]",4622.78,"1.4L 4","FRONT WHEEL DRIVE","MANUAL","GAS",4,"Run & Drive Verified","Pure Sale","[PREMIUM]",,"THONOTOSASSA","FL","33592","USA","USD","[PREMIUM]","[PREMIUM]","C030",false,"[PREMIUM]","SPORT",false,false,"[PREMIUM]",,,,,,,,"[PREMIUM]"
"62215756","2026-08-09 02:56:41.778","2026-08-13 14:30:42.149","62215756","2026-08-13 11:09:14.000","[PREMIUM]","335","FL - TAMPA NORTH","2026-08-14","FRIDAY","1000","EDT","104","V",2016,"VOLKSWAGEN","JETTA","JETTA","SEDAN 4DR","WHITE","FRONT END",,"FL","RB","YES","D",140368,"A","[PREMIUM]",6403.3,"1.4L 4","FRONT WHEEL DRIVE","AUTOMATIC","GAS",4,"Run & Drive Verified","Pure Sale","[PREMIUM]",,"THONOTOSASSA","FL","33592","USA","USD","[PREMIUM]","[PREMIUM]","G100",false,"[PREMIUM]","S",false,false,"[PREMIUM]",,,,,,,,"[PREMIUM]"
"60876276","2026-08-09 02:56:41.505","2026-08-13 14:30:41.900","60876276","2026-08-13 11:09:15.000","[PREMIUM]","335","FL - TAMPA NORTH","2026-08-14","FRIDAY","1000","EDT","2505","V",2015,"LAND ROVER","RANGEROVER","RANGE ROVER EVOQUE","4DR SPORT UTILITY","CHARCOAL","FRONT END","MINOR DENT/SCRATCHES","FL","RB","YES","S",132299,"A","[PREMIUM]",9996.26,"2.0L 4","ALL WHEEL DRIVE","AUTOMATIC","GAS",4,"Vehicle Starts","Pure Sale","[PREMIUM]",,"THONOTOSASSA","FL","33592","USA","USD","[PREMIUM]","[PREMIUM]","B020",false,"[PREMIUM]","PURE PLUS",false,false,"[PREMIUM]",,,,,,,,"[PREMIUM]"
"52771386","2026-08-09 02:56:40.478","2026-08-18 09:02:24.532","52771386","2026-08-17 11:10:32.000","[PREMIUM]","335","FL - TAMPA NORTH","2026-08-18","TUESDAY","1000","EDT","122","V",2014,"VOLKSWAGEN","TIGUAN","TIGUAN","4DR SPORT UTILITY","GRAY","WATER/FLOOD",,"FL","R1","YES","E",0,"N","[PREMIUM]",12406,"2.0L 4","FRONT WHEEL DRIVE","AUTOMATIC","GAS",4,"DEFAULT","Pure Sale","[PREMIUM]",,"THONOTOSASSA","FL","33592","USA","USD","[PREMIUM]","[PREMIUM]","B020",false,"[PREMIUM]","S",false,false,"[PREMIUM]",,,,,,,,"[PREMIUM]"
"79364085","2026-08-09 02:55:08.810","2026-08-22 17:46:35.709","79364085","2026-08-21 12:24:03.000","[PREMIUM]","163","FL - JACKSONVILLE NORTH","2026-08-24","MONDAY","1000","EDT","3509","V",2024,"NISSAN","KICKS","KICKS","WAGON","GRAY","FRONT END","SIDE","FL","CD","YES","S",18918,"A","[PREMIUM]",13942,"1.6L 4","FRONT WHEEL DRIVE","AUTOMATIC","GAS",4,"Vehicle Starts","Pure Sale","[PREMIUM]",,"JACKSONVILLE","FL","32218 5527","USA","USD","[PREMIUM]","[PREMIUM]","B150",false,"[PREMIUM]","S",false,false,"[PREMIUM]",,,,,,,,"[PREMIUM]"
"79228015","2026-08-09 02:55:08.801","2026-08-18 09:00:54.494","79228015","2026-08-17 19:46:36.000","[PREMIUM]","163","FL - JACKSONVILLE NORTH","2026-08-19","WEDNESDAY","1000","EDT","7","V",2023,"FORD","F150","F150","PICKUP","BLACK","SIDE","FRONT END","FL","RB","YES","D",66803,"A","[PREMIUM]",15465.21,"3.5L 6","REAR WHEEL DRIVE","AUTOMATIC","GAS",6,"Run & Drive Verified","On Minimum Bid","[PREMIUM]",,"JACKSONVILLE","FL","32218 5527","USA","USD","[PREMIUM]","[PREMIUM]","E160",false,"[PREMIUM]","SUPERCREW",false,false,"[PREMIUM]",,,,,,,,"[PREMIUM]"
"63860686","2026-08-09 02:55:08.532","2026-08-17 03:00:34.175","63860686","2026-08-12 17:08:09.000","[PREMIUM]","163","FL - JACKSONVILLE NORTH","2026-08-17","MONDAY","1000","EDT","2274","V",2014,"VOLKSWAGEN","PASSAT","PASSAT","SEDAN 4DR","BURGUNDY","SIDE","REAR END","FL","RB","YES","D",98589,"A","[PREMIUM]",6594.6,"2.0L 4","FRONT WHEEL DRIVE","AUTOMATIC","DIESEL",4,"Run & Drive Verified","Pure Sale","[PREMIUM]",,"JACKSONVILLE","FL","32218 5527","USA","USD","[PREMIUM]","[PREMIUM]","I110",false,"[PREMIUM]","SEL",false,false,"[PREMIUM]",,,,,,,,"[PREMIUM]"
"63120306","2026-08-09 02:55:07.903","2026-08-19 15:00:35.755","63120306","2026-08-13 18:17:12.000","[PREMIUM]","836","HEAVY TRUCK SPECIALTY SALE","2026-08-20","THURSDAY","1100","CDT","0","R",2003,"WINNIBAGO","ALL OTHER","JOURNEY","MOTORIZED HOME","TWO TONE","SIDE",,"FL","RB","YES","D",143127,"A","[PREMIUM]",44909,"6","REAR WHEEL DRIVE","AUTOMATIC","DIESEL",6,"Run & Drive Verified","Pure Sale","[PREMIUM]",,"JACKSONVILLE","FL","32218 5527","USA","USD","[PREMIUM]","[PREMIUM]","HV004",false,"[PREMIUM]",,false,false,"[PREMIUM]",,,,,,,,"[PREMIUM]"
"62811416","2026-08-09 02:55:07.636","2026-08-17 03:00:33.591","62811416","2026-08-16 00:25:07.000","[PREMIUM]","163","FL - JACKSONVILLE NORTH","2026-08-17","MONDAY","1000","EDT","9","V",2013,"LEXUS","ES350","ES","SEDAN 4DR","GOLD","SIDE","REAR END","FL","RR","YES","D",81486,"N","[PREMIUM]",13300,"3.5L 6","FRONT WHEEL DRIVE","AUTOMATIC","GAS",6,"Run & Drive Verified","Pure Sale","[PREMIUM]",,"JACKSONVILLE","FL","32218 5527","USA","USD","[PREMIUM]","[PREMIUM]","F070",false,"[PREMIUM]","350",false,false,"[PREMIUM]",,,,,,,,"[PREMIUM]"
"61782436","2026-08-09 02:55:06.877","2026-08-17 03:00:33.017","61782436","2026-08-14 11:35:14.000","[PREMIUM]","163","FL - JACKSONVILLE NORTH","2026-08-17","MONDAY","1000","EDT","3258","V",2018,"HYUNDAI","SONATA","SONATA","SEDAN","BLACK","FRONT END","REAR END","FL","RB","YES","D",114245,"N","[PREMIUM]",9625,"2.4L 4","FRONT WHEEL DRIVE","AUTOMATIC","GAS",4,"Run & Drive Verified","Pure Sale","[PREMIUM]",,"JACKSONVILLE","FL","32218 5527","USA","USD","[PREMIUM]","[PREMIUM]","J030",false,"[PREMIUM]","SPORT+",false,false,"[PREMIUM]",,,,,,,,"[PREMIUM]"
"57504206","2026-08-09 02:55:04.141","2026-08-18 09:00:51.924","57504206","2026-08-17 19:46:36.000","[PREMIUM]","163","FL - JACKSONVILLE NORTH","2026-08-19","WEDNESDAY","1000","EDT","2005","V",2023,"NISSAN","ALTIMA","ALTIMA","SEDAN","WHITE","REAR END",,"FL","RB","YES","D",62294,"A","[PREMIUM]",14508.67,"2.5L 4","FRONT WHEEL DRIVE","AUTOMATIC","GAS",4,"Run & Drive Verified","On Minimum Bid","[PREMIUM]",,"JACKSONVILLE","FL","32218 5527","USA","USD","[PREMIUM]","[PREMIUM]","C160",false,"[PREMIUM]","SR",false,false,"[PREMIUM]",,,,,,,,"[PREMIUM]"
"57577406","2026-08-09 02:55:04.133","2026-08-17 03:00:31.882","57577406","2026-08-12 17:08:09.000","[PREMIUM]","163","FL - JACKSONVILLE NORTH","2026-08-17","MONDAY","1000","EDT","48","V",2025,"MAZDA","MX5","MX-5 MIATA","CONVERTIBLE","CHARCOAL","REAR END",,"FL","RB","YES","D",2954,"A","[PREMIUM]",16918.91,"2.0L 4","REAR WHEEL DRIVE","AUTOMATIC","GAS",4,"Run & Drive Verified","Pure Sale","[PREMIUM]",,"JACKSONVILLE","FL","32218 5527","USA","USD","[PREMIUM]","[PREMIUM]","H090",false,"[PREMIUM]","GRAND TOURING",false,false,"[PREMIUM]",,,,,,,,"[PREMIUM]"
"47962226","2026-08-09 02:55:03.002","2026-08-17 03:00:31.146","47962226","2026-08-12 17:08:09.000","[PREMIUM]","163","FL - JACKSONVILLE NORTH","2026-08-17","MONDAY","1000","EDT","2503","V",2016,"HONDA","ACCORD","ACCORD","SEDAN 4DR","BLACK","FRONT END",,"FL","RB","YES","S",103650,"A","[PREMIUM]",8867.32,"2.4L 4","FRONT WHEEL DRIVE","AUTOMATIC","GAS",4,"Vehicle Starts","Pure Sale","[PREMIUM]",,"JACKSONVILLE","FL","32218 5527","USA","USD","[PREMIUM]","[PREMIUM]","E120",false,"[PREMIUM]","EX",false,false,"[PREMIUM]",,,,,,,,"[PREMIUM]"
"48112296","2026-08-09 02:55:02.992","2026-08-17 03:00:31.164","48112296","2026-08-12 17:08:09.000","[PREMIUM]","163","FL - JACKSONVILLE NORTH","2026-08-17","MONDAY","1000","EDT","2034","V",2015,"CHEVROLET","EQUINOX","EQUINOX","4DR SPORT UTILITY","RED","FRONT END",,"FL","RB","YES","E",0,"N","[PREMIUM]",5708,"2.4L 4","FRONT WHEEL DRIVE","AUTOMATIC","FLEXIBLE",4,"DEFAULT","Pure Sale","[PREMIUM]",,"JACKSONVILLE","FL","32218 5527","USA","USD","[PREMIUM]","[PREMIUM]","D120",false,"[PREMIUM]","LT",false,false,"[PREMIUM]",,,,,,,,"[PREMIUM]"
"47567136","2026-08-09 02:55:02.885","2026-08-17 03:00:31.068","47567136","2026-08-12 17:08:09.000","[PREMIUM]","163","FL - JACKSONVILLE NORTH","2026-08-17","MONDAY","1000","EDT","2023","V",2019,"NISSAN","VERSA","VERSA","SEDAN","BLACK","FRONT END",,"FL","CD","YES","E",47950,"A","[PREMIUM]",8161,"1.6L 4","FRONT WHEEL DRIVE","AUTOMATIC","GAS",4,"DEFAULT","Pure Sale","[PREMIUM]",,"JACKSONVILLE","FL","32218 5527","USA","USD","[PREMIUM]","[PREMIUM]","C150",false,"[PREMIUM]","SV",false,false,"[PREMIUM]",,,,,,,,"[PREMIUM]"
"47288516","2026-08-09 02:55:02.816","2026-08-17 03:00:31.082","47288516","2026-08-12 17:08:09.000","[PREMIUM]","163","FL - JACKSONVILLE NORTH","2026-08-17","MONDAY","1000","EDT","2306","V",2015,"TOYOTA","HIGHLANDER","HIGHLANDER","SUV","CREAM","REAR END",,"FL","RB","YES","D",193311,"A","[PREMIUM]",7875,"2.7L 4","FRONT WHEEL DRIVE","AUTOMATIC","GAS",4,"Run & Drive Verified","Pure Sale","[PREMIUM]",,"JACKSONVILLE","FL","32218 5527","USA","USD","[PREMIUM]","[PREMIUM]","D140",false,"[PREMIUM]","LE",false,false,"[PREMIUM]",,,,,,,,"[PREMIUM]"
"47116706","2026-08-09 02:55:02.811","2026-08-18 09:00:51.286","47116706","2026-08-17 19:46:36.000","[PREMIUM]","163","FL - JACKSONVILLE NORTH","2026-08-19","WEDNESDAY","1000","EDT","2004","V",2023,"HONDA","HR-V","HR-V","SPORT UTILITY VEHICLE","WHITE","REAR END","FRONT END","FL","RB","YES","D",101951,"A","[PREMIUM]",12911.9,"2.0L 4","ALL WHEEL DRIVE","AUTOMATIC","GAS",4,"Run & Drive Verified","On Minimum Bid","[PREMIUM]",,"JACKSONVILLE","FL","32218 5527","USA","USD","[PREMIUM]","[PREMIUM]","B150",false,"[PREMIUM]","SPORT",false,false,"[PREMIUM]",,,,,,,,"[PREMIUM]"
"47340186","2026-08-09 02:55:02.801","2026-08-19 15:00:33.776","47340186","2026-08-18 21:40:38.000","[PREMIUM]","163","FL - JACKSONVILLE NORTH","2026-08-19","WEDNESDAY","1000","EDT","32","V",2026,"NISSAN","KICKS","KICKS","WAGON","BLUE","UNDERCARRIAGE","REAR END","FL","RB","YES","D",6029,"A","[PREMIUM]",10470,"2.0L 4","FRONT WHEEL DRIVE","AUTOMATIC","GAS",4,"Run & Drive Verified","On Minimum Bid","[PREMIUM]",,"JACKSONVILLE","FL","32218 5527","USA","USD","[PREMIUM]","[PREMIUM]","E130",false,"[PREMIUM]","SR",false,false,"[PREMIUM]",,,,,,,,"[PREMIUM]"
"55702666","2026-08-09 02:54:44.522","2026-08-19 15:00:22.712","55702666","2026-08-19 08:00:39.000","[PREMIUM]","159","MI - FLINT","2026-08-19","WEDNESDAY","1000","EDT","3072","V",2005,"BMW","3 SERIES","330","CONVERTIBLE","GRAY","FRONT END","SIDE","FL","RB","YES","E",0,"E","[PREMIUM]",9626.85,"3.0L 6","REAR WHEEL DRIVE","AUTOMATIC","GAS",6,"DEFAULT","Pure Sale","[PREMIUM]",,"DAVISON","MI","48423 8502","USA","USD","[PREMIUM]","[PREMIUM]","H070",false,"[PREMIUM]","CI",false,false,"[PREMIUM]",,,,,,,,"[PREMIUM]"
"63874236","2026-08-09 02:54:28.220","2026-08-17 03:00:09.252","63874236","2026-08-12 13:41:35.000","[PREMIUM]","153","FL - ORLANDO NORTH","2026-08-17","MONDAY","1000","EDT","0","V",2009,"TOYOTA","COROLLA","COROLLA","SEDAN","SILVER","REAR END","SIDE","FL","RB","YES","D",179814,"E","[PREMIUM]",4417.79,"1.8L 4","FRONT WHEEL DRIVE","AUTOMATIC","GAS",4,"Run & Drive Verified","Pure Sale","[PREMIUM]",,"APOPKA","FL","32712 5870","USA","USD","[PREMIUM]","[PREMIUM]","E090",false,"[PREMIUM]","S",false,false,"[PREMIUM]",,,,,,,,"[PREMIUM]"
"63756796","2026-08-09 02:54:28.193","2026-08-17 03:00:09.203","63756796","2026-08-11 15:59:19.000","[PREMIUM]","153","FL - ORLANDO NORTH","2026-08-17","MONDAY","1000","EDT","0","V",2021,"MAZDA","CX-5","CX-5","SPORT UTILITY VEHICLE","RED","FRONT END",,"FL","CD","YES","D",38647,"A","[PREMIUM]",18010.25,"2.5L 4","FRONT WHEEL DRIVE","AUTOMATIC","GAS",4,"Run & Drive Verified","Pure Sale","[PREMIUM]",,"APOPKA","FL","32712 5870","USA","USD","[PREMIUM]","[PREMIUM]","H100",false,"[PREMIUM]","TOURING",false,false,"[PREMIUM]",,,,,,,,"[PREMIUM]"
"63108206","2026-08-09 02:54:27.722","2026-08-17 03:00:08.888","63108206","2026-08-12 18:36:04.000","[PREMIUM]","153","FL - ORLANDO NORTH","2026-08-17","MONDAY","1000","EDT","0","V",2012,"TOYOTA","COROLLA","COROLLA","SEDAN","GRAY","REAR END","UNDERCARRIAGE","FL","RB","YES","D",136377,"A","[PREMIUM]",6300,"1.8L 4","FRONT WHEEL DRIVE","AUTOMATIC","GAS",4,"Run & Drive Verified","Pure Sale","[PREMIUM]",,"APOPKA","FL","32712 5870","USA","USD","[PREMIUM]","[PREMIUM]","G080",false,"[PREMIUM]","LE",false,false,"[PREMIUM]",,,,,,,,"[PREMIUM]"
"62954586","2026-08-09 02:54:27.546","2026-08-17 03:00:08.848","62954586","2026-08-11 17:16:12.000","[PREMIUM]","153","FL - ORLANDO NORTH","2026-08-17","MONDAY","1000","EDT","0","V",2017,"SUBARU","WRX","WRX","SEDAN 4DR","SILVER","FRONT END",,"FL","RB","YES","D",220548,"A","[PREMIUM]",12078,"2.0L 4","ALL WHEEL DRIVE","MANUAL","GAS",4,"Run & Drive Verified","Pure Sale","[PREMIUM]",,"APOPKA","FL","32712 5870","USA","USD","[PREMIUM]","[PREMIUM]","E110",false,"[PREMIUM]",,false,false,"[PREMIUM]",,,,,,,,"[PREMIUM]"
"59741966","2026-08-09 02:54:25.752","2026-08-17 03:00:07.804","59741966","2026-08-11 15:57:38.000","[PREMIUM]","153","FL - ORLANDO NORTH","2026-08-17","MONDAY","1000","EDT","0","V",2026,"TOYOTA","PRIUS","PRIUS","HATCHBACK","RED","SIDE","MINOR DENT/SCRATCHES","FL","CD","YES","D",1482,"A","[PREMIUM]",31956,"2.0L 4","FRONT WHEEL DRIVE","AUTOMATIC","ELECTRIC AND GAS HYBRID",4,"Run & Drive Verified","Pure Sale","[PREMIUM]",,"APOPKA","FL","32712 5870","USA","USD","[PREMIUM]","[PREMIUM]","D110",false,"[PREMIUM]","LE",false,false,"[PREMIUM]",,,,,,,,"[PREMIUM]"
"57247476","2026-08-09 02:54:24.989","2026-08-17 03:00:07.471","57247476","2026-08-11 19:55:56.000","[PREMIUM]","153","FL - ORLANDO NORTH","2026-08-17","MONDAY","1000","EDT","0","V",2017,"NISSAN","SENTRA","SENTRA","SEDAN","WHITE","FRONT END","MINOR DENT/SCRATCHES","FL","RB","YES","D",118070,"N","[PREMIUM]",4874.2,"1.8L 4","FRONT WHEEL DRIVE","AUTOMATIC","GAS",4,"Run & Drive Verified","Pure Sale","[PREMIUM]",,"APOPKA","FL","32712 5870","USA","USD","[PREMIUM]","[PREMIUM]","D100",false,"[PREMIUM]","SV",false,false,"[PREMIUM]",,,,,,,,"[PREMIUM]"
"56867706","2026-08-09 02:54:24.869","2026-08-17 03:00:07.054","56867706","2026-08-11 17:13:58.000","[PREMIUM]","153","FL - ORLANDO NORTH","2026-08-17","MONDAY","1000","EDT","0","V",2018,"FORD","F150","F150","PICKUP","GRAY","FRONT END",,"FL","RB","YES","D",102106,"A","[PREMIUM]",16679.33,"5.0L 8","4X4 W/REAR WHEEL DRV","AUTOMATIC","GAS",8,"Run & Drive Verified","On Minimum Bid","[PREMIUM]",,"APOPKA","FL","32712 5870","USA","USD","[PREMIUM]","[PREMIUM]","A040",false,"[PREMIUM]","SUPERCREW",false,false,"[PREMIUM]",,,,,,,,"[PREMIUM]"
"56342616","2026-08-09 02:54:24.797","2026-08-23 05:46:40.199","56342616","2026-08-18 18:45:58.000","[PREMIUM]","153","FL - ORLANDO NORTH","2026-08-24","MONDAY","1000","EDT","0","V",2017,"LEXUS","IS","IS","SEDAN 4DR","WHITE","REAR END","MINOR DENT/SCRATCHES","FL","RB","YES","D",64461,"A","[PREMIUM]",21072,"2.0L 4","REAR WHEEL DRIVE","AUTOMATIC","GAS",4,"Run & Drive Verified","On Minimum Bid","[PREMIUM]",,"APOPKA","FL","32712 5870","USA","USD","[PREMIUM]","[PREMIUM]","M080",false,"[PREMIUM]","200T",false,false,"[PREMIUM]",,,,,,,,"[PREMIUM]"
"48406986","2026-08-09 02:54:24.035","2026-08-17 03:00:06.373","48406986","2026-08-11 20:45:58.000","[PREMIUM]","153","FL - ORLANDO NORTH","2026-08-17","MONDAY","1000","EDT","0","V",2018,"DODGE","CHALLENGER","CHALLENGER","COUPE","WHITE","FRONT END",,"FL","RB","YES","D",87062,"A","[PREMIUM]",18551,"5.7L 8","REAR WHEEL DRIVE","AUTOMATIC","GAS",8,"Run & Drive Verified","On Minimum Bid","[PREMIUM]",,"APOPKA","FL","32712 5870","USA","USD","[PREMIUM]","[PREMIUM]","L080",false,"[PREMIUM]","R",false,false,"[PREMIUM]",,,,,,,,"[PREMIUM]"
"47411846","2026-08-09 02:54:24.017","2026-08-17 03:00:06.334","47411846","2026-08-11 18:09:31.000","[PREMIUM]","153","FL - ORLANDO NORTH","2026-08-17","MONDAY","1000","EDT","0","V",2021,"MAZDA","3","3","SEDAN","SILVER","FRONT END",,"FL","RB","YES","E",61927,"A","[PREMIUM]",8145.08,"2.0L 4","FRONT WHEEL DRIVE","AUTOMATIC","GAS",4,"DEFAULT","Pure Sale","[PREMIUM]",,"APOPKA","FL","32712 5870","USA","USD","[PREMIUM]","[PREMIUM]","K080",false,"[PREMIUM]",,false,false,"[PREMIUM]",,,,,,,,"[PREMIUM]"
"47298886","2026-08-09 02:54:22.777","2026-08-17 03:00:06.336","47298886","2026-08-11 18:43:34.000","[PREMIUM]","153","FL - ORLANDO NORTH","2026-08-17","MONDAY","1000","EDT","0","V",2016,"MERCEDES-BENZ","C-CLASS","C","SEDAN 4DR","SILVER","FRONT END",,"FL","RB","YES","E",65409,"A","[PREMIUM]",12134,"2.0L 4","REAR WHEEL DRIVE","AUTOMATIC","GAS",4,"DEFAULT","Pure Sale","[PREMIUM]",,"APOPKA","FL","32712 5870","USA","USD","[PREMIUM]","[PREMIUM]","K080",false,"[PREMIUM]","300",false,false,"[PREMIUM]",,,,,,,,"[PREMIUM]"
"41650726","2026-08-09 02:54:22.693","2026-08-17 03:00:06.238","41650726","2026-08-11 16:52:48.000","[PREMIUM]","153","FL - ORLANDO NORTH","2026-08-17","MONDAY","1000","EDT","0","V",2023,"TOYOTA","COROLLA","COROLLA","SEDAN","SILVER","SIDE",,"FL","RB","YES","D",19031,"A","[PREMIUM]",11089.5,"2.0L 4","FRONT WHEEL DRIVE","AUTOMATIC","GAS",4,"Run & Drive Verified","Pure Sale","[PREMIUM]",,"APOPKA","FL","32712 5870","USA","USD","[PREMIUM]","[PREMIUM]","H150",false,"[PREMIUM]","LE",false,false,"[PREMIUM]",,,,,,,,"[PREMIUM]"
"79945995","2026-08-09 02:54:17.853","2026-08-12 08:30:26.549","79945995","2026-08-11 18:35:33.000","[PREMIUM]","148","FL - MIAMI SOUTH","2026-08-12","WEDNESDAY","1000","EDT","161","V",2015,"KIA","SORENTO","SORENTO","SUV","WHITE","FRONT END","REAR END","FL","RB","YES","D",160622,"A","[PREMIUM]",6289.72,"2.4L 4","FRONT WHEEL DRIVE","AUTOMATIC","GAS",4,"Run & Drive Verified","Pure Sale","[PREMIUM]",,"HOMESTEAD","FL","33032 3801","USA","USD","[PREMIUM]","[PREMIUM]","B060",false,"[PREMIUM]","LX",false,false,"[PREMIUM]",,,,,,,,"[PREMIUM]"
"62818396","2026-08-09 02:54:17.281","2026-08-12 08:30:25.916","62818396","2026-08-11 18:35:33.000","[PREMIUM]","148","FL - MIAMI SOUTH","2026-08-12","WEDNESDAY","1000","EDT","2302","V",2013,"HYUNDAI","SONATA","SONATA","SEDAN","WHITE","FRONT END","SIDE","FL","RR","YES","D",176007,"A","[PREMIUM]",2889.27,"2.4L 4","FRONT WHEEL DRIVE","AUTOMATIC","GAS",4,"Run & Drive Verified","Pure Sale","[PREMIUM]",,"HOMESTEAD","FL","33032 3801","USA","USD","[PREMIUM]","[PREMIUM]","GG100",false,"[PREMIUM]","SE",false,false,"[PREMIUM]",,,,,,,,"[PREMIUM]"
"59858416","2026-08-09 02:54:12.575","2026-08-12 08:30:25.147","59858416","2026-08-11 16:56:48.000","[PREMIUM]","148","FL - MIAMI SOUTH","2026-08-12","WEDNESDAY","1000","EDT","159","V",2026,"KIA","SPORTAGE","SPORTAGE","SPORT UTILITY VEHICLE","GRAY","FRONT END",,"FL","RB","YES","D",1801,"A","[PREMIUM]",25359.84,"2.5L 4","ALL WHEEL DRIVE","AUTOMATIC","GAS",4,"Run & Drive Verified","Pure Sale","[PREMIUM]",,"HOMESTEAD","FL","33032 3801","USA","USD","[PREMIUM]","[PREMIUM]","L050",false,"[PREMIUM]","X LINE",false,false,"[PREMIUM]",,,,,,,,"[PREMIUM]"
"47940556","2026-08-09 02:54:11.008","2026-08-12 08:30:23.965","47940556","2026-08-11 21:28:05.000","[PREMIUM]","148","FL - MIAMI SOUTH","2026-08-19","WEDNESDAY","1000","EDT","0","V",2022,"TOYOTA","COROLLA","COROLLA","SEDAN","SILVER","FRONT END","SIDE","FL","RB","YES","D",49375,"A","[PREMIUM]",10032.58,"1.8L 4","FRONT WHEEL DRIVE","AUTOMATIC","GAS",4,"Run & Drive Verified","Pure Sale","[PREMIUM]",,"HOMESTEAD","FL","33032 3801","USA","USD","[PREMIUM]","[PREMIUM]","B010",false,"[PREMIUM]","LE",false,false,"[PREMIUM]",,,,,,,,"[PREMIUM]"
"48148316","2026-08-09 02:54:10.992","2026-08-19 14:59:59.107","48148316","2026-08-18 21:28:04.000","[PREMIUM]","148","FL - MIAMI SOUTH","2026-08-19","WEDNESDAY","1000","EDT","107","V",2025,"HONDA","PILOT","PILOT","SPORT UTILITY VEHICLE","WHITE","SIDE",,"FL","RB","YES","D",20769,"N","[PREMIUM]",20960,"3.5L 6","FRONT WHEEL DRIVE","AUTOMATIC","GAS",6,"Run & Drive Verified","On Minimum Bid","[PREMIUM]",,"HOMESTEAD","FL","33032 3801","USA","USD","[PREMIUM]","[PREMIUM]","B060",false,"[PREMIUM]","EXL",false,false,"[PREMIUM]",,,,,,,,"[PREMIUM]"
"48131336","2026-08-09 02:54:10.989","2026-08-12 08:30:23.965","48131336","2026-08-11 18:41:32.000","[PREMIUM]","148","FL - MIAMI SOUTH","2026-08-12","WEDNESDAY","1000","EDT","2116","V",2023,"HONDA","HR-V","HR-V","SPORT UTILITY VEHICLE","WHITE","SIDE","FRONT END","FL","CD","YES",,15583,"A","[PREMIUM]",0,"2.0L 4","FRONT WHEEL DRIVE","AUTOMATIC","GAS",4,,"On Minimum Bid","[PREMIUM]",,"HOMESTEAD","FL","33032 3801","USA","USD","[PREMIUM]","[PREMIUM]","B060",false,"[PREMIUM]","LX",false,false,"[PREMIUM]",,,,,,,,"[PREMIUM]"
"63876666","2026-08-09 02:51:42.523","2026-08-13 14:27:29.946","63876666","2026-08-11 18:41:36.000","[PREMIUM]","117","FL - TALLAHASSEE","2026-08-14","FRIDAY","1000","EDT","0","V",2016,"TOYOTA","COROLLA","COROLLA","SEDAN","TEAL","REAR END",,"FL","RB","YES","D",233652,"A","[PREMIUM]",5613.19,"1.8L 4","FRONT WHEEL DRIVE","AUTOMATIC","GAS",4,"Run & Drive Verified","Pure Sale","[PREMIUM]",,"MIDWAY","FL","32343 6677","USA","USD","[PREMIUM]","[PREMIUM]","E010",false,"[PREMIUM]","LE",false,false,"[PREMIUM]",,,,,,,,"[PREMIUM]"
"57054526","2026-08-09 02:51:41.695","2026-08-13 14:27:28.809","57054526","2026-08-11 18:39:36.000","[PREMIUM]","117","FL - TALLAHASSEE","2026-08-14","FRIDAY","1000","EDT","0","V",2022,"KIA","SOUL","SOUL","WAGON","CREAM","FRONT END",,"FL","CD","YES","D",88629,"A","[PREMIUM]",11459.33,"2.0L 4","FRONT WHEEL DRIVE","AUTOMATIC","GAS",4,"Run & Drive Verified","Pure Sale","[PREMIUM]",,"MIDWAY","FL","32343 6677","USA","USD","[PREMIUM]","[PREMIUM]","F030",false,"[PREMIUM]","LX",false,false,"[PREMIUM]",,,,,,,,"[PREMIUM]"
"47591206","2026-08-09 02:51:41.393","2026-08-13 14:27:28.439","47591206","2026-08-11 21:28:02.000","[PREMIUM]","117","FL - TALLAHASSEE","2026-08-14","FRIDAY","1000","EDT","0","V",2013,"GMC","ACADIA DEN","ACADIA","4DR SPORT UTILITY","CHARCOAL","FRONT END","SIDE","FL","RB","YES","E",202293,"A","[PREMIUM]",3862,"3.6L 6","ALL WHEEL DRIVE","AUTOMATIC","GAS",6,"DEFAULT","Pure Sale","[PREMIUM]",,"MIDWAY","FL","32343 6677","USA","USD","[PREMIUM]","[PREMIUM]","E070",false,"[PREMIUM]","DENALI",false,false,"[PREMIUM]",,,,,,,,"[PREMIUM]"
"47389076","2026-08-09 02:51:41.390","2026-08-20 22:41:44.606","47389076","2026-08-17 14:19:15.000","[PREMIUM]","117","FL - TALLAHASSEE","2026-08-21","FRIDAY","1000","EDT","0","V",2023,"TOYOTA","CAMRY","CAMRY","SEDAN","SILVER","FRONT END","SIDE","FL","RB","YES","E",31565,"A","[PREMIUM]",21680.16,"2.5L 4","FRONT WHEEL DRIVE","AUTOMATIC","GAS",4,"DEFAULT","On Minimum Bid","[PREMIUM]",,"MIDWAY","FL","32343 6677","USA","USD","[PREMIUM]","[PREMIUM]","SB002",false,"[PREMIUM]","XSE",false,false,"[PREMIUM]",,,,,,,,"[PREMIUM]"
"63611406","2026-08-09 02:51:21.343","2026-08-18 08:58:35.345","63611406","2026-08-14 15:23:59.000","[PREMIUM]","108","FL - OCALA","2026-08-18","TUESDAY","1000","EDT","29","V",2012,"CADILLAC","CTS","CTS","SEDAN 4DR","WHITE","FRONT END",,"FL","RB","YES","D",101237,"A","[PREMIUM]",7500,"3.0L 6","REAR WHEEL DRIVE","AUTOMATIC","GAS",6,"Run & Drive Verified","Pure Sale","[PREMIUM]",,"OCALA","FL","34482","USA","USD","[PREMIUM]","[PREMIUM]","K080",false,"[PREMIUM]","LUXURY COLLECTION",false,false,"[PREMIUM]",,,,,,,,"[PREMIUM]"
"57915796","2026-08-09 02:51:20.051","2026-08-18 08:58:34.100","57915796","2026-08-14 15:23:59.000","[PREMIUM]","108","FL - OCALA","2026-08-18","TUESDAY","1000","EDT","2254","V",2016,"HONDA","CRV","CR-V","4DR SPORT UTILITY","BLACK","FRONT END",,"FL","RB","YES","D",113523,"A","[PREMIUM]",11912,"2.4L 4","FRONT WHEEL DRIVE","AUTOMATIC","GAS",4,"Run & Drive Verified","Pure Sale","[PREMIUM]",,"OCALA","FL","34482","USA","USD","[PREMIUM]","[PREMIUM]","K060",false,"[PREMIUM]","EX",false,false,"[PREMIUM]",,,,,,,,"[PREMIUM]"
"57559066","2026-08-09 02:51:19.983","2026-08-18 08:58:34.064","57559066","2026-08-14 15:23:59.000","[PREMIUM]","108","FL - OCALA","2026-08-18","TUESDAY","1000","EDT","20","V",2016,"KIA","SOUL","SOUL","WAGON","BLACK","FRONT END","SIDE","FL","RB","YES","D",175471,"N","[PREMIUM]",3464,"1.6L 4","FRONT WHEEL DRIVE","AUTOMATIC","GAS",4,"Run & Drive Verified","Pure Sale","[PREMIUM]",,"OCALA","FL","34482","USA","USD","[PREMIUM]","[PREMIUM]","H040",false,"[PREMIUM]","BASE",false,false,"[PREMIUM]",,,,,,,,"[PREMIUM]"
"47948356","2026-08-09 02:51:19.067","2026-08-18 08:58:33.539","47948356","2026-08-17 16:37:58.000","[PREMIUM]","108","FL - OCALA","2026-08-18","TUESDAY","1000","EDT","85","V",2025,"BMW","X3","X3","SPORT UTILITY VEHICLE","CREAM","FRONT END",,"FL","CD","YES","D",12938,"A","[PREMIUM]",52473,"3.0L 6","ALL WHEEL DRIVE","AUTOMATIC","GAS",6,"Run & Drive Verified","On Minimum Bid","[PREMIUM]",,"OCALA","FL","34482","USA","USD","[PREMIUM]","[PREMIUM]","H010",false,"[PREMIUM]","M50",false,false,"[PREMIUM]",,,,,,,,"[PREMIUM]"
"47873216","2026-08-09 02:51:19.057","2026-08-18 08:58:33.509","47873216","2026-08-14 15:24:00.000","[PREMIUM]","108","FL - OCALA","2026-08-18","TUESDAY","1000","EDT","2291","V",2014,"NISSAN","FRONTIER","FRONTIER","PICKUP","GRAY","FRONT END",,"FL","RB","YES","D",233905,"A","[PREMIUM]",5926,"4.0L 6","4X2","AUTOMATIC","GAS",6,"Run & Drive Verified","Pure Sale","[PREMIUM]",,"OCALA","FL","34482","USA","USD","[PREMIUM]","[PREMIUM]","H060",false,"[PREMIUM]","SV V6",false,false,"[PREMIUM]",,,,,,,,"[PREMIUM]"
"48144466","2026-08-09 02:51:19.054","2026-08-18 08:58:33.575","48144466","2026-08-14 15:24:00.000","[PREMIUM]","108","FL - OCALA","2026-08-18","TUESDAY","1000","EDT","2268","V",2017,"HYUNDAI","SANTA FE","SANTA FE SPORT","SUV","GRAY","FRONT END",,"FL","RB","YES","D",167005,"A","[PREMIUM]",9735.81,"2.4L 4","FRONT WHEEL DRIVE","AUTOMATIC","GAS",4,"Run & Drive Verified","Pure Sale","[PREMIUM]",,"OCALA","FL","34482","USA","USD","[PREMIUM]","[PREMIUM]","G080",false,"[PREMIUM]","2.4L",false,false,"[PREMIUM]",,,,,,,,"[PREMIUM]"
"48153016","2026-08-09 02:51:19.052","2026-08-11 08:26:51.895","48153016","2026-08-08 22:06:10.000","[PREMIUM]","108","FL - OCALA",,,,"EDT","0","V",2019,"KIA","RIO","RIO","SEDAN","RED","FRONT END",,"FL","RB","YES","D",74403,"A","[PREMIUM]",8615.95,"1.6L 4","FRONT WHEEL DRIVE","AUTOMATIC","GAS",4,"Run & Drive Verified","Pure Sale","[PREMIUM]",,"OCALA","FL","34482","USA","USD","[PREMIUM]","[PREMIUM]","H010",false,"[PREMIUM]","S",false,false,"[PREMIUM]",,,,,,,,"[PREMIUM]"
"48094456","2026-08-09 02:51:19.048","2026-08-18 08:58:33.566","48094456","2026-08-17 16:40:07.000","[PREMIUM]","108","FL - OCALA","2026-08-18","TUESDAY","1000","EDT","2007","V",2024,"HYUNDAI","SANTA FE","SANTA FE","SUV","BLACK","ROLLOVER",,"FL","CD","NO","E",0,"N","[PREMIUM]",67894,"2.5L 4","FRONT WHEEL DRIVE","AUTOMATIC","GAS",4,"DEFAULT","On Minimum Bid","[PREMIUM]",,"OCALA","FL","34482","USA","USD","[PREMIUM]","[PREMIUM]","H050",false,"[PREMIUM]","LIMITED",false,false,"[PREMIUM]",,,,,,,,"[PREMIUM]"
"47414256","2026-08-09 02:51:19.009","2026-08-18 08:58:33.514","47414256","2026-08-17 16:41:06.000","[PREMIUM]","108","FL - OCALA","2026-08-18","TUESDAY","1000","EDT","109","V",2025,"MAZDA","CX30","CX-30","SPORT UTILITY VEHICLE","BLUE","SIDE","FRONT END","FL","RB","YES","D",5538,"A","[PREMIUM]",7806,"2.5L 4","ALL WHEEL DRIVE","AUTOMATIC","GAS",4,"Run & Drive Verified","On Minimum Bid","[PREMIUM]",,"OCALA","FL","34482","USA","USD","[PREMIUM]","[PREMIUM]","G070",false,"[PREMIUM]","SELECT",false,false,"[PREMIUM]",,,,,,,,"[PREMIUM]"
"59976346","2026-08-09 02:51:11.333","2026-08-12 08:28:24.698","59976346","2026-08-11 20:01:40.000","[PREMIUM]","105","FL - MIAMI CENTRAL","2026-08-12","WEDNESDAY","1000","EDT","25","V",2017,"VOLKSWAGEN","JETTA","JETTA","SEDAN 4DR","GRAY","FRONT END",,"FL","RB","YES","D",135304,"A","[PREMIUM]",6010.72,"1.4L 4","FRONT WHEEL DRIVE","MANUAL","GAS",4,"Run & Drive Verified","Pure Sale","[PREMIUM]",,"MIAMI","FL","33167 2916","USA","USD","[PREMIUM]","[PREMIUM]","B120",false,"[PREMIUM]","SE",false,false,"[PREMIUM]",,,,,,,,"[PREMIUM]"
"58436406","2026-08-09 02:51:10.754","2026-08-17 02:58:04.079","58436406","2026-08-14 21:04:00.000","[PREMIUM]","105","FL - MIAMI CENTRAL","2026-08-17","MONDAY","1000","EDT","90","V",2023,"VOLKSWAGEN","TAOS SE","TAOS","SPORT UTILITY VEHICLE","BLUE","FRONT END","SIDE","FL","CD","YES","D",26370,"A","[PREMIUM]",18694,"1.5L 4","FRONT WHEEL DRIVE","AUTOMATIC","GAS",4,"Run & Drive Verified","On Minimum Bid","[PREMIUM]",,"MIAMI","FL","33167 2916","USA","USD","[PREMIUM]","[PREMIUM]","B070",false,"[PREMIUM]","SE",false,false,"[PREMIUM]",,,,,,,,"[PREMIUM]"
"47815306","2026-08-09 02:50:15.265","2026-08-19 14:57:12.505","47815306","2026-08-19 08:00:24.000","[PREMIUM]","86","FL - FT. PIERCE","2026-08-19","WEDNESDAY","1000","EDT","822","K",2005,"GMC","SAVANA","SAVANA","CUTAWAY","WHITE","SIDE",,"FL","RB","YES","D",198945,"A","[PREMIUM]",8529,"4.8L 8","REAR WHEEL DRIVE","AUTOMATIC","GAS",8,"Run & Drive Verified","Pure Sale","[PREMIUM]",,"FORT PIERCE","FL","34946 7502","USA","USD","[PREMIUM]","[PREMIUM]","HV002",false,"[PREMIUM]","CUTAWAY G3500",false,false,"[PREMIUM]",,,,,,,,"[PREMIUM]"
"62884986","2026-08-09 02:49:57.664","2026-08-18 08:57:01.154","62884986","2026-08-14 21:32:40.000","[PREMIUM]","80","MN - MINNEAPOLIS NORTH","2026-08-18","TUESDAY","1200","CDT","2041","V",2024,"HONDA","CRV","CR-V","SPORT UTILITY VEHICLE","GRAY","FRONT END",,"FL","RB","YES","D",57098,"A","[PREMIUM]",21513,"2.0L 4","FRONT WHEEL DRIVE","AUTOMATIC","ELECTRIC AND GAS HYBRID",4,"Run & Drive Verified","On Minimum Bid","[PREMIUM]",,"HAM LAKE","MN","55304 6921","USA","USD","[PREMIUM]","[PREMIUM]","B080",false,"[PREMIUM]","SPORT",false,false,"[PREMIUM]",,,,,,,,"[PREMIUM]"
"79932195","2026-08-09 02:49:21.743","2026-08-18 08:56:22.877","79932195","2026-08-11 23:57:37.000","[PREMIUM]","70","FL - WEST PALM BEACH","2026-08-18","TUESDAY","1000","EDT","23","V",2019,"DODGE","CARAVAN","GRAND CARAVAN","VAN PASSENGER","BLACK","SIDE","MECHANICAL","FL","RB","YES","D",129967,"A","[PREMIUM]",0,"3.6L 6","FRONT WHEEL DRIVE","AUTOMATIC","FLEXIBLE",6,"Run & Drive Verified","Pure Sale","[PREMIUM]",,"WEST PALM BEACH","FL","33411 3823","USA","USD","[PREMIUM]","[PREMIUM]","O140",false,"[PREMIUM]","SXT",false,false,"[PREMIUM]",,,,,,,,"[PREMIUM]"
"63911756","2026-08-09 02:49:21.648","2026-08-18 08:56:22.424","63911756","2026-08-17 15:25:45.000","[PREMIUM]","70","FL - WEST PALM BEACH","2026-08-18","TUESDAY","1000","EDT","202","V",2018,"HONDA","ACCORD","ACCORD","SEDAN","WHITE","FRONT END","REAR END","FL","RB","YES","S",31748,"A","[PREMIUM]",17377.45,"1.5L 4","FRONT WHEEL DRIVE","AUTOMATIC","GAS",4,"Vehicle Starts","Pure Sale","[PREMIUM]",,"WEST PALM BEACH","FL","33411 3823","USA","USD","[PREMIUM]","[PREMIUM]","INSP",false,"[PREMIUM]","LX",false,false,"[PREMIUM]",,,,,,,,"[PREMIUM]"
"57664836","2026-08-09 02:49:19.592","2026-08-18 08:56:20.110","57664836","2026-08-11 23:57:37.000","[PREMIUM]","70","FL - WEST PALM BEACH","2026-08-18","TUESDAY","1000","EDT","29","V",2020,"BMW","X3","X3","SPORT UTILITY VEHICLE","SILVER","SIDE",,"FL","RB","YES","E",35851,"A","[PREMIUM]",21853.05,"3.0L 6","ALL WHEEL DRIVE","AUTOMATIC","GAS",6,"DEFAULT","Pure Sale","[PREMIUM]",,"WEST PALM BEACH","FL","33411 3823","USA","USD","[PREMIUM]","[PREMIUM]","G060",false,"[PREMIUM]","M COMPETITION",false,false,"[PREMIUM]",,,,,,,,"[PREMIUM]"
"48185936","2026-08-09 02:49:18.655","2026-08-18 08:56:19.008","48185936","2026-08-11 23:57:37.000","[PREMIUM]","70","FL - WEST PALM BEACH","2026-08-18","TUESDAY","1000","EDT","10","V",2017,"VOLKSWAGEN","TIGUAN","TIGUAN","4DR SPORT UTILITY","SILVER","FRONT END","SIDE","FL","RB","YES","D",176594,"A","[PREMIUM]",3723,"2.0L 4","FRONT WHEEL DRIVE","AUTOMATIC","GAS",4,"Run & Drive Verified","Pure Sale","[PREMIUM]",,"WEST PALM BEACH","FL","33411 3823","USA","USD","[PREMIUM]","[PREMIUM]","P130",false,"[PREMIUM]","S",false,false,"[PREMIUM]",,,,,,,,"[PREMIUM]"
"48242416","2026-08-09 02:49:18.431","2026-08-11 08:24:51.790","48242416","2026-08-08 22:06:11.000","[PREMIUM]","70","FL - WEST PALM BEACH",,,,"EDT","0","V",2018,"CHEVROLET","MALIBU","MALIBU","SEDAN","BROWN","FRONT END","REAR END","FL","RB","YES","D",82511,"A","[PREMIUM]",8254,"1.5L 4","FRONT WHEEL DRIVE","AUTOMATIC","GAS",4,"Run & Drive Verified","Pure Sale","[PREMIUM]",,"WEST PALM BEACH","FL","33411 3823","USA","USD","[PREMIUM]","[PREMIUM]","P130",false,"[PREMIUM]","LT",false,false,"[PREMIUM]",,,,,,,,"[PREMIUM]"
"47738526","2026-08-09 02:49:18.395","2026-08-19 14:56:10.673","47738526","2026-08-11 23:57:42.000","[PREMIUM]","70","FL - WEST PALM BEACH","2026-08-20","THURSDAY","1000","EDT","7","V",2018,"HONDA","CLARITY","CLARITY","SEDAN","GRAY","REAR END",,"FL","RB","YES",,52184,"A","[PREMIUM]",14130.03,"1.5L 4","FRONT WHEEL DRIVE","AUTOMATIC","ELECTRIC AND GAS HYBRID",4,,"On Minimum Bid","[PREMIUM]",,"WEST PALM BEACH","FL","33411 3823","USA","USD","[PREMIUM]","[PREMIUM]","O100",false,"[PREMIUM]","TOURING",false,false,"[PREMIUM]",,,,,,,,"[PREMIUM]"
"47911166","2026-08-09 02:49:18.392","2026-08-19 14:56:10.677","47911166","2026-08-11 23:57:42.000","[PREMIUM]","70","FL - WEST PALM BEACH","2026-08-20","THURSDAY","1000","EDT","6","V",2023,"DODGE","CHARGER","CHARGER","SEDAN","WHITE","ROLLOVER",,"FL","RB","YES","E",34490,"A","[PREMIUM]",47070.7,"6.2L 8","REAR WHEEL DRIVE","AUTOMATIC","GAS",8,"DEFAULT","On Minimum Bid","[PREMIUM]",,"WEST PALM BEACH","FL","33411 3823","USA","USD","[PREMIUM]","[PREMIUM]","G030",false,"[PREMIUM]","SRT HELLCAT",false,false,"[PREMIUM]",,,,,,,,"[PREMIUM]"
"47474386","2026-08-09 02:49:18.389","2026-08-18 08:56:18.997","47474386","2026-08-11 23:57:37.000","[PREMIUM]","70","FL - WEST PALM BEACH","2026-08-18","TUESDAY","1000","EDT","9","V",2021,"KIA","FORTE","FORTE","SEDAN","GRAY","REAR END","STRIPPED","FL","CD","YES","D",43613,"A","[PREMIUM]",17224.84,"2.0L 4","FRONT WHEEL DRIVE","AUTOMATIC","GAS",4,"Run & Drive Verified","Pure Sale","[PREMIUM]",,"WEST PALM BEACH","FL","33411 3823","USA","USD","[PREMIUM]","[PREMIUM]","N120",false,"[PREMIUM]","LXS",false,false,"[PREMIUM]",,,,,,,,"[PREMIUM]"
"79763525","2026-08-09 02:48:25.557","2026-08-23 05:41:09.432","79763525","2026-08-22 02:45:18.000","[PREMIUM]","55","FL - ORLANDO SOUTH","2026-08-27","THURSDAY","1000","EDT","0","V",2022,"FORD","F150","F150","PICKUP","GRAY","FRONT END",,"FL","RB","YES","D",56028,"A","[PREMIUM]",21195,"3.5L 6","REAR WHEEL DRIVE","AUTOMATIC","GAS",6,"Run & Drive Verified","On Minimum Bid","[PREMIUM]",,"ORLANDO","FL","32824 7826","USA","USD","[PREMIUM]","[PREMIUM]","G050",false,"[PREMIUM]","SUPERCREW",false,false,"[PREMIUM]",,,,,,,,"[PREMIUM]"
"79922575","2026-08-09 02:48:25.555","2026-08-19 14:55:16.928","79922575","2026-08-12 16:51:15.000","[PREMIUM]","55","FL - ORLANDO SOUTH","2026-08-20","THURSDAY","1000","EDT","0","V",2024,"TOYOTA","CAMRY","CAMRY","SEDAN","SILVER","REAR END",,"FL","CD","YES","D",28815,"A","[PREMIUM]",22436,"2.5L 4","FRONT WHEEL DRIVE","AUTOMATIC","GAS",4,"Run & Drive Verified","On Minimum Bid","[PREMIUM]",,"ORLANDO","FL","32824 7826","USA","USD","[PREMIUM]","[PREMIUM]","E020",false,"[PREMIUM]","SE",false,false,"[PREMIUM]",,,,,,,,"[PREMIUM]"
"63872436","2026-08-09 02:48:25.340","2026-08-10 02:49:40.012","63872436","2026-08-08 22:18:01.000","[PREMIUM]","55","FL - ORLANDO SOUTH",,,,"EDT","0","V",2017,"NISSAN","ALTIMA","ALTIMA","SEDAN","BLACK","ALL OVER",,"FL","RB","YES","E",0,"N","[PREMIUM]",11174.11,"2.5L 4","FRONT WHEEL DRIVE","AUTOMATIC","GAS",4,"DEFAULT","Pure Sale","[PREMIUM]",,"ORLANDO","FL","32824 7826","USA","USD","[PREMIUM]","[PREMIUM]","UA10",false,"[PREMIUM]","2.5 SR",false,false,"[PREMIUM]",,,,,,,,"[PREMIUM]"
"58985306","2026-08-09 02:48:23.159","2026-08-20 17:35:05.000","58985306","2026-08-19 13:28:56.000","[PREMIUM]","841","CRASHEDTOYS POWERSPORT AUCTION","2026-08-20","THURSDAY","1200","CDT","2027","C",2022,"HARLEY-DAVIDSON","ALL OTHER","FLHXST","TOURING","BLACK","FRONT END","SIDE","FL","RB","YES",,0,"N","[PREMIUM]",19327.14,"2",,"MANUAL","GAS",2,,"Pure Sale","[PREMIUM]",,"ORLANDO","FL","32824 7826","USA","USD","[PREMIUM]","[PREMIUM]","G020",false,"[PREMIUM]",,false,false,"[PREMIUM]",,,,,,,,"[PREMIUM]"
"57040876","2026-08-09 02:48:22.588","2026-08-18 08:55:22.053","57040876","2026-08-18 08:00:34.000","[PREMIUM]","55","FL - ORLANDO SOUTH","2026-08-18","TUESDAY","1000","EDT","40","V",2025,"JEEP","GLADIATOR","GLADIATOR","PICKUP","WHITE","SIDE","FRONT END","FL","RB","YES","D",7270,"A","[PREMIUM]",23382.05,"3.6L 6","4X4 W/REAR WHEEL DRV","AUTOMATIC","GAS",6,"Run & Drive Verified","Pure Sale","[PREMIUM]",,"ORLANDO","FL","32824 7826","USA","USD","[PREMIUM]","[PREMIUM]","B040",false,"[PREMIUM]","SPORT",false,false,"[PREMIUM]",,,,,,,,"[PREMIUM]"
"55773546","2026-08-09 02:48:22.357","2026-08-18 08:55:21.922","55773546","2026-08-18 08:00:35.000","[PREMIUM]","55","FL - ORLANDO SOUTH","2026-08-18","TUESDAY","1000","EDT","3514","V",2014,"TOYOTA","CAMRY","CAMRY","SEDAN","BLACK","FRONT END","SIDE","FL","RB","YES","S",209045,"A","[PREMIUM]",7118,"3.5L 6","FRONT WHEEL DRIVE","AUTOMATIC","GAS",6,"Vehicle Starts","Pure Sale","[PREMIUM]",,"ORLANDO","FL","32824 7826","USA","USD","[PREMIUM]","[PREMIUM]","E050",false,"[PREMIUM]","SE V6",false,false,"[PREMIUM]",,,,,,,,"[PREMIUM]"
"46967126","2026-08-09 02:48:21.666","2026-08-22 05:39:27.092","46967126","2026-08-22 02:45:08.000","[PREMIUM]","55","FL - ORLANDO SOUTH","2026-08-27","THURSDAY","1000","EDT","0","V",2024,"NISSAN","ROGUE","ROGUE","WAGON","SILVER","SIDE",,"FL","RB","YES","D",22961,"A","[PREMIUM]",13982,"1.5L 3","FRONT WHEEL DRIVE","AUTOMATIC","GAS",3,"Run & Drive Verified","On Minimum Bid","[PREMIUM]",,"ORLANDO","FL","32824 7826","USA","USD","[PREMIUM]","[PREMIUM]","C040",false,"[PREMIUM]","SV",false,false,"[PREMIUM]",,,,,,,,"[PREMIUM]"
"47389496","2026-08-09 02:48:21.657","2026-08-23 05:41:05.159","47389496","2026-08-22 02:45:08.000","[PREMIUM]","55","FL - ORLANDO SOUTH","2026-08-27","THURSDAY","1000","EDT","0","V",2025,"KIA","K4","K4","SEDAN","BLUE","REAR END",,"FL","RB","YES","D",563,"A","[PREMIUM]",14618,"2.0L 4","FRONT WHEEL DRIVE","AUTOMATIC","GAS",4,"Run & Drive Verified","On Minimum Bid","[PREMIUM]",,"ORLANDO","FL","32824 7826","USA","USD","[PREMIUM]","[PREMIUM]","L020",false,"[PREMIUM]","EX",false,false,"[PREMIUM]",,,,,,,,"[PREMIUM]"
"47533776","2026-08-09 02:48:21.651","2026-08-19 14:55:13.364","47533776","2026-08-12 16:40:24.000","[PREMIUM]","55","FL - ORLANDO SOUTH","2026-08-20","THURSDAY","1000","EDT","0","V",2022,"BMW","X3","X3","SPORT UTILITY VEHICLE","BLUE","FRONT END",,"FL","RB","YES",,66208,"A","[PREMIUM]",18684,"2.0L 4","REAR WHEEL DRIVE","AUTOMATIC","GAS",4,,"On Minimum Bid","[PREMIUM]",,"ORLANDO","FL","32824 7826","USA","USD","[PREMIUM]","[PREMIUM]","L020",false,"[PREMIUM]","SDRIVE30I",false,false,"[PREMIUM]",,,,,,,,"[PREMIUM]"
"47402186","2026-08-09 02:48:21.642","2026-08-18 08:55:21.354","47402186","2026-08-18 08:00:34.000","[PREMIUM]","55","FL - ORLANDO SOUTH","2026-08-18","TUESDAY","1000","EDT","2285","V",2020,"HONDA","FIT","FIT","HATCHBACK","WHITE","FRONT END",,"FL","CD","YES","D",48475,"A","[PREMIUM]",16469.03,"1.5L 4","FRONT WHEEL DRIVE","AUTOMATIC","GAS",4,"Run & Drive Verified","Pure Sale","[PREMIUM]",,"ORLANDO","FL","32824 7826","USA","USD","[PREMIUM]","[PREMIUM]","L020",false,"[PREMIUM]","LX",false,false,"[PREMIUM]",,,,,,,,"[PREMIUM]"
"47501326","2026-08-09 02:48:21.641","2026-08-18 08:55:21.328","47501326","2026-08-18 08:00:35.000","[PREMIUM]","55","FL - ORLANDO SOUTH","2026-08-18","TUESDAY","1000","EDT","2328","V",2014,"HONDA","CRV","CR-V","4DR SPORT UTILITY","SILVER","SIDE","FRONT END","FL","RB","YES","D",89313,"A","[PREMIUM]",10889,"2.4L 4","FRONT WHEEL DRIVE","AUTOMATIC","GAS",4,"Run & Drive Verified","Pure Sale","[PREMIUM]",,"ORLANDO","FL","32824 7826","USA","USD","[PREMIUM]","[PREMIUM]","L020",false,"[PREMIUM]","EXL",false,false,"[PREMIUM]",,,,,,,,"[PREMIUM]"
"79922245","2026-08-09 02:47:01.723","2026-08-14 16:09:14.358","79922245","2026-08-14 13:18:54.000","[PREMIUM]","34","FL - TAMPA SOUTH","2026-08-14","FRIDAY","1000","EDT","197","V",2024,"SUBARU","OUTBACK","OUTBACK","SPORT UTILITY VEHICLE","WHITE","FRONT END","SIDE","FL","RB","YES","D",56546,"A","[PREMIUM]",19394,"2.5L 4","ALL WHEEL DRIVE","AUTOMATIC","GAS",4,"Run & Drive Verified","Pure Sale","[PREMIUM]",,"RIVERVIEW","FL","33578 7610","USA","USD","[PREMIUM]","[PREMIUM]","J100",false,"[PREMIUM]","LIMITED",false,false,"[PREMIUM]",,,,,,,,"[PREMIUM]"
"79759835","2026-08-09 02:47:01.714","2026-08-23 05:39:41.699","79759835","2026-08-23 02:00:48.000","[PREMIUM]","34","FL - TAMPA SOUTH","2026-08-28","FRIDAY","1000","EDT","0","V",2020,"LEXUS","NX","NX 300","WAGON","GRAY","SIDE","REAR END","FL","CD","YES","D",58788,"A","[PREMIUM]",19684,"2.0L 4","FRONT WHEEL DRIVE","AUTOMATIC","GAS",4,"Run & Drive Verified","On Minimum Bid","[PREMIUM]",,"RIVERVIEW","FL","33578 7610","USA","USD","[PREMIUM]","[PREMIUM]","I030",false,"[PREMIUM]","BASE",false,false,"[PREMIUM]",,,,,,,,"[PREMIUM]"
"79756265","2026-08-09 02:47:01.712","2026-08-13 14:23:02.703","79756265","2026-08-12 19:16:43.000","[PREMIUM]","34","FL - TAMPA SOUTH","2026-08-14","FRIDAY","1000","EDT","2002","V",2025,"TOYOTA","COROLLA","COROLLA","SEDAN","WHITE","FRONT END",,"FL","CD","YES","D",17397,"A","[PREMIUM]",17390,"2.0L 4","FRONT WHEEL DRIVE","AUTOMATIC","GAS",4,"Run & Drive Verified","On Minimum Bid","[PREMIUM]",,"RIVERVIEW","FL","33578 7610","USA","USD","[PREMIUM]","[PREMIUM]","I090",false,"[PREMIUM]","LE",false,false,"[PREMIUM]",,,,,,,,"[PREMIUM]"
"63488196","2026-08-09 02:47:01.141","2026-08-13 14:23:02.005","63488196","2026-08-12 19:16:43.000","[PREMIUM]","34","FL - TAMPA SOUTH","2026-08-14","FRIDAY","1000","EDT","123","V",2012,"TOYOTA","CAMRY","CAMRY","SEDAN","BLACK","FRONT END",,"FL","RB","YES","D",121964,"A","[PREMIUM]",0,"2.5L 4","FRONT WHEEL DRIVE","AUTOMATIC","GAS",4,"Run & Drive Verified","Pure Sale","[PREMIUM]",,"RIVERVIEW","FL","33578 7610","USA","USD","[PREMIUM]","[PREMIUM]","SG003",false,"[PREMIUM]","LE",false,false,"[PREMIUM]",,,,,,,,"[PREMIUM]"
"63340326","2026-08-09 02:46:59.784","2026-08-14 16:09:13.441","63340326","2026-08-12 19:16:43.000","[PREMIUM]","34","FL - TAMPA SOUTH","2026-08-14","FRIDAY","1000","EDT","2256","V",2018,"NISSAN","ARMADA","ARMADA","SPORT UTILITY VEHICLE","BROWN","SIDE",,"FL","RB","YES","D",146437,"A","[PREMIUM]",22869.1,"5.6L 8","REAR WHEEL DRIVE","AUTOMATIC","GAS",8,"Run & Drive Verified","Pure Sale","[PREMIUM]",,"RIVERVIEW","FL","33578 7610","USA","USD","[PREMIUM]","[PREMIUM]","D100",false,"[PREMIUM]","PLATINUM",false,false,"[PREMIUM]",,,,,,,,"[PREMIUM]"
"63235556","2026-08-09 02:46:59.755","2026-08-14 16:09:13.388","63235556","2026-08-12 19:16:43.000","[PREMIUM]","34","FL - TAMPA SOUTH","2026-08-14","FRIDAY","1000","EDT","185","V",2006,"MERCEDES-BENZ","M-CLASS","ML","4DR SPORT UTILITY","SILVER","FRONT END",,"FL","RB","YES","D",94343,"A","[PREMIUM]",9419.85,"3.5L 6","ALL WHEEL DRIVE","AUTOMATIC","GAS",6,"Run & Drive Verified","Pure Sale","[PREMIUM]",,"RIVERVIEW","FL","33578 7610","USA","USD","[PREMIUM]","[PREMIUM]","D080",false,"[PREMIUM]","350",false,false,"[PREMIUM]",,,,,,,,"[PREMIUM]"
"63190486","2026-08-09 02:46:59.740","2026-08-14 16:09:13.383","63190486","2026-08-12 19:16:43.000","[PREMIUM]","34","FL - TAMPA SOUTH","2026-08-14","FRIDAY","1000","EDT","201","V",2026,"CADILLAC","OPTIQ","OPTIQ","SPORT UTILITY VEHICLE","PURPLE","SIDE",,"FL","RB","YES","S",4257,"A","[PREMIUM]",40779.36,,"REAR WHEEL DRIVE","AUTOMATIC","ELECTRIC",,"Vehicle Starts","Pure Sale","[PREMIUM]",,"RIVERVIEW","FL","33578 7610","USA","USD","[PREMIUM]","[PREMIUM]","C090",false,"[PREMIUM]","LUXURY",false,false,"[PREMIUM]",,,,,,,,"[PREMIUM]"
"63099936","2026-08-09 02:46:59.673","2026-08-14 16:09:13.355","63099936","2026-08-12 19:16:43.000","[PREMIUM]","34","FL - TAMPA SOUTH","2026-08-14","FRIDAY","1000","EDT","2251","V",2010,"TOYOTA","RAV4","RAV4","4DR SPORT UTILITY","RED","FRONT END","REAR END","FL","RB","YES","D",187628,"A","[PREMIUM]",0,"2.5L 4","FRONT WHEEL DRIVE","AUTOMATIC","GAS",4,"Run & Drive Verified","Pure Sale","[PREMIUM]",,"RIVERVIEW","FL","33578 7610","USA","USD","[PREMIUM]","[PREMIUM]","C020",false,"[PREMIUM]","LIMITED",false,false,"[PREMIUM]",,,,,,,,"[PREMIUM]"
"62936476","2026-08-09 02:46:58.681","2026-08-14 16:09:13.228","62936476","2026-08-12 19:16:43.000","[PREMIUM]","34","FL - TAMPA SOUTH","2026-08-14","FRIDAY","1000","EDT","2299","V",2013,"KIA","OPTIMA","OPTIMA","SEDAN 4DR","GRAY","FRONT END","SIDE","FL","RB","YES","D",116288,"A","[PREMIUM]",7964.04,"2.4L 4","FRONT WHEEL DRIVE","AUTOMATIC","GAS",4,"Run & Drive Verified","Pure Sale","[PREMIUM]",,"RIVERVIEW","FL","33578 7610","USA","USD","[PREMIUM]","[PREMIUM]","B080",false,"[PREMIUM]","EX",false,false,"[PREMIUM]",,,,,,,,"[PREMIUM]"
"61903546","2026-08-09 02:46:57.853","2026-08-13 14:23:01.283","61903546","2026-08-12 19:16:43.000","[PREMIUM]","34","FL - TAMPA SOUTH","2026-08-14","FRIDAY","1000","EDT","2096","V",2008,"LEXUS","RX350","RX","4DR SPORT UTILITY","BEIGE","ALL OVER",,"FL","CD","NO","E",0,"E","[PREMIUM]",5763,"3.5L 6","FRONT WHEEL DRIVE","AUTOMATIC","GAS",6,"DEFAULT","Pure Sale","[PREMIUM]",,"RIVERVIEW","FL","33578 7610","USA","USD","[PREMIUM]","[PREMIUM]","M110",false,"[PREMIUM]","350",false,false,"[PREMIUM]",,,,,,,,"[PREMIUM]"
"61185066","2026-08-09 02:46:57.418","2026-08-13 14:23:00.975","61185066","2026-08-12 19:16:43.000","[PREMIUM]","34","FL - TAMPA SOUTH","2026-08-14","FRIDAY","1000","EDT","2070","V",2019,"TOYOTA","CAMRY","CAMRY","SEDAN","BLACK","FRONT END","SIDE","FL","RB","YES","E",92254,"A","[PREMIUM]",17333,"3.5L 6","FRONT WHEEL DRIVE","AUTOMATIC","GAS",6,"DEFAULT","On Minimum Bid","[PREMIUM]",,"RIVERVIEW","FL","33578 7610","USA","USD","[PREMIUM]","[PREMIUM]","G100",false,"[PREMIUM]","XSE V6",false,false,"[PREMIUM]",,,,,,,,"[PREMIUM]"
"60889436","2026-08-09 02:46:57.264","2026-08-13 14:23:00.880","60889436","2026-08-12 19:16:42.000","[PREMIUM]","34","FL - TAMPA SOUTH","2026-08-14","FRIDAY","1000","EDT","124","V",2021,"RAM","2500","2500","PICKUP","WHITE","FRONT END",,"FL","RB","YES","D",96902,"A","[PREMIUM]",37886,"6.7L 6","4X4 W/REAR WHEEL DRV","AUTOMATIC","DIESEL",6,"Run & Drive Verified","On Minimum Bid","[PREMIUM]",,"RIVERVIEW","FL","33578 7610","USA","USD","[PREMIUM]","[PREMIUM]","N010",false,"[PREMIUM]","LARAMIE",false,false,"[PREMIUM]",,,,,,,,"[PREMIUM]"
"60058396","2026-08-09 02:46:57.024","2026-08-14 16:09:11.987","60058396","2026-08-12 19:16:43.000","[PREMIUM]","34","FL - TAMPA SOUTH","2026-08-14","FRIDAY","1000","EDT","162","V",2015,"FORD","FUSION","FUSION","SEDAN 4DR","BLUE","SIDE",,"FL","RB","YES","D",86460,"A","[PREMIUM]",5852.02,"2.0L 4","FRONT WHEEL DRIVE","AUTOMATIC","GAS",4,"Run & Drive Verified","Pure Sale","[PREMIUM]",,"RIVERVIEW","FL","33578 7610","USA","USD","[PREMIUM]","[PREMIUM]","SJ003",false,"[PREMIUM]","SE",false,false,"[PREMIUM]",,,,,,,,"[PREMIUM]"
"59771176","2026-08-09 02:46:56.933","2026-08-13 14:23:00.543","59771176","2026-08-12 19:16:42.000","[PREMIUM]","34","FL - TAMPA SOUTH","2026-08-14","FRIDAY","1000","EDT","138","V",2021,"CHEVROLET","EQUINOX","EQUINOX","SPORT UTILITY VEHICLE","BLUE","REAR END",,"FL","RB","YES","D",101614,"A","[PREMIUM]",12892,"1.5L 4","FRONT WHEEL DRIVE","AUTOMATIC","GAS",4,"Run & Drive Verified","Pure Sale","[PREMIUM]",,"RIVERVIEW","FL","33578 7610","USA","USD","[PREMIUM]","[PREMIUM]","D050",false,"[PREMIUM]","LT",false,false,"[PREMIUM]",,,,,,,,"[PREMIUM]"
"59214476","2026-08-09 02:46:56.779","2026-08-14 16:09:11.726","59214476","2026-08-12 19:16:43.000","[PREMIUM]","34","FL - TAMPA SOUTH","2026-08-14","FRIDAY","1000","EDT","2271","V",2017,"KIA","SOUL","SOUL","4DR SPORT UTILITY","GRAY","FRONT END",,"FL","RB","YES","D",87801,"A","[PREMIUM]",8475,"2.0L 4","FRONT WHEEL DRIVE","AUTOMATIC","GAS",4,"Run & Drive Verified","Pure Sale","[PREMIUM]",,"RIVERVIEW","FL","33578 7610","USA","USD","[PREMIUM]","[PREMIUM]","A040",false,"[PREMIUM]","+",false,false,"[PREMIUM]",,,,,,,,"[PREMIUM]"
"55519226","2026-08-09 02:46:56.061","2026-08-23 05:39:38.795","55519226","2026-08-21 15:11:06.000","[PREMIUM]","34","FL - TAMPA SOUTH","2026-08-28","FRIDAY","1000","EDT","0","V",2024,"AUDI","A6","A6","SEDAN","BLACK","FRONT END",,"FL","CD","YES","E",28875,"A","[PREMIUM]",35493,"2.0L 4","ALL WHEEL DRIVE","AUTOMATIC","GAS",4,"DEFAULT","On Minimum Bid","[PREMIUM]",,"RIVERVIEW","FL","33578 7610","USA","USD","[PREMIUM]","[PREMIUM]","G080",false,"[PREMIUM]","PREMIUM",false,false,"[PREMIUM]",,,,,,,,"[PREMIUM]"
"47869446","2026-08-09 02:46:55.450","2026-08-20 22:37:10.988","47869446","2026-08-19 19:08:03.000","[PREMIUM]","34","FL - TAMPA SOUTH","2026-08-21","FRIDAY","1000","EDT","2059","V",2024,"VOLKSWAGEN","ATLAS","ATLAS CROSS SPORT","SPORT UTILITY VEHICLE","GRAY","WATER/FLOOD","SIDE","FL","R1","NO",,23055,"A","[PREMIUM]",6428,"2.0L 4","FRONT WHEEL DRIVE","AUTOMATIC","GAS",4,,"On Minimum Bid","[PREMIUM]",,"RIVERVIEW","FL","33578 7610","USA","USD","[PREMIUM]","[PREMIUM]","G030",false,"[PREMIUM]","SE",false,false,"[PREMIUM]",,,,,,,,"[PREMIUM]"
"47364896","2026-08-09 02:46:55.382","2026-08-13 14:22:59.129","47364896","2026-08-12 19:16:43.000","[PREMIUM]","34","FL - TAMPA SOUTH","2026-08-14","FRIDAY","1000","EDT","2062","V",2018,"JEEP","WRANGLER","WRANGLER UNLIMITED","SPORT UTILITY VEHICLE","BLUE","REAR END","FRONT END","FL","RB","YES","E",85028,"A","[PREMIUM]",15878,"3.6L 6","4X4 W/REAR WHEEL DRV","AUTOMATIC","GAS",6,"DEFAULT","On Minimum Bid","[PREMIUM]",,"RIVERVIEW","FL","33578 7610","USA","USD","[PREMIUM]","[PREMIUM]","G060",false,"[PREMIUM]","SPORT",false,false,"[PREMIUM]",,,,,,,,"[PREMIUM]"
"47392306","2026-08-09 02:46:55.379","2026-08-13 14:22:59.180","47392306","2026-08-12 19:16:42.000","[PREMIUM]","34","FL - TAMPA SOUTH","2026-08-14","FRIDAY","1000","EDT","47","V",2022,"HYUNDAI","PALISADE","PALISADE","SUV","WHITE","FRONT END","REAR END","FL","CD","YES","D",71483,"A","[PREMIUM]",21485,"3.8L 6","FRONT WHEEL DRIVE","AUTOMATIC","GAS",6,"Run & Drive Verified","On Minimum Bid","[PREMIUM]",,"RIVERVIEW","FL","33578 7610","USA","USD","[PREMIUM]","[PREMIUM]","I100",false,"[PREMIUM]","CALLIGRAPHY",false,false,"[PREMIUM]",,,,,,,,"[PREMIUM]"
"47269486","2026-08-09 02:46:55.363","2026-08-13 14:22:59.131","47269486","2026-08-12 19:16:43.000","[PREMIUM]","34","FL - TAMPA SOUTH","2026-08-14","FRIDAY","1000","EDT","2006","V",2020,"TESLA","MODEL Y","MODEL Y","SPORT UTILITY VEHICLE","GRAY","SIDE","REAR END","FL","CD","YES","D",106157,"A","[PREMIUM]",0,,"ALL WHEEL DRIVE","AUTOMATIC","ELECTRIC",,"Run & Drive Verified","On Minimum Bid","[PREMIUM]",,"RIVERVIEW","FL","33578 7610","USA","USD","[PREMIUM]","[PREMIUM]","J010",false,"[PREMIUM]",,false,false,"[PREMIUM]",,,,,,,,"[PREMIUM]"
"63105246","2026-08-09 02:46:54.507","2026-08-13 14:22:58.216","63105246","2026-08-11 18:25:49.000","[PREMIUM]","33","FL - MIAMI NORTH","2026-08-14","FRIDAY","1000","EDT","0","V",2015,"HYUNDAI","SONATA","SONATA","SEDAN","BROWN","FRONT END","SIDE","FL","RB","YES","D",180739,"A","[PREMIUM]",5650,"2.4L 4","FRONT WHEEL DRIVE","AUTOMATIC","GAS",4,"Run & Drive Verified","Pure Sale","[PREMIUM]",,"OPA LOCKA","FL","33054 5051","USA","USD","[PREMIUM]","[PREMIUM]","G020",false,"[PREMIUM]","SPORT",false,false,"[PREMIUM]",,,,,,,,"[PREMIUM]"
"49033356","2026-08-09 02:46:52.260","2026-08-13 14:22:56.398","49033356","2026-08-11 16:37:20.000","[PREMIUM]","33","FL - MIAMI NORTH","2026-08-14","FRIDAY","1000","EDT","0","V",2021,"HONDA","CIVIC","CIVIC","SEDAN","GRAY","SIDE",,"FL","CD","YES","D",137676,"A","[PREMIUM]",11548.54,"2.0L 4","FRONT WHEEL DRIVE","AUTOMATIC","GAS",4,"Run & Drive Verified","Pure Sale","[PREMIUM]",,"OPA LOCKA","FL","33054 5051","USA","USD","[PREMIUM]","[PREMIUM]","J010",false,"[PREMIUM]","LX",false,false,"[PREMIUM]",,,,,,,,"[PREMIUM]"
"47737676","2026-08-09 02:46:52.223","2026-08-18 08:53:53.547","47737676","2026-08-18 08:00:14.000","[PREMIUM]","33","FL - MIAMI NORTH","2026-08-18","TUESDAY","1000","EDT","33","V",2026,"HONDA","CRV","CR-V","SPORT UTILITY VEHICLE","BURGUNDY","FRONT END",,"FL","RB","YES","D",837,"A","[PREMIUM]",17474,"1.5L 4","FRONT WHEEL DRIVE","AUTOMATIC","GAS",4,"Run & Drive Verified","On Minimum Bid","[PREMIUM]",,"OPA LOCKA","FL","33054 5051","USA","USD","[PREMIUM]","[PREMIUM]","H030",false,"[PREMIUM]","EXL",false,false,"[PREMIUM]",,,,,,,,"[PREMIUM]"
"48049946","2026-08-09 02:46:52.212","2026-08-13 14:22:56.373","48049946","2026-08-11 18:39:33.000","[PREMIUM]","33","FL - MIAMI NORTH","2026-08-14","FRIDAY","1000","EDT","0","V",2020,"HYUNDAI","SANTA FE","SANTA FE","SUV","GRAY","FRONT END",,"FL","CD","YES","D",59542,"A","[PREMIUM]",11919,"2.4L 4","FRONT WHEEL DRIVE","AUTOMATIC","GAS",4,"Run & Drive Verified","Pure Sale","[PREMIUM]",,"OPA LOCKA","FL","33054 5051","USA","USD","[PREMIUM]","[PREMIUM]","SO003",false,"[PREMIUM]","SE",false,false,"[PREMIUM]",,,,,,,,"[PREMIUM]"
