"_primaryKey","_firstSeenAt","_lastSeenAt","lotId","updatedAt","vin","yardNumber","yardName","saleDate","saleDayOfWeek","saleTime","saleTimeZone","itemNumber","vehicleType","year","make","modelGroup","modelDetail","bodyStyle","exteriorColor","damageDescription","secondaryDamage","saleTitleState","saleTitleType","hasKeys","lotCondCode","mileage","odometerBrand","estRetailValue","repairCost","engine","drivetrain","transmission","fuelType","cylinders","runsDrives","saleStatus","highBid","specialNote","locationCity","locationState","locationZip","locationCountry","currencyCode","imageThumbnail","imageUrl","gridRow","makeOfferEligible","buyItNowPrice","trim","rentals","wholesale","sellerName","offsiteAddress1","offsiteState","offsiteCity","offsiteZip","saleLight","autoGrade","announcements","listingUrl"
"85759775","2026-08-15 22:22:48.847","2026-08-15 22:22:48.847","85759775","2026-08-15 01:06:08.000","[PREMIUM]","186","CA - LONG BEACH","2026-08-19","WEDNESDAY","1200","PDT","0","V",2018,"FORD","ALL Models","MUSTANG",,"BLUE","FRONT END","SIDE","CA","SC","YES","S",63002,"A","[PREMIUM]",16769.98,"2.3L  4","Rear-wheel drive","AUTOMATIC","GAS",4,"Vehicle Starts","On Minimum Bid","[PREMIUM]",,"WILMINGTON","CA","90744 1609","USA","USD","[PREMIUM]","[PREMIUM]","B030",false,"[PREMIUM]",,false,false,"[PREMIUM]",,,,,,,,"[PREMIUM]"
"86899595","2026-08-15 22:22:48.845","2026-08-19 15:01:18.446","86899595","2026-08-19 13:00:04.000","[PREMIUM]","186","CA - LONG BEACH","2026-08-19","WEDNESDAY","1200","PDT","71","V",2016,"NISSAN","SENTRA","SENTRA",,"BLACK","SIDE",,"CA","SC","YES","D",122628,"A","[PREMIUM]",7109.01,"1.8L  4","Front-wheel Drive","AUTOMATIC","GAS",4,"Run & Drive Verified","On Minimum Bid","[PREMIUM]",,"WILMINGTON","CA","90744 1609","USA","USD","[PREMIUM]","[PREMIUM]","F040",false,"[PREMIUM]","S",false,false,"[PREMIUM]",,,,,,,,"[PREMIUM]"
"48233155","2026-08-15 22:22:38.633","2026-08-21 17:44:24.307","48233155","2026-08-21 13:00:07.000","[PREMIUM]","186","CA - LONG BEACH","2026-08-21","FRIDAY","1200","PDT","2017","V",2019,"MERCEDES-BENZ","A-CLASS","A",,"WHITE","FRONT END",,"CA","SC","YES","D",52517,"A","[PREMIUM]",13208.39,"2.0L  4","Front-wheel Drive","AUTOMATIC","GAS",4,"Run & Drive Verified","On Minimum Bid","[PREMIUM]",,"WILMINGTON","CA","90744 1609","USA","USD","[PREMIUM]","[PREMIUM]","F010",false,"[PREMIUM]","220",false,false,"[PREMIUM]",,,,,,,,"[PREMIUM]"
"85716915","2026-08-15 22:18:27.502","2026-08-19 15:00:01.251","85716915","2026-08-18 14:11:14.000","[PREMIUM]","148","FL - MIAMI SOUTH","2026-08-19","WEDNESDAY","1000","EDT","2503","V",2021,"TOYOTA","COROLLA","COROLLA",,"SILVER","FRONT END",,"FL","RB","YES","S",37782,"A","[PREMIUM]",10232.79,"2.0L  4","Front-wheel Drive","AUTOMATIC","GAS",4,"Vehicle Starts","Pure Sale","[PREMIUM]",,"HOMESTEAD","FL","33032 3801","USA","USD","[PREMIUM]","[PREMIUM]","AA110",false,"[PREMIUM]","SE",false,false,"[PREMIUM]",,,,,,,,"[PREMIUM]"
"58929436","2026-08-15 22:01:50.727","2026-08-28 23:48:11.394","58929436","2026-08-27 18:08:20.000","[PREMIUM]","385","MI - WAYLAND","2026-09-03","THURSDAY","1000","EDT","0","V",2015,"HYUNDAI","TUCSON","TUCSON","SUV","SILVER","SIDE","REAR END","MI","CT","YES","S",186598,"A","[PREMIUM]",16792,"2.4L 4","ALL WHEEL DRIVE","AUTOMATIC","GAS",4,"Vehicle Starts","On Minimum Bid","[PREMIUM]",,"WAYLAND","MI","49348","USA","USD","[PREMIUM]","[PREMIUM]","K200",false,"[PREMIUM]","SE",false,false,"[PREMIUM]",,,,,,,,"[PREMIUM]"
"53403036","2026-08-15 22:01:49.497","2026-08-29 11:47:50.447","53403036","2026-08-28 11:12:18.000","[PREMIUM]","385","MI - WAYLAND","2026-09-03","THURSDAY","1000","EDT","0","V",2016,"CHEVROLET","SILVERADO","SILVERADO","4DR EXT CAB PICKUP","GRAY","FRONT END",,"MI","CT","YES","D",174506,"A","[PREMIUM]",13481,"5.3L 8","4X4 W/REAR WHEEL DRV","AUTOMATIC","GAS",8,"Run & Drive Verified","On Minimum Bid","[PREMIUM]",,"WAYLAND","MI","49348","USA","USD","[PREMIUM]","[PREMIUM]","S130",false,"[PREMIUM]","K1500 LT",false,false,"[PREMIUM]",,,,,,,,"[PREMIUM]"
"52178046","2026-08-15 22:01:49.377","2026-08-19 15:03:57.111","52178046","2026-08-17 16:04:05.000","[PREMIUM]","385","MI - WAYLAND","2026-08-20","THURSDAY","1000","EDT","0","V",2011,"KIA","SPORTAGE","SPORTAGE","4DR SPORT UTILITY","BROWN","FRONT END","VANDALISM","MI","CT","NO","E",0,"N","[PREMIUM]",4925,"2.4L 4","FRONT WHEEL DRIVE","AUTOMATIC","GAS",4,"DEFAULT","Pure Sale","[PREMIUM]",,"WAYLAND","MI","49348","USA","USD","[PREMIUM]","[PREMIUM]","A190",false,"[PREMIUM]","LX",false,false,"[PREMIUM]",,,,,,,,"[PREMIUM]"
"64854566","2026-08-15 22:01:43.537","2026-08-23 23:47:54.502","64854566","2026-08-19 13:46:21.000","[PREMIUM]","371","WI - MILWAUKEE SOUTH","2026-08-24","MONDAY","1200","CDT","0","V",2016,"MITSUBISHI","LANCER","LANCER","SEDAN 4DR","RED","FRONT END","REAR END","WI","BP","NO","E",142515,"A","[PREMIUM]",0,"2.4L 4","ALL WHEEL DRIVE","AUTOMATIC","GAS",4,"DEFAULT","On Minimum Bid","[PREMIUM]",,"FRANKLIN","WI","53132","USA","USD","[PREMIUM]","[PREMIUM]","1F080",false,"[PREMIUM]","ES",false,false,"[PREMIUM]",,,,,,,,"[PREMIUM]"
"64671406","2026-08-15 22:01:43.494","2026-08-24 11:46:30.580","64671406","2026-08-24 11:00:28.000","[PREMIUM]","371","WI - MILWAUKEE SOUTH","2026-08-24","MONDAY","1200","CDT","110","V",2012,"CHEVROLET","EQUINOX","EQUINOX","4DR SPORT UTILITY","WHITE","HAIL",,"WI","BP","YES","D",179705,"A","[PREMIUM]",3817.51,"2.4L 4","FRONT WHEEL DRIVE","AUTOMATIC","FLEXIBLE",4,"Run & Drive Verified","Pure Sale","[PREMIUM]",,"FRANKLIN","WI","53132","USA","USD","[PREMIUM]","[PREMIUM]","E050",false,"[PREMIUM]","LTZ",false,false,"[PREMIUM]",,,,,,,,"[PREMIUM]"
"63422706","2026-08-15 22:01:43.033","2026-08-24 11:46:29.816","63422706","2026-08-24 11:00:29.000","[PREMIUM]","371","WI - MILWAUKEE SOUTH","2026-08-24","MONDAY","1200","CDT","4268","V",2003,"JEEP","CHEROKEE","GRAND CHEROKEE","4DR SPORT UTILITY","RED","FRONT END",,"WI","BP","YES","D",96269,"A","[PREMIUM]",6036,"4.7L 8","4X4 W/REAR WHEEL DRV","AUTOMATIC","GAS",8,"Run & Drive Verified","Pure Sale","[PREMIUM]",,"FRANKLIN","WI","53132","USA","USD","[PREMIUM]","[PREMIUM]","1SE06",false,"[PREMIUM]","LAREDO",false,false,"[PREMIUM]",,,,,,,,"[PREMIUM]"
"63335016","2026-08-15 22:01:42.899","2026-08-29 17:49:05.432","63335016","2026-08-13 19:33:10.000","[PREMIUM]","371","WI - MILWAUKEE SOUTH",,,,"CDT","0","V",2017,"CADILLAC","XTS","XTS","SEDAN 4DR","RED","HAIL",,"MI","CT","YES","D",101457,"A","[PREMIUM]",18405,"3.6L 6","ALL WHEEL DRIVE","AUTOMATIC","GAS",6,"Run & Drive Verified","Pure Sale","[PREMIUM]",,"FRANKLIN","WI","53132","USA","USD","[PREMIUM]","[PREMIUM]","D030",false,"[PREMIUM]","VSPORT PREMIUM LUXURY",false,false,"[PREMIUM]",,,,,,,,"[PREMIUM]"
"62946726","2026-08-15 22:01:42.649","2026-08-23 23:47:53.620","62946726","2026-08-15 13:19:59.000","[PREMIUM]","371","WI - MILWAUKEE SOUTH","2026-08-24","MONDAY","1200","CDT","0","V",2015,"NISSAN","ALTIMA","ALTIMA","SEDAN","WHITE","FRONT END","SIDE","WI","BP","YES","D",152848,"A","[PREMIUM]",7050,"2.5L 4","FRONT WHEEL DRIVE","AUTOMATIC","GAS",4,"Run & Drive Verified","Pure Sale","[PREMIUM]",,"FRANKLIN","WI","53132","USA","USD","[PREMIUM]","[PREMIUM]","B050",false,"[PREMIUM]","2.5 SL",false,false,"[PREMIUM]",,,,,,,,"[PREMIUM]"
"62588436","2026-08-15 22:01:42.402","2026-08-24 11:46:29.369","62588436","2026-08-24 11:00:28.000","[PREMIUM]","371","WI - MILWAUKEE SOUTH","2026-08-24","MONDAY","1200","CDT","98","V",2023,"SUBARU","ALL OTHER","SOLTERRA","SPORT UTILITY VEHICLE","GRAY","HAIL",,"WI","MS","YES","D",7838,"A","[PREMIUM]",18708,,"ALL WHEEL DRIVE","AUTOMATIC","ELECTRIC",,"Run & Drive Verified","On Minimum Bid","[PREMIUM]",,"FRANKLIN","WI","53132","USA","USD","[PREMIUM]","[PREMIUM]","G020",false,"[PREMIUM]","PREMIUM",false,false,"[PREMIUM]",,,,,,,,"[PREMIUM]"
"62311576","2026-08-15 22:01:42.257","2026-08-23 23:47:53.323","62311576","2026-08-15 13:05:13.000","[PREMIUM]","371","WI - MILWAUKEE SOUTH","2026-08-24","MONDAY","1200","CDT","0","V",2009,"DODGE","CARAVAN","GRAND CARAVAN","SPORTS VAN","WHITE","FRONT END",,"WI","BP","YES","E",154137,"E","[PREMIUM]",3349,"3.3L 6","FRONT WHEEL DRIVE","AUTOMATIC","FLEXIBLE",6,"DEFAULT","Pure Sale","[PREMIUM]",,"FRANKLIN","WI","53132","USA","USD","[PREMIUM]","[PREMIUM]","B060",false,"[PREMIUM]","SE",false,false,"[PREMIUM]",,,,,,,,"[PREMIUM]"
"62212316","2026-08-15 22:01:42.226","2026-08-24 11:46:29.206","62212316","2026-08-24 11:00:29.000","[PREMIUM]","371","WI - MILWAUKEE SOUTH","2026-08-24","MONDAY","1200","CDT","3398","V",2002,"MAZDA","MX5","MX-5 MIATA","CONVERTIBLE","SILVER","FRONT END",,"WI","CT","YES","D",91472,"A","[PREMIUM]",1478.49,"1.8L 4","REAR WHEEL DRIVE","MANUAL","GAS",4,"Run & Drive Verified","Pure Sale","[PREMIUM]",,"FRANKLIN","WI","53132","USA","USD","[PREMIUM]","[PREMIUM]","H040",false,"[PREMIUM]","BASE",false,false,"[PREMIUM]",,,,,,,,"[PREMIUM]"
"60694276","2026-08-15 22:01:41.629","2026-08-23 23:47:52.678","60694276","2026-08-20 16:28:56.000","[PREMIUM]","371","WI - MILWAUKEE SOUTH","2026-08-24","MONDAY","1200","CDT","0","V",2025,"KIA","K5","K5","SEDAN","GRAY","SIDE","UNDERCARRIAGE","WI","BP","YES","S",21309,"A","[PREMIUM]",32652,"2.5L 4","FRONT WHEEL DRIVE","AUTOMATIC","GAS",4,"Vehicle Starts","On Minimum Bid","[PREMIUM]",,"FRANKLIN","WI","53132","USA","USD","[PREMIUM]","[PREMIUM]","D030",false,"[PREMIUM]","GT",false,false,"[PREMIUM]",,,,,,,,"[PREMIUM]"
"52337466","2026-08-15 22:01:40.130","2026-08-19 15:03:49.009","52337466","2026-08-19 10:00:38.000","[PREMIUM]","835","MEDIUM DUTY SPECIALTY SALE","2026-08-19","WEDNESDAY","1100","CDT","428","K",2020,"CHEVROLET","EXPRESS","EXPRESS 2500","VAN CARGO","WHITE","FRONT END",,"IL","SC","YES","D",112370,"A","[PREMIUM]",14047.58,"6.0L 8","REAR WHEEL DRIVE","AUTOMATIC","FLEXIBLE",8,"Run & Drive Verified","Pure Sale","[PREMIUM]",,"FRANKLIN","WI","53132","USA","USD","[PREMIUM]","[PREMIUM]","P010",false,"[PREMIUM]",,false,false,"[PREMIUM]",,,,,,,,"[PREMIUM]"
"58782726","2026-08-15 22:01:37.685","2026-08-23 23:47:48.134","58782726","2026-08-15 16:33:56.000","[PREMIUM]","370","IN - DYER","2026-08-24","MONDAY","1200","CDT","0","V",2026,"HYUNDAI","SANTA FE","SANTA FE","SPORT UTILITY VEHICLE","WHITE","SIDE",,"IN","ST","YES","D",5053,"N","[PREMIUM]",25077.05,"2.5L 4","ALL WHEEL DRIVE","AUTOMATIC","GAS",4,"Run & Drive Verified","Pure Sale","[PREMIUM]",,"DYER","IN","46311","USA","USD","[PREMIUM]","[PREMIUM]","E240",false,"[PREMIUM]","SE",false,false,"[PREMIUM]",,,,,,,,"[PREMIUM]"
"63579676","2026-08-15 22:01:26.173","2026-08-29 11:47:23.102","63579676","2026-08-15 13:06:09.000","[PREMIUM]","368","NC - RALEIGH NORTH",,,,"EDT","0","V",2009,"HONDA","ACCORD","ACCORD","SEDAN 4DR","BURGUNDY","FRONT END",,"NC","SC","YES","D",181187,"A","[PREMIUM]",4504.86,"2.4L 4","FRONT WHEEL DRIVE","MANUAL","GAS",4,"Run & Drive Verified","Pure Sale","[PREMIUM]",,"KNIGHTDALE","NC","27545","USA","USD","[PREMIUM]","[PREMIUM]","D070",false,"[PREMIUM]","LX",false,false,"[PREMIUM]",,,,,,,,"[PREMIUM]"
"65355316","2026-08-15 22:01:03.845","2026-08-25 15:37:28.643","65355316","2026-08-24 20:56:04.000","[PREMIUM]","356","NC - CONCORD","2026-08-27","THURSDAY","1000","EDT","58","V",2013,"HYUNDAI","SONATA","SONATA","SEDAN","GRAY","NORMAL WEAR","DAMAGE HISTORY","NC","CZ","YES","D",140380,"A","[PREMIUM]",0,"2.4L 4","FRONT WHEEL DRIVE","AUTOMATIC","GAS",4,"Run & Drive Verified","On Minimum Bid","[PREMIUM]",,"CONCORD","NC","28025 8271","USA","USD","[PREMIUM]","[PREMIUM]","REC",true,"[PREMIUM]","SE",false,false,"[PREMIUM]",,,,,,,,"[PREMIUM]"
"64765566","2026-08-15 22:01:03.836","2026-08-19 15:03:08.501","64765566","2026-08-17 16:24:20.000","[PREMIUM]","356","NC - CONCORD","2026-08-20","THURSDAY","1000","EDT","2004","V",2016,"MAZDA","6","6","SEDAN 4DR","BLACK","REAR END","DAMAGE HISTORY","WV","CZ","YES","D",134574,"A","[PREMIUM]",0,"2.5L 4","FRONT WHEEL DRIVE","AUTOMATIC","GAS",4,"Run & Drive Verified","On Minimum Bid","[PREMIUM]",,"CONCORD","NC","28025 8271","USA","USD","[PREMIUM]","[PREMIUM]","Y060",true,"[PREMIUM]","SPORT",false,false,"[PREMIUM]",,,,,,,,"[PREMIUM]"
"65162666","2026-08-15 22:01:03.834","2026-08-19 15:03:08.629","65162666","2026-08-17 16:24:20.000","[PREMIUM]","356","NC - CONCORD","2026-08-20","THURSDAY","1000","EDT","101","V",1999,"MERCEDES-BENZ","C-CLASS","C","SEDAN 4DR","GOLD","SIDE",,"SC","CZ","YES","D",169057,"A","[PREMIUM]",0,"2.3L 4","REAR WHEEL DRIVE","AUTOMATIC","GAS",4,"Run & Drive Verified","On Minimum Bid","[PREMIUM]",,"CONCORD","NC","28025 8271","USA","USD","[PREMIUM]","[PREMIUM]","Y050",true,"[PREMIUM]","230",false,false,"[PREMIUM]",,,,,,,,"[PREMIUM]"
"65361806","2026-08-15 22:01:03.832","2026-08-29 17:48:30.568","65361806","2026-08-28 14:45:22.000","[PREMIUM]","356","NC - CONCORD","2026-09-03","THURSDAY","1000","EDT","40","V",2015,"SUBARU","FORESTER","FORESTER","4DR SPORT UTILITY","GREEN","SIDE","FRONT END","NC","SQ","YES","D",126469,"A","[PREMIUM]",0,"2.5L 4","ALL WHEEL DRIVE","AUTOMATIC","GAS",4,"Run & Drive Verified","On Approval","[PREMIUM]","DAMAGE HISTORY              ","CONCORD","NC","28025 8271","USA","USD","[PREMIUM]","[PREMIUM]","Y050",false,"[PREMIUM]","2.5I TOURING",false,false,"[PREMIUM]",,,,,,,,"[PREMIUM]"
"64971016","2026-08-15 22:01:03.825","2026-08-29 11:47:04.021","64971016","2026-08-28 11:49:28.000","[PREMIUM]","356","NC - CONCORD","2026-09-03","THURSDAY","1000","EDT","38","V",2015,"BMW","7 SERIES","740","SEDAN 4DR","BLUE","DAMAGE HISTORY",,"NC","SQ","YES","D",96929,"N","[PREMIUM]",0,"3.0L 6","ALL WHEEL DRIVE","AUTOMATIC","GAS",6,"Run & Drive Verified","On Minimum Bid","[PREMIUM]",,"CONCORD","NC","28025 8271","USA","USD","[PREMIUM]","[PREMIUM]","Z020",true,"[PREMIUM]","LXI",false,false,"[PREMIUM]",,,,,,,,"[PREMIUM]"
"64983376","2026-08-15 22:01:03.825","2026-08-29 11:47:04.344","64983376","2026-08-27 18:40:55.000","[PREMIUM]","880","*NCS - EASTERN REGION","2026-08-31","MONDAY","2100","EDT","0","V",2015,"LAND ROVER","RANGEROVER","RANGE ROVER SPORT","4DR SPORT UTILITY","BLUE","MECHANICAL",,"NC","CZ","YES","E",81736,"A","[PREMIUM]",0,"3.0L 6","4X4 W/REAR WHEEL DRV","AUTOMATIC","GAS",6,"DEFAULT","On Minimum Bid","[PREMIUM]","LEMON & REPOSSESSION        ","CONCORD","NC","28025 8271","USA","USD","[PREMIUM]","[PREMIUM]","Y020",true,"[PREMIUM]","HSE",false,false,"[PREMIUM]",,,,,,,,"[PREMIUM]"
"64787306","2026-08-15 22:01:03.821","2026-08-29 17:48:30.405","64787306","2026-08-28 14:12:31.000","[PREMIUM]","880","*NCS - EASTERN REGION","2026-08-31","MONDAY","2100","EDT","0","V",1993,"MERCEDES-BENZ","300-CLASS","300","COUPE","BLACK","FRONT END","REAR END","NY","CZ","YES","D",121622,"E","[PREMIUM]",0,"3.2L 6","REAR WHEEL DRIVE","AUTOMATIC","GAS",6,"Run & Drive Verified","On Minimum Bid","[PREMIUM]","SALVAGE HISTORYNAM ODOMETER ","CONCORD","NC","28025 8271","USA","USD","[PREMIUM]","[PREMIUM]","Y070",false,"[PREMIUM]","CE",false,false,"[PREMIUM]",,,,,,,,"[PREMIUM]"
"64598886","2026-08-15 22:01:03.766","2026-08-19 15:03:08.483","64598886","2026-08-17 21:12:38.000","[PREMIUM]","356","NC - CONCORD","2026-08-20","THURSDAY","1000","EDT","111","V",2021,"DODGE","CHARGER","CHARGER","SEDAN","CHARCOAL","DAMAGE HISTORY",,"TN","SQ","YES","D",93864,"N","[PREMIUM]",0,"6.4L 8","REAR WHEEL DRIVE","AUTOMATIC","GAS",8,"Run & Drive Verified","On Approval","[PREMIUM]","SN:P                        ","CONCORD","NC","28025 8271","USA","USD","[PREMIUM]","[PREMIUM]","Z030",false,"[PREMIUM]","SCAT PACK",false,false,"[PREMIUM]",,,,,,,,"[PREMIUM]"
"63764106","2026-08-15 22:01:03.713","2026-08-29 11:47:03.607","63764106","2026-08-27 22:08:08.000","[PREMIUM]","356","NC - CONCORD","2026-09-03","THURSDAY","1000","EDT","1127","V",2019,"CADILLAC","ESCALADE","ESCALADE","SPORT UTILITY VEHICLE","BLUE","FRAME DAMAGE","FRONT END","GA","DC","YES","S",161728,"A","[PREMIUM]",0,"6.2L 8","4X4 W/REAR WHEEL DRV","AUTOMATIC","GAS",8,"Vehicle Starts","On Minimum Bid","[PREMIUM]","REPOSSESSION                ","CONCORD","NC","28025 8271","USA","USD","[PREMIUM]","[PREMIUM]","Y090",true,"[PREMIUM]","ESV PREMIUM LUXURY",false,false,"[PREMIUM]",,,,,,,,"[PREMIUM]"
"63328566","2026-08-15 22:01:03.526","2026-08-28 23:47:18.067","63328566","2026-08-28 21:23:27.000","[PREMIUM]","880","*NCS - EASTERN REGION","2026-08-31","MONDAY","2100","EDT","0","V",2014,"INFINITI","QX80","QX80","SUV","TAN","MECHANICAL","DAMAGE HISTORY","NC","CZ","YES",,120252,"A","[PREMIUM]",0,"5.6L 8","ALL WHEEL DRIVE","AUTOMATIC","GAS",8,,"On Minimum Bid","[PREMIUM]","PREVIOUS AIR BAG DEPLOYMENT ","CONCORD","NC","28025 8271","USA","USD","[PREMIUM]","[PREMIUM]","Z010",true,"[PREMIUM]","BASE",false,false,"[PREMIUM]",,,,,,,,"[PREMIUM]"
"62996726","2026-08-15 22:01:03.431","2026-08-19 15:03:07.753","62996726","2026-08-17 16:24:20.000","[PREMIUM]","356","NC - CONCORD","2026-08-20","THURSDAY","1000","EDT","88","V",2019,"TOYOTA","TACOMA","TACOMA","PICKUP","GRAY","NORMAL WEAR",,"VA","CZ","YES","D",144696,"A","[PREMIUM]",0,"3.5L 6","FOUR BY FOUR","AUTOMATIC","GAS",6,"Run & Drive Verified","On Approval","[PREMIUM]",,"CONCORD","NC","28025 8271","USA","USD","[PREMIUM]","[PREMIUM]","Z040",false,"[PREMIUM]","TRD OFF-ROAD",false,false,"[PREMIUM]",,,,,,,,"[PREMIUM]"
"61851676","2026-08-15 22:01:03.080","2026-08-23 23:47:12.752","61851676","2026-08-19 06:11:38.000","[PREMIUM]","832","MEDIUM DUTY CLEAN TITLE SALE","2026-08-24","MONDAY","1100","CDT","0","K",2012,"FORD","TRANSIT","TRANSIT CONNECT","CARGO VAN","WHITE","MECHANICAL","DAMAGE HISTORY","NC","CZ","YES",,0,"N","[PREMIUM]",0,"2.0L 4","FRONT WHEEL DRIVE","AUTOMATIC","GAS",4,,"On Minimum Bid","[PREMIUM]",,"CONCORD","NC","28025 8271","USA","USD","[PREMIUM]","[PREMIUM]","Y020",false,"[PREMIUM]","XLT",false,false,"[PREMIUM]",,,,,,,,"[PREMIUM]"
"60644126","2026-08-15 22:01:02.812","2026-08-19 15:03:06.736","60644126","2026-08-17 16:24:20.000","[PREMIUM]","356","NC - CONCORD","2026-08-20","THURSDAY","1000","EDT","2012","V",2019,"TOYOTA","4RUNNER","4RUNNER","SUV","GRAY","REAR END","DAMAGE HISTORY","SC","SQ","YES","D",51798,"A","[PREMIUM]",0,"4.0L 6","FOUR BY FOUR","AUTOMATIC","GAS",6,"Run & Drive Verified","On Approval","[PREMIUM]",,"CONCORD","NC","28025 8271","USA","USD","[PREMIUM]","[PREMIUM]","Y050",false,"[PREMIUM]","SR5 PREMIUM",false,false,"[PREMIUM]",,,,,,,,"[PREMIUM]"
"60623136","2026-08-15 22:01:02.811","2026-08-19 15:03:06.715","60623136","2026-08-17 16:24:20.000","[PREMIUM]","356","NC - CONCORD","2026-08-20","THURSDAY","1000","EDT","2572","V",2013,"HYUNDAI","SONATA","SONATA","SEDAN 4DR","SILVER","MECHANICAL",,"NC","CZ","YES","E",113264,"A","[PREMIUM]",0,"2.4L 4","FRONT WHEEL DRIVE","AUTOMATIC","GAS",4,"DEFAULT","On Approval","[PREMIUM]",,"CONCORD","NC","28025 8271","USA","USD","[PREMIUM]","[PREMIUM]","Y070",false,"[PREMIUM]","GLS",false,false,"[PREMIUM]",,,,,,,,"[PREMIUM]"
"58398386","2026-08-15 22:01:02.448","2026-08-29 11:47:02.537","58398386","2026-08-15 17:17:13.000","[PREMIUM]","356","NC - CONCORD",,,,"EDT","0","V",2017,"INFINITI","Q60","Q60","COUPE","BLACK","ROLLOVER",,"NC","SC","NO","E",0,"N","[PREMIUM]",17361,"3.0L 6","ALL WHEEL DRIVE","AUTOMATIC","GAS",6,"DEFAULT","Pure Sale","[PREMIUM]",,"CONCORD","NC","28025 8271","USA","USD","[PREMIUM]","[PREMIUM]","G020",false,"[PREMIUM]","3.0T PREMIUM",false,false,"[PREMIUM]",,,,,,,,"[PREMIUM]"
"65324946","2026-08-15 22:00:53.687","2026-08-18 09:03:00.862","65324946","2026-08-17 12:23:07.000","[PREMIUM]","841","CRASHEDTOYS POWERSPORT AUCTION","2026-08-20","THURSDAY","1200","CDT","0","C",2020,"YAMAHA","YZF1000","YZFR1","SPORT","BLUE","FRONT END",,"FL","CT","YES","E",0,"N","[PREMIUM]",0,"4",,"MANUAL","GAS",4,"DEFAULT","On Minimum Bid","[PREMIUM]",,"ARCADIA","FL","34269","USA","USD","[PREMIUM]","[PREMIUM]","MC006",true,"[PREMIUM]",,false,false,"[PREMIUM]",,,,,,,,"[PREMIUM]"
"65317826","2026-08-15 22:00:53.680","2026-08-20 17:43:28.794","65317826","2026-08-18 08:01:18.000","[PREMIUM]","348","FL - PUNTA GORDA","2026-08-21","FRIDAY","1000","EDT","0","V",2002,"MERCEDES-BENZ","C-CLASS","C","SEDAN 4DR","WHITE","MINOR DENT/SCRATCHES",,"FL","CT","YES","D",162968,"E","[PREMIUM]",0,"3.2L 6","REAR WHEEL DRIVE","AUTOMATIC","FLEXIBLE",6,"Run & Drive Verified","On Minimum Bid","[PREMIUM]",,"ARCADIA","FL","34269","USA","USD","[PREMIUM]","[PREMIUM]","F010",true,"[PREMIUM]","320",false,false,"[PREMIUM]",,,,,,,,"[PREMIUM]"
"65324426","2026-08-15 22:00:53.676","2026-08-20 17:43:28.801","65324426","2026-08-19 13:28:57.000","[PREMIUM]","841","CRASHEDTOYS POWERSPORT AUCTION","2026-08-20","THURSDAY","1200","CDT","4064","C",2019,"KAWASAKI","EX","EX650","SPORT","BLACK","ALL OVER",,"FL","CT","YES","E",0,"N","[PREMIUM]",0,"2",,"MANUAL","GAS",2,"DEFAULT","On Minimum Bid","[PREMIUM]",,"ARCADIA","FL","34269","USA","USD","[PREMIUM]","[PREMIUM]","MC007",false,"[PREMIUM]","F",false,false,"[PREMIUM]",,,,,,,,"[PREMIUM]"
"65493966","2026-08-15 22:00:53.656","2026-08-29 11:46:52.887","65493966","2026-08-25 22:32:16.000","[PREMIUM]","348","FL - PUNTA GORDA","2026-09-01","TUESDAY","1000","EDT","0","V",2025,"LINCOLN","AVIATOR","AVIATOR","SPORT UTILITY VEHICLE","BLACK","FRONT END",,"FL","RB","YES","D",8710,"A","[PREMIUM]",0,"3.0L 6","REAR WHEEL DRIVE","AUTOMATIC","GAS",6,"Run & Drive Verified","On Minimum Bid","[PREMIUM]",,"ARCADIA","FL","34269","USA","USD","[PREMIUM]","[PREMIUM]","C020",true,"[PREMIUM]",,false,false,"[PREMIUM]",,,,,,,,"[PREMIUM]"
"65091886","2026-08-15 22:00:53.619","2026-08-19 15:02:54.955","65091886","2026-08-18 08:01:15.000","[PREMIUM]","348","FL - PUNTA GORDA","2026-08-21","FRIDAY","1000","EDT","0","V",2012,"CHEVROLET","SILVERADO","SILVERADO","4DR EXT CAB PICKUP","SILVER","SIDE",,"FL","CT","YES","D",174218,"A","[PREMIUM]",0,"5.3L 8","REAR WHEEL DRIVE","AUTOMATIC","FLEXIBLE",8,"Run & Drive Verified","On Minimum Bid","[PREMIUM]",,"ARCADIA","FL","34269","USA","USD","[PREMIUM]","[PREMIUM]","F090",true,"[PREMIUM]","C1500 LT",false,false,"[PREMIUM]",,,,,,,,"[PREMIUM]"
"64908596","2026-08-15 22:00:53.613","2026-08-25 00:02:50.737","64908596","2026-08-19 13:56:47.000","[PREMIUM]","348","FL - PUNTA GORDA","2026-08-25","TUESDAY","1000","EDT","0","V",2018,"SUBARU","FORESTER","FORESTER","SPORT UTILITY VEHICLE","SILVER","FRONT END",,"FL","RB","YES","D",141739,"A","[PREMIUM]",10754.9,"2.5L 4","ALL WHEEL DRIVE","AUTOMATIC","GAS",4,"Run & Drive Verified","Pure Sale","[PREMIUM]",,"ARCADIA","FL","34269","USA","USD","[PREMIUM]","[PREMIUM]","C070",false,"[PREMIUM]","2.5I LIMITED",false,false,"[PREMIUM]",,,,,,,,"[PREMIUM]"
"65195026","2026-08-15 22:00:53.579","2026-08-28 05:48:40.072","65195026","2026-08-24 16:42:01.000","[PREMIUM]","348","FL - PUNTA GORDA","2026-08-28","FRIDAY","1000","EDT","0","V",2020,"CADILLAC","XT6","XT6","SPORT UTILITY VEHICLE","SILVER","FRONT END",,"IL","SC","YES","D",76196,"A","[PREMIUM]",0,"3.6L 6","FRONT WHEEL DRIVE","AUTOMATIC","GAS",6,"Run & Drive Verified","On Minimum Bid","[PREMIUM]",,"ARCADIA","FL","34269","USA","USD","[PREMIUM]","[PREMIUM]","G060",true,"[PREMIUM]","PREMIUM LUXURY",false,false,"[PREMIUM]",,,,,,,,"[PREMIUM]"
"63910276","2026-08-15 22:00:53.404","2026-08-23 23:47:02.970","63910276","2026-08-15 13:18:51.000","[PREMIUM]","832","MEDIUM DUTY CLEAN TITLE SALE","2026-08-24","MONDAY","1100","CDT","0","K",2017,"HINO","ALL OTHER","195","TILT CAB","RED","NORMAL WEAR",,"FL","CT","YES","D",191470,"A","[PREMIUM]",0,"5.1L 4","REAR WHEEL DRIVE","AUTOMATIC","DIESEL",4,"Run & Drive Verified","On Approval","[PREMIUM]",,"ARCADIA","FL","34269","USA","USD","[PREMIUM]","[PREMIUM]","HV080",false,"[PREMIUM]",,false,false,"[PREMIUM]",,,,,,,,"[PREMIUM]"
"63738806","2026-08-15 22:00:53.340","2026-08-20 17:43:28.169","63738806","2026-08-18 08:01:14.000","[PREMIUM]","348","FL - PUNTA GORDA","2026-08-21","FRIDAY","1000","EDT","0","V",2014,"BMW","I SERIES","I3","HATCHBACK 4DR","ORANGE","MINOR DENT/SCRATCHES",,"FL","CT","NO","E",0,"N","[PREMIUM]",0,"0.7L 2","REAR WHEEL DRIVE","AUTOMATIC","ELECTRIC AND GAS HYBRID",2,"DEFAULT","On Minimum Bid","[PREMIUM]",,"ARCADIA","FL","34269","USA","USD","[PREMIUM]","[PREMIUM]","C010",true,"[PREMIUM]","REX",false,false,"[PREMIUM]",,,,,,,,"[PREMIUM]"
"63519886","2026-08-15 22:00:53.302","2026-08-20 17:43:28.104","63519886","2026-08-18 08:01:14.000","[PREMIUM]","348","FL - PUNTA GORDA","2026-08-21","FRIDAY","1000","EDT","0","V",2017,"FORD","FOCUS","FOCUS","HATCHBACK","WHITE","REAR END",,"FL","CT","YES","D",82033,"A","[PREMIUM]",0,"2.0L 4","FRONT WHEEL DRIVE","AUTOMATIC","GAS",4,"Run & Drive Verified","On Approval","[PREMIUM]",,"ARCADIA","FL","34269","USA","USD","[PREMIUM]","[PREMIUM]","C050",false,"[PREMIUM]","SE",false,false,"[PREMIUM]",,,,,,,,"[PREMIUM]"
"61342446","2026-08-15 22:00:52.985","2026-08-20 17:43:27.586","61342446","2026-08-18 19:00:15.000","[PREMIUM]","348","FL - PUNTA GORDA","2026-08-21","FRIDAY","1000","EDT","0","V",2021,"TESLA","MODEL Y","MODEL Y","SPORT UTILITY VEHICLE","BLACK","FRONT END",,"FL","RB","NO","E",55423,"A","[PREMIUM]",25539.24,,"ALL WHEEL DRIVE","AUTOMATIC","ELECTRIC",,"DEFAULT","Pure Sale","[PREMIUM]",,"ARCADIA","FL","34269","USA","USD","[PREMIUM]","[PREMIUM]","A070",false,"[PREMIUM]",,false,false,"[PREMIUM]",,,,,,,,"[PREMIUM]"
"61035876","2026-08-15 22:00:52.932","2026-08-20 17:43:27.535","61035876","2026-08-18 18:56:58.000","[PREMIUM]","348","FL - PUNTA GORDA","2026-08-21","FRIDAY","1000","EDT","0","V",2023,"BMW","X3","X3","SPORT UTILITY VEHICLE","BLUE","REAR END","SIDE","FL","RB","YES","D",12044,"N","[PREMIUM]",17596.22,"2.0L 4","REAR WHEEL DRIVE","AUTOMATIC","GAS",4,"Run & Drive Verified","Pure Sale","[PREMIUM]",,"ARCADIA","FL","34269","USA","USD","[PREMIUM]","[PREMIUM]","F060",false,"[PREMIUM]","SDRIVE30I",false,false,"[PREMIUM]",,,,,,,,"[PREMIUM]"
"61026986","2026-08-15 22:00:52.908","2026-08-20 17:43:27.543","61026986","2026-08-18 18:54:52.000","[PREMIUM]","348","FL - PUNTA GORDA","2026-08-21","FRIDAY","1000","EDT","0","V",2023,"TOYOTA","CAMRY","CAMRY","SEDAN","SILVER","REAR END",,"FL","RB","YES","D",64112,"A","[PREMIUM]",18693.4,"2.5L 4","FRONT WHEEL DRIVE","AUTOMATIC","GAS",4,"Run & Drive Verified","Pure Sale","[PREMIUM]",,"ARCADIA","FL","34269","USA","USD","[PREMIUM]","[PREMIUM]","G060",false,"[PREMIUM]","SE",false,false,"[PREMIUM]",,,,,,,,"[PREMIUM]"
"60374006","2026-08-15 22:00:52.805","2026-08-24 11:45:44.398","60374006","2026-08-19 16:48:41.000","[PREMIUM]","348","FL - PUNTA GORDA","2026-08-25","TUESDAY","1000","EDT","0","V",2007,"CHEVROLET","IMPALA","IMPALA","SEDAN 4DR","TAN","SIDE",,"FL","RR","YES","D",114278,"E","[PREMIUM]",1553.22,"3.5L 6","FRONT WHEEL DRIVE","AUTOMATIC","FLEXIBLE",6,"Run & Drive Verified","Pure Sale","[PREMIUM]",,"ARCADIA","FL","34269","USA","USD","[PREMIUM]","[PREMIUM]","SD010",false,"[PREMIUM]","LS",false,false,"[PREMIUM]",,,,,,,,"[PREMIUM]"
"51008206","2026-08-15 22:00:52.106","2026-08-20 17:43:26.631","51008206","2026-08-18 20:12:41.000","[PREMIUM]","348","FL - PUNTA GORDA","2026-08-21","FRIDAY","1000","EDT","0","V",2015,"LAND ROVER","RANGEROVER","RANGE ROVER EVOQUE","4DR SPORT UTILITY","TAN","FRONT END",,"FL","RB","YES","D",98624,"A","[PREMIUM]",8036.2,"2.0L 4","ALL WHEEL DRIVE","AUTOMATIC","GAS",4,"Run & Drive Verified","Pure Sale","[PREMIUM]",,"ARCADIA","FL","34269","USA","USD","[PREMIUM]","[PREMIUM]","K090",false,"[PREMIUM]","PURE",false,false,"[PREMIUM]",,,,,,,,"[PREMIUM]"
"64010826","2026-08-15 22:00:46.972","2026-08-27 11:45:21.808","64010826","2026-08-27 08:00:10.000","[PREMIUM]","342","MD - BALTIMORE EAST","2026-08-27","THURSDAY","1000","EDT","37","V",2006,"ACURA","MDX","MDX",,"BLUE","FRONT END","MINOR DENT/SCRATCHES","MD","S1","YES","D",164002,"A","[PREMIUM]",5728.94,,,"AUTOMATIC",,,"Run & Drive Verified","Pure Sale","[PREMIUM]",,"BALTIMORE","MD","21225","USA","USD","[PREMIUM]","[PREMIUM]","3D030",false,"[PREMIUM]","TOURING",false,false,"[PREMIUM]",,,,,,,,"[PREMIUM]"
"91436955","2026-08-15 22:00:39.569","2026-08-20 17:43:10.737","91436955","2026-08-19 12:40:50.000","[PREMIUM]","341","AL - DOTHAN","2026-08-20","THURSDAY","1200","CDT","64","V",2013,"HONDA","FIT","FIT",,"RED","SIDE",,"FL","RB","YES","D",123620,"N","[PREMIUM]",6368.89,"1.5L  4","Front-wheel Drive","AUTOMATIC","GAS",4,"Run & Drive Verified","Pure Sale","[PREMIUM]",,"NEWTON","AL","36352 8228","USA","USD","[PREMIUM]","[PREMIUM]","C010",false,"[PREMIUM]","SPORT",false,false,"[PREMIUM]",,,,,,,,"[PREMIUM]"
"65086636","2026-08-15 22:00:38.098","2026-08-19 15:02:38.114","65086636","2026-08-16 11:17:28.000","[PREMIUM]","340","NC - GASTONIA","2026-08-19","WEDNESDAY","1000","EDT","2071","V",2013,"INFINITI","JX35","JX35","SUV","WHITE","SIDE",,"SC","CZ","YES","D",209814,"A","[PREMIUM]",0,"3.5L 6","ALL WHEEL DRIVE","AUTOMATIC","GAS",6,"Run & Drive Verified","On Minimum Bid","[PREMIUM]",,"GASTONIA","NC","28052","USA","USD","[PREMIUM]","[PREMIUM]","SH004",false,"[PREMIUM]","BASE",false,false,"[PREMIUM]",,,,,,,,"[PREMIUM]"
"65192766","2026-08-15 22:00:38.088","2026-08-19 15:02:38.093","65192766","2026-08-16 11:17:28.000","[PREMIUM]","340","NC - GASTONIA","2026-08-19","WEDNESDAY","1000","EDT","2070","V",2014,"FORD","ESCAPE","ESCAPE","4DR SPORT UTILITY","WHITE","MINOR DENT/SCRATCHES",,"NC","CZ","YES","D",122914,"A","[PREMIUM]",0,"1.6L 4","4X4 W/FRONT WHL DRV","AUTOMATIC","GAS",4,"Run & Drive Verified","On Minimum Bid","[PREMIUM]",,"GASTONIA","NC","28052","USA","USD","[PREMIUM]","[PREMIUM]","SH001",false,"[PREMIUM]","SE",false,false,"[PREMIUM]",,,,,,,,"[PREMIUM]"
"65395376","2026-08-15 22:00:38.068","2026-08-19 15:02:38.092","65395376","2026-08-17 12:49:23.000","[PREMIUM]","340","NC - GASTONIA","2026-08-19","WEDNESDAY","1000","EDT","2074","V",2008,"FORD","F250","F250","CREW PICKUP","BURGUNDY","FRONT END","REAR END","NC","D2","YES","D",250052,"A","[PREMIUM]",0,"6.4L 8","4X4 W/REAR WHEEL DRV","AUTOMATIC","DIESEL",8,"Run & Drive Verified","On Approval","[PREMIUM]","NO LOADOUT ASSIST FROM YARD ","GASTONIA","NC","28052","USA","USD","[PREMIUM]","[PREMIUM]","Q070",false,"[PREMIUM]","SUPER DUTY",false,false,"[PREMIUM]",,,,,,,,"[PREMIUM]"
"64832336","2026-08-15 22:00:38.058","2026-08-29 11:46:35.695","64832336","2026-08-15 18:31:26.000","[PREMIUM]","340","NC - GASTONIA",,,,"EDT","0","V",2015,"KIA","SPORTAGE","SPORTAGE","4DR SPORT UTILITY","BLUE","FRONT END","SIDE","NC","CZ","YES","E",228317,"A","[PREMIUM]",0,"2.4L 4","FRONT WHEEL DRIVE","AUTOMATIC","GAS",4,"DEFAULT","On Approval","[PREMIUM]",,"GASTONIA","NC","28052","USA","USD","[PREMIUM]","[PREMIUM]","D010",false,"[PREMIUM]","LX",false,false,"[PREMIUM]",,,,,,,,"[PREMIUM]"
"63281786","2026-08-15 22:00:37.652","2026-08-28 23:46:50.289","63281786","2026-08-27 20:43:37.000","[PREMIUM]","880","*NCS - EASTERN REGION","2026-08-31","MONDAY","2100","EDT","0","V",2011,"MERCEDES-BENZ","M-CLASS","ML","4DR SPORT UTILITY","WHITE","FRONT END","REAR END","SC","CZ","YES","E",142989,"A","[PREMIUM]",0,"3.0L 6","ALL WHEEL DRIVE","AUTOMATIC","DIESEL",6,"DEFAULT","On Minimum Bid","[PREMIUM]",,"GASTONIA","NC","28052","USA","USD","[PREMIUM]","[PREMIUM]","SJ001",true,"[PREMIUM]","350 BLUETEC",false,false,"[PREMIUM]",,,,,,,,"[PREMIUM]"
"50179056","2026-08-15 22:00:35.119","2026-08-21 23:50:12.403","50179056","2026-08-19 20:26:05.000","[PREMIUM]","340","NC - GASTONIA","2026-08-26","WEDNESDAY","1000","EDT","0","V",2008,"NISSAN","ALTIMA","ALTIMA","COUPE","RED","REAR END",,"NC","PO","YES","D",133351,"E","[PREMIUM]",0,"2.5L 4","FRONT WHEEL DRIVE","AUTOMATIC","GAS",4,"Run & Drive Verified","On Approval","[PREMIUM]",,"GASTONIA","NC","28052","USA","USD","[PREMIUM]","[PREMIUM]","N080",false,"[PREMIUM]","2.5S",false,false,"[PREMIUM]",,,,,,,,"[PREMIUM]"
"59313836","2026-08-15 22:00:34.359","2026-08-19 15:02:33.589","59313836","2026-08-19 14:27:11.000","[PREMIUM]","339","WI - MILWAUKEE NORTH","2026-08-19","WEDNESDAY","1200","CDT","0","V",2005,"CHEVROLET","SILVERADO","SILVERADO","PICKUP","BLACK","FRONT END","SIDE","WI","BP","EXM","E",0,"E","[PREMIUM]",0,"6.0L 8","4X4 W/REAR WHEEL DRV","AUTOMATIC","GAS",8,"DEFAULT","Pure Sale","[PREMIUM]",,"MILWAUKEE","WI","53224","USA","USD","[PREMIUM]","[PREMIUM]","I050",false,"[PREMIUM]","K2500 HEAVY DUTY",false,false,"[PREMIUM]",,,,,,,,"[PREMIUM]"
"65112636","2026-08-15 22:00:23.136","2026-08-20 17:42:44.294","65112636","2026-08-20 11:45:22.000","[PREMIUM]","335","FL - TAMPA NORTH","2026-08-21","FRIDAY","1000","EDT","2279","V",2008,"NISSAN","ROGUE","ROGUE","WAGON","RED","REAR END",,"FL","RB","YES","D",121227,"A","[PREMIUM]",0,"2.5L 4","ALL WHEEL DRIVE","AUTOMATIC","GAS",4,"Run & Drive Verified","Pure Sale","[PREMIUM]",,"THONOTOSASSA","FL","33592","USA","USD","[PREMIUM]","[PREMIUM]","F090",false,"[PREMIUM]","S",false,false,"[PREMIUM]",,,,,,,,"[PREMIUM]"
"65145656","2026-08-15 22:00:23.131","2026-08-20 17:42:44.317","65145656","2026-08-20 11:45:22.000","[PREMIUM]","335","FL - TAMPA NORTH","2026-08-21","FRIDAY","1000","EDT","2269","V",2006,"HONDA","ACCORD","ACCORD","SEDAN 4DR","SILVER","REAR END",,"FL","RB","YES","D",42741,"E","[PREMIUM]",5886.41,"2.4L 4","FRONT WHEEL DRIVE","AUTOMATIC","GAS",4,"Run & Drive Verified","Pure Sale","[PREMIUM]",,"THONOTOSASSA","FL","33592","USA","USD","[PREMIUM]","[PREMIUM]","F100",false,"[PREMIUM]","LX",false,false,"[PREMIUM]",,,,,,,,"[PREMIUM]"
"64692606","2026-08-15 22:00:23.088","2026-08-20 17:42:44.211","64692606","2026-08-20 11:45:22.000","[PREMIUM]","335","FL - TAMPA NORTH","2026-08-21","FRIDAY","1000","EDT","2005","V",2018,"CHEVROLET","SILVERADO","SILVERADO","PICKUP","WHITE","FRONT END","MINOR DENT/SCRATCHES","FL","RB","YES","E",106626,"A","[PREMIUM]",14194.03,"6.0L 8","REAR WHEEL DRIVE","AUTOMATIC","FLEXIBLE",8,"DEFAULT","Pure Sale","[PREMIUM]",,"THONOTOSASSA","FL","33592","USA","USD","[PREMIUM]","[PREMIUM]","M040",false,"[PREMIUM]","C2500 HEAVY DUTY",false,false,"[PREMIUM]",,,,,,,,"[PREMIUM]"
"64637316","2026-08-15 22:00:23.047","2026-08-25 15:36:49.158","64637316","2026-08-24 11:56:44.000","[PREMIUM]","335","FL - TAMPA NORTH","2026-08-25","TUESDAY","1000","EDT","75","V",2019,"FORD","ESCAPE","ESCAPE","SPORT UTILITY VEHICLE","GRAY","REAR END",,"FL","RB","YES","D",142542,"A","[PREMIUM]",10451,"2.0L 4","FRONT WHEEL DRIVE","AUTOMATIC","GAS",4,"Run & Drive Verified","On Minimum Bid","[PREMIUM]",,"THONOTOSASSA","FL","33592","USA","USD","[PREMIUM]","[PREMIUM]","H020",false,"[PREMIUM]","TITANIUM",false,false,"[PREMIUM]",,,,,,,,"[PREMIUM]"
"64262496","2026-08-15 22:00:22.964","2026-08-20 17:42:44.057","64262496","2026-08-20 11:45:23.000","[PREMIUM]","335","FL - TAMPA NORTH","2026-08-21","FRIDAY","1000","EDT","2509","V",2007,"HONDA","ODYSSEY","ODYSSEY","SPORTS VAN","CREAM","REAR END",,"FL","CD","YES","S",167183,"A","[PREMIUM]",2937.25,"3.5L 6","FRONT WHEEL DRIVE","AUTOMATIC","GAS",6,"Vehicle Starts","Pure Sale","[PREMIUM]",,"THONOTOSASSA","FL","33592","USA","USD","[PREMIUM]","[PREMIUM]","K080",false,"[PREMIUM]","EXL",false,false,"[PREMIUM]",,,,,,,,"[PREMIUM]"
"63962336","2026-08-15 22:00:22.919","2026-08-20 17:42:43.894","63962336","2026-08-20 11:45:22.000","[PREMIUM]","335","FL - TAMPA NORTH","2026-08-21","FRIDAY","1000","EDT","2050","V",2016,"NISSAN","ROGUE","ROGUE","WAGON","BLUE","FRONT END",,"FL","RB","EXM","E",0,"N","[PREMIUM]",0,"2.5L 4","FRONT WHEEL DRIVE","AUTOMATIC","GAS",4,"DEFAULT","Pure Sale","[PREMIUM]",,"THONOTOSASSA","FL","33592","USA","USD","[PREMIUM]","[PREMIUM]","RECA",false,"[PREMIUM]","S",false,false,"[PREMIUM]",,,,,,,,"[PREMIUM]"
"63841496","2026-08-15 22:00:22.853","2026-08-20 17:42:43.857","63841496","2026-08-20 11:45:22.000","[PREMIUM]","335","FL - TAMPA NORTH","2026-08-21","FRIDAY","1000","EDT","126","V",2014,"HONDA","CRV","CR-V","4DR SPORT UTILITY","BURGUNDY","REAR END",,"FL","RB","YES","D",165499,"A","[PREMIUM]",7454.33,"2.4L 4","FRONT WHEEL DRIVE","AUTOMATIC","GAS",4,"Run & Drive Verified","Pure Sale","[PREMIUM]",,"THONOTOSASSA","FL","33592","USA","USD","[PREMIUM]","[PREMIUM]","J050",false,"[PREMIUM]","EXL",false,false,"[PREMIUM]",,,,,,,,"[PREMIUM]"
"63777386","2026-08-15 22:00:22.823","2026-08-25 00:02:20.737","63777386","2026-08-24 11:56:44.000","[PREMIUM]","335","FL - TAMPA NORTH","2026-08-25","TUESDAY","1000","EDT","114","V",2017,"HONDA","CIVIC","CIVIC","SEDAN 4DR","RED","FRONT END",,"FL","RB","NO","E",0,"N","[PREMIUM]",15540.67,"2.0L 4","FRONT WHEEL DRIVE","AUTOMATIC","GAS",4,"DEFAULT","Pure Sale","[PREMIUM]",,"THONOTOSASSA","FL","33592","USA","USD","[PREMIUM]","[PREMIUM]","B010",false,"[PREMIUM]","EX",false,false,"[PREMIUM]",,,,,,,,"[PREMIUM]"
"62964646","2026-08-15 22:00:22.690","2026-08-20 17:42:43.498","62964646","2026-08-20 11:45:22.000","[PREMIUM]","335","FL - TAMPA NORTH","2026-08-21","FRIDAY","1000","EDT","127","V",2011,"TOYOTA","COROLLA","COROLLA","SEDAN","WHITE","FRONT END","REAR END","FL","RB","YES","D",158829,"N","[PREMIUM]",6600.26,"1.8L 4","FRONT WHEEL DRIVE","AUTOMATIC","GAS",4,"Run & Drive Verified","Pure Sale","[PREMIUM]",,"THONOTOSASSA","FL","33592","USA","USD","[PREMIUM]","[PREMIUM]","D090",false,"[PREMIUM]","LE",false,false,"[PREMIUM]",,,,,,,,"[PREMIUM]"
"62687876","2026-08-15 22:00:22.682","2026-08-20 17:42:43.443","62687876","2026-08-20 11:45:22.000","[PREMIUM]","335","FL - TAMPA NORTH","2026-08-21","FRIDAY","1000","EDT","124","V",2013,"TOYOTA","CAMRY","CAMRY",,"BLACK","REAR END",,"FL","RB","YES","D",134996,"N","[PREMIUM]",8500.91,,,"AUTOMATIC",,,"Run & Drive Verified","Pure Sale","[PREMIUM]",,"THONOTOSASSA","FL","33592","USA","USD","[PREMIUM]","[PREMIUM]","C030",false,"[PREMIUM]","SE",false,false,"[PREMIUM]",,,,,,,,"[PREMIUM]"
"60477836","2026-08-15 22:00:22.415","2026-08-20 17:42:42.874","60477836","2026-08-20 11:45:22.000","[PREMIUM]","335","FL - TAMPA NORTH","2026-08-21","FRIDAY","1000","EDT","12","V",2022,"KIA","ALL OTHER","CARNIVAL","VAN PASSENGER","BURGUNDY","SIDE","FRONT END","FL","RB","YES","D",48944,"A","[PREMIUM]",16841.64,"3.5L 6","FRONT WHEEL DRIVE","AUTOMATIC","GAS",6,"Run & Drive Verified","Pure Sale","[PREMIUM]",,"THONOTOSASSA","FL","33592","USA","USD","[PREMIUM]","[PREMIUM]","E080",false,"[PREMIUM]","LX",false,false,"[PREMIUM]",,,,,,,,"[PREMIUM]"
"58800366","2026-08-15 22:00:22.208","2026-08-20 17:42:42.402","58800366","2026-08-20 11:45:22.000","[PREMIUM]","335","FL - TAMPA NORTH","2026-08-21","FRIDAY","1000","EDT","25","V",2021,"VOLKSWAGEN","ATLAS","ATLAS CROSS SPORT","SPORT UTILITY VEHICLE","WHITE","REAR END","SIDE","FL","RB","YES","D",54837,"A","[PREMIUM]",15802.43,"3.6L 6","FRONT WHEEL DRIVE","AUTOMATIC","GAS",6,"Run & Drive Verified","Pure Sale","[PREMIUM]",,"THONOTOSASSA","FL","33592","USA","USD","[PREMIUM]","[PREMIUM]","L080",false,"[PREMIUM]","SEL",false,false,"[PREMIUM]",,,,,,,,"[PREMIUM]"
"58174506","2026-08-15 22:00:22.083","2026-08-20 17:42:42.248","58174506","2026-08-20 11:45:22.000","[PREMIUM]","335","FL - TAMPA NORTH","2026-08-21","FRIDAY","1000","EDT","2021","V",2017,"NISSAN","ALTIMA","ALTIMA","SEDAN","GRAY","FRONT END",,"FL","RB","YES",,89075,"A","[PREMIUM]",6126.07,"2.5L 4","FRONT WHEEL DRIVE","AUTOMATIC","GAS",4,,"Pure Sale","[PREMIUM]",,"THONOTOSASSA","FL","33592","USA","USD","[PREMIUM]","[PREMIUM]","J080",false,"[PREMIUM]","2.5 S",false,false,"[PREMIUM]",,,,,,,,"[PREMIUM]"
"64835816","2026-08-15 22:00:18.876","2026-08-25 00:02:15.884","64835816","2026-08-19 13:46:43.000","[PREMIUM]","308","WI - MADISON SOUTH","2026-08-25","TUESDAY","1200","CDT","0","V",2014,"HYUNDAI","SANTA FE","SANTA FE SPORT","SUV","SILVER","REAR END",,"WI","BP","YES","D",123714,"A","[PREMIUM]",12675.48,"2.0L 4","ALL WHEEL DRIVE","AUTOMATIC","GAS",4,"Run & Drive Verified","Pure Sale","[PREMIUM]",,"MCFARLAND","WI","53558","USA","USD","[PREMIUM]","[PREMIUM]","C010",false,"[PREMIUM]","2.0T",false,false,"[PREMIUM]",,,,,,,,"[PREMIUM]"
"62792026","2026-08-15 21:59:31.286","2026-08-29 11:45:24.409","62792026","2026-08-25 13:26:38.000","[PREMIUM]","187","GA - MACON","2026-09-03","THURSDAY","1000","EDT","0","V",2003,"HONDA","ACCORD","ACCORD","SEDAN 4DR","BLUE","FRONT END","MINOR DENT/SCRATCHES","GA","ST","YES","E",0,"E","[PREMIUM]",3456,"3.0L 6","FRONT WHEEL DRIVE","AUTOMATIC","GAS",6,"DEFAULT","Pure Sale","[PREMIUM]",,"BYRON","GA","31008","USA","USD","[PREMIUM]","[PREMIUM]","DZONE",false,"[PREMIUM]","EX",false,false,"[PREMIUM]",,,,,,,,"[PREMIUM]"
"65102446","2026-08-15 21:58:56.661","2026-08-23 23:45:03.849","65102446","2026-08-21 12:24:03.000","[PREMIUM]","163","FL - JACKSONVILLE NORTH","2026-08-24","MONDAY","1000","EDT","2271","V",2015,"CHRYSLER","200","200","SEDAN 4DR","BLACK","SIDE",,"FL","RB","YES","D",147586,"A","[PREMIUM]",11784.98,"2.4L 4","FRONT WHEEL DRIVE","AUTOMATIC","GAS",4,"Run & Drive Verified","Pure Sale","[PREMIUM]",,"JACKSONVILLE","FL","32218 5527","USA","USD","[PREMIUM]","[PREMIUM]","H110",false,"[PREMIUM]","S",false,false,"[PREMIUM]",,,,,,,,"[PREMIUM]"
"64945496","2026-08-15 21:58:56.612","2026-08-23 23:45:03.754","64945496","2026-08-21 12:24:03.000","[PREMIUM]","163","FL - JACKSONVILLE NORTH","2026-08-24","MONDAY","1000","EDT","2358","V",2013,"DODGE","CARAVAN","GRAND CARAVAN","SPORTS VAN","WHITE","REAR END",,"FL","TR","YES","D",322081,"A","[PREMIUM]",2171.2,"3.6L 6","FRONT WHEEL DRIVE","AUTOMATIC","FLEXIBLE",6,"Run & Drive Verified","Pure Sale","[PREMIUM]",,"JACKSONVILLE","FL","32218 5527","USA","USD","[PREMIUM]","[PREMIUM]","I030",false,"[PREMIUM]","SE",false,false,"[PREMIUM]",,,,,,,,"[PREMIUM]"
"64842106","2026-08-15 21:58:56.599","2026-08-23 23:45:03.699","64842106","2026-08-21 17:43:15.000","[PREMIUM]","163","FL - JACKSONVILLE NORTH","2026-08-24","MONDAY","1000","EDT","12","V",2016,"TOYOTA","TACOMA","TACOMA","PICKUP","BLUE","SIDE","REAR END","FL","RB","YES","D",98538,"A","[PREMIUM]",13339.42,"3.5L 6","4X2","AUTOMATIC","GAS",6,"Run & Drive Verified","Pure Sale","[PREMIUM]",,"JACKSONVILLE","FL","32218 5527","USA","USD","[PREMIUM]","[PREMIUM]","I070",false,"[PREMIUM]","TRD SPORT",false,false,"[PREMIUM]",,,,,,,,"[PREMIUM]"
"64754136","2026-08-15 21:58:56.579","2026-08-23 23:45:03.662","64754136","2026-08-21 12:24:03.000","[PREMIUM]","163","FL - JACKSONVILLE NORTH","2026-08-24","MONDAY","1000","EDT","2316","V",2011,"HYUNDAI","AZERA","AZERA","SEDAN","GRAY","FRONT END",,"FL","RB","YES","D",108228,"A","[PREMIUM]",5411,"3.8L 6","FRONT WHEEL DRIVE","AUTOMATIC","GAS",6,"Run & Drive Verified","Pure Sale","[PREMIUM]",,"JACKSONVILLE","FL","32218 5527","USA","USD","[PREMIUM]","[PREMIUM]","B150",false,"[PREMIUM]","LIMITED",false,false,"[PREMIUM]",,,,,,,,"[PREMIUM]"
"64518096","2026-08-15 21:58:56.479","2026-08-23 23:45:03.494","64518096","2026-08-21 12:24:03.000","[PREMIUM]","163","FL - JACKSONVILLE NORTH","2026-08-24","MONDAY","1000","EDT","3261","V",2013,"HYUNDAI","GENESIS","GENESIS","SEDAN 4DR","BLACK","FRONT END",,"FL","CD","YES","D",205548,"A","[PREMIUM]",5726.7,"3.8L 6","REAR WHEEL DRIVE","AUTOMATIC","GAS",6,"Run & Drive Verified","Pure Sale","[PREMIUM]",,"JACKSONVILLE","FL","32218 5527","USA","USD","[PREMIUM]","[PREMIUM]","K110",false,"[PREMIUM]","3.8L",false,false,"[PREMIUM]",,,,,,,,"[PREMIUM]"
"58050886","2026-08-15 21:58:54.240","2026-08-23 23:45:00.633","58050886","2026-08-21 12:24:03.000","[PREMIUM]","163","FL - JACKSONVILLE NORTH","2026-08-24","MONDAY","1000","EDT","3025","V",2017,"TOYOTA","4RUNNER","4RUNNER",,"WHITE","REAR END","FRONT END","FL","RB","YES",,180623,"A","[PREMIUM]",13423,,,"AUTOMATIC",,,,"Pure Sale","[PREMIUM]",,"JACKSONVILLE","FL","32218 5527","USA","USD","[PREMIUM]","[PREMIUM]","D130",false,"[PREMIUM]","DELUXE V6",false,false,"[PREMIUM]",,,,,,,,"[PREMIUM]"
"57489106","2026-08-15 21:58:54.205","2026-08-26 05:46:07.025","57489106","2026-08-25 12:12:20.000","[PREMIUM]","163","FL - JACKSONVILLE NORTH","2026-08-26","WEDNESDAY","1000","EDT","2004","V",2019,"BMW","X6","X6","SPORT UTILITY VEHICLE","BLACK","SIDE","REAR END","FL","RB","YES","D",48051,"N","[PREMIUM]",30092,"4.4L 8","ALL WHEEL DRIVE","AUTOMATIC","GAS",8,"Run & Drive Verified","On Minimum Bid","[PREMIUM]",,"JACKSONVILLE","FL","32218 5527","USA","USD","[PREMIUM]","[PREMIUM]","I080",false,"[PREMIUM]","M",false,false,"[PREMIUM]",,,,,,,,"[PREMIUM]"
"55788956","2026-08-15 21:58:53.898","2026-08-23 23:45:00.412","55788956","2026-08-21 12:24:03.000","[PREMIUM]","163","FL - JACKSONVILLE NORTH","2026-08-24","MONDAY","1000","EDT","2363","V",2019,"CHEVROLET","MALIBU","MALIBU","SEDAN","BROWN","REAR END",,"FL","RB","YES","D",133805,"A","[PREMIUM]",9710.65,"1.5L 4","FRONT WHEEL DRIVE","AUTOMATIC","GAS",4,"Run & Drive Verified","Pure Sale","[PREMIUM]",,"JACKSONVILLE","FL","32218 5527","USA","USD","[PREMIUM]","[PREMIUM]","F090",false,"[PREMIUM]","LT",false,false,"[PREMIUM]",,,,,,,,"[PREMIUM]"
"48127266","2026-08-15 21:58:53.570","2026-08-23 23:45:00.114","48127266","2026-08-21 12:24:03.000","[PREMIUM]","163","FL - JACKSONVILLE NORTH","2026-08-24","MONDAY","1000","EDT","2349","V",2015,"CHEVROLET","SUBURBAN","SUBURBAN","4DR SPORT UTILITY","BLACK","FRONT END","REAR END","FL","RB","YES","D",224574,"A","[PREMIUM]",11067.54,"5.3L 8","4X4 W/REAR WHEEL DRV","AUTOMATIC","GAS",8,"Run & Drive Verified","Pure Sale","[PREMIUM]",,"JACKSONVILLE","FL","32218 5527","USA","USD","[PREMIUM]","[PREMIUM]","F110",false,"[PREMIUM]","K1500 LTZ",false,false,"[PREMIUM]",,,,,,,,"[PREMIUM]"
"59149136","2026-08-15 21:58:49.774","2026-08-20 17:40:55.070","59149136","2026-08-17 20:38:04.000","[PREMIUM]","160","MI - IONIA","2026-08-21","FRIDAY","1000","EDT","0","V",2014,"TOYOTA","CAMRY","CAMRY","SEDAN","WHITE","FRONT END","SIDE","MI","CT","YES","D",213142,"A","[PREMIUM]",9790,"2.5L 4","FRONT WHEEL DRIVE","AUTOMATIC","GAS",4,"Run & Drive Verified","On Minimum Bid","[PREMIUM]",,"PORTLAND","MI","48875 8700","USA","USD","[PREMIUM]","[PREMIUM]","D060",false,"[PREMIUM]","SE",false,false,"[PREMIUM]",,,,,,,,"[PREMIUM]"
"62292886","2026-08-15 21:58:47.898","2026-08-28 23:44:51.963","62292886","2026-08-25 12:26:48.000","[PREMIUM]","159","MI - FLINT","2026-09-02","WEDNESDAY","1000","EDT","0","V",2019,"FORD","RANGER","RANGER","PICKUP","BLACK","FRONT END",,"MI","CT","YES","D",101679,"A","[PREMIUM]",24161,"2.3L 4","4X4 W/REAR WHEEL DRV","AUTOMATIC","GAS",4,"Run & Drive Verified","Pure Sale","[PREMIUM]",,"DAVISON","MI","48423 8502","USA","USD","[PREMIUM]","[PREMIUM]","N030",false,"[PREMIUM]","XL",false,false,"[PREMIUM]",,,,,,,,"[PREMIUM]"
"61980876","2026-08-15 21:58:47.727","2026-08-28 23:44:51.813","61980876","2026-08-27 21:05:41.000","[PREMIUM]","159","MI - FLINT","2026-09-02","WEDNESDAY","1000","EDT","0","V",2020,"KIA","FORTE","FORTE","SEDAN","WHITE","FRONT END","SIDE","MI","CT","YES","D",76837,"A","[PREMIUM]",21670.74,"2.0L 4","FRONT WHEEL DRIVE","AUTOMATIC","GAS",4,"Run & Drive Verified","On Minimum Bid","[PREMIUM]",,"DAVISON","MI","48423 8502","USA","USD","[PREMIUM]","[PREMIUM]","H030",false,"[PREMIUM]","LXS",false,false,"[PREMIUM]",,,,,,,,"[PREMIUM]"
"55766816","2026-08-15 21:58:44.630","2026-08-26 05:45:52.970","55766816","2026-08-25 12:19:11.000","[PREMIUM]","159","MI - FLINT","2026-08-26","WEDNESDAY","1000","EDT","3093","V",2020,"CHEVROLET","TRAX","TRAX","SPORT UTILITY VEHICLE","RED","FRONT END",,"MI","CT","YES","E",43915,"A","[PREMIUM]",26835.2,"1.4L 4","FRONT WHEEL DRIVE","AUTOMATIC","GAS",4,"DEFAULT","Pure Sale","[PREMIUM]",,"DAVISON","MI","48423 8502","USA","USD","[PREMIUM]","[PREMIUM]","G070",false,"[PREMIUM]","1LT",false,false,"[PREMIUM]",,,,,,,,"[PREMIUM]"
"64922506","2026-08-15 21:58:34.051","2026-08-23 23:44:33.675","64922506","2026-08-18 12:18:47.000","[PREMIUM]","153","FL - ORLANDO NORTH","2026-08-24","MONDAY","1000","EDT","0","V",2015,"HONDA","CIVIC","CIVIC","SEDAN 4DR","BLACK","REAR END",,"FL","CD","YES","D",135499,"A","[PREMIUM]",10735.47,"1.8L 4","FRONT WHEEL DRIVE","MANUAL","GAS",4,"Run & Drive Verified","Pure Sale","[PREMIUM]",,"APOPKA","FL","32712 5870","USA","USD","[PREMIUM]","[PREMIUM]","B170",false,"[PREMIUM]","LX",false,false,"[PREMIUM]",,,,,,,,"[PREMIUM]"
"62813676","2026-08-15 21:58:33.226","2026-08-23 23:44:32.870","62813676","2026-08-18 16:34:17.000","[PREMIUM]","153","FL - ORLANDO NORTH","2026-08-24","MONDAY","1000","EDT","0","V",2022,"TOYOTA","CAMRY","CAMRY","SEDAN","WHITE","SIDE","FRONT END","FL","CD","YES","D",9838,"A","[PREMIUM]",23846.66,"2.5L 4","FRONT WHEEL DRIVE","AUTOMATIC","GAS",4,"Run & Drive Verified","Pure Sale","[PREMIUM]",,"APOPKA","FL","32712 5870","USA","USD","[PREMIUM]","[PREMIUM]","F140",false,"[PREMIUM]","LE",false,false,"[PREMIUM]",,,,,,,,"[PREMIUM]"
"60830646","2026-08-15 21:58:32.538","2026-08-23 23:44:32.019","60830646","2026-08-18 19:00:34.000","[PREMIUM]","153","FL - ORLANDO NORTH","2026-08-24","MONDAY","1000","EDT","0","V",2019,"RAM","1500","1500","PICKUP","WHITE","FRONT END",,"FL","RB","YES","D",142098,"A","[PREMIUM]",17920.58,"3.6L 6","4X4 W/REAR WHEEL DRV","AUTOMATIC","GAS",6,"Run & Drive Verified","Pure Sale","[PREMIUM]",,"APOPKA","FL","32712 5870","USA","USD","[PREMIUM]","[PREMIUM]","D160",false,"[PREMIUM]","BIG HORN/LONE STAR",false,false,"[PREMIUM]",,,,,,,,"[PREMIUM]"
"60048026","2026-08-15 21:58:32.269","2026-08-23 23:44:31.686","60048026","2026-08-18 19:59:37.000","[PREMIUM]","153","FL - ORLANDO NORTH","2026-08-24","MONDAY","1000","EDT","0","V",2025,"MAZDA","CX-90","CX-90","SPORT UTILITY VEHICLE","WHITE","SIDE",,"FL","RB","YES","D",14030,"A","[PREMIUM]",21738.9,"3.3L 6","ALL WHEEL DRIVE","AUTOMATIC","GAS",6,"Run & Drive Verified","Pure Sale","[PREMIUM]",,"APOPKA","FL","32712 5870","USA","USD","[PREMIUM]","[PREMIUM]","A090",false,"[PREMIUM]","SELECT",false,false,"[PREMIUM]",,,,,,,,"[PREMIUM]"
"59860526","2026-08-15 21:58:32.172","2026-08-23 23:44:31.652","59860526","2026-08-18 12:23:17.000","[PREMIUM]","153","FL - ORLANDO NORTH","2026-08-24","MONDAY","1000","EDT","0","V",2019,"TOYOTA","HIGHLANDER","HIGHLANDER","SUV","BLUE","SIDE","REAR END","FL","CD","YES","D",132344,"A","[PREMIUM]",25777.56,"3.5L 6","FRONT WHEEL DRIVE","AUTOMATIC","GAS",6,"Run & Drive Verified","Pure Sale","[PREMIUM]",,"APOPKA","FL","32712 5870","USA","USD","[PREMIUM]","[PREMIUM]","B080",false,"[PREMIUM]","LIMITED",false,false,"[PREMIUM]",,,,,,,,"[PREMIUM]"
"58685606","2026-08-15 21:58:31.918","2026-08-23 23:44:31.358","58685606","2026-08-18 16:35:11.000","[PREMIUM]","153","FL - ORLANDO NORTH","2026-08-24","MONDAY","1000","EDT","0","V",2023,"HYUNDAI","ELANTRA","ELANTRA","SEDAN","BLACK","FRONT END","UNDERCARRIAGE","FL","CD","YES","S",58261,"A","[PREMIUM]",18398.06,"2.0L 4","FRONT WHEEL DRIVE","AUTOMATIC","GAS",4,"Vehicle Starts","Pure Sale","[PREMIUM]",,"APOPKA","FL","32712 5870","USA","USD","[PREMIUM]","[PREMIUM]","H130",false,"[PREMIUM]","SEL",false,false,"[PREMIUM]",,,,,,,,"[PREMIUM]"
"53648676","2026-08-15 21:58:31.015","2026-08-23 23:44:30.098","53648676","2026-08-18 20:12:28.000","[PREMIUM]","153","FL - ORLANDO NORTH","2026-08-24","MONDAY","1000","EDT","0","V",2017,"FORD","FOCUS","FOCUS","HATCHBACK","SILVER","FRONT END","SIDE","FL","RB","NO","E",87782,"N","[PREMIUM]",6741,"2.0L 4","FRONT WHEEL DRIVE","AUTOMATIC","GAS",4,"DEFAULT","Pure Sale","[PREMIUM]",,"APOPKA","FL","32712 5870","USA","USD","[PREMIUM]","[PREMIUM]","K160",false,"[PREMIUM]","TITANIUM",false,false,"[PREMIUM]",,,,,,,,"[PREMIUM]"
"51963766","2026-08-15 21:58:30.967","2026-08-23 23:44:29.962","51963766","2026-08-18 19:05:58.000","[PREMIUM]","153","FL - ORLANDO NORTH","2026-08-24","MONDAY","1000","EDT","0","V",2017,"HONDA","ACCORD","ACCORD",,"WHITE","SIDE","REAR END","FL","RB","YES","D",147825,"N","[PREMIUM]",6881.31,,,"AUTOMATIC",,,"Run & Drive Verified","Pure Sale","[PREMIUM]",,"APOPKA","FL","32712 5870","USA","USD","[PREMIUM]","[PREMIUM]","E090",false,"[PREMIUM]",,false,false,"[PREMIUM]",,,,,,,,"[PREMIUM]"
"63521046","2026-08-15 21:58:26.018","2026-08-19 15:00:00.832","63521046","2026-08-18 14:11:14.000","[PREMIUM]","148","FL - MIAMI SOUTH","2026-08-19","WEDNESDAY","1000","EDT","2077","V",2012,"BMW","X3","X3","4DR SPORT UTILITY","BLACK","FRONT END","SIDE","FL","CD","YES","E",63782,"A","[PREMIUM]",9712.72,"3.0L 6","ALL WHEEL DRIVE","AUTOMATIC","GAS",6,"DEFAULT","Pure Sale","[PREMIUM]",,"HOMESTEAD","FL","33032 3801","USA","USD","[PREMIUM]","[PREMIUM]","EE170",false,"[PREMIUM]","XDRIVE28I",false,false,"[PREMIUM]",,,,,,,,"[PREMIUM]"
"62337606","2026-08-15 21:58:25.673","2026-08-29 11:44:15.321","62337606","2026-08-26 16:05:13.000","[PREMIUM]","880","*NCS - EASTERN REGION","2026-08-31","MONDAY","2100","EDT","0","V",2020,"NISSAN","SENTRA","SENTRA","SEDAN","WHITE","FRONT END",,"FL","CD","YES","D",191868,"A","[PREMIUM]",11210,"2.0L 4","FRONT WHEEL DRIVE","AUTOMATIC","GAS",4,"Run & Drive Verified","On Minimum Bid","[PREMIUM]",,"HOMESTEAD","FL","33032 3801","USA","USD","[PREMIUM]","[PREMIUM]","L040",true,"[PREMIUM]","SR",false,false,"[PREMIUM]",,,,,,,,"[PREMIUM]"
"62096476","2026-08-15 21:58:25.637","2026-08-19 15:00:00.428","62096476","2026-08-18 16:41:19.000","[PREMIUM]","148","FL - MIAMI SOUTH","2026-08-19","WEDNESDAY","1000","EDT","2509","V",2026,"KIA","ALL OTHER","K4","SEDAN","GRAY","SIDE","FRONT END","FL","CD","YES","S",1027,"A","[PREMIUM]",24372.58,"2.0L 4","FRONT WHEEL DRIVE","AUTOMATIC","GAS",4,"Vehicle Starts","Pure Sale","[PREMIUM]",,"HOMESTEAD","FL","33032 3801","USA","USD","[PREMIUM]","[PREMIUM]","DD170",false,"[PREMIUM]","LX",false,false,"[PREMIUM]",,,,,,,,"[PREMIUM]"
"58985406","2026-08-15 21:58:25.203","2026-08-19 14:59:59.828","58985406","2026-08-18 20:30:01.000","[PREMIUM]","148","FL - MIAMI SOUTH","2026-08-19","WEDNESDAY","1000","EDT","147","V",2018,"BMW","5 SERIES","530","SEDAN","WHITE","MINOR DENT/SCRATCHES",,"FL","RB","YES","D",131981,"A","[PREMIUM]",12926.59,"2.0L 4","REAR WHEEL DRIVE","AUTOMATIC","GAS",4,"Run & Drive Verified","Pure Sale","[PREMIUM]",,"HOMESTEAD","FL","33032 3801","USA","USD","[PREMIUM]","[PREMIUM]","GG080",false,"[PREMIUM]","I",false,false,"[PREMIUM]",,,,,,,,"[PREMIUM]"
"58819416","2026-08-15 21:58:25.155","2026-08-19 14:59:59.788","58819416","2026-08-18 20:30:01.000","[PREMIUM]","148","FL - MIAMI SOUTH","2026-08-19","WEDNESDAY","1000","EDT","156","V",2023,"KIA","ALL OTHER","CARNIVAL","VAN PASSENGER","BLACK","WATER/FLOOD",,"FL","R1","YES","D",139017,"A","[PREMIUM]",448.19,"3.5L 6","FRONT WHEEL DRIVE","AUTOMATIC","GAS",6,"Run & Drive Verified","Pure Sale","[PREMIUM]",,"HOMESTEAD","FL","33032 3801","USA","USD","[PREMIUM]","[PREMIUM]","AA150",false,"[PREMIUM]","LX",false,false,"[PREMIUM]",,,,,,,,"[PREMIUM]"
"63860736","2026-08-15 21:58:24.211","2026-08-29 11:44:12.254","63860736","2026-08-26 12:27:50.000","[PREMIUM]","146","GA - ATLANTA SOUTH","2026-09-01","TUESDAY","1000","EDT","27","V",2010,"HONDA","ACCORD","ACCORD","SEDAN 4DR","GRAY","SIDE","FRONT END","GA","ST","YES","D",227705,"A","[PREMIUM]",5046.47,"3.5L 6","FRONT WHEEL DRIVE","AUTOMATIC","GAS",6,"Run & Drive Verified","Pure Sale","[PREMIUM]",,"ELLENWOOD","GA","30294 2655","USA","USD","[PREMIUM]","[PREMIUM]","J140",false,"[PREMIUM]","EXL",false,false,"[PREMIUM]",,,,,,,,"[PREMIUM]"
"58780276","2026-08-15 21:58:04.952","2026-08-29 11:43:57.037","58780276","2026-08-18 01:18:34.000","[PREMIUM]","143","KY - LOUISVILLE",,,,"EDT","0","V",2012,"DODGE","CARAVAN","GRAND CARAVAN","SPORTS VAN","CHARCOAL","FRONT END",,"MI","CT","YES","D",218233,"A","[PREMIUM]",2841,"3.6L 6","FRONT WHEEL DRIVE","AUTOMATIC","FLEXIBLE",6,"Run & Drive Verified","On Minimum Bid","[PREMIUM]",,"LOUISVILLE","KY","40272 2985","USA","USD","[PREMIUM]","[PREMIUM]","T070",false,"[PREMIUM]","CREW",false,false,"[PREMIUM]",,,,,,,,"[PREMIUM]"
"61169766","2026-08-15 21:57:42.276","2026-08-19 14:59:12.422","61169766","2026-08-19 08:00:30.000","[PREMIUM]","135","NJ - TRENTON","2026-08-19","WEDNESDAY","1000","EDT","45","V",2019,"INFINITI","Q50","Q50","SEDAN","WHITE","WATER/FLOOD",,"NY","FS","YES","D",45160,"A","[PREMIUM]",20000,"3.0L 6","ALL WHEEL DRIVE","AUTOMATIC","GAS",6,"Run & Drive Verified","On Minimum Bid","[PREMIUM]",,"WINDSOR","NJ","08561 0489","USA","USD","[PREMIUM]","[PREMIUM]","G110",false,"[PREMIUM]","3.0T LUXE",false,false,"[PREMIUM]",,,,,,,,"[PREMIUM]"
"63864066","2026-08-15 21:57:08.518","2026-08-20 17:38:56.009","63864066","2026-08-18 20:12:31.000","[PREMIUM]","117","FL - TALLAHASSEE","2026-08-21","FRIDAY","1000","EDT","0","V",2002,"TOYOTA","AVALON","AVALON","SEDAN","BEIGE","FRONT END","TOP/ROOF","FL","RB","YES","D",84038,"E","[PREMIUM]",4532,"3.0L 6","FRONT WHEEL DRIVE","AUTOMATIC","GAS",6,"Run & Drive Verified","Pure Sale","[PREMIUM]",,"MIDWAY","FL","32343 6677","USA","USD","[PREMIUM]","[PREMIUM]","E020",false,"[PREMIUM]","XLS",false,false,"[PREMIUM]",,,,,,,,"[PREMIUM]"
"63129696","2026-08-15 21:57:08.446","2026-08-26 17:42:33.409","63129696","2026-08-21 19:40:23.000","[PREMIUM]","117","FL - TALLAHASSEE","2026-08-28","FRIDAY","1000","EDT","0","V",2007,"JEEP","WRANGLER","WRANGLER","4DR SPORT UTILITY","CHARCOAL","FRONT END","SIDE","FL","RR","YES","S",216238,"E","[PREMIUM]",8104,"3.8L 6","4X4 W/REAR WHEEL DRV","AUTOMATIC","GAS",6,"Vehicle Starts","On Minimum Bid","[PREMIUM]",,"MIDWAY","FL","32343 6677","USA","USD","[PREMIUM]","[PREMIUM]","I020",false,"[PREMIUM]","X",false,false,"[PREMIUM]",,,,,,,,"[PREMIUM]"
"62517276","2026-08-15 21:57:08.375","2026-08-20 17:38:55.715","62517276","2026-08-18 20:23:04.000","[PREMIUM]","117","FL - TALLAHASSEE","2026-08-21","FRIDAY","1000","EDT","0","V",2016,"GMC","CANYON","CANYON","4DR EXT CAB PICKUP","SILVER","TOP/ROOF",,"FL","RB","YES","D",168321,"A","[PREMIUM]",15555.19,"2.5L 4","REAR WHEEL DRIVE","AUTOMATIC","GAS",4,"Run & Drive Verified","Pure Sale","[PREMIUM]",,"MIDWAY","FL","32343 6677","USA","USD","[PREMIUM]","[PREMIUM]","H100",false,"[PREMIUM]",,false,false,"[PREMIUM]",,,,,,,,"[PREMIUM]"
"62847316","2026-08-15 21:57:08.363","2026-08-20 17:38:55.754","62847316","2026-08-18 20:12:29.000","[PREMIUM]","117","FL - TALLAHASSEE","2026-08-21","FRIDAY","1000","EDT","0","V",2014,"HONDA","CRV","CR-V","4DR SPORT UTILITY","WHITE","REAR END",,"FL","RB","YES","D",171289,"A","[PREMIUM]",9097.07,"2.4L 4","ALL WHEEL DRIVE","AUTOMATIC","GAS",4,"Run & Drive Verified","Pure Sale","[PREMIUM]",,"MIDWAY","FL","32343 6677","USA","USD","[PREMIUM]","[PREMIUM]","F010",false,"[PREMIUM]","EXL",false,false,"[PREMIUM]",,,,,,,,"[PREMIUM]"
"60618456","2026-08-15 21:57:08.146","2026-08-20 17:38:55.256","60618456","2026-08-18 20:10:59.000","[PREMIUM]","117","FL - TALLAHASSEE","2026-08-21","FRIDAY","1000","EDT","0","V",2009,"CHEVROLET","EQUINOX","EQUINOX","4DR SPORT UTILITY","SILVER","SIDE","REAR END","FL","RB","YES","E",0,"E","[PREMIUM]",3395,"3.4L 6","ALL WHEEL DRIVE","AUTOMATIC","GAS",6,"DEFAULT","Pure Sale","[PREMIUM]",,"MIDWAY","FL","32343 6677","USA","USD","[PREMIUM]","[PREMIUM]","E010",false,"[PREMIUM]","LT",false,false,"[PREMIUM]",,,,,,,,"[PREMIUM]"
"60957586","2026-08-15 21:57:08.131","2026-08-20 17:38:55.317","60957586","2026-08-18 20:12:29.000","[PREMIUM]","117","FL - TALLAHASSEE","2026-08-21","FRIDAY","1000","EDT","0","V",2019,"KIA","SORENTO","SORENTO","SUV","GRAY","FRONT END","SIDE","FL","RB","YES","S",143034,"A","[PREMIUM]",12580.21,"2.4L 4","FRONT WHEEL DRIVE","AUTOMATIC","GAS",4,"Vehicle Starts","Pure Sale","[PREMIUM]",,"MIDWAY","FL","32343 6677","USA","USD","[PREMIUM]","[PREMIUM]","SA003",false,"[PREMIUM]","LX",false,false,"[PREMIUM]",,,,,,,,"[PREMIUM]"
"60048676","2026-08-15 21:57:08.036","2026-08-20 17:38:55.203","60048676","2026-08-18 12:22:44.000","[PREMIUM]","117","FL - TALLAHASSEE","2026-08-21","FRIDAY","1000","EDT","0","V",2025,"NISSAN","ROGUE","ROGUE","WAGON","BROWN","FRONT END","SIDE","FL","CD","YES","D",6783,"A","[PREMIUM]",29254.04,"1.5L 3","ALL WHEEL DRIVE","AUTOMATIC","GAS",3,"Run & Drive Verified","Pure Sale","[PREMIUM]",,"MIDWAY","FL","32343 6677","USA","USD","[PREMIUM]","[PREMIUM]","J030",false,"[PREMIUM]","ROCK CREEK",false,false,"[PREMIUM]",,,,,,,,"[PREMIUM]"
"64831496","2026-08-15 21:57:06.597","2026-08-29 11:42:59.779","64831496","2026-08-28 13:59:43.000","[PREMIUM]","115","KY - LEXINGTON EAST","2026-08-31","MONDAY","1000","EDT","115","V",2007,"CHEVROLET","SILVERADO","SILVERADO","4DR EXT CAB PICKUP","GRAY","NORMAL WEAR",,"KY","CT","YES","D",0,"N","[PREMIUM]",0,"5.3L 8","4X4 W/REAR WHEEL DRV","AUTOMATIC","GAS",8,"Run & Drive Verified","On Minimum Bid","[PREMIUM]",,"LEXINGTON","KY","40509 9458","USA","USD","[PREMIUM]","[PREMIUM]","B040",true,"[PREMIUM]","K1500 CLASSIC",false,false,"[PREMIUM]",,,,,,,,"[PREMIUM]"
"65296076","2026-08-15 21:56:57.011","2026-08-26 05:43:43.816","65296076","2026-08-25 12:49:41.000","[PREMIUM]","111","OH - CLEVELAND EAST","2026-08-26","WEDNESDAY","1000","EDT","0","V",2017,"HONDA","RIDGELINE","RIDGELINE","CREW PICKUP","BLACK","MINOR DENT/SCRATCHES",,"OH","ST","YES","D",169938,"A","[PREMIUM]",0,"3.5L 6","ALL WHEEL DRIVE","AUTOMATIC","GAS",6,"Run & Drive Verified","On Minimum Bid","[PREMIUM]",,"NORTHFIELD","OH","44067 2881","USA","USD","[PREMIUM]","[PREMIUM]","C150",true,"[PREMIUM]","BLACK EDITION",false,false,"[PREMIUM]",,,,,,,,"[PREMIUM]"
"65319886","2026-08-15 21:56:57.005","2026-08-26 05:43:43.880","65319886","2026-08-18 14:20:51.000","[PREMIUM]","111","OH - CLEVELAND EAST","2026-08-26","WEDNESDAY","1000","EDT","0","V",2018,"GMC","ACADIA","ACADIA","SPORT UTILITY VEHICLE","SILVER","FRONT END",,"OH","ST","YES","D",142446,"A","[PREMIUM]",10000,"3.6L 6","ALL WHEEL DRIVE","AUTOMATIC","GAS",6,"Run & Drive Verified","Pure Sale","[PREMIUM]",,"NORTHFIELD","OH","44067 2881","USA","USD","[PREMIUM]","[PREMIUM]","A140",false,"[PREMIUM]","SLT-2",false,false,"[PREMIUM]",,,,,,,,"[PREMIUM]"
"65018116","2026-08-15 21:56:56.970","2026-08-26 05:43:43.667","65018116","2026-08-18 14:18:25.000","[PREMIUM]","111","OH - CLEVELAND EAST","2026-08-26","WEDNESDAY","1000","EDT","0","V",2018,"VOLKSWAGEN","ATLAS","ATLAS","SPORT UTILITY VEHICLE","GRAY","HAIL",,"OH","ST","YES","D",87284,"A","[PREMIUM]",11423.31,"3.6L 6","ALL WHEEL DRIVE","AUTOMATIC","GAS",6,"Run & Drive Verified","On Minimum Bid","[PREMIUM]",,"NORTHFIELD","OH","44067 2881","USA","USD","[PREMIUM]","[PREMIUM]","C040",false,"[PREMIUM]","SEL PREMIUM",false,false,"[PREMIUM]",,,,,,,,"[PREMIUM]"
"64774286","2026-08-15 21:56:56.959","2026-08-26 05:43:43.563","64774286","2026-08-18 14:10:53.000","[PREMIUM]","111","OH - CLEVELAND EAST","2026-08-26","WEDNESDAY","1000","EDT","0","V",2020,"KIA","TELLURIDE","TELLURIDE","SPORT UTILITY VEHICLE","WHITE","REAR END",,"OH","ST","YES","D",83971,"A","[PREMIUM]",19473,"3.8L 6","ALL WHEEL DRIVE","AUTOMATIC","GAS",6,"Run & Drive Verified","Pure Sale","[PREMIUM]",,"NORTHFIELD","OH","44067 2881","USA","USD","[PREMIUM]","[PREMIUM]","B180",false,"[PREMIUM]","SX",false,false,"[PREMIUM]",,,,,,,,"[PREMIUM]"
"64834496","2026-08-15 21:56:56.945","2026-08-26 05:43:43.658","64834496","2026-08-18 14:14:22.000","[PREMIUM]","111","OH - CLEVELAND EAST","2026-08-26","WEDNESDAY","1000","EDT","0","V",2017,"BMW","X3","X3","SPORT UTILITY VEHICLE","BLACK","FRONT END","MINOR DENT/SCRATCHES","OH","ST","YES","D",97478,"A","[PREMIUM]",7814.49,"2.0L 4","ALL WHEEL DRIVE","AUTOMATIC","GAS",4,"Run & Drive Verified","On Minimum Bid","[PREMIUM]",,"NORTHFIELD","OH","44067 2881","USA","USD","[PREMIUM]","[PREMIUM]","A030",false,"[PREMIUM]","XDRIVE28I",false,false,"[PREMIUM]",,,,,,,,"[PREMIUM]"
"64826456","2026-08-15 21:56:56.944","2026-08-26 05:43:43.580","64826456","2026-08-18 14:12:29.000","[PREMIUM]","111","OH - CLEVELAND EAST","2026-08-26","WEDNESDAY","1000","EDT","0","V",2013,"MAZDA","CX-5","CX-5","4DR SPORT UTILITY","RED","FRONT END",,"OH","ST","YES","D",193587,"A","[PREMIUM]",0,"2.0L 4","ALL WHEEL DRIVE","AUTOMATIC","GAS",4,"Run & Drive Verified","Pure Sale","[PREMIUM]",,"NORTHFIELD","OH","44067 2881","USA","USD","[PREMIUM]","[PREMIUM]","C070",false,"[PREMIUM]","TOURING",false,false,"[PREMIUM]",,,,,,,,"[PREMIUM]"
"64955026","2026-08-15 21:56:56.939","2026-08-26 05:43:43.679","64955026","2026-08-18 14:15:27.000","[PREMIUM]","111","OH - CLEVELAND EAST","2026-08-26","WEDNESDAY","1000","EDT","0","V",2016,"TOYOTA","RAV4","RAV4","4DR SPORT UTILITY","WHITE","SIDE","MINOR DENT/SCRATCHES","OH","ST","YES","D",79119,"A","[PREMIUM]",11046.29,"2.5L 4","ALL WHEEL DRIVE","AUTOMATIC","GAS",4,"Run & Drive Verified","Pure Sale","[PREMIUM]",,"NORTHFIELD","OH","44067 2881","USA","USD","[PREMIUM]","[PREMIUM]","B170",false,"[PREMIUM]","LE",false,false,"[PREMIUM]",,,,,,,,"[PREMIUM]"
"64548466","2026-08-15 21:56:56.895","2026-08-26 05:43:43.288","64548466","2026-08-25 14:54:32.000","[PREMIUM]","111","OH - CLEVELAND EAST","2026-08-26","WEDNESDAY","1000","EDT","0","V",2009,"MITSUBISHI","GALANT","GALANT","SEDAN 4DR","RED","REAR END",,"OH","ST","YES","D",198687,"A","[PREMIUM]",1830,"2.4L 4","FRONT WHEEL DRIVE","AUTOMATIC","GAS",4,"Run & Drive Verified","Pure Sale","[PREMIUM]",,"NORTHFIELD","OH","44067 2881","USA","USD","[PREMIUM]","[PREMIUM]","C070",false,"[PREMIUM]","ES",false,false,"[PREMIUM]",,,,,,,,"[PREMIUM]"
"64727756","2026-08-15 21:56:56.888","2026-08-26 05:43:43.415","64727756","2026-08-18 13:41:49.000","[PREMIUM]","111","OH - CLEVELAND EAST","2026-08-26","WEDNESDAY","1000","EDT","0","V",2009,"JEEP","CHEROKEE","GRAND CHEROKEE","4DR SPORT UTILITY","WHITE","MINOR DENT/SCRATCHES",,"OH","ST","YES","D",185776,"A","[PREMIUM]",2137.81,"3.7L 6","REAR WHEEL DRIVE","AUTOMATIC","GAS",6,"Run & Drive Verified","Pure Sale","[PREMIUM]",,"NORTHFIELD","OH","44067 2881","USA","USD","[PREMIUM]","[PREMIUM]","C060",false,"[PREMIUM]","LAREDO",false,false,"[PREMIUM]",,,,,,,,"[PREMIUM]"
"64765866","2026-08-15 21:56:56.879","2026-08-26 05:43:43.551","64765866","2026-08-18 13:42:53.000","[PREMIUM]","111","OH - CLEVELAND EAST","2026-08-26","WEDNESDAY","1000","EDT","0","V",2017,"TOYOTA","RAV4","RAV4","4DR SPORT UTILITY","WHITE","REAR END",,"OH","ST","YES","D",140241,"A","[PREMIUM]",17556.95,"2.5L 4","ALL WHEEL DRIVE","AUTOMATIC","GAS",4,"Run & Drive Verified","On Minimum Bid","[PREMIUM]",,"NORTHFIELD","OH","44067 2881","USA","USD","[PREMIUM]","[PREMIUM]","A010",false,"[PREMIUM]","SE",false,false,"[PREMIUM]",,,,,,,,"[PREMIUM]"
"64263206","2026-08-15 21:56:56.772","2026-08-26 05:43:43.088","64263206","2026-08-18 13:39:26.000","[PREMIUM]","111","OH - CLEVELAND EAST","2026-08-26","WEDNESDAY","1000","EDT","0","V",2014,"CHEVROLET","MALIBU","MALIBU","SEDAN 4DR","BEIGE","FRONT END","SIDE","OH","ST","YES","D",119039,"A","[PREMIUM]",9727.42,"2.5L 4","FRONT WHEEL DRIVE","AUTOMATIC","GAS",4,"Run & Drive Verified","Pure Sale","[PREMIUM]",,"NORTHFIELD","OH","44067 2881","USA","USD","[PREMIUM]","[PREMIUM]","B170",false,"[PREMIUM]","LS",false,false,"[PREMIUM]",,,,,,,,"[PREMIUM]"
"63285516","2026-08-15 21:56:56.503","2026-08-28 23:42:55.903","63285516","2026-08-27 17:59:56.000","[PREMIUM]","111","OH - CLEVELAND EAST","2026-09-02","WEDNESDAY","1000","EDT","0","V",2017,"CHEVROLET","TRAX","TRAX LS","4DR SPORT UTILITY","WHITE","FRONT END","REAR END","OH","ST","YES","D",59726,"A","[PREMIUM]",7741.04,"1.4L 4","FRONT WHEEL DRIVE","AUTOMATIC","GAS",4,"Run & Drive Verified","On Minimum Bid","[PREMIUM]",,"NORTHFIELD","OH","44067 2881","USA","USD","[PREMIUM]","[PREMIUM]","B100",false,"[PREMIUM]",,false,false,"[PREMIUM]",,,,,,,,"[PREMIUM]"
"63118126","2026-08-15 21:56:56.457","2026-08-29 11:42:49.567","63118126","2026-08-26 15:37:51.000","[PREMIUM]","111","OH - CLEVELAND EAST","2026-09-02","WEDNESDAY","1000","EDT","0","V",2021,"SUBARU","OUTBACK","OUTBACK","SPORT UTILITY VEHICLE","BLUE","SIDE",,"OH","ST","YES","D",49789,"A","[PREMIUM]",22132,"2.5L 4","ALL WHEEL DRIVE","AUTOMATIC","GAS",4,"Run & Drive Verified","On Minimum Bid","[PREMIUM]",,"NORTHFIELD","OH","44067 2881","USA","USD","[PREMIUM]","[PREMIUM]","B030",false,"[PREMIUM]","LIMITED",false,false,"[PREMIUM]",,,,,,,,"[PREMIUM]"
"63156636","2026-08-15 21:56:56.451","2026-08-26 05:43:42.589","63156636","2026-08-18 13:37:08.000","[PREMIUM]","111","OH - CLEVELAND EAST","2026-08-26","WEDNESDAY","1000","EDT","0","V",2019,"TOYOTA","RAV4","RAV4","SUV","TEAL","FRONT END",,"OH","ST","YES","D",165365,"A","[PREMIUM]",7841.84,"2.5L 4","FRONT WHEEL DRIVE","AUTOMATIC","GAS",4,"Run & Drive Verified","Pure Sale","[PREMIUM]",,"NORTHFIELD","OH","44067 2881","USA","USD","[PREMIUM]","[PREMIUM]","B140",false,"[PREMIUM]","XLE",false,false,"[PREMIUM]",,,,,,,,"[PREMIUM]"
"62897506","2026-08-15 21:56:56.348","2026-08-26 05:43:42.530","62897506","2026-08-18 13:32:43.000","[PREMIUM]","111","OH - CLEVELAND EAST","2026-08-26","WEDNESDAY","1000","EDT","0","V",2019,"FORD","F150","F150","PICKUP","SILVER","ROLLOVER",,"OH","ST","EXM","E",0,"N","[PREMIUM]",34831.65,"3.5L 6","4X4 W/REAR WHEEL DRV","AUTOMATIC","GAS",6,"DEFAULT","Pure Sale","[PREMIUM]",,"NORTHFIELD","OH","44067 2881","USA","USD","[PREMIUM]","[PREMIUM]","E030",false,"[PREMIUM]","SUPERCREW",false,false,"[PREMIUM]",,,,,,,,"[PREMIUM]"
"62424036","2026-08-15 21:56:56.294","2026-08-26 05:43:42.345","62424036","2026-08-18 13:24:22.000","[PREMIUM]","111","OH - CLEVELAND EAST","2026-08-26","WEDNESDAY","1000","EDT","0","V",1998,"CHEVROLET","BLAZER","BLAZER","2DR SPORT UTILITY","TAN","FRAME DAMAGE","FRONT END","OH","ST","YES","E",0,"N","[PREMIUM]",12006.48,"4.3L 6","4X4 W/REAR WHEEL DRV","MANUAL","GAS",6,"DEFAULT","Pure Sale","[PREMIUM]",,"NORTHFIELD","OH","44067 2881","USA","USD","[PREMIUM]","[PREMIUM]","A010",false,"[PREMIUM]",,false,false,"[PREMIUM]",,,,,,,,"[PREMIUM]"
"62128276","2026-08-15 21:56:56.204","2026-08-26 05:43:42.289","62128276","2026-08-25 13:57:24.000","[PREMIUM]","111","OH - CLEVELAND EAST","2026-08-26","WEDNESDAY","1000","EDT","0","V",2018,"FORD","EDGE","EDGE","SPORT UTILITY VEHICLE","TAN","SIDE","TOP/ROOF","OH","ST","EXM","E",0,"N","[PREMIUM]",5261,"3.5L 6","ALL WHEEL DRIVE","AUTOMATIC","GAS",6,"DEFAULT","Pure Sale","[PREMIUM]",,"NORTHFIELD","OH","44067 2881","USA","USD","[PREMIUM]","[PREMIUM]","D040",false,"[PREMIUM]","SEL",false,false,"[PREMIUM]",,,,,,,,"[PREMIUM]"
"62101856","2026-08-15 21:56:56.115","2026-08-26 05:43:42.301","62101856","2026-08-18 13:55:04.000","[PREMIUM]","111","OH - CLEVELAND EAST","2026-08-26","WEDNESDAY","1000","EDT","0","V",2017,"HONDA","CIVIC","CIVIC","COUPE","SILVER","REAR END",,"OH","ST","YES","D",125348,"A","[PREMIUM]",10434.91,"1.5L 4","FRONT WHEEL DRIVE","MANUAL","GAS",4,"Run & Drive Verified","Pure Sale","[PREMIUM]",,"NORTHFIELD","OH","44067 2881","USA","USD","[PREMIUM]","[PREMIUM]","B110",false,"[PREMIUM]","SI",false,false,"[PREMIUM]",,,,,,,,"[PREMIUM]"
"61626986","2026-08-15 21:56:56.071","2026-08-26 05:43:42.117","61626986","2026-08-19 01:44:00.000","[PREMIUM]","111","OH - CLEVELAND EAST","2026-08-26","WEDNESDAY","1000","EDT","0","V",2023,"FORD","BRONCO","BRONCO","SPORT UTILITY VEHICLE","GRAY","FRONT END","SIDE","OH","ST","YES","D",37346,"A","[PREMIUM]",36705,"2.7L 6","ALL WHEEL DRIVE","AUTOMATIC","GAS",6,"Run & Drive Verified","On Minimum Bid","[PREMIUM]",,"NORTHFIELD","OH","44067 2881","USA","USD","[PREMIUM]","[PREMIUM]","F100",false,"[PREMIUM]","BASE",false,false,"[PREMIUM]",,,,,,,,"[PREMIUM]"
"60779446","2026-08-15 21:56:55.967","2026-08-26 05:43:41.958","60779446","2026-08-18 15:09:32.000","[PREMIUM]","111","OH - CLEVELAND EAST","2026-08-26","WEDNESDAY","1000","EDT","0","V",2017,"MAZDA","CX-5","CX-5","SPORT UTILITY VEHICLE","RED","REAR END","FRONT END","OH","ST","YES","D",136887,"A","[PREMIUM]",11324.3,"2.5L 4","FRONT WHEEL DRIVE","AUTOMATIC","GAS",4,"Run & Drive Verified","Pure Sale","[PREMIUM]",,"NORTHFIELD","OH","44067 2881","USA","USD","[PREMIUM]","[PREMIUM]","B090",false,"[PREMIUM]","GRAND TOURING",false,false,"[PREMIUM]",,,,,,,,"[PREMIUM]"
"60573416","2026-08-15 21:56:55.954","2026-08-26 05:43:41.947","60573416","2026-08-18 13:51:52.000","[PREMIUM]","111","OH - CLEVELAND EAST","2026-08-26","WEDNESDAY","1000","EDT","0","V",2026,"HYUNDAI","PALISADE","PALISADE","SPORT UTILITY VEHICLE","BLACK","FRONT END",,"OH","ST","YES","D",7136,"A","[PREMIUM]",51010.18,"3.5L 6","ALL WHEEL DRIVE","AUTOMATIC","GAS",6,"Run & Drive Verified","Pure Sale","[PREMIUM]",,"NORTHFIELD","OH","44067 2881","USA","USD","[PREMIUM]","[PREMIUM]","D080",false,"[PREMIUM]","SEL",false,false,"[PREMIUM]",,,,,,,,"[PREMIUM]"
"60395086","2026-08-15 21:56:55.893","2026-08-26 05:43:41.879","60395086","2026-08-18 13:50:30.000","[PREMIUM]","111","OH - CLEVELAND EAST","2026-08-26","WEDNESDAY","1000","EDT","0","V",2025,"FORD","MUSTANG","MUSTANG MACH-E","SPORT UTILITY VEHICLE","BLUE","MECHANICAL","ALL OVER","OH","ST","YES","E",1344,"A","[PREMIUM]",40054.59,,"ALL WHEEL DRIVE","AUTOMATIC","ELECTRIC",,"DEFAULT","Pure Sale","[PREMIUM]",,"NORTHFIELD","OH","44067 2881","USA","USD","[PREMIUM]","[PREMIUM]","B110",false,"[PREMIUM]","PREMIUM",false,false,"[PREMIUM]",,,,,,,,"[PREMIUM]"
"60232426","2026-08-15 21:56:55.891","2026-08-29 11:42:49.247","60232426","2026-08-26 11:44:34.000","[PREMIUM]","111","OH - CLEVELAND EAST","2026-09-02","WEDNESDAY","1000","EDT","0","V",2015,"NISSAN","ARMADA","ARMADA","4DR SPORT UTILITY","WHITE","FRONT END","UNDERCARRIAGE","OH","ST","YES","E",0,"N","[PREMIUM]",25201,"5.6L 8","4X4 W/REAR WHEEL DRV","AUTOMATIC","GAS",8,"DEFAULT","Pure Sale","[PREMIUM]",,"NORTHFIELD","OH","44067 2881","USA","USD","[PREMIUM]","[PREMIUM]","D100",false,"[PREMIUM]","PLATINUM",false,false,"[PREMIUM]",,,,,,,,"[PREMIUM]"
"59581026","2026-08-15 21:56:55.832","2026-08-26 05:43:41.809","59581026","2026-08-18 13:45:26.000","[PREMIUM]","111","OH - CLEVELAND EAST","2026-08-26","WEDNESDAY","1000","EDT","0","V",2015,"SUBARU","FORESTER","FORESTER","4DR SPORT UTILITY","BLUE","SIDE",,"OH","ST","YES","D",168643,"A","[PREMIUM]",10624.42,"2.5L 4","ALL WHEEL DRIVE","AUTOMATIC","GAS",4,"Run & Drive Verified","Pure Sale","[PREMIUM]",,"NORTHFIELD","OH","44067 2881","USA","USD","[PREMIUM]","[PREMIUM]","E060",false,"[PREMIUM]","2.5I",false,false,"[PREMIUM]",,,,,,,,"[PREMIUM]"
"57874346","2026-08-15 21:56:55.624","2026-08-26 05:43:41.756","57874346","2026-08-18 13:44:21.000","[PREMIUM]","111","OH - CLEVELAND EAST","2026-08-26","WEDNESDAY","1000","EDT","0","V",2017,"FORD","EXPLORER","EXPLORER","4DR SPORT UTILITY","SILVER","FRONT END","SIDE","OH","ST","YES","D",183046,"A","[PREMIUM]",8211.54,"3.5L 6","4X4 W/FRONT WHL DRV","AUTOMATIC","GAS",6,"Run & Drive Verified","Pure Sale","[PREMIUM]",,"NORTHFIELD","OH","44067 2881","USA","USD","[PREMIUM]","[PREMIUM]","A120",false,"[PREMIUM]","PLATINUM",false,false,"[PREMIUM]",,,,,,,,"[PREMIUM]"
"63784346","2026-08-15 21:56:50.422","2026-08-24 11:49:50.553","63784346","2026-08-18 12:21:29.000","[PREMIUM]","108","FL - OCALA","2026-08-25","TUESDAY","1000","EDT","0","V",2013,"FORD","CMAX","C-MAX","HATCHBACK 4DR","SILVER","REAR END",,"FL","CD","NO","E",127612,"A","[PREMIUM]",10121,"2.0L 4","FRONT WHEEL DRIVE","AUTOMATIC","ELECTRIC AND GAS HYBRID",4,"DEFAULT","Pure Sale","[PREMIUM]",,"OCALA","FL","34482","USA","USD","[PREMIUM]","[PREMIUM]","L080",false,"[PREMIUM]","SEL",false,false,"[PREMIUM]",,,,,,,,"[PREMIUM]"
"50859506","2026-08-15 21:56:49.296","2026-08-24 23:58:20.899","50859506","2026-08-24 12:21:47.000","[PREMIUM]","108","FL - OCALA","2026-08-25","TUESDAY","1000","EDT","2300","V",2014,"CHRYSLER","300","300","SEDAN 4DR","WHITE","MINOR DENT/SCRATCHES",,"FL","RB","YES","D",218199,"A","[PREMIUM]",4055.2,"3.6L 6","REAR WHEEL DRIVE","AUTOMATIC","FLEXIBLE",6,"Run & Drive Verified","Pure Sale","[PREMIUM]",,"OCALA","FL","34482","USA","USD","[PREMIUM]","[PREMIUM]","K070",false,"[PREMIUM]",,false,false,"[PREMIUM]",,,,,,,,"[PREMIUM]"
"63297626","2026-08-15 21:56:48.032","2026-08-26 05:43:34.767","63297626","2026-08-25 16:46:06.000","[PREMIUM]","107","GA - ATLANTA EAST","2026-08-26","WEDNESDAY","1000","EDT","17","V",2007,"HONDA","ACCORD","ACCORD","SEDAN 4DR","GRAY","FRONT END","REAR END","GA","ST","YES","D",160762,"E","[PREMIUM]",9397.11,"3.0L 6","FRONT WHEEL DRIVE","AUTOMATIC","GAS",6,"Run & Drive Verified","Pure Sale","[PREMIUM]",,"LOGANVILLE","GA","30052 4625","USA","USD","[PREMIUM]","[PREMIUM]","Z140",false,"[PREMIUM]","EX",false,false,"[PREMIUM]",,,,,,,,"[PREMIUM]"
"79789005","2026-08-15 21:56:42.604","2026-08-23 23:42:32.714","79789005","2026-08-21 13:15:03.000","[PREMIUM]","105","FL - MIAMI CENTRAL","2026-08-24","MONDAY","1000","EDT","0","V",2022,"AUDI","Q5","Q5","SPORT UTILITY VEHICLE","WHITE","FRONT END","REAR END","FL","RB","YES","D",37977,"N","[PREMIUM]",11786.55,"2.0L 4","ALL WHEEL DRIVE","AUTOMATIC","GAS",4,"Run & Drive Verified","Pure Sale","[PREMIUM]",,"MIAMI","FL","33167 2916","USA","USD","[PREMIUM]","[PREMIUM]","A040",false,"[PREMIUM]","PREMIUM 45",false,false,"[PREMIUM]",,,,,,,,"[PREMIUM]"
"63459816","2026-08-15 21:56:42.065","2026-08-23 23:42:31.672","63459816","2026-08-19 13:54:58.000","[PREMIUM]","105","FL - MIAMI CENTRAL","2026-08-24","MONDAY","1000","EDT","0","V",2017,"TOYOTA","COROLLA","COROLLA","SEDAN","SILVER","SIDE","UNDERCARRIAGE","FL","RB","YES","S",150735,"A","[PREMIUM]",11512.33,"1.8L 4","FRONT WHEEL DRIVE","AUTOMATIC","GAS",4,"Vehicle Starts","Pure Sale","[PREMIUM]",,"MIAMI","FL","33167 2916","USA","USD","[PREMIUM]","[PREMIUM]","D080",false,"[PREMIUM]","SE",false,false,"[PREMIUM]",,,,,,,,"[PREMIUM]"
"56613856","2026-08-15 21:56:30.969","2026-08-29 11:42:27.822","56613856","2026-08-11 20:35:18.000","[PREMIUM]","102","MD - BALTIMORE",,,,"EDT","0","V",2006,"HONDA","ACCORD","ACCORD","SEDAN 4DR","GRAY","FRONT END","SIDE","MD","S1","YES","D",135279,"N","[PREMIUM]",6175,"3.0L 6","FRONT WHEEL DRIVE","AUTOMATIC","GAS",6,"Run & Drive Verified","Pure Sale","[PREMIUM]",,"FINKSBURG","MD","21048 1635","USA","USD","[PREMIUM]","[PREMIUM]","I030",false,"[PREMIUM]","EX",false,false,"[PREMIUM]",,,,,,,,"[PREMIUM]"
"62889996","2026-08-15 21:56:25.028","2026-08-28 11:41:34.471","62889996","2026-08-28 11:00:21.000","[PREMIUM]","98","TX - FT. WORTH","2026-08-28","FRIDAY","1200","CDT","2406","V",2016,"HONDA","CRV","CR-V","4DR SPORT UTILITY","GRAY","FRONT END",,"OK","ST","YES","D",0,"N","[PREMIUM]",14988,"2.4L 4","FRONT WHEEL DRIVE","AUTOMATIC","GAS",4,"Run & Drive Verified","On Minimum Bid","[PREMIUM]",,"HASLET","TX","76052 3840","USA","USD","[PREMIUM]","[PREMIUM]","F040",false,"[PREMIUM]","TOURING",false,false,"[PREMIUM]",,,,,,,,"[PREMIUM]"
"62751086","2026-08-15 21:56:00.292","2026-08-20 17:37:35.468","62751086","2026-08-18 19:58:45.000","[PREMIUM]","91","NJ - SOMERVILLE","2026-08-21","FRIDAY","1000","EDT","0","V",2023,"TESLA","MODEL Y","MODEL Y","SPORT UTILITY VEHICLE","GRAY","REAR END",,"NY","SM","YES","D",35772,"A","[PREMIUM]",24334,,"ALL WHEEL DRIVE","AUTOMATIC","ELECTRIC",,"Run & Drive Verified","On Minimum Bid","[PREMIUM]",,"HILLSBOROUGH","NJ","08844 4662","USA","USD","[PREMIUM]","[PREMIUM]","C040",false,"[PREMIUM]",,false,false,"[PREMIUM]",,,,,,,,"[PREMIUM]"
"62521736","2026-08-15 21:56:00.149","2026-08-20 17:37:35.261","62521736","2026-08-15 12:59:17.000","[PREMIUM]","91","NJ - SOMERVILLE","2026-08-21","FRIDAY","1000","EDT","0","V",2014,"AUDI","A6","A6","SEDAN 4DR","BLACK","WATER/FLOOD",,"NY","FS","YES",,115691,"A","[PREMIUM]",11510,"3.0L 6","ALL WHEEL DRIVE","AUTOMATIC","DIESEL",6,,"Pure Sale","[PREMIUM]",,"HILLSBOROUGH","NJ","08844 4662","USA","USD","[PREMIUM]","[PREMIUM]","C100",false,"[PREMIUM]","PRESTIGE",false,false,"[PREMIUM]",,,,,,,,"[PREMIUM]"
"63697616","2026-08-15 21:55:49.558","2026-08-26 05:42:35.069","63697616","2026-08-18 19:23:47.000","[PREMIUM]","86","FL - FT. PIERCE","2026-08-26","WEDNESDAY","1000","EDT","0","V",2013,"HYUNDAI","ELANTRA","ELANTRA","SEDAN","SILVER","VANDALISM",,"FL","RB","YES","D",82868,"N","[PREMIUM]",8652.72,"1.8L 4","FRONT WHEEL DRIVE","AUTOMATIC","GAS",4,"Run & Drive Verified","Pure Sale","[PREMIUM]",,"FORT PIERCE","FL","34946 7502","USA","USD","[PREMIUM]","[PREMIUM]","B030",false,"[PREMIUM]","LIMITED",false,false,"[PREMIUM]",,,,,,,,"[PREMIUM]"
"62788156","2026-08-15 21:55:49.391","2026-08-26 05:42:34.885","62788156","2026-08-18 19:16:37.000","[PREMIUM]","86","FL - FT. PIERCE","2026-08-26","WEDNESDAY","1000","EDT","0","V",2005,"TOYOTA","HIGHLANDER","HIGHLANDER","SUV","BLUE","FRONT END",,"FL","RB","YES","E",155591,"A","[PREMIUM]",10399.48,"3.3L 6","FRONT WHEEL DRIVE","AUTOMATIC","GAS",6,"DEFAULT","Pure Sale","[PREMIUM]",,"FORT PIERCE","FL","34946 7502","USA","USD","[PREMIUM]","[PREMIUM]","E050",false,"[PREMIUM]","LIMITED",false,false,"[PREMIUM]",,,,,,,,"[PREMIUM]"
"57149306","2026-08-15 21:55:43.718","2026-08-18 08:57:18.872","57149306","2026-08-17 14:46:36.000","[PREMIUM]","83","KY - LEXINGTON WEST","2026-08-19","WEDNESDAY","1000","EDT","0","V",2019,"HONDA","CRV","CR-V","SPORT UTILITY VEHICLE","BLACK","FRONT END",,"OH","ST","YES","D",139814,"N","[PREMIUM]",14233.05,"1.5L 4","ALL WHEEL DRIVE","AUTOMATIC","GAS",4,"Run & Drive Verified","Pure Sale","[PREMIUM]",,"LAWRENCEBURG","KY","40342 9225","USA","USD","[PREMIUM]","[PREMIUM]","SD006",false,"[PREMIUM]","EX",false,false,"[PREMIUM]",,,,,,,,"[PREMIUM]"
"80920885","2026-08-15 21:55:41.881","2026-08-19 14:57:04.261","80920885","2026-08-18 22:53:44.000","[PREMIUM]","81","IL - CHICAGO SOUTH","2026-08-19","WEDNESDAY","1200","CDT","2143","V",2025,"HONDA","HR-V","HR-V SPORT",,"WHITE","FRONT END",,"IL","SC","NO","E",0,"N","[PREMIUM]",19806.84,"2.0L  4","ALL WHEEL DRIVE","AUTOMATIC","GAS",4,"DEFAULT","On Minimum Bid","[PREMIUM]",,"CHICAGO HEIGHTS","IL","60411 5546","USA","USD","[PREMIUM]","[PREMIUM]","B090",false,"[PREMIUM]","SPORT",false,false,"[PREMIUM]",,,,,,,,"[PREMIUM]"
"64078486","2026-08-15 21:55:41.473","2026-08-29 11:41:38.999","64078486","2026-08-26 20:39:42.000","[PREMIUM]","81","IL - CHICAGO SOUTH","2026-09-02","WEDNESDAY","1200","CDT","0","V",2011,"CHEVROLET","SILVERADO","SILVERADO","4DR EXT CAB PICKUP","GRAY","FRONT END",,"IL","SC","YES","E",169366,"N","[PREMIUM]",8361.53,"5.3L 8","4X4 W/REAR WHEEL DRV","AUTOMATIC","FLEXIBLE",8,"DEFAULT","Pure Sale","[PREMIUM]",,"CHICAGO HEIGHTS","IL","60411 5546","USA","USD","[PREMIUM]","[PREMIUM]","K070",false,"[PREMIUM]","K1500 LT",false,false,"[PREMIUM]",,,,,,,,"[PREMIUM]"
"63498496","2026-08-15 21:55:41.068","2026-08-29 11:41:38.360","63498496","2026-08-15 16:16:05.000","[PREMIUM]","81","IL - CHICAGO SOUTH",,,,"CDT","0","V",2012,"FORD","FOCUS","FOCUS","HATCHBACK 4DR","GRAY","FRONT END","REAR END","IL","SC","YES","D",167286,"N","[PREMIUM]",8417,"2.0L 4","FRONT WHEEL DRIVE","AUTOMATIC","GAS",4,"Run & Drive Verified","Pure Sale","[PREMIUM]",,"CHICAGO HEIGHTS","IL","60411 5546","USA","USD","[PREMIUM]","[PREMIUM]","D060",false,"[PREMIUM]","SE",false,false,"[PREMIUM]",,,,,,,,"[PREMIUM]"
"63173286","2026-08-15 21:55:40.876","2026-08-29 11:41:38.071","63173286","2026-08-14 22:11:09.000","[PREMIUM]","81","IL - CHICAGO SOUTH",,,,"CDT","0","V",2013,"VOLKSWAGEN","JETTA","JETTA","SEDAN 4DR","GRAY","FRONT END",,"IL","SC","YES","S",108040,"A","[PREMIUM]",5664,"2.5L 5","FRONT WHEEL DRIVE","AUTOMATIC","GAS",5,"Vehicle Starts","Pure Sale","[PREMIUM]","VEH LOC @ HEIGHTS SUBLOT    ","CHICAGO HEIGHTS","IL","60411 5546","USA","USD","[PREMIUM]","[PREMIUM]","3O080",false,"[PREMIUM]","SE",false,false,"[PREMIUM]",,,,,,,,"[PREMIUM]"
"62666156","2026-08-15 21:55:40.387","2026-08-28 11:40:51.849","62666156","2026-08-26 22:09:15.000","[PREMIUM]","81","IL - CHICAGO SOUTH","2026-08-28","FRIDAY","1200","CDT","191","V",2022,"DODGE","DURANGO","DURANGO",,"BLACK","ALL OVER","VANDALISM","IL","SC","YES","E",67617,"A","[PREMIUM]",9894.84,,,"AUTOMATIC",,,"DEFAULT","Pure Sale","[PREMIUM]",,"CHICAGO HEIGHTS","IL","60411 5546","USA","USD","[PREMIUM]","[PREMIUM]","A070",false,"[PREMIUM]","GT",false,false,"[PREMIUM]",,,,,,,,"[PREMIUM]"
"62445866","2026-08-15 21:55:40.067","2026-08-29 11:41:37.268","62445866","2026-08-15 19:19:45.000","[PREMIUM]","81","IL - CHICAGO SOUTH",,,,"CDT","0","V",2012,"HYUNDAI","ELANTRA","ELANTRA","SEDAN","SILVER","FRONT END","SIDE","IL","SC","YES","D",76167,"A","[PREMIUM]",0,"1.8L 4","FRONT WHEEL DRIVE","AUTOMATIC","GAS",4,"Run & Drive Verified","Pure Sale","[PREMIUM]",,"CHICAGO HEIGHTS","IL","60411 5546","USA","USD","[PREMIUM]","[PREMIUM]","J070",false,"[PREMIUM]","GLS",false,false,"[PREMIUM]",,,,,,,,"[PREMIUM]"
"61901096","2026-08-15 21:55:39.527","2026-08-21 17:40:48.035","61901096","2026-08-19 22:29:45.000","[PREMIUM]","81","IL - CHICAGO SOUTH","2026-08-21","FRIDAY","1200","CDT","2023","V",2009,"CHEVROLET","SILVERADO","SILVERADO",,"WHITE","FRONT END","SIDE","IL","SC","YES","E",140714,"A","[PREMIUM]",9506.41,,,"AUTOMATIC",,,"DEFAULT","Pure Sale","[PREMIUM]",,"CHICAGO HEIGHTS","IL","60411 5546","USA","USD","[PREMIUM]","[PREMIUM]","K050",false,"[PREMIUM]","C1500 HYBRID",false,false,"[PREMIUM]",,,,,,,,"[PREMIUM]"
"61714446","2026-08-15 21:55:39.290","2026-08-28 23:41:30.082","61714446","2026-08-27 19:06:16.000","[PREMIUM]","81","IL - CHICAGO SOUTH","2026-09-02","WEDNESDAY","1200","CDT","0","V",2017,"HYUNDAI","SANTA FE","SANTA FE SPORT","SUV","WHITE","FRONT END",,"IL","SC","YES","D",88693,"A","[PREMIUM]",17264,"2.0L 4","ALL WHEEL DRIVE","AUTOMATIC","GAS",4,"Run & Drive Verified","On Minimum Bid","[PREMIUM]",,"CHICAGO HEIGHTS","IL","60411 5546","USA","USD","[PREMIUM]","[PREMIUM]","C070",false,"[PREMIUM]","2.0T ULTIMATE",false,false,"[PREMIUM]",,,,,,,,"[PREMIUM]"
"61606776","2026-08-15 21:55:39.030","2026-08-28 11:40:50.245","61606776","2026-08-26 22:09:15.000","[PREMIUM]","81","IL - CHICAGO SOUTH","2026-08-28","FRIDAY","1200","CDT","187","V",2015,"HONDA","CRV","CR-V","4DR SPORT UTILITY","GRAY","SIDE",,"IL","SC","YES","E",0,"N","[PREMIUM]",0,"2.4L 4","ALL WHEEL DRIVE","AUTOMATIC","GAS",4,"DEFAULT","Pure Sale","[PREMIUM]",,"CHICAGO HEIGHTS","IL","60411 5546","USA","USD","[PREMIUM]","[PREMIUM]","J050",false,"[PREMIUM]","TOURING",false,false,"[PREMIUM]",,,,,,,,"[PREMIUM]"
"60393846","2026-08-15 21:55:37.659","2026-08-28 11:40:49.124","60393846","2026-08-26 22:09:14.000","[PREMIUM]","81","IL - CHICAGO SOUTH","2026-08-28","FRIDAY","1200","CDT","114","V",2021,"VOLKSWAGEN","JETTA","JETTA","SEDAN","WHITE","FRONT END","SIDE","IL","SC","YES","D",180405,"A","[PREMIUM]",17833.19,"1.4L 4","FRONT WHEEL DRIVE","AUTOMATIC","GAS",4,"Run & Drive Verified","Pure Sale","[PREMIUM]",,"CHICAGO HEIGHTS","IL","60411 5546","USA","USD","[PREMIUM]","[PREMIUM]","G100",false,"[PREMIUM]","S",false,false,"[PREMIUM]",,,,,,,,"[PREMIUM]"
"62235086","2026-08-15 21:55:30.660","2026-08-20 17:36:58.328","62235086","2026-08-19 13:28:58.000","[PREMIUM]","841","CRASHEDTOYS POWERSPORT AUCTION","2026-08-20","THURSDAY","1200","CDT","6103","R",2014,"HOME","16'","16'",,"BLUE","ALL OVER",,"MN","BS","EXM","E",0,"N","[PREMIUM]",7699,,,"NONE",,,"DEFAULT","Pure Sale","[PREMIUM]",,"HAM LAKE","MN","55304 6921","USA","USD","[PREMIUM]","[PREMIUM]","7CT52",false,"[PREMIUM]",,false,false,"[PREMIUM]",,,,,,,,"[PREMIUM]"
"54779596","2026-08-15 21:55:21.328","2026-08-20 17:36:48.129","54779596","2026-08-19 17:15:02.000","[PREMIUM]","80","MN - MINNEAPOLIS NORTH","2026-08-20","THURSDAY","1200","CDT","123","V",2018,"JEEP","COMPASS","COMPASS","SPORT UTILITY VEHICLE","BLUE","WATER/FLOOD",,"IA","JC","YES","D",93681,"A","[PREMIUM]",12153,"2.4L 4","4X4 W/FRONT WHL DRV","AUTOMATIC","GAS",4,"Run & Drive Verified","Pure Sale","[PREMIUM]",,"HAM LAKE","MN","55304 6921","USA","USD","[PREMIUM]","[PREMIUM]","D130",false,"[PREMIUM]","LATITUDE",false,false,"[PREMIUM]",,,,,,,,"[PREMIUM]"
"58872986","2026-08-15 21:55:11.932","2026-08-24 23:56:58.370","58872986","2026-08-24 11:38:52.000","[PREMIUM]","76","PA - HARRISBURG","2026-08-25","TUESDAY","1000","EDT","2034","V",2014,"VOLKSWAGEN","PASSAT","PASSAT","SEDAN 4DR","SILVER","WATER/FLOOD",,"FL","R1","YES","D",154939,"N","[PREMIUM]",6537.95,"2.5L 5","FRONT WHEEL DRIVE","AUTOMATIC","GAS",5,"Run & Drive Verified","Pure Sale","[PREMIUM]",,"GRANTVILLE","PA","17028 8210","USA","USD","[PREMIUM]","[PREMIUM]","H050",false,"[PREMIUM]","S",false,false,"[PREMIUM]",,,,,,,,"[PREMIUM]"
"63207606","2026-08-15 21:55:04.451","2026-08-20 17:36:27.522","63207606","2026-08-20 11:00:36.000","[PREMIUM]","74","TX - SAN ANTONIO","2026-08-20","THURSDAY","1200","CDT","4102","V",2016,"ACURA","RDX","RDX",,"SILVER","SIDE","MINOR DENT/SCRATCHES","TX","SV","YES","D",129157,"A","[PREMIUM]",18098.55,,,"AUTOMATIC",,,"Run & Drive Verified","Pure Sale","[PREMIUM]",,"SAN ANTONIO","TX","78224 3051","USA","USD","[PREMIUM]","[PREMIUM]","G190",false,"[PREMIUM]","A-SPEC",false,false,"[PREMIUM]",,,,,,,,"[PREMIUM]"
"96357425","2026-08-15 21:54:57.029","2026-08-27 11:40:08.728","96357425","2026-08-25 11:24:30.000","[PREMIUM]","70","FL - WEST PALM BEACH","2026-08-27","THURSDAY","1000","EDT","2013","A",2025,"CAN-AM","ATV","OUTLANDER","ATV","GRAY","FRONT END",,"FL","CV","YES","D",606,"N","[PREMIUM]",5495.53,"1",,"AUTOMATIC","GAS",1,"Run & Drive Verified","Pure Sale","[PREMIUM]",,"WEST PALM BEACH","FL","33411 3823","USA","USD","[PREMIUM]","[PREMIUM]","SD006",false,"[PREMIUM]","500 2WD",false,false,"[PREMIUM]",,,,,,,,"[PREMIUM]"
"64802896","2026-08-15 21:54:56.844","2026-08-19 14:56:13.190","64802896","2026-08-17 12:34:05.000","[PREMIUM]","70","FL - WEST PALM BEACH","2026-08-20","THURSDAY","1000","EDT","67","V",2018,"VOLKSWAGEN","JETTA","JETTA","SEDAN","WHITE","REAR END",,"NY","SM","YES","D",41417,"A","[PREMIUM]",16403.22,"1.8L 4","FRONT WHEEL DRIVE","AUTOMATIC","GAS",4,"Run & Drive Verified","Pure Sale","[PREMIUM]",,"WEST PALM BEACH","FL","33411 3823","USA","USD","[PREMIUM]","[PREMIUM]","N100",false,"[PREMIUM]","SPORT",false,false,"[PREMIUM]",,,,,,,,"[PREMIUM]"
"62592716","2026-08-15 21:54:56.263","2026-08-24 23:56:44.563","62592716","2026-08-18 19:36:11.000","[PREMIUM]","70","FL - WEST PALM BEACH","2026-08-25","TUESDAY","1000","EDT","24","V",2011,"CHEVROLET","SILVERADO","SILVERADO","CREW PICKUP","RED","SIDE","FRONT END","FL","RB","YES","D",300573,"A","[PREMIUM]",9364.18,"6.6L 8","4X4 W/REAR WHEEL DRV","AUTOMATIC","DIESEL",8,"Run & Drive Verified","Pure Sale","[PREMIUM]",,"WEST PALM BEACH","FL","33411 3823","USA","USD","[PREMIUM]","[PREMIUM]","JJ010",false,"[PREMIUM]","K3500 LTZ",false,false,"[PREMIUM]",,,,,,,,"[PREMIUM]"
"79390675","2026-08-15 21:54:38.854","2026-08-19 14:55:50.621","79390675","2026-08-18 19:03:49.000","[PREMIUM]","63","TN - NASHVILLE","2026-08-19","WEDNESDAY","1200","CDT","2506","V",2011,"NISSAN","XTERRA","XTERRA","SUV","CHARCOAL","FRONT END","SIDE","ID","SC","YES","S",244457,"N","[PREMIUM]",5130,"4.0L 6","4X2","AUTOMATIC","GAS",6,"Vehicle Starts","Pure Sale","[PREMIUM]",,"LEBANON","TN","37090","USA","USD","[PREMIUM]","[PREMIUM]","SQ005",false,"[PREMIUM]","X",false,false,"[PREMIUM]",,,,,,,,"[PREMIUM]"
"57885216","2026-08-15 21:54:30.300","2026-08-19 14:55:41.874","57885216","2026-08-17 14:42:46.000","[PREMIUM]","62","TX - AUSTIN","2026-08-20","THURSDAY","1200","CDT","0","V",2007,"HONDA","ACCORD","ACCORD","SEDAN 4DR","WHITE","REAR END",,"TX","SV","YES","D",200338,"E","[PREMIUM]",5138.55,"3.0L 6","FRONT WHEEL DRIVE","AUTOMATIC","GAS",6,"Run & Drive Verified","Pure Sale","[PREMIUM]",,"NEW BRAUNFELS","TX","78130 7208","USA","USD","[PREMIUM]","[PREMIUM]","C010",false,"[PREMIUM]","EX",false,false,"[PREMIUM]",,,,,,,,"[PREMIUM]"
"95588115","2026-08-15 21:54:29.772","2026-08-28 11:39:48.882","95588115","2026-08-28 08:00:38.000","[PREMIUM]","61","MI - DETROIT","2026-08-28","FRIDAY","1000","EDT","6078","V",2020,"CHEVROLET","TRAX","TRAX","SPORT UTILITY VEHICLE","GRAY","FRONT END",,"MI","CT","YES","E",61619,"A","[PREMIUM]",16863.53,"1.4L 4","ALL WHEEL DRIVE","AUTOMATIC","GAS",4,"DEFAULT","On Minimum Bid","[PREMIUM]",,"WOODHAVEN","MI","48183 4366","USA","USD","[PREMIUM]","[PREMIUM]","D160",false,"[PREMIUM]","LS",false,false,"[PREMIUM]",,,,,,,,"[PREMIUM]"
"63317116","2026-08-15 21:54:28.375","2026-08-20 17:35:40.680","63317116","2026-08-17 19:54:49.000","[PREMIUM]","61","MI - DETROIT","2026-08-21","FRIDAY","1000","EDT","0","V",2018,"FORD","EDGE","EDGE","SPORT UTILITY VEHICLE","CHARCOAL","SIDE","FRONT END","MI","CT","YES","D",122933,"A","[PREMIUM]",8900,"3.5L 6","ALL WHEEL DRIVE","AUTOMATIC","GAS",6,"Run & Drive Verified","Pure Sale","[PREMIUM]",,"WOODHAVEN","MI","48183 4366","USA","USD","[PREMIUM]","[PREMIUM]","D190",false,"[PREMIUM]","SEL",false,false,"[PREMIUM]",,,,,,,,"[PREMIUM]"
"63161846","2026-08-15 21:54:28.249","2026-08-20 17:35:40.529","63161846","2026-08-18 12:44:57.000","[PREMIUM]","61","MI - DETROIT","2026-08-21","FRIDAY","1000","EDT","0","V",2013,"CADILLAC","XTS","XTS","SEDAN 4DR","WHITE","FRONT END","SIDE","MI","CT","YES","D",184929,"A","[PREMIUM]",6270,"3.6L 6","FRONT WHEEL DRIVE","AUTOMATIC","GAS",6,"Run & Drive Verified","Pure Sale","[PREMIUM]",,"WOODHAVEN","MI","48183 4366","USA","USD","[PREMIUM]","[PREMIUM]","BB110",false,"[PREMIUM]","LUXURY COLLECTION",false,false,"[PREMIUM]",,,,,,,,"[PREMIUM]"
"61987036","2026-08-15 21:54:27.464","2026-08-20 17:35:39.031","61987036","2026-08-17 19:51:17.000","[PREMIUM]","61","MI - DETROIT","2026-08-21","FRIDAY","1000","EDT","0","V",2017,"JEEP","COMPASS","COMPASS","4DR SPORT UTILITY","BLUE","FRONT END",,"MI","CT","YES","D",82061,"A","[PREMIUM]",9157.07,"2.4L 4","4X4 W/FRONT WHL DRV","AUTOMATIC","GAS",4,"Run & Drive Verified","Pure Sale","[PREMIUM]",,"WOODHAVEN","MI","48183 4366","USA","USD","[PREMIUM]","[PREMIUM]","H120",false,"[PREMIUM]","LATITUDE",false,false,"[PREMIUM]",,,,,,,,"[PREMIUM]"
"61667196","2026-08-15 21:54:27.208","2026-08-28 11:39:45.030","61667196","2026-08-28 08:00:37.000","[PREMIUM]","61","MI - DETROIT","2026-08-28","FRIDAY","1000","EDT","5268","V",2005,"CHEVROLET","EQUINOX","EQUINOX","4DR SPORT UTILITY","SILVER","ROLLOVER",,"MI","RS","YES","D",167069,"E","[PREMIUM]",7861.97,"3.4L 6","FRONT WHEEL DRIVE","AUTOMATIC","GAS",6,"Run & Drive Verified","On Minimum Bid","[PREMIUM]",,"WOODHAVEN","MI","48183 4366","USA","USD","[PREMIUM]","[PREMIUM]","F160",false,"[PREMIUM]","LS",false,false,"[PREMIUM]",,,,,,,,"[PREMIUM]"
"60865986","2026-08-15 21:54:26.704","2026-08-20 17:35:37.742","60865986","2026-08-18 15:23:42.000","[PREMIUM]","61","MI - DETROIT","2026-08-21","FRIDAY","1000","EDT","0","V",2016,"BUICK","ENCLAVE","ENCLAVE","4DR SPORT UTILITY","BLACK","FRONT END",,"MI","CT","YES","D",153623,"A","[PREMIUM]",8188,"3.6L 6","FRONT WHEEL DRIVE","AUTOMATIC","GAS",6,"Run & Drive Verified","Pure Sale","[PREMIUM]",,"WOODHAVEN","MI","48183 4366","USA","USD","[PREMIUM]","[PREMIUM]","BB090",false,"[PREMIUM]",,false,false,"[PREMIUM]",,,,,,,,"[PREMIUM]"
"58150076","2026-08-15 21:54:25.198","2026-08-20 17:35:34.277","58150076","2026-08-17 19:46:49.000","[PREMIUM]","61","MI - DETROIT","2026-08-21","FRIDAY","1000","EDT","0","V",2019,"BMW","Z4","Z4","CONVERTIBLE","BLUE","FRONT END",,"MI","CT","YES","D",19986,"A","[PREMIUM]",22689,"2.0L 4","REAR WHEEL DRIVE","AUTOMATIC","GAS",4,"Run & Drive Verified","Pure Sale","[PREMIUM]",,"WOODHAVEN","MI","48183 4366","USA","USD","[PREMIUM]","[PREMIUM]","E220",false,"[PREMIUM]","SDRIVE30I",false,false,"[PREMIUM]",,,,,,,,"[PREMIUM]"
"63429336","2026-08-15 21:54:22.611","2026-08-29 11:40:21.192","63429336","2026-08-17 16:43:42.000","[PREMIUM]","60","IA - DES MOINES",,,,"CDT","0","V",2018,"MERCEDES-BENZ","CLS-CLASS","CLS","SEDAN","RED","SIDE","FRONT END","IA","ST","YES","D",33012,"X","[PREMIUM]",24380,"4.6L 8","ALL WHEEL DRIVE","AUTOMATIC","GAS",8,"Run & Drive Verified","Pure Sale","[PREMIUM]",,"DES MOINES","IA","50317","USA","USD","[PREMIUM]","[PREMIUM]","D060",false,"[PREMIUM]","550 4MATIC",false,false,"[PREMIUM]",,,,,,,,"[PREMIUM]"
"77350575","2026-08-15 21:54:06.620","2026-08-19 14:55:16.870","77350575","2026-08-19 13:12:11.000","[PREMIUM]","55","FL - ORLANDO SOUTH","2026-08-25","TUESDAY","1000","EDT","0","V",2015,"MERCEDES-BENZ","M-CLASS","ML","4DR SPORT UTILITY","BURGUNDY","FRONT END","SIDE","FL","RB","YES","D",106379,"N","[PREMIUM]",0,"3.5L 6","ALL WHEEL DRIVE","AUTOMATIC","GAS",6,"Run & Drive Verified","Pure Sale","[PREMIUM]",,"ORLANDO","FL","32824 7826","USA","USD","[PREMIUM]","[PREMIUM]","D030",false,"[PREMIUM]","350 4MATIC",false,false,"[PREMIUM]",,,,,,,,"[PREMIUM]"
"65016866","2026-08-15 21:54:06.562","2026-08-19 14:55:16.653","65016866","2026-08-18 19:22:23.000","[PREMIUM]","55","FL - ORLANDO SOUTH","2026-08-20","THURSDAY","1000","EDT","0","V",2014,"CHEVROLET","SILVERADO","SILVERADO","CREW PICKUP","BLUE","MINOR DENT/SCRATCHES",,"FL","RB","YES","D",141099,"A","[PREMIUM]",10483.96,"5.3L 8","REAR WHEEL DRIVE","AUTOMATIC","GAS",8,"Run & Drive Verified","Pure Sale","[PREMIUM]",,"ORLANDO","FL","32824 7826","USA","USD","[PREMIUM]","[PREMIUM]","GG050",false,"[PREMIUM]","C1500 LT",false,false,"[PREMIUM]",,,,,,,,"[PREMIUM]"
"64890806","2026-08-15 21:54:06.522","2026-08-19 14:55:16.580","64890806","2026-08-18 12:19:14.000","[PREMIUM]","55","FL - ORLANDO SOUTH","2026-08-20","THURSDAY","1000","EDT","0","V",2008,"VOLKSWAGEN","BEETLE","NEW BEETLE","HATCHBACK 2DR","RED","MINOR DENT/SCRATCHES",,"FL","CD","YES","D",134974,"A","[PREMIUM]",6848.9,"2.5L 5","FRONT WHEEL DRIVE","AUTOMATIC","GAS",5,"Run & Drive Verified","Pure Sale","[PREMIUM]",,"ORLANDO","FL","32824 7826","USA","USD","[PREMIUM]","[PREMIUM]","CC020",false,"[PREMIUM]","S",false,false,"[PREMIUM]",,,,,,,,"[PREMIUM]"
"63836476","2026-08-15 21:54:06.069","2026-08-18 08:55:24.495","63836476","2026-08-17 21:47:51.000","[PREMIUM]","855","WHOLESALE AUCTION","2026-08-18","TUESDAY","1200","EDT","4255","V",2020,"FORD","TRANSIT","TRANSIT","VAN CARGO","BLUE","MECHANICAL",,"FL","CT","YES","D",79095,"A","[PREMIUM]",9173,"3.5L 6","REAR WHEEL DRIVE","AUTOMATIC","GAS",6,"Run & Drive Verified","On Minimum Bid","[PREMIUM]",,"ORLANDO","FL","32824 7826","USA","USD","[PREMIUM]","[PREMIUM]","BBLU7",false,"[PREMIUM]","T-250",false,true,"[PREMIUM]",,,,,"RED LIGHT",2.4,"Maintenance,Safety,Other,Emission","[PREMIUM]"
"62576216","2026-08-15 21:54:05.447","2026-08-19 14:55:15.549","62576216","2026-08-18 19:09:31.000","[PREMIUM]","55","FL - ORLANDO SOUTH","2026-08-25","TUESDAY","1000","EDT","0","V",2015,"CHRYSLER","200","200","SEDAN 4DR","SILVER","REAR END","SIDE","FL","RB","YES","D",174023,"A","[PREMIUM]",4376.73,"2.4L 4","FRONT WHEEL DRIVE","AUTOMATIC","GAS",4,"Run & Drive Verified","Pure Sale","[PREMIUM]",,"ORLANDO","FL","32824 7826","USA","USD","[PREMIUM]","[PREMIUM]","AA030",false,"[PREMIUM]","LIMITED",false,false,"[PREMIUM]",,,,,,,,"[PREMIUM]"
"54396036","2026-08-15 21:54:00.213","2026-08-29 11:40:00.479","54396036","2026-08-15 15:28:31.000","[PREMIUM]","54","NC - RALEIGH",,,,"EDT","0","V",2015,"CHEVROLET","IMPALA","IMPALA","SEDAN 4DR","SILVER","REAR END","SIDE","NC","SC","YES","D",188951,"N","[PREMIUM]",4679,"3.6L 6","FRONT WHEEL DRIVE","AUTOMATIC","GAS",6,"Run & Drive Verified","Pure Sale","[PREMIUM]",,"DUNN","NC","28334 5446","USA","USD","[PREMIUM]","[PREMIUM]","C040",false,"[PREMIUM]","LT",false,false,"[PREMIUM]",,,,,,,,"[PREMIUM]"
"65601656","2026-08-15 21:53:59.030","2026-08-29 11:39:58.062","65601656","2026-08-28 15:34:29.000","[PREMIUM]","880","*NCS - EASTERN REGION","2026-09-01","TUESDAY","2100","EDT","0","V",2023,"TOYOTA","SEQUOIA","SEQUOIA","SUV","ORANGE","NORMAL WEAR","MINOR DENT/SCRATCHES","PA","CT","YES","D",142352,"A","[PREMIUM]",0,"3.4L 6","FOUR BY FOUR","AUTOMATIC","ELECTRIC AND GAS HYBRID",6,"Run & Drive Verified","On Minimum Bid","[PREMIUM]",,"NORTH BILLERICA","MA","01862 1632","USA","USD","[PREMIUM]","[PREMIUM]","*OFF",true,"[PREMIUM]","TRD PRO",false,false,"[PREMIUM]","55R HIGH STREET","MA","NORTH BILLERICA","01862",,,,"[PREMIUM]"
"63788346","2026-08-15 21:53:57.675","2026-08-19 14:55:06.917","63788346","2026-08-18 20:09:53.000","[PREMIUM]","53","MA - NORTH BOSTON","2026-08-19","WEDNESDAY","1000","EDT","3338","V",2016,"ACURA","RDX","RDX","4DR SPORT UTILITY","WHITE","FRONT END",,"CT","ST","YES","D",131939,"A","[PREMIUM]",10388.5,"3.5L 6","ALL WHEEL DRIVE","AUTOMATIC","GAS",6,"Run & Drive Verified","Pure Sale","[PREMIUM]",,"NORTH BILLERICA","MA","01862 1632","USA","USD","[PREMIUM]","[PREMIUM]","F020",false,"[PREMIUM]",,false,false,"[PREMIUM]",,,,,,,,"[PREMIUM]"
"62877906","2026-08-15 21:53:56.732","2026-08-19 14:55:06.058","62877906","2026-08-18 20:09:53.000","[PREMIUM]","53","MA - NORTH BOSTON","2026-08-19","WEDNESDAY","1000","EDT","4150","V",2012,"HONDA","CRV","CR-V","4DR SPORT UTILITY","GRAY","WATER/FLOOD","MECHANICAL","CT","FL","YES","E",190175,"A","[PREMIUM]",4067.64,"2.4L 4","ALL WHEEL DRIVE","AUTOMATIC","GAS",4,"DEFAULT","Pure Sale","[PREMIUM]",,"NORTH BILLERICA","MA","01862 1632","USA","USD","[PREMIUM]","[PREMIUM]","F020",false,"[PREMIUM]","EX",false,false,"[PREMIUM]",,,,,,,,"[PREMIUM]"
"49045126","2026-08-15 21:53:52.826","2026-08-18 08:55:08.490","49045126","2026-08-15 14:52:31.000","[PREMIUM]","53","MA - NORTH BOSTON","2026-08-19","WEDNESDAY","1000","EDT","0","V",2015,"LEXUS","RX350","RX 350","SUV","GRAY","FRONT END",,"MA","RS","YES","D",159782,"A","[PREMIUM]",9197.41,"3.5L 6","ALL WHEEL DRIVE","AUTOMATIC","GAS",6,"Run & Drive Verified","Pure Sale","[PREMIUM]",,"NORTH BILLERICA","MA","01862 1632","USA","USD","[PREMIUM]","[PREMIUM]","F060",false,"[PREMIUM]","BASE",false,false,"[PREMIUM]",,,,,,,,"[PREMIUM]"
"58726996","2026-08-15 21:53:18.515","2026-08-20 17:34:03.004","58726996","2026-08-20 13:30:43.000","[PREMIUM]","40","MS - JACKSON","2026-08-21","FRIDAY","1200","CDT","10","V",2017,"HONDA","CRV","CR-V","SPORT UTILITY VEHICLE","GRAY","REAR END","MINOR DENT/SCRATCHES","FL","RB","YES","D",108580,"A","[PREMIUM]",12377.18,"1.5L 4","FRONT WHEEL DRIVE","AUTOMATIC","GAS",4,"Run & Drive Verified","Pure Sale","[PREMIUM]",,"FLORENCE","MS","39073","USA","USD","[PREMIUM]","[PREMIUM]","E040",false,"[PREMIUM]","EXL",false,false,"[PREMIUM]",,,,,,,,"[PREMIUM]"
"61064246","2026-08-15 21:53:14.802","2026-08-18 08:54:30.107","61064246","2026-08-17 10:15:38.000","[PREMIUM]","37","MN - MINNEAPOLIS","2026-08-18","TUESDAY","1200","CDT","2574","V",2005,"HONDA","ACCORD","ACCORD","COUPE","MAROON","REAR END",,"MN","ST","YES","S",156831,"E","[PREMIUM]",7966.32,"2.4L 4","FRONT WHEEL DRIVE","AUTOMATIC","GAS",4,"Vehicle Starts","Pure Sale","[PREMIUM]",,"BLAINE","MN","55434 3513","USA","USD","[PREMIUM]","[PREMIUM]","5B030",false,"[PREMIUM]","EX",false,false,"[PREMIUM]",,,,,,,,"[PREMIUM]"
"60455476","2026-08-15 21:52:59.581","2026-08-25 15:29:08.515","60455476","2026-08-24 20:34:09.000","[PREMIUM]","36","IL - CHICAGO NORTH","2026-08-25","TUESDAY","1200","CDT","146","V",2020,"CHEVROLET","CORVETTE","CORVETTE","COUPE","GRAY","SIDE",,"FL","RB","YES","D",19252,"A","[PREMIUM]",14440,"6.2L 8","REAR WHEEL DRIVE","AUTOMATIC","GAS",8,"Run & Drive Verified","On Minimum Bid","[PREMIUM]",,"ELGIN","IL","60120 7419","USA","USD","[PREMIUM]","[PREMIUM]","M150",false,"[PREMIUM]","STINGRAY 2LT",false,false,"[PREMIUM]",,,,,,,,"[PREMIUM]"
"64957526","2026-08-15 21:52:46.815","2026-08-20 17:33:27.301","64957526","2026-08-19 19:08:03.000","[PREMIUM]","34","FL - TAMPA SOUTH","2026-08-21","FRIDAY","1000","EDT","3509","V",2018,"FORD","F150","F150","PICKUP","GRAY","FRONT END","SIDE","FL","RB","YES","S",178247,"A","[PREMIUM]",10320.85,"2.7L 6","REAR WHEEL DRIVE","AUTOMATIC","GAS",6,"Vehicle Starts","Pure Sale","[PREMIUM]",,"RIVERVIEW","FL","33578 7610","USA","USD","[PREMIUM]","[PREMIUM]","C040",false,"[PREMIUM]","SUPER CAB",false,false,"[PREMIUM]",,,,,,,,"[PREMIUM]"
"64502646","2026-08-15 21:52:46.676","2026-08-20 17:33:26.883","64502646","2026-08-19 19:08:03.000","[PREMIUM]","34","FL - TAMPA SOUTH","2026-08-21","FRIDAY","1000","EDT","3281","V",2005,"LEXUS","ES330","ES","SEDAN 4DR","SILVER","SIDE",,"FL","RB","YES","D",173912,"E","[PREMIUM]",7193.3,"3.3L 6","FRONT WHEEL DRIVE","AUTOMATIC","GAS",6,"Run & Drive Verified","Pure Sale","[PREMIUM]",,"RIVERVIEW","FL","33578 7610","USA","USD","[PREMIUM]","[PREMIUM]","H010",false,"[PREMIUM]","330",false,false,"[PREMIUM]",,,,,,,,"[PREMIUM]"
"58566046","2026-08-15 21:52:44.104","2026-08-24 23:54:52.546","58566046","2026-08-21 19:25:00.000","[PREMIUM]","34","FL - TAMPA SOUTH","2026-08-25","TUESDAY","1000","EDT","165","V",2021,"BMW","5 SERIES","530","SEDAN","WHITE","FRONT END",,"FL","CD","YES","E",67628,"N","[PREMIUM]",39819.85,"2.0L 4","Rear Wheel Drive","AUTOMATIC","Gas",4,"DEFAULT","Pure Sale","[PREMIUM]",,"RIVERVIEW","FL","33578 7610","USA","USD","[PREMIUM]","[PREMIUM]","D100",false,"[PREMIUM]","I",false,false,"[PREMIUM]",,,,,,,,"[PREMIUM]"
"57746726","2026-08-15 21:52:43.829","2026-08-20 17:33:23.645","57746726","2026-08-19 19:08:03.000","[PREMIUM]","34","FL - TAMPA SOUTH","2026-08-21","FRIDAY","1000","EDT","2274","V",2024,"KIA","FORTE","FORTE","SEDAN","WHITE","REAR END",,"FL","CD","YES","D",40609,"A","[PREMIUM]",16427.3,"2.0L 4","FRONT WHEEL DRIVE","AUTOMATIC","GAS",4,"Run & Drive Verified","Pure Sale","[PREMIUM]",,"RIVERVIEW","FL","33578 7610","USA","USD","[PREMIUM]","[PREMIUM]","D090",false,"[PREMIUM]","LXS",false,false,"[PREMIUM]",,,,,,,,"[PREMIUM]"
"64457466","2026-08-15 21:52:27.474","2026-08-20 17:33:01.272","64457466","2026-08-20 14:09:36.000","[PREMIUM]","29","OH - COLUMBUS","2026-08-21","FRIDAY","1000","EDT","24","V",2017,"NISSAN","ROGUE","ROGUE","WAGON","GRAY","FRONT END",,"FL","RB","YES","D",93543,"A","[PREMIUM]",8538.58,"2.5L 4","FRONT WHEEL DRIVE","AUTOMATIC","GAS",4,"Run & Drive Verified","Pure Sale","[PREMIUM]",,"COLUMBUS","OH","43207 5111","USA","USD","[PREMIUM]","[PREMIUM]","P090",false,"[PREMIUM]","SL",false,false,"[PREMIUM]",,,,,,,,"[PREMIUM]"
"64808366","2026-08-15 21:52:08.948","2026-08-20 17:32:38.718","64808366","2026-08-15 15:44:26.000","[PREMIUM]","23","CT - HARTFORD","2026-08-21","FRIDAY","1000","EDT","0","V",2020,"KIA","FORTE","FORTE","SEDAN","SILVER","SIDE",,"CT","ST","YES","D",99879,"A","[PREMIUM]",9404.92,"2.0L 4","FRONT WHEEL DRIVE","AUTOMATIC","GAS",4,"Run & Drive Verified","Pure Sale","[PREMIUM]",,"NEW BRITAIN","CT","06051 4123","USA","USD","[PREMIUM]","[PREMIUM]","A010",false,"[PREMIUM]","EX",false,false,"[PREMIUM]",,,,,,,,"[PREMIUM]"
"64487136","2026-08-15 21:52:08.748","2026-08-20 17:32:38.303","64487136","2026-08-15 15:58:15.000","[PREMIUM]","23","CT - HARTFORD","2026-08-21","FRIDAY","1000","EDT","0","V",2012,"FORD","ESCAPE","ESCAPE","4DR SPORT UTILITY","BLACK","FRONT END",,"CT","ST","YES","D",158784,"A","[PREMIUM]",4819.82,"2.5L 4","ALL WHEEL DRIVE","AUTOMATIC","GAS",4,"Run & Drive Verified","Pure Sale","[PREMIUM]",,"NEW BRITAIN","CT","06051 4123","USA","USD","[PREMIUM]","[PREMIUM]","Y020",false,"[PREMIUM]","LIMITED",false,false,"[PREMIUM]",,,,,,,,"[PREMIUM]"
"64368076","2026-08-15 21:52:08.719","2026-08-20 17:32:38.240","64368076","2026-08-15 14:47:34.000","[PREMIUM]","23","CT - HARTFORD","2026-08-21","FRIDAY","1000","EDT","0","V",2016,"TOYOTA","COROLLA","COROLLA","SEDAN","WHITE","FRONT END",,"CT","ST","YES","D",71502,"A","[PREMIUM]",11555.09,"1.8L 4","FRONT WHEEL DRIVE","AUTOMATIC","GAS",4,"Run & Drive Verified","Pure Sale","[PREMIUM]",,"NEW BRITAIN","CT","06051 4123","USA","USD","[PREMIUM]","[PREMIUM]","Y010",false,"[PREMIUM]","LE PLUS",false,false,"[PREMIUM]",,,,,,,,"[PREMIUM]"
"64266986","2026-08-15 21:52:08.663","2026-08-24 23:54:17.771","64266986","2026-08-24 21:01:47.000","[PREMIUM]","23","CT - HARTFORD","2026-08-25","TUESDAY","1000","EDT","26","V",2013,"TOYOTA","HIGHLANDER","HIGHLANDER","4DR SPORT UTILITY","BLUE","REAR END",,"CT","ST","YES","D",111092,"A","[PREMIUM]",10596.85,"3.5L 6","ALL WHEEL DRIVE","AUTOMATIC","GAS",6,"Run & Drive Verified","On Minimum Bid","[PREMIUM]",,"NEW BRITAIN","CT","06051 4123","USA","USD","[PREMIUM]","[PREMIUM]","D020",false,"[PREMIUM]","LIMITED",false,false,"[PREMIUM]",,,,,,,,"[PREMIUM]"
"64026896","2026-08-15 21:52:08.498","2026-08-20 17:32:37.943","64026896","2026-08-15 14:26:01.000","[PREMIUM]","23","CT - HARTFORD","2026-08-21","FRIDAY","1000","EDT","0","V",2014,"HONDA","ACCORD","ACCORD","SEDAN 4DR","WHITE","FRONT END",,"CT","ST","NO","E",0,"N","[PREMIUM]",9291.88,"2.4L 4","FRONT WHEEL DRIVE","AUTOMATIC","GAS",4,"DEFAULT","Pure Sale","[PREMIUM]",,"NEW BRITAIN","CT","06051 4123","USA","USD","[PREMIUM]","[PREMIUM]","Z020",false,"[PREMIUM]","LX",false,false,"[PREMIUM]",,,,,,,,"[PREMIUM]"
"63701906","2026-08-15 21:52:08.372","2026-08-20 17:32:37.718","63701906","2026-08-15 16:34:31.000","[PREMIUM]","23","CT - HARTFORD","2026-08-21","FRIDAY","1000","EDT","0","V",2007,"TOYOTA","RAV4","RAV4","SUV","RED","FRONT END","SIDE","CT","ST","YES","S",160213,"A","[PREMIUM]",3559,"2.4L 4","FRONT WHEEL DRIVE","AUTOMATIC","GAS",4,"Vehicle Starts","Pure Sale","[PREMIUM]",,"NEW BRITAIN","CT","06051 4123","USA","USD","[PREMIUM]","[PREMIUM]","Y030",false,"[PREMIUM]","BASE",false,false,"[PREMIUM]",,,,,,,,"[PREMIUM]"
"63662626","2026-08-15 21:52:08.371","2026-08-20 17:32:37.672","63662626","2026-08-15 15:30:02.000","[PREMIUM]","23","CT - HARTFORD","2026-08-21","FRIDAY","1000","EDT","0","V",2014,"HYUNDAI","ELANTRA","ELANTRA","SEDAN","SILVER","FRONT END",,"CT","ST","YES","S",122674,"A","[PREMIUM]",8025.99,"1.8L 4","FRONT WHEEL DRIVE","AUTOMATIC","GAS",4,"Vehicle Starts","Pure Sale","[PREMIUM]","WITH CORRECTION LETTER      ","NEW BRITAIN","CT","06051 4123","USA","USD","[PREMIUM]","[PREMIUM]","B010",false,"[PREMIUM]","LIMITED",false,false,"[PREMIUM]",,,,,,,,"[PREMIUM]"
"63652906","2026-08-15 21:52:08.339","2026-08-20 17:32:37.697","63652906","2026-08-15 14:37:13.000","[PREMIUM]","23","CT - HARTFORD","2026-08-21","FRIDAY","1000","EDT","0","V",2019,"CADILLAC","XT5","XT5","SPORT UTILITY VEHICLE","GRAY","REAR END",,"CT","ST","YES","D",108167,"A","[PREMIUM]",13249.8,"3.6L 6","ALL WHEEL DRIVE","AUTOMATIC","GAS",6,"Run & Drive Verified","Pure Sale","[PREMIUM]","PRIOR REBUILT               ","NEW BRITAIN","CT","06051 4123","USA","USD","[PREMIUM]","[PREMIUM]","Z010",false,"[PREMIUM]","LUXURY",false,false,"[PREMIUM]",,,,,,,,"[PREMIUM]"
"63304976","2026-08-15 21:52:08.144","2026-08-20 17:32:37.553","63304976","2026-08-15 12:26:21.000","[PREMIUM]","23","CT - HARTFORD","2026-08-21","FRIDAY","1000","EDT","0","V",2018,"LAND ROVER","RANGEROVER","RANGE ROVER VELAR","SPORT UTILITY VEHICLE","BLACK","WATER/FLOOD",,"CT","PO","YES","S",127739,"A","[PREMIUM]",13438.5,"3.0L 6","ALL WHEEL DRIVE","AUTOMATIC","GAS",6,"Vehicle Starts","Pure Sale","[PREMIUM]",,"NEW BRITAIN","CT","06051 4123","USA","USD","[PREMIUM]","[PREMIUM]","Z040",false,"[PREMIUM]","S",false,false,"[PREMIUM]",,,,,,,,"[PREMIUM]"
"63216486","2026-08-15 21:52:08.063","2026-08-20 17:32:37.506","63216486","2026-08-15 12:05:36.000","[PREMIUM]","23","CT - HARTFORD","2026-08-21","FRIDAY","1000","EDT","0","V",2013,"HONDA","PILOT","PILOT","4DR SPORT UTILITY","BLACK","FRONT END",,"CT","ST","YES","D",161879,"A","[PREMIUM]",6285.78,"3.5L 6","FRONT WHEEL DRIVE","AUTOMATIC","GAS",6,"Run & Drive Verified","Pure Sale","[PREMIUM]",,"NEW BRITAIN","CT","06051 4123","USA","USD","[PREMIUM]","[PREMIUM]","A010",false,"[PREMIUM]","TOURING",false,false,"[PREMIUM]",,,,,,,,"[PREMIUM]"
"62402536","2026-08-15 21:52:07.708","2026-08-29 05:38:37.121","62402536","2026-08-26 21:48:26.000","[PREMIUM]","23","CT - HARTFORD","2026-09-01","TUESDAY","1000","EDT","0","V",2017,"BMW","X1","X1","4DR SPORT UTILITY","GRAY","WATER/FLOOD",,"CT","FL","YES","D",64320,"A","[PREMIUM]",15594,"2.0L 4","ALL WHEEL DRIVE","AUTOMATIC","GAS",4,"Run & Drive Verified","On Minimum Bid","[PREMIUM]",,"NEW BRITAIN","CT","06051 4123","USA","USD","[PREMIUM]","[PREMIUM]","Z050",false,"[PREMIUM]","XDRIVE28I",false,false,"[PREMIUM]",,,,,,,,"[PREMIUM]"
"62204636","2026-08-15 21:52:07.619","2026-08-20 17:32:37.030","62204636","2026-08-15 13:02:36.000","[PREMIUM]","23","CT - HARTFORD","2026-08-21","FRIDAY","1000","EDT","0","V",2016,"MAZDA","CX-5","CX-5","4DR SPORT UTILITY","GRAY","FRONT END",,"CT","ST","YES","D",142033,"A","[PREMIUM]",8843.95,"2.5L 4","ALL WHEEL DRIVE","AUTOMATIC","GAS",4,"Run & Drive Verified","Pure Sale","[PREMIUM]",,"NEW BRITAIN","CT","06051 4123","USA","USD","[PREMIUM]","[PREMIUM]","A010",false,"[PREMIUM]","GT",false,false,"[PREMIUM]",,,,,,,,"[PREMIUM]"
"61590026","2026-08-15 21:52:07.478","2026-08-24 23:54:17.005","61590026","2026-08-24 21:01:47.000","[PREMIUM]","23","CT - HARTFORD","2026-08-25","TUESDAY","1000","EDT","34","V",2017,"CHEVROLET","SILVERADO","SILVERADO","4DR EXT CAB PICKUP","CHARCOAL","FRONT END",,"CT","ST","YES","D",87966,"A","[PREMIUM]",14108.98,"5.3L 8","4X4 W/REAR WHEEL DRV","AUTOMATIC","GAS",8,"Run & Drive Verified","On Minimum Bid","[PREMIUM]","WITH CORRECTION LETTER      ","NEW BRITAIN","CT","06051 4123","USA","USD","[PREMIUM]","[PREMIUM]","I020",false,"[PREMIUM]","K1500 LT",false,false,"[PREMIUM]",,,,,,,,"[PREMIUM]"
"59775586","2026-08-15 21:52:07.334","2026-08-20 17:32:36.183","59775586","2026-08-15 11:49:01.000","[PREMIUM]","23","CT - HARTFORD","2026-08-21","FRIDAY","1000","EDT","0","V",2015,"HONDA","CRV","CR-V","4DR SPORT UTILITY","WHITE","FRONT END",,"NY","SM","YES","D",151276,"A","[PREMIUM]",9354,"2.4L 4","ALL WHEEL DRIVE","AUTOMATIC","GAS",4,"Run & Drive Verified","Pure Sale","[PREMIUM]",,"NEW BRITAIN","CT","06051 4123","USA","USD","[PREMIUM]","[PREMIUM]","AA050",false,"[PREMIUM]","EXL",false,false,"[PREMIUM]",,,,,,,,"[PREMIUM]"
"58427126","2026-08-15 21:52:07.310","2026-08-20 17:32:35.917","58427126","2026-08-15 15:34:52.000","[PREMIUM]","23","CT - HARTFORD","2026-08-21","FRIDAY","1000","EDT","0","V",2013,"CHEVROLET","MALIBU","MALIBU","SEDAN 4DR","SILVER","FRONT END",,"CT","ST","YES","D",110862,"A","[PREMIUM]",6627.59,"2.5L 4","FRONT WHEEL DRIVE","AUTOMATIC","GAS",4,"Run & Drive Verified","Pure Sale","[PREMIUM]",,"NEW BRITAIN","CT","06051 4123","USA","USD","[PREMIUM]","[PREMIUM]","Y040",false,"[PREMIUM]","1LT",false,false,"[PREMIUM]",,,,,,,,"[PREMIUM]"
"58927226","2026-08-15 21:52:07.291","2026-08-20 17:32:35.975","58927226","2026-08-15 10:44:17.000","[PREMIUM]","23","CT - HARTFORD","2026-08-21","FRIDAY","1000","EDT","0","V",2014,"HONDA","CIVIC","CIVIC","SEDAN 4DR","WHITE","FRONT END",,"CT","ST","YES","D",97685,"A","[PREMIUM]",5260.59,"1.8L 4","FRONT WHEEL DRIVE","AUTOMATIC","GAS",4,"Run & Drive Verified","Pure Sale","[PREMIUM]","PRIOR REBUILT SALVAGE       ","NEW BRITAIN","CT","06051 4123","USA","USD","[PREMIUM]","[PREMIUM]","A010",false,"[PREMIUM]","LX",false,false,"[PREMIUM]",,,,,,,,"[PREMIUM]"
"47397766","2026-08-15 21:52:06.198","2026-08-20 17:32:34.892","47397766","2026-08-15 10:36:13.000","[PREMIUM]","23","CT - HARTFORD","2026-08-21","FRIDAY","1000","EDT","0","V",2008,"NISSAN","ROGUE","ROGUE","WAGON","BLACK","FRONT END",,"CT","ST","YES","E",0,"E","[PREMIUM]",11066.71,"2.5L 4","ALL WHEEL DRIVE","AUTOMATIC","GAS",4,"DEFAULT","Pure Sale","[PREMIUM]",,"NEW BRITAIN","CT","06051 4123","USA","USD","[PREMIUM]","[PREMIUM]","AA040",false,"[PREMIUM]","S",false,false,"[PREMIUM]",,,,,,,,"[PREMIUM]"
"85968985","2026-08-15 21:51:52.781","2026-08-29 11:37:55.518","85968985","2026-08-26 17:23:27.000","[PREMIUM]","19","OK - TULSA","2026-09-02","WEDNESDAY","1200","CDT","0","V",2026,"TOYOTA","RAV4","RAV4","SUV","RED","FRONT END",,"OK","ST","YES","D",2348,"A","[PREMIUM]",24602.58,"2.5L 4","ALL WHEEL DRIVE","AUTOMATIC","ELECTRIC AND GAS HYBRID",4,"Run & Drive Verified","Pure Sale","[PREMIUM]",,"TULSA","OK","74107 3402","USA","USD","[PREMIUM]","[PREMIUM]","I040",false,"[PREMIUM]","XLE PREMIUM",false,false,"[PREMIUM]",,,,,,,,"[PREMIUM]"
"75300265","2026-08-15 21:51:52.671","2026-08-29 11:37:55.646","75300265","2026-08-15 16:36:06.000","[PREMIUM]","19","OK - TULSA",,,,"CDT","0","V",2004,"SUBARU","WRX","IMPREZA","SEDAN 4D","BLUE","REAR END","MECHANICAL","OK","ST","EXM","E",184161,"E","[PREMIUM]",0,"2.0L  4","ALL WHEEL DRIVE","MANUAL","GAS",4,"DEFAULT","On Approval","[PREMIUM]",,"TULSA","OK","74107 3402","USA","USD","[PREMIUM]","[PREMIUM]","SB007",false,"[PREMIUM]","WRX",false,false,"[PREMIUM]",,,,,,,,"[PREMIUM]"
"73344745","2026-08-15 21:51:52.645","2026-08-28 11:37:13.497","73344745","2026-08-27 19:33:16.000","[PREMIUM]","19","OK - TULSA","2026-08-28","FRIDAY","1200","CDT","1","V",2022,"FORD","F250","F250","PICKUP","WHITE","FRONT END","TOP/ROOF","OK","ST","YES","D",102866,"A","[PREMIUM]",30219,"6.7L 8","4X4 W/REAR WHEEL DRV","AUTOMATIC","DIESEL",8,"Run & Drive Verified","Pure Sale","[PREMIUM]",,"TULSA","OK","74107 3402","USA","USD","[PREMIUM]","[PREMIUM]","HV001",false,"[PREMIUM]","SUPER DUTY",false,false,"[PREMIUM]",,,,,,,,"[PREMIUM]"
"65001826","2026-08-15 21:51:52.613","2026-08-28 11:37:13.150","65001826","2026-08-27 14:44:38.000","[PREMIUM]","19","OK - TULSA","2026-08-28","FRIDAY","1200","CDT","1130","V",2013,"HYUNDAI","SONATA","SONATA","SEDAN 4DR","GRAY","MECHANICAL","REAR END","OK","ST","YES","E",151512,"A","[PREMIUM]",3823.79,"2.4L 4","FRONT WHEEL DRIVE","AUTOMATIC","GAS",4,"DEFAULT","Pure Sale","[PREMIUM]",,"TULSA","OK","74107 3402","USA","USD","[PREMIUM]","[PREMIUM]","D010",false,"[PREMIUM]","GLS",false,false,"[PREMIUM]",,,,,,,,"[PREMIUM]"
"64798196","2026-08-15 21:51:52.541","2026-08-28 11:37:13.117","64798196","2026-08-27 14:44:38.000","[PREMIUM]","19","OK - TULSA","2026-08-28","FRIDAY","1200","CDT","67","V",2008,"MERCEDES-BENZ","SL-CLASS","SL","CONVERTIBLE","BLACK","FRONT END","REAR END","OK","ST","YES","D",64892,"E","[PREMIUM]",0,"5.5L 8","REAR WHEEL DRIVE","AUTOMATIC","GAS",8,"Run & Drive Verified","Pure Sale","[PREMIUM]",,"TULSA","OK","74107 3402","USA","USD","[PREMIUM]","[PREMIUM]","G070",false,"[PREMIUM]","550",false,false,"[PREMIUM]",,,,,,,,"[PREMIUM]"
"64623716","2026-08-15 21:51:52.481","2026-08-28 11:37:13.104","64623716","2026-08-27 14:44:38.000","[PREMIUM]","19","OK - TULSA","2026-08-28","FRIDAY","1200","CDT","57","V",2002,"CHEVROLET","TAHOE","TAHOE","4DR SPOR","TAN","FRONT END","MECHANICAL","OK","ST","YES","D",176366,"E","[PREMIUM]",6499,,,"AUTOMATIC",,,"Run & Drive Verified","Pure Sale","[PREMIUM]",,"TULSA","OK","74107 3402","USA","USD","[PREMIUM]","[PREMIUM]","F040",false,"[PREMIUM]","C1500",false,false,"[PREMIUM]",,,,,,,,"[PREMIUM]"
"63785806","2026-08-15 21:51:52.294","2026-08-28 11:37:12.843","63785806","2026-08-27 17:47:07.000","[PREMIUM]","19","OK - TULSA","2026-08-28","FRIDAY","1200","CDT","68","V",2015,"FORD","F150","F150","CREW PICKUP","WHITE","FRONT END","MINOR DENT/SCRATCHES","OK","ST","YES","D",176876,"A","[PREMIUM]",12889.11,"5.0L 8","REAR WHEEL DRIVE","AUTOMATIC","GAS",8,"Run & Drive Verified","Pure Sale","[PREMIUM]",,"TULSA","OK","74107 3402","USA","USD","[PREMIUM]","[PREMIUM]","G030",false,"[PREMIUM]","SUPERCREW",false,false,"[PREMIUM]",,,,,,,,"[PREMIUM]"
"63750576","2026-08-15 21:51:52.293","2026-08-28 11:37:12.839","63750576","2026-08-27 14:44:38.000","[PREMIUM]","19","OK - TULSA","2026-08-28","FRIDAY","1200","CDT","1109","V",2019,"KIA","SORENTO","SORENTO","SUV","SILVER","WATER/FLOOD","MINOR DENT/SCRATCHES","OK","FS","YES","E",96990,"A","[PREMIUM]",7409.16,"3.3L 6","ALL WHEEL DRIVE","AUTOMATIC","GAS",6,"DEFAULT","Pure Sale","[PREMIUM]",,"TULSA","OK","74107 3402","USA","USD","[PREMIUM]","[PREMIUM]","C060",false,"[PREMIUM]","LX V6",false,false,"[PREMIUM]",,,,,,,,"[PREMIUM]"
"63376566","2026-08-15 21:51:52.270","2026-08-28 11:37:12.762","63376566","2026-08-27 14:44:38.000","[PREMIUM]","19","OK - TULSA","2026-08-28","FRIDAY","1200","CDT","77","V",2015,"CHEVROLET","MALIBU","MALIBU","SEDAN 4DR","MAROON","SIDE","FRONT END","OK","ST","YES","D",84871,"A","[PREMIUM]",7490,"2.0L 4","FRONT WHEEL DRIVE","AUTOMATIC","GAS",4,"Run & Drive Verified","Pure Sale","[PREMIUM]",,"TULSA","OK","74107 3402","USA","USD","[PREMIUM]","[PREMIUM]","F070",false,"[PREMIUM]","2LT",false,false,"[PREMIUM]",,,,,,,,"[PREMIUM]"
"63365096","2026-08-15 21:51:52.199","2026-08-28 11:37:12.765","63365096","2026-08-27 14:44:38.000","[PREMIUM]","19","OK - TULSA","2026-08-28","FRIDAY","1200","CDT","1138","V",2011,"CHEVROLET","TAHOE","TAHOE","4DR SPORT UTILITY","WHITE","FRONT END","MECHANICAL","OK","ST","YES","S",173283,"A","[PREMIUM]",0,"5.3L 8","4X4 W/REAR WHEEL DRV","AUTOMATIC","FLEXIBLE",8,"Vehicle Starts","Pure Sale","[PREMIUM]",,"TULSA","OK","74107 3402","USA","USD","[PREMIUM]","[PREMIUM]","G010",false,"[PREMIUM]","K1500 LS",false,false,"[PREMIUM]",,,,,,,,"[PREMIUM]"
"63295466","2026-08-15 21:51:52.199","2026-08-29 11:37:54.876","63295466","2026-08-28 17:42:11.000","[PREMIUM]","19","OK - TULSA","2026-09-02","WEDNESDAY","1200","CDT","0","V",2023,"GMC","ACADIA","ACADIA","SPORT UTILITY VEHICLE","WHITE","FRONT END","MECHANICAL","OK","JT","YES","D",103182,"A","[PREMIUM]",27843.55,"2.0L 4","ALL WHEEL DRIVE","AUTOMATIC","GAS",4,"Run & Drive Verified","On Minimum Bid","[PREMIUM]",,"TULSA","OK","74107 3402","USA","USD","[PREMIUM]","[PREMIUM]","SB001",false,"[PREMIUM]","SLT",true,false,"[PREMIUM]",,,,,,,,"[PREMIUM]"
"63171906","2026-08-15 21:51:52.152","2026-08-28 11:37:12.735","63171906","2026-08-27 14:44:38.000","[PREMIUM]","19","OK - TULSA","2026-08-28","FRIDAY","1200","CDT","64","V",2015,"TOYOTA","TUNDRA","TUNDRA","CREW PIC","SILVER","FRONT END","SIDE","OK","ST","YES","D",187468,"A","[PREMIUM]",12030,,,"AUTOMATIC",,,"Run & Drive Verified","Pure Sale","[PREMIUM]",,"TULSA","OK","74107 3402","USA","USD","[PREMIUM]","[PREMIUM]","G110",false,"[PREMIUM]","SR5",false,false,"[PREMIUM]",,,,,,,,"[PREMIUM]"
"62717766","2026-08-15 21:51:52.088","2026-08-28 11:37:12.622","62717766","2026-08-27 14:44:38.000","[PREMIUM]","19","OK - TULSA","2026-08-28","FRIDAY","1200","CDT","56","V",2012,"DODGE","CARAVAN","GRAND CARAVAN","SPORTS VAN","WHITE","FRONT END",,"OK","ST","YES","D",99455,"A","[PREMIUM]",0,"3.6L 6","FRONT WHEEL DRIVE","AUTOMATIC","FLEXIBLE",6,"Run & Drive Verified","Pure Sale","[PREMIUM]",,"TULSA","OK","74107 3402","USA","USD","[PREMIUM]","[PREMIUM]","C030",false,"[PREMIUM]","SXT",false,false,"[PREMIUM]",,,,,,,,"[PREMIUM]"
"62680596","2026-08-15 21:51:52.038","2026-08-28 11:37:12.619","62680596","2026-08-27 14:44:38.000","[PREMIUM]","19","OK - TULSA","2026-08-28","FRIDAY","1200","CDT","6","V",2016,"LINCOLN","NAVIGATOR","NAVIGATOR","4DR SPORT UTILITY","BLACK","SIDE","MINOR DENT/SCRATCHES","OK","ST","YES","D",165676,"A","[PREMIUM]",10739.33,"3.5L 6","REAR WHEEL DRIVE","AUTOMATIC","GAS",6,"Run & Drive Verified","Pure Sale","[PREMIUM]",,"TULSA","OK","74107 3402","USA","USD","[PREMIUM]","[PREMIUM]","B030",false,"[PREMIUM]","RESERVE",false,false,"[PREMIUM]",,,,,,,,"[PREMIUM]"
"62587346","2026-08-15 21:51:51.982","2026-08-29 11:37:54.796","62587346","2026-08-29 08:00:36.000","[PREMIUM]","19","OK - TULSA","2026-09-02","WEDNESDAY","1200","CDT","0","V",2018,"GMC","YUKON","YUKON XL","SPORT UTILITY VEHICLE","WHITE","ALL OVER",,"OK","ST","EXM","E",0,"N","[PREMIUM]",0,"6.2L 8","4X4 W/REAR WHEEL DRV","AUTOMATIC","GAS",8,"DEFAULT","On Minimum Bid","[PREMIUM]",,"TULSA","OK","74107 3402","USA","USD","[PREMIUM]","[PREMIUM]","I130",false,"[PREMIUM]","DENALI",false,false,"[PREMIUM]",,,,,,,,"[PREMIUM]"
"62241886","2026-08-15 21:51:51.841","2026-08-29 11:37:54.764","62241886","2026-08-28 18:09:32.000","[PREMIUM]","19","OK - TULSA","2026-09-02","WEDNESDAY","1200","CDT","0","V",2023,"KIA","SPORTAGE","SPORTAGE","SPORT UTILITY VEHICLE","GRAY","FRONT END","MECHANICAL","OK","ST","YES","E",87520,"A","[PREMIUM]",15733.18,"2.5L 4","FRONT WHEEL DRIVE","AUTOMATIC","GAS",4,"DEFAULT","Pure Sale","[PREMIUM]",,"TULSA","OK","74107 3402","USA","USD","[PREMIUM]","[PREMIUM]","C070",false,"[PREMIUM]","LX",false,false,"[PREMIUM]",,,,,,,,"[PREMIUM]"
"61099486","2026-08-15 21:51:51.572","2026-08-29 11:37:54.600","61099486","2026-08-28 13:31:15.000","[PREMIUM]","835","MEDIUM DUTY SPECIALTY SALE","2026-09-02","WEDNESDAY","1100","CDT","0","K",2020,"NISSAN","NV200","NV200",,"WHITE","FRONT END","UNDERCARRIAGE","OK","ST","YES","S",95837,"A","[PREMIUM]",14275,,,"AUTOMATIC",,,"Vehicle Starts","Pure Sale","[PREMIUM]",,"TULSA","OK","74107 3402","USA","USD","[PREMIUM]","[PREMIUM]","H030",false,"[PREMIUM]",,false,false,"[PREMIUM]",,,,,,,,"[PREMIUM]"
"60849836","2026-08-15 21:51:51.533","2026-08-28 11:37:12.252","60849836","2026-08-27 21:48:38.000","[PREMIUM]","19","OK - TULSA","2026-08-28","FRIDAY","1200","CDT","62","V",2025,"FORD","RANGER","RANGER","PICKUP","WHITE","FRONT END",,"OK","ST","YES","D",5305,"A","[PREMIUM]",33286,"2.3L 4","4X4 W/REAR WHEEL DRV","AUTOMATIC","GAS",4,"Run & Drive Verified","Pure Sale","[PREMIUM]",,"TULSA","OK","74107 3402","USA","USD","[PREMIUM]","[PREMIUM]","D040",false,"[PREMIUM]","XL",false,false,"[PREMIUM]",,,,,,,,"[PREMIUM]"
"57585476","2026-08-15 21:51:51.019","2026-08-28 11:37:11.951","57585476","2026-08-27 14:44:38.000","[PREMIUM]","19","OK - TULSA","2026-08-28","FRIDAY","1200","CDT","11","V",2023,"CHEVROLET","TRAILBLAZE","TRAILBLAZER","SPORT UTILITY VEHICLE","WHITE","REAR END","MINOR DENT/SCRATCHES","OK","ST","YES","D",69803,"A","[PREMIUM]",0,"1.2L 3","FRONT WHEEL DRIVE","MANUAL","GAS",3,"Run & Drive Verified","On Approval","[PREMIUM]",,"TULSA","OK","74107 3402","USA","USD","[PREMIUM]","[PREMIUM]","F070",false,"[PREMIUM]","LT",false,false,"[PREMIUM]",,,,,,,,"[PREMIUM]"
"57064986","2026-08-15 21:51:50.987","2026-08-28 11:37:11.916","57064986","2026-08-27 14:44:38.000","[PREMIUM]","19","OK - TULSA","2026-08-28","FRIDAY","1200","CDT","10","V",2021,"JEEP","CHEROKEE","GRAND CHEROKEE","SPORT UTILITY VEHICLE","SILVER","FRONT END","MINOR DENT/SCRATCHES","OK","ST","YES","D",77586,"A","[PREMIUM]",20113,"3.6L 6","4X4 W/REAR WHEEL DRV","AUTOMATIC","GAS",6,"Run & Drive Verified","Pure Sale","[PREMIUM]",,"TULSA","OK","74107 3402","USA","USD","[PREMIUM]","[PREMIUM]","D010",false,"[PREMIUM]","L LIMITED",false,false,"[PREMIUM]",,,,,,,,"[PREMIUM]"
"56856936","2026-08-15 21:51:50.929","2026-08-18 08:52:59.270","56856936","2026-08-15 16:36:05.000","[PREMIUM]","19","OK - TULSA",,,,"CDT","0","V",2013,"CHEVROLET","IMPALA","IMPALA","SEDAN 4DR","CHARCOAL","FRONT END","HAIL","OK","ST","YES","E",205424,"A","[PREMIUM]",11807.6,"3.6L 6","FRONT WHEEL DRIVE","AUTOMATIC","GAS",6,"DEFAULT","Pure Sale","[PREMIUM]",,"TULSA","OK","74107 3402","USA","USD","[PREMIUM]","[PREMIUM]","D050",false,"[PREMIUM]","LTZ",false,false,"[PREMIUM]",,,,,,,,"[PREMIUM]"
"52784726","2026-08-15 21:51:50.650","2026-08-26 05:38:11.668","52784726","2026-08-25 15:58:28.000","[PREMIUM]","19","OK - TULSA","2026-08-26","WEDNESDAY","1200","CDT","2003","V",2019,"GMC","ACADIA","ACADIA","SPORT UTILITY VEHICLE","BLUE","FRONT END","MINOR DENT/SCRATCHES","OK","ST","YES","D",148012,"A","[PREMIUM]",0,"3.6L 6","FRONT WHEEL DRIVE","AUTOMATIC","GAS",6,"Run & Drive Verified","Pure Sale","[PREMIUM]",,"TULSA","OK","74107 3402","USA","USD","[PREMIUM]","[PREMIUM]","H050",false,"[PREMIUM]","SLE",false,false,"[PREMIUM]",,,,,,,,"[PREMIUM]"
"75939585","2026-08-15 21:51:50.329","2026-08-27 11:37:05.087","75939585","2026-08-27 11:00:17.000","[PREMIUM]","18","OK - OKLAHOMA CITY","2026-08-27","THURSDAY","1200","CDT","121","V",2021,"HYUNDAI","ELANTRA","ELANTRA",,"SILVER","SIDE","REAR END","OK","ST","YES","D",76311,"A","[PREMIUM]",0,"2.0L  4","Front-wheel Drive","AUTOMATIC","GAS",4,"Run & Drive Verified","On Minimum Bid","[PREMIUM]",,"OKLAHOMA CITY","OK","73129 8450","USA","USD","[PREMIUM]","[PREMIUM]","HH010",false,"[PREMIUM]","SEL",false,false,"[PREMIUM]",,,,,,,,"[PREMIUM]"
"65351816","2026-08-15 21:51:50.240","2026-08-23 23:37:51.786","65351816","2026-08-19 12:49:03.000","[PREMIUM]","18","OK - OKLAHOMA CITY","2026-08-25","TUESDAY","1200","CDT","0","V",2015,"HYUNDAI","SONATA","SONATA","SEDAN","RED","MECHANICAL",,"TX","CT","YES","E",0,"N","[PREMIUM]",0,"2.4L 4","FRONT WHEEL DRIVE","AUTOMATIC","GAS",4,"DEFAULT","On Minimum Bid","[PREMIUM]","VEH LOC @ MOORE SUBLOT      ","OKLAHOMA CITY","OK","73129 8450","USA","USD","[PREMIUM]","[PREMIUM]","2A040",true,"[PREMIUM]","SPORT",false,false,"[PREMIUM]",,,,,,,,"[PREMIUM]"
"65214976","2026-08-15 21:51:50.222","2026-08-29 11:37:53.161","65214976","2026-08-25 23:20:11.000","[PREMIUM]","18","OK - OKLAHOMA CITY","2026-09-01","TUESDAY","1200","CDT","0","V",2017,"JEEP","RENEGADE","RENEGADE","SPORT UTILITY VEHICLE","SILVER","SIDE","REAR END","OK","ST","YES","D",204412,"A","[PREMIUM]",4807.91,"2.4L 4","FRONT WHEEL DRIVE","AUTOMATIC","GAS",4,"Run & Drive Verified","Pure Sale","[PREMIUM]",,"OKLAHOMA CITY","OK","73129 8450","USA","USD","[PREMIUM]","[PREMIUM]","OO060",false,"[PREMIUM]","LIMITED",false,false,"[PREMIUM]",,,,,,,,"[PREMIUM]"
"65014046","2026-08-15 21:51:50.205","2026-08-24 23:54:02.480","65014046","2026-08-21 01:37:57.000","[PREMIUM]","18","OK - OKLAHOMA CITY","2026-08-25","TUESDAY","1200","CDT","0","V",2005,"FORD","F450","F450",,"WHITE","MECHANICAL","MINOR DENT/SCRATCHES","OK","CT","YES","S",168243,"E","[PREMIUM]",0,,,"AUTOMATIC",,,"Vehicle Starts","On Minimum Bid","[PREMIUM]","VEH LOC @ MOORE SUBLOT      ","OKLAHOMA CITY","OK","73129 8450","USA","USD","[PREMIUM]","[PREMIUM]","2HVY2",false,"[PREMIUM]","SUPER DUTY",false,false,"[PREMIUM]",,,,,,,,"[PREMIUM]"
"64482186","2026-08-15 21:51:49.963","2026-08-29 11:37:52.811","64482186","2026-08-27 20:43:57.000","[PREMIUM]","18","OK - OKLAHOMA CITY","2026-09-01","TUESDAY","1200","CDT","0","V",2004,"INFINITI","G35","G35","SEDAN","BEIGE","REAR END",,"OK","ST","YES","D",226180,"E","[PREMIUM]",3633,"3.5L 6","REAR WHEEL DRIVE","AUTOMATIC","GAS",6,"Run & Drive Verified","Pure Sale","[PREMIUM]",,"OKLAHOMA CITY","OK","73129 8450","USA","USD","[PREMIUM]","[PREMIUM]","FF060",false,"[PREMIUM]","BASE",false,false,"[PREMIUM]",,,,,,,,"[PREMIUM]"
"64374046","2026-08-15 21:51:49.918","2026-08-27 11:37:03.899","64374046","2026-08-27 11:00:16.000","[PREMIUM]","18","OK - OKLAHOMA CITY","2026-08-27","THURSDAY","1200","CDT","7","V",2006,"FORD","MUSTANG","MUSTANG","COUPE","WHITE","REAR END","FRONT END","OK","ST","YES","D",136886,"E","[PREMIUM]",1475,"4.0L 6","REAR WHEEL DRIVE","AUTOMATIC","GAS",6,"Run & Drive Verified","On Minimum Bid","[PREMIUM]",,"OKLAHOMA CITY","OK","73129 8450","USA","USD","[PREMIUM]","[PREMIUM]","OO020",false,"[PREMIUM]",,false,false,"[PREMIUM]",,,,,,,,"[PREMIUM]"
"64111026","2026-08-15 21:51:49.841","2026-08-28 23:37:14.873","64111026","2026-08-28 21:31:18.000","[PREMIUM]","18","OK - OKLAHOMA CITY","2026-09-03","THURSDAY","1200","CDT","0","V",2010,"FORD","FUSION","FUSION","SEDAN 4DR","TAN","FRONT END",,"OK","ST","YES","D",178086,"E","[PREMIUM]",5084.22,"2.5L 4","FRONT WHEEL DRIVE","AUTOMATIC","GAS",4,"Run & Drive Verified","On Minimum Bid","[PREMIUM]",,"OKLAHOMA CITY","OK","73129 8450","USA","USD","[PREMIUM]","[PREMIUM]","NN060",false,"[PREMIUM]","SE",false,false,"[PREMIUM]",,,,,,,,"[PREMIUM]"
"63842236","2026-08-15 21:51:49.518","2026-08-29 11:37:52.483","63842236","2026-08-25 23:14:57.000","[PREMIUM]","18","OK - OKLAHOMA CITY","2026-09-01","TUESDAY","1200","CDT","0","V",2021,"NISSAN","KICKS","KICKS","HATCHBACK","BLACK","FRONT END","MINOR DENT/SCRATCHES","OK","ST","NO",,0,"N","[PREMIUM]",15535.8,"1.6L 4","FRONT WHEEL DRIVE","AUTOMATIC","GAS",4,,"Pure Sale","[PREMIUM]",,"OKLAHOMA CITY","OK","73129 8450","USA","USD","[PREMIUM]","[PREMIUM]","FF060",false,"[PREMIUM]","SV",false,false,"[PREMIUM]",,,,,,,,"[PREMIUM]"
"63814956","2026-08-15 21:51:49.362","2026-08-27 11:37:03.459","63814956","2026-08-27 11:00:17.000","[PREMIUM]","18","OK - OKLAHOMA CITY","2026-08-27","THURSDAY","1200","CDT","3039","V",2020,"FORD","EDGE","EDGE","SPORT UTILITY VEHICLE","BLACK","REAR END",,"OK","ST","YES",,95694,"A","[PREMIUM]",0,"2.0L 4","ALL WHEEL DRIVE","AUTOMATIC","GAS",4,,"Pure Sale","[PREMIUM]",,"OKLAHOMA CITY","OK","73129 8450","USA","USD","[PREMIUM]","[PREMIUM]","GG080",false,"[PREMIUM]","TITANIUM",false,false,"[PREMIUM]",,,,,,,,"[PREMIUM]"
"63754576","2026-08-15 21:51:49.347","2026-08-27 11:37:03.376","63754576","2026-08-27 11:00:17.000","[PREMIUM]","18","OK - OKLAHOMA CITY","2026-08-27","THURSDAY","1200","CDT","110","V",2006,"VOLKSWAGEN","JETTA","JETTA","SEDAN 4DR","TAN","ROLLOVER","MINOR DENT/SCRATCHES","OK","ST","YES","D",155187,"E","[PREMIUM]",3590,"2.5L 5","FRONT WHEEL DRIVE","AUTOMATIC","GAS",5,"Run & Drive Verified","Pure Sale","[PREMIUM]","VEH LOC @ MOORE SUBLOT      ","OKLAHOMA CITY","OK","73129 8450","USA","USD","[PREMIUM]","[PREMIUM]","2A010",false,"[PREMIUM]","2.5",false,false,"[PREMIUM]",,,,,,,,"[PREMIUM]"
"63307006","2026-08-15 21:51:48.932","2026-08-27 11:37:03.196","63307006","2026-08-27 11:00:17.000","[PREMIUM]","18","OK - OKLAHOMA CITY","2026-08-27","THURSDAY","1200","CDT","120","V",2026,"BUICK","ALL OTHER","ENVISTA","SPORT UTILITY VEHICLE","BLACK","MECHANICAL","SIDE","OK","ST","YES","D",1406,"A","[PREMIUM]",22608.33,"1.2L 3","FRONT WHEEL DRIVE","AUTOMATIC","GAS",3,"Run & Drive Verified","Pure Sale","[PREMIUM]",,"OKLAHOMA CITY","OK","73129 8450","USA","USD","[PREMIUM]","[PREMIUM]","JJ020",false,"[PREMIUM]","SPORT TOURING",false,false,"[PREMIUM]",,,,,,,,"[PREMIUM]"
"63224396","2026-08-15 21:51:48.817","2026-08-27 11:37:03.203","63224396","2026-08-27 11:00:17.000","[PREMIUM]","18","OK - OKLAHOMA CITY","2026-08-27","THURSDAY","1200","CDT","2058","V",2016,"FORD","FIESTA","FIESTA","HATCHBACK 4DR","SILVER","FRONT END","MINOR DENT/SCRATCHES","OK","ST","YES","D",152877,"A","[PREMIUM]",4055,"1.6L 4","FRONT WHEEL DRIVE","AUTOMATIC","GAS",4,"Run & Drive Verified","Pure Sale","[PREMIUM]","VEH LOC @ MOORE SUBLOT      ","OKLAHOMA CITY","OK","73129 8450","USA","USD","[PREMIUM]","[PREMIUM]","2B050",false,"[PREMIUM]","SE",false,false,"[PREMIUM]",,,,,,,,"[PREMIUM]"
"63125546","2026-08-15 21:51:48.497","2026-08-29 11:37:52.302","63125546","2026-08-27 20:47:14.000","[PREMIUM]","18","OK - OKLAHOMA CITY","2026-09-01","TUESDAY","1200","CDT","0","M",2020,"BOAT","WTHOUT TRA","WTHOUT TRAILER",,"BLUE","SIDE",,"OK","CT","YES","S",0,"N","[PREMIUM]",13368,,,"AUTOMATIC",,,"Vehicle Starts","On Minimum Bid","[PREMIUM]","VEH LOC @ MOORE SUBLOT      ","OKLAHOMA CITY","OK","73129 8450","USA","USD","[PREMIUM]","[PREMIUM]","2MC01",false,"[PREMIUM]",,false,false,"[PREMIUM]",,,,,,,,"[PREMIUM]"
"62605656","2026-08-15 21:51:48.028","2026-08-27 11:37:02.933","62605656","2026-08-27 11:00:17.000","[PREMIUM]","18","OK - OKLAHOMA CITY","2026-08-27","THURSDAY","1200","CDT","3030","V",2015,"AUDI","Q7","Q7","4DR SPORT UTILITY","GRAY","FRONT END",,"OK","ST","YES","E",156481,"A","[PREMIUM]",16314.23,"3.0L 6","ALL WHEEL DRIVE","AUTOMATIC","DIESEL",6,"DEFAULT","Pure Sale","[PREMIUM]","VEH LOC @ MOORE SUBLOT      ","OKLAHOMA CITY","OK","73129 8450","USA","USD","[PREMIUM]","[PREMIUM]","2B070",false,"[PREMIUM]","TDI PREMIUM PLUS",false,false,"[PREMIUM]",,,,,,,,"[PREMIUM]"
"62519136","2026-08-15 21:51:47.915","2026-08-27 11:37:02.885","62519136","2026-08-27 11:00:17.000","[PREMIUM]","18","OK - OKLAHOMA CITY","2026-08-27","THURSDAY","1200","CDT","129","V",2020,"CHEVROLET","COLORADO","COLORADO","PICKUP","BLACK","FRONT END","SIDE","OK","ST","YES","D",78047,"A","[PREMIUM]",24200.06,"3.6L 6","4X4 W/REAR WHEEL DRV","AUTOMATIC","GAS",6,"Run & Drive Verified","Pure Sale","[PREMIUM]",,"OKLAHOMA CITY","OK","73129 8450","USA","USD","[PREMIUM]","[PREMIUM]","NN020",false,"[PREMIUM]","Z71",false,false,"[PREMIUM]",,,,,,,,"[PREMIUM]"
"62419196","2026-08-15 21:51:47.796","2026-08-27 11:37:02.818","62419196","2026-08-27 11:00:17.000","[PREMIUM]","18","OK - OKLAHOMA CITY","2026-08-27","THURSDAY","1200","CDT","3138","V",2001,"MERCEDES-BENZ","E-CLASS","E","SEDAN 4DR","WHITE","FRONT END","SIDE","OK","ST","YES","E",117915,"E","[PREMIUM]",2218,"3.2L 6","REAR WHEEL DRIVE","AUTOMATIC","GAS",6,"DEFAULT","Pure Sale","[PREMIUM]","VEH LOC @ MOORE SUBLOT      ","OKLAHOMA CITY","OK","73129 8450","USA","USD","[PREMIUM]","[PREMIUM]","2E040",false,"[PREMIUM]","320",false,false,"[PREMIUM]",,,,,,,,"[PREMIUM]"
"61641306","2026-08-15 21:51:47.263","2026-08-29 11:37:51.802","61641306","2026-08-27 21:53:28.000","[PREMIUM]","18","OK - OKLAHOMA CITY","2026-09-03","THURSDAY","1200","CDT","0","V",2017,"CHEVROLET","SONIC","SONIC","SEDAN 4DR","SILVER","REAR END","SIDE","OK","ST","YES","D",120966,"A","[PREMIUM]",5663.19,"1.8L 4","FRONT WHEEL DRIVE","AUTOMATIC","GAS",4,"Run & Drive Verified","On Minimum Bid","[PREMIUM]","VEH LOC @ MOORE SUBLOT      ","OKLAHOMA CITY","OK","73129 8450","USA","USD","[PREMIUM]","[PREMIUM]","2E050",false,"[PREMIUM]","LS",false,false,"[PREMIUM]",,,,,,,,"[PREMIUM]"
"60589126","2026-08-15 21:51:46.696","2026-08-27 11:37:01.624","60589126","2026-08-27 11:00:17.000","[PREMIUM]","18","OK - OKLAHOMA CITY","2026-08-27","THURSDAY","1200","CDT","2006","V",2022,"FORD","F350","F350","PICKUP","WHITE","FRONT END",,"OK","ST","YES","D",133744,"A","[PREMIUM]",20580.96,"6.2L 8","4X4 W/REAR WHEEL DRV","AUTOMATIC","GAS",8,"Run & Drive Verified","Pure Sale","[PREMIUM]","VEH LOC @ MOORE SUBLOT      ","OKLAHOMA CITY","OK","73129 8450","USA","USD","[PREMIUM]","[PREMIUM]","2Z050",false,"[PREMIUM]","SUPER DUTY",false,false,"[PREMIUM]",,,,,,,,"[PREMIUM]"
"58914966","2026-08-15 21:51:46.020","2026-08-27 11:37:00.932","58914966","2026-08-27 11:00:17.000","[PREMIUM]","18","OK - OKLAHOMA CITY","2026-08-27","THURSDAY","1200","CDT","3028","V",2019,"HYUNDAI","ACCENT","ACCENT","SEDAN","SILVER","FRONT END","SIDE","OK","ST","YES","E",93399,"A","[PREMIUM]",15817.09,"1.6L 4","FRONT WHEEL DRIVE","AUTOMATIC","GAS",4,"DEFAULT","Pure Sale","[PREMIUM]","VEH LOC @ MOORE SUBLOT      ","OKLAHOMA CITY","OK","73129 8450","USA","USD","[PREMIUM]","[PREMIUM]","2B090",false,"[PREMIUM]","SE",false,false,"[PREMIUM]",,,,,,,,"[PREMIUM]"
"57884016","2026-08-15 21:51:45.724","2026-08-27 11:37:00.587","57884016","2026-08-27 11:00:17.000","[PREMIUM]","18","OK - OKLAHOMA CITY","2026-08-27","THURSDAY","1200","CDT","2085","V",2015,"LEXUS","IS","IS","SEDAN 4DR","CHARCOAL","FRONT END",,"OK","ST","YES","D",110618,"A","[PREMIUM]",15790,"2.5L 6","REAR WHEEL DRIVE","AUTOMATIC","GAS",6,"Run & Drive Verified","Pure Sale","[PREMIUM]","VEH LOC @ MOORE SUBLOT      ","OKLAHOMA CITY","OK","73129 8450","USA","USD","[PREMIUM]","[PREMIUM]","2C010",false,"[PREMIUM]","250",false,false,"[PREMIUM]",,,,,,,,"[PREMIUM]"
"57575576","2026-08-15 21:51:45.654","2026-08-27 11:37:00.452","57575576","2026-08-27 11:00:17.000","[PREMIUM]","18","OK - OKLAHOMA CITY","2026-08-27","THURSDAY","1200","CDT","2013","V",2024,"CHEVROLET","TRAVERSE","TRAVERSE","SPORT UTILITY VEHICLE","WHITE","SIDE",,"OK","ST","YES","D",44296,"A","[PREMIUM]",22586,"2.5L 4","ALL WHEEL DRIVE","AUTOMATIC","GAS",4,"Run & Drive Verified","Pure Sale","[PREMIUM]",,"OKLAHOMA CITY","OK","73129 8450","USA","USD","[PREMIUM]","[PREMIUM]","FF110",false,"[PREMIUM]","LT Z71",false,false,"[PREMIUM]",,,,,,,,"[PREMIUM]"
"52496356","2026-08-15 21:51:44.943","2026-08-27 11:36:59.942","52496356","2026-08-27 11:00:17.000","[PREMIUM]","18","OK - OKLAHOMA CITY","2026-08-27","THURSDAY","1200","CDT","3050","V",2023,"CHEVROLET","MALIBU","MALIBU",,"BLUE","FRONT END","MINOR DENT/SCRATCHES","OK","ST","YES","E",0,"N","[PREMIUM]",16614.97,,,"AUTOMATIC",,,"DEFAULT","Pure Sale","[PREMIUM]","VEH LOC @ MOORE SUBLOT      ","OKLAHOMA CITY","OK","73129 8450","USA","USD","[PREMIUM]","[PREMIUM]","2C040",false,"[PREMIUM]",,false,false,"[PREMIUM]",,,,,,,,"[PREMIUM]"
"49131356","2026-08-15 21:51:44.762","2026-08-27 11:36:59.774","49131356","2026-08-27 11:00:17.000","[PREMIUM]","18","OK - OKLAHOMA CITY","2026-08-27","THURSDAY","1200","CDT","3019","V",2016,"FORD","EXPLORER","EXPLORER","4DR SPOR","WHITE","FRONT END","SIDE","OK","ST","YES","E",0,"N","[PREMIUM]",0,,,"AUTOMATIC",,,"DEFAULT","Pure Sale","[PREMIUM]","VEH LOC @ MOORE SUBLOT      ","OKLAHOMA CITY","OK","73129 8450","USA","USD","[PREMIUM]","[PREMIUM]","2F010",false,"[PREMIUM]",,false,false,"[PREMIUM]",,,,,,,,"[PREMIUM]"
"46442506","2026-08-15 21:51:44.670","2026-08-27 17:49:41.962","46442506","2026-08-27 11:00:17.000","[PREMIUM]","18","OK - OKLAHOMA CITY","2026-08-27","THURSDAY","1200","CDT","2127","V",2020,"JEEP","RENEGADE","RENEGADE",,"GRAY","ALL OVER",,"OK","ST","YES","D",54834,"A","[PREMIUM]",10933.31,"2.4L  4","Front-wheel Drive","AUTOMATIC","GAS",4,"Run & Drive Verified","On Minimum Bid","[PREMIUM]",,"OKLAHOMA CITY","OK","73129 8450","USA","USD","[PREMIUM]","[PREMIUM]","GG020",false,"[PREMIUM]","LATITUDE",false,false,"[PREMIUM]",,,,,,,,"[PREMIUM]"
"65008526","2026-08-15 21:51:43.595","2026-08-18 08:52:52.275","65008526","2026-08-17 18:46:58.000","[PREMIUM]","15","GA - ATLANTA WEST","2026-08-18","TUESDAY","1000","EDT","205","V",2023,"FORD","F150","F150","PICKUP","WHITE","FRONT END","SIDE","GA","BP","YES","S",40138,"N","[PREMIUM]",0,"3.3L 6","REAR WHEEL DRIVE","AUTOMATIC","GAS",6,"Vehicle Starts","On Minimum Bid","[PREMIUM]",,"AUSTELL","GA","30168","USA","USD","[PREMIUM]","[PREMIUM]","SA010",true,"[PREMIUM]","SUPER CAB",false,false,"[PREMIUM]",,,,,,,,"[PREMIUM]"
"63821276","2026-08-15 21:51:42.899","2026-08-24 23:53:56.911","63821276","2026-08-24 19:33:42.000","[PREMIUM]","15","GA - ATLANTA WEST","2026-08-25","TUESDAY","1000","EDT","104","V",2016,"ACURA","RDX","RDX","4DR SPORT UTILITY","WHITE","FRONT END","SIDE","GA","ST","YES",,104339,"A","[PREMIUM]",22146.23,"3.5L 6","FRONT WHEEL DRIVE","AUTOMATIC","GAS",6,,"Pure Sale","[PREMIUM]",,"AUSTELL","GA","30168","USA","USD","[PREMIUM]","[PREMIUM]","D110",false,"[PREMIUM]",,false,false,"[PREMIUM]",,,,,,,,"[PREMIUM]"
"61882716","2026-08-15 21:51:37.309","2026-08-29 11:37:45.005","61882716","2026-08-26 13:38:28.000","[PREMIUM]","835","MEDIUM DUTY SPECIALTY SALE","2026-09-02","WEDNESDAY","1100","CDT","0","K",2011,"CHEVROLET","SILVERADO","SILVERADO","PICKUP","WHITE","FRONT END","REAR END","OK","ST","YES","E",0,"N","[PREMIUM]",9663,"6.0L 8","4X4 W/REAR WHEEL DRV","AUTOMATIC","FLEXIBLE",8,"DEFAULT","Pure Sale","[PREMIUM]",,"LONGVIEW","TX","75603 7006","USA","USD","[PREMIUM]","[PREMIUM]","MDY1",false,"[PREMIUM]","K2500 HEAVY DUTY",false,false,"[PREMIUM]",,,,,,,,"[PREMIUM]"
"58116926","2026-08-15 21:51:37.244","2026-08-29 11:37:44.668","58116926","2026-08-25 23:19:10.000","[PREMIUM]","836","HEAVY TRUCK SPECIALTY SALE","2026-09-03","THURSDAY","1100","CDT","0","R",2019,"FORESRIVER","ALL Models","SALEM FSX",,"GRAY","HAIL","ALL OVER","OK","ST","EXM","E",0,"N","[PREMIUM]",13662,,,,,,"DEFAULT","Pure Sale","[PREMIUM]",,"LONGVIEW","TX","75603 7006","USA","USD","[PREMIUM]","[PREMIUM]","TTR1",false,"[PREMIUM]",,false,false,"[PREMIUM]",,,,,,,,"[PREMIUM]"
"64274936","2026-08-15 21:51:23.667","2026-08-21 17:36:41.142","64274936","2026-08-20 23:45:08.000","[PREMIUM]","11","TX - HOUSTON","2026-08-21","FRIDAY","1200","CDT","4331","V",2016,"ACURA","ILX","ILX","SEDAN 4DR","GRAY","FRONT END",,"TX","SV","YES","D",213676,"A","[PREMIUM]",4440.47,"2.4L 4","FRONT WHEEL DRIVE","AUTOMATIC","GAS",4,"Run & Drive Verified","Pure Sale","[PREMIUM]",,"HOUSTON","TX","77073 4903","USA","USD","[PREMIUM]","[PREMIUM]","SG009",false,"[PREMIUM]","BASE WATCH PLUS",false,false,"[PREMIUM]",,,,,,,,"[PREMIUM]"
"55304966","2026-08-15 21:51:15.305","2026-08-21 17:36:31.053","55304966","2026-08-20 23:45:09.000","[PREMIUM]","11","TX - HOUSTON","2026-08-21","FRIDAY","1200","CDT","6019","V",2007,"HONDA","CIVIC","CIVIC","COUPE","GRAY","REAR END","FRONT END","TX","SV","NO","E",0,"E","[PREMIUM]",1983.86,"1.8L 4","FRONT WHEEL DRIVE","AUTOMATIC","GAS",4,"DEFAULT","Pure Sale","[PREMIUM]",,"HOUSTON","TX","77073 4903","USA","USD","[PREMIUM]","[PREMIUM]","C120",false,"[PREMIUM]","EX",false,false,"[PREMIUM]",,,,,,,,"[PREMIUM]"
"59668956","2026-08-15 21:51:11.085","2026-08-20 17:31:26.747","59668956","2026-08-20 13:00:03.000","[PREMIUM]","10","CA - LOS ANGELES","2026-08-20","THURSDAY","1200","PDT","1124","V",2023,"TOYOTA","TACOMA","TACOMA","PICKUP","BLACK","ROLLOVER",,"CA","SC","YES","E",43712,"A","[PREMIUM]",38150,"3.5L 6","FOUR BY FOUR","AUTOMATIC","GAS",6,"DEFAULT","Pure Sale","[PREMIUM]",,"LOS ANGELES","CA","90001 4111","USA","USD","[PREMIUM]","[PREMIUM]","T010",false,"[PREMIUM]","TRD SPORT",false,false,"[PREMIUM]",,,,,,,,"[PREMIUM]"
"57957356","2026-08-15 21:51:10.792","2026-08-20 17:31:26.550","57957356","2026-08-20 13:00:03.000","[PREMIUM]","10","CA - LOS ANGELES","2026-08-20","THURSDAY","1200","PDT","4","V",2019,"TOYOTA","CAMRY","CAMRY","SEDAN","WHITE","ROLLOVER",,"CA","SC","YES","D",146570,"A","[PREMIUM]",28037,"2.5L 4","FRONT WHEEL DRIVE","AUTOMATIC","GAS",4,"Run & Drive Verified","Pure Sale","[PREMIUM]",,"LOS ANGELES","CA","90001 4111","USA","USD","[PREMIUM]","[PREMIUM]","A030",false,"[PREMIUM]","SE",false,false,"[PREMIUM]",,,,,,,,"[PREMIUM]"
"59780265","2026-08-15 04:29:59.390","2026-08-23 23:41:54.575","59780265","2026-08-14 22:03:51.000","[PREMIUM]","92","MO - SPRINGFIELD",,,,"CDT","0","V",2019,"FORD","TRANSIT","TRANSIT",,"BLUE","FRONT END","SIDE","MO","SC","YES","E",104121,"A","[PREMIUM]",14259.54,"3.7L  6","Rear-wheel drive","AUTOMATIC","GAS",6,"DEFAULT","Pure Sale","[PREMIUM]","VEH LOC @ SPRINGFIELD SUBLOT","ROGERSVILLE","MO","65742 7171","USA","USD","[PREMIUM]","[PREMIUM]","2HVY",false,"[PREMIUM]","T-250",false,false,"[PREMIUM]",,,,,,,,"[PREMIUM]"
"86447935","2026-08-15 04:23:52.240","2026-08-29 11:39:39.611","86447935","2026-08-14 20:06:16.000","[PREMIUM]","47","AZ - PHOENIX",,,,"PDT","0","V",2011,"MINI","COOPER","COOPER",,"SILVER","UNDERCARRIAGE","MINOR DENT/SCRATCHES","AZ","CT","YES","D",84140,"A","[PREMIUM]",7941,"1.6L  4","Front-wheel Drive",,"GAS",4,"Run & Drive Verified","On Approval","[PREMIUM]",,"PHOENIX","AZ","85043 4706","USA","USD","[PREMIUM]","[PREMIUM]","PINS",false,"[PREMIUM]",,false,false,"[PREMIUM]",,,,,,,,"[PREMIUM]"
"63600715","2026-08-15 04:23:43.963","2026-08-29 11:39:37.300","63600715","2026-08-14 20:06:16.000","[PREMIUM]","47","AZ - PHOENIX",,,,"PDT","0","V",2012,"BMW","3 SERIES","328",,"WHITE","FRONT END","REAR END","AZ","SC","YES","E",93672,"A","[PREMIUM]",8043.76,"3.0L  6","Rear-wheel drive",,"GAS",6,"DEFAULT","On Approval","[PREMIUM]",,"PHOENIX","AZ","85043 4706","USA","USD","[PREMIUM]","[PREMIUM]","PINS",false,"[PREMIUM]","I SULEV",false,false,"[PREMIUM]",,,,,,,,"[PREMIUM]"
"58574456","2026-08-15 04:16:32.416","2026-08-23 23:48:09.809","58574456","2026-08-21 19:42:55.000","[PREMIUM]","395","VT - RUTLAND","2026-08-24","MONDAY","1000","EDT","16","V",2019,"VOLVO","XC60","XC60","SPORT UTILITY VEHICLE","SILVER","SIDE","MINOR DENT/SCRATCHES","FL","RB","YES","D",87184,"A","[PREMIUM]",15502.49,"2.0L 4","ALL WHEEL DRIVE","AUTOMATIC","GAS",4,"Run & Drive Verified","Pure Sale","[PREMIUM]",,"CENTER RUTLAND","VT","05736","USA","USD","[PREMIUM]","[PREMIUM]","Y030",false,"[PREMIUM]","T5",false,false,"[PREMIUM]",,,,,,,,"[PREMIUM]"
"96796615","2026-08-15 04:16:31.897","2026-08-19 15:04:08.710","96796615","2026-08-19 10:00:41.000","[PREMIUM]","835","MEDIUM DUTY SPECIALTY SALE","2026-08-19","WEDNESDAY","1100","CDT","5446","K",2022,"RAM","All Models","PROMASTER CITY",,"WHITE","FRONT END","SIDE","TX","SV","YES","E",65556,"A","[PREMIUM]",0,"2.4L  4","Front-wheel Drive","AUTOMATIC","GAS",4,"DEFAULT","Pure Sale","[PREMIUM]",,"TAYLOR","TX","76574","USA","USD","[PREMIUM]","[PREMIUM]","C200",false,"[PREMIUM]","TRADESMAN",false,false,"[PREMIUM]",,,,,,,,"[PREMIUM]"
"91841485","2026-08-15 04:16:31.846","2026-08-20 17:44:43.128","91841485","2026-08-19 18:03:52.000","[PREMIUM]","394","TX - NORTH AUSTIN","2026-08-20","THURSDAY","1200","CDT","2079","V",2023,"KIA","FORTE","FORTE",,"WHITE","REAR END",,"TX","SV","YES","D",55374,"A","[PREMIUM]",0,"2  L  4","Front-wheel Drive","AUTOMATIC","GAS",4,"Run & Drive Verified","Pure Sale","[PREMIUM]",,"TAYLOR","TX","76574","USA","USD","[PREMIUM]","[PREMIUM]","C090",false,"[PREMIUM]","GT LINE",false,false,"[PREMIUM]",,,,,,,,"[PREMIUM]"
"85637195","2026-08-15 04:16:31.786","2026-08-20 17:44:43.082","85637195","2026-08-19 18:03:52.000","[PREMIUM]","394","TX - NORTH AUSTIN","2026-08-20","THURSDAY","1200","CDT","2003","V",2019,"BMW","5 SERIES","530","SEDAN","SILVER","REAR END",,"TX","CT","YES","D",65459,"A","[PREMIUM]",9151.08,"2.0L 4","REAR WHEEL DRIVE","AUTOMATIC","GAS",4,"Run & Drive Verified","On Minimum Bid","[PREMIUM]",,"TAYLOR","TX","76574","USA","USD","[PREMIUM]","[PREMIUM]","D020",false,"[PREMIUM]","I",false,false,"[PREMIUM]",,,,,,,,"[PREMIUM]"
"64985826","2026-08-15 04:16:31.680","2026-08-20 17:44:42.724","64985826","2026-08-19 18:03:52.000","[PREMIUM]","394","TX - NORTH AUSTIN","2026-08-20","THURSDAY","1200","CDT","2020","V",2013,"TOYOTA","PRIUS","PRIUS C","HATCHBACK","SILVER","FRONT END","REAR END","TX","SV","YES","D",106365,"A","[PREMIUM]",6716.05,"1.5L 4","FRONT WHEEL DRIVE","AUTOMATIC","ELECTRIC AND GAS HYBRID",4,"Run & Drive Verified","Pure Sale","[PREMIUM]",,"TAYLOR","TX","76574","USA","USD","[PREMIUM]","[PREMIUM]","G120",false,"[PREMIUM]","THREE",false,false,"[PREMIUM]",,,,,,,,"[PREMIUM]"
"65321216","2026-08-15 04:16:31.655","2026-08-20 17:44:42.804","65321216","2026-08-19 18:03:53.000","[PREMIUM]","394","TX - NORTH AUSTIN","2026-08-20","THURSDAY","1200","CDT","4121","V",2023,"MAZDA","CX-5","CX-5","SPORT UTILITY VEHICLE","RED","SIDE",,"TX","SV","YES","D",11847,"A","[PREMIUM]",17260,"2.5L 4","ALL WHEEL DRIVE","AUTOMATIC","GAS",4,"Run & Drive Verified","Pure Sale","[PREMIUM]",,"TAYLOR","TX","76574","USA","USD","[PREMIUM]","[PREMIUM]","B170",false,"[PREMIUM]","SELECT",false,false,"[PREMIUM]",,,,,,,,"[PREMIUM]"
"64931476","2026-08-15 04:16:31.623","2026-08-20 17:44:42.659","64931476","2026-08-19 18:03:53.000","[PREMIUM]","394","TX - NORTH AUSTIN","2026-08-20","THURSDAY","1200","CDT","4100","V",2015,"JEEP","RENEGADE","RENEGADE","4DR SPORT UTILITY","RED","REAR END",,"TX","SV","YES","D",145239,"A","[PREMIUM]",7679.91,"2.4L 4","4X4 W/FRONT WHL DRV","AUTOMATIC","GAS",4,"Run & Drive Verified","Pure Sale","[PREMIUM]",,"TAYLOR","TX","76574","USA","USD","[PREMIUM]","[PREMIUM]","A100",false,"[PREMIUM]","LIMITED",false,false,"[PREMIUM]",,,,,,,,"[PREMIUM]"
"64611496","2026-08-15 04:16:31.590","2026-08-27 11:46:27.885","64611496","2026-08-26 19:37:19.000","[PREMIUM]","394","TX - NORTH AUSTIN","2026-08-27","THURSDAY","1200","CDT","2027","V",2024,"GMC","YUKON","YUKON","SPORT UTILITY VEHICLE","GRAY","FRONT END","REAR END","TX","SV","YES","D",19361,"A","[PREMIUM]",45218.83,"5.3L 8","4X4 W/REAR WHEEL DRV","AUTOMATIC","GAS",8,"Run & Drive Verified","Pure Sale","[PREMIUM]",,"TAYLOR","TX","76574","USA","USD","[PREMIUM]","[PREMIUM]","D100",false,"[PREMIUM]","SLT",false,false,"[PREMIUM]",,,,,,,,"[PREMIUM]"
"64421436","2026-08-15 04:16:31.541","2026-08-27 11:46:27.808","64421436","2026-08-26 19:37:19.000","[PREMIUM]","394","TX - NORTH AUSTIN","2026-08-27","THURSDAY","1200","CDT","3114","V",2004,"TOYOTA","4RUNNER","4RUNNER","SUV","SILVER","FRONT END","MECHANICAL","TX","SV","YES","E",203383,"A","[PREMIUM]",5690,"4.0L 6","REAR WHEEL DRIVE","AUTOMATIC","GAS",6,"DEFAULT","On Minimum Bid","[PREMIUM]",,"TAYLOR","TX","76574","USA","USD","[PREMIUM]","[PREMIUM]","A150",false,"[PREMIUM]","SR5",false,false,"[PREMIUM]",,,,,,,,"[PREMIUM]"
"64242616","2026-08-15 04:16:31.513","2026-08-20 17:44:42.248","64242616","2026-08-19 18:03:53.000","[PREMIUM]","394","TX - NORTH AUSTIN","2026-08-20","THURSDAY","1200","CDT","4139","V",2003,"TOYOTA","CAMRY","CAMRY","SEDAN","BLUE","FRONT END",,"TX","SV","YES","E",0,"E","[PREMIUM]",11548.93,"2.4L 4","FRONT WHEEL DRIVE","AUTOMATIC","GAS",4,"DEFAULT","Pure Sale","[PREMIUM]",,"TAYLOR","TX","76574","USA","USD","[PREMIUM]","[PREMIUM]","A030",false,"[PREMIUM]","LE",false,false,"[PREMIUM]",,,,,,,,"[PREMIUM]"
"64229856","2026-08-15 04:16:31.510","2026-08-29 17:49:19.691","64229856","2026-08-14 22:14:12.000","[PREMIUM]","394","TX - NORTH AUSTIN",,,,"CDT","0","V",2019,"JEEP","GRAND CHER","CHEROKEE","SPORT UTILITY VEHICLE","WHITE","SIDE","REAR END","IL","SC","YES","D",65078,"A","[PREMIUM]",12651,"3.2L 6","4X4 W/FRONT WHL DRV","AUTOMATIC","FLEXIBLE",6,"Run & Drive Verified","Pure Sale","[PREMIUM]",,"TAYLOR","TX","76574","USA","USD","[PREMIUM]","[PREMIUM]","E100",false,"[PREMIUM]","LATITUDE PLUS",false,false,"[PREMIUM]",,,,,,,,"[PREMIUM]"
"64154276","2026-08-15 04:16:31.455","2026-08-26 17:47:21.329","64154276","2026-08-21 19:58:50.000","[PREMIUM]","394","TX - NORTH AUSTIN","2026-08-27","THURSDAY","1200","CDT","0","V",2012,"LEXUS","RX350","RX","4DR SPORT UTILITY","CREAM","FRONT END",,"TX","SV","YES","D",105981,"A","[PREMIUM]",14119,"3.5L 6","FRONT WHEEL DRIVE","AUTOMATIC","GAS",6,"Run & Drive Verified","Pure Sale","[PREMIUM]",,"TAYLOR","TX","76574","USA","USD","[PREMIUM]","[PREMIUM]","F100",false,"[PREMIUM]","350",false,false,"[PREMIUM]",,,,,,,,"[PREMIUM]"
"64070356","2026-08-15 04:16:31.410","2026-08-20 17:44:42.154","64070356","2026-08-19 18:03:53.000","[PREMIUM]","394","TX - NORTH AUSTIN","2026-08-20","THURSDAY","1200","CDT","4073","V",2017,"HONDA","ACCORD","ACCORD","SEDAN 4DR","SILVER","REAR END",,"TX","SV","YES","D",92024,"A","[PREMIUM]",10997.52,"2.4L 4","FRONT WHEEL DRIVE","AUTOMATIC","GAS",4,"Run & Drive Verified","On Minimum Bid","[PREMIUM]",,"TAYLOR","TX","76574","USA","USD","[PREMIUM]","[PREMIUM]","B030",false,"[PREMIUM]","SPORT",false,false,"[PREMIUM]",,,,,,,,"[PREMIUM]"
"64058026","2026-08-15 04:16:31.405","2026-08-27 11:46:27.725","64058026","2026-08-26 19:37:18.000","[PREMIUM]","394","TX - NORTH AUSTIN","2026-08-27","THURSDAY","1200","CDT","109","V",2017,"AUDI","Q5","Q5","4DR SPORT UTILITY","GRAY","REAR END",,"TX","SV","YES","D",102383,"A","[PREMIUM]",4777.91,"2.0L 4","ALL WHEEL DRIVE","AUTOMATIC","FLEXIBLE",4,"Run & Drive Verified","Pure Sale","[PREMIUM]",,"TAYLOR","TX","76574","USA","USD","[PREMIUM]","[PREMIUM]","A140",false,"[PREMIUM]","PREMIUM",false,false,"[PREMIUM]",,,,,,,,"[PREMIUM]"
"63761356","2026-08-15 04:16:31.240","2026-08-27 11:46:27.566","63761356","2026-08-26 19:37:19.000","[PREMIUM]","394","TX - NORTH AUSTIN","2026-08-27","THURSDAY","1200","CDT","3008","V",2019,"RAM","1500","1500 CLASSIC","PICKUP","ORANGE","UNDERCARRIAGE",,"TX","SV","YES","S",132153,"A","[PREMIUM]",0,"5.7L 8","REAR WHEEL DRIVE","AUTOMATIC","GAS",8,"Vehicle Starts","Pure Sale","[PREMIUM]",,"TAYLOR","TX","76574","USA","USD","[PREMIUM]","[PREMIUM]","H160",false,"[PREMIUM]","TRADESMAN",false,false,"[PREMIUM]",,,,,,,,"[PREMIUM]"
"63765636","2026-08-15 04:16:31.235","2026-08-20 17:44:41.931","63765636","2026-08-19 18:03:52.000","[PREMIUM]","394","TX - NORTH AUSTIN","2026-08-20","THURSDAY","1200","CDT","3069","V",2012,"CHEVROLET","CAMARO","CAMARO","CONVERTIBLE","BLACK","FRONT END",,"FL","RB","YES","E",87670,"A","[PREMIUM]",5239.05,"6.2L 8","REAR WHEEL DRIVE","AUTOMATIC","GAS",8,"DEFAULT","Pure Sale","[PREMIUM]",,"TAYLOR","TX","76574","USA","USD","[PREMIUM]","[PREMIUM]","C060",false,"[PREMIUM]","2SS",false,false,"[PREMIUM]",,,,,,,,"[PREMIUM]"
"62891026","2026-08-15 04:16:30.976","2026-08-20 17:44:41.447","62891026","2026-08-19 18:03:52.000","[PREMIUM]","394","TX - NORTH AUSTIN","2026-08-20","THURSDAY","1200","CDT","2124","V",2017,"FORD","FUSION","FUSION","SEDAN 4DR","SILVER","SIDE",,"FL","RB","YES","D",105582,"A","[PREMIUM]",0,"2.0L 4","FRONT WHEEL DRIVE","AUTOMATIC","ELECTRIC AND GAS HYBRID",4,"Run & Drive Verified","Pure Sale","[PREMIUM]",,"TAYLOR","TX","76574","USA","USD","[PREMIUM]","[PREMIUM]","C080",false,"[PREMIUM]","SE HYBRID",false,false,"[PREMIUM]",,,,,,,,"[PREMIUM]"
"62722746","2026-08-15 04:16:30.966","2026-08-20 17:44:41.393","62722746","2026-08-19 18:03:52.000","[PREMIUM]","394","TX - NORTH AUSTIN","2026-08-20","THURSDAY","1200","CDT","4006","V",2016,"CHEVROLET","SILVERADO","SILVERADO","CREW PICKUP","BROWN","FRONT END","REAR END","TX","SV","YES","D",172097,"A","[PREMIUM]",25237.5,"5.3L 8","REAR WHEEL DRIVE","AUTOMATIC","GAS",8,"Run & Drive Verified","Pure Sale","[PREMIUM]",,"TAYLOR","TX","76574","USA","USD","[PREMIUM]","[PREMIUM]","C200",false,"[PREMIUM]","C1500 LT",false,false,"[PREMIUM]",,,,,,,,"[PREMIUM]"
"62723266","2026-08-15 04:16:30.946","2026-08-27 11:46:27.186","62723266","2026-08-26 19:37:20.000","[PREMIUM]","394","TX - NORTH AUSTIN","2026-08-27","THURSDAY","1200","CDT","4053","V",2013,"HONDA","ACCORD","ACCORD","SEDAN 4DR","BURGUNDY","FRONT END",,"TX","SV","YES","D",159848,"N","[PREMIUM]",8824.01,"2.4L 4","FRONT WHEEL DRIVE","AUTOMATIC","GAS",4,"Run & Drive Verified","Pure Sale","[PREMIUM]",,"TAYLOR","TX","76574","USA","USD","[PREMIUM]","[PREMIUM]","E030",false,"[PREMIUM]","SPORT",false,false,"[PREMIUM]",,,,,,,,"[PREMIUM]"
"62544826","2026-08-15 04:16:30.919","2026-08-20 17:44:41.297","62544826","2026-08-19 18:03:52.000","[PREMIUM]","394","TX - NORTH AUSTIN","2026-08-20","THURSDAY","1200","CDT","2118","V",2024,"NISSAN","ALL OTHER","ARIYA","WAGON","WHITE","REAR END",,"TX","SV","YES","D",25892,"A","[PREMIUM]",23683,"U","ALL WHEEL DRIVE","AUTOMATIC","ELECTRIC",,"Run & Drive Verified","Pure Sale","[PREMIUM]",,"TAYLOR","TX","76574","USA","USD","[PREMIUM]","[PREMIUM]","E140",false,"[PREMIUM]","PLATINUM +",false,false,"[PREMIUM]",,,,,,,,"[PREMIUM]"
"62466746","2026-08-15 04:16:30.884","2026-08-27 11:46:27.131","62466746","2026-08-26 19:37:19.000","[PREMIUM]","394","TX - NORTH AUSTIN","2026-08-27","THURSDAY","1200","CDT","3091","V",2007,"JEEP","CHEROKEE","GRAND CHEROKEE",,"GREEN","FRONT END","REAR END","TX","SV","YES","S",180994,"E","[PREMIUM]",4566,,,"AUTOMATIC",,,"Vehicle Starts","On Minimum Bid","[PREMIUM]",,"TAYLOR","TX","76574","USA","USD","[PREMIUM]","[PREMIUM]","F150",false,"[PREMIUM]","LAREDO",false,false,"[PREMIUM]",,,,,,,,"[PREMIUM]"
"62461456","2026-08-15 04:16:30.882","2026-08-20 17:44:41.238","62461456","2026-08-19 18:03:51.000","[PREMIUM]","394","TX - NORTH AUSTIN","2026-08-20","THURSDAY","1200","CDT","36","V",2024,"MAZDA","CX-5","CX-5","SPORT UTILITY VEHICLE","BLUE","FRONT END",,"TX","SV","YES","D",44895,"A","[PREMIUM]",20159.1,"2.5L 4","ALL WHEEL DRIVE","AUTOMATIC","GAS",4,"Run & Drive Verified","Pure Sale","[PREMIUM]",,"TAYLOR","TX","76574","USA","USD","[PREMIUM]","[PREMIUM]","E170",false,"[PREMIUM]","PREFERRED",false,false,"[PREMIUM]",,,,,,,,"[PREMIUM]"
"62346426","2026-08-15 04:16:30.828","2026-08-20 17:44:41.229","62346426","2026-08-19 18:03:52.000","[PREMIUM]","394","TX - NORTH AUSTIN","2026-08-20","THURSDAY","1200","CDT","2049","V",2016,"HONDA","CIVIC","CIVIC","SEDAN 4DR","BLUE","FRONT END","SIDE","TX","BV","YES","D",159178,"A","[PREMIUM]",13355.1,"2.0L 4","FRONT WHEEL DRIVE","AUTOMATIC","GAS",4,"Run & Drive Verified","Pure Sale","[PREMIUM]",,"TAYLOR","TX","76574","USA","USD","[PREMIUM]","[PREMIUM]","E120",false,"[PREMIUM]","LX",false,false,"[PREMIUM]",,,,,,,,"[PREMIUM]"
"62023616","2026-08-15 04:16:30.760","2026-08-20 17:44:41.100","62023616","2026-08-19 18:03:52.000","[PREMIUM]","394","TX - NORTH AUSTIN","2026-08-20","THURSDAY","1200","CDT","2072","V",2021,"DODGE","CHALLENGER","CHALLENGER","COUPE","BLACK","REAR END",,"TX","SV","YES","D",123102,"A","[PREMIUM]",12171.41,"3.6L 6","REAR WHEEL DRIVE","AUTOMATIC","FLEXIBLE",6,"Run & Drive Verified","Pure Sale","[PREMIUM]",,"TAYLOR","TX","76574","USA","USD","[PREMIUM]","[PREMIUM]","E080",false,"[PREMIUM]","GT",false,false,"[PREMIUM]",,,,,,,,"[PREMIUM]"
"61963726","2026-08-15 04:16:30.721","2026-08-20 17:44:41.012","61963726","2026-08-19 18:03:52.000","[PREMIUM]","394","TX - NORTH AUSTIN","2026-08-20","THURSDAY","1200","CDT","2005","V",2024,"NISSAN","SENTRA","SENTRA","SEDAN","GRAY","REAR END",,"TX","SV","YES","D",72767,"A","[PREMIUM]",0,"2.0L 4","FRONT WHEEL DRIVE","AUTOMATIC","GAS",4,"Run & Drive Verified","On Approval","[PREMIUM]",,"TAYLOR","TX","76574","USA","USD","[PREMIUM]","[PREMIUM]","D080",false,"[PREMIUM]","S",false,false,"[PREMIUM]",,,,,,,,"[PREMIUM]"
"61790476","2026-08-15 04:16:30.609","2026-08-20 17:44:40.855","61790476","2026-08-19 18:03:52.000","[PREMIUM]","394","TX - NORTH AUSTIN","2026-08-20","THURSDAY","1200","CDT","3111","V",2023,"TOYOTA","RAV4","RAV4","SPORT UTILITY VEHICLE","BLUE","ALL OVER",,"TX","SV","YES","S",130345,"A","[PREMIUM]",22901.97,"2.5L 4","FRONT WHEEL DRIVE","AUTOMATIC","GAS",4,"Vehicle Starts","Pure Sale","[PREMIUM]",,"TAYLOR","TX","76574","USA","USD","[PREMIUM]","[PREMIUM]","D100",false,"[PREMIUM]","XLE PREMIUM",false,false,"[PREMIUM]",,,,,,,,"[PREMIUM]"
"61681986","2026-08-15 04:16:30.583","2026-08-27 11:46:26.756","61681986","2026-08-26 19:37:19.000","[PREMIUM]","394","TX - NORTH AUSTIN","2026-08-27","THURSDAY","1200","CDT","3089","V",2001,"HONDA","ACCORD 4D","ACCORD 4D LX-V6",,"GREEN","FRONT END","SIDE","TX","SV","YES","E",252152,"E","[PREMIUM]",11005.47,,,"AUTOMATIC",,,"DEFAULT","Pure Sale","[PREMIUM]",,"TAYLOR","TX","76574","USA","USD","[PREMIUM]","[PREMIUM]","A080",false,"[PREMIUM]",,false,false,"[PREMIUM]",,,,,,,,"[PREMIUM]"
"61386386","2026-08-15 04:16:30.516","2026-08-20 17:44:40.715","61386386","2026-08-19 18:03:52.000","[PREMIUM]","394","TX - NORTH AUSTIN","2026-08-20","THURSDAY","1200","CDT","3020","V",2023,"CHEVROLET","TRAVERSE","TRAVERSE","SPORT UTILITY VEHICLE","RED","ROLLOVER",,"TX","SV","EXM","E",0,"N","[PREMIUM]",26307.22,"3.6L 6","FRONT WHEEL DRIVE","AUTOMATIC","GAS",6,"DEFAULT","Pure Sale","[PREMIUM]",,"TAYLOR","TX","76574","USA","USD","[PREMIUM]","[PREMIUM]","A010",false,"[PREMIUM]","LT",false,false,"[PREMIUM]",,,,,,,,"[PREMIUM]"
"61320066","2026-08-15 04:16:30.515","2026-08-20 17:44:40.705","61320066","2026-08-19 18:03:52.000","[PREMIUM]","394","TX - NORTH AUSTIN","2026-08-20","THURSDAY","1200","CDT","4022","V",2012,"TOYOTA","CAMRY","CAMRY","SEDAN","RED","FRONT END","SIDE","TX","SV","YES","D",166359,"A","[PREMIUM]",0,"3.5L 6","FRONT WHEEL DRIVE","AUTOMATIC","GAS",6,"Run & Drive Verified","Pure Sale","[PREMIUM]",,"TAYLOR","TX","76574","USA","USD","[PREMIUM]","[PREMIUM]","A030",false,"[PREMIUM]","SE V6",false,false,"[PREMIUM]",,,,,,,,"[PREMIUM]"
"61383206","2026-08-15 04:16:30.497","2026-08-29 17:49:18.950","61383206","2026-08-14 22:19:36.000","[PREMIUM]","394","TX - NORTH AUSTIN",,,,"CDT","0","V",2016,"FORD","ESCAPE","ESCAPE","4DR SPORT UTILITY","BLACK","FRONT END","SIDE","TX","SV","YES","S",152060,"A","[PREMIUM]",7256.95,"2.5L 4","FRONT WHEEL DRIVE","AUTOMATIC","GAS",4,"Vehicle Starts","Pure Sale","[PREMIUM]",,"TAYLOR","TX","76574","USA","USD","[PREMIUM]","[PREMIUM]","D090",false,"[PREMIUM]","S",false,false,"[PREMIUM]",,,,,,,,"[PREMIUM]"
"60856916","2026-08-15 04:16:30.398","2026-08-20 17:44:40.491","60856916","2026-08-19 18:03:52.000","[PREMIUM]","394","TX - NORTH AUSTIN","2026-08-20","THURSDAY","1200","CDT","4008","V",2022,"DODGE","CHARGER","CHARGER",,"BLUE","FRONT END",,"TX","SV","YES","D",59485,"A","[PREMIUM]",23454.02,,,"AUTOMATIC",,,"Run & Drive Verified","On Minimum Bid","[PREMIUM]",,"TAYLOR","TX","76574","USA","USD","[PREMIUM]","[PREMIUM]","C050",false,"[PREMIUM]","R/T",false,false,"[PREMIUM]",,,,,,,,"[PREMIUM]"
"60849536","2026-08-15 04:16:30.382","2026-08-29 17:49:18.851","60849536","2026-08-14 22:22:08.000","[PREMIUM]","394","TX - NORTH AUSTIN",,,,"CDT","0","V",2020,"TESLA","MODEL 3","MODEL 3","SEDAN","BLACK","REAR END","UNDERCARRIAGE","TX","CT","NO","E",66881,"A","[PREMIUM]",16482.54,,"REAR WHEEL DRIVE","AUTOMATIC","ELECTRIC",,"DEFAULT","Pure Sale","[PREMIUM]",,"TAYLOR","TX","76574","USA","USD","[PREMIUM]","[PREMIUM]","A200",false,"[PREMIUM]",,false,false,"[PREMIUM]",,,,,,,,"[PREMIUM]"
"60750986","2026-08-15 04:16:30.347","2026-08-29 17:49:18.806","60750986","2026-08-27 21:38:28.000","[PREMIUM]","394","TX - NORTH AUSTIN","2026-09-03","THURSDAY","1200","CDT","0","V",2025,"RAM","1500","1500","PICKUP","BLACK","REAR END",,"TX","SV","YES","D",29543,"A","[PREMIUM]",35526.5,"3.0L 6","REAR WHEEL DRIVE","AUTOMATIC","GAS",6,"Run & Drive Verified","On Minimum Bid","[PREMIUM]",,"TAYLOR","TX","76574","USA","USD","[PREMIUM]","[PREMIUM]","D180",false,"[PREMIUM]","BIG HORN/LONE STAR",false,false,"[PREMIUM]",,,,,,,,"[PREMIUM]"
"60491836","2026-08-15 04:16:30.281","2026-08-20 17:44:40.281","60491836","2026-08-19 18:03:52.000","[PREMIUM]","394","TX - NORTH AUSTIN","2026-08-20","THURSDAY","1200","CDT","3050","V",2024,"FORD","MAVERICK","MAVERICK","PICKUP","BLACK","FRONT END","SIDE","TX","SV","YES","E",42201,"A","[PREMIUM]",22765.29,"2.5L 4","FRONT WHEEL DRIVE","AUTOMATIC","ELECTRIC AND GAS HYBRID",4,"DEFAULT","Pure Sale","[PREMIUM]",,"TAYLOR","TX","76574","USA","USD","[PREMIUM]","[PREMIUM]","B170",false,"[PREMIUM]","XLT",false,false,"[PREMIUM]",,,,,,,,"[PREMIUM]"
"60424706","2026-08-15 04:16:30.241","2026-08-20 17:44:40.233","60424706","2026-08-19 18:03:52.000","[PREMIUM]","394","TX - NORTH AUSTIN","2026-08-20","THURSDAY","1200","CDT","4044","V",2026,"TOYOTA","TUNDRA","TUNDRA","PICKUP","BLACK","SIDE",,"TX","SV","YES","D",1954,"A","[PREMIUM]",53744.14,"3.4L 6","FOUR BY FOUR","AUTOMATIC","GAS",6,"Run & Drive Verified","Pure Sale","[PREMIUM]",,"TAYLOR","TX","76574","USA","USD","[PREMIUM]","[PREMIUM]","F130",false,"[PREMIUM]","PLATINUM",false,false,"[PREMIUM]",,,,,,,,"[PREMIUM]"
"60296706","2026-08-15 04:16:30.188","2026-08-20 17:44:40.170","60296706","2026-08-19 18:03:52.000","[PREMIUM]","394","TX - NORTH AUSTIN","2026-08-20","THURSDAY","1200","CDT","4063","V",2023,"FORD","EXPLORER","EXPLORER","SPORT UTILITY VEHICLE","WHITE","FRONT END","SIDE","TX","SV","YES","D",73220,"A","[PREMIUM]",22419,"2.3L 4","4X4 W/REAR WHEEL DRV","AUTOMATIC","GAS",4,"Run & Drive Verified","Pure Sale","[PREMIUM]",,"TAYLOR","TX","76574","USA","USD","[PREMIUM]","[PREMIUM]","E140",false,"[PREMIUM]","XLT",false,false,"[PREMIUM]",,,,,,,,"[PREMIUM]"
"60213216","2026-08-15 04:16:30.161","2026-08-20 17:44:40.111","60213216","2026-08-19 18:03:52.000","[PREMIUM]","394","TX - NORTH AUSTIN","2026-08-20","THURSDAY","1200","CDT","3128","V",2011,"FORD","EXPLORER","EXPLORER","4DR SPORT UTILITY","SILVER","UNDERCARRIAGE","MECHANICAL","TX","SV","YES","E",110201,"A","[PREMIUM]",6354.03,"3.5L 6","FRONT WHEEL DRIVE","AUTOMATIC","GAS",6,"DEFAULT","Pure Sale","[PREMIUM]",,"TAYLOR","TX","76574","USA","USD","[PREMIUM]","[PREMIUM]","D110",false,"[PREMIUM]","XLT",false,false,"[PREMIUM]",,,,,,,,"[PREMIUM]"
"59817436","2026-08-15 04:16:30.150","2026-08-29 17:49:18.587","59817436","2026-08-14 22:18:53.000","[PREMIUM]","394","TX - NORTH AUSTIN",,,,"CDT","0","V",2016,"CHEVROLET","ALL Models","SILVERADO","PICKUP","WHITE","FRONT END",,"TX","CT","YES","D",176334,"A","[PREMIUM]",6934.88,"6.0L 8","REAR WHEEL DRIVE","AUTOMATIC","FLEXIBLE",8,"Run & Drive Verified","Pure Sale","[PREMIUM]",,"TAYLOR","TX","76574","USA","USD","[PREMIUM]","[PREMIUM]","J170",false,"[PREMIUM]","C2500 HEAVY DUTY",false,false,"[PREMIUM]",,,,,,,,"[PREMIUM]"
"59980966","2026-08-15 04:16:30.091","2026-08-20 17:44:39.975","59980966","2026-08-19 18:03:52.000","[PREMIUM]","394","TX - NORTH AUSTIN","2026-08-20","THURSDAY","1200","CDT","4057","V",2024,"GMC","SIERRA","SIERRA","PICKUP","BLACK","FRONT END","REAR END","TX","SV","YES","S",45871,"A","[PREMIUM]",40407.65,"5.3L 8","4X4 W/REAR WHEEL DRV","AUTOMATIC","GAS",8,"Vehicle Starts","Pure Sale","[PREMIUM]",,"TAYLOR","TX","76574","USA","USD","[PREMIUM]","[PREMIUM]","D190",false,"[PREMIUM]","K1500 SLT",false,false,"[PREMIUM]",,,,,,,,"[PREMIUM]"
"59622986","2026-08-15 04:16:29.933","2026-08-20 17:44:39.772","59622986","2026-08-19 18:03:53.000","[PREMIUM]","394","TX - NORTH AUSTIN","2026-08-20","THURSDAY","1200","CDT","4107","V",2025,"TOYOTA","CAMRY","CAMRY","SEDAN","BLACK","FRONT END","REAR END","TX","SV","YES","D",93784,"A","[PREMIUM]",19124.95,"2.5L 4","FRONT WHEEL DRIVE","AUTOMATIC","ELECTRIC AND GAS HYBRID",4,"Run & Drive Verified","Pure Sale","[PREMIUM]",,"TAYLOR","TX","76574","USA","USD","[PREMIUM]","[PREMIUM]","E030",false,"[PREMIUM]","SE",false,false,"[PREMIUM]",,,,,,,,"[PREMIUM]"
"59605866","2026-08-15 04:16:29.920","2026-08-20 17:44:39.776","59605866","2026-08-19 18:03:52.000","[PREMIUM]","394","TX - NORTH AUSTIN","2026-08-20","THURSDAY","1200","CDT","103","V",2023,"CHEVROLET","MALIBU","MALIBU","SEDAN","CHARCOAL","FRONT END","SIDE","TX","SV","YES","D",77751,"A","[PREMIUM]",13048.35,"1.5L 4","FRONT WHEEL DRIVE","AUTOMATIC","GAS",4,"Run & Drive Verified","On Minimum Bid","[PREMIUM]",,"TAYLOR","TX","76574","USA","USD","[PREMIUM]","[PREMIUM]","D050",false,"[PREMIUM]","LT",false,false,"[PREMIUM]",,,,,,,,"[PREMIUM]"
"59316536","2026-08-15 04:16:29.896","2026-08-29 17:49:18.391","59316536","2026-08-14 22:18:45.000","[PREMIUM]","394","TX - NORTH AUSTIN",,,,"CDT","0","V",2026,"FORD","F150","F150","PICKUP","BLACK","FRONT END",,"TX","SV","YES","D",407,"A","[PREMIUM]",0,"3.5L 6","4X4 W/REAR WHEEL DRV","AUTOMATIC","GAS",6,"Run & Drive Verified","Pure Sale","[PREMIUM]",,"TAYLOR","TX","76574","USA","USD","[PREMIUM]","[PREMIUM]","E190",false,"[PREMIUM]","RAPTOR",false,false,"[PREMIUM]",,,,,,,,"[PREMIUM]"
"59336546","2026-08-15 04:16:29.853","2026-08-20 17:44:39.730","59336546","2026-08-19 18:03:52.000","[PREMIUM]","394","TX - NORTH AUSTIN","2026-08-20","THURSDAY","1200","CDT","4029","V",2019,"HONDA","HR-V","HR-V","SPORT UTILITY VEHICLE","BLACK","REAR END",,"TX","SV","YES","D",91671,"A","[PREMIUM]",16817.17,"1.8L 4","ALL WHEEL DRIVE","AUTOMATIC","GAS",4,"Run & Drive Verified","Pure Sale","[PREMIUM]",,"TAYLOR","TX","76574","USA","USD","[PREMIUM]","[PREMIUM]","B120",false,"[PREMIUM]","SPORT",false,false,"[PREMIUM]",,,,,,,,"[PREMIUM]"
"59538596","2026-08-15 04:16:29.851","2026-08-20 17:44:39.734","59538596","2026-08-19 18:03:52.000","[PREMIUM]","394","TX - NORTH AUSTIN","2026-08-20","THURSDAY","1200","CDT","3142","V",2021,"HYUNDAI","ELANTRA","ELANTRA","SEDAN","RED","FRONT END",,"TX","SV","YES","E",68404,"A","[PREMIUM]",17072.07,"2.0L 4","FRONT WHEEL DRIVE","AUTOMATIC","GAS",4,"DEFAULT","Pure Sale","[PREMIUM]",,"TAYLOR","TX","76574","USA","USD","[PREMIUM]","[PREMIUM]","D030",false,"[PREMIUM]","SEL",false,false,"[PREMIUM]",,,,,,,,"[PREMIUM]"
"59159196","2026-08-15 04:16:29.748","2026-08-20 17:44:39.588","59159196","2026-08-19 18:03:52.000","[PREMIUM]","394","TX - NORTH AUSTIN","2026-08-20","THURSDAY","1200","CDT","3130","V",2020,"FORD","F250","F250","PICKUP","BLACK","FRONT END",,"TX","SV","YES","E",0,"N","[PREMIUM]",34677.31,"6.7L 8","4X4 W/REAR WHEEL DRV","AUTOMATIC","DIESEL",8,"DEFAULT","Pure Sale","[PREMIUM]",,"TAYLOR","TX","76574","USA","USD","[PREMIUM]","[PREMIUM]","I180",false,"[PREMIUM]","SUPER DUTY",false,false,"[PREMIUM]",,,,,,,,"[PREMIUM]"
"59152686","2026-08-15 04:16:29.712","2026-08-29 17:49:18.353","59152686","2026-08-14 22:18:45.000","[PREMIUM]","394","TX - NORTH AUSTIN",,,,"CDT","0","V",2020,"VOLKSWAGEN","JETTA","JETTA","SEDAN","BLUE","REAR END","SIDE","TX","SV","YES","E",204294,"A","[PREMIUM]",9549.26,"1.4L 4","FRONT WHEEL DRIVE","AUTOMATIC","GAS",4,"DEFAULT","On Minimum Bid","[PREMIUM]",,"TAYLOR","TX","76574","USA","USD","[PREMIUM]","[PREMIUM]","D030",false,"[PREMIUM]",,false,false,"[PREMIUM]",,,,,,,,"[PREMIUM]"
"58878906","2026-08-15 04:16:29.654","2026-08-20 17:44:39.436","58878906","2026-08-19 18:03:52.000","[PREMIUM]","394","TX - NORTH AUSTIN","2026-08-20","THURSDAY","1200","CDT","87","V",2023,"GENESIS","ALL OTHER","GV70","SUV","PURPLE","UNDERCARRIAGE","FRONT END","TX","SV","YES","D",32740,"A","[PREMIUM]",61378.61,"2.5L 4","ALL WHEEL DRIVE","AUTOMATIC","GAS",4,"Run & Drive Verified","Pure Sale","[PREMIUM]",,"TAYLOR","TX","76574","USA","USD","[PREMIUM]","[PREMIUM]","A140",false,"[PREMIUM]","2.5T STANDARD",false,false,"[PREMIUM]",,,,,,,,"[PREMIUM]"
"58975656","2026-08-15 04:16:29.634","2026-08-29 17:49:18.302","58975656","2026-08-14 22:21:32.000","[PREMIUM]","394","TX - NORTH AUSTIN",,,,"CDT","0","V",2023,"TESLA","MODEL 3","MODEL 3","SEDAN","GRAY","FRONT END","SIDE","TX","SV","YES","D",36398,"A","[PREMIUM]",26994.27,,"REAR WHEEL DRIVE","AUTOMATIC","ELECTRIC",,"Run & Drive Verified","Pure Sale","[PREMIUM]",,"TAYLOR","TX","76574","USA","USD","[PREMIUM]","[PREMIUM]","A200",false,"[PREMIUM]",,false,false,"[PREMIUM]",,,,,,,,"[PREMIUM]"
"58763316","2026-08-15 04:16:29.595","2026-08-20 17:44:39.359","58763316","2026-08-19 18:03:52.000","[PREMIUM]","394","TX - NORTH AUSTIN","2026-08-20","THURSDAY","1200","CDT","3044","V",2021,"GMC","TERRAIN","TERRAIN","SPORT UTILITY VEHICLE","BLACK","FRONT END","SIDE","TX","SV","YES","S",94411,"A","[PREMIUM]",0,"1.5L 4","FRONT WHEEL DRIVE","AUTOMATIC","GAS",4,"Vehicle Starts","Pure Sale","[PREMIUM]",,"TAYLOR","TX","76574","USA","USD","[PREMIUM]","[PREMIUM]","G180",false,"[PREMIUM]","SLT",false,false,"[PREMIUM]",,,,,,,,"[PREMIUM]"
"58232456","2026-08-15 04:16:29.424","2026-08-29 17:49:18.192","58232456","2026-08-14 22:19:35.000","[PREMIUM]","394","TX - NORTH AUSTIN",,,,"CDT","0","V",2025,"HYUNDAI","KONA","KONA","SPORT UTILITY VEHICLE","TURQUOISE","REAR END",,"TX","SV","YES","D",20975,"A","[PREMIUM]",22890.56,"2.0L 4","FRONT WHEEL DRIVE","AUTOMATIC","GAS",4,"Run & Drive Verified","Pure Sale","[PREMIUM]",,"TAYLOR","TX","76574","USA","USD","[PREMIUM]","[PREMIUM]","D090",false,"[PREMIUM]","SEL",false,false,"[PREMIUM]",,,,,,,,"[PREMIUM]"
"57905486","2026-08-15 04:16:29.335","2026-08-29 05:49:41.657","57905486","2026-08-29 02:01:29.000","[PREMIUM]","394","TX - NORTH AUSTIN","2026-09-03","THURSDAY","1200","CDT","0","V",2022,"TOYOTA","CAMRY","CAMRY","SEDAN","GRAY","FRONT END",,"TX","SV","YES","E",124702,"A","[PREMIUM]",0,"2.5L 4","FRONT WHEEL DRIVE","AUTOMATIC","GAS",4,"DEFAULT","Pure Sale","[PREMIUM]",,"TAYLOR","TX","76574","USA","USD","[PREMIUM]","[PREMIUM]","G100",false,"[PREMIUM]","SE",false,false,"[PREMIUM]",,,,,,,,"[PREMIUM]"
"57702076","2026-08-15 04:16:29.261","2026-08-29 05:49:41.664","57702076","2026-08-29 02:02:55.000","[PREMIUM]","394","TX - NORTH AUSTIN","2026-09-03","THURSDAY","1200","CDT","0","V",2020,"VOLKSWAGEN","JETTA","JETTA","SEDAN","SILVER","FRONT END",,"TX","SV","YES","D",103888,"N","[PREMIUM]",15158.33,"1.4L 4","FRONT WHEEL DRIVE","AUTOMATIC","GAS",4,"Run & Drive Verified","Pure Sale","[PREMIUM]",,"TAYLOR","TX","76574","USA","USD","[PREMIUM]","[PREMIUM]","E080",false,"[PREMIUM]","S",false,false,"[PREMIUM]",,,,,,,,"[PREMIUM]"
"57528206","2026-08-15 04:16:29.217","2026-08-29 17:49:18.063","57528206","2026-08-14 22:22:08.000","[PREMIUM]","394","TX - NORTH AUSTIN",,,,"CDT","0","V",2022,"HONDA","ACCORD","ACCORD","SEDAN","WHITE","FRONT END",,"TX","CT","YES","S",60113,"A","[PREMIUM]",18558.23,"1.5L 4","FRONT WHEEL DRIVE","AUTOMATIC","GAS",4,"Vehicle Starts","Pure Sale","[PREMIUM]",,"TAYLOR","TX","76574","USA","USD","[PREMIUM]","[PREMIUM]","E020",false,"[PREMIUM]","SPORT",false,false,"[PREMIUM]",,,,,,,,"[PREMIUM]"
"57034036","2026-08-15 04:16:29.071","2026-08-29 17:49:17.972","57034036","2026-08-14 22:18:45.000","[PREMIUM]","394","TX - NORTH AUSTIN",,,,"CDT","0","V",2018,"PORSCHE","MACAN","MACAN","SPORT UTILITY VEHICLE","GRAY","SIDE","REAR END","TX","SV","YES","D",58592,"A","[PREMIUM]",14868.13,"3.0L 6","ALL WHEEL DRIVE","AUTOMATIC","GAS",6,"Run & Drive Verified","Pure Sale","[PREMIUM]",,"TAYLOR","TX","76574","USA","USD","[PREMIUM]","[PREMIUM]","F140",false,"[PREMIUM]","S",false,false,"[PREMIUM]",,,,,,,,"[PREMIUM]"
"55651036","2026-08-15 04:16:28.800","2026-08-29 17:49:17.758","55651036","2026-08-14 22:21:32.000","[PREMIUM]","394","TX - NORTH AUSTIN",,,,"CDT","0","V",2018,"FORD","ESCAPE","ESCAPE","SPORT UTILITY VEHICLE","CHARCOAL","FRONT END",,"TX","SV","YES","D",124674,"A","[PREMIUM]",2370.6,"1.5L 4","4X4 W/FRONT WHL DRV","AUTOMATIC","GAS",4,"Run & Drive Verified","Pure Sale","[PREMIUM]",,"TAYLOR","TX","76574","USA","USD","[PREMIUM]","[PREMIUM]","C130",false,"[PREMIUM]","SEL",false,false,"[PREMIUM]",,,,,,,,"[PREMIUM]"
"54670516","2026-08-15 04:16:28.619","2026-08-27 11:46:23.633","54670516","2026-08-26 19:37:19.000","[PREMIUM]","394","TX - NORTH AUSTIN","2026-08-27","THURSDAY","1200","CDT","3023","V",2014,"CHEVROLET","EQUINOX","EQUINOX","4DR SPORT UTILITY","BLUE","ALL OVER",,"TX","NX","YES","E",0,"N","[PREMIUM]",17214.08,"2.4L 4","FRONT WHEEL DRIVE","AUTOMATIC","FLEXIBLE",4,"DEFAULT","Pure Sale","[PREMIUM]",,"TAYLOR","TX","76574","USA","USD","[PREMIUM]","[PREMIUM]","G190",false,"[PREMIUM]","LT",false,false,"[PREMIUM]",,,,,,,,"[PREMIUM]"
"59710716","2026-08-15 04:16:27.535","2026-08-23 23:48:05.527","59710716","2026-08-21 13:08:56.000","[PREMIUM]","386","LA - VINTON","2026-08-24","MONDAY","1200","CDT","1148","V",2025,"TOYOTA","CAMRY","CAMRY","SEDAN","WHITE","ALL OVER",,"FL","CD","NO","E",0,"N","[PREMIUM]",28000,"2.5L 4","FRONT WHEEL DRIVE","AUTOMATIC","ELECTRIC AND GAS HYBRID",4,"DEFAULT","On Minimum Bid","[PREMIUM]",,"SULPHUR","LA","70663","USA","USD","[PREMIUM]","[PREMIUM]","C040",false,"[PREMIUM]","SE",false,false,"[PREMIUM]",,,,,,,,"[PREMIUM]"
"59545706","2026-08-15 04:16:27.492","2026-08-29 17:49:16.625","59545706","2026-08-19 21:46:32.000","[PREMIUM]","386","LA - VINTON",,,,"CDT","0","V",2010,"NISSAN","MAXIMA","MAXIMA","SEDAN","WHITE","ALL OVER","SIDE","TX","SV","YES","S",142284,"E","[PREMIUM]",18128.54,"3.5L 6","FRONT WHEEL DRIVE","AUTOMATIC","GAS",6,"Vehicle Starts","Pure Sale","[PREMIUM]",,"SULPHUR","LA","70663","USA","USD","[PREMIUM]","[PREMIUM]","B010",false,"[PREMIUM]","3.5 S",false,false,"[PREMIUM]",,,,,,,,"[PREMIUM]"
"58155916","2026-08-15 04:16:27.360","2026-08-29 17:49:16.551","58155916","2026-08-27 21:29:54.000","[PREMIUM]","386","LA - VINTON","2026-09-08","TUESDAY","1200","CDT","0","V",2016,"KIA","OPTIMA","OPTIMA","SEDAN 4DR","BLACK","WATER/FLOOD",,"TX","FV","YES","D",84514,"A","[PREMIUM]",9756.65,"2.4L 4","FRONT WHEEL DRIVE","AUTOMATIC","GAS",4,"Run & Drive Verified","Pure Sale","[PREMIUM]",,"SULPHUR","LA","70663","USA","USD","[PREMIUM]","[PREMIUM]","A060",false,"[PREMIUM]","LX",false,false,"[PREMIUM]",,,,,,,,"[PREMIUM]"
"56776196","2026-08-15 04:16:27.254","2026-08-29 17:49:16.465","56776196","2026-08-14 22:18:27.000","[PREMIUM]","386","LA - VINTON",,,,"CDT","0","V",2020,"INFINITI","QX60 PURE","QX60","SUV","CHARCOAL","FRONT END","SIDE","TX","SV","YES","D",86871,"A","[PREMIUM]",11384.21,"3.5L 6","FRONT WHEEL DRIVE","AUTOMATIC","GAS",6,"Run & Drive Verified","Pure Sale","[PREMIUM]",,"SULPHUR","LA","70663","USA","USD","[PREMIUM]","[PREMIUM]","C040",false,"[PREMIUM]","PURE",false,false,"[PREMIUM]",,,,,,,,"[PREMIUM]"
"56329606","2026-08-15 04:16:27.204","2026-08-29 17:49:16.443","56329606","2026-08-14 22:16:41.000","[PREMIUM]","386","LA - VINTON",,,,"CDT","0","V",2019,"HYUNDAI","SONATA","SONATA","SEDAN","WHITE","FRONT END","MECHANICAL","TX","SV","YES","D",75046,"A","[PREMIUM]",8453.59,"2.4L 4","FRONT WHEEL DRIVE","AUTOMATIC","GAS",4,"Run & Drive Verified","Pure Sale","[PREMIUM]",,"SULPHUR","LA","70663","USA","USD","[PREMIUM]","[PREMIUM]","A090",false,"[PREMIUM]","SE",false,false,"[PREMIUM]",,,,,,,,"[PREMIUM]"
"54444776","2026-08-15 04:16:27.018","2026-08-29 17:49:16.337","54444776","2026-08-28 13:44:44.000","[PREMIUM]","386","LA - VINTON","2026-08-31","MONDAY","1200","CDT","1160","V",2015,"CADILLAC","ESCALADE","ESCALADE","4DR SPORT UTILITY","BLACK","ALL OVER","FRONT END","TX","SV","NO","E",0,"N","[PREMIUM]",36394.34,"6.2L 8","4X4 W/REAR WHEEL DRV","AUTOMATIC","GAS",8,"DEFAULT","Pure Sale","[PREMIUM]",,"SULPHUR","LA","70663","USA","USD","[PREMIUM]","[PREMIUM]","A110",false,"[PREMIUM]","ESV PREMIUM",false,false,"[PREMIUM]",,,,,,,,"[PREMIUM]"
"51649656","2026-08-15 04:16:26.876","2026-08-21 17:46:45.195","51649656","2026-08-19 21:47:49.000","[PREMIUM]","386","LA - VINTON",,,,"CDT","0","V",2024,"TOYOTA","CAMRY","CAMRY","SEDAN","CHARCOAL","FRONT END","MINOR DENT/SCRATCHES","TX","SV","YES","D",72534,"A","[PREMIUM]",10214.72,"2.5L 4","FRONT WHEEL DRIVE","AUTOMATIC","GAS",4,"Run & Drive Verified","Pure Sale","[PREMIUM]",,"SULPHUR","LA","70663","USA","USD","[PREMIUM]","[PREMIUM]","E100",false,"[PREMIUM]","LE",false,false,"[PREMIUM]",,,,,,,,"[PREMIUM]"
"51297936","2026-08-15 04:16:26.850","2026-08-29 17:49:16.212","51297936","2026-08-27 21:31:02.000","[PREMIUM]","386","LA - VINTON","2026-09-08","TUESDAY","1200","CDT","0","V",2017,"JEEP","GRAND CHER","GRAND CHEROKEE","4DR SPORT UTILITY","WHITE","FRONT END","SIDE","TX","SV","YES","D",153401,"A","[PREMIUM]",15024.8,"3.6L 6","REAR WHEEL DRIVE","AUTOMATIC","FLEXIBLE",6,"Run & Drive Verified","Pure Sale","[PREMIUM]",,"SULPHUR","LA","70663","USA","USD","[PREMIUM]","[PREMIUM]","A080",false,"[PREMIUM]","LIMITED",false,false,"[PREMIUM]",,,,,,,,"[PREMIUM]"
"73671255","2026-08-15 04:16:26.596","2026-08-29 17:49:15.874","73671255","2026-08-15 01:55:30.000","[PREMIUM]","385","MI - WAYLAND",,,,"EDT","0","V",2024,"TOYOTA","TUNDRA","TUNDRA","PICKUP","WHITE","FRONT END",,"MI","ST","YES","D",30146,"A","[PREMIUM]",30373.3,"3.4L 6","FOUR BY FOUR","AUTOMATIC","GAS",6,"Run & Drive Verified","Pure Sale","[PREMIUM]",,"WAYLAND","MI","49348","USA","USD","[PREMIUM]","[PREMIUM]","B140",false,"[PREMIUM]","LIMITED",false,false,"[PREMIUM]",,,,,,,,"[PREMIUM]"
"63851806","2026-08-15 04:16:26.232","2026-08-29 17:49:14.874","63851806","2026-08-16 15:39:50.000","[PREMIUM]","385","MI - WAYLAND",,,,"EDT","0","V",2014,"DODGE","JOURNEY","JOURNEY","4DR SPORT UTILITY","CHARCOAL","FRONT END",,"MI","CT","YES","D",177540,"A","[PREMIUM]",4789.39,"3.6L 6","FRONT WHEEL DRIVE","AUTOMATIC","FLEXIBLE",6,"Run & Drive Verified","Pure Sale","[PREMIUM]",,"WAYLAND","MI","49348","USA","USD","[PREMIUM]","[PREMIUM]","H100",false,"[PREMIUM]","R/T",false,false,"[PREMIUM]",,,,,,,,"[PREMIUM]"
"62502996","2026-08-15 04:16:25.525","2026-08-29 17:49:14.292","62502996","2026-08-15 01:55:31.000","[PREMIUM]","385","MI - WAYLAND",,,,"EDT","0","V",2021,"CHEVROLET","TRAVERSE","TRAVERSE","SPORT UTILITY VEHICLE","BURGUNDY","FRONT END",,"MI","ST","YES","E",0,"N","[PREMIUM]",23941,"3.6L 6","ALL WHEEL DRIVE","AUTOMATIC","GAS",6,"DEFAULT","On Minimum Bid","[PREMIUM]",,"WAYLAND","MI","49348","USA","USD","[PREMIUM]","[PREMIUM]","N210",false,"[PREMIUM]","LT",false,false,"[PREMIUM]",,,,,,,,"[PREMIUM]"
"62401066","2026-08-15 04:16:25.470","2026-08-19 15:04:01.452","62401066","2026-08-18 16:20:34.000","[PREMIUM]","385","MI - WAYLAND","2026-08-20","THURSDAY","1000","EDT","0","V",2019,"RAM","1500","1500","PICKUP","BLUE","FRONT END","SIDE","MI","CT","YES","E",66907,"A","[PREMIUM]",22148,"5.7L 8","4X4 W/REAR WHEEL DRV","AUTOMATIC","GAS",8,"DEFAULT","On Minimum Bid","[PREMIUM]",,"WAYLAND","MI","49348","USA","USD","[PREMIUM]","[PREMIUM]","S180",false,"[PREMIUM]","REBEL",false,false,"[PREMIUM]",,,,,,,,"[PREMIUM]"
"62130396","2026-08-15 04:16:25.349","2026-08-19 15:04:01.203","62130396","2026-08-14 22:53:34.000","[PREMIUM]","385","MI - WAYLAND","2026-08-20","THURSDAY","1000","EDT","0","V",2016,"DODGE","CARAVAN","GRAND CARAVAN","SPORTS VAN","BLUE","FRONT END","SIDE","MI","CT","YES","D",214861,"A","[PREMIUM]",5815.49,"3.6L 6","FRONT WHEEL DRIVE","AUTOMATIC","FLEXIBLE",6,"Run & Drive Verified","Pure Sale","[PREMIUM]",,"WAYLAND","MI","49348","USA","USD","[PREMIUM]","[PREMIUM]","Q200",false,"[PREMIUM]","SE",false,false,"[PREMIUM]",,,,,,,,"[PREMIUM]"
"60811026","2026-08-15 04:16:24.611","2026-08-19 15:04:00.325","60811026","2026-08-14 22:38:55.000","[PREMIUM]","385","MI - WAYLAND","2026-08-20","THURSDAY","1000","EDT","0","V",2024,"KIA","FORTE","FORTE","SEDAN","BLACK","FRONT END",,"MI","CT","YES","D",59215,"A","[PREMIUM]",11657.63,"2.0L 4","FRONT WHEEL DRIVE","AUTOMATIC","GAS",4,"Run & Drive Verified","Pure Sale","[PREMIUM]",,"WAYLAND","MI","49348","USA","USD","[PREMIUM]","[PREMIUM]","F110",false,"[PREMIUM]","LXS",false,false,"[PREMIUM]",,,,,,,,"[PREMIUM]"
"59109726","2026-08-15 04:16:23.929","2026-08-29 17:49:13.027","59109726","2026-08-15 02:30:02.000","[PREMIUM]","385","MI - WAYLAND",,,,"EDT","0","V",2021,"SUBARU","CROSSTREK","CROSSTREK","SPORT UTILITY VEHICLE","GOLD","REAR END","SIDE","MI","PO","YES","E",85266,"A","[PREMIUM]",0,"2.0L 4","ALL WHEEL DRIVE","AUTOMATIC","GAS",4,"DEFAULT","Pure Sale","[PREMIUM]",,"WAYLAND","MI","49348","USA","USD","[PREMIUM]","[PREMIUM]","C130",false,"[PREMIUM]","PREMIUM",false,false,"[PREMIUM]",,,,,,,,"[PREMIUM]"
"57771096","2026-08-15 04:16:23.655","2026-08-19 15:03:58.328","57771096","2026-08-14 23:19:11.000","[PREMIUM]","385","MI - WAYLAND","2026-08-20","THURSDAY","1000","EDT","0","V",2018,"JEEP","WRANGLER","WRANGLER UNLIMITED","SPORT UTILITY VEHICLE","BLUE","FRONT END",,"MI","CT","YES","D",148991,"A","[PREMIUM]",13420,"3.6L 6","4X4 W/REAR WHEEL DRV","AUTOMATIC","GAS",6,"Run & Drive Verified","Pure Sale","[PREMIUM]",,"WAYLAND","MI","49348","USA","USD","[PREMIUM]","[PREMIUM]","K190",false,"[PREMIUM]","SPORT",false,false,"[PREMIUM]",,,,,,,,"[PREMIUM]"
"55680696","2026-08-15 04:16:23.296","2026-08-19 15:03:57.565","55680696","2026-08-15 00:30:42.000","[PREMIUM]","385","MI - WAYLAND","2026-08-20","THURSDAY","1000","EDT","0","V",2015,"CHEVROLET","SILVERADO","SILVERADO","CREW PICKUP","GRAY","SIDE",,"MI","CT","YES","D",132875,"A","[PREMIUM]",12259,"5.3L 8","4X4 W/REAR WHEEL DRV","AUTOMATIC","GAS",8,"Run & Drive Verified","On Minimum Bid","[PREMIUM]",,"WAYLAND","MI","49348","USA","USD","[PREMIUM]","[PREMIUM]","S090",false,"[PREMIUM]","K1500 LT",false,false,"[PREMIUM]",,,,,,,,"[PREMIUM]"
"53528386","2026-08-15 04:16:23.026","2026-08-29 17:49:12.520","53528386","2026-08-27 19:21:36.000","[PREMIUM]","385","MI - WAYLAND","2026-09-03","THURSDAY","1000","EDT","0","V",2010,"TOYOTA","TUNDRA","TUNDRA","CREW PICKUP","BLACK","FRONT END",,"MI","CT","YES","D",200936,"A","[PREMIUM]",9854,"5.7L 8","4X4 W/REAR WHEEL DRV","AUTOMATIC","GAS",8,"Run & Drive Verified","On Minimum Bid","[PREMIUM]",,"WAYLAND","MI","49348","USA","USD","[PREMIUM]","[PREMIUM]","S150",false,"[PREMIUM]","CREWMAX LIMITED",false,false,"[PREMIUM]",,,,,,,,"[PREMIUM]"
"64667826","2026-08-15 04:16:20.139","2026-08-29 17:49:09.327","64667826","2026-08-14 22:43:57.000","[PREMIUM]","373","NC - LAGRANGE",,,,"EDT","0","V",2012,"NISSAN","FRONTIER","FRONTIER","PICKUP","SILVER","FRONT END",,"NC","SC","YES","D",210571,"A","[PREMIUM]",4732.67,"4.0L 6","4X2","AUTOMATIC","GAS",6,"Run & Drive Verified","Pure Sale","[PREMIUM]",,"LA GRANGE","NC","28551","USA","USD","[PREMIUM]","[PREMIUM]","A100",false,"[PREMIUM]","S",false,false,"[PREMIUM]",,,,,,,,"[PREMIUM]"
"64253216","2026-08-15 04:16:20.087","2026-08-29 17:49:09.188","64253216","2026-08-29 15:12:29.000","[PREMIUM]","373","NC - LAGRANGE","2026-09-01","TUESDAY","1000","EDT","0","V",2012,"BMW","X6","X6","4DR SPORT UTILITY","BLUE","FRONT END",,"NC","SC","NO","E",0,"N","[PREMIUM]",0,"3.0L 6","ALL WHEEL DRIVE","AUTOMATIC","GAS",6,"DEFAULT","Pure Sale","[PREMIUM]",,"LA GRANGE","NC","28551","USA","USD","[PREMIUM]","[PREMIUM]","A100",false,"[PREMIUM]","XDRIVE35I",false,false,"[PREMIUM]",,,,,,,,"[PREMIUM]"
"63930316","2026-08-15 04:16:20.046","2026-08-29 17:49:08.962","63930316","2026-08-29 14:41:59.000","[PREMIUM]","373","NC - LAGRANGE","2026-09-01","TUESDAY","1000","EDT","0","V",2024,"FORD","EXPEDITION","EXPEDITION","SPORT UTILITY VEHICLE","WHITE","REAR END","SIDE","NC","SC","YES","D",23675,"A","[PREMIUM]",32303.63,"3.5L 6","REAR WHEEL DRIVE","AUTOMATIC","GAS",6,"Run & Drive Verified","Pure Sale","[PREMIUM]",,"LA GRANGE","NC","28551","USA","USD","[PREMIUM]","[PREMIUM]","E090",false,"[PREMIUM]","LIMITED",false,false,"[PREMIUM]",,,,,,,,"[PREMIUM]"
"63828546","2026-08-15 04:16:20.005","2026-08-29 17:49:08.933","63828546","2026-08-29 15:10:16.000","[PREMIUM]","373","NC - LAGRANGE","2026-09-01","TUESDAY","1000","EDT","0","V",2017,"NISSAN","MAXIMA","MAXIMA","SEDAN","WHITE","FRONT END",,"NC","SC","YES","D",125280,"A","[PREMIUM]",9413.55,"3.5L 6","FRONT WHEEL DRIVE","AUTOMATIC","GAS",6,"Run & Drive Verified","Pure Sale","[PREMIUM]",,"LA GRANGE","NC","28551","USA","USD","[PREMIUM]","[PREMIUM]","E080",false,"[PREMIUM]","3.5 SL",false,false,"[PREMIUM]",,,,,,,,"[PREMIUM]"
"63509326","2026-08-15 04:16:19.933","2026-08-29 17:49:08.865","63509326","2026-08-29 14:43:57.000","[PREMIUM]","373","NC - LAGRANGE","2026-09-01","TUESDAY","1000","EDT","0","V",2006,"TOYOTA","COROLLA","COROLLA","SEDAN","SILVER","MECHANICAL","FRONT END","NC","SC","YES","D",117637,"E","[PREMIUM]",5834.48,"1.8L 4","FRONT WHEEL DRIVE","AUTOMATIC","GAS",4,"Run & Drive Verified","Pure Sale","[PREMIUM]",,"LA GRANGE","NC","28551","USA","USD","[PREMIUM]","[PREMIUM]","G090",false,"[PREMIUM]","LE",false,false,"[PREMIUM]",,,,,,,,"[PREMIUM]"
"62885716","2026-08-15 04:16:19.785","2026-08-29 17:49:08.714","62885716","2026-08-29 15:09:39.000","[PREMIUM]","373","NC - LAGRANGE","2026-09-01","TUESDAY","1000","EDT","0","V",2014,"NISSAN","ALTIMA","ALTIMA","SEDAN","GRAY","FRONT END",,"NC","SC","YES","D",376377,"A","[PREMIUM]",7227.13,"2.5L 4","FRONT WHEEL DRIVE","AUTOMATIC","GAS",4,"Run & Drive Verified","Pure Sale","[PREMIUM]",,"LA GRANGE","NC","28551","USA","USD","[PREMIUM]","[PREMIUM]","F090",false,"[PREMIUM]","2.5 S",false,false,"[PREMIUM]",,,,,,,,"[PREMIUM]"
"61050566","2026-08-15 04:16:19.173","2026-08-29 17:49:08.175","61050566","2026-08-29 15:06:30.000","[PREMIUM]","373","NC - LAGRANGE","2026-09-01","TUESDAY","1000","EDT","0","V",2014,"PORSCHE","PANAMERA","PANAMERA","SEDAN 4DR","GRAY","WATER/FLOOD","MINOR DENT/SCRATCHES","NC","SC","YES","D",161881,"A","[PREMIUM]",12736.06,"3.0L 6","REAR WHEEL DRIVE","AUTOMATIC","GAS",6,"Run & Drive Verified","Pure Sale","[PREMIUM]",,"LA GRANGE","NC","28551","USA","USD","[PREMIUM]","[PREMIUM]","2HVY7",false,"[PREMIUM]","S",false,false,"[PREMIUM]",,,,,,,,"[PREMIUM]"
"60990796","2026-08-15 04:16:19.156","2026-08-29 17:49:08.166","60990796","2026-08-29 14:42:29.000","[PREMIUM]","373","NC - LAGRANGE","2026-09-01","TUESDAY","1000","EDT","0","V",2020,"HONDA","CRV","CR-V","SPORT UTILITY VEHICLE","WHITE","REAR END",,"NC","SC","YES","D",60815,"A","[PREMIUM]",16269.62,"1.5L 4","FRONT WHEEL DRIVE","AUTOMATIC","GAS",4,"Run & Drive Verified","Pure Sale","[PREMIUM]",,"LA GRANGE","NC","28551","USA","USD","[PREMIUM]","[PREMIUM]","U120",false,"[PREMIUM]","EX",false,false,"[PREMIUM]",,,,,,,,"[PREMIUM]"
"59077486","2026-08-15 04:16:18.441","2026-08-29 17:49:07.821","59077486","2026-08-29 14:42:53.000","[PREMIUM]","373","NC - LAGRANGE","2026-09-01","TUESDAY","1000","EDT","0","V",2018,"FORD","ESCAPE","ESCAPE","SPORT UTILITY VEHICLE","BLUE","SIDE",,"NC","SC","YES","D",184777,"A","[PREMIUM]",3425.17,"1.5L 4","4X4 W/FRONT WHL DRV","AUTOMATIC","GAS",4,"Run & Drive Verified","Pure Sale","[PREMIUM]",,"LA GRANGE","NC","28551","USA","USD","[PREMIUM]","[PREMIUM]","G090",false,"[PREMIUM]","SE",false,false,"[PREMIUM]",,,,,,,,"[PREMIUM]"
"58634416","2026-08-15 04:16:18.264","2026-08-29 17:49:07.753","58634416","2026-08-29 13:54:32.000","[PREMIUM]","373","NC - LAGRANGE","2026-09-01","TUESDAY","1000","EDT","0","V",2013,"NISSAN","FRONTIER","FRONTIER","CREW PICKUP","SILVER","ALL OVER",,"NC","SC","EXM","E",0,"N","[PREMIUM]",23192.43,"4.0L 6","REAR WHEEL DRIVE","AUTOMATIC","GAS",6,"DEFAULT","Pure Sale","[PREMIUM]",,"LA GRANGE","NC","28551","USA","USD","[PREMIUM]","[PREMIUM]","H080",false,"[PREMIUM]",,false,false,"[PREMIUM]",,,,,,,,"[PREMIUM]"
"52571356","2026-08-15 04:16:17.594","2026-08-29 17:49:07.453","52571356","2026-08-29 12:30:35.000","[PREMIUM]","373","NC - LAGRANGE","2026-09-01","TUESDAY","1000","EDT","0","V",2013,"CHEVROLET","EQUINOX","EQUINOX","4DR SPORT UTILITY","BLACK","FRONT END",,"NC","SC","YES","D",165450,"N","[PREMIUM]",3637.86,"2.4L 4","FRONT WHEEL DRIVE","AUTOMATIC","GAS",4,"Run & Drive Verified","Pure Sale","[PREMIUM]",,"LA GRANGE","NC","28551","USA","USD","[PREMIUM]","[PREMIUM]","E090",false,"[PREMIUM]","LT",false,false,"[PREMIUM]",,,,,,,,"[PREMIUM]"
"45850196","2026-08-15 04:16:17.483","2026-08-29 11:47:43.924","45850196","2026-08-14 22:39:26.000","[PREMIUM]","373","NC - LAGRANGE",,,,"EDT","0","V",2019,"TOYOTA","COROLLA","COROLLA",,"BLUE","REAR END","FRONT END","NC","SC","YES","D",113664,"N","[PREMIUM]",12017.92,,,"AUTOMATIC",,,"Run & Drive Verified","Pure Sale","[PREMIUM]",,"LA GRANGE","NC","28551","USA","USD","[PREMIUM]","[PREMIUM]","E100",false,"[PREMIUM]","L",false,false,"[PREMIUM]",,,,,,,,"[PREMIUM]"
"65042155","2026-08-15 04:16:17.175","2026-08-29 11:47:43.087","65042155","2026-08-14 22:12:27.000","[PREMIUM]","371","WI - MILWAUKEE SOUTH",,,,"CDT","0","V",2019,"CHEVROLET","EQUINOX","EQUINOX",,"SILVER","FRONT END",,"IL","SC","YES","D",70221,"A","[PREMIUM]",11880,"1.5L  4","Front-wheel Drive","AUTOMATIC","GAS",4,"Run & Drive Verified","Pure Sale","[PREMIUM]",,"FRANKLIN","WI","53132","USA","USD","[PREMIUM]","[PREMIUM]","E010",false,"[PREMIUM]","LT",false,false,"[PREMIUM]",,,,,,,,"[PREMIUM]"
"64514326","2026-08-15 04:16:17.141","2026-08-17 09:05:19.884","64514326","2026-08-14 22:54:32.000","[PREMIUM]","838","RENTAL VEHICLE SALE","2026-08-17","MONDAY","1200","EDT","0","V",2026,"JEEP","COMPASS","COMPASS","SPORT UTILITY VEHICLE","WHITE","FRONT END",,"WI","CT","YES","E",9109,"A","[PREMIUM]",0,"2.0L 4","4X4 W/FRONT WHL DRV","AUTOMATIC","GAS",4,"DEFAULT","On Approval","[PREMIUM]",,"FRANKLIN","WI","53132","USA","USD","[PREMIUM]","[PREMIUM]","1SA10",false,"[PREMIUM]","LIMITED",false,false,"[PREMIUM]",,,,,,,,"[PREMIUM]"
"64139756","2026-08-15 04:16:17.010","2026-08-29 11:47:42.562","64139756","2026-08-14 23:30:31.000","[PREMIUM]","371","WI - MILWAUKEE SOUTH",,,,"CDT","0","V",2013,"SCION","XB","XB","WAGON","MAROON","REAR END","HAIL","OR","PO","YES","D",114249,"A","[PREMIUM]",11626.13,"2.4L 4","FRONT WHEEL DRIVE","AUTOMATIC","GAS",4,"Run & Drive Verified","Pure Sale","[PREMIUM]",,"FRANKLIN","WI","53132","USA","USD","[PREMIUM]","[PREMIUM]","E030",false,"[PREMIUM]","BASE",false,false,"[PREMIUM]",,,,,,,,"[PREMIUM]"
"63857826","2026-08-15 04:16:16.894","2026-08-29 11:47:42.425","63857826","2026-08-14 22:12:08.000","[PREMIUM]","371","WI - MILWAUKEE SOUTH",,,,"CDT","0","V",2014,"BMW","X3","X3","4DR SPORT UTILITY","GRAY","WATER/FLOOD","SIDE","IL","FS","YES","D",161914,"A","[PREMIUM]",0,"3.0L 6","ALL WHEEL DRIVE","AUTOMATIC","GAS",6,"Run & Drive Verified","Pure Sale","[PREMIUM]",,"FRANKLIN","WI","53132","USA","USD","[PREMIUM]","[PREMIUM]","C010",false,"[PREMIUM]","XDRIVE35I",false,false,"[PREMIUM]",,,,,,,,"[PREMIUM]"
"63613976","2026-08-15 04:16:16.752","2026-08-29 00:08:32.073","63613976","2026-08-20 19:34:09.000","[PREMIUM]","371","WI - MILWAUKEE SOUTH",,,,"CDT","0","V",2018,"CHEVROLET","SILVERADO","SILVERADO","PICKUP","BLACK","REAR END",,"IL","SC","YES","S",121794,"A","[PREMIUM]",17833,"5.3L 8","4X4 W/REAR WHEEL DRV","AUTOMATIC","GAS",8,"Vehicle Starts","Pure Sale","[PREMIUM]",,"FRANKLIN","WI","53132","USA","USD","[PREMIUM]","[PREMIUM]","1E020",false,"[PREMIUM]","K1500 LT",false,false,"[PREMIUM]",,,,,,,,"[PREMIUM]"
"63442316","2026-08-15 04:16:16.703","2026-08-29 05:49:28.150","63442316","2026-08-26 21:46:59.000","[PREMIUM]","371","WI - MILWAUKEE SOUTH",,,,"CDT","0","V",2014,"TOYOTA","RAV4","RAV4","4DR SPORT UTILITY","WHITE","SIDE","FRONT END","IL","SC","YES","E",186193,"N","[PREMIUM]",8049,"2.5L 4","FRONT WHEEL DRIVE","AUTOMATIC","GAS",4,"DEFAULT","Pure Sale","[PREMIUM]",,"FRANKLIN","WI","53132","USA","USD","[PREMIUM]","[PREMIUM]","F110",false,"[PREMIUM]","LE",false,false,"[PREMIUM]",,,,,,,,"[PREMIUM]"
"61299706","2026-08-15 04:16:15.851","2026-08-29 05:49:27.315","61299706","2026-08-25 17:48:19.000","[PREMIUM]","371","WI - MILWAUKEE SOUTH","2026-08-31","MONDAY","1200","CDT","0","V",2024,"FORD","F250","F250","PICKUP","WHITE","FRONT END","TOP/ROOF","FL","RB","YES","S",16448,"A","[PREMIUM]",31394,"6.8L 8","4X4 W/REAR WHEEL DRV","AUTOMATIC","GAS",8,"Vehicle Starts","On Minimum Bid","[PREMIUM]",,"FRANKLIN","WI","53132","USA","USD","[PREMIUM]","[PREMIUM]","B100",false,"[PREMIUM]","SUPER DUTY",false,false,"[PREMIUM]",,,,,,,,"[PREMIUM]"
"53458486","2026-08-15 04:16:14.393","2026-08-29 17:49:03.748","53458486","2026-08-14 22:10:59.000","[PREMIUM]","371","WI - MILWAUKEE SOUTH",,,,"CDT","0","V",2019,"HYUNDAI","ELANTRA","ELANTRA","SEDAN","RED","REAR END","SIDE","IL","SC","YES","D",85408,"A","[PREMIUM]",8335.5,"2.0L 4","FRONT WHEEL DRIVE","AUTOMATIC","GAS",4,"Run & Drive Verified","Pure Sale","[PREMIUM]",,"FRANKLIN","WI","53132","USA","USD","[PREMIUM]","[PREMIUM]","G010",false,"[PREMIUM]","SEL",false,false,"[PREMIUM]",,,,,,,,"[PREMIUM]"
"58647226","2026-08-15 04:16:11.826","2026-08-29 17:48:59.637","58647226","2026-08-14 22:14:07.000","[PREMIUM]","370","IN - DYER",,,,"CDT","0","V",2015,"MERCEDES-BENZ","C-CLASS","C","SEDAN 4DR","SILVER","FRONT END",,"IL","SC","YES","S",124688,"A","[PREMIUM]",0,"2.0L 4","ALL WHEEL DRIVE","AUTOMATIC","GAS",4,"Vehicle Starts","Pure Sale","[PREMIUM]",,"DYER","IN","46311","USA","USD","[PREMIUM]","[PREMIUM]","E190",false,"[PREMIUM]","300 4MATIC",false,false,"[PREMIUM]",,,,,,,,"[PREMIUM]"
"58494226","2026-08-15 04:16:11.730","2026-08-29 17:48:59.595","58494226","2026-08-14 22:08:43.000","[PREMIUM]","370","IN - DYER",,,,"CDT","0","V",2019,"LAND ROVER","RANGEROVER","RANGE ROVER VELAR","SPORT UTILITY VEHICLE","WHITE","FRONT END","REAR END","IL","SC","YES","D",74665,"A","[PREMIUM]",20020.12,"2.0L 4","ALL WHEEL DRIVE","AUTOMATIC","GAS",4,"Run & Drive Verified","Pure Sale","[PREMIUM]",,"DYER","IN","46311","USA","USD","[PREMIUM]","[PREMIUM]","A150",false,"[PREMIUM]","R-DYNAMIC SE",false,false,"[PREMIUM]",,,,,,,,"[PREMIUM]"
"57177976","2026-08-15 04:16:10.956","2026-08-29 17:48:59.026","57177976","2026-08-17 19:28:53.000","[PREMIUM]","370","IN - DYER",,,,"CDT","0","V",2012,"JEEP","GRAND CHER","GRAND CHEROKEE","4DR SPORT UTILITY","BLACK","REAR END",,"IL","SC","YES","D",120368,"A","[PREMIUM]",10418.65,"5.7L 8","4X4 W/REAR WHEEL DRV","AUTOMATIC","GAS",8,"Run & Drive Verified","Pure Sale","[PREMIUM]",,"DYER","IN","46311","USA","USD","[PREMIUM]","[PREMIUM]","A220",false,"[PREMIUM]","OVERLAND",false,false,"[PREMIUM]",,,,,,,,"[PREMIUM]"
"56467746","2026-08-15 04:16:10.604","2026-08-29 17:48:58.865","56467746","2026-08-14 22:12:08.000","[PREMIUM]","370","IN - DYER",,,,"CDT","0","V",2014,"DODGE","DURANGO","DURANGO","4DR SPORT UTILITY","CHARCOAL","FRONT END",,"IL","SC","NO","E",124832,"A","[PREMIUM]",11172,"3.6L 6","ALL WHEEL DRIVE","AUTOMATIC","FLEXIBLE",6,"DEFAULT","Pure Sale","[PREMIUM]",,"DYER","IN","46311","USA","USD","[PREMIUM]","[PREMIUM]","M150",false,"[PREMIUM]","CITADEL",false,false,"[PREMIUM]",,,,,,,,"[PREMIUM]"
"54434016","2026-08-15 04:16:10.019","2026-08-29 17:48:58.464","54434016","2026-08-14 22:11:11.000","[PREMIUM]","370","IN - DYER",,,,"CDT","0","V",2025,"MAZDA","CX30","CX-30","SPORT UTILITY VEHICLE","BLUE","SIDE","FRONT END","IL","SC","YES","D",10360,"A","[PREMIUM]",15705.86,"2.5L 4","ALL WHEEL DRIVE","AUTOMATIC","GAS",4,"Run & Drive Verified","Pure Sale","[PREMIUM]",,"DYER","IN","46311","USA","USD","[PREMIUM]","[PREMIUM]","HV005",false,"[PREMIUM]",,false,false,"[PREMIUM]",,,,,,,,"[PREMIUM]"
"94076465","2026-08-15 04:16:08.732","2026-08-29 17:48:57.404","94076465","2026-08-28 14:43:35.000","[PREMIUM]","369","KS - KANSAS CITY","2026-09-01","TUESDAY","1200","CDT","0","V",2016,"KIA","SORENTO","SORENTO","4DR SPOR","SILVER","FRONT END",,"KS","ST","YES","S",60440,"A","[PREMIUM]",11472,"2.4L  4","Front-wheel Drive","AUTOMATIC","GAS",4,"Vehicle Starts","Pure Sale","[PREMIUM]",,"KANSAS CITY","KS","66111 2629","USA","USD","[PREMIUM]","[PREMIUM]","C020",false,"[PREMIUM]","LX",false,false,"[PREMIUM]",,,,,,,,"[PREMIUM]"
"86833865","2026-08-15 04:16:08.644","2026-08-29 17:48:57.354","86833865","2026-08-28 14:57:16.000","[PREMIUM]","369","KS - KANSAS CITY","2026-09-01","TUESDAY","1200","CDT","0","V",2022,"RAM","1500","1500",,"RED","FRONT END","SIDE","KS","ST","YES","D",62864,"A","[PREMIUM]",0,"5.7L  8","4x4 w/Rear Wheel Drv","AUTOMATIC","GAS",8,"Run & Drive Verified","Pure Sale","[PREMIUM]",,"KANSAS CITY","KS","66111 2629","USA","USD","[PREMIUM]","[PREMIUM]","M140",false,"[PREMIUM]","LONGHORN",false,false,"[PREMIUM]",,,,,,,,"[PREMIUM]"
"81407315","2026-08-15 04:16:08.555","2026-08-25 00:03:26.093","81407315","2026-08-24 13:58:53.000","[PREMIUM]","369","KS - KANSAS CITY","2026-08-25","TUESDAY","1200","CDT","34","V",2025,"HONDA","HR-V","HR-V",,"BLACK","REAR END",,"ID","SC","YES","D",9965,"A","[PREMIUM]",18706,"2.0L  4","ALL WHEEL DRIVE","AUTOMATIC","GAS",4,"Run & Drive Verified","Pure Sale","[PREMIUM]",,"KANSAS CITY","KS","66111 2629","USA","USD","[PREMIUM]","[PREMIUM]","3C120",false,"[PREMIUM]","SPORT",false,false,"[PREMIUM]",,,,,,,,"[PREMIUM]"
"78812155","2026-08-15 04:16:08.474","2026-08-29 17:48:57.217","78812155","2026-08-14 22:00:59.000","[PREMIUM]","369","KS - KANSAS CITY",,,,"CDT","0","V",2021,"KIA","K5 GT-LINE","K5","Sedan","BLUE","FRONT END","SIDE","MO","SC","YES","S",131835,"A","[PREMIUM]",2579.18,"1.6L 4","Front Wheel Drive","AUTOMATIC","Gas",4,"Vehicle Starts","Pure Sale","[PREMIUM]",,"KANSAS CITY","KS","66111 2629","USA","USD","[PREMIUM]","[PREMIUM]","I050",false,"[PREMIUM]","GT-LINE",false,false,"[PREMIUM]",,,,,,,,"[PREMIUM]"
"79082565","2026-08-15 04:16:08.471","2026-08-29 11:47:31.665","79082565","2026-08-27 17:55:05.000","[PREMIUM]","369","KS - KANSAS CITY","2026-09-01","TUESDAY","1200","CDT","0","V",2022,"HONDA","CRV","CR-V","SPORT UTILITY VEHICLE","WHITE","SIDE",,"KS","ST","YES","D",27384,"A","[PREMIUM]",23961,"1.5L 4","All Wheel Drive","AUTOMATIC","Gas",4,"Run & Drive Verified","Pure Sale","[PREMIUM]",,"KANSAS CITY","KS","66111 2629","USA","USD","[PREMIUM]","[PREMIUM]","L130",false,"[PREMIUM]","EX",false,false,"[PREMIUM]",,,,,,,,"[PREMIUM]"
"78175345","2026-08-15 04:16:08.447","2026-08-29 11:47:31.649","78175345","2026-08-14 22:00:59.000","[PREMIUM]","369","KS - KANSAS CITY",,,,"CDT","0","V",2016,"CHEVROLET","COLORADO","COLORADO",,"GRAY","FRONT END",,"MO","SC","YES","D",65453,"A","[PREMIUM]",12564.64,"2.8L  4","4x4 w/Rear Wheel Drv","AUTOMATIC","DIESEL",4,"Run & Drive Verified","Pure Sale","[PREMIUM]",,"KANSAS CITY","KS","66111 2629","USA","USD","[PREMIUM]","[PREMIUM]","3E070",false,"[PREMIUM]","LT",false,false,"[PREMIUM]",,,,,,,,"[PREMIUM]"
"64740506","2026-08-15 04:16:08.022","2026-08-29 11:47:30.108","64740506","2026-08-27 17:32:50.000","[PREMIUM]","369","KS - KANSAS CITY","2026-09-01","TUESDAY","1200","CDT","0","V",2016,"FORD","ESCAPE","ESCAPE","4DR SPORT UTILITY","BLACK","FRONT END","SIDE","KS","ST","YES","D",121195,"A","[PREMIUM]",6770.35,"2.5L 4","FRONT WHEEL DRIVE","AUTOMATIC","GAS",4,"Run & Drive Verified","Pure Sale","[PREMIUM]",,"KANSAS CITY","KS","66111 2629","USA","USD","[PREMIUM]","[PREMIUM]","L180",false,"[PREMIUM]","SE",false,false,"[PREMIUM]",,,,,,,,"[PREMIUM]"
"64740176","2026-08-15 04:16:08.009","2026-08-29 11:47:30.118","64740176","2026-08-14 22:00:59.000","[PREMIUM]","369","KS - KANSAS CITY",,,,"CDT","0","V",2016,"CHEVROLET","TRAX","TRAX","4DR SPORT UTILITY","BLACK","FRONT END","SIDE","MO","SC","EXM","E",0,"N","[PREMIUM]",10535,"1.4L 4","ALL WHEEL DRIVE","AUTOMATIC","GAS",4,"DEFAULT","Pure Sale","[PREMIUM]",,"KANSAS CITY","KS","66111 2629","USA","USD","[PREMIUM]","[PREMIUM]","3D120",false,"[PREMIUM]","LTZ",false,false,"[PREMIUM]",,,,,,,,"[PREMIUM]"
"64202406","2026-08-15 04:16:07.813","2026-08-29 11:47:29.770","64202406","2026-08-27 17:54:32.000","[PREMIUM]","369","KS - KANSAS CITY","2026-09-01","TUESDAY","1200","CDT","0","V",2012,"TOYOTA","COROLLA","COROLLA","SEDAN","WHITE","FRONT END",,"KS","ST","YES","D",190956,"A","[PREMIUM]",6144.27,"1.8L 4","FRONT WHEEL DRIVE","AUTOMATIC","GAS",4,"Run & Drive Verified","On Minimum Bid","[PREMIUM]",,"KANSAS CITY","KS","66111 2629","USA","USD","[PREMIUM]","[PREMIUM]","H040",false,"[PREMIUM]","LE",false,false,"[PREMIUM]",,,,,,,,"[PREMIUM]"
"64019526","2026-08-15 04:16:07.671","2026-08-29 11:47:29.629","64019526","2026-08-27 17:32:47.000","[PREMIUM]","369","KS - KANSAS CITY","2026-09-01","TUESDAY","1200","CDT","0","V",2014,"FORD","ESCAPE","ESCAPE","4DR SPORT UTILITY","SILVER","FRONT END","SIDE","KS","ST","NO","E",173712,"A","[PREMIUM]",4875,"2.5L 4","FRONT WHEEL DRIVE","AUTOMATIC","GAS",4,"DEFAULT","Pure Sale","[PREMIUM]",,"KANSAS CITY","KS","66111 2629","USA","USD","[PREMIUM]","[PREMIUM]","3F060",false,"[PREMIUM]","S",false,false,"[PREMIUM]",,,,,,,,"[PREMIUM]"
"63916846","2026-08-15 04:16:07.584","2026-08-29 11:47:29.596","63916846","2026-08-27 17:19:50.000","[PREMIUM]","369","KS - KANSAS CITY","2026-09-01","TUESDAY","1200","CDT","0","V",2009,"TOYOTA","HIGHLANDER","HIGHLANDER","4DR SPORT UTILITY","WHITE","FRONT END",,"KS","ST","YES","E",0,"E","[PREMIUM]",8629,"3.5L 6","FRONT WHEEL DRIVE","AUTOMATIC","GAS",6,"DEFAULT","Pure Sale","[PREMIUM]",,"KANSAS CITY","KS","66111 2629","USA","USD","[PREMIUM]","[PREMIUM]","L070",false,"[PREMIUM]","SPORT",false,false,"[PREMIUM]",,,,,,,,"[PREMIUM]"
"63861096","2026-08-15 04:16:07.563","2026-08-29 11:47:29.545","63861096","2026-08-28 13:11:39.000","[PREMIUM]","369","KS - KANSAS CITY","2026-09-01","TUESDAY","1200","CDT","0","V",2015,"CHEVROLET","SILVERADO","SILVERADO","4DR EXT CAB PICKUP","BLACK","SIDE",,"KS","ST","YES","D",167250,"A","[PREMIUM]",0,"5.3L 8","4X4 W/REAR WHEEL DRV","AUTOMATIC","GAS",8,"Run & Drive Verified","Pure Sale","[PREMIUM]",,"KANSAS CITY","KS","66111 2629","USA","USD","[PREMIUM]","[PREMIUM]","G130",false,"[PREMIUM]","K1500 LT",false,false,"[PREMIUM]",,,,,,,,"[PREMIUM]"
"63660065","2026-08-15 04:16:07.448","2026-08-29 11:47:29.466","63660065","2026-08-14 22:03:12.000","[PREMIUM]","369","KS - KANSAS CITY",,,,"CDT","0","V",2017,"FORD","ESCAPE","ESCAPE",,"CHARCOAL","FRONT END","SIDE","MO","SC","YES","D",155376,"A","[PREMIUM]",5112.71,"2.0L  4","4x4 w/Front Whl Drv","AUTOMATIC","GAS",4,"Run & Drive Verified","Pure Sale","[PREMIUM]",,"KANSAS CITY","KS","66111 2629","USA","USD","[PREMIUM]","[PREMIUM]","3E090",false,"[PREMIUM]","TITANIUM",false,false,"[PREMIUM]",,,,,,,,"[PREMIUM]"
"63573996","2026-08-15 04:16:07.419","2026-08-29 11:47:29.365","63573996","2026-08-27 17:27:04.000","[PREMIUM]","836","HEAVY TRUCK SPECIALTY SALE","2026-09-03","THURSDAY","1100","CDT","0","R",2016,"GRAND DESIGN","SOLITUDE","SOLITUDE",,"BEIGE","MINOR DENT/SCRATCHES",,"KS","ST","EXM","E",0,"N","[PREMIUM]",0,,,"AUTOMATIC",,,"DEFAULT","On Minimum Bid","[PREMIUM]",,"KANSAS CITY","KS","66111 2629","USA","USD","[PREMIUM]","[PREMIUM]","YD017",false,"[PREMIUM]",,false,false,"[PREMIUM]",,,,,,,,"[PREMIUM]"
"63340476","2026-08-15 04:16:07.240","2026-08-29 11:47:29.183","63340476","2026-08-27 17:13:53.000","[PREMIUM]","369","KS - KANSAS CITY","2026-09-01","TUESDAY","1200","CDT","0","V",2010,"LEXUS","RX350","RX","4DR SPORT UTILITY","CHARCOAL","FRONT END",,"KS","ST","YES","D",233342,"E","[PREMIUM]",3358,"3.5L 6","ALL WHEEL DRIVE","AUTOMATIC","GAS",6,"Run & Drive Verified","On Minimum Bid","[PREMIUM]",,"KANSAS CITY","KS","66111 2629","USA","USD","[PREMIUM]","[PREMIUM]","F120",false,"[PREMIUM]","350",false,false,"[PREMIUM]",,,,,,,,"[PREMIUM]"
"63231826","2026-08-15 04:16:07.176","2026-08-29 11:47:29.141","63231826","2026-08-27 17:38:32.000","[PREMIUM]","369","KS - KANSAS CITY","2026-09-01","TUESDAY","1200","CDT","0","V",2022,"VOLVO","XC40","XC40","SPORT UTILITY VEHICLE","RED","FRONT END","SIDE","KS","ST","YES","D",120117,"A","[PREMIUM]",20902,"2.0L 4","FRONT WHEEL DRIVE","AUTOMATIC","GAS",4,"Run & Drive Verified","On Minimum Bid","[PREMIUM]",,"KANSAS CITY","KS","66111 2629","USA","USD","[PREMIUM]","[PREMIUM]","J090",false,"[PREMIUM]","T4 MOMENTUM",false,false,"[PREMIUM]",,,,,,,,"[PREMIUM]"
"63131636","2026-08-15 04:16:07.028","2026-08-29 11:47:29.054","63131636","2026-08-28 16:03:59.000","[PREMIUM]","369","KS - KANSAS CITY","2026-09-01","TUESDAY","1200","CDT","0","V",2008,"FORD","EDGE","EDGE","4DR SPORT UTILITY","BEIGE","FRONT END","SIDE","KS","ST","NO","E",0,"E","[PREMIUM]",0,"3.5L 6","FRONT WHEEL DRIVE","AUTOMATIC","GAS",6,"DEFAULT","Pure Sale","[PREMIUM]",,"KANSAS CITY","KS","66111 2629","USA","USD","[PREMIUM]","[PREMIUM]","O150",false,"[PREMIUM]","LIMITED",false,false,"[PREMIUM]",,,,,,,,"[PREMIUM]"
"62907976","2026-08-15 04:16:06.964","2026-08-29 11:47:28.940","62907976","2026-08-14 22:10:57.000","[PREMIUM]","369","KS - KANSAS CITY",,,,"CDT","0","V",2019,"CHEVROLET","IMPALA","IMPALA","SEDAN","WHITE","FRONT END",,"MO","SC","YES","D",97293,"A","[PREMIUM]",12009,"3.6L 6","FRONT WHEEL DRIVE","AUTOMATIC","GAS",6,"Run & Drive Verified","On Minimum Bid","[PREMIUM]",,"KANSAS CITY","KS","66111 2629","USA","USD","[PREMIUM]","[PREMIUM]","F110",false,"[PREMIUM]","LT",false,false,"[PREMIUM]",,,,,,,,"[PREMIUM]"
"62647596","2026-08-15 04:16:06.917","2026-08-29 11:47:28.767","62647596","2026-08-14 21:50:42.000","[PREMIUM]","369","KS - KANSAS CITY",,,,"CDT","0","V",2014,"TOYOTA","CAMRY","CAMRY","SEDAN","GRAY","REAR END",,"MO","SC","YES","D",158547,"A","[PREMIUM]",8461,"2.5L 4","FRONT WHEEL DRIVE","AUTOMATIC","GAS",4,"Run & Drive Verified","Pure Sale","[PREMIUM]",,"KANSAS CITY","KS","66111 2629","USA","USD","[PREMIUM]","[PREMIUM]","F100",false,"[PREMIUM]","LE",false,false,"[PREMIUM]",,,,,,,,"[PREMIUM]"
"62471316","2026-08-15 04:16:06.871","2026-08-29 11:47:28.724","62471316","2026-08-27 18:00:46.000","[PREMIUM]","369","KS - KANSAS CITY","2026-09-01","TUESDAY","1200","CDT","0","V",2022,"FORD","MAVERICK","MAVERICK","PICKUP","BLUE","FRONT END","SIDE","KS","ST","NO","E",117907,"A","[PREMIUM]",20425,"2.0L 4","FRONT WHEEL DRIVE","AUTOMATIC","GAS",4,"DEFAULT","On Minimum Bid","[PREMIUM]",,"KANSAS CITY","KS","66111 2629","USA","USD","[PREMIUM]","[PREMIUM]","L160",false,"[PREMIUM]","XL",false,false,"[PREMIUM]",,,,,,,,"[PREMIUM]"
"62251596","2026-08-15 04:16:06.415","2026-08-29 11:47:28.624","62251596","2026-08-27 17:37:09.000","[PREMIUM]","369","KS - KANSAS CITY","2026-09-01","TUESDAY","1200","CDT","0","V",2008,"TOYOTA","SIENNA","SIENNA","MINI-VAN","TAN","HAIL",,"KS","ST","YES","D",234446,"A","[PREMIUM]",3079,"3.5L 6","FRONT WHEEL DRIVE","AUTOMATIC","GAS",6,"Run & Drive Verified","On Minimum Bid","[PREMIUM]",,"KANSAS CITY","KS","66111 2629","USA","USD","[PREMIUM]","[PREMIUM]","F080",false,"[PREMIUM]","XLE",false,false,"[PREMIUM]",,,,,,,,"[PREMIUM]"
"62155346","2026-08-15 04:16:06.368","2026-08-29 11:47:28.557","62155346","2026-08-27 17:35:20.000","[PREMIUM]","369","KS - KANSAS CITY","2026-09-01","TUESDAY","1200","CDT","0","V",2007,"CHEVROLET","AVALANCHE","AVALANCHE","CREW PICKUP","WHITE","FRONT END","SIDE","KS","ST","YES",,119340,"E","[PREMIUM]",11075.56,"5.3L 8","REAR WHEEL DRIVE","AUTOMATIC","FLEXIBLE",8,,"On Minimum Bid","[PREMIUM]",,"KANSAS CITY","KS","66111 2629","USA","USD","[PREMIUM]","[PREMIUM]","H110",false,"[PREMIUM]","C1500",false,false,"[PREMIUM]",,,,,,,,"[PREMIUM]"
"62010796","2026-08-15 04:16:06.256","2026-08-29 11:47:28.513","62010796","2026-08-27 18:18:37.000","[PREMIUM]","369","KS - KANSAS CITY","2026-09-01","TUESDAY","1200","CDT","0","V",2011,"NISSAN","QUEST","QUEST","MINI-VAN","CHARCOAL","SIDE","FRONT END","KS","ST","YES","S",123280,"A","[PREMIUM]",5653,"3.5L 6","FRONT WHEEL DRIVE","AUTOMATIC","GAS",6,"Vehicle Starts","On Minimum Bid","[PREMIUM]",,"KANSAS CITY","KS","66111 2629","USA","USD","[PREMIUM]","[PREMIUM]","K150",false,"[PREMIUM]","3.5 S",false,false,"[PREMIUM]",,,,,,,,"[PREMIUM]"
"61318586","2026-08-15 04:16:05.650","2026-08-29 11:47:28.056","61318586","2026-08-27 17:23:47.000","[PREMIUM]","369","KS - KANSAS CITY","2026-09-01","TUESDAY","1200","CDT","0","V",2014,"GMC","ACADIA","ACADIA","4DR SPORT UTILITY","WHITE","UNDERCARRIAGE","FRONT END","KS","ST","YES","D",120215,"A","[PREMIUM]",0,"3.6L 6","FRONT WHEEL DRIVE","AUTOMATIC","GAS",6,"Run & Drive Verified","Pure Sale","[PREMIUM]",,"KANSAS CITY","KS","66111 2629","USA","USD","[PREMIUM]","[PREMIUM]","C120",false,"[PREMIUM]","SLT-1",false,false,"[PREMIUM]",,,,,,,,"[PREMIUM]"
"61364166","2026-08-15 04:16:05.643","2026-08-29 11:47:28.124","61364166","2026-08-14 21:50:42.000","[PREMIUM]","369","KS - KANSAS CITY",,,,"CDT","0","V",2014,"HONDA","ACCORD","ACCORD","SEDAN 4DR","SILVER","FRONT END",,"MO","SC","YES","D",158206,"A","[PREMIUM]",6760.04,"2.4L 4","FRONT WHEEL DRIVE","AUTOMATIC","GAS",4,"Run & Drive Verified","Pure Sale","[PREMIUM]",,"KANSAS CITY","KS","66111 2629","USA","USD","[PREMIUM]","[PREMIUM]","M090",false,"[PREMIUM]","LX",false,false,"[PREMIUM]",,,,,,,,"[PREMIUM]"
"60803486","2026-08-15 04:16:05.371","2026-08-29 11:47:27.638","60803486","2026-08-14 22:03:11.000","[PREMIUM]","369","KS - KANSAS CITY",,,,"CDT","0","V",2002,"CHEVROLET","MONTECARLO","MONTE CARLO","COUPE","BLACK","FRONT END",,"MO","SC","YES","D",94883,"E","[PREMIUM]",0,"3.8L 6","FRONT WHEEL DRIVE","AUTOMATIC","GAS",6,"Run & Drive Verified","Pure Sale","[PREMIUM]",,"KANSAS CITY","KS","66111 2629","USA","USD","[PREMIUM]","[PREMIUM]","O140",false,"[PREMIUM]","SS",false,false,"[PREMIUM]",,,,,,,,"[PREMIUM]"
"60525506","2026-08-15 04:16:05.206","2026-08-29 11:47:27.447","60525506","2026-08-27 17:23:53.000","[PREMIUM]","369","KS - KANSAS CITY","2026-09-01","TUESDAY","1200","CDT","0","V",2015,"CHEVROLET","SILVERADO","SILVERADO 1500","CREW PICKUP","BLUE","SIDE",,"KS","ST","YES","D",122773,"A","[PREMIUM]",10610,"5.3L 8","4X4 W/REAR WHEEL DRV","AUTOMATIC","GAS",8,"Run & Drive Verified","On Minimum Bid","[PREMIUM]",,"KANSAS CITY","KS","66111 2629","USA","USD","[PREMIUM]","[PREMIUM]","H050",false,"[PREMIUM]",,false,false,"[PREMIUM]",,,,,,,,"[PREMIUM]"
"60262936","2026-08-15 04:16:05.081","2026-08-29 11:47:27.193","60262936","2026-08-14 21:56:52.000","[PREMIUM]","369","KS - KANSAS CITY",,,,"CDT","0","V",2021,"RAM","1500","1500","PICKUP","CHARCOAL","SIDE","FRONT END","MO","SC","YES","D",98934,"A","[PREMIUM]",13067,"5.7L 8","4X4 W/REAR WHEEL DRV","AUTOMATIC","GAS",8,"Run & Drive Verified","Pure Sale","[PREMIUM]",,"KANSAS CITY","KS","66111 2629","USA","USD","[PREMIUM]","[PREMIUM]","3G100",false,"[PREMIUM]","BIG HORN/LONE STAR",false,false,"[PREMIUM]",,,,,,,,"[PREMIUM]"
"60276476","2026-08-15 04:16:05.039","2026-08-29 11:47:27.204","60276476","2026-08-28 15:59:21.000","[PREMIUM]","369","KS - KANSAS CITY","2026-09-01","TUESDAY","1200","CDT","0","V",2022,"NISSAN","ALTIMA","ALTIMA","SEDAN","WHITE","SIDE",,"KS","ST","YES","D",139724,"A","[PREMIUM]",15004.71,"2.5L 4","FRONT WHEEL DRIVE","AUTOMATIC","GAS",4,"Run & Drive Verified","Pure Sale","[PREMIUM]",,"KANSAS CITY","KS","66111 2629","USA","USD","[PREMIUM]","[PREMIUM]","O140",false,"[PREMIUM]","SR",false,false,"[PREMIUM]",,,,,,,,"[PREMIUM]"
"59899926","2026-08-15 04:16:04.834","2026-08-29 11:47:26.957","59899926","2026-08-14 21:56:52.000","[PREMIUM]","369","KS - KANSAS CITY",,,,"CDT","0","V",2006,"PONTIAC","G6","G6",,"RED","FRONT END",,"MO","SC","YES","D",227115,"A","[PREMIUM]",1450,,,"AUTOMATIC",,,"Run & Drive Verified","On Minimum Bid","[PREMIUM]",,"KANSAS CITY","KS","66111 2629","USA","USD","[PREMIUM]","[PREMIUM]","H020",false,"[PREMIUM]","SE1",false,false,"[PREMIUM]",,,,,,,,"[PREMIUM]"
"59637916","2026-08-15 04:16:04.756","2026-08-29 11:47:26.690","59637916","2026-08-27 17:52:01.000","[PREMIUM]","369","KS - KANSAS CITY","2026-09-01","TUESDAY","1200","CDT","0","V",2021,"FORD","BRONCO","BRONCO SPORT","SPORT UTILITY VEHICLE","RED","FRONT END",,"KS","ST","YES","D",79568,"A","[PREMIUM]",10111.86,"1.5L 3","4X4 W/FRONT WHL DRV","AUTOMATIC","GAS",3,"Run & Drive Verified","Pure Sale","[PREMIUM]",,"KANSAS CITY","KS","66111 2629","USA","USD","[PREMIUM]","[PREMIUM]","O110",false,"[PREMIUM]","BIG BEND",false,false,"[PREMIUM]",,,,,,,,"[PREMIUM]"
"59545636","2026-08-15 04:16:04.678","2026-08-29 11:47:26.636","59545636","2026-08-28 22:15:35.000","[PREMIUM]","369","KS - KANSAS CITY",,,,"CDT","0","V",2016,"FORD","FUSION","FUSION","SEDAN 4DR","CHARCOAL","FRONT END",,"KS","ST","YES",,90621,"A","[PREMIUM]",7579.8,"2.0L 4","FRONT WHEEL DRIVE","AUTOMATIC","ELECTRIC AND GAS HYBRID",4,,"Pure Sale","[PREMIUM]",,"KANSAS CITY","KS","66111 2629","USA","USD","[PREMIUM]","[PREMIUM]","I040",false,"[PREMIUM]","SE HYBRID",false,false,"[PREMIUM]",,,,,,,,"[PREMIUM]"
"59243586","2026-08-15 04:16:04.641","2026-08-29 11:47:26.597","59243586","2026-08-14 22:09:48.000","[PREMIUM]","369","KS - KANSAS CITY",,,,"CDT","0","V",2026,"CHEVROLET","TRAX 2RS","TRAX","SPORT UTILITY VEHICLE","BLACK","FRONT END",,"KS","ST","YES","D",4349,"A","[PREMIUM]",20132,"1.2L 3","FRONT WHEEL DRIVE","AUTOMATIC","GAS",3,"Run & Drive Verified","Pure Sale","[PREMIUM]",,"KANSAS CITY","KS","66111 2629","USA","USD","[PREMIUM]","[PREMIUM]","3C110",false,"[PREMIUM]","2RS",false,false,"[PREMIUM]",,,,,,,,"[PREMIUM]"
"58960046","2026-08-15 04:16:04.525","2026-08-20 17:44:08.650","58960046","2026-08-19 20:31:17.000","[PREMIUM]","369","KS - KANSAS CITY","2026-08-20","THURSDAY","1200","CDT","2573","V",2017,"TOYOTA","TACOMA","TACOMA","PICKUP","TAN","ROLLOVER",,"FL","RB","YES","E",0,"N","[PREMIUM]",26521,"3.5L 6","FOUR BY FOUR","AUTOMATIC","GAS",6,"DEFAULT","Pure Sale","[PREMIUM]",,"KANSAS CITY","KS","66111 2629","USA","USD","[PREMIUM]","[PREMIUM]","J120",false,"[PREMIUM]","TRD OFF-ROAD",false,false,"[PREMIUM]",,,,,,,,"[PREMIUM]"
"58230176","2026-08-15 04:16:04.174","2026-08-29 11:47:26.100","58230176","2026-08-27 17:25:01.000","[PREMIUM]","369","KS - KANSAS CITY","2026-09-01","TUESDAY","1200","CDT","0","V",2016,"HONDA","PILOT","PILOT","4DR SPORT UTILITY","SILVER","REAR END",,"KS","ST","YES","D",243706,"A","[PREMIUM]",9913.18,"3.5L 6","ALL WHEEL DRIVE","AUTOMATIC","GAS",6,"Run & Drive Verified","On Minimum Bid","[PREMIUM]",,"KANSAS CITY","KS","66111 2629","USA","USD","[PREMIUM]","[PREMIUM]","C100",false,"[PREMIUM]","ELITE",false,false,"[PREMIUM]",,,,,,,,"[PREMIUM]"
"57783816","2026-08-15 04:16:03.959","2026-08-29 11:47:25.872","57783816","2026-08-14 22:03:12.000","[PREMIUM]","369","KS - KANSAS CITY",,,,"CDT","0","V",2022,"PORSCHE","CAYENNE","CAYENNE","SPORT UTILITY VEHICLE","WHITE","FRONT END","SIDE","MO","SC","YES","S",63608,"A","[PREMIUM]",48267.21,"3.0L 6","ALL WHEEL DRIVE","AUTOMATIC","GAS",6,"Vehicle Starts","Pure Sale","[PREMIUM]",,"KANSAS CITY","KS","66111 2629","USA","USD","[PREMIUM]","[PREMIUM]","N100",false,"[PREMIUM]","COUPE",false,false,"[PREMIUM]",,,,,,,,"[PREMIUM]"
"57346236","2026-08-15 04:16:03.774","2026-08-29 11:47:25.657","57346236","2026-08-14 22:00:59.000","[PREMIUM]","369","KS - KANSAS CITY",,,,"CDT","0","V",2018,"DODGE","DURANGO R","DURANGO","SPORT UTILITY VEHICLE","BLACK","FRONT END","VANDALISM","MO","SC","NO","E",0,"N","[PREMIUM]",17730,"5.7L 8","ALL WHEEL DRIVE","AUTOMATIC","GAS",8,"DEFAULT","Pure Sale","[PREMIUM]",,"KANSAS CITY","KS","66111 2629","USA","USD","[PREMIUM]","[PREMIUM]","3E080",false,"[PREMIUM]","R",false,false,"[PREMIUM]",,,,,,,,"[PREMIUM]"
"55629506","2026-08-15 04:16:03.158","2026-08-29 11:47:25.374","55629506","2026-08-27 17:31:16.000","[PREMIUM]","369","KS - KANSAS CITY","2026-09-01","TUESDAY","1200","CDT","0","V",2021,"TOYOTA","RAV4","RAV4","SUV","TEAL","FRONT END","SIDE","KS","ST","YES","E",0,"N","[PREMIUM]",35505.29,"2.5L 4","ALL WHEEL DRIVE","AUTOMATIC","GAS",4,"DEFAULT","Pure Sale","[PREMIUM]",,"KANSAS CITY","KS","66111 2629","USA","USD","[PREMIUM]","[PREMIUM]","I030",false,"[PREMIUM]","ADVENTURE",false,false,"[PREMIUM]",,,,,,,,"[PREMIUM]"
"54632816","2026-08-15 04:16:02.864","2026-08-29 11:47:25.126","54632816","2026-08-14 22:03:11.000","[PREMIUM]","369","KS - KANSAS CITY",,,,"CDT","0","V",2018,"CHRYSLER","PACIFICA","PACIFICA","VAN PASSENGER","RED","FRONT END","SIDE","MO","SC","YES","D",134217,"A","[PREMIUM]",11334,"3.6L 6","FRONT WHEEL DRIVE","AUTOMATIC","FLEXIBLE",6,"Run & Drive Verified","Pure Sale","[PREMIUM]",,"KANSAS CITY","KS","66111 2629","USA","USD","[PREMIUM]","[PREMIUM]","O160",false,"[PREMIUM]","TOURING L PLUS",false,false,"[PREMIUM]",,,,,,,,"[PREMIUM]"
"54475256","2026-08-15 04:16:02.817","2026-08-29 11:47:25.129","54475256","2026-08-14 22:00:59.000","[PREMIUM]","369","KS - KANSAS CITY",,,,"CDT","0","V",2019,"FORD","EXPLORER","EXPLORER","SPORT UTILITY VEHICLE","WHITE","FRONT END",,"MO","SC","YES","E",155192,"A","[PREMIUM]",16592,"3.5L 6","FRONT WHEEL DRIVE","AUTOMATIC","GAS",6,"DEFAULT","Pure Sale","[PREMIUM]",,"KANSAS CITY","KS","66111 2629","USA","USD","[PREMIUM]","[PREMIUM]","O210",false,"[PREMIUM]","XLT",false,false,"[PREMIUM]",,,,,,,,"[PREMIUM]"
"54230016","2026-08-15 04:16:02.762","2026-08-29 11:47:25.015","54230016","2026-08-27 17:56:25.000","[PREMIUM]","369","KS - KANSAS CITY","2026-09-01","TUESDAY","1200","CDT","0","V",2020,"TOYOTA","SIENNA","SIENNA","MINI-VAN","WHITE","FRONT END",,"KS","ST","YES","D",154239,"A","[PREMIUM]",15638,"3.5L 6","FRONT WHEEL DRIVE","AUTOMATIC","GAS",6,"Run & Drive Verified","On Minimum Bid","[PREMIUM]",,"KANSAS CITY","KS","66111 2629","USA","USD","[PREMIUM]","[PREMIUM]","G020",false,"[PREMIUM]","XLE 8-PASSENGER",false,false,"[PREMIUM]",,,,,,,,"[PREMIUM]"
"54235046","2026-08-15 04:16:02.740","2026-08-29 11:47:25.007","54235046","2026-08-14 22:03:11.000","[PREMIUM]","369","KS - KANSAS CITY",,,,"CDT","0","V",2019,"CHEVROLET","MALIBU","MALIBU","SEDAN","BLUE","FRONT END","REAR END","MO","SC","YES","E",0,"N","[PREMIUM]",13753,"1.5L 4","FRONT WHEEL DRIVE","AUTOMATIC","GAS",4,"DEFAULT","Pure Sale","[PREMIUM]",,"KANSAS CITY","KS","66111 2629","USA","USD","[PREMIUM]","[PREMIUM]","J180",false,"[PREMIUM]","LS",false,false,"[PREMIUM]",,,,,,,,"[PREMIUM]"
"51705986","2026-08-15 04:16:02.246","2026-08-29 11:47:24.627","51705986","2026-08-27 17:27:08.000","[PREMIUM]","369","KS - KANSAS CITY","2026-09-01","TUESDAY","1200","CDT","0","V",2020,"NISSAN","ALTIMA","ALTIMA","SEDAN","CHARCOAL","HAIL",,"KS","ST","YES","D",120640,"A","[PREMIUM]",18206.74,"2.5L 4","FRONT WHEEL DRIVE","AUTOMATIC","GAS",4,"Run & Drive Verified","On Minimum Bid","[PREMIUM]",,"KANSAS CITY","KS","66111 2629","USA","USD","[PREMIUM]","[PREMIUM]","C040",false,"[PREMIUM]","S",false,false,"[PREMIUM]",,,,,,,,"[PREMIUM]"
"50731776","2026-08-15 04:16:02.121","2026-08-29 11:47:24.555","50731776","2026-08-27 17:44:25.000","[PREMIUM]","369","KS - KANSAS CITY","2026-09-01","TUESDAY","1200","CDT","0","V",2021,"TOYOTA","C-HR","C-HR","WAGON","BLUE","HAIL",,"KS","ST","YES","D",93975,"A","[PREMIUM]",12900,"2.0L 4","FRONT WHEEL DRIVE","AUTOMATIC","GAS",4,"Run & Drive Verified","On Minimum Bid","[PREMIUM]",,"KANSAS CITY","KS","66111 2629","USA","USD","[PREMIUM]","[PREMIUM]","I010",false,"[PREMIUM]","LIMITED",false,false,"[PREMIUM]",,,,,,,,"[PREMIUM]"
"48768316","2026-08-15 04:16:01.939","2026-08-23 23:47:36.944","48768316","2026-08-14 21:56:21.000","[PREMIUM]","369","KS - KANSAS CITY",,,,"CDT","0","V",2012,"TOYOTA","4RUNNER","4RUNNER","SUV","BLACK","FRONT END","REAR END","KS","ST","YES","D",168073,"A","[PREMIUM]",14545.5,"4.0L 6","FOUR BY FOUR","AUTOMATIC","GAS",6,"Run & Drive Verified","Pure Sale","[PREMIUM]",,"KANSAS CITY","KS","66111 2629","USA","USD","[PREMIUM]","[PREMIUM]","H030",false,"[PREMIUM]","SR5",false,false,"[PREMIUM]",,,,,,,,"[PREMIUM]"
"46839226","2026-08-15 04:16:01.802","2026-08-29 11:47:24.177","46839226","2026-08-14 21:56:53.000","[PREMIUM]","369","KS - KANSAS CITY",,,,"CDT","0","V",2018,"FORD","ESCAPE","ESCAPE","SPORT UTILITY VEHICLE","BLUE","FRONT END","UNDERCARRIAGE","MO","SH","YES","D",151748,"A","[PREMIUM]",5877.19,"1.5L 4","4X4 W/FRONT WHL DRV","AUTOMATIC","GAS",4,"Run & Drive Verified","Pure Sale","[PREMIUM]",,"KANSAS CITY","KS","66111 2629","USA","USD","[PREMIUM]","[PREMIUM]","F140",false,"[PREMIUM]","SE",false,false,"[PREMIUM]",,,,,,,,"[PREMIUM]"
"46265906","2026-08-15 04:16:01.766","2026-08-29 11:47:24.140","46265906","2026-08-14 22:03:11.000","[PREMIUM]","369","KS - KANSAS CITY",,,,"CDT","0","V",2012,"DODGE","RAM 2500","RAM 2500","CREW PICKUP","GRAY","FRONT END","SIDE","MO","SC","YES","E",241273,"A","[PREMIUM]",11301.18,"5.7L 8","4X4 W/REAR WHEEL DRV","AUTOMATIC","GAS",8,"DEFAULT","Pure Sale","[PREMIUM]",,"KANSAS CITY","KS","66111 2629","USA","USD","[PREMIUM]","[PREMIUM]","H060",false,"[PREMIUM]","ST",false,false,"[PREMIUM]",,,,,,,,"[PREMIUM]"
"45449926","2026-08-15 04:16:01.748","2026-08-29 11:47:24.139","45449926","2026-08-14 21:56:53.000","[PREMIUM]","369","KS - KANSAS CITY",,,,"CDT","0","V",2017,"VOLKSWAGEN","TOUAREG","TOUAREG","4DR SPORT UTILITY","WHITE","FRONT END",,"MO","SC","YES","S",132763,"A","[PREMIUM]",9540,"3.6L 6","ALL WHEEL DRIVE","AUTOMATIC","GAS",6,"Vehicle Starts","Pure Sale","[PREMIUM]",,"KANSAS CITY","KS","66111 2629","USA","USD","[PREMIUM]","[PREMIUM]","M160",false,"[PREMIUM]","WOLFSBURG",false,false,"[PREMIUM]",,,,,,,,"[PREMIUM]"
"60352646","2026-08-15 04:16:00.642","2026-08-29 11:47:22.492","60352646","2026-08-14 22:48:11.000","[PREMIUM]","368","NC - RALEIGH NORTH",,,,"EDT","0","V",2011,"NISSAN","VERSA 1.8","VERSA","SEDAN","BLUE","SIDE",,"NC","SC","YES","D",233407,"N","[PREMIUM]",6147.02,"1.8L 4","FRONT WHEEL DRIVE","MANUAL","GAS",4,"Run & Drive Verified","On Approval","[PREMIUM]",,"KNIGHTDALE","NC","27545","USA","USD","[PREMIUM]","[PREMIUM]","A090",false,"[PREMIUM]","1.8 S",false,false,"[PREMIUM]",,,,,,,,"[PREMIUM]"
"64848156","2026-08-15 04:15:59.859","2026-08-29 11:47:21.649","64848156","2026-08-24 18:34:36.000","[PREMIUM]","367","CA - MENTONE","2026-09-02","WEDNESDAY","1200","PDT","0","V",2017,"HONDA","CIVIC","CIVIC","SEDAN 4DR","WHITE","FRONT END",,"CA","SC","YES","D",124337,"A","[PREMIUM]",14823.82,"1.5L 4","FRONT WHEEL DRIVE","AUTOMATIC","GAS",4,"Run & Drive Verified","Pure Sale","[PREMIUM]",,"MENTONE","CA","92359","USA","USD","[PREMIUM]","[PREMIUM]","F080",false,"[PREMIUM]","EX",false,false,"[PREMIUM]",,,,,,,,"[PREMIUM]"
"65231106","2026-08-15 04:15:59.846","2026-08-29 11:47:21.682","65231106","2026-08-26 22:15:43.000","[PREMIUM]","367","CA - MENTONE","2026-09-02","WEDNESDAY","1200","PDT","0","V",2013,"HYUNDAI","ELANTRA","ELANTRA","SEDAN","SILVER","VANDALISM",,"CA","DA","YES","S",206865,"A","[PREMIUM]",0,"1.8L 4","FRONT WHEEL DRIVE","AUTOMATIC","GAS",4,"Vehicle Starts","On Minimum Bid","[PREMIUM]",,"MENTONE","CA","92359","USA","USD","[PREMIUM]","[PREMIUM]","F060",true,"[PREMIUM]","GLS",false,false,"[PREMIUM]",,,,,,,,"[PREMIUM]"
"64984836","2026-08-15 04:15:59.839","2026-08-29 11:47:21.669","64984836","2026-08-14 23:31:07.000","[PREMIUM]","367","CA - MENTONE",,,,"PDT","0","V",2017,"NISSAN","SENTRA","SENTRA","SEDAN","SILVER","FRONT END","SIDE","CA","SC","YES","D",121989,"A","[PREMIUM]",7675.57,"1.8L 4","FRONT WHEEL DRIVE","AUTOMATIC","GAS",4,"Run & Drive Verified","Pure Sale","[PREMIUM]",,"MENTONE","CA","92359","USA","USD","[PREMIUM]","[PREMIUM]","A090",false,"[PREMIUM]","S",false,false,"[PREMIUM]",,,,,,,,"[PREMIUM]"
"65374256","2026-08-15 04:15:59.829","2026-08-29 11:47:21.730","65374256","2026-08-26 20:19:33.000","[PREMIUM]","367","CA - MENTONE","2026-09-02","WEDNESDAY","1200","PDT","0","V",2015,"CHEVROLET","EQUINOX","EQUINOX","4DR SPORT UTILITY","BLUE","MINOR DENT/SCRATCHES",,"CA","DV","YES","D",213253,"A","[PREMIUM]",0,"2.4L 4","FRONT WHEEL DRIVE","AUTOMATIC","FLEXIBLE",4,"Run & Drive Verified","On Minimum Bid","[PREMIUM]",,"MENTONE","CA","92359","USA","USD","[PREMIUM]","[PREMIUM]","A070",true,"[PREMIUM]","LT",false,false,"[PREMIUM]",,,,,,,,"[PREMIUM]"
"64787396","2026-08-15 04:15:59.809","2026-08-26 05:48:49.669","64787396","2026-08-19 20:46:22.000","[PREMIUM]","367","CA - MENTONE","2026-08-26","WEDNESDAY","1200","PDT","0","V",2017,"JEEP","RENEGADE","RENEGADE",,"CHARCOAL","FRONT END",,"CA","SC","NO","E",93193,"A","[PREMIUM]",8479.16,,,"AUTOMATIC",,,"DEFAULT","Pure Sale","[PREMIUM]",,"MENTONE","CA","92359","USA","USD","[PREMIUM]","[PREMIUM]","A040",false,"[PREMIUM]","LATITUDE LONGITUDE",false,false,"[PREMIUM]",,,,,,,,"[PREMIUM]"
"64788676","2026-08-15 04:15:59.797","2026-08-29 11:47:21.656","64788676","2026-08-24 17:53:36.000","[PREMIUM]","367","CA - MENTONE","2026-09-02","WEDNESDAY","1200","PDT","0","V",2020,"TOYOTA","COROLLA","COROLLA","SEDAN","RED","FRONT END","SIDE","CA","SC","YES","D",105744,"A","[PREMIUM]",12326.11,"1.8L 4","FRONT WHEEL DRIVE","AUTOMATIC","GAS",4,"Run & Drive Verified","Pure Sale","[PREMIUM]",,"MENTONE","CA","92359","USA","USD","[PREMIUM]","[PREMIUM]","E070",false,"[PREMIUM]","LE",false,false,"[PREMIUM]",,,,,,,,"[PREMIUM]"
"64324656","2026-08-15 04:15:59.765","2026-08-26 05:48:49.683","64324656","2026-08-19 21:00:28.000","[PREMIUM]","367","CA - MENTONE","2026-08-26","WEDNESDAY","1200","PDT","0","V",2018,"GMC","SIERRA","SIERRA","PICKUP","BLACK","FRONT END","SIDE","CA","SC","YES","D",116885,"A","[PREMIUM]",17592,"5.3L 8","REAR WHEEL DRIVE","AUTOMATIC","GAS",8,"Run & Drive Verified","Pure Sale","[PREMIUM]",,"MENTONE","CA","92359","USA","USD","[PREMIUM]","[PREMIUM]","D040",false,"[PREMIUM]","C1500 SLT",false,false,"[PREMIUM]",,,,,,,,"[PREMIUM]"
"64150456","2026-08-15 04:15:59.701","2026-08-26 05:48:49.578","64150456","2026-08-19 20:55:02.000","[PREMIUM]","367","CA - MENTONE","2026-08-26","WEDNESDAY","1200","PDT","0","V",2014,"HYUNDAI","SANTA FE","SANTA FE SPORT","SUV","WHITE","FRONT END","SIDE","CA","SC","NO","E",135751,"A","[PREMIUM]",7585.34,"2.0L 4","FRONT WHEEL DRIVE","AUTOMATIC","GAS",4,"DEFAULT","Pure Sale","[PREMIUM]",,"MENTONE","CA","92359","USA","USD","[PREMIUM]","[PREMIUM]","E040",false,"[PREMIUM]","2.0T",false,false,"[PREMIUM]",,,,,,,,"[PREMIUM]"
"64156556","2026-08-15 04:15:59.700","2026-08-26 05:48:49.582","64156556","2026-08-19 20:48:10.000","[PREMIUM]","367","CA - MENTONE","2026-08-26","WEDNESDAY","1200","PDT","0","V",2012,"HYUNDAI","ELANTRA","ELANTRA","SEDAN","BLUE","FRONT END","SIDE","CA","SC","YES","D",110650,"A","[PREMIUM]",6627.34,"1.8L 4","FRONT WHEEL DRIVE","AUTOMATIC","GAS",4,"Run & Drive Verified","Pure Sale","[PREMIUM]",,"MENTONE","CA","92359","USA","USD","[PREMIUM]","[PREMIUM]","B050",false,"[PREMIUM]","GLS",false,false,"[PREMIUM]",,,,,,,,"[PREMIUM]"
"63207446","2026-08-15 04:15:59.540","2026-08-26 05:48:49.545","63207446","2026-08-19 20:56:01.000","[PREMIUM]","367","CA - MENTONE","2026-08-26","WEDNESDAY","1200","PDT","0","V",2003,"HONDA","PILOT","PILOT","4DR SPORT UTILITY","TAN","UNDERCARRIAGE","SIDE","CA","SC","YES","D",200466,"A","[PREMIUM]",0,"3.5L 6","ALL WHEEL DRIVE","AUTOMATIC","GAS",6,"Run & Drive Verified","Pure Sale","[PREMIUM]",,"MENTONE","CA","92359","USA","USD","[PREMIUM]","[PREMIUM]","D080",false,"[PREMIUM]","EXL",false,false,"[PREMIUM]",,,,,,,,"[PREMIUM]"
"62971706","2026-08-15 04:15:59.507","2026-08-28 11:45:56.559","62971706","2026-08-26 19:59:39.000","[PREMIUM]","367","CA - MENTONE","2026-09-02","WEDNESDAY","1200","PDT","0","V",2008,"HONDA","CIVIC","CIVIC","SEDAN 4DR","GRAY","REAR END","FRONT END","CA","SC","YES","D",240007,"A","[PREMIUM]",3108,"1.8L 4","FRONT WHEEL DRIVE","AUTOMATIC","GAS",4,"Run & Drive Verified","On Minimum Bid","[PREMIUM]",,"MENTONE","CA","92359","USA","USD","[PREMIUM]","[PREMIUM]","A060",false,"[PREMIUM]","LX",false,false,"[PREMIUM]",,,,,,,,"[PREMIUM]"
"61356986","2026-08-15 04:15:59.337","2026-08-29 11:47:21.303","61356986","2026-08-14 21:59:04.000","[PREMIUM]","367","CA - MENTONE",,,,"PDT","0","V",2015,"JEEP","CHEROKEE","CHEROKEE","4DR SPORT UTILITY","WHITE","REAR END",,"CA","SC","YES","D",64093,"A","[PREMIUM]",493.1,"3.2L 6","FRONT WHEEL DRIVE","AUTOMATIC","FLEXIBLE",6,"Run & Drive Verified","Pure Sale","[PREMIUM]",,"MENTONE","CA","92359","USA","USD","[PREMIUM]","[PREMIUM]","A020",false,"[PREMIUM]","LIMITED",false,false,"[PREMIUM]",,,,,,,,"[PREMIUM]"
"60140466","2026-08-15 04:15:59.284","2026-08-26 05:48:49.135","60140466","2026-08-19 20:55:47.000","[PREMIUM]","367","CA - MENTONE","2026-08-26","WEDNESDAY","1200","PDT","0","V",2019,"HONDA","CIVIC","CIVIC","COUPE","WHITE","REAR END","FRONT END","CA","SC","YES","D",152865,"A","[PREMIUM]",6988.36,"2.0L 4","FRONT WHEEL DRIVE","AUTOMATIC","GAS",4,"Run & Drive Verified","On Minimum Bid","[PREMIUM]",,"MENTONE","CA","92359","USA","USD","[PREMIUM]","[PREMIUM]","E100",false,"[PREMIUM]","SPORT",false,false,"[PREMIUM]",,,,,,,,"[PREMIUM]"
"59386576","2026-08-15 04:15:59.232","2026-08-26 05:48:49.110","59386576","2026-08-14 23:22:36.000","[PREMIUM]","367","CA - MENTONE",,,,"PDT","0","V",2023,"HONDA","HR-V","HR-V","SPORT UTILITY VEHICLE","WHITE","UNDERCARRIAGE","FRONT END","CA","SC","YES","S",55553,"A","[PREMIUM]",16546,"2.0L 4","FRONT WHEEL DRIVE","AUTOMATIC","GAS",4,"Vehicle Starts","Pure Sale","[PREMIUM]",,"MENTONE","CA","92359","USA","USD","[PREMIUM]","[PREMIUM]","E080",false,"[PREMIUM]","LX",false,false,"[PREMIUM]",,,,,,,,"[PREMIUM]"
"59360266","2026-08-15 04:15:59.208","2026-08-21 17:46:16.946","59360266","2026-08-14 23:22:36.000","[PREMIUM]","367","CA - MENTONE",,,,"PDT","0","V",2025,"NISSAN","SENTRA","SENTRA","SEDAN","BLUE","FRONT END",,"CA","SC","YES","D",9117,"A","[PREMIUM]",0,"2.0L 4","FRONT WHEEL DRIVE","AUTOMATIC","GAS",4,"Run & Drive Verified","Pure Sale","[PREMIUM]",,"MENTONE","CA","92359","USA","USD","[PREMIUM]","[PREMIUM]","A020",false,"[PREMIUM]","SV",false,false,"[PREMIUM]",,,,,,,,"[PREMIUM]"
"72852305","2026-08-15 04:15:58.612","2026-08-23 23:47:33.203","72852305","2026-08-18 19:17:15.000","[PREMIUM]","366","FL - CLEWISTON","2026-08-24","MONDAY","1000","EDT","1118","V",2019,"VOLKSWAGEN","TIGUAN","TIGUAN",,"BLUE","FRONT END",,"FL","RB","NO","E",0,"N","[PREMIUM]",12167.92,"2.0L  4","Front-wheel Drive","AUTOMATIC","GAS",4,"DEFAULT","Pure Sale","[PREMIUM]",,"CLEWISTON","FL","33440","USA","USD","[PREMIUM]","[PREMIUM]","J030",false,"[PREMIUM]","SE",false,false,"[PREMIUM]",,,,,,,,"[PREMIUM]"
"64103966","2026-08-15 04:15:58.587","2026-08-23 23:47:33.115","64103966","2026-08-18 20:40:46.000","[PREMIUM]","366","FL - CLEWISTON","2026-08-24","MONDAY","1000","EDT","0","V",2012,"NISSAN","ALTIMA","ALTIMA","SEDAN","BURGUNDY","SIDE","FRONT END","FL","RB","YES","S",124386,"A","[PREMIUM]",10032.46,"2.5L 4","FRONT WHEEL DRIVE","AUTOMATIC","GAS",4,"Vehicle Starts","Pure Sale","[PREMIUM]",,"CLEWISTON","FL","33440","USA","USD","[PREMIUM]","[PREMIUM]","M090",false,"[PREMIUM]","2.5",false,false,"[PREMIUM]",,,,,,,,"[PREMIUM]"
"61914076","2026-08-15 04:15:58.499","2026-08-23 23:47:33.006","61914076","2026-08-18 19:21:28.000","[PREMIUM]","366","FL - CLEWISTON","2026-08-24","MONDAY","1000","EDT","0","V",2023,"CHEVROLET","TRAVERSE","TRAVERSE","SPORT UTILITY VEHICLE","MAROON","REAR END",,"FL","RB","YES","D",108335,"A","[PREMIUM]",8131.12,"3.6L 6","FRONT WHEEL DRIVE","AUTOMATIC","GAS",6,"Run & Drive Verified","Pure Sale","[PREMIUM]",,"CLEWISTON","FL","33440","USA","USD","[PREMIUM]","[PREMIUM]","M090",false,"[PREMIUM]","LT",false,false,"[PREMIUM]",,,,,,,,"[PREMIUM]"
"60467846","2026-08-15 04:15:58.463","2026-08-23 23:47:32.956","60467846","2026-08-18 20:36:30.000","[PREMIUM]","366","FL - CLEWISTON","2026-08-24","MONDAY","1000","EDT","0","V",2015,"VOLKSWAGEN","PASSAT","PASSAT","SEDAN 4DR","RED","SIDE",,"FL","RB","YES","D",122035,"A","[PREMIUM]",4076.41,"1.8L 4","FRONT WHEEL DRIVE","AUTOMATIC","GAS",4,"Run & Drive Verified","Pure Sale","[PREMIUM]",,"CLEWISTON","FL","33440","USA","USD","[PREMIUM]","[PREMIUM]","I090",false,"[PREMIUM]","S",false,false,"[PREMIUM]",,,,,,,,"[PREMIUM]"
"59707546","2026-08-15 04:15:58.432","2026-08-23 23:47:32.927","59707546","2026-08-18 19:17:15.000","[PREMIUM]","366","FL - CLEWISTON","2026-08-24","MONDAY","1000","EDT","96","V",2021,"GMC","TERRAIN","TERRAIN","SPORT UTILITY VEHICLE","WHITE","WATER/FLOOD",,"FL","R1","YES","D",54810,"A","[PREMIUM]",13219.13,"1.5L 4","FRONT WHEEL DRIVE","AUTOMATIC","GAS",4,"Run & Drive Verified","Pure Sale","[PREMIUM]",,"CLEWISTON","FL","33440","USA","USD","[PREMIUM]","[PREMIUM]","I070",false,"[PREMIUM]","SLT",false,false,"[PREMIUM]",,,,,,,,"[PREMIUM]"
"59209646","2026-08-15 04:15:58.369","2026-08-24 11:51:42.199","59209646","2026-08-18 19:17:15.000","[PREMIUM]","366","FL - CLEWISTON","2026-08-24","MONDAY","1000","EDT","7","V",2018,"MITSUBISHI","OUTLANDER","OUTLANDER",,"GRAY","UNDERCARRIAGE","REAR END","FL","CD","YES","D",66110,"A","[PREMIUM]",0,"2.4L  4","Front-wheel Drive","AUTOMATIC","GAS",4,"Run & Drive Verified","On Minimum Bid","[PREMIUM]",,"CLEWISTON","FL","33440","USA","USD","[PREMIUM]","[PREMIUM]","L010",false,"[PREMIUM]","SE",false,false,"[PREMIUM]",,,,,,,,"[PREMIUM]"
"59320286","2026-08-15 04:15:58.359","2026-08-23 23:47:32.887","59320286","2026-08-18 20:46:34.000","[PREMIUM]","366","FL - CLEWISTON","2026-08-24","MONDAY","1000","EDT","0","V",2013,"KIA","SOUL","SOUL","WAGON","GREEN","REAR END",,"FL","RB","YES","D",144922,"A","[PREMIUM]",2762.66,"2.0L 4","FRONT WHEEL DRIVE","AUTOMATIC","GAS",4,"Run & Drive Verified","On Minimum Bid","[PREMIUM]",,"CLEWISTON","FL","33440","USA","USD","[PREMIUM]","[PREMIUM]","J080",false,"[PREMIUM]",,false,false,"[PREMIUM]",,,,,,,,"[PREMIUM]"
"59198616","2026-08-15 04:15:58.356","2026-08-23 23:47:32.888","59198616","2026-08-18 19:17:15.000","[PREMIUM]","366","FL - CLEWISTON","2026-08-24","MONDAY","1000","EDT","90","V",2024,"HYUNDAI","SONATA","SONATA","SEDAN","BLUE","FRONT END",,"FL","CD","YES","D",28523,"A","[PREMIUM]",22337.03,"2.5L 4","FRONT WHEEL DRIVE","AUTOMATIC","GAS",4,"Run & Drive Verified","On Minimum Bid","[PREMIUM]",,"CLEWISTON","FL","33440","USA","USD","[PREMIUM]","[PREMIUM]","M060",false,"[PREMIUM]","SEL",false,false,"[PREMIUM]",,,,,,,,"[PREMIUM]"
"58447836","2026-08-15 04:15:58.330","2026-08-26 05:48:48.196","58447836","2026-08-18 16:55:57.000","[PREMIUM]","835","MEDIUM DUTY SPECIALTY SALE","2026-08-26","WEDNESDAY","1100","CDT","0","K",2016,"FORD","F250","F250","CREW PICKUP","BLACK","FRONT END","MINOR DENT/SCRATCHES","FL","RB","YES","E",0,"N","[PREMIUM]",24546.69,"6.7L 8","4X4 W/REAR WHEEL DRV","AUTOMATIC","DIESEL",8,"DEFAULT","Pure Sale","[PREMIUM]",,"CLEWISTON","FL","33440","USA","USD","[PREMIUM]","[PREMIUM]","W030",false,"[PREMIUM]","SUPER DUTY",false,false,"[PREMIUM]",,,,,,,,"[PREMIUM]"
"57779806","2026-08-15 04:15:58.256","2026-08-23 23:47:32.695","57779806","2026-08-18 19:17:15.000","[PREMIUM]","366","FL - CLEWISTON","2026-08-24","MONDAY","1000","EDT","47","V",2023,"HYUNDAI","SANTA FE","SANTA FE","SPORT UTILITY VEHICLE","SILVER","FRONT END",,"FL","CD","YES","D",34098,"A","[PREMIUM]",27408.33,"1.6L 4","ALL WHEEL DRIVE","AUTOMATIC","ELECTRIC AND GAS HYBRID",4,"Run & Drive Verified","Pure Sale","[PREMIUM]",,"CLEWISTON","FL","33440","USA","USD","[PREMIUM]","[PREMIUM]","M080",false,"[PREMIUM]","LIMITED",false,false,"[PREMIUM]",,,,,,,,"[PREMIUM]"
"56041076","2026-08-15 04:15:58.146","2026-08-29 11:47:20.093","56041076","2026-08-20 20:17:07.000","[PREMIUM]","366","FL - CLEWISTON","2026-08-31","MONDAY","1000","EDT","0","V",2017,"CHEVROLET","CORVETTE","CORVETTE","COUPE","SILVER","FRONT END",,"FL","RB","YES","S",75507,"A","[PREMIUM]",30449.45,"6.2L 8","REAR WHEEL DRIVE","MANUAL","GAS",8,"Vehicle Starts","Pure Sale","[PREMIUM]",,"CLEWISTON","FL","33440","USA","USD","[PREMIUM]","[PREMIUM]","L010",false,"[PREMIUM]","GRAND SPORT 2LT",false,false,"[PREMIUM]",,,,,,,,"[PREMIUM]"
"55310866","2026-08-15 04:15:58.063","2026-08-23 23:47:32.232","55310866","2026-08-18 19:17:15.000","[PREMIUM]","366","FL - CLEWISTON","2026-08-24","MONDAY","1000","EDT","1107","V",2022,"RAM","1500","1500","PICKUP","GRAY","FRONT END","MINOR DENT/SCRATCHES","FL","CD","NO","E",159962,"A","[PREMIUM]",14769,"5.7L 8","REAR WHEEL DRIVE","AUTOMATIC","GAS",8,"DEFAULT","On Minimum Bid","[PREMIUM]",,"CLEWISTON","FL","33440","USA","USD","[PREMIUM]","[PREMIUM]","K000",false,"[PREMIUM]","BIG HORN",false,false,"[PREMIUM]",,,,,,,,"[PREMIUM]"
"54914406","2026-08-15 04:15:58.018","2026-08-21 17:46:15.357","54914406","2026-08-18 20:02:20.000","[PREMIUM]","366","FL - CLEWISTON","2026-08-24","MONDAY","1000","EDT","0","V",2022,"KIA","K5","K5","SEDAN","BLACK","FRONT END","MINOR DENT/SCRATCHES","FL","RB","YES","E",72036,"A","[PREMIUM]",11814.57,"1.6L 4","FRONT WHEEL DRIVE","AUTOMATIC","GAS",4,"DEFAULT","On Minimum Bid","[PREMIUM]",,"CLEWISTON","FL","33440","USA","USD","[PREMIUM]","[PREMIUM]","M070",false,"[PREMIUM]","LX",false,false,"[PREMIUM]",,,,,,,,"[PREMIUM]"
"53175186","2026-08-15 04:15:57.986","2026-08-29 11:47:20.033","53175186","2026-08-24 18:35:16.000","[PREMIUM]","366","FL - CLEWISTON","2026-08-31","MONDAY","1000","EDT","0","V",2017,"KIA","OPTIMA","OPTIMA","SEDAN 4DR","GOLD","VANDALISM",,"FL","TH","YES","E",120329,"A","[PREMIUM]",3174.79,"2.4L 4","FRONT WHEEL DRIVE","AUTOMATIC","GAS",4,"DEFAULT","Pure Sale","[PREMIUM]",,"CLEWISTON","FL","33440","USA","USD","[PREMIUM]","[PREMIUM]","J080",false,"[PREMIUM]",,false,false,"[PREMIUM]",,,,,,,,"[PREMIUM]"
"52841056","2026-08-15 04:15:57.939","2026-08-23 23:47:32.165","52841056","2026-08-18 19:17:15.000","[PREMIUM]","366","FL - CLEWISTON","2026-08-24","MONDAY","1000","EDT","93","V",2026,"JEEP","COMPASS","COMPASS","SPORT UTILITY VEHICLE","ORANGE","REAR END",,"FL","RB","YES","D",2994,"A","[PREMIUM]",15196.23,"2.0L 4","4X4 W/FRONT WHL DRV","AUTOMATIC","GAS",4,"Run & Drive Verified","On Minimum Bid","[PREMIUM]",,"CLEWISTON","FL","33440","USA","USD","[PREMIUM]","[PREMIUM]","I010",false,"[PREMIUM]","LATITUDE",false,false,"[PREMIUM]",,,,,,,,"[PREMIUM]"
"51725686","2026-08-15 04:15:57.909","2026-08-23 23:47:32.134","51725686","2026-08-18 19:17:15.000","[PREMIUM]","366","FL - CLEWISTON","2026-08-24","MONDAY","1000","EDT","22","V",2024,"FORD","ESCAPE ACT","ESCAPE","SPORT UTILITY VEHICLE","WHITE","REAR END",,"FL","CD","YES","D",83635,"A","[PREMIUM]",13730.9,"1.5L 3","FRONT WHEEL DRIVE","AUTOMATIC","GAS",3,"Run & Drive Verified","On Minimum Bid","[PREMIUM]",,"CLEWISTON","FL","33440","USA","USD","[PREMIUM]","[PREMIUM]","P000",false,"[PREMIUM]","ACTIVE",false,false,"[PREMIUM]",,,,,,,,"[PREMIUM]"
"46022386","2026-08-15 04:15:57.752","2026-08-23 23:47:32.005","46022386","2026-08-18 19:17:15.000","[PREMIUM]","366","FL - CLEWISTON","2026-08-24","MONDAY","1000","EDT","1106","V",2012,"HONDA","CRV","CR-V","4DR SPORT UTILITY","BLUE","FRONT END",,"FL","RB","YES","E",92079,"A","[PREMIUM]",8086.01,"2.4L 4","FRONT WHEEL DRIVE","AUTOMATIC","GAS",4,"DEFAULT","On Minimum Bid","[PREMIUM]",,"CLEWISTON","FL","33440","USA","USD","[PREMIUM]","[PREMIUM]","L070",false,"[PREMIUM]","LX",false,false,"[PREMIUM]",,,,,,,,"[PREMIUM]"
"65222086","2026-08-15 04:15:56.456","2026-08-20 17:43:57.444","65222086","2026-08-19 16:40:41.000","[PREMIUM]","362","AZ - PHOENIX NORTH","2026-08-20","THURSDAY","1200","PDT","57","V",2005,"JEEP","LIBERTY","LIBERTY","4DR SPORT UTILITY","BLACK","FRONT END","SIDE","AZ","SC","YES","D",148486,"A","[PREMIUM]",3584.28,"3.7L 6","REAR WHEEL DRIVE","AUTOMATIC","GAS",6,"Run & Drive Verified","Pure Sale","[PREMIUM]",,"PHOENIX","AZ","85085","USA","USD","[PREMIUM]","[PREMIUM]","N040",false,"[PREMIUM]","RENEGADE",false,false,"[PREMIUM]",,,,,,,,"[PREMIUM]"
"65205166","2026-08-15 04:15:56.456","2026-08-20 17:43:57.462","65205166","2026-08-19 16:40:41.000","[PREMIUM]","362","AZ - PHOENIX NORTH","2026-08-20","THURSDAY","1200","PDT","64","V",2021,"JEEP","RENEGADE","RENEGADE","SPORT UTILITY VEHICLE","GREEN","SIDE","REAR END","AZ","SC","YES","D",60707,"A","[PREMIUM]",9018.21,"2.4L 4","FRONT WHEEL DRIVE","AUTOMATIC","GAS",4,"Run & Drive Verified","On Minimum Bid","[PREMIUM]",,"PHOENIX","AZ","85085","USA","USD","[PREMIUM]","[PREMIUM]","N080",false,"[PREMIUM]","SPORT",false,false,"[PREMIUM]",,,,,,,,"[PREMIUM]"
"65398566","2026-08-15 04:15:56.454","2026-08-27 11:45:53.364","65398566","2026-08-26 14:52:19.000","[PREMIUM]","841","CRASHEDTOYS POWERSPORT AUCTION","2026-08-27","THURSDAY","1200","CDT","3009","C",1995,"HONDA","VT CYCLE","VT1100","ROAD","BLACK","SIDE",,"AZ","SC","YES","D",35446,"A","[PREMIUM]",2918.63,"2",,"MANUAL",,2,"Run & Drive Verified","Pure Sale","[PREMIUM]",,"PHOENIX","AZ","85085","USA","USD","[PREMIUM]","[PREMIUM]","MC006",false,"[PREMIUM]","C2",false,false,"[PREMIUM]",,,,,,,,"[PREMIUM]"
"65172516","2026-08-15 04:15:56.441","2026-08-25 00:03:14.342","65172516","2026-08-24 13:53:52.000","[PREMIUM]","362","AZ - PHOENIX NORTH","2026-08-25","TUESDAY","1200","PDT","94","V",2018,"CHEVROLET","EQUINOX","EQUINOX","SPORT UTILITY VEHICLE","WHITE","FRONT END","SIDE","AZ","SC","YES","D",126659,"A","[PREMIUM]",6902.26,"1.5L 4","FRONT WHEEL DRIVE","AUTOMATIC","GAS",4,"Run & Drive Verified","Pure Sale","[PREMIUM]",,"PHOENIX","AZ","85085","USA","USD","[PREMIUM]","[PREMIUM]","M070",false,"[PREMIUM]","LT",false,false,"[PREMIUM]",,,,,,,,"[PREMIUM]"
"64703426","2026-08-15 04:15:56.385","2026-08-25 00:03:14.188","64703426","2026-08-24 13:53:53.000","[PREMIUM]","362","AZ - PHOENIX NORTH","2026-08-25","TUESDAY","1200","PDT","2565","V",2015,"SUBARU","FORESTER","FORESTER","4DR SPORT UTILITY","WHITE","FRONT END","SIDE","AZ","SC","YES",,155576,"A","[PREMIUM]",7626.08,"2.5L 4","ALL WHEEL DRIVE","AUTOMATIC","GAS",4,,"Pure Sale","[PREMIUM]",,"PHOENIX","AZ","85085","USA","USD","[PREMIUM]","[PREMIUM]","J040",false,"[PREMIUM]","2.5I LIMITED",false,false,"[PREMIUM]",,,,,,,,"[PREMIUM]"
"64674856","2026-08-15 04:15:56.361","2026-08-25 00:03:14.171","64674856","2026-08-24 13:53:53.000","[PREMIUM]","362","AZ - PHOENIX NORTH","2026-08-25","TUESDAY","1200","PDT","2549","V",2018,"TESLA","MODEL 3","MODEL 3","SEDAN","RED","FRONT END",,"AZ","SC","NO","E",53305,"A","[PREMIUM]",0,,"REAR WHEEL DRIVE","AUTOMATIC","ELECTRIC",,"DEFAULT","On Minimum Bid","[PREMIUM]",,"PHOENIX","AZ","85085","USA","USD","[PREMIUM]","[PREMIUM]","N050",false,"[PREMIUM]",,false,false,"[PREMIUM]",,,,,,,,"[PREMIUM]"
"64650866","2026-08-15 04:15:56.353","2026-08-25 00:03:14.178","64650866","2026-08-24 13:53:52.000","[PREMIUM]","362","AZ - PHOENIX NORTH","2026-08-25","TUESDAY","1200","PDT","2513","V",2009,"NISSAN","ALTIMA","ALTIMA","SEDAN","BEIGE","FRONT END","MINOR DENT/SCRATCHES","AZ","SC","YES","E",170303,"E","[PREMIUM]",5147.31,"2.5L 4","FRONT WHEEL DRIVE","AUTOMATIC","GAS",4,"DEFAULT","Pure Sale","[PREMIUM]",,"PHOENIX","AZ","85085","USA","USD","[PREMIUM]","[PREMIUM]","N040",false,"[PREMIUM]","2.5",false,false,"[PREMIUM]",,,,,,,,"[PREMIUM]"
"64560006","2026-08-15 04:15:56.314","2026-08-20 17:43:57.035","64560006","2026-08-19 16:40:41.000","[PREMIUM]","362","AZ - PHOENIX NORTH","2026-08-20","THURSDAY","1200","PDT","108","V",2017,"TOYOTA","RAV4","RAV4","4DR SPORT UTILITY","SILVER","FRONT END","REAR END","AZ","SC","YES","D",106045,"A","[PREMIUM]",15178,"2.5L 4","ALL WHEEL DRIVE","AUTOMATIC","GAS",4,"Run & Drive Verified","Pure Sale","[PREMIUM]",,"PHOENIX","AZ","85085","USA","USD","[PREMIUM]","[PREMIUM]","K070",false,"[PREMIUM]","LE",false,false,"[PREMIUM]",,,,,,,,"[PREMIUM]"
"64631296","2026-08-15 04:15:56.314","2026-08-20 17:43:57.072","64631296","2026-08-19 16:40:41.000","[PREMIUM]","362","AZ - PHOENIX NORTH","2026-08-20","THURSDAY","1200","PDT","34","V",2010,"TOYOTA","COROLLA","COROLLA","SEDAN","RED","FRONT END","REAR END","AZ","SC","YES","D",210817,"A","[PREMIUM]",20858,"1.8L 4","FRONT WHEEL DRIVE","AUTOMATIC","GAS",4,"Run & Drive Verified","Pure Sale","[PREMIUM]",,"PHOENIX","AZ","85085","USA","USD","[PREMIUM]","[PREMIUM]","N060",false,"[PREMIUM]","S",false,false,"[PREMIUM]",,,,,,,,"[PREMIUM]"
"64497896","2026-08-15 04:15:56.281","2026-08-25 00:03:14.107","64497896","2026-08-24 13:53:53.000","[PREMIUM]","362","AZ - PHOENIX NORTH","2026-08-25","TUESDAY","1200","PDT","2571","V",1994,"MERCEDES-BENZ","SL-CLASS","SL","CONVERTIBLE","GOLD","FRONT END","MINOR DENT/SCRATCHES","AZ","SC","NO","E",115280,"A","[PREMIUM]",6609,"5.0L 8","REAR WHEEL DRIVE","AUTOMATIC","GAS",8,"DEFAULT","Pure Sale","[PREMIUM]",,"PHOENIX","AZ","85085","USA","USD","[PREMIUM]","[PREMIUM]","N050",false,"[PREMIUM]","500",false,false,"[PREMIUM]",,,,,,,,"[PREMIUM]"
"64506956","2026-08-15 04:15:56.246","2026-08-27 11:45:53.107","64506956","2026-08-26 14:06:55.000","[PREMIUM]","362","AZ - PHOENIX NORTH","2026-08-27","THURSDAY","1200","PDT","1169","V",2017,"HYUNDAI","ELANTRA","ELANTRA","SEDAN","RED","FRONT END",,"AZ","SC","YES","D",173106,"A","[PREMIUM]",6117.18,"2.0L 4","FRONT WHEEL DRIVE","AUTOMATIC","GAS",4,"Run & Drive Verified","Pure Sale","[PREMIUM]",,"PHOENIX","AZ","85085","USA","USD","[PREMIUM]","[PREMIUM]","M030",false,"[PREMIUM]","LIMITED",false,false,"[PREMIUM]",,,,,,,,"[PREMIUM]"
"64341446","2026-08-15 04:15:56.221","2026-08-28 11:45:54.290","64341446","2026-08-14 22:05:20.000","[PREMIUM]","362","AZ - PHOENIX NORTH",,,,"PDT","0","V",2022,"BMW","X3","X3","SPORT UTILITY VEHICLE","GRAY","FRONT END","MINOR DENT/SCRATCHES","AZ","SC","YES","D",18970,"A","[PREMIUM]",23717.34,"2.0L 4","ALL WHEEL DRIVE","AUTOMATIC","GAS",4,"Run & Drive Verified","Pure Sale","[PREMIUM]",,"PHOENIX","AZ","85085","USA","USD","[PREMIUM]","[PREMIUM]","F100",false,"[PREMIUM]","XDRIVE30I",false,false,"[PREMIUM]",,,,,,,,"[PREMIUM]"
"64291176","2026-08-15 04:15:56.143","2026-08-25 00:03:14.052","64291176","2026-08-24 13:53:52.000","[PREMIUM]","362","AZ - PHOENIX NORTH","2026-08-25","TUESDAY","1200","PDT","143","V",2005,"KIA","SPORTAGE","SPORTAGE","SUV","GREEN","REAR END",,"AZ","SC","YES","D",136928,"A","[PREMIUM]",3021,"2.7L 6","FRONT WHEEL DRIVE","AUTOMATIC","GAS",6,"Run & Drive Verified","Pure Sale","[PREMIUM]",,"PHOENIX","AZ","85085","USA","USD","[PREMIUM]","[PREMIUM]","CD002",false,"[PREMIUM]","LX",false,false,"[PREMIUM]",,,,,,,,"[PREMIUM]"
"63873146","2026-08-15 04:15:55.964","2026-08-20 17:43:56.747","63873146","2026-08-19 16:40:41.000","[PREMIUM]","362","AZ - PHOENIX NORTH","2026-08-20","THURSDAY","1200","PDT","46","V",2021,"HONDA","CRV","CR-V","SPORT UTILITY VEHICLE","RED","FRONT END","SIDE","AZ","SC","YES","D",58837,"A","[PREMIUM]",0,"1.5L 4","ALL WHEEL DRIVE","AUTOMATIC","GAS",4,"Run & Drive Verified","Pure Sale","[PREMIUM]",,"PHOENIX","AZ","85085","USA","USD","[PREMIUM]","[PREMIUM]","M090",false,"[PREMIUM]","EX",false,false,"[PREMIUM]",,,,,,,,"[PREMIUM]"
"63921256","2026-08-15 04:15:55.963","2026-08-20 17:43:56.793","63921256","2026-08-19 16:40:41.000","[PREMIUM]","362","AZ - PHOENIX NORTH","2026-08-20","THURSDAY","1200","PDT","1130","V",2004,"HONDA","ACCORD","ACCORD","SEDAN 4DR","SILVER","FRONT END","MINOR DENT/SCRATCHES","AZ","SC","YES","E",263092,"E","[PREMIUM]",9989.69,"2.4L 4","FRONT WHEEL DRIVE","AUTOMATIC","GAS",4,"DEFAULT","Pure Sale","[PREMIUM]",,"PHOENIX","AZ","85085","USA","USD","[PREMIUM]","[PREMIUM]","K070",false,"[PREMIUM]","LX",false,false,"[PREMIUM]",,,,,,,,"[PREMIUM]"
"63867966","2026-08-15 04:15:55.889","2026-08-20 17:43:56.744","63867966","2026-08-19 16:40:41.000","[PREMIUM]","362","AZ - PHOENIX NORTH","2026-08-20","THURSDAY","1200","PDT","1158","V",2018,"KIA","SPORTAGE","SPORTAGE","SPORT UTILITY VEHICLE","RED","FRONT END",,"AZ","SC","YES","S",97882,"A","[PREMIUM]",12064.36,"2.4L 4","FRONT WHEEL DRIVE","AUTOMATIC","GAS",4,"Vehicle Starts","On Minimum Bid","[PREMIUM]",,"PHOENIX","AZ","85085","USA","USD","[PREMIUM]","[PREMIUM]","H070",false,"[PREMIUM]","EX",false,false,"[PREMIUM]",,,,,,,,"[PREMIUM]"
"63731706","2026-08-15 04:15:55.820","2026-08-25 00:03:13.854","63731706","2026-08-24 13:53:53.000","[PREMIUM]","362","AZ - PHOENIX NORTH","2026-08-25","TUESDAY","1200","PDT","2618","V",1999,"HONDA","ACCORD","ACCORD","SEDAN 4DR","PURPLE","FRONT END","SIDE","AZ","SC","YES","E",276248,"A","[PREMIUM]",15583.73,"2.3L 4","FRONT WHEEL DRIVE","AUTOMATIC","GAS",4,"DEFAULT","Pure Sale","[PREMIUM]",,"PHOENIX","AZ","85085","USA","USD","[PREMIUM]","[PREMIUM]","J060",false,"[PREMIUM]","EX",false,false,"[PREMIUM]",,,,,,,,"[PREMIUM]"
"63597316","2026-08-15 04:15:55.780","2026-08-25 00:03:13.816","63597316","2026-08-24 13:53:52.000","[PREMIUM]","362","AZ - PHOENIX NORTH","2026-08-25","TUESDAY","1200","PDT","43","V",2001,"CHEVROLET","ASTRO","ASTRO","EXTENDED CARGO VAN","WHITE","FRONT END","MINOR DENT/SCRATCHES","AZ","SC","YES","D",206198,"A","[PREMIUM]",4551.79,"4.3L 6","REAR WHEEL DRIVE","AUTOMATIC","GAS",6,"Run & Drive Verified","Pure Sale","[PREMIUM]",,"PHOENIX","AZ","85085","USA","USD","[PREMIUM]","[PREMIUM]","D150",false,"[PREMIUM]",,false,false,"[PREMIUM]",,,,,,,,"[PREMIUM]"
"63594616","2026-08-15 04:15:55.779","2026-08-25 00:03:13.824","63594616","2026-08-24 13:53:52.000","[PREMIUM]","362","AZ - PHOENIX NORTH","2026-08-25","TUESDAY","1200","PDT","144","V",2024,"FORD","F150","F150","PICKUP","GRAY","REAR END",,"AZ","SC","YES","D",33331,"A","[PREMIUM]",0,"2.7L 6","4X4 W/REAR WHEEL DRV","AUTOMATIC","GAS",6,"Run & Drive Verified","Pure Sale","[PREMIUM]",,"PHOENIX","AZ","85085","USA","USD","[PREMIUM]","[PREMIUM]","B170",false,"[PREMIUM]","STX",false,false,"[PREMIUM]",,,,,,,,"[PREMIUM]"
"63614376","2026-08-15 04:15:55.778","2026-08-25 00:03:13.821","63614376","2026-08-24 13:53:52.000","[PREMIUM]","362","AZ - PHOENIX NORTH","2026-08-25","TUESDAY","1200","PDT","2501","V",2017,"KIA","RIO","RIO","SEDAN 4DR","WHITE","UNDERCARRIAGE","MINOR DENT/SCRATCHES","AZ","SC","EXM","E",129619,"A","[PREMIUM]",5654.01,"1.6L 4","FRONT WHEEL DRIVE","AUTOMATIC","GAS",4,"DEFAULT","Pure Sale","[PREMIUM]",,"PHOENIX","AZ","85085","USA","USD","[PREMIUM]","[PREMIUM]","E090",false,"[PREMIUM]",,false,false,"[PREMIUM]",,,,,,,,"[PREMIUM]"
"63551696","2026-08-15 04:15:55.715","2026-08-28 23:47:39.959","63551696","2026-08-28 18:43:52.000","[PREMIUM]","362","AZ - PHOENIX NORTH","2026-09-01","TUESDAY","1200","PDT","0","V",2008,"TOYOTA","HIGHLANDER","HIGHLANDER","4DR SPORT UTILITY","GRAY","FRONT END","MINOR DENT/SCRATCHES","AZ","CT","NO","E",236960,"A","[PREMIUM]",0,"3.5L 6","ALL WHEEL DRIVE","AUTOMATIC","GAS",6,"DEFAULT","On Minimum Bid","[PREMIUM]","REPORTED TO NMVITIS         ","PHOENIX","AZ","85085","USA","USD","[PREMIUM]","[PREMIUM]","CD002",true,"[PREMIUM]","SPORT",false,false,"[PREMIUM]",,,,,,,,"[PREMIUM]"
"63397196","2026-08-15 04:15:55.677","2026-08-25 00:03:13.765","63397196","2026-08-24 13:53:52.000","[PREMIUM]","362","AZ - PHOENIX NORTH","2026-08-25","TUESDAY","1200","PDT","110","V",2016,"LEXUS","IS","IS","SEDAN 4DR","WHITE","FRONT END",,"AZ","SC","YES","D",48055,"X","[PREMIUM]",15076.26,"2.0L 4","REAR WHEEL DRIVE","AUTOMATIC","GAS",4,"Run & Drive Verified","Pure Sale","[PREMIUM]",,"PHOENIX","AZ","85085","USA","USD","[PREMIUM]","[PREMIUM]","K050",false,"[PREMIUM]","200T",false,false,"[PREMIUM]",,,,,,,,"[PREMIUM]"
"63186626","2026-08-15 04:15:55.614","2026-08-20 17:43:56.525","63186626","2026-08-19 16:40:41.000","[PREMIUM]","362","AZ - PHOENIX NORTH","2026-08-20","THURSDAY","1200","PDT","85","V",2009,"MAZDA","RX8","RX8","COUPE","GOLD","REAR END","MINOR DENT/SCRATCHES","AZ","SC","YES","D",127187,"A","[PREMIUM]",6793.55,"1.3L R","REAR WHEEL DRIVE","AUTOMATIC","GAS",,"Run & Drive Verified","Pure Sale","[PREMIUM]",,"PHOENIX","AZ","85085","USA","USD","[PREMIUM]","[PREMIUM]","J070",false,"[PREMIUM]",,false,false,"[PREMIUM]",,,,,,,,"[PREMIUM]"
"63193516","2026-08-15 04:15:55.598","2026-08-28 23:47:39.883","63193516","2026-08-28 21:39:41.000","[PREMIUM]","362","AZ - PHOENIX NORTH","2026-09-03","THURSDAY","1200","PDT","0","V",2015,"CHEVROLET","SILVERADO","SILVERADO","CREW PICKUP","SILVER","FRONT END",,"AZ","SC","YES","E",157854,"A","[PREMIUM]",16620.77,"5.3L 8","4X4 W/REAR WHEEL DRV","AUTOMATIC","GAS",8,"DEFAULT","On Minimum Bid","[PREMIUM]",,"PHOENIX","AZ","85085","USA","USD","[PREMIUM]","[PREMIUM]","A170",false,"[PREMIUM]","K1500 LTZ",false,false,"[PREMIUM]",,,,,,,,"[PREMIUM]"
"62984626","2026-08-15 04:15:55.554","2026-08-28 23:47:39.856","62984626","2026-08-28 18:00:46.000","[PREMIUM]","362","AZ - PHOENIX NORTH","2026-09-03","THURSDAY","1200","PDT","0","V",2019,"INFINITI","QX60","QX60","SUV","BLUE","SIDE","REAR END","AZ","SC","YES","S",84291,"A","[PREMIUM]",23609.77,"3.5L 6","FRONT WHEEL DRIVE","AUTOMATIC","GAS",6,"Vehicle Starts","On Minimum Bid","[PREMIUM]",,"PHOENIX","AZ","85085","USA","USD","[PREMIUM]","[PREMIUM]","N030",false,"[PREMIUM]","PURE",false,false,"[PREMIUM]",,,,,,,,"[PREMIUM]"
"62880496","2026-08-15 04:15:55.550","2026-08-29 11:47:17.515","62880496","2026-08-26 20:19:40.000","[PREMIUM]","835","MEDIUM DUTY SPECIALTY SALE","2026-09-02","WEDNESDAY","1100","CDT","0","K",2017,"FORD","TRANSIT","TRANSIT","SPORTS VAN","BLACK","UNDERCARRIAGE",,"AZ","SC","YES","E",105761,"A","[PREMIUM]",5275.28,"3.7L 6","REAR WHEEL DRIVE","AUTOMATIC","GAS",6,"DEFAULT","On Minimum Bid","[PREMIUM]",,"PHOENIX","AZ","85085","USA","USD","[PREMIUM]","[PREMIUM]","F190",false,"[PREMIUM]","T-350",false,false,"[PREMIUM]",,,,,,,,"[PREMIUM]"
"62837066","2026-08-15 04:15:55.516","2026-08-29 11:47:17.517","62837066","2026-08-27 23:34:21.000","[PREMIUM]","362","AZ - PHOENIX NORTH","2026-09-03","THURSDAY","1200","PDT","0","V",2010,"HONDA","FIT","FIT","HATCHBACK 4DR","BLUE","FRONT END","TOP/ROOF","AZ","SC","NO","E",164432,"A","[PREMIUM]",9857,"1.5L 4","FRONT WHEEL DRIVE","AUTOMATIC","GAS",4,"DEFAULT","On Minimum Bid","[PREMIUM]",,"PHOENIX","AZ","85085","USA","USD","[PREMIUM]","[PREMIUM]","L050",false,"[PREMIUM]",,false,false,"[PREMIUM]",,,,,,,,"[PREMIUM]"
"62428036","2026-08-15 04:15:55.480","2026-08-20 17:43:56.335","62428036","2026-08-19 16:40:41.000","[PREMIUM]","362","AZ - PHOENIX NORTH","2026-08-20","THURSDAY","1200","PDT","18","V",2018,"CHEVROLET","COLORADO","COLORADO","PICKUP","GRAY","FRONT END",,"AZ","SC","YES","D",117953,"A","[PREMIUM]",10799.35,"3.6L 6","4X4 W/REAR WHEEL DRV","AUTOMATIC","GAS",6,"Run & Drive Verified","Pure Sale","[PREMIUM]",,"PHOENIX","AZ","85085","USA","USD","[PREMIUM]","[PREMIUM]","B100",false,"[PREMIUM]","LT",false,false,"[PREMIUM]",,,,,,,,"[PREMIUM]"
"62097146","2026-08-15 04:15:55.443","2026-08-20 17:43:56.243","62097146","2026-08-19 23:34:34.000","[PREMIUM]","362","AZ - PHOENIX NORTH","2026-08-20","THURSDAY","1200","PDT","1146","V",2015,"HONDA","CIVIC","CIVIC","SEDAN 4DR","MAROON","FRONT END","MINOR DENT/SCRATCHES","AZ","SC","YES",,0,"N","[PREMIUM]",9404,"1.8L 4","FRONT WHEEL DRIVE","AUTOMATIC","GAS",4,,"On Minimum Bid","[PREMIUM]",,"PHOENIX","AZ","85085","USA","USD","[PREMIUM]","[PREMIUM]","I030",false,"[PREMIUM]","LX",false,false,"[PREMIUM]",,,,,,,,"[PREMIUM]"
"61773906","2026-08-15 04:15:55.369","2026-08-25 00:03:13.458","61773906","2026-08-24 13:53:52.000","[PREMIUM]","362","AZ - PHOENIX NORTH","2026-08-25","TUESDAY","1200","PDT","73","V",2024,"TOYOTA","COROLLA","COROLLA","SEDAN","SILVER","FRONT END","SIDE","AZ","SC","YES","D",34039,"A","[PREMIUM]",14491.19,"2.0L 4","FRONT WHEEL DRIVE","AUTOMATIC","GAS",4,"Run & Drive Verified","Pure Sale","[PREMIUM]",,"PHOENIX","AZ","85085","USA","USD","[PREMIUM]","[PREMIUM]","H100",false,"[PREMIUM]","LE",false,false,"[PREMIUM]",,,,,,,,"[PREMIUM]"
"61895006","2026-08-15 04:15:55.367","2026-08-20 17:43:56.167","61895006","2026-08-19 16:40:41.000","[PREMIUM]","362","AZ - PHOENIX NORTH","2026-08-20","THURSDAY","1200","PDT","63","V",2025,"HYUNDAI","TUCSON","TUCSON","SPORT UTILITY VEHICLE","WHITE","FRONT END","SIDE","AZ","SC","YES","D",9328,"A","[PREMIUM]",0,"2.5L 4","ALL WHEEL DRIVE","AUTOMATIC","GAS",4,"Run & Drive Verified","Pure Sale","[PREMIUM]",,"PHOENIX","AZ","85085","USA","USD","[PREMIUM]","[PREMIUM]","CD002",false,"[PREMIUM]","LIMITED",false,false,"[PREMIUM]",,,,,,,,"[PREMIUM]"
"61744006","2026-08-15 04:15:55.363","2026-08-20 17:43:56.134","61744006","2026-08-19 16:40:41.000","[PREMIUM]","362","AZ - PHOENIX NORTH","2026-08-20","THURSDAY","1200","PDT","11","V",2025,"TOYOTA","RAV4","RAV4","SPORT UTILITY VEHICLE","GRAY","FRONT END",,"AZ","SC","YES","D",76791,"A","[PREMIUM]",0,"2.5L 4","ALL WHEEL DRIVE","AUTOMATIC","GAS",4,"Run & Drive Verified","Pure Sale","[PREMIUM]",,"PHOENIX","AZ","85085","USA","USD","[PREMIUM]","[PREMIUM]","G090",false,"[PREMIUM]","LE",false,false,"[PREMIUM]",,,,,,,,"[PREMIUM]"
"61839766","2026-08-15 04:15:55.354","2026-08-21 23:51:09.057","61839766","2026-08-21 21:55:00.000","[PREMIUM]","362","AZ - PHOENIX NORTH","2026-08-27","THURSDAY","1200","PDT","0","V",2025,"TOYOTA","CAMRY","CAMRY","SEDAN","RED","FRONT END",,"AZ","SC","YES","E",36473,"A","[PREMIUM]",22823.93,"2.5L 4","FRONT WHEEL DRIVE","AUTOMATIC","ELECTRIC AND GAS HYBRID",4,"DEFAULT","On Minimum Bid","[PREMIUM]",,"PHOENIX","AZ","85085","USA","USD","[PREMIUM]","[PREMIUM]","K030",false,"[PREMIUM]","LE",false,false,"[PREMIUM]",,,,,,,,"[PREMIUM]"
"61708046","2026-08-15 04:15:55.326","2026-08-20 17:43:56.089","61708046","2026-08-19 16:40:41.000","[PREMIUM]","362","AZ - PHOENIX NORTH","2026-08-20","THURSDAY","1200","PDT","1129","V",2023,"FORD","MUSTANG","MUSTANG MACH-E","SPORT UTILITY VEHICLE","GRAY","REAR END","SIDE","AZ","SC","YES","S",39338,"A","[PREMIUM]",30002,,"REAR WHEEL DRIVE","AUTOMATIC","ELECTRIC",,"Vehicle Starts","Pure Sale","[PREMIUM]",,"PHOENIX","AZ","85085","USA","USD","[PREMIUM]","[PREMIUM]","I030",false,"[PREMIUM]","PREMIUM",false,false,"[PREMIUM]",,,,,,,,"[PREMIUM]"
"61526936","2026-08-15 04:15:55.263","2026-08-25 00:03:13.432","61526936","2026-08-24 13:53:53.000","[PREMIUM]","362","AZ - PHOENIX NORTH","2026-08-25","TUESDAY","1200","PDT","2552","V",2025,"CHEVROLET","TRAX","TRAX","SPORT UTILITY VEHICLE","GRAY","REAR END","FRONT END","AZ","SC","YES","S",25006,"N","[PREMIUM]",16718.82,"1.2L 3","FRONT WHEEL DRIVE","AUTOMATIC","GAS",3,"Vehicle Starts","Pure Sale","[PREMIUM]",,"PHOENIX","AZ","85085","USA","USD","[PREMIUM]","[PREMIUM]","K040",false,"[PREMIUM]","1RS",false,false,"[PREMIUM]",,,,,,,,"[PREMIUM]"
"61059106","2026-08-15 04:15:55.252","2026-08-20 17:43:55.975","61059106","2026-08-19 16:40:41.000","[PREMIUM]","362","AZ - PHOENIX NORTH","2026-08-20","THURSDAY","1200","PDT","1160","V",2021,"NISSAN","ALTIMA","ALTIMA","SEDAN","SILVER","BURN","FRONT END","AZ","SC","YES","E",98047,"A","[PREMIUM]",21784.25,"2.5L 4","FRONT WHEEL DRIVE","AUTOMATIC","GAS",4,"DEFAULT","Pure Sale","[PREMIUM]",,"PHOENIX","AZ","85085","USA","USD","[PREMIUM]","[PREMIUM]","J060",false,"[PREMIUM]","SR",false,false,"[PREMIUM]",,,,,,,,"[PREMIUM]"
"60956046","2026-08-15 04:15:55.236","2026-08-20 17:43:55.910","60956046","2026-08-19 16:40:41.000","[PREMIUM]","362","AZ - PHOENIX NORTH","2026-08-20","THURSDAY","1200","PDT","102","V",2014,"FORD","F150","F150","CREW PICKUP","BLACK","REAR END",,"AZ","SC","YES","D",246623,"A","[PREMIUM]",8330.67,"3.5L 6","4X4 W/REAR WHEEL DRV","AUTOMATIC","GAS",6,"Run & Drive Verified","Pure Sale","[PREMIUM]",,"PHOENIX","AZ","85085","USA","USD","[PREMIUM]","[PREMIUM]","A100",false,"[PREMIUM]","SUPERCREW",false,false,"[PREMIUM]",,,,,,,,"[PREMIUM]"
"60700916","2026-08-15 04:15:55.186","2026-08-20 17:43:55.798","60700916","2026-08-19 16:40:41.000","[PREMIUM]","362","AZ - PHOENIX NORTH","2026-08-20","THURSDAY","1200","PDT","1109","V",2017,"CHEVROLET","SILVERADO","SILVERADO","CREW PICKUP","WHITE","SIDE","REAR END","AZ","SC","YES","S",120735,"A","[PREMIUM]",22278,"5.3L 8","4X4 W/REAR WHEEL DRV","AUTOMATIC","GAS",8,"Vehicle Starts","Pure Sale","[PREMIUM]",,"PHOENIX","AZ","85085","USA","USD","[PREMIUM]","[PREMIUM]","A120",false,"[PREMIUM]","K1500 LTZ",false,false,"[PREMIUM]",,,,,,,,"[PREMIUM]"
"60817506","2026-08-15 04:15:55.182","2026-08-20 17:43:55.850","60817506","2026-08-19 16:40:41.000","[PREMIUM]","362","AZ - PHOENIX NORTH","2026-08-20","THURSDAY","1200","PDT","60","V",2021,"HYUNDAI","SANTA FE","SANTA FE",,"RED","SIDE",,"AZ","SC","YES","D",111666,"A","[PREMIUM]",8653.49,,,"AUTOMATIC",,,"Run & Drive Verified","On Approval","[PREMIUM]",,"PHOENIX","AZ","85085","USA","USD","[PREMIUM]","[PREMIUM]","D150",false,"[PREMIUM]",,false,false,"[PREMIUM]",,,,,,,,"[PREMIUM]"
"60513026","2026-08-15 04:15:55.125","2026-08-20 17:43:55.767","60513026","2026-08-19 16:40:41.000","[PREMIUM]","362","AZ - PHOENIX NORTH","2026-08-20","THURSDAY","1200","PDT","90","V",2016,"JEEP","CHEROKEE","CHEROKEE","4DR SPORT UTILITY","RED","FRONT END",,"AZ","SC","YES","D",143448,"A","[PREMIUM]",0,"2.4L 4","FRONT WHEEL DRIVE","AUTOMATIC","GAS",4,"Run & Drive Verified","Pure Sale","[PREMIUM]",,"PHOENIX","AZ","85085","USA","USD","[PREMIUM]","[PREMIUM]","L050",false,"[PREMIUM]","LIMITED",false,false,"[PREMIUM]",,,,,,,,"[PREMIUM]"
"60452306","2026-08-15 04:15:55.118","2026-08-20 17:43:55.764","60452306","2026-08-19 16:40:41.000","[PREMIUM]","362","AZ - PHOENIX NORTH","2026-08-20","THURSDAY","1200","PDT","82","V",2018,"INFINITI","QX30","QX30","WAGON","BLACK","REAR END",,"AZ","SC","YES","D",110582,"A","[PREMIUM]",9423.99,"2.0L 4","FRONT WHEEL DRIVE","AUTOMATIC","GAS",4,"Run & Drive Verified","Pure Sale","[PREMIUM]",,"PHOENIX","AZ","85085","USA","USD","[PREMIUM]","[PREMIUM]","G100",false,"[PREMIUM]","PREMIUM",false,false,"[PREMIUM]",,,,,,,,"[PREMIUM]"
"60659886","2026-08-15 04:15:55.117","2026-08-20 17:43:55.821","60659886","2026-08-19 16:40:41.000","[PREMIUM]","362","AZ - PHOENIX NORTH","2026-08-20","THURSDAY","1200","PDT","1120","V",2018,"TOYOTA","RAV4","RAV4 HYBRID","SUV","SILVER","ROLLOVER",,"AZ","SC","YES","E",94509,"A","[PREMIUM]",37173.76,"2.5L 4","ALL WHEEL DRIVE","AUTOMATIC","ELECTRIC AND GAS HYBRID",4,"DEFAULT","On Minimum Bid","[PREMIUM]",,"PHOENIX","AZ","85085","USA","USD","[PREMIUM]","[PREMIUM]","G110",false,"[PREMIUM]","XLE",false,false,"[PREMIUM]",,,,,,,,"[PREMIUM]"
"59738346","2026-08-15 04:15:55.050","2026-08-25 00:03:13.109","59738346","2026-08-24 13:53:52.000","[PREMIUM]","362","AZ - PHOENIX NORTH","2026-08-25","TUESDAY","1200","PDT","2527","V",2011,"FORD","MUSTANG","MUSTANG","CONVERTIBLE","RED","FRONT END",,"AZ","SC","YES","E",38530,"A","[PREMIUM]",13687.63,"5.0L 8","REAR WHEEL DRIVE","AUTOMATIC","GAS",8,"DEFAULT","Pure Sale","[PREMIUM]",,"PHOENIX","AZ","85085","USA","USD","[PREMIUM]","[PREMIUM]","J080",false,"[PREMIUM]","GT",false,false,"[PREMIUM]",,,,,,,,"[PREMIUM]"
"59173956","2026-08-15 04:15:54.964","2026-08-20 17:43:55.581","59173956","2026-08-19 16:40:41.000","[PREMIUM]","362","AZ - PHOENIX NORTH","2026-08-20","THURSDAY","1200","PDT","73","V",2018,"JEEP","CHEROKEE","CHEROKEE","SPORT UTILITY VEHICLE","GRAY","SIDE","MINOR DENT/SCRATCHES","AZ","SC","YES","D",138377,"A","[PREMIUM]",7337.03,"2.4L 4","FRONT WHEEL DRIVE","AUTOMATIC","GAS",4,"Run & Drive Verified","Pure Sale","[PREMIUM]",,"PHOENIX","AZ","85085","USA","USD","[PREMIUM]","[PREMIUM]","D100",false,"[PREMIUM]","LATITUDE PLUS",false,false,"[PREMIUM]",,,,,,,,"[PREMIUM]"
"59153406","2026-08-15 04:15:54.948","2026-08-29 05:48:59.135","59153406","2026-08-29 02:45:25.000","[PREMIUM]","882","*NCS - MOUNTAIN REGION","2026-08-31","MONDAY","1900","MDT","0","V",2010,"FORD","ESCAPE","ESCAPE","4DR SPORT UTILITY","SILVER","MINOR DENT/SCRATCHES",,"AZ","CT","YES","D",207362,"A","[PREMIUM]",0,"2.5L 4","FRONT WHEEL DRIVE","AUTOMATIC","GAS",4,"Run & Drive Verified","On Minimum Bid","[PREMIUM]",,"PHOENIX","AZ","85085","USA","USD","[PREMIUM]","[PREMIUM]","G040",false,"[PREMIUM]","XLT",false,false,"[PREMIUM]",,,,,,,,"[PREMIUM]"
"58621156","2026-08-15 04:15:54.882","2026-08-25 00:03:12.985","58621156","2026-08-24 13:53:53.000","[PREMIUM]","362","AZ - PHOENIX NORTH","2026-08-25","TUESDAY","1200","PDT","2578","V",2002,"CHEVROLET","TAHOE","TAHOE","4DR SPORT UTILITY","RED","ALL OVER",,"AZ","SC","YES",,210253,"A","[PREMIUM]",16866.49,"5.3L 8","4X4 W/REAR WHEEL DRV","AUTOMATIC","FLEXIBLE",8,,"Pure Sale","[PREMIUM]",,"PHOENIX","AZ","85085","USA","USD","[PREMIUM]","[PREMIUM]","C120",false,"[PREMIUM]","K1500",false,false,"[PREMIUM]",,,,,,,,"[PREMIUM]"
"58459186","2026-08-15 04:15:54.850","2026-08-20 17:43:55.483","58459186","2026-08-19 16:40:41.000","[PREMIUM]","362","AZ - PHOENIX NORTH","2026-08-20","THURSDAY","1200","PDT","107","V",2016,"DODGE","DART","DART","SEDAN 4DR","GRAY","FRONT END",,"AZ","SC","YES","D",191249,"A","[PREMIUM]",6448.67,"2.0L 4","FRONT WHEEL DRIVE","AUTOMATIC","GAS",4,"Run & Drive Verified","Pure Sale","[PREMIUM]",,"PHOENIX","AZ","85085","USA","USD","[PREMIUM]","[PREMIUM]","I040",false,"[PREMIUM]","SXT",false,false,"[PREMIUM]",,,,,,,,"[PREMIUM]"
"58475936","2026-08-15 04:15:54.774","2026-08-25 00:03:12.947","58475936","2026-08-24 13:53:53.000","[PREMIUM]","362","AZ - PHOENIX NORTH","2026-08-25","TUESDAY","1200","PDT","2620","V",2016,"DODGE","CHARGER","CHARGER","SEDAN 4DR","GRAY","FRONT END","UNDERCARRIAGE","AZ","SC","YES","S",113388,"A","[PREMIUM]",12073.36,"3.6L 6","REAR WHEEL DRIVE","AUTOMATIC","FLEXIBLE",6,"Vehicle Starts","Pure Sale","[PREMIUM]",,"PHOENIX","AZ","85085","USA","USD","[PREMIUM]","[PREMIUM]","CD002",false,"[PREMIUM]","SE",false,false,"[PREMIUM]",,,,,,,,"[PREMIUM]"
"58141636","2026-08-15 04:15:54.745","2026-08-20 17:43:55.391","58141636","2026-08-19 16:40:41.000","[PREMIUM]","362","AZ - PHOENIX NORTH","2026-08-20","THURSDAY","1200","PDT","56","V",2015,"KIA","OPTIMA","OPTIMA","SEDAN 4DR","WHITE","FRONT END",,"AZ","SC","YES","D",49786,"A","[PREMIUM]",0,"2.4L 4","FRONT WHEEL DRIVE","AUTOMATIC","GAS",4,"Run & Drive Verified","Pure Sale","[PREMIUM]",,"PHOENIX","AZ","85085","USA","USD","[PREMIUM]","[PREMIUM]","L080",false,"[PREMIUM]","LX",false,false,"[PREMIUM]",,,,,,,,"[PREMIUM]"
"57738886","2026-08-15 04:15:54.708","2026-08-29 11:47:16.991","57738886","2026-08-28 22:41:24.000","[PREMIUM]","362","AZ - PHOENIX NORTH","2026-09-01","TUESDAY","1200","PDT","0","M",2009,"FOUR WINDS","h200","H200",,"TWO TONE","MECHANICAL","NORMAL WEAR","AZ","CT","YES","E",0,"E","[PREMIUM]",0,,,"AUTOMATIC",,,"DEFAULT","On Approval","[PREMIUM]",,"PHOENIX","AZ","85085","USA","USD","[PREMIUM]","[PREMIUM]","HVY02",false,"[PREMIUM]",,false,false,"[PREMIUM]",,,,,,,,"[PREMIUM]"
"57553116","2026-08-15 04:15:54.648","2026-08-20 17:43:55.355","57553116","2026-08-19 16:40:41.000","[PREMIUM]","362","AZ - PHOENIX NORTH","2026-08-20","THURSDAY","1200","PDT","36","V",2021,"JEEP","WRANGLER","WRANGLER UNLIMITED","SPORT UTILITY VEHICLE","WHITE","REAR END","MINOR DENT/SCRATCHES","AZ","SC","YES","D",52296,"A","[PREMIUM]",0,"2.0L 4","4X4 W/REAR WHEEL DRV","AUTOMATIC","ELECTRIC AND GAS HYBRID",4,"Run & Drive Verified","Pure Sale","[PREMIUM]",,"PHOENIX","AZ","85085","USA","USD","[PREMIUM]","[PREMIUM]","D120",false,"[PREMIUM]","SAHARA 4XE",false,false,"[PREMIUM]",,,,,,,,"[PREMIUM]"
"57598186","2026-08-15 04:15:54.642","2026-08-25 00:03:12.848","57598186","2026-08-24 13:53:53.000","[PREMIUM]","362","AZ - PHOENIX NORTH","2026-08-25","TUESDAY","1200","PDT","2579","V",2018,"DODGE","CHALLENGER","CHALLENGER","COUPE","BLUE","ALL OVER","MINOR DENT/SCRATCHES","NV","SC","YES","S",87981,"A","[PREMIUM]",25864.13,"3.6L 6","REAR WHEEL DRIVE","AUTOMATIC","FLEXIBLE",6,"Vehicle Starts","Pure Sale","[PREMIUM]",,"PHOENIX","AZ","85085","USA","USD","[PREMIUM]","[PREMIUM]","D160",false,"[PREMIUM]","SXT",false,false,"[PREMIUM]",,,,,,,,"[PREMIUM]"
"57265436","2026-08-15 04:15:54.612","2026-08-25 00:03:12.809","57265436","2026-08-24 13:53:53.000","[PREMIUM]","362","AZ - PHOENIX NORTH","2026-08-25","TUESDAY","1200","PDT","2600","V",2007,"FORD","ESCAPE","ESCAPE","4DR SPORT UTILITY","SILVER","FRONT END","SIDE","AZ","SC","YES","E",0,"E","[PREMIUM]",8767.75,"3.0L 6","FRONT WHEEL DRIVE","AUTOMATIC","GAS",6,"DEFAULT","Pure Sale","[PREMIUM]",,"PHOENIX","AZ","85085","USA","USD","[PREMIUM]","[PREMIUM]","D090",false,"[PREMIUM]","XLT",false,false,"[PREMIUM]",,,,,,,,"[PREMIUM]"
"55980556","2026-08-15 04:15:54.489","2026-08-20 17:43:55.218","55980556","2026-08-19 16:40:41.000","[PREMIUM]","362","AZ - PHOENIX NORTH","2026-08-20","THURSDAY","1200","PDT","15","V",2019,"JEEP","CHEROKEE","CHEROKEE","SPORT UTILITY VEHICLE","BLACK","FRONT END",,"AZ","SC","YES","D",75615,"N","[PREMIUM]",13916.42,"2.0L 4","4X4 W/FRONT WHL DRV","AUTOMATIC","GAS",4,"Run & Drive Verified","On Minimum Bid","[PREMIUM]",,"PHOENIX","AZ","85085","USA","USD","[PREMIUM]","[PREMIUM]","D110",false,"[PREMIUM]","OVERLAND",false,false,"[PREMIUM]",,,,,,,,"[PREMIUM]"
"48950096","2026-08-15 04:15:54.243","2026-08-26 05:48:43.556","48950096","2026-08-18 17:55:13.000","[PREMIUM]","835","MEDIUM DUTY SPECIALTY SALE","2026-08-26","WEDNESDAY","1100","CDT","0","K",2024,"FORD","F550","F550","CAB CHASSIS","WHITE","ALL OVER",,"AZ","SC","YES","E",46755,"A","[PREMIUM]",67087.57,"6.7L 8","4X4 W/REAR WHEEL DRV","AUTOMATIC","DIESEL",8,"DEFAULT","Pure Sale","[PREMIUM]",,"PHOENIX","AZ","85085","USA","USD","[PREMIUM]","[PREMIUM]","E210",false,"[PREMIUM]","SUPER DUTY",false,false,"[PREMIUM]",,,,,,,,"[PREMIUM]"
"88499135","2026-08-15 04:15:50.536","2026-08-29 11:47:14.175","88499135","2026-08-24 17:14:32.000","[PREMIUM]","836","HEAVY TRUCK SPECIALTY SALE","2026-09-03","THURSDAY","1100","CDT","0","U",2024,"INTERNATIONAL","ALL MODELS","LT625",,"WHITE","FRONT END","SIDE","TX","SV","NO",,0,"N","[PREMIUM]",82944,"15.0L  6","Rear-wheel drive","AUTOMATIC","DIESEL",6,,"On Approval","[PREMIUM]",,"FORT WAYNE","IN","46803 1546","USA","USD","[PREMIUM]","[PREMIUM]","HVY30",false,"[PREMIUM]",,false,false,"[PREMIUM]",,,,,,,,"[PREMIUM]"
"60913076","2026-08-15 04:15:49.241","2026-08-29 11:47:11.902","60913076","2026-08-15 01:55:31.000","[PREMIUM]","841","CRASHEDTOYS POWERSPORT AUCTION",,,,"CDT","0","C",2007,"HONDA","VTX CYCLE","VTX1300","ROAD","SILVER","SIDE",,"MI","ST","YES","D",37159,"E","[PREMIUM]",5395,"2",,"MANUAL",,2,"Run & Drive Verified","Pure Sale","[PREMIUM]",,"FORT WAYNE","IN","46803 1546","USA","USD","[PREMIUM]","[PREMIUM]","MC10",false,"[PREMIUM]","S",false,false,"[PREMIUM]",,,,,,,,"[PREMIUM]"
"58976176","2026-08-15 04:15:48.563","2026-08-23 23:47:21.471","58976176","2026-08-17 12:24:29.000","[PREMIUM]","360","IN - FORT WAYNE","2026-08-24","MONDAY","1000","EDT","0","V",2020,"KIA","OPTIMA","OPTIMA","SEDAN","GRAY","FRONT END",,"TX","SV","YES","D",130646,"A","[PREMIUM]",11837.5,"2.4L 4","FRONT WHEEL DRIVE","AUTOMATIC","GAS",4,"Run & Drive Verified","Pure Sale","[PREMIUM]",,"FORT WAYNE","IN","46803 1546","USA","USD","[PREMIUM]","[PREMIUM]","G020",false,"[PREMIUM]","LX",false,false,"[PREMIUM]",,,,,,,,"[PREMIUM]"
"96196835","2026-08-15 04:15:44.622","2026-08-29 11:47:08.692","96196835","2026-08-27 21:59:05.000","[PREMIUM]","357","TX - HOUSTON EAST","2026-08-31","MONDAY","1200","CDT","102","V",2013,"FORD","CMAX","C-MAX",,"SILVER","SIDE",,"TX","SV","YES","D",135030,"A","[PREMIUM]",4756.51,"2.0L  4","Front-wheel Drive","AUTOMATIC","HYBRID ENGINE",4,"Run & Drive Verified","Pure Sale","[PREMIUM]",,"HOUSTON","TX","77049 1968","USA","USD","[PREMIUM]","[PREMIUM]","E160",false,"[PREMIUM]","SE",false,false,"[PREMIUM]",,,,,,,,"[PREMIUM]"
"85792465","2026-08-15 04:15:44.541","2026-08-29 11:47:08.631","85792465","2026-08-14 22:26:53.000","[PREMIUM]","357","TX - HOUSTON EAST",,,,"CDT","0","V",2017,"TOYOTA","SEQUOIA","SEQUOIA","4DR SPORT UTILITY","WHITE","REAR END",,"TX","SV","YES","D",163609,"A","[PREMIUM]",17161.19,"5.7L 8","REAR WHEEL DRIVE","AUTOMATIC","GAS",8,"Run & Drive Verified","Pure Sale","[PREMIUM]",,"HOUSTON","TX","77049 1968","USA","USD","[PREMIUM]","[PREMIUM]","M150",false,"[PREMIUM]","PLATINUM",false,false,"[PREMIUM]",,,,,,,,"[PREMIUM]"
"65253936","2026-08-15 04:15:44.364","2026-08-27 11:45:44.505","65253936","2026-08-25 21:20:54.000","[PREMIUM]","357","TX - HOUSTON EAST","2026-08-27","THURSDAY","1200","CDT","2013","V",2011,"TOYOTA","YARIS","YARIS","HATCHBACK","RED","FRONT END","SIDE","TX","SV","YES","D",171777,"A","[PREMIUM]",5133.14,"1.5L 4","FRONT WHEEL DRIVE","AUTOMATIC","GAS",4,"Run & Drive Verified","On Minimum Bid","[PREMIUM]",,"HOUSTON","TX","77049 1968","USA","USD","[PREMIUM]","[PREMIUM]","L110",false,"[PREMIUM]","BASE",false,false,"[PREMIUM]",,,,,,,,"[PREMIUM]"
"64888106","2026-08-15 04:15:44.346","2026-08-27 11:45:44.436","64888106","2026-08-24 19:20:02.000","[PREMIUM]","357","TX - HOUSTON EAST","2026-08-27","THURSDAY","1200","CDT","1145","V",2019,"CHEVROLET","CRUZE","CRUZE","SEDAN","WHITE","REAR END",,"TX","SV","YES","E",139338,"A","[PREMIUM]",6392,"1.4L 4","FRONT WHEEL DRIVE","AUTOMATIC","GAS",4,"DEFAULT","Pure Sale","[PREMIUM]",,"HOUSTON","TX","77049 1968","USA","USD","[PREMIUM]","[PREMIUM]","B070",false,"[PREMIUM]","LT",false,false,"[PREMIUM]",,,,,,,,"[PREMIUM]"
"64791646","2026-08-15 04:15:44.329","2026-08-29 11:47:07.940","64791646","2026-08-27 19:20:27.000","[PREMIUM]","881","*NCS - CENTRAL REGION","2026-08-31","MONDAY","2000","CDT","0","V",2018,"NISSAN","ROGUE","ROGUE","WAGON","BLACK","FRONT END","SIDE","TX","SV","YES","E",173918,"N","[PREMIUM]",8356,"2.5L 4","FRONT WHEEL DRIVE","AUTOMATIC","GAS",4,"DEFAULT","On Approval","[PREMIUM]",,"HOUSTON","TX","77049 1968","USA","USD","[PREMIUM]","[PREMIUM]","B130",false,"[PREMIUM]","S",false,false,"[PREMIUM]",,,,,,,,"[PREMIUM]"
"64751376","2026-08-15 04:15:44.312","2026-08-27 11:45:44.394","64751376","2026-08-24 19:20:02.000","[PREMIUM]","357","TX - HOUSTON EAST","2026-08-27","THURSDAY","1200","CDT","1164","V",2022,"RAM","1500","1500 CLASSIC",,"WHITE","FRONT END",,"TX","SV","YES",,131313,"A","[PREMIUM]",12374.83,,,"AUTOMATIC",,,,"Pure Sale","[PREMIUM]",,"HOUSTON","TX","77049 1968","USA","USD","[PREMIUM]","[PREMIUM]","K130",false,"[PREMIUM]","TRADESMAN",false,false,"[PREMIUM]",,,,,,,,"[PREMIUM]"
"64629596","2026-08-15 04:15:44.297","2026-08-29 11:47:07.851","64629596","2026-08-27 21:59:04.000","[PREMIUM]","357","TX - HOUSTON EAST","2026-08-31","MONDAY","1200","CDT","81","V",2013,"MINI","COOPER","COOPER","STATION WAGON","BROWN","FRONT END","MINOR DENT/SCRATCHES","TX","SV","YES","D",147801,"A","[PREMIUM]",4346.42,"1.6L 4","FRONT WHEEL DRIVE","AUTOMATIC","GAS",4,"Run & Drive Verified","Pure Sale","[PREMIUM]",,"HOUSTON","TX","77049 1968","USA","USD","[PREMIUM]","[PREMIUM]","F110",false,"[PREMIUM]","S COUNTRYMAN",false,false,"[PREMIUM]",,,,,,,,"[PREMIUM]"
"64075076","2026-08-15 04:15:44.194","2026-08-29 11:47:07.633","64075076","2026-08-21 15:54:33.000","[PREMIUM]","357","TX - HOUSTON EAST",,,,"CDT","0","V",2023,"HONDA","ACCORD","ACCORD","SEDAN","BLACK","WATER/FLOOD",,"TX","FV","YES","E",0,"N","[PREMIUM]",0,"1.5L 4","FRONT WHEEL DRIVE","AUTOMATIC","GAS",4,"DEFAULT","Pure Sale","[PREMIUM]",,"HOUSTON","TX","77049 1968","USA","USD","[PREMIUM]","[PREMIUM]","L060",false,"[PREMIUM]","EX",false,false,"[PREMIUM]",,,,,,,,"[PREMIUM]"
"63869486","2026-08-15 04:15:44.171","2026-08-29 11:47:07.580","63869486","2026-08-27 21:59:05.000","[PREMIUM]","357","TX - HOUSTON EAST","2026-08-31","MONDAY","1200","CDT","2539","V",2022,"TOYOTA","CAMRY LE","CAMRY",,"WHITE","FRONT END",,"TX","SV","NO","E",0,"N","[PREMIUM]",16491.49,,,"AUTOMATIC",,,"DEFAULT","Pure Sale","[PREMIUM]",,"HOUSTON","TX","77049 1968","USA","USD","[PREMIUM]","[PREMIUM]","G110",false,"[PREMIUM]","LE",false,false,"[PREMIUM]",,,,,,,,"[PREMIUM]"
"63746796","2026-08-15 04:15:44.132","2026-08-27 11:45:44.076","63746796","2026-08-24 19:20:02.000","[PREMIUM]","357","TX - HOUSTON EAST","2026-08-27","THURSDAY","1200","CDT","33","V",2015,"VOLKSWAGEN","PASSAT","PASSAT","SEDAN 4DR","SILVER","FRONT END",,"TX","SV","YES","D",138741,"A","[PREMIUM]",4249.21,"1.8L 4","FRONT WHEEL DRIVE","AUTOMATIC","GAS",4,"Run & Drive Verified","Pure Sale","[PREMIUM]",,"HOUSTON","TX","77049 1968","USA","USD","[PREMIUM]","[PREMIUM]","H110",false,"[PREMIUM]","S",false,false,"[PREMIUM]",,,,,,,,"[PREMIUM]"
"63444746","2026-08-15 04:15:44.017","2026-08-20 17:43:43.991","63444746","2026-08-18 16:22:21.000","[PREMIUM]","357","TX - HOUSTON EAST","2026-08-20","THURSDAY","1200","CDT","2014","V",2018,"LEXUS","RX350","RX 350","SUV","WHITE","WATER/FLOOD","MINOR DENT/SCRATCHES","TX","FV","YES","D",123776,"A","[PREMIUM]",12436.88,"3.5L 6","FRONT WHEEL DRIVE","AUTOMATIC","GAS",6,"Run & Drive Verified","Pure Sale","[PREMIUM]",,"HOUSTON","TX","77049 1968","USA","USD","[PREMIUM]","[PREMIUM]","H160",false,"[PREMIUM]","BASE",false,false,"[PREMIUM]",,,,,,,,"[PREMIUM]"
"63501276","2026-08-15 04:15:44.004","2026-08-20 17:43:43.976","63501276","2026-08-18 16:22:22.000","[PREMIUM]","357","TX - HOUSTON EAST","2026-08-20","THURSDAY","1200","CDT","2561","V",2011,"DODGE","RAM 1500","RAM 1500","CREW PICKUP","TAN","FRONT END","SIDE","TX","SV","NO","E",0,"N","[PREMIUM]",21607.75,"5.7L 8","REAR WHEEL DRIVE","AUTOMATIC","GAS",8,"DEFAULT","Pure Sale","[PREMIUM]",,"HOUSTON","TX","77049 1968","USA","USD","[PREMIUM]","[PREMIUM]","E130",false,"[PREMIUM]",,false,false,"[PREMIUM]",,,,,,,,"[PREMIUM]"
"62338576","2026-08-15 04:15:43.543","2026-08-29 11:47:07.002","62338576","2026-08-14 22:29:25.000","[PREMIUM]","357","TX - HOUSTON EAST",,,,"CDT","0","V",2022,"TOYOTA","COROLLA","COROLLA","SEDAN","BLUE","FRONT END","SIDE","TX","SV","YES","D",45097,"A","[PREMIUM]",11340.54,"1.8L 4","FRONT WHEEL DRIVE","AUTOMATIC","GAS",4,"Run & Drive Verified","Pure Sale","[PREMIUM]",,"HOUSTON","TX","77049 1968","USA","USD","[PREMIUM]","[PREMIUM]","REC",false,"[PREMIUM]","LE",false,false,"[PREMIUM]",,,,,,,,"[PREMIUM]"
"62006946","2026-08-15 04:15:43.457","2026-08-29 11:47:06.772","62006946","2026-08-14 22:24:03.000","[PREMIUM]","357","TX - HOUSTON EAST",,,,"CDT","0","V",2019,"TOYOTA","C-HR","C-HR","WAGON","GRAY","FRONT END","SIDE","TX","SV","YES","S",99648,"A","[PREMIUM]",18458.13,"2.0L 4","FRONT WHEEL DRIVE","AUTOMATIC","GAS",4,"Vehicle Starts","Pure Sale","[PREMIUM]",,"HOUSTON","TX","77049 1968","USA","USD","[PREMIUM]","[PREMIUM]","D070",false,"[PREMIUM]","LIMITED",false,false,"[PREMIUM]",,,,,,,,"[PREMIUM]"
"61820316","2026-08-15 04:15:43.404","2026-08-27 11:45:43.240","61820316","2026-08-24 19:20:02.000","[PREMIUM]","357","TX - HOUSTON EAST","2026-08-27","THURSDAY","1200","CDT","68","V",2020,"KIA","FORTE","FORTE","SEDAN","GRAY","REAR END","FRONT END","TX","SV","YES","D",80788,"A","[PREMIUM]",11095.93,"2.0L 4","FRONT WHEEL DRIVE","AUTOMATIC","GAS",4,"Run & Drive Verified","On Minimum Bid","[PREMIUM]",,"HOUSTON","TX","77049 1968","USA","USD","[PREMIUM]","[PREMIUM]","C090",false,"[PREMIUM]","FE",false,false,"[PREMIUM]",,,,,,,,"[PREMIUM]"
"61364876","2026-08-15 04:15:43.231","2026-08-29 11:47:06.400","61364876","2026-08-14 22:26:53.000","[PREMIUM]","357","TX - HOUSTON EAST",,,,"CDT","0","V",2018,"FORD","F-150","F150","PICKUP","BLACK","FRONT END",,"TX","SV","YES","D",175129,"A","[PREMIUM]",11919,"2.7L 6","REAR WHEEL DRIVE","AUTOMATIC","GAS",6,"Run & Drive Verified","Pure Sale","[PREMIUM]",,"HOUSTON","TX","77049 1968","USA","USD","[PREMIUM]","[PREMIUM]","J140",false,"[PREMIUM]","SUPERCREW",false,false,"[PREMIUM]",,,,,,,,"[PREMIUM]"
"61068956","2026-08-15 04:15:43.116","2026-08-29 11:47:06.314","61068956","2026-08-27 21:59:05.000","[PREMIUM]","357","TX - HOUSTON EAST","2026-08-31","MONDAY","1200","CDT","2591","V",2012,"TOYOTA","SIENNA","SIENNA","SPORTS VAN","BLACK","REAR END","FRONT END","TX","SV","YES","E",0,"N","[PREMIUM]",6339.64,"3.5L 6","FRONT WHEEL DRIVE","AUTOMATIC","GAS",6,"DEFAULT","Pure Sale","[PREMIUM]",,"HOUSTON","TX","77049 1968","USA","USD","[PREMIUM]","[PREMIUM]","B080",false,"[PREMIUM]","SPORT",false,false,"[PREMIUM]",,,,,,,,"[PREMIUM]"
"60363196","2026-08-15 04:15:42.801","2026-08-29 11:47:06.046","60363196","2026-08-27 21:59:05.000","[PREMIUM]","357","TX - HOUSTON EAST","2026-08-31","MONDAY","1200","CDT","87","V",2022,"HYUNDAI","TUCSON","TUCSON","SPORT UTILITY VEHICLE","WHITE","FRONT END",,"TX","SV","YES","D",36940,"A","[PREMIUM]",14116.61,"2.5L 4","FRONT WHEEL DRIVE","AUTOMATIC","GAS",4,"Run & Drive Verified","Pure Sale","[PREMIUM]",,"HOUSTON","TX","77049 1968","USA","USD","[PREMIUM]","[PREMIUM]","I130",false,"[PREMIUM]","SEL",false,false,"[PREMIUM]",,,,,,,,"[PREMIUM]"
"60241426","2026-08-15 04:15:42.716","2026-08-29 11:47:05.992","60241426","2026-08-14 22:24:03.000","[PREMIUM]","357","TX - HOUSTON EAST",,,,"CDT","0","V",2019,"FORD","EXPEDITION","EXPEDITION","SPORT UTILITY VEHICLE","BLUE","FRONT END",,"TX","SV","YES","E",138761,"A","[PREMIUM]",16155.26,"3.5L 6","REAR WHEEL DRIVE","AUTOMATIC","GAS",6,"DEFAULT","Pure Sale","[PREMIUM]",,"HOUSTON","TX","77049 1968","USA","USD","[PREMIUM]","[PREMIUM]","C130",false,"[PREMIUM]","MAX PLATINUM",false,false,"[PREMIUM]",,,,,,,,"[PREMIUM]"
"60182716","2026-08-15 04:15:42.701","2026-08-29 11:47:05.957","60182716","2026-08-27 21:59:04.000","[PREMIUM]","357","TX - HOUSTON EAST","2026-08-31","MONDAY","1200","CDT","26","V",2014,"HONDA","CRV","CR-V","4DR SPORT UTILITY","SILVER","SIDE","FRONT END","TX","SV","YES","D",86482,"A","[PREMIUM]",11671,"2.4L 4","FRONT WHEEL DRIVE","AUTOMATIC","GAS",4,"Run & Drive Verified","Pure Sale","[PREMIUM]",,"HOUSTON","TX","77049 1968","USA","USD","[PREMIUM]","[PREMIUM]","I170",false,"[PREMIUM]","LX",false,false,"[PREMIUM]",,,,,,,,"[PREMIUM]"
"60166486","2026-08-15 04:15:42.696","2026-08-29 11:47:05.958","60166486","2026-08-14 22:26:53.000","[PREMIUM]","357","TX - HOUSTON EAST",,,,"CDT","0","V",2017,"NISSAN","ALTIMA","ALTIMA","SEDAN","SILVER","REAR END","FRONT END","TX","SV","YES","D",130999,"A","[PREMIUM]",0,"2.5L 4","FRONT WHEEL DRIVE","AUTOMATIC","GAS",4,"Run & Drive Verified","Pure Sale","[PREMIUM]",,"HOUSTON","TX","77049 1968","USA","USD","[PREMIUM]","[PREMIUM]","H170",false,"[PREMIUM]","2.5 SV",false,false,"[PREMIUM]",,,,,,,,"[PREMIUM]"
"60059116","2026-08-15 04:15:42.590","2026-08-20 17:43:42.098","60059116","2026-08-18 16:22:21.000","[PREMIUM]","357","TX - HOUSTON EAST","2026-08-20","THURSDAY","1200","CDT","2533","V",2025,"CHEVROLET","BLAZER","BLAZER","SPORT UTILITY VEHICLE","WHITE","FRONT END",,"TX","SV","YES","S",23741,"A","[PREMIUM]",22042.84,"3.6L 6","FRONT WHEEL DRIVE","AUTOMATIC","GAS",6,"Vehicle Starts","On Minimum Bid","[PREMIUM]",,"HOUSTON","TX","77049 1968","USA","USD","[PREMIUM]","[PREMIUM]","C160",false,"[PREMIUM]","RS",false,false,"[PREMIUM]",,,,,,,,"[PREMIUM]"
"60038626","2026-08-15 04:15:42.557","2026-08-29 11:47:05.869","60038626","2026-08-19 21:46:20.000","[PREMIUM]","357","TX - HOUSTON EAST",,,,"CDT","0","V",2020,"HONDA","CIVIC","CIVIC","SEDAN","BLUE","REAR END",,"TX","FV","YES","D",60253,"A","[PREMIUM]",14421.24,"2.0L 4","FRONT WHEEL DRIVE","AUTOMATIC","GAS",4,"Run & Drive Verified","Pure Sale","[PREMIUM]",,"HOUSTON","TX","77049 1968","USA","USD","[PREMIUM]","[PREMIUM]","C110",false,"[PREMIUM]","SPORT",false,false,"[PREMIUM]",,,,,,,,"[PREMIUM]"
"59888466","2026-08-15 04:15:42.514","2026-08-29 11:47:05.814","59888466","2026-08-14 22:26:53.000","[PREMIUM]","357","TX - HOUSTON EAST",,,,"CDT","0","V",2021,"VOLKSWAGEN","ATLAS","ATLAS","SPORT UTILITY VEHICLE","BLUE","MINOR DENT/SCRATCHES",,"TX","SV","YES","D",47133,"A","[PREMIUM]",7615.82,"2.0L 4","FRONT WHEEL DRIVE","AUTOMATIC","GAS",4,"Run & Drive Verified","Pure Sale","[PREMIUM]",,"HOUSTON","TX","77049 1968","USA","USD","[PREMIUM]","[PREMIUM]","D080",false,"[PREMIUM]","SE",false,false,"[PREMIUM]",,,,,,,,"[PREMIUM]"
"59973746","2026-08-15 04:15:42.492","2026-08-29 11:47:05.816","59973746","2026-08-14 22:24:29.000","[PREMIUM]","357","TX - HOUSTON EAST",,,,"CDT","0","V",2021,"NISSAN","ARMADA","ARMADA","SPORT UTILITY VEHICLE","WHITE","FRONT END",,"TX","CT","YES","D",102075,"A","[PREMIUM]",13673,"5.6L 8","REAR WHEEL DRIVE","AUTOMATIC","GAS",8,"Run & Drive Verified","On Approval","[PREMIUM]",,"HOUSTON","TX","77049 1968","USA","USD","[PREMIUM]","[PREMIUM]","H120",false,"[PREMIUM]","SL",false,false,"[PREMIUM]",,,,,,,,"[PREMIUM]"
"59658496","2026-08-15 04:15:42.435","2026-08-29 11:47:05.735","59658496","2026-08-28 15:28:34.000","[PREMIUM]","836","HEAVY TRUCK SPECIALTY SALE","2026-09-03","THURSDAY","1100","CDT","0","R",2020,"FOREST RIVER","SALEM 25RB","SALEM 25RB",,"TWO TONE","WATER/FLOOD",,"TX","FV","EXM","E",0,"N","[PREMIUM]",20079,,,"NONE",,,"DEFAULT","On Minimum Bid","[PREMIUM]",,"HOUSTON","TX","77049 1968","USA","USD","[PREMIUM]","[PREMIUM]","S200",false,"[PREMIUM]",,false,false,"[PREMIUM]",,,,,,,,"[PREMIUM]"
"59180666","2026-08-15 04:15:42.323","2026-08-29 11:47:05.618","59180666","2026-08-14 22:27:47.000","[PREMIUM]","357","TX - HOUSTON EAST",,,,"CDT","0","V",2025,"TOYOTA","CAMRY","CAMRY","SEDAN","GRAY","REAR END","FRONT END","TX","SV","YES","D",21057,"A","[PREMIUM]",20831.53,"2.5L 4","FRONT WHEEL DRIVE","AUTOMATIC","ELECTRIC AND GAS HYBRID",4,"Run & Drive Verified","Pure Sale","[PREMIUM]",,"HOUSTON","TX","77049 1968","USA","USD","[PREMIUM]","[PREMIUM]","G070",false,"[PREMIUM]","SE",false,false,"[PREMIUM]",,,,,,,,"[PREMIUM]"
"59161986","2026-08-15 04:15:42.313","2026-08-29 11:47:05.613","59161986","2026-08-14 22:24:29.000","[PREMIUM]","357","TX - HOUSTON EAST",,,,"CDT","0","V",2023,"KIA","RIO","RIO","SEDAN","SILVER","FRONT END","MINOR DENT/SCRATCHES","TX","CT","YES","D",40319,"A","[PREMIUM]",4967.07,"1.6L 4","FRONT WHEEL DRIVE","AUTOMATIC","GAS",4,"Run & Drive Verified","Pure Sale","[PREMIUM]",,"HOUSTON","TX","77049 1968","USA","USD","[PREMIUM]","[PREMIUM]","L120",false,"[PREMIUM]","LX",false,false,"[PREMIUM]",,,,,,,,"[PREMIUM]"
"58773746","2026-08-15 04:15:42.179","2026-08-20 17:43:41.569","58773746","2026-08-18 16:22:22.000","[PREMIUM]","357","TX - HOUSTON EAST","2026-08-20","THURSDAY","1200","CDT","2560","V",2021,"NISSAN","KICKS","KICKS","HATCHBACK","SILVER","FRONT END","MINOR DENT/SCRATCHES","TX","SV","YES","S",138512,"A","[PREMIUM]",16516.92,"1.6L 4","FRONT WHEEL DRIVE","AUTOMATIC","GAS",4,"Vehicle Starts","Pure Sale","[PREMIUM]",,"HOUSTON","TX","77049 1968","USA","USD","[PREMIUM]","[PREMIUM]","B140",false,"[PREMIUM]","SV",false,false,"[PREMIUM]",,,,,,,,"[PREMIUM]"
"58846836","2026-08-15 04:15:42.165","2026-08-29 11:47:05.563","58846836","2026-08-14 22:29:25.000","[PREMIUM]","357","TX - HOUSTON EAST",,,,"CDT","0","V",2019,"HONDA","CIVIC","CIVIC","SEDAN","WHITE","FRONT END","SIDE","TX","SV","YES","D",90932,"A","[PREMIUM]",11947.24,"2.0L 4","FRONT WHEEL DRIVE","AUTOMATIC","GAS",4,"Run & Drive Verified","Pure Sale","[PREMIUM]",,"HOUSTON","TX","77049 1968","USA","USD","[PREMIUM]","[PREMIUM]","D120",false,"[PREMIUM]","LX",false,false,"[PREMIUM]",,,,,,,,"[PREMIUM]"
"58821846","2026-08-15 04:15:42.165","2026-08-27 11:45:41.985","58821846","2026-08-24 19:20:02.000","[PREMIUM]","357","TX - HOUSTON EAST","2026-08-27","THURSDAY","1200","CDT","1107","V",2020,"NISSAN","ROGUE","ROGUE","WAGON","GRAY","FRONT END",,"TX","SV","YES","E",40102,"A","[PREMIUM]",13685,"2.5L 4","ALL WHEEL DRIVE","AUTOMATIC","GAS",4,"DEFAULT","Pure Sale","[PREMIUM]",,"HOUSTON","TX","77049 1968","USA","USD","[PREMIUM]","[PREMIUM]","E080",false,"[PREMIUM]","S",false,false,"[PREMIUM]",,,,,,,,"[PREMIUM]"
"58621056","2026-08-15 04:15:42.110","2026-08-20 17:43:41.523","58621056","2026-08-18 16:22:22.000","[PREMIUM]","357","TX - HOUSTON EAST","2026-08-20","THURSDAY","1200","CDT","2569","V",2011,"TOYOTA","COROLLA","COROLLA","SEDAN","SILVER","FRONT END","REAR END","TX","SV","YES","E",0,"N","[PREMIUM]",9540.55,"1.8L 4","FRONT WHEEL DRIVE","MANUAL","GAS",4,"DEFAULT","On Minimum Bid","[PREMIUM]",,"HOUSTON","TX","77049 1968","USA","USD","[PREMIUM]","[PREMIUM]","D120",false,"[PREMIUM]","BASE",false,false,"[PREMIUM]",,,,,,,,"[PREMIUM]"
"56182776","2026-08-15 04:15:41.352","2026-08-27 11:45:41.377","56182776","2026-08-24 19:20:02.000","[PREMIUM]","357","TX - HOUSTON EAST","2026-08-27","THURSDAY","1200","CDT","1120","V",2012,"TOYOTA","TUNDRA","TUNDRA","CREW PICKUP","BLACK","BURN - ENGINE","BURN - INTERIOR","TX","NX","EXM","E",0,"N","[PREMIUM]",19722.16,"5.7L 8","4X4 W/REAR WHEEL DRV","AUTOMATIC","FLEXIBLE",8,"DEFAULT","Pure Sale","[PREMIUM]",,"HOUSTON","TX","77049 1968","USA","USD","[PREMIUM]","[PREMIUM]","N230",false,"[PREMIUM]","CREWMAX SR5",false,false,"[PREMIUM]",,,,,,,,"[PREMIUM]"
"56181296","2026-08-15 04:15:41.349","2026-08-29 11:47:04.912","56181296","2026-08-14 22:27:21.000","[PREMIUM]","357","TX - HOUSTON EAST",,,,"CDT","0","V",2020,"LINCOLN","NAUTILUS","NAUTILUS","SPORT UTILITY VEHICLE","WHITE","HAIL",,"TX","CT","YES","D",96845,"A","[PREMIUM]",9405,"2.0L 4","FRONT WHEEL DRIVE","AUTOMATIC","GAS",4,"Run & Drive Verified","Pure Sale","[PREMIUM]",,"HOUSTON","TX","77049 1968","USA","USD","[PREMIUM]","[PREMIUM]","E080",false,"[PREMIUM]",,false,false,"[PREMIUM]",,,,,,,,"[PREMIUM]"
"55600826","2026-08-15 04:15:41.184","2026-08-29 11:47:04.803","55600826","2026-08-14 22:26:53.000","[PREMIUM]","357","TX - HOUSTON EAST",,,,"CDT","0","V",2005,"HONDA","CRV","CR-V","4DR SPORT UTILITY","SILVER","SIDE","FRONT END","TX","SV","YES","D",151932,"E","[PREMIUM]",5802.05,"2.4L 4","FRONT WHEEL DRIVE","AUTOMATIC","GAS",4,"Run & Drive Verified","Pure Sale","[PREMIUM]",,"HOUSTON","TX","77049 1968","USA","USD","[PREMIUM]","[PREMIUM]","H160",false,"[PREMIUM]","LX",false,false,"[PREMIUM]",,,,,,,,"[PREMIUM]"
"54412466","2026-08-15 04:15:41.030","2026-08-20 17:43:40.243","54412466","2026-08-19 15:46:58.000","[PREMIUM]","357","TX - HOUSTON EAST","2026-08-20","THURSDAY","1200","CDT","2530","V",2015,"NISSAN","FRONTIER","FRONTIER","PICKUP","WHITE","FRONT END",,"TX","SV","NO","E",0,"N","[PREMIUM]",6849,"2.5L 4","4X2","AUTOMATIC","GAS",4,"DEFAULT","Pure Sale","[PREMIUM]",,"HOUSTON","TX","77049 1968","USA","USD","[PREMIUM]","[PREMIUM]","INSP",false,"[PREMIUM]","S",false,false,"[PREMIUM]",,,,,,,,"[PREMIUM]"
"54562126","2026-08-15 04:15:41.022","2026-08-29 11:47:04.764","54562126","2026-08-14 22:24:03.000","[PREMIUM]","357","TX - HOUSTON EAST",,,,"CDT","0","V",2024,"BMW","X4","X4","SPORT UTILITY VEHICLE","WHITE","FRONT END","SIDE","TX","SV","YES",,0,"N","[PREMIUM]",42361.03,"3.0L 6","ALL WHEEL DRIVE","AUTOMATIC","GAS",6,,"Pure Sale","[PREMIUM]",,"HOUSTON","TX","77049 1968","USA","USD","[PREMIUM]","[PREMIUM]","L050",false,"[PREMIUM]","M40I",false,false,"[PREMIUM]",,,,,,,,"[PREMIUM]"
"53657716","2026-08-15 04:15:40.892","2026-08-27 11:45:41.112","53657716","2026-08-24 19:20:02.000","[PREMIUM]","357","TX - HOUSTON EAST","2026-08-27","THURSDAY","1200","CDT","1117","V",2017,"FORD","FOCUS","FOCUS","SEDAN","GRAY","FRONT END","REAR END","TX","SV","EXM","E",0,"N","[PREMIUM]",1000,"2.0L 4","FRONT WHEEL DRIVE","AUTOMATIC","GAS",4,"DEFAULT","Pure Sale","[PREMIUM]",,"HOUSTON","TX","77049 1968","USA","USD","[PREMIUM]","[PREMIUM]","H120",false,"[PREMIUM]","SEL",false,false,"[PREMIUM]",,,,,,,,"[PREMIUM]"
"53248666","2026-08-15 04:15:40.837","2026-08-29 11:47:04.625","53248666","2026-08-27 21:59:05.000","[PREMIUM]","357","TX - HOUSTON EAST","2026-08-31","MONDAY","1200","CDT","89","V",2015,"NISSAN","ALTIMA","ALTIMA","SEDAN 4D","GRAY","SIDE","REAR END","TX","SV","YES","D",127679,"A","[PREMIUM]",5852,,,"AUTOMATIC",,,"Run & Drive Verified","Pure Sale","[PREMIUM]",,"HOUSTON","TX","77049 1968","USA","USD","[PREMIUM]","[PREMIUM]","B090",false,"[PREMIUM]","S",false,false,"[PREMIUM]",,,,,,,,"[PREMIUM]"
"45504736","2026-08-15 04:15:40.463","2026-08-27 11:45:40.791","45504736","2026-08-24 19:20:02.000","[PREMIUM]","357","TX - HOUSTON EAST","2026-08-27","THURSDAY","1200","CDT","25","V",2006,"ACURA","TSX","TSX","SEDAN 4DR","BLACK","FRONT END",,"TX","SV","YES","D",201140,"E","[PREMIUM]",3981,"2.4L 4","FRONT WHEEL DRIVE","AUTOMATIC","GAS",4,"Run & Drive Verified","Pure Sale","[PREMIUM]",,"HOUSTON","TX","77049 1968","USA","USD","[PREMIUM]","[PREMIUM]","D140",false,"[PREMIUM]",,false,false,"[PREMIUM]",,,,,,,,"[PREMIUM]"
"64627386","2026-08-15 04:15:40.350","2026-08-29 11:47:03.985","64627386","2026-08-14 21:52:56.000","[PREMIUM]","356","NC - CONCORD",,,,"EDT","0","V",2017,"MERCEDES-BENZ","E-CLASS","E","SEDAN 4DR","BLUE","SIDE","FRONT END","NC","SC","YES","S",102743,"A","[PREMIUM]",13334.82,"2.0L 4","ALL WHEEL DRIVE","AUTOMATIC","GAS",4,"Vehicle Starts","Pure Sale","[PREMIUM]",,"CONCORD","NC","28025 8271","USA","USD","[PREMIUM]","[PREMIUM]","B020",false,"[PREMIUM]","300 4MATIC",false,false,"[PREMIUM]",,,,,,,,"[PREMIUM]"
"61414726","2026-08-15 04:15:39.700","2026-08-19 15:03:07.022","61414726","2026-08-17 16:24:20.000","[PREMIUM]","356","NC - CONCORD","2026-08-20","THURSDAY","1000","EDT","2024","V",2020,"ACURA","ILX","ILX","SEDAN","GRAY","REAR END","SIDE","NC","SC","YES","D",58178,"A","[PREMIUM]",12897.88,"2.4L 4","FRONT WHEEL DRIVE","AUTOMATIC","GAS",4,"Run & Drive Verified","Pure Sale","[PREMIUM]",,"CONCORD","NC","28025 8271","USA","USD","[PREMIUM]","[PREMIUM]","I050",false,"[PREMIUM]","PREMIUM",false,false,"[PREMIUM]",,,,,,,,"[PREMIUM]"
"58403656","2026-08-15 04:15:39.143","2026-08-29 11:47:02.540","58403656","2026-08-14 22:48:49.000","[PREMIUM]","356","NC - CONCORD",,,,"EDT","0","V",2013,"HONDA","All Models","ODYSSEY","SPORTS VAN","TAN","FRONT END",,"NC","SC","YES","D",244942,"A","[PREMIUM]",10613,"3.5L 6","FRONT WHEEL DRIVE","AUTOMATIC","GAS",6,"Run & Drive Verified","On Minimum Bid","[PREMIUM]",,"CONCORD","NC","28025 8271","USA","USD","[PREMIUM]","[PREMIUM]","E060",false,"[PREMIUM]",,false,false,"[PREMIUM]",,,,,,,,"[PREMIUM]"
"65107766","2026-08-15 04:15:37.974","2026-08-19 15:03:03.466","65107766","2026-08-19 10:00:34.000","[PREMIUM]","838","RENTAL VEHICLE SALE","2026-08-19","WEDNESDAY","1200","EDT","4028","V",2025,"NISSAN","ALTIMA","ALTIMA","SEDAN","WHITE","FRONT END","SIDE","AZ","NR","YES","E",0,"N","[PREMIUM]",0,"2.5L 4","FRONT WHEEL DRIVE","AUTOMATIC","GAS",4,"DEFAULT","On Approval","[PREMIUM]",,"EAST GRANBY","CT","06026 9765","USA","USD","[PREMIUM]","[PREMIUM]","Q020",false,"[PREMIUM]","SV",false,false,"[PREMIUM]",,,,,,,,"[PREMIUM]"
"64821366","2026-08-15 04:15:37.795","2026-08-17 09:04:32.597","64821366","2026-08-14 22:19:18.000","[PREMIUM]","838","RENTAL VEHICLE SALE","2026-08-17","MONDAY","1200","EDT","0","V",2025,"NISSAN","VERSA","VERSA","SEDAN","SILVER","REAR END",,"MD","CT","YES","D",33335,"A","[PREMIUM]",0,"1.6L 4","FRONT WHEEL DRIVE","AUTOMATIC","GAS",4,"Run & Drive Verified","On Approval","[PREMIUM]",,"EAST GRANBY","CT","06026 9765","USA","USD","[PREMIUM]","[PREMIUM]","I040",false,"[PREMIUM]","SR",false,false,"[PREMIUM]",,,,,,,,"[PREMIUM]"
"91057725","2026-08-15 04:15:33.114","2026-08-20 17:43:29.005","91057725","2026-08-18 19:55:52.000","[PREMIUM]","348","FL - PUNTA GORDA","2026-08-21","FRIDAY","1000","EDT","0","V",2016,"KIA","SORENTO","SORENTO","4DR SPOR","SILVER","FRONT END",,"FL","RB","YES","S",132925,"A","[PREMIUM]",10760.68,"2.4L  4","Front-wheel Drive","AUTOMATIC","GAS",4,"Vehicle Starts","On Minimum Bid","[PREMIUM]",,"ARCADIA","FL","34269","USA","USD","[PREMIUM]","[PREMIUM]","C040",false,"[PREMIUM]","LX",false,false,"[PREMIUM]",,,,,,,,"[PREMIUM]"
"65211866","2026-08-15 04:15:33.019","2026-08-20 17:43:28.787","65211866","2026-08-18 19:16:13.000","[PREMIUM]","348","FL - PUNTA GORDA","2026-08-21","FRIDAY","1000","EDT","0","V",2015,"LINCOLN","MKZ","MKZ","SEDAN 4DR","CHARCOAL","REAR END",,"FL","RB","YES","D",121447,"A","[PREMIUM]",5328.15,"2.0L 4","FRONT WHEEL DRIVE","AUTOMATIC","ELECTRIC AND GAS HYBRID",4,"Run & Drive Verified","Pure Sale","[PREMIUM]",,"ARCADIA","FL","34269","USA","USD","[PREMIUM]","[PREMIUM]","E060",false,"[PREMIUM]","HYBRID",false,false,"[PREMIUM]",,,,,,,,"[PREMIUM]"
"64921446","2026-08-15 04:15:33.009","2026-08-20 17:43:28.726","64921446","2026-08-18 20:33:40.000","[PREMIUM]","348","FL - PUNTA GORDA","2026-08-21","FRIDAY","1000","EDT","0","V",2012,"HONDA","CIVIC","CIVIC","SEDAN 4DR","SILVER","FRONT END",,"FL","RB","YES","E",124905,"A","[PREMIUM]",7308.68,"1.8L 4","FRONT WHEEL DRIVE","AUTOMATIC","GAS",4,"DEFAULT","Pure Sale","[PREMIUM]",,"ARCADIA","FL","34269","USA","USD","[PREMIUM]","[PREMIUM]","N040",false,"[PREMIUM]","LX",false,false,"[PREMIUM]",,,,,,,,"[PREMIUM]"
"64656286","2026-08-15 04:15:32.963","2026-08-23 23:47:03.191","64656286","2026-08-21 02:45:49.000","[PREMIUM]","838","RENTAL VEHICLE SALE","2026-08-24","MONDAY","1200","EDT","0","V",2025,"NISSAN","SENTRA","SENTRA","SEDAN","BLACK","FRONT END",,"OH","CT","YES","D",36024,"A","[PREMIUM]",0,"2.0L 4","FRONT WHEEL DRIVE","AUTOMATIC","GAS",4,"Run & Drive Verified","On Minimum Bid","[PREMIUM]",,"ARCADIA","FL","34269","USA","USD","[PREMIUM]","[PREMIUM]","SF110",false,"[PREMIUM]","SV",false,false,"[PREMIUM]",,,,,,,,"[PREMIUM]"
"64732956","2026-08-15 04:15:32.958","2026-08-20 17:43:28.660","64732956","2026-08-18 20:11:54.000","[PREMIUM]","348","FL - PUNTA GORDA","2026-08-21","FRIDAY","1000","EDT","0","V",2014,"CHRYSLER","MINIVAN","TOWN & COUNTRY","SPORTS VAN","BLACK","ROLLOVER",,"FL","RB","YES","E",140393,"N","[PREMIUM]",0,"3.6L 6","FRONT WHEEL DRIVE","AUTOMATIC","FLEXIBLE",6,"DEFAULT","Pure Sale","[PREMIUM]",,"ARCADIA","FL","34269","USA","USD","[PREMIUM]","[PREMIUM]","N100",false,"[PREMIUM]","TOURING L",false,false,"[PREMIUM]",,,,,,,,"[PREMIUM]"
"64672506","2026-08-15 04:15:32.951","2026-08-20 17:43:28.595","64672506","2026-08-18 20:06:13.000","[PREMIUM]","348","FL - PUNTA GORDA","2026-08-21","FRIDAY","1000","EDT","0","V",2015,"BMW","3 SERIES","328","SEDAN 4DR","WHITE","FRONT END","SIDE","FL","RB","NO",,63853,"A","[PREMIUM]",13678.15,"2.0L 4","REAR WHEEL DRIVE","AUTOMATIC","GAS",4,,"Pure Sale","[PREMIUM]",,"ARCADIA","FL","34269","USA","USD","[PREMIUM]","[PREMIUM]","N010",false,"[PREMIUM]","I",false,false,"[PREMIUM]",,,,,,,,"[PREMIUM]"
"64707916","2026-08-15 04:15:32.950","2026-08-20 17:43:28.609","64707916","2026-08-18 19:27:35.000","[PREMIUM]","348","FL - PUNTA GORDA","2026-08-21","FRIDAY","1000","EDT","0","V",2007,"DODGE","RAM 1500","RAM 1500","CREW PICKUP","RED","SIDE",,"FL","RB","YES","D",197980,"A","[PREMIUM]",4048,"5.7L 8","REAR WHEEL DRIVE","AUTOMATIC","GAS",8,"Run & Drive Verified","Pure Sale","[PREMIUM]",,"ARCADIA","FL","34269","USA","USD","[PREMIUM]","[PREMIUM]","B050",false,"[PREMIUM]","ST",false,false,"[PREMIUM]",,,,,,,,"[PREMIUM]"
"64599486","2026-08-15 04:15:32.914","2026-08-20 17:43:28.545","64599486","2026-08-18 20:49:16.000","[PREMIUM]","348","FL - PUNTA GORDA","2026-08-21","FRIDAY","1000","EDT","0","V",2015,"TOYOTA","COROLLA","COROLLA","SEDAN","GRAY","FRONT END","SIDE","FL","RB","YES","D",94019,"A","[PREMIUM]",6828.35,"1.8L 4","FRONT WHEEL DRIVE","AUTOMATIC","GAS",4,"Run & Drive Verified","Pure Sale","[PREMIUM]",,"ARCADIA","FL","34269","USA","USD","[PREMIUM]","[PREMIUM]","K020",false,"[PREMIUM]","L",false,false,"[PREMIUM]",,,,,,,,"[PREMIUM]"
"64517406","2026-08-15 04:15:32.908","2026-08-17 09:04:25.193","64517406","2026-08-14 22:17:54.000","[PREMIUM]","838","RENTAL VEHICLE SALE","2026-08-17","MONDAY","1200","EDT","0","V",2025,"HYUNDAI","SONATA","SONATA","SEDAN","GRAY","FRONT END",,"FL","CT","YES","D",37865,"A","[PREMIUM]",0,"2.5L 4","FRONT WHEEL DRIVE","AUTOMATIC","GAS",4,"Run & Drive Verified","On Minimum Bid","[PREMIUM]",,"ARCADIA","FL","34269","USA","USD","[PREMIUM]","[PREMIUM]","SF110",false,"[PREMIUM]","SEL",false,false,"[PREMIUM]",,,,,,,,"[PREMIUM]"
"64547176","2026-08-15 04:15:32.904","2026-08-20 17:43:28.562","64547176","2026-08-19 19:48:29.000","[PREMIUM]","348","FL - PUNTA GORDA","2026-08-21","FRIDAY","1000","EDT","0","V",2016,"FORD","TRANSIT","TRANSIT CONNECT","CARGO VAN","WHITE","REAR END",,"FL","RB","YES","D",91850,"A","[PREMIUM]",9484.56,"1.6L 4","FRONT WHEEL DRIVE","AUTOMATIC","GAS",4,"Run & Drive Verified","Pure Sale","[PREMIUM]",,"ARCADIA","FL","34269","USA","USD","[PREMIUM]","[PREMIUM]","K040",false,"[PREMIUM]","XLT",false,false,"[PREMIUM]",,,,,,,,"[PREMIUM]"
"64488516","2026-08-15 04:15:32.862","2026-08-23 23:47:03.161","64488516","2026-08-21 02:45:48.000","[PREMIUM]","838","RENTAL VEHICLE SALE","2026-08-24","MONDAY","1200","EDT","0","V",2024,"MITSUBISHI","MIRAGE","MIRAGE","HATCHBACK","BLACK","FRONT END","REAR END","FL","CD","YES","E",20033,"A","[PREMIUM]",0,"1.2L 3","FRONT WHEEL DRIVE","AUTOMATIC","GAS",3,"DEFAULT","On Minimum Bid","[PREMIUM]",,"ARCADIA","FL","34269","USA","USD","[PREMIUM]","[PREMIUM]","R110",false,"[PREMIUM]","ES",false,false,"[PREMIUM]",,,,,,,,"[PREMIUM]"
"64421786","2026-08-15 04:15:32.853","2026-08-20 17:43:28.441","64421786","2026-08-18 19:27:02.000","[PREMIUM]","348","FL - PUNTA GORDA","2026-08-21","FRIDAY","1000","EDT","0","V",2016,"CHRYSLER","300","300C","SEDAN 4DR","SILVER","FRONT END",,"FL","RB","NO","E",0,"N","[PREMIUM]",13619.18,"3.6L 6","REAR WHEEL DRIVE","AUTOMATIC","FLEXIBLE",6,"DEFAULT","Pure Sale","[PREMIUM]",,"ARCADIA","FL","34269","USA","USD","[PREMIUM]","[PREMIUM]","I030",false,"[PREMIUM]",,false,false,"[PREMIUM]",,,,,,,,"[PREMIUM]"
"64448166","2026-08-15 04:15:32.852","2026-08-20 17:43:28.451","64448166","2026-08-18 19:05:00.000","[PREMIUM]","348","FL - PUNTA GORDA","2026-08-21","FRIDAY","1000","EDT","0","V",2006,"SATURN","VUE","VUE","4DR SPORT UTILITY","SILVER","FRONT END",,"FL","RB","YES","D",183244,"A","[PREMIUM]",2463.24,"2.2L 4","FRONT WHEEL DRIVE","MANUAL","GAS",4,"Run & Drive Verified","Pure Sale","[PREMIUM]",,"ARCADIA","FL","34269","USA","USD","[PREMIUM]","[PREMIUM]","G010",false,"[PREMIUM]",,false,false,"[PREMIUM]",,,,,,,,"[PREMIUM]"
"64478126","2026-08-15 04:15:32.849","2026-08-20 17:43:28.520","64478126","2026-08-20 15:32:18.000","[PREMIUM]","348","FL - PUNTA GORDA","2026-08-21","FRIDAY","1000","EDT","0","V",2025,"GMC","TERRAIN","TERRAIN","SPORT UTILITY VEHICLE","WHITE","REAR END",,"FL","RB","YES","D",27420,"A","[PREMIUM]",16128.87,"1.5L 4","ALL WHEEL DRIVE","AUTOMATIC","GAS",4,"Run & Drive Verified","On Minimum Bid","[PREMIUM]",,"ARCADIA","FL","34269","USA","USD","[PREMIUM]","[PREMIUM]","C020",false,"[PREMIUM]","ELEVATION",false,false,"[PREMIUM]",,,,,,,,"[PREMIUM]"
"64238676","2026-08-15 04:15:32.795","2026-08-24 11:45:44.976","64238676","2026-08-24 10:00:42.000","[PREMIUM]","838","RENTAL VEHICLE SALE","2026-08-24","MONDAY","1200","EDT","2201","V",2026,"BMW","3 SERIES","330XI","SEDAN","WHITE","SIDE",,"FL","CT","YES","D",15200,"A","[PREMIUM]",9603.18,"2.0L 4","ALL WHEEL DRIVE","AUTOMATIC","GAS",4,"Run & Drive Verified","On Minimum Bid","[PREMIUM]",,"ARCADIA","FL","34269","USA","USD","[PREMIUM]","[PREMIUM]","SG120",false,"[PREMIUM]",,false,false,"[PREMIUM]",,,,,,,,"[PREMIUM]"
"64269636","2026-08-15 04:15:32.795","2026-08-20 17:43:28.384","64269636","2026-08-18 19:58:49.000","[PREMIUM]","348","FL - PUNTA GORDA","2026-08-21","FRIDAY","1000","EDT","0","V",2000,"DODGE","DAKOTA","DAKOTA","CREW PICKUP","BURGUNDY","FRONT END","SIDE","FL","RB","YES","D",172250,"E","[PREMIUM]",7931.32,"3.9L 6","REAR WHEEL DRIVE","AUTOMATIC","GAS",6,"Run & Drive Verified","Pure Sale","[PREMIUM]",,"ARCADIA","FL","34269","USA","USD","[PREMIUM]","[PREMIUM]","M100",false,"[PREMIUM]","QUAD",false,false,"[PREMIUM]",,,,,,,,"[PREMIUM]"
"63527576","2026-08-15 04:15:32.640","2026-08-28 23:47:07.785","63527576","2026-08-25 15:41:36.000","[PREMIUM]","348","FL - PUNTA GORDA","2026-09-01","TUESDAY","1000","EDT","0","U",2008,"FORD","F450","F450","CREW CHASSIS","WHITE","FRONT END",,"FL","RB","YES","D",60408,"A","[PREMIUM]",8623,"6.8L 10","REAR WHEEL DRIVE","AUTOMATIC","GAS",10,"Run & Drive Verified","On Minimum Bid","[PREMIUM]",,"ARCADIA","FL","34269","USA","USD","[PREMIUM]","[PREMIUM]","HV060",false,"[PREMIUM]","SUPER DUTY",false,false,"[PREMIUM]",,,,,,,,"[PREMIUM]"
"63607496","2026-08-15 04:15:32.603","2026-08-20 17:43:28.158","63607496","2026-08-18 12:24:58.000","[PREMIUM]","348","FL - PUNTA GORDA","2026-08-21","FRIDAY","1000","EDT","0","V",2017,"BUICK","LACROSSE","LACROSSE","SEDAN 4DR","CHARCOAL","FRONT END","SIDE","FL","CD","YES","S",29401,"A","[PREMIUM]",14481.34,"3.6L 6","FRONT WHEEL DRIVE","AUTOMATIC","GAS",6,"Vehicle Starts","Pure Sale","[PREMIUM]",,"ARCADIA","FL","34269","USA","USD","[PREMIUM]","[PREMIUM]","A010",false,"[PREMIUM]","ESSENCE",false,false,"[PREMIUM]",,,,,,,,"[PREMIUM]"
"63486576","2026-08-15 04:15:32.595","2026-08-20 17:43:28.053","63486576","2026-08-18 19:55:01.000","[PREMIUM]","348","FL - PUNTA GORDA","2026-08-21","FRIDAY","1000","EDT","0","V",2015,"VOLKSWAGEN","BEETLE","BEETLE","CONVERTIBLE","WHITE","FRONT END",,"FL","RB","YES","E",0,"N","[PREMIUM]",5722.92,"1.8L 4","FRONT WHEEL DRIVE","AUTOMATIC","GAS",4,"DEFAULT","Pure Sale","[PREMIUM]",,"ARCADIA","FL","34269","USA","USD","[PREMIUM]","[PREMIUM]","J010",false,"[PREMIUM]","1.8T",false,false,"[PREMIUM]",,,,,,,,"[PREMIUM]"
"63232726","2026-08-15 04:15:32.547","2026-08-20 17:43:27.968","63232726","2026-08-18 20:30:51.000","[PREMIUM]","348","FL - PUNTA GORDA","2026-08-21","FRIDAY","1000","EDT","0","V",2019,"TESLA","MODEL 3","MODEL 3","SEDAN","WHITE","FRONT END",,"FL","RB","EXM","E",0,"N","[PREMIUM]",12749.54,,"REAR WHEEL DRIVE","AUTOMATIC","ELECTRIC",,"DEFAULT","Pure Sale","[PREMIUM]",,"ARCADIA","FL","34269","USA","USD","[PREMIUM]","[PREMIUM]","A100",false,"[PREMIUM]",,false,false,"[PREMIUM]",,,,,,,,"[PREMIUM]"
"63010756","2026-08-15 04:15:32.512","2026-08-20 17:43:27.930","63010756","2026-08-19 13:07:04.000","[PREMIUM]","348","FL - PUNTA GORDA","2026-08-21","FRIDAY","1000","EDT","0","V",2002,"HONDA","ACCORD","ACCORD","SEDAN 4DR","WHITE","FRONT END",,"FL","CD","YES","D",165253,"E","[PREMIUM]",3274.18,"3.0L 6","FRONT WHEEL DRIVE","AUTOMATIC","GAS",6,"Run & Drive Verified","Pure Sale","[PREMIUM]",,"ARCADIA","FL","34269","USA","USD","[PREMIUM]","[PREMIUM]","SC010",false,"[PREMIUM]","EX",false,false,"[PREMIUM]",,,,,,,,"[PREMIUM]"
"63041926","2026-08-15 04:15:32.487","2026-08-29 11:46:52.346","63041926","2026-08-25 14:25:31.000","[PREMIUM]","348","FL - PUNTA GORDA","2026-09-01","TUESDAY","1000","EDT","0","V",2020,"FORD","MUSTANG","MUSTANG","COUPE","CHARCOAL","FRONT END",,"FL","RB","YES","E",65286,"A","[PREMIUM]",18742,"5.0L 8","REAR WHEEL DRIVE","AUTOMATIC","GAS",8,"DEFAULT","On Minimum Bid","[PREMIUM]",,"ARCADIA","FL","34269","USA","USD","[PREMIUM]","[PREMIUM]","I050",false,"[PREMIUM]","GT",false,false,"[PREMIUM]",,,,,,,,"[PREMIUM]"
"62800816","2026-08-15 04:15:32.484","2026-08-20 17:43:27.853","62800816","2026-08-18 19:54:11.000","[PREMIUM]","348","FL - PUNTA GORDA","2026-08-21","FRIDAY","1000","EDT","0","V",2018,"TOYOTA","C-HR","C-HR","WAGON","BLACK","SIDE",,"FL","RB","YES","D",110150,"A","[PREMIUM]",9587.81,"2.0L 4","FRONT WHEEL DRIVE","AUTOMATIC","GAS",4,"Run & Drive Verified","Pure Sale","[PREMIUM]",,"ARCADIA","FL","34269","USA","USD","[PREMIUM]","[PREMIUM]","N010",false,"[PREMIUM]","XLE",false,false,"[PREMIUM]",,,,,,,,"[PREMIUM]"
"62820586","2026-08-15 04:15:32.484","2026-08-20 17:43:27.859","62820586","2026-08-18 20:49:11.000","[PREMIUM]","348","FL - PUNTA GORDA","2026-08-21","FRIDAY","1000","EDT","0","V",2012,"TOYOTA","CAMRY","CAMRY","SEDAN","CHARCOAL","REAR END",,"FL","RB","YES","D",189181,"A","[PREMIUM]",4393,"2.5L 4","FRONT WHEEL DRIVE","AUTOMATIC","GAS",4,"Run & Drive Verified","Pure Sale","[PREMIUM]",,"ARCADIA","FL","34269","USA","USD","[PREMIUM]","[PREMIUM]","K080",false,"[PREMIUM]","LE",false,false,"[PREMIUM]",,,,,,,,"[PREMIUM]"
"62217896","2026-08-15 04:15:32.404","2026-08-20 17:43:27.805","62217896","2026-08-19 13:01:08.000","[PREMIUM]","348","FL - PUNTA GORDA","2026-08-21","FRIDAY","1000","EDT","0","V",2020,"SUBARU","ASCENT","ASCENT","SPORT UTILITY VEHICLE","WHITE","REAR END","SIDE","FL","CD","YES","D",62228,"A","[PREMIUM]",24953.1,"2.4L 4","ALL WHEEL DRIVE","AUTOMATIC","GAS",4,"Run & Drive Verified","On Minimum Bid","[PREMIUM]",,"ARCADIA","FL","34269","USA","USD","[PREMIUM]","[PREMIUM]","N020",false,"[PREMIUM]","PREMIUM",false,false,"[PREMIUM]",,,,,,,,"[PREMIUM]"
"61955646","2026-08-15 04:15:32.369","2026-08-20 17:43:27.697","61955646","2026-08-19 13:52:33.000","[PREMIUM]","348","FL - PUNTA GORDA","2026-08-21","FRIDAY","1000","EDT","0","V",2013,"LEXUS","ES300","ES","SEDAN 4DR","SILVER","REAR END",,"FL","RB","YES","E",162354,"A","[PREMIUM]",2215.61,"2.5L 4","FRONT WHEEL DRIVE","AUTOMATIC","ELECTRIC AND GAS HYBRID",4,"DEFAULT","Pure Sale","[PREMIUM]",,"ARCADIA","FL","34269","USA","USD","[PREMIUM]","[PREMIUM]","G040",false,"[PREMIUM]","300H",false,false,"[PREMIUM]",,,,,,,,"[PREMIUM]"
"61312956","2026-08-15 04:15:32.291","2026-08-24 11:45:44.539","61312956","2026-08-21 19:40:50.000","[PREMIUM]","348","FL - PUNTA GORDA","2026-08-28","FRIDAY","1000","EDT","0","V",2024,"LINCOLN","AVIATOR","AVIATOR","SPORT UTILITY VEHICLE","BLACK","NORMAL WEAR",,"FL","CD","YES","E",64353,"A","[PREMIUM]",31475,"3.0L 6","REAR WHEEL DRIVE","AUTOMATIC","GAS",6,"DEFAULT","On Minimum Bid","[PREMIUM]",,"ARCADIA","FL","34269","USA","USD","[PREMIUM]","[PREMIUM]","G040",false,"[PREMIUM]",,false,false,"[PREMIUM]",,,,,,,,"[PREMIUM]"
"61185396","2026-08-15 04:15:32.281","2026-08-20 17:43:27.557","61185396","2026-08-19 13:07:36.000","[PREMIUM]","348","FL - PUNTA GORDA","2026-08-21","FRIDAY","1000","EDT","0","V",2020,"NISSAN","VERSA","VERSA","SEDAN","GRAY","BURN",,"FL","CD","YES","E",0,"N","[PREMIUM]",13973.58,"1.6L 4","FRONT WHEEL DRIVE","MANUAL","GAS",4,"DEFAULT","Pure Sale","[PREMIUM]",,"ARCADIA","FL","34269","USA","USD","[PREMIUM]","[PREMIUM]","A100",false,"[PREMIUM]","S",false,false,"[PREMIUM]",,,,,,,,"[PREMIUM]"
"60944906","2026-08-15 04:15:32.230","2026-08-20 17:43:27.500","60944906","2026-08-18 20:49:12.000","[PREMIUM]","348","FL - PUNTA GORDA","2026-08-21","FRIDAY","1000","EDT","0","V",2018,"TOYOTA","RAV4","RAV4","SUV","GRAY","FRONT END",,"FL","RB","YES","S",109123,"A","[PREMIUM]",11372,"2.5L 4","FRONT WHEEL DRIVE","AUTOMATIC","GAS",4,"Vehicle Starts","Pure Sale","[PREMIUM]",,"ARCADIA","FL","34269","USA","USD","[PREMIUM]","[PREMIUM]","H060",false,"[PREMIUM]","XLE",false,false,"[PREMIUM]",,,,,,,,"[PREMIUM]"
"60649426","2026-08-15 04:15:32.176","2026-08-20 11:52:12.242","60649426","2026-08-19 13:08:03.000","[PREMIUM]","348","FL - PUNTA GORDA","2026-08-21","FRIDAY","1000","EDT","0","V",2002,"AUDI","A4","A4",,"BLUE","WATER/FLOOD","SIDE","FL","CD","YES","D",75051,"A","[PREMIUM]",4734,"1.8L  4","ALL WHEEL DRIVE","AUTOMATIC","GAS",4,"Run & Drive Verified","Pure Sale","[PREMIUM]",,"ARCADIA","FL","34269","USA","USD","[PREMIUM]","[PREMIUM]","M090",false,"[PREMIUM]","1.8T QUATTRO",false,false,"[PREMIUM]",,,,,,,,"[PREMIUM]"
"60715676","2026-08-15 04:15:32.165","2026-08-20 17:43:27.433","60715676","2026-08-18 19:27:31.000","[PREMIUM]","348","FL - PUNTA GORDA","2026-08-21","FRIDAY","1000","EDT","0","V",2013,"TOYOTA","SIENNA","SIENNA","SPORTS VAN","BEIGE","SIDE",,"FL","RB","YES","D",124736,"A","[PREMIUM]",10414,"3.5L 6","FRONT WHEEL DRIVE","AUTOMATIC","GAS",6,"Run & Drive Verified","Pure Sale","[PREMIUM]",,"ARCADIA","FL","34269","USA","USD","[PREMIUM]","[PREMIUM]","SC010",false,"[PREMIUM]","LE",false,false,"[PREMIUM]",,,,,,,,"[PREMIUM]"
"60761176","2026-08-15 04:15:32.138","2026-08-26 05:48:14.848","60761176","2026-08-19 13:01:59.000","[PREMIUM]","835","MEDIUM DUTY SPECIALTY SALE","2026-08-26","WEDNESDAY","1100","CDT","0","K",2021,"NISSAN","NV 1500 SV","NV","FULL-SIZE","WHITE","FRONT END",,"FL","CD","YES","D",122976,"A","[PREMIUM]",13343,"4.0L 6","REAR WHEEL DRIVE","AUTOMATIC","GAS",6,"Run & Drive Verified","Pure Sale","[PREMIUM]",,"ARCADIA","FL","34269","USA","USD","[PREMIUM]","[PREMIUM]","O030",false,"[PREMIUM]","1500 SV",false,false,"[PREMIUM]",,,,,,,,"[PREMIUM]"
"60473746","2026-08-15 04:15:32.077","2026-08-20 17:43:27.382","60473746","2026-08-18 20:01:24.000","[PREMIUM]","348","FL - PUNTA GORDA","2026-08-21","FRIDAY","1000","EDT","0","V",2019,"LEXUS","ES350","ES","SEDAN","WHITE","FRONT END",,"FL","RB","YES","D",84176,"A","[PREMIUM]",15621.19,"3.5L 6","FRONT WHEEL DRIVE","AUTOMATIC","GAS",6,"Run & Drive Verified","On Minimum Bid","[PREMIUM]",,"ARCADIA","FL","34269","USA","USD","[PREMIUM]","[PREMIUM]","L070",false,"[PREMIUM]","350",false,false,"[PREMIUM]",,,,,,,,"[PREMIUM]"
"59919986","2026-08-15 04:15:32.024","2026-08-20 17:43:27.285","59919986","2026-08-18 20:43:12.000","[PREMIUM]","348","FL - PUNTA GORDA","2026-08-21","FRIDAY","1000","EDT","0","V",2020,"KIA","FORTE","FORTE","SEDAN","BLUE","REAR END",,"FL","RB","YES","D",121230,"A","[PREMIUM]",6650,"2.0L 4","FRONT WHEEL DRIVE","AUTOMATIC","GAS",4,"Run & Drive Verified","Pure Sale","[PREMIUM]",,"ARCADIA","FL","34269","USA","USD","[PREMIUM]","[PREMIUM]","I040",false,"[PREMIUM]","LXS",false,false,"[PREMIUM]",,,,,,,,"[PREMIUM]"
"60271336","2026-08-15 04:15:32.015","2026-08-29 11:46:52.051","60271336","2026-08-25 14:04:17.000","[PREMIUM]","348","FL - PUNTA GORDA","2026-09-01","TUESDAY","1000","EDT","0","V",2021,"TESLA","MODEL S","MODEL S","HATCHBACK","BLACK","FRONT END","REAR END","FL","CD","YES","S",111468,"A","[PREMIUM]",36017,,"ALL WHEEL DRIVE","AUTOMATIC","ELECTRIC",,"Vehicle Starts","On Minimum Bid","[PREMIUM]",,"ARCADIA","FL","34269","USA","USD","[PREMIUM]","[PREMIUM]","K030",false,"[PREMIUM]",,false,false,"[PREMIUM]",,,,,,,,"[PREMIUM]"
"59281256","2026-08-15 04:15:31.929","2026-08-20 17:43:27.215","59281256","2026-08-18 20:18:41.000","[PREMIUM]","348","FL - PUNTA GORDA","2026-08-21","FRIDAY","1000","EDT","0","V",2026,"NISSAN","LEAF","LEAF","HATCHBACK","WHITE","FRONT END",,"FL","RB","YES","S",4929,"A","[PREMIUM]",31430.05,"U","FRONT WHEEL DRIVE","AUTOMATIC","ELECTRIC",,"Vehicle Starts","Pure Sale","[PREMIUM]",,"ARCADIA","FL","34269","USA","USD","[PREMIUM]","[PREMIUM]","L050",false,"[PREMIUM]","PLATINUM +",false,false,"[PREMIUM]",,,,,,,,"[PREMIUM]"
"58509676","2026-08-15 04:15:31.880","2026-08-20 17:43:27.173","58509676","2026-08-18 16:33:17.000","[PREMIUM]","348","FL - PUNTA GORDA","2026-08-21","FRIDAY","1000","EDT","0","V",2024,"TOYOTA","CAMRY","CAMRY","SEDAN","WHITE","SIDE",,"FL","CD","YES","D",66969,"A","[PREMIUM]",20133.25,"2.5L 4","FRONT WHEEL DRIVE","AUTOMATIC","GAS",4,"Run & Drive Verified","Pure Sale","[PREMIUM]",,"ARCADIA","FL","34269","USA","USD","[PREMIUM]","[PREMIUM]","L030",false,"[PREMIUM]","SE",false,false,"[PREMIUM]",,,,,,,,"[PREMIUM]"
"58411196","2026-08-15 04:15:31.877","2026-08-21 12:53:10.478","58411196","2026-08-21 08:00:06.000","[PREMIUM]","348","FL - PUNTA GORDA","2026-08-21","FRIDAY","1000","EDT","2034","V",2020,"CHEVROLET","COLORADO","COLORADO","PICKUP","WHITE","ALL OVER",,"FL","CD","YES","E",68058,"A","[PREMIUM]",25840.11,"2.5L 4","4X4 W/REAR WHEEL DRV","AUTOMATIC","GAS",4,"DEFAULT","Pure Sale","[PREMIUM]",,"ARCADIA","FL","34269","USA","USD","[PREMIUM]","[PREMIUM]","N100",false,"[PREMIUM]","LT",false,false,"[PREMIUM]",,,,,,,,"[PREMIUM]"
"58078546","2026-08-15 04:15:31.833","2026-08-20 17:43:27.118","58078546","2026-08-18 13:17:51.000","[PREMIUM]","348","FL - PUNTA GORDA","2026-08-21","FRIDAY","1000","EDT","0","V",2018,"HYUNDAI","SANTA FE","SANTA FE SPORT","SUV","WHITE","ROLLOVER",,"FL","CD","YES","E",0,"N","[PREMIUM]",0,"2.4L 4","FRONT WHEEL DRIVE","AUTOMATIC","GAS",4,"DEFAULT","Pure Sale","[PREMIUM]",,"ARCADIA","FL","34269","USA","USD","[PREMIUM]","[PREMIUM]","K030",false,"[PREMIUM]","2.4L",false,false,"[PREMIUM]",,,,,,,,"[PREMIUM]"
"57951436","2026-08-15 04:15:31.826","2026-08-20 17:43:27.078","57951436","2026-08-18 20:04:32.000","[PREMIUM]","348","FL - PUNTA GORDA","2026-08-21","FRIDAY","1000","EDT","0","V",2009,"HONDA","ACCORD","ACCORD","SEDAN 4DR","GRAY","FRONT END",,"FL","RB","YES","D",169108,"E","[PREMIUM]",7188.45,"2.4L 4","FRONT WHEEL DRIVE","AUTOMATIC","GAS",4,"Run & Drive Verified","Pure Sale","[PREMIUM]",,"ARCADIA","FL","34269","USA","USD","[PREMIUM]","[PREMIUM]","E030",false,"[PREMIUM]","EXL",false,false,"[PREMIUM]",,,,,,,,"[PREMIUM]"
"57559196","2026-08-15 04:15:31.785","2026-08-18 15:01:11.955","57559196","2026-08-14 22:49:30.000","[PREMIUM]","836","HEAVY TRUCK SPECIALTY SALE",,,,"CDT","0","B",2024,"FORD","TRANSIT","TRANSIT","CUTAWAY","WHITE","REAR END","SIDE","FL","RB","YES","S",49233,"N","[PREMIUM]",56590.01,"3.5L 6","REAR WHEEL DRIVE","AUTOMATIC","GAS",6,"Vehicle Starts","Pure Sale","[PREMIUM]",,"ARCADIA","FL","34269","USA","USD","[PREMIUM]","[PREMIUM]","HV010",false,"[PREMIUM]",,false,false,"[PREMIUM]",,,,,,,,"[PREMIUM]"
"57167006","2026-08-15 04:15:31.778","2026-08-28 12:02:12.191","57167006","2026-08-28 08:00:05.000","[PREMIUM]","348","FL - PUNTA GORDA","2026-08-28","FRIDAY","1000","EDT","2006","V",2014,"DODGE","CHARGER","CHARGER","SEDAN 4DR","GRAY","REAR END",,"FL","RB","YES","E",0,"N","[PREMIUM]",6663.38,"3.6L 6","REAR WHEEL DRIVE","AUTOMATIC","FLEXIBLE",6,"DEFAULT","Pure Sale","[PREMIUM]",,"ARCADIA","FL","34269","USA","USD","[PREMIUM]","[PREMIUM]","N080",false,"[PREMIUM]","SE",false,false,"[PREMIUM]",,,,,,,,"[PREMIUM]"
"56971906","2026-08-15 04:15:31.742","2026-08-20 17:43:26.994","56971906","2026-08-18 20:49:08.000","[PREMIUM]","348","FL - PUNTA GORDA","2026-08-21","FRIDAY","1000","EDT","0","V",2024,"MITSUBISHI","MIRAGE","MIRAGE","SEDAN","SILVER","FRONT END",,"FL","RB","YES","D",13997,"A","[PREMIUM]",7540.37,"1.2L 3","FRONT WHEEL DRIVE","AUTOMATIC","GAS",3,"Run & Drive Verified","Pure Sale","[PREMIUM]",,"ARCADIA","FL","34269","USA","USD","[PREMIUM]","[PREMIUM]","H050",false,"[PREMIUM]","G4 ES",false,false,"[PREMIUM]",,,,,,,,"[PREMIUM]"
"55533516","2026-08-15 04:15:31.629","2026-08-24 11:45:44.166","55533516","2026-08-19 16:50:23.000","[PREMIUM]","348","FL - PUNTA GORDA","2026-08-25","TUESDAY","1000","EDT","0","V",2014,"HONDA","CRV","CR-V","4DR SPORT UTILITY","WHITE","FRONT END",,"FL","RB","YES","D",56018,"A","[PREMIUM]",13286,"2.4L 4","ALL WHEEL DRIVE","AUTOMATIC","GAS",4,"Run & Drive Verified","Pure Sale","[PREMIUM]",,"ARCADIA","FL","34269","USA","USD","[PREMIUM]","[PREMIUM]","J030",false,"[PREMIUM]","EX",false,false,"[PREMIUM]",,,,,,,,"[PREMIUM]"
"55173606","2026-08-15 04:15:31.606","2026-08-25 00:02:49.744","55173606","2026-08-20 19:19:51.000","[PREMIUM]","348","FL - PUNTA GORDA","2026-08-25","TUESDAY","1000","EDT","0","V",2020,"VOLKSWAGEN","TIGUAN","TIGUAN","SPORT UTILITY VEHICLE","BLUE","SIDE","REAR END","FL","CD","YES","E",0,"N","[PREMIUM]",10338.95,"2.0L 4","FRONT WHEEL DRIVE","AUTOMATIC","GAS",4,"DEFAULT","Pure Sale","[PREMIUM]",,"ARCADIA","FL","34269","USA","USD","[PREMIUM]","[PREMIUM]","F010",false,"[PREMIUM]","SE",false,false,"[PREMIUM]",,,,,,,,"[PREMIUM]"
"54679636","2026-08-15 04:15:31.551","2026-08-20 17:43:26.814","54679636","2026-08-18 19:21:54.000","[PREMIUM]","348","FL - PUNTA GORDA","2026-08-21","FRIDAY","1000","EDT","0","V",2019,"VOLKSWAGEN","JETTA","JETTA","SEDAN","GRAY","REAR END",,"FL","RB","YES","D",44963,"A","[PREMIUM]",8721.1,"1.4L 4","FRONT WHEEL DRIVE","AUTOMATIC","GAS",4,"Run & Drive Verified","Pure Sale","[PREMIUM]",,"ARCADIA","FL","34269","USA","USD","[PREMIUM]","[PREMIUM]","N020",false,"[PREMIUM]","S",false,false,"[PREMIUM]",,,,,,,,"[PREMIUM]"
"63646846","2026-08-15 04:15:31.118","2026-08-29 11:46:50.880","63646846","2026-08-14 22:11:09.000","[PREMIUM]","345","KY - EARLINGTON",,,,"CDT","0","V",2015,"NISSAN","MURANO","MURANO","SUV","GRAY","REAR END",,"IL","SC","YES","D",140323,"A","[PREMIUM]",6143.69,"3.5L 6","FRONT WHEEL DRIVE","AUTOMATIC","GAS",6,"Run & Drive Verified","Pure Sale","[PREMIUM]",,"EARLINGTON","KY","42410","USA","USD","[PREMIUM]","[PREMIUM]","E040",false,"[PREMIUM]","SV",false,false,"[PREMIUM]",,,,,,,,"[PREMIUM]"
"62037176","2026-08-15 04:15:30.681","2026-08-29 11:46:50.273","62037176","2026-08-14 22:00:15.000","[PREMIUM]","345","KY - EARLINGTON",,,,"CDT","0","V",2015,"HONDA","CRV","CR-V","4DR SPORT UTILITY","WHITE","FRONT END",,"IL","SC","YES","D",250018,"A","[PREMIUM]",12205,"2.4L 4","ALL WHEEL DRIVE","AUTOMATIC","GAS",4,"Run & Drive Verified","Pure Sale","[PREMIUM]",,"EARLINGTON","KY","42410","USA","USD","[PREMIUM]","[PREMIUM]","E050",false,"[PREMIUM]","EXL",false,false,"[PREMIUM]",,,,,,,,"[PREMIUM]"
"51946636","2026-08-15 04:15:29.083","2026-08-29 11:46:49.001","51946636","2026-08-14 22:07:17.000","[PREMIUM]","345","KY - EARLINGTON",,,,"CDT","0","V",2016,"JEEP","PATRIOT","PATRIOT","4DR SPORT UTILITY","WHITE","SIDE","REAR END","IL","SC","YES","D",133414,"A","[PREMIUM]",5496.71,"2.0L 4","FRONT WHEEL DRIVE","AUTOMATIC","GAS",4,"Run & Drive Verified","Pure Sale","[PREMIUM]",,"EARLINGTON","KY","42410","USA","USD","[PREMIUM]","[PREMIUM]","E030",false,"[PREMIUM]","SPORT",false,false,"[PREMIUM]",,,,,,,,"[PREMIUM]"
"65212026","2026-08-15 04:15:27.856","2026-08-21 17:45:41.701","65212026","2026-08-21 13:00:07.000","[PREMIUM]","343","CA - REDDING","2026-08-21","FRIDAY","1200","PDT","99","V",2013,"NISSAN","ALTIMA","ALTIMA","SEDAN","GRAY","REAR END",,"CA","SC","YES","D",192698,"A","[PREMIUM]",10052.67,"2.5L 4","FRONT WHEEL DRIVE","AUTOMATIC","GAS",4,"Run & Drive Verified","Pure Sale","[PREMIUM]",,"ANDERSON","CA","96007 8706","USA","USD","[PREMIUM]","[PREMIUM]","C070",false,"[PREMIUM]","2.5",false,false,"[PREMIUM]",,,,,,,,"[PREMIUM]"
"65332416","2026-08-15 04:15:27.820","2026-08-26 05:48:10.574","65332416","2026-08-14 23:31:07.000","[PREMIUM]","343","CA - REDDING",,,,"PDT","0","V",2005,"HYUNDAI","ELANTRA","ELANTRA","SEDAN","WHITE","FRONT END","REAR END","CA","SC","YES","D",279156,"A","[PREMIUM]",3656.26,"2.0L 4","FRONT WHEEL DRIVE","AUTOMATIC","GAS",4,"Run & Drive Verified","Pure Sale","[PREMIUM]",,"ANDERSON","CA","96007 8706","USA","USD","[PREMIUM]","[PREMIUM]","B040",false,"[PREMIUM]","GLS",false,false,"[PREMIUM]",,,,,,,,"[PREMIUM]"
"62986586","2026-08-15 04:15:27.749","2026-08-29 11:46:47.162","62986586","2026-08-14 22:43:20.000","[PREMIUM]","343","CA - REDDING",,,,"PDT","0","V",2014,"SUBARU","XV","XV CROSSTREK","4DR SPORT UTILITY","BURN","BURN",,"CA","NR","EXM","E",0,"N","[PREMIUM]",0,"2.0L 4","ALL WHEEL DRIVE","AUTOMATIC","GAS",4,"DEFAULT","Pure Sale","[PREMIUM]",,"ANDERSON","CA","96007 8706","USA","USD","[PREMIUM]","[PREMIUM]","A060",false,"[PREMIUM]","2.0 PREMIUM",false,false,"[PREMIUM]",,,,,,,,"[PREMIUM]"
"62768796","2026-08-15 04:15:27.690","2026-08-21 17:45:41.447","62768796","2026-08-21 13:00:07.000","[PREMIUM]","343","CA - REDDING","2026-08-21","FRIDAY","1200","PDT","40","V",2022,"HONDA","HR-V","HR-V","SPORT UTILITY VEHICLE","WHITE","REAR END","TOP/ROOF","CA","SC","YES","D",96469,"A","[PREMIUM]",0,"1.8L 4","FRONT WHEEL DRIVE","AUTOMATIC","GAS",4,"Run & Drive Verified","On Approval","[PREMIUM]",,"ANDERSON","CA","96007 8706","USA","USD","[PREMIUM]","[PREMIUM]","C020",false,"[PREMIUM]","LX",false,false,"[PREMIUM]",,,,,,,,"[PREMIUM]"
"62612776","2026-08-15 04:15:27.672","2026-08-21 17:45:41.412","62612776","2026-08-21 13:00:07.000","[PREMIUM]","343","CA - REDDING","2026-08-21","FRIDAY","1200","PDT","69","V",2008,"AUDI","Q7","Q7","4DR SPORT UTILITY","GRAY","SIDE",,"CA","SC","YES","D",128991,"A","[PREMIUM]",0,"3.6L 6","ALL WHEEL DRIVE","AUTOMATIC","GAS",6,"Run & Drive Verified","Pure Sale","[PREMIUM]",,"ANDERSON","CA","96007 8706","USA","USD","[PREMIUM]","[PREMIUM]","B080",false,"[PREMIUM]","3.6 QUATTRO PREMIUM",false,false,"[PREMIUM]",,,,,,,,"[PREMIUM]"
"61234566","2026-08-15 04:15:27.645","2026-08-21 17:45:41.288","61234566","2026-08-21 13:00:07.000","[PREMIUM]","343","CA - REDDING","2026-08-21","FRIDAY","1200","PDT","61","V",2021,"TOYOTA","HIGHLANDER","HIGHLANDER","SUV","WHITE","FRONT END",,"CA","SC","YES","D",53787,"A","[PREMIUM]",24403.23,"3.5L 6","FRONT WHEEL DRIVE","AUTOMATIC","GAS",6,"Run & Drive Verified","Pure Sale","[PREMIUM]",,"ANDERSON","CA","96007 8706","USA","USD","[PREMIUM]","[PREMIUM]","E090",false,"[PREMIUM]","LE",false,false,"[PREMIUM]",,,,,,,,"[PREMIUM]"
"62275296","2026-08-15 04:15:27.644","2026-08-21 17:45:41.343","62275296","2026-08-21 13:00:07.000","[PREMIUM]","343","CA - REDDING","2026-08-21","FRIDAY","1200","PDT","66","V",2026,"GMC","SIERRA","SIERRA","PICKUP","WHITE","REAR END",,"CA","SC","YES","D",9442,"A","[PREMIUM]",21088,"5.3L 8","4X4 W/REAR WHEEL DRV","AUTOMATIC","GAS",8,"Run & Drive Verified","Pure Sale","[PREMIUM]",,"ANDERSON","CA","96007 8706","USA","USD","[PREMIUM]","[PREMIUM]","F110",false,"[PREMIUM]","K1500 SLT",false,false,"[PREMIUM]",,,,,,,,"[PREMIUM]"
"61151036","2026-08-15 04:15:27.609","2026-08-28 23:47:02.127","61151036","2026-08-28 20:40:28.000","[PREMIUM]","343","CA - REDDING",,,,"PDT","0","V",2009,"GMC","SIERRA","SIERRA","4DR EXT CAB PICKUP","GRAY","ROLLOVER",,"CA","NR","YES","E",0,"E","[PREMIUM]",0,"6.6L 8","4X4 W/REAR WHEEL DRV","AUTOMATIC","DIESEL",8,"DEFAULT","Pure Sale","[PREMIUM]",,"ANDERSON","CA","96007 8706","USA","USD","[PREMIUM]","[PREMIUM]","G080",false,"[PREMIUM]","K3500 SLE",false,false,"[PREMIUM]",,,,,,,,"[PREMIUM]"
"57741026","2026-08-15 04:15:27.559","2026-08-21 17:45:40.993","57741026","2026-08-21 13:00:07.000","[PREMIUM]","343","CA - REDDING","2026-08-21","FRIDAY","1200","PDT","36","V",2013,"TOYOTA","PRIUS","PRIUS V","WAGON","SILVER","REAR END",,"CA","SC","YES","D",50718,"A","[PREMIUM]",0,"1.8L 4","FRONT WHEEL DRIVE","AUTOMATIC","ELECTRIC AND GAS HYBRID",4,"Run & Drive Verified","Pure Sale","[PREMIUM]",,"ANDERSON","CA","96007 8706","USA","USD","[PREMIUM]","[PREMIUM]","F010",false,"[PREMIUM]","TWO",false,false,"[PREMIUM]",,,,,,,,"[PREMIUM]"
"59397236","2026-08-15 04:15:27.520","2026-08-21 17:45:41.128","59397236","2026-08-21 13:00:08.000","[PREMIUM]","343","CA - REDDING","2026-08-21","FRIDAY","1200","PDT","202","V",2017,"TOYOTA","CAMRY","CAMRY","SEDAN","BLUE","FRONT END",,"CA","SC","YES","S",57373,"A","[PREMIUM]",0,"2.5L 4","FRONT WHEEL DRIVE","AUTOMATIC","GAS",4,"Vehicle Starts","On Approval","[PREMIUM]",,"ANDERSON","CA","96007 8706","USA","USD","[PREMIUM]","[PREMIUM]","E020",false,"[PREMIUM]","SE",false,false,"[PREMIUM]",,,,,,,,"[PREMIUM]"
"65007226","2026-08-15 04:15:26.942","2026-08-17 09:04:18.398","65007226","2026-08-14 22:43:55.000","[PREMIUM]","838","RENTAL VEHICLE SALE","2026-08-17","MONDAY","1200","EDT","0","V",2025,"NISSAN","ALTIMA","ALTIMA","SEDAN","GRAY","SIDE",,"NC","CT","YES","D",22220,"A","[PREMIUM]",0,"2.5L 4","FRONT WHEEL DRIVE","AUTOMATIC","GAS",4,"Run & Drive Verified","On Minimum Bid","[PREMIUM]",,"BALTIMORE","MD","21225","USA","USD","[PREMIUM]","[PREMIUM]","LAURL",false,"[PREMIUM]","SV",false,false,"[PREMIUM]",,,,,,,,"[PREMIUM]"
"65006796","2026-08-15 04:15:26.938","2026-08-17 09:04:18.400","65006796","2026-08-14 22:45:47.000","[PREMIUM]","838","RENTAL VEHICLE SALE","2026-08-17","MONDAY","1200","EDT","0","V",2024,"MITSUBISHI","MIRAGE","MIRAGE","SEDAN","WHITE","FRONT END","MECHANICAL","FL","CT","YES","D",33344,"A","[PREMIUM]",0,"1.2L 3","FRONT WHEEL DRIVE","AUTOMATIC","GAS",3,"Run & Drive Verified","On Minimum Bid","[PREMIUM]",,"BALTIMORE","MD","21225","USA","USD","[PREMIUM]","[PREMIUM]","BBLU3",false,"[PREMIUM]","G4 ES",false,false,"[PREMIUM]",,,,,,,,"[PREMIUM]"
"64560756","2026-08-15 04:15:26.862","2026-08-17 09:04:18.247","64560756","2026-08-14 22:52:28.000","[PREMIUM]","838","RENTAL VEHICLE SALE","2026-08-17","MONDAY","1200","EDT","0","V",2026,"CHRYSLER","PACIFICA","PACIFICA","VAN PASSENGER","WHITE","FRONT END",,"FL","CT","YES","E",25987,"A","[PREMIUM]",0,"3.6L 6","FRONT WHEEL DRIVE","AUTOMATIC","GAS",6,"DEFAULT","On Minimum Bid","[PREMIUM]",,"BALTIMORE","MD","21225","USA","USD","[PREMIUM]","[PREMIUM]","LAURL",false,"[PREMIUM]","SELECT",false,false,"[PREMIUM]",,,,,,,,"[PREMIUM]"
"64560446","2026-08-15 04:15:26.854","2026-08-19 03:00:48.237","64560446","2026-08-18 21:05:22.000","[PREMIUM]","838","RENTAL VEHICLE SALE","2026-08-19","WEDNESDAY","1200","EDT","0","V",2024,"RAM","1500","1500 CLASSIC","PICKUP","WHITE","FRONT END",,"FL","CD","YES","E",53246,"A","[PREMIUM]",0,"3.6L 6","REAR WHEEL DRIVE","AUTOMATIC","FLEXIBLE",6,"DEFAULT","On Minimum Bid","[PREMIUM]",,"BALTIMORE","MD","21225","USA","USD","[PREMIUM]","[PREMIUM]","LAURL",true,"[PREMIUM]","SLT",false,false,"[PREMIUM]",,,,,,,,"[PREMIUM]"
"58625256","2026-08-15 04:15:24.037","2026-08-18 15:01:02.859","58625256","2026-08-17 20:01:42.000","[PREMIUM]","855","WHOLESALE AUCTION","2026-08-18","TUESDAY","1200","EDT","2004","V",2009,"GMC","ACADIA","ACADIA","4DR SPORT UTILITY","TEAL","NORMAL WEAR",,"WV","CT","YES","D",179048,"A","[PREMIUM]",0,"3.6L 6","ALL WHEEL DRIVE","AUTOMATIC","GAS",6,"Run & Drive Verified","On Minimum Bid","[PREMIUM]",,"BALTIMORE","MD","21225","USA","USD","[PREMIUM]","[PREMIUM]","BBLU5",false,"[PREMIUM]","SLT-1",false,true,"[PREMIUM]",,,,,"YELLOW LIGHT",1.7,"Safety","[PREMIUM]"
"64566896","2026-08-15 04:15:20.325","2026-08-28 23:46:52.669","64566896","2026-08-14 21:57:21.000","[PREMIUM]","341","AL - DOTHAN",,,,"CDT","0","V",2016,"CHEVROLET","EQUINOX","EQUINOX","4DR SPORT UTILITY","GRAY","FRONT END","SIDE","AL","ST","YES","D",123568,"A","[PREMIUM]",0,"2.4L 4","FRONT WHEEL DRIVE","AUTOMATIC","GAS",4,"Run & Drive Verified","Pure Sale","[PREMIUM]",,"NEWTON","AL","36352 8228","USA","USD","[PREMIUM]","[PREMIUM]","E030",false,"[PREMIUM]","LS",false,false,"[PREMIUM]",,,,,,,,"[PREMIUM]"
"64226106","2026-08-15 04:15:20.272","2026-08-29 11:46:37.340","64226106","2026-08-17 13:41:04.000","[PREMIUM]","341","AL - DOTHAN",,,,"CDT","0","V",2014,"TOYOTA","CAMRY","CAMRY","SEDAN","BLACK","FRONT END","MINOR DENT/SCRATCHES","AL","ST","YES","E",287175,"A","[PREMIUM]",6375.49,"2.5L 4","FRONT WHEEL DRIVE","AUTOMATIC","GAS",4,"DEFAULT","Pure Sale","[PREMIUM]",,"NEWTON","AL","36352 8228","USA","USD","[PREMIUM]","[PREMIUM]","B100",false,"[PREMIUM]","SE",false,false,"[PREMIUM]",,,,,,,,"[PREMIUM]"
"64220656","2026-08-15 04:15:20.264","2026-08-29 11:46:37.316","64220656","2026-08-14 21:57:21.000","[PREMIUM]","341","AL - DOTHAN",,,,"CDT","0","V",2014,"CHEVROLET","EQUINOX","EQUINOX","4DR SPORT UTILITY","BLUE","FRONT END",,"AL","ST","YES","D",227619,"A","[PREMIUM]",3995,"2.4L 4","FRONT WHEEL DRIVE","AUTOMATIC","FLEXIBLE",4,"Run & Drive Verified","Pure Sale","[PREMIUM]",,"NEWTON","AL","36352 8228","USA","USD","[PREMIUM]","[PREMIUM]","D050",false,"[PREMIUM]","LT",false,false,"[PREMIUM]",,,,,,,,"[PREMIUM]"
"64242496","2026-08-15 04:15:20.242","2026-08-29 11:46:37.358","64242496","2026-08-14 21:57:21.000","[PREMIUM]","341","AL - DOTHAN",,,,"CDT","0","V",2017,"FORD","ESCAPE","ESCAPE","4DR SPORT UTILITY","SILVER","FRONT END","SIDE","AL","ST","YES","D",188489,"A","[PREMIUM]",3779.75,"2.5L 4","FRONT WHEEL DRIVE","AUTOMATIC","GAS",4,"Run & Drive Verified","Pure Sale","[PREMIUM]",,"NEWTON","AL","36352 8228","USA","USD","[PREMIUM]","[PREMIUM]","A060",false,"[PREMIUM]","S",false,false,"[PREMIUM]",,,,,,,,"[PREMIUM]"
"63339536","2026-08-15 04:15:20.119","2026-08-20 17:43:10.211","63339536","2026-08-19 12:40:50.000","[PREMIUM]","341","AL - DOTHAN","2026-08-20","THURSDAY","1200","CDT","105","V",2011,"TOYOTA","CAMRY","CAMRY","SEDAN","GRAY","SIDE","REAR END","FL","CD","YES","D",176861,"N","[PREMIUM]",5182.93,"2.5L 4","FRONT WHEEL DRIVE","AUTOMATIC","GAS",4,"Run & Drive Verified","Pure Sale","[PREMIUM]",,"NEWTON","AL","36352 8228","USA","USD","[PREMIUM]","[PREMIUM]","E030",false,"[PREMIUM]","LE",false,false,"[PREMIUM]",,,,,,,,"[PREMIUM]"
"63397786","2026-08-15 04:15:20.112","2026-08-29 11:46:37.309","63397786","2026-08-14 21:58:18.000","[PREMIUM]","835","MEDIUM DUTY SPECIALTY SALE",,,,"CDT","0","K",2015,"FORD","F350","F350","CHASSIS AND CAB","SILVER","MECHANICAL",,"FL","RB","YES","E",127087,"A","[PREMIUM]",29489.03,"6.7L 8","REAR WHEEL DRIVE","AUTOMATIC","DIESEL",8,"DEFAULT","Pure Sale","[PREMIUM]",,"NEWTON","AL","36352 8228","USA","USD","[PREMIUM]","[PREMIUM]","HVY",false,"[PREMIUM]","SUPER DUTY",false,false,"[PREMIUM]",,,,,,,,"[PREMIUM]"
"62760326","2026-08-15 04:15:20.042","2026-08-20 17:43:10.058","62760326","2026-08-19 12:40:50.000","[PREMIUM]","341","AL - DOTHAN","2026-08-20","THURSDAY","1200","CDT","108","V",2011,"LEXUS","RX350","RX","4DR SPORT UTILITY","WHITE","BIOHAZARD/CHEMICAL","MECHANICAL","FL","RB","YES","D",190165,"A","[PREMIUM]",0,"3.5L 6","ALL WHEEL DRIVE","AUTOMATIC","GAS",6,"Run & Drive Verified","Pure Sale","[PREMIUM]","BUG/RODENT INFESTATION      ","NEWTON","AL","36352 8228","USA","USD","[PREMIUM]","[PREMIUM]","D010",false,"[PREMIUM]","350",false,false,"[PREMIUM]",,,,,,,,"[PREMIUM]"
"61972906","2026-08-15 04:15:19.932","2026-08-19 15:02:39.305","61972906","2026-08-19 12:40:50.000","[PREMIUM]","341","AL - DOTHAN","2026-08-20","THURSDAY","1200","CDT","2","V",2016,"CHEVROLET","EQUINOX","EQUINOX","4DR SPORT UTILITY","GRAY","FRONT END","SIDE","FL","RB","YES","D",110344,"A","[PREMIUM]",5450.63,"2.4L 4","FRONT WHEEL DRIVE","AUTOMATIC","GAS",4,"Run & Drive Verified","Pure Sale","[PREMIUM]",,"NEWTON","AL","36352 8228","USA","USD","[PREMIUM]","[PREMIUM]","A070",false,"[PREMIUM]","LT",false,false,"[PREMIUM]",,,,,,,,"[PREMIUM]"
"61572686","2026-08-15 04:15:19.906","2026-08-20 17:43:09.890","61572686","2026-08-19 12:40:50.000","[PREMIUM]","341","AL - DOTHAN","2026-08-20","THURSDAY","1200","CDT","70","V",2018,"NISSAN","ROGUE","ROGUE","WAGON","RED","FRONT END","SIDE","AL","ST","YES","D",133027,"A","[PREMIUM]",9039.48,"2.5L 4","ALL WHEEL DRIVE","AUTOMATIC","GAS",4,"Run & Drive Verified","Pure Sale","[PREMIUM]",,"NEWTON","AL","36352 8228","USA","USD","[PREMIUM]","[PREMIUM]","C030",false,"[PREMIUM]","SV",false,false,"[PREMIUM]",,,,,,,,"[PREMIUM]"
"61485126","2026-08-15 04:15:19.845","2026-08-29 11:46:37.005","61485126","2026-08-14 21:57:22.000","[PREMIUM]","341","AL - DOTHAN",,,,"CDT","0","V",2018,"FORD","EDGE","EDGE","SPORT UTILITY VEHICLE","WHITE","FRONT END","SIDE","AL","ST","YES","D",155607,"A","[PREMIUM]",9051,"2.0L 4","FRONT WHEEL DRIVE","AUTOMATIC","GAS",4,"Run & Drive Verified","Pure Sale","[PREMIUM]",,"NEWTON","AL","36352 8228","USA","USD","[PREMIUM]","[PREMIUM]","E010",false,"[PREMIUM]","SEL",false,false,"[PREMIUM]",,,,,,,,"[PREMIUM]"
"61218036","2026-08-15 04:15:19.829","2026-08-29 11:46:36.993","61218036","2026-08-14 21:57:21.000","[PREMIUM]","341","AL - DOTHAN",,,,"CDT","0","V",2009,"NISSAN","TITAN XE F","TITAN","PICKUP","BLUE","FRONT END","REAR END","AL","ST","YES","D",225261,"E","[PREMIUM]",0,"5.6L 8","4X2","AUTOMATIC","FLEXIBLE",8,"Run & Drive Verified","Pure Sale","[PREMIUM]",,"NEWTON","AL","36352 8228","USA","USD","[PREMIUM]","[PREMIUM]","E040",false,"[PREMIUM]","XE FFV",false,false,"[PREMIUM]",,,,,,,,"[PREMIUM]"
"60369796","2026-08-15 04:15:19.803","2026-08-29 11:46:36.870","60369796","2026-08-14 21:57:22.000","[PREMIUM]","341","AL - DOTHAN",,,,"CDT","0","V",2015,"MAZDA","CX-5","CX-5","4DR SPORT UTILITY","WHITE","ROLLOVER",,"AL","ST","EXM","E",0,"N","[PREMIUM]",6780,"2.0L 4","FRONT WHEEL DRIVE","AUTOMATIC","GAS",4,"DEFAULT","Pure Sale","[PREMIUM]",,"NEWTON","AL","36352 8228","USA","USD","[PREMIUM]","[PREMIUM]","E060",false,"[PREMIUM]","SPORT",false,false,"[PREMIUM]",,,,,,,,"[PREMIUM]"
"61147966","2026-08-15 04:15:19.778","2026-08-20 17:43:09.743","61147966","2026-08-19 12:40:51.000","[PREMIUM]","341","AL - DOTHAN","2026-08-20","THURSDAY","1200","CDT","1102","V",2016,"FORD","EXPLORER","EXPLORER","4DR SPORT UTILITY","BLUE","FRONT END","SIDE","AL","ST","YES","E",110441,"A","[PREMIUM]",15057.99,"2.3L 4","FRONT WHEEL DRIVE","AUTOMATIC","GAS",4,"DEFAULT","Pure Sale","[PREMIUM]",,"NEWTON","AL","36352 8228","USA","USD","[PREMIUM]","[PREMIUM]","B050",false,"[PREMIUM]","LIMITED",false,false,"[PREMIUM]",,,,,,,,"[PREMIUM]"
"61028256","2026-08-15 04:15:19.773","2026-08-29 11:46:36.953","61028256","2026-08-14 21:57:21.000","[PREMIUM]","341","AL - DOTHAN",,,,"CDT","0","V",2018,"HONDA","CIVIC","CIVIC","SEDAN","WHITE","SIDE","REAR END","AL","ST","YES","D",147244,"A","[PREMIUM]",9893.55,"2.0L 4","FRONT WHEEL DRIVE","AUTOMATIC","GAS",4,"Run & Drive Verified","Pure Sale","[PREMIUM]",,"NEWTON","AL","36352 8228","USA","USD","[PREMIUM]","[PREMIUM]","A070",false,"[PREMIUM]","EX",false,false,"[PREMIUM]",,,,,,,,"[PREMIUM]"
"61082956","2026-08-15 04:15:19.768","2026-08-20 17:43:09.741","61082956","2026-08-19 12:40:50.000","[PREMIUM]","341","AL - DOTHAN","2026-08-20","THURSDAY","1200","CDT","107","V",2016,"JEEP","WRANGLER","WRANGLER UNLIMITED","4DR SPORT UTILITY","WHITE","REAR END","FRONT END","AL","ST","YES","D",195295,"A","[PREMIUM]",11516.84,"3.6L 6","4X4 W/REAR WHEEL DRV","AUTOMATIC","FLEXIBLE",6,"Run & Drive Verified","Pure Sale","[PREMIUM]",,"NEWTON","AL","36352 8228","USA","USD","[PREMIUM]","[PREMIUM]","C070",false,"[PREMIUM]","SPORT",false,false,"[PREMIUM]",,,,,,,,"[PREMIUM]"
"60572156","2026-08-15 04:15:19.711","2026-08-29 17:48:05.478","60572156","2026-08-27 21:45:11.000","[PREMIUM]","341","AL - DOTHAN","2026-09-03","THURSDAY","1200","CDT","0","V",2006,"DODGE","RAM 2500","RAM 2500","PICKUP","BURGUNDY","BURN - ENGINE",,"AK","SB","EXM","E",0,"E","[PREMIUM]",2546.35,"5.9L 6","4X4 W/REAR WHEEL DRV","AUTOMATIC","DIESEL",6,"DEFAULT","Pure Sale","[PREMIUM]",,"NEWTON","AL","36352 8228","USA","USD","[PREMIUM]","[PREMIUM]","C090",false,"[PREMIUM]","ST",false,false,"[PREMIUM]",,,,,,,,"[PREMIUM]"
"60058196","2026-08-15 04:15:19.686","2026-08-20 17:43:09.578","60058196","2026-08-19 18:30:39.000","[PREMIUM]","341","AL - DOTHAN","2026-08-20","THURSDAY","1200","CDT","1111","V",2021,"TOYOTA","TACOMA","TACOMA","PICKUP","WHITE","WATER/FLOOD","SIDE","AL","FS","YES","E",108990,"N","[PREMIUM]",27477.01,"3.5L 6","FOUR BY FOUR","AUTOMATIC","GAS",6,"DEFAULT","Pure Sale","[PREMIUM]",,"NEWTON","AL","36352 8228","USA","USD","[PREMIUM]","[PREMIUM]","SB001",false,"[PREMIUM]","SR5 V6",false,false,"[PREMIUM]",,,,,,,,"[PREMIUM]"
"59985016","2026-08-15 04:15:19.668","2026-08-20 17:43:09.535","59985016","2026-08-19 12:40:50.000","[PREMIUM]","341","AL - DOTHAN","2026-08-20","THURSDAY","1200","CDT","82","V",2018,"TOYOTA","RAV4","RAV4","SPORT UTILITY VEHICLE","SILVER","REAR END",,"AL","ST","YES","D",105715,"A","[PREMIUM]",11106,"2.5L 4","FRONT WHEEL DRIVE","AUTOMATIC","GAS",4,"Run & Drive Verified","Pure Sale","[PREMIUM]",,"NEWTON","AL","36352 8228","USA","USD","[PREMIUM]","[PREMIUM]","C090",false,"[PREMIUM]","LE",false,false,"[PREMIUM]",,,,,,,,"[PREMIUM]"
"58093896","2026-08-15 04:15:19.538","2026-08-29 11:46:36.720","58093896","2026-08-14 21:57:21.000","[PREMIUM]","341","AL - DOTHAN",,,,"CDT","0","V",2020,"FORD","F150","F-150 XLT REGULAR CA",,"WHITE","SIDE",,"AL","ST","YES","D",51861,"N","[PREMIUM]",16407.2,,,"AUTOMATIC",,,"Run & Drive Verified","Pure Sale","[PREMIUM]",,"NEWTON","AL","36352 8228","USA","USD","[PREMIUM]","[PREMIUM]","B060",false,"[PREMIUM]",,false,false,"[PREMIUM]",,,,,,,,"[PREMIUM]"
"57490596","2026-08-15 04:15:19.461","2026-08-29 11:46:36.675","57490596","2026-08-14 21:57:22.000","[PREMIUM]","341","AL - DOTHAN",,,,"CDT","0","V",2003,"HONDA","ACCORD","ACCORD",,"WHITE","ALL OVER",,"AL","ST","EXM","E",191152,"E","[PREMIUM]",0,"2.4L  4","Front-wheel Drive","AUTOMATIC","GAS",4,"DEFAULT","On Approval","[PREMIUM]",,"NEWTON","AL","36352 8228","USA","USD","[PREMIUM]","[PREMIUM]","C030",false,"[PREMIUM]","LX",false,false,"[PREMIUM]",,,,,,,,"[PREMIUM]"
"56656246","2026-08-15 04:15:19.402","2026-08-29 11:46:36.611","56656246","2026-08-14 21:57:21.000","[PREMIUM]","341","AL - DOTHAN",,,,"CDT","0","V",2005,"LINCOLN","TOWNCAR","TOWN CAR","SEDAN 4DR","BEIGE","FRONT END","SIDE","AL","ST","YES","D",101022,"E","[PREMIUM]",3549.68,"4.6L 8","REAR WHEEL DRIVE","AUTOMATIC","GAS",8,"Run & Drive Verified","Pure Sale","[PREMIUM]",,"NEWTON","AL","36352 8228","USA","USD","[PREMIUM]","[PREMIUM]","E020",false,"[PREMIUM]","SIGNATURE",false,false,"[PREMIUM]",,,,,,,,"[PREMIUM]"
"55761276","2026-08-15 04:15:19.350","2026-08-20 17:43:08.997","55761276","2026-08-19 12:40:50.000","[PREMIUM]","341","AL - DOTHAN","2026-08-20","THURSDAY","1200","CDT","48","V",2012,"CADILLAC","CTS","CTS","SEDAN 4DR","WHITE","SIDE",,"AL","ST","YES","D",60792,"A","[PREMIUM]",8030.4,"3.0L 6","REAR WHEEL DRIVE","AUTOMATIC","GAS",6,"Run & Drive Verified","Pure Sale","[PREMIUM]",,"NEWTON","AL","36352 8228","USA","USD","[PREMIUM]","[PREMIUM]","A050",false,"[PREMIUM]","LUXURY COLLECTION",false,false,"[PREMIUM]",,,,,,,,"[PREMIUM]"
"64991316","2026-08-15 04:15:18.984","2026-08-25 18:59:16.905","64991316","2026-08-24 19:31:50.000","[PREMIUM]","340","NC - GASTONIA","2026-08-26","WEDNESDAY","1000","EDT","2019","V",2007,"DODGE","CARAVAN","GRAND CARAVAN","EXTENDED SPORT VAN","WHITE","FRONT END","SIDE","NC","SC","YES","D",208309,"E","[PREMIUM]",4214.72,"3.8L 6","FRONT WHEEL DRIVE","AUTOMATIC","GAS",6,"Run & Drive Verified","On Minimum Bid","[PREMIUM]",,"GASTONIA","NC","28052","USA","USD","[PREMIUM]","[PREMIUM]","SH003",false,"[PREMIUM]","SXT",false,false,"[PREMIUM]",,,,,,,,"[PREMIUM]"
"64249696","2026-08-15 04:15:18.902","2026-08-29 11:46:35.361","64249696","2026-08-18 22:45:36.000","[PREMIUM]","340","NC - GASTONIA",,,,"EDT","0","V",2003,"HONDA","CIVIC","CIVIC","SEDAN 4DR","SILVER","FRONT END","SIDE","NC","SC","YES","D",105496,"A","[PREMIUM]",7427.71,"1.7L 4","FRONT WHEEL DRIVE","MANUAL","GAS",4,"Run & Drive Verified","Pure Sale","[PREMIUM]",,"GASTONIA","NC","28052","USA","USD","[PREMIUM]","[PREMIUM]","C050",false,"[PREMIUM]","LX",false,false,"[PREMIUM]",,,,,,,,"[PREMIUM]"
"63382556","2026-08-15 04:15:18.628","2026-08-25 18:59:16.275","63382556","2026-08-24 19:31:50.000","[PREMIUM]","340","NC - GASTONIA","2026-08-26","WEDNESDAY","1000","EDT","2031","V",2014,"HYUNDAI","SONATA","SONATA","SEDAN 4DR","GRAY","REAR END",,"NC","SC","YES","D",50924,"A","[PREMIUM]",9099.5,"2.4L 4","FRONT WHEEL DRIVE","AUTOMATIC","GAS",4,"Run & Drive Verified","Pure Sale","[PREMIUM]",,"GASTONIA","NC","28052","USA","USD","[PREMIUM]","[PREMIUM]","SH003",false,"[PREMIUM]","GLS",false,false,"[PREMIUM]",,,,,,,,"[PREMIUM]"
"63286596","2026-08-15 04:15:18.578","2026-08-26 05:47:59.477","63286596","2026-08-24 20:01:49.000","[PREMIUM]","340","NC - GASTONIA","2026-08-26","WEDNESDAY","1000","EDT","2509","V",2019,"KIA","NIRO","NIRO","WAGON","SILVER","FRONT END","UNDERCARRIAGE","NC","SC","NO","E",50724,"A","[PREMIUM]",21185.82,"1.6L 4","FRONT WHEEL DRIVE","AUTOMATIC","ELECTRIC AND GAS HYBRID",4,"DEFAULT","Pure Sale","[PREMIUM]",,"GASTONIA","NC","28052","USA","USD","[PREMIUM]","[PREMIUM]","SJ003",false,"[PREMIUM]","EX",false,false,"[PREMIUM]",,,,,,,,"[PREMIUM]"
"62852866","2026-08-15 04:15:18.394","2026-08-26 05:47:59.155","62852866","2026-08-24 19:31:50.000","[PREMIUM]","340","NC - GASTONIA","2026-08-26","WEDNESDAY","1000","EDT","2505","V",2019,"BUICK","ENCLAVE","ENCLAVE","SPORT UTILITY VEHICLE","WHITE","SIDE","REAR END","NC","SC","YES","E",0,"N","[PREMIUM]",19191.48,"3.6L 6","FRONT WHEEL DRIVE","AUTOMATIC","GAS",6,"DEFAULT","On Minimum Bid","[PREMIUM]",,"GASTONIA","NC","28052","USA","USD","[PREMIUM]","[PREMIUM]","L100",false,"[PREMIUM]","ESSENCE",false,false,"[PREMIUM]",,,,,,,,"[PREMIUM]"
"62019476","2026-08-15 04:15:17.941","2026-08-26 05:47:58.440","62019476","2026-08-24 19:31:50.000","[PREMIUM]","340","NC - GASTONIA","2026-08-26","WEDNESDAY","1000","EDT","2004","V",2007,"FORD","RANGER","RANGER","PICKUP","WHITE","REAR END","FRONT END","NC","SC","YES","D",219392,"A","[PREMIUM]",527.78,"2.3L 4","REAR WHEEL DRIVE","AUTOMATIC","GAS",4,"Run & Drive Verified","Pure Sale","[PREMIUM]",,"GASTONIA","NC","28052","USA","USD","[PREMIUM]","[PREMIUM]","I140",false,"[PREMIUM]",,false,false,"[PREMIUM]",,,,,,,,"[PREMIUM]"
"61720146","2026-08-15 04:15:17.848","2026-08-25 18:59:15.491","61720146","2026-08-25 12:53:01.000","[PREMIUM]","340","NC - GASTONIA","2026-08-26","WEDNESDAY","1000","EDT","2020","V",2016,"HONDA","CRV","CR-V","4DR SPORT UTILITY","BLACK","SIDE",,"NC","SC","YES","D",97240,"A","[PREMIUM]",14473.47,"2.4L 4","ALL WHEEL DRIVE","AUTOMATIC","GAS",4,"Run & Drive Verified","Pure Sale","[PREMIUM]",,"GASTONIA","NC","28052","USA","USD","[PREMIUM]","[PREMIUM]","SJ001",false,"[PREMIUM]","SE",false,false,"[PREMIUM]",,,,,,,,"[PREMIUM]"
"61173856","2026-08-15 04:15:17.688","2026-08-26 05:47:58.123","61173856","2026-08-25 15:37:26.000","[PREMIUM]","340","NC - GASTONIA","2026-08-26","WEDNESDAY","1000","EDT","2066","V",2021,"BUICK","ENVISION","ENVISION","SPORT UTILITY VEHICLE","WHITE","FRONT END",,"NC","SC","YES","D",52651,"A","[PREMIUM]",13853.58,"2.0L 4","FRONT WHEEL DRIVE","AUTOMATIC","GAS",4,"Run & Drive Verified","Pure Sale","[PREMIUM]",,"GASTONIA","NC","28052","USA","USD","[PREMIUM]","[PREMIUM]","SJ002",false,"[PREMIUM]","ESSENCE",false,false,"[PREMIUM]",,,,,,,,"[PREMIUM]"
"59604506","2026-08-15 04:15:17.165","2026-08-26 05:47:57.499","59604506","2026-08-25 19:39:23.000","[PREMIUM]","340","NC - GASTONIA","2026-08-26","WEDNESDAY","1000","EDT","2012","V",2016,"NISSAN","ALTIMA","ALTIMA","SEDAN","SILVER","REAR END",,"NC","SC","YES","D",142308,"A","[PREMIUM]",6087.82,"3.5L 6","FRONT WHEEL DRIVE","AUTOMATIC","GAS",6,"Run & Drive Verified","Pure Sale","[PREMIUM]",,"GASTONIA","NC","28052","USA","USD","[PREMIUM]","[PREMIUM]","SK002",false,"[PREMIUM]","3.5 SL",false,false,"[PREMIUM]",,,,,,,,"[PREMIUM]"
"58941876","2026-08-15 04:15:16.955","2026-08-26 05:47:57.299","58941876","2026-08-24 19:31:50.000","[PREMIUM]","340","NC - GASTONIA","2026-08-26","WEDNESDAY","1000","EDT","2015","V",2022,"CHEVROLET","TRAX","TRAX","SPORT UTILITY VEHICLE","WHITE","SIDE","UNDERCARRIAGE","NC","SC","YES","D",91390,"A","[PREMIUM]",11674,"1.4L 4","FRONT WHEEL DRIVE","AUTOMATIC","GAS",4,"Run & Drive Verified","Pure Sale","[PREMIUM]",,"GASTONIA","NC","28052","USA","USD","[PREMIUM]","[PREMIUM]","E050",false,"[PREMIUM]","LS",false,false,"[PREMIUM]",,,,,,,,"[PREMIUM]"
"56607346","2026-08-15 04:15:16.606","2026-08-23 23:46:46.361","56607346","2026-08-14 21:49:29.000","[PREMIUM]","340","NC - GASTONIA",,,,"EDT","0","V",2015,"FORD","ALL Models","MUSTANG","COUPE","WHITE","SIDE","FRONT END","NC","SC","YES","D",116820,"A","[PREMIUM]",10638.36,"2.3L 4","REAR WHEEL DRIVE","MANUAL","GAS",4,"Run & Drive Verified","Pure Sale","[PREMIUM]",,"GASTONIA","NC","28052","USA","USD","[PREMIUM]","[PREMIUM]","C050",false,"[PREMIUM]",,false,false,"[PREMIUM]",,,,,,,,"[PREMIUM]"
"55357996","2026-08-15 04:15:16.459","2026-08-29 11:46:32.958","55357996","2026-08-14 22:58:54.000","[PREMIUM]","340","NC - GASTONIA",,,,"EDT","0","V",2021,"DODGE","CHALLENGER","CHALLENGER","COUPE","SILVER","FRONT END","REAR END","NC","SC","YES","D",111100,"N","[PREMIUM]",14591.63,"3.6L 6","REAR WHEEL DRIVE","AUTOMATIC","FLEXIBLE",6,"Run & Drive Verified","Pure Sale","[PREMIUM]",,"GASTONIA","NC","28052","USA","USD","[PREMIUM]","[PREMIUM]","M120",false,"[PREMIUM]","GT",false,false,"[PREMIUM]",,,,,,,,"[PREMIUM]"
"54501156","2026-08-15 04:15:16.456","2026-08-29 11:46:32.901","54501156","2026-08-14 22:50:46.000","[PREMIUM]","340","NC - GASTONIA",,,,"EDT","0","V",2023,"HONDA","RIDGELINE","RIDGELINE","PICKUP","WHITE","REAR END","FRONT END","NC","SC","YES","E",71442,"A","[PREMIUM]",34123.06,"3.5L 6","ALL WHEEL DRIVE","AUTOMATIC","GAS",6,"DEFAULT","On Approval","[PREMIUM]",,"GASTONIA","NC","28052","USA","USD","[PREMIUM]","[PREMIUM]","J120",false,"[PREMIUM]","RTL",false,false,"[PREMIUM]",,,,,,,,"[PREMIUM]"
"52518926","2026-08-15 04:15:16.267","2026-08-29 11:46:32.658","52518926","2026-08-14 22:50:46.000","[PREMIUM]","340","NC - GASTONIA",,,,"EDT","0","V",2020,"KIA","RIO","RIO","WAGON","BLACK","FRONT END",,"NC","SC","YES","D",115928,"A","[PREMIUM]",0,"1.6L 4","FRONT WHEEL DRIVE","AUTOMATIC","GAS",4,"Run & Drive Verified","Pure Sale","[PREMIUM]",,"GASTONIA","NC","28052","USA","USD","[PREMIUM]","[PREMIUM]","M110",false,"[PREMIUM]",,false,false,"[PREMIUM]",,,,,,,,"[PREMIUM]"
"49311346","2026-08-15 04:15:16.075","2026-08-29 11:46:32.467","49311346","2026-08-14 22:50:46.000","[PREMIUM]","340","NC - GASTONIA",,,,"EDT","0","V",2014,"HONDA","CIVIC","CIVIC","SEDAN 4DR","CHARCOAL","FRONT END","SIDE","NC","SC","YES","D",175984,"A","[PREMIUM]",5100,"1.8L 4","FRONT WHEEL DRIVE","AUTOMATIC","GAS",4,"Run & Drive Verified","On Minimum Bid","[PREMIUM]",,"GASTONIA","NC","28052","USA","USD","[PREMIUM]","[PREMIUM]","E050",false,"[PREMIUM]","EX",false,false,"[PREMIUM]",,,,,,,,"[PREMIUM]"
"64693946","2026-08-15 04:15:15.922","2026-08-29 11:46:32.019","64693946","2026-08-26 17:57:57.000","[PREMIUM]","339","WI - MILWAUKEE NORTH","2026-09-02","WEDNESDAY","1200","CDT","0","V",2017,"FORD","ESCAPE","ESCAPE","4DR SPORT UTILITY","SILVER","FRONT END","REAR END","WI","CT","YES","D",105149,"A","[PREMIUM]",0,"1.5L 4","FRONT WHEEL DRIVE","AUTOMATIC","GAS",4,"Run & Drive Verified","On Minimum Bid","[PREMIUM]",,"MILWAUKEE","WI","53224","USA","USD","[PREMIUM]","[PREMIUM]","A040",true,"[PREMIUM]","SE",false,false,"[PREMIUM]",,,,,,,,"[PREMIUM]"
"64130516","2026-08-15 04:15:15.080","2026-08-29 11:46:30.147","64130516","2026-08-14 22:43:57.000","[PREMIUM]","338","NC - LUMBERTON",,,,"EDT","0","V",2021,"FORD","BRONCO","BRONCO SPORT","SPORT UTILITY VEHICLE","WHITE","FRONT END",,"NC","SC","YES","E",91821,"A","[PREMIUM]",10070.97,"1.5L 3","4X4 W/FRONT WHL DRV","AUTOMATIC","GAS",3,"DEFAULT","Pure Sale","[PREMIUM]",,"LUMBERTON","NC","28360 5075","USA","USD","[PREMIUM]","[PREMIUM]","NN070",false,"[PREMIUM]","BIG BEND",false,false,"[PREMIUM]",,,,,,,,"[PREMIUM]"
"63153306","2026-08-15 04:15:14.790","2026-08-29 11:46:29.766","63153306","2026-08-14 22:43:57.000","[PREMIUM]","338","NC - LUMBERTON",,,,"EDT","0","V",2006,"HONDA","CIVIC","CIVIC","SEDAN 4DR","BLUE","FRONT END","MINOR DENT/SCRATCHES","NC","SC","YES","E",0,"E","[PREMIUM]",1768.75,"1.3L 4","FRONT WHEEL DRIVE","AUTOMATIC","ELECTRIC AND GAS HYBRID",4,"DEFAULT","Pure Sale","[PREMIUM]",,"LUMBERTON","NC","28360 5075","USA","USD","[PREMIUM]","[PREMIUM]","II090",false,"[PREMIUM]","HYBRID",false,false,"[PREMIUM]",,,,,,,,"[PREMIUM]"
"56342206","2026-08-15 04:15:12.591","2026-08-29 11:46:27.883","56342206","2026-08-14 22:58:54.000","[PREMIUM]","338","NC - LUMBERTON",,,,"EDT","0","V",2015,"KIA","OPTIMA","OPTIMA","SEDAN 4DR","BLUE","FRONT END","REAR END","NC","SC","YES","D",63873,"N","[PREMIUM]",0,"2.4L 4","FRONT WHEEL DRIVE","AUTOMATIC","GAS",4,"Run & Drive Verified","Pure Sale","[PREMIUM]",,"LUMBERTON","NC","28360 5075","USA","USD","[PREMIUM]","[PREMIUM]","HH100",false,"[PREMIUM]","EX",false,false,"[PREMIUM]",,,,,,,,"[PREMIUM]"
"52572126","2026-08-15 04:15:12.097","2026-08-29 11:46:26.849","52572126","2026-08-14 22:58:54.000","[PREMIUM]","338","NC - LUMBERTON",,,,"EDT","0","V",2016,"JEEP","COMPASS","COMPASS","4DR SPORT UTILITY","GRAY","FRONT END",,"NC","SC","YES","D",47661,"N","[PREMIUM]",9963,"2.0L 4","FRONT WHEEL DRIVE","AUTOMATIC","GAS",4,"Run & Drive Verified","Pure Sale","[PREMIUM]",,"LUMBERTON","NC","28360 5075","USA","USD","[PREMIUM]","[PREMIUM]","HH100",false,"[PREMIUM]","LATITUDE",false,false,"[PREMIUM]",,,,,,,,"[PREMIUM]"
"52190396","2026-08-15 04:15:12.045","2026-08-29 11:46:26.785","52190396","2026-08-14 22:58:54.000","[PREMIUM]","338","NC - LUMBERTON",,,,"EDT","0","V",2019,"LAND ROVER","RANGEROVER","RANGE ROVER SPORT","SPORT UTILITY VEHICLE","BLACK","FRONT END",,"NC","SC","YES","D",130945,"N","[PREMIUM]",11171.32,"3.0L 6","ALL WHEEL DRIVE","AUTOMATIC","GAS",6,"Run & Drive Verified","Pure Sale","[PREMIUM]",,"LUMBERTON","NC","28360 5075","USA","USD","[PREMIUM]","[PREMIUM]","BB020",false,"[PREMIUM]","HSE DYNAMIC",false,false,"[PREMIUM]",,,,,,,,"[PREMIUM]"
"65145546","2026-08-15 04:15:11.560","2026-08-18 15:00:48.378","65145546","2026-08-18 13:00:20.000","[PREMIUM]","337","WA - SPANAWAY","2026-08-18","TUESDAY","1200","PDT","2020","V",2020,"BMW","X3","X3","SPORT UTILITY VEHICLE","BLACK","FRONT END","REAR END","WA","BS","YES","D",16691,"A","[PREMIUM]",10705.66,"2.0L 4","ALL WHEEL DRIVE","AUTOMATIC","ELECTRIC AND GAS HYBRID",4,"Run & Drive Verified","Pure Sale","[PREMIUM]",,"SPANAWAY","WA","98387","USA","USD","[PREMIUM]","[PREMIUM]","D260",false,"[PREMIUM]","XDRIVE30E",false,false,"[PREMIUM]",,,,,,,,"[PREMIUM]"
"64907206","2026-08-15 04:15:11.392","2026-08-21 17:45:21.573","64907206","2026-08-21 13:00:25.000","[PREMIUM]","337","WA - SPANAWAY","2026-08-21","FRIDAY","1200","PDT","14","V",2022,"CHEVROLET","SPARK","SPARK","HATCHBACK","BLUE","FRONT END","REAR END","WA","BS","YES","D",56076,"A","[PREMIUM]",13540.38,"1.4L 4","FRONT WHEEL DRIVE","AUTOMATIC","GAS",4,"Run & Drive Verified","Pure Sale","[PREMIUM]",,"SPANAWAY","WA","98387","USA","USD","[PREMIUM]","[PREMIUM]","C330",false,"[PREMIUM]","1LT",false,false,"[PREMIUM]",,,,,,,,"[PREMIUM]"
"64990566","2026-08-15 04:15:11.391","2026-08-18 15:00:48.329","64990566","2026-08-18 13:00:20.000","[PREMIUM]","337","WA - SPANAWAY","2026-08-18","TUESDAY","1200","PDT","2061","V",2011,"CHEVROLET","CAMARO","CAMARO","COUPE","PURPLE","MINOR DENT/SCRATCHES","NORMAL WEAR","WA","AL","YES","D",134022,"A","[PREMIUM]",0,"3.6L 6","REAR WHEEL DRIVE","AUTOMATIC","GAS",6,"Run & Drive Verified","On Approval","[PREMIUM]",,"SPANAWAY","WA","98387","USA","USD","[PREMIUM]","[PREMIUM]","B200",false,"[PREMIUM]","LT",false,false,"[PREMIUM]",,,,,,,,"[PREMIUM]"
"64604766","2026-08-15 04:15:11.291","2026-08-25 18:59:09.741","64604766","2026-08-25 13:00:16.000","[PREMIUM]","337","WA - SPANAWAY","2026-08-25","TUESDAY","1200","PDT","2600","V",2004,"AUDI","A4","A4","CONVERTIBLE","GRAY","MECHANICAL",,"WA","CT","YES","S",158716,"E","[PREMIUM]",0,"3L 6","ALL WHEEL DRIVE","AUTOMATIC","GAS",6,"Vehicle Starts","On Approval","[PREMIUM]",,"SPANAWAY","WA","98387","USA","USD","[PREMIUM]","[PREMIUM]","A320",false,"[PREMIUM]","QUATTRO",false,false,"[PREMIUM]",,,,,,,,"[PREMIUM]"
"64605016","2026-08-15 04:15:11.280","2026-08-25 00:02:28.136","64605016","2026-08-24 20:21:25.000","[PREMIUM]","337","WA - SPANAWAY","2026-08-25","TUESDAY","1200","PDT","0","V",2015,"NISSAN","SENTRA","SENTRA","SEDAN","SILVER","FRONT END",,"WA","AR","YES","S",141770,"N","[PREMIUM]",0,"1.8L 4","FRONT WHEEL DRIVE","AUTOMATIC","GAS",4,"Vehicle Starts","On Approval","[PREMIUM]",,"SPANAWAY","WA","98387","USA","USD","[PREMIUM]","[PREMIUM]","A290",false,"[PREMIUM]","SV",false,false,"[PREMIUM]",,,,,,,,"[PREMIUM]"
"64340346","2026-08-15 04:15:11.219","2026-08-21 17:45:21.294","64340346","2026-08-21 13:00:26.000","[PREMIUM]","337","WA - SPANAWAY","2026-08-21","FRIDAY","1200","PDT","109","V",2020,"NISSAN","ROGUE","ROGUE","WAGON","GRAY","REAR END","SIDE","WA","BS","YES","D",72614,"A","[PREMIUM]",11912.53,"2.5L 4","FRONT WHEEL DRIVE","AUTOMATIC","GAS",4,"Run & Drive Verified","Pure Sale","[PREMIUM]",,"SPANAWAY","WA","98387","USA","USD","[PREMIUM]","[PREMIUM]","B270",false,"[PREMIUM]","S",false,false,"[PREMIUM]",,,,,,,,"[PREMIUM]"
"64131146","2026-08-15 04:15:11.181","2026-08-18 15:00:47.649","64131146","2026-08-18 13:00:19.000","[PREMIUM]","337","WA - SPANAWAY","2026-08-18","TUESDAY","1200","PDT","12","V",2018,"NISSAN","VERSA","VERSA","SEDAN","GRAY","FRONT END",,"WA","BS","YES","D",83815,"A","[PREMIUM]",9978.95,"1.6L 4","FRONT WHEEL DRIVE","MANUAL","GAS",4,"Run & Drive Verified","Pure Sale","[PREMIUM]",,"SPANAWAY","WA","98387","USA","USD","[PREMIUM]","[PREMIUM]","A310",false,"[PREMIUM]","S",false,false,"[PREMIUM]",,,,,,,,"[PREMIUM]"
"64137986","2026-08-15 04:15:11.168","2026-08-18 15:00:47.697","64137986","2026-08-18 13:00:19.000","[PREMIUM]","337","WA - SPANAWAY","2026-08-18","TUESDAY","1200","PDT","26","V",2005,"MERCURY","MONTEGO","MONTEGO","SEDAN 4DR","GRAY","REAR END","SIDE","WA","BS","YES","D",177719,"E","[PREMIUM]",4104,"3.0L 6","FRONT WHEEL DRIVE","AUTOMATIC","GAS",6,"Run & Drive Verified","Pure Sale","[PREMIUM]",,"SPANAWAY","WA","98387","USA","USD","[PREMIUM]","[PREMIUM]","A320",false,"[PREMIUM]","PREMIER",false,false,"[PREMIUM]",,,,,,,,"[PREMIUM]"
"63924646","2026-08-15 04:15:11.028","2026-08-18 15:00:47.560","63924646","2026-08-18 13:00:20.000","[PREMIUM]","337","WA - SPANAWAY","2026-08-18","TUESDAY","1200","PDT","2597","V",2013,"FORD","TAURUS","TAURUS","SEDAN 4DR","RED","SIDE","FRONT END","WA","BS","YES","E",0,"N","[PREMIUM]",0,"3.5L 6","FRONT WHEEL DRIVE","AUTOMATIC","GAS",6,"DEFAULT","Pure Sale","[PREMIUM]",,"SPANAWAY","WA","98387","USA","USD","[PREMIUM]","[PREMIUM]","C320",false,"[PREMIUM]","LIMITED",false,false,"[PREMIUM]",,,,,,,,"[PREMIUM]"
"63864296","2026-08-15 04:15:11.025","2026-08-25 00:02:27.927","63864296","2026-08-18 22:05:34.000","[PREMIUM]","337","WA - SPANAWAY","2026-08-25","TUESDAY","1200","PDT","0","V",2006,"VOLKSWAGEN","JETTA","JETTA",,"SILVER","FRONT END","SIDE","WA","BS","YES","S",144890,"E","[PREMIUM]",7189.23,,,"MANUAL",,,"Vehicle Starts","On Minimum Bid","[PREMIUM]",,"SPANAWAY","WA","98387","USA","USD","[PREMIUM]","[PREMIUM]","B210",false,"[PREMIUM]","TDI OPTION PACKAGE 1",false,false,"[PREMIUM]",,,,,,,,"[PREMIUM]"
"64024986","2026-08-15 04:15:11.006","2026-08-21 17:45:21.013","64024986","2026-08-21 13:00:27.000","[PREMIUM]","337","WA - SPANAWAY","2026-08-21","FRIDAY","1200","PDT","3129","V",2025,"NISSAN","ALTIMA","ALTIMA","SEDAN","GRAY","REAR END","SIDE","WA","BS","YES","D",5283,"A","[PREMIUM]",16740.6,"2.5L 4","FRONT WHEEL DRIVE","AUTOMATIC","GAS",4,"Run & Drive Verified","Pure Sale","[PREMIUM]",,"SPANAWAY","WA","98387","USA","USD","[PREMIUM]","[PREMIUM]","C210",false,"[PREMIUM]","S",false,false,"[PREMIUM]",,,,,,,,"[PREMIUM]"
"63780176","2026-08-15 04:15:10.952","2026-08-29 11:46:25.393","63780176","2026-08-26 21:41:55.000","[PREMIUM]","337","WA - SPANAWAY","2026-09-01","TUESDAY","1200","PDT","0","V",2005,"HONDA","ACCORD","ACCORD","SEDAN 4DR","GOLD","SIDE","FRONT END","WA","BS","YES","S",181060,"E","[PREMIUM]",8860.16,"2.4L 4","FRONT WHEEL DRIVE","AUTOMATIC","GAS",4,"Vehicle Starts","On Minimum Bid","[PREMIUM]",,"SPANAWAY","WA","98387","USA","USD","[PREMIUM]","[PREMIUM]","B260",false,"[PREMIUM]","EX",false,false,"[PREMIUM]",,,,,,,,"[PREMIUM]"
"63598536","2026-08-15 04:15:10.899","2026-08-18 15:00:47.387","63598536","2026-08-18 13:00:20.000","[PREMIUM]","337","WA - SPANAWAY","2026-08-18","TUESDAY","1200","PDT","2598","V",2015,"SUBARU","LEGACY","LEGACY","SEDAN 4DR","BLUE","FRONT END",,"WA","BS","YES","E",73815,"A","[PREMIUM]",8589.85,"2.5L 4","ALL WHEEL DRIVE","AUTOMATIC","GAS",4,"DEFAULT","Pure Sale","[PREMIUM]",,"SPANAWAY","WA","98387","USA","USD","[PREMIUM]","[PREMIUM]","D240",false,"[PREMIUM]","2.5I LIMITED",false,false,"[PREMIUM]",,,,,,,,"[PREMIUM]"
"62986256","2026-08-15 04:15:10.652","2026-08-18 15:00:47.121","62986256","2026-08-18 13:00:19.000","[PREMIUM]","337","WA - SPANAWAY","2026-08-18","TUESDAY","1200","PDT","33","V",2021,"AUDI","Q5","Q5","SPORT UTILITY VEHICLE","BLACK","REAR END","FRONT END","WA","BS","YES","D",88036,"A","[PREMIUM]",20838.24,"2.0L 4","ALL WHEEL DRIVE","AUTOMATIC","GAS",4,"Run & Drive Verified","Pure Sale","[PREMIUM]",,"SPANAWAY","WA","98387","USA","USD","[PREMIUM]","[PREMIUM]","B180",false,"[PREMIUM]","PREMIUM PLUS",false,false,"[PREMIUM]",,,,,,,,"[PREMIUM]"
"62772126","2026-08-15 04:15:10.607","2026-08-18 15:00:47.020","62772126","2026-08-18 13:00:20.000","[PREMIUM]","337","WA - SPANAWAY","2026-08-18","TUESDAY","1200","PDT","2604","V",2014,"CADILLAC","ESCALADE","ESCALADE","4DR SPORT UTILITY","BLACK","FRONT END","SIDE","WA","BS","NO","E",0,"N","[PREMIUM]",73607.11,"6.2L 8","ALL WHEEL DRIVE","AUTOMATIC","FLEXIBLE",8,"DEFAULT","Pure Sale","[PREMIUM]",,"SPANAWAY","WA","98387","USA","USD","[PREMIUM]","[PREMIUM]","A180",false,"[PREMIUM]","ESV LUXURY",false,false,"[PREMIUM]",,,,,,,,"[PREMIUM]"
"62655556","2026-08-15 04:15:10.548","2026-08-18 15:00:47.003","62655556","2026-08-18 13:00:20.000","[PREMIUM]","337","WA - SPANAWAY","2026-08-18","TUESDAY","1200","PDT","2526","V",2016,"HYUNDAI","ACCENT","ACCENT","SEDAN","GRAY","FRONT END",,"WA","BS","YES","E",0,"N","[PREMIUM]",4632.66,"1.6L 4","FRONT WHEEL DRIVE","AUTOMATIC","GAS",4,"DEFAULT","Pure Sale","[PREMIUM]",,"SPANAWAY","WA","98387","USA","USD","[PREMIUM]","[PREMIUM]","B280",false,"[PREMIUM]","SE",false,false,"[PREMIUM]",,,,,,,,"[PREMIUM]"
"62052136","2026-08-15 04:15:10.457","2026-08-18 15:00:46.804","62052136","2026-08-18 13:00:19.000","[PREMIUM]","337","WA - SPANAWAY","2026-08-18","TUESDAY","1200","PDT","133","V",2025,"HONDA","CRV","CR-V","SPORT UTILITY VEHICLE","BLACK","FRONT END","REAR END","WA","BS","YES","D",29224,"A","[PREMIUM]",28127.2,"2.0L 4","ALL WHEEL DRIVE","AUTOMATIC","ELECTRIC AND GAS HYBRID",4,"Run & Drive Verified","On Minimum Bid","[PREMIUM]",,"SPANAWAY","WA","98387","USA","USD","[PREMIUM]","[PREMIUM]","D230",false,"[PREMIUM]","SPORT-L",false,false,"[PREMIUM]",,,,,,,,"[PREMIUM]"
"61816776","2026-08-15 04:15:10.383","2026-08-21 17:45:20.469","61816776","2026-08-21 13:00:26.000","[PREMIUM]","337","WA - SPANAWAY","2026-08-21","FRIDAY","1200","PDT","2151","V",2013,"TOYOTA","COROLLA","COROLLA","SEDAN","SILVER","SIDE","FRONT END","WA","BS","YES","D",239262,"A","[PREMIUM]",3719.82,"1.8L 4","FRONT WHEEL DRIVE","AUTOMATIC","GAS",4,"Run & Drive Verified","Pure Sale","[PREMIUM]",,"SPANAWAY","WA","98387","USA","USD","[PREMIUM]","[PREMIUM]","A320",false,"[PREMIUM]","S",false,false,"[PREMIUM]",,,,,,,,"[PREMIUM]"
"61619706","2026-08-15 04:15:10.362","2026-08-18 15:00:46.715","61619706","2026-08-18 13:00:20.000","[PREMIUM]","337","WA - SPANAWAY","2026-08-18","TUESDAY","1200","PDT","2588","V",2026,"TESLA","MODEL Y","MODEL Y","SPORT UTILITY VEHICLE","WHITE","REAR END",,"WA","BS","YES","E",18501,"A","[PREMIUM]",34417.47,,"ALL WHEEL DRIVE","AUTOMATIC","ELECTRIC",,"DEFAULT","Pure Sale","[PREMIUM]",,"SPANAWAY","WA","98387","USA","USD","[PREMIUM]","[PREMIUM]","A130",false,"[PREMIUM]",,false,false,"[PREMIUM]",,,,,,,,"[PREMIUM]"
"60695536","2026-08-15 04:15:10.273","2026-08-18 15:00:46.551","60695536","2026-08-18 13:00:19.000","[PREMIUM]","337","WA - SPANAWAY","2026-08-18","TUESDAY","1200","PDT","3","V",2015,"TOYOTA","CAMRY SOLA","CAMRY HYBRID","SEDAN","BLUE","FRONT END",,"WA","BS","YES","D",119920,"A","[PREMIUM]",19721.77,"2.5L 4","FRONT WHEEL DRIVE","AUTOMATIC","ELECTRIC AND GAS HYBRID",4,"Run & Drive Verified","Pure Sale","[PREMIUM]",,"SPANAWAY","WA","98387","USA","USD","[PREMIUM]","[PREMIUM]","B330",false,"[PREMIUM]","XLE",false,false,"[PREMIUM]",,,,,,,,"[PREMIUM]"
"59996956","2026-08-15 04:15:10.228","2026-08-18 15:00:46.435","59996956","2026-08-18 13:00:19.000","[PREMIUM]","337","WA - SPANAWAY","2026-08-18","TUESDAY","1200","PDT","136","V",2014,"LEXUS","CT 200","CT","HATCHBACK 4DR","SILVER","REAR END","SIDE","WA","BS","YES","D",76105,"A","[PREMIUM]",14803,"1.8L 4","FRONT WHEEL DRIVE","AUTOMATIC","ELECTRIC AND GAS HYBRID",4,"Run & Drive Verified","Pure Sale","[PREMIUM]",,"SPANAWAY","WA","98387","USA","USD","[PREMIUM]","[PREMIUM]","B290",false,"[PREMIUM]","200",false,false,"[PREMIUM]",,,,,,,,"[PREMIUM]"
"59385446","2026-08-15 04:15:10.201","2026-08-18 15:00:46.358","59385446","2026-08-18 13:00:19.000","[PREMIUM]","337","WA - SPANAWAY","2026-08-18","TUESDAY","1200","PDT","78","V",2022,"NISSAN","SENTRA SR","SENTRA",,"MAROON","FRONT END","REAR END","WA","BS","YES","D",43352,"A","[PREMIUM]",12126,,,"AUTOMATIC",,,"Run & Drive Verified","Pure Sale","[PREMIUM]",,"SPANAWAY","WA","98387","USA","USD","[PREMIUM]","[PREMIUM]","D260",false,"[PREMIUM]","SR",false,false,"[PREMIUM]",,,,,,,,"[PREMIUM]"
"58091826","2026-08-15 04:15:10.054","2026-08-28 05:48:18.576","58091826","2026-08-27 02:45:21.000","[PREMIUM]","337","WA - SPANAWAY","2026-08-28","FRIDAY","1200","PDT","0","V",2010,"CHEVROLET","IMPALA","IMPALA","SEDAN 4DR","WHITE","MINOR DENT/SCRATCHES",,"WA","CT","YES","S",117828,"E","[PREMIUM]",0,"3.5L 6","FRONT WHEEL DRIVE","AUTOMATIC","GAS",6,"Vehicle Starts","On Minimum Bid","[PREMIUM]",,"SPANAWAY","WA","98387","USA","USD","[PREMIUM]","[PREMIUM]","C300",true,"[PREMIUM]","LT",false,false,"[PREMIUM]",,,,,,,,"[PREMIUM]"
"58306356","2026-08-15 04:15:10.045","2026-08-18 15:00:46.079","58306356","2026-08-18 13:00:20.000","[PREMIUM]","337","WA - SPANAWAY","2026-08-18","TUESDAY","1200","PDT","2567","V",2018,"KIA","RIO","RIO","SEDAN","SILVER","FRONT END","SIDE","WA","BS","YES","E",0,"N","[PREMIUM]",13201.69,"1.6L 4","FRONT WHEEL DRIVE","AUTOMATIC","GAS",4,"DEFAULT","Pure Sale","[PREMIUM]",,"SPANAWAY","WA","98387","USA","USD","[PREMIUM]","[PREMIUM]","A310",false,"[PREMIUM]","LX",false,false,"[PREMIUM]",,,,,,,,"[PREMIUM]"
"56701736","2026-08-15 04:15:09.937","2026-08-18 15:00:45.898","56701736","2026-08-18 13:00:20.000","[PREMIUM]","337","WA - SPANAWAY","2026-08-18","TUESDAY","1200","PDT","2556","V",2026,"TESLA","MODEL Y","MODEL Y","SPORT UTILITY VEHICLE","SILVER","REAR END","FRONT END","WA","BS","YES","E",0,"N","[PREMIUM]",29913.91,,"REAR WHEEL DRIVE","AUTOMATIC","ELECTRIC",,"DEFAULT","Pure Sale","[PREMIUM]",,"SPANAWAY","WA","98387","USA","USD","[PREMIUM]","[PREMIUM]","B210",false,"[PREMIUM]",,false,false,"[PREMIUM]",,,,,,,,"[PREMIUM]"
"53759646","2026-08-15 04:15:09.869","2026-08-29 11:46:24.228","53759646","2026-08-26 21:44:46.000","[PREMIUM]","337","WA - SPANAWAY","2026-09-01","TUESDAY","1200","PDT","0","V",2008,"CHEVROLET","MALIBU","MALIBU","SEDAN 4DR","GRAY","SIDE",,"WA","BS","YES","D",157091,"E","[PREMIUM]",11227.36,"2.4L 4","FRONT WHEEL DRIVE","AUTOMATIC","GAS",4,"Run & Drive Verified","On Minimum Bid","[PREMIUM]",,"SPANAWAY","WA","98387","USA","USD","[PREMIUM]","[PREMIUM]","C260",false,"[PREMIUM]","LS",false,false,"[PREMIUM]",,,,,,,,"[PREMIUM]"
"76360695","2026-08-15 04:15:09.555","2026-08-29 11:46:23.909","76360695","2026-08-14 23:06:09.000","[PREMIUM]","336","UT - SALT LAKE CITY",,,,"MDT","0","V",2014,"NISSAN","ARMADA","ARMADA","4DR SPORT UTILITY","WHITE","FRONT END","SIDE","UT","SC","YES","D",126817,"A","[PREMIUM]",10500.93,"5.6L 8","4X4 W/REAR WHEEL DRV","AUTOMATIC","GAS",8,"Run & Drive Verified","Pure Sale","[PREMIUM]",,"MAGNA","UT","84044 1470","USA","USD","[PREMIUM]","[PREMIUM]","H040",false,"[PREMIUM]","PLATINUM",false,false,"[PREMIUM]",,,,,,,,"[PREMIUM]"
"65177816","2026-08-15 04:15:09.523","2026-08-28 11:45:15.856","65177816","2026-08-24 15:32:48.000","[PREMIUM]","336","UT - SALT LAKE CITY","2026-08-28","FRIDAY","1200","MDT","0","V",1999,"MERCEDES-BENZ","E-CLASS","E","SEDAN 4DR","SILVER","MECHANICAL",,"UT","SC","YES",,147796,"E","[PREMIUM]",6910.11,"3.2L 6","REAR WHEEL DRIVE","AUTOMATIC","GAS",6,,"Pure Sale","[PREMIUM]",,"MAGNA","UT","84044 1470","USA","USD","[PREMIUM]","[PREMIUM]","O100",false,"[PREMIUM]","320",false,false,"[PREMIUM]",,,,,,,,"[PREMIUM]"
"64948096","2026-08-15 04:15:09.500","2026-08-28 11:45:15.654","64948096","2026-08-24 14:58:35.000","[PREMIUM]","336","UT - SALT LAKE CITY","2026-08-28","FRIDAY","1200","MDT","0","V",2016,"SUBARU","CROSSTREK","CROSSTREK","4DR SPORT UTILITY","WHITE","FRONT END",,"UT","SC","YES","D",114108,"A","[PREMIUM]",8183.23,"2.0L 4","ALL WHEEL DRIVE","AUTOMATIC","GAS",4,"Run & Drive Verified","Pure Sale","[PREMIUM]",,"MAGNA","UT","84044 1470","USA","USD","[PREMIUM]","[PREMIUM]","N100",false,"[PREMIUM]","PREMIUM",false,false,"[PREMIUM]",,,,,,,,"[PREMIUM]"
"64992786","2026-08-15 04:15:09.494","2026-08-28 11:45:15.696","64992786","2026-08-25 18:55:55.000","[PREMIUM]","336","UT - SALT LAKE CITY","2026-08-28","FRIDAY","1200","MDT","0","V",2019,"VOLKSWAGEN","JETTA","JETTA","SEDAN","GRAY","FRONT END",,"UT","SC","YES","D",147198,"A","[PREMIUM]",12611.65,"1.4L 4","FRONT WHEEL DRIVE","AUTOMATIC","GAS",4,"Run & Drive Verified","Pure Sale","[PREMIUM]",,"MAGNA","UT","84044 1470","USA","USD","[PREMIUM]","[PREMIUM]","N060",false,"[PREMIUM]","S",false,false,"[PREMIUM]",,,,,,,,"[PREMIUM]"
"64963966","2026-08-15 04:15:09.481","2026-08-28 11:45:15.660","64963966","2026-08-24 15:47:09.000","[PREMIUM]","336","UT - SALT LAKE CITY","2026-08-28","FRIDAY","1200","MDT","0","V",2012,"VOLKSWAGEN","PASSAT","PASSAT","SEDAN 4DR","SILVER","REAR END",,"UT","SC","YES","D",249259,"A","[PREMIUM]",0,"2.5L 5","FRONT WHEEL DRIVE","AUTOMATIC","GAS",5,"Run & Drive Verified","Pure Sale","[PREMIUM]",,"MAGNA","UT","84044 1470","USA","USD","[PREMIUM]","[PREMIUM]","C010",false,"[PREMIUM]","SE",false,false,"[PREMIUM]",,,,,,,,"[PREMIUM]"
"64775386","2026-08-15 04:15:09.448","2026-08-29 11:46:22.683","64775386","2026-08-25 18:25:46.000","[PREMIUM]","336","UT - SALT LAKE CITY","2026-09-01","TUESDAY","1200","MDT","0","V",2006,"KIA","SEDONA","SEDONA","MINI-VAN","WHITE","SIDE",,"UT","SC","YES","D",169480,"E","[PREMIUM]",3319,"3.8L 6","FRONT WHEEL DRIVE","AUTOMATIC","GAS",6,"Run & Drive Verified","On Minimum Bid","[PREMIUM]",,"MAGNA","UT","84044 1470","USA","USD","[PREMIUM]","[PREMIUM]","O040",false,"[PREMIUM]","LX",false,false,"[PREMIUM]",,,,,,,,"[PREMIUM]"
"64902156","2026-08-15 04:15:09.441","2026-08-29 11:46:22.761","64902156","2026-08-17 18:07:58.000","[PREMIUM]","336","UT - SALT LAKE CITY",,,,"MDT","0","V",2025,"TOYOTA","TACOMA","TACOMA","PICKUP","SILVER","FRONT END",,"UT","SC","YES","D",7816,"A","[PREMIUM]",30056,"2.4L 4","FOUR BY FOUR","AUTOMATIC","GAS",4,"Run & Drive Verified","Pure Sale","[PREMIUM]",,"MAGNA","UT","84044 1470","USA","USD","[PREMIUM]","[PREMIUM]","D060",false,"[PREMIUM]","TRD SPORT",false,false,"[PREMIUM]",,,,,,,,"[PREMIUM]"
"64810166","2026-08-15 04:15:09.439","2026-08-29 11:46:22.723","64810166","2026-08-14 23:06:09.000","[PREMIUM]","336","UT - SALT LAKE CITY",,,,"MDT","0","V",2021,"SUBARU","CROSSTREK","CROSSTREK","SPORT UTILITY VEHICLE","BLUE","SIDE","REAR END","UT","SC","YES","D",55746,"A","[PREMIUM]",19291,"2.0L 4","ALL WHEEL DRIVE","AUTOMATIC","GAS",4,"Run & Drive Verified","Pure Sale","[PREMIUM]",,"MAGNA","UT","84044 1470","USA","USD","[PREMIUM]","[PREMIUM]","I040",false,"[PREMIUM]","PREMIUM",false,false,"[PREMIUM]",,,,,,,,"[PREMIUM]"
"64826266","2026-08-15 04:15:09.435","2026-08-18 15:00:44.548","64826266","2026-08-18 12:00:14.000","[PREMIUM]","336","UT - SALT LAKE CITY","2026-08-18","TUESDAY","1200","MDT","33","V",2004,"CHEVROLET","SUBURBAN","SUBURBAN","4DR SPORT UTILITY","WHITE","MINOR DENT/SCRATCHES",,"UT","RT","YES","D",233295,"E","[PREMIUM]",0,"5.3L 8","4X4 W/REAR WHEEL DRV","AUTOMATIC","FLEXIBLE",8,"Run & Drive Verified","On Minimum Bid","[PREMIUM]",,"MAGNA","UT","84044 1470","USA","USD","[PREMIUM]","[PREMIUM]","D020",true,"[PREMIUM]","K1500",false,false,"[PREMIUM]",,,,,,,,"[PREMIUM]"
"64798856","2026-08-15 04:15:09.429","2026-08-29 11:46:22.680","64798856","2026-08-24 17:24:22.000","[PREMIUM]","336","UT - SALT LAKE CITY",,,,"MDT","0","V",2013,"SUBARU","IMPREZA","IMPREZA","STATION WAGON","WHITE","REAR END",,"UT","SC","YES","D",206582,"A","[PREMIUM]",4330.08,"2.0L 4","ALL WHEEL DRIVE","AUTOMATIC","GAS",4,"Run & Drive Verified","Pure Sale","[PREMIUM]",,"MAGNA","UT","84044 1470","USA","USD","[PREMIUM]","[PREMIUM]","H020",false,"[PREMIUM]","SPORT LIMITED",false,false,"[PREMIUM]",,,,,,,,"[PREMIUM]"
"64840766","2026-08-15 04:15:09.423","2026-08-25 00:02:25.917","64840766","2026-08-19 12:42:01.000","[PREMIUM]","336","UT - SALT LAKE CITY","2026-08-25","TUESDAY","1200","MDT","0","V",2017,"NISSAN","PATHFINDER","PATHFINDER","SUV","SILVER","MINOR DENT/SCRATCHES",,"UT","RT","YES","D",167311,"A","[PREMIUM]",0,"3.5L 6","FOUR BY FOUR","AUTOMATIC","GAS",6,"Run & Drive Verified","On Minimum Bid","[PREMIUM]",,"MAGNA","UT","84044 1470","USA","USD","[PREMIUM]","[PREMIUM]","L100",true,"[PREMIUM]","SL",false,false,"[PREMIUM]",,,,,,,,"[PREMIUM]"
"64665136","2026-08-15 04:15:09.409","2026-08-18 15:00:44.219","64665136","2026-08-18 12:00:14.000","[PREMIUM]","336","UT - SALT LAKE CITY","2026-08-18","TUESDAY","1200","MDT","99","V",2022,"TESLA","MODEL 3","MODEL 3","SEDAN","CHARCOAL","FRONT END",,"CA","SC","YES","D",38178,"A","[PREMIUM]",0,,"ALL WHEEL DRIVE","AUTOMATIC","ELECTRIC",,"Run & Drive Verified","On Approval","[PREMIUM]",,"MAGNA","UT","84044 1470","USA","USD","[PREMIUM]","[PREMIUM]","D040",false,"[PREMIUM]",,false,false,"[PREMIUM]",,,,,,,,"[PREMIUM]"
"64677686","2026-08-15 04:15:09.404","2026-08-28 11:45:15.499","64677686","2026-08-25 18:00:06.000","[PREMIUM]","336","UT - SALT LAKE CITY","2026-08-28","FRIDAY","1200","MDT","0","V",2016,"SUBARU","LEGACY","LEGACY","SEDAN 4DR","GRAY","FRONT END",,"UT","SC","NO","E",0,"N","[PREMIUM]",0,"2.5L 4","ALL WHEEL DRIVE","AUTOMATIC","GAS",4,"DEFAULT","Pure Sale","[PREMIUM]",,"MAGNA","UT","84044 1470","USA","USD","[PREMIUM]","[PREMIUM]","O070",false,"[PREMIUM]","2.5I PREMIUM",false,false,"[PREMIUM]",,,,,,,,"[PREMIUM]"
"64587196","2026-08-15 04:15:09.385","2026-08-28 11:45:15.101","64587196","2026-08-21 22:55:13.000","[PREMIUM]","336","UT - SALT LAKE CITY","2026-08-28","FRIDAY","1200","MDT","0","V",2015,"HONDA","PILOT","PILOT","4DR SPORT UTILITY","WHITE","FRONT END",,"UT","SC","YES","E",142712,"A","[PREMIUM]",14366.43,"3.5L 6","ALL WHEEL DRIVE","AUTOMATIC","GAS",6,"DEFAULT","Pure Sale","[PREMIUM]",,"MAGNA","UT","84044 1470","USA","USD","[PREMIUM]","[PREMIUM]","1C040",false,"[PREMIUM]","TOURING",false,false,"[PREMIUM]",,,,,,,,"[PREMIUM]"
"64503996","2026-08-15 04:15:09.330","2026-08-28 11:45:15.076","64503996","2026-08-24 15:33:14.000","[PREMIUM]","336","UT - SALT LAKE CITY","2026-08-28","FRIDAY","1200","MDT","0","V",1999,"VOLVO","S80","S80","SEDAN 4DR","WHITE","FRONT END",,"UT","SC","YES","S",224747,"E","[PREMIUM]",6310.44,"2.9L 6","FRONT WHEEL DRIVE","AUTOMATIC","GAS",6,"Vehicle Starts","Pure Sale","[PREMIUM]",,"MAGNA","UT","84044 1470","USA","USD","[PREMIUM]","[PREMIUM]","B020",false,"[PREMIUM]",,false,false,"[PREMIUM]",,,,,,,,"[PREMIUM]"
"64500416","2026-08-15 04:15:09.323","2026-08-25 00:02:25.239","64500416","2026-08-21 22:43:55.000","[PREMIUM]","336","UT - SALT LAKE CITY","2026-08-25","TUESDAY","1200","MDT","0","V",2012,"HYUNDAI","ACCENT","ACCENT",,"BLUE","REAR END",,"UT","SC","YES","D",160894,"N","[PREMIUM]",3004,,,"AUTOMATIC",,,"Run & Drive Verified","Pure Sale","[PREMIUM]",,"MAGNA","UT","84044 1470","USA","USD","[PREMIUM]","[PREMIUM]","O050",false,"[PREMIUM]","GLS",false,false,"[PREMIUM]",,,,,,,,"[PREMIUM]"
"64409676","2026-08-15 04:15:09.296","2026-08-28 11:45:15.010","64409676","2026-08-24 15:19:41.000","[PREMIUM]","336","UT - SALT LAKE CITY","2026-08-28","FRIDAY","1200","MDT","0","V",2013,"TOYOTA","TACOMA","TACOMA","CREW PICKUP","GRAY","FRONT END",,"UT","SC","YES","D",173091,"A","[PREMIUM]",1022.15,"4.0L 6","4X4 W/REAR WHEEL DRV","AUTOMATIC","GAS",6,"Run & Drive Verified","Pure Sale","[PREMIUM]",,"MAGNA","UT","84044 1470","USA","USD","[PREMIUM]","[PREMIUM]","C030",false,"[PREMIUM]","DOUBLE CAB",false,false,"[PREMIUM]",,,,,,,,"[PREMIUM]"
"64428186","2026-08-15 04:15:09.291","2026-08-28 11:45:15.017","64428186","2026-08-24 15:58:40.000","[PREMIUM]","336","UT - SALT LAKE CITY","2026-08-28","FRIDAY","1200","MDT","0","V",2016,"VOLKSWAGEN","JETTA","JETTA","SEDAN 4DR","WHITE","REAR END",,"UT","SC","YES","D",157934,"A","[PREMIUM]",5566.26,"1.4L 4","FRONT WHEEL DRIVE","MANUAL","GAS",4,"Run & Drive Verified","Pure Sale","[PREMIUM]",,"MAGNA","UT","84044 1470","USA","USD","[PREMIUM]","[PREMIUM]","I040",false,"[PREMIUM]","S",false,false,"[PREMIUM]",,,,,,,,"[PREMIUM]"
"64459516","2026-08-15 04:15:09.290","2026-08-29 11:46:22.506","64459516","2026-08-14 22:19:14.000","[PREMIUM]","336","UT - SALT LAKE CITY",,,,"MDT","0","V",2020,"FORD","ECOSPORT","ECOSPORT","SPORT UTILITY VEHICLE","BLACK","FRONT END",,"UT","SC","YES","S",90714,"A","[PREMIUM]",18775.02,"2.0L 4","4X4 W/FRONT WHL DRV","AUTOMATIC","GAS",4,"Vehicle Starts","Pure Sale","[PREMIUM]",,"MAGNA","UT","84044 1470","USA","USD","[PREMIUM]","[PREMIUM]","C110",false,"[PREMIUM]","SES",false,false,"[PREMIUM]",,,,,,,,"[PREMIUM]"
"64324466","2026-08-15 04:15:09.206","2026-08-28 11:45:14.958","64324466","2026-08-24 15:16:36.000","[PREMIUM]","336","UT - SALT LAKE CITY","2026-08-28","FRIDAY","1200","MDT","0","V",2005,"HONDA","ACCORD","ACCORD","SEDAN 4DR","GOLD","FRONT END",,"UT","SC","YES","D",201203,"E","[PREMIUM]",4126.84,"2.4L 4","FRONT WHEEL DRIVE","AUTOMATIC","GAS",4,"Run & Drive Verified","Pure Sale","[PREMIUM]",,"MAGNA","UT","84044 1470","USA","USD","[PREMIUM]","[PREMIUM]","G010",false,"[PREMIUM]","EX",false,false,"[PREMIUM]",,,,,,,,"[PREMIUM]"
"64327396","2026-08-15 04:15:09.195","2026-08-28 11:45:14.968","64327396","2026-08-24 15:16:37.000","[PREMIUM]","336","UT - SALT LAKE CITY","2026-08-28","FRIDAY","1200","MDT","0","V",2010,"HONDA","CIVIC","CIVIC","SEDAN 4DR","BLUE","SIDE",,"UT","SC","YES","D",143335,"E","[PREMIUM]",2756.88,"1.8L 4","FRONT WHEEL DRIVE","AUTOMATIC","COMPRESSED NATURAL GAS",4,"Run & Drive Verified","Pure Sale","[PREMIUM]",,"MAGNA","UT","84044 1470","USA","USD","[PREMIUM]","[PREMIUM]","I070",false,"[PREMIUM]","GX",false,false,"[PREMIUM]",,,,,,,,"[PREMIUM]"
"64332236","2026-08-15 04:15:09.193","2026-08-28 11:45:14.990","64332236","2026-08-25 17:35:43.000","[PREMIUM]","336","UT - SALT LAKE CITY","2026-08-28","FRIDAY","1200","MDT","0","V",2016,"HONDA","ACCORD","ACCORD","SEDAN 4DR","WHITE","FRONT END","SIDE","UT","SC","YES","D",98502,"A","[PREMIUM]",16249,"3.5L 6","FRONT WHEEL DRIVE","AUTOMATIC","GAS",6,"Run & Drive Verified","Pure Sale","[PREMIUM]",,"MAGNA","UT","84044 1470","USA","USD","[PREMIUM]","[PREMIUM]","A080",false,"[PREMIUM]","TOURING",false,false,"[PREMIUM]",,,,,,,,"[PREMIUM]"
"64225366","2026-08-15 04:15:09.167","2026-08-28 11:45:14.890","64225366","2026-08-25 18:00:26.000","[PREMIUM]","336","UT - SALT LAKE CITY","2026-08-28","FRIDAY","1200","MDT","0","V",2017,"VOLKSWAGEN","TIGUAN","TIGUAN","4DR SPORT UTILITY","BLUE","REAR END",,"UT","SC","YES","D",121620,"A","[PREMIUM]",0,"2.0L 4","ALL WHEEL DRIVE","AUTOMATIC","GAS",4,"Run & Drive Verified","Pure Sale","[PREMIUM]",,"MAGNA","UT","84044 1470","USA","USD","[PREMIUM]","[PREMIUM]","F040",false,"[PREMIUM]","S",false,false,"[PREMIUM]",,,,,,,,"[PREMIUM]"
"64230166","2026-08-15 04:15:09.135","2026-08-28 11:45:14.935","64230166","2026-08-26 23:42:01.000","[PREMIUM]","336","UT - SALT LAKE CITY","2026-08-28","FRIDAY","1200","MDT","0","V",2018,"GMC","CANYON","CANYON","PICKUP","RED","REAR END",,"UT","SC","YES","D",112093,"A","[PREMIUM]",17537,"2.8L 4","4X4 W/REAR WHEEL DRV","AUTOMATIC","DIESEL",4,"Run & Drive Verified","Pure Sale","[PREMIUM]",,"MAGNA","UT","84044 1470","USA","USD","[PREMIUM]","[PREMIUM]","I090",false,"[PREMIUM]","DENALI",false,false,"[PREMIUM]",,,,,,,,"[PREMIUM]"
"64252576","2026-08-15 04:15:09.128","2026-08-28 23:46:39.133","64252576","2026-08-25 00:08:03.000","[PREMIUM]","336","UT - SALT LAKE CITY",,,,"MDT","0","V",2008,"MAZDA","3","3I","SEDAN 4DR","GRAY","FRONT END",,"UT","SC","YES","E",0,"E","[PREMIUM]",5469.53,"2.0L 4","FRONT WHEEL DRIVE","AUTOMATIC","GAS",4,"DEFAULT","Pure Sale","[PREMIUM]",,"MAGNA","UT","84044 1470","USA","USD","[PREMIUM]","[PREMIUM]","F110",false,"[PREMIUM]",,false,false,"[PREMIUM]",,,,,,,,"[PREMIUM]"
"64220566","2026-08-15 04:15:09.126","2026-08-28 11:45:14.892","64220566","2026-08-24 15:19:29.000","[PREMIUM]","336","UT - SALT LAKE CITY","2026-08-28","FRIDAY","1200","MDT","0","V",2018,"JEEP","COMPASS","COMPASS","SPORT UTILITY VEHICLE","BLUE","FRONT END",,"UT","SC","YES","D",140185,"A","[PREMIUM]",5825.31,"2.4L 4","4X4 W/FRONT WHL DRV","AUTOMATIC","GAS",4,"Run & Drive Verified","Pure Sale","[PREMIUM]",,"MAGNA","UT","84044 1470","USA","USD","[PREMIUM]","[PREMIUM]","M060",false,"[PREMIUM]","TRAILHAWK",false,false,"[PREMIUM]",,,,,,,,"[PREMIUM]"
"64271556","2026-08-15 04:15:09.116","2026-08-25 00:02:25.109","64271556","2026-08-21 22:44:55.000","[PREMIUM]","336","UT - SALT LAKE CITY","2026-08-25","TUESDAY","1200","MDT","0","V",2018,"HYUNDAI","ELANTRA","ELANTRA","SEDAN","WHITE","FRONT END",,"UT","SC","YES","D",100422,"A","[PREMIUM]",8312,"2.0L 4","FRONT WHEEL DRIVE","AUTOMATIC","GAS",4,"Run & Drive Verified","Pure Sale","[PREMIUM]",,"MAGNA","UT","84044 1470","USA","USD","[PREMIUM]","[PREMIUM]","B070",false,"[PREMIUM]","SEL",false,false,"[PREMIUM]",,,,,,,,"[PREMIUM]"
"64115696","2026-08-15 04:15:09.091","2026-08-28 11:45:14.824","64115696","2026-08-24 14:59:26.000","[PREMIUM]","336","UT - SALT LAKE CITY","2026-08-28","FRIDAY","1200","MDT","0","V",2021,"TOYOTA","TACOMA","TACOMA","PICKUP","GREEN","FRONT END",,"UT","SC","YES","D",53735,"A","[PREMIUM]",32220.99,"3.5L 6","FOUR BY FOUR","AUTOMATIC","GAS",6,"Run & Drive Verified","Pure Sale","[PREMIUM]",,"MAGNA","UT","84044 1470","USA","USD","[PREMIUM]","[PREMIUM]","L080",false,"[PREMIUM]","TRD OFF-ROAD",false,false,"[PREMIUM]",,,,,,,,"[PREMIUM]"
"64047206","2026-08-15 04:15:09.036","2026-08-28 11:45:14.755","64047206","2026-08-24 15:10:37.000","[PREMIUM]","336","UT - SALT LAKE CITY","2026-08-28","FRIDAY","1200","MDT","0","V",2014,"FORD","TAURUS","TAURUS","SEDAN 4DR","WHITE","FRONT END",,"UT","SC","YES","D",193383,"A","[PREMIUM]",3557,"3.5L 6","FRONT WHEEL DRIVE","AUTOMATIC","GAS",6,"Run & Drive Verified","Pure Sale","[PREMIUM]",,"MAGNA","UT","84044 1470","USA","USD","[PREMIUM]","[PREMIUM]","G080",false,"[PREMIUM]","LIMITED",false,false,"[PREMIUM]",,,,,,,,"[PREMIUM]"
"63753206","2026-08-15 04:15:08.918","2026-08-28 11:45:14.612","63753206","2026-08-24 15:03:44.000","[PREMIUM]","336","UT - SALT LAKE CITY","2026-08-28","FRIDAY","1200","MDT","0","V",2016,"NISSAN","ALTIMA","ALTIMA","SEDAN","BLACK","REAR END",,"UT","SC","YES","D",235935,"A","[PREMIUM]",5369.21,"2.5L 4","FRONT WHEEL DRIVE","AUTOMATIC","GAS",4,"Run & Drive Verified","Pure Sale","[PREMIUM]",,"MAGNA","UT","84044 1470","USA","USD","[PREMIUM]","[PREMIUM]","C090",false,"[PREMIUM]","2.5 S",false,false,"[PREMIUM]",,,,,,,,"[PREMIUM]"
"63729736","2026-08-15 04:15:08.870","2026-08-28 11:45:14.594","63729736","2026-08-24 15:16:37.000","[PREMIUM]","336","UT - SALT LAKE CITY","2026-08-28","FRIDAY","1200","MDT","0","V",2010,"DODGE","DAKOTA","DAKOTA","4DR EXT CAB PICKUP","WHITE","FRONT END",,"UT","SC","YES","D",141308,"E","[PREMIUM]",7691,"3.7L 6","4X4 W/REAR WHEEL DRV","AUTOMATIC","GAS",6,"Run & Drive Verified","Pure Sale","[PREMIUM]",,"MAGNA","UT","84044 1470","USA","USD","[PREMIUM]","[PREMIUM]","I110",false,"[PREMIUM]","SXT",false,false,"[PREMIUM]",,,,,,,,"[PREMIUM]"
"63713266","2026-08-15 04:15:08.849","2026-08-29 11:46:22.091","63713266","2026-08-28 22:15:36.000","[PREMIUM]","336","UT - SALT LAKE CITY","2026-09-04","FRIDAY","1200","MDT","0","R",2007,"CHEVROLET","C/K5500","C5500","MOTORIZED HOME","WHITE","BURN",,"UT","SC","YES","E",0,"E","[PREMIUM]",23298,"8.1L 8","REAR WHEEL DRIVE","AUTOMATIC","GAS",8,"DEFAULT","On Minimum Bid","[PREMIUM]",,"MAGNA","UT","84044 1470","USA","USD","[PREMIUM]","[PREMIUM]","HVY5",false,"[PREMIUM]","C5U042",false,false,"[PREMIUM]",,,,,,,,"[PREMIUM]"
"63621136","2026-08-15 04:15:08.790","2026-08-28 11:45:14.528","63621136","2026-08-24 16:02:51.000","[PREMIUM]","336","UT - SALT LAKE CITY","2026-08-28","FRIDAY","1200","MDT","0","V",2015,"AUDI","A3","A3","SEDAN 4DR","GRAY","SIDE","FRONT END","UT","SC","YES","D",158272,"A","[PREMIUM]",5321,"1.8L 4","FRONT WHEEL DRIVE","AUTOMATIC","GAS",4,"Run & Drive Verified","Pure Sale","[PREMIUM]",,"MAGNA","UT","84044 1470","USA","USD","[PREMIUM]","[PREMIUM]","H140",false,"[PREMIUM]","PREMIUM",false,false,"[PREMIUM]",,,,,,,,"[PREMIUM]"
"63581846","2026-08-15 04:15:08.778","2026-08-29 11:46:21.983","63581846","2026-08-28 19:24:53.000","[PREMIUM]","336","UT - SALT LAKE CITY","2026-09-04","FRIDAY","1200","MDT","0","V",2017,"FORD","F350","F350","CREW PICKUP","WHITE","FRONT END","SIDE","UT","SC","YES","E",92941,"N","[PREMIUM]",24692,"6.2L 8","4X4 W/REAR WHEEL DRV","AUTOMATIC","GAS",8,"DEFAULT","On Minimum Bid","[PREMIUM]",,"MAGNA","UT","84044 1470","USA","USD","[PREMIUM]","[PREMIUM]","HVY6",false,"[PREMIUM]","SUPER DUTY",false,false,"[PREMIUM]",,,,,,,,"[PREMIUM]"
"63345796","2026-08-15 04:15:08.567","2026-08-29 11:46:21.821","63345796","2026-08-27 19:34:53.000","[PREMIUM]","336","UT - SALT LAKE CITY","2026-09-01","TUESDAY","1200","MDT","0","V",2019,"HONDA","CIVIC","CIVIC","SEDAN","SILVER","SIDE",,"UT","SC","YES","D",77053,"A","[PREMIUM]",0,"1.5L 4","FRONT WHEEL DRIVE","AUTOMATIC","GAS",4,"Run & Drive Verified","Pure Sale","[PREMIUM]",,"MAGNA","UT","84044 1470","USA","USD","[PREMIUM]","[PREMIUM]","O120",false,"[PREMIUM]","EX",false,false,"[PREMIUM]",,,,,,,,"[PREMIUM]"
"63024636","2026-08-15 04:15:08.420","2026-08-28 11:45:13.788","63024636","2026-08-24 16:04:48.000","[PREMIUM]","336","UT - SALT LAKE CITY","2026-08-28","FRIDAY","1200","MDT","0","V",2011,"LEXUS","RX350","RX","4DR SPORT UTILITY","WHITE","FRONT END",,"UT","SC","YES","D",167715,"A","[PREMIUM]",8606,"3.5L 6","ALL WHEEL DRIVE","AUTOMATIC","GAS",6,"Run & Drive Verified","Pure Sale","[PREMIUM]",,"MAGNA","UT","84044 1470","USA","USD","[PREMIUM]","[PREMIUM]","I050",false,"[PREMIUM]","350",false,false,"[PREMIUM]",,,,,,,,"[PREMIUM]"
"62883776","2026-08-15 04:15:08.352","2026-08-28 11:45:13.666","62883776","2026-08-25 19:16:56.000","[PREMIUM]","336","UT - SALT LAKE CITY","2026-08-28","FRIDAY","1200","MDT","0","V",1999,"TOYOTA","CAMRY","CAMRY","SEDAN","BURGUNDY","REAR END",,"UT","SC","YES","S",161135,"E","[PREMIUM]",7039.55,"3.0L 6","FRONT WHEEL DRIVE","AUTOMATIC","GAS",6,"Vehicle Starts","Pure Sale","[PREMIUM]",,"MAGNA","UT","84044 1470","USA","USD","[PREMIUM]","[PREMIUM]","L140",false,"[PREMIUM]","XLE V6",false,false,"[PREMIUM]",,,,,,,,"[PREMIUM]"
"62839256","2026-08-15 04:15:08.299","2026-08-18 15:00:42.139","62839256","2026-08-14 22:19:14.000","[PREMIUM]","336","UT - SALT LAKE CITY",,,,"MDT","0","V",2011,"AUDI","Q7","Q7","4DR SPORT UTILITY","BLACK","SIDE","FRONT END","UT","SC","YES","E",0,"N","[PREMIUM]",13967.92,"3.0L 6","ALL WHEEL DRIVE","AUTOMATIC","DIESEL",6,"DEFAULT","Pure Sale","[PREMIUM]",,"MAGNA","UT","84044 1470","USA","USD","[PREMIUM]","[PREMIUM]","L100",false,"[PREMIUM]","PREMIUM PLUS",false,false,"[PREMIUM]",,,,,,,,"[PREMIUM]"
"62700126","2026-08-15 04:15:08.229","2026-08-29 11:46:21.648","62700126","2026-08-27 19:02:22.000","[PREMIUM]","336","UT - SALT LAKE CITY","2026-09-01","TUESDAY","1200","MDT","0","V",2009,"NISSAN","MAXIMA","MAXIMA","SEDAN","GRAY","SIDE",,"UT","SC","YES","D",197242,"E","[PREMIUM]",2923.17,"3.5L 6","FRONT WHEEL DRIVE","AUTOMATIC","GAS",6,"Run & Drive Verified","Pure Sale","[PREMIUM]",,"MAGNA","UT","84044 1470","USA","USD","[PREMIUM]","[PREMIUM]","H130",false,"[PREMIUM]","3.5 S",false,false,"[PREMIUM]",,,,,,,,"[PREMIUM]"
"62542186","2026-08-15 04:15:08.077","2026-08-28 11:45:13.280","62542186","2026-08-24 16:02:40.000","[PREMIUM]","336","UT - SALT LAKE CITY","2026-08-28","FRIDAY","1200","MDT","0","V",2013,"FORD","F150","F150","CREW PICKUP","GRAY","FRONT END",,"UT","NR","YES","E",0,"N","[PREMIUM]",8800,"3.5L 6","4X4 W/REAR WHEEL DRV","AUTOMATIC","GAS",6,"DEFAULT","Pure Sale","[PREMIUM]",,"MAGNA","UT","84044 1470","USA","USD","[PREMIUM]","[PREMIUM]","I110",false,"[PREMIUM]","SUPERCREW",false,false,"[PREMIUM]",,,,,,,,"[PREMIUM]"
"62546586","2026-08-15 04:15:08.073","2026-08-28 11:45:13.283","62546586","2026-08-24 15:20:43.000","[PREMIUM]","336","UT - SALT LAKE CITY","2026-08-28","FRIDAY","1200","MDT","0","V",2007,"DODGE","DAKOTA","DAKOTA","CREW PICKUP","BLACK","FRONT END","SIDE","UT","SC","YES","D",235747,"E","[PREMIUM]",2474.71,"4.7L 8","4X4 W/REAR WHEEL DRV","AUTOMATIC","FLEXIBLE",8,"Run & Drive Verified","Pure Sale","[PREMIUM]",,"MAGNA","UT","84044 1470","USA","USD","[PREMIUM]","[PREMIUM]","D130",false,"[PREMIUM]","QUAD",false,false,"[PREMIUM]",,,,,,,,"[PREMIUM]"
"62593886","2026-08-15 04:15:08.054","2026-08-28 11:45:13.439","62593886","2026-08-24 15:54:40.000","[PREMIUM]","336","UT - SALT LAKE CITY","2026-08-28","FRIDAY","1200","MDT","0","V",2009,"SCION","XB","XB","WAGON","BLACK","BURN",,"UT","SC","YES",,160984,"E","[PREMIUM]",5055,"2.4L 4","FRONT WHEEL DRIVE","AUTOMATIC","GAS",4,,"Pure Sale","[PREMIUM]",,"MAGNA","UT","84044 1470","USA","USD","[PREMIUM]","[PREMIUM]","H060",false,"[PREMIUM]","BASE",false,false,"[PREMIUM]",,,,,,,,"[PREMIUM]"
"62531166","2026-08-15 04:15:08.025","2026-08-28 11:45:13.279","62531166","2026-08-24 14:29:41.000","[PREMIUM]","336","UT - SALT LAKE CITY","2026-08-28","FRIDAY","1200","MDT","0","V",2007,"HYUNDAI","SONATA","SONATA","SEDAN","RED","FRONT END",,"UT","SC","YES","D",137332,"E","[PREMIUM]",3471.2,"3.3L 6","FRONT WHEEL DRIVE","AUTOMATIC","GAS",6,"Run & Drive Verified","Pure Sale","[PREMIUM]",,"MAGNA","UT","84044 1470","USA","USD","[PREMIUM]","[PREMIUM]","B040",false,"[PREMIUM]","SE",false,false,"[PREMIUM]",,,,,,,,"[PREMIUM]"
"62408206","2026-08-15 04:15:07.811","2026-08-28 11:45:12.907","62408206","2026-08-24 16:06:41.000","[PREMIUM]","336","UT - SALT LAKE CITY","2026-08-28","FRIDAY","1200","MDT","0","V",2002,"TOYOTA","CAMRY","CAMRY","SEDAN","BURGUNDY","SIDE",,"UT","SC","YES","D",308413,"E","[PREMIUM]",3226,"2.4L 4","FRONT WHEEL DRIVE","AUTOMATIC","GAS",4,"Run & Drive Verified","Pure Sale","[PREMIUM]",,"MAGNA","UT","84044 1470","USA","USD","[PREMIUM]","[PREMIUM]","H080",false,"[PREMIUM]","LE",false,false,"[PREMIUM]",,,,,,,,"[PREMIUM]"
"62290396","2026-08-15 04:15:07.762","2026-08-29 11:46:21.391","62290396","2026-08-14 23:06:09.000","[PREMIUM]","336","UT - SALT LAKE CITY",,,,"MDT","0","V",2019,"BMW","X5","X5","SPORT UTILITY VEHICLE","BLUE","FRONT END",,"UT","SC","YES","E",0,"N","[PREMIUM]",19932,"3.0L 6","ALL WHEEL DRIVE","AUTOMATIC","GAS",6,"DEFAULT","Pure Sale","[PREMIUM]",,"MAGNA","UT","84044 1470","USA","USD","[PREMIUM]","[PREMIUM]","I050",false,"[PREMIUM]","XDRIVE40I",false,false,"[PREMIUM]",,,,,,,,"[PREMIUM]"
"62252666","2026-08-15 04:15:07.689","2026-08-28 11:45:12.747","62252666","2026-08-25 19:20:37.000","[PREMIUM]","336","UT - SALT LAKE CITY","2026-08-28","FRIDAY","1200","MDT","0","V",2002,"TOYOTA","CAMRY","CAMRY","SEDAN","WHITE","FRONT END",,"UT","SC","YES","E",140544,"E","[PREMIUM]",5829.49,"2.4L 4","FRONT WHEEL DRIVE","AUTOMATIC","GAS",4,"DEFAULT","On Minimum Bid","[PREMIUM]",,"MAGNA","UT","84044 1470","USA","USD","[PREMIUM]","[PREMIUM]","O120",false,"[PREMIUM]","LE",false,false,"[PREMIUM]",,,,,,,,"[PREMIUM]"
"62148606","2026-08-15 04:15:07.685","2026-08-28 11:45:12.740","62148606","2026-08-24 15:21:57.000","[PREMIUM]","336","UT - SALT LAKE CITY","2026-08-28","FRIDAY","1200","MDT","0","V",2016,"HONDA","ODYSSEY","ODYSSEY","SPORTS VAN","SILVER","FRONT END",,"UT","SC","YES","D",102859,"A","[PREMIUM]",8812.16,"3.5L 6","FRONT WHEEL DRIVE","AUTOMATIC","GAS",6,"Run & Drive Verified","On Minimum Bid","[PREMIUM]",,"MAGNA","UT","84044 1470","USA","USD","[PREMIUM]","[PREMIUM]","N130",false,"[PREMIUM]","EX",false,false,"[PREMIUM]",,,,,,,,"[PREMIUM]"
"62081266","2026-08-15 04:15:07.633","2026-08-28 11:45:12.580","62081266","2026-08-24 16:06:42.000","[PREMIUM]","336","UT - SALT LAKE CITY","2026-08-28","FRIDAY","1200","MDT","0","V",2000,"HONDA","CIVIC","CIVIC","SEDAN 4DR","TAN","SIDE","REAR END","UT","SC","YES","D",200848,"E","[PREMIUM]",2576,"1.6L 4","FRONT WHEEL DRIVE","AUTOMATIC","GAS",4,"Run & Drive Verified","Pure Sale","[PREMIUM]",,"MAGNA","UT","84044 1470","USA","USD","[PREMIUM]","[PREMIUM]","I030",false,"[PREMIUM]","LX",false,false,"[PREMIUM]",,,,,,,,"[PREMIUM]"
"62123806","2026-08-15 04:15:07.632","2026-08-28 11:45:12.667","62123806","2026-08-24 15:28:00.000","[PREMIUM]","336","UT - SALT LAKE CITY","2026-08-28","FRIDAY","1200","MDT","0","V",2021,"LEXUS","NX","NX 300H","WAGON","WHITE","FRONT END","SIDE","UT","SC","YES","E",36687,"A","[PREMIUM]",34606,"2.5L 4","ALL WHEEL DRIVE","AUTOMATIC","ELECTRIC AND GAS HYBRID",4,"DEFAULT","Pure Sale","[PREMIUM]",,"MAGNA","UT","84044 1470","USA","USD","[PREMIUM]","[PREMIUM]","M100",false,"[PREMIUM]","BASE",false,false,"[PREMIUM]",,,,,,,,"[PREMIUM]"
"61945176","2026-08-15 04:15:07.546","2026-08-28 11:45:12.406","61945176","2026-08-25 19:26:34.000","[PREMIUM]","336","UT - SALT LAKE CITY","2026-08-28","FRIDAY","1200","MDT","0","V",2009,"KIA","SPECTRA","SPECTRA","SEDAN","WHITE","FRONT END",,"UT","SC","YES","D",220092,"E","[PREMIUM]",0,"2.0L 4","FRONT WHEEL DRIVE","AUTOMATIC","GAS",4,"Run & Drive Verified","Pure Sale","[PREMIUM]",,"MAGNA","UT","84044 1470","USA","USD","[PREMIUM]","[PREMIUM]","D010",false,"[PREMIUM]","LX",false,false,"[PREMIUM]",,,,,,,,"[PREMIUM]"
"61886906","2026-08-15 04:15:07.491","2026-08-28 11:45:12.306","61886906","2026-08-24 15:28:33.000","[PREMIUM]","336","UT - SALT LAKE CITY","2026-08-28","FRIDAY","1200","MDT","0","V",2016,"LEXUS","ES350","ES","SEDAN 4DR","GRAY","REAR END","SIDE","UT","SC","YES","D",122460,"A","[PREMIUM]",18009.23,"3.5L 6","FRONT WHEEL DRIVE","AUTOMATIC","GAS",6,"Run & Drive Verified","Pure Sale","[PREMIUM]",,"MAGNA","UT","84044 1470","USA","USD","[PREMIUM]","[PREMIUM]","N110",false,"[PREMIUM]","350",false,false,"[PREMIUM]",,,,,,,,"[PREMIUM]"
"61805716","2026-08-15 04:15:07.397","2026-08-28 11:45:12.304","61805716","2026-08-27 15:52:58.000","[PREMIUM]","336","UT - SALT LAKE CITY","2026-08-28","FRIDAY","1200","MDT","0","V",2018,"VOLKSWAGEN","GTI","GTI","HATCHBACK","CHARCOAL","REAR END",,"UT","SC","YES","D",61776,"A","[PREMIUM]",12583,"2L 4","FRONT WHEEL DRIVE","AUTOMATIC","GAS",4,"Run & Drive Verified","On Minimum Bid","[PREMIUM]",,"MAGNA","UT","84044 1470","USA","USD","[PREMIUM]","[PREMIUM]","H020",false,"[PREMIUM]","S/SE",false,false,"[PREMIUM]",,,,,,,,"[PREMIUM]"
"61749186","2026-08-15 04:15:07.360","2026-08-29 11:46:21.077","61749186","2026-08-14 22:19:14.000","[PREMIUM]","336","UT - SALT LAKE CITY",,,,"MDT","0","V",2019,"CHEVROLET","MALIBU","MALIBU","SEDAN","BLUE","FRONT END",,"UT","SC","YES","E",119697,"A","[PREMIUM]",11523.91,"1.5L 4","FRONT WHEEL DRIVE","AUTOMATIC","GAS",4,"DEFAULT","Pure Sale","[PREMIUM]",,"MAGNA","UT","84044 1470","USA","USD","[PREMIUM]","[PREMIUM]","L120",false,"[PREMIUM]","LT",false,false,"[PREMIUM]",,,,,,,,"[PREMIUM]"
"61647076","2026-08-15 04:15:07.326","2026-08-28 11:45:12.061","61647076","2026-08-24 15:46:22.000","[PREMIUM]","336","UT - SALT LAKE CITY","2026-08-28","FRIDAY","1200","MDT","0","V",2014,"GMC","SIERRA","SIERRA","CREW PICKUP","WHITE","FRONT END",,"UT","SC","YES","D",172226,"A","[PREMIUM]",13484,"5.3L 8","4X4 W/REAR WHEEL DRV","AUTOMATIC","GAS",8,"Run & Drive Verified","Pure Sale","[PREMIUM]",,"MAGNA","UT","84044 1470","USA","USD","[PREMIUM]","[PREMIUM]","Q080",false,"[PREMIUM]","K1500 SLT",false,false,"[PREMIUM]",,,,,,,,"[PREMIUM]"
"61553786","2026-08-15 04:15:07.256","2026-08-28 11:45:12.030","61553786","2026-08-25 18:05:09.000","[PREMIUM]","336","UT - SALT LAKE CITY","2026-08-28","FRIDAY","1200","MDT","0","V",2009,"VOLVO","XC90","XC90","4DR SPORT UTILITY","SILVER","SIDE","FRONT END","UT","SC","YES","D",159084,"E","[PREMIUM]",13861.88,"3.2L 6","FRONT WHEEL DRIVE","AUTOMATIC","GAS",6,"Run & Drive Verified","Pure Sale","[PREMIUM]",,"MAGNA","UT","84044 1470","USA","USD","[PREMIUM]","[PREMIUM]","M100",false,"[PREMIUM]","3.2",false,false,"[PREMIUM]",,,,,,,,"[PREMIUM]"
"61521776","2026-08-15 04:15:07.193","2026-08-18 15:00:40.660","61521776","2026-08-18 12:00:14.000","[PREMIUM]","336","UT - SALT LAKE CITY","2026-08-18","TUESDAY","1200","MDT","113","V",2005,"ACURA","TL","TL","SEDAN 4DR","BLACK","REAR END","SIDE","UT","CT","YES","D",198181,"A","[PREMIUM]",0,"3.2L 6","FRONT WHEEL DRIVE","AUTOMATIC","GAS",6,"Run & Drive Verified","On Approval","[PREMIUM]",,"MAGNA","UT","84044 1470","USA","USD","[PREMIUM]","[PREMIUM]","E040",false,"[PREMIUM]",,false,false,"[PREMIUM]",,,,,,,,"[PREMIUM]"
"61532076","2026-08-15 04:15:07.176","2026-08-29 11:46:20.976","61532076","2026-08-14 22:19:14.000","[PREMIUM]","336","UT - SALT LAKE CITY",,,,"MDT","0","V",2020,"TOYOTA","COROLLA","COROLLA","SEDAN","SILVER","REAR END",,"UT","SC","YES","S",94311,"A","[PREMIUM]",14050.82,"1.8L 4","FRONT WHEEL DRIVE","AUTOMATIC","GAS",4,"Vehicle Starts","Pure Sale","[PREMIUM]",,"MAGNA","UT","84044 1470","USA","USD","[PREMIUM]","[PREMIUM]","F040",false,"[PREMIUM]","LE",false,false,"[PREMIUM]",,,,,,,,"[PREMIUM]"
"61213236","2026-08-15 04:15:07.085","2026-08-27 17:47:58.221","61213236","2026-08-19 16:51:14.000","[PREMIUM]","336","UT - SALT LAKE CITY","2026-08-28","FRIDAY","1200","MDT","0","V",2019,"TOYOTA","TUNDRA","TUNDRA","PICKUP","BLACK","FRONT END","SIDE","NV","SC","YES","D",79838,"A","[PREMIUM]",40460,"5.7L 8","4X4 W/REAR WHEEL DRV","AUTOMATIC","GAS",8,"Run & Drive Verified","On Minimum Bid","[PREMIUM]",,"MAGNA","UT","84044 1470","USA","USD","[PREMIUM]","[PREMIUM]","I110",false,"[PREMIUM]","CREWMAX LIMITED",false,false,"[PREMIUM]",,,,,,,,"[PREMIUM]"
"61028016","2026-08-15 04:15:07.031","2026-08-29 11:46:20.597","61028016","2026-08-14 23:06:09.000","[PREMIUM]","336","UT - SALT LAKE CITY",,,,"MDT","0","V",2015,"NISSAN","MURANO","MURANO","SUV","BURGUNDY","FRONT END","SIDE","UT","SC","YES","E",178208,"A","[PREMIUM]",6966,"3.5L 6","ALL WHEEL DRIVE","AUTOMATIC","GAS",6,"DEFAULT","Pure Sale","[PREMIUM]",,"MAGNA","UT","84044 1470","USA","USD","[PREMIUM]","[PREMIUM]","I030",false,"[PREMIUM]","SV",false,false,"[PREMIUM]",,,,,,,,"[PREMIUM]"
"60709176","2026-08-15 04:15:06.949","2026-08-28 11:45:11.763","60709176","2026-08-24 15:21:38.000","[PREMIUM]","336","UT - SALT LAKE CITY","2026-08-28","FRIDAY","1200","MDT","0","V",2023,"TOYOTA","TACOMA","TACOMA","PICKUP","GRAY","FRONT END","REAR END","UT","SC","YES","D",69729,"A","[PREMIUM]",28162.4,"3.5L 6","FOUR BY FOUR","AUTOMATIC","GAS",6,"Run & Drive Verified","Pure Sale","[PREMIUM]",,"MAGNA","UT","84044 1470","USA","USD","[PREMIUM]","[PREMIUM]","E130",false,"[PREMIUM]","TRD OFF-ROAD",false,false,"[PREMIUM]",,,,,,,,"[PREMIUM]"
"60687006","2026-08-15 04:15:06.943","2026-08-28 11:45:11.735","60687006","2026-08-25 20:00:38.000","[PREMIUM]","336","UT - SALT LAKE CITY","2026-08-28","FRIDAY","1200","MDT","0","V",2017,"SUBARU","FORESTER","FORESTER","4DR SPORT UTILITY","GREEN","FRONT END",,"UT","SC","YES",,100052,"A","[PREMIUM]",7145,"2.5L 4","ALL WHEEL DRIVE","AUTOMATIC","GAS",4,,"Pure Sale","[PREMIUM]",,"MAGNA","UT","84044 1470","USA","USD","[PREMIUM]","[PREMIUM]","F070",false,"[PREMIUM]","2.5I LIMITED",false,false,"[PREMIUM]",,,,,,,,"[PREMIUM]"
"60682646","2026-08-15 04:15:06.936","2026-08-28 11:45:11.743","60682646","2026-08-24 15:16:34.000","[PREMIUM]","336","UT - SALT LAKE CITY","2026-08-28","FRIDAY","1200","MDT","0","V",2014,"KIA","SORENTO","SORENTO","4DR SPORT UTILITY","SILVER","FRONT END",,"UT","SC","YES","D",113365,"A","[PREMIUM]",5009.43,"3.3L 6","ALL WHEEL DRIVE","AUTOMATIC","GAS",6,"Run & Drive Verified","Pure Sale","[PREMIUM]",,"MAGNA","UT","84044 1470","USA","USD","[PREMIUM]","[PREMIUM]","I040",false,"[PREMIUM]","EX",false,false,"[PREMIUM]",,,,,,,,"[PREMIUM]"
"60719026","2026-08-15 04:15:06.934","2026-08-29 11:46:20.497","60719026","2026-08-28 19:18:06.000","[PREMIUM]","336","UT - SALT LAKE CITY","2026-09-04","FRIDAY","1200","MDT","0","V",2013,"HONDA","CRV","CR-V","4DR SPORT UTILITY","TAN","FRONT END","REAR END","UT","SC","YES","D",69722,"A","[PREMIUM]",14257,"2.4L 4","ALL WHEEL DRIVE","AUTOMATIC","GAS",4,"Run & Drive Verified","On Minimum Bid","[PREMIUM]",,"MAGNA","UT","84044 1470","USA","USD","[PREMIUM]","[PREMIUM]","I040",false,"[PREMIUM]","EXL",false,false,"[PREMIUM]",,,,,,,,"[PREMIUM]"
"60452636","2026-08-15 04:15:06.927","2026-08-28 11:45:11.643","60452636","2026-08-21 23:05:20.000","[PREMIUM]","336","UT - SALT LAKE CITY","2026-08-28","FRIDAY","1200","MDT","0","V",2011,"SUBARU","LEGACY","LEGACY","SEDAN 4DR","CHARCOAL","FRONT END",,"UT","SC","YES","D",135973,"A","[PREMIUM]",6070.52,"2.5L 4","ALL WHEEL DRIVE","AUTOMATIC","GAS",4,"Run & Drive Verified","Pure Sale","[PREMIUM]",,"MAGNA","UT","84044 1470","USA","USD","[PREMIUM]","[PREMIUM]","E060",false,"[PREMIUM]","2.5I",false,false,"[PREMIUM]",,,,,,,,"[PREMIUM]"
"59635506","2026-08-15 04:15:06.165","2026-08-28 11:45:11.434","59635506","2026-08-21 22:56:23.000","[PREMIUM]","336","UT - SALT LAKE CITY","2026-08-28","FRIDAY","1200","MDT","0","V",2016,"FORD","ESCAPE","ESCAPE","4DR SPORT UTILITY","BLACK","FRONT END",,"UT","SC","YES","D",152472,"A","[PREMIUM]",9215.81,"2.5L 4","FRONT WHEEL DRIVE","AUTOMATIC","GAS",4,"Run & Drive Verified","Pure Sale","[PREMIUM]",,"MAGNA","UT","84044 1470","USA","USD","[PREMIUM]","[PREMIUM]","E010",false,"[PREMIUM]","S",false,false,"[PREMIUM]",,,,,,,,"[PREMIUM]"
"59192506","2026-08-15 04:15:06.026","2026-08-28 11:45:11.423","59192506","2026-08-26 15:01:05.000","[PREMIUM]","336","UT - SALT LAKE CITY","2026-08-28","FRIDAY","1200","MDT","0","V",2017,"DODGE","CHARGER","CHARGER","SEDAN","WHITE","FRONT END",,"UT","SC","YES","E",83649,"A","[PREMIUM]",36018,"6.2L 8","REAR WHEEL DRIVE","AUTOMATIC","GAS",8,"DEFAULT","On Minimum Bid","[PREMIUM]",,"MAGNA","UT","84044 1470","USA","USD","[PREMIUM]","[PREMIUM]","H130",false,"[PREMIUM]","SRT HELLCAT",false,false,"[PREMIUM]",,,,,,,,"[PREMIUM]"
"59228026","2026-08-15 04:15:06.019","2026-08-28 11:45:11.433","59228026","2026-08-24 15:00:06.000","[PREMIUM]","336","UT - SALT LAKE CITY","2026-08-28","FRIDAY","1200","MDT","0","V",2016,"CHEVROLET","MALIBU","MALIBU LIMITED","SEDAN 4DR","SILVER","FRONT END",,"UT","SC","YES","E",202461,"A","[PREMIUM]",7662.57,"2.5L 4","FRONT WHEEL DRIVE","AUTOMATIC","GAS",4,"DEFAULT","Pure Sale","[PREMIUM]",,"MAGNA","UT","84044 1470","USA","USD","[PREMIUM]","[PREMIUM]","1A020",false,"[PREMIUM]","LT",false,false,"[PREMIUM]",,,,,,,,"[PREMIUM]"
"58729346","2026-08-15 04:15:05.909","2026-08-28 11:45:11.327","58729346","2026-08-25 17:51:01.000","[PREMIUM]","336","UT - SALT LAKE CITY","2026-08-28","FRIDAY","1200","MDT","0","V",2010,"HONDA","CIVIC","CIVIC","SEDAN 4DR","WHITE","FRONT END",,"UT","SC","YES","D",242770,"E","[PREMIUM]",0,"2.0L 4","FRONT WHEEL DRIVE","MANUAL","GAS",4,"Run & Drive Verified","Pure Sale","[PREMIUM]",,"MAGNA","UT","84044 1470","USA","USD","[PREMIUM]","[PREMIUM]","D100",false,"[PREMIUM]","SI",false,false,"[PREMIUM]",,,,,,,,"[PREMIUM]"
"58460916","2026-08-15 04:15:05.877","2026-08-29 11:46:19.947","58460916","2026-08-27 19:02:22.000","[PREMIUM]","336","UT - SALT LAKE CITY","2026-09-01","TUESDAY","1200","MDT","0","V",1998,"SUBARU","LEGACY","LEGACY","STATION WAGON","GREEN","REAR END","SIDE","UT","SC","YES","D",131156,"E","[PREMIUM]",4399,"2.5L 4","ALL WHEEL DRIVE","AUTOMATIC","GAS",4,"Run & Drive Verified","Pure Sale","[PREMIUM]",,"MAGNA","UT","84044 1470","USA","USD","[PREMIUM]","[PREMIUM]","I080",false,"[PREMIUM]","30TH ANNIVERSARY OUTBACK/30TH",false,false,"[PREMIUM]",,,,,,,,"[PREMIUM]"
"58287366","2026-08-15 04:15:05.802","2026-08-29 11:46:19.893","58287366","2026-08-14 22:19:15.000","[PREMIUM]","336","UT - SALT LAKE CITY",,,,"MDT","0","V",2020,"HYUNDAI","ELANTRA","ELANTRA","SEDAN","BLACK","REAR END",,"UT","SC","YES","D",82898,"A","[PREMIUM]",10551.62,"2.0L 4","FRONT WHEEL DRIVE","AUTOMATIC","GAS",4,"Run & Drive Verified","Pure Sale","[PREMIUM]",,"MAGNA","UT","84044 1470","USA","USD","[PREMIUM]","[PREMIUM]","E060",false,"[PREMIUM]","SE",false,false,"[PREMIUM]",,,,,,,,"[PREMIUM]"
"57829606","2026-08-15 04:15:05.611","2026-08-29 11:46:19.831","57829606","2026-08-27 18:31:49.000","[PREMIUM]","336","UT - SALT LAKE CITY","2026-09-01","TUESDAY","1200","MDT","0","V",2015,"SUBARU","FORESTER","FORESTER","4DR SPORT UTILITY","SILVER","FRONT END",,"UT","SC","YES","E",0,"N","[PREMIUM]",8451,"2.5L 4","ALL WHEEL DRIVE","AUTOMATIC","GAS",4,"DEFAULT","Pure Sale","[PREMIUM]",,"MAGNA","UT","84044 1470","USA","USD","[PREMIUM]","[PREMIUM]","B080",false,"[PREMIUM]","2.5I LIMITED",false,false,"[PREMIUM]",,,,,,,,"[PREMIUM]"
"57396356","2026-08-15 04:15:05.560","2026-08-29 11:46:19.763","57396356","2026-08-28 19:42:06.000","[PREMIUM]","336","UT - SALT LAKE CITY","2026-09-01","TUESDAY","1200","MDT","0","V",2009,"LEXUS","LS460","LS","SEDAN 4DR","SILVER","FRONT END","SIDE","UT","SC","YES","D",128814,"E","[PREMIUM]",14786.89,"4.6L 8","REAR WHEEL DRIVE","AUTOMATIC","GAS",8,"Run & Drive Verified","Pure Sale","[PREMIUM]",,"MAGNA","UT","84044 1470","USA","USD","[PREMIUM]","[PREMIUM]","L100",false,"[PREMIUM]","460",false,false,"[PREMIUM]",,,,,,,,"[PREMIUM]"
"56830166","2026-08-15 04:15:05.427","2026-08-24 11:51:24.039","56830166","2026-08-14 23:06:37.000","[PREMIUM]","336","UT - SALT LAKE CITY",,,,"MDT","0","V",2005,"CHEVROLET","SUBURBAN","SUBURBAN","4DR SPORT UTILITY","WHITE","FRONT END",,"UT","SC","YES","E",0,"E","[PREMIUM]",7233,"5.3L 8","4X4 W/REAR WHEEL DRV","AUTOMATIC","FLEXIBLE",8,"DEFAULT","On Approval","[PREMIUM]",,"MAGNA","UT","84044 1470","USA","USD","[PREMIUM]","[PREMIUM]","A110",false,"[PREMIUM]","K1500",false,false,"[PREMIUM]",,,,,,,,"[PREMIUM]"
"55927756","2026-08-15 04:15:05.211","2026-08-28 11:45:11.255","55927756","2026-08-26 23:56:28.000","[PREMIUM]","336","UT - SALT LAKE CITY","2026-08-28","FRIDAY","1200","MDT","0","V",2017,"GMC","SIERRA","SIERRA","CREW PICKUP","WHITE","FRONT END",,"UT","SC","YES","D",176534,"A","[PREMIUM]",15489,"5.3L 8","4X4 W/REAR WHEEL DRV","AUTOMATIC","GAS",8,"Run & Drive Verified","On Minimum Bid","[PREMIUM]",,"MAGNA","UT","84044 1470","USA","USD","[PREMIUM]","[PREMIUM]","I110",false,"[PREMIUM]","K1500 SLT",false,false,"[PREMIUM]",,,,,,,,"[PREMIUM]"
"55765626","2026-08-15 04:15:05.208","2026-08-28 11:45:11.255","55765626","2026-08-24 15:48:40.000","[PREMIUM]","336","UT - SALT LAKE CITY","2026-08-28","FRIDAY","1200","MDT","0","V",2011,"KIA","SORENTO","SORENTO","SUV","BLACK","SIDE",,"UT","SC","YES","D",154823,"N","[PREMIUM]",3211.7,"2.4L 4","FRONT WHEEL DRIVE","AUTOMATIC","GAS",4,"Run & Drive Verified","Pure Sale","[PREMIUM]",,"MAGNA","UT","84044 1470","USA","USD","[PREMIUM]","[PREMIUM]","E080",false,"[PREMIUM]","LX",false,false,"[PREMIUM]",,,,,,,,"[PREMIUM]"
"55625706","2026-08-15 04:15:05.175","2026-08-29 11:46:19.535","55625706","2026-08-28 19:38:50.000","[PREMIUM]","336","UT - SALT LAKE CITY","2026-09-01","TUESDAY","1200","MDT","0","V",2013,"FORD","ESCAPE","ESCAPE","4DR SPORT UTILITY","GRAY","FRONT END","SIDE","UT","SC","YES","D",169134,"A","[PREMIUM]",3873,"2.0L 4","4X4 W/FRONT WHL DRV","AUTOMATIC","GAS",4,"Run & Drive Verified","Pure Sale","[PREMIUM]",,"MAGNA","UT","84044 1470","USA","USD","[PREMIUM]","[PREMIUM]","C050",false,"[PREMIUM]","SEL",false,false,"[PREMIUM]",,,,,,,,"[PREMIUM]"
"52965026","2026-08-15 04:15:04.951","2026-08-29 11:46:19.318","52965026","2026-08-26 18:55:33.000","[PREMIUM]","336","UT - SALT LAKE CITY","2026-09-01","TUESDAY","1200","MDT","0","V",2018,"NISSAN","ALTIMA","ALTIMA","SEDAN","BLACK","FRONT END",,"UT","SC","YES","D",159307,"A","[PREMIUM]",11703.92,"2.5L 4","FRONT WHEEL DRIVE","AUTOMATIC","GAS",4,"Run & Drive Verified","On Minimum Bid","[PREMIUM]",,"MAGNA","UT","84044 1470","USA","USD","[PREMIUM]","[PREMIUM]","C040",false,"[PREMIUM]","2.5 SR",false,false,"[PREMIUM]",,,,,,,,"[PREMIUM]"
"51596056","2026-08-15 04:15:04.833","2026-08-29 11:46:19.230","51596056","2026-08-28 20:15:56.000","[PREMIUM]","336","UT - SALT LAKE CITY","2026-09-01","TUESDAY","1200","MDT","0","V",2020,"GMC","TERRAIN","TERRAIN","SPORT UTILITY VEHICLE","CHARCOAL","FRONT END",,"UT","SC","YES","D",98048,"A","[PREMIUM]",12280,"1.5L 4","ALL WHEEL DRIVE","AUTOMATIC","GAS",4,"Run & Drive Verified","On Minimum Bid","[PREMIUM]",,"MAGNA","UT","84044 1470","USA","USD","[PREMIUM]","[PREMIUM]","O100",false,"[PREMIUM]","SLE",false,false,"[PREMIUM]",,,,,,,,"[PREMIUM]"
"78685305","2026-08-15 04:15:04.612","2026-08-21 12:52:42.180","78685305","2026-08-20 11:45:22.000","[PREMIUM]","335","FL - TAMPA NORTH","2026-08-21","FRIDAY","1000","EDT","123","V",2026,"INFINITI","QX60","QX60","SUV","GRAY","FRONT END",,"FL","RB","YES","D",3160,"A","[PREMIUM]",30704.47,"2.0L 4","Front Wheel Drive","AUTOMATIC","Gas",4,"Run & Drive Verified","Pure Sale","[PREMIUM]",,"THONOTOSASSA","FL","33592","USA","USD","[PREMIUM]","[PREMIUM]","H100",false,"[PREMIUM]","PURE",false,false,"[PREMIUM]",,,,,,,,"[PREMIUM]"
"64850856","2026-08-15 04:15:04.570","2026-08-20 17:42:44.262","64850856","2026-08-20 11:45:22.000","[PREMIUM]","335","FL - TAMPA NORTH","2026-08-21","FRIDAY","1000","EDT","2272","V",2015,"TOYOTA","COROLLA","COROLLA","SEDAN","BLACK","FRONT END",,"FL","RB","YES","D",90248,"N","[PREMIUM]",13505.68,"1.8L 4","FRONT WHEEL DRIVE","AUTOMATIC","GAS",4,"Run & Drive Verified","Pure Sale","[PREMIUM]",,"THONOTOSASSA","FL","33592","USA","USD","[PREMIUM]","[PREMIUM]","C020",false,"[PREMIUM]","L",false,false,"[PREMIUM]",,,,,,,,"[PREMIUM]"
"73345005","2026-08-15 04:15:04.570","2026-08-21 12:52:42.151","73345005","2026-08-20 11:45:22.000","[PREMIUM]","335","FL - TAMPA NORTH","2026-08-21","FRIDAY","1000","EDT","99","V",2019,"NISSAN","KICKS","KICKS","WAGON","GRAY","FRONT END","REAR END","FL","RB","YES","D",170989,"A","[PREMIUM]",9226.82,"1.6L 4","FRONT WHEEL DRIVE","AUTOMATIC","GAS",4,"Run & Drive Verified","Pure Sale","[PREMIUM]",,"THONOTOSASSA","FL","33592","USA","USD","[PREMIUM]","[PREMIUM]","G020",false,"[PREMIUM]","SR",false,false,"[PREMIUM]",,,,,,,,"[PREMIUM]"
"65340956","2026-08-15 04:15:04.509","2026-08-20 17:42:44.382","65340956","2026-08-20 11:45:22.000","[PREMIUM]","335","FL - TAMPA NORTH","2026-08-21","FRIDAY","1000","EDT","85","V",2020,"HONDA","PILOT","PILOT","SPORT UTILITY VEHICLE","RED","REAR END",,"FL","RB","YES","D",65023,"A","[PREMIUM]",15767.92,"3.5L 6","FRONT WHEEL DRIVE","AUTOMATIC","GAS",6,"Run & Drive Verified","Pure Sale","[PREMIUM]",,"THONOTOSASSA","FL","33592","USA","USD","[PREMIUM]","[PREMIUM]","D090",false,"[PREMIUM]","EXL",false,false,"[PREMIUM]",,,,,,,,"[PREMIUM]"
"64610366","2026-08-15 04:15:04.478","2026-08-20 17:42:44.145","64610366","2026-08-20 11:45:23.000","[PREMIUM]","335","FL - TAMPA NORTH","2026-08-21","FRIDAY","1000","EDT","2511","V",2018,"FORD","FOCUS","FOCUS","HATCHBACK","WHITE","FRONT END",,"FL","RB","YES","S",64919,"A","[PREMIUM]",8266.11,"2.0L 4","FRONT WHEEL DRIVE","AUTOMATIC","GAS",4,"Vehicle Starts","Pure Sale","[PREMIUM]",,"THONOTOSASSA","FL","33592","USA","USD","[PREMIUM]","[PREMIUM]","J100",false,"[PREMIUM]","SE",false,false,"[PREMIUM]",,,,,,,,"[PREMIUM]"
"64456356","2026-08-15 04:15:04.417","2026-08-20 17:42:44.114","64456356","2026-08-20 11:45:22.000","[PREMIUM]","335","FL - TAMPA NORTH","2026-08-21","FRIDAY","1000","EDT","2264","V",2017,"KIA","FORTE","FORTE","HATCHBACK","BLACK","FRONT END",,"FL","RB","YES","D",157658,"A","[PREMIUM]",10549.89,"2.0L 4","FRONT WHEEL DRIVE","AUTOMATIC","GAS",4,"Run & Drive Verified","Pure Sale","[PREMIUM]",,"THONOTOSASSA","FL","33592","USA","USD","[PREMIUM]","[PREMIUM]","D060",false,"[PREMIUM]","EX",false,false,"[PREMIUM]",,,,,,,,"[PREMIUM]"
"64263626","2026-08-15 04:15:04.364","2026-08-20 17:42:44.047","64263626","2026-08-20 11:45:22.000","[PREMIUM]","335","FL - TAMPA NORTH","2026-08-21","FRIDAY","1000","EDT","128","V",2009,"CADILLAC","ESCALADE","ESCALADE","4DR SPORT UTILITY","GOLD","FRONT END",,"FL","RB","YES","D",216937,"A","[PREMIUM]",5148.14,"6.2L 8","ALL WHEEL DRIVE","AUTOMATIC","FLEXIBLE",8,"Run & Drive Verified","Pure Sale","[PREMIUM]",,"THONOTOSASSA","FL","33592","USA","USD","[PREMIUM]","[PREMIUM]","B010",false,"[PREMIUM]","LUXURY",false,false,"[PREMIUM]",,,,,,,,"[PREMIUM]"
"64218616","2026-08-15 04:15:04.360","2026-08-20 17:42:43.968","64218616","2026-08-20 11:45:22.000","[PREMIUM]","335","FL - TAMPA NORTH","2026-08-21","FRIDAY","1000","EDT","43","V",2013,"HONDA","PILOT","PILOT","4DR SPORT UTILITY","SILVER","FRONT END",,"FL","RB","YES","D",141752,"A","[PREMIUM]",8974.14,"3.5L 6","FRONT WHEEL DRIVE","AUTOMATIC","GAS",6,"Run & Drive Verified","Pure Sale","[PREMIUM]",,"THONOTOSASSA","FL","33592","USA","USD","[PREMIUM]","[PREMIUM]","D090",false,"[PREMIUM]","EXL",false,false,"[PREMIUM]",,,,,,,,"[PREMIUM]"
"64089776","2026-08-15 04:15:04.348","2026-08-20 17:42:43.928","64089776","2026-08-20 11:45:22.000","[PREMIUM]","335","FL - TAMPA NORTH","2026-08-21","FRIDAY","1000","EDT","2285","V",2007,"HYUNDAI","SANTA FE","SANTA FE","SUV","BURGUNDY","MINOR DENT/SCRATCHES",,"FL","RB","YES","D",216973,"E","[PREMIUM]",4543.65,"3.3L 6","FRONT WHEEL DRIVE","AUTOMATIC","GAS",6,"Run & Drive Verified","Pure Sale","[PREMIUM]",,"THONOTOSASSA","FL","33592","USA","USD","[PREMIUM]","[PREMIUM]","F090",false,"[PREMIUM]","SE",false,false,"[PREMIUM]",,,,,,,,"[PREMIUM]"
"63844156","2026-08-15 04:15:04.281","2026-08-25 00:02:20.805","63844156","2026-08-24 11:56:44.000","[PREMIUM]","335","FL - TAMPA NORTH","2026-08-25","TUESDAY","1000","EDT","91","V",2014,"BMW","3 SERIES","328","SEDAN 4DR","WHITE","FRONT END",,"FL","RB","YES","D",65534,"N","[PREMIUM]",7617.8,"2.0L 4","REAR WHEEL DRIVE","AUTOMATIC","GAS",4,"Run & Drive Verified","Pure Sale","[PREMIUM]",,"THONOTOSASSA","FL","33592","USA","USD","[PREMIUM]","[PREMIUM]","D080",false,"[PREMIUM]","I",false,false,"[PREMIUM]",,,,,,,,"[PREMIUM]"
"63780826","2026-08-15 04:15:04.278","2026-08-28 05:48:08.325","63780826","2026-08-27 11:09:56.000","[PREMIUM]","335","FL - TAMPA NORTH","2026-08-28","FRIDAY","1000","EDT","2287","V",2007,"PONTIAC","VIBE","VIBE","HATCHBACK 4DR","GRAY","SIDE",,"FL","RB","YES","D",299999,"E","[PREMIUM]",0,"1.8L 4","FRONT WHEEL DRIVE","AUTOMATIC","GAS",4,"Run & Drive Verified","Pure Sale","[PREMIUM]",,"THONOTOSASSA","FL","33592","USA","USD","[PREMIUM]","[PREMIUM]","F080",false,"[PREMIUM]",,false,false,"[PREMIUM]",,,,,,,,"[PREMIUM]"
"63573416","2026-08-15 04:15:04.248","2026-08-20 17:42:43.757","63573416","2026-08-20 11:45:22.000","[PREMIUM]","335","FL - TAMPA NORTH","2026-08-21","FRIDAY","1000","EDT","121","V",2025,"HONDA","CRV","CR-V","SPORT UTILITY VEHICLE","BLUE","SIDE",,"FL","RB","YES","D",6795,"A","[PREMIUM]",22068.13,"1.5L 4","FRONT WHEEL DRIVE","AUTOMATIC","GAS",4,"Run & Drive Verified","Pure Sale","[PREMIUM]",,"THONOTOSASSA","FL","33592","USA","USD","[PREMIUM]","[PREMIUM]","D100",false,"[PREMIUM]","EXL",false,false,"[PREMIUM]",,,,,,,,"[PREMIUM]"
"62325796","2026-08-15 04:15:04.067","2026-08-20 17:42:43.385","62325796","2026-08-20 11:45:22.000","[PREMIUM]","335","FL - TAMPA NORTH","2026-08-21","FRIDAY","1000","EDT","33","V",2021,"MERCEDES-BENZ","GLB-CLASS","GLB","SPORT UTILITY VEHICLE","BLUE","FRONT END","UNDERCARRIAGE","FL","RB","YES","D",62102,"A","[PREMIUM]",17178.87,"2.0L 4","FRONT WHEEL DRIVE","AUTOMATIC","GAS",4,"Run & Drive Verified","Pure Sale","[PREMIUM]",,"THONOTOSASSA","FL","33592","USA","USD","[PREMIUM]","[PREMIUM]","K080",false,"[PREMIUM]","250",false,false,"[PREMIUM]",,,,,,,,"[PREMIUM]"
"62414556","2026-08-15 04:15:04.059","2026-08-20 17:42:43.389","62414556","2026-08-20 11:45:22.000","[PREMIUM]","335","FL - TAMPA NORTH","2026-08-21","FRIDAY","1000","EDT","29","V",2017,"CHEVROLET","CRUZE","CRUZE","SEDAN 4DR","GRAY","REAR END",,"FL","RB","YES","D",0,"N","[PREMIUM]",5548.03,"1.4L 4","FRONT WHEEL DRIVE","AUTOMATIC","GAS",4,"Run & Drive Verified","Pure Sale","[PREMIUM]",,"THONOTOSASSA","FL","33592","USA","USD","[PREMIUM]","[PREMIUM]","I020",false,"[PREMIUM]","LS",false,false,"[PREMIUM]",,,,,,,,"[PREMIUM]"
"62423196","2026-08-15 04:15:04.058","2026-08-20 17:42:43.393","62423196","2026-08-20 11:45:22.000","[PREMIUM]","335","FL - TAMPA NORTH","2026-08-21","FRIDAY","1000","EDT","120","V",2020,"FORD","F150","F150","PICKUP","BLACK","FRONT END",,"FL","RB","YES","D",65495,"A","[PREMIUM]",15377.55,"2.7L 6","REAR WHEEL DRIVE","AUTOMATIC","GAS",6,"Run & Drive Verified","Pure Sale","[PREMIUM]",,"THONOTOSASSA","FL","33592","USA","USD","[PREMIUM]","[PREMIUM]","O030",false,"[PREMIUM]","SUPERCREW",false,false,"[PREMIUM]",,,,,,,,"[PREMIUM]"
"62384376","2026-08-15 04:15:04.057","2026-08-20 17:42:43.383","62384376","2026-08-20 11:45:23.000","[PREMIUM]","335","FL - TAMPA NORTH","2026-08-21","FRIDAY","1000","EDT","2508","V",2018,"DODGE","CHARGER","CHARGER","SEDAN","BLACK","FRONT END","REAR END","FL","RB","YES","S",117829,"A","[PREMIUM]",14541.86,"3.6L 6","REAR WHEEL DRIVE","AUTOMATIC","FLEXIBLE",6,"Vehicle Starts","Pure Sale","[PREMIUM]",,"THONOTOSASSA","FL","33592","USA","USD","[PREMIUM]","[PREMIUM]","G100",false,"[PREMIUM]","SXT PLUS",false,false,"[PREMIUM]",,,,,,,,"[PREMIUM]"
"62042816","2026-08-15 04:15:04.028","2026-08-20 17:42:43.284","62042816","2026-08-20 11:45:22.000","[PREMIUM]","335","FL - TAMPA NORTH","2026-08-21","FRIDAY","1000","EDT","35","V",2024,"TOYOTA","CAMRY","CAMRY","SEDAN","WHITE","REAR END",,"FL","CD","YES","D",37917,"A","[PREMIUM]",33789,"3.5L 6","FRONT WHEEL DRIVE","AUTOMATIC","GAS",6,"Run & Drive Verified","Pure Sale","[PREMIUM]",,"THONOTOSASSA","FL","33592","USA","USD","[PREMIUM]","[PREMIUM]","L080",false,"[PREMIUM]","TRD",false,false,"[PREMIUM]",,,,,,,,"[PREMIUM]"
"62223026","2026-08-15 04:15:04.021","2026-08-20 17:42:43.375","62223026","2026-08-20 11:45:23.000","[PREMIUM]","335","FL - TAMPA NORTH","2026-08-21","FRIDAY","1000","EDT","2311","V",2011,"INFINITI","FX35","FX35","SUV","GRAY","FRONT END",,"FL","RB","YES","D",114930,"A","[PREMIUM]",10955.4,"3.5L 6","REAR WHEEL DRIVE","AUTOMATIC","GAS",6,"Run & Drive Verified","Pure Sale","[PREMIUM]",,"THONOTOSASSA","FL","33592","USA","USD","[PREMIUM]","[PREMIUM]","G050",false,"[PREMIUM]","BASE",false,false,"[PREMIUM]",,,,,,,,"[PREMIUM]"
"61764806","2026-08-15 04:15:04.004","2026-08-20 17:42:43.192","61764806","2026-08-20 11:45:22.000","[PREMIUM]","335","FL - TAMPA NORTH","2026-08-21","FRIDAY","1000","EDT","129","V",2023,"TESLA","MODEL Y","MODEL Y","SPORT UTILITY VEHICLE","BLACK","FRONT END",,"FL","RB","YES","D",47617,"A","[PREMIUM]",19890.3,,"ALL WHEEL DRIVE","AUTOMATIC","ELECTRIC",,"Run & Drive Verified","Pure Sale","[PREMIUM]",,"THONOTOSASSA","FL","33592","USA","USD","[PREMIUM]","[PREMIUM]","H090",false,"[PREMIUM]",,false,false,"[PREMIUM]",,,,,,,,"[PREMIUM]"
"61475866","2026-08-15 04:15:03.949","2026-08-20 17:42:43.127","61475866","2026-08-20 11:45:22.000","[PREMIUM]","335","FL - TAMPA NORTH","2026-08-21","FRIDAY","1000","EDT","2031","V",2022,"HONDA","ACCORD","ACCORD","SEDAN","WHITE","FRONT END",,"FL","CD","YES","E",0,"N","[PREMIUM]",16975.6,"2.0L 4","FRONT WHEEL DRIVE","AUTOMATIC","ELECTRIC AND GAS HYBRID",4,"DEFAULT","Pure Sale","[PREMIUM]",,"THONOTOSASSA","FL","33592","USA","USD","[PREMIUM]","[PREMIUM]","C030",false,"[PREMIUM]","HYBRID SPORT",false,false,"[PREMIUM]",,,,,,,,"[PREMIUM]"
"61577666","2026-08-15 04:15:03.934","2026-08-20 17:42:43.114","61577666","2026-08-20 11:45:22.000","[PREMIUM]","335","FL - TAMPA NORTH","2026-08-21","FRIDAY","1000","EDT","2304","V",2019,"MITSUBISHI","MIRAGE","MIRAGE","SEDAN","BURGUNDY","FRONT END","REAR END","FL","RB","YES","D",57599,"A","[PREMIUM]",5451.48,"1.2L 3","FRONT WHEEL DRIVE","AUTOMATIC","GAS",3,"Run & Drive Verified","Pure Sale","[PREMIUM]",,"THONOTOSASSA","FL","33592","USA","USD","[PREMIUM]","[PREMIUM]","G070",false,"[PREMIUM]","G4 ES",false,false,"[PREMIUM]",,,,,,,,"[PREMIUM]"
"61299286","2026-08-15 04:15:03.918","2026-08-20 17:42:43.076","61299286","2026-08-20 11:45:22.000","[PREMIUM]","335","FL - TAMPA NORTH","2026-08-21","FRIDAY","1000","EDT","2257","V",2018,"KIA","NIRO","NIRO","WAGON","RED","REAR END","FRONT END","FL","RB","YES","D",99881,"A","[PREMIUM]",22360.58,"1.6L 4","FRONT WHEEL DRIVE","AUTOMATIC","ELECTRIC AND GAS HYBRID",4,"Run & Drive Verified","Pure Sale","[PREMIUM]",,"THONOTOSASSA","FL","33592","USA","USD","[PREMIUM]","[PREMIUM]","F060",false,"[PREMIUM]","LX",false,false,"[PREMIUM]",,,,,,,,"[PREMIUM]"
"61313326","2026-08-15 04:15:03.917","2026-08-20 17:42:43.078","61313326","2026-08-20 11:45:22.000","[PREMIUM]","335","FL - TAMPA NORTH","2026-08-21","FRIDAY","1000","EDT","95","V",2014,"TOYOTA","RAV4","RAV4","4DR SPORT UTILITY","WHITE","REAR END",,"FL","RB","YES","D",184646,"A","[PREMIUM]",7841.5,"2.5L 4","ALL WHEEL DRIVE","AUTOMATIC","GAS",4,"Run & Drive Verified","Pure Sale","[PREMIUM]",,"THONOTOSASSA","FL","33592","USA","USD","[PREMIUM]","[PREMIUM]","J050",false,"[PREMIUM]","LE",false,false,"[PREMIUM]",,,,,,,,"[PREMIUM]"
"61000736","2026-08-15 04:15:03.876","2026-08-20 17:42:43.014","61000736","2026-08-20 11:45:22.000","[PREMIUM]","335","FL - TAMPA NORTH","2026-08-21","FRIDAY","1000","EDT","2045","V",2019,"KIA","STINGER","STINGER","HATCHBACK","BLACK","FRONT END","SIDE","FL","RB","YES","E",102365,"A","[PREMIUM]",20267.9,"3.3L 6","REAR WHEEL DRIVE","AUTOMATIC","GAS",6,"DEFAULT","Pure Sale","[PREMIUM]",,"THONOTOSASSA","FL","33592","USA","USD","[PREMIUM]","[PREMIUM]","H060",false,"[PREMIUM]","GT1",false,false,"[PREMIUM]",,,,,,,,"[PREMIUM]"
"60707846","2026-08-15 04:15:03.770","2026-08-20 17:42:42.924","60707846","2026-08-20 11:45:23.000","[PREMIUM]","335","FL - TAMPA NORTH","2026-08-21","FRIDAY","1000","EDT","2503","V",2021,"TESLA","MODEL Y","MODEL Y","SPORT UTILITY VEHICLE","WHITE","REAR END","SIDE","FL","RB","YES","S",95794,"N","[PREMIUM]",16824.52,,"ALL WHEEL DRIVE","AUTOMATIC","ELECTRIC",,"Vehicle Starts","Pure Sale","[PREMIUM]",,"THONOTOSASSA","FL","33592","USA","USD","[PREMIUM]","[PREMIUM]","H060",false,"[PREMIUM]",,false,false,"[PREMIUM]",,,,,,,,"[PREMIUM]"
"60644066","2026-08-15 04:15:03.760","2026-08-20 17:42:42.916","60644066","2026-08-20 11:45:22.000","[PREMIUM]","335","FL - TAMPA NORTH","2026-08-21","FRIDAY","1000","EDT","2024","V",2020,"CHEVROLET","TRAVERSE","TRAVERSE",,"GRAY","SIDE",,"FL","CD","YES","E",88392,"N","[PREMIUM]",22331.08,,,"AUTOMATIC",,,"DEFAULT","Pure Sale","[PREMIUM]",,"THONOTOSASSA","FL","33592","USA","USD","[PREMIUM]","[PREMIUM]","J020",false,"[PREMIUM]",,false,false,"[PREMIUM]",,,,,,,,"[PREMIUM]"
"60667296","2026-08-15 04:15:03.750","2026-08-20 17:42:42.925","60667296","2026-08-20 11:45:22.000","[PREMIUM]","335","FL - TAMPA NORTH","2026-08-21","FRIDAY","1000","EDT","2296","V",2019,"FORD","F150","F150","PICKUP","BURGUNDY","SIDE","MINOR DENT/SCRATCHES","FL","RB","YES","D",139155,"A","[PREMIUM]",9122.71,"3.3L 6","REAR WHEEL DRIVE","AUTOMATIC","GAS",6,"Run & Drive Verified","On Minimum Bid","[PREMIUM]",,"THONOTOSASSA","FL","33592","USA","USD","[PREMIUM]","[PREMIUM]","K030",false,"[PREMIUM]","SUPERCREW",false,false,"[PREMIUM]",,,,,,,,"[PREMIUM]"
"60178966","2026-08-15 04:15:03.692","2026-08-20 17:42:42.723","60178966","2026-08-20 11:45:22.000","[PREMIUM]","335","FL - TAMPA NORTH","2026-08-21","FRIDAY","1000","EDT","112","V",2025,"TOYOTA","TACOMA","TACOMA","PICKUP","BLUE","REAR END",,"FL","RB","YES","D",13501,"A","[PREMIUM]",19368.73,"2.4L 4","4X2","AUTOMATIC","GAS",4,"Run & Drive Verified","Pure Sale","[PREMIUM]",,"THONOTOSASSA","FL","33592","USA","USD","[PREMIUM]","[PREMIUM]","P020",false,"[PREMIUM]","TRD SPORT",false,false,"[PREMIUM]",,,,,,,,"[PREMIUM]"
"59725986","2026-08-15 04:15:03.569","2026-08-20 17:42:42.560","59725986","2026-08-20 11:45:23.000","[PREMIUM]","335","FL - TAMPA NORTH","2026-08-21","FRIDAY","1000","EDT","2502","V",2019,"ACURA","TLX","TLX","SEDAN","BLACK","SIDE",,"FL","RB","YES","S",52206,"A","[PREMIUM]",20151,"3.5L 6","FRONT WHEEL DRIVE","AUTOMATIC","GAS",6,"Vehicle Starts","Pure Sale","[PREMIUM]",,"THONOTOSASSA","FL","33592","USA","USD","[PREMIUM]","[PREMIUM]","H050",false,"[PREMIUM]","TECHNOLOGY",false,false,"[PREMIUM]",,,,,,,,"[PREMIUM]"
"59610646","2026-08-15 04:15:03.568","2026-08-20 17:42:42.505","59610646","2026-08-20 11:45:22.000","[PREMIUM]","335","FL - TAMPA NORTH","2026-08-21","FRIDAY","1000","EDT","2008","V",2012,"HONDA","ODYSSEY","ODYSSEY","SPORTS VAN","GRAY","FRONT END","REAR END","FL","RB","YES","E",272648,"A","[PREMIUM]",4350.88,"3.5L 6","FRONT WHEEL DRIVE","AUTOMATIC","GAS",6,"DEFAULT","Pure Sale","[PREMIUM]",,"THONOTOSASSA","FL","33592","USA","USD","[PREMIUM]","[PREMIUM]","E080",false,"[PREMIUM]","EXL",false,false,"[PREMIUM]",,,,,,,,"[PREMIUM]"
"59579406","2026-08-15 04:15:03.512","2026-08-27 11:44:58.643","59579406","2026-08-26 14:52:18.000","[PREMIUM]","841","CRASHEDTOYS POWERSPORT AUCTION","2026-08-27","THURSDAY","1200","CDT","1102","C",2019,"HARLEY-DAVIDSON","FL","FLTRX",,"BROWN","UNDERCARRIAGE",,"FL","RB","YES","E",0,"N","[PREMIUM]",16695.19,,,"MANUAL",,,"DEFAULT","Pure Sale","[PREMIUM]",,"THONOTOSASSA","FL","33592","USA","USD","[PREMIUM]","[PREMIUM]","MCI",false,"[PREMIUM]","ROAD GLIDE",false,false,"[PREMIUM]",,,,,,,,"[PREMIUM]"
"58805266","2026-08-15 04:15:03.467","2026-08-20 17:42:42.390","58805266","2026-08-20 11:45:22.000","[PREMIUM]","335","FL - TAMPA NORTH","2026-08-21","FRIDAY","1000","EDT","2273","V",2019,"DODGE","JOURNEY","JOURNEY","SPORT UTILITY VEHICLE","WHITE","FRONT END",,"FL","RB","YES","D",100686,"A","[PREMIUM]",7727,"2.4L 4","FRONT WHEEL DRIVE","AUTOMATIC","GAS",4,"Run & Drive Verified","Pure Sale","[PREMIUM]",,"THONOTOSASSA","FL","33592","USA","USD","[PREMIUM]","[PREMIUM]","E070",false,"[PREMIUM]","SE",false,false,"[PREMIUM]",,,,,,,,"[PREMIUM]"
"58601426","2026-08-15 04:15:03.431","2026-08-20 17:42:42.358","58601426","2026-08-20 11:45:22.000","[PREMIUM]","335","FL - TAMPA NORTH","2026-08-21","FRIDAY","1000","EDT","93","V",2024,"KIA","K5","K5","SEDAN","GRAY","REAR END",,"FL","CD","YES","D",39547,"A","[PREMIUM]",22229.29,"1.6L 4","FRONT WHEEL DRIVE","AUTOMATIC","GAS",4,"Run & Drive Verified","Pure Sale","[PREMIUM]",,"THONOTOSASSA","FL","33592","USA","USD","[PREMIUM]","[PREMIUM]","F080",false,"[PREMIUM]","GT LINE",false,false,"[PREMIUM]",,,,,,,,"[PREMIUM]"
"58311116","2026-08-15 04:15:03.401","2026-08-20 17:42:42.248","58311116","2026-08-20 11:45:22.000","[PREMIUM]","335","FL - TAMPA NORTH","2026-08-21","FRIDAY","1000","EDT","132","V",2016,"CHEVROLET","COLORADO","COLORADO","CREW PICKUP","BLACK","SIDE","FRONT END","FL","RB","YES","D",82505,"A","[PREMIUM]",16742.06,"2.8L 4","REAR WHEEL DRIVE","AUTOMATIC","DIESEL",4,"Run & Drive Verified","On Minimum Bid","[PREMIUM]",,"THONOTOSASSA","FL","33592","USA","USD","[PREMIUM]","[PREMIUM]","M060",false,"[PREMIUM]","LT",false,false,"[PREMIUM]",,,,,,,,"[PREMIUM]"
"58452746","2026-08-15 04:15:03.393","2026-08-20 17:42:42.340","58452746","2026-08-20 11:45:22.000","[PREMIUM]","335","FL - TAMPA NORTH","2026-08-21","FRIDAY","1000","EDT","2267","V",2017,"CADILLAC","XT5","XT5","4DR SPORT UTILITY","BEIGE","FRONT END",,"FL","RB","YES","D",81047,"A","[PREMIUM]",16656.52,"3.6L 6","FRONT WHEEL DRIVE","AUTOMATIC","GAS",6,"Run & Drive Verified","Pure Sale","[PREMIUM]",,"THONOTOSASSA","FL","33592","USA","USD","[PREMIUM]","[PREMIUM]","G010",false,"[PREMIUM]",,false,false,"[PREMIUM]",,,,,,,,"[PREMIUM]"
"58380096","2026-08-15 04:15:03.388","2026-08-20 17:42:42.238","58380096","2026-08-20 11:45:22.000","[PREMIUM]","335","FL - TAMPA NORTH","2026-08-21","FRIDAY","1000","EDT","2251","V",2019,"TOYOTA","COROLLA","COROLLA","SEDAN","GRAY","SIDE","FRONT END","FL","RB","YES","D",113157,"A","[PREMIUM]",9276,"1.8L 4","FRONT WHEEL DRIVE","AUTOMATIC","GAS",4,"Run & Drive Verified","Pure Sale","[PREMIUM]",,"THONOTOSASSA","FL","33592","USA","USD","[PREMIUM]","[PREMIUM]","F040",false,"[PREMIUM]","LE",false,false,"[PREMIUM]",,,,,,,,"[PREMIUM]"
"57958816","2026-08-15 04:15:03.362","2026-08-20 17:42:42.217","57958816","2026-08-20 11:45:22.000","[PREMIUM]","335","FL - TAMPA NORTH","2026-08-21","FRIDAY","1000","EDT","131","V",2024,"TOYOTA","TACOMA","TACOMA","PICKUP","WHITE","STRIPPED",,"FL","RB","YES","D",49179,"A","[PREMIUM]",20326.77,"2.4L 4","FOUR BY FOUR","AUTOMATIC","GAS",4,"Run & Drive Verified","Pure Sale","[PREMIUM]",,"THONOTOSASSA","FL","33592","USA","USD","[PREMIUM]","[PREMIUM]","L050",false,"[PREMIUM]","SR5",false,false,"[PREMIUM]",,,,,,,,"[PREMIUM]"
"57563246","2026-08-15 04:15:03.290","2026-08-20 17:42:42.206","57563246","2026-08-20 11:45:22.000","[PREMIUM]","335","FL - TAMPA NORTH","2026-08-21","FRIDAY","1000","EDT","18","V",2025,"HONDA","ACCORD","ACCORD","SEDAN","WHITE","TOP/ROOF",,"FL","RB","YES","D",10444,"A","[PREMIUM]",19372.92,"1.5L 4","FRONT WHEEL DRIVE","AUTOMATIC","GAS",4,"Run & Drive Verified","Pure Sale","[PREMIUM]",,"THONOTOSASSA","FL","33592","USA","USD","[PREMIUM]","[PREMIUM]","I080",false,"[PREMIUM]","SE",false,false,"[PREMIUM]",,,,,,,,"[PREMIUM]"
"57356886","2026-08-15 04:15:03.285","2026-08-28 11:45:08.665","57356886","2026-08-27 11:09:56.000","[PREMIUM]","335","FL - TAMPA NORTH","2026-08-28","FRIDAY","1000","EDT","2278","V",2018,"KIA","SPORTAGE","SPORTAGE","SPORT UTILITY VEHICLE","WHITE","FRONT END",,"FL","RB","YES","D",96828,"N","[PREMIUM]",10933.47,"2.4L 4","FRONT WHEEL DRIVE","AUTOMATIC","GAS",4,"Run & Drive Verified","Pure Sale","[PREMIUM]",,"THONOTOSASSA","FL","33592","USA","USD","[PREMIUM]","[PREMIUM]","G060",false,"[PREMIUM]","EX",false,false,"[PREMIUM]",,,,,,,,"[PREMIUM]"
"56765426","2026-08-15 04:15:03.227","2026-08-20 17:42:42.107","56765426","2026-08-20 11:45:22.000","[PREMIUM]","335","FL - TAMPA NORTH","2026-08-21","FRIDAY","1000","EDT","2007","V",2013,"DODGE","CHARGER","CHARGER","SEDAN 4DR","GRAY","SIDE","FRONT END","FL","RB","YES","E",159927,"A","[PREMIUM]",7807.71,"3.6L 6","REAR WHEEL DRIVE","AUTOMATIC","FLEXIBLE",6,"DEFAULT","On Minimum Bid","[PREMIUM]",,"THONOTOSASSA","FL","33592","USA","USD","[PREMIUM]","[PREMIUM]","N060",false,"[PREMIUM]","SE",false,false,"[PREMIUM]",,,,,,,,"[PREMIUM]"
"55737266","2026-08-15 04:15:03.173","2026-08-20 17:42:42.053","55737266","2026-08-20 11:45:22.000","[PREMIUM]","335","FL - TAMPA NORTH","2026-08-21","FRIDAY","1000","EDT","2034","V",2025,"TOYOTA","TUNDRA","TUNDRA","PICKUP","BLACK","SIDE","REAR END","FL","RB","YES","E",16484,"A","[PREMIUM]",38971.25,"3.4L 6","FOUR BY FOUR","AUTOMATIC","ELECTRIC AND GAS HYBRID",6,"DEFAULT","Pure Sale","[PREMIUM]",,"THONOTOSASSA","FL","33592","USA","USD","[PREMIUM]","[PREMIUM]","L030",false,"[PREMIUM]","PLATINUM HV",false,false,"[PREMIUM]",,,,,,,,"[PREMIUM]"
"55426436","2026-08-15 04:15:03.168","2026-08-20 17:42:42.013","55426436","2026-08-20 11:45:22.000","[PREMIUM]","335","FL - TAMPA NORTH","2026-08-21","FRIDAY","1000","EDT","94","V",2015,"VOLKSWAGEN","PASSAT","PASSAT","SEDAN 4DR","BLACK","FRONT END",,"FL","RB","YES","D",137923,"A","[PREMIUM]",5454.58,"1.8L 4","FRONT WHEEL DRIVE","AUTOMATIC","GAS",4,"Run & Drive Verified","Pure Sale","[PREMIUM]",,"THONOTOSASSA","FL","33592","USA","USD","[PREMIUM]","[PREMIUM]","E040",false,"[PREMIUM]","S",false,false,"[PREMIUM]",,,,,,,,"[PREMIUM]"
"55143416","2026-08-15 04:15:03.118","2026-08-24 11:45:16.084","55143416","2026-08-21 19:42:23.000","[PREMIUM]","335","FL - TAMPA NORTH","2026-08-25","TUESDAY","1000","EDT","0","V",2013,"FORD","F-150","F150","CREW PICKUP","BLACK","REAR END",,"FL","RB","YES","D",148611,"N","[PREMIUM]",10619,"3.5L 6","4X4 W/REAR WHEEL DRV","AUTOMATIC","GAS",6,"Run & Drive Verified","On Minimum Bid","[PREMIUM]",,"THONOTOSASSA","FL","33592","USA","USD","[PREMIUM]","[PREMIUM]","K030",false,"[PREMIUM]","SUPERCREW",false,false,"[PREMIUM]",,,,,,,,"[PREMIUM]"
"53342906","2026-08-15 04:15:03.052","2026-08-25 00:02:19.139","53342906","2026-08-24 11:56:44.000","[PREMIUM]","335","FL - TAMPA NORTH","2026-08-25","TUESDAY","1000","EDT","21","V",2022,"TOYOTA","COROLLA","COROLLA","SEDAN","WHITE","REAR END","FRONT END","FL","RB","YES","D",86023,"A","[PREMIUM]",11340.85,"1.8L 4","FRONT WHEEL DRIVE","AUTOMATIC","GAS",4,"Run & Drive Verified","On Minimum Bid","[PREMIUM]",,"THONOTOSASSA","FL","33592","USA","USD","[PREMIUM]","[PREMIUM]","L060",false,"[PREMIUM]","LE",false,false,"[PREMIUM]",,,,,,,,"[PREMIUM]"
"74118194","2026-08-15 04:15:02.840","2026-08-26 05:47:39.563","74118194","2026-08-24 15:15:38.000","[PREMIUM]","328","WY - CASPER","2026-08-26","WEDNESDAY","1200","MDT","2","V",2015,"SUBARU","FORESTER","FORESTER","4DR SPOR","GRAY","FRONT END","REAR END","ID","SC","YES","D",136027,"A","[PREMIUM]",8081,"2.0L  4","ALL WHEEL DRIVE","AUTOMATIC","GAS",4,"Run & Drive Verified","Pure Sale","[PREMIUM]",,"CASPER","WY","82601","USA","USD","[PREMIUM]","[PREMIUM]","D110",false,"[PREMIUM]","2.0XT PREMIUM",false,false,"[PREMIUM]",,,,,,,,"[PREMIUM]"
"57978546","2026-08-15 04:15:01.965","2026-08-29 11:46:15.380","57978546","2026-08-24 14:44:24.000","[PREMIUM]","328","WY - CASPER","2026-09-02","WEDNESDAY","1200","MDT","0","V",2024,"TOYOTA","SIENNA","SIENNA","VAN PASSENGER","WHITE","FRONT END","SIDE","CO","ST","YES","E",21833,"A","[PREMIUM]",41177,"2.5L 4","FRONT WHEEL DRIVE","AUTOMATIC","ELECTRIC AND GAS HYBRID",4,"DEFAULT","On Minimum Bid","[PREMIUM]",,"CASPER","WY","82601","USA","USD","[PREMIUM]","[PREMIUM]","B130",false,"[PREMIUM]","LE",false,false,"[PREMIUM]",,,,,,,,"[PREMIUM]"
"65370916","2026-08-15 04:15:00.672","2026-08-29 11:46:13.315","65370916","2026-08-18 17:22:33.000","[PREMIUM]","309","CA - ADELANTO","2026-08-31","MONDAY","1200","PDT","0","V",2017,"HYUNDAI","ELANTRA VA","ELANTRA","SEDAN","BEIGE","REAR END",,"CA","SH","YES","E",185860,"A","[PREMIUM]",0,"2.0L 4","FRONT WHEEL DRIVE","AUTOMATIC","GAS",4,"DEFAULT","On Approval","[PREMIUM]",,"ADELANTO","CA","92301","USA","USD","[PREMIUM]","[PREMIUM]","D030",false,"[PREMIUM]","VALUE EDITION",false,false,"[PREMIUM]",,,,,,,,"[PREMIUM]"
"63168906","2026-08-15 04:15:00.536","2026-08-29 11:46:13.138","63168906","2026-08-17 22:19:27.000","[PREMIUM]","309","CA - ADELANTO","2026-08-31","MONDAY","1200","PDT","0","V",2008,"LEXUS","ES350","ES","SEDAN 4DR","SILVER","SIDE",,"CA","SC","YES","D",342661,"A","[PREMIUM]",5727.66,"3.5L 6","FRONT WHEEL DRIVE","AUTOMATIC","GAS",6,"Run & Drive Verified","Pure Sale","[PREMIUM]",,"ADELANTO","CA","92301","USA","USD","[PREMIUM]","[PREMIUM]","D010",false,"[PREMIUM]","350",false,false,"[PREMIUM]",,,,,,,,"[PREMIUM]"
"58153666","2026-08-15 04:15:00.130","2026-08-29 11:46:12.521","58153666","2026-08-19 15:53:51.000","[PREMIUM]","309","CA - ADELANTO","2026-08-31","MONDAY","1200","PDT","0","V",2012,"TOYOTA","HIGHLANDER","HIGHLANDER","SUV","BLACK","SIDE","REAR END","CA","SC","YES","D",191730,"A","[PREMIUM]",0,"3.5L 6","FRONT WHEEL DRIVE","AUTOMATIC","GAS",6,"Run & Drive Verified","Pure Sale","[PREMIUM]",,"ADELANTO","CA","92301","USA","USD","[PREMIUM]","[PREMIUM]","E020",false,"[PREMIUM]","BASE",false,false,"[PREMIUM]",,,,,,,,"[PREMIUM]"
"65283346","2026-08-15 04:14:59.838","2026-08-26 05:47:36.643","65283346","2026-08-24 18:00:32.000","[PREMIUM]","835","MEDIUM DUTY SPECIALTY SALE","2026-08-26","WEDNESDAY","1100","CDT","0","K",2026,"FORD","TRANSIT","TRANSIT","VAN CARGO","WHITE","SIDE","REAR END","IA","ST","NO",,0,"N","[PREMIUM]",0,"3.5L 6","REAR WHEEL DRIVE","AUTOMATIC","GAS",6,,"On Minimum Bid","[PREMIUM]",,"MCFARLAND","WI","53558","USA","USD","[PREMIUM]","[PREMIUM]","B010",true,"[PREMIUM]",,false,false,"[PREMIUM]",,,,,,,,"[PREMIUM]"
"85970825","2026-08-15 04:14:55.887","2026-08-29 11:46:08.725","85970825","2026-08-14 22:49:42.000","[PREMIUM]","295","ATLANTIC CANADA AUCTION",,,,"AKST","0","V",2017,"NISSAN","ROGUE","ROGUE SPORT","WAGON","ORANGE","FRONT END","UNDERCARRIAGE","NS","ST","NO","E",140126,"A","[PREMIUM]",15114.47,"2.0L 4","ALL WHEEL DRIVE","AUTOMATIC","GAS",4,"DEFAULT","Pure Sale","[PREMIUM]",,"ELMSDALE","NS","B2S 2L2","CAN","CAD","[PREMIUM]","[PREMIUM]","D050",false,"[PREMIUM]","S",false,false,"[PREMIUM]",,,,,,,,"[PREMIUM]"
"65297366","2026-08-15 04:14:55.822","2026-08-29 11:46:08.590","65297366","2026-08-14 22:49:42.000","[PREMIUM]","295","ATLANTIC CANADA AUCTION",,,,"AKST","0","V",2013,"HONDA","CIVIC","CIVIC","SEDAN 4DR","WHITE","FRONT END",,"NS","ST","YES","D",202244,"A","[PREMIUM]",8752.84,"1.8L 4","FRONT WHEEL DRIVE","AUTOMATIC","GAS",4,"Run & Drive Verified","Pure Sale","[PREMIUM]",,"ELMSDALE","NS","B2S 2L2","CAN","CAD","[PREMIUM]","[PREMIUM]","B040",false,"[PREMIUM]","LX",false,false,"[PREMIUM]",,,,,,,,"[PREMIUM]"
"65077636","2026-08-15 04:14:55.800","2026-08-29 11:46:08.581","65077636","2026-08-14 22:49:42.000","[PREMIUM]","295","ATLANTIC CANADA AUCTION",,,,"AKST","0","V",2017,"VOLKSWAGEN","JETTA","JETTA","SEDAN 4DR","RED","FRONT END","SIDE","NS","ST","YES","D",140514,"A","[PREMIUM]",12965.51,"1.8L 4","FRONT WHEEL DRIVE","AUTOMATIC","GAS",4,"Run & Drive Verified","Pure Sale","[PREMIUM]",,"ELMSDALE","NS","B2S 2L2","CAN","CAD","[PREMIUM]","[PREMIUM]","C030",false,"[PREMIUM]","SEL",false,false,"[PREMIUM]",,,,,,,,"[PREMIUM]"
"64282266","2026-08-15 04:14:55.774","2026-08-29 11:46:08.535","64282266","2026-08-27 14:58:19.000","[PREMIUM]","295","ATLANTIC CANADA AUCTION",,,,"AKST","0","V",2014,"CHEVROLET","EQUINOX","EQUINOX","4DR SPORT UTILITY","BEIGE","ROLLOVER",,"NS","NR","NO","E",0,"N","[PREMIUM]",17100,"2.4L 4","ALL WHEEL DRIVE","AUTOMATIC","FLEXIBLE",4,"DEFAULT","Pure Sale","[PREMIUM]",,"ELMSDALE","NS","B2S 2L2","CAN","CAD","[PREMIUM]","[PREMIUM]","E080",false,"[PREMIUM]","LS",false,false,"[PREMIUM]",,,,,,,,"[PREMIUM]"
"63194306","2026-08-15 04:14:55.745","2026-08-27 11:44:52.445","63194306","2026-08-27 10:00:06.000","[PREMIUM]","295","ATLANTIC CANADA AUCTION","2026-08-27","THURSDAY","700","AKST","2038","V",2024,"TESLA","MODEL Y","MODEL Y","SPORT UTILITY VEHICLE","CHARCOAL","FRONT END","SIDE","NS","ST","YES","D",32419,"A","[PREMIUM]",39807,,"ALL WHEEL DRIVE","AUTOMATIC","ELECTRIC",,"Run & Drive Verified","Pure Sale","[PREMIUM]",,"ELMSDALE","NS","B2S 2L2","CAN","CAD","[PREMIUM]","[PREMIUM]","E040",false,"[PREMIUM]",,false,false,"[PREMIUM]",,,,,,,,"[PREMIUM]"
"62153406","2026-08-15 04:14:55.673","2026-08-19 15:02:06.638","62153406","2026-08-17 16:51:11.000","[PREMIUM]","295","ATLANTIC CANADA AUCTION","2026-08-20","THURSDAY","700","AKST","0","V",2010,"VOLKSWAGEN","GOLF","CITY GOLF","HATCHBACK 4DR","BLACK","FRONT END",,"NS","ST","YES","D",242973,"A","[PREMIUM]",4973.71,"2.0L 4","FRONT WHEEL DRIVE","AUTOMATIC","GAS",4,"Run & Drive Verified","Pure Sale","[PREMIUM]",,"ELMSDALE","NS","B2S 2L2","CAN","CAD","[PREMIUM]","[PREMIUM]","C030",false,"[PREMIUM]",,false,false,"[PREMIUM]",,,,,,,,"[PREMIUM]"
"62208656","2026-08-15 04:14:55.596","2026-08-29 11:46:08.439","62208656","2026-08-14 22:49:42.000","[PREMIUM]","295","ATLANTIC CANADA AUCTION",,,,"AKST","0","V",2014,"HYUNDAI","ACCENT","ACCENT","HATCHBACK","GRAY","FRONT END",,"NS","ST","YES","D",169088,"A","[PREMIUM]",6883.3,"1.6L 4","FRONT WHEEL DRIVE","AUTOMATIC","GAS",4,"Run & Drive Verified","Pure Sale","[PREMIUM]",,"ELMSDALE","NS","B2S 2L2","CAN","CAD","[PREMIUM]","[PREMIUM]","D080",false,"[PREMIUM]","GS",false,false,"[PREMIUM]",,,,,,,,"[PREMIUM]"
"61841036","2026-08-15 04:14:55.574","2026-08-26 17:45:33.097","61841036","2026-08-22 02:45:15.000","[PREMIUM]","295","ATLANTIC CANADA AUCTION","2026-08-27","THURSDAY","700","AKST","0","V",2012,"TOYOTA","HIGHLANDER","HIGHLANDER","4DR SPORT UTILITY","WHITE","REAR END",,"NS","RG","YES","D",261649,"A","[PREMIUM]",14069,"3.5L 6","ALL WHEEL DRIVE","AUTOMATIC","ELECTRIC AND GAS HYBRID",6,"Run & Drive Verified","On Minimum Bid","[PREMIUM]",,"ELMSDALE","NS","B2S 2L2","CAN","CAD","[PREMIUM]","[PREMIUM]","C070",false,"[PREMIUM]","HYBRID LIMITED",false,false,"[PREMIUM]",,,,,,,,"[PREMIUM]"
"61892256","2026-08-15 04:14:55.566","2026-08-20 17:42:34.487","61892256","2026-08-20 10:00:04.000","[PREMIUM]","295","ATLANTIC CANADA AUCTION","2026-08-20","THURSDAY","700","AKST","67","V",2014,"CHEVROLET","CRUZE","CRUZE","SEDAN 4DR","SILVER","FRONT END",,"NS","RG","YES","D",193472,"A","[PREMIUM]",4021.65,"1.4L 4","FRONT WHEEL DRIVE","AUTOMATIC","GAS",4,"Run & Drive Verified","Pure Sale","[PREMIUM]",,"ELMSDALE","NS","B2S 2L2","CAN","CAD","[PREMIUM]","[PREMIUM]","C060",false,"[PREMIUM]","LT",false,false,"[PREMIUM]",,,,,,,,"[PREMIUM]"
"61834436","2026-08-15 04:14:55.558","2026-08-19 15:02:06.600","61834436","2026-08-14 22:28:27.000","[PREMIUM]","295","ATLANTIC CANADA AUCTION","2026-08-20","THURSDAY","700","AKST","0","V",2012,"FORD","ESCAPE","ESCAPE","4DR SPORT UTILITY","BLACK","MECHANICAL",,"NS","RG","YES","S",186950,"A","[PREMIUM]",3237.47,"2.5L 4","FRONT WHEEL DRIVE","AUTOMATIC","GAS",4,"Vehicle Starts","Pure Sale","[PREMIUM]",,"ELMSDALE","NS","B2S 2L2","CAN","CAD","[PREMIUM]","[PREMIUM]","D030",false,"[PREMIUM]","XLT",false,false,"[PREMIUM]",,,,,,,,"[PREMIUM]"
"61563886","2026-08-15 04:14:55.526","2026-08-29 05:47:41.009","61563886","2026-08-29 02:45:26.000","[PREMIUM]","295","ATLANTIC CANADA AUCTION","2026-09-03","THURSDAY","700","AKST","0","V",2025,"NISSAN","ALL OTHER","KICKS PLAY","HATCHBACK","WHITE","FRONT END","SIDE","NS","RG","YES","D",6129,"A","[PREMIUM]",22278,"1.6L 4","FRONT WHEEL DRIVE","AUTOMATIC","GAS",4,"Run & Drive Verified","On Minimum Bid","[PREMIUM]",,"ELMSDALE","NS","B2S 2L2","CAN","CAD","[PREMIUM]","[PREMIUM]","D050",false,"[PREMIUM]","S",false,false,"[PREMIUM]",,,,,,,,"[PREMIUM]"
"61555916","2026-08-15 04:14:55.516","2026-08-19 15:02:06.542","61555916","2026-08-18 12:38:10.000","[PREMIUM]","295","ATLANTIC CANADA AUCTION","2026-08-20","THURSDAY","700","AKST","0","V",2014,"TOYOTA","RAV4","RAV4","4DR SPORT UTILITY","BLACK","REAR END",,"NS","ST","YES","D",236167,"A","[PREMIUM]",10465,"2.5L 4","FRONT WHEEL DRIVE","AUTOMATIC","GAS",4,"Run & Drive Verified","On Minimum Bid","[PREMIUM]",,"ELMSDALE","NS","B2S 2L2","CAN","CAD","[PREMIUM]","[PREMIUM]","C080",false,"[PREMIUM]","XLE",false,false,"[PREMIUM]",,,,,,,,"[PREMIUM]"
"61723396","2026-08-15 04:14:55.514","2026-08-19 15:02:06.597","61723396","2026-08-17 16:51:39.000","[PREMIUM]","295","ATLANTIC CANADA AUCTION","2026-08-20","THURSDAY","700","AKST","0","V",2011,"SUBARU","IMPREZA","IMPREZA","SEDAN 4DR","GRAY","REAR END","FRONT END","NS","RG","YES","D",103717,"A","[PREMIUM]",0,"2.5L 4","ALL WHEEL DRIVE","AUTOMATIC","GAS",4,"Run & Drive Verified","Pure Sale","[PREMIUM]",,"ELMSDALE","NS","B2S 2L2","CAN","CAD","[PREMIUM]","[PREMIUM]","C090",false,"[PREMIUM]","2.5I PREMIUM",false,false,"[PREMIUM]",,,,,,,,"[PREMIUM]"
"61400316","2026-08-15 04:14:55.512","2026-08-19 15:02:06.559","61400316","2026-08-14 22:12:23.000","[PREMIUM]","295","ATLANTIC CANADA AUCTION","2026-08-20","THURSDAY","700","AKST","0","V",2022,"HYUNDAI","ELANTRA","ELANTRA","SEDAN","GRAY","FRONT END",,"NS","ST","YES","D",107202,"A","[PREMIUM]",13547.42,"2.0L 4","FRONT WHEEL DRIVE","AUTOMATIC","GAS",4,"Run & Drive Verified","Pure Sale","[PREMIUM]",,"ELMSDALE","NS","B2S 2L2","CAN","CAD","[PREMIUM]","[PREMIUM]","C060",false,"[PREMIUM]","SEL",false,false,"[PREMIUM]",,,,,,,,"[PREMIUM]"
"61739506","2026-08-15 04:14:55.511","2026-08-29 11:46:08.419","61739506","2026-08-14 22:49:42.000","[PREMIUM]","295","ATLANTIC CANADA AUCTION",,,,"AKST","0","V",2003,"GMC","SIERRA","NEW SIERRA","4DR EXT CAB PICKUP","BLACK","FRONT END",,"NS","ST","YES","D",235440,"A","[PREMIUM]",11400,"4.8L 8","4X4 W/REAR WHEEL DRV","AUTOMATIC","GAS",8,"Run & Drive Verified","Pure Sale","[PREMIUM]",,"ELMSDALE","NS","B2S 2L2","CAN","CAD","[PREMIUM]","[PREMIUM]","A090",false,"[PREMIUM]","K1500",false,false,"[PREMIUM]",,,,,,,,"[PREMIUM]"
"61290636","2026-08-15 04:14:55.470","2026-08-27 11:44:52.341","61290636","2026-08-27 10:00:06.000","[PREMIUM]","295","ATLANTIC CANADA AUCTION","2026-08-27","THURSDAY","700","AKST","607","C",2022,"INDIAN MOTORCYCLE CO.","ALL OTHER","PURSUIT","TOURING","BLACK","FRONT END",,"NS","ST","NO","E",0,"N","[PREMIUM]",37420.29,"2",,"MANUAL","GAS",2,"DEFAULT","Pure Sale","[PREMIUM]",,"ELMSDALE","NS","B2S 2L2","CAN","CAD","[PREMIUM]","[PREMIUM]","MC001",false,"[PREMIUM]","DARK HORSE",false,false,"[PREMIUM]",,,,,,,,"[PREMIUM]"
"61345726","2026-08-15 04:14:55.469","2026-08-19 15:02:06.551","61345726","2026-08-17 16:52:38.000","[PREMIUM]","295","ATLANTIC CANADA AUCTION","2026-08-20","THURSDAY","700","AKST","0","V",2007,"HONDA","ACCORD","ACCORD","SEDAN 4DR","BROWN","FRONT END","REAR END","NS","RG","YES","D",270344,"A","[PREMIUM]",4610.97,"2.4L 4","FRONT WHEEL DRIVE","AUTOMATIC","GAS",4,"Run & Drive Verified","Pure Sale","[PREMIUM]",,"ELMSDALE","NS","B2S 2L2","CAN","CAD","[PREMIUM]","[PREMIUM]","C090",false,"[PREMIUM]","EX",false,false,"[PREMIUM]",,,,,,,,"[PREMIUM]"
"61341976","2026-08-15 04:14:55.462","2026-08-19 15:02:06.578","61341976","2026-08-17 16:53:34.000","[PREMIUM]","295","ATLANTIC CANADA AUCTION","2026-08-20","THURSDAY","700","AKST","0","V",2012,"HONDA","CIVIC","CIVIC","SEDAN 4DR","BURGUNDY","SIDE","MINOR DENT/SCRATCHES","NS","RG","YES","D",285131,"A","[PREMIUM]",4718.21,"1.8L 4","FRONT WHEEL DRIVE","AUTOMATIC","GAS",4,"Run & Drive Verified","Pure Sale","[PREMIUM]",,"ELMSDALE","NS","B2S 2L2","CAN","CAD","[PREMIUM]","[PREMIUM]","SB003",false,"[PREMIUM]","LX",false,false,"[PREMIUM]",,,,,,,,"[PREMIUM]"
"61206496","2026-08-15 04:14:55.452","2026-08-27 11:44:52.341","61206496","2026-08-27 10:00:06.000","[PREMIUM]","295","ATLANTIC CANADA AUCTION","2026-08-27","THURSDAY","700","AKST","2050","V",2022,"HONDA","ACCORD","ACCORD","SEDAN","WHITE","SIDE",,"NS","ST","YES","D",58598,"A","[PREMIUM]",27823.61,"2.0L 4","FRONT WHEEL DRIVE","AUTOMATIC","ELECTRIC AND GAS HYBRID",4,"Run & Drive Verified","Pure Sale","[PREMIUM]",,"ELMSDALE","NS","B2S 2L2","CAN","CAD","[PREMIUM]","[PREMIUM]","D050",false,"[PREMIUM]","TOURING HYBRID",false,false,"[PREMIUM]",,,,,,,,"[PREMIUM]"
"61172006","2026-08-15 04:14:55.428","2026-08-19 15:02:06.513","61172006","2026-08-14 21:57:16.000","[PREMIUM]","295","ATLANTIC CANADA AUCTION","2026-08-20","THURSDAY","700","AKST","0","V",2013,"FORD","FOCUS","FOCUS","HATCHBACK 4DR","SILVER","REAR END",,"NS","ST","YES","D",225342,"A","[PREMIUM]",7476.04,"2.0L 4","FRONT WHEEL DRIVE","AUTOMATIC","GAS",4,"Run & Drive Verified","Pure Sale","[PREMIUM]",,"ELMSDALE","NS","B2S 2L2","CAN","CAD","[PREMIUM]","[PREMIUM]","B110",false,"[PREMIUM]","SE",false,false,"[PREMIUM]",,,,,,,,"[PREMIUM]"
"60574746","2026-08-15 04:14:55.418","2026-08-19 15:02:06.417","60574746","2026-08-17 16:50:16.000","[PREMIUM]","295","ATLANTIC CANADA AUCTION","2026-08-20","THURSDAY","700","AKST","0","V",2015,"FORD","FUSION","FUSION","SEDAN 4DR","SILVER","SIDE","FRONT END","NS","RG","YES","D",104708,"A","[PREMIUM]",7730.49,"2.5L 4","FRONT WHEEL DRIVE","AUTOMATIC","GAS",4,"Run & Drive Verified","Pure Sale","[PREMIUM]",,"ELMSDALE","NS","B2S 2L2","CAN","CAD","[PREMIUM]","[PREMIUM]","SB001",false,"[PREMIUM]","S",false,false,"[PREMIUM]",,,,,,,,"[PREMIUM]"
"55583846","2026-08-15 04:14:55.304","2026-08-29 11:46:08.322","55583846","2026-08-14 22:50:06.000","[PREMIUM]","295","ATLANTIC CANADA AUCTION",,,,"AKST","0","V",2021,"KIA","SOUL","SOUL","SPORT UTILITY VEHICLE","CHARCOAL","REAR END",,"NL","ST","YES","D",97501,"A","[PREMIUM]",17591.67,"2.0L 4","FRONT WHEEL DRIVE","AUTOMATIC","GAS",4,"Run & Drive Verified","Pure Sale","[PREMIUM]",,"ELMSDALE","NS","B2S 2L2","CAN","CAD","[PREMIUM]","[PREMIUM]","A1TOW",false,"[PREMIUM]","EX",false,false,"[PREMIUM]",,,,,,,,"[PREMIUM]"
"55675396","2026-08-15 04:14:55.259","2026-08-27 11:44:52.173","55675396","2026-08-27 10:00:06.000","[PREMIUM]","295","ATLANTIC CANADA AUCTION","2026-08-27","THURSDAY","700","AKST","2537","V",2021,"JEEP","CHEROKEE","GRAND CHEROKEE","SPORT UTILITY VEHICLE","BROWN","FRONT END",,"NS","NR","YES","E",105930,"A","[PREMIUM]",57000,"3.6L 6","4X4 W/REAR WHEEL DRV","AUTOMATIC","FLEXIBLE",6,"DEFAULT","Pure Sale","[PREMIUM]",,"ELMSDALE","NS","B2S 2L2","CAN","CAD","[PREMIUM]","[PREMIUM]","D090",false,"[PREMIUM]","OVERLAND",false,false,"[PREMIUM]",,,,,,,,"[PREMIUM]"
"53757336","2026-08-15 04:14:55.200","2026-08-29 11:46:08.260","53757336","2026-08-14 22:50:06.000","[PREMIUM]","295","ATLANTIC CANADA AUCTION",,,,"AKST","0","V",2023,"NISSAN","ROGUE","ROGUE","SPORT UTILITY VEHICLE","GRAY","FRONT END",,"NL","ST","YES","D",58329,"A","[PREMIUM]",18842.24,"1.5L 3","ALL WHEEL DRIVE","AUTOMATIC","GAS",3,"Run & Drive Verified","Pure Sale","[PREMIUM]",,"ELMSDALE","NS","B2S 2L2","CAN","CAD","[PREMIUM]","[PREMIUM]","A1TOW",false,"[PREMIUM]","SV",false,false,"[PREMIUM]",,,,,,,,"[PREMIUM]"
"62947846","2026-08-15 04:14:50.584","2026-08-24 11:45:02.965","62947846","2026-08-22 02:45:36.000","[PREMIUM]","204","AB - EDMONTON","2026-08-27","THURSDAY","1200","MDT","0","V",2013,"RAM","1500","1500","CREW PICKUP","RED","SIDE","MINOR DENT/SCRATCHES","AB","BL","YES","D",112846,"N","[PREMIUM]",0,"5.7L 8","4X4 W/REAR WHEEL DRV","AUTOMATIC","GAS",8,"Run & Drive Verified","On Approval","[PREMIUM]",,"NISKU","AB","T9E 8L1","CAN","CAD","[PREMIUM]","[PREMIUM]","A030",false,"[PREMIUM]","SPORT",false,false,"[PREMIUM]",,,,,,,,"[PREMIUM]"
"57603446","2026-08-15 04:14:50.273","2026-08-20 17:42:27.663","57603446","2026-08-20 12:00:06.000","[PREMIUM]","204","AB - EDMONTON","2026-08-20","THURSDAY","1200","MDT","2024","V",2016,"JEEP","CHEROKEE","GRAND CHEROKEE","4DR SPORT UTILITY","CHARCOAL","FRONT END","SIDE","AB","BV","YES","D",161282,"N","[PREMIUM]",20256.86,"3.6L 6","4X4 W/REAR WHEEL DRV","AUTOMATIC","FLEXIBLE",6,"Run & Drive Verified","Pure Sale","[PREMIUM]","Rear damage","NISKU","AB","T9E 8L1","CAN","CAD","[PREMIUM]","[PREMIUM]","E040",false,"[PREMIUM]","LIMITED",false,false,"[PREMIUM]",,,,,,,,"[PREMIUM]"
"61891656","2026-08-15 04:14:47.591","2026-08-28 23:46:19.699","61891656","2026-08-27 18:47:39.000","[PREMIUM]","294","ONTARIO AUCTION","2026-09-01","TUESDAY","1000","EDT","0","V",2013,"BMW","3 SERIES","328","SEDAN 4DR","WHITE","FRONT END",,"ON","ST","YES","E",0,"N","[PREMIUM]",3863.52,"2.0L 4","ALL WHEEL DRIVE","AUTOMATIC","GAS",4,"DEFAULT","Pure Sale","[PREMIUM]",,"BOWMANVILLE","ON","L1E 0L1","CAN","CAD","[PREMIUM]","[PREMIUM]","D020",false,"[PREMIUM]","XI",false,false,"[PREMIUM]",,,,,,,,"[PREMIUM]"
"64960386","2026-08-15 04:14:39.855","2026-08-26 05:47:20.528","64960386","2026-08-25 12:50:45.000","[PREMIUM]","196","NC - MOCKSVILLE","2026-08-26","WEDNESDAY","1000","EDT","2024","V",2004,"HONDA","CIVIC","CIVIC","COUPE","GRAY","SIDE",,"NC","SC","YES","D",206025,"E","[PREMIUM]",4533,"1.7L 4","FRONT WHEEL DRIVE","AUTOMATIC","GAS",4,"Run & Drive Verified","Pure Sale","[PREMIUM]",,"MOCKSVILLE","NC","27028 6910","USA","USD","[PREMIUM]","[PREMIUM]","K170",false,"[PREMIUM]","EX",false,false,"[PREMIUM]",,,,,,,,"[PREMIUM]"
"64368716","2026-08-15 04:14:39.823","2026-08-29 11:45:54.345","64368716","2026-08-25 19:37:11.000","[PREMIUM]","196","NC - MOCKSVILLE","2026-09-02","WEDNESDAY","1000","EDT","2","V",2005,"MERCEDES-BENZ","C-CLASS","C","SEDAN 4DR","BLUE","TOP/ROOF",,"NC","SC","YES","D",159070,"E","[PREMIUM]",3283.16,"1.8L 4","REAR WHEEL DRIVE","AUTOMATIC","GAS",4,"Run & Drive Verified","Pure Sale","[PREMIUM]",,"MOCKSVILLE","NC","27028 6910","USA","USD","[PREMIUM]","[PREMIUM]","I100",false,"[PREMIUM]","230K SPORT SEDAN",false,false,"[PREMIUM]",,,,,,,,"[PREMIUM]"
"64335296","2026-08-15 04:14:39.819","2026-08-26 05:47:20.153","64335296","2026-08-18 20:05:53.000","[PREMIUM]","196","NC - MOCKSVILLE","2026-08-26","WEDNESDAY","1000","EDT","17","V",2016,"HYUNDAI","ELANTRA","ELANTRA","SEDAN","BEIGE","FRONT END",,"FL","RB","YES","D",113503,"A","[PREMIUM]",7884.13,"1.8L 4","FRONT WHEEL DRIVE","AUTOMATIC","GAS",4,"Run & Drive Verified","Pure Sale","[PREMIUM]",,"MOCKSVILLE","NC","27028 6910","USA","USD","[PREMIUM]","[PREMIUM]","K150",false,"[PREMIUM]","SE",false,false,"[PREMIUM]",,,,,,,,"[PREMIUM]"
"64331216","2026-08-15 04:14:39.797","2026-08-19 15:01:47.296","64331216","2026-08-17 14:40:06.000","[PREMIUM]","196","NC - MOCKSVILLE","2026-08-19","WEDNESDAY","1000","EDT","106","V",2011,"NISSAN","ROGUE","ROGUE","WAGON","SILVER","FRONT END","SIDE","NC","SC","YES","D",210690,"A","[PREMIUM]",2876,"2.5L 4","FRONT WHEEL DRIVE","AUTOMATIC","GAS",4,"Run & Drive Verified","Pure Sale","[PREMIUM]",,"MOCKSVILLE","NC","27028 6910","USA","USD","[PREMIUM]","[PREMIUM]","K140",false,"[PREMIUM]","S",false,false,"[PREMIUM]",,,,,,,,"[PREMIUM]"
"64236196","2026-08-15 04:14:39.771","2026-08-27 11:44:38.581","64236196","2026-08-26 14:52:19.000","[PREMIUM]","841","CRASHEDTOYS POWERSPORT AUCTION","2026-08-27","THURSDAY","1200","CDT","3032","C",2008,"SUZUKI","GSXR1000","GSX-R1000","RACER","BLACK","FRONT END",,"NC","SC","YES",,0,"E","[PREMIUM]",20062.14,"4",,"MANUAL",,4,,"Pure Sale","[PREMIUM]",,"MOCKSVILLE","NC","27028 6910","USA","USD","[PREMIUM]","[PREMIUM]","MC001",false,"[PREMIUM]",,false,false,"[PREMIUM]",,,,,,,,"[PREMIUM]"
"63045476","2026-08-15 04:14:39.504","2026-08-26 05:47:19.351","63045476","2026-08-25 15:33:38.000","[PREMIUM]","196","NC - MOCKSVILLE","2026-08-26","WEDNESDAY","1000","EDT","2581","V",2016,"CHEVROLET","TRAX","TRAX","4DR SPORT UTILITY","ORANGE","FRONT END","SIDE","NC","SC","YES","E",0,"N","[PREMIUM]",5190,"1.4L 4","ALL WHEEL DRIVE","AUTOMATIC","GAS",4,"DEFAULT","Pure Sale","[PREMIUM]",,"MOCKSVILLE","NC","27028 6910","USA","USD","[PREMIUM]","[PREMIUM]","F060",false,"[PREMIUM]","1LT",false,false,"[PREMIUM]",,,,,,,,"[PREMIUM]"
"62607036","2026-08-15 04:14:39.379","2026-08-26 05:47:19.125","62607036","2026-08-25 15:18:15.000","[PREMIUM]","196","NC - MOCKSVILLE","2026-08-26","WEDNESDAY","1000","EDT","2526","V",2019,"SUBARU","CROSSTREK","CROSSTREK","SPORT UTILITY VEHICLE","WHITE","ALL OVER",,"NC","SC","EXM","E",0,"N","[PREMIUM]",0,"2.0L 4","ALL WHEEL DRIVE","AUTOMATIC","GAS",4,"DEFAULT","Pure Sale","[PREMIUM]",,"MOCKSVILLE","NC","27028 6910","USA","USD","[PREMIUM]","[PREMIUM]","K030",false,"[PREMIUM]","PREMIUM",false,false,"[PREMIUM]",,,,,,,,"[PREMIUM]"
"60028836","2026-08-15 04:14:38.686","2026-08-29 11:45:53.237","60028836","2026-08-18 22:15:19.000","[PREMIUM]","836","HEAVY TRUCK SPECIALTY SALE",,,,"CDT","0","U",2019,"FREIGHTLINER","ALL OTHER","CASCADIA 126","TRACTOR TRUCK","GRAY","UNDERCARRIAGE",,"NC","SC","YES","S",738785,"N","[PREMIUM]",32734.56,"14.8L 6","REAR WHEEL DRIVE","AUTOMATIC","DIESEL",6,"Vehicle Starts","Pure Sale","[PREMIUM]",,"MOCKSVILLE","NC","27028 6910","USA","USD","[PREMIUM]","[PREMIUM]","HV005",false,"[PREMIUM]",,false,false,"[PREMIUM]",,,,,,,,"[PREMIUM]"
"53723856","2026-08-15 04:14:38.021","2026-08-29 11:45:52.635","53723856","2026-08-14 22:37:46.000","[PREMIUM]","196","NC - MOCKSVILLE",,,,"EDT","0","V",2020,"TOYOTA","HIGHLANDER","HIGHLANDER","SPORT UTILITY VEHICLE","SILVER","REAR END",,"NC","SC","YES","D",108614,"N","[PREMIUM]",17962.55,"3.5L 6","ALL WHEEL DRIVE","AUTOMATIC","GAS",6,"Run & Drive Verified","Pure Sale","[PREMIUM]",,"MOCKSVILLE","NC","27028 6910","USA","USD","[PREMIUM]","[PREMIUM]","F100",false,"[PREMIUM]","XLE",false,false,"[PREMIUM]",,,,,,,,"[PREMIUM]"
"50324066","2026-08-15 04:14:37.890","2026-08-29 11:45:52.501","50324066","2026-08-14 22:58:54.000","[PREMIUM]","196","NC - MOCKSVILLE",,,,"EDT","0","V",2017,"HONDA","CIVIC","CIVIC","SEDAN 4DR","RED","REAR END",,"NC","SC","NO","E",0,"N","[PREMIUM]",0,"1.5L 4","FRONT WHEEL DRIVE","AUTOMATIC","GAS",4,"DEFAULT","Pure Sale","[PREMIUM]",,"MOCKSVILLE","NC","27028 6910","USA","USD","[PREMIUM]","[PREMIUM]","J150",false,"[PREMIUM]","EXL",false,false,"[PREMIUM]",,,,,,,,"[PREMIUM]"
"48572306","2026-08-15 04:14:37.838","2026-08-29 11:45:52.446","48572306","2026-08-28 21:43:17.000","[PREMIUM]","196","NC - MOCKSVILLE",,,,"EDT","0","V",2017,"HONDA","CIVIC","CIVIC","SEDAN 4DR","SILVER","REAR END",,"NC","SC","YES","D",146387,"N","[PREMIUM]",10132.43,"2.0L 4","FRONT WHEEL DRIVE","AUTOMATIC","GAS",4,"Run & Drive Verified","Pure Sale","[PREMIUM]",,"MOCKSVILLE","NC","27028 6910","USA","USD","[PREMIUM]","[PREMIUM]","J200",false,"[PREMIUM]","EX",false,false,"[PREMIUM]",,,,,,,,"[PREMIUM]"
"64851176","2026-08-15 04:14:37.633","2026-08-26 05:47:15.063","64851176","2026-08-25 13:00:10.000","[PREMIUM]","194","VA - FREDERICKSBURG","2026-08-26","WEDNESDAY","1000","EDT","2008","V",2008,"JEEP","WRANGLER","WRANGLER UNLIMITED","4DR SPORT UTILITY","SILVER","FRONT END",,"VA","ST","YES","D",94441,"A","[PREMIUM]",15968.79,"3.8L 6","4X4 W/REAR WHEEL DRV","AUTOMATIC","GAS",6,"Run & Drive Verified","Pure Sale","[PREMIUM]",,"FREDERICKSBURG","VA","22408 8751","USA","USD","[PREMIUM]","[PREMIUM]","V040",false,"[PREMIUM]","X",false,false,"[PREMIUM]",,,,,,,,"[PREMIUM]"
"64853936","2026-08-15 04:14:37.629","2026-08-26 05:47:15.109","64853936","2026-08-25 13:00:11.000","[PREMIUM]","194","VA - FREDERICKSBURG","2026-08-26","WEDNESDAY","1000","EDT","3116","V",2018,"TOYOTA","COROLLA","COROLLA","SEDAN","BLACK","FRONT END",,"VA","ST","YES","D",87937,"A","[PREMIUM]",10370.61,"1.8L 4","FRONT WHEEL DRIVE","AUTOMATIC","GAS",4,"Run & Drive Verified","Pure Sale","[PREMIUM]",,"FREDERICKSBURG","VA","22408 8751","USA","USD","[PREMIUM]","[PREMIUM]","Q080",false,"[PREMIUM]","LE",false,false,"[PREMIUM]",,,,,,,,"[PREMIUM]"
"64757726","2026-08-15 04:14:37.583","2026-08-26 05:47:14.976","64757726","2026-08-25 13:00:12.000","[PREMIUM]","194","VA - FREDERICKSBURG","2026-08-26","WEDNESDAY","1000","EDT","5125","V",2017,"PORSCHE","CAYENNE","CAYENNE","4DR SPORT UTILITY","BLACK","FRONT END","SIDE","VA","ST","YES","D",94855,"A","[PREMIUM]",36435,"3.6L 6","ALL WHEEL DRIVE","AUTOMATIC","GAS",6,"Run & Drive Verified","Pure Sale","[PREMIUM]",,"FREDERICKSBURG","VA","22408 8751","USA","USD","[PREMIUM]","[PREMIUM]","V100",false,"[PREMIUM]",,false,false,"[PREMIUM]",,,,,,,,"[PREMIUM]"
"64781096","2026-08-15 04:14:37.578","2026-08-26 05:47:14.996","64781096","2026-08-25 13:00:11.000","[PREMIUM]","194","VA - FREDERICKSBURG","2026-08-26","WEDNESDAY","1000","EDT","3138","V",2020,"TOYOTA","HIGHLANDER","HIGHLANDER","SPORT UTILITY VEHICLE","GRAY","FRONT END",,"VA","ST","YES","D",53049,"A","[PREMIUM]",8729.39,"3.5L 6","ALL WHEEL DRIVE","AUTOMATIC","GAS",6,"Run & Drive Verified","Pure Sale","[PREMIUM]",,"FREDERICKSBURG","VA","22408 8751","USA","USD","[PREMIUM]","[PREMIUM]","O090",false,"[PREMIUM]","XLE",false,false,"[PREMIUM]",,,,,,,,"[PREMIUM]"
"64818226","2026-08-15 04:14:37.573","2026-08-26 05:47:15.027","64818226","2026-08-25 13:00:11.000","[PREMIUM]","194","VA - FREDERICKSBURG","2026-08-26","WEDNESDAY","1000","EDT","4135","V",2024,"LEXUS","ES300","ES 300H","SEDAN","GREEN","FRONT END","SIDE","VA","ST","YES","E",18159,"A","[PREMIUM]",5412.73,"2.5L 4","FRONT WHEEL DRIVE","AUTOMATIC","ELECTRIC AND GAS HYBRID",4,"DEFAULT","Pure Sale","[PREMIUM]",,"FREDERICKSBURG","VA","22408 8751","USA","USD","[PREMIUM]","[PREMIUM]","K030",false,"[PREMIUM]","ULTRA LUXURY",false,false,"[PREMIUM]",,,,,,,,"[PREMIUM]"
"64729026","2026-08-15 04:14:37.534","2026-08-26 05:47:14.939","64729026","2026-08-25 13:00:11.000","[PREMIUM]","194","VA - FREDERICKSBURG","2026-08-26","WEDNESDAY","1000","EDT","4094","V",2011,"HONDA","ACCORD","ACCORD","SEDAN 4DR","BLACK","FRONT END","SIDE","VA","ST","YES","D",157735,"A","[PREMIUM]",7412.53,"2.4L 4","FRONT WHEEL DRIVE","AUTOMATIC","GAS",4,"Run & Drive Verified","Pure Sale","[PREMIUM]",,"FREDERICKSBURG","VA","22408 8751","USA","USD","[PREMIUM]","[PREMIUM]","L040",false,"[PREMIUM]","LXP",false,false,"[PREMIUM]",,,,,,,,"[PREMIUM]"
"64642136","2026-08-15 04:14:37.514","2026-08-26 05:47:14.889","64642136","2026-08-25 13:00:09.000","[PREMIUM]","194","VA - FREDERICKSBURG","2026-08-26","WEDNESDAY","1000","EDT","29","V",2022,"HONDA","CRV","CR-V","SPORT UTILITY VEHICLE","GRAY","REAR END",,"VA","ST","YES","D",109671,"A","[PREMIUM]",14424.9,"1.5L 4","ALL WHEEL DRIVE","AUTOMATIC","GAS",4,"Run & Drive Verified","Pure Sale","[PREMIUM]",,"FREDERICKSBURG","VA","22408 8751","USA","USD","[PREMIUM]","[PREMIUM]","P060",false,"[PREMIUM]","EXL",false,false,"[PREMIUM]",,,,,,,,"[PREMIUM]"
"64581986","2026-08-15 04:14:37.481","2026-08-26 05:47:14.769","64581986","2026-08-25 13:00:10.000","[PREMIUM]","194","VA - FREDERICKSBURG","2026-08-26","WEDNESDAY","1000","EDT","2017","V",2007,"TOYOTA","COROLLA","COROLLA","SEDAN","WHITE","FRONT END",,"VA","ST","YES","D",288058,"A","[PREMIUM]",4049.53,"1.8L 4","FRONT WHEEL DRIVE","AUTOMATIC","GAS",4,"Run & Drive Verified","Pure Sale","[PREMIUM]",,"FREDERICKSBURG","VA","22408 8751","USA","USD","[PREMIUM]","[PREMIUM]","L060",false,"[PREMIUM]","LE",false,false,"[PREMIUM]",,,,,,,,"[PREMIUM]"
"64568696","2026-08-15 04:14:37.480","2026-08-26 05:47:14.721","64568696","2026-08-25 13:00:10.000","[PREMIUM]","194","VA - FREDERICKSBURG","2026-08-26","WEDNESDAY","1000","EDT","2056","V",2020,"HYUNDAI","ELANTRA","ELANTRA","SEDAN","GRAY","REAR END",,"VA","ST","YES","D",79477,"A","[PREMIUM]",10311.7,"2.0L 4","FRONT WHEEL DRIVE","AUTOMATIC","GAS",4,"Run & Drive Verified","Pure Sale","[PREMIUM]",,"FREDERICKSBURG","VA","22408 8751","USA","USD","[PREMIUM]","[PREMIUM]","N030",false,"[PREMIUM]","SEL",false,false,"[PREMIUM]",,,,,,,,"[PREMIUM]"
"64574686","2026-08-15 04:14:37.471","2026-08-26 05:47:14.755","64574686","2026-08-25 13:00:10.000","[PREMIUM]","194","VA - FREDERICKSBURG","2026-08-26","WEDNESDAY","1000","EDT","2039","V",2015,"FORD","FOCUS","FOCUS","HATCHBACK 4DR","RED","FRONT END","SIDE","VA","CT","YES","D",100396,"A","[PREMIUM]",5911.03,"2.0L 4","FRONT WHEEL DRIVE","AUTOMATIC","GAS",4,"Run & Drive Verified","Pure Sale","[PREMIUM]",,"FREDERICKSBURG","VA","22408 8751","USA","USD","[PREMIUM]","[PREMIUM]","O040",false,"[PREMIUM]","SE",false,false,"[PREMIUM]",,,,,,,,"[PREMIUM]"
"64536266","2026-08-15 04:14:37.429","2026-08-26 05:47:14.715","64536266","2026-08-25 13:00:10.000","[PREMIUM]","194","VA - FREDERICKSBURG","2026-08-26","WEDNESDAY","1000","EDT","2118","V",2011,"TOYOTA","TUNDRA","TUNDRA","CREW PICKUP","GREEN","REAR END",,"VA","CT","YES","D",182448,"A","[PREMIUM]",5899.12,"4.6L 8","4X4 W/REAR WHEEL DRV","AUTOMATIC","GAS",8,"Run & Drive Verified","Pure Sale","[PREMIUM]",,"FREDERICKSBURG","VA","22408 8751","USA","USD","[PREMIUM]","[PREMIUM]","Z050",false,"[PREMIUM]","DOUBLE CAB SR5",false,false,"[PREMIUM]",,,,,,,,"[PREMIUM]"
"64512756","2026-08-15 04:14:37.425","2026-08-26 05:47:14.677","64512756","2026-08-25 13:00:10.000","[PREMIUM]","194","VA - FREDERICKSBURG","2026-08-26","WEDNESDAY","1000","EDT","118","V",2012,"TOYOTA","RAV4","RAV4","4DR SPORT UTILITY","GRAY","FRONT END",,"VA","ST","YES","D",111282,"A","[PREMIUM]",11127.2,"3.5L 6","ALL WHEEL DRIVE","AUTOMATIC","GAS",6,"Run & Drive Verified","Pure Sale","[PREMIUM]",,"FREDERICKSBURG","VA","22408 8751","USA","USD","[PREMIUM]","[PREMIUM]","V040",false,"[PREMIUM]","LIMITED",false,false,"[PREMIUM]",,,,,,,,"[PREMIUM]"
"64184826","2026-08-15 04:14:37.271","2026-08-26 05:47:14.418","64184826","2026-08-25 13:00:11.000","[PREMIUM]","194","VA - FREDERICKSBURG","2026-08-26","WEDNESDAY","1000","EDT","5031","V",2020,"TESLA","MODEL 3","MODEL 3","SEDAN","WHITE","FRONT END",,"VA","ST","YES","D",113538,"A","[PREMIUM]",8498.67,,"ALL WHEEL DRIVE","AUTOMATIC","ELECTRIC",,"Run & Drive Verified","Pure Sale","[PREMIUM]",,"FREDERICKSBURG","VA","22408 8751","USA","USD","[PREMIUM]","[PREMIUM]","S060",false,"[PREMIUM]",,false,false,"[PREMIUM]",,,,,,,,"[PREMIUM]"
"64057046","2026-08-15 04:14:37.243","2026-08-26 05:47:14.345","64057046","2026-08-25 13:00:11.000","[PREMIUM]","194","VA - FREDERICKSBURG","2026-08-26","WEDNESDAY","1000","EDT","4055","V",2010,"TOYOTA","SEQUOIA","SEQUOIA","4DR SPORT UTILITY","CHARCOAL","REAR END",,"VA","ST","YES","D",162936,"A","[PREMIUM]",6913.12,"5.7L 8","4X4 W/REAR WHEEL DRV","AUTOMATIC","GAS",8,"Run & Drive Verified","Pure Sale","[PREMIUM]",,"FREDERICKSBURG","VA","22408 8751","USA","USD","[PREMIUM]","[PREMIUM]","X030",false,"[PREMIUM]","LIMITED",false,false,"[PREMIUM]",,,,,,,,"[PREMIUM]"
"64117006","2026-08-15 04:14:37.221","2026-08-26 05:47:14.376","64117006","2026-08-25 13:00:10.000","[PREMIUM]","194","VA - FREDERICKSBURG","2026-08-26","WEDNESDAY","1000","EDT","47","V",2009,"HONDA","CRV","CR-V","4DR SPORT UTILITY","WHITE","REAR END",,"VA","ST","YES","D",199317,"A","[PREMIUM]",5171,"2.4L 4","FRONT WHEEL DRIVE","AUTOMATIC","GAS",4,"Run & Drive Verified","Pure Sale","[PREMIUM]",,"FREDERICKSBURG","VA","22408 8751","USA","USD","[PREMIUM]","[PREMIUM]","P100",false,"[PREMIUM]","EX",false,false,"[PREMIUM]",,,,,,,,"[PREMIUM]"
"64083736","2026-08-15 04:14:37.204","2026-08-26 05:47:14.340","64083736","2026-08-25 13:00:09.000","[PREMIUM]","194","VA - FREDERICKSBURG","2026-08-26","WEDNESDAY","1000","EDT","23","V",2019,"CHEVROLET","TRAVERSE","TRAVERSE","SPORT UTILITY VEHICLE","WHITE","FRONT END",,"VA","ST","YES","D",91834,"A","[PREMIUM]",21269.99,"3.6L 6","FRONT WHEEL DRIVE","AUTOMATIC","GAS",6,"Run & Drive Verified","Pure Sale","[PREMIUM]",,"FREDERICKSBURG","VA","22408 8751","USA","USD","[PREMIUM]","[PREMIUM]","M030",false,"[PREMIUM]","PREMIER",false,false,"[PREMIUM]",,,,,,,,"[PREMIUM]"
"64051826","2026-08-15 04:14:37.203","2026-08-26 05:47:14.339","64051826","2026-08-25 13:00:10.000","[PREMIUM]","194","VA - FREDERICKSBURG","2026-08-26","WEDNESDAY","1000","EDT","3039","V",2017,"NISSAN","ALTIMA","ALTIMA","SEDAN","BLACK","FRONT END","SIDE","VA","CT","YES","S",119742,"A","[PREMIUM]",10475.24,"2.5L 4","FRONT WHEEL DRIVE","AUTOMATIC","GAS",4,"Vehicle Starts","Pure Sale","[PREMIUM]",,"FREDERICKSBURG","VA","22408 8751","USA","USD","[PREMIUM]","[PREMIUM]","W030",false,"[PREMIUM]","2.5 S",false,false,"[PREMIUM]",,,,,,,,"[PREMIUM]"
"63919776","2026-08-15 04:14:37.092","2026-08-26 05:47:14.206","63919776","2026-08-25 16:12:54.000","[PREMIUM]","194","VA - FREDERICKSBURG","2026-08-26","WEDNESDAY","1000","EDT","5073","V",2004,"HONDA","CIVIC","CIVIC","SEDAN 4DR","GOLD","REAR END","SIDE","VA","ST","YES","D",163700,"E","[PREMIUM]",4195.95,"1.7L 4","FRONT WHEEL DRIVE","AUTOMATIC","GAS",4,"Run & Drive Verified","Pure Sale","[PREMIUM]","BRANDED NOT ACTUAL          ","FREDERICKSBURG","VA","22408 8751","USA","USD","[PREMIUM]","[PREMIUM]","S070",false,"[PREMIUM]","EX",false,false,"[PREMIUM]",,,,,,,,"[PREMIUM]"
"63871356","2026-08-15 04:14:37.083","2026-08-26 05:47:14.104","63871356","2026-08-25 13:00:11.000","[PREMIUM]","194","VA - FREDERICKSBURG","2026-08-26","WEDNESDAY","1000","EDT","4119","V",2013,"TOYOTA","SIENNA","SIENNA","MINI-VAN","GRAY","SIDE","REAR END","VA","ST","YES","D",174927,"A","[PREMIUM]",7809.51,"3.5L 6","ALL WHEEL DRIVE","AUTOMATIC","GAS",6,"Run & Drive Verified","On Minimum Bid","[PREMIUM]",,"FREDERICKSBURG","VA","22408 8751","USA","USD","[PREMIUM]","[PREMIUM]","W080",false,"[PREMIUM]","XLE 7-PASSENGER",false,false,"[PREMIUM]",,,,,,,,"[PREMIUM]"
"63860186","2026-08-15 04:14:37.048","2026-08-26 05:47:14.067","63860186","2026-08-25 13:00:11.000","[PREMIUM]","194","VA - FREDERICKSBURG","2026-08-26","WEDNESDAY","1000","EDT","5092","V",2018,"NISSAN","ROGUE","ROGUE","WAGON","GREEN","FRONT END","SIDE","VA","ST","YES","D",101090,"A","[PREMIUM]",4972.2,"2.5L 4","ALL WHEEL DRIVE","AUTOMATIC","GAS",4,"Run & Drive Verified","Pure Sale","[PREMIUM]",,"FREDERICKSBURG","VA","22408 8751","USA","USD","[PREMIUM]","[PREMIUM]","X050",false,"[PREMIUM]","SV",false,false,"[PREMIUM]",,,,,,,,"[PREMIUM]"
"63867266","2026-08-15 04:14:37.039","2026-08-26 05:47:14.103","63867266","2026-08-25 13:00:11.000","[PREMIUM]","194","VA - FREDERICKSBURG","2026-08-26","WEDNESDAY","1000","EDT","5077","V",2016,"MAZDA","CX-5","CX-5","4DR SPORT UTILITY","RED","ALL OVER",,"VA","ST","YES","E",104959,"A","[PREMIUM]",21012.39,"2.5L 4","ALL WHEEL DRIVE","AUTOMATIC","GAS",4,"DEFAULT","Pure Sale","[PREMIUM]",,"FREDERICKSBURG","VA","22408 8751","USA","USD","[PREMIUM]","[PREMIUM]","X060",false,"[PREMIUM]","GT",false,false,"[PREMIUM]",,,,,,,,"[PREMIUM]"
"63669766","2026-08-15 04:14:36.870","2026-08-26 05:47:13.841","63669766","2026-08-25 13:00:10.000","[PREMIUM]","194","VA - FREDERICKSBURG","2026-08-26","WEDNESDAY","1000","EDT","2087","V",2025,"FORD","RANGER","RANGER","PICKUP","GREEN","FRONT END","REAR END","VA","ST","YES","D",25577,"A","[PREMIUM]",53753.02,"3.0L 6","4X4 W/REAR WHEEL DRV","AUTOMATIC","GAS",6,"Run & Drive Verified","Pure Sale","[PREMIUM]",,"FREDERICKSBURG","VA","22408 8751","USA","USD","[PREMIUM]","[PREMIUM]","R070",false,"[PREMIUM]","RAPTOR",false,false,"[PREMIUM]",,,,,,,,"[PREMIUM]"
"63621556","2026-08-15 04:14:36.863","2026-08-26 05:47:13.818","63621556","2026-08-25 13:00:11.000","[PREMIUM]","194","VA - FREDERICKSBURG","2026-08-26","WEDNESDAY","1000","EDT","5045","V",2012,"HONDA","CIVIC","CIVIC","SEDAN 4DR","BLUE","REAR END","FRONT END","VA","ST","YES","D",200172,"A","[PREMIUM]",0,"1.8L 4","FRONT WHEEL DRIVE","AUTOMATIC","GAS",4,"Run & Drive Verified","Pure Sale","[PREMIUM]",,"FREDERICKSBURG","VA","22408 8751","USA","USD","[PREMIUM]","[PREMIUM]","T060",false,"[PREMIUM]","LX",false,false,"[PREMIUM]",,,,,,,,"[PREMIUM]"
"63622856","2026-08-15 04:14:36.824","2026-08-26 05:47:13.822","63622856","2026-08-25 13:58:10.000","[PREMIUM]","194","VA - FREDERICKSBURG","2026-08-26","WEDNESDAY","1000","EDT","2010","V",2018,"TOYOTA","COROLLA","COROLLA",,"BLACK","REAR END","FRONT END","VA","ST","YES","D",135052,"A","[PREMIUM]",8969,,,"AUTOMATIC",,,"Run & Drive Verified","Pure Sale","[PREMIUM]",,"FREDERICKSBURG","VA","22408 8751","USA","USD","[PREMIUM]","[PREMIUM]","T050",false,"[PREMIUM]","LE",false,false,"[PREMIUM]",,,,,,,,"[PREMIUM]"
"63294156","2026-08-15 04:14:36.777","2026-08-26 05:47:13.604","63294156","2026-08-25 13:00:10.000","[PREMIUM]","194","VA - FREDERICKSBURG","2026-08-26","WEDNESDAY","1000","EDT","2003","V",2017,"TOYOTA","TACOMA","TACOMA","PICKUP","WHITE","REAR END",,"VA","ST","YES","D",129598,"A","[PREMIUM]",17311,"2.7L 4","FOUR BY FOUR","MANUAL","GAS",4,"Run & Drive Verified","Pure Sale","[PREMIUM]",,"FREDERICKSBURG","VA","22408 8751","USA","USD","[PREMIUM]","[PREMIUM]","Y030",false,"[PREMIUM]","SR",false,false,"[PREMIUM]",,,,,,,,"[PREMIUM]"
"63137556","2026-08-15 04:14:36.766","2026-08-26 05:47:13.475","63137556","2026-08-25 13:00:10.000","[PREMIUM]","194","VA - FREDERICKSBURG","2026-08-26","WEDNESDAY","1000","EDT","2122","V",2012,"TOYOTA","HIGHLANDER","HIGHLANDER","4DR SPORT UTILITY","SILVER","REAR END","FRONT END","VA","ST","YES","D",80333,"A","[PREMIUM]",0,"3.5L 6","ALL WHEEL DRIVE","AUTOMATIC","GAS",6,"Run & Drive Verified","Pure Sale","[PREMIUM]",,"FREDERICKSBURG","VA","22408 8751","USA","USD","[PREMIUM]","[PREMIUM]","N120",false,"[PREMIUM]","LIMITED",false,false,"[PREMIUM]",,,,,,,,"[PREMIUM]"
"62865506","2026-08-15 04:14:36.291","2026-08-26 05:47:13.354","62865506","2026-08-25 13:00:11.000","[PREMIUM]","194","VA - FREDERICKSBURG","2026-08-26","WEDNESDAY","1000","EDT","5020","V",2020,"TOYOTA","RAV4","RAV4","SUV","BLUE","REAR END","FRONT END","VA","ST","YES","D",124045,"A","[PREMIUM]",18006.42,"2.5L 4","ALL WHEEL DRIVE","AUTOMATIC","GAS",4,"Run & Drive Verified","On Minimum Bid","[PREMIUM]",,"FREDERICKSBURG","VA","22408 8751","USA","USD","[PREMIUM]","[PREMIUM]","O070",false,"[PREMIUM]","XLE",false,false,"[PREMIUM]",,,,,,,,"[PREMIUM]"
"62848006","2026-08-15 04:14:36.249","2026-08-26 05:47:13.271","62848006","2026-08-25 13:00:10.000","[PREMIUM]","194","VA - FREDERICKSBURG","2026-08-26","WEDNESDAY","1000","EDT","2113","V",2015,"TOYOTA","SIENNA","SIENNA","MINI-VAN","GRAY","REAR END",,"VA","ST","YES","D",265465,"A","[PREMIUM]",0,"3.5L 6","FRONT WHEEL DRIVE","AUTOMATIC","GAS",6,"Run & Drive Verified","Pure Sale","[PREMIUM]",,"FREDERICKSBURG","VA","22408 8751","USA","USD","[PREMIUM]","[PREMIUM]","W070",false,"[PREMIUM]","XLE 8-PASSENGER",false,false,"[PREMIUM]",,,,,,,,"[PREMIUM]"
"62400106","2026-08-15 04:14:36.035","2026-08-26 05:47:13.063","62400106","2026-08-25 13:00:11.000","[PREMIUM]","194","VA - FREDERICKSBURG","2026-08-26","WEDNESDAY","1000","EDT","3086","V",2014,"GMC","SIERRA","SIERRA","PICKUP","WHITE","REAR END","SIDE","VA","ST","YES","E",170496,"A","[PREMIUM]",7014.08,"5.3L 8","REAR WHEEL DRIVE","AUTOMATIC","GAS",8,"DEFAULT","Pure Sale","[PREMIUM]",,"FREDERICKSBURG","VA","22408 8751","USA","USD","[PREMIUM]","[PREMIUM]","U040",false,"[PREMIUM]","C1500",false,false,"[PREMIUM]",,,,,,,,"[PREMIUM]"
"62216036","2026-08-15 04:14:35.963","2026-08-26 05:47:12.820","62216036","2026-08-25 13:00:11.000","[PREMIUM]","194","VA - FREDERICKSBURG","2026-08-26","WEDNESDAY","1000","EDT","4012","V",2019,"AUDI","A3","A3","SEDAN","SILVER","REAR END",,"VA","ST","YES","D",47314,"A","[PREMIUM]",15890,"2.0L 4","ALL WHEEL DRIVE","AUTOMATIC","GAS",4,"Run & Drive Verified","Pure Sale","[PREMIUM]",,"FREDERICKSBURG","VA","22408 8751","USA","USD","[PREMIUM]","[PREMIUM]","W040",false,"[PREMIUM]","PREMIUM PLUS",false,false,"[PREMIUM]",,,,,,,,"[PREMIUM]"
"61936936","2026-08-15 04:14:35.794","2026-08-26 05:47:12.631","61936936","2026-08-25 13:00:11.000","[PREMIUM]","194","VA - FREDERICKSBURG","2026-08-26","WEDNESDAY","1000","EDT","3057","V",2021,"HYUNDAI","SONATA","SONATA","SEDAN","CHARCOAL","REAR END","FRONT END","VA","ST","YES","E",120140,"A","[PREMIUM]",11382.8,"1.6L 4","FRONT WHEEL DRIVE","AUTOMATIC","GAS",4,"DEFAULT","Pure Sale","[PREMIUM]",,"FREDERICKSBURG","VA","22408 8751","USA","USD","[PREMIUM]","[PREMIUM]","R050",false,"[PREMIUM]","LIMITED",false,false,"[PREMIUM]",,,,,,,,"[PREMIUM]"
"61716116","2026-08-15 04:14:35.652","2026-08-26 05:47:12.490","61716116","2026-08-25 13:00:11.000","[PREMIUM]","194","VA - FREDERICKSBURG","2026-08-26","WEDNESDAY","1000","EDT","5033","V",2014,"BUICK","REGAL","REGAL","SEDAN 4DR","RED","FRONT END",,"VA","ST","YES","S",69111,"A","[PREMIUM]",9265.37,"2.0L 4","FRONT WHEEL DRIVE","AUTOMATIC","GAS",4,"Vehicle Starts","Pure Sale","[PREMIUM]",,"FREDERICKSBURG","VA","22408 8751","USA","USD","[PREMIUM]","[PREMIUM]","I030",false,"[PREMIUM]","PREMIUM",false,false,"[PREMIUM]",,,,,,,,"[PREMIUM]"
"61591316","2026-08-15 04:14:35.606","2026-08-26 05:47:12.401","61591316","2026-08-25 13:00:12.000","[PREMIUM]","194","VA - FREDERICKSBURG","2026-08-26","WEDNESDAY","1000","EDT","5131","V",2024,"HYUNDAI","ELANTRA","ELANTRA","SEDAN","WHITE","FRONT END","SIDE","VA","ST","YES","S",13148,"A","[PREMIUM]",14777.47,"2.0L 4","FRONT WHEEL DRIVE","AUTOMATIC","GAS",4,"Vehicle Starts","Pure Sale","[PREMIUM]",,"FREDERICKSBURG","VA","22408 8751","USA","USD","[PREMIUM]","[PREMIUM]","P070",false,"[PREMIUM]","SEL",false,false,"[PREMIUM]",,,,,,,,"[PREMIUM]"
"61596516","2026-08-15 04:14:35.602","2026-08-26 05:47:12.406","61596516","2026-08-25 13:00:10.000","[PREMIUM]","194","VA - FREDERICKSBURG","2026-08-26","WEDNESDAY","1000","EDT","2115","V",2012,"NISSAN","ALTIMA","ALTIMA","SEDAN","RED","FRONT END","SIDE","VA","ST","YES","D",187961,"A","[PREMIUM]",8493.51,"2.5L 4","FRONT WHEEL DRIVE","AUTOMATIC","GAS",4,"Run & Drive Verified","Pure Sale","[PREMIUM]",,"FREDERICKSBURG","VA","22408 8751","USA","USD","[PREMIUM]","[PREMIUM]","T030",false,"[PREMIUM]","2.5",false,false,"[PREMIUM]",,,,,,,,"[PREMIUM]"
"61414506","2026-08-15 04:14:35.539","2026-08-26 05:47:12.315","61414506","2026-08-25 13:00:11.000","[PREMIUM]","194","VA - FREDERICKSBURG","2026-08-26","WEDNESDAY","1000","EDT","4110","V",2018,"FORD","F150","F150","PICKUP","BLUE","FRONT END","SIDE","VA","ST","YES","D",99556,"A","[PREMIUM]",14836.36,"2.7L 6","4X4 W/REAR WHEEL DRV","AUTOMATIC","GAS",6,"Run & Drive Verified","On Minimum Bid","[PREMIUM]",,"FREDERICKSBURG","VA","22408 8751","USA","USD","[PREMIUM]","[PREMIUM]","Y030",false,"[PREMIUM]","SUPERCREW",false,false,"[PREMIUM]",,,,,,,,"[PREMIUM]"
"61348396","2026-08-15 04:14:35.536","2026-08-26 05:47:12.246","61348396","2026-08-25 13:00:10.000","[PREMIUM]","194","VA - FREDERICKSBURG","2026-08-26","WEDNESDAY","1000","EDT","123","V",2024,"HONDA","HR-V","HR-V","SPORT UTILITY VEHICLE","SILVER","REAR END",,"VA","ST","YES","D",28305,"A","[PREMIUM]",17849.53,"2.0L 4","ALL WHEEL DRIVE","AUTOMATIC","GAS",4,"Run & Drive Verified","Pure Sale","[PREMIUM]",,"FREDERICKSBURG","VA","22408 8751","USA","USD","[PREMIUM]","[PREMIUM]","Q050",false,"[PREMIUM]","LX",false,false,"[PREMIUM]",,,,,,,,"[PREMIUM]"
"61202876","2026-08-15 04:14:35.479","2026-08-26 05:47:12.157","61202876","2026-08-25 13:00:10.000","[PREMIUM]","194","VA - FREDERICKSBURG","2026-08-26","WEDNESDAY","1000","EDT","3008","V",2024,"TESLA","MODEL Y","MODEL Y","SPORT UTILITY VEHICLE","MAROON","ALL OVER",,"VA","ST","EXM","E",0,"N","[PREMIUM]",42354.12,,"REAR WHEEL DRIVE","AUTOMATIC","ELECTRIC",,"DEFAULT","Pure Sale","[PREMIUM]",,"FREDERICKSBURG","VA","22408 8751","USA","USD","[PREMIUM]","[PREMIUM]","K060",false,"[PREMIUM]",,false,false,"[PREMIUM]",,,,,,,,"[PREMIUM]"
"60849436","2026-08-15 04:14:35.285","2026-08-26 05:47:11.752","60849436","2026-08-25 13:40:10.000","[PREMIUM]","194","VA - FREDERICKSBURG","2026-08-26","WEDNESDAY","1000","EDT","4057","V",2015,"MAZDA","CX-9","CX-9","4DR SPORT UTILITY","WHITE","ALL OVER",,"VA","ST","NO","E",0,"N","[PREMIUM]",6527,"3.7L 6","ALL WHEEL DRIVE","AUTOMATIC","GAS",6,"DEFAULT","Pure Sale","[PREMIUM]",,"FREDERICKSBURG","VA","22408 8751","USA","USD","[PREMIUM]","[PREMIUM]","V050",false,"[PREMIUM]","TOURING",false,false,"[PREMIUM]",,,,,,,,"[PREMIUM]"
"60530616","2026-08-15 04:14:35.161","2026-08-26 05:47:11.485","60530616","2026-08-25 13:00:12.000","[PREMIUM]","194","VA - FREDERICKSBURG","2026-08-26","WEDNESDAY","1000","EDT","5119","V",2026,"LINCOLN","CORSAIR","CORSAIR","SPORT UTILITY VEHICLE","WHITE","FRONT END",,"VA","ST","YES","S",6506,"A","[PREMIUM]",33900.69,"2.0L 4","FRONT WHEEL DRIVE","AUTOMATIC","GAS",4,"Vehicle Starts","Pure Sale","[PREMIUM]",,"FREDERICKSBURG","VA","22408 8751","USA","USD","[PREMIUM]","[PREMIUM]","P110",false,"[PREMIUM]","PREMIERE",false,false,"[PREMIUM]",,,,,,,,"[PREMIUM]"
"60382466","2026-08-15 04:14:35.038","2026-08-26 05:47:11.276","60382466","2026-08-25 13:00:11.000","[PREMIUM]","194","VA - FREDERICKSBURG","2026-08-26","WEDNESDAY","1000","EDT","3106","V",2025,"HONDA","CRV","CR-V","SPORT UTILITY VEHICLE","CHARCOAL","FRONT END","SIDE","VA","ST","EXM",,0,"N","[PREMIUM]",39872.29,"2.0L 4","ALL WHEEL DRIVE","AUTOMATIC","ELECTRIC AND GAS HYBRID",4,,"Pure Sale","[PREMIUM]",,"FREDERICKSBURG","VA","22408 8751","USA","USD","[PREMIUM]","[PREMIUM]","HVY10",false,"[PREMIUM]","SPORT TOURING",false,false,"[PREMIUM]",,,,,,,,"[PREMIUM]"
"60092776","2026-08-15 04:14:34.945","2026-08-26 05:47:11.212","60092776","2026-08-25 13:00:10.000","[PREMIUM]","194","VA - FREDERICKSBURG","2026-08-26","WEDNESDAY","1000","EDT","3013","V",2021,"AUDI","A5","A5","COUPE","BLACK","SIDE","FRONT END","VA","ST","YES",,51104,"A","[PREMIUM]",27001.04,"2.0L 4","ALL WHEEL DRIVE",,"GAS",4,,"On Minimum Bid","[PREMIUM]",,"FREDERICKSBURG","VA","22408 8751","USA","USD","[PREMIUM]","[PREMIUM]","P040",false,"[PREMIUM]","PREMIUM PLUS 45",false,false,"[PREMIUM]",,,,,,,,"[PREMIUM]"
"59649796","2026-08-15 04:14:34.648","2026-08-26 05:47:11.084","59649796","2026-08-25 13:00:11.000","[PREMIUM]","194","VA - FREDERICKSBURG","2026-08-26","WEDNESDAY","1000","EDT","5043","V",2015,"SUBARU","FORESTER 2","FORESTER",,"GREEN","SIDE","FRONT END","VA","ST","YES","D",141006,"A","[PREMIUM]",10256.1,,,"AUTOMATIC",,,"Run & Drive Verified","Pure Sale","[PREMIUM]",,"FREDERICKSBURG","VA","22408 8751","USA","USD","[PREMIUM]","[PREMIUM]","U080",false,"[PREMIUM]","2.5I TOURING",false,false,"[PREMIUM]",,,,,,,,"[PREMIUM]"
"59471325","2026-08-15 04:14:34.596","2026-08-26 05:47:11.013","59471325","2026-08-25 13:00:11.000","[PREMIUM]","194","VA - FREDERICKSBURG","2026-08-26","WEDNESDAY","1000","EDT","5011","V",2019,"VOLKSWAGEN","JETTA","JETTA",,"BLACK","FRONT END","MINOR DENT/SCRATCHES","ID","SC","YES","D",195991,"A","[PREMIUM]",3726,"1.4L  4","Front-wheel Drive","AUTOMATIC","GAS",4,"Run & Drive Verified","Pure Sale","[PREMIUM]",,"FREDERICKSBURG","VA","22408 8751","USA","USD","[PREMIUM]","[PREMIUM]","J030",false,"[PREMIUM]","S",false,false,"[PREMIUM]",,,,,,,,"[PREMIUM]"
"59101416","2026-08-15 04:14:34.499","2026-08-26 05:47:10.919","59101416","2026-08-25 13:00:10.000","[PREMIUM]","194","VA - FREDERICKSBURG","2026-08-26","WEDNESDAY","1000","EDT","3022","V",2018,"HYUNDAI","KONA SE","KONA",,"GRAY","FRONT END",,"VA","ST","YES","S",123640,"A","[PREMIUM]",10830.57,,,,,,"Vehicle Starts","Pure Sale","[PREMIUM]",,"FREDERICKSBURG","VA","22408 8751","USA","USD","[PREMIUM]","[PREMIUM]","N040",false,"[PREMIUM]","SE",false,false,"[PREMIUM]",,,,,,,,"[PREMIUM]"
"57377186","2026-08-15 04:14:34.095","2026-08-26 05:47:10.523","57377186","2026-08-25 13:00:09.000","[PREMIUM]","194","VA - FREDERICKSBURG","2026-08-26","WEDNESDAY","1000","EDT","36","V",2017,"BMW","4 SERIES","440I","COUPE","WHITE","FRONT END","UNDERCARRIAGE","VA","ST","YES","D",104541,"A","[PREMIUM]",15459.57,"3.0L 6","REAR WHEEL DRIVE","AUTOMATIC","GAS",6,"Run & Drive Verified","Pure Sale","[PREMIUM]",,"FREDERICKSBURG","VA","22408 8751","USA","USD","[PREMIUM]","[PREMIUM]","O070",false,"[PREMIUM]",,false,false,"[PREMIUM]",,,,,,,,"[PREMIUM]"
"56080656","2026-08-15 04:14:34.011","2026-08-26 05:47:09.851","56080656","2026-08-25 13:00:10.000","[PREMIUM]","194","VA - FREDERICKSBURG","2026-08-26","WEDNESDAY","1000","EDT","2016","V",2017,"BMW","X3","X3","SPORT UTILITY VEHICLE","WHITE","REAR END",,"VA","CT","YES","D",134891,"A","[PREMIUM]",20435.3,"2.0L 4","ALL WHEEL DRIVE","AUTOMATIC","GAS",4,"Run & Drive Verified","Pure Sale","[PREMIUM]",,"FREDERICKSBURG","VA","22408 8751","USA","USD","[PREMIUM]","[PREMIUM]","R090",false,"[PREMIUM]","XDRIVE28I",false,false,"[PREMIUM]",,,,,,,,"[PREMIUM]"
"55994036","2026-08-15 04:14:33.897","2026-08-26 05:47:09.847","55994036","2026-08-25 13:00:11.000","[PREMIUM]","194","VA - FREDERICKSBURG","2026-08-26","WEDNESDAY","1000","EDT","4114","V",2012,"CHEVROLET","SILVERADO","SILVERADO","CREW PICKUP","GRAY","FRONT END","BURN","VA","ST","EXM","E",0,"N","[PREMIUM]",15697.27,"6.0L 8","4X4 W/REAR WHEEL DRV","AUTOMATIC","FLEXIBLE",8,"DEFAULT","Pure Sale","[PREMIUM]",,"FREDERICKSBURG","VA","22408 8751","USA","USD","[PREMIUM]","[PREMIUM]","HVY30",false,"[PREMIUM]","K2500 HEAVY DUTY LTZ",false,false,"[PREMIUM]",,,,,,,,"[PREMIUM]"
"55956496","2026-08-15 04:14:33.879","2026-08-26 05:47:09.853","55956496","2026-08-25 13:00:10.000","[PREMIUM]","194","VA - FREDERICKSBURG","2026-08-26","WEDNESDAY","1000","EDT","44","V",2015,"TOYOTA","HIGHLANDER","HIGHLANDER","4DR SPORT UTILITY","WHITE","FRONT END",,"VA","ST","YES","D",134161,"A","[PREMIUM]",14140,"3.5L 6","ALL WHEEL DRIVE","AUTOMATIC","GAS",6,"Run & Drive Verified","Pure Sale","[PREMIUM]",,"FREDERICKSBURG","VA","22408 8751","USA","USD","[PREMIUM]","[PREMIUM]","N100",false,"[PREMIUM]","XLE",false,false,"[PREMIUM]",,,,,,,,"[PREMIUM]"
"50554606","2026-08-15 04:14:33.529","2026-08-29 11:45:47.591","50554606","2026-08-19 13:09:52.000","[PREMIUM]","194","VA - FREDERICKSBURG",,,,"EDT","0","V",2012,"SUBARU","LEGACY","LEGACY","SEDAN 4DR","WHITE","REAR END","MINOR DENT/SCRATCHES","VA","ST","YES","D",150767,"A","[PREMIUM]",6591.16,"2.5L 4","ALL WHEEL DRIVE","AUTOMATIC","GAS",4,"Run & Drive Verified","Pure Sale","[PREMIUM]",,"FREDERICKSBURG","VA","22408 8751","USA","USD","[PREMIUM]","[PREMIUM]","S030",false,"[PREMIUM]","2.5I PREMIUM",false,false,"[PREMIUM]",,,,,,,,"[PREMIUM]"
"49950096","2026-08-15 04:14:33.472","2026-08-26 05:47:09.207","49950096","2026-08-25 13:00:11.000","[PREMIUM]","194","VA - FREDERICKSBURG","2026-08-26","WEDNESDAY","1000","EDT","5056","V",2008,"TOYOTA","CAMRY","CAMRY","SEDAN 4DR","BLACK","REAR END",,"VA","ST","YES","D",200648,"A","[PREMIUM]",2916.66,"2.4L 4","FRONT WHEEL DRIVE","AUTOMATIC","ELECTRIC AND GAS HYBRID",4,"Run & Drive Verified","Pure Sale","[PREMIUM]",,"FREDERICKSBURG","VA","22408 8751","USA","USD","[PREMIUM]","[PREMIUM]","M030",false,"[PREMIUM]","HYBRID",false,false,"[PREMIUM]",,,,,,,,"[PREMIUM]"
"97685655","2026-08-15 04:14:33.365","2026-08-29 11:45:47.430","97685655","2026-08-27 14:44:30.000","[PREMIUM]","193","CO - DENVER SOUTH","2026-08-31","MONDAY","1200","MDT","0","V",2023,"BUICK","ENCLAVE","ENCLAVE","SPORT UTILITY VEHICLE","BLACK","SIDE","REAR END","CO","ST","YES","D",50169,"A","[PREMIUM]",33311,"3.6L 6","ALL WHEEL DRIVE","AUTOMATIC","GAS",6,"Run & Drive Verified","On Minimum Bid","[PREMIUM]",,"LITTLETON","CO","80125 9741","USA","USD","[PREMIUM]","[PREMIUM]","H060",false,"[PREMIUM]","AVENIR",false,false,"[PREMIUM]",,,,,,,,"[PREMIUM]"
"87008565","2026-08-15 04:14:33.238","2026-08-23 23:45:59.549","87008565","2026-08-18 16:52:39.000","[PREMIUM]","193","CO - DENVER SOUTH","2026-08-24","MONDAY","1200","MDT","0","V",2007,"CHEVROLET","ALL Models","SILVERADO","CREW PICKUP","TAN","SIDE","MISSING/ALTERED VIN","NM","NR","YES","D",191171,"E","[PREMIUM]",18535,"6.6L 8","4X4 W/REAR WHEEL DRV","AUTOMATIC","DIESEL",8,"Run & Drive Verified","Pure Sale","[PREMIUM]",,"LITTLETON","CO","80125 9741","USA","USD","[PREMIUM]","[PREMIUM]","FF070",false,"[PREMIUM]","K2500 HEAVY DUTY",false,false,"[PREMIUM]",,,,,,,,"[PREMIUM]"
"73407545","2026-08-15 04:14:33.149","2026-08-28 23:46:03.217","73407545","2026-08-25 14:59:13.000","[PREMIUM]","193","CO - DENVER SOUTH","2026-08-31","MONDAY","1200","MDT","0","V",2019,"HONDA","HR-V","HR-V","SPORT UTILITY VEHICLE","BLUE","SIDE","FRONT END","CO","PS","YES","D",46766,"A","[PREMIUM]",15581,"1.8L 4","FRONT WHEEL DRIVE","AUTOMATIC","GAS",4,"Run & Drive Verified","On Minimum Bid","[PREMIUM]",,"LITTLETON","CO","80125 9741","USA","USD","[PREMIUM]","[PREMIUM]","H010",false,"[PREMIUM]","SPORT",false,false,"[PREMIUM]",,,,,,,,"[PREMIUM]"
"65174826","2026-08-15 04:14:33.119","2026-08-19 15:01:38.970","65174826","2026-08-19 12:00:04.000","[PREMIUM]","193","CO - DENVER SOUTH","2026-08-19","WEDNESDAY","1200","MDT","107","V",2023,"TOYOTA","HIGHLANDER","HIGHLANDER HYBRID","SUV","WHITE","SIDE","HAIL","CO","PS","YES","D",98961,"A","[PREMIUM]",11695,"2.5L 4","ALL WHEEL DRIVE","AUTOMATIC","ELECTRIC AND GAS HYBRID",4,"Run & Drive Verified","Pure Sale","[PREMIUM]",,"LITTLETON","CO","80125 9741","USA","USD","[PREMIUM]","[PREMIUM]","A020",false,"[PREMIUM]","XLE",false,false,"[PREMIUM]",,,,,,,,"[PREMIUM]"
"69460815","2026-08-15 04:14:33.117","2026-08-25 15:36:13.119","69460815","2026-08-25 13:34:56.000","[PREMIUM]","193","CO - DENVER SOUTH","2026-08-31","MONDAY","1200","MDT","0","V",2023,"FORD","RANGER","RANGER","PICKUP","ORANGE","FRONT END","SIDE","CO","NR","YES","E",0,"N","[PREMIUM]",32019,"2.3L 4","4X4 W/REAR WHEEL DRV","AUTOMATIC","GAS",4,"DEFAULT","On Minimum Bid","[PREMIUM]",,"LITTLETON","CO","80125 9741","USA","USD","[PREMIUM]","[PREMIUM]","FF090",false,"[PREMIUM]","XL",false,false,"[PREMIUM]",,,,,,,,"[PREMIUM]"
"64998266","2026-08-15 04:14:33.113","2026-08-23 23:45:58.812","64998266","2026-08-19 19:49:22.000","[PREMIUM]","193","CO - DENVER SOUTH","2026-08-24","MONDAY","1200","MDT","0","V",2012,"JEEP","GRAND CHER","GRAND CHEROKEE","4DR SPORT UTILITY","WHITE","HAIL",,"CO","CT","YES","D",106246,"A","[PREMIUM]",0,"5.7L 8","4X4 W/REAR WHEEL DRV","AUTOMATIC","GAS",8,"Run & Drive Verified","On Minimum Bid","[PREMIUM]",,"LITTLETON","CO","80125 9741","USA","USD","[PREMIUM]","[PREMIUM]","A020",false,"[PREMIUM]","OVERLAND",false,false,"[PREMIUM]",,,,,,,,"[PREMIUM]"
"64953476","2026-08-15 04:14:33.112","2026-08-29 11:45:45.833","64953476","2026-08-14 23:26:21.000","[PREMIUM]","193","CO - DENVER SOUTH",,,,"MDT","0","V",2016,"AUDI","A7","A7","HATCHBACK 4DR","BLACK","FRONT END",,"CO","ST","YES","D",109438,"A","[PREMIUM]",16805,"3.0L 6","ALL WHEEL DRIVE","AUTOMATIC","GAS",6,"Run & Drive Verified","Pure Sale","[PREMIUM]",,"LITTLETON","CO","80125 9741","USA","USD","[PREMIUM]","[PREMIUM]","A030",false,"[PREMIUM]","PREMIUM PLUS",false,false,"[PREMIUM]",,,,,,,,"[PREMIUM]"
"65326166","2026-08-15 04:14:33.092","2026-08-26 06:06:28.831","65326166","2026-08-21 18:51:39.000","[PREMIUM]","193","CO - DENVER SOUTH","2026-08-26","WEDNESDAY","1200","MDT","0","V",2017,"JEEP","WRANGLER","WRANGLER UNLIMITED","4DR SPORT UTILITY","GRAY","FRONT END","REAR END","CO","ST","YES","D",99333,"A","[PREMIUM]",20626.37,"3.6L 6","4X4 W/REAR WHEEL DRV","MANUAL","FLEXIBLE",6,"Run & Drive Verified","On Minimum Bid","[PREMIUM]",,"LITTLETON","CO","80125 9741","USA","USD","[PREMIUM]","[PREMIUM]","C010",false,"[PREMIUM]","SPORT",false,false,"[PREMIUM]",,,,,,,,"[PREMIUM]"
"64796586","2026-08-15 04:14:33.085","2026-08-26 05:47:07.548","64796586","2026-08-21 13:28:28.000","[PREMIUM]","193","CO - DENVER SOUTH","2026-08-26","WEDNESDAY","1200","MDT","0","V",2007,"MITSUBISHI","OUTLANDER","OUTLANDER","4DR SPORT UTILITY","BLUE","MECHANICAL",,"CO","PS","YES","E",149698,"A","[PREMIUM]",9176.05,"3.0L 6","ALL WHEEL DRIVE","AUTOMATIC","GAS",6,"DEFAULT","Pure Sale","[PREMIUM]",,"LITTLETON","CO","80125 9741","USA","USD","[PREMIUM]","[PREMIUM]","G010",false,"[PREMIUM]","XLS",false,false,"[PREMIUM]",,,,,,,,"[PREMIUM]"
"64772696","2026-08-15 04:14:33.076","2026-08-29 11:45:45.781","64772696","2026-08-14 23:26:25.000","[PREMIUM]","193","CO - DENVER SOUTH",,,,"MDT","0","V",2008,"BUICK","LUCERNE","LUCERNE","SEDAN 4DR","TAN","REAR END",,"CO","PS","YES","D",72623,"A","[PREMIUM]",7959.23,"3.8L 6","FRONT WHEEL DRIVE","AUTOMATIC","GAS",6,"Run & Drive Verified","Pure Sale","[PREMIUM]",,"LITTLETON","CO","80125 9741","USA","USD","[PREMIUM]","[PREMIUM]","J010",false,"[PREMIUM]","CXL",false,false,"[PREMIUM]",,,,,,,,"[PREMIUM]"
"64815596","2026-08-15 04:14:33.073","2026-08-26 05:47:07.532","64815596","2026-08-22 15:59:18.000","[PREMIUM]","193","CO - DENVER SOUTH","2026-08-26","WEDNESDAY","1200","MDT","0","V",2017,"HYUNDAI","SANTA FE","SANTA FE","4DR SPORT UTILITY","SILVER","REAR END","HAIL","CO","PS","YES","D",129088,"A","[PREMIUM]",15966.29,"3.3L 6","ALL WHEEL DRIVE","AUTOMATIC","GAS",6,"Run & Drive Verified","Pure Sale","[PREMIUM]",,"LITTLETON","CO","80125 9741","USA","USD","[PREMIUM]","[PREMIUM]","G020",false,"[PREMIUM]","SE",false,false,"[PREMIUM]",,,,,,,,"[PREMIUM]"
"64791186","2026-08-15 04:14:33.072","2026-08-26 05:47:07.543","64791186","2026-08-21 16:29:51.000","[PREMIUM]","193","CO - DENVER SOUTH","2026-08-26","WEDNESDAY","1200","MDT","0","V",2015,"GMC","TERRAIN","TERRAIN","4DR SPORT UTILITY","SILVER","FRONT END",,"CO","ST","YES","D",135270,"A","[PREMIUM]",7644.73,"3.6L 6","ALL WHEEL DRIVE","AUTOMATIC","GAS",6,"Run & Drive Verified","Pure Sale","[PREMIUM]",,"LITTLETON","CO","80125 9741","USA","USD","[PREMIUM]","[PREMIUM]","G030",false,"[PREMIUM]","SLT",false,false,"[PREMIUM]",,,,,,,,"[PREMIUM]"
"64769226","2026-08-15 04:14:33.070","2026-08-28 23:46:01.993","64769226","2026-08-25 14:57:21.000","[PREMIUM]","193","CO - DENVER SOUTH","2026-08-31","MONDAY","1200","MDT","0","V",2005,"HONDA","PILOT","PILOT","4DR SPORT UTILITY","BLUE","FRONT END","SIDE","CO","PS","YES","D",196219,"E","[PREMIUM]",4549,"3.5L 6","ALL WHEEL DRIVE","AUTOMATIC","GAS",6,"Run & Drive Verified","Pure Sale","[PREMIUM]",,"LITTLETON","CO","80125 9741","USA","USD","[PREMIUM]","[PREMIUM]","J070",false,"[PREMIUM]","EX",false,false,"[PREMIUM]",,,,,,,,"[PREMIUM]"
"64793146","2026-08-15 04:14:33.054","2026-08-29 11:45:46.051","64793146","2026-08-25 14:59:45.000","[PREMIUM]","193","CO - DENVER SOUTH","2026-08-31","MONDAY","1200","MDT","0","V",2019,"TOYOTA","4RUNNER","4RUNNER","SUV","RED","SIDE","FRONT END","CO","ST","YES","D",127752,"A","[PREMIUM]",20212,"4.0L 6","FOUR BY FOUR","AUTOMATIC","GAS",6,"Run & Drive Verified","On Minimum Bid","[PREMIUM]",,"LITTLETON","CO","80125 9741","USA","USD","[PREMIUM]","[PREMIUM]","J050",false,"[PREMIUM]","SR5",false,false,"[PREMIUM]",,,,,,,,"[PREMIUM]"
"64517496","2026-08-15 04:14:33.033","2026-08-29 11:45:45.629","64517496","2026-08-21 16:27:39.000","[PREMIUM]","193","CO - DENVER SOUTH","2026-08-31","MONDAY","1200","MDT","0","V",2020,"HONDA","ACCORD","ACCORD","SEDAN","BLACK","FRONT END","HAIL","CO","ST","YES","D",80073,"A","[PREMIUM]",18460,"1.5L 4","FRONT WHEEL DRIVE","AUTOMATIC","GAS",4,"Run & Drive Verified","On Minimum Bid","[PREMIUM]",,"LITTLETON","CO","80125 9741","USA","USD","[PREMIUM]","[PREMIUM]","H070",false,"[PREMIUM]","SPORT",false,false,"[PREMIUM]",,,,,,,,"[PREMIUM]"
"64595846","2026-08-15 04:14:33.032","2026-08-28 23:46:01.828","64595846","2026-08-25 14:58:48.000","[PREMIUM]","193","CO - DENVER SOUTH","2026-08-31","MONDAY","1200","MDT","0","V",2015,"CADILLAC","SRX","SRX","4DR SPORT UTILITY","TAN","SIDE","FRONT END","CO","PS","YES","D",61579,"A","[PREMIUM]",5085,"3.6L 6","ALL WHEEL DRIVE","AUTOMATIC","GAS",6,"Run & Drive Verified","Pure Sale","[PREMIUM]",,"LITTLETON","CO","80125 9741","USA","USD","[PREMIUM]","[PREMIUM]","H020",false,"[PREMIUM]","LUXURY COLLECTION",false,false,"[PREMIUM]",,,,,,,,"[PREMIUM]"
"64517456","2026-08-15 04:14:32.991","2026-08-28 23:46:01.788","64517456","2026-08-25 14:57:59.000","[PREMIUM]","193","CO - DENVER SOUTH","2026-08-31","MONDAY","1200","MDT","0","V",2015,"JEEP","CHEROKEE","CHEROKEE","4DR SPORT UTILITY","GRAY","FRONT END","HAIL","CO","ST","YES","D",122705,"A","[PREMIUM]",9739,"3.2L 6","4X4 W/FRONT WHL DRV","AUTOMATIC","FLEXIBLE",6,"Run & Drive Verified","Pure Sale","[PREMIUM]",,"LITTLETON","CO","80125 9741","USA","USD","[PREMIUM]","[PREMIUM]","H060",false,"[PREMIUM]","LATITUDE",false,false,"[PREMIUM]",,,,,,,,"[PREMIUM]"
"64401236","2026-08-15 04:14:32.956","2026-08-26 05:47:07.150","64401236","2026-08-22 11:09:41.000","[PREMIUM]","193","CO - DENVER SOUTH","2026-08-26","WEDNESDAY","1200","MDT","0","V",2018,"JEEP","CHEROKEE","CHEROKEE","SPORT UTILITY VEHICLE","BLACK","FRONT END",,"CO","PS","YES","D",109151,"A","[PREMIUM]",8330.08,"3.2L 6","4X4 W/FRONT WHL DRV","AUTOMATIC","FLEXIBLE",6,"Run & Drive Verified","Pure Sale","[PREMIUM]",,"LITTLETON","CO","80125 9741","USA","USD","[PREMIUM]","[PREMIUM]","H090",false,"[PREMIUM]","LATITUDE",false,false,"[PREMIUM]",,,,,,,,"[PREMIUM]"
"64325576","2026-08-15 04:14:32.942","2026-08-29 11:45:45.468","64325576","2026-08-25 17:36:48.000","[PREMIUM]","193","CO - DENVER SOUTH","2026-08-31","MONDAY","1200","MDT","0","C",2016,"HARLEY-DAVIDSON","SPRTSTR120","XL1200","ROAD","BLACK","FRONT END","SIDE","CO","PS","YES","D",77,"N","[PREMIUM]",9595,"2",,"MANUAL","GAS",2,"Run & Drive Verified","Pure Sale","[PREMIUM]",,"LITTLETON","CO","80125 9741","USA","USD","[PREMIUM]","[PREMIUM]","MCI30",false,"[PREMIUM]","FORTY-EIGHT",false,false,"[PREMIUM]",,,,,,,,"[PREMIUM]"
"64328076","2026-08-15 04:14:32.937","2026-08-29 17:47:16.931","64328076","2026-08-29 12:29:52.000","[PREMIUM]","193","CO - DENVER SOUTH","2026-09-02","WEDNESDAY","1200","MDT","0","V",2013,"TOYOTA","COROLLA","COROLLA","SEDAN","SILVER","SIDE","HAIL","NM","ST","YES","D",126878,"A","[PREMIUM]",0,"1.8L 4","FRONT WHEEL DRIVE","AUTOMATIC","GAS",4,"Run & Drive Verified","Pure Sale","[PREMIUM]",,"LITTLETON","CO","80125 9741","USA","USD","[PREMIUM]","[PREMIUM]","J040",false,"[PREMIUM]","LE",false,false,"[PREMIUM]",,,,,,,,"[PREMIUM]"
"64212946","2026-08-15 04:14:32.906","2026-08-27 11:44:34.140","64212946","2026-08-26 21:09:48.000","[PREMIUM]","193","CO - DENVER SOUTH","2026-09-02","WEDNESDAY","1200","MDT","0","V",2011,"HONDA","CRV","CR-V","4DR SPORT UTILITY","MAROON","FRONT END","SIDE","CO","PS","YES","D",157400,"A","[PREMIUM]",10428,"2.4L 4","ALL WHEEL DRIVE","AUTOMATIC","GAS",4,"Run & Drive Verified","On Minimum Bid","[PREMIUM]",,"LITTLETON","CO","80125 9741","USA","USD","[PREMIUM]","[PREMIUM]","C030",false,"[PREMIUM]","LX",false,false,"[PREMIUM]",,,,,,,,"[PREMIUM]"
"64250296","2026-08-15 04:14:32.900","2026-08-26 05:47:06.988","64250296","2026-08-22 13:42:25.000","[PREMIUM]","193","CO - DENVER SOUTH","2026-08-26","WEDNESDAY","1200","MDT","0","V",2016,"JEEP","CHEROKEE","CHEROKEE","4DR SPORT UTILITY","SILVER","FRONT END","HAIL","CO","ST","NO","E",152046,"N","[PREMIUM]",6860,"3.2L 6","FRONT WHEEL DRIVE","AUTOMATIC","FLEXIBLE",6,"DEFAULT","Pure Sale","[PREMIUM]",,"LITTLETON","CO","80125 9741","USA","USD","[PREMIUM]","[PREMIUM]","O020",false,"[PREMIUM]","LATITUDE",false,false,"[PREMIUM]",,,,,,,,"[PREMIUM]"
"64141256","2026-08-15 04:14:32.867","2026-08-26 05:47:06.876","64141256","2026-08-22 15:55:32.000","[PREMIUM]","193","CO - DENVER SOUTH","2026-08-26","WEDNESDAY","1200","MDT","0","V",2014,"SUBARU","FORESTER","FORESTER","4DR SPORT UTILITY","BURN","BURN","ROLLOVER","CO","PN","EXM","E",0,"N","[PREMIUM]",11682,"2.5L 4","ALL WHEEL DRIVE","AUTOMATIC","GAS",4,"DEFAULT","Pure Sale","[PREMIUM]",,"LITTLETON","CO","80125 9741","USA","USD","[PREMIUM]","[PREMIUM]","HVY",false,"[PREMIUM]","2.5I TOURING",false,false,"[PREMIUM]",,,,,,,,"[PREMIUM]"
"64106736","2026-08-15 04:14:32.784","2026-08-29 11:45:45.324","64106736","2026-08-14 23:26:21.000","[PREMIUM]","193","CO - DENVER SOUTH",,,,"MDT","0","V",1999,"CHEVROLET","BLAZER","BLAZER","4DR SPORT UTILITY","BLUE","REAR END","FRONT END","CO","ST","YES","D",173999,"E","[PREMIUM]",3244.25,"4.3L 6","4X4 W/REAR WHEEL DRV","AUTOMATIC","GAS",6,"Run & Drive Verified","Pure Sale","[PREMIUM]",,"LITTLETON","CO","80125 9741","USA","USD","[PREMIUM]","[PREMIUM]","A030",false,"[PREMIUM]",,false,false,"[PREMIUM]",,,,,,,,"[PREMIUM]"
"64100016","2026-08-15 04:14:32.775","2026-08-26 05:47:06.827","64100016","2026-08-21 19:42:06.000","[PREMIUM]","193","CO - DENVER SOUTH","2026-08-26","WEDNESDAY","1200","MDT","0","V",2010,"TOYOTA","COROLLA","COROLLA","SEDAN","RED","ROLLOVER","TOP/ROOF","CO","PS","YES","E",172235,"A","[PREMIUM]",4367,"1.8L 4","FRONT WHEEL DRIVE","AUTOMATIC","GAS",4,"DEFAULT","Pure Sale","[PREMIUM]",,"LITTLETON","CO","80125 9741","USA","USD","[PREMIUM]","[PREMIUM]","B020",false,"[PREMIUM]","S",false,false,"[PREMIUM]",,,,,,,,"[PREMIUM]"
"64101706","2026-08-15 04:14:32.770","2026-08-28 23:46:01.458","64101706","2026-08-17 11:38:44.000","[PREMIUM]","836","HEAVY TRUCK SPECIALTY SALE",,,,"CDT","0","U",2016,"CHEVROLET","ALL Models","EXPRESS","CUTAWAY","WHITE","FRONT END",,"CO","ST","YES","D",153901,"A","[PREMIUM]",27254.28,"4.8L 8","REAR WHEEL DRIVE","AUTOMATIC","FLEXIBLE",8,"Run & Drive Verified","Pure Sale","[PREMIUM]",,"LITTLETON","CO","80125 9741","USA","USD","[PREMIUM]","[PREMIUM]","HVY",false,"[PREMIUM]",,false,false,"[PREMIUM]",,,,,,,,"[PREMIUM]"
"63742496","2026-08-15 04:14:32.598","2026-08-26 05:47:06.368","63742496","2026-08-21 18:16:58.000","[PREMIUM]","193","CO - DENVER SOUTH","2026-08-26","WEDNESDAY","1200","MDT","0","V",2018,"FORD","EDGE","EDGE","SPORT UTILITY VEHICLE","SILVER","FRONT END","SIDE","CO","ST","YES","D",136374,"A","[PREMIUM]",7732.69,"3.5L 6","ALL WHEEL DRIVE","AUTOMATIC","GAS",6,"Run & Drive Verified","Pure Sale","[PREMIUM]",,"LITTLETON","CO","80125 9741","USA","USD","[PREMIUM]","[PREMIUM]","A010",false,"[PREMIUM]","SEL",false,false,"[PREMIUM]",,,,,,,,"[PREMIUM]"
"63755656","2026-08-15 04:14:32.596","2026-08-26 05:47:06.369","63755656","2026-08-21 12:10:12.000","[PREMIUM]","193","CO - DENVER SOUTH","2026-08-26","WEDNESDAY","1200","MDT","0","R",2019,"FOREST RIVER","RPOD","RPOD",,"BEIGE","REAR END",,"CO","ST","YES","E",0,"N","[PREMIUM]",12135.99,,,"NONE",,,"DEFAULT","Pure Sale","[PREMIUM]",,"LITTLETON","CO","80125 9741","USA","USD","[PREMIUM]","[PREMIUM]","HVY",false,"[PREMIUM]",,false,false,"[PREMIUM]",,,,,,,,"[PREMIUM]"
"63694286","2026-08-15 04:14:32.545","2026-08-29 11:45:45.017","63694286","2026-08-24 18:09:41.000","[PREMIUM]","193","CO - DENVER SOUTH",,,,"MDT","0","V",2024,"SUBARU","OUTBACK","OUTBACK","SPORT UTILITY VEHICLE","SILVER","VANDALISM",,"CO","CT","YES","D",9422,"A","[PREMIUM]",26326,"2.5L 4","ALL WHEEL DRIVE","AUTOMATIC","GAS",4,"Run & Drive Verified","Pure Sale","[PREMIUM]",,"LITTLETON","CO","80125 9741","USA","USD","[PREMIUM]","[PREMIUM]","L030",false,"[PREMIUM]","PREMIUM",false,false,"[PREMIUM]",,,,,,,,"[PREMIUM]"
"63532596","2026-08-15 04:14:32.442","2026-08-26 05:47:06.174","63532596","2026-08-21 15:14:24.000","[PREMIUM]","193","CO - DENVER SOUTH","2026-08-26","WEDNESDAY","1200","MDT","0","K",2012,"FORD","TRANSIT","TRANSIT CONNECT","CARGO VAN","WHITE","REAR END","HAIL","CO","ST","YES","D",143887,"A","[PREMIUM]",6639,"2.0L 4","FRONT WHEEL DRIVE","AUTOMATIC","GAS",4,"Run & Drive Verified","Pure Sale","[PREMIUM]",,"LITTLETON","CO","80125 9741","USA","USD","[PREMIUM]","[PREMIUM]","M020",false,"[PREMIUM]","XL",false,false,"[PREMIUM]",,,,,,,,"[PREMIUM]"
"63382066","2026-08-15 04:14:32.325","2026-08-26 05:47:05.956","63382066","2026-08-21 18:15:57.000","[PREMIUM]","193","CO - DENVER SOUTH","2026-08-26","WEDNESDAY","1200","MDT","0","V",2015,"FORD","FUSION","FUSION","SEDAN 4DR","GRAY","FRONT END","HAIL","CO","ST","YES","D",158245,"A","[PREMIUM]",4197,"2.0L 4","ALL WHEEL DRIVE","AUTOMATIC","GAS",4,"Run & Drive Verified","Pure Sale","[PREMIUM]",,"LITTLETON","CO","80125 9741","USA","USD","[PREMIUM]","[PREMIUM]","B010",false,"[PREMIUM]","SE",false,false,"[PREMIUM]",,,,,,,,"[PREMIUM]"
"63338196","2026-08-15 04:14:32.269","2026-08-26 05:47:05.862","63338196","2026-08-22 10:57:36.000","[PREMIUM]","193","CO - DENVER SOUTH","2026-08-26","WEDNESDAY","1200","MDT","0","V",2010,"TOYOTA","HIGHLANDER","HIGHLANDER","SUV","SILVER","FRONT END","HAIL","CO","PS","YES","D",142261,"A","[PREMIUM]",7805,"3.5L 6","ALL WHEEL DRIVE","AUTOMATIC","GAS",6,"Run & Drive Verified","Pure Sale","[PREMIUM]",,"LITTLETON","CO","80125 9741","USA","USD","[PREMIUM]","[PREMIUM]","L010",false,"[PREMIUM]","BASE",false,false,"[PREMIUM]",,,,,,,,"[PREMIUM]"
"63181336","2026-08-15 04:14:32.135","2026-08-29 11:45:44.389","63181336","2026-08-14 23:26:20.000","[PREMIUM]","193","CO - DENVER SOUTH",,,,"MDT","0","V",2013,"MAZDA","3","3","SEDAN 4DR","BLACK","FRONT END","HAIL","CO","ST","YES","E",0,"N","[PREMIUM]",5706,"2.0L 4","FRONT WHEEL DRIVE","AUTOMATIC","GAS",4,"DEFAULT","Pure Sale","[PREMIUM]",,"LITTLETON","CO","80125 9741","USA","USD","[PREMIUM]","[PREMIUM]","SC003",false,"[PREMIUM]","I",false,false,"[PREMIUM]",,,,,,,,"[PREMIUM]"
"62982986","2026-08-15 04:14:32.016","2026-08-29 11:45:44.173","62982986","2026-08-14 23:29:03.000","[PREMIUM]","193","CO - DENVER SOUTH",,,,"MDT","0","V",2006,"FORD","All Models","F150","CREW PICKUP","BLACK","REAR END",,"CO","PS","YES","D",169350,"E","[PREMIUM]",5297.36,"5.4L 8","4X4 W/REAR WHEEL DRV","AUTOMATIC","GAS",8,"Run & Drive Verified","Pure Sale","[PREMIUM]",,"LITTLETON","CO","80125 9741","USA","USD","[PREMIUM]","[PREMIUM]","FF080",false,"[PREMIUM]","SUPERCREW",false,false,"[PREMIUM]",,,,,,,,"[PREMIUM]"
"62837206","2026-08-15 04:14:31.888","2026-08-29 11:45:44.088","62837206","2026-08-25 14:54:40.000","[PREMIUM]","193","CO - DENVER SOUTH","2026-08-31","MONDAY","1200","MDT","0","V",2024,"CHEVROLET","TRAX","TRAX","SPORT UTILITY VEHICLE","ORANGE","HAIL",,"CO","CT","YES","D",29344,"A","[PREMIUM]",14868,"1.2L 3","FRONT WHEEL DRIVE","AUTOMATIC","GAS",3,"Run & Drive Verified","On Minimum Bid","[PREMIUM]",,"LITTLETON","CO","80125 9741","USA","USD","[PREMIUM]","[PREMIUM]","K010",false,"[PREMIUM]","1RS",false,false,"[PREMIUM]",,,,,,,,"[PREMIUM]"
"62769116","2026-08-15 04:14:31.854","2026-08-29 11:45:44.003","62769116","2026-08-26 21:11:03.000","[PREMIUM]","193","CO - DENVER SOUTH","2026-09-02","WEDNESDAY","1200","MDT","0","V",2012,"AUDI","Q5","Q5","4DR SPORT UTILITY","WHITE","FRONT END","SIDE","CO","PS","YES","S",148199,"A","[PREMIUM]",2920,"2.0L 4","ALL WHEEL DRIVE","AUTOMATIC","GAS",4,"Vehicle Starts","On Minimum Bid","[PREMIUM]",,"LITTLETON","CO","80125 9741","USA","USD","[PREMIUM]","[PREMIUM]","C020",false,"[PREMIUM]","PREMIUM PLUS",false,false,"[PREMIUM]",,,,,,,,"[PREMIUM]"
"62699036","2026-08-15 04:14:31.747","2026-08-29 11:45:43.964","62699036","2026-08-14 23:26:20.000","[PREMIUM]","193","CO - DENVER SOUTH",,,,"MDT","0","V",2017,"HONDA","CIVIC","CIVIC","SEDAN 4DR","WHITE","FRONT END","SIDE","CO","ST","YES","D",106936,"A","[PREMIUM]",10432.74,"2.0L 4","FRONT WHEEL DRIVE","AUTOMATIC","GAS",4,"Run & Drive Verified","Pure Sale","[PREMIUM]",,"LITTLETON","CO","80125 9741","USA","USD","[PREMIUM]","[PREMIUM]","H060",false,"[PREMIUM]","EX",false,false,"[PREMIUM]",,,,,,,,"[PREMIUM]"
"62634346","2026-08-15 04:14:31.669","2026-08-29 17:47:15.405","62634346","2026-08-28 13:56:36.000","[PREMIUM]","193","CO - DENVER SOUTH","2026-09-02","WEDNESDAY","1200","MDT","0","V",2005,"SCION","XB","XB","WAGON","GRAY","FRONT END","SIDE","CO","PS","YES","D",146276,"A","[PREMIUM]",4400,"1.5L 4","FRONT WHEEL DRIVE","MANUAL","GAS",4,"Run & Drive Verified","Pure Sale","[PREMIUM]",,"LITTLETON","CO","80125 9741","USA","USD","[PREMIUM]","[PREMIUM]","L030",false,"[PREMIUM]","BASE",false,false,"[PREMIUM]",,,,,,,,"[PREMIUM]"
"62478566","2026-08-15 04:14:31.598","2026-08-29 11:45:43.841","62478566","2026-08-25 14:59:18.000","[PREMIUM]","193","CO - DENVER SOUTH","2026-08-31","MONDAY","1200","MDT","0","V",2020,"VOLKSWAGEN","TIGUAN","TIGUAN","SPORT UTILITY VEHICLE","GRAY","SIDE",,"CO","PS","YES","D",53587,"A","[PREMIUM]",17145,"2.0L 4","ALL WHEEL DRIVE","AUTOMATIC","GAS",4,"Run & Drive Verified","On Minimum Bid","[PREMIUM]",,"LITTLETON","CO","80125 9741","USA","USD","[PREMIUM]","[PREMIUM]","H030",false,"[PREMIUM]","SE",false,false,"[PREMIUM]",,,,,,,,"[PREMIUM]"
"62456866","2026-08-15 04:14:31.553","2026-08-29 11:45:43.860","62456866","2026-08-14 23:20:12.000","[PREMIUM]","193","CO - DENVER SOUTH",,,,"MDT","0","V",2026,"HYUNDAI","ELANTRA","ELANTRA","SEDAN","GRAY","FRONT END","REAR END","CO","ST","YES","D",1480,"A","[PREMIUM]",16229.88,"2.0L 4","FRONT WHEEL DRIVE","AUTOMATIC","GAS",4,"Run & Drive Verified","Pure Sale","[PREMIUM]",,"LITTLETON","CO","80125 9741","USA","USD","[PREMIUM]","[PREMIUM]","I060",false,"[PREMIUM]","SE",false,false,"[PREMIUM]",,,,,,,,"[PREMIUM]"
"62357156","2026-08-15 04:14:31.533","2026-08-29 11:45:43.827","62357156","2026-08-25 14:59:00.000","[PREMIUM]","193","CO - DENVER SOUTH","2026-08-31","MONDAY","1200","MDT","0","V",2022,"HYUNDAI","SANTA FE","SANTA FE","SUV","WHITE","REAR END","HAIL","CO","PS","NO","E",132780,"A","[PREMIUM]",15602,"2.5L 4","ALL WHEEL DRIVE","AUTOMATIC","GAS",4,"DEFAULT","On Minimum Bid","[PREMIUM]",,"LITTLETON","CO","80125 9741","USA","USD","[PREMIUM]","[PREMIUM]","SC007",false,"[PREMIUM]","SEL",false,false,"[PREMIUM]",,,,,,,,"[PREMIUM]"
"62057306","2026-08-15 04:14:31.311","2026-08-28 23:46:00.128","62057306","2026-08-26 16:36:20.000","[PREMIUM]","193","CO - DENVER SOUTH","2026-08-31","MONDAY","1200","MDT","0","K",2016,"MERCEDES-BENZ","METRIS","METRIS","CARGO VAN","BLACK","HAIL",,"CO","CT","YES","E",171458,"A","[PREMIUM]",6677,"2.0L 4","REAR WHEEL DRIVE","AUTOMATIC","GAS",4,"DEFAULT","Pure Sale","[PREMIUM]",,"LITTLETON","CO","80125 9741","USA","USD","[PREMIUM]","[PREMIUM]","KK100",false,"[PREMIUM]",,false,false,"[PREMIUM]",,,,,,,,"[PREMIUM]"
"61923416","2026-08-15 04:14:31.208","2026-08-26 05:47:04.884","61923416","2026-08-21 15:05:55.000","[PREMIUM]","193","CO - DENVER SOUTH","2026-08-26","WEDNESDAY","1200","MDT","0","V",2006,"TOYOTA","COROLLA","COROLLA","SEDAN","SILVER","FRONT END","SIDE","CO","PS","YES","D",223554,"A","[PREMIUM]",3327,"1.8L 4","FRONT WHEEL DRIVE","AUTOMATIC","GAS",4,"Run & Drive Verified","Pure Sale","[PREMIUM]",,"LITTLETON","CO","80125 9741","USA","USD","[PREMIUM]","[PREMIUM]","G010",false,"[PREMIUM]","LE",false,false,"[PREMIUM]",,,,,,,,"[PREMIUM]"
"61634806","2026-08-15 04:14:30.955","2026-08-26 05:47:04.653","61634806","2026-08-22 17:21:25.000","[PREMIUM]","193","CO - DENVER SOUTH","2026-08-26","WEDNESDAY","1200","MDT","0","V",2025,"NISSAN","LEAF","LEAF","HATCHBACK","GRAY","FRONT END",,"CO","ST","YES","D",16975,"A","[PREMIUM]",12444.72,"U","FRONT WHEEL DRIVE","AUTOMATIC","ELECTRIC",,"Run & Drive Verified","Pure Sale","[PREMIUM]",,"LITTLETON","CO","80125 9741","USA","USD","[PREMIUM]","[PREMIUM]","SB002",false,"[PREMIUM]","S",false,false,"[PREMIUM]",,,,,,,,"[PREMIUM]"
"59866646","2026-08-15 04:14:29.816","2026-08-26 05:47:03.700","59866646","2026-08-21 12:12:59.000","[PREMIUM]","193","CO - DENVER SOUTH","2026-08-26","WEDNESDAY","1200","MDT","0","V",2018,"SUBARU","OUTBACK","OUTBACK","SPORT UTILITY VEHICLE","SILVER","FRONT END","SIDE","CO","PS","YES","E",158025,"A","[PREMIUM]",11144.11,"2.5L 4","ALL WHEEL DRIVE","AUTOMATIC","GAS",4,"DEFAULT","Pure Sale","[PREMIUM]",,"LITTLETON","CO","80125 9741","USA","USD","[PREMIUM]","[PREMIUM]","H050",false,"[PREMIUM]","2.5I PREMIUM",false,false,"[PREMIUM]",,,,,,,,"[PREMIUM]"
"59611996","2026-08-15 04:14:29.698","2026-08-29 11:45:42.657","59611996","2026-08-25 19:02:00.000","[PREMIUM]","193","CO - DENVER SOUTH","2026-08-31","MONDAY","1200","MDT","0","V",2024,"OTHE","DT2714-2","OTHER",,"SILVER","SIDE","FRONT END","CO","ST","EXM","E",0,"N","[PREMIUM]",6643,,,,,,"DEFAULT","Pure Sale","[PREMIUM]",,"LITTLETON","CO","80125 9741","USA","USD","[PREMIUM]","[PREMIUM]","HVY",false,"[PREMIUM]",,false,false,"[PREMIUM]",,,,,,,,"[PREMIUM]"
"58410626","2026-08-15 04:14:29.313","2026-08-26 05:47:03.338","58410626","2026-08-22 16:58:59.000","[PREMIUM]","193","CO - DENVER SOUTH","2026-08-26","WEDNESDAY","1200","MDT","0","V",2009,"HONDA","CRV","CR-V","4DR SPORT UTILITY","BROWN","FRONT END","HAIL","CO","PS","YES","E",194035,"A","[PREMIUM]",4421,"2.4L 4","ALL WHEEL DRIVE","AUTOMATIC","GAS",4,"DEFAULT","Pure Sale","[PREMIUM]",,"LITTLETON","CO","80125 9741","USA","USD","[PREMIUM]","[PREMIUM]","L030",false,"[PREMIUM]","EX",false,false,"[PREMIUM]",,,,,,,,"[PREMIUM]"
"58426986","2026-08-15 04:14:29.312","2026-08-26 05:47:03.340","58426986","2026-08-22 14:07:36.000","[PREMIUM]","193","CO - DENVER SOUTH","2026-08-26","WEDNESDAY","1200","MDT","0","V",2007,"DODGE","RAM 1500","RAM 1500","CREW PICKUP","RED","FRONT END","HAIL","CO","PS","YES","D",155221,"E","[PREMIUM]",8329,"5.7L 8","REAR WHEEL DRIVE","AUTOMATIC","GAS",8,"Run & Drive Verified","Pure Sale","[PREMIUM]",,"LITTLETON","CO","80125 9741","USA","USD","[PREMIUM]","[PREMIUM]","H090",false,"[PREMIUM]","ST",false,false,"[PREMIUM]",,,,,,,,"[PREMIUM]"
"57566386","2026-08-15 04:14:29.168","2026-08-26 05:47:03.286","57566386","2026-08-22 13:14:56.000","[PREMIUM]","193","CO - DENVER SOUTH","2026-08-26","WEDNESDAY","1200","MDT","0","V",2017,"SUBARU","LEGACY","LEGACY","SEDAN 4DR","SILVER","SIDE","FRONT END","CO","PS","YES","D",110278,"A","[PREMIUM]",10145,"2.5L 4","ALL WHEEL DRIVE","AUTOMATIC","GAS",4,"Run & Drive Verified","Pure Sale","[PREMIUM]",,"LITTLETON","CO","80125 9741","USA","USD","[PREMIUM]","[PREMIUM]","J030",false,"[PREMIUM]","2.5I PREMIUM",false,false,"[PREMIUM]",,,,,,,,"[PREMIUM]"
"56676276","2026-08-15 04:14:29.062","2026-08-29 11:45:42.262","56676276","2026-08-22 16:42:11.000","[PREMIUM]","193","CO - DENVER SOUTH","2026-08-31","MONDAY","1200","MDT","0","K",2016,"FORD","TRANSIT","TRANSIT","CARGO VAN","WHITE","FRONT END","SIDE","CO","PS","YES","D",117669,"A","[PREMIUM]",14772,"3.5L 6","REAR WHEEL DRIVE","AUTOMATIC","GAS",6,"Run & Drive Verified","On Minimum Bid","[PREMIUM]",,"LITTLETON","CO","80125 9741","USA","USD","[PREMIUM]","[PREMIUM]","M020",false,"[PREMIUM]","T-250",false,false,"[PREMIUM]",,,,,,,,"[PREMIUM]"
"55560486","2026-08-15 04:14:28.922","2026-08-28 11:44:42.721","55560486","2026-08-19 23:13:46.000","[PREMIUM]","193","CO - DENVER SOUTH",,,,"MDT","0","V",2020,"CHEVROLET","EQUINOX","EQUINOX","SPORT UTILITY VEHICLE","BLUE","REAR END","SIDE","CO","PS","YES","E",52876,"A","[PREMIUM]",17499,"1.5L 4","FRONT WHEEL DRIVE","AUTOMATIC","GAS",4,"DEFAULT","Pure Sale","[PREMIUM]",,"LITTLETON","CO","80125 9741","USA","USD","[PREMIUM]","[PREMIUM]","H040",false,"[PREMIUM]","LT",false,false,"[PREMIUM]",,,,,,,,"[PREMIUM]"
"53974566","2026-08-15 04:14:28.793","2026-08-29 11:45:42.060","53974566","2026-08-14 23:29:15.000","[PREMIUM]","193","CO - DENVER SOUTH",,,,"MDT","0","V",2021,"CHEVROLET","SPARK","SPARK","HATCHBACK","BLACK","REAR END","FRONT END","CO","PS","YES","D",163272,"A","[PREMIUM]",8275.16,"1.4L 4","FRONT WHEEL DRIVE","AUTOMATIC","GAS",4,"Run & Drive Verified","Pure Sale","[PREMIUM]",,"LITTLETON","CO","80125 9741","USA","USD","[PREMIUM]","[PREMIUM]","SB006",false,"[PREMIUM]","1LT",false,false,"[PREMIUM]",,,,,,,,"[PREMIUM]"
"52037776","2026-08-15 04:14:28.624","2026-08-29 17:47:13.101","52037776","2026-08-29 13:02:36.000","[PREMIUM]","193","CO - DENVER SOUTH","2026-09-02","WEDNESDAY","1200","MDT","0","V",2012,"MAZDA","6","6","SEDAN 4DR","CHARCOAL","SIDE","REAR END","TX","SV","YES","D",111231,"A","[PREMIUM]",5297.64,"2.5L 4","FRONT WHEEL DRIVE","AUTOMATIC","GAS",4,"Run & Drive Verified","Pure Sale","[PREMIUM]",,"LITTLETON","CO","80125 9741","USA","USD","[PREMIUM]","[PREMIUM]","SC005",false,"[PREMIUM]","I",false,false,"[PREMIUM]",,,,,,,,"[PREMIUM]"
"50442196","2026-08-15 04:14:28.558","2026-08-29 11:45:41.927","50442196","2026-08-25 17:37:33.000","[PREMIUM]","193","CO - DENVER SOUTH","2026-08-31","MONDAY","1200","MDT","0","V",2018,"GMC","SIERRA","SIERRA","PICKUP","BLACK","FRONT END","REAR END","CO","PS","YES","E",0,"N","[PREMIUM]",36050,"6.6L 8","4X4 W/REAR WHEEL DRV","AUTOMATIC","DIESEL",8,"DEFAULT","On Minimum Bid","[PREMIUM]",,"LITTLETON","CO","80125 9741","USA","USD","[PREMIUM]","[PREMIUM]","FF070",false,"[PREMIUM]","K3500 SLT",false,false,"[PREMIUM]",,,,,,,,"[PREMIUM]"
"64949616","2026-08-15 04:14:28.265","2026-08-17 09:03:05.867","64949616","2026-08-14 21:56:59.000","[PREMIUM]","838","RENTAL VEHICLE SALE","2026-08-17","MONDAY","1200","EDT","0","V",2025,"CHEVROLET","TRAX","TRAX","SPORT UTILITY VEHICLE","WHITE","FRONT END",,"WI","CT","YES","D",63340,"A","[PREMIUM]",0,"1.2L 3","FRONT WHEEL DRIVE","AUTOMATIC","GAS",3,"Run & Drive Verified","On Approval","[PREMIUM]",,"APPLETON","WI","54914 9012","USA","USD","[PREMIUM]","[PREMIUM]","A010",false,"[PREMIUM]","LS",false,false,"[PREMIUM]",,,,,,,,"[PREMIUM]"
"65340726","2026-08-15 04:14:26.594","2026-08-27 11:44:29.512","65340726","2026-08-25 18:57:26.000","[PREMIUM]","190","CA - NAPA","2026-08-27","THURSDAY","1200","PDT","0","V",2008,"FORD","MUSTANG","MUSTANG","CONVERTIBLE","BLACK","SIDE",,"CA","SC","YES","D",77784,"A","[PREMIUM]",6878.81,"4.6L 8","REAR WHEEL DRIVE","AUTOMATIC","GAS",8,"Run & Drive Verified","Pure Sale","[PREMIUM]",,"AMERICAN CANYON","CA","94503","USA","USD","[PREMIUM]","[PREMIUM]","C080",false,"[PREMIUM]","GT",false,false,"[PREMIUM]",,,,,,,,"[PREMIUM]"
"65220086","2026-08-15 04:14:26.581","2026-08-27 11:44:29.494","65220086","2026-08-20 21:37:08.000","[PREMIUM]","190","CA - NAPA","2026-08-27","THURSDAY","1200","PDT","0","V",2003,"FORD","RANGER","RANGER","PICKUP","RED","FRONT END","REAR END","CA","SC","YES","E",157640,"A","[PREMIUM]",6289.93,"2.3L 4","REAR WHEEL DRIVE","MANUAL","GAS",4,"DEFAULT","Pure Sale","[PREMIUM]",,"AMERICAN CANYON","CA","94503","USA","USD","[PREMIUM]","[PREMIUM]","I110",false,"[PREMIUM]",,false,false,"[PREMIUM]",,,,,,,,"[PREMIUM]"
"64783726","2026-08-15 04:14:26.548","2026-08-19 15:01:32.137","64783726","2026-08-14 23:36:17.000","[PREMIUM]","190","CA - NAPA",,,,"PDT","0","V",2001,"DODGE","All Models","RAM 2500","4DR EXT CAB PICKUP","WHITE","BURN - ENGINE","BURN - INTERIOR","CA","SC","YES","E",0,"E","[PREMIUM]",0,"5.9L 6","REAR WHEEL DRIVE","AUTOMATIC","DIESEL",6,"DEFAULT","Pure Sale","[PREMIUM]",,"AMERICAN CANYON","CA","94503","USA","USD","[PREMIUM]","[PREMIUM]","L020",false,"[PREMIUM]",,false,false,"[PREMIUM]",,,,,,,,"[PREMIUM]"
"64438236","2026-08-15 04:14:26.478","2026-08-27 11:44:29.323","64438236","2026-08-20 21:22:29.000","[PREMIUM]","190","CA - NAPA","2026-08-27","THURSDAY","1200","PDT","0","V",2016,"CHEVROLET","CRUZE","CRUZE LIMITED","SEDAN 4DR","BLACK","FRONT END","SIDE","CA","SC","YES","D",117620,"A","[PREMIUM]",13270.04,"1.4L 4","FRONT WHEEL DRIVE","AUTOMATIC","GAS",4,"Run & Drive Verified","Pure Sale","[PREMIUM]",,"AMERICAN CANYON","CA","94503","USA","USD","[PREMIUM]","[PREMIUM]","C090",false,"[PREMIUM]","LT",false,false,"[PREMIUM]",,,,,,,,"[PREMIUM]"
"64366316","2026-08-15 04:14:26.475","2026-08-29 11:45:38.996","64366316","2026-08-24 20:24:50.000","[PREMIUM]","190","CA - NAPA","2026-08-31","MONDAY","1200","PDT","0","V",2013,"TOYOTA","SIENNA","SIENNA","MINI-VAN","SILVER","REAR END",,"CA","SC","YES","D",102866,"A","[PREMIUM]",13778,"3.5L 6","FRONT WHEEL DRIVE","AUTOMATIC","GAS",6,"Run & Drive Verified","On Minimum Bid","[PREMIUM]",,"AMERICAN CANYON","CA","94503","USA","USD","[PREMIUM]","[PREMIUM]","L080",false,"[PREMIUM]","L 7-PASSENGER",false,false,"[PREMIUM]",,,,,,,,"[PREMIUM]"
"64379986","2026-08-15 04:14:26.471","2026-08-29 11:45:38.983","64379986","2026-08-27 14:24:32.000","[PREMIUM]","838","RENTAL VEHICLE SALE","2026-08-31","MONDAY","1200","EDT","0","V",2024,"NISSAN","ALTIMA","ALTIMA","SEDAN","WHITE","FRONT END",,"CA","SC","YES","D",48843,"A","[PREMIUM]",11365.67,"2.5L 4","FRONT WHEEL DRIVE","AUTOMATIC","GAS",4,"Run & Drive Verified","On Approval","[PREMIUM]",,"AMERICAN CANYON","CA","94503","USA","USD","[PREMIUM]","[PREMIUM]","B050",false,"[PREMIUM]","S",false,false,"[PREMIUM]",,,,,,,,"[PREMIUM]"
"64249946","2026-08-15 04:14:26.432","2026-08-27 11:44:29.283","64249946","2026-08-25 22:28:44.000","[PREMIUM]","190","CA - NAPA","2026-08-27","THURSDAY","1200","PDT","0","V",2014,"HONDA","PILOT","PILOT","4DR SPORT UTILITY","BLACK","REAR END","FRONT END","CA","SC","YES","D",208828,"A","[PREMIUM]",9256,"3.5L 6","ALL WHEEL DRIVE","AUTOMATIC","GAS",6,"Run & Drive Verified","On Minimum Bid","[PREMIUM]",,"AMERICAN CANYON","CA","94503","USA","USD","[PREMIUM]","[PREMIUM]","L130",false,"[PREMIUM]","EXL",false,false,"[PREMIUM]",,,,,,,,"[PREMIUM]"
"63446816","2026-08-15 04:14:26.261","2026-08-23 23:45:50.369","63446816","2026-08-20 21:45:46.000","[PREMIUM]","190","CA - NAPA","2026-08-24","MONDAY","1200","PDT","0","V",2013,"AUDI","A4","A4","SEDAN 4DR","BLACK","FRONT END","SIDE","CA","SC","YES","D",103142,"A","[PREMIUM]",5353,"2.0L 4","ALL WHEEL DRIVE","AUTOMATIC","FLEXIBLE",4,"Run & Drive Verified","Pure Sale","[PREMIUM]",,"AMERICAN CANYON","CA","94503","USA","USD","[PREMIUM]","[PREMIUM]","C050",false,"[PREMIUM]","PREMIUM",false,false,"[PREMIUM]",,,,,,,,"[PREMIUM]"
"62854006","2026-08-15 04:14:26.127","2026-08-23 23:45:50.182","62854006","2026-08-20 21:46:18.000","[PREMIUM]","190","CA - NAPA","2026-08-24","MONDAY","1200","PDT","0","V",2019,"HONDA","CIVIC","CIVIC","COUPE","WHITE","FRONT END","REAR END","CA","SC","YES",,242447,"A","[PREMIUM]",7858,"1.5L 4","FRONT WHEEL DRIVE","AUTOMATIC","GAS",4,,"Pure Sale","[PREMIUM]",,"AMERICAN CANYON","CA","94503","USA","USD","[PREMIUM]","[PREMIUM]","C090",false,"[PREMIUM]","EX",false,false,"[PREMIUM]",,,,,,,,"[PREMIUM]"
"61665236","2026-08-15 04:14:25.719","2026-08-29 11:45:38.296","61665236","2026-08-24 20:24:30.000","[PREMIUM]","190","CA - NAPA","2026-08-31","MONDAY","1200","PDT","0","V",2023,"ACURA","MDX","MDX","SPORT UTILITY VEHICLE","SILVER","FRONT END",,"CA","SC","YES","D",35637,"A","[PREMIUM]",30435,"3.5L 6","ALL WHEEL DRIVE","AUTOMATIC","GAS",6,"Run & Drive Verified","On Minimum Bid","[PREMIUM]",,"AMERICAN CANYON","CA","94503","USA","USD","[PREMIUM]","[PREMIUM]","E100",false,"[PREMIUM]","TECHNOLOGY",false,false,"[PREMIUM]",,,,,,,,"[PREMIUM]"
"61011356","2026-08-15 04:14:25.639","2026-08-23 23:45:49.811","61011356","2026-08-20 20:49:40.000","[PREMIUM]","190","CA - NAPA","2026-08-24","MONDAY","1200","PDT","0","V",2022,"FORD","MUSTANG","MUSTANG MACH-E","SPORT UTILITY VEHICLE","BLACK","FRONT END","SIDE","CA","SC","YES","S",63307,"A","[PREMIUM]",19682.84,,"ALL WHEEL DRIVE","AUTOMATIC","ELECTRIC",,"Vehicle Starts","Pure Sale","[PREMIUM]",,"AMERICAN CANYON","CA","94503","USA","USD","[PREMIUM]","[PREMIUM]","J080",false,"[PREMIUM]","CALIFORNIA ROUTE 1",false,false,"[PREMIUM]",,,,,,,,"[PREMIUM]"
"59826276","2026-08-15 04:14:25.483","2026-08-23 23:45:49.588","59826276","2026-08-20 21:29:20.000","[PREMIUM]","190","CA - NAPA","2026-08-24","MONDAY","1200","PDT","0","V",2011,"AUDI","Q5","Q5","4DR SPORT UTILITY","BLACK","VANDALISM",,"CA","SC","NO","E",0,"N","[PREMIUM]",0,"2.0L 4","ALL WHEEL DRIVE","AUTOMATIC","GAS",4,"DEFAULT","Pure Sale","[PREMIUM]",,"AMERICAN CANYON","CA","94503","USA","USD","[PREMIUM]","[PREMIUM]","I070",false,"[PREMIUM]","PREMIUM",false,false,"[PREMIUM]",,,,,,,,"[PREMIUM]"
"59406876","2026-08-15 04:14:25.479","2026-08-29 11:45:37.986","59406876","2026-08-27 20:48:31.000","[PREMIUM]","190","CA - NAPA","2026-09-03","THURSDAY","1200","PDT","0","V",2013,"VOLKSWAGEN","JETTA","JETTA","STATION WAGON","SILVER","UNDERCARRIAGE","FRONT END","CA","SC","YES","D",122562,"A","[PREMIUM]",2070,"2.5L 5","FRONT WHEEL DRIVE","AUTOMATIC","GAS",5,"Run & Drive Verified","On Minimum Bid","[PREMIUM]",,"AMERICAN CANYON","CA","94503","USA","USD","[PREMIUM]","[PREMIUM]","E080",false,"[PREMIUM]","S",false,false,"[PREMIUM]",,,,,,,,"[PREMIUM]"
"58558996","2026-08-15 04:14:25.373","2026-08-23 23:45:49.443","58558996","2026-08-20 21:26:02.000","[PREMIUM]","190","CA - NAPA","2026-08-24","MONDAY","1200","PDT","0","V",2023,"NISSAN","ALTIMA","ALTIMA","SEDAN","GRAY","REAR END","FRONT END","CA","SC","NO","E",48220,"A","[PREMIUM]",0,"2.5L 4","FRONT WHEEL DRIVE","AUTOMATIC","GAS",4,"DEFAULT","On Approval","[PREMIUM]",,"AMERICAN CANYON","CA","94503","USA","USD","[PREMIUM]","[PREMIUM]","D130",false,"[PREMIUM]","SV",false,false,"[PREMIUM]",,,,,,,,"[PREMIUM]"
"56744866","2026-08-15 04:14:25.268","2026-08-23 23:45:49.262","56744866","2026-08-21 15:14:39.000","[PREMIUM]","190","CA - NAPA","2026-08-24","MONDAY","1200","PDT","0","V",2007,"TOYOTA","HIGHLANDER","HIGHLANDER","4DR SPORT UTILITY","SILVER","FRONT END","SIDE","CA","SC","YES","E",0,"E","[PREMIUM]",12560.92,"3.3L 6","ALL WHEEL DRIVE","AUTOMATIC","ELECTRIC AND GAS HYBRID",6,"DEFAULT","Pure Sale","[PREMIUM]",,"AMERICAN CANYON","CA","94503","USA","USD","[PREMIUM]","[PREMIUM]","J090",false,"[PREMIUM]","HYBRID",false,false,"[PREMIUM]",,,,,,,,"[PREMIUM]"
"76138115","2026-08-15 04:14:24.757","2026-08-29 11:45:37.175","76138115","2026-08-14 22:10:15.000","[PREMIUM]","189","IL - SOUTHERN ILLINOIS",,,,"CDT","0","V",2010,"DODGE","CHARGER","CHARGER",,"WHITE","FRONT END",,"IL","SC","YES","D",238778,"E","[PREMIUM]",3955.11,"3.5L  6","Rear-wheel drive","AUTOMATIC","GAS",6,"Run & Drive Verified","Pure Sale","[PREMIUM]",,"CAHOKIA HEIGHTS","IL","62205 1001","USA","USD","[PREMIUM]","[PREMIUM]","F100",false,"[PREMIUM]","SXT",false,false,"[PREMIUM]",,,,,,,,"[PREMIUM]"
"64913706","2026-08-15 04:14:24.633","2026-08-17 09:03:01.587","64913706","2026-08-14 22:47:59.000","[PREMIUM]","838","RENTAL VEHICLE SALE","2026-08-17","MONDAY","1200","EDT","0","V",2024,"NISSAN","ROGUE","ROGUE","SPORT UTILITY VEHICLE","GRAY","FRONT END",,"KY","CT","YES","D",60900,"A","[PREMIUM]",0,"1.5L 3","FRONT WHEEL DRIVE","AUTOMATIC","GAS",3,"Run & Drive Verified","On Minimum Bid","[PREMIUM]",,"CAHOKIA HEIGHTS","IL","62205 1001","USA","USD","[PREMIUM]","[PREMIUM]","G070",true,"[PREMIUM]","SV",false,false,"[PREMIUM]",,,,,,,,"[PREMIUM]"
"64897816","2026-08-15 04:14:24.626","2026-08-29 11:45:36.191","64897816","2026-08-14 22:12:09.000","[PREMIUM]","189","IL - SOUTHERN ILLINOIS",,,,"CDT","0","V",2019,"HYUNDAI","ELANTRA","ELANTRA","SEDAN","BLACK","FRONT END","REAR END","IL","SC","YES","D",116015,"A","[PREMIUM]",8738.57,"2.0L 4","FRONT WHEEL DRIVE","AUTOMATIC","GAS",4,"Run & Drive Verified","Pure Sale","[PREMIUM]",,"CAHOKIA HEIGHTS","IL","62205 1001","USA","USD","[PREMIUM]","[PREMIUM]","F110",false,"[PREMIUM]","SE",false,false,"[PREMIUM]",,,,,,,,"[PREMIUM]"
"64824556","2026-08-15 04:14:24.590","2026-08-29 11:45:36.152","64824556","2026-08-14 22:12:09.000","[PREMIUM]","189","IL - SOUTHERN ILLINOIS",,,,"CDT","0","V",2014,"SUBARU","LEGACY","OUTBACK","4DR SPORT UTILITY","MAROON","FRONT END","SIDE","IL","SC","YES","D",171104,"A","[PREMIUM]",6887.73,"2.5L 4","ALL WHEEL DRIVE","AUTOMATIC","GAS",4,"Run & Drive Verified","Pure Sale","[PREMIUM]",,"CAHOKIA HEIGHTS","IL","62205 1001","USA","USD","[PREMIUM]","[PREMIUM]","H110",false,"[PREMIUM]","2.5I PREMIUM",false,false,"[PREMIUM]",,,,,,,,"[PREMIUM]"
"64780066","2026-08-15 04:14:24.579","2026-08-29 11:45:36.113","64780066","2026-08-14 22:14:32.000","[PREMIUM]","189","IL - SOUTHERN ILLINOIS",,,,"CDT","0","V",2015,"JEEP","CHEROKEE","CHEROKEE","4DR SPORT UTILITY","MAROON","WATER/FLOOD","MINOR DENT/SCRATCHES","IL","FS","YES","E",197227,"A","[PREMIUM]",7079,"3.2L 6","FRONT WHEEL DRIVE","AUTOMATIC","FLEXIBLE",6,"DEFAULT","Pure Sale","[PREMIUM]",,"CAHOKIA HEIGHTS","IL","62205 1001","USA","USD","[PREMIUM]","[PREMIUM]","U140",false,"[PREMIUM]","LIMITED",false,false,"[PREMIUM]",,,,,,,,"[PREMIUM]"
"64647126","2026-08-15 04:14:24.557","2026-08-29 11:45:37.299","64647126","2026-08-14 22:00:14.000","[PREMIUM]","189","IL - SOUTHERN ILLINOIS",,,,"CDT","0","V",2016,"JEEP","WRANGLER","WRANGLER UNLIMITED","4DR SPORT UTILITY","GRAY","FRONT END",,"IL","SC","YES","D",88111,"A","[PREMIUM]",16051.63,"3.6L 6","4X4 W/REAR WHEEL DRV","AUTOMATIC","FLEXIBLE",6,"Run & Drive Verified","Pure Sale","[PREMIUM]",,"CAHOKIA HEIGHTS","IL","62205 1001","USA","USD","[PREMIUM]","[PREMIUM]","M090",false,"[PREMIUM]","SPORT",false,false,"[PREMIUM]",,,,,,,,"[PREMIUM]"
"64588876","2026-08-15 04:14:24.550","2026-08-29 11:45:36.003","64588876","2026-08-14 22:10:56.000","[PREMIUM]","189","IL - SOUTHERN ILLINOIS",,,,"CDT","0","V",2005,"CHEVROLET","ALL Models","SILVERADO","4DR EXT CAB PICKUP","WHITE","FRONT END",,"IL","SC","YES","D",122223,"A","[PREMIUM]",7109.16,"6.0L 8","REAR WHEEL DRIVE","AUTOMATIC","GAS",8,"Run & Drive Verified","Pure Sale","[PREMIUM]",,"CAHOKIA HEIGHTS","IL","62205 1001","USA","USD","[PREMIUM]","[PREMIUM]","A020",false,"[PREMIUM]","C2500 HEAVY DUTY",false,false,"[PREMIUM]",,,,,,,,"[PREMIUM]"
"64494136","2026-08-15 04:14:24.548","2026-08-27 11:44:27.762","64494136","2026-08-14 22:00:27.000","[PREMIUM]","189","IL - SOUTHERN ILLINOIS",,,,"CDT","0","V",2021,"TOYOTA","SIENNA","SIENNA","VAN PASSENGER","GRAY","HAIL",,"MO","SC","YES","D",98470,"A","[PREMIUM]",29252,"2.5L 4","FRONT WHEEL DRIVE","AUTOMATIC","ELECTRIC AND GAS HYBRID",4,"Run & Drive Verified","Pure Sale","[PREMIUM]",,"CAHOKIA HEIGHTS","IL","62205 1001","USA","USD","[PREMIUM]","[PREMIUM]","G100",false,"[PREMIUM]","XLE",false,false,"[PREMIUM]",,,,,,,,"[PREMIUM]"
"64546466","2026-08-15 04:14:24.546","2026-08-29 11:45:35.960","64546466","2026-08-14 22:12:07.000","[PREMIUM]","189","IL - SOUTHERN ILLINOIS",,,,"CDT","0","V",2014,"CHEVROLET","ALL Models","SILVERADO","CREW PICKUP","BLACK","SIDE",,"IL","SC","YES","D",142097,"A","[PREMIUM]",10933.67,"5.3L 8","4X4 W/REAR WHEEL DRV","AUTOMATIC","GAS",8,"Run & Drive Verified","Pure Sale","[PREMIUM]",,"CAHOKIA HEIGHTS","IL","62205 1001","USA","USD","[PREMIUM]","[PREMIUM]","V140",false,"[PREMIUM]","K1500 LT",false,false,"[PREMIUM]",,,,,,,,"[PREMIUM]"
"64610306","2026-08-15 04:14:24.542","2026-08-29 11:45:35.997","64610306","2026-08-14 22:10:57.000","[PREMIUM]","189","IL - SOUTHERN ILLINOIS",,,,"CDT","0","V",2015,"FORD","FOCUS","FOCUS","SEDAN 4DR","SILVER","FRONT END","SIDE","IL","SC","YES","D",204358,"A","[PREMIUM]",4236.2,"2.0L 4","FRONT WHEEL DRIVE","AUTOMATIC","GAS",4,"Run & Drive Verified","Pure Sale","[PREMIUM]",,"CAHOKIA HEIGHTS","IL","62205 1001","USA","USD","[PREMIUM]","[PREMIUM]","L160",false,"[PREMIUM]","S",false,false,"[PREMIUM]",,,,,,,,"[PREMIUM]"
"64408686","2026-08-15 04:14:24.521","2026-08-29 11:45:35.869","64408686","2026-08-25 17:52:05.000","[PREMIUM]","189","IL - SOUTHERN ILLINOIS",,,,"CDT","0","V",2009,"HYUNDAI","SANTA FE","SANTA FE","SUV","GRAY","FRONT END",,"IL","SC","YES","D",188197,"A","[PREMIUM]",3753,"3.3L 6","FRONT WHEEL DRIVE","AUTOMATIC","GAS",6,"Run & Drive Verified","Pure Sale","[PREMIUM]",,"CAHOKIA HEIGHTS","IL","62205 1001","USA","USD","[PREMIUM]","[PREMIUM]","T140",false,"[PREMIUM]","LIMITED",false,false,"[PREMIUM]",,,,,,,,"[PREMIUM]"
"64462056","2026-08-15 04:14:24.509","2026-08-29 11:45:35.925","64462056","2026-08-14 22:11:09.000","[PREMIUM]","189","IL - SOUTHERN ILLINOIS",,,,"CDT","0","V",2014,"GMC","ACADIA","ACADIA","4DR SPORT UTILITY","CHARCOAL","FRONT END",,"IL","SC","YES","D",154955,"A","[PREMIUM]",5195.24,"3.6L 6","FRONT WHEEL DRIVE","AUTOMATIC","GAS",6,"Run & Drive Verified","Pure Sale","[PREMIUM]",,"CAHOKIA HEIGHTS","IL","62205 1001","USA","USD","[PREMIUM]","[PREMIUM]","H120",false,"[PREMIUM]","DENALI",false,false,"[PREMIUM]",,,,,,,,"[PREMIUM]"
"64364396","2026-08-15 04:14:24.478","2026-08-29 11:45:35.823","64364396","2026-08-14 22:11:09.000","[PREMIUM]","189","IL - SOUTHERN ILLINOIS",,,,"CDT","0","V",2018,"NISSAN","SENTRA","SENTRA","SEDAN","GRAY","SIDE",,"IL","SC","YES","D",122529,"A","[PREMIUM]",8247.19,"1.8L 4","FRONT WHEEL DRIVE","AUTOMATIC","GAS",4,"Run & Drive Verified","Pure Sale","[PREMIUM]",,"CAHOKIA HEIGHTS","IL","62205 1001","USA","USD","[PREMIUM]","[PREMIUM]","H110",false,"[PREMIUM]","S",false,false,"[PREMIUM]",,,,,,,,"[PREMIUM]"
"64140226","2026-08-15 04:14:24.468","2026-08-18 14:59:51.707","64140226","2026-08-14 22:14:11.000","[PREMIUM]","189","IL - SOUTHERN ILLINOIS",,,,"CDT","0","V",2022,"VOLVO","XC40","XC40","SPORT UTILITY VEHICLE","WHITE","UNDERCARRIAGE","SIDE","IL","SC","NO","E",20910,"A","[PREMIUM]",0,"2.0L 4","ALL WHEEL DRIVE","AUTOMATIC","GAS",4,"DEFAULT","Pure Sale","[PREMIUM]",,"CAHOKIA HEIGHTS","IL","62205 1001","USA","USD","[PREMIUM]","[PREMIUM]","N060",false,"[PREMIUM]","T5 MOMENTUM",false,false,"[PREMIUM]",,,,,,,,"[PREMIUM]"
"64113086","2026-08-15 04:14:24.428","2026-08-29 11:45:35.569","64113086","2026-08-14 22:10:15.000","[PREMIUM]","189","IL - SOUTHERN ILLINOIS",,,,"CDT","0","V",2013,"HYUNDAI","SANTA FE","SANTA FE SPORT","SUV","WHITE","FRONT END",,"IL","SC","YES","D",199718,"A","[PREMIUM]",6455,"2.0L 4","ALL WHEEL DRIVE","AUTOMATIC","GAS",4,"Run & Drive Verified","Pure Sale","[PREMIUM]",,"CAHOKIA HEIGHTS","IL","62205 1001","USA","USD","[PREMIUM]","[PREMIUM]","V120",false,"[PREMIUM]","2.0T",false,false,"[PREMIUM]",,,,,,,,"[PREMIUM]"
"64010836","2026-08-15 04:14:24.425","2026-08-29 11:45:35.501","64010836","2026-08-14 22:12:07.000","[PREMIUM]","189","IL - SOUTHERN ILLINOIS",,,,"CDT","0","V",2017,"DODGE","JOURNEY","JOURNEY","4DR SPORT UTILITY","SILVER","SIDE","FRONT END","IL","SC","YES","D",152364,"A","[PREMIUM]",7775,"3.6L 6","FRONT WHEEL DRIVE","AUTOMATIC","FLEXIBLE",6,"Run & Drive Verified","Pure Sale","[PREMIUM]",,"CAHOKIA HEIGHTS","IL","62205 1001","USA","USD","[PREMIUM]","[PREMIUM]","H100",false,"[PREMIUM]","SXT",false,false,"[PREMIUM]",,,,,,,,"[PREMIUM]"
"63904886","2026-08-15 04:14:24.400","2026-08-29 11:45:35.357","63904886","2026-08-14 22:10:58.000","[PREMIUM]","189","IL - SOUTHERN ILLINOIS",,,,"CDT","0","V",2008,"PONTIAC","G6","G6","SEDAN 4DR","WHITE","FRONT END","SIDE","IL","SC","YES","D",111015,"A","[PREMIUM]",4139.43,"3.5L 6","FRONT WHEEL DRIVE","AUTOMATIC","GAS",6,"Run & Drive Verified","Pure Sale","[PREMIUM]",,"CAHOKIA HEIGHTS","IL","62205 1001","USA","USD","[PREMIUM]","[PREMIUM]","H080",false,"[PREMIUM]","GT",false,false,"[PREMIUM]",,,,,,,,"[PREMIUM]"
"63999526","2026-08-15 04:14:24.395","2026-08-29 11:45:35.500","63999526","2026-08-14 22:10:56.000","[PREMIUM]","189","IL - SOUTHERN ILLINOIS",,,,"CDT","0","V",2005,"TOYOTA","CAMRY","CAMRY","SEDAN","BLUE","FRONT END",,"IL","SC","YES","D",254642,"A","[PREMIUM]",4132,"2.4L 4","FRONT WHEEL DRIVE","AUTOMATIC","GAS",4,"Run & Drive Verified","Pure Sale","[PREMIUM]",,"CAHOKIA HEIGHTS","IL","62205 1001","USA","USD","[PREMIUM]","[PREMIUM]","U120",false,"[PREMIUM]","XLE",false,false,"[PREMIUM]",,,,,,,,"[PREMIUM]"
"63782036","2026-08-15 04:14:24.364","2026-08-29 11:45:35.268","63782036","2026-08-14 22:14:09.000","[PREMIUM]","189","IL - SOUTHERN ILLINOIS",,,,"CDT","0","V",2017,"MERCEDES-BENZ","C-CLASS","C","COUPE","BLACK","FRONT END",,"IL","SC","YES","E",101045,"A","[PREMIUM]",14568,"2.0L 4","REAR WHEEL DRIVE","AUTOMATIC","GAS",4,"DEFAULT","Pure Sale","[PREMIUM]",,"CAHOKIA HEIGHTS","IL","62205 1001","USA","USD","[PREMIUM]","[PREMIUM]","H110",false,"[PREMIUM]","300",false,false,"[PREMIUM]",,,,,,,,"[PREMIUM]"
"63810016","2026-08-15 04:14:24.349","2026-08-29 11:45:35.264","63810016","2026-08-14 22:10:15.000","[PREMIUM]","189","IL - SOUTHERN ILLINOIS",,,,"CDT","0","V",2014,"JEEP","CHEROKEE","CHEROKEE","4DR SPORT UTILITY","GRAY","FRONT END",,"IL","SC","YES","S",173627,"A","[PREMIUM]",5990,"2.4L 4","4X4 W/FRONT WHL DRV","AUTOMATIC","GAS",4,"Vehicle Starts","Pure Sale","[PREMIUM]",,"CAHOKIA HEIGHTS","IL","62205 1001","USA","USD","[PREMIUM]","[PREMIUM]","U140",false,"[PREMIUM]","LATITUDE",false,false,"[PREMIUM]",,,,,,,,"[PREMIUM]"
"63541386","2026-08-15 04:14:24.272","2026-08-21 17:44:35.969","63541386","2026-08-14 22:14:09.000","[PREMIUM]","189","IL - SOUTHERN ILLINOIS",,,,"CDT","0","V",1998,"FORD","F150","F150","PICKUP","BLUE","FRONT END",,"IL","SC","NO","E",133558,"E","[PREMIUM]",0,"4.6L 8","REAR WHEEL DRIVE","AUTOMATIC","GAS",8,"DEFAULT","Pure Sale","[PREMIUM]",,"CAHOKIA HEIGHTS","IL","62205 1001","USA","USD","[PREMIUM]","[PREMIUM]","U150",false,"[PREMIUM]",,false,false,"[PREMIUM]",,,,,,,,"[PREMIUM]"
"63532916","2026-08-15 04:14:24.261","2026-08-29 11:45:35.063","63532916","2026-08-14 22:14:32.000","[PREMIUM]","189","IL - SOUTHERN ILLINOIS",,,,"CDT","0","V",2023,"SUBARU","BRZ","BRZ","COUPE","BLUE","FRONT END",,"IL","SC","YES","E",16637,"A","[PREMIUM]",21620.04,"2.4L 4","REAR WHEEL DRIVE","AUTOMATIC","GAS",4,"DEFAULT","Pure Sale","[PREMIUM]",,"CAHOKIA HEIGHTS","IL","62205 1001","USA","USD","[PREMIUM]","[PREMIUM]","N070",false,"[PREMIUM]","LIMITED",false,false,"[PREMIUM]",,,,,,,,"[PREMIUM]"
"63523726","2026-08-15 04:14:24.225","2026-08-29 11:45:35.062","63523726","2026-08-14 22:14:09.000","[PREMIUM]","189","IL - SOUTHERN ILLINOIS",,,,"CDT","0","V",2022,"CHEVROLET","BOLT EUV","BOLT EUV","HATCHBACK","BLACK","FRONT END",,"IL","SC","YES","D",77081,"A","[PREMIUM]",11686.16,,"FRONT WHEEL DRIVE","AUTOMATIC","ELECTRIC",,"Run & Drive Verified","Pure Sale","[PREMIUM]",,"CAHOKIA HEIGHTS","IL","62205 1001","USA","USD","[PREMIUM]","[PREMIUM]","F120",false,"[PREMIUM]","LT",false,false,"[PREMIUM]",,,,,,,,"[PREMIUM]"
"63523876","2026-08-15 04:14:24.189","2026-08-29 11:45:35.056","63523876","2026-08-14 22:12:07.000","[PREMIUM]","189","IL - SOUTHERN ILLINOIS",,,,"CDT","0","V",2019,"DODGE","JOURNEY","JOURNEY","SPORT UTILITY VEHICLE","RED","FRONT END","SIDE","IL","SC","YES","D",161276,"A","[PREMIUM]",8531.63,"3.6L 6","ALL WHEEL DRIVE","AUTOMATIC","FLEXIBLE",6,"Run & Drive Verified","Pure Sale","[PREMIUM]",,"CAHOKIA HEIGHTS","IL","62205 1001","USA","USD","[PREMIUM]","[PREMIUM]","H080",false,"[PREMIUM]","GT",false,false,"[PREMIUM]",,,,,,,,"[PREMIUM]"
"63253606","2026-08-15 04:14:24.148","2026-08-29 11:45:34.814","63253606","2026-08-14 22:12:09.000","[PREMIUM]","189","IL - SOUTHERN ILLINOIS",,,,"CDT","0","V",2020,"CHEVROLET","SILVERADO","SILVERADO","PICKUP","SILVER","FRONT END","REAR END","IL","SC","YES","D",104440,"A","[PREMIUM]",17824.29,"4.3L 6","REAR WHEEL DRIVE","AUTOMATIC","GAS",6,"Run & Drive Verified","Pure Sale","[PREMIUM]",,"CAHOKIA HEIGHTS","IL","62205 1001","USA","USD","[PREMIUM]","[PREMIUM]","V130",false,"[PREMIUM]","C1500 CUSTOM",false,false,"[PREMIUM]",,,,,,,,"[PREMIUM]"
"63038906","2026-08-15 04:14:24.025","2026-08-29 11:45:34.631","63038906","2026-08-14 22:00:14.000","[PREMIUM]","189","IL - SOUTHERN ILLINOIS",,,,"CDT","0","V",2013,"RAM","1500","1500","CREW PICKUP","BLACK","SIDE","REAR END","IL","SC","YES","D",47752,"A","[PREMIUM]",13034.31,"5.7L 8","4X4 W/REAR WHEEL DRV","AUTOMATIC","GAS",8,"Run & Drive Verified","Pure Sale","[PREMIUM]",,"CAHOKIA HEIGHTS","IL","62205 1001","USA","USD","[PREMIUM]","[PREMIUM]","H030",false,"[PREMIUM]","SPORT",false,false,"[PREMIUM]",,,,,,,,"[PREMIUM]"
"63022576","2026-08-15 04:14:23.956","2026-08-29 11:45:34.572","63022576","2026-08-14 22:10:58.000","[PREMIUM]","189","IL - SOUTHERN ILLINOIS",,,,"CDT","0","V",2015,"TOYOTA","RAV4","RAV4","4DR SPORT UTILITY","WHITE","FRONT END",,"IL","SC","YES","D",100741,"A","[PREMIUM]",12810.97,"2.5L 4","ALL WHEEL DRIVE","AUTOMATIC","GAS",4,"Run & Drive Verified","Pure Sale","[PREMIUM]",,"CAHOKIA HEIGHTS","IL","62205 1001","USA","USD","[PREMIUM]","[PREMIUM]","F020",false,"[PREMIUM]","XLE",false,false,"[PREMIUM]",,,,,,,,"[PREMIUM]"
"62936116","2026-08-15 04:14:23.896","2026-08-29 11:45:34.475","62936116","2026-08-14 22:10:57.000","[PREMIUM]","189","IL - SOUTHERN ILLINOIS",,,,"CDT","0","V",2012,"TOYOTA","CAMRY","CAMRY","SEDAN","RED","FRONT END",,"IL","SC","YES","D",160858,"A","[PREMIUM]",6797,"2.5L 4","FRONT WHEEL DRIVE","AUTOMATIC","GAS",4,"Run & Drive Verified","Pure Sale","[PREMIUM]",,"CAHOKIA HEIGHTS","IL","62205 1001","USA","USD","[PREMIUM]","[PREMIUM]","E080",false,"[PREMIUM]","LE",false,false,"[PREMIUM]",,,,,,,,"[PREMIUM]"
"62657856","2026-08-15 04:14:23.754","2026-08-29 11:45:34.223","62657856","2026-08-14 22:10:59.000","[PREMIUM]","189","IL - SOUTHERN ILLINOIS",,,,"CDT","0","V",2005,"DODGE","CARAVAN","GRAND CARAVAN","EXTENDED SPORT VAN","SILVER","REAR END",,"IL","SC","YES","D",135985,"A","[PREMIUM]",3345.63,"3.3L 6","FRONT WHEEL DRIVE","AUTOMATIC","GAS",6,"Run & Drive Verified","Pure Sale","[PREMIUM]",,"CAHOKIA HEIGHTS","IL","62205 1001","USA","USD","[PREMIUM]","[PREMIUM]","G100",false,"[PREMIUM]","SE",false,false,"[PREMIUM]",,,,,,,,"[PREMIUM]"
"62648176","2026-08-15 04:14:23.722","2026-08-29 11:45:34.183","62648176","2026-08-14 22:00:14.000","[PREMIUM]","189","IL - SOUTHERN ILLINOIS",,,,"CDT","0","V",2018,"HYUNDAI","ELANTRA VA","ELANTRA","SEDAN","RED","WATER/FLOOD","FRONT END","IL","FS","YES","E",53361,"A","[PREMIUM]",12281,"2.0L 4","FRONT WHEEL DRIVE","AUTOMATIC","GAS",4,"DEFAULT","Pure Sale","[PREMIUM]",,"CAHOKIA HEIGHTS","IL","62205 1001","USA","USD","[PREMIUM]","[PREMIUM]","M170",false,"[PREMIUM]","VALUE EDITION",false,false,"[PREMIUM]",,,,,,,,"[PREMIUM]"
"62399456","2026-08-15 04:14:23.521","2026-08-29 11:45:34.074","62399456","2026-08-14 22:00:14.000","[PREMIUM]","189","IL - SOUTHERN ILLINOIS",,,,"CDT","0","V",2016,"CADILLAC","SRX","SRX","4DR SPORT UTILITY","WHITE","FRONT END",,"IL","SC","YES","D",98714,"A","[PREMIUM]",9615.02,"3.6L 6","FRONT WHEEL DRIVE","AUTOMATIC","GAS",6,"Run & Drive Verified","Pure Sale","[PREMIUM]",,"CAHOKIA HEIGHTS","IL","62205 1001","USA","USD","[PREMIUM]","[PREMIUM]","J080",false,"[PREMIUM]","PREMIUM COLLECTION",false,false,"[PREMIUM]",,,,,,,,"[PREMIUM]"
"62310076","2026-08-15 04:14:23.485","2026-08-29 11:45:33.954","62310076","2026-08-14 22:10:15.000","[PREMIUM]","836","HEAVY TRUCK SPECIALTY SALE",,,,"CDT","0","R",2014,"NORT","RECREATION","RECREATIONAL VEHICLE (RV)",,"TWO TONE","HAIL","MINOR DENT/SCRATCHES","IL","SC","EXM","E",0,"N","[PREMIUM]",9000,,,"NONE",,,"DEFAULT","Pure Sale","[PREMIUM]",,"CAHOKIA HEIGHTS","IL","62205 1001","USA","USD","[PREMIUM]","[PREMIUM]","CAMP5",false,"[PREMIUM]",,false,false,"[PREMIUM]",,,,,,,,"[PREMIUM]"
