"_primaryKey","_firstSeenAt","_lastSeenAt","lotId","updatedAt","vin","yardNumber","yardName","saleDate","saleDayOfWeek","saleTime","saleTimeZone","itemNumber","vehicleType","year","make","modelGroup","modelDetail","bodyStyle","exteriorColor","damageDescription","secondaryDamage","saleTitleState","saleTitleType","hasKeys","lotCondCode","mileage","odometerBrand","estRetailValue","repairCost","engine","drivetrain","transmission","fuelType","cylinders","runsDrives","saleStatus","highBid","specialNote","locationCity","locationState","locationZip","locationCountry","currencyCode","imageThumbnail","imageUrl","gridRow","makeOfferEligible","buyItNowPrice","trim","rentals","wholesale","sellerName","offsiteAddress1","offsiteState","offsiteCity","offsiteZip","saleLight","autoGrade","announcements","listingUrl"
"60069196","2026-08-08 20:57:17.866","2026-08-19 15:04:12.594","60069196","2026-08-08 17:22:38.000","[PREMIUM]","398","IA - CEDAR RAPIDS",,,,"CDT","0","V",2013,"FORD","F-150","F150","CREW PICKUP","WHITE","FRONT END","REAR END","MO","SC","YES","E",106342,"A","[PREMIUM]",10000,"3.5L 6","4X4 W/REAR WHEEL DRV","AUTOMATIC","GAS",6,"DEFAULT","Pure Sale","[PREMIUM]",,"CEDAR RAPIDS","IA","52404","USA","USD","[PREMIUM]","[PREMIUM]","E100",false,"[PREMIUM]","SUPERCREW",false,false,"[PREMIUM]",,,,,,,,"[PREMIUM]"
"76293375","2026-08-08 20:57:08.247","2026-08-17 03:03:51.238","76293375","2026-08-14 16:59:43.000","[PREMIUM]","386","LA - VINTON","2026-08-17","MONDAY","1200","CDT","2519","V",2016,"VOLKSWAGEN","JETTA","JETTA","SEDAN 4DR","GRAY","FRONT END","SIDE","LA","ST","YES","E",0,"N","[PREMIUM]",7375,"1.8L 4","FRONT WHEEL DRIVE","AUTOMATIC","GAS",4,"DEFAULT","Pure Sale","[PREMIUM]",,"SULPHUR","LA","70663","USA","USD","[PREMIUM]","[PREMIUM]","C030",false,"[PREMIUM]","SPORT",false,false,"[PREMIUM]",,,,,,,,"[PREMIUM]"
"60965216","2026-08-08 20:56:40.838","2026-08-22 17:49:28.127","60965216","2026-08-20 17:53:54.000","[PREMIUM]","369","KS - KANSAS CITY","2026-08-25","TUESDAY","1200","CDT","0","V",2007,"DODGE","All Models","RAM 1500",,"GRAY","FRONT END","REAR END","MO","SC","YES","D",286930,"E","[PREMIUM]",0,,,"AUTOMATIC",,,"Run & Drive Verified","Pure Sale","[PREMIUM]",,"KANSAS CITY","KS","66111 2629","USA","USD","[PREMIUM]","[PREMIUM]","D100",false,"[PREMIUM]",,false,false,"[PREMIUM]",,,,,,,,"[PREMIUM]"
"63121666","2026-08-08 20:56:24.998","2026-08-11 02:31:28.588","63121666","2026-08-10 23:36:59.000","[PREMIUM]","855","WHOLESALE AUCTION","2026-08-11","TUESDAY","1200","EDT","0","K",2018,"FORD","TRANSIT","TRANSIT","VAN CARGO","WHITE","NORMAL WEAR",,"MA","CT","YES","D",149521,"A","[PREMIUM]",4395,"3.7L 6","REAR WHEEL DRIVE","AUTOMATIC","GAS",6,"Run & Drive Verified","On Minimum Bid","[PREMIUM]",,"ASSONET","MA","02702","USA","USD","[PREMIUM]","[PREMIUM]","T070",false,"[PREMIUM]","T-250",false,true,"[PREMIUM]",,,,,"RED LIGHT",3.3,"Safety,Other","[PREMIUM]"
"63121626","2026-08-08 20:56:24.997","2026-08-11 02:31:28.597","63121626","2026-08-10 23:36:58.000","[PREMIUM]","855","WHOLESALE AUCTION","2026-08-11","TUESDAY","1200","EDT","0","K",2017,"FORD","TRANSIT","TRANSIT","CARGO VAN","WHITE","NORMAL WEAR",,"MA","CT","YES","D",125804,"A","[PREMIUM]",6031,"3.7L 6","REAR WHEEL DRIVE","AUTOMATIC","GAS",6,"Run & Drive Verified","On Minimum Bid","[PREMIUM]",,"ASSONET","MA","02702","USA","USD","[PREMIUM]","[PREMIUM]","T070",false,"[PREMIUM]","T-250",false,true,"[PREMIUM]",,,,,"RED LIGHT",2.6,"Maintenance,Safety,Other","[PREMIUM]"
"60793406","2026-08-08 20:56:24.128","2026-08-11 02:31:27.863","60793406","2026-08-08 15:05:30.000","[PREMIUM]","855","WHOLESALE AUCTION","2026-08-11","TUESDAY","1200","EDT","0","K",2021,"RAM","PROMASTER","PROMASTER 3500","VAN CARGO","BLUE","SIDE",,"MA","CT","YES","D",50260,"A","[PREMIUM]",770,"3.6L 6","FRONT WHEEL DRIVE","AUTOMATIC","FLEXIBLE",6,"Run & Drive Verified","On Approval","[PREMIUM]",,"ASSONET","MA","02702","USA","USD","[PREMIUM]","[PREMIUM]","W050",false,"[PREMIUM]",,false,true,"[PREMIUM]",,,,,"RED LIGHT",2.5,,"[PREMIUM]"
"63935676","2026-08-08 20:54:46.223","2026-08-22 17:47:36.205","63935676","2026-08-18 16:53:04.000","[PREMIUM]","193","CO - DENVER SOUTH","2026-08-24","MONDAY","1200","MDT","0","V",2011,"TOYOTA","CAMRY","CAMRY","SEDAN","TEAL","VANDALISM","FRONT END","CO","PS","YES","D",136068,"A","[PREMIUM]",6484,"3.5L 6","FRONT WHEEL DRIVE","AUTOMATIC","GAS",6,"Run & Drive Verified","Pure Sale","[PREMIUM]",,"LITTLETON","CO","80125 9741","USA","USD","[PREMIUM]","[PREMIUM]","H050",false,"[PREMIUM]","XLE V6",false,false,"[PREMIUM]",,,,,,,,"[PREMIUM]"
"62082166","2026-08-08 20:54:44.328","2026-08-22 17:47:34.423","62082166","2026-08-22 14:29:40.000","[PREMIUM]","193","CO - DENVER SOUTH","2026-08-31","MONDAY","1200","MDT","0","V",2025,"NISSAN","FRONTIER","FRONTIER","PICKUP","BLACK","FRONT END","REAR END","CO","PS","YES","D",6027,"A","[PREMIUM]",33020.94,"3.8L 6","FOUR BY FOUR","AUTOMATIC","GAS",6,"Run & Drive Verified","On Minimum Bid","[PREMIUM]",,"LITTLETON","CO","80125 9741","USA","USD","[PREMIUM]","[PREMIUM]","I070",false,"[PREMIUM]","PRO-4X",false,false,"[PREMIUM]",,,,,,,,"[PREMIUM]"
"47026846","2026-08-08 20:54:28.278","2026-08-22 17:47:18.476","47026846","2026-08-19 21:32:36.000","[PREMIUM]","189","IL - SOUTHERN ILLINOIS","2026-08-24","MONDAY","1200","CDT","0","V",2022,"DODGE","DURANGO R","DURANGO","SPORT UTILITY VEHICLE","GRAY","FRONT END","REAR END","MO","SC","YES","S",55790,"A","[PREMIUM]",0,"5.7L 8","ALL WHEEL DRIVE","AUTOMATIC","GAS",8,"Vehicle Starts","Pure Sale","[PREMIUM]",,"CAHOKIA HEIGHTS","IL","62205 1001","USA","USD","[PREMIUM]","[PREMIUM]","O130",false,"[PREMIUM]","R",false,false,"[PREMIUM]",,,,,,,,"[PREMIUM]"
"47058706","2026-08-08 20:52:59.826","2026-08-22 17:45:51.264","47058706","2026-08-20 15:30:28.000","[PREMIUM]","146","GA - ATLANTA SOUTH","2026-08-25","TUESDAY","1000","EDT","0","V",2006,"FORD","F-150","F150","CREW PICKUP","MAROON","FRONT END","SIDE","MO","SC","YES","E",245565,"E","[PREMIUM]",7200,"5.4L 8","4X4 W/REAR WHEEL DRV","AUTOMATIC","FLEXIBLE",8,"DEFAULT","Pure Sale","[PREMIUM]",,"ELLENWOOD","GA","30294 2655","USA","USD","[PREMIUM]","[PREMIUM]","J130",false,"[PREMIUM]","SUPERCREW",false,false,"[PREMIUM]",,,,,,,,"[PREMIUM]"
"85459385","2026-08-08 20:52:40.934","2026-08-22 17:45:32.397","85459385","2026-08-21 12:06:35.000","[PREMIUM]","141","MO - SIKESTON","2026-08-24","MONDAY","1200","CDT","6","V",2012,"CHRYSLER","200","200","SEDAN 4DR","BLACK","SIDE","REAR END","MO","SC","YES","D",146295,"A","[PREMIUM]",4654.63,"2.4L 4","FRONT WHEEL DRIVE","AUTOMATIC","GAS",4,"Run & Drive Verified","Pure Sale","[PREMIUM]",,"SIKESTON","MO","63801 7262","USA","USD","[PREMIUM]","[PREMIUM]","B050",false,"[PREMIUM]","LIMITED",false,false,"[PREMIUM]",,,,,,,,"[PREMIUM]"
"61299636","2026-08-08 20:52:40.647","2026-08-22 17:45:31.703","61299636","2026-08-21 12:06:35.000","[PREMIUM]","141","MO - SIKESTON","2026-08-24","MONDAY","1200","CDT","60","V",2021,"TOYOTA","CAMRY","CAMRY","SEDAN","BLACK","FRONT END","REAR END","MO","SC","YES","D",127130,"A","[PREMIUM]",8597.51,"2.5L 4","FRONT WHEEL DRIVE","AUTOMATIC","GAS",4,"Run & Drive Verified","Pure Sale","[PREMIUM]",,"SIKESTON","MO","63801 7262","USA","USD","[PREMIUM]","[PREMIUM]","D050",false,"[PREMIUM]","SE",false,false,"[PREMIUM]",,,,,,,,"[PREMIUM]"
"62234856","2026-08-08 20:52:40.530","2026-08-22 17:45:31.903","62234856","2026-08-21 12:06:35.000","[PREMIUM]","141","MO - SIKESTON","2026-08-24","MONDAY","1200","CDT","33","V",2014,"FORD","F-150","F150","CREW PICKUP","BLACK","SIDE","REAR END","MO","SC","YES","D",134577,"A","[PREMIUM]",0,"5.0L 8","4X4 W/REAR WHEEL DRV","AUTOMATIC","FLEXIBLE",8,"Run & Drive Verified","Pure Sale","[PREMIUM]",,"SIKESTON","MO","63801 7262","USA","USD","[PREMIUM]","[PREMIUM]","H030",false,"[PREMIUM]","SUPERCREW",false,false,"[PREMIUM]",,,,,,,,"[PREMIUM]"
"61319026","2026-08-08 20:52:40.401","2026-08-22 17:45:31.701","61319026","2026-08-19 19:07:14.000","[PREMIUM]","836","HEAVY TRUCK SPECIALTY SALE","2026-08-27","THURSDAY","1100","CDT","0","R",2005,"FORD","ALL OTHER","2.0 MOTOR","CUTAWAY","WHITE","WATER/FLOOD","ALL OVER","MO","SC","NO",,0,"E","[PREMIUM]",27641,,,"AUTOMATIC",,,,"Pure Sale","[PREMIUM]",,"SIKESTON","MO","63801 7262","USA","USD","[PREMIUM]","[PREMIUM]","HVY",false,"[PREMIUM]",,false,false,"[PREMIUM]",,,,,,,,"[PREMIUM]"
"61152696","2026-08-08 20:52:40.366","2026-08-22 17:45:31.673","61152696","2026-08-08 17:19:24.000","[PREMIUM]","141","MO - SIKESTON",,,,"CDT","0","V",2013,"FORD","TAURUS","TAURUS","SEDAN 4DR","BLUE","FRONT END","SIDE","MO","SC","YES","D",125104,"A","[PREMIUM]",12558,"3.5L 6","FRONT WHEEL DRIVE","AUTOMATIC","GAS",6,"Run & Drive Verified","Pure Sale","[PREMIUM]",,"SIKESTON","MO","63801 7262","USA","USD","[PREMIUM]","[PREMIUM]","H030",false,"[PREMIUM]","LIMITED",false,false,"[PREMIUM]",,,,,,,,"[PREMIUM]"
"60894616","2026-08-08 20:52:40.322","2026-08-21 17:42:55.628","60894616","2026-08-21 12:06:35.000","[PREMIUM]","141","MO - SIKESTON","2026-08-24","MONDAY","1200","CDT","1110","V",2020,"CHEVROLET","SILVERADO","SILVERADO","PICKUP","BLACK","WATER/FLOOD","ALL OVER","MO","SC","NO","E",0,"N","[PREMIUM]",0,"5.3L 8","4X4 W/REAR WHEEL DRV","AUTOMATIC","GAS",8,"DEFAULT","Pure Sale","[PREMIUM]",,"SIKESTON","MO","63801 7262","USA","USD","[PREMIUM]","[PREMIUM]","D060",false,"[PREMIUM]","K1500 RST",false,false,"[PREMIUM]",,,,,,,,"[PREMIUM]"
"58191776","2026-08-08 20:52:39.835","2026-08-22 17:45:31.335","58191776","2026-08-21 12:06:35.000","[PREMIUM]","141","MO - SIKESTON","2026-08-24","MONDAY","1200","CDT","61","V",2021,"GMC","TERRAIN","TERRAIN","SPORT UTILITY VEHICLE","WHITE","FRONT END","REAR END","MO","SC","YES","D",134060,"A","[PREMIUM]",0,"1.5L 4","FRONT WHEEL DRIVE","AUTOMATIC","GAS",4,"Run & Drive Verified","Pure Sale","[PREMIUM]",,"SIKESTON","MO","63801 7262","USA","USD","[PREMIUM]","[PREMIUM]","B030",false,"[PREMIUM]","SLT",false,false,"[PREMIUM]",,,,,,,,"[PREMIUM]"
"57338266","2026-08-08 20:52:39.788","2026-08-22 17:45:31.292","57338266","2026-08-21 12:06:35.000","[PREMIUM]","141","MO - SIKESTON","2026-08-24","MONDAY","1200","CDT","18","V",2016,"FORD","TRANSIT","TRANSIT CONNECT","SPORTS VAN","WHITE","SIDE",,"MO","SC","YES","D",87881,"A","[PREMIUM]",7142.3,"2.5L 4","FRONT WHEEL DRIVE","AUTOMATIC","GAS",4,"Run & Drive Verified","Pure Sale","[PREMIUM]",,"SIKESTON","MO","63801 7262","USA","USD","[PREMIUM]","[PREMIUM]","G050",false,"[PREMIUM]","XLT",false,false,"[PREMIUM]",,,,,,,,"[PREMIUM]"
"56325296","2026-08-08 20:52:39.700","2026-08-22 17:45:31.263","56325296","2026-08-21 12:06:35.000","[PREMIUM]","141","MO - SIKESTON","2026-08-24","MONDAY","1200","CDT","57","V",2021,"NISSAN","ROGUE","ROGUE","SPORT UTILITY VEHICLE","MAROON","FRONT END",,"MO","SC","YES","D",117908,"A","[PREMIUM]",9532.18,"2.5L 4","FRONT WHEEL DRIVE","AUTOMATIC","GAS",4,"Run & Drive Verified","On Minimum Bid","[PREMIUM]",,"SIKESTON","MO","63801 7262","USA","USD","[PREMIUM]","[PREMIUM]","E050",false,"[PREMIUM]","SV",false,false,"[PREMIUM]",,,,,,,,"[PREMIUM]"
"50568826","2026-08-08 20:52:39.368","2026-08-22 17:45:31.103","50568826","2026-08-19 21:31:11.000","[PREMIUM]","836","HEAVY TRUCK SPECIALTY SALE","2026-08-27","THURSDAY","1100","CDT","0","U",2024,"VOLVO","VNR UNKNOW","VNR","TRACTOR TRUCK","WHITE","SIDE","FRONT END","MO","SC","YES","E",206785,"A","[PREMIUM]",89815.2,"12.8L 6","REAR WHEEL DRIVE","AUTOMATIC","DIESEL",6,"DEFAULT","Pure Sale","[PREMIUM]",,"SIKESTON","MO","63801 7262","USA","USD","[PREMIUM]","[PREMIUM]","HVY",false,"[PREMIUM]","UNKNOWN",false,false,"[PREMIUM]",,,,,,,,"[PREMIUM]"
"63314806","2026-08-08 20:51:58.300","2026-08-18 08:59:10.108","63314806","2026-08-14 16:25:39.000","[PREMIUM]","125","MO - COLUMBIA","2026-08-18","TUESDAY","1200","CDT","2509","V",2016,"FORD","EXPLORER","EXPLORER","4DR SPORT UTILITY","WHITE","FRONT END",,"ID","SC","YES",,0,"N","[PREMIUM]",16846,"3.5L 6","4X4 W/FRONT WHL DRV","AUTOMATIC","GAS",6,,"On Minimum Bid","[PREMIUM]",,"COLUMBIA","MO","65201 8826","USA","USD","[PREMIUM]","[PREMIUM]","D030",false,"[PREMIUM]","SPORT",false,false,"[PREMIUM]",,,,,,,,"[PREMIUM]"
"63478766","2026-08-08 20:51:58.296","2026-08-22 17:44:50.230","63478766","2026-08-21 13:33:35.000","[PREMIUM]","125","MO - COLUMBIA","2026-08-25","TUESDAY","1200","CDT","2016","V",2017,"HYUNDAI","TUCSON","TUCSON","SUV","WHITE","FRONT END",,"MO","SC","YES","D",181884,"A","[PREMIUM]",8452,"2.0L 4","ALL WHEEL DRIVE","AUTOMATIC","GAS",4,"Run & Drive Verified","Pure Sale","[PREMIUM]",,"COLUMBIA","MO","65201 8826","USA","USD","[PREMIUM]","[PREMIUM]","B020",false,"[PREMIUM]","SE",false,false,"[PREMIUM]",,,,,,,,"[PREMIUM]"
"63194846","2026-08-08 20:51:58.242","2026-08-22 17:44:50.141","63194846","2026-08-21 13:33:35.000","[PREMIUM]","125","MO - COLUMBIA","2026-08-25","TUESDAY","1200","CDT","55","V",2020,"FORD","FUSION","FUSION","SEDAN","BLUE","FRONT END",,"MO","SC","YES","D",89443,"A","[PREMIUM]",11211.7,"1.5L 4","FRONT WHEEL DRIVE","AUTOMATIC","GAS",4,"Run & Drive Verified","Pure Sale","[PREMIUM]",,"COLUMBIA","MO","65201 8826","USA","USD","[PREMIUM]","[PREMIUM]","E070",false,"[PREMIUM]","SEL",false,false,"[PREMIUM]",,,,,,,,"[PREMIUM]"
"63241336","2026-08-08 20:51:58.238","2026-08-22 17:44:50.158","63241336","2026-08-21 13:33:35.000","[PREMIUM]","125","MO - COLUMBIA","2026-08-25","TUESDAY","1200","CDT","2565","V",2018,"FORD","EXPLORER","EXPLORER","SPORT UTILITY VEHICLE","SILVER","FRONT END","MECHANICAL","MO","SC","YES","E",120412,"A","[PREMIUM]",11916.01,"3.5L 6","4X4 W/FRONT WHL DRV","AUTOMATIC","GAS",6,"DEFAULT","On Minimum Bid","[PREMIUM]",,"COLUMBIA","MO","65201 8826","USA","USD","[PREMIUM]","[PREMIUM]","C070",false,"[PREMIUM]","XLT",false,false,"[PREMIUM]",,,,,,,,"[PREMIUM]"
"62989956","2026-08-08 20:51:58.172","2026-08-22 17:44:50.105","62989956","2026-08-21 13:33:35.000","[PREMIUM]","125","MO - COLUMBIA","2026-08-25","TUESDAY","1200","CDT","2550","V",2012,"BUICK","LACROSSE","LACROSSE","SEDAN 4DR","WHITE","FRONT END",,"MO","SC","YES","E",168461,"A","[PREMIUM]",7059.42,"3.6L 6","FRONT WHEEL DRIVE","AUTOMATIC","GAS",6,"DEFAULT","On Minimum Bid","[PREMIUM]",,"COLUMBIA","MO","65201 8826","USA","USD","[PREMIUM]","[PREMIUM]","E050",false,"[PREMIUM]",,false,false,"[PREMIUM]",,,,,,,,"[PREMIUM]"
"62641856","2026-08-08 20:51:58.164","2026-08-22 17:44:50.046","62641856","2026-08-21 13:33:35.000","[PREMIUM]","125","MO - COLUMBIA","2026-08-25","TUESDAY","1200","CDT","57","V",2016,"DODGE","DART","DART","SEDAN 4DR","WHITE","FRONT END","SIDE","MO","SC","YES","D",125538,"A","[PREMIUM]",5488.08,"2.0L 4","FRONT WHEEL DRIVE","AUTOMATIC","GAS",4,"Run & Drive Verified","Pure Sale","[PREMIUM]",,"COLUMBIA","MO","65201 8826","USA","USD","[PREMIUM]","[PREMIUM]","E070",false,"[PREMIUM]","SXT SPORT",false,false,"[PREMIUM]",,,,,,,,"[PREMIUM]"
"62636796","2026-08-08 20:51:58.118","2026-08-22 17:44:50.041","62636796","2026-08-21 13:33:35.000","[PREMIUM]","125","MO - COLUMBIA","2026-08-25","TUESDAY","1200","CDT","2010","V",2010,"GMC","ACADIA","ACADIA","4DR SPORT UTILITY","WHITE","TOP/ROOF",,"MO","SC","YES","D",118590,"E","[PREMIUM]",5388.38,"3.6L 6","ALL WHEEL DRIVE","AUTOMATIC","GAS",6,"Run & Drive Verified","Pure Sale","[PREMIUM]",,"COLUMBIA","MO","65201 8826","USA","USD","[PREMIUM]","[PREMIUM]","A040",false,"[PREMIUM]","SLT-1",false,false,"[PREMIUM]",,,,,,,,"[PREMIUM]"
"62512166","2026-08-08 20:51:58.044","2026-08-18 08:59:09.864","62512166","2026-08-14 16:25:39.000","[PREMIUM]","125","MO - COLUMBIA","2026-08-18","TUESDAY","1200","CDT","58","V",2017,"SUBARU","OUTBACK","OUTBACK","SPORT UTILITY VEHICLE","MAROON","REAR END","HAIL","ID","SC","YES","D",166752,"A","[PREMIUM]",7869,"2.5L 4","ALL WHEEL DRIVE","AUTOMATIC","GAS",4,"Run & Drive Verified","Pure Sale","[PREMIUM]",,"COLUMBIA","MO","65201 8826","USA","USD","[PREMIUM]","[PREMIUM]","E110",false,"[PREMIUM]","2.5I LIMITED",false,false,"[PREMIUM]",,,,,,,,"[PREMIUM]"
"62147386","2026-08-08 20:51:57.943","2026-08-22 17:44:49.920","62147386","2026-08-21 13:33:35.000","[PREMIUM]","125","MO - COLUMBIA","2026-08-25","TUESDAY","1200","CDT","90","V",2019,"CADILLAC","XT4","XT4","SPORT UTILITY VEHICLE","BURGUNDY","FRONT END",,"MO","SC","YES","D",30613,"A","[PREMIUM]",0,"2.0L 4","FRONT WHEEL DRIVE","AUTOMATIC","GAS",4,"Run & Drive Verified","Pure Sale","[PREMIUM]",,"COLUMBIA","MO","65201 8826","USA","USD","[PREMIUM]","[PREMIUM]","E050",false,"[PREMIUM]","LUXURY",false,false,"[PREMIUM]",,,,,,,,"[PREMIUM]"
"61788206","2026-08-08 20:51:57.876","2026-08-22 17:44:49.860","61788206","2026-08-21 13:33:35.000","[PREMIUM]","125","MO - COLUMBIA","2026-08-25","TUESDAY","1200","CDT","14","V",2016,"TOYOTA","RAV4","RAV4","4DR SPORT UTILITY","RED","TOP/ROOF","REAR END","MO","SC","YES","D",126390,"A","[PREMIUM]",10000,"2.5L 4","FRONT WHEEL DRIVE","AUTOMATIC","GAS",4,"Run & Drive Verified","Pure Sale","[PREMIUM]",,"COLUMBIA","MO","65201 8826","USA","USD","[PREMIUM]","[PREMIUM]","B020",false,"[PREMIUM]","LE",false,false,"[PREMIUM]",,,,,,,,"[PREMIUM]"
"61703116","2026-08-08 20:51:57.825","2026-08-22 17:44:49.852","61703116","2026-08-21 13:33:35.000","[PREMIUM]","125","MO - COLUMBIA","2026-08-25","TUESDAY","1200","CDT","2522","V",2017,"GMC","ACADIA","ACADIA","4DR SPORT UTILITY","SILVER","FRONT END","SIDE","MO","SC","YES","S",170550,"A","[PREMIUM]",8379,"3.6L 6","FRONT WHEEL DRIVE","AUTOMATIC","GAS",6,"Vehicle Starts","Pure Sale","[PREMIUM]",,"COLUMBIA","MO","65201 8826","USA","USD","[PREMIUM]","[PREMIUM]","E060",false,"[PREMIUM]","SLT-2",false,false,"[PREMIUM]",,,,,,,,"[PREMIUM]"
"61403076","2026-08-08 20:51:57.737","2026-08-22 17:44:49.755","61403076","2026-08-21 13:33:35.000","[PREMIUM]","125","MO - COLUMBIA","2026-08-25","TUESDAY","1200","CDT","37","V",2019,"NISSAN","SENTRA","SENTRA",,"SILVER","REAR END",,"MO","SC","YES","D",157820,"A","[PREMIUM]",8500,,,"AUTOMATIC",,,"Run & Drive Verified","Pure Sale","[PREMIUM]",,"COLUMBIA","MO","65201 8826","USA","USD","[PREMIUM]","[PREMIUM]","C040",false,"[PREMIUM]","SR",false,false,"[PREMIUM]",,,,,,,,"[PREMIUM]"
"61322896","2026-08-08 20:51:57.691","2026-08-22 17:44:49.729","61322896","2026-08-21 13:33:35.000","[PREMIUM]","125","MO - COLUMBIA","2026-08-25","TUESDAY","1200","CDT","21","V",2006,"KIA","SPORTAGE","NEW SPORTAGE","4DR SPORT UTILITY","BURGUNDY","SIDE",,"MO","SC","YES","D",150793,"A","[PREMIUM]",3829.42,"2.7L 6","4X4 W/FRONT WHL DRV","AUTOMATIC","GAS",6,"Run & Drive Verified","Pure Sale","[PREMIUM]",,"COLUMBIA","MO","65201 8826","USA","USD","[PREMIUM]","[PREMIUM]","A030",false,"[PREMIUM]",,false,false,"[PREMIUM]",,,,,,,,"[PREMIUM]"
"61186466","2026-08-08 20:51:57.672","2026-08-22 17:44:49.727","61186466","2026-08-21 17:47:16.000","[PREMIUM]","125","MO - COLUMBIA","2026-08-25","TUESDAY","1200","CDT","53","V",2019,"HYUNDAI","TUCSON","TUCSON","SPORT UTILITY VEHICLE","GRAY","FRONT END",,"MO","SC","YES","D",96799,"A","[PREMIUM]",0,"2.0L 4","ALL WHEEL DRIVE","AUTOMATIC","GAS",4,"Run & Drive Verified","Pure Sale","[PREMIUM]",,"COLUMBIA","MO","65201 8826","USA","USD","[PREMIUM]","[PREMIUM]","D050",false,"[PREMIUM]","SE",false,false,"[PREMIUM]",,,,,,,,"[PREMIUM]"
"60015526","2026-08-08 20:51:57.337","2026-08-18 08:59:09.341","60015526","2026-08-14 16:25:40.000","[PREMIUM]","125","MO - COLUMBIA","2026-08-18","TUESDAY","1200","CDT","2536","V",2014,"TOYOTA","CAMRY","CAMRY","SEDAN","GRAY","FRONT END","SIDE","ID","SC","YES","E",0,"N","[PREMIUM]",0,"2.5L 4","FRONT WHEEL DRIVE","AUTOMATIC","GAS",4,"DEFAULT","Pure Sale","[PREMIUM]",,"COLUMBIA","MO","65201 8826","USA","USD","[PREMIUM]","[PREMIUM]","BLU30",false,"[PREMIUM]","SE",false,false,"[PREMIUM]",,,,,,,,"[PREMIUM]"
"58848116","2026-08-08 20:51:57.088","2026-08-22 17:44:49.296","58848116","2026-08-21 13:33:35.000","[PREMIUM]","125","MO - COLUMBIA","2026-08-25","TUESDAY","1200","CDT","67","V",2018,"FORD","F-150","F150","PICKUP","SILVER","FRONT END","SIDE","MO","SC","YES","D",131679,"A","[PREMIUM]",27394,"5.0L 8","REAR WHEEL DRIVE","AUTOMATIC","GAS",8,"Run & Drive Verified","Pure Sale","[PREMIUM]",,"COLUMBIA","MO","65201 8826","USA","USD","[PREMIUM]","[PREMIUM]","E050",false,"[PREMIUM]","SUPERCREW",false,false,"[PREMIUM]",,,,,,,,"[PREMIUM]"
"58831386","2026-08-08 20:51:57.008","2026-08-22 17:44:49.312","58831386","2026-08-21 13:33:35.000","[PREMIUM]","125","MO - COLUMBIA","2026-08-25","TUESDAY","1200","CDT","74","V",2023,"CHEVROLET","TRAILBLZR","TRAILBLAZER","SPORT UTILITY VEHICLE","GRAY","SIDE","MINOR DENT/SCRATCHES","MO","SC","YES","D",71368,"A","[PREMIUM]",17000,"1.3L 3","ALL WHEEL DRIVE","AUTOMATIC","GAS",3,"Run & Drive Verified","Pure Sale","[PREMIUM]",,"COLUMBIA","MO","65201 8826","USA","USD","[PREMIUM]","[PREMIUM]","C060",false,"[PREMIUM]","RS",false,false,"[PREMIUM]",,,,,,,,"[PREMIUM]"
"58702426","2026-08-08 20:51:56.980","2026-08-18 08:59:09.081","58702426","2026-08-14 16:25:39.000","[PREMIUM]","125","MO - COLUMBIA","2026-08-18","TUESDAY","1200","CDT","54","V",2017,"NISSAN","SENTRA","SENTRA","SEDAN","SILVER","FRONT END",,"ID","SC","YES","D",93277,"A","[PREMIUM]",6983,"1.8L 4","FRONT WHEEL DRIVE","AUTOMATIC","GAS",4,"Run & Drive Verified","Pure Sale","[PREMIUM]",,"COLUMBIA","MO","65201 8826","USA","USD","[PREMIUM]","[PREMIUM]","B040",false,"[PREMIUM]","SV",false,false,"[PREMIUM]",,,,,,,,"[PREMIUM]"
"58075106","2026-08-08 20:51:56.914","2026-08-22 17:44:49.218","58075106","2026-08-21 13:33:35.000","[PREMIUM]","125","MO - COLUMBIA","2026-08-25","TUESDAY","1200","CDT","2506","V",2016,"JEEP","WRANGLER","WRANGLER","2DR SPORT UTILITY","BLACK","UNDERCARRIAGE",,"MO","SC","YES","E",72990,"A","[PREMIUM]",0,"3.6L 6","4X4 W/REAR WHEEL DRV","AUTOMATIC","FLEXIBLE",6,"DEFAULT","Pure Sale","[PREMIUM]",,"COLUMBIA","MO","65201 8826","USA","USD","[PREMIUM]","[PREMIUM]","N010",false,"[PREMIUM]","SPORT",false,false,"[PREMIUM]",,,,,,,,"[PREMIUM]"
"57941136","2026-08-08 20:51:56.900","2026-08-22 17:44:49.200","57941136","2026-08-21 13:33:35.000","[PREMIUM]","125","MO - COLUMBIA","2026-08-25","TUESDAY","1200","CDT","15","V",2021,"CHEVROLET","EQUINOX","EQUINOX","SPORT UTILITY VEHICLE","WHITE","NORMAL WEAR",,"MO","SC","YES","D",75496,"A","[PREMIUM]",11895.79,"1.5L 4","ALL WHEEL DRIVE","AUTOMATIC","GAS",4,"Run & Drive Verified","Pure Sale","[PREMIUM]",,"COLUMBIA","MO","65201 8826","USA","USD","[PREMIUM]","[PREMIUM]","B020",false,"[PREMIUM]","PREMIER",false,false,"[PREMIUM]",,,,,,,,"[PREMIUM]"
"57879576","2026-08-08 20:51:56.855","2026-08-22 17:44:49.121","57879576","2026-08-20 15:50:11.000","[PREMIUM]","836","HEAVY TRUCK SPECIALTY SALE","2026-08-27","THURSDAY","1100","CDT","0","R",2021,"FORESRIVER","SILVERLAKE","SILVERLAKE",,"TWO TONE","HAIL",,"MO","SC","EXM","E",0,"N","[PREMIUM]",25000,,,,,,"DEFAULT","Pure Sale","[PREMIUM]",,"COLUMBIA","MO","65201 8826","USA","USD","[PREMIUM]","[PREMIUM]","HV002",false,"[PREMIUM]",,false,false,"[PREMIUM]",,,,,,,,"[PREMIUM]"
"56718716","2026-08-08 20:51:56.676","2026-08-22 17:44:49.050","56718716","2026-08-21 13:33:35.000","[PREMIUM]","125","MO - COLUMBIA","2026-08-25","TUESDAY","1200","CDT","2515","V",2017,"CHEVROLET","ALL Models","SILVERADO","CREW PICKUP","GRAY","FRONT END","REAR END","MO","SC","EXM","E",0,"N","[PREMIUM]",0,"6.2L 8","4X4 W/REAR WHEEL DRV","AUTOMATIC","GAS",8,"DEFAULT","Pure Sale","[PREMIUM]",,"COLUMBIA","MO","65201 8826","USA","USD","[PREMIUM]","[PREMIUM]","E110",false,"[PREMIUM]","K1500 LTZ",false,false,"[PREMIUM]",,,,,,,,"[PREMIUM]"
"51078656","2026-08-08 20:51:56.087","2026-08-22 17:44:48.770","51078656","2026-08-21 13:33:35.000","[PREMIUM]","125","MO - COLUMBIA","2026-08-25","TUESDAY","1200","CDT","40","V",2026,"HYUNDAI","KONA","KONA","SPORT UTILITY VEHICLE","GRAY","FRONT END",,"MO","SC","YES","D",4554,"A","[PREMIUM]",30980,"1.6L 4","ALL WHEEL DRIVE","AUTOMATIC","GAS",4,"Run & Drive Verified","Pure Sale","[PREMIUM]",,"COLUMBIA","MO","65201 8826","USA","USD","[PREMIUM]","[PREMIUM]","D010",false,"[PREMIUM]","SEL PREMIUM",false,false,"[PREMIUM]",,,,,,,,"[PREMIUM]"
"85623895","2026-08-08 20:51:55.686","2026-08-18 08:59:07.993","85623895","2026-08-14 22:15:36.000","[PREMIUM]","123","NE - LINCOLN","2026-08-18","TUESDAY","1200","CDT","5052","V",2018,"DODGE","JOURNEY","JOURNEY","SPORT UTILITY VEHICLE","GRAY","VANDALISM","NORMAL WEAR","NE","ST","NO",,0,"N","[PREMIUM]",0,"3.6L 6","FRONT WHEEL DRIVE","AUTOMATIC","FLEXIBLE",6,,"Pure Sale","[PREMIUM]",,"GREENWOOD","NE","68366 1607","USA","USD","[PREMIUM]","[PREMIUM]","DD030",false,"[PREMIUM]","GT",false,false,"[PREMIUM]",,,,,,,,"[PREMIUM]"
"60753926","2026-08-08 20:51:53.749","2026-08-11 02:27:20.968","60753926","2026-08-10 22:31:59.000","[PREMIUM]","123","NE - LINCOLN","2026-08-11","TUESDAY","1200","CDT","4001","V",2021,"MAZDA","CX30","CX-30","SPORT UTILITY VEHICLE","WHITE","FRONT END",,"NE","ST","YES","E",48863,"N","[PREMIUM]",20287,"2.5L 4","ALL WHEEL DRIVE","AUTOMATIC","GAS",4,"DEFAULT","Pure Sale","[PREMIUM]",,"GREENWOOD","NE","68366 1607","USA","USD","[PREMIUM]","[PREMIUM]","HH070",false,"[PREMIUM]","PREFERRED",false,false,"[PREMIUM]",,,,,,,,"[PREMIUM]"
"60416416","2026-08-08 20:51:53.556","2026-08-11 02:27:20.827","60416416","2026-08-10 22:31:59.000","[PREMIUM]","123","NE - LINCOLN","2026-08-11","TUESDAY","1200","CDT","4008","V",2024,"FORD","MAVERICK","MAVERICK","PICKUP","BLUE","SIDE","HAIL","NE","ST","YES","E",64857,"A","[PREMIUM]",22111.97,"2.5L 4","FRONT WHEEL DRIVE","AUTOMATIC","ELECTRIC AND GAS HYBRID",4,"DEFAULT","Pure Sale","[PREMIUM]",,"GREENWOOD","NE","68366 1607","USA","USD","[PREMIUM]","[PREMIUM]","GG040",false,"[PREMIUM]","XL",false,false,"[PREMIUM]",,,,,,,,"[PREMIUM]"
"59691696","2026-08-08 20:51:53.140","2026-08-11 02:27:20.442","59691696","2026-08-10 22:31:59.000","[PREMIUM]","123","NE - LINCOLN","2026-08-11","TUESDAY","1200","CDT","2379","V",2012,"CHEVROLET","IMPALA","IMPALA","SEDAN 4DR","SILVER","HAIL",,"NE","ST","YES","D",126711,"A","[PREMIUM]",0,"3.6L 6","FRONT WHEEL DRIVE","AUTOMATIC","GAS",6,"Run & Drive Verified","Pure Sale","[PREMIUM]",,"GREENWOOD","NE","68366 1607","USA","USD","[PREMIUM]","[PREMIUM]","EE070",false,"[PREMIUM]","LS",false,false,"[PREMIUM]",,,,,,,,"[PREMIUM]"
"57927766","2026-08-08 20:51:52.446","2026-08-11 02:27:20.598","57927766","2026-08-10 22:31:59.000","[PREMIUM]","123","NE - LINCOLN","2026-08-11","TUESDAY","1200","CDT","4003","V",2011,"LEXUS","ES350","ES","SEDAN 4DR","SILVER","FRONT END","SIDE","NE","ST","NO","E",146303,"A","[PREMIUM]",15898.15,"3.5L 6","FRONT WHEEL DRIVE","AUTOMATIC","GAS",6,"DEFAULT","Pure Sale","[PREMIUM]",,"GREENWOOD","NE","68366 1607","USA","USD","[PREMIUM]","[PREMIUM]","EE060",false,"[PREMIUM]","350",false,false,"[PREMIUM]",,,,,,,,"[PREMIUM]"
"64385616","2026-08-08 20:51:48.678","2026-08-13 14:27:35.432","64385616","2026-08-13 12:00:07.000","[PREMIUM]","120","CO - DENVER CENTRAL","2026-08-13","THURSDAY","1200","MDT","2509","V",2004,"FORD","MUSTANG","MUSTANG","CONVERTIBLE","YELLOW","REAR END",,"CO","PS","YES",,70625,"E","[PREMIUM]",8023.02,"4.6L 8","REAR WHEEL DRIVE","MANUAL","GAS",8,,"Pure Sale","[PREMIUM]",,"DENVER","CO","80229 7226","USA","USD","[PREMIUM]","[PREMIUM]","G080",false,"[PREMIUM]","GT",false,false,"[PREMIUM]",,,,,,,,"[PREMIUM]"
"62804436","2026-08-08 20:51:48.316","2026-08-13 14:27:34.947","62804436","2026-08-12 21:32:11.000","[PREMIUM]","841","CRASHEDTOYS POWERSPORT AUCTION","2026-08-13","THURSDAY","1200","CDT","6056","C",2022,"TRIUMPH MOTORCYCLE","STREET","STREET TRIPLE","SPORT","SILVER","FRONT END",,"CO","PS","YES","E",9503,"A","[PREMIUM]",10475.43,"3",,"MANUAL","GAS",3,"DEFAULT","Pure Sale","[PREMIUM]",,"DENVER","CO","80229 7226","USA","USD","[PREMIUM]","[PREMIUM]","SHOP",false,"[PREMIUM]","R (LRH)",false,false,"[PREMIUM]",,,,,,,,"[PREMIUM]"
"63894886","2026-08-08 20:50:26.312","2026-08-22 17:43:25.616","63894886","2026-08-21 16:16:33.000","[PREMIUM]","92","MO - SPRINGFIELD","2026-08-24","MONDAY","1200","CDT","30","V",2017,"KIA","SORENTO","SORENTO","SUV","BLUE","HAIL","SIDE","MO","CT","YES","D",159390,"A","[PREMIUM]",9236,"3.3L 6","ALL WHEEL DRIVE","AUTOMATIC","GAS",6,"Run & Drive Verified","Pure Sale","[PREMIUM]",,"ROGERSVILLE","MO","65742 7171","USA","USD","[PREMIUM]","[PREMIUM]","1D020",false,"[PREMIUM]","LX V6",false,false,"[PREMIUM]",,,,,,,,"[PREMIUM]"
"63890916","2026-08-08 20:50:26.302","2026-08-22 17:43:25.627","63890916","2026-08-21 16:16:33.000","[PREMIUM]","92","MO - SPRINGFIELD","2026-08-24","MONDAY","1200","CDT","2251","V",2015,"CHRYSLER","200","200","SEDAN 4DR","BLUE","HAIL","REAR END","MO","SC","YES","D",190755,"A","[PREMIUM]",11458,"2.4L 4","FRONT WHEEL DRIVE","AUTOMATIC","GAS",4,"Run & Drive Verified","Pure Sale","[PREMIUM]",,"ROGERSVILLE","MO","65742 7171","USA","USD","[PREMIUM]","[PREMIUM]","1F040",false,"[PREMIUM]","LIMITED",false,false,"[PREMIUM]",,,,,,,,"[PREMIUM]"
"63890066","2026-08-08 20:50:26.285","2026-08-22 17:43:25.620","63890066","2026-08-21 16:16:33.000","[PREMIUM]","92","MO - SPRINGFIELD","2026-08-24","MONDAY","1200","CDT","2298","V",2014,"MAZDA","6","6","SEDAN 4DR","SILVER","HAIL",,"MO","CT","YES","D",207497,"A","[PREMIUM]",17491,"2.5L 4","FRONT WHEEL DRIVE","AUTOMATIC","GAS",4,"Run & Drive Verified","Pure Sale","[PREMIUM]",,"ROGERSVILLE","MO","65742 7171","USA","USD","[PREMIUM]","[PREMIUM]","1D050",false,"[PREMIUM]","GRAND TOURING",false,false,"[PREMIUM]",,,,,,,,"[PREMIUM]"
"63892736","2026-08-08 20:50:26.284","2026-08-22 17:43:25.610","63892736","2026-08-21 16:16:33.000","[PREMIUM]","92","MO - SPRINGFIELD","2026-08-24","MONDAY","1200","CDT","2253","V",2016,"BMW","X1","X1","4DR SPORT UTILITY","WHITE","HAIL","FRONT END","MO","CT","YES","D",173459,"A","[PREMIUM]",6556,"2.0L 4","ALL WHEEL DRIVE","AUTOMATIC","GAS",4,"Run & Drive Verified","Pure Sale","[PREMIUM]",,"ROGERSVILLE","MO","65742 7171","USA","USD","[PREMIUM]","[PREMIUM]","1F030",false,"[PREMIUM]","XDRIVE28I",false,false,"[PREMIUM]",,,,,,,,"[PREMIUM]"
"63886956","2026-08-08 20:50:26.231","2026-08-22 17:43:25.619","63886956","2026-08-21 16:16:33.000","[PREMIUM]","92","MO - SPRINGFIELD","2026-08-24","MONDAY","1200","CDT","2262","V",2008,"FORD","F350","F350","PICKUP","WHITE","HAIL","REAR END","MO","CT","YES","D",264221,"A","[PREMIUM]",7630,"5.4L 8","REAR WHEEL DRIVE","AUTOMATIC","GAS",8,"Run & Drive Verified","Pure Sale","[PREMIUM]",,"ROGERSVILLE","MO","65742 7171","USA","USD","[PREMIUM]","[PREMIUM]","3G120",false,"[PREMIUM]","SRW SUPER DUTY",false,false,"[PREMIUM]",,,,,,,,"[PREMIUM]"
"63849786","2026-08-08 20:50:26.219","2026-08-22 17:43:25.764","63849786","2026-08-21 16:16:33.000","[PREMIUM]","92","MO - SPRINGFIELD","2026-08-24","MONDAY","1200","CDT","5","V",2013,"FORD","FIESTA","FIESTA","SEDAN 4DR","RED","FRONT END",,"MO","SC","YES","D",141337,"A","[PREMIUM]",5279,"1.6L 4","FRONT WHEEL DRIVE","MANUAL","GAS",4,"Run & Drive Verified","Pure Sale","[PREMIUM]",,"ROGERSVILLE","MO","65742 7171","USA","USD","[PREMIUM]","[PREMIUM]","3B090",false,"[PREMIUM]","SE",false,false,"[PREMIUM]",,,,,,,,"[PREMIUM]"
"63808916","2026-08-08 20:50:26.206","2026-08-22 17:43:25.578","63808916","2026-08-21 19:11:00.000","[PREMIUM]","92","MO - SPRINGFIELD","2026-08-24","MONDAY","1200","CDT","16","V",2021,"JEEP","GRAND CHER","GRAND CHEROKEE","SPORT UTILITY VEHICLE","RED","HAIL",,"MO","SC","YES","D",88794,"A","[PREMIUM]",12326,"3.6L 6","4X4 W/REAR WHEEL DRV","AUTOMATIC","FLEXIBLE",6,"Run & Drive Verified","Pure Sale","[PREMIUM]",,"ROGERSVILLE","MO","65742 7171","USA","USD","[PREMIUM]","[PREMIUM]","3D120",false,"[PREMIUM]","LAREDO",false,false,"[PREMIUM]",,,,,,,,"[PREMIUM]"
"63888676","2026-08-08 20:50:26.206","2026-08-22 17:43:25.621","63888676","2026-08-21 16:16:33.000","[PREMIUM]","92","MO - SPRINGFIELD","2026-08-24","MONDAY","1200","CDT","128","V",2013,"LINCOLN","MKZ","MKZ","SEDAN 4DR","BLACK","HAIL",,"MO","CT","YES","D",174354,"A","[PREMIUM]",7988,"2.0L 4","FRONT WHEEL DRIVE","AUTOMATIC","GAS",4,"Run & Drive Verified","Pure Sale","[PREMIUM]",,"ROGERSVILLE","MO","65742 7171","USA","USD","[PREMIUM]","[PREMIUM]","1B030",false,"[PREMIUM]",,false,false,"[PREMIUM]",,,,,,,,"[PREMIUM]"
"63714266","2026-08-08 20:50:26.174","2026-08-22 17:43:25.534","63714266","2026-08-19 18:55:19.000","[PREMIUM]","835","MEDIUM DUTY SPECIALTY SALE","2026-08-26","WEDNESDAY","1100","CDT","0","K",1997,"FORD","ALL Models","F350","CHASSIS AND CAB","GREEN","HAIL",,"WV","SC","YES","E",215649,"A","[PREMIUM]",8514,"7.3L 8","REAR WHEEL DRIVE","AUTOMATIC","DIESEL",8,"DEFAULT","Pure Sale","[PREMIUM]",,"ROGERSVILLE","MO","65742 7171","USA","USD","[PREMIUM]","[PREMIUM]","3H020",false,"[PREMIUM]",,false,false,"[PREMIUM]",,,,,,,,"[PREMIUM]"
"63729826","2026-08-08 20:50:26.167","2026-08-22 17:43:25.532","63729826","2026-08-21 16:16:33.000","[PREMIUM]","92","MO - SPRINGFIELD","2026-08-24","MONDAY","1200","CDT","2265","V",2012,"CHEVROLET","IMPALA","IMPALA","SEDAN 4DR","WHITE","SIDE",,"MO","SC","YES","D",125666,"A","[PREMIUM]",5117,"3.6L 6","FRONT WHEEL DRIVE","AUTOMATIC","GAS",6,"Run & Drive Verified","Pure Sale","[PREMIUM]",,"ROGERSVILLE","MO","65742 7171","USA","USD","[PREMIUM]","[PREMIUM]","B040",false,"[PREMIUM]","LT",false,false,"[PREMIUM]",,,,,,,,"[PREMIUM]"
"63536796","2026-08-08 20:50:26.159","2026-08-22 17:43:25.536","63536796","2026-08-21 16:16:33.000","[PREMIUM]","92","MO - SPRINGFIELD","2026-08-24","MONDAY","1200","CDT","79","V",2009,"TOYOTA","RAV4","RAV4","4DR SPORT UTILITY","BROWN","REAR END",,"MO","SC","YES","D",264311,"A","[PREMIUM]",5615.88,"3.5L 6","FRONT WHEEL DRIVE","AUTOMATIC","GAS",6,"Run & Drive Verified","Pure Sale","[PREMIUM]",,"ROGERSVILLE","MO","65742 7171","USA","USD","[PREMIUM]","[PREMIUM]","1B020",false,"[PREMIUM]","LIMITED",false,false,"[PREMIUM]",,,,,,,,"[PREMIUM]"
"63521386","2026-08-08 20:50:26.135","2026-08-22 17:43:25.400","63521386","2026-08-21 16:16:33.000","[PREMIUM]","92","MO - SPRINGFIELD","2026-08-24","MONDAY","1200","CDT","2275","V",2016,"BUICK","LACROSSE","LACROSSE","SEDAN 4DR","WHITE","FRONT END",,"MO","SC","YES","D",186341,"A","[PREMIUM]",0,"3.6L 6","FRONT WHEEL DRIVE","AUTOMATIC","GAS",6,"Run & Drive Verified","Pure Sale","[PREMIUM]",,"ROGERSVILLE","MO","65742 7171","USA","USD","[PREMIUM]","[PREMIUM]","1G030",false,"[PREMIUM]",,false,false,"[PREMIUM]",,,,,,,,"[PREMIUM]"
"63497306","2026-08-08 20:50:26.130","2026-08-22 17:43:25.411","63497306","2026-08-21 16:16:33.000","[PREMIUM]","92","MO - SPRINGFIELD","2026-08-24","MONDAY","1200","CDT","2292","V",2018,"HYUNDAI","TUCSON","TUCSON","SUV","GRAY","REAR END",,"MO","SC","YES","D",158169,"A","[PREMIUM]",9164,"2.0L 4","FRONT WHEEL DRIVE","AUTOMATIC","GAS",4,"Run & Drive Verified","Pure Sale","[PREMIUM]",,"ROGERSVILLE","MO","65742 7171","USA","USD","[PREMIUM]","[PREMIUM]","B080",false,"[PREMIUM]","SEL",false,false,"[PREMIUM]",,,,,,,,"[PREMIUM]"
"63520466","2026-08-08 20:50:26.120","2026-08-22 17:43:25.413","63520466","2026-08-21 16:16:33.000","[PREMIUM]","92","MO - SPRINGFIELD","2026-08-24","MONDAY","1200","CDT","2260","V",2021,"FORD","ECOSPORT","ECOSPORT","SPORT UTILITY VEHICLE","GREEN","HAIL",,"MO","CT","YES","D",103320,"A","[PREMIUM]",6714.22,"1.0L 3","FRONT WHEEL DRIVE","AUTOMATIC","GAS",3,"Run & Drive Verified","On Minimum Bid","[PREMIUM]",,"ROGERSVILLE","MO","65742 7171","USA","USD","[PREMIUM]","[PREMIUM]","1E050",false,"[PREMIUM]","S",false,false,"[PREMIUM]",,,,,,,,"[PREMIUM]"
"63400526","2026-08-08 20:50:26.112","2026-08-17 02:57:28.419","63400526","2026-08-14 16:12:54.000","[PREMIUM]","92","MO - SPRINGFIELD","2026-08-17","MONDAY","1200","CDT","2015","V",2012,"CHEVROLET","CRUZE","CRUZE","SEDAN 4DR","RED","FRONT END",,"ID","SC","YES","E",139739,"A","[PREMIUM]",3155,"1.4L 4","FRONT WHEEL DRIVE","AUTOMATIC","GAS",4,"DEFAULT","Pure Sale","[PREMIUM]",,"ROGERSVILLE","MO","65742 7171","USA","USD","[PREMIUM]","[PREMIUM]","B070",false,"[PREMIUM]","ECO",false,false,"[PREMIUM]",,,,,,,,"[PREMIUM]"
"62983146","2026-08-08 20:50:25.958","2026-08-17 02:57:28.248","62983146","2026-08-14 16:12:54.000","[PREMIUM]","92","MO - SPRINGFIELD","2026-08-17","MONDAY","1200","CDT","2271","V",2007,"NISSAN","ARMADA","ARMADA","SUV","GRAY","SIDE","FRONT END","ID","SC","YES","D",164548,"A","[PREMIUM]",4443,"5.6L 8","FOUR BY FOUR","AUTOMATIC","FLEXIBLE",8,"Run & Drive Verified","Pure Sale","[PREMIUM]",,"ROGERSVILLE","MO","65742 7171","USA","USD","[PREMIUM]","[PREMIUM]","B080",false,"[PREMIUM]","SE FFV",false,false,"[PREMIUM]",,,,,,,,"[PREMIUM]"
"62523426","2026-08-08 20:50:25.680","2026-08-22 17:43:24.693","62523426","2026-08-08 17:25:12.000","[PREMIUM]","92","MO - SPRINGFIELD",,,,"CDT","0","V",2015,"BUICK","ENCORE","ENCORE","4DR SPORT UTILITY","BLACK","FRONT END","REAR END","MO","SC","YES","D",82956,"A","[PREMIUM]",10081,"1.4L 4","FRONT WHEEL DRIVE","AUTOMATIC","GAS",4,"Run & Drive Verified","Pure Sale","[PREMIUM]",,"ROGERSVILLE","MO","65742 7171","USA","USD","[PREMIUM]","[PREMIUM]","1G030",false,"[PREMIUM]",,false,false,"[PREMIUM]",,,,,,,,"[PREMIUM]"
"62400786","2026-08-08 20:50:25.610","2026-08-22 17:43:24.599","62400786","2026-08-21 16:16:34.000","[PREMIUM]","92","MO - SPRINGFIELD","2026-08-24","MONDAY","1200","CDT","2505","V",2019,"FORD","FUSION","FUSION","SEDAN","BLACK","FRONT END","UNDERCARRIAGE","MO","SC","YES","S",91579,"A","[PREMIUM]",13000,"1.5L 4","FRONT WHEEL DRIVE","AUTOMATIC","GAS",4,"Vehicle Starts","Pure Sale","[PREMIUM]",,"ROGERSVILLE","MO","65742 7171","USA","USD","[PREMIUM]","[PREMIUM]","3B050",false,"[PREMIUM]","SE",false,false,"[PREMIUM]",,,,,,,,"[PREMIUM]"
"61212906","2026-08-08 20:50:24.918","2026-08-22 17:43:23.732","61212906","2026-08-21 16:16:33.000","[PREMIUM]","92","MO - SPRINGFIELD","2026-08-24","MONDAY","1200","CDT","17","V",2017,"FORD","ESCAPE","ESCAPE","4DR SPORT UTILITY","BLACK","SIDE","FRONT END","MO","SC","YES","D",47349,"A","[PREMIUM]",0,"1.5L 4","FRONT WHEEL DRIVE","AUTOMATIC","GAS",4,"Run & Drive Verified","Pure Sale","[PREMIUM]",,"ROGERSVILLE","MO","65742 7171","USA","USD","[PREMIUM]","[PREMIUM]","1D020",false,"[PREMIUM]","SE",false,false,"[PREMIUM]",,,,,,,,"[PREMIUM]"
"60478416","2026-08-08 20:50:24.268","2026-08-22 17:43:23.217","60478416","2026-08-21 16:16:33.000","[PREMIUM]","92","MO - SPRINGFIELD","2026-08-24","MONDAY","1200","CDT","2267","V",2005,"LEXUS","RX","RX",,"TURQUOISE","FRONT END","UNDERCARRIAGE","MO","SC","YES","D",226638,"A","[PREMIUM]",4024.37,,,"AUTOMATIC",,,"Run & Drive Verified","Pure Sale","[PREMIUM]",,"ROGERSVILLE","MO","65742 7171","USA","USD","[PREMIUM]","[PREMIUM]","1D030",false,"[PREMIUM]",,false,false,"[PREMIUM]",,,,,,,,"[PREMIUM]"
"59897566","2026-08-08 20:50:24.175","2026-08-22 17:43:23.043","59897566","2026-08-20 19:36:33.000","[PREMIUM]","92","MO - SPRINGFIELD","2026-08-26","WEDNESDAY","1200","CDT","0","V",2020,"NISSAN","ROGUE","ROGUE","WAGON","GRAY","FRONT END",,"MO","SC","YES","D",139901,"A","[PREMIUM]",12666.72,"2.5L 4","ALL WHEEL DRIVE","AUTOMATIC","GAS",4,"Run & Drive Verified","Pure Sale","[PREMIUM]",,"ROGERSVILLE","MO","65742 7171","USA","USD","[PREMIUM]","[PREMIUM]","3B020",false,"[PREMIUM]","SV",false,false,"[PREMIUM]",,,,,,,,"[PREMIUM]"
"60193896","2026-08-08 20:50:24.055","2026-08-22 17:43:23.153","60193896","2026-08-21 16:16:33.000","[PREMIUM]","92","MO - SPRINGFIELD","2026-08-24","MONDAY","1200","CDT","36","V",2019,"NISSAN","ALTIMA","ALTIMA","SEDAN","SILVER","HAIL",,"MO","SC","YES","D",143606,"A","[PREMIUM]",12050,"2.5L 4","FRONT WHEEL DRIVE","AUTOMATIC","GAS",4,"Run & Drive Verified","Pure Sale","[PREMIUM]",,"ROGERSVILLE","MO","65742 7171","USA","USD","[PREMIUM]","[PREMIUM]","3B070",false,"[PREMIUM]","SL",false,false,"[PREMIUM]",,,,,,,,"[PREMIUM]"
"59881116","2026-08-08 20:50:23.900","2026-08-22 17:43:22.997","59881116","2026-08-21 16:16:33.000","[PREMIUM]","92","MO - SPRINGFIELD","2026-08-24","MONDAY","1200","CDT","68","V",2018,"FORD","FUSION","FUSION","SEDAN","BLACK","HAIL",,"MO","SC","YES","D",77695,"A","[PREMIUM]",13444,"2.0L 4","ALL WHEEL DRIVE","AUTOMATIC","GAS",4,"Run & Drive Verified","On Minimum Bid","[PREMIUM]",,"ROGERSVILLE","MO","65742 7171","USA","USD","[PREMIUM]","[PREMIUM]","3B040",false,"[PREMIUM]","TITANIUM/PLATINUM",false,false,"[PREMIUM]",,,,,,,,"[PREMIUM]"
"59318436","2026-08-08 20:50:23.652","2026-08-22 17:43:22.833","59318436","2026-08-21 16:16:33.000","[PREMIUM]","92","MO - SPRINGFIELD","2026-08-24","MONDAY","1200","CDT","2052","V",2011,"HYUNDAI","SONATA","SONATA","SEDAN","BURGUNDY","FRONT END","REAR END","MO","SC","YES","E",0,"N","[PREMIUM]",19742.9,"2.0L 4","FRONT WHEEL DRIVE","AUTOMATIC","GAS",4,"DEFAULT","Pure Sale","[PREMIUM]",,"ROGERSVILLE","MO","65742 7171","USA","USD","[PREMIUM]","[PREMIUM]","3B040",false,"[PREMIUM]","SE 2.0T",false,false,"[PREMIUM]",,,,,,,,"[PREMIUM]"
"59216786","2026-08-08 20:50:23.584","2026-08-22 17:43:22.792","59216786","2026-08-21 16:16:33.000","[PREMIUM]","92","MO - SPRINGFIELD","2026-08-24","MONDAY","1200","CDT","2301","V",2019,"JEEP","GRAND CHER","CHEROKEE","SPORT UTILITY VEHICLE","GRAY","FRONT END",,"MO","SC","YES","D",68816,"A","[PREMIUM]",0,"2.4L 4","4X4 W/FRONT WHL DRV","AUTOMATIC","GAS",4,"Run & Drive Verified","Pure Sale","[PREMIUM]",,"ROGERSVILLE","MO","65742 7171","USA","USD","[PREMIUM]","[PREMIUM]","3B020",false,"[PREMIUM]","LATITUDE PLUS",false,false,"[PREMIUM]",,,,,,,,"[PREMIUM]"
"58373476","2026-08-08 20:50:23.257","2026-08-22 17:43:22.470","58373476","2026-08-21 16:16:34.000","[PREMIUM]","92","MO - SPRINGFIELD","2026-08-24","MONDAY","1200","CDT","2317","V",2018,"CHEVROLET","EQUINOX","EQUINOX","SPORT UTILITY VEHICLE","SILVER","FRONT END","REAR END","MO","SC","YES","D",215201,"A","[PREMIUM]",0,"1.5L 4","FRONT WHEEL DRIVE","AUTOMATIC","GAS",4,"Run & Drive Verified","Pure Sale","[PREMIUM]",,"ROGERSVILLE","MO","65742 7171","USA","USD","[PREMIUM]","[PREMIUM]","1F060",false,"[PREMIUM]","LT",false,false,"[PREMIUM]",,,,,,,,"[PREMIUM]"
"57944186","2026-08-08 20:50:23.002","2026-08-22 17:43:22.366","57944186","2026-08-20 15:48:43.000","[PREMIUM]","92","MO - SPRINGFIELD","2026-08-26","WEDNESDAY","1200","CDT","0","V",2006,"TOYOTA","COROLLA","COROLLA","SEDAN","SILVER","FRONT END","REAR END","MO","SC","YES","D",138582,"A","[PREMIUM]",5983.41,"1.8L 4","FRONT WHEEL DRIVE","AUTOMATIC","GAS",4,"Run & Drive Verified","Pure Sale","[PREMIUM]",,"ROGERSVILLE","MO","65742 7171","USA","USD","[PREMIUM]","[PREMIUM]","1G010",false,"[PREMIUM]","LE",false,false,"[PREMIUM]",,,,,,,,"[PREMIUM]"
"57569256","2026-08-08 20:50:22.881","2026-08-22 17:43:22.087","57569256","2026-08-21 16:16:33.000","[PREMIUM]","92","MO - SPRINGFIELD","2026-08-24","MONDAY","1200","CDT","105","V",2019,"BUICK","LACROSSE","LACROSSE","SEDAN","WHITE","HAIL",,"MO","CT","YES","D",82339,"A","[PREMIUM]",12926,"3.6L 6","ALL WHEEL DRIVE","AUTOMATIC","GAS",6,"Run & Drive Verified","Pure Sale","[PREMIUM]",,"ROGERSVILLE","MO","65742 7171","USA","USD","[PREMIUM]","[PREMIUM]","3A010",false,"[PREMIUM]","ESSENCE",false,false,"[PREMIUM]",,,,,,,,"[PREMIUM]"
"57465556","2026-08-08 20:50:22.821","2026-08-22 17:43:22.080","57465556","2026-08-21 16:16:33.000","[PREMIUM]","92","MO - SPRINGFIELD","2026-08-24","MONDAY","1200","CDT","2312","V",2023,"FORD","EXPLORER","EXPLORER","SPORT UTILITY VEHICLE","BLACK","WATER/FLOOD",,"MO","SC","YES","D",75800,"A","[PREMIUM]",0,"3.0L 6","4X4 W/REAR WHEEL DRV","AUTOMATIC","GAS",6,"Run & Drive Verified","Pure Sale","[PREMIUM]",,"ROGERSVILLE","MO","65742 7171","USA","USD","[PREMIUM]","[PREMIUM]","1C020",false,"[PREMIUM]","POLICE INTERCEPTOR",false,false,"[PREMIUM]",,,,,,,,"[PREMIUM]"
"57387466","2026-08-08 20:50:22.747","2026-08-22 17:43:22.049","57387466","2026-08-21 16:16:34.000","[PREMIUM]","92","MO - SPRINGFIELD","2026-08-24","MONDAY","1200","CDT","2515","V",2019,"CHEVROLET","CRUZE","CRUZE","SEDAN","SILVER","FRONT END","SIDE","MO","SC","YES","S",69610,"A","[PREMIUM]",11041,"1.4L 4","FRONT WHEEL DRIVE","AUTOMATIC","GAS",4,"Vehicle Starts","Pure Sale","[PREMIUM]",,"ROGERSVILLE","MO","65742 7171","USA","USD","[PREMIUM]","[PREMIUM]","1G040",false,"[PREMIUM]","LS",false,false,"[PREMIUM]",,,,,,,,"[PREMIUM]"
"56316326","2026-08-08 20:50:22.301","2026-08-22 17:43:21.680","56316326","2026-08-21 16:16:33.000","[PREMIUM]","92","MO - SPRINGFIELD","2026-08-24","MONDAY","1200","CDT","131","V",2018,"FORD","FLEX","FLEX","SPORT UTILITY VEHICLE","BLUE","MINOR DENT/SCRATCHES",,"MO","SC","YES","D",92215,"A","[PREMIUM]",9232.29,"3.5L 6","FRONT WHEEL DRIVE","AUTOMATIC","GAS",6,"Run & Drive Verified","Pure Sale","[PREMIUM]",,"ROGERSVILLE","MO","65742 7171","USA","USD","[PREMIUM]","[PREMIUM]","3C030",false,"[PREMIUM]","LIMITED",false,false,"[PREMIUM]",,,,,,,,"[PREMIUM]"
"55806226","2026-08-08 20:50:21.998","2026-08-22 17:43:21.394","55806226","2026-08-08 17:19:24.000","[PREMIUM]","92","MO - SPRINGFIELD",,,,"CDT","0","V",2018,"JEEP","GRAND CHER","GRAND CHEROKEE","SPORT UTILITY VEHICLE","SILVER","HAIL",,"MO","CT","YES","D",122830,"A","[PREMIUM]",7997.47,"3.6L 6","4X4 W/REAR WHEEL DRV","AUTOMATIC","FLEXIBLE",6,"Run & Drive Verified","Pure Sale","[PREMIUM]",,"ROGERSVILLE","MO","65742 7171","USA","USD","[PREMIUM]","[PREMIUM]","1G020",false,"[PREMIUM]","LIMITED",false,false,"[PREMIUM]",,,,,,,,"[PREMIUM]"
"55522136","2026-08-08 20:50:21.855","2026-08-17 02:57:24.174","55522136","2026-08-14 16:12:54.000","[PREMIUM]","92","MO - SPRINGFIELD","2026-08-17","MONDAY","1200","CDT","2003","V",2009,"FORD","F250","F250","4DR EXT CAB PICKUP","WHITE","REAR END","SIDE","ID","SC","YES","E",203972,"A","[PREMIUM]",0,"5.4L 8","REAR WHEEL DRIVE","AUTOMATIC","GAS",8,"DEFAULT","Pure Sale","[PREMIUM]",,"ROGERSVILLE","MO","65742 7171","USA","USD","[PREMIUM]","[PREMIUM]","3G120",false,"[PREMIUM]","SUPER DUTY",false,false,"[PREMIUM]",,,,,,,,"[PREMIUM]"
"53831816","2026-08-08 20:50:21.000","2026-08-22 17:43:20.395","53831816","2026-08-20 14:33:11.000","[PREMIUM]","835","MEDIUM DUTY SPECIALTY SALE","2026-08-26","WEDNESDAY","1100","CDT","0","K",2018,"NISSAN","All Models","NV200","MINI-VAN","WHITE","HAIL",,"MO","SC","YES","D",157227,"A","[PREMIUM]",9167.47,"2.0L 4","FRONT WHEEL DRIVE","AUTOMATIC","GAS",4,"Run & Drive Verified","Pure Sale","[PREMIUM]","VEH LOC @ SUBLOT            ","ROGERSVILLE","MO","65742 7171","USA","USD","[PREMIUM]","[PREMIUM]","2HVY",false,"[PREMIUM]",,false,false,"[PREMIUM]",,,,,,,,"[PREMIUM]"
"53723576","2026-08-08 20:50:20.958","2026-08-22 17:43:20.421","53723576","2026-08-21 16:16:33.000","[PREMIUM]","92","MO - SPRINGFIELD","2026-08-24","MONDAY","1200","CDT","75","V",2014,"GMC","SIERRA","SIERRA","4DR EXT CAB PICKUP","WHITE","HAIL",,"MO","CT","YES","D",216401,"A","[PREMIUM]",6905.73,"4.3L 6","REAR WHEEL DRIVE","AUTOMATIC","GAS",6,"Run & Drive Verified","On Minimum Bid","[PREMIUM]",,"ROGERSVILLE","MO","65742 7171","USA","USD","[PREMIUM]","[PREMIUM]","3B020",false,"[PREMIUM]","C1500",false,false,"[PREMIUM]",,,,,,,,"[PREMIUM]"
"51893396","2026-08-08 20:50:20.028","2026-08-22 17:43:19.875","51893396","2026-08-21 16:16:33.000","[PREMIUM]","92","MO - SPRINGFIELD","2026-08-24","MONDAY","1200","CDT","2280","V",2006,"CADILLAC","CTS","CTS","SEDAN 4DR","RED","FRONT END","MINOR DENT/SCRATCHES","MO","SC","YES","D",104123,"A","[PREMIUM]",2584.54,"3.6L 6","REAR WHEEL DRIVE","AUTOMATIC","GAS",6,"Run & Drive Verified","Pure Sale","[PREMIUM]",,"ROGERSVILLE","MO","65742 7171","USA","USD","[PREMIUM]","[PREMIUM]","1A070",false,"[PREMIUM]","HI FEATURE V6",false,false,"[PREMIUM]",,,,,,,,"[PREMIUM]"
"50733546","2026-08-08 20:50:19.957","2026-08-22 17:43:19.808","50733546","2026-08-21 16:16:33.000","[PREMIUM]","92","MO - SPRINGFIELD","2026-08-24","MONDAY","1200","CDT","89","V",2015,"HONDA","CRV","CR-V","4DR SPORT UTILITY","SILVER","FRONT END","HAIL","MO","SC","YES","D",162032,"A","[PREMIUM]",15471.5,"2.4L 4","ALL WHEEL DRIVE","AUTOMATIC","GAS",4,"Run & Drive Verified","On Minimum Bid","[PREMIUM]",,"ROGERSVILLE","MO","65742 7171","USA","USD","[PREMIUM]","[PREMIUM]","1D030",false,"[PREMIUM]","TOURING",false,false,"[PREMIUM]",,,,,,,,"[PREMIUM]"
"50016866","2026-08-08 20:50:19.909","2026-08-22 17:43:19.811","50016866","2026-08-21 16:16:34.000","[PREMIUM]","92","MO - SPRINGFIELD","2026-08-24","MONDAY","1200","CDT","2513","V",2010,"FORD","FOCUS","FOCUS","COUPE","BLACK","FRONT END","HAIL","MO","SC","YES","S",85676,"A","[PREMIUM]",3992,"2.0L 4","FRONT WHEEL DRIVE","AUTOMATIC","GAS",4,"Vehicle Starts","On Minimum Bid","[PREMIUM]",,"ROGERSVILLE","MO","65742 7171","USA","USD","[PREMIUM]","[PREMIUM]","1E060",false,"[PREMIUM]","SES",false,false,"[PREMIUM]",,,,,,,,"[PREMIUM]"
"58766106","2026-08-08 20:49:12.410","2026-08-11 02:25:00.705","58766106","2026-08-10 20:00:59.000","[PREMIUM]","855","WHOLESALE AUCTION","2026-08-11","TUESDAY","1200","EDT","7116","V",2024,"TOYOTA","COROLLA","COROLLA","SEDAN","GRAY","FRONT END","MINOR DENT/SCRATCHES","TX","CT","YES","S",26722,"A","[PREMIUM]",11364,"2.0L 4","FRONT WHEEL DRIVE","AUTOMATIC","GAS",4,"Vehicle Starts","On Minimum Bid","[PREMIUM]",,"ABILENE","TX","79601","USA","USD","[PREMIUM]","[PREMIUM]","SS006",false,"[PREMIUM]","SE",false,true,"[PREMIUM]",,,,,"RED LIGHT",0,"Other","[PREMIUM]"
"63166466","2026-08-08 20:49:03.032","2026-08-22 17:41:49.488","63166466","2026-08-19 20:23:48.000","[PREMIUM]","68","CO - DENVER","2026-08-25","TUESDAY","1200","MDT","0","V",2013,"NISSAN","JUKE","JUKE","WAGON","WHITE","FRONT END",,"MO","SC","YES","E",144528,"A","[PREMIUM]",5740,"1.6L 4","ALL WHEEL DRIVE","AUTOMATIC","GAS",4,"DEFAULT","Pure Sale","[PREMIUM]",,"BRIGHTON","CO","80603 9337","USA","USD","[PREMIUM]","[PREMIUM]","A100",false,"[PREMIUM]","S",false,false,"[PREMIUM]",,,,,,,,"[PREMIUM]"
"63498296","2026-08-08 20:48:52.503","2026-08-12 02:24:44.825","63498296","2026-08-11 15:01:03.000","[PREMIUM]","66","AL - TANNER","2026-08-12","WEDNESDAY","1200","CDT","662","A",2012,"POLARIS","SIDEBYSIDE","RANGER","ALL TERRAIN","GREEN","FRONT END",,"AL","BS","YES","D",5192,"E","[PREMIUM]",5867.62,"1",,"MANUAL",,1,"Run & Drive Verified","Pure Sale","[PREMIUM]",,"TANNER","AL","35671 4027","USA","USD","[PREMIUM]","[PREMIUM]","MCI",false,"[PREMIUM]","500 CREW",false,false,"[PREMIUM]",,,,,,,,"[PREMIUM]"
"46716656","2026-08-08 20:48:47.589","2026-08-12 02:24:39.866","46716656","2026-08-11 15:01:03.000","[PREMIUM]","66","AL - TANNER","2026-08-12","WEDNESDAY","1200","CDT","2358","V",2017,"HYUNDAI","TUCSON","TUCSON","SUV","ORANGE","SIDE","FRONT END","AL","ST","YES","D",147684,"N","[PREMIUM]",7860,"2.0L 4","FRONT WHEEL DRIVE","AUTOMATIC","GAS",4,"Run & Drive Verified","Pure Sale","[PREMIUM]",,"TANNER","AL","35671 4027","USA","USD","[PREMIUM]","[PREMIUM]","F090",false,"[PREMIUM]","SE",false,false,"[PREMIUM]",,,,,,,,"[PREMIUM]"
"60871416","2026-08-08 20:48:25.160","2026-08-22 17:41:13.032","60871416","2026-08-08 17:22:38.000","[PREMIUM]","60","IA - DES MOINES",,,,"CDT","0","V",2016,"CHEVROLET","SILVERADO","SILVERADO","PICKUP","BLACK","BURN",,"MO","SC","YES","D",89423,"A","[PREMIUM]",0,"6.0L 8","4X4 W/REAR WHEEL DRV","AUTOMATIC","FLEXIBLE",8,"Run & Drive Verified","Pure Sale","[PREMIUM]",,"DES MOINES","IA","50317","USA","USD","[PREMIUM]","[PREMIUM]","REC",false,"[PREMIUM]","K3500",false,false,"[PREMIUM]",,,,,,,,"[PREMIUM]"
"60425496","2026-08-08 20:47:32.130","2026-08-21 17:38:45.713","60425496","2026-08-20 14:29:57.000","[PREMIUM]","45","TX - EL PASO","2026-08-21","FRIDAY","1200","MDT","25","V",2013,"TOYOTA","CAMRY","CAMRY","SEDAN","BLACK","FRONT END","MINOR DENT/SCRATCHES","MO","SC","YES","D",154324,"A","[PREMIUM]",0,"2.5L 4","FRONT WHEEL DRIVE","AUTOMATIC","GAS",4,"Run & Drive Verified","Pure Sale","[PREMIUM]",,"ANTHONY","TX","79821 9305","USA","USD","[PREMIUM]","[PREMIUM]","A100",false,"[PREMIUM]","LE",false,false,"[PREMIUM]",,,,,,,,"[PREMIUM]"
"63523266","2026-08-08 20:46:07.853","2026-08-13 14:22:24.418","63523266","2026-08-08 16:26:32.000","[PREMIUM]","23","CT - HARTFORD","2026-08-14","FRIDAY","1000","EDT","0","V",2018,"JEEP","COMPASS","COMPASS","SPORT UTILITY VEHICLE","WHITE","REAR END",,"CT","ST","YES","D",65457,"A","[PREMIUM]",12493.33,"2.4L 4","4X4 W/FRONT WHL DRV","AUTOMATIC","GAS",4,"Run & Drive Verified","Pure Sale","[PREMIUM]",,"NEW BRITAIN","CT","06051 4123","USA","USD","[PREMIUM]","[PREMIUM]","Z030",false,"[PREMIUM]","LATITUDE",false,false,"[PREMIUM]",,,,,,,,"[PREMIUM]"
"62113296","2026-08-08 20:46:07.171","2026-08-13 14:22:23.576","62113296","2026-08-08 16:59:08.000","[PREMIUM]","23","CT - HARTFORD","2026-08-14","FRIDAY","1000","EDT","0","V",2012,"INFINITI","G37","G37 SEDAN","SEDAN","GRAY","WATER/FLOOD",,"CT","FL","NO","E",0,"N","[PREMIUM]",11777,"3.7L 6","ALL WHEEL DRIVE","AUTOMATIC","GAS",6,"DEFAULT","Pure Sale","[PREMIUM]","WITH CORRECTION LETTER      ","NEW BRITAIN","CT","06051 4123","USA","USD","[PREMIUM]","[PREMIUM]","A020",false,"[PREMIUM]","X",false,false,"[PREMIUM]",,,,,,,,"[PREMIUM]"
"59617426","2026-08-08 20:46:06.294","2026-08-13 14:22:22.571","59617426","2026-08-08 15:42:21.000","[PREMIUM]","23","CT - HARTFORD","2026-08-14","FRIDAY","1000","EDT","0","V",2015,"ACURA","TLX","TLX","SEDAN 4DR","WHITE","BURN",,"CT","ST","NO","E",0,"N","[PREMIUM]",0,"2.4L 4","FRONT WHEEL DRIVE","AUTOMATIC","GAS",4,"DEFAULT","Pure Sale","[PREMIUM]",,"NEW BRITAIN","CT","06051 4123","USA","USD","[PREMIUM]","[PREMIUM]","Z050",false,"[PREMIUM]",,false,false,"[PREMIUM]",,,,,,,,"[PREMIUM]"
"58608856","2026-08-08 20:46:06.010","2026-08-13 14:22:22.396","58608856","2026-08-08 15:38:03.000","[PREMIUM]","23","CT - HARTFORD","2026-08-14","FRIDAY","1000","EDT","0","V",2015,"TOYOTA","VENZA","VENZA","WAGON","SILVER","FRONT END","REAR END","CT","ST","YES","E",0,"N","[PREMIUM]",6799,"2.7L 4","ALL WHEEL DRIVE","AUTOMATIC","GAS",4,"DEFAULT","Pure Sale","[PREMIUM]",,"NEW BRITAIN","CT","06051 4123","USA","USD","[PREMIUM]","[PREMIUM]","NN060",false,"[PREMIUM]","LE",false,false,"[PREMIUM]",,,,,,,,"[PREMIUM]"
"57738326","2026-08-08 20:46:05.455","2026-08-13 14:22:22.174","57738326","2026-08-08 15:34:39.000","[PREMIUM]","23","CT - HARTFORD","2026-08-14","FRIDAY","1000","EDT","0","V",2009,"NISSAN","PATHFINDER","PATHFINDER","SUV","BLUE","FRONT END",,"CT","ST","YES","D",85903,"A","[PREMIUM]",7549.5,"4.0L 6","FOUR BY FOUR","AUTOMATIC","GAS",6,"Run & Drive Verified","Pure Sale","[PREMIUM]",,"NEW BRITAIN","CT","06051 4123","USA","USD","[PREMIUM]","[PREMIUM]","C020",false,"[PREMIUM]","S",false,false,"[PREMIUM]",,,,,,,,"[PREMIUM]"
"56133496","2026-08-08 20:46:05.170","2026-08-13 14:22:21.889","56133496","2026-08-08 14:38:49.000","[PREMIUM]","23","CT - HARTFORD","2026-08-14","FRIDAY","1000","EDT","0","V",2010,"TOYOTA","COROLLA","COROLLA","SEDAN","BLACK","SIDE","FRONT END","CT","ST","YES","D",121832,"A","[PREMIUM]",8651.35,"1.8L 4","FRONT WHEEL DRIVE","AUTOMATIC","GAS",4,"Run & Drive Verified","Pure Sale","[PREMIUM]",,"NEW BRITAIN","CT","06051 4123","USA","USD","[PREMIUM]","[PREMIUM]","B010",false,"[PREMIUM]","LE",false,false,"[PREMIUM]",,,,,,,,"[PREMIUM]"
"46857816","2026-08-08 20:46:04.256","2026-08-13 14:22:21.387","46857816","2026-08-08 14:50:31.000","[PREMIUM]","23","CT - HARTFORD","2026-08-14","FRIDAY","1000","EDT","0","V",2004,"BMW","3 SERIES","325","SEDAN 4DR","BROWN","REAR END",,"CT","SB","YES","E",0,"E","[PREMIUM]",11790.57,"2.5L 6","ALL WHEEL DRIVE","MANUAL","GAS",6,"DEFAULT","Pure Sale","[PREMIUM]",,"NEW BRITAIN","CT","06051 4123","USA","USD","[PREMIUM]","[PREMIUM]","A020",false,"[PREMIUM]","XI",false,false,"[PREMIUM]",,,,,,,,"[PREMIUM]"
"64242206","2026-08-08 20:45:53.677","2026-08-22 17:38:28.360","64242206","2026-08-20 13:21:51.000","[PREMIUM]","20","MO - ST. LOUIS","2026-08-25","TUESDAY","1200","CDT","0","V",2017,"TOYOTA","TACOMA TRD","TACOMA","PICKUP","GRAY","FRONT END",,"MO","SC","YES","D",148746,"A","[PREMIUM]",21678.6,"3.5L 6","FOUR BY FOUR","AUTOMATIC","GAS",6,"Run & Drive Verified","Pure Sale","[PREMIUM]",,"BRIDGETON","MO","63044 1418","USA","USD","[PREMIUM]","[PREMIUM]","A110",false,"[PREMIUM]","TRD OFF-ROAD",false,false,"[PREMIUM]",,,,,,,,"[PREMIUM]"
"63772256","2026-08-08 20:45:53.637","2026-08-19 14:53:02.541","63772256","2026-08-08 17:22:39.000","[PREMIUM]","20","MO - ST. LOUIS",,,,"CDT","0","V",2013,"LEXUS","LS460","LS","SEDAN 4DR","WHITE","FRONT END",,"MO","SC","YES","D",134223,"A","[PREMIUM]",15507,"4.6L 8","ALL WHEEL DRIVE","AUTOMATIC","GAS",8,"Run & Drive Verified","Pure Sale","[PREMIUM]",,"BRIDGETON","MO","63044 1418","USA","USD","[PREMIUM]","[PREMIUM]","E160",false,"[PREMIUM]","460",false,false,"[PREMIUM]",,,,,,,,"[PREMIUM]"
"63495666","2026-08-08 20:45:53.565","2026-08-21 17:37:09.684","63495666","2026-08-21 11:00:07.000","[PREMIUM]","20","MO - ST. LOUIS","2026-08-21","FRIDAY","1200","CDT","2286","V",2016,"TOYOTA","COROLLA","COROLLA","SEDAN","BLACK","FRONT END",,"MO","SC","YES","D",175411,"A","[PREMIUM]",9255,"1.8L 4","FRONT WHEEL DRIVE","AUTOMATIC","GAS",4,"Run & Drive Verified","Pure Sale","[PREMIUM]",,"BRIDGETON","MO","63044 1418","USA","USD","[PREMIUM]","[PREMIUM]","C060",false,"[PREMIUM]","LE",false,false,"[PREMIUM]",,,,,,,,"[PREMIUM]"
"63258606","2026-08-08 20:45:53.561","2026-08-22 17:38:28.018","63258606","2026-08-19 19:32:22.000","[PREMIUM]","20","MO - ST. LOUIS","2026-08-25","TUESDAY","1200","CDT","0","V",2017,"HYUNDAI","ELANTRA VA","ELANTRA","SEDAN","WHITE","FRONT END","TOP/ROOF","MO","SC","YES","D",87751,"A","[PREMIUM]",13327.88,"2.0L 4","FRONT WHEEL DRIVE","AUTOMATIC","GAS",4,"Run & Drive Verified","Pure Sale","[PREMIUM]",,"BRIDGETON","MO","63044 1418","USA","USD","[PREMIUM]","[PREMIUM]","C120",false,"[PREMIUM]","VALUE EDITION",false,false,"[PREMIUM]",,,,,,,,"[PREMIUM]"
"63220836","2026-08-08 20:45:53.494","2026-08-21 17:37:09.571","63220836","2026-08-21 11:00:07.000","[PREMIUM]","20","MO - ST. LOUIS","2026-08-21","FRIDAY","1200","CDT","2256","V",2016,"LINCOLN","MKS","MKS","SEDAN 4DR","BLACK","FRONT END",,"MO","SC","YES","D",129874,"A","[PREMIUM]",8644.93,"3.5L 6","ALL WHEEL DRIVE","AUTOMATIC","GAS",6,"Run & Drive Verified","On Minimum Bid","[PREMIUM]",,"BRIDGETON","MO","63044 1418","USA","USD","[PREMIUM]","[PREMIUM]","G190",false,"[PREMIUM]",,false,false,"[PREMIUM]",,,,,,,,"[PREMIUM]"
"63140496","2026-08-08 20:45:53.485","2026-08-22 17:38:27.973","63140496","2026-08-21 20:36:03.000","[PREMIUM]","20","MO - ST. LOUIS","2026-08-28","FRIDAY","1200","CDT","0","V",2022,"FORD","ESCAPE","ESCAPE","SPORT UTILITY VEHICLE","RED","FRONT END",,"MO","SC","YES","D",63143,"A","[PREMIUM]",15761,"1.5L 3","FRONT WHEEL DRIVE","AUTOMATIC","GAS",3,"Run & Drive Verified","On Minimum Bid","[PREMIUM]",,"BRIDGETON","MO","63044 1418","USA","USD","[PREMIUM]","[PREMIUM]","B030",false,"[PREMIUM]","SE",false,false,"[PREMIUM]",,,,,,,,"[PREMIUM]"
"62988176","2026-08-08 20:45:53.402","2026-08-22 17:38:27.947","62988176","2026-08-18 16:52:02.000","[PREMIUM]","20","MO - ST. LOUIS",,,,"CDT","0","V",2016,"JAGUAR","XJ","XJL","SEDAN 4DR","GREEN","REAR END",,"MO","SC","YES","D",131121,"A","[PREMIUM]",25468.3,"3.0L 6","ALL WHEEL DRIVE","AUTOMATIC","GAS",6,"Run & Drive Verified","Pure Sale","[PREMIUM]",,"BRIDGETON","MO","63044 1418","USA","USD","[PREMIUM]","[PREMIUM]","STG",false,"[PREMIUM]","PORTFOLIO",false,false,"[PREMIUM]",,,,,,,,"[PREMIUM]"
"62743606","2026-08-08 20:45:53.331","2026-08-22 17:38:27.881","62743606","2026-08-19 20:23:10.000","[PREMIUM]","20","MO - ST. LOUIS","2026-08-25","TUESDAY","1200","CDT","0","V",2013,"GMC","YUKON","YUKON","4DR SPORT UTILITY","BLACK","FRONT END",,"MO","SC","YES","D",272511,"A","[PREMIUM]",6257.65,"5.3L 8","4X4 W/REAR WHEEL DRV","AUTOMATIC","FLEXIBLE",8,"Run & Drive Verified","Pure Sale","[PREMIUM]",,"BRIDGETON","MO","63044 1418","USA","USD","[PREMIUM]","[PREMIUM]","A030",false,"[PREMIUM]","SLT",false,false,"[PREMIUM]",,,,,,,,"[PREMIUM]"
"62862216","2026-08-08 20:45:53.269","2026-08-22 17:38:27.918","62862216","2026-08-20 14:39:12.000","[PREMIUM]","20","MO - ST. LOUIS","2026-08-25","TUESDAY","1200","CDT","0","V",2019,"NISSAN","ARMADA","ARMADA","SUV","SILVER","FRONT END","SIDE","MO","CT","YES","D",83033,"A","[PREMIUM]",9400,"5.6L 8","4X2","AUTOMATIC","GAS",8,"Run & Drive Verified","Pure Sale","[PREMIUM]",,"BRIDGETON","MO","63044 1418","USA","USD","[PREMIUM]","[PREMIUM]","A030",false,"[PREMIUM]","SL",false,false,"[PREMIUM]",,,,,,,,"[PREMIUM]"
"62675776","2026-08-08 20:45:53.236","2026-08-22 17:38:27.838","62675776","2026-08-19 20:21:51.000","[PREMIUM]","841","CRASHEDTOYS POWERSPORT AUCTION","2026-08-27","THURSDAY","1200","CDT","0","A",2025,"POLARIS","ATV","SPORTSMAN","ATV","RED","FRONT END","SIDE","MO","SC","YES","E",0,"N","[PREMIUM]",0,"1",,"AUTOMATIC","GAS",1,"DEFAULT","Pure Sale","[PREMIUM]",,"BRIDGETON","MO","63044 1418","USA","USD","[PREMIUM]","[PREMIUM]","MC",false,"[PREMIUM]",,false,false,"[PREMIUM]",,,,,,,,"[PREMIUM]"
"61887086","2026-08-08 20:45:53.054","2026-08-14 04:08:27.720","61887086","2026-08-12 21:18:09.000","[PREMIUM]","20","MO - ST. LOUIS","2026-08-14","FRIDAY","1200","CDT","0","V",2017,"FORD","FUSION","FUSION 4D 2WD",,"RED","FRONT END","REAR END","ID","SC","YES","E",0,"N","[PREMIUM]",12893,,,"AUTOMATIC",,,"DEFAULT","Pure Sale","[PREMIUM]",,"BRIDGETON","MO","63044 1418","USA","USD","[PREMIUM]","[PREMIUM]","F150",false,"[PREMIUM]",,false,false,"[PREMIUM]",,,,,,,,"[PREMIUM]"
"62291396","2026-08-08 20:45:53.024","2026-08-21 17:37:09.196","62291396","2026-08-21 11:00:06.000","[PREMIUM]","20","MO - ST. LOUIS","2026-08-21","FRIDAY","1200","CDT","106","V",2017,"SUBARU","IMPREZA","IMPREZA","WAGON","SILVER","WATER/FLOOD",,"MO","SC","YES","D",120875,"A","[PREMIUM]",10273,"2.0L 4","ALL WHEEL DRIVE","AUTOMATIC","GAS",4,"Run & Drive Verified","Pure Sale","[PREMIUM]",,"BRIDGETON","MO","63044 1418","USA","USD","[PREMIUM]","[PREMIUM]","F120",false,"[PREMIUM]","LIMITED",false,false,"[PREMIUM]",,,,,,,,"[PREMIUM]"
"61958556","2026-08-08 20:45:52.903","2026-08-21 17:37:09.071","61958556","2026-08-21 11:00:07.000","[PREMIUM]","20","MO - ST. LOUIS","2026-08-21","FRIDAY","1200","CDT","2267","V",2013,"DODGE","AVENGER","AVENGER","SEDAN 4DR","SILVER","FRONT END","REJECTED REPAIR","MO","SC","YES","D",107960,"A","[PREMIUM]",5859.96,"2.4L 4","FRONT WHEEL DRIVE","AUTOMATIC","GAS",4,"Run & Drive Verified","Pure Sale","[PREMIUM]",,"BRIDGETON","MO","63044 1418","USA","USD","[PREMIUM]","[PREMIUM]","4H040",false,"[PREMIUM]","SE",false,false,"[PREMIUM]",,,,,,,,"[PREMIUM]"
"61996636","2026-08-08 20:45:52.840","2026-08-22 17:38:27.687","61996636","2026-08-19 18:56:16.000","[PREMIUM]","20","MO - ST. LOUIS","2026-08-25","TUESDAY","1200","CDT","0","V",2016,"NISSAN","ALTIMA","ALTIMA","SEDAN","GRAY","FRONT END","SIDE","MO","SC","EXM","E",178659,"A","[PREMIUM]",10828.1,"2.5L 4","FRONT WHEEL DRIVE","AUTOMATIC","GAS",4,"DEFAULT","Pure Sale","[PREMIUM]",,"BRIDGETON","MO","63044 1418","USA","USD","[PREMIUM]","[PREMIUM]","4C050",false,"[PREMIUM]","2.5 SV",false,false,"[PREMIUM]",,,,,,,,"[PREMIUM]"
"61866856","2026-08-08 20:45:52.784","2026-08-19 14:53:01.941","61866856","2026-08-08 16:11:32.000","[PREMIUM]","20","MO - ST. LOUIS",,,,"CDT","0","V",2023,"TESLA","MODEL Y","MODEL Y","SPORT UTILITY VEHICLE","BLUE","SIDE","FRONT END","MO","SC","YES","S",39887,"A","[PREMIUM]",0,,"ALL WHEEL DRIVE","AUTOMATIC","ELECTRIC",,"Vehicle Starts","Pure Sale","[PREMIUM]",,"BRIDGETON","MO","63044 1418","USA","USD","[PREMIUM]","[PREMIUM]","I190",false,"[PREMIUM]",,false,false,"[PREMIUM]",,,,,,,,"[PREMIUM]"
"61494056","2026-08-08 20:45:52.635","2026-08-22 17:38:27.534","61494056","2026-08-19 19:01:04.000","[PREMIUM]","20","MO - ST. LOUIS","2026-08-25","TUESDAY","1200","CDT","0","V",2018,"TOYOTA","COROLLA","COROLLA","SEDAN","GRAY","FRONT END",,"MO","SC","YES","D",81980,"A","[PREMIUM]",11821.92,"1.8L 4","FRONT WHEEL DRIVE","AUTOMATIC","GAS",4,"Run & Drive Verified","Pure Sale","[PREMIUM]",,"BRIDGETON","MO","63044 1418","USA","USD","[PREMIUM]","[PREMIUM]","D110",false,"[PREMIUM]","SE",false,false,"[PREMIUM]",,,,,,,,"[PREMIUM]"
"61586136","2026-08-08 20:45:52.625","2026-08-21 17:37:08.941","61586136","2026-08-21 11:00:06.000","[PREMIUM]","20","MO - ST. LOUIS","2026-08-21","FRIDAY","1200","CDT","83","V",2018,"SUBARU","FORESTER","FORESTER","SPORT UTILITY VEHICLE","WHITE","FRONT END",,"MO","SC","YES","D",96725,"A","[PREMIUM]",15969,"2.5L 4","ALL WHEEL DRIVE","AUTOMATIC","GAS",4,"Run & Drive Verified","On Minimum Bid","[PREMIUM]",,"BRIDGETON","MO","63044 1418","USA","USD","[PREMIUM]","[PREMIUM]","D040",false,"[PREMIUM]","2.5I PREMIUM",false,false,"[PREMIUM]",,,,,,,,"[PREMIUM]"
"61563586","2026-08-08 20:45:52.616","2026-08-17 02:53:01.419","61563586","2026-08-10 01:02:39.000","[PREMIUM]","20","MO - ST. LOUIS",,,,"CDT","0","V",2015,"VOLVO","XC60","XC60","4DR SPORT UTILITY","WHITE","REAR END",,"MO","SC","YES","D",116076,"A","[PREMIUM]",12267.89,"2.5L 5","ALL WHEEL DRIVE","AUTOMATIC","GAS",5,"Run & Drive Verified","Pure Sale","[PREMIUM]",,"BRIDGETON","MO","63044 1418","USA","USD","[PREMIUM]","[PREMIUM]","F180",false,"[PREMIUM]","T5 PREMIER",false,false,"[PREMIUM]",,,,,,,,"[PREMIUM]"
"61363916","2026-08-08 20:45:52.595","2026-08-21 17:37:08.950","61363916","2026-08-21 11:00:06.000","[PREMIUM]","20","MO - ST. LOUIS","2026-08-21","FRIDAY","1200","CDT","47","V",2017,"HONDA","CIVIC","CIVIC","SEDAN 4DR","BLUE","HAIL","REAR END","MO","SC","YES","D",95552,"A","[PREMIUM]",17023.68,"2.0L 4","FRONT WHEEL DRIVE","AUTOMATIC","GAS",4,"Run & Drive Verified","On Minimum Bid","[PREMIUM]",,"BRIDGETON","MO","63044 1418","USA","USD","[PREMIUM]","[PREMIUM]","E080",false,"[PREMIUM]","EX",false,false,"[PREMIUM]",,,,,,,,"[PREMIUM]"
"61212826","2026-08-08 20:45:52.544","2026-08-21 17:37:08.946","61212826","2026-08-21 11:00:07.000","[PREMIUM]","20","MO - ST. LOUIS","2026-08-21","FRIDAY","1200","CDT","2075","V",2018,"TOYOTA","HIGHLANDER","HIGHLANDER","SPORT UTILITY VEHICLE","BLACK","FRONT END",,"MO","SC","YES","E",0,"N","[PREMIUM]",0,"2.7L 4","FRONT WHEEL DRIVE","AUTOMATIC","GAS",4,"DEFAULT","On Minimum Bid","[PREMIUM]",,"BRIDGETON","MO","63044 1418","USA","USD","[PREMIUM]","[PREMIUM]","F090",false,"[PREMIUM]","LE",false,false,"[PREMIUM]",,,,,,,,"[PREMIUM]"
"60482076","2026-08-08 20:45:52.190","2026-08-22 17:38:27.250","60482076","2026-08-20 13:17:45.000","[PREMIUM]","20","MO - ST. LOUIS","2026-08-25","TUESDAY","1200","CDT","0","V",2020,"LEXUS","RX350","RX","SPORT UTILITY VEHICLE","BLACK","HAIL",,"MO","SC","YES","D",129639,"A","[PREMIUM]",16707.39,"3.5L 6","ALL WHEEL DRIVE","AUTOMATIC","GAS",6,"Run & Drive Verified","On Minimum Bid","[PREMIUM]",,"BRIDGETON","MO","63044 1418","USA","USD","[PREMIUM]","[PREMIUM]","B040",false,"[PREMIUM]","350 L",false,false,"[PREMIUM]",,,,,,,,"[PREMIUM]"
"60080046","2026-08-08 20:45:52.103","2026-08-19 15:04:32.288","60080046","2026-08-18 17:44:17.000","[PREMIUM]","836","HEAVY TRUCK SPECIALTY SALE",,,,"CDT","0","U",2024,"VOLVO","VN","VN","TRACTOR TRUCK","WHITE","ALL OVER","SIDE","MO","SC","YES","D",350617,"A","[PREMIUM]",90548.22,"12.8L 6","REAR WHEEL DRIVE","AUTOMATIC","DIESEL",6,"Run & Drive Verified","Pure Sale","[PREMIUM]",,"BRIDGETON","MO","63044 1418","USA","USD","[PREMIUM]","[PREMIUM]","HV06",false,"[PREMIUM]","VNL",false,false,"[PREMIUM]",,,,,,,,"[PREMIUM]"
"59996086","2026-08-08 20:45:52.049","2026-08-22 17:38:26.880","59996086","2026-08-20 13:30:02.000","[PREMIUM]","20","MO - ST. LOUIS","2026-08-25","TUESDAY","1200","CDT","0","V",2014,"RAM","1500","1500","CREW PICKUP","BLACK","FRONT END",,"MO","SC","YES","S",273851,"A","[PREMIUM]",6987,"5.7L 8","4X4 W/REAR WHEEL DRV","AUTOMATIC","GAS",8,"Vehicle Starts","Pure Sale","[PREMIUM]",,"BRIDGETON","MO","63044 1418","USA","USD","[PREMIUM]","[PREMIUM]","4F080",false,"[PREMIUM]","ST",false,false,"[PREMIUM]",,,,,,,,"[PREMIUM]"
"59658706","2026-08-08 20:45:51.986","2026-08-22 17:38:26.755","59658706","2026-08-20 13:32:49.000","[PREMIUM]","20","MO - ST. LOUIS","2026-08-25","TUESDAY","1200","CDT","0","V",2023,"TOYOTA","CAMRY","CAMRY","SEDAN","WHITE","FRONT END",,"MO","SC","YES","D",53067,"A","[PREMIUM]",23724.74,"2.5L 4","FRONT WHEEL DRIVE","AUTOMATIC","GAS",4,"Run & Drive Verified","Pure Sale","[PREMIUM]",,"BRIDGETON","MO","63044 1418","USA","USD","[PREMIUM]","[PREMIUM]","F180",false,"[PREMIUM]","XSE",false,false,"[PREMIUM]",,,,,,,,"[PREMIUM]"
"59345076","2026-08-08 20:45:51.940","2026-08-22 17:38:26.711","59345076","2026-08-20 13:34:22.000","[PREMIUM]","20","MO - ST. LOUIS","2026-08-25","TUESDAY","1200","CDT","0","V",2020,"JEEP","GRAND CHER","CHEROKEE","SPORT UTILITY VEHICLE","GRAY","SIDE","FRONT END","MO","SC","YES","D",54082,"A","[PREMIUM]",18251,"3.2L 6","4X4 W/FRONT WHL DRV","AUTOMATIC","FLEXIBLE",6,"Run & Drive Verified","Pure Sale","[PREMIUM]",,"BRIDGETON","MO","63044 1418","USA","USD","[PREMIUM]","[PREMIUM]","E110",false,"[PREMIUM]","LIMITED",false,false,"[PREMIUM]",,,,,,,,"[PREMIUM]"
"59220636","2026-08-08 20:45:51.838","2026-08-22 17:38:26.669","59220636","2026-08-20 13:36:05.000","[PREMIUM]","20","MO - ST. LOUIS","2026-08-25","TUESDAY","1200","CDT","0","V",2026,"FORD","MAVERICK","MAVERICK","PICKUP","BLUE","SIDE",,"MO","SC","YES","E",1471,"A","[PREMIUM]",38664,"2.5L 4","ALL WHEEL DRIVE","AUTOMATIC","ELECTRIC AND GAS HYBRID",4,"DEFAULT","Pure Sale","[PREMIUM]",,"BRIDGETON","MO","63044 1418","USA","USD","[PREMIUM]","[PREMIUM]","4F080",false,"[PREMIUM]","XLT",false,false,"[PREMIUM]",,,,,,,,"[PREMIUM]"
"59110276","2026-08-08 20:45:51.823","2026-08-22 17:38:26.652","59110276","2026-08-20 13:36:59.000","[PREMIUM]","841","CRASHEDTOYS POWERSPORT AUCTION","2026-08-27","THURSDAY","1200","CDT","0","C",2022,"HONDA","CM CYCLE","CMX500","CRUISER","GREEN","MINOR DENT/SCRATCHES",,"MO","SC","YES","E",5326,"A","[PREMIUM]",3805.42,"2",,"AUTOMATIC","GAS",2,"DEFAULT","On Minimum Bid","[PREMIUM]",,"BRIDGETON","MO","63044 1418","USA","USD","[PREMIUM]","[PREMIUM]","H080",false,"[PREMIUM]",,false,false,"[PREMIUM]",,,,,,,,"[PREMIUM]"
"59136916","2026-08-08 20:45:51.810","2026-08-22 17:38:26.664","59136916","2026-08-20 13:36:45.000","[PREMIUM]","20","MO - ST. LOUIS","2026-08-25","TUESDAY","1200","CDT","0","V",2019,"NISSAN","ROGUE","ROGUE","WAGON","SILVER","FRONT END","SIDE","MO","SC","NO","E",110256,"A","[PREMIUM]",10481,"2.5L 4","ALL WHEEL DRIVE","AUTOMATIC","GAS",4,"DEFAULT","On Minimum Bid","[PREMIUM]",,"BRIDGETON","MO","63044 1418","USA","USD","[PREMIUM]","[PREMIUM]","C020",false,"[PREMIUM]","SV",false,false,"[PREMIUM]",,,,,,,,"[PREMIUM]"
"58745146","2026-08-08 20:45:51.693","2026-08-22 17:38:26.616","58745146","2026-08-20 14:26:44.000","[PREMIUM]","20","MO - ST. LOUIS","2026-08-25","TUESDAY","1200","CDT","0","V",2019,"FORD","EDGE","EDGE","SPORT UTILITY VEHICLE","BLUE","FRONT END",,"MO","SC","YES","S",150407,"A","[PREMIUM]",9468.37,"2.0L 4","ALL WHEEL DRIVE","AUTOMATIC","GAS",4,"Vehicle Starts","Pure Sale","[PREMIUM]",,"BRIDGETON","MO","63044 1418","USA","USD","[PREMIUM]","[PREMIUM]","4I010",false,"[PREMIUM]","TITANIUM",false,false,"[PREMIUM]",,,,,,,,"[PREMIUM]"
"58285306","2026-08-08 20:45:51.577","2026-08-22 17:38:26.547","58285306","2026-08-20 15:56:02.000","[PREMIUM]","20","MO - ST. LOUIS","2026-08-25","TUESDAY","1200","CDT","0","V",2016,"JEEP","GRAND CHER","CHEROKEE","4DR SPORT UTILITY","CHARCOAL","VANDALISM",,"MO","SC","NO","E",150944,"A","[PREMIUM]",3470.03,"3.2L 6","4X4 W/FRONT WHL DRV","AUTOMATIC","FLEXIBLE",6,"DEFAULT","Pure Sale","[PREMIUM]",,"BRIDGETON","MO","63044 1418","USA","USD","[PREMIUM]","[PREMIUM]","4B060",false,"[PREMIUM]","LIMITED",false,false,"[PREMIUM]",,,,,,,,"[PREMIUM]"
"58445126","2026-08-08 20:45:51.551","2026-08-22 17:38:26.579","58445126","2026-08-20 15:54:02.000","[PREMIUM]","20","MO - ST. LOUIS","2026-08-25","TUESDAY","1200","CDT","0","V",2026,"CHEVROLET","EQUINOX","EQUINOX","SPORT UTILITY VEHICLE","GRAY","FRONT END","SIDE","MO","SC","YES","D",14650,"A","[PREMIUM]",29080,"1.5L 4","FRONT WHEEL DRIVE","AUTOMATIC","GAS",4,"Run & Drive Verified","Pure Sale","[PREMIUM]",,"BRIDGETON","MO","63044 1418","USA","USD","[PREMIUM]","[PREMIUM]","H180",false,"[PREMIUM]","LT",false,false,"[PREMIUM]",,,,,,,,"[PREMIUM]"
"57609116","2026-08-08 20:45:51.447","2026-08-22 17:38:26.431","57609116","2026-08-20 15:52:07.000","[PREMIUM]","20","MO - ST. LOUIS","2026-08-25","TUESDAY","1200","CDT","0","V",2016,"TOYOTA","RAV4","RAV4","4DR SPORT UTILITY","BLUE","REAR END","FRONT END","MO","SC","YES","D",106404,"A","[PREMIUM]",12964.32,"2.5L 4","FRONT WHEEL DRIVE","AUTOMATIC","GAS",4,"Run & Drive Verified","Pure Sale","[PREMIUM]",,"BRIDGETON","MO","63044 1418","USA","USD","[PREMIUM]","[PREMIUM]","B120",false,"[PREMIUM]","SE",false,false,"[PREMIUM]",,,,,,,,"[PREMIUM]"
"56441046","2026-08-08 20:45:51.220","2026-08-18 08:53:01.835","56441046","2026-08-13 14:55:13.000","[PREMIUM]","20","MO - ST. LOUIS","2026-08-18","TUESDAY","1200","CDT","0","V",2014,"TOYOTA","COROLLA","COROLLA","SEDAN","SILVER","FRONT END",,"ID","SC","YES","E",208027,"A","[PREMIUM]",8536,"1.8L 4","FRONT WHEEL DRIVE","AUTOMATIC","GAS",4,"DEFAULT","Pure Sale","[PREMIUM]",,"BRIDGETON","MO","63044 1418","USA","USD","[PREMIUM]","[PREMIUM]","D100",false,"[PREMIUM]","LE",false,false,"[PREMIUM]",,,,,,,,"[PREMIUM]"
"53911946","2026-08-08 20:45:50.910","2026-08-22 17:38:26.060","53911946","2026-08-20 14:32:38.000","[PREMIUM]","20","MO - ST. LOUIS","2026-08-25","TUESDAY","1200","CDT","0","V",2024,"DODGE","HORNET R","HORNET","SPORT UTILITY VEHICLE","GRAY","FRONT END","SIDE","MO","SC","YES","S",20453,"A","[PREMIUM]",19391.42,"1.3L 4","ALL WHEEL DRIVE","AUTOMATIC","ELECTRIC AND GAS HYBRID",4,"Vehicle Starts","Pure Sale","[PREMIUM]",,"BRIDGETON","MO","63044 1418","USA","USD","[PREMIUM]","[PREMIUM]","F150",false,"[PREMIUM]","R",false,false,"[PREMIUM]",,,,,,,,"[PREMIUM]"
"53904656","2026-08-08 20:45:50.892","2026-08-22 17:38:26.056","53904656","2026-08-20 14:32:57.000","[PREMIUM]","20","MO - ST. LOUIS","2026-08-25","TUESDAY","1200","CDT","0","V",2013,"CHEVROLET","MALIBU","MALIBU","SEDAN 4DR","GRAY","FRONT END","REAR END","MO","SC","YES","D",123606,"A","[PREMIUM]",5000,"2.5L 4","FRONT WHEEL DRIVE","AUTOMATIC","GAS",4,"Run & Drive Verified","Pure Sale","[PREMIUM]",,"BRIDGETON","MO","63044 1418","USA","USD","[PREMIUM]","[PREMIUM]","D110",false,"[PREMIUM]",,false,false,"[PREMIUM]",,,,,,,,"[PREMIUM]"
"45683856","2026-08-08 20:45:50.550","2026-08-21 17:37:06.973","45683856","2026-08-21 11:00:06.000","[PREMIUM]","20","MO - ST. LOUIS","2026-08-21","FRIDAY","1200","CDT","113","V",2024,"HYUNDAI","PALISADE","PALISADE","SUV","BLACK","FRONT END","MINOR DENT/SCRATCHES","MO","SC","YES","D",123892,"A","[PREMIUM]",0,"3.8L 6","FRONT WHEEL DRIVE","AUTOMATIC","GAS",6,"Run & Drive Verified","On Approval","[PREMIUM]",,"BRIDGETON","MO","63044 1418","USA","USD","[PREMIUM]","[PREMIUM]","F140",false,"[PREMIUM]","SEL",false,false,"[PREMIUM]",,,,,,,,"[PREMIUM]"
"64441886","2026-08-08 20:45:34.899","2026-08-22 17:38:08.259","64441886","2026-08-20 21:56:00.000","[PREMIUM]","881","*NCS - CENTRAL REGION","2026-08-24","MONDAY","2000","CDT","0","V",2017,"HYUNDAI","SANTA FE","SANTA FE SPORT","SUV","BLUE","REAR END",,"TX","CT","YES","D",219332,"A","[PREMIUM]",0,"2.4L 4","FRONT WHEEL DRIVE","AUTOMATIC","GAS",4,"Run & Drive Verified","On Minimum Bid","[PREMIUM]",,"GRAND PRAIRIE","TX","75051 2410","USA","USD","[PREMIUM]","[PREMIUM]","C130",true,"[PREMIUM]","2.4L",false,false,"[PREMIUM]",,,,,,,,"[PREMIUM]"
"63566096","2026-08-08 20:45:34.282","2026-08-20 05:31:11.331","63566096","2026-08-19 20:43:19.000","[PREMIUM]","12","TX - DALLAS","2026-08-20","THURSDAY","1200","CDT","2388","V",2016,"CHRYSLER","200","200","SEDAN 4DR","GRAY","SIDE",,"TX","CT","YES","D",118770,"A","[PREMIUM]",0,"2.4L 4","FRONT WHEEL DRIVE","AUTOMATIC","GAS",4,"Run & Drive Verified","On Approval","[PREMIUM]",,"GRAND PRAIRIE","TX","75051 2410","USA","USD","[PREMIUM]","[PREMIUM]","SC020",false,"[PREMIUM]","S",false,false,"[PREMIUM]",,,,,,,,"[PREMIUM]"
"63202456","2026-08-08 14:59:53.068","2026-08-13 14:32:29.494","63202456","2026-08-12 15:33:01.000","[PREMIUM]","394","TX - NORTH AUSTIN","2026-08-13","THURSDAY","1200","CDT","119","V",2010,"ACURA","TSX","TSX","SEDAN 4DR","BLACK","FRONT END","SIDE","TX","SV","YES","D",147454,"E","[PREMIUM]",45000,"2.4L 4","FRONT WHEEL DRIVE","AUTOMATIC","GAS",4,"Run & Drive Verified","Pure Sale","[PREMIUM]",,"TAYLOR","TX","76574","USA","USD","[PREMIUM]","[PREMIUM]","B070",false,"[PREMIUM]",,false,false,"[PREMIUM]",,,,,,,,"[PREMIUM]"
"64533696","2026-08-08 14:58:59.973","2026-08-11 02:31:22.262","64533696","2026-08-10 23:09:18.000","[PREMIUM]","359","GA - AUGUSTA","2026-08-11","TUESDAY","1000","EDT","45","V",2017,"FORD","EXPLORER","EXPLORER","4DR SPORT UTILITY","GRAY","MINOR DENT/SCRATCHES","MECHANICAL","GA","CT","YES","D",241624,"A","[PREMIUM]",0,"3.5L 6","FRONT WHEEL DRIVE","AUTOMATIC","GAS",6,"Run & Drive Verified","On Minimum Bid","[PREMIUM]",,"AUGUSTA","GA","30906","USA","USD","[PREMIUM]","[PREMIUM]","SC007",false,"[PREMIUM]","XLT",false,false,"[PREMIUM]",,,,,,,,"[PREMIUM]"
"60933496","2026-08-08 14:58:32.946","2026-08-11 02:30:57.023","60933496","2026-08-10 14:51:59.000","[PREMIUM]","342","MD - BALTIMORE EAST","2026-08-11","TUESDAY","1000","EDT","0","V",2011,"HONDA","ODYSSEY","ODYSSEY","SPORTS VAN","BLACK","SIDE","MINOR DENT/SCRATCHES","MD","S1","YES","D",159296,"A","[PREMIUM]",7780,"3.5L 6","FRONT WHEEL DRIVE","AUTOMATIC","GAS",6,"Run & Drive Verified","Pure Sale","[PREMIUM]",,"BALTIMORE","MD","21225","USA","USD","[PREMIUM]","[PREMIUM]","CC020",false,"[PREMIUM]","TOURING",false,false,"[PREMIUM]",,,,,,,,"[PREMIUM]"
"64417776","2026-08-08 14:58:27.162","2026-08-11 02:30:51.613","64417776","2026-08-10 22:01:15.000","[PREMIUM]","855","WHOLESALE AUCTION","2026-08-11","TUESDAY","1200","EDT","0","V",2017,"HONDA","CIVIC","CIVIC","SEDAN 4DR","BLUE","FRONT END","SIDE","OH","CT","YES","D",169754,"A","[PREMIUM]",0,"2.0L 4","FRONT WHEEL DRIVE","AUTOMATIC","GAS",4,"Run & Drive Verified","On Minimum Bid","[PREMIUM]",,"NEWTON","AL","36352 8228","USA","USD","[PREMIUM]","[PREMIUM]","BLU2",false,"[PREMIUM]","LX",false,true,"[PREMIUM]",,,,,"RED LIGHT",2.6,"Other","[PREMIUM]"
"64272686","2026-08-08 14:58:25.878","2026-08-22 05:46:28.957","64272686","2026-08-22 02:46:36.000","[PREMIUM]","855","WHOLESALE AUCTION","2026-08-25","TUESDAY","1200","EDT","0","V",2015,"CHEVROLET","TAHOE","TAHOE","4DR SPORT UTILITY","SILVER","MINOR DENT/SCRATCHES",,"NC","CZ","YES","D",164724,"A","[PREMIUM]",0,"5.3L 8","REAR WHEEL DRIVE","AUTOMATIC","GAS",8,"Run & Drive Verified","On Minimum Bid","[PREMIUM]",,"GASTONIA","NC","28052","USA","USD","[PREMIUM]","[PREMIUM]","SI003",true,"[PREMIUM]","C1500 LT",false,true,"[PREMIUM]",,,,,"GREEN LIGHT",3.6,,"[PREMIUM]"
"70101325","2026-08-08 14:58:19.800","2026-08-17 03:02:25.982","70101325","2026-08-08 13:59:00.000","[PREMIUM]","338","NC - LUMBERTON","2026-08-17","MONDAY","1000","EDT","0","V",2021,"JEEP","GLADIATOR","GLADIATOR",,"WHITE","ALL OVER",,"NC","SC","EXM","E",53519,"A","[PREMIUM]",27303,"3.6L  6","4x4 w/Rear Wheel Drv","AUTOMATIC","GAS",6,"DEFAULT","Pure Sale","[PREMIUM]",,"LUMBERTON","NC","28360 5075","USA","USD","[PREMIUM]","[PREMIUM]","OO110",false,"[PREMIUM]","SPORT",false,false,"[PREMIUM]",,,,,,,,"[PREMIUM]"
"63009526","2026-08-08 14:55:37.383","2026-08-21 23:47:05.930","63009526","2026-08-20 19:36:29.000","[PREMIUM]","855","WHOLESALE AUCTION","2026-08-25","TUESDAY","1200","EDT","0","V",2009,"BMW","3 SERIES","335","CONVERTIBLE","WHITE","MECHANICAL",,"TX","CT","YES","D",79847,"A","[PREMIUM]",0,"3.0L 6","REAR WHEEL DRIVE","AUTOMATIC","GAS",6,"Run & Drive Verified","On Minimum Bid","[PREMIUM]",,"ELLENWOOD","GA","30294 2655","USA","USD","[PREMIUM]","[PREMIUM]","H080",true,"[PREMIUM]","I",false,true,"[PREMIUM]",,,,,"RED LIGHT",2.1,"Emission","[PREMIUM]"
"56132016","2026-08-08 14:55:25.515","2026-08-13 14:28:41.124","56132016","2026-08-13 11:00:09.000","[PREMIUM]","145","AL - MONTGOMERY","2026-08-13","THURSDAY","1200","CDT","2100","V",1986,"BUICK","REGAL","REGAL","COUPE","BLUE","BURN",,"AL","BS","NO","E",0,"E","[PREMIUM]",9419,"5.0L 8","REAR WHEEL DRIVE","AUTOMATIC","GAS",8,"DEFAULT","Pure Sale","[PREMIUM]",,"MONTGOMERY","AL","36116 6553","USA","USD","[PREMIUM]","[PREMIUM]","A160",false,"[PREMIUM]","LIMITED",false,false,"[PREMIUM]",,,,,,,,"[PREMIUM]"
"62538426","2026-08-08 14:54:44.967","2026-08-18 08:59:38.297","62538426","2026-08-17 13:09:06.000","[PREMIUM]","136","AL - BIRMINGHAM","2026-08-18","TUESDAY","1200","CDT","4013","V",2015,"NISSAN","FRONTIER","FRONTIER","PICKUP","BLUE","ROLLOVER",,"GA","BP","NO","E",0,"N","[PREMIUM]",9215,"4.0L 6","4X2","AUTOMATIC","GAS",6,"DEFAULT","Pure Sale","[PREMIUM]",,"HUEYTOWN","AL","35023 2868","USA","USD","[PREMIUM]","[PREMIUM]","DD080",false,"[PREMIUM]","S",false,false,"[PREMIUM]",,,,,,,,"[PREMIUM]"
"63119476","2026-08-08 14:54:37.492","2026-08-12 08:29:38.401","63119476","2026-08-12 08:00:11.000","[PREMIUM]","135","NJ - TRENTON","2026-08-12","WEDNESDAY","1000","EDT","2269","V",2012,"JEEP","LIBERTY","LIBERTY","4DR SPORT UTILITY","GREEN","REAR END",,"NY","SM","YES","D",161232,"A","[PREMIUM]",2748,"3.7L 6","4X4 W/REAR WHEEL DRV","AUTOMATIC","GAS",6,"Run & Drive Verified","Pure Sale","[PREMIUM]",,"WINDSOR","NJ","08561 0489","USA","USD","[PREMIUM]","[PREMIUM]","G090",false,"[PREMIUM]","SPORT",false,false,"[PREMIUM]",,,,,,,,"[PREMIUM]"
"62321186","2026-08-08 14:54:08.648","2026-08-13 14:27:45.444","62321186","2026-08-12 13:25:03.000","[PREMIUM]","127","PA - YORK HAVEN","2026-08-13","THURSDAY","1000","EDT","2295","V",2015,"TOYOTA","RAV4","RAV4","4DR SPORT UTILITY","RED","FRONT END",,"CT","ST","YES","D",129412,"A","[PREMIUM]",9636.72,"2.5L 4","ALL WHEEL DRIVE","AUTOMATIC","GAS",4,"Run & Drive Verified","Pure Sale","[PREMIUM]",,"YORK HAVEN","PA","17370 9787","USA","USD","[PREMIUM]","[PREMIUM]","C110",false,"[PREMIUM]","XLE",false,false,"[PREMIUM]",,,,,,,,"[PREMIUM]"
"74513485","2026-08-08 14:54:06.145","2026-08-18 08:59:10.399","74513485","2026-08-14 16:25:39.000","[PREMIUM]","125","MO - COLUMBIA","2026-08-18","TUESDAY","1200","CDT","65","V",2020,"FORD","F150","F150","PICKUP","SILVER","HAIL",,"ID","SC","YES","D",66995,"A","[PREMIUM]",11469,"5.0L 8","4X4 W/REAR WHEEL DRV","AUTOMATIC","GAS",8,"Run & Drive Verified","On Minimum Bid","[PREMIUM]",,"COLUMBIA","MO","65201 8826","USA","USD","[PREMIUM]","[PREMIUM]","D040",false,"[PREMIUM]","SUPERCREW",false,false,"[PREMIUM]",,,,,,,,"[PREMIUM]"
"59999566","2026-08-08 14:52:08.540","2026-08-17 02:57:30.625","59999566","2026-08-14 20:17:32.000","[PREMIUM]","94","NY - ALBANY","2026-08-17","MONDAY","1000","EDT","661","A",2023,"CF MOTO","ALL OTHER","ZFORCE","SIDE BY SIDE","BLUE","BURN","TOP/ROOF","NY","BS","NO","E",0,"N","[PREMIUM]",12808,"2",,"AUTOMATIC","GAS",2,"DEFAULT","Pure Sale","[PREMIUM]",,"ALBANY","NY","12205 4218","USA","USD","[PREMIUM]","[PREMIUM]","SF01",false,"[PREMIUM]","950 HO EX",false,false,"[PREMIUM]",,,,,,,,"[PREMIUM]"
"64087096","2026-08-08 14:52:06.756","2026-08-17 02:57:28.716","64087096","2026-08-14 16:12:54.000","[PREMIUM]","92","MO - SPRINGFIELD","2026-08-17","MONDAY","1200","CDT","146","V",2020,"FORD","F-150","F150","PICKUP","GRAY","FRONT END",,"ID","SC","YES","D",94214,"A","[PREMIUM]",14333,"2.7L 6","4X4 W/REAR WHEEL DRV","AUTOMATIC","GAS",6,"Run & Drive Verified","On Minimum Bid","[PREMIUM]",,"ROGERSVILLE","MO","65742 7171","USA","USD","[PREMIUM]","[PREMIUM]","B080",false,"[PREMIUM]","SUPERCREW",false,false,"[PREMIUM]",,,,,,,,"[PREMIUM]"
"58993976","2026-08-08 14:52:02.998","2026-08-19 14:57:32.743","58993976","2026-08-18 14:50:08.000","[PREMIUM]","92","MO - SPRINGFIELD","2026-08-19","WEDNESDAY","1200","CDT","131","V",2000,"BMW","Z3","Z3","CONVERTIBLE","GRAY","FRONT END",,"ID","SC","YES","D",151552,"A","[PREMIUM]",14459,"2.5L 6","REAR WHEEL DRIVE","AUTOMATIC","GAS",6,"Run & Drive Verified","Pure Sale","[PREMIUM]",,"ROGERSVILLE","MO","65742 7171","USA","USD","[PREMIUM]","[PREMIUM]","3A090",false,"[PREMIUM]","2.3",false,false,"[PREMIUM]",,,,,,,,"[PREMIUM]"
"62393896","2026-08-08 14:51:30.188","2026-08-13 02:29:20.185","62393896","2026-08-12 21:33:59.000","[PREMIUM]","841","CRASHEDTOYS POWERSPORT AUCTION","2026-08-13","THURSDAY","1200","CDT","5110","R",2018,"CITO","UNKNOWN","UNKNOWN",,"WHITE","WATER/FLOOD",,"MN","BS","YES","E",0,"N","[PREMIUM]",5533,,,"AUTOMATIC",,,"DEFAULT","Pure Sale","[PREMIUM]",,"HAM LAKE","MN","55304 6921","USA","USD","[PREMIUM]","[PREMIUM]","7CT04",false,"[PREMIUM]",,false,false,"[PREMIUM]",,,,,,,,"[PREMIUM]"
"63674086","2026-08-08 14:50:29.398","2026-08-12 02:24:44.910","63674086","2026-08-11 15:01:03.000","[PREMIUM]","66","AL - TANNER","2026-08-12","WEDNESDAY","1200","CDT","663","A",2021,"POLARIS","ATV","SPORTSMAN","ATV","BLUE","ROLLOVER",,"AL","BS","YES","D",1118,"E","[PREMIUM]",5720.11,"1",,"MANUAL","GAS",1,"Run & Drive Verified","Pure Sale","[PREMIUM]",,"TANNER","AL","35671 4027","USA","USD","[PREMIUM]","[PREMIUM]","MCI",false,"[PREMIUM]","570 UTILITY PACKAGE",false,false,"[PREMIUM]",,,,,,,,"[PREMIUM]"
"63550576","2026-08-08 14:50:29.354","2026-08-12 02:24:44.850","63550576","2026-08-11 15:01:03.000","[PREMIUM]","66","AL - TANNER","2026-08-12","WEDNESDAY","1200","CDT","661","A",2021,"POLARIS","SIDEBYSIDE","RZR","SIDE BY SIDE","GRAY","FRONT END",,"AL","BS","YES",,0,"E","[PREMIUM]",30939.09,"2",,"MANUAL","GAS",2,,"Pure Sale","[PREMIUM]",,"TANNER","AL","35671 4027","USA","USD","[PREMIUM]","[PREMIUM]","MCI",false,"[PREMIUM]","XP TURBO",false,false,"[PREMIUM]",,,,,,,,"[PREMIUM]"
"46676226","2026-08-08 14:50:25.230","2026-08-20 22:39:10.340","46676226","2026-08-19 20:20:05.000","[PREMIUM]","66","AL - TANNER","2026-08-26","WEDNESDAY","1200","CDT","0","V",1975,"VOLKSWAGEN","BEETLE","BEETLE",,"BLUE","FRONT END","SIDE","AL","BS","YES","E",5481,"E","[PREMIUM]",0,,,"AUTOMATIC",,,"DEFAULT","On Minimum Bid","[PREMIUM]",,"TANNER","AL","35671 4027","USA","USD","[PREMIUM]","[PREMIUM]","F150",false,"[PREMIUM]",,false,false,"[PREMIUM]",,,,,,,,"[PREMIUM]"
"64438426","2026-08-08 14:49:50.908","2026-08-22 17:41:04.110","64438426","2026-08-21 16:32:48.000","[PREMIUM]","883","*NCS - PACIFIC REGION","2026-08-24","MONDAY","1800","PDT","0","V",2017,"DODGE","JOURNEY","JOURNEY","4DR SPORT UTILITY","SILVER","MINOR DENT/SCRATCHES",,"NV","CT","YES","E",137853,"A","[PREMIUM]",0,"3.6L 6","FRONT WHEEL DRIVE","AUTOMATIC","FLEXIBLE",6,"DEFAULT","On Minimum Bid","[PREMIUM]",,"LAS VEGAS","NV","89115 1827","USA","USD","[PREMIUM]","[PREMIUM]","K150",true,"[PREMIUM]","SXT",false,false,"[PREMIUM]",,,,,,,,"[PREMIUM]"
"61366506","2026-08-08 14:47:27.752","2026-08-22 05:37:32.235","61366506","2026-08-22 02:45:16.000","[PREMIUM]","24","NY - NEWBURGH","2026-08-27","THURSDAY","1000","EDT","0","V",2018,"MERCEDES-BENZ","C-CLASS","C","SEDAN","BLUE","FRONT END",,"CT","ST","YES","E",78116,"A","[PREMIUM]",16796,"2.0L 4","ALL WHEEL DRIVE","AUTOMATIC","GAS",4,"DEFAULT","On Minimum Bid","[PREMIUM]",,"MARLBORO","NY","12542","USA","USD","[PREMIUM]","[PREMIUM]","NN010",false,"[PREMIUM]","300 4MATIC",false,false,"[PREMIUM]",,,,,,,,"[PREMIUM]"
"63559466","2026-08-08 14:47:23.582","2026-08-13 14:22:24.548","63559466","2026-08-08 12:36:55.000","[PREMIUM]","23","CT - HARTFORD","2026-08-14","FRIDAY","1000","EDT","0","V",2016,"NISSAN","ALTIMA","ALTIMA","SEDAN","GRAY","FRONT END",,"CT","ST","YES","D",362809,"A","[PREMIUM]",6813.8,"2.5L 4","FRONT WHEEL DRIVE","AUTOMATIC","GAS",4,"Run & Drive Verified","Pure Sale","[PREMIUM]",,"NEW BRITAIN","CT","06051 4123","USA","USD","[PREMIUM]","[PREMIUM]","Y030",false,"[PREMIUM]","2.5 SV",false,false,"[PREMIUM]",,,,,,,,"[PREMIUM]"
"57010786","2026-08-08 14:47:21.214","2026-08-22 17:38:40.646","57010786","2026-08-18 18:11:38.000","[PREMIUM]","23","CT - HARTFORD","2026-08-25","TUESDAY","1000","EDT","0","U",2018,"FREIGHTLINER","ALL OTHER","M2","STRAIGHT TRUCK","WHITE","FRONT END","MINOR DENT/SCRATCHES","CT","ST","YES","E",36359,"A","[PREMIUM]",20060,"6.7L 6","REAR WHEEL DRIVE","MANUAL","DIESEL",6,"DEFAULT","On Minimum Bid","[PREMIUM]",,"NEW BRITAIN","CT","06051 4123","USA","USD","[PREMIUM]","[PREMIUM]","SSHV4",false,"[PREMIUM]","106 MEDIUM DUTY",false,false,"[PREMIUM]",,,,,,,,"[PREMIUM]"
"57011356","2026-08-08 14:47:21.194","2026-08-13 14:22:21.997","57011356","2026-08-08 12:49:59.000","[PREMIUM]","23","CT - HARTFORD","2026-08-14","FRIDAY","1000","EDT","0","V",2015,"NISSAN","MURANO","MURANO","SUV","BLACK","VANDALISM","SIDE","CT","ST","YES","D",114233,"A","[PREMIUM]",14212.36,"3.5L 6","ALL WHEEL DRIVE","AUTOMATIC","GAS",6,"Run & Drive Verified","Pure Sale","[PREMIUM]","WITH CORRECTION LETTER      ","NEW BRITAIN","CT","06051 4123","USA","USD","[PREMIUM]","[PREMIUM]","AA050",false,"[PREMIUM]","SL",false,false,"[PREMIUM]",,,,,,,,"[PREMIUM]"
"56681196","2026-08-08 14:47:21.150","2026-08-13 14:22:21.940","56681196","2026-08-08 11:59:11.000","[PREMIUM]","23","CT - HARTFORD","2026-08-14","FRIDAY","1000","EDT","0","V",2007,"BUICK","LACROSSE","LACROSSE","SEDAN 4DR","SILVER","REAR END",,"CT","ST","YES","D",140148,"E","[PREMIUM]",4182.35,"3.8L 6","FRONT WHEEL DRIVE","AUTOMATIC","GAS",6,"Run & Drive Verified","Pure Sale","[PREMIUM]",,"NEW BRITAIN","CT","06051 4123","USA","USD","[PREMIUM]","[PREMIUM]","Z010",false,"[PREMIUM]","CX",false,false,"[PREMIUM]",,,,,,,,"[PREMIUM]"
"64194006","2026-08-08 14:47:06.902","2026-08-14 04:08:28.736","64194006","2026-08-12 15:23:17.000","[PREMIUM]","20","MO - ST. LOUIS","2026-08-14","FRIDAY","1200","CDT","0","V",2022,"HONDA","CIVIC","CIVIC","SEDAN","GRAY","FRONT END",,"ID","SC","YES","E",60161,"A","[PREMIUM]",11826,"2.0L 4","FRONT WHEEL DRIVE","AUTOMATIC","GAS",4,"DEFAULT","On Minimum Bid","[PREMIUM]",,"BRIDGETON","MO","63044 1418","USA","USD","[PREMIUM]","[PREMIUM]","D040",false,"[PREMIUM]","SPORT",false,false,"[PREMIUM]",,,,,,,,"[PREMIUM]"
"63402716","2026-08-08 14:47:06.780","2026-08-14 04:08:28.449","63402716","2026-08-12 21:17:00.000","[PREMIUM]","20","MO - ST. LOUIS","2026-08-14","FRIDAY","1200","CDT","0","V",2025,"CHEVROLET","SILVERADO","SILVERADO","PICKUP","WHITE","FRONT END","SIDE","ID","SC","YES","D",15734,"A","[PREMIUM]",30964,"6.2L 8","4X4 W/REAR WHEEL DRV","AUTOMATIC","GAS",8,"Run & Drive Verified","On Minimum Bid","[PREMIUM]",,"BRIDGETON","MO","63044 1418","USA","USD","[PREMIUM]","[PREMIUM]","A140",false,"[PREMIUM]","K1500 LTZ",false,false,"[PREMIUM]",,,,,,,,"[PREMIUM]"
"63331486","2026-08-08 14:47:06.726","2026-08-18 08:53:03.828","63331486","2026-08-13 14:53:58.000","[PREMIUM]","20","MO - ST. LOUIS","2026-08-18","TUESDAY","1200","CDT","0","V",2017,"HYUNDAI","ELANTRA","ELANTRA","SEDAN","RED","FRONT END",,"ID","SC","YES","D",69876,"A","[PREMIUM]",6324,"2.0L 4","FRONT WHEEL DRIVE","AUTOMATIC","GAS",4,"Run & Drive Verified","Pure Sale","[PREMIUM]",,"BRIDGETON","MO","63044 1418","USA","USD","[PREMIUM]","[PREMIUM]","F090",false,"[PREMIUM]","SE",false,false,"[PREMIUM]",,,,,,,,"[PREMIUM]"
"62760216","2026-08-08 14:47:06.542","2026-08-14 04:08:28.102","62760216","2026-08-12 21:15:38.000","[PREMIUM]","20","MO - ST. LOUIS","2026-08-14","FRIDAY","1200","CDT","0","V",2017,"HYUNDAI","ELANTRA","ELANTRA","SEDAN","GRAY","VANDALISM","SIDE","ID","SC","NO","E",121895,"A","[PREMIUM]",8654,"2.0L 4","FRONT WHEEL DRIVE","AUTOMATIC","GAS",4,"DEFAULT","Pure Sale","[PREMIUM]",,"BRIDGETON","MO","63044 1418","USA","USD","[PREMIUM]","[PREMIUM]","REC",false,"[PREMIUM]","SE",false,false,"[PREMIUM]",,,,,,,,"[PREMIUM]"
"61210976","2026-08-08 14:47:05.847","2026-08-14 04:08:27.456","61210976","2026-08-12 14:53:53.000","[PREMIUM]","20","MO - ST. LOUIS","2026-08-14","FRIDAY","1200","CDT","0","V",2014,"AUDI","Q5","Q5","4DR SPORT UTILITY","WHITE","MINOR DENT/SCRATCHES",,"ID","SC","NO","E",180135,"A","[PREMIUM]",0,"3.0L 6","ALL WHEEL DRIVE","AUTOMATIC","DIESEL",6,"DEFAULT","Pure Sale","[PREMIUM]",,"BRIDGETON","MO","63044 1418","USA","USD","[PREMIUM]","[PREMIUM]","4I050",false,"[PREMIUM]","TDI PRESTIGE",false,false,"[PREMIUM]",,,,,,,,"[PREMIUM]"
"60936966","2026-08-08 14:47:05.746","2026-08-18 08:53:02.986","60936966","2026-08-13 14:52:01.000","[PREMIUM]","20","MO - ST. LOUIS","2026-08-18","TUESDAY","1200","CDT","0","V",2019,"BMW","4 SERIES","440I","SEDAN","BLACK","SIDE","REAR END","ID","SC","YES","D",107740,"A","[PREMIUM]",20982,"3.0L 6","REAR WHEEL DRIVE","AUTOMATIC","GAS",6,"Run & Drive Verified","On Minimum Bid","[PREMIUM]",,"BRIDGETON","MO","63044 1418","USA","USD","[PREMIUM]","[PREMIUM]","F180",false,"[PREMIUM]","GRAN COUPE",false,false,"[PREMIUM]",,,,,,,,"[PREMIUM]"
"64045736","2026-08-08 14:47:03.389","2026-08-13 02:25:26.432","64045736","2026-08-12 20:00:59.000","[PREMIUM]","855","WHOLESALE AUCTION","2026-08-13","THURSDAY","1200","EDT","178","V",2019,"CHRYSLER","300","300","SEDAN","GRAY","MINOR DENT/SCRATCHES",,"OK","CT","YES","D",107388,"A","[PREMIUM]",0,"3.6L 6","ALL WHEEL DRIVE","AUTOMATIC","FLEXIBLE",6,"Run & Drive Verified","On Minimum Bid","[PREMIUM]",,"TULSA","OK","74107 3402","USA","USD","[PREMIUM]","[PREMIUM]","CD001",true,"[PREMIUM]","S",false,true,"[PREMIUM]",,,,,"GREEN LIGHT",3.8,,"[PREMIUM]"
"63844026","2026-08-08 14:46:48.718","2026-08-12 14:24:46.967","63844026","2026-08-12 12:42:05.000","[PREMIUM]","855","WHOLESALE AUCTION","2026-08-13","THURSDAY","1200","EDT","0","V",2020,"CHEVROLET","SILVERADO","SILVERADO","PICKUP","BLACK","FRONT END","MECHANICAL","TX","CT","YES","E",113930,"A","[PREMIUM]",0,"2.7L 4","REAR WHEEL DRIVE","AUTOMATIC","GAS",4,"DEFAULT","On Minimum Bid","[PREMIUM]",,"LONGVIEW","TX","75603 7006","USA","USD","[PREMIUM]","[PREMIUM]","BLUE2",true,"[PREMIUM]","C1500 CUSTOM",false,true,"[PREMIUM]",,,,,"RED LIGHT",2.4,,"[PREMIUM]"
"64462866","2026-08-08 14:46:45.909","2026-08-22 17:38:08.356","64462866","2026-08-20 21:55:51.000","[PREMIUM]","881","*NCS - CENTRAL REGION","2026-08-24","MONDAY","2000","CDT","0","V",2006,"HONDA","All Models","ODYSSEY","SPORTS VAN","SILVER","NORMAL WEAR",,"TX","RS","YES","D",264096,"E","[PREMIUM]",0,"3.5L 6","FRONT WHEEL DRIVE","AUTOMATIC","GAS",6,"Run & Drive Verified","On Minimum Bid","[PREMIUM]",,"GRAND PRAIRIE","TX","75051 2410","USA","USD","[PREMIUM]","[PREMIUM]","M220",true,"[PREMIUM]","EXL",false,false,"[PREMIUM]",,,,,,,,"[PREMIUM]"
"64545956","2026-08-08 14:46:45.907","2026-08-13 14:21:48.871","64545956","2026-08-12 20:12:26.000","[PREMIUM]","12","TX - DALLAS","2026-08-13","THURSDAY","1200","CDT","2308","V",2013,"TOYOTA","SEQUOIA","SEQUOIA","4DR SPORT UTILITY","SILVER","NORMAL WEAR",,"TX","CT","YES","D",219952,"A","[PREMIUM]",0,"5.7L 8","4X4 W/REAR WHEEL DRV","AUTOMATIC","GAS",8,"Run & Drive Verified","On Minimum Bid","[PREMIUM]",,"GRAND PRAIRIE","TX","75051 2410","USA","USD","[PREMIUM]","[PREMIUM]","D180",true,"[PREMIUM]","LIMITED",false,false,"[PREMIUM]",,,,,,,,"[PREMIUM]"
"61193726","2026-08-08 14:46:44.105","2026-08-21 23:37:36.272","61193726","2026-08-21 23:00:31.000","[PREMIUM]","12","TX - DALLAS","2026-08-24","MONDAY","1200","CDT","0","V",2014,"DODGE","CHARGER","CHARGER","SEDAN 4DR","CHARCOAL","FRONT END","SIDE","TX","SV","YES","D",261327,"A","[PREMIUM]",0,"3.6L 6","REAR WHEEL DRIVE","AUTOMATIC","FLEXIBLE",6,"Run & Drive Verified","On Minimum Bid","[PREMIUM]",,"GRAND PRAIRIE","TX","75051 2410","USA","USD","[PREMIUM]","[PREMIUM]","SB012",false,"[PREMIUM]","SE",false,false,"[PREMIUM]",,,,,,,,"[PREMIUM]"
"60686376","2026-08-08 14:46:42.034","2026-08-21 23:37:35.561","60686376","2026-08-21 23:00:19.000","[PREMIUM]","12","TX - DALLAS","2026-08-24","MONDAY","1200","CDT","0","V",2006,"TOYOTA","CAMRY SOLA","CAMRY SOLARA","COUPE","SILVER","FRONT END",,"TX","SV","YES","E",0,"E","[PREMIUM]",0,"2.4L 4","FRONT WHEEL DRIVE","AUTOMATIC","GAS",4,"DEFAULT","On Minimum Bid","[PREMIUM]",,"GRAND PRAIRIE","TX","75051 2410","USA","USD","[PREMIUM]","[PREMIUM]","D120",false,"[PREMIUM]","SE",false,false,"[PREMIUM]",,,,,,,,"[PREMIUM]"
"60627666","2026-08-08 14:46:41.980","2026-08-13 14:21:45.050","60627666","2026-08-12 20:12:27.000","[PREMIUM]","12","TX - DALLAS","2026-08-13","THURSDAY","1200","CDT","5108","V",2017,"CHEVROLET","VOLT","VOLT","HATCHBACK 4DR","BURGUNDY","UNDERCARRIAGE","FRONT END","TX","SV","YES","E",154364,"A","[PREMIUM]",0,"1.5L 4","FRONT WHEEL DRIVE","AUTOMATIC","ELECTRIC AND GAS HYBRID",4,"DEFAULT","On Approval","[PREMIUM]",,"GRAND PRAIRIE","TX","75051 2410","USA","USD","[PREMIUM]","[PREMIUM]","SC020",false,"[PREMIUM]","PREMIER",false,false,"[PREMIUM]",,,,,,,,"[PREMIUM]"
"60499006","2026-08-08 14:46:41.827","2026-08-13 14:21:44.940","60499006","2026-08-12 20:12:26.000","[PREMIUM]","12","TX - DALLAS","2026-08-13","THURSDAY","1200","CDT","4022","V",2003,"TOYOTA","CAMRY","CAMRY","SEDAN","BLUE","SIDE",,"TX","SV","YES","E",124965,"E","[PREMIUM]",0,"2.4L 4","FRONT WHEEL DRIVE","AUTOMATIC","GAS",4,"DEFAULT","On Approval","[PREMIUM]",,"GRAND PRAIRIE","TX","75051 2410","USA","USD","[PREMIUM]","[PREMIUM]","SA014",false,"[PREMIUM]","LE",false,false,"[PREMIUM]",,,,,,,,"[PREMIUM]"
"60194096","2026-08-08 14:46:41.469","2026-08-22 17:38:03.026","60194096","2026-08-21 19:58:44.000","[PREMIUM]","12","TX - DALLAS","2026-08-24","MONDAY","1200","CDT","2302","V",2010,"TOYOTA","COROLLA","COROLLA","SEDAN","GRAY","FRONT END","REAR END","TX","SV","YES","D",265253,"X","[PREMIUM]",0,"1.8L 4","FRONT WHEEL DRIVE","AUTOMATIC","GAS",4,"Run & Drive Verified","On Minimum Bid","[PREMIUM]",,"GRAND PRAIRIE","TX","75051 2410","USA","USD","[PREMIUM]","[PREMIUM]","SB023",false,"[PREMIUM]","S",false,false,"[PREMIUM]",,,,,,,,"[PREMIUM]"
"59996816","2026-08-08 14:46:41.310","2026-08-20 17:31:53.632","59996816","2026-08-19 20:43:19.000","[PREMIUM]","12","TX - DALLAS","2026-08-20","THURSDAY","1200","CDT","2410","V",2011,"HYUNDAI","SONATA","SONATA","SEDAN 4DR","GRAY","HAIL","FRONT END","TX","SV","YES","D",137959,"A","[PREMIUM]",0,"2.4L 4","FRONT WHEEL DRIVE","AUTOMATIC","GAS",4,"Run & Drive Verified","On Minimum Bid","[PREMIUM]",,"GRAND PRAIRIE","TX","75051 2410","USA","USD","[PREMIUM]","[PREMIUM]","SC024",false,"[PREMIUM]","GLS",false,false,"[PREMIUM]",,,,,,,,"[PREMIUM]"
"60033076","2026-08-08 14:46:41.299","2026-08-20 17:31:53.655","60033076","2026-08-19 20:43:19.000","[PREMIUM]","12","TX - DALLAS","2026-08-20","THURSDAY","1200","CDT","2361","V",2015,"CHRYSLER","200","200","SEDAN 4DR","BLACK","FRONT END","DAMAGE HISTORY","TX","SV","YES","D",195805,"A","[PREMIUM]",0,"2.4L 4","FRONT WHEEL DRIVE","AUTOMATIC","GAS",4,"Run & Drive Verified","On Minimum Bid","[PREMIUM]",,"GRAND PRAIRIE","TX","75051 2410","USA","USD","[PREMIUM]","[PREMIUM]","SA014",false,"[PREMIUM]","LIMITED",false,false,"[PREMIUM]",,,,,,,,"[PREMIUM]"
"58948286","2026-08-08 14:46:40.210","2026-08-20 17:31:52.588","58948286","2026-08-19 20:43:19.000","[PREMIUM]","12","TX - DALLAS","2026-08-20","THURSDAY","1200","CDT","2398","V",2014,"TOYOTA","PRIUS","PRIUS C","HATCHBACK","RED","SIDE",,"TX","SV","YES","D",246928,"A","[PREMIUM]",0,"1.5L 4","FRONT WHEEL DRIVE","AUTOMATIC","ELECTRIC AND GAS HYBRID",4,"Run & Drive Verified","On Approval","[PREMIUM]",,"GRAND PRAIRIE","TX","75051 2410","USA","USD","[PREMIUM]","[PREMIUM]","SB018",false,"[PREMIUM]","ONE",false,false,"[PREMIUM]",,,,,,,,"[PREMIUM]"
"55199616","2026-08-08 14:46:36.668","2026-08-22 17:37:59.630","55199616","2026-08-21 19:58:44.000","[PREMIUM]","12","TX - DALLAS","2026-08-24","MONDAY","1200","CDT","3093","V",2013,"TOYOTA","COROLLA","COROLLA","SEDAN","GRAY","FRONT END",,"TX","SV","YES",,205814,"A","[PREMIUM]",0,"1.8L 4","FRONT WHEEL DRIVE","AUTOMATIC","GAS",4,,"On Minimum Bid","[PREMIUM]",,"GRAND PRAIRIE","TX","75051 2410","USA","USD","[PREMIUM]","[PREMIUM]","SB017",false,"[PREMIUM]","L",false,false,"[PREMIUM]",,,,,,,,"[PREMIUM]"
"61572086","2026-08-08 08:56:03.268","2026-08-18 09:03:50.583","61572086","2026-08-18 08:00:16.000","[PREMIUM]","373","NC - LAGRANGE","2026-08-18","TUESDAY","1000","EDT","19","V",2008,"HONDA","ACCORD","ACCORD","SEDAN 4DR","SILVER","REAR END",,"NC","SC","YES","D",254876,"E","[PREMIUM]",2650.2,"2.4L 4","FRONT WHEEL DRIVE","AUTOMATIC","GAS",4,"Run & Drive Verified","Pure Sale","[PREMIUM]",,"LA GRANGE","NC","28551","USA","USD","[PREMIUM]","[PREMIUM]","U110",false,"[PREMIUM]","EXL",false,false,"[PREMIUM]",,,,,,,,"[PREMIUM]"
"64262826","2026-08-08 08:55:11.181","2026-08-22 17:48:59.307","64262826","2026-08-22 02:28:01.000","[PREMIUM]","880","*NCS - EASTERN REGION","2026-08-25","TUESDAY","2100","EDT","0","V",2013,"BMW","5 SERIES","528","SEDAN 4DR","GRAY","FRONT END",,"RI","CT","YES","E",134163,"A","[PREMIUM]",0,"2.0L 4","ALL WHEEL DRIVE","AUTOMATIC","GAS",4,"DEFAULT","On Minimum Bid","[PREMIUM]","REPOSSESSION                ","EAST GRANBY","CT","06026 9765","USA","USD","[PREMIUM]","[PREMIUM]","P010",true,"[PREMIUM]","XI",false,false,"[PREMIUM]",,,,,,,,"[PREMIUM]"
"62209906","2026-08-08 08:53:24.679","2026-08-13 02:33:11.112","62209906","2026-08-12 17:20:15.000","[PREMIUM]","181","TX - DALLAS SOUTH","2026-08-13","THURSDAY","1200","CDT","0","V",2006,"HONDA","ACCORD","ACCORD","COUPE","GRAY","SIDE","FRONT END","TX","SV","YES","D",280044,"E","[PREMIUM]",5742.49,"2.4L 4","FRONT WHEEL DRIVE","AUTOMATIC","GAS",4,"Run & Drive Verified","Pure Sale","[PREMIUM]",,"WILMER","TX","75172 1528","USA","USD","[PREMIUM]","[PREMIUM]","F160",false,"[PREMIUM]","LX",false,false,"[PREMIUM]",,,,,,,,"[PREMIUM]"
"77606545","2026-08-08 08:50:44.347","2026-08-22 17:44:17.869","77606545","2026-08-13 18:44:22.000","[PREMIUM]","110","HI - HONOLULU",,,,"HST","0","V",2025,"NISSAN","VERSA","VERSA",,"CHARCOAL","SIDE",,"HI","SC","YES","D",1667,"A","[PREMIUM]",11833,"1.6L  4","Front-wheel Drive","AUTOMATIC","GAS",4,"Run & Drive Verified","Pure Sale","[PREMIUM]",,"KAPOLEI","HI","96707 1841","USA","USD","[PREMIUM]","[PREMIUM]","2A070",false,"[PREMIUM]","S",false,false,"[PREMIUM]",,,,,,,,"[PREMIUM]"
"64141355","2026-08-08 08:50:44.128","2026-08-22 17:44:17.556","64141355","2026-08-08 02:51:30.000","[PREMIUM]","110","HI - HONOLULU",,,,"HST","0","V",2020,"SUBARU","IMPREZA","IMPREZA",,"SILVER","FRONT END","SIDE","HI","SC","YES","E",49561,"A","[PREMIUM]",14961.02,"2.0L  4","ALL WHEEL DRIVE","AUTOMATIC","GAS",4,"DEFAULT","Pure Sale","[PREMIUM]",,"KAPOLEI","HI","96707 1841","USA","USD","[PREMIUM]","[PREMIUM]","2C040",false,"[PREMIUM]",,false,false,"[PREMIUM]",,,,,,,,"[PREMIUM]"
"63782566","2026-08-08 08:50:44.117","2026-08-22 17:44:17.558","63782566","2026-08-08 02:51:30.000","[PREMIUM]","110","HI - HONOLULU",,,,"HST","0","V",2019,"NISSAN","SENTRA","SENTRA","SEDAN","CHARCOAL","REAR END",,"HI","CT","YES","D",91061,"A","[PREMIUM]",7098.66,"1.8L 4","FRONT WHEEL DRIVE","AUTOMATIC","GAS",4,"Run & Drive Verified","Pure Sale","[PREMIUM]",,"KAPOLEI","HI","96707 1841","USA","USD","[PREMIUM]","[PREMIUM]","2B010",false,"[PREMIUM]","SR",false,false,"[PREMIUM]",,,,,,,,"[PREMIUM]"
"63762256","2026-08-08 08:50:44.062","2026-08-22 17:44:17.486","63762256","2026-08-08 02:51:19.000","[PREMIUM]","110","HI - HONOLULU",,,,"HST","0","V",2017,"TOYOTA","TACOMA TRD","TACOMA","PICKUP","CHARCOAL","FRONT END","SIDE","HI","SC","YES","D",90034,"A","[PREMIUM]",18143.51,"3.5L 6","FOUR BY FOUR","AUTOMATIC","GAS",6,"Run & Drive Verified","Pure Sale","[PREMIUM]","LOCATED IN LAHAINA MAUI    ","KAPOLEI","HI","96707 1841","USA","USD","[PREMIUM]","[PREMIUM]","MAUI2",false,"[PREMIUM]","TRD OFF-ROAD",false,false,"[PREMIUM]",,,,,,,,"[PREMIUM]"
"57076866","2026-08-08 08:50:41.688","2026-08-22 17:44:15.637","57076866","2026-08-08 02:45:44.000","[PREMIUM]","110","HI - HONOLULU",,,,"HST","0","V",2023,"HYUNDAI","TUCSON","TUCSON","SPORT UTILITY VEHICLE","BLACK","ROLLOVER","UNDERCARRIAGE","HI","SC","YES","E",0,"N","[PREMIUM]",25588,"1.6L 4","ALL WHEEL DRIVE","AUTOMATIC","ELECTRIC AND GAS HYBRID",4,"DEFAULT","On Approval","[PREMIUM]","VEHICLE LOCATED IN KAUAI    ","KAPOLEI","HI","96707 1841","USA","USD","[PREMIUM]","[PREMIUM]","KINDA",false,"[PREMIUM]","LIMITED",false,false,"[PREMIUM]",,,,,,,,"[PREMIUM]"
"55387166","2026-08-08 08:50:40.616","2026-08-22 17:44:14.881","55387166","2026-08-08 02:51:19.000","[PREMIUM]","110","HI - HONOLULU",,,,"HST","0","V",2011,"TOYOTA","All Models","TACOMA","CREW PICKUP","WHITE","REAR END",,"HI","SC","YES","D",97521,"A","[PREMIUM]",16355.5,"4.0L 6","REAR WHEEL DRIVE","AUTOMATIC","GAS",6,"Run & Drive Verified","Pure Sale","[PREMIUM]","LOCATED IN LAHAINA MAUI    ","KAPOLEI","HI","96707 1841","USA","USD","[PREMIUM]","[PREMIUM]","MAUI2",false,"[PREMIUM]",,false,false,"[PREMIUM]",,,,,,,,"[PREMIUM]"
"54909456","2026-08-08 08:50:40.368","2026-08-22 17:44:14.715","54909456","2026-08-08 02:44:29.000","[PREMIUM]","110","HI - HONOLULU",,,,"HST","0","V",2023,"HYUNDAI","ELANTRA","ELANTRA","SEDAN","RED","REAR END",,"HI","SC","YES","D",62137,"A","[PREMIUM]",2340.36,"1.6L 4","FRONT WHEEL DRIVE","AUTOMATIC","ELECTRIC AND GAS HYBRID",4,"Run & Drive Verified","Pure Sale","[PREMIUM]","VEHICLE LOCATED IN HILO     ","KAPOLEI","HI","96707 1841","USA","USD","[PREMIUM]","[PREMIUM]","HAWAI",false,"[PREMIUM]","BLUE",false,false,"[PREMIUM]",,,,,,,,"[PREMIUM]"
"50478256","2026-08-08 08:50:39.421","2026-08-22 17:44:13.677","50478256","2026-08-08 02:44:29.000","[PREMIUM]","110","HI - HONOLULU",,,,"HST","0","V",2011,"DODGE","CARAVAN","GRAND CARAVAN","SPORTS VAN","SILVER","FRONT END",,"HI","SC","YES","D",133867,"A","[PREMIUM]",7360.99,"3.6L 6","FRONT WHEEL DRIVE","AUTOMATIC","FLEXIBLE",6,"Run & Drive Verified","Pure Sale","[PREMIUM]","VEHICLE LOCATED IN HILO     ","KAPOLEI","HI","96707 1841","USA","USD","[PREMIUM]","[PREMIUM]","HAWAI",false,"[PREMIUM]","EXPRESS",false,false,"[PREMIUM]",,,,,,,,"[PREMIUM]"
"62279536","2026-08-08 08:49:43.047","2026-08-14 04:12:27.213","62279536","2026-08-13 19:31:45.000","[PREMIUM]","91","NJ - SOMERVILLE","2026-08-14","FRIDAY","1000","EDT","2266","V",2012,"ACURA","TSX","TSX","SEDAN 4DR","GRAY","FRONT END",,"NJ","SC","YES","D",217764,"N","[PREMIUM]",11336.96,"2.4L 4","FRONT WHEEL DRIVE","AUTOMATIC","GAS",4,"Run & Drive Verified","Pure Sale","[PREMIUM]",,"HILLSBOROUGH","NJ","08844 4662","USA","USD","[PREMIUM]","[PREMIUM]","L100",false,"[PREMIUM]",,false,false,"[PREMIUM]",,,,,,,,"[PREMIUM]"
"61865326","2026-08-08 08:48:33.851","2026-08-22 17:41:44.111","61865326","2026-08-18 13:05:49.000","[PREMIUM]","67","KS - WICHITA","2026-08-24","MONDAY","1200","CDT","0","V",2011,"ACURA","TSX","TSX","SEDAN 4DR","BLACK","REAR END","SIDE","KS","ST","YES","D",181010,"A","[PREMIUM]",8690,"2.4L 4","FRONT WHEEL DRIVE","AUTOMATIC","GAS",4,"Run & Drive Verified","Pure Sale","[PREMIUM]",,"WICHITA","KS","67216 3159","USA","USD","[PREMIUM]","[PREMIUM]","K110",false,"[PREMIUM]",,false,false,"[PREMIUM]",,,,,,,,"[PREMIUM]"
"56482866","2026-08-08 08:47:55.242","2026-08-13 02:27:53.077","56482866","2026-08-13 00:20:38.000","[PREMIUM]","57","NV - LAS VEGAS","2026-08-13","THURSDAY","1200","PDT","49","V",2005,"HONDA","ACCORD","ACCORD","SEDAN 4DR","GOLD","SIDE","FRONT END","NV","SC","YES","D",100686,"E","[PREMIUM]",8074.95,"3.0L 6","FRONT WHEEL DRIVE","AUTOMATIC","GAS",6,"Run & Drive Verified","On Minimum Bid","[PREMIUM]",,"LAS VEGAS","NV","89115 1827","USA","USD","[PREMIUM]","[PREMIUM]","P030",false,"[PREMIUM]","EX",false,false,"[PREMIUM]",,,,,,,,"[PREMIUM]"
"50922266","2026-08-08 08:47:44.278","2026-08-10 14:49:42.787","50922266","2026-08-08 02:45:23.000","[PREMIUM]","855","WHOLESALE AUCTION","2026-08-11","TUESDAY","1200","EDT","0","V",2016,"CHEVROLET","EQUINOX","EQUINOX","4DR SPORT UTILITY","BLACK","FRONT END",,"NC","CT","YES","E",146758,"A","[PREMIUM]",0,"2.4L 4","ALL WHEEL DRIVE","AUTOMATIC","GAS",4,"DEFAULT","On Minimum Bid","[PREMIUM]",,"DUNN","NC","28334 5446","USA","USD","[PREMIUM]","[PREMIUM]","V060",false,"[PREMIUM]","LS",false,true,"[PREMIUM]",,,,,"RED LIGHT",0,,"[PREMIUM]"
"53334036","2026-08-08 08:47:28.010","2026-08-22 17:40:33.218","53334036","2026-08-21 20:58:40.000","[PREMIUM]","51","IL - PEORIA","2026-08-24","MONDAY","1200","CDT","3512","V",2008,"HONDA","ACCORD","ACCORD","SEDAN 4DR","GRAY","FRONT END","SIDE","IL","SC","YES","S",145007,"A","[PREMIUM]",8038.72,"2.4L 4","FRONT WHEEL DRIVE","AUTOMATIC","GAS",4,"Vehicle Starts","On Approval","[PREMIUM]",,"PEKIN","IL","61554 8611","USA","USD","[PREMIUM]","[PREMIUM]","E090",false,"[PREMIUM]","LXP",false,false,"[PREMIUM]",,,,,,,,"[PREMIUM]"
"61789366","2026-08-08 08:47:09.264","2026-08-10 14:48:56.972","61789366","2026-08-10 10:00:25.000","[PREMIUM]","838","RENTAL VEHICLE SALE","2026-08-10","MONDAY","1200","EDT","3822","V",2023,"FORD","MUSTANG","MUSTANG MACH-E","SPORT UTILITY VEHICLE","WHITE","REAR END",,"CA","SC","YES","D",52687,"A","[PREMIUM]",9574,,"ALL WHEEL DRIVE","AUTOMATIC","ELECTRIC",,"Run & Drive Verified","Pure Sale","[PREMIUM]",,"VAN NUYS","CA","91405 1509","USA","USD","[PREMIUM]","[PREMIUM]","HHH10",false,"[PREMIUM]","PREMIUM",false,false,"[PREMIUM]",,,,,,,,"[PREMIUM]"
"60935686","2026-08-08 08:47:09.100","2026-08-10 14:48:56.722","60935686","2026-08-06 23:17:57.000","[PREMIUM]","838","RENTAL VEHICLE SALE",,,,"EDT","0","V",2023,"FORD","MUSTANG","MUSTANG MACH-E","SPORT UTILITY VEHICLE","BLACK","REAR END",,"CA","SC","YES","D",71533,"A","[PREMIUM]",13572,,"ALL WHEEL DRIVE","AUTOMATIC","ELECTRIC",,"Run & Drive Verified","On Approval","[PREMIUM]",,"VAN NUYS","CA","91405 1509","USA","USD","[PREMIUM]","[PREMIUM]","FBLU2",false,"[PREMIUM]","PREMIUM",false,false,"[PREMIUM]",,,,,,,,"[PREMIUM]"
"63118856","2026-08-08 08:47:07.032","2026-08-17 02:54:28.785","63118856","2026-08-12 20:45:27.000","[PREMIUM]","41","NC - CHINA GROVE","2026-08-17","MONDAY","1000","EDT","102","V",2008,"HONDA","CIVIC","CIVIC","SEDAN 4DR","BLACK","FRONT END","REAR END","NC","SC","YES","D",139433,"E","[PREMIUM]",6498,"1.8L 4","FRONT WHEEL DRIVE","AUTOMATIC","GAS",4,"Run & Drive Verified","Pure Sale","[PREMIUM]",,"CHINA GROVE","NC","28023 9223","USA","USD","[PREMIUM]","[PREMIUM]","W240",false,"[PREMIUM]","LX",false,false,"[PREMIUM]",,,,,,,,"[PREMIUM]"
"60995436","2026-08-08 08:45:45.527","2026-08-22 17:38:27.389","60995436","2026-08-12 22:37:00.000","[PREMIUM]","20","MO - ST. LOUIS",,,,"CDT","0","V",2007,"HONDA","ACCORD","ACCORD","SEDAN 4DR","WHITE","REAR END",,"MO","SC","YES","D",235627,"E","[PREMIUM]",0,"3.0L 6","FRONT WHEEL DRIVE","AUTOMATIC","GAS",6,"Run & Drive Verified","Pure Sale","[PREMIUM]",,"BRIDGETON","MO","63044 1418","USA","USD","[PREMIUM]","[PREMIUM]","4J030",false,"[PREMIUM]","SE",false,false,"[PREMIUM]",,,,,,,,"[PREMIUM]"
"61887196","2026-08-08 08:44:38.560","2026-08-11 20:30:46.190","61887196","2026-08-11 18:15:01.000","[PREMIUM]","838","RENTAL VEHICLE SALE","2026-08-12","WEDNESDAY","1200","EDT","0","V",2023,"FORD","MUSTANG","MUSTANG MACH-E","SPORT UTILITY VEHICLE","GRAY","FRONT END",,"CA","NR","YES","E",95031,"A","[PREMIUM]",36871,,"ALL WHEEL DRIVE","AUTOMATIC","ELECTRIC",,"DEFAULT","On Minimum Bid","[PREMIUM]",,"SACRAMENTO","CA","95828 1829","USA","USD","[PREMIUM]","[PREMIUM]","E010",false,"[PREMIUM]","PREMIUM",false,false,"[PREMIUM]",,,,,,,,"[PREMIUM]"
"64598046","2026-08-08 02:57:59.724","2026-08-13 14:32:37.276","64598046","2026-08-12 18:36:03.000","[PREMIUM]","916","AL - CUSSETA","2026-08-19","WEDNESDAY","1200","CDT","0","V",2006,"BMW","3 SERIES","330","CONVERTIBLE","WHITE","MINOR DENT/SCRATCHES",,"GA","CT","YES","D",181894,"A","[PREMIUM]",0,"3.0L 6","REAR WHEEL DRIVE","AUTOMATIC","GAS",6,"Run & Drive Verified","On Minimum Bid","[PREMIUM]",,"CUSSETA","AL","36852","USA","USD","[PREMIUM]","[PREMIUM]","D100",true,"[PREMIUM]","CI",false,false,"[PREMIUM]",,,,,,,,"[PREMIUM]"
"62691786","2026-08-08 02:57:59.469","2026-08-11 08:32:11.894","62691786","2026-08-07 21:52:12.000","[PREMIUM]","916","AL - CUSSETA",,,,"CDT","0","V",2017,"FORD","MUSTANG","MUSTANG","COUPE","GRAY","FRONT END",,"AL","ST","NO","E",88651,"A","[PREMIUM]",15497.56,"5.0L 8","REAR WHEEL DRIVE","MANUAL","GAS",8,"DEFAULT","Pure Sale","[PREMIUM]",,"CUSSETA","AL","36852","USA","USD","[PREMIUM]","[PREMIUM]","E070",false,"[PREMIUM]","GT",false,false,"[PREMIUM]",,,,,,,,"[PREMIUM]"
"62138096","2026-08-08 02:57:59.451","2026-08-13 14:32:37.114","62138096","2026-08-07 21:52:12.000","[PREMIUM]","916","AL - CUSSETA",,,,"CDT","0","V",2016,"FORD","EXPEDITION","EXPEDITION","4DR SPORT UTILITY","WHITE","SIDE","FRONT END","AL","CT","YES","D",177000,"A","[PREMIUM]",27855.64,"3.5L 6","REAR WHEEL DRIVE","AUTOMATIC","GAS",6,"Run & Drive Verified","Pure Sale","[PREMIUM]",,"CUSSETA","AL","36852","USA","USD","[PREMIUM]","[PREMIUM]","F100",false,"[PREMIUM]","EL LIMITED",false,false,"[PREMIUM]",,,,,,,,"[PREMIUM]"
"61706446","2026-08-08 02:57:59.356","2026-08-13 14:32:37.059","61706446","2026-08-07 21:52:12.000","[PREMIUM]","916","AL - CUSSETA",,,,"CDT","0","V",2013,"CHEVROLET","SILVERADO","SILVERADO","CREW PICKUP","RED","FRONT END",,"AL","ST","YES","D",159213,"A","[PREMIUM]",4842.14,"4.8L 8","4X4 W/REAR WHEEL DRV","AUTOMATIC","FLEXIBLE",8,"Run & Drive Verified","Pure Sale","[PREMIUM]",,"CUSSETA","AL","36852","USA","USD","[PREMIUM]","[PREMIUM]","G090",false,"[PREMIUM]","K1500 LT",false,false,"[PREMIUM]",,,,,,,,"[PREMIUM]"
"61580686","2026-08-08 02:57:59.292","2026-08-13 14:32:37.028","61580686","2026-08-07 21:52:12.000","[PREMIUM]","916","AL - CUSSETA",,,,"CDT","0","V",2012,"SUBARU","OUTBACK","OUTBACK","4DR SPORT UTILITY","BLACK","FRONT END",,"AL","ST","YES","D",213210,"A","[PREMIUM]",4314.99,"3.6L 6","ALL WHEEL DRIVE","AUTOMATIC","GAS",6,"Run & Drive Verified","Pure Sale","[PREMIUM]",,"CUSSETA","AL","36852","USA","USD","[PREMIUM]","[PREMIUM]","H100",false,"[PREMIUM]","3.6R LIMITED",false,false,"[PREMIUM]",,,,,,,,"[PREMIUM]"
"60649076","2026-08-08 02:57:59.186","2026-08-13 14:32:36.937","60649076","2026-08-07 21:52:12.000","[PREMIUM]","916","AL - CUSSETA",,,,"CDT","0","V",2017,"TOYOTA","COROLLA","COROLLA LE ECO W/CON",,"SILVER","FRONT END",,"AL","ST","YES","E",229764,"A","[PREMIUM]",11542.03,,,"AUTOMATIC",,,"DEFAULT","Pure Sale","[PREMIUM]",,"CUSSETA","AL","36852","USA","USD","[PREMIUM]","[PREMIUM]","E050",false,"[PREMIUM]",,false,false,"[PREMIUM]",,,,,,,,"[PREMIUM]"
"60044796","2026-08-08 02:57:59.085","2026-08-13 14:32:36.826","60044796","2026-08-07 21:52:12.000","[PREMIUM]","916","AL - CUSSETA",,,,"CDT","0","V",2018,"CHEVROLET","CRUZE","CRUZE","SEDAN","RED","FRONT END",,"AL","ST","YES","D",107730,"A","[PREMIUM]",6886.39,"1.4L 4","FRONT WHEEL DRIVE","AUTOMATIC","GAS",4,"Run & Drive Verified","Pure Sale","[PREMIUM]",,"CUSSETA","AL","36852","USA","USD","[PREMIUM]","[PREMIUM]","K060",false,"[PREMIUM]","LS",false,false,"[PREMIUM]",,,,,,,,"[PREMIUM]"
"59893956","2026-08-08 02:57:59.051","2026-08-13 14:32:36.830","59893956","2026-08-07 21:52:12.000","[PREMIUM]","916","AL - CUSSETA",,,,"CDT","0","V",2017,"NISSAN","SENTRA","SENTRA","SEDAN","WHITE","FRONT END",,"AL","ST","NO","E",156413,"A","[PREMIUM]",5707.97,"1.8L 4","FRONT WHEEL DRIVE","AUTOMATIC","GAS",4,"DEFAULT","Pure Sale","[PREMIUM]",,"CUSSETA","AL","36852","USA","USD","[PREMIUM]","[PREMIUM]","K050",false,"[PREMIUM]","SR",false,false,"[PREMIUM]",,,,,,,,"[PREMIUM]"
"59874856","2026-08-08 02:57:59.029","2026-08-13 14:32:36.766","59874856","2026-08-07 21:52:12.000","[PREMIUM]","916","AL - CUSSETA",,,,"CDT","0","V",2017,"FORD","MUSTANG","MUSTANG","COUPE","RED","REAR END",,"AL","ST","YES","D",156731,"A","[PREMIUM]",0,"3.7L 6","REAR WHEEL DRIVE","AUTOMATIC","GAS",6,"Run & Drive Verified","Pure Sale","[PREMIUM]",,"CUSSETA","AL","36852","USA","USD","[PREMIUM]","[PREMIUM]","J050",false,"[PREMIUM]",,false,false,"[PREMIUM]",,,,,,,,"[PREMIUM]"
"58390396","2026-08-08 02:57:58.795","2026-08-13 14:32:36.714","58390396","2026-08-07 21:52:12.000","[PREMIUM]","916","AL - CUSSETA",,,,"CDT","0","V",2012,"FORD","FUSION","FUSION","SEDAN 4DR","BLACK","FRONT END",,"AL","ST","YES","D",113866,"A","[PREMIUM]",6124.05,"3.0L 6","FRONT WHEEL DRIVE","AUTOMATIC","FLEXIBLE",6,"Run & Drive Verified","Pure Sale","[PREMIUM]",,"CUSSETA","AL","36852","USA","USD","[PREMIUM]","[PREMIUM]","K080",false,"[PREMIUM]","SEL",false,false,"[PREMIUM]",,,,,,,,"[PREMIUM]"
"57943306","2026-08-08 02:57:58.659","2026-08-13 14:32:36.467","57943306","2026-08-07 21:52:12.000","[PREMIUM]","916","AL - CUSSETA",,,,"CDT","0","V",2020,"LINCOLN","AVIATOR","AVIATOR","SPORT UTILITY VEHICLE","BLUE","WATER/FLOOD",,"AL","ST","YES","E",116309,"A","[PREMIUM]",23036,"3.0L 6","ALL WHEEL DRIVE","AUTOMATIC","GAS",6,"DEFAULT","Pure Sale","[PREMIUM]",,"CUSSETA","AL","36852","USA","USD","[PREMIUM]","[PREMIUM]","I110",false,"[PREMIUM]","RESERVE",false,false,"[PREMIUM]",,,,,,,,"[PREMIUM]"
"53332926","2026-08-08 02:57:58.256","2026-08-13 14:32:36.398","53332926","2026-08-07 21:22:42.000","[PREMIUM]","916","AL - CUSSETA",,,,"CDT","0","V",2022,"MAZDA","CX30","CX-30","SPORT UTILITY VEHICLE","BLUE","FRONT END",,"TX","SV","YES","D",57677,"A","[PREMIUM]",0,"2.5L 4","ALL WHEEL DRIVE","AUTOMATIC","GAS",4,"Run & Drive Verified","Pure Sale","[PREMIUM]",,"CUSSETA","AL","36852","USA","USD","[PREMIUM]","[PREMIUM]","I050",false,"[PREMIUM]","PREFERRED",false,false,"[PREMIUM]",,,,,,,,"[PREMIUM]"
"49597416","2026-08-08 02:57:57.855","2026-08-12 08:34:23.675","49597416","2026-08-11 14:25:33.000","[PREMIUM]","916","AL - CUSSETA","2026-08-12","WEDNESDAY","1200","CDT","1142","V",2017,"KIA","SORENTO","SORENTO","SUV","BLUE","FRONT END",,"GA","ST","YES","S",68734,"A","[PREMIUM]",14888.71,"3.3L 6","FRONT WHEEL DRIVE","AUTOMATIC","GAS",6,"Vehicle Starts","Pure Sale","[PREMIUM]",,"CUSSETA","AL","36852","USA","USD","[PREMIUM]","[PREMIUM]","B020",false,"[PREMIUM]","LX V6",false,false,"[PREMIUM]",,,,,,,,"[PREMIUM]"
"63937966","2026-08-08 02:57:57.702","2026-08-22 17:50:00.940","63937966","2026-08-07 21:42:08.000","[PREMIUM]","398","IA - CEDAR RAPIDS",,,,"CDT","0","V",2013,"INFINITI","JX35","JX35","SUV","BLACK","FRONT END","TOP/ROOF","IA","ST","YES","D",136840,"A","[PREMIUM]",9349.29,"3.5L 6","ALL WHEEL DRIVE","AUTOMATIC","GAS",6,"Run & Drive Verified","Pure Sale","[PREMIUM]",,"CEDAR RAPIDS","IA","52404","USA","USD","[PREMIUM]","[PREMIUM]","A030",false,"[PREMIUM]","BASE",false,false,"[PREMIUM]",,,,,,,,"[PREMIUM]"
"64017346","2026-08-08 02:57:57.693","2026-08-22 17:50:00.954","64017346","2026-08-07 21:42:08.000","[PREMIUM]","398","IA - CEDAR RAPIDS",,,,"CDT","0","V",2006,"TOYOTA","PRIUS BASE","PRIUS","HATCHBACK","RED","HAIL",,"IA","ST","YES","E",0,"E","[PREMIUM]",6376,"1.5L 4","FRONT WHEEL DRIVE","AUTOMATIC","ELECTRIC AND GAS HYBRID",4,"DEFAULT","Pure Sale","[PREMIUM]",,"CEDAR RAPIDS","IA","52404","USA","USD","[PREMIUM]","[PREMIUM]","D010",false,"[PREMIUM]","BASE",false,false,"[PREMIUM]",,,,,,,,"[PREMIUM]"
"63614936","2026-08-08 02:57:57.670","2026-08-22 17:50:00.865","63614936","2026-08-07 21:42:08.000","[PREMIUM]","398","IA - CEDAR RAPIDS",,,,"CDT","0","V",2003,"BUICK","PARK AVE","PARK AVENUE","SEDAN 4DR","GOLD","SIDE","FRONT END","IA","ST","YES","D",109824,"E","[PREMIUM]",3908.21,"3.8L 6","FRONT WHEEL DRIVE","AUTOMATIC","GAS",6,"Run & Drive Verified","Pure Sale","[PREMIUM]",,"CEDAR RAPIDS","IA","52404","USA","USD","[PREMIUM]","[PREMIUM]","E050",false,"[PREMIUM]",,false,false,"[PREMIUM]",,,,,,,,"[PREMIUM]"
"63833376","2026-08-08 02:57:57.669","2026-08-22 17:50:00.887","63833376","2026-08-07 21:42:08.000","[PREMIUM]","398","IA - CEDAR RAPIDS",,,,"CDT","0","V",2011,"JEEP","LIBERTY","LIBERTY","4DR SPORT UTILITY","BLACK","FRONT END",,"IA","ST","YES","D",110853,"A","[PREMIUM]",8836.95,"3.7L 6","4X4 W/REAR WHEEL DRV","AUTOMATIC","GAS",6,"Run & Drive Verified","Pure Sale","[PREMIUM]",,"CEDAR RAPIDS","IA","52404","USA","USD","[PREMIUM]","[PREMIUM]","C020",false,"[PREMIUM]","SPORT",false,false,"[PREMIUM]",,,,,,,,"[PREMIUM]"
"63678246","2026-08-08 02:57:57.650","2026-08-22 17:50:00.845","63678246","2026-08-07 21:42:08.000","[PREMIUM]","398","IA - CEDAR RAPIDS",,,,"CDT","0","V",2011,"LINCOLN","MKX","MKX","4DR SPORT UTILITY","RED","FRONT END",,"IA","ST","YES","D",108317,"A","[PREMIUM]",0,"3.7L 6","FRONT WHEEL DRIVE","AUTOMATIC","GAS",6,"Run & Drive Verified","Pure Sale","[PREMIUM]",,"CEDAR RAPIDS","IA","52404","USA","USD","[PREMIUM]","[PREMIUM]","C050",false,"[PREMIUM]",,false,false,"[PREMIUM]",,,,,,,,"[PREMIUM]"
"63592546","2026-08-08 02:57:57.637","2026-08-22 17:50:00.848","63592546","2026-08-07 21:46:03.000","[PREMIUM]","398","IA - CEDAR RAPIDS",,,,"CDT","0","V",2016,"MITSUBISHI","OUTLANDER","OUTLANDER","4DR SPORT UTILITY","BLACK","FRONT END",,"IA","ST","YES","D",53777,"A","[PREMIUM]",9153.44,"3.0L 6","ALL WHEEL DRIVE","AUTOMATIC","GAS",6,"Run & Drive Verified","Pure Sale","[PREMIUM]",,"CEDAR RAPIDS","IA","52404","USA","USD","[PREMIUM]","[PREMIUM]","A040",false,"[PREMIUM]","GT",false,false,"[PREMIUM]",,,,,,,,"[PREMIUM]"
"62844336","2026-08-08 02:57:57.553","2026-08-19 15:04:14.071","62844336","2026-08-19 11:00:06.000","[PREMIUM]","398","IA - CEDAR RAPIDS","2026-08-19","WEDNESDAY","1200","CDT","1130","V",2017,"CHRYSLER","PACIFICA","PACIFICA","SPORTS VAN","BLACK","FRONT END","REAR END","IA","ST","YES","S",124377,"A","[PREMIUM]",0,"3.6L 6","FRONT WHEEL DRIVE","AUTOMATIC","FLEXIBLE",6,"Vehicle Starts","On Approval","[PREMIUM]",,"CEDAR RAPIDS","IA","52404","USA","USD","[PREMIUM]","[PREMIUM]","C020",false,"[PREMIUM]","LIMITED",false,false,"[PREMIUM]",,,,,,,,"[PREMIUM]"
"61676246","2026-08-08 02:57:57.313","2026-08-22 17:50:00.142","61676246","2026-08-19 04:13:23.000","[PREMIUM]","836","HEAVY TRUCK SPECIALTY SALE","2026-08-27","THURSDAY","1100","CDT","0","U",2010,"PETERBILT","ALL MODELS","389","TRACTOR TRUCK","TWO TONE","SIDE",,"WV","SC","YES",,0,"E","[PREMIUM]",55000,"15.0L 6","REAR WHEEL DRIVE","MANUAL","DIESEL",6,,"On Minimum Bid","[PREMIUM]",,"CEDAR RAPIDS","IA","52404","USA","USD","[PREMIUM]","[PREMIUM]","HV007",false,"[PREMIUM]",,false,false,"[PREMIUM]",,,,,,,,"[PREMIUM]"
"60815256","2026-08-08 02:57:57.020","2026-08-22 17:49:59.673","60815256","2026-08-07 21:46:03.000","[PREMIUM]","398","IA - CEDAR RAPIDS",,,,"CDT","0","V",2015,"JEEP","GRAND CHER","GRAND CHEROKEE","4DR SPORT UTILITY","WHITE","HAIL",,"IA","ST","YES","D",166024,"A","[PREMIUM]",10537.47,"3.6L 6","4X4 W/REAR WHEEL DRV","AUTOMATIC","FLEXIBLE",6,"Run & Drive Verified","Pure Sale","[PREMIUM]",,"CEDAR RAPIDS","IA","52404","USA","USD","[PREMIUM]","[PREMIUM]","B030",false,"[PREMIUM]","LIMITED",false,false,"[PREMIUM]",,,,,,,,"[PREMIUM]"
"60584496","2026-08-08 02:57:56.944","2026-08-22 17:49:59.570","60584496","2026-08-07 21:46:03.000","[PREMIUM]","398","IA - CEDAR RAPIDS",,,,"CDT","0","V",2009,"VOLKSWAGEN","JETTA","JETTA","STATION WAGON","BLACK","SIDE","UNDERCARRIAGE","IA","ST","YES","D",197333,"E","[PREMIUM]",2253,"2.5L 5","FRONT WHEEL DRIVE","AUTOMATIC","GAS",5,"Run & Drive Verified","Pure Sale","[PREMIUM]",,"CEDAR RAPIDS","IA","52404","USA","USD","[PREMIUM]","[PREMIUM]","A070",false,"[PREMIUM]","SE",false,false,"[PREMIUM]",,,,,,,,"[PREMIUM]"
"60248646","2026-08-08 02:57:56.831","2026-08-22 17:49:59.497","60248646","2026-08-07 21:46:03.000","[PREMIUM]","398","IA - CEDAR RAPIDS",,,,"CDT","0","V",2016,"FORD","F-150","F150","CREW PICKUP","GRAY","HAIL",,"IA","ST","YES","D",95978,"A","[PREMIUM]",10612.11,"2.7L 6","4X4 W/REAR WHEEL DRV","AUTOMATIC","GAS",6,"Run & Drive Verified","Pure Sale","[PREMIUM]",,"CEDAR RAPIDS","IA","52404","USA","USD","[PREMIUM]","[PREMIUM]","C080",false,"[PREMIUM]","SUPERCREW",false,false,"[PREMIUM]",,,,,,,,"[PREMIUM]"
"56081226","2026-08-08 02:57:55.922","2026-08-22 17:49:58.920","56081226","2026-08-07 21:46:03.000","[PREMIUM]","398","IA - CEDAR RAPIDS",,,,"CDT","0","V",2012,"CHEVROLET","IMPALA","IMPALA","SEDAN 4DR","BLACK","FRONT END",,"IA","ST","YES","D",193908,"A","[PREMIUM]",5747.24,"3.6L 6","FRONT WHEEL DRIVE","AUTOMATIC","GAS",6,"Run & Drive Verified","Pure Sale","[PREMIUM]",,"CEDAR RAPIDS","IA","52404","USA","USD","[PREMIUM]","[PREMIUM]","D040",false,"[PREMIUM]","LS",false,false,"[PREMIUM]",,,,,,,,"[PREMIUM]"
"64092406","2026-08-08 02:57:55.173","2026-08-10 02:58:54.175","64092406","2026-08-07 20:58:44.000","[PREMIUM]","838","RENTAL VEHICLE SALE","2026-08-10","MONDAY","1200","EDT","0","V",2026,"CHEVROLET","TRAX","TRAX","SPORT UTILITY VEHICLE","WHITE","FRONT END","MINOR DENT/SCRATCHES","AZ","CT","YES","D",16913,"A","[PREMIUM]",0,"1.2L 3","FRONT WHEEL DRIVE","AUTOMATIC","GAS",3,"Run & Drive Verified","On Minimum Bid","[PREMIUM]",,"RAPID CITY","SD","57701","USA","USD","[PREMIUM]","[PREMIUM]","A030",true,"[PREMIUM]","1LT",false,false,"[PREMIUM]",,,,,,,,"[PREMIUM]"
"63420856","2026-08-08 02:57:55.139","2026-08-22 17:49:58.250","63420856","2026-08-11 04:48:11.000","[PREMIUM]","396","SD - RAPID CITY",,,,"MDT","0","V",2018,"ACURA","MDX","MDX","SPORT UTILITY VEHICLE","CHARCOAL","FRONT END","MINOR DENT/SCRATCHES","MN","ST","YES","D",104678,"A","[PREMIUM]",12623,"3.5L 6","ALL WHEEL DRIVE","AUTOMATIC","GAS",6,"Run & Drive Verified","On Minimum Bid","[PREMIUM]",,"RAPID CITY","SD","57701","USA","USD","[PREMIUM]","[PREMIUM]","C050",false,"[PREMIUM]",,false,false,"[PREMIUM]",,,,,,,,"[PREMIUM]"
"63442116","2026-08-08 02:57:55.133","2026-08-17 03:03:57.689","63442116","2026-08-12 20:49:19.000","[PREMIUM]","838","RENTAL VEHICLE SALE","2026-08-17","MONDAY","1200","EDT","0","V",2025,"JEEP","WAGONEER","WAGONEER","SPORT UTILITY VEHICLE","WHITE","FRONT END",,"MN","CT","YES","D",39544,"A","[PREMIUM]",0,"3.0L 6","4X4 W/REAR WHEEL DRV","AUTOMATIC","GAS",6,"Run & Drive Verified","On Minimum Bid","[PREMIUM]",,"RAPID CITY","SD","57701","USA","USD","[PREMIUM]","[PREMIUM]","A040",true,"[PREMIUM]","SERIES II",false,false,"[PREMIUM]",,,,,,,,"[PREMIUM]"
"62435586","2026-08-08 02:57:55.060","2026-08-22 17:49:58.116","62435586","2026-08-07 21:28:33.000","[PREMIUM]","396","SD - RAPID CITY",,,,"MDT","0","V",2006,"GMC","ENVOY","ENVOY","4DR SPORT UTILITY","WHITE","HAIL","SIDE","MN","RS","YES","S",180924,"E","[PREMIUM]",2349,"4.2L 6","4X4 W/REAR WHEEL DRV","AUTOMATIC","GAS",6,"Vehicle Starts","Pure Sale","[PREMIUM]",,"RAPID CITY","SD","57701","USA","USD","[PREMIUM]","[PREMIUM]","D080",false,"[PREMIUM]",,false,false,"[PREMIUM]",,,,,,,,"[PREMIUM]"
"61695036","2026-08-08 02:57:55.014","2026-08-22 17:49:58.007","61695036","2026-08-07 21:28:33.000","[PREMIUM]","836","HEAVY TRUCK SPECIALTY SALE",,,,"CDT","0","R",2016,"CHEROKEE BY FOREST R","GREY WOLF","GREY WOLF",,"TWO TONE","HAIL",,"MN","ST","EXM","E",0,"N","[PREMIUM]",10985.84,,,"NONE",,,"DEFAULT","Pure Sale","[PREMIUM]",,"RAPID CITY","SD","57701","USA","USD","[PREMIUM]","[PREMIUM]","HVY03",false,"[PREMIUM]",,false,false,"[PREMIUM]",,,,,,,,"[PREMIUM]"
"61327536","2026-08-08 02:57:54.975","2026-08-22 17:49:57.986","61327536","2026-08-11 18:04:05.000","[PREMIUM]","396","SD - RAPID CITY",,,,"MDT","0","V",2007,"FORD","EXPLORER","EXPLORER SPORT TRAC","4DR SPORT UTILITY","BLACK","SIDE",,"MN","RS","YES","D",131184,"A","[PREMIUM]",5695,"4.6L 8","4X4 W/REAR WHEEL DRV","AUTOMATIC","GAS",8,"Run & Drive Verified","On Minimum Bid","[PREMIUM]",,"RAPID CITY","SD","57701","USA","USD","[PREMIUM]","[PREMIUM]","B040",false,"[PREMIUM]","LIMITED",false,false,"[PREMIUM]",,,,,,,,"[PREMIUM]"
"61350106","2026-08-08 02:57:54.950","2026-08-22 17:49:57.988","61350106","2026-08-07 21:28:33.000","[PREMIUM]","396","SD - RAPID CITY",,,,"MDT","0","V",2025,"GMC","SIERRA","SIERRA","PICKUP","GRAY","SIDE","REAR END","MN","ST","YES","D",47433,"A","[PREMIUM]",45000,"6.6L 8","4X4 W/REAR WHEEL DRV","AUTOMATIC","GAS",8,"Run & Drive Verified","Pure Sale","[PREMIUM]",,"RAPID CITY","SD","57701","USA","USD","[PREMIUM]","[PREMIUM]","HVY01",false,"[PREMIUM]","K2500 AT4",false,false,"[PREMIUM]",,,,,,,,"[PREMIUM]"
"62093926","2026-08-08 02:57:53.938","2026-08-22 17:49:56.685","62093926","2026-08-21 14:54:25.000","[PREMIUM]","395","VT - RUTLAND","2026-08-31","MONDAY","1000","EDT","0","V",2013,"KIA","OPTIMA","OPTIMA","SEDAN","SILVER","FRONT END","MINOR DENT/SCRATCHES","NJ","SC","YES","D",73564,"A","[PREMIUM]",7009,"2.4L 4","FRONT WHEEL DRIVE","AUTOMATIC","GAS",4,"Run & Drive Verified","Pure Sale","[PREMIUM]",,"CENTER RUTLAND","VT","05736","USA","USD","[PREMIUM]","[PREMIUM]","O010",false,"[PREMIUM]","LX",false,false,"[PREMIUM]",,,,,,,,"[PREMIUM]"
"64453246","2026-08-08 02:57:52.166","2026-08-13 14:32:30.142","64453246","2026-08-12 15:33:01.000","[PREMIUM]","394","TX - NORTH AUSTIN","2026-08-13","THURSDAY","1200","CDT","2004","V",2017,"CHEVROLET","SPARK","SPARK","HATCHBACK 4DR","BLACK","FRONT END",,"TX","CT","YES","D",129075,"A","[PREMIUM]",0,"1.4L 4","FRONT WHEEL DRIVE","AUTOMATIC","GAS",4,"Run & Drive Verified","On Minimum Bid","[PREMIUM]",,"TAYLOR","TX","76574","USA","USD","[PREMIUM]","[PREMIUM]","C070",true,"[PREMIUM]","LS",false,false,"[PREMIUM]",,,,,,,,"[PREMIUM]"
"64220286","2026-08-08 02:57:52.165","2026-08-20 17:44:42.255","64220286","2026-08-19 18:03:52.000","[PREMIUM]","394","TX - NORTH AUSTIN","2026-08-20","THURSDAY","1200","CDT","2006","V",1965,"CHEVROLET","ALL OTHER","CORVAIR MONZA",,"WHITE","REAR END",,"TX","SV","YES","D",35989,"E","[PREMIUM]",14584,,,"AUTOMATIC",,,"Run & Drive Verified","On Minimum Bid","[PREMIUM]",,"TAYLOR","TX","76574","USA","USD","[PREMIUM]","[PREMIUM]","D210",false,"[PREMIUM]",,false,false,"[PREMIUM]",,,,,,,,"[PREMIUM]"
"64121286","2026-08-08 02:57:52.157","2026-08-13 14:32:30.066","64121286","2026-08-12 15:33:01.000","[PREMIUM]","394","TX - NORTH AUSTIN","2026-08-13","THURSDAY","1200","CDT","70","V",2015,"CHEVROLET","TAHOE","TAHOE","4DR SPORT UTILITY","BLACK","MECHANICAL",,"TX","CT","YES","D",160451,"A","[PREMIUM]",0,"5.3L 8","REAR WHEEL DRIVE","AUTOMATIC","GAS",8,"Run & Drive Verified","On Minimum Bid","[PREMIUM]",,"TAYLOR","TX","76574","USA","USD","[PREMIUM]","[PREMIUM]","D090",true,"[PREMIUM]","C1500 LTZ",false,false,"[PREMIUM]",,,,,,,,"[PREMIUM]"
"64225436","2026-08-08 02:57:52.154","2026-08-20 17:44:42.249","64225436","2026-08-19 18:03:52.000","[PREMIUM]","394","TX - NORTH AUSTIN","2026-08-20","THURSDAY","1200","CDT","97","V",2015,"TOYOTA","COROLLA","COROLLA","SEDAN","RED","FRONT END","SIDE","TX","SV","YES","D",84017,"N","[PREMIUM]",8882.4,"1.8L 4","FRONT WHEEL DRIVE","AUTOMATIC","GAS",4,"Run & Drive Verified","Pure Sale","[PREMIUM]",,"TAYLOR","TX","76574","USA","USD","[PREMIUM]","[PREMIUM]","G070",false,"[PREMIUM]","LE",false,false,"[PREMIUM]",,,,,,,,"[PREMIUM]"
"64203506","2026-08-08 02:57:52.147","2026-08-13 14:32:30.097","64203506","2026-08-12 15:33:02.000","[PREMIUM]","394","TX - NORTH AUSTIN","2026-08-13","THURSDAY","1200","CDT","2108","V",2018,"MITSUBISHI","MIRAGE","MIRAGE","HATCHBACK","SILVER","FRONT END",,"TX","SV","YES","D",100360,"A","[PREMIUM]",5052.42,"1.2L 3","FRONT WHEEL DRIVE","AUTOMATIC","GAS",3,"Run & Drive Verified","Pure Sale","[PREMIUM]",,"TAYLOR","TX","76574","USA","USD","[PREMIUM]","[PREMIUM]","B010",false,"[PREMIUM]","ES",false,false,"[PREMIUM]",,,,,,,,"[PREMIUM]"
"64296766","2026-08-08 02:57:52.138","2026-08-20 17:44:42.362","64296766","2026-08-20 12:17:39.000","[PREMIUM]","394","TX - NORTH AUSTIN","2026-08-20","THURSDAY","1200","CDT","2114","V",2021,"KIA","FORTE","FORTE","SEDAN","RED","FRONT END","REAR END","TX","SV","YES","D",51461,"A","[PREMIUM]",14528,"2.0L 4","FRONT WHEEL DRIVE","AUTOMATIC","GAS",4,"Run & Drive Verified","Pure Sale","[PREMIUM]",,"TAYLOR","TX","76574","USA","USD","[PREMIUM]","[PREMIUM]","E040",false,"[PREMIUM]","LXS",false,false,"[PREMIUM]",,,,,,,,"[PREMIUM]"
"64115776","2026-08-08 02:57:52.134","2026-08-20 17:44:42.202","64115776","2026-08-19 18:03:52.000","[PREMIUM]","394","TX - NORTH AUSTIN","2026-08-20","THURSDAY","1200","CDT","2014","V",2017,"VOLKSWAGEN","GOLF","GOLF","HATCHBACK 4DR","RED","FRONT END","REAR END","TX","SV","YES","D",117552,"A","[PREMIUM]",9017.84,"1.8L 4","FRONT WHEEL DRIVE","AUTOMATIC","GAS",4,"Run & Drive Verified","Pure Sale","[PREMIUM]",,"TAYLOR","TX","76574","USA","USD","[PREMIUM]","[PREMIUM]","C050",false,"[PREMIUM]","S",false,false,"[PREMIUM]",,,,,,,,"[PREMIUM]"
"64028516","2026-08-08 02:57:52.105","2026-08-22 17:49:54.359","64028516","2026-08-19 21:51:49.000","[PREMIUM]","394","TX - NORTH AUSTIN","2026-08-27","THURSDAY","1200","CDT","0","V",2018,"MINI","COOPER","COOPER","WAGON","GRAY","SIDE","FRONT END","TX","SV","YES","D",115029,"A","[PREMIUM]",7318.69,"1.5L 3","FRONT WHEEL DRIVE","AUTOMATIC","GAS",3,"Run & Drive Verified","Pure Sale","[PREMIUM]",,"TAYLOR","TX","76574","USA","USD","[PREMIUM]","[PREMIUM]","G100",false,"[PREMIUM]",,false,false,"[PREMIUM]",,,,,,,,"[PREMIUM]"
"63948926","2026-08-08 02:57:52.102","2026-08-22 17:49:54.324","63948926","2026-08-07 21:31:38.000","[PREMIUM]","394","TX - NORTH AUSTIN",,,,"CDT","0","V",2023,"HONDA","ACCORD","ACCORD","SEDAN","WHITE","FRONT END",,"TX","SV","YES","D",140725,"A","[PREMIUM]",16791.96,"2.0L 4","FRONT WHEEL DRIVE","AUTOMATIC","ELECTRIC AND GAS HYBRID",4,"Run & Drive Verified","Pure Sale","[PREMIUM]",,"TAYLOR","TX","76574","USA","USD","[PREMIUM]","[PREMIUM]","E010",false,"[PREMIUM]","HYBRID SPORT",false,false,"[PREMIUM]",,,,,,,,"[PREMIUM]"
"63830506","2026-08-08 02:57:52.069","2026-08-20 17:44:42.021","63830506","2026-08-19 18:03:52.000","[PREMIUM]","394","TX - NORTH AUSTIN","2026-08-20","THURSDAY","1200","CDT","104","V",2017,"LINCOLN","MKC","MKC","4DR SPORT UTILITY","GRAY","FRONT END",,"TX","SV","YES","D",110962,"A","[PREMIUM]",10098,"2.0L 4","FRONT WHEEL DRIVE","AUTOMATIC","GAS",4,"Run & Drive Verified","On Minimum Bid","[PREMIUM]",,"TAYLOR","TX","76574","USA","USD","[PREMIUM]","[PREMIUM]","D040",false,"[PREMIUM]","RESERVE",false,false,"[PREMIUM]",,,,,,,,"[PREMIUM]"
"63778366","2026-08-08 02:57:52.055","2026-08-13 14:32:29.841","63778366","2026-08-12 15:33:01.000","[PREMIUM]","394","TX - NORTH AUSTIN","2026-08-13","THURSDAY","1200","CDT","45","V",2017,"VOLKSWAGEN","JETTA","JETTA","SEDAN","BLACK","REAR END","FRONT END","TX","SV","YES","D",117287,"A","[PREMIUM]",8966.85,"1.4L 4","FRONT WHEEL DRIVE","AUTOMATIC","GAS",4,"Run & Drive Verified","Pure Sale","[PREMIUM]",,"TAYLOR","TX","76574","USA","USD","[PREMIUM]","[PREMIUM]","A020",false,"[PREMIUM]","SE",false,false,"[PREMIUM]",,,,,,,,"[PREMIUM]"
"63848636","2026-08-08 02:57:52.054","2026-08-20 17:44:41.984","63848636","2026-08-19 18:03:53.000","[PREMIUM]","394","TX - NORTH AUSTIN","2026-08-20","THURSDAY","1200","CDT","4114","V",2010,"MAZDA","5","5","HATCHBACK 4DR","CHARCOAL","UNDERCARRIAGE",,"TX","SV","YES","D",162851,"E","[PREMIUM]",5575.09,"2.3L 4","FRONT WHEEL DRIVE","AUTOMATIC","GAS",4,"Run & Drive Verified","Pure Sale","[PREMIUM]",,"TAYLOR","TX","76574","USA","USD","[PREMIUM]","[PREMIUM]","F150",false,"[PREMIUM]",,false,false,"[PREMIUM]",,,,,,,,"[PREMIUM]"
"63923956","2026-08-08 02:57:52.052","2026-08-22 17:49:54.284","63923956","2026-08-07 21:31:37.000","[PREMIUM]","394","TX - NORTH AUSTIN",,,,"CDT","0","V",2019,"JEEP","COMPASS","COMPASS","SPORT UTILITY VEHICLE","SILVER","FRONT END",,"TX","SV","YES","E",0,"N","[PREMIUM]",16259.24,"2.4L 4","FRONT WHEEL DRIVE","AUTOMATIC","GAS",4,"DEFAULT","Pure Sale","[PREMIUM]",,"TAYLOR","TX","76574","USA","USD","[PREMIUM]","[PREMIUM]","A130",false,"[PREMIUM]","SPORT",false,false,"[PREMIUM]",,,,,,,,"[PREMIUM]"
"63921056","2026-08-08 02:57:52.045","2026-08-13 14:32:29.880","63921056","2026-08-12 15:33:02.000","[PREMIUM]","394","TX - NORTH AUSTIN","2026-08-13","THURSDAY","1200","CDT","2014","V",2017,"BUICK","ENCORE","ENCORE","4DR SPORT UTILITY","WHITE","FRONT END",,"TX","SV","YES","D",78595,"A","[PREMIUM]",7199.09,"1.4L 4","ALL WHEEL DRIVE","AUTOMATIC","GAS",4,"Run & Drive Verified","Pure Sale","[PREMIUM]",,"TAYLOR","TX","76574","USA","USD","[PREMIUM]","[PREMIUM]","E140",false,"[PREMIUM]","ESSENCE",false,false,"[PREMIUM]",,,,,,,,"[PREMIUM]"
"63590616","2026-08-08 02:57:52.037","2026-08-20 17:44:41.814","63590616","2026-08-19 18:03:52.000","[PREMIUM]","394","TX - NORTH AUSTIN","2026-08-20","THURSDAY","1200","CDT","4041","V",2013,"LEXUS","ES350","ES","SEDAN 4DR","WHITE","REAR END",,"TX","SV","YES","D",90023,"A","[PREMIUM]",7832.53,"3.5L 6","FRONT WHEEL DRIVE","AUTOMATIC","GAS",6,"Run & Drive Verified","Pure Sale","[PREMIUM]",,"TAYLOR","TX","76574","USA","USD","[PREMIUM]","[PREMIUM]","E040",false,"[PREMIUM]","350",false,false,"[PREMIUM]",,,,,,,,"[PREMIUM]"
"63430966","2026-08-08 02:57:51.987","2026-08-22 17:49:54.057","63430966","2026-08-07 21:31:38.000","[PREMIUM]","394","TX - NORTH AUSTIN",,,,"CDT","0","V",2023,"CHEVROLET","BOLT","BOLT EUV","HATCHBACK","BLACK","MECHANICAL",,"TX","SV","YES","D",47816,"A","[PREMIUM]",0,,"FRONT WHEEL DRIVE","AUTOMATIC","ELECTRIC",,"Run & Drive Verified","Pure Sale","[PREMIUM]","STRUCK BY LIGHTNING         ","TAYLOR","TX","76574","USA","USD","[PREMIUM]","[PREMIUM]","B050",false,"[PREMIUM]","LT",false,false,"[PREMIUM]",,,,,,,,"[PREMIUM]"
"63519846","2026-08-08 02:57:51.977","2026-08-13 14:32:29.655","63519846","2026-08-12 15:33:02.000","[PREMIUM]","394","TX - NORTH AUSTIN","2026-08-13","THURSDAY","1200","CDT","2109","V",2015,"DODGE","JOURNEY","JOURNEY","4DR SPORT UTILITY","RED","FRONT END",,"TX","SV","YES","D",96743,"A","[PREMIUM]",12692,"3.6L 6","FRONT WHEEL DRIVE","AUTOMATIC","FLEXIBLE",6,"Run & Drive Verified","Pure Sale","[PREMIUM]",,"TAYLOR","TX","76574","USA","USD","[PREMIUM]","[PREMIUM]","D130",false,"[PREMIUM]","SXT",false,false,"[PREMIUM]",,,,,,,,"[PREMIUM]"
"63374456","2026-08-08 02:57:51.972","2026-08-13 14:32:29.584","63374456","2026-08-12 15:33:01.000","[PREMIUM]","394","TX - NORTH AUSTIN","2026-08-13","THURSDAY","1200","CDT","36","V",2015,"RAM","2500","2500","CREW PICKUP","GRAY","SIDE",,"TX","SV","YES","D",264703,"A","[PREMIUM]",18338.59,"6.7L 6","4X4 W/REAR WHEEL DRV","AUTOMATIC","DIESEL",6,"Run & Drive Verified","Pure Sale","[PREMIUM]",,"TAYLOR","TX","76574","USA","USD","[PREMIUM]","[PREMIUM]","C210",false,"[PREMIUM]","ST",false,false,"[PREMIUM]",,,,,,,,"[PREMIUM]"
"63467036","2026-08-08 02:57:51.961","2026-08-22 17:49:54.058","63467036","2026-08-07 21:20:42.000","[PREMIUM]","394","TX - NORTH AUSTIN",,,,"CDT","0","V",2018,"FORD","F-150","F150","PICKUP","WHITE","FRONT END",,"TX","SV","YES","D",132214,"A","[PREMIUM]",11616.5,"2.7L 6","4X4 W/REAR WHEEL DRV","AUTOMATIC","GAS",6,"Run & Drive Verified","Pure Sale","[PREMIUM]",,"TAYLOR","TX","76574","USA","USD","[PREMIUM]","[PREMIUM]","H140",false,"[PREMIUM]","SUPERCREW",false,false,"[PREMIUM]",,,,,,,,"[PREMIUM]"
"63342366","2026-08-08 02:57:51.951","2026-08-20 17:44:41.713","63342366","2026-08-19 18:03:52.000","[PREMIUM]","394","TX - NORTH AUSTIN","2026-08-20","THURSDAY","1200","CDT","2055","V",2015,"KIA","SORENTO","SORENTO","4DR SPORT UTILITY","BURGUNDY","FRONT END",,"TX","SV","YES","D",200477,"A","[PREMIUM]",1373,"2.4L 4","FRONT WHEEL DRIVE","AUTOMATIC","GAS",4,"Run & Drive Verified","On Minimum Bid","[PREMIUM]",,"TAYLOR","TX","76574","USA","USD","[PREMIUM]","[PREMIUM]","G080",false,"[PREMIUM]",,false,false,"[PREMIUM]",,,,,,,,"[PREMIUM]"
"63225236","2026-08-08 02:57:51.906","2026-08-20 17:44:41.602","63225236","2026-08-19 18:03:51.000","[PREMIUM]","394","TX - NORTH AUSTIN","2026-08-20","THURSDAY","1200","CDT","41","V",2017,"TOYOTA","YARIS","YARIS","HATCHBACK","SILVER","FRONT END","REAR END","TX","SV","YES","D",121989,"A","[PREMIUM]",7289.88,"1.5L 4","FRONT WHEEL DRIVE","AUTOMATIC","GAS",4,"Run & Drive Verified","On Minimum Bid","[PREMIUM]",,"TAYLOR","TX","76574","USA","USD","[PREMIUM]","[PREMIUM]","A020",false,"[PREMIUM]","5-DOOR L FLEET",false,false,"[PREMIUM]",,,,,,,,"[PREMIUM]"
"62852066","2026-08-08 02:57:51.824","2026-08-20 17:44:41.451","62852066","2026-08-19 18:03:53.000","[PREMIUM]","394","TX - NORTH AUSTIN","2026-08-20","THURSDAY","1200","CDT","4097","V",2012,"SUBARU","OUTBACK","OUTBACK","4DR SPORT UTILITY","WHITE","FRONT END","SIDE","TX","SV","YES","E",0,"N","[PREMIUM]",11007.5,"2.5L 4","ALL WHEEL DRIVE","AUTOMATIC","GAS",4,"DEFAULT","Pure Sale","[PREMIUM]",,"TAYLOR","TX","76574","USA","USD","[PREMIUM]","[PREMIUM]","E120",false,"[PREMIUM]","2.5I LIMITED",false,false,"[PREMIUM]",,,,,,,,"[PREMIUM]"
"62884816","2026-08-08 02:57:51.807","2026-08-13 14:32:29.428","62884816","2026-08-12 15:33:02.000","[PREMIUM]","394","TX - NORTH AUSTIN","2026-08-13","THURSDAY","1200","CDT","3089","V",2014,"FORD","ESCAPE","ESCAPE","4DR SPORT UTILITY","SILVER","FRONT END","SIDE","TX","SV","NO",,107903,"A","[PREMIUM]",6902.73,"1.6L 4","FRONT WHEEL DRIVE","AUTOMATIC","GAS",4,,"Pure Sale","[PREMIUM]",,"TAYLOR","TX","76574","USA","USD","[PREMIUM]","[PREMIUM]","C160",false,"[PREMIUM]","SE",false,false,"[PREMIUM]",,,,,,,,"[PREMIUM]"
"62789216","2026-08-08 02:57:51.795","2026-08-20 17:44:41.406","62789216","2026-08-19 18:03:52.000","[PREMIUM]","394","TX - NORTH AUSTIN","2026-08-20","THURSDAY","1200","CDT","3053","V",2008,"FORD","EDGE","EDGE","4DR SPORT UTILITY","RED","FRONT END","MECHANICAL","TX","SV","YES","S",167270,"E","[PREMIUM]",8282.21,"3.5L 6","FRONT WHEEL DRIVE","AUTOMATIC","GAS",6,"Vehicle Starts","Pure Sale","[PREMIUM]",,"TAYLOR","TX","76574","USA","USD","[PREMIUM]","[PREMIUM]","D150",false,"[PREMIUM]","SE",false,false,"[PREMIUM]",,,,,,,,"[PREMIUM]"
"62505646","2026-08-08 02:57:51.691","2026-08-22 17:49:53.865","62505646","2026-08-11 12:07:05.000","[PREMIUM]","394","TX - NORTH AUSTIN",,,,"CDT","0","V",2015,"TOYOTA","COROLLA","COROLLA","SEDAN","BLUE","FRONT END","SIDE","TX","SV","YES","D",103235,"A","[PREMIUM]",9539.75,"1.8L 4","FRONT WHEEL DRIVE","AUTOMATIC","GAS",4,"Run & Drive Verified","Pure Sale","[PREMIUM]",,"TAYLOR","TX","76574","USA","USD","[PREMIUM]","[PREMIUM]","D010",false,"[PREMIUM]","S PLUS",false,false,"[PREMIUM]",,,,,,,,"[PREMIUM]"
"62331576","2026-08-08 02:57:51.647","2026-08-22 17:49:53.799","62331576","2026-08-20 18:32:05.000","[PREMIUM]","394","TX - NORTH AUSTIN","2026-08-27","THURSDAY","1200","CDT","0","V",2015,"TESLA","MODEL S","MODEL S","HATCHBACK 4DR","GRAY","UNDERCARRIAGE","REAR END","TX","SV","YES","D",77062,"A","[PREMIUM]",9772.1,,"ALL WHEEL DRIVE","AUTOMATIC","ELECTRIC",,"Run & Drive Verified","On Minimum Bid","[PREMIUM]",,"TAYLOR","TX","76574","USA","USD","[PREMIUM]","[PREMIUM]","A190",false,"[PREMIUM]","85D",false,false,"[PREMIUM]",,,,,,,,"[PREMIUM]"
"62054876","2026-08-08 02:57:51.550","2026-08-20 17:44:41.105","62054876","2026-08-19 18:03:52.000","[PREMIUM]","394","TX - NORTH AUSTIN","2026-08-20","THURSDAY","1200","CDT","127","V",2015,"NISSAN","ARMADA","ARMADA","4DR SPORT UTILITY","BLACK","FRONT END",,"TX","SV","YES","D",209334,"A","[PREMIUM]",12310.12,"5.6L 8","REAR WHEEL DRIVE","AUTOMATIC","FLEXIBLE",8,"Run & Drive Verified","Pure Sale","[PREMIUM]",,"TAYLOR","TX","76574","USA","USD","[PREMIUM]","[PREMIUM]","C160",false,"[PREMIUM]","PLATINUM",false,false,"[PREMIUM]",,,,,,,,"[PREMIUM]"
"61901076","2026-08-08 02:57:51.473","2026-08-13 14:32:28.893","61901076","2026-08-12 15:33:02.000","[PREMIUM]","394","TX - NORTH AUSTIN","2026-08-13","THURSDAY","1200","CDT","3049","V",2004,"SUZUKI","GSX","GSX-R600","RACER","BLACK","ALL OVER",,"TX","SV","YES","E",0,"E","[PREMIUM]",19478.51,"4",,"MANUAL",,4,"DEFAULT","Pure Sale","[PREMIUM]",,"TAYLOR","TX","76574","USA","USD","[PREMIUM]","[PREMIUM]","MCI",false,"[PREMIUM]","K",false,false,"[PREMIUM]",,,,,,,,"[PREMIUM]"
"61583596","2026-08-08 02:57:51.367","2026-08-20 17:44:40.787","61583596","2026-08-19 18:03:52.000","[PREMIUM]","394","TX - NORTH AUSTIN","2026-08-20","THURSDAY","1200","CDT","3046","V",2021,"TESLA","MODEL Y","MODEL X EV","SPORT UTILITY VEHICLE","WHITE","FRONT END",,"TX","SV","YES","E",0,"N","[PREMIUM]",29043,,"ALL WHEEL DRIVE","AUTOMATIC","ELECTRIC",,"DEFAULT","Pure Sale","[PREMIUM]",,"TAYLOR","TX","76574","USA","USD","[PREMIUM]","[PREMIUM]","A170",false,"[PREMIUM]",,false,false,"[PREMIUM]",,,,,,,,"[PREMIUM]"
"61359456","2026-08-08 02:57:51.356","2026-08-20 17:44:40.678","61359456","2026-08-20 14:10:17.000","[PREMIUM]","394","TX - NORTH AUSTIN","2026-08-20","THURSDAY","1200","CDT","4102","V",2013,"CHEVROLET","EQUINOX","EQUINOX","4DR SPORT UTILITY","GRAY","REAR END","UNDERCARRIAGE","TX","SV","YES","D",138680,"A","[PREMIUM]",5829,"2.4L 4","FRONT WHEEL DRIVE","AUTOMATIC","GAS",4,"Run & Drive Verified","Pure Sale","[PREMIUM]",,"TAYLOR","TX","76574","USA","USD","[PREMIUM]","[PREMIUM]","D120",false,"[PREMIUM]","LT",false,false,"[PREMIUM]",,,,,,,,"[PREMIUM]"
"61355826","2026-08-08 02:57:51.320","2026-08-20 17:44:40.698","61355826","2026-08-19 18:03:53.000","[PREMIUM]","394","TX - NORTH AUSTIN","2026-08-20","THURSDAY","1200","CDT","4094","V",2025,"TOYOTA","TACOMA","TACOMA","PICKUP","BLACK","FRONT END","SIDE","TX","SV","YES","S",11119,"A","[PREMIUM]",31365.21,"2.4L 4","FOUR BY FOUR","AUTOMATIC","GAS",4,"Vehicle Starts","Pure Sale","[PREMIUM]",,"TAYLOR","TX","76574","USA","USD","[PREMIUM]","[PREMIUM]","G180",false,"[PREMIUM]","SR5",false,false,"[PREMIUM]",,,,,,,,"[PREMIUM]"
"60868526","2026-08-08 02:57:51.247","2026-08-20 17:44:40.529","60868526","2026-08-19 18:03:52.000","[PREMIUM]","394","TX - NORTH AUSTIN","2026-08-20","THURSDAY","1200","CDT","4036","V",2023,"HYUNDAI","ELANTRA","ELANTRA","SEDAN","WHITE","FRONT END","REAR END","TX","SV","YES","D",84124,"A","[PREMIUM]",12920.94,"1.6L 4","FRONT WHEEL DRIVE","AUTOMATIC","GAS",4,"Run & Drive Verified","Pure Sale","[PREMIUM]",,"TAYLOR","TX","76574","USA","USD","[PREMIUM]","[PREMIUM]","D010",false,"[PREMIUM]","N LINE",false,false,"[PREMIUM]",,,,,,,,"[PREMIUM]"
"60843536","2026-08-08 02:57:51.237","2026-08-22 17:49:53.379","60843536","2026-08-07 21:22:54.000","[PREMIUM]","394","TX - NORTH AUSTIN",,,,"CDT","0","V",2012,"FORD","FUSION","FUSION","SEDAN 4DR","BLACK","SIDE",,"TX","SV","YES","D",143901,"A","[PREMIUM]",0,"2.5L 4","FRONT WHEEL DRIVE","AUTOMATIC","GAS",4,"Run & Drive Verified","Pure Sale","[PREMIUM]",,"TAYLOR","TX","76574","USA","USD","[PREMIUM]","[PREMIUM]","C010",false,"[PREMIUM]","S",false,false,"[PREMIUM]",,,,,,,,"[PREMIUM]"
"60499216","2026-08-08 02:57:51.169","2026-08-13 14:32:28.491","60499216","2026-08-12 15:33:01.000","[PREMIUM]","394","TX - NORTH AUSTIN","2026-08-13","THURSDAY","1200","CDT","114","V",2011,"TOYOTA","PRIUS","PRIUS","HATCHBACK","RED","FRONT END",,"TX","SV","YES","D",151795,"A","[PREMIUM]",6701.51,"1.8L 4","FRONT WHEEL DRIVE","AUTOMATIC","ELECTRIC AND GAS HYBRID",4,"Run & Drive Verified","On Minimum Bid","[PREMIUM]",,"TAYLOR","TX","76574","USA","USD","[PREMIUM]","[PREMIUM]","C040",false,"[PREMIUM]","TWO",false,false,"[PREMIUM]",,,,,,,,"[PREMIUM]"
"60227746","2026-08-08 02:57:51.048","2026-08-13 14:32:28.337","60227746","2026-08-12 15:33:03.000","[PREMIUM]","394","TX - NORTH AUSTIN","2026-08-13","THURSDAY","1200","CDT","3133","V",2006,"CHEVROLET","SILVERADO","SILVERADO","CREW PICKUP","BLACK","FRONT END",,"TX","SV","YES","E",228129,"E","[PREMIUM]",6810.19,"5.3L 8","4X4 W/REAR WHEEL DRV","AUTOMATIC","FLEXIBLE",8,"DEFAULT","Pure Sale","[PREMIUM]",,"TAYLOR","TX","76574","USA","USD","[PREMIUM]","[PREMIUM]","F170",false,"[PREMIUM]","K1500",false,false,"[PREMIUM]",,,,,,,,"[PREMIUM]"
"59820906","2026-08-08 02:57:51.014","2026-08-20 17:44:39.917","59820906","2026-08-19 18:03:52.000","[PREMIUM]","394","TX - NORTH AUSTIN","2026-08-20","THURSDAY","1200","CDT","3045","V",2015,"TOYOTA","HIGHLANDER","HIGHLANDER","SUV","MAROON","FRONT END",,"TX","SV","YES","S",150371,"A","[PREMIUM]",0,"3.5L 6","FRONT WHEEL DRIVE","AUTOMATIC","GAS",6,"Vehicle Starts","Pure Sale","[PREMIUM]",,"TAYLOR","TX","76574","USA","USD","[PREMIUM]","[PREMIUM]","C110",false,"[PREMIUM]","LE PLUS",false,false,"[PREMIUM]",,,,,,,,"[PREMIUM]"
"59542886","2026-08-08 02:57:50.882","2026-08-13 14:32:28.033","59542886","2026-08-12 15:33:02.000","[PREMIUM]","394","TX - NORTH AUSTIN","2026-08-13","THURSDAY","1200","CDT","3107","V",2017,"HYUNDAI","SONATA","SONATA","SEDAN","SILVER","VANDALISM",,"TX","SV","YES","E",0,"N","[PREMIUM]",9096.92,"2.4L 4","FRONT WHEEL DRIVE","AUTOMATIC","GAS",4,"DEFAULT","Pure Sale","[PREMIUM]",,"TAYLOR","TX","76574","USA","USD","[PREMIUM]","[PREMIUM]","D010",false,"[PREMIUM]","LIMITED",false,false,"[PREMIUM]",,,,,,,,"[PREMIUM]"
"59113116","2026-08-08 02:57:50.860","2026-08-22 17:49:52.860","59113116","2026-08-07 21:20:42.000","[PREMIUM]","394","TX - NORTH AUSTIN",,,,"CDT","0","V",2023,"KIA","SPORTAGE X","SPORTAGE","SPORT UTILITY VEHICLE","BLACK","ALL OVER",,"TX","SV","YES","D",44321,"A","[PREMIUM]",0,"2.5L 4","ALL WHEEL DRIVE","AUTOMATIC","GAS",4,"Run & Drive Verified","Pure Sale","[PREMIUM]",,"TAYLOR","TX","76574","USA","USD","[PREMIUM]","[PREMIUM]","E080",false,"[PREMIUM]","X LINE",false,false,"[PREMIUM]",,,,,,,,"[PREMIUM]"
"59108986","2026-08-08 02:57:50.832","2026-08-22 17:49:52.858","59108986","2026-08-07 21:31:38.000","[PREMIUM]","394","TX - NORTH AUSTIN",,,,"CDT","0","V",2020,"TOYOTA","COROLLA","COROLLA","SEDAN","BLUE","FRONT END",,"TX","SV","YES","D",78506,"A","[PREMIUM]",8934.8,"1.8L 4","FRONT WHEEL DRIVE","AUTOMATIC","GAS",4,"Run & Drive Verified","Pure Sale","[PREMIUM]",,"TAYLOR","TX","76574","USA","USD","[PREMIUM]","[PREMIUM]","C010",false,"[PREMIUM]","LE",false,false,"[PREMIUM]",,,,,,,,"[PREMIUM]"
"58993166","2026-08-08 02:57:50.728","2026-08-13 14:32:27.748","58993166","2026-08-12 15:33:01.000","[PREMIUM]","394","TX - NORTH AUSTIN","2026-08-13","THURSDAY","1200","CDT","93","V",2017,"FORD","ESCAPE","ESCAPE","4DR SPORT UTILITY","BLACK","FRONT END",,"TX","SV","YES","D",184957,"A","[PREMIUM]",4776.1,"1.5L 4","FRONT WHEEL DRIVE","AUTOMATIC","GAS",4,"Run & Drive Verified","Pure Sale","[PREMIUM]",,"TAYLOR","TX","76574","USA","USD","[PREMIUM]","[PREMIUM]","D150",false,"[PREMIUM]","SE",false,false,"[PREMIUM]",,,,,,,,"[PREMIUM]"
"58548096","2026-08-08 02:57:50.641","2026-08-20 17:44:39.246","58548096","2026-08-19 18:03:52.000","[PREMIUM]","394","TX - NORTH AUSTIN","2026-08-20","THURSDAY","1200","CDT","131","V",2015,"CHEVROLET","SONIC","SONIC","SEDAN 4DR","SILVER","FRONT END",,"FL","RB","YES","D",101312,"N","[PREMIUM]",8863.47,"1.8L 4","FRONT WHEEL DRIVE","AUTOMATIC","GAS",4,"Run & Drive Verified","Pure Sale","[PREMIUM]",,"TAYLOR","TX","76574","USA","USD","[PREMIUM]","[PREMIUM]","D050",false,"[PREMIUM]","LT",false,false,"[PREMIUM]",,,,,,,,"[PREMIUM]"
"57534946","2026-08-08 02:57:50.426","2026-08-20 17:44:38.944","57534946","2026-08-19 18:03:53.000","[PREMIUM]","394","TX - NORTH AUSTIN","2026-08-20","THURSDAY","1200","CDT","4132","V",2015,"HONDA","ACCORD","ACCORD","SEDAN 4DR","BLACK","FRONT END",,"TX","SV","YES","D",149801,"A","[PREMIUM]",10024.31,"2.4L 4","FRONT WHEEL DRIVE","AUTOMATIC","GAS",4,"Run & Drive Verified","Pure Sale","[PREMIUM]",,"TAYLOR","TX","76574","USA","USD","[PREMIUM]","[PREMIUM]","B050",false,"[PREMIUM]","EX",false,false,"[PREMIUM]",,,,,,,,"[PREMIUM]"
"57322636","2026-08-08 02:57:50.404","2026-08-13 14:32:26.850","57322636","2026-08-12 15:33:02.000","[PREMIUM]","394","TX - NORTH AUSTIN","2026-08-13","THURSDAY","1200","CDT","2101","V",2019,"KIA","SORENTO","SORENTO","SUV","BURGUNDY","FRONT END",,"TX","SV","YES","D",94687,"A","[PREMIUM]",11743.64,"2.4L 4","FRONT WHEEL DRIVE","AUTOMATIC","GAS",4,"Run & Drive Verified","Pure Sale","[PREMIUM]",,"TAYLOR","TX","76574","USA","USD","[PREMIUM]","[PREMIUM]","F140",false,"[PREMIUM]","LX",false,false,"[PREMIUM]",,,,,,,,"[PREMIUM]"
"57063606","2026-08-08 02:57:50.310","2026-08-22 17:49:52.414","57063606","2026-08-18 19:38:05.000","[PREMIUM]","394","TX - NORTH AUSTIN","2026-08-27","THURSDAY","1200","CDT","0","V",2012,"BMW","X5","X5","4DR SPORT UTILITY","BLACK","ROLLOVER",,"TX","SV","YES","E",0,"N","[PREMIUM]",28130.07,"3.0L 6","ALL WHEEL DRIVE","AUTOMATIC","GAS",6,"DEFAULT","Pure Sale","[PREMIUM]",,"TAYLOR","TX","76574","USA","USD","[PREMIUM]","[PREMIUM]","G150",false,"[PREMIUM]","XDRIVE35I",false,false,"[PREMIUM]",,,,,,,,"[PREMIUM]"
"56850926","2026-08-08 02:57:50.158","2026-08-13 14:32:26.685","56850926","2026-08-12 15:33:02.000","[PREMIUM]","394","TX - NORTH AUSTIN","2026-08-13","THURSDAY","1200","CDT","3122","V",2024,"TOYOTA","RAV4","RAV4","SPORT UTILITY VEHICLE","WHITE","FRONT END","MECHANICAL","TX","SV","YES","E",0,"N","[PREMIUM]",18416,"2.5L 4","FRONT WHEEL DRIVE","AUTOMATIC","GAS",4,"DEFAULT","On Minimum Bid","[PREMIUM]",,"TAYLOR","TX","76574","USA","USD","[PREMIUM]","[PREMIUM]","G150",false,"[PREMIUM]","LE",false,false,"[PREMIUM]",,,,,,,,"[PREMIUM]"
"56503946","2026-08-08 02:57:50.137","2026-08-13 14:32:26.608","56503946","2026-08-12 15:33:01.000","[PREMIUM]","394","TX - NORTH AUSTIN","2026-08-13","THURSDAY","1200","CDT","30","V",2016,"TOYOTA","COROLLA S","COROLLA",,"WHITE","REAR END",,"TX","SV","YES","D",123528,"A","[PREMIUM]",10470,,,"AUTOMATIC",,,"Run & Drive Verified","Pure Sale","[PREMIUM]",,"TAYLOR","TX","76574","USA","USD","[PREMIUM]","[PREMIUM]","C010",false,"[PREMIUM]","S PLUS",false,false,"[PREMIUM]",,,,,,,,"[PREMIUM]"
"56578646","2026-08-08 02:57:50.128","2026-08-13 14:32:26.589","56578646","2026-08-12 15:33:01.000","[PREMIUM]","394","TX - NORTH AUSTIN","2026-08-13","THURSDAY","1200","CDT","2001","V",1998,"CHEVROLET","GMT","GMT-400","CLUB CAB PICKUP","GRAY","FRONT END",,"TX","SV","YES","D",225230,"E","[PREMIUM]",4233.4,"5.0L 8","REAR WHEEL DRIVE","AUTOMATIC","GAS",8,"Run & Drive Verified","Pure Sale","[PREMIUM]",,"TAYLOR","TX","76574","USA","USD","[PREMIUM]","[PREMIUM]","H160",false,"[PREMIUM]","C1500",false,false,"[PREMIUM]",,,,,,,,"[PREMIUM]"
"56055226","2026-08-08 02:57:50.020","2026-08-13 14:32:26.417","56055226","2026-08-12 15:33:01.000","[PREMIUM]","394","TX - NORTH AUSTIN","2026-08-13","THURSDAY","1200","CDT","11","V",2008,"DODGE","DURANGO","DURANGO","4DR SPORT UTILITY","SILVER","FRONT END",,"TX","SV","YES","D",193233,"E","[PREMIUM]",4029,"3.7L 6","REAR WHEEL DRIVE","AUTOMATIC","GAS",6,"Run & Drive Verified","Pure Sale","[PREMIUM]",,"TAYLOR","TX","76574","USA","USD","[PREMIUM]","[PREMIUM]","B090",false,"[PREMIUM]","SXT",false,false,"[PREMIUM]",,,,,,,,"[PREMIUM]"
"55896716","2026-08-08 02:57:50.015","2026-08-13 14:32:26.414","55896716","2026-08-12 15:33:02.000","[PREMIUM]","394","TX - NORTH AUSTIN","2026-08-13","THURSDAY","1200","CDT","3013","V",2005,"TOYOTA","SIENNA","SIENNA","MINI-VAN","SILVER","FRONT END",,"TX","SV","NO","E",0,"E","[PREMIUM]",5788.73,"3.3L 6","FRONT WHEEL DRIVE","AUTOMATIC","GAS",6,"DEFAULT","Pure Sale","[PREMIUM]",,"TAYLOR","TX","76574","USA","USD","[PREMIUM]","[PREMIUM]","A160",false,"[PREMIUM]","LE 8 PASSENGER",false,false,"[PREMIUM]",,,,,,,,"[PREMIUM]"
"55945676","2026-08-08 02:57:50.010","2026-08-20 17:44:38.793","55945676","2026-08-19 18:03:52.000","[PREMIUM]","394","TX - NORTH AUSTIN","2026-08-20","THURSDAY","1200","CDT","3065","V",2016,"TOYOTA","TACOMA","TACOMA","PICKUP","GRAY","SIDE","UNDERCARRIAGE","TX","SV","YES","S",104950,"A","[PREMIUM]",12255.46,"2.7L 4","4X2","AUTOMATIC","GAS",4,"Vehicle Starts","On Minimum Bid","[PREMIUM]",,"TAYLOR","TX","76574","USA","USD","[PREMIUM]","[PREMIUM]","B170",false,"[PREMIUM]","SR",false,false,"[PREMIUM]",,,,,,,,"[PREMIUM]"
"55057136","2026-08-08 02:57:49.841","2026-08-20 17:44:38.211","55057136","2026-08-19 18:03:52.000","[PREMIUM]","394","TX - NORTH AUSTIN","2026-08-20","THURSDAY","1200","CDT","3105","V",2023,"CHEVROLET","SILVERADO","SILVERADO","PICKUP","WHITE","REAR END","SIDE","TX","SV","YES",,117952,"A","[PREMIUM]",25000,"3.0L 6","REAR WHEEL DRIVE","AUTOMATIC","DIESEL",6,,"Pure Sale","[PREMIUM]",,"TAYLOR","TX","76574","USA","USD","[PREMIUM]","[PREMIUM]","C190",false,"[PREMIUM]","C1500 LT",false,false,"[PREMIUM]",,,,,,,,"[PREMIUM]"
"52221926","2026-08-08 02:57:49.465","2026-08-13 14:32:25.540","52221926","2026-08-12 15:33:02.000","[PREMIUM]","394","TX - NORTH AUSTIN","2026-08-13","THURSDAY","1200","CDT","2071","V",2014,"VOLKSWAGEN","JETTA","JETTA","SEDAN 4DR","WHITE","REAR END",,"TX","SV","YES","D",115593,"A","[PREMIUM]",0,"1.8L 4","FRONT WHEEL DRIVE","MANUAL","GAS",4,"Run & Drive Verified","Pure Sale","[PREMIUM]",,"TAYLOR","TX","76574","USA","USD","[PREMIUM]","[PREMIUM]","E080",false,"[PREMIUM]","SE",false,false,"[PREMIUM]",,,,,,,,"[PREMIUM]"
"50182756","2026-08-08 02:57:49.383","2026-08-13 14:32:25.446","50182756","2026-08-12 15:33:02.000","[PREMIUM]","394","TX - NORTH AUSTIN","2026-08-13","THURSDAY","1200","CDT","2087","V",2019,"HONDA","ACCORD","ACCORD","SEDAN","BLUE","REAR END",,"TX","SV","YES","D",55754,"A","[PREMIUM]",19480.12,"2.0L 4","FRONT WHEEL DRIVE","AUTOMATIC","GAS",4,"Run & Drive Verified","Pure Sale","[PREMIUM]",,"TAYLOR","TX","76574","USA","USD","[PREMIUM]","[PREMIUM]","B010",false,"[PREMIUM]","SPORT",false,false,"[PREMIUM]",,,,,,,,"[PREMIUM]"
"85969045","2026-08-08 02:57:49.284","2026-08-17 03:03:51.276","85969045","2026-08-14 16:59:43.000","[PREMIUM]","386","LA - VINTON","2026-08-17","MONDAY","1200","CDT","34","V",2019,"TOYOTA","RAV4","RAV4","SPORT UTILITY VEHICLE","TWO TONE","REAR END","FRONT END","LA","ST","YES","D",174943,"A","[PREMIUM]",16120,"2.5L 4","ALL WHEEL DRIVE","AUTOMATIC","ELECTRIC AND GAS HYBRID",4,"Run & Drive Verified","Pure Sale","[PREMIUM]",,"SULPHUR","LA","70663","USA","USD","[PREMIUM]","[PREMIUM]","B020",false,"[PREMIUM]","XSE",false,false,"[PREMIUM]",,,,,,,,"[PREMIUM]"
"85769535","2026-08-08 02:57:49.269","2026-08-17 03:03:51.248","85769535","2026-08-14 16:59:43.000","[PREMIUM]","386","LA - VINTON","2026-08-17","MONDAY","1200","CDT","20","V",2016,"CHEVROLET","EQUINOX","EQUINOX","4DR SPORT UTILITY","WHITE","FRONT END","SIDE","LA","ST","YES","D",135483,"A","[PREMIUM]",13292.96,"2.4L 4","FRONT WHEEL DRIVE","AUTOMATIC","GAS",4,"Run & Drive Verified","Pure Sale","[PREMIUM]",,"SULPHUR","LA","70663","USA","USD","[PREMIUM]","[PREMIUM]","A070",false,"[PREMIUM]","LT",false,false,"[PREMIUM]",,,,,,,,"[PREMIUM]"
"64108976","2026-08-08 02:57:49.268","2026-08-17 03:03:51.141","64108976","2026-08-14 16:59:43.000","[PREMIUM]","386","LA - VINTON","2026-08-17","MONDAY","1200","CDT","4","V",2013,"FORD","F150","F150","CREW PICKUP","BLACK","FRONT END",,"LA","ST","YES","D",223470,"A","[PREMIUM]",6901.61,"5.0L 8","4X4 W/REAR WHEEL DRV","AUTOMATIC","FLEXIBLE",8,"Run & Drive Verified","Pure Sale","[PREMIUM]",,"SULPHUR","LA","70663","USA","USD","[PREMIUM]","[PREMIUM]","C090",false,"[PREMIUM]","SUPERCREW",false,false,"[PREMIUM]",,,,,,,,"[PREMIUM]"
"63407036","2026-08-08 02:57:49.239","2026-08-17 03:03:51.081","63407036","2026-08-14 16:59:43.000","[PREMIUM]","386","LA - VINTON","2026-08-17","MONDAY","1200","CDT","2009","V",2011,"JAGUAR","XF","XF","SEDAN 4DR","GRAY","FRONT END","MINOR DENT/SCRATCHES","LA","ST","YES","D",88592,"A","[PREMIUM]",10336.6,"5.0L 8","REAR WHEEL DRIVE","AUTOMATIC","GAS",8,"Run & Drive Verified","Pure Sale","[PREMIUM]",,"SULPHUR","LA","70663","USA","USD","[PREMIUM]","[PREMIUM]","B060",false,"[PREMIUM]","PREMIUM",false,false,"[PREMIUM]",,,,,,,,"[PREMIUM]"
"63604756","2026-08-08 02:57:49.229","2026-08-17 03:03:51.083","63604756","2026-08-14 16:59:43.000","[PREMIUM]","386","LA - VINTON","2026-08-17","MONDAY","1200","CDT","35","V",2019,"NISSAN","PATHFINDER","PATHFINDER","SUV","SILVER","FRONT END",,"LA","ST","YES","D",105670,"A","[PREMIUM]",11829.38,"3.5L 6","FRONT WHEEL DRIVE","AUTOMATIC","GAS",6,"Run & Drive Verified","Pure Sale","[PREMIUM]",,"SULPHUR","LA","70663","USA","USD","[PREMIUM]","[PREMIUM]","A080",false,"[PREMIUM]","SL",false,false,"[PREMIUM]",,,,,,,,"[PREMIUM]"
"63671116","2026-08-08 02:57:49.219","2026-08-17 03:03:51.084","63671116","2026-08-14 16:59:43.000","[PREMIUM]","386","LA - VINTON","2026-08-17","MONDAY","1200","CDT","8","V",2022,"TOYOTA","SIENNA","SIENNA","VAN PASSENGER","RED","SIDE","FRONT END","LA","ST","YES","D",26469,"A","[PREMIUM]",31307.33,"2.5L 4","FRONT WHEEL DRIVE","AUTOMATIC","ELECTRIC AND GAS HYBRID",4,"Run & Drive Verified","On Minimum Bid","[PREMIUM]",,"SULPHUR","LA","70663","USA","USD","[PREMIUM]","[PREMIUM]","E090",false,"[PREMIUM]","XLE",false,false,"[PREMIUM]",,,,,,,,"[PREMIUM]"
"63121326","2026-08-08 02:57:49.180","2026-08-22 17:49:51.396","63121326","2026-08-21 20:49:16.000","[PREMIUM]","386","LA - VINTON","2026-08-31","MONDAY","1200","CDT","0","V",2024,"BMW","M3","M340XI","SEDAN","WHITE","WATER/FLOOD",,"TX","FV","YES","D",39605,"A","[PREMIUM]",28808.57,"3.0L 6","ALL WHEEL DRIVE","AUTOMATIC","GAS",6,"Run & Drive Verified","Pure Sale","[PREMIUM]",,"SULPHUR","LA","70663","USA","USD","[PREMIUM]","[PREMIUM]","F010",false,"[PREMIUM]",,false,false,"[PREMIUM]",,,,,,,,"[PREMIUM]"
"62474286","2026-08-08 02:57:49.090","2026-08-22 17:49:51.329","62474286","2026-08-21 20:48:29.000","[PREMIUM]","386","LA - VINTON","2026-08-31","MONDAY","1200","CDT","0","V",2019,"CHEVROLET","IMPALA","IMPALA","SEDAN","GRAY","WATER/FLOOD",,"TX","FV","YES","E",80125,"A","[PREMIUM]",6915,"3.6L 6","FRONT WHEEL DRIVE","AUTOMATIC","GAS",6,"DEFAULT","On Approval","[PREMIUM]",,"SULPHUR","LA","70663","USA","USD","[PREMIUM]","[PREMIUM]","F010",false,"[PREMIUM]","LT",false,false,"[PREMIUM]",,,,,,,,"[PREMIUM]"
"61604136","2026-08-08 02:57:48.938","2026-08-17 03:03:50.942","61604136","2026-08-14 16:59:43.000","[PREMIUM]","386","LA - VINTON","2026-08-17","MONDAY","1200","CDT","2518","V",2025,"JEEP","GLADIATOR","GLADIATOR","PICKUP","CHARCOAL","FRONT END","SIDE","LA","ST","YES","S",9979,"A","[PREMIUM]",38696,"3.6L 6","4X4 W/REAR WHEEL DRV","AUTOMATIC","GAS",6,"Vehicle Starts","Pure Sale","[PREMIUM]",,"SULPHUR","LA","70663","USA","USD","[PREMIUM]","[PREMIUM]","E110",false,"[PREMIUM]","SPORT",false,false,"[PREMIUM]",,,,,,,,"[PREMIUM]"
"61079656","2026-08-08 02:57:48.887","2026-08-22 17:49:51.144","61079656","2026-08-21 20:51:12.000","[PREMIUM]","386","LA - VINTON","2026-08-31","MONDAY","1200","CDT","0","V",2002,"DODGE","DAKOTA","DAKOTA","CREW PICKUP","TWO TONE","SIDE","FRONT END","TX","SV","YES","D",65213,"E","[PREMIUM]",9999.12,"4.7L 8","REAR WHEEL DRIVE","AUTOMATIC","GAS",8,"Run & Drive Verified","Pure Sale","[PREMIUM]",,"SULPHUR","LA","70663","USA","USD","[PREMIUM]","[PREMIUM]","C080",false,"[PREMIUM]","QUAD SLT",false,false,"[PREMIUM]",,,,,,,,"[PREMIUM]"
"61187446","2026-08-08 02:57:48.883","2026-08-17 03:03:50.783","61187446","2026-08-14 16:59:44.000","[PREMIUM]","386","LA - VINTON","2026-08-17","MONDAY","1200","CDT","2537","V",2021,"TOYOTA","COROLLA HA","COROLLA HATCHBACK","HATCHBACK","RED","FRONT END","TOP/ROOF","LA","ST","YES","E",64071,"A","[PREMIUM]",16217.54,"2.0L 4","FRONT WHEEL DRIVE","AUTOMATIC","GAS",4,"DEFAULT","Pure Sale","[PREMIUM]",,"SULPHUR","LA","70663","USA","USD","[PREMIUM]","[PREMIUM]","A080",false,"[PREMIUM]","SE",false,false,"[PREMIUM]",,,,,,,,"[PREMIUM]"
"60666426","2026-08-08 02:57:48.846","2026-08-22 17:49:51.107","60666426","2026-08-07 21:22:42.000","[PREMIUM]","386","LA - VINTON",,,,"CDT","0","V",2017,"FORD","TAURUS","TAURUS","SEDAN","GRAY","FRONT END","MINOR DENT/SCRATCHES","TX","SV","YES","D",161867,"A","[PREMIUM]",8383.11,"3.5L 6","FRONT WHEEL DRIVE","AUTOMATIC","GAS",6,"Run & Drive Verified","Pure Sale","[PREMIUM]",,"SULPHUR","LA","70663","USA","USD","[PREMIUM]","[PREMIUM]","A070",false,"[PREMIUM]","LIMITED",false,false,"[PREMIUM]",,,,,,,,"[PREMIUM]"
"60841456","2026-08-08 02:57:48.829","2026-08-17 03:03:50.717","60841456","2026-08-14 16:59:43.000","[PREMIUM]","386","LA - VINTON","2026-08-17","MONDAY","1200","CDT","46","V",2019,"BUICK","ENCLAVE","ENCLAVE","SPORT UTILITY VEHICLE","RED","FRONT END",,"LA","ST","YES","D",82720,"A","[PREMIUM]",14759.24,"3.6L 6","FRONT WHEEL DRIVE","AUTOMATIC","GAS",6,"Run & Drive Verified","Pure Sale","[PREMIUM]",,"SULPHUR","LA","70663","USA","USD","[PREMIUM]","[PREMIUM]","B060",false,"[PREMIUM]","PREMIUM",false,false,"[PREMIUM]",,,,,,,,"[PREMIUM]"
"60418296","2026-08-08 02:57:48.804","2026-08-17 03:03:50.634","60418296","2026-08-14 16:59:44.000","[PREMIUM]","386","LA - VINTON","2026-08-17","MONDAY","1200","CDT","2580","V",2017,"HONDA","PILOT","PILOT","4DR SPORT UTILITY","CHARCOAL","FRONT END",,"LA","ST","YES","S",165905,"A","[PREMIUM]",11502,"3.5L 6","FRONT WHEEL DRIVE","AUTOMATIC","GAS",6,"Vehicle Starts","Pure Sale","[PREMIUM]",,"SULPHUR","LA","70663","USA","USD","[PREMIUM]","[PREMIUM]","D040",false,"[PREMIUM]","TOURING",false,false,"[PREMIUM]",,,,,,,,"[PREMIUM]"
"60009546","2026-08-08 02:57:48.802","2026-08-22 17:49:51.055","60009546","2026-08-07 21:22:42.000","[PREMIUM]","386","LA - VINTON",,,,"CDT","0","V",2024,"GENESIS","G70 3.3T S","G70","SEDAN","GRAY","FRONT END","SIDE","TX","SV","NO","E",0,"N","[PREMIUM]",50185.26,"3.3L 6","REAR WHEEL DRIVE","AUTOMATIC","GAS",6,"DEFAULT","Pure Sale","[PREMIUM]",,"SULPHUR","LA","70663","USA","USD","[PREMIUM]","[PREMIUM]","A030",false,"[PREMIUM]","3.3T SPORT ADVANCED",false,false,"[PREMIUM]",,,,,,,,"[PREMIUM]"
"60251236","2026-08-08 02:57:48.793","2026-08-17 03:03:50.647","60251236","2026-08-14 16:59:43.000","[PREMIUM]","386","LA - VINTON","2026-08-17","MONDAY","1200","CDT","37","V",2024,"FORD","EXPEDITION","EXPEDITION","SPORT UTILITY VEHICLE","WHITE","ALL OVER",,"LA","ST","YES","D",21835,"A","[PREMIUM]",34219.26,"3.5L 6","REAR WHEEL DRIVE","AUTOMATIC","GAS",6,"Run & Drive Verified","Pure Sale","[PREMIUM]",,"SULPHUR","LA","70663","USA","USD","[PREMIUM]","[PREMIUM]","C080",false,"[PREMIUM]","XLT",false,false,"[PREMIUM]",,,,,,,,"[PREMIUM]"
"57908006","2026-08-08 02:57:48.568","2026-08-17 03:03:50.362","57908006","2026-08-14 16:59:43.000","[PREMIUM]","386","LA - VINTON","2026-08-17","MONDAY","1200","CDT","2511","V",2023,"MAZDA","CX-5 SELEC","CX-5","SPORT UTILITY VEHICLE","GRAY","SIDE",,"LA","ST","NO","E",0,"N","[PREMIUM]",23850,"2.5L 4","ALL WHEEL DRIVE","AUTOMATIC","GAS",4,"DEFAULT","Pure Sale","[PREMIUM]",,"SULPHUR","LA","70663","USA","USD","[PREMIUM]","[PREMIUM]","E060",false,"[PREMIUM]","SELECT",false,false,"[PREMIUM]",,,,,,,,"[PREMIUM]"
"58133056","2026-08-08 02:57:48.563","2026-08-22 17:49:50.916","58133056","2026-08-07 21:26:08.000","[PREMIUM]","386","LA - VINTON",,,,"CDT","0","V",2024,"FORD","F350","F350","PICKUP","GRAY","FRONT END",,"TX","SV","YES","D",68265,"A","[PREMIUM]",44570.78,"6.7L 8","4X4 W/REAR WHEEL DRV","AUTOMATIC","DIESEL",8,"Run & Drive Verified","Pure Sale","[PREMIUM]",,"SULPHUR","LA","70663","USA","USD","[PREMIUM]","[PREMIUM]","E020",false,"[PREMIUM]","SUPER DUTY",false,false,"[PREMIUM]",,,,,,,,"[PREMIUM]"
"57149346","2026-08-08 02:57:48.451","2026-08-22 17:49:50.864","57149346","2026-08-11 11:49:29.000","[PREMIUM]","386","LA - VINTON",,,,"CDT","0","V",2024,"HYUNDAI","KONA","KONA","SPORT UTILITY VEHICLE","WHITE","FRONT END","SIDE","TX","SV","NO","E",99128,"A","[PREMIUM]",19217.67,"2.0L 4","ALL WHEEL DRIVE","AUTOMATIC","GAS",4,"DEFAULT","Pure Sale","[PREMIUM]",,"SULPHUR","LA","70663","USA","USD","[PREMIUM]","[PREMIUM]","A050",false,"[PREMIUM]","SEL",false,false,"[PREMIUM]",,,,,,,,"[PREMIUM]"
"56320936","2026-08-08 02:57:48.246","2026-08-22 17:49:50.800","56320936","2026-08-21 20:50:51.000","[PREMIUM]","386","LA - VINTON","2026-08-31","MONDAY","1200","CDT","0","V",2019,"CHEVROLET","TRAVERSE","TRAVERSE","SPORT UTILITY VEHICLE","RED","REAR END","MINOR DENT/SCRATCHES","TX","SV","YES","D",100712,"A","[PREMIUM]",15864.65,"3.6L 6","ALL WHEEL DRIVE","AUTOMATIC","GAS",6,"Run & Drive Verified","Pure Sale","[PREMIUM]",,"SULPHUR","LA","70663","USA","USD","[PREMIUM]","[PREMIUM]","A080",false,"[PREMIUM]","HIGH COUNTRY",false,false,"[PREMIUM]",,,,,,,,"[PREMIUM]"
"55855706","2026-08-08 02:57:48.211","2026-08-22 17:49:50.742","55855706","2026-08-07 21:26:58.000","[PREMIUM]","386","LA - VINTON",,,,"CDT","0","V",2020,"NISSAN","ROGUE","ROGUE","WAGON","SILVER","FRONT END","MINOR DENT/SCRATCHES","TX","SV","YES","D",93178,"A","[PREMIUM]",10865.96,"2.5L 4","ALL WHEEL DRIVE","AUTOMATIC","GAS",4,"Run & Drive Verified","Pure Sale","[PREMIUM]",,"SULPHUR","LA","70663","USA","USD","[PREMIUM]","[PREMIUM]","A050",false,"[PREMIUM]","SV",false,false,"[PREMIUM]",,,,,,,,"[PREMIUM]"
"55954386","2026-08-08 02:57:48.205","2026-08-22 17:49:50.753","55954386","2026-08-07 21:26:58.000","[PREMIUM]","386","LA - VINTON",,,,"CDT","0","V",2025,"HYUNDAI","SANTA FE","SANTA FE","SPORT UTILITY VEHICLE","GRAY","REAR END","FRONT END","TX","SV","YES","D",27640,"A","[PREMIUM]",14633.2,"2.5L 4","ALL WHEEL DRIVE","AUTOMATIC","GAS",4,"Run & Drive Verified","Pure Sale","[PREMIUM]",,"SULPHUR","LA","70663","USA","USD","[PREMIUM]","[PREMIUM]","C010",false,"[PREMIUM]","XRT",false,false,"[PREMIUM]",,,,,,,,"[PREMIUM]"
"54266446","2026-08-08 02:57:48.018","2026-08-17 03:03:50.110","54266446","2026-08-14 16:59:43.000","[PREMIUM]","386","LA - VINTON","2026-08-17","MONDAY","1200","CDT","13","V",2018,"TOYOTA","TACOMA","TACOMA","PICKUP","RED","REAR END","MINOR DENT/SCRATCHES","LA","ST","YES","D",119306,"A","[PREMIUM]",15763,"3.5L 6","4X2","AUTOMATIC","GAS",6,"Run & Drive Verified","Pure Sale","[PREMIUM]",,"SULPHUR","LA","70663","USA","USD","[PREMIUM]","[PREMIUM]","A100",false,"[PREMIUM]","TRD SPORT",false,false,"[PREMIUM]",,,,,,,,"[PREMIUM]"
"53887766","2026-08-08 02:57:48.001","2026-08-22 17:49:50.651","53887766","2026-08-21 20:50:33.000","[PREMIUM]","386","LA - VINTON","2026-08-31","MONDAY","1200","CDT","0","V",2022,"HONDA","ACCORD","ACCORD","SEDAN","WHITE","FRONT END","SIDE","TX","SV","YES","S",70272,"A","[PREMIUM]",24178.84,"1.5L 4","FRONT WHEEL DRIVE","AUTOMATIC","GAS",4,"Vehicle Starts","Pure Sale","[PREMIUM]",,"SULPHUR","LA","70663","USA","USD","[PREMIUM]","[PREMIUM]","A030",false,"[PREMIUM]","SPORT SE",false,false,"[PREMIUM]",,,,,,,,"[PREMIUM]"
"53984136","2026-08-08 02:57:47.999","2026-08-17 03:03:50.097","53984136","2026-08-14 16:59:43.000","[PREMIUM]","386","LA - VINTON","2026-08-17","MONDAY","1200","CDT","2513","V",2017,"BUICK","ENCORE","ENCORE","4DR SPORT UTILITY","WHITE","FRONT END","SIDE","LA","ST","YES","E",0,"N","[PREMIUM]",10762.28,"1.4L 4","FRONT WHEEL DRIVE","AUTOMATIC","GAS",4,"DEFAULT","Pure Sale","[PREMIUM]",,"SULPHUR","LA","70663","USA","USD","[PREMIUM]","[PREMIUM]","D050",false,"[PREMIUM]","SPORT TOURING",false,false,"[PREMIUM]",,,,,,,,"[PREMIUM]"
"77867895","2026-08-08 02:57:47.659","2026-08-22 17:49:50.263","77867895","2026-08-07 21:05:40.000","[PREMIUM]","385","MI - WAYLAND",,,,"EDT","0","V",2022,"KIA","EV6 LIGHT","EV6",,"BLACK","FRONT END","REAR END","OH","ST","YES","E",0,"N","[PREMIUM]",27000,"0","ALL WHEEL DRIVE","AUTOMATIC","ELECTRIC",0,"DEFAULT","Pure Sale","[PREMIUM]",,"WAYLAND","MI","49348","USA","USD","[PREMIUM]","[PREMIUM]","R210",false,"[PREMIUM]","LIGHT",false,false,"[PREMIUM]",,,,,,,,"[PREMIUM]"
"72818794","2026-08-08 02:57:47.575","2026-08-19 15:04:03.094","72818794","2026-08-07 21:44:13.000","[PREMIUM]","385","MI - WAYLAND",,,,"EDT","0","V",2017,"FORD","EDGE","EDGE",,"BLACK","HAIL",,"MI","CT","YES","D",97109,"A","[PREMIUM]",7178.02,"2.0L  4","ALL WHEEL DRIVE","AUTOMATIC","GAS",4,"Run & Drive Verified","Pure Sale","[PREMIUM]",,"WAYLAND","MI","49348","USA","USD","[PREMIUM]","[PREMIUM]","B160",false,"[PREMIUM]","TITANIUM",false,false,"[PREMIUM]",,,,,,,,"[PREMIUM]"
"63820416","2026-08-08 02:57:47.478","2026-08-22 17:49:49.535","63820416","2026-08-20 16:38:04.000","[PREMIUM]","385","MI - WAYLAND","2026-08-27","THURSDAY","1000","EDT","0","V",2018,"JEEP","COMPASS","COMPASS","SPORT UTILITY VEHICLE","BLUE","FRONT END","SIDE","MI","CT","YES","D",127624,"A","[PREMIUM]",7357.06,"2.4L 4","FRONT WHEEL DRIVE","AUTOMATIC","GAS",4,"Run & Drive Verified","Pure Sale","[PREMIUM]",,"WAYLAND","MI","49348","USA","USD","[PREMIUM]","[PREMIUM]","M160",false,"[PREMIUM]","LATITUDE",false,false,"[PREMIUM]",,,,,,,,"[PREMIUM]"
"63667596","2026-08-08 02:57:47.434","2026-08-19 15:04:02.264","63667596","2026-08-12 16:36:18.000","[PREMIUM]","385","MI - WAYLAND",,,,"EDT","0","V",2018,"TESLA","MODEL 3","MODEL 3","SEDAN","WHITE","SIDE",,"MI","CT","YES","D",126198,"A","[PREMIUM]",14773.53,,"ALL WHEEL DRIVE","AUTOMATIC","ELECTRIC",,"Run & Drive Verified","Pure Sale","[PREMIUM]",,"WAYLAND","MI","49348","USA","USD","[PREMIUM]","[PREMIUM]","R100",false,"[PREMIUM]",,false,false,"[PREMIUM]",,,,,,,,"[PREMIUM]"
"63673446","2026-08-08 02:57:47.424","2026-08-19 15:04:02.292","63673446","2026-08-12 13:34:25.000","[PREMIUM]","385","MI - WAYLAND",,,,"EDT","0","V",2014,"BUICK","ENCLAVE","ENCLAVE","4DR SPORT UTILITY","RED","SIDE",,"MI","CT","YES","D",134250,"A","[PREMIUM]",5596.34,"3.6L 6","FRONT WHEEL DRIVE","AUTOMATIC","GAS",6,"Run & Drive Verified","Pure Sale","[PREMIUM]",,"WAYLAND","MI","49348","USA","USD","[PREMIUM]","[PREMIUM]","I120",false,"[PREMIUM]",,false,false,"[PREMIUM]",,,,,,,,"[PREMIUM]"
"63724466","2026-08-08 02:57:47.422","2026-08-19 15:04:02.310","63724466","2026-08-12 18:19:20.000","[PREMIUM]","385","MI - WAYLAND",,,,"EDT","0","V",2017,"DODGE","CARAVAN","GRAND CARAVAN","SPORTS VAN","WHITE","FRONT END",,"MI","CT","YES","D",104733,"A","[PREMIUM]",7380.94,"3.6L 6","FRONT WHEEL DRIVE","AUTOMATIC","FLEXIBLE",6,"Run & Drive Verified","Pure Sale","[PREMIUM]",,"WAYLAND","MI","49348","USA","USD","[PREMIUM]","[PREMIUM]","H140",false,"[PREMIUM]","SE",false,false,"[PREMIUM]",,,,,,,,"[PREMIUM]"
"63736876","2026-08-08 02:57:47.417","2026-08-22 17:49:49.498","63736876","2026-08-07 20:57:11.000","[PREMIUM]","385","MI - WAYLAND",,,,"EDT","0","V",2015,"TOYOTA","HIGHLANDER","HIGHLANDER","SUV","BLACK","TOP/ROOF","FRONT END","MI","CT","YES","D",272725,"A","[PREMIUM]",0,"3.5L 6","ALL WHEEL DRIVE","AUTOMATIC","GAS",6,"Run & Drive Verified","Pure Sale","[PREMIUM]",,"WAYLAND","MI","49348","USA","USD","[PREMIUM]","[PREMIUM]","R200",false,"[PREMIUM]","LIMITED PLATINUM",false,false,"[PREMIUM]",,,,,,,,"[PREMIUM]"
"63518556","2026-08-08 02:57:47.393","2026-08-22 17:49:49.413","63518556","2026-08-14 19:07:37.000","[PREMIUM]","385","MI - WAYLAND",,,,"EDT","0","C",2006,"SUZUKI","GSX1300","GSX1300","RACER","SILVER","FRONT END",,"MI","CT","YES","D",32001,"E","[PREMIUM]",11053.45,"4",,"MANUAL",,4,"Run & Drive Verified","Pure Sale","[PREMIUM]",,"WAYLAND","MI","49348","USA","USD","[PREMIUM]","[PREMIUM]","MCI",false,"[PREMIUM]","R",false,false,"[PREMIUM]",,,,,,,,"[PREMIUM]"
"63555046","2026-08-08 02:57:47.390","2026-08-21 23:51:52.386","63555046","2026-08-20 17:16:18.000","[PREMIUM]","385","MI - WAYLAND","2026-08-27","THURSDAY","1000","EDT","0","V",2017,"CHEVROLET","SILVERADO","SILVERADO","CREW PICKUP","WHITE","SIDE","FRONT END","MI","CT","YES","E",0,"N","[PREMIUM]",43226.91,"6.6L 8","4X4 W/REAR WHEEL DRV","AUTOMATIC","DIESEL",8,"DEFAULT","On Minimum Bid","[PREMIUM]",,"WAYLAND","MI","49348","USA","USD","[PREMIUM]","[PREMIUM]","S120",false,"[PREMIUM]","K2500 HEAVY DUTY LT",false,false,"[PREMIUM]",,,,,,,,"[PREMIUM]"
"63467476","2026-08-08 02:57:47.358","2026-08-22 17:49:49.358","63467476","2026-08-20 14:28:59.000","[PREMIUM]","385","MI - WAYLAND","2026-08-27","THURSDAY","1000","EDT","0","V",2014,"FORD","ESCAPE","ESCAPE","4DR SPORT UTILITY","WHITE","FRONT END",,"MI","CT","YES","D",158686,"A","[PREMIUM]",4235.29,"1.6L 4","4X4 W/FRONT WHL DRV","AUTOMATIC","GAS",4,"Run & Drive Verified","Pure Sale","[PREMIUM]",,"WAYLAND","MI","49348","USA","USD","[PREMIUM]","[PREMIUM]","I100",false,"[PREMIUM]","SE",false,false,"[PREMIUM]",,,,,,,,"[PREMIUM]"
"63291796","2026-08-08 02:57:47.295","2026-08-22 17:49:49.325","63291796","2026-08-20 16:29:57.000","[PREMIUM]","385","MI - WAYLAND","2026-08-27","THURSDAY","1000","EDT","0","V",2019,"CHEVROLET","COLORADO","COLORADO","PICKUP","WHITE","FRONT END","SIDE","MI","CT","YES","D",87369,"A","[PREMIUM]",16415.6,"3.6L 6","4X4 W/REAR WHEEL DRV","AUTOMATIC","GAS",6,"Run & Drive Verified","Pure Sale","[PREMIUM]",,"WAYLAND","MI","49348","USA","USD","[PREMIUM]","[PREMIUM]","O210",false,"[PREMIUM]",,false,false,"[PREMIUM]",,,,,,,,"[PREMIUM]"
"62634836","2026-08-08 02:57:47.075","2026-08-22 17:49:48.926","62634836","2026-08-07 20:57:08.000","[PREMIUM]","385","MI - WAYLAND",,,,"EDT","0","V",2018,"AUDI","SQ5","SQ5","SPORT UTILITY VEHICLE","BLACK","SIDE","FRONT END","MI","CT","YES","D",110483,"A","[PREMIUM]",12685.43,"3.0L 6","ALL WHEEL DRIVE","AUTOMATIC","GAS",6,"Run & Drive Verified","Pure Sale","[PREMIUM]",,"WAYLAND","MI","49348","USA","USD","[PREMIUM]","[PREMIUM]","K210",false,"[PREMIUM]","PRESTIGE",false,false,"[PREMIUM]",,,,,,,,"[PREMIUM]"
"62428576","2026-08-08 02:57:46.897","2026-08-19 15:04:01.447","62428576","2026-08-07 21:44:14.000","[PREMIUM]","385","MI - WAYLAND",,,,"EDT","0","K",2014,"NISSAN","All Models","NV","CARGO VAN","WHITE","FRONT END",,"MI","CT","YES","D",210585,"A","[PREMIUM]",0,"4.0L 6","REAR WHEEL DRIVE","AUTOMATIC","GAS",6,"Run & Drive Verified","Pure Sale","[PREMIUM]",,"WAYLAND","MI","49348","USA","USD","[PREMIUM]","[PREMIUM]","D170",false,"[PREMIUM]","2500",false,false,"[PREMIUM]",,,,,,,,"[PREMIUM]"
"61574436","2026-08-08 02:57:46.523","2026-08-19 15:04:00.980","61574436","2026-08-07 21:33:32.000","[PREMIUM]","385","MI - WAYLAND",,,,"EDT","0","V",2010,"BUICK","LACROSSE","LACROSSE","SEDAN 4DR","SILVER","FRONT END",,"MI","CT","YES","D",0,"E","[PREMIUM]",2610,"3.0L 6","FRONT WHEEL DRIVE","AUTOMATIC","GAS",6,"Run & Drive Verified","Pure Sale","[PREMIUM]",,"WAYLAND","MI","49348","USA","USD","[PREMIUM]","[PREMIUM]","B120",false,"[PREMIUM]","CXL",false,false,"[PREMIUM]",,,,,,,,"[PREMIUM]"
"61341496","2026-08-08 02:57:46.441","2026-08-19 15:04:00.800","61341496","2026-08-07 20:57:10.000","[PREMIUM]","385","MI - WAYLAND",,,,"EDT","0","V",2014,"DODGE","CARAVAN","GRAND CARAVAN","SPORTS VAN","GRAY","SIDE",,"MI","CT","YES","D",240476,"A","[PREMIUM]",6199.5,"3.6L 6","FRONT WHEEL DRIVE","AUTOMATIC","FLEXIBLE",6,"Run & Drive Verified","Pure Sale","[PREMIUM]",,"WAYLAND","MI","49348","USA","USD","[PREMIUM]","[PREMIUM]","G150",false,"[PREMIUM]","SXT",false,false,"[PREMIUM]",,,,,,,,"[PREMIUM]"
"61299166","2026-08-08 02:57:46.440","2026-08-22 17:49:48.059","61299166","2026-08-20 14:21:29.000","[PREMIUM]","385","MI - WAYLAND","2026-08-27","THURSDAY","1000","EDT","0","V",2014,"HYUNDAI","ELANTRA","ELANTRA","SEDAN","SILVER","MECHANICAL",,"MI","CT","NO","E",0,"N","[PREMIUM]",5047.88,"1.8L 4","FRONT WHEEL DRIVE","AUTOMATIC","GAS",4,"DEFAULT","Pure Sale","[PREMIUM]",,"WAYLAND","MI","49348","USA","USD","[PREMIUM]","[PREMIUM]","L180",false,"[PREMIUM]","SE",false,false,"[PREMIUM]",,,,,,,,"[PREMIUM]"
"61237186","2026-08-08 02:57:46.321","2026-08-22 17:49:48.062","61237186","2026-08-20 16:24:15.000","[PREMIUM]","385","MI - WAYLAND","2026-08-27","THURSDAY","1000","EDT","0","V",2017,"KIA","SPORTAGE","SPORTAGE","4DR SPORT UTILITY","GOLD","VANDALISM",,"MI","CT","YES","E",111991,"A","[PREMIUM]",12572,"2.4L 4","ALL WHEEL DRIVE","AUTOMATIC","GAS",4,"DEFAULT","Pure Sale","[PREMIUM]",,"WAYLAND","MI","49348","USA","USD","[PREMIUM]","[PREMIUM]","G100",false,"[PREMIUM]","LX",false,false,"[PREMIUM]",,,,,,,,"[PREMIUM]"
"60991026","2026-08-08 02:57:46.153","2026-08-22 17:49:47.896","60991026","2026-08-21 04:21:07.000","[PREMIUM]","385","MI - WAYLAND",,,,"EDT","0","V",2023,"MINI","COOPER","COOPER","WAGON","GRAY","REAR END",,"MI","PO","YES","D",58509,"A","[PREMIUM]",25995.01,"2.0L 4","ALL WHEEL DRIVE","AUTOMATIC","GAS",4,"Run & Drive Verified","Pure Sale","[PREMIUM]",,"WAYLAND","MI","49348","USA","USD","[PREMIUM]","[PREMIUM]","G110",false,"[PREMIUM]","S COUNTRYMAN ALL4",false,false,"[PREMIUM]",,,,,,,,"[PREMIUM]"
"60396546","2026-08-08 02:57:45.860","2026-08-22 17:49:47.864","60396546","2026-08-07 20:57:09.000","[PREMIUM]","385","MI - WAYLAND",,,,"EDT","0","V",2020,"HONDA","HR-V","HR-V","SPORT UTILITY VEHICLE","WHITE","SIDE","FRONT END","MI","RS","YES","D",57987,"A","[PREMIUM]",13903,"1.8L 4","ALL WHEEL DRIVE","AUTOMATIC","GAS",4,"Run & Drive Verified","Pure Sale","[PREMIUM]",,"WAYLAND","MI","49348","USA","USD","[PREMIUM]","[PREMIUM]","E120",false,"[PREMIUM]","LX",false,false,"[PREMIUM]",,,,,,,,"[PREMIUM]"
"60203336","2026-08-08 02:57:45.756","2026-08-22 17:49:47.634","60203336","2026-08-07 20:57:11.000","[PREMIUM]","385","MI - WAYLAND",,,,"EDT","0","V",2012,"FORD","FUSION","FUSION","SEDAN 4DR","BURGUNDY","FRONT END",,"MI","ST","YES","D",71541,"A","[PREMIUM]",6562.54,"2.5L 4","FRONT WHEEL DRIVE","AUTOMATIC","GAS",4,"Run & Drive Verified","Pure Sale","[PREMIUM]",,"WAYLAND","MI","49348","USA","USD","[PREMIUM]","[PREMIUM]","J110",false,"[PREMIUM]","S",false,false,"[PREMIUM]",,,,,,,,"[PREMIUM]"
"60179506","2026-08-08 02:57:45.729","2026-08-22 17:49:47.597","60179506","2026-08-07 21:33:32.000","[PREMIUM]","385","MI - WAYLAND",,,,"EDT","0","V",2015,"CADILLAC","SRX","SRX","4DR SPORT UTILITY","BLACK","BURN",,"MI","RS","YES",,0,"N","[PREMIUM]",8608,"3.6L 6","FRONT WHEEL DRIVE","AUTOMATIC","GAS",6,,"Pure Sale","[PREMIUM]",,"WAYLAND","MI","49348","USA","USD","[PREMIUM]","[PREMIUM]","J180",false,"[PREMIUM]","LUXURY COLLECTION",false,false,"[PREMIUM]",,,,,,,,"[PREMIUM]"
"60148406","2026-08-08 02:57:45.679","2026-08-19 15:03:59.552","60148406","2026-08-07 20:57:08.000","[PREMIUM]","385","MI - WAYLAND",,,,"EDT","0","V",2019,"CHEVROLET","EQUINOX","EQUINOX","SPORT UTILITY VEHICLE","CHARCOAL","FRONT END",,"MI","CT","YES","D",22155,"A","[PREMIUM]",16964,"1.5L 4","FRONT WHEEL DRIVE","AUTOMATIC","GAS",4,"Run & Drive Verified","Pure Sale","[PREMIUM]",,"WAYLAND","MI","49348","USA","USD","[PREMIUM]","[PREMIUM]","F130",false,"[PREMIUM]","LT",false,false,"[PREMIUM]",,,,,,,,"[PREMIUM]"
"59897596","2026-08-08 02:57:45.611","2026-08-19 15:03:59.356","59897596","2026-08-18 18:56:00.000","[PREMIUM]","385","MI - WAYLAND","2026-08-20","THURSDAY","1000","EDT","0","V",2018,"LINCOLN","MKC","MKC","SPORT UTILITY VEHICLE","WHITE","VANDALISM","FRONT END","MI","CT","YES","D",93668,"A","[PREMIUM]",16536.76,"2.0L 4","ALL WHEEL DRIVE","AUTOMATIC","GAS",4,"Run & Drive Verified","Pure Sale","[PREMIUM]",,"WAYLAND","MI","49348","USA","USD","[PREMIUM]","[PREMIUM]","N170",false,"[PREMIUM]","PREMIERE",false,false,"[PREMIUM]",,,,,,,,"[PREMIUM]"
"59886966","2026-08-08 02:57:45.598","2026-08-19 15:03:59.394","59886966","2026-08-07 21:44:15.000","[PREMIUM]","385","MI - WAYLAND",,,,"EDT","0","V",1998,"DODGE","RAM 2500","RAM 2500","4DR EXT CAB PICKUP","BLACK","FRONT END",,"MI","CT","YES","D",172828,"E","[PREMIUM]",10463,"5.9L 6","4X4 W/REAR WHEEL DRV","AUTOMATIC","DIESEL",6,"Run & Drive Verified","Pure Sale","[PREMIUM]",,"WAYLAND","MI","49348","USA","USD","[PREMIUM]","[PREMIUM]","F140",false,"[PREMIUM]",,false,false,"[PREMIUM]",,,,,,,,"[PREMIUM]"
"59669636","2026-08-08 02:57:45.496","2026-08-22 17:49:47.445","59669636","2026-08-07 20:57:08.000","[PREMIUM]","385","MI - WAYLAND",,,,"EDT","0","V",2025,"TOYOTA","GRAND HIGH","GRAND HIGHLANDER HYBRID","SUV","BLUE","FRONT END","REAR END","MI","ST","YES","E",0,"N","[PREMIUM]",46235.42,"2.5L 4","ALL WHEEL DRIVE","AUTOMATIC","ELECTRIC AND GAS HYBRID",4,"DEFAULT","Pure Sale","[PREMIUM]",,"WAYLAND","MI","49348","USA","USD","[PREMIUM]","[PREMIUM]","Q170",false,"[PREMIUM]","LIMITED",false,false,"[PREMIUM]",,,,,,,,"[PREMIUM]"
"59678496","2026-08-08 02:57:45.488","2026-08-20 18:59:37.147","59678496","2026-08-20 17:56:34.000","[PREMIUM]","385","MI - WAYLAND","2026-08-27","THURSDAY","1000","EDT","0","V",2014,"JEEP","CHEROKEE","GRAND CHEROKEE","4DR SPORT UTILITY","WHITE","FRONT END",,"MI","CT","YES","D",133209,"A","[PREMIUM]",21403.6,"3.6L 6","4X4 W/REAR WHEEL DRV","AUTOMATIC","FLEXIBLE",6,"Run & Drive Verified","On Minimum Bid","[PREMIUM]",,"WAYLAND","MI","49348","USA","USD","[PREMIUM]","[PREMIUM]","K200",false,"[PREMIUM]","SUMMIT",false,false,"[PREMIUM]",,,,,,,,"[PREMIUM]"
"59266476","2026-08-08 02:57:45.410","2026-08-19 15:03:59.100","59266476","2026-08-07 20:57:11.000","[PREMIUM]","385","MI - WAYLAND",,,,"EDT","0","V",2019,"JEEP","CHEROKEE","CHEROKEE","SPORT UTILITY VEHICLE","GREEN","BURN",,"MI","CT","YES","D",194573,"A","[PREMIUM]",7159,"3.2L 6","4X4 W/FRONT WHL DRV","AUTOMATIC","FLEXIBLE",6,"Run & Drive Verified","Pure Sale","[PREMIUM]",,"WAYLAND","MI","49348","USA","USD","[PREMIUM]","[PREMIUM]","E190",false,"[PREMIUM]","LATITUDE PLUS",false,false,"[PREMIUM]",,,,,,,,"[PREMIUM]"
"58224526","2026-08-08 02:57:45.024","2026-08-22 17:49:47.226","58224526","2026-08-20 16:35:31.000","[PREMIUM]","385","MI - WAYLAND","2026-08-27","THURSDAY","1000","EDT","0","V",2014,"JEEP","GRAND CHER","GRAND CHEROKEE","4DR SPORT UTILITY","BLACK","FRONT END",,"MI","CT","YES","D",204670,"A","[PREMIUM]",7734.56,"3.6L 6","4X4 W/REAR WHEEL DRV","AUTOMATIC","FLEXIBLE",6,"Run & Drive Verified","Pure Sale","[PREMIUM]",,"WAYLAND","MI","49348","USA","USD","[PREMIUM]","[PREMIUM]","O170",false,"[PREMIUM]","OVERLAND",false,false,"[PREMIUM]",,,,,,,,"[PREMIUM]"
"57755416","2026-08-08 02:57:44.931","2026-08-22 17:49:47.181","57755416","2026-08-20 14:43:10.000","[PREMIUM]","385","MI - WAYLAND","2026-08-27","THURSDAY","1000","EDT","0","V",2010,"FORD","FOCUS","FOCUS","SEDAN 4DR","WHITE","FRONT END",,"MI","CT","YES","S",478404,"E","[PREMIUM]",5688,"2.0L 4","FRONT WHEEL DRIVE","AUTOMATIC","GAS",4,"Vehicle Starts","Pure Sale","[PREMIUM]",,"WAYLAND","MI","49348","USA","USD","[PREMIUM]","[PREMIUM]","K210",false,"[PREMIUM]","SE",false,false,"[PREMIUM]",,,,,,,,"[PREMIUM]"
"56299406","2026-08-08 02:57:44.527","2026-08-22 17:49:46.965","56299406","2026-08-20 13:16:29.000","[PREMIUM]","855","WHOLESALE AUCTION","2026-08-25","TUESDAY","1200","EDT","0","V",2023,"CHRYSLER","MINIVAN","VOYAGER","VAN PASSENGER","WHITE","MECHANICAL",,"IN","CT","YES","D",116660,"A","[PREMIUM]",2607,"3.6L 6","FRONT WHEEL DRIVE","AUTOMATIC","FLEXIBLE",6,"Run & Drive Verified","On Minimum Bid","[PREMIUM]",,"WAYLAND","MI","49348","USA","USD","[PREMIUM]","[PREMIUM]","E080",true,"[PREMIUM]","LX",false,true,"[PREMIUM]",,,,,"RED LIGHT",4.3,"Safety,Other,Emission","[PREMIUM]"
"55582336","2026-08-08 02:57:44.322","2026-08-22 17:49:46.871","55582336","2026-08-20 14:34:20.000","[PREMIUM]","385","MI - WAYLAND","2026-08-27","THURSDAY","1000","EDT","0","V",2016,"NISSAN","JUKE","JUKE S",,"BLACK","FRONT END",,"MI","CT","NO",,0,"N","[PREMIUM]",10502,,,"AUTOMATIC",,,,"Pure Sale","[PREMIUM]",,"WAYLAND","MI","49348","USA","USD","[PREMIUM]","[PREMIUM]","L130",false,"[PREMIUM]",,false,false,"[PREMIUM]",,,,,,,,"[PREMIUM]"
"54395506","2026-08-08 02:57:44.195","2026-08-22 17:49:46.804","54395506","2026-08-07 21:33:32.000","[PREMIUM]","385","MI - WAYLAND",,,,"EDT","0","V",2013,"NISSAN","MURANO","MURANO","SUV","GRAY","FRONT END",,"MI","ST","NO","E",0,"N","[PREMIUM]",6055.12,"3.5L 6","ALL WHEEL DRIVE","AUTOMATIC","GAS",6,"DEFAULT","Pure Sale","[PREMIUM]",,"WAYLAND","MI","49348","USA","USD","[PREMIUM]","[PREMIUM]","L170",false,"[PREMIUM]","S",false,false,"[PREMIUM]",,,,,,,,"[PREMIUM]"
"54235606","2026-08-08 02:57:44.175","2026-08-19 15:03:57.316","54235606","2026-08-17 18:28:42.000","[PREMIUM]","385","MI - WAYLAND",,,,"EDT","0","V",2013,"HONDA","ACCORD","ACCORD","COUPE","BLACK","SIDE",,"MI","CT","YES","D",223845,"A","[PREMIUM]",6915,"3.5L 6","FRONT WHEEL DRIVE","AUTOMATIC","GAS",6,"Run & Drive Verified","Pure Sale","[PREMIUM]",,"WAYLAND","MI","49348","USA","USD","[PREMIUM]","[PREMIUM]","D130",false,"[PREMIUM]","EXL",false,false,"[PREMIUM]",,,,,,,,"[PREMIUM]"
"54073716","2026-08-08 02:57:44.152","2026-08-19 15:03:57.281","54073716","2026-08-07 21:44:14.000","[PREMIUM]","385","MI - WAYLAND",,,,"EDT","0","V",2013,"HONDA","All Models","ODYSSEY","SPORTS VAN","SILVER","FRONT END",,"MI","CT","YES","S",207350,"A","[PREMIUM]",4824,"3.5L 6","FRONT WHEEL DRIVE","AUTOMATIC","GAS",6,"Vehicle Starts","Pure Sale","[PREMIUM]",,"WAYLAND","MI","49348","USA","USD","[PREMIUM]","[PREMIUM]","I160",false,"[PREMIUM]","LX",false,false,"[PREMIUM]",,,,,,,,"[PREMIUM]"
"48500196","2026-08-08 02:57:43.858","2026-08-19 15:03:56.903","48500196","2026-08-07 21:33:31.000","[PREMIUM]","385","MI - WAYLAND",,,,"EDT","0","V",2011,"FORD","ESCAPE","ESCAPE","4DR SPORT UTILITY","SILVER","FRONT END","SIDE","MI","CT","YES","D",170306,"A","[PREMIUM]",3331,"3.0L 6","FRONT WHEEL DRIVE","AUTOMATIC","FLEXIBLE",6,"Run & Drive Verified","Pure Sale","[PREMIUM]",,"WAYLAND","MI","49348","USA","USD","[PREMIUM]","[PREMIUM]","H120",false,"[PREMIUM]","XLT",false,false,"[PREMIUM]",,,,,,,,"[PREMIUM]"
"64331646","2026-08-08 02:57:42.460","2026-08-18 09:03:53.012","64331646","2026-08-17 12:10:45.000","[PREMIUM]","376","OH - AKRON","2026-08-18","TUESDAY","1000","EDT","18","V",2019,"TOYOTA","COROLLA","COROLLA","SEDAN","BLUE","FRONT END","MINOR DENT/SCRATCHES","OH","ST","YES","D",104130,"A","[PREMIUM]",7492.41,"1.8L 4","FRONT WHEEL DRIVE","AUTOMATIC","GAS",4,"Run & Drive Verified","Pure Sale","[PREMIUM]",,"BARBERTON","OH","44203","USA","USD","[PREMIUM]","[PREMIUM]","B040",false,"[PREMIUM]","LE",false,false,"[PREMIUM]",,,,,,,,"[PREMIUM]"
"64316076","2026-08-08 02:57:42.457","2026-08-22 17:49:44.604","64316076","2026-08-18 16:48:15.000","[PREMIUM]","376","OH - AKRON","2026-08-25","TUESDAY","1000","EDT","0","V",2018,"CHEVROLET","TRAX","TRAX","SPORT UTILITY VEHICLE","SILVER","FRONT END",,"OH","CT","YES","D",47724,"A","[PREMIUM]",0,"1.4L 4","FRONT WHEEL DRIVE","AUTOMATIC","GAS",4,"Run & Drive Verified","On Minimum Bid","[PREMIUM]",,"BARBERTON","OH","44203","USA","USD","[PREMIUM]","[PREMIUM]","D020",true,"[PREMIUM]","LS",false,false,"[PREMIUM]",,,,,,,,"[PREMIUM]"
"64256826","2026-08-08 02:57:42.442","2026-08-22 17:49:44.621","64256826","2026-08-21 16:21:18.000","[PREMIUM]","376","OH - AKRON","2026-08-25","TUESDAY","1000","EDT","0","V",2017,"GMC","ACADIA","ACADIA LIMITED","4DR SPORT UTILITY","WHITE","SIDE",,"OH","CT","YES","D",140158,"A","[PREMIUM]",0,"3.6L 6","ALL WHEEL DRIVE","AUTOMATIC","GAS",6,"Run & Drive Verified","On Minimum Bid","[PREMIUM]",,"BARBERTON","OH","44203","USA","USD","[PREMIUM]","[PREMIUM]","E070",true,"[PREMIUM]","SLT-2",false,false,"[PREMIUM]",,,,,,,,"[PREMIUM]"
"64260976","2026-08-08 02:57:42.441","2026-08-22 17:49:44.614","64260976","2026-08-19 20:14:26.000","[PREMIUM]","376","OH - AKRON","2026-08-25","TUESDAY","1000","EDT","0","V",2013,"FORD","F-150","F150","CREW PICKUP","WHITE","NORMAL WEAR",,"OH","CT","YES","D",142930,"A","[PREMIUM]",0,"3.5L 6","4X4 W/REAR WHEEL DRV","AUTOMATIC","GAS",6,"Run & Drive Verified","On Minimum Bid","[PREMIUM]",,"BARBERTON","OH","44203","USA","USD","[PREMIUM]","[PREMIUM]","F090",true,"[PREMIUM]","SUPERCREW",false,false,"[PREMIUM]",,,,,,,,"[PREMIUM]"
"63989686","2026-08-08 02:57:42.369","2026-08-22 17:49:44.595","63989686","2026-08-18 21:49:04.000","[PREMIUM]","832","MEDIUM DUTY CLEAN TITLE SALE","2026-08-24","MONDAY","1100","CDT","0","K",2002,"FRHT - FREIGHTLINER","CHASSIS","CHASSIS","CONVENTIONAL CAB","WHITE","NORMAL WEAR",,"OH","CT","YES",,312471,"A","[PREMIUM]",0,"7.2L 6","REAR WHEEL DRIVE","AUTOMATIC","DIESEL",6,,"On Minimum Bid","[PREMIUM]",,"BARBERTON","OH","44203","USA","USD","[PREMIUM]","[PREMIUM]","A300",true,"[PREMIUM]",,false,false,"[PREMIUM]",,,,,,,,"[PREMIUM]"
"64083606","2026-08-08 02:57:42.354","2026-08-13 14:32:15.958","64083606","2026-08-13 12:03:39.000","[PREMIUM]","376","OH - AKRON","2026-08-14","FRIDAY","1000","EDT","110","V",2005,"TOYOTA","SIENNA","SIENNA","MINI-VAN","SILVER","FRONT END","SIDE","OH","ST","YES","D",209903,"A","[PREMIUM]",4547.55,"3.3L 6","FRONT WHEEL DRIVE","AUTOMATIC","GAS",6,"Run & Drive Verified","Pure Sale","[PREMIUM]",,"BARBERTON","OH","44203","USA","USD","[PREMIUM]","[PREMIUM]","F060",false,"[PREMIUM]","XLE 7 PASSENGER",false,false,"[PREMIUM]",,,,,,,,"[PREMIUM]"
"63512996","2026-08-08 02:57:42.278","2026-08-13 14:32:15.778","63512996","2026-08-13 12:03:39.000","[PREMIUM]","376","OH - AKRON","2026-08-14","FRIDAY","1000","EDT","123","V",2017,"FORD","EDGE","EDGE","4DR SPORT UTILITY","MAROON","REAR END",,"OH","ST","YES","D",196264,"A","[PREMIUM]",7850,"2.0L 4","ALL WHEEL DRIVE","AUTOMATIC","GAS",4,"Run & Drive Verified","Pure Sale","[PREMIUM]",,"BARBERTON","OH","44203","USA","USD","[PREMIUM]","[PREMIUM]","C060",false,"[PREMIUM]","SEL",false,false,"[PREMIUM]",,,,,,,,"[PREMIUM]"
"63138566","2026-08-08 02:57:42.238","2026-08-13 14:32:15.699","63138566","2026-08-13 12:03:39.000","[PREMIUM]","376","OH - AKRON","2026-08-14","FRIDAY","1000","EDT","6","V",2014,"FORD","ESCAPE","ESCAPE","4DR SPORT UTILITY","GRAY","BURN",,"OH","ST","YES","D",92481,"A","[PREMIUM]",10889.64,"2.5L 4","FRONT WHEEL DRIVE","AUTOMATIC","GAS",4,"Run & Drive Verified","Pure Sale","[PREMIUM]",,"BARBERTON","OH","44203","USA","USD","[PREMIUM]","[PREMIUM]","F020",false,"[PREMIUM]","S",false,false,"[PREMIUM]",,,,,,,,"[PREMIUM]"
"62789596","2026-08-08 02:57:42.147","2026-08-19 15:03:53.395","62789596","2026-08-19 10:00:40.000","[PREMIUM]","835","MEDIUM DUTY SPECIALTY SALE","2026-08-19","WEDNESDAY","1100","CDT","4235","K",2016,"FORD","TRANSIT","TRANSIT CONNECT","CARGO VAN","WHITE","FRONT END",,"OH","ST","YES","D",140108,"A","[PREMIUM]",6945.46,"2.5L 4","FRONT WHEEL DRIVE","AUTOMATIC","GAS",4,"Run & Drive Verified","Pure Sale","[PREMIUM]",,"BARBERTON","OH","44203","USA","USD","[PREMIUM]","[PREMIUM]","H090",false,"[PREMIUM]","XLT",false,false,"[PREMIUM]",,,,,,,,"[PREMIUM]"
"62183306","2026-08-08 02:57:41.905","2026-08-13 14:32:15.483","62183306","2026-08-13 12:03:39.000","[PREMIUM]","376","OH - AKRON","2026-08-14","FRIDAY","1000","EDT","101","V",2008,"VOLKSWAGEN","JETTA","JETTA","SEDAN 4DR","RED","REAR END",,"OH","ST","YES","D",160846,"A","[PREMIUM]",4493.92,"2.5L 5","FRONT WHEEL DRIVE","MANUAL","GAS",5,"Run & Drive Verified","Pure Sale","[PREMIUM]",,"BARBERTON","OH","44203","USA","USD","[PREMIUM]","[PREMIUM]","B060",false,"[PREMIUM]","S",false,false,"[PREMIUM]",,,,,,,,"[PREMIUM]"
"62143396","2026-08-08 02:57:41.896","2026-08-13 14:32:15.473","62143396","2026-08-13 12:03:39.000","[PREMIUM]","376","OH - AKRON","2026-08-14","FRIDAY","1000","EDT","23","V",2010,"CHEVROLET","MALIBU","MALIBU","SEDAN 4DR","GRAY","FRONT END","SIDE","OH","ST","YES","D",165467,"A","[PREMIUM]",3387.43,"2.4L 4","FRONT WHEEL DRIVE","AUTOMATIC","GAS",4,"Run & Drive Verified","Pure Sale","[PREMIUM]",,"BARBERTON","OH","44203","USA","USD","[PREMIUM]","[PREMIUM]","D060",false,"[PREMIUM]","1LT",false,false,"[PREMIUM]",,,,,,,,"[PREMIUM]"
"61861876","2026-08-08 02:57:41.836","2026-08-14 16:18:15.593","61861876","2026-08-13 12:03:40.000","[PREMIUM]","376","OH - AKRON","2026-08-14","FRIDAY","1000","EDT","1118","V",2019,"JEEP","CHEROKEE","CHEROKEE","SPORT UTILITY VEHICLE","GRAY","FRONT END","UNDERCARRIAGE","OH","ST","YES",,0,"N","[PREMIUM]",0,"3.2L 6","4X4 W/FRONT WHL DRV","AUTOMATIC","FLEXIBLE",6,,"Pure Sale","[PREMIUM]",,"BARBERTON","OH","44203","USA","USD","[PREMIUM]","[PREMIUM]","B070",false,"[PREMIUM]","LIMITED",false,false,"[PREMIUM]",,,,,,,,"[PREMIUM]"
"62027236","2026-08-08 02:57:41.831","2026-08-13 14:32:15.454","62027236","2026-08-12 21:32:11.000","[PREMIUM]","841","CRASHEDTOYS POWERSPORT AUCTION","2026-08-13","THURSDAY","1200","CDT","6011","C",2009,"TRIUMPH MOTORCYCLE","SPEEDTRIPL","SPEED","ROAD","BLACK","FRONT END",,"OH","ST","YES","D",14946,"A","[PREMIUM]",3951,"2",,"MANUAL",,2,"Run & Drive Verified","Pure Sale","[PREMIUM]",,"BARBERTON","OH","44203","USA","USD","[PREMIUM]","[PREMIUM]","MC",false,"[PREMIUM]","MASTER",false,false,"[PREMIUM]",,,,,,,,"[PREMIUM]"
"85793375","2026-08-08 02:57:41.109","2026-08-22 17:49:43.999","85793375","2026-08-07 21:39:28.000","[PREMIUM]","373","NC - LAGRANGE",,,,"EDT","0","V",2016,"CHEVROLET","TRAVERSE","TRAVERSE","4DR SPORT UTILITY","WHITE","REAR END",,"NC","SC","YES","D",0,"N","[PREMIUM]",6489.23,"3.6L 6","FRONT WHEEL DRIVE","AUTOMATIC","GAS",6,"Run & Drive Verified","Pure Sale","[PREMIUM]",,"LA GRANGE","NC","28551","USA","USD","[PREMIUM]","[PREMIUM]","F090",false,"[PREMIUM]","LT",false,false,"[PREMIUM]",,,,,,,,"[PREMIUM]"
"64022876","2026-08-08 02:57:41.038","2026-08-18 09:03:51.582","64022876","2026-08-18 08:00:16.000","[PREMIUM]","373","NC - LAGRANGE","2026-08-18","TUESDAY","1000","EDT","2522","V",2016,"HONDA","PILOT","PILOT","4DR SPORT UTILITY","BLACK","WATER/FLOOD",,"NC","SC","YES","E",221675,"A","[PREMIUM]",2718.77,"3.5L 6","FRONT WHEEL DRIVE","AUTOMATIC","GAS",6,"DEFAULT","Pure Sale","[PREMIUM]",,"LA GRANGE","NC","28551","USA","USD","[PREMIUM]","[PREMIUM]","H050",false,"[PREMIUM]","EXL",false,false,"[PREMIUM]",,,,,,,,"[PREMIUM]"
"63695776","2026-08-08 02:57:41.036","2026-08-22 17:49:43.443","63695776","2026-08-07 21:39:28.000","[PREMIUM]","373","NC - LAGRANGE",,,,"EDT","0","V",2021,"HYUNDAI","ELANTRA","ELANTRA","SEDAN","GRAY","FRONT END",,"NC","SC","YES","D",99374,"A","[PREMIUM]",5931.18,"2.0L 4","FRONT WHEEL DRIVE","AUTOMATIC","GAS",4,"Run & Drive Verified","Pure Sale","[PREMIUM]",,"LA GRANGE","NC","28551","USA","USD","[PREMIUM]","[PREMIUM]","G090",false,"[PREMIUM]","SEL",false,false,"[PREMIUM]",,,,,,,,"[PREMIUM]"
"63542966","2026-08-08 02:57:41.001","2026-08-22 17:49:43.410","63542966","2026-08-07 21:39:28.000","[PREMIUM]","373","NC - LAGRANGE",,,,"EDT","0","V",2018,"FORD","EDGE","EDGE","SPORT UTILITY VEHICLE","WHITE","REAR END",,"NC","SC","YES","D",99944,"A","[PREMIUM]",9597.58,"3.5L 6","ALL WHEEL DRIVE","AUTOMATIC","GAS",6,"Run & Drive Verified","Pure Sale","[PREMIUM]",,"LA GRANGE","NC","28551","USA","USD","[PREMIUM]","[PREMIUM]","D080",false,"[PREMIUM]","SEL",false,false,"[PREMIUM]",,,,,,,,"[PREMIUM]"
"63289826","2026-08-08 02:57:40.945","2026-08-22 17:49:43.341","63289826","2026-08-17 20:14:20.000","[PREMIUM]","373","NC - LAGRANGE",,,,"EDT","0","V",2015,"FORD","EXPLORER","EXPLORER","4DR SPORT UTILITY","GRAY","REAR END","FRONT END","NC","SC","YES","D",110988,"A","[PREMIUM]",8083.6,"3.5L 6","FRONT WHEEL DRIVE","AUTOMATIC","GAS",6,"Run & Drive Verified","Pure Sale","[PREMIUM]",,"LA GRANGE","NC","28551","USA","USD","[PREMIUM]","[PREMIUM]","F080",false,"[PREMIUM]","LIMITED",false,false,"[PREMIUM]",,,,,,,,"[PREMIUM]"
"62863066","2026-08-08 02:57:40.844","2026-08-22 17:49:43.278","62863066","2026-08-07 21:39:28.000","[PREMIUM]","373","NC - LAGRANGE",,,,"EDT","0","V",2010,"TOYOTA","CAMRY","CAMRY","SEDAN","BLUE","FRONT END","SIDE","NC","SC","YES","E",0,"E","[PREMIUM]",0,"2.5L 4","FRONT WHEEL DRIVE","AUTOMATIC","GAS",4,"DEFAULT","Pure Sale","[PREMIUM]",,"LA GRANGE","NC","28551","USA","USD","[PREMIUM]","[PREMIUM]","B090",false,"[PREMIUM]","SE",false,false,"[PREMIUM]",,,,,,,,"[PREMIUM]"
"62826566","2026-08-08 02:57:40.841","2026-08-22 17:49:43.253","62826566","2026-08-07 21:39:28.000","[PREMIUM]","373","NC - LAGRANGE",,,,"EDT","0","V",2017,"NISSAN","ALTIMA","ALTIMA","SEDAN","GRAY","TOP/ROOF","FRONT END","NC","SC","NO","E",160041,"A","[PREMIUM]",10392.24,"2.5L 4","FRONT WHEEL DRIVE","AUTOMATIC","GAS",4,"DEFAULT","Pure Sale","[PREMIUM]",,"LA GRANGE","NC","28551","USA","USD","[PREMIUM]","[PREMIUM]","F090",false,"[PREMIUM]","2.5 S",false,false,"[PREMIUM]",,,,,,,,"[PREMIUM]"
"62294296","2026-08-08 02:57:40.776","2026-08-22 17:49:43.179","62294296","2026-08-07 21:39:28.000","[PREMIUM]","373","NC - LAGRANGE",,,,"EDT","0","V",2007,"CHEVROLET","COLORADO","COLORADO","CREW PICKUP","RED","ALL OVER",,"NC","SC","EXM","E",0,"E","[PREMIUM]",19661.62,"3.7L 5","4X4 W/REAR WHEEL DRV","AUTOMATIC","GAS",5,"DEFAULT","Pure Sale","[PREMIUM]",,"LA GRANGE","NC","28551","USA","USD","[PREMIUM]","[PREMIUM]","H080",false,"[PREMIUM]",,false,false,"[PREMIUM]",,,,,,,,"[PREMIUM]"
"62097066","2026-08-08 02:57:40.723","2026-08-22 17:49:43.120","62097066","2026-08-07 21:39:28.000","[PREMIUM]","373","NC - LAGRANGE",,,,"EDT","0","V",2015,"FORD","F-150","F150","4DR EXT CAB PICKUP","WHITE","REAR END","UNDERCARRIAGE","NC","SC","YES","D",219447,"A","[PREMIUM]",14379.89,"5.0L 8","4X4 W/REAR WHEEL DRV","AUTOMATIC","GAS",8,"Run & Drive Verified","Pure Sale","[PREMIUM]",,"LA GRANGE","NC","28551","USA","USD","[PREMIUM]","[PREMIUM]","R130",false,"[PREMIUM]","SUPER CAB",false,false,"[PREMIUM]",,,,,,,,"[PREMIUM]"
"62060896","2026-08-08 02:57:40.717","2026-08-22 17:49:43.108","62060896","2026-08-07 21:39:28.000","[PREMIUM]","373","NC - LAGRANGE",,,,"EDT","0","V",2007,"BUICK","LUCERNE","LUCERNE CX","SEDAN 4DR","WHITE","FRONT END","MINOR DENT/SCRATCHES","NC","SC","YES","D",144656,"E","[PREMIUM]",3588,"3.8L 6","FRONT WHEEL DRIVE","AUTOMATIC","GAS",6,"Run & Drive Verified","Pure Sale","[PREMIUM]",,"LA GRANGE","NC","28551","USA","USD","[PREMIUM]","[PREMIUM]","G070",false,"[PREMIUM]",,false,false,"[PREMIUM]",,,,,,,,"[PREMIUM]"
"61119986","2026-08-08 02:57:40.379","2026-08-22 17:49:42.910","61119986","2026-08-10 12:57:41.000","[PREMIUM]","373","NC - LAGRANGE",,,,"EDT","0","V",2019,"NISSAN","FRONTIER","FRONTIER","PICKUP","SILVER","FRONT END","SIDE","NC","SC","NO","E",0,"N","[PREMIUM]",14233,"4.0L 6","4X2","AUTOMATIC","GAS",6,"DEFAULT","Pure Sale","[PREMIUM]",,"LA GRANGE","NC","28551","USA","USD","[PREMIUM]","[PREMIUM]","D080",false,"[PREMIUM]","SV",false,false,"[PREMIUM]",,,,,,,,"[PREMIUM]"
"60959206","2026-08-08 02:57:40.299","2026-08-18 09:03:50.233","60959206","2026-08-18 08:00:16.000","[PREMIUM]","373","NC - LAGRANGE","2026-08-18","TUESDAY","1000","EDT","2008","V",2025,"NISSAN","KICKS","KICKS","SPORT UTILITY VEHICLE","WHITE","REAR END","SIDE","NC","SC","YES","D",39295,"A","[PREMIUM]",17034.76,"2.0L 4","FRONT WHEEL DRIVE","AUTOMATIC","GAS",4,"Run & Drive Verified","Pure Sale","[PREMIUM]",,"LA GRANGE","NC","28551","USA","USD","[PREMIUM]","[PREMIUM]","H050",false,"[PREMIUM]","S",false,false,"[PREMIUM]",,,,,,,,"[PREMIUM]"
"60381636","2026-08-08 02:57:39.967","2026-08-22 17:49:42.729","60381636","2026-08-07 21:39:28.000","[PREMIUM]","373","NC - LAGRANGE",,,,"EDT","0","V",2021,"NISSAN","SENTRA","SENTRA","SEDAN","GRAY","FRONT END","SIDE","NC","SC","YES","D",92659,"A","[PREMIUM]",9725.44,"2.0L 4","FRONT WHEEL DRIVE","AUTOMATIC","GAS",4,"Run & Drive Verified","Pure Sale","[PREMIUM]",,"LA GRANGE","NC","28551","USA","USD","[PREMIUM]","[PREMIUM]","G090",false,"[PREMIUM]","SV",false,false,"[PREMIUM]",,,,,,,,"[PREMIUM]"
"58873196","2026-08-08 02:57:39.319","2026-08-22 17:49:42.492","58873196","2026-08-07 21:39:28.000","[PREMIUM]","373","NC - LAGRANGE",,,,"EDT","0","V",2012,"FORD","FUSION","FUSION","SEDAN 4DR","WHITE","FRONT END","SIDE","NC","SC","YES","D",79125,"A","[PREMIUM]",5653,"2.5L 4","FRONT WHEEL DRIVE","AUTOMATIC","GAS",4,"Run & Drive Verified","Pure Sale","[PREMIUM]",,"LA GRANGE","NC","28551","USA","USD","[PREMIUM]","[PREMIUM]","F090",false,"[PREMIUM]","SE",false,false,"[PREMIUM]",,,,,,,,"[PREMIUM]"
"57602436","2026-08-08 02:57:39.027","2026-08-22 17:49:42.332","57602436","2026-08-07 21:39:28.000","[PREMIUM]","373","NC - LAGRANGE",,,,"EDT","0","V",2008,"DODGE","DAKOTA","DAKOTA","CREW PICKUP","SILVER","FRONT END","UNDERCARRIAGE","NC","SC","YES","D",192346,"E","[PREMIUM]",0,"4.7L 8","4X4 W/REAR WHEEL DRV","AUTOMATIC","GAS",8,"Run & Drive Verified","Pure Sale","[PREMIUM]",,"LA GRANGE","NC","28551","USA","USD","[PREMIUM]","[PREMIUM]","H070",false,"[PREMIUM]","QUAD LARAMIE",false,false,"[PREMIUM]",,,,,,,,"[PREMIUM]"
"54445876","2026-08-08 02:57:38.623","2026-08-22 17:49:42.119","54445876","2026-08-07 21:49:37.000","[PREMIUM]","373","NC - LAGRANGE",,,,"EDT","0","V",2019,"KIA","OPTIMA","OPTIMA","SEDAN","BLUE","SIDE","FRONT END","NC","SC","YES","D",107199,"N","[PREMIUM]",0,"2.0L 4","FRONT WHEEL DRIVE","AUTOMATIC","GAS",4,"Run & Drive Verified","Pure Sale","[PREMIUM]",,"LA GRANGE","NC","28551","USA","USD","[PREMIUM]","[PREMIUM]","G080",false,"[PREMIUM]","SX",false,false,"[PREMIUM]",,,,,,,,"[PREMIUM]"
"54154196","2026-08-08 02:57:38.599","2026-08-22 17:49:42.125","54154196","2026-08-07 21:39:28.000","[PREMIUM]","373","NC - LAGRANGE",,,,"EDT","0","V",2011,"JEEP","PATRIOT","PATRIOT","4DR SPORT UTILITY","WHITE","BURN - ENGINE","MECHANICAL","NC","SC","YES","E",0,"N","[PREMIUM]",3113,"2.0L 4","FRONT WHEEL DRIVE","AUTOMATIC","GAS",4,"DEFAULT","Pure Sale","[PREMIUM]",,"LA GRANGE","NC","28551","USA","USD","[PREMIUM]","[PREMIUM]","D080",false,"[PREMIUM]","SPORT",false,false,"[PREMIUM]",,,,,,,,"[PREMIUM]"
"52338756","2026-08-08 02:57:38.495","2026-08-21 17:46:37.854","52338756","2026-08-07 21:49:37.000","[PREMIUM]","373","NC - LAGRANGE",,,,"EDT","0","V",2017,"FORD","FUSION","FUSION","SEDAN 4DR","WHITE","FRONT END","SIDE","NC","SC","YES","D",113036,"N","[PREMIUM]",2560.14,"2.0L 4","FRONT WHEEL DRIVE","AUTOMATIC","GAS",4,"Run & Drive Verified","Pure Sale","[PREMIUM]",,"LA GRANGE","NC","28551","USA","USD","[PREMIUM]","[PREMIUM]","G090",false,"[PREMIUM]","TITANIUM",false,false,"[PREMIUM]",,,,,,,,"[PREMIUM]"
"52100986","2026-08-08 02:57:38.420","2026-08-22 17:49:42.021","52100986","2026-08-07 21:49:36.000","[PREMIUM]","373","NC - LAGRANGE",,,,"EDT","0","V",2006,"FORD","ALL Models","MUSTANG","COUPE","SILVER","FRONT END","SIDE","NC","SC","YES","E",180882,"E","[PREMIUM]",5060.93,"4.0L 6","REAR WHEEL DRIVE","MANUAL","GAS",6,"DEFAULT","Pure Sale","[PREMIUM]",,"LA GRANGE","NC","28551","USA","USD","[PREMIUM]","[PREMIUM]","F080",false,"[PREMIUM]",,false,false,"[PREMIUM]",,,,,,,,"[PREMIUM]"
"97603595","2026-08-08 02:57:37.842","2026-08-17 03:03:39.405","97603595","2026-08-12 16:41:40.000","[PREMIUM]","371","WI - MILWAUKEE SOUTH","2026-08-17","MONDAY","1200","CDT","0","V",2014,"HONDA","ACCORD","ACCORD","SEDAN 4DR","BLACK","FRONT END",,"FL","RB","YES","D",150558,"A","[PREMIUM]",8226,"2.4L 4","FRONT WHEEL DRIVE","AUTOMATIC","GAS",4,"Run & Drive Verified","Pure Sale","[PREMIUM]",,"FRANKLIN","WI","53132","USA","USD","[PREMIUM]","[PREMIUM]","C040",false,"[PREMIUM]","EXL",false,false,"[PREMIUM]",,,,,,,,"[PREMIUM]"
"89577045","2026-08-08 02:57:37.735","2026-08-18 21:02:24.866","89577045","2026-08-18 15:01:06.000","[PREMIUM]","371","WI - MILWAUKEE SOUTH","2026-08-24","MONDAY","1200","CDT","0","V",2019,"CHEVROLET","EQUINOX","EQUINOX","SPORT UTILITY VEHICLE","CHARCOAL","FRONT END",,"WI","CT","YES","D",62342,"A","[PREMIUM]",16292,"1.5L 4","FRONT WHEEL DRIVE","AUTOMATIC","GAS",4,"Run & Drive Verified","On Minimum Bid","[PREMIUM]",,"FRANKLIN","WI","53132","USA","USD","[PREMIUM]","[PREMIUM]","B020",false,"[PREMIUM]","LT",false,false,"[PREMIUM]",,,,,,,,"[PREMIUM]"
"85978985","2026-08-08 02:57:37.682","2026-08-17 03:03:39.389","85978985","2026-08-14 18:37:16.000","[PREMIUM]","371","WI - MILWAUKEE SOUTH","2026-08-17","MONDAY","1200","CDT","0","V",2021,"NISSAN","ALTIMA","ALTIMA","SEDAN","BLACK","ROLLOVER",,"WI","BP","NO","E",0,"N","[PREMIUM]",17136,"2.5L 4","ALL WHEEL DRIVE","AUTOMATIC","GAS",4,"DEFAULT","On Minimum Bid","[PREMIUM]",,"FRANKLIN","WI","53132","USA","USD","[PREMIUM]","[PREMIUM]","F120",false,"[PREMIUM]","PLATINUM",false,false,"[PREMIUM]",,,,,,,,"[PREMIUM]"
"78836055","2026-08-08 02:57:37.523","2026-08-17 03:03:39.265","78836055","2026-08-11 10:45:16.000","[PREMIUM]","371","WI - MILWAUKEE SOUTH","2026-08-17","MONDAY","1200","CDT","0","V",2019,"NISSAN","ROGUE","ROGUE","WAGON","BLACK","FRONT END","SIDE","WI","BP","NO","E",104388,"A","[PREMIUM]",11778.42,"2.5L 4","ALL WHEEL DRIVE","AUTOMATIC","GAS",4,"DEFAULT","Pure Sale","[PREMIUM]",,"FRANKLIN","WI","53132","USA","USD","[PREMIUM]","[PREMIUM]","D030",false,"[PREMIUM]","SL",false,false,"[PREMIUM]",,,,,,,,"[PREMIUM]"
"76447485","2026-08-08 02:57:37.362","2026-08-17 03:03:39.246","76447485","2026-08-10 20:57:35.000","[PREMIUM]","371","WI - MILWAUKEE SOUTH","2026-08-17","MONDAY","1200","CDT","0","V",2020,"SUBARU","OUTBACK","OUTBACK",,"GRAY","FRONT END","SIDE","WI","SC","YES","D",200397,"A","[PREMIUM]",10506.58,"2.5L  4","ALL WHEEL DRIVE","AUTOMATIC","GAS",4,"Run & Drive Verified","Pure Sale","[PREMIUM]",,"FRANKLIN","WI","53132","USA","USD","[PREMIUM]","[PREMIUM]","A070",false,"[PREMIUM]","PREMIUM",false,false,"[PREMIUM]",,,,,,,,"[PREMIUM]"
"63850046","2026-08-08 02:57:36.951","2026-08-17 03:03:38.560","63850046","2026-08-10 20:44:56.000","[PREMIUM]","371","WI - MILWAUKEE SOUTH","2026-08-17","MONDAY","1200","CDT","0","V",2008,"CHEVROLET","SILVERADO","SILVERADO","4DR EXT CAB PICKUP","PURPLE","REAR END",,"WI","CT","YES","D",179175,"E","[PREMIUM]",7178,"5.3L 8","4X4 W/REAR WHEEL DRV","AUTOMATIC","FLEXIBLE",8,"Run & Drive Verified","Pure Sale","[PREMIUM]",,"FRANKLIN","WI","53132","USA","USD","[PREMIUM]","[PREMIUM]","1D010",false,"[PREMIUM]","K1500",false,false,"[PREMIUM]",,,,,,,,"[PREMIUM]"
"63698676","2026-08-08 02:57:36.923","2026-08-17 03:03:38.499","63698676","2026-08-10 14:32:28.000","[PREMIUM]","371","WI - MILWAUKEE SOUTH","2026-08-17","MONDAY","1200","CDT","0","V",1992,"CHEVROLET","CAPRICE","CAPRICE","SEDAN 4DR","GRAY","SIDE",,"WI","BP","YES","D",139260,"E","[PREMIUM]",10830.7,"5.0L 8","REAR WHEEL DRIVE","AUTOMATIC","GAS",8,"Run & Drive Verified","Pure Sale","[PREMIUM]",,"FRANKLIN","WI","53132","USA","USD","[PREMIUM]","[PREMIUM]","A080",false,"[PREMIUM]",,false,false,"[PREMIUM]",,,,,,,,"[PREMIUM]"
"63744486","2026-08-08 02:57:36.882","2026-08-17 03:03:38.517","63744486","2026-08-11 15:11:11.000","[PREMIUM]","371","WI - MILWAUKEE SOUTH","2026-08-17","MONDAY","1200","CDT","0","C",2013,"APRILIA","MOTORCYCLE","SHIVER","ROAD","WHITE","SIDE","FRONT END","WI","BP","YES","D",19838,"A","[PREMIUM]",4359.5,"2",,"MANUAL",,2,"Run & Drive Verified","Pure Sale","[PREMIUM]",,"FRANKLIN","WI","53132","USA","USD","[PREMIUM]","[PREMIUM]","MC001",false,"[PREMIUM]","750",false,false,"[PREMIUM]",,,,,,,,"[PREMIUM]"
"63737706","2026-08-08 02:57:36.863","2026-08-17 03:03:38.536","63737706","2026-08-14 19:51:43.000","[PREMIUM]","371","WI - MILWAUKEE SOUTH","2026-08-17","MONDAY","1200","CDT","0","V",2015,"RAM","1500","1500","CREW PICKUP","CHARCOAL","HAIL",,"WI","CT","YES","D",114772,"A","[PREMIUM]",11881.96,"5.7L 8","4X4 W/REAR WHEEL DRV","AUTOMATIC","GAS",8,"Run & Drive Verified","Pure Sale","[PREMIUM]",,"FRANKLIN","WI","53132","USA","USD","[PREMIUM]","[PREMIUM]","A120",false,"[PREMIUM]","SLT",false,false,"[PREMIUM]",,,,,,,,"[PREMIUM]"
"63593426","2026-08-08 02:57:36.819","2026-08-21 23:51:42.346","63593426","2026-08-20 16:35:53.000","[PREMIUM]","371","WI - MILWAUKEE SOUTH","2026-08-24","MONDAY","1200","CDT","0","V",2019,"FORD","RANGER","RANGER","PICKUP","GRAY","FRONT END","REAR END","WI","CT","YES","D",75379,"A","[PREMIUM]",18125,"2.3L 4","4X4 W/REAR WHEEL DRV","AUTOMATIC","GAS",4,"Run & Drive Verified","On Minimum Bid","[PREMIUM]",,"FRANKLIN","WI","53132","USA","USD","[PREMIUM]","[PREMIUM]","B070",false,"[PREMIUM]","XL",false,false,"[PREMIUM]",,,,,,,,"[PREMIUM]"
"63528016","2026-08-08 02:57:36.756","2026-08-17 03:03:38.439","63528016","2026-08-11 10:35:32.000","[PREMIUM]","371","WI - MILWAUKEE SOUTH","2026-08-17","MONDAY","1200","CDT","0","V",2012,"CHEVROLET","EQUINOX","EQUINOX","4DR SPORT UTILITY","TAN","REAR END","SIDE","WI","BP","YES","E",148804,"A","[PREMIUM]",6365.57,"2.4L 4","FRONT WHEEL DRIVE","AUTOMATIC","FLEXIBLE",4,"DEFAULT","Pure Sale","[PREMIUM]",,"FRANKLIN","WI","53132","USA","USD","[PREMIUM]","[PREMIUM]","D060",false,"[PREMIUM]","LT",false,false,"[PREMIUM]",,,,,,,,"[PREMIUM]"
"63427766","2026-08-08 02:57:36.754","2026-08-17 03:03:38.354","63427766","2026-08-14 19:51:20.000","[PREMIUM]","371","WI - MILWAUKEE SOUTH","2026-08-17","MONDAY","1200","CDT","0","V",2016,"HONDA","CRV","CR-V","4DR SPORT UTILITY","BROWN","HAIL",,"WI","CT","YES","D",97000,"A","[PREMIUM]",10515.01,"2.4L 4","ALL WHEEL DRIVE","AUTOMATIC","GAS",4,"Run & Drive Verified","On Minimum Bid","[PREMIUM]",,"FRANKLIN","WI","53132","USA","USD","[PREMIUM]","[PREMIUM]","J040",false,"[PREMIUM]","EXL",false,false,"[PREMIUM]",,,,,,,,"[PREMIUM]"
"63511506","2026-08-08 02:57:36.732","2026-08-17 03:03:38.420","63511506","2026-08-11 10:55:49.000","[PREMIUM]","371","WI - MILWAUKEE SOUTH","2026-08-17","MONDAY","1200","CDT","0","V",2015,"BUICK","ENCLAVE","ENCLAVE","4DR SPORT UTILITY","PURPLE","HAIL","SIDE","WI","BP","YES","D",124140,"A","[PREMIUM]",0,"3.6L 6","ALL WHEEL DRIVE","AUTOMATIC","GAS",6,"Run & Drive Verified","Pure Sale","[PREMIUM]",,"FRANKLIN","WI","53132","USA","USD","[PREMIUM]","[PREMIUM]","F030",false,"[PREMIUM]",,false,false,"[PREMIUM]",,,,,,,,"[PREMIUM]"
"63254496","2026-08-08 02:57:36.640","2026-08-17 03:03:38.255","63254496","2026-08-12 21:47:57.000","[PREMIUM]","371","WI - MILWAUKEE SOUTH","2026-08-17","MONDAY","1200","CDT","0","V",2015,"NISSAN","ROGUE","ROGUE","WAGON","BLACK","FRONT END","SIDE","WI","BP","YES","D",178137,"A","[PREMIUM]",15783.46,"2.5L 4","ALL WHEEL DRIVE","AUTOMATIC","GAS",4,"Run & Drive Verified","Pure Sale","[PREMIUM]",,"FRANKLIN","WI","53132","USA","USD","[PREMIUM]","[PREMIUM]","D020",false,"[PREMIUM]","S",false,false,"[PREMIUM]",,,,,,,,"[PREMIUM]"
"63218016","2026-08-08 02:57:36.639","2026-08-17 03:03:38.237","63218016","2026-08-11 15:31:10.000","[PREMIUM]","371","WI - MILWAUKEE SOUTH","2026-08-17","MONDAY","1200","CDT","0","V",2015,"NISSAN","ROGUE","ROGUE","WAGON","BLACK","FRONT END","SIDE","WI","BP","YES","D",149914,"A","[PREMIUM]",7509.33,"2.5L 4","ALL WHEEL DRIVE","AUTOMATIC","GAS",4,"Run & Drive Verified","Pure Sale","[PREMIUM]",,"FRANKLIN","WI","53132","USA","USD","[PREMIUM]","[PREMIUM]","J030",false,"[PREMIUM]","SV",false,false,"[PREMIUM]",,,,,,,,"[PREMIUM]"
"63039516","2026-08-08 02:57:36.495","2026-08-17 03:03:38.176","63039516","2026-08-12 22:14:30.000","[PREMIUM]","371","WI - MILWAUKEE SOUTH","2026-08-17","MONDAY","1200","CDT","0","V",2015,"MITSUBISHI","LANCER","LANCER","SEDAN 4DR","BLACK","FRONT END","SIDE","WI","BP","YES","S",107795,"A","[PREMIUM]",0,"2.4L 4","FRONT WHEEL DRIVE","AUTOMATIC","GAS",4,"Vehicle Starts","Pure Sale","[PREMIUM]",,"FRANKLIN","WI","53132","USA","USD","[PREMIUM]","[PREMIUM]","B020",false,"[PREMIUM]","GT",false,false,"[PREMIUM]",,,,,,,,"[PREMIUM]"
"63002486","2026-08-08 02:57:36.481","2026-08-17 03:03:38.097","63002486","2026-08-14 19:51:20.000","[PREMIUM]","371","WI - MILWAUKEE SOUTH","2026-08-17","MONDAY","1200","CDT","0","V",2017,"CHEVROLET","IMPALA","IMPALA","SEDAN 4DR","RED","FRONT END",,"WI","CT","YES","D",79682,"A","[PREMIUM]",11064.96,"3.6L 6","FRONT WHEEL DRIVE","AUTOMATIC","GAS",6,"Run & Drive Verified","On Minimum Bid","[PREMIUM]",,"FRANKLIN","WI","53132","USA","USD","[PREMIUM]","[PREMIUM]","B030",false,"[PREMIUM]","PREMIER",false,false,"[PREMIUM]",,,,,,,,"[PREMIUM]"
"62948876","2026-08-08 02:57:36.436","2026-08-17 03:03:38.121","62948876","2026-08-14 19:51:19.000","[PREMIUM]","371","WI - MILWAUKEE SOUTH","2026-08-17","MONDAY","1200","CDT","0","V",2017,"FORD","F-150","F150","CREW PICKUP","GRAY","FRONT END","SIDE","WI","CT","YES","S",165955,"A","[PREMIUM]",13783.39,"2.7L 6","4X4 W/REAR WHEEL DRV","AUTOMATIC","GAS",6,"Vehicle Starts","On Minimum Bid","[PREMIUM]",,"FRANKLIN","WI","53132","USA","USD","[PREMIUM]","[PREMIUM]","A120",false,"[PREMIUM]","SUPERCREW",false,false,"[PREMIUM]",,,,,,,,"[PREMIUM]"
"62933786","2026-08-08 02:57:36.435","2026-08-17 03:03:37.930","62933786","2026-08-14 17:55:18.000","[PREMIUM]","371","WI - MILWAUKEE SOUTH","2026-08-17","MONDAY","1200","CDT","0","V",2023,"CHEVROLET","COLORADO","COLORADO","PICKUP","GRAY","REAR END",,"WI","SC","YES","D",28137,"A","[PREMIUM]",28148,"2.7L 4","4X4 W/REAR WHEEL DRV","AUTOMATIC","GAS",4,"Run & Drive Verified","On Minimum Bid","[PREMIUM]",,"FRANKLIN","WI","53132","USA","USD","[PREMIUM]","[PREMIUM]","B090",false,"[PREMIUM]","LT",false,false,"[PREMIUM]",,,,,,,,"[PREMIUM]"
"62966556","2026-08-08 02:57:36.431","2026-08-17 03:03:38.079","62966556","2026-08-14 19:51:19.000","[PREMIUM]","371","WI - MILWAUKEE SOUTH","2026-08-17","MONDAY","1200","CDT","0","V",2016,"HONDA","HR-V","HR-V","4DR SPORT UTILITY","SILVER","SIDE",,"WI","CT","YES","D",36345,"A","[PREMIUM]",10704.38,"1.8L 4","FRONT WHEEL DRIVE","AUTOMATIC","GAS",4,"Run & Drive Verified","On Minimum Bid","[PREMIUM]",,"FRANKLIN","WI","53132","USA","USD","[PREMIUM]","[PREMIUM]","B020",false,"[PREMIUM]","EX",false,false,"[PREMIUM]",,,,,,,,"[PREMIUM]"
"62824186","2026-08-08 02:57:36.418","2026-08-17 03:03:37.874","62824186","2026-08-14 19:51:19.000","[PREMIUM]","371","WI - MILWAUKEE SOUTH","2026-08-17","MONDAY","1200","CDT","0","R",2012,"KOOA",,"ZINGER",,"WHITE","VANDALISM",,"WI","CT","EXM","E",0,"N","[PREMIUM]",10448.67,,,"NONE",,,"DEFAULT","Pure Sale","[PREMIUM]",,"FRANKLIN","WI","53132","USA","USD","[PREMIUM]","[PREMIUM]","HV002",false,"[PREMIUM]",,false,false,"[PREMIUM]",,,,,,,,"[PREMIUM]"
"62831486","2026-08-08 02:57:36.416","2026-08-10 02:58:34.132","62831486","2026-08-07 21:18:48.000","[PREMIUM]","838","RENTAL VEHICLE SALE","2026-08-10","MONDAY","1200","EDT","0","V",2023,"TOYOTA","PRIUS","PRIUS","HATCHBACK","SILVER","FRONT END","SIDE","CA","CT","YES","S",56393,"A","[PREMIUM]",0,"2.0L 4","FRONT WHEEL DRIVE","AUTOMATIC","ELECTRIC AND GAS HYBRID",4,"Vehicle Starts","On Approval","[PREMIUM]",,"FRANKLIN","WI","53132","USA","USD","[PREMIUM]","[PREMIUM]","1SA10",false,"[PREMIUM]","LIMITED",false,false,"[PREMIUM]",,,,,,,,"[PREMIUM]"
"62817666","2026-08-08 02:57:36.391","2026-08-22 17:49:40.436","62817666","2026-08-21 22:35:23.000","[PREMIUM]","371","WI - MILWAUKEE SOUTH","2026-08-24","MONDAY","1200","CDT","0","V",2011,"HONDA","CRV","CR-V","4DR SPORT UTILITY","GRAY","SIDE",,"AZ","SC","YES","D",167003,"A","[PREMIUM]",0,"2.4L 4","ALL WHEEL DRIVE","AUTOMATIC","GAS",4,"Run & Drive Verified","On Minimum Bid","[PREMIUM]",,"FRANKLIN","WI","53132","USA","USD","[PREMIUM]","[PREMIUM]","1B050",true,"[PREMIUM]","LX",false,false,"[PREMIUM]",,,,,,,,"[PREMIUM]"
"62690506","2026-08-08 02:57:36.307","2026-08-17 03:03:37.766","62690506","2026-08-11 17:18:16.000","[PREMIUM]","371","WI - MILWAUKEE SOUTH","2026-08-17","MONDAY","1200","CDT","0","V",2012,"CHEVROLET","MALIBU","MALIBU","SEDAN 4DR","SILVER","FRONT END",,"WI","BP","YES","D",177713,"A","[PREMIUM]",0,"2.4L 4","FRONT WHEEL DRIVE","AUTOMATIC","GAS",4,"Run & Drive Verified","Pure Sale","[PREMIUM]",,"FRANKLIN","WI","53132","USA","USD","[PREMIUM]","[PREMIUM]","H030",false,"[PREMIUM]","2LT",false,false,"[PREMIUM]",,,,,,,,"[PREMIUM]"
"62704866","2026-08-08 02:57:36.306","2026-08-17 03:03:37.767","62704866","2026-08-14 17:59:00.000","[PREMIUM]","371","WI - MILWAUKEE SOUTH","2026-08-17","MONDAY","1200","CDT","0","V",2024,"NISSAN","ROGUE","ROGUE","SPORT UTILITY VEHICLE","BLUE","FRONT END",,"WI","SC","YES","D",11219,"A","[PREMIUM]",18998,"1.5L 3","ALL WHEEL DRIVE","AUTOMATIC","GAS",3,"Run & Drive Verified","On Minimum Bid","[PREMIUM]",,"FRANKLIN","WI","53132","USA","USD","[PREMIUM]","[PREMIUM]","B070",false,"[PREMIUM]","SL",false,false,"[PREMIUM]",,,,,,,,"[PREMIUM]"
"62617226","2026-08-08 02:57:36.247","2026-08-17 03:03:37.718","62617226","2026-08-10 15:37:20.000","[PREMIUM]","371","WI - MILWAUKEE SOUTH","2026-08-17","MONDAY","1200","CDT","0","V",2012,"CHEVROLET","CRUZE","CRUZE","SEDAN 4DR","RED","FRONT END",,"WI","BP","YES","S",243685,"A","[PREMIUM]",5689.55,"1.4L 4","FRONT WHEEL DRIVE","AUTOMATIC","GAS",4,"Vehicle Starts","Pure Sale","[PREMIUM]",,"FRANKLIN","WI","53132","USA","USD","[PREMIUM]","[PREMIUM]","1E030",false,"[PREMIUM]","ECO",false,false,"[PREMIUM]",,,,,,,,"[PREMIUM]"
"62528936","2026-08-08 02:57:36.127","2026-08-17 03:03:37.596","62528936","2026-08-11 10:31:29.000","[PREMIUM]","371","WI - MILWAUKEE SOUTH","2026-08-17","MONDAY","1200","CDT","0","V",2014,"CHRYSLER","MINIVAN","TOWN & COUNTRY","SPORTS VAN","BLACK","FRONT END",,"WI","BP","YES","D",138277,"A","[PREMIUM]",6900,"3.6L 6","FRONT WHEEL DRIVE","AUTOMATIC","FLEXIBLE",6,"Run & Drive Verified","Pure Sale","[PREMIUM]",,"FRANKLIN","WI","53132","USA","USD","[PREMIUM]","[PREMIUM]","D040",false,"[PREMIUM]","TOURING L",false,false,"[PREMIUM]",,,,,,,,"[PREMIUM]"
"62476306","2026-08-08 02:57:36.099","2026-08-17 03:03:37.595","62476306","2026-08-10 19:18:15.000","[PREMIUM]","371","WI - MILWAUKEE SOUTH","2026-08-17","MONDAY","1200","CDT","0","V",2020,"KIA","SOUL","SOUL","WAGON","YELLOW","UNDERCARRIAGE",,"WI","SC","YES","D",71438,"A","[PREMIUM]",9544,"2.0L 4","FRONT WHEEL DRIVE","AUTOMATIC","GAS",4,"Run & Drive Verified","On Minimum Bid","[PREMIUM]",,"FRANKLIN","WI","53132","USA","USD","[PREMIUM]","[PREMIUM]","1B040",false,"[PREMIUM]","LX",false,false,"[PREMIUM]",,,,,,,,"[PREMIUM]"
"62229866","2026-08-08 02:57:36.003","2026-08-17 03:03:37.533","62229866","2026-08-10 16:58:24.000","[PREMIUM]","371","WI - MILWAUKEE SOUTH","2026-08-17","MONDAY","1200","CDT","0","V",2017,"FORD","ESCAPE","ESCAPE","4DR SPORT UTILITY","WHITE","FRONT END","SIDE","WI","CT","YES","D",44720,"A","[PREMIUM]",5944,"1.5L 4","4X4 W/FRONT WHL DRV","AUTOMATIC","GAS",4,"Run & Drive Verified","Pure Sale","[PREMIUM]",,"FRANKLIN","WI","53132","USA","USD","[PREMIUM]","[PREMIUM]","A010",false,"[PREMIUM]","SE",false,false,"[PREMIUM]",,,,,,,,"[PREMIUM]"
"62214646","2026-08-08 02:57:35.954","2026-08-17 03:03:37.638","62214646","2026-08-10 19:26:16.000","[PREMIUM]","371","WI - MILWAUKEE SOUTH","2026-08-17","MONDAY","1200","CDT","0","V",2012,"LEXUS","RX350","RX","4DR SPORT UTILITY","BLACK","FRONT END",,"WI","CT","YES","D",175058,"A","[PREMIUM]",7518.12,"3.5L 6","ALL WHEEL DRIVE","AUTOMATIC","GAS",6,"Run & Drive Verified","On Minimum Bid","[PREMIUM]",,"FRANKLIN","WI","53132","USA","USD","[PREMIUM]","[PREMIUM]","1D040",false,"[PREMIUM]","350",false,false,"[PREMIUM]",,,,,,,,"[PREMIUM]"
"62208806","2026-08-08 02:57:35.949","2026-08-17 03:03:37.528","62208806","2026-08-11 15:14:33.000","[PREMIUM]","371","WI - MILWAUKEE SOUTH","2026-08-17","MONDAY","1200","CDT","0","V",2012,"CHRYSLER","MINIVAN","TOWN & COUNTRY","SPORTS VAN","BURGUNDY","FRONT END","SIDE","WI","BP","YES","D",267670,"A","[PREMIUM]",3973.83,"3.6L 6","FRONT WHEEL DRIVE","AUTOMATIC","FLEXIBLE",6,"Run & Drive Verified","Pure Sale","[PREMIUM]",,"FRANKLIN","WI","53132","USA","USD","[PREMIUM]","[PREMIUM]","D030",false,"[PREMIUM]","TOURING L",false,false,"[PREMIUM]",,,,,,,,"[PREMIUM]"
"62108976","2026-08-08 02:57:35.923","2026-08-17 03:03:37.522","62108976","2026-08-11 12:32:10.000","[PREMIUM]","371","WI - MILWAUKEE SOUTH","2026-08-17","MONDAY","1200","CDT","0","V",2018,"CHRYSLER","PACIFICA","PACIFICA","VAN PASSENGER","BLUE","FRONT END",,"WI","BP","YES","D",79763,"A","[PREMIUM]",13940,"3.6L 6","FRONT WHEEL DRIVE","AUTOMATIC","FLEXIBLE",6,"Run & Drive Verified","Pure Sale","[PREMIUM]",,"FRANKLIN","WI","53132","USA","USD","[PREMIUM]","[PREMIUM]","E060",false,"[PREMIUM]","TOURING PLUS",false,false,"[PREMIUM]",,,,,,,,"[PREMIUM]"
"62078516","2026-08-08 02:57:35.906","2026-08-17 03:03:37.508","62078516","2026-08-10 14:25:17.000","[PREMIUM]","371","WI - MILWAUKEE SOUTH","2026-08-17","MONDAY","1200","CDT","0","V",2017,"CHEVROLET","SILVERADO","SILVERADO","CREW PICKUP","WHITE","FRONT END",,"WI","BP","YES","D",211291,"A","[PREMIUM]",20324,"6.2L 8","4X4 W/REAR WHEEL DRV","AUTOMATIC","GAS",8,"Run & Drive Verified","On Minimum Bid","[PREMIUM]",,"FRANKLIN","WI","53132","USA","USD","[PREMIUM]","[PREMIUM]","1D010",false,"[PREMIUM]","K1500 LTZ",false,false,"[PREMIUM]",,,,,,,,"[PREMIUM]"
"62060796","2026-08-08 02:57:35.893","2026-08-17 03:03:37.524","62060796","2026-08-11 11:42:26.000","[PREMIUM]","371","WI - MILWAUKEE SOUTH","2026-08-17","MONDAY","1200","CDT","0","V",2017,"NISSAN","ROGUE","ROGUE","WAGON","BLUE","HAIL",,"WI","BP","YES","D",85515,"A","[PREMIUM]",11209.52,"2.5L 4","ALL WHEEL DRIVE","AUTOMATIC","GAS",4,"Run & Drive Verified","Pure Sale","[PREMIUM]",,"FRANKLIN","WI","53132","USA","USD","[PREMIUM]","[PREMIUM]","C110",false,"[PREMIUM]","SV",false,false,"[PREMIUM]",,,,,,,,"[PREMIUM]"
"62033056","2026-08-08 02:57:35.871","2026-08-22 17:49:39.696","62033056","2026-08-07 21:44:14.000","[PREMIUM]","371","WI - MILWAUKEE SOUTH",,,,"CDT","0","V",2010,"HONDA","PILOT","PILOT","4DR SPORT UTILITY","SILVER","SIDE","REAR END","MI","CT","YES","S",201250,"E","[PREMIUM]",16424.21,"3.5L 6","ALL WHEEL DRIVE","AUTOMATIC","GAS",6,"Vehicle Starts","Pure Sale","[PREMIUM]",,"FRANKLIN","WI","53132","USA","USD","[PREMIUM]","[PREMIUM]","1D070",false,"[PREMIUM]","EXL",false,false,"[PREMIUM]",,,,,,,,"[PREMIUM]"
"61954256","2026-08-08 02:57:35.858","2026-08-17 03:03:37.526","61954256","2026-08-11 10:35:56.000","[PREMIUM]","371","WI - MILWAUKEE SOUTH","2026-08-17","MONDAY","1200","CDT","0","V",2013,"TOYOTA","PRIUS","PRIUS","HATCHBACK","SILVER","FRONT END","SIDE","WI","BP","YES","E",0,"N","[PREMIUM]",6728,"1.8L 4","FRONT WHEEL DRIVE","AUTOMATIC","ELECTRIC AND GAS HYBRID",4,"DEFAULT","Pure Sale","[PREMIUM]",,"FRANKLIN","WI","53132","USA","USD","[PREMIUM]","[PREMIUM]","J020",false,"[PREMIUM]","TWO",false,false,"[PREMIUM]",,,,,,,,"[PREMIUM]"
"61914586","2026-08-08 02:57:35.811","2026-08-17 03:03:37.495","61914586","2026-08-14 18:29:53.000","[PREMIUM]","371","WI - MILWAUKEE SOUTH","2026-08-17","MONDAY","1200","CDT","0","V",2024,"KIA","FORTE","FORTE","SEDAN","WHITE","SIDE","FRONT END","WI","SC","YES","D",37988,"A","[PREMIUM]",15588,"2L 4","FRONT WHEEL DRIVE","AUTOMATIC","GAS",4,"Run & Drive Verified","On Minimum Bid","[PREMIUM]",,"FRANKLIN","WI","53132","USA","USD","[PREMIUM]","[PREMIUM]","J040",false,"[PREMIUM]","GT LINE",false,false,"[PREMIUM]",,,,,,,,"[PREMIUM]"
"61645766","2026-08-08 02:57:35.715","2026-08-17 03:03:37.502","61645766","2026-08-11 11:33:37.000","[PREMIUM]","371","WI - MILWAUKEE SOUTH","2026-08-17","MONDAY","1200","CDT","0","V",2019,"NISSAN","SENTRA","SENTRA","SEDAN","GRAY","FRONT END",,"WI","BP","YES","D",147762,"A","[PREMIUM]",16153.55,"1.8L 4","FRONT WHEEL DRIVE","AUTOMATIC","GAS",4,"Run & Drive Verified","Pure Sale","[PREMIUM]",,"FRANKLIN","WI","53132","USA","USD","[PREMIUM]","[PREMIUM]","1B080",false,"[PREMIUM]","SV",false,false,"[PREMIUM]",,,,,,,,"[PREMIUM]"
"61717376","2026-08-08 02:57:35.694","2026-08-17 03:03:37.507","61717376","2026-08-11 12:03:15.000","[PREMIUM]","371","WI - MILWAUKEE SOUTH","2026-08-17","MONDAY","1200","CDT","0","V",2014,"CHEVROLET","CRUZE","CRUZE","SEDAN 4DR","GREEN","UNKNOWN",,"WI","BP","YES","E",0,"N","[PREMIUM]",3441,"1.4L 4","FRONT WHEEL DRIVE","AUTOMATIC","GAS",4,"DEFAULT","Pure Sale","[PREMIUM]",,"FRANKLIN","WI","53132","USA","USD","[PREMIUM]","[PREMIUM]","G010",false,"[PREMIUM]","LT",false,false,"[PREMIUM]",,,,,,,,"[PREMIUM]"
"61586296","2026-08-08 02:57:35.593","2026-08-17 03:03:37.499","61586296","2026-08-10 19:27:56.000","[PREMIUM]","371","WI - MILWAUKEE SOUTH","2026-08-17","MONDAY","1200","CDT","0","V",2009,"SUBARU","OUTBACK","OUTBACK","4DR SPORT UTILITY","BLUE","SIDE",,"WI","CT","YES","D",107868,"E","[PREMIUM]",6326,"2.5L 4","ALL WHEEL DRIVE","AUTOMATIC","GAS",4,"Run & Drive Verified","Pure Sale","[PREMIUM]",,"FRANKLIN","WI","53132","USA","USD","[PREMIUM]","[PREMIUM]","1SE04",false,"[PREMIUM]","2.5I",false,false,"[PREMIUM]",,,,,,,,"[PREMIUM]"
"61228236","2026-08-08 02:57:35.453","2026-08-21 23:51:41.439","61228236","2026-08-18 16:51:45.000","[PREMIUM]","371","WI - MILWAUKEE SOUTH","2026-08-24","MONDAY","1200","CDT","0","V",2023,"HONDA","ACCORD","ACCORD","SEDAN","BLACK","FRONT END",,"WI","BP","YES","E",42792,"A","[PREMIUM]",25862.42,"1.5L 4","FRONT WHEEL DRIVE","AUTOMATIC","GAS",4,"DEFAULT","On Minimum Bid","[PREMIUM]",,"FRANKLIN","WI","53132","USA","USD","[PREMIUM]","[PREMIUM]","1F040",false,"[PREMIUM]","EX",false,false,"[PREMIUM]",,,,,,,,"[PREMIUM]"
"61134366","2026-08-08 02:57:35.385","2026-08-17 03:03:37.475","61134366","2026-08-14 19:51:18.000","[PREMIUM]","371","WI - MILWAUKEE SOUTH","2026-08-17","MONDAY","1200","CDT","0","V",2018,"BUICK","ENCLAVE","ENCLAVE","SPORT UTILITY VEHICLE","GRAY","HAIL",,"WI","CT","YES","D",157950,"A","[PREMIUM]",11945.94,"3.6L 6","ALL WHEEL DRIVE","AUTOMATIC","GAS",6,"Run & Drive Verified","Pure Sale","[PREMIUM]",,"FRANKLIN","WI","53132","USA","USD","[PREMIUM]","[PREMIUM]","G030",false,"[PREMIUM]","PREMIUM",false,false,"[PREMIUM]",,,,,,,,"[PREMIUM]"
"61042486","2026-08-08 02:57:35.347","2026-08-17 03:03:37.466","61042486","2026-08-14 17:49:19.000","[PREMIUM]","371","WI - MILWAUKEE SOUTH","2026-08-17","MONDAY","1200","CDT","0","V",2015,"JEEP","PATRIOT","PATRIOT","4DR SPORT UTILITY","BLUE","REAR END",,"WI","CT","YES","S",138071,"A","[PREMIUM]",4366.04,"2.4L 4","4X4 W/FRONT WHL DRV","MANUAL","GAS",4,"Vehicle Starts","Pure Sale","[PREMIUM]",,"FRANKLIN","WI","53132","USA","USD","[PREMIUM]","[PREMIUM]","C010",false,"[PREMIUM]","SPORT",false,false,"[PREMIUM]",,,,,,,,"[PREMIUM]"
"60962956","2026-08-08 02:57:35.304","2026-08-17 03:03:37.077","60962956","2026-08-14 18:16:17.000","[PREMIUM]","371","WI - MILWAUKEE SOUTH","2026-08-17","MONDAY","1200","CDT","0","V",2025,"KIA","K4 LX","K4","SEDAN","GRAY","REAR END","SIDE","WI","BP","YES","D",12783,"A","[PREMIUM]",21766,"2.0L 4","FRONT WHEEL DRIVE","AUTOMATIC","GAS",4,"Run & Drive Verified","On Minimum Bid","[PREMIUM]",,"FRANKLIN","WI","53132","USA","USD","[PREMIUM]","[PREMIUM]","J030",false,"[PREMIUM]","LX",false,false,"[PREMIUM]",,,,,,,,"[PREMIUM]"
"60862926","2026-08-08 02:57:35.240","2026-08-22 17:49:39.450","60862926","2026-08-07 23:01:54.000","[PREMIUM]","371","WI - MILWAUKEE SOUTH",,,,"CDT","0","V",2026,"TOYOTA","RAV4","RAV4","SUV","GRAY","TOP/ROOF","FRONT END","IL","SC","YES","D",847,"A","[PREMIUM]",33529.02,"2.5L 4","ALL WHEEL DRIVE","AUTOMATIC","ELECTRIC AND GAS HYBRID",4,"Run & Drive Verified","Pure Sale","[PREMIUM]",,"FRANKLIN","WI","53132","USA","USD","[PREMIUM]","[PREMIUM]","A070",false,"[PREMIUM]","WOODLAND",false,false,"[PREMIUM]",,,,,,,,"[PREMIUM]"
"60763116","2026-08-08 02:57:35.151","2026-08-12 08:33:58.187","60763116","2026-08-10 19:23:45.000","[PREMIUM]","371","WI - MILWAUKEE SOUTH","2026-08-17","MONDAY","1200","CDT","0","V",2023,"ACURA","RDX","RDX","SPORT UTILITY VEHICLE","BLUE","SIDE",,"WI","IC","YES","D",112670,"A","[PREMIUM]",16098,"2.0L 4","ALL WHEEL DRIVE","AUTOMATIC","GAS",4,"Run & Drive Verified","On Minimum Bid","[PREMIUM]",,"FRANKLIN","WI","53132","USA","USD","[PREMIUM]","[PREMIUM]","1SA04",false,"[PREMIUM]","A-SPEC",false,false,"[PREMIUM]",,,,,,,,"[PREMIUM]"
"60748576","2026-08-08 02:57:35.128","2026-08-17 03:03:36.999","60748576","2026-08-14 19:51:18.000","[PREMIUM]","371","WI - MILWAUKEE SOUTH","2026-08-17","MONDAY","1200","CDT","0","V",2018,"FORD","FUSION","FUSION","SEDAN","BLUE","FRONT END","SIDE","WI","CT","YES","D",103569,"A","[PREMIUM]",5780.93,"1.5L 4","FRONT WHEEL DRIVE","AUTOMATIC","GAS",4,"Run & Drive Verified","Pure Sale","[PREMIUM]",,"FRANKLIN","WI","53132","USA","USD","[PREMIUM]","[PREMIUM]","F050",false,"[PREMIUM]","SE",false,false,"[PREMIUM]",,,,,,,,"[PREMIUM]"
"60584806","2026-08-08 02:57:35.037","2026-08-17 03:03:36.933","60584806","2026-08-14 17:58:08.000","[PREMIUM]","371","WI - MILWAUKEE SOUTH","2026-08-17","MONDAY","1200","CDT","0","V",2026,"HYUNDAI","TUCSON","TUCSON","SUV","WHITE","FRONT END",,"WI","BP","YES","E",14064,"A","[PREMIUM]",32878,"2.5L 4","ALL WHEEL DRIVE","AUTOMATIC","GAS",4,"DEFAULT","On Minimum Bid","[PREMIUM]",,"FRANKLIN","WI","53132","USA","USD","[PREMIUM]","[PREMIUM]","H020",false,"[PREMIUM]","SEL",false,false,"[PREMIUM]",,,,,,,,"[PREMIUM]"
"60516326","2026-08-08 02:57:35.020","2026-08-17 03:03:36.934","60516326","2026-08-10 14:05:15.000","[PREMIUM]","371","WI - MILWAUKEE SOUTH","2026-08-17","MONDAY","1200","CDT","0","V",2026,"NISSAN","SENTRA","SENTRA","SEDAN","BLACK","FRONT END","SIDE","WI","BP","NO","E",0,"N","[PREMIUM]",42293.19,"2.0L 4","FRONT WHEEL DRIVE","AUTOMATIC","GAS",4,"DEFAULT","Pure Sale","[PREMIUM]",,"FRANKLIN","WI","53132","USA","USD","[PREMIUM]","[PREMIUM]","A080",false,"[PREMIUM]","SV",false,false,"[PREMIUM]",,,,,,,,"[PREMIUM]"
"60585846","2026-08-08 02:57:35.019","2026-08-17 03:03:36.932","60585846","2026-08-10 15:06:15.000","[PREMIUM]","371","WI - MILWAUKEE SOUTH","2026-08-17","MONDAY","1200","CDT","0","V",2018,"BMW","5 SERIES","540","SEDAN","BLACK","FRONT END","SIDE","WI","BP","YES","D",119659,"A","[PREMIUM]",18690.55,"3.0L 6","ALL WHEEL DRIVE","AUTOMATIC","GAS",6,"Run & Drive Verified","Pure Sale","[PREMIUM]",,"FRANKLIN","WI","53132","USA","USD","[PREMIUM]","[PREMIUM]","1SA04",false,"[PREMIUM]","XI",false,false,"[PREMIUM]",,,,,,,,"[PREMIUM]"
"60251986","2026-08-08 02:57:34.989","2026-08-22 17:49:39.439","60251986","2026-08-07 23:01:54.000","[PREMIUM]","371","WI - MILWAUKEE SOUTH",,,,"CDT","0","V",2015,"KIA","SOUL BASE","SOUL","WAGON","BLACK","FRONT END","REAR END","IL","SC","YES","D",82377,"A","[PREMIUM]",8907,"1.6L 4","FRONT WHEEL DRIVE","AUTOMATIC","GAS",4,"Run & Drive Verified","Pure Sale","[PREMIUM]",,"FRANKLIN","WI","53132","USA","USD","[PREMIUM]","[PREMIUM]","1SE08",false,"[PREMIUM]","BASE",false,false,"[PREMIUM]",,,,,,,,"[PREMIUM]"
"60429576","2026-08-08 02:57:34.982","2026-08-17 03:03:36.899","60429576","2026-08-10 20:40:42.000","[PREMIUM]","371","WI - MILWAUKEE SOUTH","2026-08-17","MONDAY","1200","CDT","0","V",2014,"KIA","FORTE","FORTE","SEDAN 4DR","SILVER","VANDALISM","SIDE","WI","CT","EXM","E",134056,"A","[PREMIUM]",4747,"2.0L 4","FRONT WHEEL DRIVE","AUTOMATIC","GAS",4,"DEFAULT","On Minimum Bid","[PREMIUM]",,"FRANKLIN","WI","53132","USA","USD","[PREMIUM]","[PREMIUM]","1SA05",false,"[PREMIUM]","EX",false,false,"[PREMIUM]",,,,,,,,"[PREMIUM]"
"60195966","2026-08-08 02:57:34.975","2026-08-17 03:03:36.867","60195966","2026-08-14 19:51:17.000","[PREMIUM]","371","WI - MILWAUKEE SOUTH","2026-08-17","MONDAY","1200","CDT","0","V",2022,"HONDA","CRV","CR-V","SPORT UTILITY VEHICLE","BLACK","SIDE",,"WI","IC","YES","D",53977,"A","[PREMIUM]",15815.18,"1.5L 4","ALL WHEEL DRIVE","AUTOMATIC","GAS",4,"Run & Drive Verified","On Minimum Bid","[PREMIUM]",,"FRANKLIN","WI","53132","USA","USD","[PREMIUM]","[PREMIUM]","C070",false,"[PREMIUM]","EXL",false,false,"[PREMIUM]",,,,,,,,"[PREMIUM]"
"60402826","2026-08-08 02:57:34.959","2026-08-17 03:03:36.893","60402826","2026-08-11 15:23:05.000","[PREMIUM]","371","WI - MILWAUKEE SOUTH","2026-08-17","MONDAY","1200","CDT","0","V",2017,"CHEVROLET","TRAVERSE","TRAVERSE","4DR SPORT UTILITY","WHITE","FRONT END",,"WI","BP","YES","E",149415,"A","[PREMIUM]",5544,"3.6L 6","FRONT WHEEL DRIVE","AUTOMATIC","GAS",6,"DEFAULT","Pure Sale","[PREMIUM]",,"FRANKLIN","WI","53132","USA","USD","[PREMIUM]","[PREMIUM]","I020",false,"[PREMIUM]","LS",false,false,"[PREMIUM]",,,,,,,,"[PREMIUM]"
"60085176","2026-08-08 02:57:34.921","2026-08-17 03:03:36.794","60085176","2026-08-10 21:28:01.000","[PREMIUM]","371","WI - MILWAUKEE SOUTH","2026-08-17","MONDAY","1200","CDT","0","V",2019,"TOYOTA","PRIUS","PRIUS","HATCHBACK","TURQUOISE","FRONT END","REAR END","WI","CT","YES","D",83249,"A","[PREMIUM]",14733.8,"1.8L 4","ALL WHEEL DRIVE","AUTOMATIC","ELECTRIC AND GAS HYBRID",4,"Run & Drive Verified","Pure Sale","[PREMIUM]",,"FRANKLIN","WI","53132","USA","USD","[PREMIUM]","[PREMIUM]","A070",false,"[PREMIUM]","XLE AWD-E",false,false,"[PREMIUM]",,,,,,,,"[PREMIUM]"
"60061456","2026-08-08 02:57:34.914","2026-08-17 03:03:36.791","60061456","2026-08-10 15:33:18.000","[PREMIUM]","371","WI - MILWAUKEE SOUTH","2026-08-17","MONDAY","1200","CDT","0","V",2024,"KIA","FORTE LXS","FORTE","SEDAN","BLUE","FRONT END",,"WI","BP","NO","E",24438,"A","[PREMIUM]",26062.54,"2.0L 4","FRONT WHEEL DRIVE","AUTOMATIC","GAS",4,"DEFAULT","Pure Sale","[PREMIUM]",,"FRANKLIN","WI","53132","USA","USD","[PREMIUM]","[PREMIUM]","1SA03",false,"[PREMIUM]","LXS",false,false,"[PREMIUM]",,,,,,,,"[PREMIUM]"
"60376426","2026-08-08 02:57:34.914","2026-08-17 03:03:36.893","60376426","2026-08-10 19:20:09.000","[PREMIUM]","371","WI - MILWAUKEE SOUTH","2026-08-17","MONDAY","1200","CDT","0","V",2025,"HONDA","CRV","CR-V","SPORT UTILITY VEHICLE","SILVER","FRONT END","SIDE","WI","IC","YES","D",16475,"A","[PREMIUM]",20347,"2.0L 4","ALL WHEEL DRIVE","AUTOMATIC","ELECTRIC AND GAS HYBRID",4,"Run & Drive Verified","On Minimum Bid","[PREMIUM]",,"FRANKLIN","WI","53132","USA","USD","[PREMIUM]","[PREMIUM]","A070",false,"[PREMIUM]","SPORT-L",false,false,"[PREMIUM]",,,,,,,,"[PREMIUM]"
"60372146","2026-08-08 02:57:34.899","2026-08-17 03:03:36.888","60372146","2026-08-10 17:18:42.000","[PREMIUM]","371","WI - MILWAUKEE SOUTH","2026-08-17","MONDAY","1200","CDT","0","V",2021,"TOYOTA","RAV4","RAV4","SPORT UTILITY VEHICLE","GRAY","SIDE","FRONT END","WI","SC","YES","E",89308,"A","[PREMIUM]",20668.27,"2.5L 4","ALL WHEEL DRIVE","AUTOMATIC","ELECTRIC AND GAS HYBRID",4,"DEFAULT","Pure Sale","[PREMIUM]",,"FRANKLIN","WI","53132","USA","USD","[PREMIUM]","[PREMIUM]","1D060",false,"[PREMIUM]","XSE",false,false,"[PREMIUM]",,,,,,,,"[PREMIUM]"
"60216986","2026-08-08 02:57:34.861","2026-08-17 03:03:36.860","60216986","2026-08-10 21:36:58.000","[PREMIUM]","371","WI - MILWAUKEE SOUTH","2026-08-17","MONDAY","1200","CDT","0","V",2025,"CHEVROLET","TAHOE","TAHOE","SPORT UTILITY VEHICLE","BLACK","SIDE",,"WI","IC","YES","D",4219,"A","[PREMIUM]",37436,"6.2L 8","4X4 W/REAR WHEEL DRV","AUTOMATIC","GAS",8,"Run & Drive Verified","On Minimum Bid","[PREMIUM]",,"FRANKLIN","WI","53132","USA","USD","[PREMIUM]","[PREMIUM]","1F070",false,"[PREMIUM]","K1500 HIGH COUNTRY",false,false,"[PREMIUM]",,,,,,,,"[PREMIUM]"
"59107886","2026-08-08 02:57:34.821","2026-08-17 03:03:36.585","59107886","2026-08-10 17:16:21.000","[PREMIUM]","371","WI - MILWAUKEE SOUTH","2026-08-17","MONDAY","1200","CDT","0","V",2017,"FORD","ESCAPE","ESCAPE","4DR SPORT UTILITY","WHITE","FRONT END",,"WI","CT","YES","D",156919,"A","[PREMIUM]",2564.55,"2.0L 4","4X4 W/FRONT WHL DRV","AUTOMATIC","GAS",4,"Run & Drive Verified","Pure Sale","[PREMIUM]",,"FRANKLIN","WI","53132","USA","USD","[PREMIUM]","[PREMIUM]","A010",false,"[PREMIUM]","TITANIUM",false,false,"[PREMIUM]",,,,,,,,"[PREMIUM]"
"59325756","2026-08-08 02:57:34.819","2026-08-17 03:03:36.615","59325756","2026-08-10 15:00:44.000","[PREMIUM]","371","WI - MILWAUKEE SOUTH","2026-08-17","MONDAY","1200","CDT","0","V",2019,"JEEP","COMPASS","COMPASS ALTITUDE 4WD","SPORT UTILITY VEHICLE","SILVER","FRONT END",,"WI","BP","YES","S",111663,"A","[PREMIUM]",11061.73,"2.4L 4","4X4 W/FRONT WHL DRV","AUTOMATIC","GAS",4,"Vehicle Starts","Pure Sale","[PREMIUM]",,"FRANKLIN","WI","53132","USA","USD","[PREMIUM]","[PREMIUM]","A070",false,"[PREMIUM]",,false,false,"[PREMIUM]",,,,,,,,"[PREMIUM]"
"59675806","2026-08-08 02:57:34.817","2026-08-21 23:51:41.042","59675806","2026-08-18 16:25:31.000","[PREMIUM]","371","WI - MILWAUKEE SOUTH","2026-08-24","MONDAY","1200","CDT","0","V",2011,"INFINITI","G37","G37 SEDAN","SEDAN","BLACK","REAR END",,"WI","BP","NO","E",0,"N","[PREMIUM]",18439.73,"3.7L 6","ALL WHEEL DRIVE","AUTOMATIC","GAS",6,"DEFAULT","On Minimum Bid","[PREMIUM]",,"FRANKLIN","WI","53132","USA","USD","[PREMIUM]","[PREMIUM]","1D040",false,"[PREMIUM]","X",false,false,"[PREMIUM]",,,,,,,,"[PREMIUM]"
"59719806","2026-08-08 02:57:34.813","2026-08-17 03:03:36.712","59719806","2026-08-11 17:53:08.000","[PREMIUM]","371","WI - MILWAUKEE SOUTH","2026-08-17","MONDAY","1200","CDT","0","V",2018,"FORD","EXPLORER","EXPLORER","SPORT UTILITY VEHICLE","BURGUNDY","REAR END",,"WI","BP","YES","D",118185,"A","[PREMIUM]",24099.11,"3.5L 6","4X4 W/FRONT WHL DRV","AUTOMATIC","GAS",6,"Run & Drive Verified","Pure Sale","[PREMIUM]",,"FRANKLIN","WI","53132","USA","USD","[PREMIUM]","[PREMIUM]","C020",false,"[PREMIUM]","LIMITED",false,false,"[PREMIUM]",,,,,,,,"[PREMIUM]"
"59254626","2026-08-08 02:57:34.810","2026-08-17 03:03:36.618","59254626","2026-08-10 17:10:53.000","[PREMIUM]","371","WI - MILWAUKEE SOUTH","2026-08-17","MONDAY","1200","CDT","0","V",2017,"TOYOTA","RAV4","RAV4","4DR SPORT UTILITY","PURPLE","REAR END","SIDE","WI","CT","YES","D",166378,"A","[PREMIUM]",9988.94,"2.5L 4","ALL WHEEL DRIVE","AUTOMATIC","GAS",4,"Run & Drive Verified","On Minimum Bid","[PREMIUM]",,"FRANKLIN","WI","53132","USA","USD","[PREMIUM]","[PREMIUM]","1B060",false,"[PREMIUM]","XLE",false,false,"[PREMIUM]",,,,,,,,"[PREMIUM]"
"59155006","2026-08-08 02:57:34.810","2026-08-17 03:03:36.588","59155006","2026-08-10 18:47:57.000","[PREMIUM]","371","WI - MILWAUKEE SOUTH","2026-08-17","MONDAY","1200","CDT","0","V",2019,"CHEVROLET","EQUINOX","EQUINOX","SPORT UTILITY VEHICLE","BLACK","REAR END","SIDE","WI","CT","YES","D",82624,"A","[PREMIUM]",9971.65,"1.5L 4","FRONT WHEEL DRIVE","AUTOMATIC","GAS",4,"Run & Drive Verified","Pure Sale","[PREMIUM]",,"FRANKLIN","WI","53132","USA","USD","[PREMIUM]","[PREMIUM]","1C040",false,"[PREMIUM]","LS",false,false,"[PREMIUM]",,,,,,,,"[PREMIUM]"
"59892046","2026-08-08 02:57:34.806","2026-08-17 03:03:36.766","59892046","2026-08-11 15:22:21.000","[PREMIUM]","371","WI - MILWAUKEE SOUTH","2026-08-17","MONDAY","1200","CDT","0","V",2017,"CHEVROLET","MALIBU","MALIBU","SEDAN 4DR","BLACK","FRONT END","SIDE","WI","BP","YES","D",48640,"A","[PREMIUM]",16703.48,"1.5L 4","FRONT WHEEL DRIVE","AUTOMATIC","GAS",4,"Run & Drive Verified","Pure Sale","[PREMIUM]",,"FRANKLIN","WI","53132","USA","USD","[PREMIUM]","[PREMIUM]","C030",false,"[PREMIUM]","LT",false,false,"[PREMIUM]",,,,,,,,"[PREMIUM]"
"58969046","2026-08-08 02:57:34.786","2026-08-17 03:03:36.550","58969046","2026-08-14 19:51:16.000","[PREMIUM]","371","WI - MILWAUKEE SOUTH","2026-08-17","MONDAY","1200","CDT","0","V",2022,"RAM","1500","1500","PICKUP","WHITE","FRONT END",,"WI","IC","YES","D",70157,"A","[PREMIUM]",20837.25,"5.7L 8","4X4 W/REAR WHEEL DRV","AUTOMATIC","GAS",8,"Run & Drive Verified","On Minimum Bid","[PREMIUM]",,"FRANKLIN","WI","53132","USA","USD","[PREMIUM]","[PREMIUM]","A110",false,"[PREMIUM]","REBEL",false,false,"[PREMIUM]",,,,,,,,"[PREMIUM]"
"58803806","2026-08-08 02:57:34.780","2026-08-17 03:03:36.482","58803806","2026-08-11 13:27:42.000","[PREMIUM]","371","WI - MILWAUKEE SOUTH","2026-08-17","MONDAY","1200","CDT","0","V",2017,"DODGE","DURANGO","DURANGO","4DR SPORT UTILITY","BLACK","FRONT END",,"WI","BP","YES","D",222140,"A","[PREMIUM]",10960.17,"3.6L 6","ALL WHEEL DRIVE","AUTOMATIC","FLEXIBLE",6,"Run & Drive Verified","Pure Sale","[PREMIUM]",,"FRANKLIN","WI","53132","USA","USD","[PREMIUM]","[PREMIUM]","D120",false,"[PREMIUM]","SXT",false,false,"[PREMIUM]",,,,,,,,"[PREMIUM]"
"58942216","2026-08-08 02:57:34.777","2026-08-19 21:07:47.279","58942216","2026-08-18 15:38:25.000","[PREMIUM]","371","WI - MILWAUKEE SOUTH","2026-08-24","MONDAY","1200","CDT","0","V",2021,"JEEP","CHEROKEE","GRAND CHEROKEE","SPORT UTILITY VEHICLE","BLUE","SIDE",,"WI","SC","YES","D",89504,"A","[PREMIUM]",12667,"3.6L 6","4X4 W/REAR WHEEL DRV","AUTOMATIC","FLEXIBLE",6,"Run & Drive Verified","On Minimum Bid","[PREMIUM]",,"FRANKLIN","WI","53132","USA","USD","[PREMIUM]","[PREMIUM]","E050",false,"[PREMIUM]","LIMITED",false,false,"[PREMIUM]",,,,,,,,"[PREMIUM]"
"58755526","2026-08-08 02:57:34.777","2026-08-17 03:03:36.449","58755526","2026-08-10 21:21:34.000","[PREMIUM]","371","WI - MILWAUKEE SOUTH","2026-08-17","MONDAY","1200","CDT","0","V",2021,"FORD","F150","F150","PICKUP","BLACK","FRONT END","SIDE","WI","SC","YES","D",122357,"A","[PREMIUM]",25347.82,"3.5L 6","4X4 W/REAR WHEEL DRV","AUTOMATIC","GAS",6,"Run & Drive Verified","On Approval","[PREMIUM]",,"FRANKLIN","WI","53132","USA","USD","[PREMIUM]","[PREMIUM]","1E010",false,"[PREMIUM]","SUPERCREW",false,false,"[PREMIUM]",,,,,,,,"[PREMIUM]"
"58697896","2026-08-08 02:57:34.770","2026-08-17 03:03:36.468","58697896","2026-08-11 15:38:19.000","[PREMIUM]","371","WI - MILWAUKEE SOUTH","2026-08-17","MONDAY","1200","CDT","0","V",2021,"SUBARU","CROSSTREK","CROSSTREK","SPORT UTILITY VEHICLE","BLUE","SIDE",,"WI","SC","YES","D",73684,"A","[PREMIUM]",19274,"2.5L 4","ALL WHEEL DRIVE","AUTOMATIC","GAS",4,"Run & Drive Verified","On Minimum Bid","[PREMIUM]",,"FRANKLIN","WI","53132","USA","USD","[PREMIUM]","[PREMIUM]","J040",false,"[PREMIUM]","LIMITED",false,false,"[PREMIUM]",,,,,,,,"[PREMIUM]"
"58741386","2026-08-08 02:57:34.768","2026-08-17 03:03:36.477","58741386","2026-08-11 16:55:31.000","[PREMIUM]","371","WI - MILWAUKEE SOUTH","2026-08-17","MONDAY","1200","CDT","0","V",2014,"KIA","SORENTO","SORENTO","4DR SPORT UTILITY","BLACK","BURN",,"WI","BP","EXM","E",0,"N","[PREMIUM]",4282,"2.4L 4","FRONT WHEEL DRIVE","AUTOMATIC","GAS",4,"DEFAULT","Pure Sale","[PREMIUM]",,"FRANKLIN","WI","53132","USA","USD","[PREMIUM]","[PREMIUM]","SC001",false,"[PREMIUM]","LX",false,false,"[PREMIUM]",,,,,,,,"[PREMIUM]"
"58431116","2026-08-08 02:57:34.761","2026-08-17 03:03:36.378","58431116","2026-08-11 11:58:44.000","[PREMIUM]","371","WI - MILWAUKEE SOUTH","2026-08-17","MONDAY","1200","CDT","0","V",2015,"JEEP","CHEROKEE","CHEROKEE","4DR SPORT UTILITY","GREEN","FRONT END",,"WI","BP","YES","D",121786,"A","[PREMIUM]",9690.87,"3.2L 6","4X4 W/FRONT WHL DRV","AUTOMATIC","FLEXIBLE",6,"Run & Drive Verified","Pure Sale","[PREMIUM]",,"FRANKLIN","WI","53132","USA","USD","[PREMIUM]","[PREMIUM]","C020",false,"[PREMIUM]","LATITUDE",false,false,"[PREMIUM]",,,,,,,,"[PREMIUM]"
"58144076","2026-08-08 02:57:34.752","2026-08-17 03:03:36.299","58144076","2026-08-11 14:51:36.000","[PREMIUM]","371","WI - MILWAUKEE SOUTH","2026-08-17","MONDAY","1200","CDT","0","V",2012,"FORD","ESCAPE","ESCAPE","4DR SPORT UTILITY","BLUE","HAIL",,"WI","BP","YES","D",186584,"A","[PREMIUM]",3509.62,"2.5L 4","FRONT WHEEL DRIVE","AUTOMATIC","GAS",4,"Run & Drive Verified","Pure Sale","[PREMIUM]",,"FRANKLIN","WI","53132","USA","USD","[PREMIUM]","[PREMIUM]","G040",false,"[PREMIUM]","XLT",false,false,"[PREMIUM]",,,,,,,,"[PREMIUM]"
"57884276","2026-08-08 02:57:34.175","2026-08-12 08:33:57.447","57884276","2026-08-10 21:01:19.000","[PREMIUM]","835","MEDIUM DUTY SPECIALTY SALE","2026-08-12","WEDNESDAY","1100","CDT","0","K",2023,"FORD","TRANSIT","TRANSIT","VAN CARGO","WHITE","FRONT END",,"WI","SC","YES","D",44296,"A","[PREMIUM]",21939,"3.5L 6","REAR WHEEL DRIVE","AUTOMATIC","GAS",6,"Run & Drive Verified","On Minimum Bid","[PREMIUM]",,"FRANKLIN","WI","53132","USA","USD","[PREMIUM]","[PREMIUM]","1A080",false,"[PREMIUM]","T-150",false,false,"[PREMIUM]",,,,,,,,"[PREMIUM]"
"57628276","2026-08-08 02:57:34.153","2026-08-17 03:03:36.187","57628276","2026-08-10 15:04:35.000","[PREMIUM]","371","WI - MILWAUKEE SOUTH","2026-08-17","MONDAY","1200","CDT","0","V",2024,"TOYOTA","COROLLA","COROLLA","SEDAN","SILVER","REAR END",,"WI","BP","YES","D",51726,"A","[PREMIUM]",20534.39,"2.0L 4","FRONT WHEEL DRIVE","AUTOMATIC","GAS",4,"Run & Drive Verified","Pure Sale","[PREMIUM]",,"FRANKLIN","WI","53132","USA","USD","[PREMIUM]","[PREMIUM]","A010",false,"[PREMIUM]","LE",false,false,"[PREMIUM]",,,,,,,,"[PREMIUM]"
"57518616","2026-08-08 02:57:34.072","2026-08-11 08:31:49.924","57518616","2026-08-07 21:52:40.000","[PREMIUM]","371","WI - MILWAUKEE SOUTH",,,,"CDT","0","V",2023,"MAZDA","CX-5","CX-5","SPORT UTILITY VEHICLE","WHITE","FRONT END","SIDE","WI","CT","NO","E",0,"N","[PREMIUM]",21187,"2.5L 4","ALL WHEEL DRIVE","AUTOMATIC","GAS",4,"DEFAULT","Pure Sale","[PREMIUM]",,"FRANKLIN","WI","53132","USA","USD","[PREMIUM]","[PREMIUM]","A020",false,"[PREMIUM]",,false,false,"[PREMIUM]",,,,,,,,"[PREMIUM]"
"57546976","2026-08-08 02:57:34.068","2026-08-17 03:03:36.186","57546976","2026-08-10 21:27:01.000","[PREMIUM]","371","WI - MILWAUKEE SOUTH","2026-08-17","MONDAY","1200","CDT","0","V",2020,"FORD","EXPLORER","EXPLORER","SPORT UTILITY VEHICLE","GRAY","FRONT END",,"WI","IC","YES","D",93443,"A","[PREMIUM]",12414.51,"2.3L 4","4X4 W/REAR WHEEL DRV","AUTOMATIC","GAS",4,"Run & Drive Verified","Pure Sale","[PREMIUM]",,"FRANKLIN","WI","53132","USA","USD","[PREMIUM]","[PREMIUM]","1D070",false,"[PREMIUM]","XLT",false,false,"[PREMIUM]",,,,,,,,"[PREMIUM]"
"57436926","2026-08-08 02:57:34.046","2026-08-17 03:03:36.130","57436926","2026-08-12 14:24:34.000","[PREMIUM]","371","WI - MILWAUKEE SOUTH","2026-08-17","MONDAY","1200","CDT","0","V",2012,"HONDA","ACCORD","ACCORD","SEDAN 4DR","BLACK","FRONT END",,"FL","RB","YES","D",250983,"A","[PREMIUM]",4120,"2.4L 4","FRONT WHEEL DRIVE","AUTOMATIC","GAS",4,"Run & Drive Verified","Pure Sale","[PREMIUM]",,"FRANKLIN","WI","53132","USA","USD","[PREMIUM]","[PREMIUM]","E060",false,"[PREMIUM]","LX",false,false,"[PREMIUM]",,,,,,,,"[PREMIUM]"
"56341296","2026-08-08 02:57:33.847","2026-08-17 03:03:35.927","56341296","2026-08-10 14:07:29.000","[PREMIUM]","371","WI - MILWAUKEE SOUTH","2026-08-17","MONDAY","1200","CDT","0","V",2010,"TOYOTA","SIENNA XLE","SIENNA",,"BLACK","FRONT END",,"WI","BP","YES","D",166369,"E","[PREMIUM]",9000,,,"AUTOMATIC",,,"Run & Drive Verified","Pure Sale","[PREMIUM]",,"FRANKLIN","WI","53132","USA","USD","[PREMIUM]","[PREMIUM]","A080",false,"[PREMIUM]","XLE",false,false,"[PREMIUM]",,,,,,,,"[PREMIUM]"
"55113576","2026-08-08 02:57:33.652","2026-08-17 03:03:35.838","55113576","2026-08-14 18:36:29.000","[PREMIUM]","371","WI - MILWAUKEE SOUTH","2026-08-17","MONDAY","1200","CDT","0","V",2022,"CHEVROLET","TRAX","TRAX","SPORT UTILITY VEHICLE","TAN","FRONT END","SIDE","WI","SC","NO","E",11059,"A","[PREMIUM]",16589,"1.4L 4","ALL WHEEL DRIVE","AUTOMATIC","GAS",4,"DEFAULT","On Minimum Bid","[PREMIUM]",,"FRANKLIN","WI","53132","USA","USD","[PREMIUM]","[PREMIUM]","G030",false,"[PREMIUM]","1LT",false,false,"[PREMIUM]",,,,,,,,"[PREMIUM]"
"54921516","2026-08-08 02:57:33.643","2026-08-17 03:03:35.839","54921516","2026-08-11 17:48:53.000","[PREMIUM]","371","WI - MILWAUKEE SOUTH","2026-08-17","MONDAY","1200","CDT","0","V",2017,"CHEVROLET","MALIBU","MALIBU","SEDAN 4DR","GRAY","HAIL",,"PA","SC","YES","D",60482,"A","[PREMIUM]",11537.06,"1.5L 4","FRONT WHEEL DRIVE","AUTOMATIC","GAS",4,"Run & Drive Verified","Pure Sale","[PREMIUM]",,"FRANKLIN","WI","53132","USA","USD","[PREMIUM]","[PREMIUM]","F050",false,"[PREMIUM]","LT",false,false,"[PREMIUM]",,,,,,,,"[PREMIUM]"
"54833186","2026-08-08 02:57:33.603","2026-08-17 03:03:35.821","54833186","2026-08-14 19:51:16.000","[PREMIUM]","371","WI - MILWAUKEE SOUTH","2026-08-17","MONDAY","1200","CDT","0","V",2015,"BMW","3 SERIES","328","SEDAN 4DR","CHARCOAL","HAIL",,"WI","CT","YES","D",101913,"A","[PREMIUM]",8323.32,"2.0L 4","REAR WHEEL DRIVE","AUTOMATIC","GAS",4,"Run & Drive Verified","Pure Sale","[PREMIUM]",,"FRANKLIN","WI","53132","USA","USD","[PREMIUM]","[PREMIUM]","C050",false,"[PREMIUM]","I",false,false,"[PREMIUM]",,,,,,,,"[PREMIUM]"
"53965526","2026-08-08 02:57:33.561","2026-08-17 03:03:35.700","53965526","2026-08-10 19:06:45.000","[PREMIUM]","371","WI - MILWAUKEE SOUTH","2026-08-17","MONDAY","1200","CDT","0","V",2023,"TOYOTA","CAMRY","CAMRY","SEDAN","BLACK","FRONT END","REAR END","WI","SC","YES","D",72946,"A","[PREMIUM]",15407.9,"2.5L 4","FRONT WHEEL DRIVE","AUTOMATIC","GAS",4,"Run & Drive Verified","Pure Sale","[PREMIUM]",,"FRANKLIN","WI","53132","USA","USD","[PREMIUM]","[PREMIUM]","A070",false,"[PREMIUM]","SE",false,false,"[PREMIUM]",,,,,,,,"[PREMIUM]"
"54700846","2026-08-08 02:57:33.535","2026-08-17 03:03:35.759","54700846","2026-08-10 15:02:26.000","[PREMIUM]","371","WI - MILWAUKEE SOUTH","2026-08-17","MONDAY","1200","CDT","0","V",2020,"NISSAN","ROGUE","ROGUE","WAGON","BLACK","SIDE",,"WI","BP","YES","D",65632,"A","[PREMIUM]",16207,"2.5L 4","ALL WHEEL DRIVE","AUTOMATIC","GAS",4,"Run & Drive Verified","Pure Sale","[PREMIUM]",,"FRANKLIN","WI","53132","USA","USD","[PREMIUM]","[PREMIUM]","1E070",false,"[PREMIUM]","SV",false,false,"[PREMIUM]",,,,,,,,"[PREMIUM]"
"53761836","2026-08-08 02:57:33.479","2026-08-21 23:51:40.300","53761836","2026-08-18 15:00:12.000","[PREMIUM]","371","WI - MILWAUKEE SOUTH","2026-08-24","MONDAY","1200","CDT","0","V",2021,"FORD","ESCAPE","ESCAPE","SPORT UTILITY VEHICLE","WHITE","FRONT END","SIDE","WI","SC","YES","D",102154,"A","[PREMIUM]",15663,"1.5L 3","4X4 W/FRONT WHL DRV","AUTOMATIC","GAS",3,"Run & Drive Verified","On Minimum Bid","[PREMIUM]",,"FRANKLIN","WI","53132","USA","USD","[PREMIUM]","[PREMIUM]","G030",false,"[PREMIUM]","SEL",false,false,"[PREMIUM]",,,,,,,,"[PREMIUM]"
"52944846","2026-08-08 02:57:33.421","2026-08-17 03:03:35.647","52944846","2026-08-14 19:51:15.000","[PREMIUM]","371","WI - MILWAUKEE SOUTH","2026-08-17","MONDAY","1200","CDT","0","V",2015,"HONDA","CRV","CR-V","4DR SPORT UTILITY","BLACK","HAIL","REAR END","WI","CT","YES","E",130839,"A","[PREMIUM]",5852.03,"2.4L 4","ALL WHEEL DRIVE","AUTOMATIC","GAS",4,"DEFAULT","Pure Sale","[PREMIUM]",,"FRANKLIN","WI","53132","USA","USD","[PREMIUM]","[PREMIUM]","C110",false,"[PREMIUM]","EXL",false,false,"[PREMIUM]",,,,,,,,"[PREMIUM]"
"52098696","2026-08-08 02:57:33.410","2026-08-17 03:03:35.556","52098696","2026-08-14 19:51:15.000","[PREMIUM]","371","WI - MILWAUKEE SOUTH","2026-08-17","MONDAY","1200","CDT","0","V",2017,"KIA","SPORTAGE","SPORTAGE","4DR SPORT UTILITY","BLACK","HAIL",,"WI","CT","YES","D",68352,"A","[PREMIUM]",12408.22,"2.0L 4","ALL WHEEL DRIVE","AUTOMATIC","GAS",4,"Run & Drive Verified","Pure Sale","[PREMIUM]",,"FRANKLIN","WI","53132","USA","USD","[PREMIUM]","[PREMIUM]","J030",false,"[PREMIUM]","SX",false,false,"[PREMIUM]",,,,,,,,"[PREMIUM]"
"50491776","2026-08-08 02:57:33.313","2026-08-22 17:49:38.024","50491776","2026-08-07 23:01:53.000","[PREMIUM]","371","WI - MILWAUKEE SOUTH",,,,"CDT","0","V",2016,"FORD","EDGE","EDGE","4DR SPORT UTILITY","BLUE","REAR END",,"IL","SC","YES","D",147096,"A","[PREMIUM]",5651,"3.5L 6","ALL WHEEL DRIVE","AUTOMATIC","GAS",6,"Run & Drive Verified","Pure Sale","[PREMIUM]",,"FRANKLIN","WI","53132","USA","USD","[PREMIUM]","[PREMIUM]","C030",false,"[PREMIUM]","SEL",false,false,"[PREMIUM]",,,,,,,,"[PREMIUM]"
"47355756","2026-08-08 02:57:33.254","2026-08-10 02:58:31.074","47355756","2026-08-07 20:49:53.000","[PREMIUM]","371","WI - MILWAUKEE SOUTH","2026-08-10","MONDAY","1200","CDT","0","V",2004,"TOYOTA","AVALON","AVALON","SEDAN","GRAY","REAR END",,"WI","BP","YES","D",119090,"E","[PREMIUM]",9912.27,"3.0L 6","FRONT WHEEL DRIVE","AUTOMATIC","GAS",6,"Run & Drive Verified","On Minimum Bid","[PREMIUM]",,"FRANKLIN","WI","53132","USA","USD","[PREMIUM]","[PREMIUM]","1E050",false,"[PREMIUM]","XLS",false,false,"[PREMIUM]",,,,,,,,"[PREMIUM]"
"85627755","2026-08-08 02:57:32.798","2026-08-22 17:49:37.704","85627755","2026-08-07 23:01:53.000","[PREMIUM]","370","IN - DYER",,,,"CDT","0","V",2022,"JEEP","GRAND CHER","GRAND CHEROKEE","SPORT UTILITY VEHICLE","GRAY","FRONT END","SIDE","IL","SC","YES","E",77009,"A","[PREMIUM]",22408.74,"2.0L 4","4X4 W/REAR WHEEL DRV","AUTOMATIC","ELECTRIC AND GAS HYBRID",4,"DEFAULT","Pure Sale","[PREMIUM]",,"DYER","IN","46311","USA","USD","[PREMIUM]","[PREMIUM]","B210",false,"[PREMIUM]","SUMMIT 4XE",false,false,"[PREMIUM]",,,,,,,,"[PREMIUM]"
"63625396","2026-08-08 02:57:32.458","2026-08-22 17:49:37.003","63625396","2026-08-20 01:58:36.000","[PREMIUM]","370","IN - DYER","2026-08-24","MONDAY","1200","CDT","0","K",2021,"FRHT","ALL OTHER","CHASSIS","INCOMPLETE (STRIP CHASSIS)","BLUE","NORMAL WEAR",,"IN","CT","YES","D",78840,"A","[PREMIUM]",0,"6.0L 8",,"AUTOMATIC","GAS",8,"Run & Drive Verified","On Minimum Bid","[PREMIUM]",,"DYER","IN","46311","USA","USD","[PREMIUM]","[PREMIUM]","HV001",true,"[PREMIUM]","M LINE WALK-IN VAN",false,false,"[PREMIUM]",,,,,,,,"[PREMIUM]"
"63209826","2026-08-08 02:57:32.423","2026-08-22 17:49:36.887","63209826","2026-08-10 15:27:12.000","[PREMIUM]","370","IN - DYER",,,,"CDT","0","V",2005,"NISSAN","MAXIMA","MAXIMA","SEDAN","SILVER","FRONT END","MINOR DENT/SCRATCHES","IN","ST","YES","D",121067,"A","[PREMIUM]",3312,"3.5L 6","FRONT WHEEL DRIVE","AUTOMATIC","GAS",6,"Run & Drive Verified","Pure Sale","[PREMIUM]",,"DYER","IN","46311","USA","USD","[PREMIUM]","[PREMIUM]","M200",false,"[PREMIUM]","3.5 SE",false,false,"[PREMIUM]",,,,,,,,"[PREMIUM]"
"61445166","2026-08-08 02:57:31.908","2026-08-18 15:02:00.209","61445166","2026-08-18 10:00:48.000","[PREMIUM]","833","HEAVY-TRAILER-RV CLEAN SALE","2026-08-18","TUESDAY","1100","CDT","232","U",2021,"FREIGHTLINER","ALL OTHER","CASCADIA 126","TRACTOR TRUCK","WHITE","SIDE",,"IL","CT","YES","E",0,"N","[PREMIUM]",0,"14.8L 6","REAR WHEEL DRIVE","AUTOMATIC","DIESEL",6,"DEFAULT","On Minimum Bid","[PREMIUM]",,"DYER","IN","46311","USA","USD","[PREMIUM]","[PREMIUM]","HV003",true,"[PREMIUM]",,false,false,"[PREMIUM]",,,,,,,,"[PREMIUM]"
"59335776","2026-08-08 02:57:31.165","2026-08-22 17:49:35.278","59335776","2026-08-07 22:59:25.000","[PREMIUM]","370","IN - DYER",,,,"CDT","0","V",2018,"CHEVROLET","EQUINOX","EQUINOX","SPORT UTILITY VEHICLE","GRAY","SIDE",,"IL","SC","YES","D",125444,"A","[PREMIUM]",0,"1.5L 4","FRONT WHEEL DRIVE","AUTOMATIC","GAS",4,"Run & Drive Verified","Pure Sale","[PREMIUM]",,"DYER","IN","46311","USA","USD","[PREMIUM]","[PREMIUM]","A070",false,"[PREMIUM]","LS",false,false,"[PREMIUM]",,,,,,,,"[PREMIUM]"
"58618936","2026-08-08 02:57:30.673","2026-08-17 03:03:32.831","58618936","2026-08-11 14:47:46.000","[PREMIUM]","370","IN - DYER","2026-08-17","MONDAY","1200","CDT","0","V",2020,"CHEVROLET","TRAX","TRAX","SPORT UTILITY VEHICLE","BLACK","REAR END",,"IN","ST","YES","D",84348,"A","[PREMIUM]",10480.3,"1.4L 4","ALL WHEEL DRIVE","AUTOMATIC","GAS",4,"Run & Drive Verified","Pure Sale","[PREMIUM]",,"DYER","IN","46311","USA","USD","[PREMIUM]","[PREMIUM]","C100",false,"[PREMIUM]","1LT",false,false,"[PREMIUM]",,,,,,,,"[PREMIUM]"
"58464486","2026-08-08 02:57:30.582","2026-08-22 17:49:34.715","58464486","2026-08-11 13:08:14.000","[PREMIUM]","370","IN - DYER",,,,"CDT","0","V",2018,"BMW","7 SERIES","750","SEDAN","WHITE","REAR END",,"IL","SC","YES","D",146945,"A","[PREMIUM]",8453.32,"4.4L 8","REAR WHEEL DRIVE","AUTOMATIC","GAS",8,"Run & Drive Verified","Pure Sale","[PREMIUM]",,"DYER","IN","46311","USA","USD","[PREMIUM]","[PREMIUM]","B010",false,"[PREMIUM]","I",false,false,"[PREMIUM]",,,,,,,,"[PREMIUM]"
"57930386","2026-08-08 02:57:30.203","2026-08-22 17:49:34.427","57930386","2026-08-07 23:01:00.000","[PREMIUM]","370","IN - DYER",,,,"CDT","0","V",2019,"VOLKSWAGEN","JETTA","JETTA","SEDAN","SILVER","SIDE",,"IL","SC","YES","E",37282,"A","[PREMIUM]",0,"1.4L 4","FRONT WHEEL DRIVE","AUTOMATIC","GAS",4,"DEFAULT","Pure Sale","[PREMIUM]",,"DYER","IN","46311","USA","USD","[PREMIUM]","[PREMIUM]","D220",false,"[PREMIUM]","S",false,false,"[PREMIUM]",,,,,,,,"[PREMIUM]"
"57847026","2026-08-08 02:57:30.170","2026-08-22 17:49:34.375","57847026","2026-08-07 23:06:29.000","[PREMIUM]","370","IN - DYER",,,,"CDT","0","V",2023,"JEEP","GRAND CHER","GRAND CHEROKEE","SPORT UTILITY VEHICLE","BLACK","FRONT END","SIDE","IL","SC","YES","E",8905,"A","[PREMIUM]",36064.38,"3.6L 6","4X4 W/REAR WHEEL DRV","AUTOMATIC","GAS",6,"DEFAULT","Pure Sale","[PREMIUM]",,"DYER","IN","46311","USA","USD","[PREMIUM]","[PREMIUM]","M010",false,"[PREMIUM]","L LIMITED",false,false,"[PREMIUM]",,,,,,,,"[PREMIUM]"
"57529306","2026-08-08 02:57:29.835","2026-08-22 17:49:34.003","57529306","2026-08-07 21:20:52.000","[PREMIUM]","370","IN - DYER",,,,"CDT","0","V",2014,"FORD","CMAX","C-MAX","HATCHBACK 4DR","WHITE","FRONT END",,"IN","ST","NO","E",0,"N","[PREMIUM]",0,"2.0L 4","FRONT WHEEL DRIVE","AUTOMATIC","ELECTRIC AND GAS HYBRID",4,"DEFAULT","Pure Sale","[PREMIUM]",,"DYER","IN","46311","USA","USD","[PREMIUM]","[PREMIUM]","D220",false,"[PREMIUM]",,false,false,"[PREMIUM]",,,,,,,,"[PREMIUM]"
"57042356","2026-08-08 02:57:29.607","2026-08-22 17:49:33.794","57042356","2026-08-10 13:13:39.000","[PREMIUM]","370","IN - DYER",,,,"CDT","0","V",2020,"MERCEDES-BENZ","GLA-CLASS","GLA","SPORT UTILITY VEHICLE","BLACK","FRONT END",,"IL","SC","YES","E",89512,"A","[PREMIUM]",8941.41,"2.0L 4","ALL WHEEL DRIVE","AUTOMATIC","GAS",4,"DEFAULT","Pure Sale","[PREMIUM]",,"DYER","IN","46311","USA","USD","[PREMIUM]","[PREMIUM]","M130",false,"[PREMIUM]","250 4MATIC",false,false,"[PREMIUM]",,,,,,,,"[PREMIUM]"
"57015936","2026-08-08 02:57:29.577","2026-08-22 17:49:33.654","57015936","2026-08-19 17:55:58.000","[PREMIUM]","370","IN - DYER","2026-08-24","MONDAY","1200","CDT","0","V",2019,"MITSUBISHI","OUTLANDER","OUTLANDER SPORT","SPORT UTILITY VEHICLE","SILVER","FRONT END","REAR END","IL","SC","YES","D",115064,"A","[PREMIUM]",7884.82,"2.0L 4","FRONT WHEEL DRIVE","AUTOMATIC","GAS",4,"Run & Drive Verified","Pure Sale","[PREMIUM]",,"DYER","IN","46311","USA","USD","[PREMIUM]","[PREMIUM]","C210",false,"[PREMIUM]","ES",false,false,"[PREMIUM]",,,,,,,,"[PREMIUM]"
"56716286","2026-08-08 02:57:29.440","2026-08-22 17:49:33.497","56716286","2026-08-07 21:26:18.000","[PREMIUM]","370","IN - DYER",,,,"CDT","0","V",2024,"MERCEDES-BENZ","EQE SUV AM","EQE SUV","SPORT UTILITY VEHICLE","GRAY","FRONT END","MINOR DENT/SCRATCHES","IL","SC","YES","E",0,"N","[PREMIUM]",97979,"0","ALL WHEEL DRIVE","AUTOMATIC","ELECTRIC",0,"DEFAULT","Pure Sale","[PREMIUM]",,"DYER","IN","46311","USA","USD","[PREMIUM]","[PREMIUM]","A110",false,"[PREMIUM]","AMG 4MATIC",false,false,"[PREMIUM]",,,,,,,,"[PREMIUM]"
"54627966","2026-08-08 02:57:28.466","2026-08-22 17:49:32.796","54627966","2026-08-21 21:43:07.000","[PREMIUM]","370","IN - DYER",,,,"CDT","0","V",2020,"PORSCHE","CAYENNE","CAYENNE","SPORT UTILITY VEHICLE","GRAY","FRONT END",,"IL","SC","YES","D",68745,"A","[PREMIUM]",20239.12,"3.0L 6","ALL WHEEL DRIVE","AUTOMATIC","GAS",6,"Run & Drive Verified","Pure Sale","[PREMIUM]",,"DYER","IN","46311","USA","USD","[PREMIUM]","[PREMIUM]","A190",false,"[PREMIUM]",,false,false,"[PREMIUM]",,,,,,,,"[PREMIUM]"
"53359976","2026-08-08 02:57:28.146","2026-08-22 17:49:32.463","53359976","2026-08-07 23:05:43.000","[PREMIUM]","370","IN - DYER",,,,"CDT","0","V",2016,"CHEVROLET","EQUINOX","EQUINOX","4DR SPORT UTILITY","WHITE","FRONT END",,"IL","SC","YES","E",84802,"A","[PREMIUM]",10470,"2.4L 4","ALL WHEEL DRIVE","AUTOMATIC","GAS",4,"DEFAULT","Pure Sale","[PREMIUM]",,"DYER","IN","46311","USA","USD","[PREMIUM]","[PREMIUM]","M060",false,"[PREMIUM]","LT",false,false,"[PREMIUM]",,,,,,,,"[PREMIUM]"
"85980475","2026-08-08 02:57:26.851","2026-08-21 23:51:30.152","85980475","2026-08-20 22:12:58.000","[PREMIUM]","369","KS - KANSAS CITY",,,,"CDT","0","V",2005,"JEEP","WRANGLER","WRANGLER / TJ","2DR SPORT UTILITY","BLACK","UNDERCARRIAGE","FRONT END","MO","SC","YES","D",168398,"E","[PREMIUM]",8003.19,"2.4L 4","4X4 W/REAR WHEEL DRV","MANUAL","GAS",4,"Run & Drive Verified","Pure Sale","[PREMIUM]",,"KANSAS CITY","KS","66111 2629","USA","USD","[PREMIUM]","[PREMIUM]","M130",false,"[PREMIUM]","SE",false,false,"[PREMIUM]",,,,,,,,"[PREMIUM]"
"85607975","2026-08-08 02:57:26.806","2026-08-20 17:44:14.401","85607975","2026-08-19 20:31:17.000","[PREMIUM]","369","KS - KANSAS CITY","2026-08-20","THURSDAY","1200","CDT","2028","V",2016,"VOLVO","XC90","XC90","4DR SPORT UTILITY","BLACK","FRONT END","REAR END","KS","ST","YES","D",96973,"A","[PREMIUM]",9358.97,"2.0L 4","ALL WHEEL DRIVE","AUTOMATIC","GAS",4,"Run & Drive Verified","On Minimum Bid","[PREMIUM]",,"KANSAS CITY","KS","66111 2629","USA","USD","[PREMIUM]","[PREMIUM]","D170",false,"[PREMIUM]","T6",false,false,"[PREMIUM]",,,,,,,,"[PREMIUM]"
"79122695","2026-08-08 02:57:26.700","2026-08-22 17:49:30.990","79122695","2026-08-21 19:07:18.000","[PREMIUM]","369","KS - KANSAS CITY","2026-08-25","TUESDAY","1200","CDT","0","V",2018,"CHEVROLET","EQUINOX","EQUINOX","SPORT UTILITY VEHICLE","WHITE","FRONT END","MECHANICAL","MO","SC","YES","S",120156,"A","[PREMIUM]",10681.59,"1.5L 4","FRONT WHEEL DRIVE","AUTOMATIC","GAS",4,"Vehicle Starts","Pure Sale","[PREMIUM]",,"KANSAS CITY","KS","66111 2629","USA","USD","[PREMIUM]","[PREMIUM]","L150",false,"[PREMIUM]","PREMIER",false,false,"[PREMIUM]",,,,,,,,"[PREMIUM]"
"74089775","2026-08-08 02:57:26.468","2026-08-22 17:49:30.874","74089775","2026-08-21 18:41:10.000","[PREMIUM]","369","KS - KANSAS CITY","2026-08-25","TUESDAY","1200","CDT","0","V",2012,"DODGE","CARAVAN","GRAND CARAVAN",,"SILVER","FRONT END",,"MO","SC","YES","D",409265,"A","[PREMIUM]",3868.13,"3.6L  6","Front-wheel Drive","AUTOMATIC","FLEXIBLE FUEL",6,"Run & Drive Verified","Pure Sale","[PREMIUM]",,"KANSAS CITY","KS","66111 2629","USA","USD","[PREMIUM]","[PREMIUM]","3F070",false,"[PREMIUM]","SXT",false,false,"[PREMIUM]",,,,,,,,"[PREMIUM]"
"68120485","2026-08-08 02:57:26.337","2026-08-22 17:49:30.797","68120485","2026-08-21 19:14:03.000","[PREMIUM]","369","KS - KANSAS CITY","2026-08-25","TUESDAY","1200","CDT","0","V",2011,"TOYOTA","HIGHLANDER","HIGHLANDER",,"GRAY","SIDE",,"MO","SC","YES","D",180769,"A","[PREMIUM]",6240,"3.5L  6","ALL WHEEL DRIVE","AUTOMATIC","GAS",6,"Run & Drive Verified","On Minimum Bid","[PREMIUM]",,"KANSAS CITY","KS","66111 2629","USA","USD","[PREMIUM]","[PREMIUM]","D040",false,"[PREMIUM]","BASE",false,false,"[PREMIUM]",,,,,,,,"[PREMIUM]"
"64320826","2026-08-08 02:57:26.317","2026-08-22 17:49:29.981","64320826","2026-08-20 19:24:46.000","[PREMIUM]","369","KS - KANSAS CITY","2026-08-25","TUESDAY","1200","CDT","0","V",2013,"CHEVROLET","EQUINOX","EQUINOX","4DR SPORT UTILITY","BEIGE","FRONT END",,"KS","ST","YES","D",170020,"A","[PREMIUM]",9709,"2.4L 4","FRONT WHEEL DRIVE","AUTOMATIC","GAS",4,"Run & Drive Verified","On Minimum Bid","[PREMIUM]",,"KANSAS CITY","KS","66111 2629","USA","USD","[PREMIUM]","[PREMIUM]","K150",false,"[PREMIUM]","LT",false,false,"[PREMIUM]",,,,,,,,"[PREMIUM]"
"64243076","2026-08-08 02:57:26.314","2026-08-22 17:49:29.866","64243076","2026-08-21 18:27:17.000","[PREMIUM]","369","KS - KANSAS CITY","2026-08-25","TUESDAY","1200","CDT","0","V",2016,"HYUNDAI","TUCSON","TUCSON","SUV","GRAY","SIDE",,"MO","SC","YES","E",0,"N","[PREMIUM]",7143.46,"2.0L 4","ALL WHEEL DRIVE","AUTOMATIC","GAS",4,"DEFAULT","Pure Sale","[PREMIUM]",,"KANSAS CITY","KS","66111 2629","USA","USD","[PREMIUM]","[PREMIUM]","F020",false,"[PREMIUM]","SE",false,false,"[PREMIUM]",,,,,,,,"[PREMIUM]"
"64485456","2026-08-08 02:57:26.311","2026-08-22 17:49:30.056","64485456","2026-08-21 18:27:36.000","[PREMIUM]","369","KS - KANSAS CITY","2026-08-25","TUESDAY","1200","CDT","0","V",2014,"KIA","SOUL BASE","SOUL","WAGON","WHITE","VANDALISM",,"MO","SC","YES","D",84043,"A","[PREMIUM]",4981.94,"1.6L 4","FRONT WHEEL DRIVE","AUTOMATIC","GAS",4,"Run & Drive Verified","Pure Sale","[PREMIUM]",,"KANSAS CITY","KS","66111 2629","USA","USD","[PREMIUM]","[PREMIUM]","N120",false,"[PREMIUM]","BASE",false,false,"[PREMIUM]",,,,,,,,"[PREMIUM]"
"64094676","2026-08-08 02:57:26.296","2026-08-22 17:49:29.802","64094676","2026-08-21 21:38:59.000","[PREMIUM]","369","KS - KANSAS CITY","2026-08-25","TUESDAY","1200","CDT","0","V",2018,"LEXUS","RX350","RX 350","SUV","BLUE","TOP/ROOF","REAR END","KS","ST","YES","D",82917,"A","[PREMIUM]",14785,"3.5L 6","ALL WHEEL DRIVE","AUTOMATIC","GAS",6,"Run & Drive Verified","On Minimum Bid","[PREMIUM]",,"KANSAS CITY","KS","66111 2629","USA","USD","[PREMIUM]","[PREMIUM]","C140",false,"[PREMIUM]","BASE",false,false,"[PREMIUM]",,,,,,,,"[PREMIUM]"
"64467276","2026-08-08 02:57:26.292","2026-08-22 17:49:30.031","64467276","2026-08-20 18:44:19.000","[PREMIUM]","369","KS - KANSAS CITY","2026-08-25","TUESDAY","1200","CDT","0","V",2014,"FORD","ESCAPE","ESCAPE","4DR SPORT UTILITY","SILVER","MECHANICAL",,"KS","CZ","YES","D",202007,"A","[PREMIUM]",0,"1.6L 4","FRONT WHEEL DRIVE","AUTOMATIC","GAS",4,"Run & Drive Verified","On Minimum Bid","[PREMIUM]",,"KANSAS CITY","KS","66111 2629","USA","USD","[PREMIUM]","[PREMIUM]","O150",true,"[PREMIUM]","SE",false,false,"[PREMIUM]",,,,,,,,"[PREMIUM]"
"64006036","2026-08-08 02:57:26.261","2026-08-22 17:49:29.741","64006036","2026-08-21 18:26:04.000","[PREMIUM]","369","KS - KANSAS CITY","2026-08-25","TUESDAY","1200","CDT","0","V",2009,"CHEVROLET","ALL Models","SILVERADO","4DR EXT CAB PICKUP","BLUE","FRONT END",,"MO","SC","YES","S",191632,"E","[PREMIUM]",10007.23,"6.0L 8","REAR WHEEL DRIVE","AUTOMATIC","GAS",8,"Vehicle Starts","Pure Sale","[PREMIUM]",,"KANSAS CITY","KS","66111 2629","USA","USD","[PREMIUM]","[PREMIUM]","K160",false,"[PREMIUM]","C1500 LT",false,false,"[PREMIUM]",,,,,,,,"[PREMIUM]"
"63930866","2026-08-08 02:57:26.193","2026-08-21 17:46:26.615","63930866","2026-08-07 21:47:22.000","[PREMIUM]","369","KS - KANSAS CITY",,,,"CDT","0","V",2020,"DODGE","DURANGO","DURANGO","SPORT UTILITY VEHICLE","SILVER","TOP/ROOF","FRONT END","MO","SC","YES","S",85599,"A","[PREMIUM]",21515.93,"3.6L 6","ALL WHEEL DRIVE","AUTOMATIC","FLEXIBLE",6,"Vehicle Starts","Pure Sale","[PREMIUM]",,"KANSAS CITY","KS","66111 2629","USA","USD","[PREMIUM]","[PREMIUM]","D080",false,"[PREMIUM]","SSV",false,false,"[PREMIUM]",,,,,,,,"[PREMIUM]"
"63918016","2026-08-08 02:57:26.190","2026-08-22 17:49:29.637","63918016","2026-08-20 02:15:42.000","[PREMIUM]","369","KS - KANSAS CITY","2026-08-25","TUESDAY","1200","CDT","0","V",2018,"TOYOTA","YARIS IA B","YARIS IA","SEDAN","WHITE","FRONT END","UNDERCARRIAGE","MO","CZ","YES","E",0,"N","[PREMIUM]",0,"1.5L 4","FRONT WHEEL DRIVE","AUTOMATIC","GAS",4,"DEFAULT","On Minimum Bid","[PREMIUM]",,"KANSAS CITY","KS","66111 2629","USA","USD","[PREMIUM]","[PREMIUM]","3C110",true,"[PREMIUM]","BASE",false,false,"[PREMIUM]",,,,,,,,"[PREMIUM]"
"63592316","2026-08-08 02:57:26.130","2026-08-22 17:49:29.523","63592316","2026-08-21 21:21:08.000","[PREMIUM]","369","KS - KANSAS CITY","2026-08-25","TUESDAY","1200","CDT","0","V",2013,"KIA","OPTIMA","OPTIMA","SEDAN 4DR","SILVER","SIDE",,"KS","ST","YES","D",118775,"A","[PREMIUM]",0,"2.4L 4","FRONT WHEEL DRIVE","AUTOMATIC","GAS",4,"Run & Drive Verified","On Minimum Bid","[PREMIUM]",,"KANSAS CITY","KS","66111 2629","USA","USD","[PREMIUM]","[PREMIUM]","C100",false,"[PREMIUM]","LX",false,false,"[PREMIUM]",,,,,,,,"[PREMIUM]"
"63589866","2026-08-08 02:57:26.121","2026-08-22 17:49:29.484","63589866","2026-08-21 18:37:16.000","[PREMIUM]","369","KS - KANSAS CITY","2026-08-25","TUESDAY","1200","CDT","0","V",2017,"CADILLAC","XT5","XT5","4DR SPORT UTILITY","WHITE","SIDE",,"MO","SC","YES","D",105123,"A","[PREMIUM]",11655,"3.6L 6","ALL WHEEL DRIVE","AUTOMATIC","GAS",6,"Run & Drive Verified","Pure Sale","[PREMIUM]",,"KANSAS CITY","KS","66111 2629","USA","USD","[PREMIUM]","[PREMIUM]","D110",false,"[PREMIUM]","PREMIUM LUXURY",false,false,"[PREMIUM]",,,,,,,,"[PREMIUM]"
"63679936","2026-08-08 02:57:26.119","2026-08-22 17:49:29.530","63679936","2026-08-21 19:07:06.000","[PREMIUM]","369","KS - KANSAS CITY","2026-08-27","THURSDAY","1200","CDT","0","V",2017,"AUDI","Q5","Q5","4DR SPORT UTILITY","GRAY","FRONT END","REAR END","MO","SC","YES","D",146862,"A","[PREMIUM]",13877.89,"3.0L 6","ALL WHEEL DRIVE","AUTOMATIC","GAS",6,"Run & Drive Verified","Pure Sale","[PREMIUM]",,"KANSAS CITY","KS","66111 2629","USA","USD","[PREMIUM]","[PREMIUM]","L110",false,"[PREMIUM]","PREMIUM PLUS S-LINE",false,false,"[PREMIUM]",,,,,,,,"[PREMIUM]"
"63601546","2026-08-08 02:57:26.104","2026-08-22 17:49:29.481","63601546","2026-08-21 21:26:44.000","[PREMIUM]","369","KS - KANSAS CITY","2026-08-25","TUESDAY","1200","CDT","0","V",2017,"FORD","F-150","F150","CREW PICKUP","BLACK","MINOR DENT/SCRATCHES",,"KS","ST","YES","D",103928,"A","[PREMIUM]",13031.51,"2.7L 6","4X4 W/REAR WHEEL DRV","AUTOMATIC","GAS",6,"Run & Drive Verified","On Minimum Bid","[PREMIUM]",,"KANSAS CITY","KS","66111 2629","USA","USD","[PREMIUM]","[PREMIUM]","J140",false,"[PREMIUM]","SUPERCREW",false,false,"[PREMIUM]",,,,,,,,"[PREMIUM]"
"63459526","2026-08-08 02:57:26.054","2026-08-22 17:49:29.372","63459526","2026-08-20 17:34:21.000","[PREMIUM]","369","KS - KANSAS CITY",,,,"CDT","0","V",2022,"VOLVO","XC40 P8 RE","XC40","SPORT UTILITY VEHICLE","WHITE","FRONT END","SIDE","KS","ST","YES","S",39981,"A","[PREMIUM]",19344.12,"U","ALL WHEEL DRIVE","AUTOMATIC","ELECTRIC",,"Vehicle Starts","Pure Sale","[PREMIUM]",,"KANSAS CITY","KS","66111 2629","USA","USD","[PREMIUM]","[PREMIUM]","N080",false,"[PREMIUM]","P8 RECHARGE ULTIMATE",false,false,"[PREMIUM]",,,,,,,,"[PREMIUM]"
"63383156","2026-08-08 02:57:26.011","2026-08-22 17:49:29.321","63383156","2026-08-07 21:40:39.000","[PREMIUM]","369","KS - KANSAS CITY",,,,"CDT","0","V",2013,"FORD","ESCAPE","ESCAPE","4DR SPORT UTILITY","BLACK","SIDE","FRONT END","KS","ST","YES","E",136503,"A","[PREMIUM]",11383.4,"1.6L 4","4X4 W/FRONT WHL DRV","AUTOMATIC","GAS",4,"DEFAULT","Pure Sale","[PREMIUM]",,"KANSAS CITY","KS","66111 2629","USA","USD","[PREMIUM]","[PREMIUM]","M100",false,"[PREMIUM]","SEL",false,false,"[PREMIUM]",,,,,,,,"[PREMIUM]"
"63320826","2026-08-08 02:57:25.985","2026-08-22 17:49:29.328","63320826","2026-08-21 21:30:27.000","[PREMIUM]","369","KS - KANSAS CITY","2026-08-25","TUESDAY","1200","CDT","0","V",2011,"HYUNDAI","SONATA","SONATA","SEDAN","RED","VANDALISM",,"KS","ST","YES","D",195443,"A","[PREMIUM]",0,"2.4L 4","FRONT WHEEL DRIVE","AUTOMATIC","GAS",4,"Run & Drive Verified","Pure Sale","[PREMIUM]",,"KANSAS CITY","KS","66111 2629","USA","USD","[PREMIUM]","[PREMIUM]","C080",false,"[PREMIUM]","GLS",false,false,"[PREMIUM]",,,,,,,,"[PREMIUM]"
"63240656","2026-08-08 02:57:25.960","2026-08-22 17:49:29.292","63240656","2026-08-20 21:33:36.000","[PREMIUM]","369","KS - KANSAS CITY",,,,"CDT","0","V",2020,"TESLA","MODEL 3","MODEL 3","SEDAN","BLUE","FRONT END","SIDE","MO","SC","YES","D",59262,"A","[PREMIUM]",15117.56,,"ALL WHEEL DRIVE","AUTOMATIC","ELECTRIC",,"Run & Drive Verified","Pure Sale","[PREMIUM]",,"KANSAS CITY","KS","66111 2629","USA","USD","[PREMIUM]","[PREMIUM]","ATV",false,"[PREMIUM]",,false,false,"[PREMIUM]",,,,,,,,"[PREMIUM]"
"63028086","2026-08-08 02:57:25.854","2026-08-22 17:49:29.109","63028086","2026-08-20 19:22:00.000","[PREMIUM]","369","KS - KANSAS CITY","2026-08-25","TUESDAY","1200","CDT","0","V",2018,"HYUNDAI","ELANTRA VA","ELANTRA","SEDAN","WHITE","SIDE","REAR END","KS","ST","YES","D",73053,"A","[PREMIUM]",21420,"2.0L 4","FRONT WHEEL DRIVE","AUTOMATIC","GAS",4,"Run & Drive Verified","Pure Sale","[PREMIUM]",,"KANSAS CITY","KS","66111 2629","USA","USD","[PREMIUM]","[PREMIUM]","N160",false,"[PREMIUM]","VALUE EDITION",false,false,"[PREMIUM]",,,,,,,,"[PREMIUM]"
"63020416","2026-08-08 02:57:25.832","2026-08-22 17:49:29.109","63020416","2026-08-21 21:48:30.000","[PREMIUM]","369","KS - KANSAS CITY","2026-08-25","TUESDAY","1200","CDT","0","V",2016,"GMC","SIERRA","SIERRA","CREW PICKUP","BROWN","FRONT END",,"KS","ST","YES","D",127755,"A","[PREMIUM]",0,"5.3L 8","4X4 W/REAR WHEEL DRV","AUTOMATIC","GAS",8,"Run & Drive Verified","On Minimum Bid","[PREMIUM]",,"KANSAS CITY","KS","66111 2629","USA","USD","[PREMIUM]","[PREMIUM]","J180",false,"[PREMIUM]","K1500 SLT",false,false,"[PREMIUM]",,,,,,,,"[PREMIUM]"
"62988446","2026-08-08 02:57:25.795","2026-08-22 17:49:29.079","62988446","2026-08-07 21:35:13.000","[PREMIUM]","369","KS - KANSAS CITY",,,,"CDT","0","V",2021,"MAZDA","CX-9","CX-9","SPORT UTILITY VEHICLE","BLACK","TOP/ROOF","FRONT END","KS","ST","YES","D",102326,"A","[PREMIUM]",14697.79,"2.5L 4","ALL WHEEL DRIVE","AUTOMATIC","GAS",4,"Run & Drive Verified","Pure Sale","[PREMIUM]",,"KANSAS CITY","KS","66111 2629","USA","USD","[PREMIUM]","[PREMIUM]","3E060",false,"[PREMIUM]","GRAND TOURING",false,false,"[PREMIUM]",,,,,,,,"[PREMIUM]"
"62845686","2026-08-08 02:57:25.781","2026-08-22 17:49:29.013","62845686","2026-08-21 21:29:24.000","[PREMIUM]","369","KS - KANSAS CITY","2026-08-25","TUESDAY","1200","CDT","0","V",2005,"TOYOTA","CAMRY","CAMRY","SEDAN","WHITE","SIDE","FRONT END","KS","ST","YES","D",243784,"A","[PREMIUM]",2719.39,"2.4L 4","FRONT WHEEL DRIVE","AUTOMATIC","GAS",4,"Run & Drive Verified","Pure Sale","[PREMIUM]",,"KANSAS CITY","KS","66111 2629","USA","USD","[PREMIUM]","[PREMIUM]","L070",false,"[PREMIUM]","LE",false,false,"[PREMIUM]",,,,,,,,"[PREMIUM]"
"62656186","2026-08-08 02:57:25.600","2026-08-22 17:49:28.863","62656186","2026-08-07 21:35:13.000","[PREMIUM]","369","KS - KANSAS CITY",,,,"CDT","0","V",2015,"CHEVROLET","TAHOE","TAHOE","4DR SPORT UTILITY","WHITE","REAR END",,"KS","ST","YES","D",183159,"A","[PREMIUM]",15864.71,"5.3L 8","4X4 W/REAR WHEEL DRV","AUTOMATIC","GAS",8,"Run & Drive Verified","Pure Sale","[PREMIUM]",,"KANSAS CITY","KS","66111 2629","USA","USD","[PREMIUM]","[PREMIUM]","M180",false,"[PREMIUM]","K1500 LT",false,false,"[PREMIUM]",,,,,,,,"[PREMIUM]"
"62684536","2026-08-08 02:57:25.591","2026-08-22 17:49:28.908","62684536","2026-08-21 18:49:09.000","[PREMIUM]","369","KS - KANSAS CITY","2026-08-25","TUESDAY","1200","CDT","0","V",2010,"FORD","FUSION","FUSION","SEDAN 4DR","WHITE","SIDE",,"MO","SC","YES","D",156842,"E","[PREMIUM]",4015.72,"2.5L 4","FRONT WHEEL DRIVE","AUTOMATIC","ELECTRIC AND GAS HYBRID",4,"Run & Drive Verified","Pure Sale","[PREMIUM]",,"KANSAS CITY","KS","66111 2629","USA","USD","[PREMIUM]","[PREMIUM]","M110",false,"[PREMIUM]","HYBRID",false,false,"[PREMIUM]",,,,,,,,"[PREMIUM]"
"62601746","2026-08-08 02:57:25.548","2026-08-22 17:49:28.827","62601746","2026-08-07 21:35:14.000","[PREMIUM]","369","KS - KANSAS CITY",,,,"CDT","0","V",2026,"CADILLAC","XT5","XT5","SPORT UTILITY VEHICLE (SUV)","BLACK","FRONT END",,"KS","ST","YES","D",3955,"A","[PREMIUM]",20359.62,"3.6L 6","FOUR BY FOUR","AUTOMATIC","GAS",6,"Run & Drive Verified","Pure Sale","[PREMIUM]",,"KANSAS CITY","KS","66111 2629","USA","USD","[PREMIUM]","[PREMIUM]","N070",false,"[PREMIUM]","PREMIUM LUXURY",false,false,"[PREMIUM]",,,,,,,,"[PREMIUM]"
"62470476","2026-08-08 02:57:25.483","2026-08-22 17:49:28.796","62470476","2026-08-21 21:15:47.000","[PREMIUM]","369","KS - KANSAS CITY","2026-08-25","TUESDAY","1200","CDT","0","V",2000,"HONDA","ACCORD","ACCORD","SEDAN 4DR","GRAY","FRONT END",,"KS","ST","YES",,362083,"A","[PREMIUM]",5026.51,"2.3L 4","FRONT WHEEL DRIVE","AUTOMATIC","GAS",4,,"Pure Sale","[PREMIUM]",,"KANSAS CITY","KS","66111 2629","USA","USD","[PREMIUM]","[PREMIUM]","F110",false,"[PREMIUM]","EX",false,false,"[PREMIUM]",,,,,,,,"[PREMIUM]"
"62303846","2026-08-08 02:57:25.398","2026-08-22 17:49:28.731","62303846","2026-08-07 21:35:13.000","[PREMIUM]","369","KS - KANSAS CITY",,,,"CDT","0","V",2016,"KIA","All Models","SEDONA","SPORTS VAN","GRAY","VANDALISM",,"KS","ST","YES","D",85545,"A","[PREMIUM]",8542.42,"3.3L 6","FRONT WHEEL DRIVE","AUTOMATIC","GAS",6,"Run & Drive Verified","Pure Sale","[PREMIUM]",,"KANSAS CITY","KS","66111 2629","USA","USD","[PREMIUM]","[PREMIUM]","E090",false,"[PREMIUM]","LX",false,false,"[PREMIUM]",,,,,,,,"[PREMIUM]"
"62052146","2026-08-08 02:57:25.254","2026-08-22 17:49:28.602","62052146","2026-08-21 19:04:17.000","[PREMIUM]","369","KS - KANSAS CITY","2026-08-27","THURSDAY","1200","CDT","0","V",2012,"TOYOTA","CAMRY","CAMRY","SEDAN","WHITE","SIDE",,"MO","SC","EXM","D",200625,"A","[PREMIUM]",9463.66,"2.5L 4","FRONT WHEEL DRIVE","AUTOMATIC","GAS",4,"Run & Drive Verified","Pure Sale","[PREMIUM]",,"KANSAS CITY","KS","66111 2629","USA","USD","[PREMIUM]","[PREMIUM]","L100",false,"[PREMIUM]",,false,false,"[PREMIUM]",,,,,,,,"[PREMIUM]"
"62010596","2026-08-08 02:57:25.246","2026-08-22 17:49:28.583","62010596","2026-08-21 19:03:07.000","[PREMIUM]","369","KS - KANSAS CITY","2026-08-25","TUESDAY","1200","CDT","0","V",2018,"FORD","ECOSPORT","ECOSPORT","SPORT UTILITY VEHICLE","WHITE","FRONT END",,"MO","SC","YES","D",115623,"A","[PREMIUM]",7670,"2.0L 4","4X4 W/FRONT WHL DRV","AUTOMATIC","GAS",4,"Run & Drive Verified","On Minimum Bid","[PREMIUM]",,"KANSAS CITY","KS","66111 2629","USA","USD","[PREMIUM]","[PREMIUM]","B120",false,"[PREMIUM]","SE",false,false,"[PREMIUM]",,,,,,,,"[PREMIUM]"
"62005436","2026-08-08 02:57:25.222","2026-08-22 17:49:28.582","62005436","2026-08-21 18:30:20.000","[PREMIUM]","369","KS - KANSAS CITY","2026-08-25","TUESDAY","1200","CDT","0","V",2017,"HONDA","CIVIC","CIVIC","SEDAN 4DR","BLACK","FRONT END",,"MO","SC","YES","D",119948,"A","[PREMIUM]",10992.7,"2.0L 4","FRONT WHEEL DRIVE","AUTOMATIC","GAS",4,"Run & Drive Verified","Pure Sale","[PREMIUM]",,"KANSAS CITY","KS","66111 2629","USA","USD","[PREMIUM]","[PREMIUM]","M100",false,"[PREMIUM]","LX",false,false,"[PREMIUM]",,,,,,,,"[PREMIUM]"
"61934116","2026-08-08 02:57:25.190","2026-08-22 17:49:28.524","61934116","2026-08-21 19:10:17.000","[PREMIUM]","369","KS - KANSAS CITY","2026-08-25","TUESDAY","1200","CDT","0","V",2006,"CHEVROLET","ALL Models","SILVERADO","CREW PICKUP","BLACK","ROLLOVER",,"MO","SC","YES",,320524,"E","[PREMIUM]",8485,"5.3L 8","4X4 W/REAR WHEEL DRV","AUTOMATIC","GAS",8,,"Pure Sale","[PREMIUM]",,"KANSAS CITY","KS","66111 2629","USA","USD","[PREMIUM]","[PREMIUM]","G060",false,"[PREMIUM]","K1500",false,false,"[PREMIUM]",,,,,,,,"[PREMIUM]"
"61589136","2026-08-08 02:57:24.996","2026-08-22 17:49:28.388","61589136","2026-08-21 21:20:57.000","[PREMIUM]","369","KS - KANSAS CITY","2026-08-25","TUESDAY","1200","CDT","0","V",2013,"NISSAN","FRONTIER","FRONTIER","PICKUP","BLUE","SIDE","UNDERCARRIAGE","KS","ST","YES","D",147669,"A","[PREMIUM]",9087.95,"4.0L 6","FOUR BY FOUR","AUTOMATIC","GAS",6,"Run & Drive Verified","Pure Sale","[PREMIUM]",,"KANSAS CITY","KS","66111 2629","USA","USD","[PREMIUM]","[PREMIUM]","M080",false,"[PREMIUM]","S",false,false,"[PREMIUM]",,,,,,,,"[PREMIUM]"
"61614296","2026-08-08 02:57:24.978","2026-08-22 17:49:28.404","61614296","2026-08-07 21:10:58.000","[PREMIUM]","369","KS - KANSAS CITY",,,,"CDT","0","V",2023,"HYUNDAI","TUCSON","TUCSON","SPORT UTILITY VEHICLE","BLACK","FRONT END","SIDE","TX","SV","YES","D",54938,"A","[PREMIUM]",0,"2.5L 4","ALL WHEEL DRIVE","AUTOMATIC","GAS",4,"Run & Drive Verified","Pure Sale","[PREMIUM]",,"KANSAS CITY","KS","66111 2629","USA","USD","[PREMIUM]","[PREMIUM]","O160",false,"[PREMIUM]","SEL",false,false,"[PREMIUM]",,,,,,,,"[PREMIUM]"
"61213656","2026-08-08 02:57:24.767","2026-08-22 17:49:28.231","61213656","2026-08-21 19:08:31.000","[PREMIUM]","369","KS - KANSAS CITY","2026-08-25","TUESDAY","1200","CDT","0","V",2022,"KIA","SPORTAGE","SPORTAGE","SPORT UTILITY VEHICLE","RED","FRONT END","SIDE","MO","SC","YES","D",22142,"A","[PREMIUM]",23282.98,"2.4L 4","ALL WHEEL DRIVE","AUTOMATIC","GAS",4,"Run & Drive Verified","Pure Sale","[PREMIUM]",,"KANSAS CITY","KS","66111 2629","USA","USD","[PREMIUM]","[PREMIUM]","F110",false,"[PREMIUM]","S",false,false,"[PREMIUM]",,,,,,,,"[PREMIUM]"
"60816096","2026-08-08 02:57:24.477","2026-08-22 17:49:28.073","60816096","2026-08-21 21:40:20.000","[PREMIUM]","369","KS - KANSAS CITY","2026-08-25","TUESDAY","1200","CDT","0","V",2020,"NISSAN","ROGUE","ROGUE","WAGON","BLACK","SIDE",,"KS","ST","YES","D",98389,"A","[PREMIUM]",8342.66,"2.5L 4","FRONT WHEEL DRIVE","AUTOMATIC","GAS",4,"Run & Drive Verified","On Minimum Bid","[PREMIUM]",,"KANSAS CITY","KS","66111 2629","USA","USD","[PREMIUM]","[PREMIUM]","D140",false,"[PREMIUM]","S",false,false,"[PREMIUM]",,,,,,,,"[PREMIUM]"
"60699746","2026-08-08 02:57:24.425","2026-08-22 17:49:28.018","60699746","2026-08-07 22:25:23.000","[PREMIUM]","369","KS - KANSAS CITY",,,,"CDT","0","V",2007,"BUICK","LUCERNE","LUCERNE","SEDAN 4DR","TAN","FRONT END","SIDE","KS","ST","YES","D",109619,"E","[PREMIUM]",8432,"3.8L 6","FRONT WHEEL DRIVE","AUTOMATIC","GAS",6,"Run & Drive Verified","Pure Sale","[PREMIUM]",,"KANSAS CITY","KS","66111 2629","USA","USD","[PREMIUM]","[PREMIUM]","N100",false,"[PREMIUM]","CX",false,false,"[PREMIUM]",,,,,,,,"[PREMIUM]"
"60677446","2026-08-08 02:57:24.400","2026-08-13 14:31:57.700","60677446","2026-08-12 22:35:07.000","[PREMIUM]","369","KS - KANSAS CITY","2026-08-13","THURSDAY","1200","CDT","2024","V",2012,"CHEVROLET","SILVERADO","SILVERADO","CREW PICKUP","RED","REAR END",,"KS","ST","YES","D",179355,"A","[PREMIUM]",7704.57,"5.3L 8","4X4 W/REAR WHEEL DRV","AUTOMATIC","FLEXIBLE",8,"Run & Drive Verified","Pure Sale","[PREMIUM]",,"KANSAS CITY","KS","66111 2629","USA","USD","[PREMIUM]","[PREMIUM]","E170",false,"[PREMIUM]","K1500 LTZ",false,false,"[PREMIUM]",,,,,,,,"[PREMIUM]"
"60654266","2026-08-08 02:57:24.361","2026-08-22 17:49:27.975","60654266","2026-08-21 21:49:28.000","[PREMIUM]","369","KS - KANSAS CITY","2026-08-25","TUESDAY","1200","CDT","0","V",2019,"FORD","ECOSPORT","ECOSPORT","SPORT UTILITY VEHICLE","RED","FRONT END",,"KS","ST","YES","D",111752,"A","[PREMIUM]",12725,"2.0L 4","4X4 W/FRONT WHL DRV","AUTOMATIC","GAS",4,"Run & Drive Verified","Pure Sale","[PREMIUM]",,"KANSAS CITY","KS","66111 2629","USA","USD","[PREMIUM]","[PREMIUM]","N100",false,"[PREMIUM]","TITANIUM",false,false,"[PREMIUM]",,,,,,,,"[PREMIUM]"
"60674776","2026-08-08 02:57:24.350","2026-08-22 17:49:28.018","60674776","2026-08-21 21:49:04.000","[PREMIUM]","369","KS - KANSAS CITY","2026-08-25","TUESDAY","1200","CDT","0","V",2019,"KIA","SPORTAGE","SPORTAGE","SPORT UTILITY VEHICLE","WHITE","FRONT END",,"KS","ST","YES","D",70732,"A","[PREMIUM]",16108,"2.0L 4","ALL WHEEL DRIVE","AUTOMATIC","GAS",4,"Run & Drive Verified","On Minimum Bid","[PREMIUM]",,"KANSAS CITY","KS","66111 2629","USA","USD","[PREMIUM]","[PREMIUM]","L050",false,"[PREMIUM]","SX",false,false,"[PREMIUM]",,,,,,,,"[PREMIUM]"
"60641076","2026-08-08 02:57:24.261","2026-08-22 17:49:27.972","60641076","2026-08-21 18:27:00.000","[PREMIUM]","369","KS - KANSAS CITY","2026-08-25","TUESDAY","1200","CDT","0","V",2015,"SUBARU","LEGACY","LEGACY","SEDAN 4DR","GRAY","FRONT END","TOP/ROOF","MO","SC","YES","D",196236,"A","[PREMIUM]",5923.29,"2.5L 4","ALL WHEEL DRIVE","AUTOMATIC","GAS",4,"Run & Drive Verified","Pure Sale","[PREMIUM]",,"KANSAS CITY","KS","66111 2629","USA","USD","[PREMIUM]","[PREMIUM]","D090",false,"[PREMIUM]","2.5I PREMIUM",false,false,"[PREMIUM]",,,,,,,,"[PREMIUM]"
"60477056","2026-08-08 02:57:24.225","2026-08-22 17:49:27.920","60477056","2026-08-21 18:23:22.000","[PREMIUM]","841","CRASHEDTOYS POWERSPORT AUCTION","2026-08-27","THURSDAY","1200","CDT","0","C",2022,"TRIUMPH MOTORCYCLE","TIGER SPOR","TIGER","TRADITIONAL","RED","FRONT END",,"MO","SC","YES","D",6332,"A","[PREMIUM]",6766.15,"3",,"MANUAL","GAS",3,"Run & Drive Verified","Pure Sale","[PREMIUM]",,"KANSAS CITY","KS","66111 2629","USA","USD","[PREMIUM]","[PREMIUM]","MC",false,"[PREMIUM]","SPORT 660",false,false,"[PREMIUM]",,,,,,,,"[PREMIUM]"
"59625086","2026-08-08 02:57:23.773","2026-08-22 17:49:27.640","59625086","2026-08-19 22:39:48.000","[PREMIUM]","369","KS - KANSAS CITY",,,,"CDT","0","V",2017,"CADILLAC","XT5","XT5","4DR SPORT UTILITY","RED","SIDE",,"KS","ST","YES","D",98859,"A","[PREMIUM]",12754,"3.6L 6","FRONT WHEEL DRIVE","AUTOMATIC","GAS",6,"Run & Drive Verified","Pure Sale","[PREMIUM]",,"KANSAS CITY","KS","66111 2629","USA","USD","[PREMIUM]","[PREMIUM]","SUN",false,"[PREMIUM]","PREMIUM LUXURY",false,false,"[PREMIUM]",,,,,,,,"[PREMIUM]"
"59220796","2026-08-08 02:57:23.653","2026-08-22 17:49:27.525","59220796","2026-08-20 21:33:36.000","[PREMIUM]","369","KS - KANSAS CITY",,,,"CDT","0","V",2013,"HONDA","CIVIC","CIVIC","COUPE","BLACK","SIDE",,"MO","SC","YES","D",120065,"A","[PREMIUM]",8743,"1.8L 4","FRONT WHEEL DRIVE","AUTOMATIC","GAS",4,"Run & Drive Verified","On Minimum Bid","[PREMIUM]",,"KANSAS CITY","KS","66111 2629","USA","USD","[PREMIUM]","[PREMIUM]","K050",false,"[PREMIUM]","LX",false,false,"[PREMIUM]",,,,,,,,"[PREMIUM]"
"59097146","2026-08-08 02:57:23.571","2026-08-22 17:49:27.475","59097146","2026-08-21 18:24:35.000","[PREMIUM]","369","KS - KANSAS CITY","2026-08-25","TUESDAY","1200","CDT","0","V",2019,"TOYOTA","HIGHLANDER","HIGHLANDER","SUV","GRAY","FRONT END","SIDE","MO","SC","NO","E",0,"N","[PREMIUM]",27590,"3.5L 6","ALL WHEEL DRIVE","AUTOMATIC","GAS",6,"DEFAULT","On Minimum Bid","[PREMIUM]",,"KANSAS CITY","KS","66111 2629","USA","USD","[PREMIUM]","[PREMIUM]","O140",false,"[PREMIUM]","SE",false,false,"[PREMIUM]",,,,,,,,"[PREMIUM]"
"59006066","2026-08-08 02:57:23.535","2026-08-22 17:49:27.457","59006066","2026-08-21 19:02:55.000","[PREMIUM]","369","KS - KANSAS CITY","2026-08-25","TUESDAY","1200","CDT","0","V",2013,"MITSUBISHI","OUTLANDER","OUTLANDER","4DR SPORT UTILITY","BLACK","FRONT END",,"MO","SC","YES","D",180298,"A","[PREMIUM]",2764,"2.4L 4","ALL WHEEL DRIVE","AUTOMATIC","GAS",4,"Run & Drive Verified","Pure Sale","[PREMIUM]",,"KANSAS CITY","KS","66111 2629","USA","USD","[PREMIUM]","[PREMIUM]","F060",false,"[PREMIUM]","SE",false,false,"[PREMIUM]",,,,,,,,"[PREMIUM]"
"58907886","2026-08-08 02:57:23.457","2026-08-22 17:49:27.424","58907886","2026-08-21 19:07:46.000","[PREMIUM]","369","KS - KANSAS CITY","2026-08-25","TUESDAY","1200","CDT","0","V",2022,"HYUNDAI","VENUE","VENUE","WAGON","WHITE","FRONT END","SIDE","MO","SC","NO","E",0,"N","[PREMIUM]",11710,"1.6L 4","FRONT WHEEL DRIVE","AUTOMATIC","GAS",4,"DEFAULT","Pure Sale","[PREMIUM]",,"KANSAS CITY","KS","66111 2629","USA","USD","[PREMIUM]","[PREMIUM]","K050",false,"[PREMIUM]","SEL",false,false,"[PREMIUM]",,,,,,,,"[PREMIUM]"
"58626166","2026-08-08 02:57:23.339","2026-08-22 17:49:27.309","58626166","2026-08-21 18:50:50.000","[PREMIUM]","369","KS - KANSAS CITY","2026-08-25","TUESDAY","1200","CDT","0","V",2022,"HYUNDAI","TUCSON","TUCSON","SPORT UTILITY VEHICLE","WHITE","ROLLOVER",,"MO","SC","NO","E",0,"N","[PREMIUM]",20107,"2.5L 4","ALL WHEEL DRIVE","AUTOMATIC","GAS",4,"DEFAULT","On Minimum Bid","[PREMIUM]",,"KANSAS CITY","KS","66111 2629","USA","USD","[PREMIUM]","[PREMIUM]","D120",false,"[PREMIUM]","LIMITED",false,false,"[PREMIUM]",,,,,,,,"[PREMIUM]"
"58701986","2026-08-08 02:57:23.331","2026-08-21 23:51:21.896","58701986","2026-08-20 22:12:57.000","[PREMIUM]","369","KS - KANSAS CITY",,,,"CDT","0","V",2011,"TOYOTA","COROLLA","COROLLA","SEDAN","BLACK","REAR END",,"MO","SC","YES","D",138996,"A","[PREMIUM]",7154.11,"1.8L 4","FRONT WHEEL DRIVE","AUTOMATIC","GAS",4,"Run & Drive Verified","Pure Sale","[PREMIUM]",,"KANSAS CITY","KS","66111 2629","USA","USD","[PREMIUM]","[PREMIUM]","D140",false,"[PREMIUM]","S",false,false,"[PREMIUM]",,,,,,,,"[PREMIUM]"
"58464736","2026-08-08 02:57:23.210","2026-08-22 17:49:27.247","58464736","2026-08-21 18:23:48.000","[PREMIUM]","369","KS - KANSAS CITY","2026-08-25","TUESDAY","1200","CDT","0","V",2014,"HONDA","ACCORD","ACCORD","SEDAN 4DR","WHITE","FRONT END","SIDE","MO","SC","YES",,164613,"A","[PREMIUM]",9344.78,"2.4L 4","FRONT WHEEL DRIVE","AUTOMATIC","GAS",4,,"On Minimum Bid","[PREMIUM]",,"KANSAS CITY","KS","66111 2629","USA","USD","[PREMIUM]","[PREMIUM]","N140",false,"[PREMIUM]","EXL",false,false,"[PREMIUM]",,,,,,,,"[PREMIUM]"
"57645496","2026-08-08 02:57:22.851","2026-08-22 17:49:26.957","57645496","2026-08-07 21:49:11.000","[PREMIUM]","369","KS - KANSAS CITY",,,,"CDT","0","V",2015,"AUDI","A3","A3","SEDAN 4DR","BLACK","FRONT END","MECHANICAL","MO","SC","NO",,0,"N","[PREMIUM]",0,"2.0L 4","ALL WHEEL DRIVE","AUTOMATIC","FLEXIBLE",4,,"Pure Sale","[PREMIUM]",,"KANSAS CITY","KS","66111 2629","USA","USD","[PREMIUM]","[PREMIUM]","L060",false,"[PREMIUM]","PREMIUM PLUS",false,false,"[PREMIUM]",,,,,,,,"[PREMIUM]"
"57391776","2026-08-08 02:57:22.728","2026-08-22 17:49:26.851","57391776","2026-08-21 21:16:00.000","[PREMIUM]","369","KS - KANSAS CITY","2026-08-25","TUESDAY","1200","CDT","0","V",2012,"TOYOTA","All Models","SIENNA","SPORTS VAN","BURGUNDY","REAR END","SIDE","KS","ST","YES","D",159488,"A","[PREMIUM]",8107.97,"3.5L 6","FRONT WHEEL DRIVE","AUTOMATIC","GAS",6,"Run & Drive Verified","On Minimum Bid","[PREMIUM]",,"KANSAS CITY","KS","66111 2629","USA","USD","[PREMIUM]","[PREMIUM]","I020",false,"[PREMIUM]","LE",false,false,"[PREMIUM]",,,,,,,,"[PREMIUM]"
"57419196","2026-08-08 02:57:22.724","2026-08-22 17:49:27.011","57419196","2026-08-07 22:24:42.000","[PREMIUM]","369","KS - KANSAS CITY",,,,"CDT","0","V",2023,"RAM","1500","1500 CLASSIC","PICKUP","BLUE","FRONT END",,"KS","ST","YES","D",64581,"A","[PREMIUM]",8404,"3.6L 6","4X4 W/REAR WHEEL DRV","AUTOMATIC","FLEXIBLE",6,"Run & Drive Verified","Pure Sale","[PREMIUM]",,"KANSAS CITY","KS","66111 2629","USA","USD","[PREMIUM]","[PREMIUM]","G010",false,"[PREMIUM]","SLT",false,false,"[PREMIUM]",,,,,,,,"[PREMIUM]"
"57265076","2026-08-08 02:57:22.667","2026-08-22 17:49:26.822","57265076","2026-08-21 19:15:30.000","[PREMIUM]","369","KS - KANSAS CITY","2026-08-25","TUESDAY","1200","CDT","0","V",2019,"TOYOTA","CAMRY","CAMRY","SEDAN","WHITE","FRONT END",,"MO","SC","NO","E",0,"N","[PREMIUM]",17371.61,"2.5L 4","FRONT WHEEL DRIVE","AUTOMATIC","GAS",4,"DEFAULT","On Minimum Bid","[PREMIUM]",,"KANSAS CITY","KS","66111 2629","USA","USD","[PREMIUM]","[PREMIUM]","L070",false,"[PREMIUM]","SE",false,false,"[PREMIUM]",,,,,,,,"[PREMIUM]"
"57256926","2026-08-08 02:57:22.657","2026-08-22 17:49:26.835","57256926","2026-08-21 19:10:29.000","[PREMIUM]","369","KS - KANSAS CITY","2026-08-25","TUESDAY","1200","CDT","0","V",2013,"INFINITI","G37 COUPE","G37 COUPE","COUPE","SILVER","SIDE",,"MO","SC","YES","S",68522,"A","[PREMIUM]",12778.58,"3.7L 6","ALL WHEEL DRIVE","AUTOMATIC","GAS",6,"Vehicle Starts","On Minimum Bid","[PREMIUM]",,"KANSAS CITY","KS","66111 2629","USA","USD","[PREMIUM]","[PREMIUM]","N070",false,"[PREMIUM]","X",false,false,"[PREMIUM]",,,,,,,,"[PREMIUM]"
"57150516","2026-08-08 02:57:22.589","2026-08-22 17:49:26.795","57150516","2026-08-07 22:24:42.000","[PREMIUM]","369","KS - KANSAS CITY",,,,"CDT","0","V",2011,"CHEVROLET","ALL Models","SILVERADO","CREW PICKUP","SILVER","FRONT END",,"KS","ST","YES","E",185880,"A","[PREMIUM]",8939.79,"5.3L 8","4X4 W/REAR WHEEL DRV","AUTOMATIC","FLEXIBLE",8,"DEFAULT","Pure Sale","[PREMIUM]",,"KANSAS CITY","KS","66111 2629","USA","USD","[PREMIUM]","[PREMIUM]","E150",false,"[PREMIUM]","K1500 LT",false,false,"[PREMIUM]",,,,,,,,"[PREMIUM]"
"56782106","2026-08-08 02:57:22.433","2026-08-22 17:49:26.716","56782106","2026-08-21 21:35:05.000","[PREMIUM]","369","KS - KANSAS CITY","2026-08-25","TUESDAY","1200","CDT","0","V",2018,"NISSAN","ROGUE","ROGUE","WAGON","BLUE","SIDE",,"KS","ST","YES","D",96106,"A","[PREMIUM]",9508.9,"2.5L 4","ALL WHEEL DRIVE","AUTOMATIC","GAS",4,"Run & Drive Verified","Pure Sale","[PREMIUM]",,"KANSAS CITY","KS","66111 2629","USA","USD","[PREMIUM]","[PREMIUM]","3F110",false,"[PREMIUM]","SL",false,false,"[PREMIUM]",,,,,,,,"[PREMIUM]"
"56793506","2026-08-08 02:57:22.424","2026-08-22 17:49:26.712","56793506","2026-08-07 22:24:42.000","[PREMIUM]","369","KS - KANSAS CITY",,,,"CDT","0","V",2015,"VOLKSWAGEN","JETTA","JETTA","SEDAN 4DR","SILVER","TOP/ROOF","FRONT END","KS","ST","YES","S",105595,"A","[PREMIUM]",0,"2L 4","FRONT WHEEL DRIVE","AUTOMATIC","DIESEL",4,"Vehicle Starts","Pure Sale","[PREMIUM]",,"KANSAS CITY","KS","66111 2629","USA","USD","[PREMIUM]","[PREMIUM]","C110",false,"[PREMIUM]","TDI",false,false,"[PREMIUM]",,,,,,,,"[PREMIUM]"
"56820996","2026-08-08 02:57:22.410","2026-08-22 17:49:26.753","56820996","2026-08-07 22:24:42.000","[PREMIUM]","369","KS - KANSAS CITY",,,,"CDT","0","V",2016,"FORD","ESCAPE","ESCAPE","4DR SPORT UTILITY","WHITE","FRONT END","SIDE","KS","ST","YES","D",121623,"A","[PREMIUM]",7947.47,"2.0L 4","4X4 W/FRONT WHL DRV","AUTOMATIC","GAS",4,"Run & Drive Verified","Pure Sale","[PREMIUM]",,"KANSAS CITY","KS","66111 2629","USA","USD","[PREMIUM]","[PREMIUM]","F020",false,"[PREMIUM]","TITANIUM",false,false,"[PREMIUM]",,,,,,,,"[PREMIUM]"
"56706936","2026-08-08 02:57:22.318","2026-08-22 17:49:26.724","56706936","2026-08-21 18:26:43.000","[PREMIUM]","369","KS - KANSAS CITY","2026-08-25","TUESDAY","1200","CDT","0","V",2025,"GMC","TERRAIN","TERRAIN","SPORT UTILITY VEHICLE","BLUE","HAIL",,"MO","SC","YES","D",23659,"A","[PREMIUM]",14922,"1.5L 4","ALL WHEEL DRIVE","AUTOMATIC","GAS",4,"Run & Drive Verified","On Minimum Bid","[PREMIUM]",,"KANSAS CITY","KS","66111 2629","USA","USD","[PREMIUM]","[PREMIUM]","G070",false,"[PREMIUM]","ELEVATION",false,false,"[PREMIUM]",,,,,,,,"[PREMIUM]"
"56686656","2026-08-08 02:57:22.310","2026-08-22 17:49:26.686","56686656","2026-08-07 21:40:39.000","[PREMIUM]","369","KS - KANSAS CITY",,,,"CDT","0","V",2018,"VOLKSWAGEN","PASSAT","PASSAT","SEDAN","RED","FRONT END",,"KS","ST","YES","E",94106,"A","[PREMIUM]",10011,"2L 4","FRONT WHEEL DRIVE","AUTOMATIC","GAS",4,"DEFAULT","Pure Sale","[PREMIUM]",,"KANSAS CITY","KS","66111 2629","USA","USD","[PREMIUM]","[PREMIUM]","H020",false,"[PREMIUM]","SE",false,false,"[PREMIUM]",,,,,,,,"[PREMIUM]"
"56466376","2026-08-08 02:57:22.246","2026-08-22 17:49:26.659","56466376","2026-08-11 14:27:10.000","[PREMIUM]","369","KS - KANSAS CITY",,,,"CDT","0","V",1933,"FORD","ALL OTHER","UK",,"BURN","BURN - ENGINE","BURN","MO","JT","EXM",,0,"E","[PREMIUM]",50000,,,"AUTOMATIC",,,,"On Minimum Bid","[PREMIUM]",,"KANSAS CITY","KS","66111 2629","USA","USD","[PREMIUM]","[PREMIUM]","REC",false,"[PREMIUM]",,false,false,"[PREMIUM]",,,,,,,,"[PREMIUM]"
"56436046","2026-08-08 02:57:22.235","2026-08-22 17:49:26.662","56436046","2026-08-07 22:24:43.000","[PREMIUM]","369","KS - KANSAS CITY",,,,"CDT","0","V",2018,"TOYOTA","HIGHLANDER","HIGHLANDER HYBRID","SUV","BURGUNDY","SIDE","FRONT END","KS","ST","YES","E",128185,"A","[PREMIUM]",17989.56,"3.5L 6","ALL WHEEL DRIVE","AUTOMATIC","ELECTRIC AND GAS HYBRID",6,"DEFAULT","Pure Sale","[PREMIUM]",,"KANSAS CITY","KS","66111 2629","USA","USD","[PREMIUM]","[PREMIUM]","O170",false,"[PREMIUM]","LIMITED PLATINUM",false,false,"[PREMIUM]",,,,,,,,"[PREMIUM]"
"55837446","2026-08-08 02:57:22.022","2026-08-22 17:49:26.573","55837446","2026-08-11 18:29:10.000","[PREMIUM]","369","KS - KANSAS CITY",,,,"CDT","0","V",2021,"LINCOLN","AVIATOR","AVIATOR","SPORT UTILITY VEHICLE","RED","SIDE","FRONT END","KS","ST","YES","D",150266,"A","[PREMIUM]",22661.53,"3.0L 6","ALL WHEEL DRIVE","AUTOMATIC","GAS",6,"Run & Drive Verified","On Minimum Bid","[PREMIUM]",,"KANSAS CITY","KS","66111 2629","USA","USD","[PREMIUM]","[PREMIUM]","SUN",false,"[PREMIUM]","RESERVE",false,false,"[PREMIUM]",,,,,,,,"[PREMIUM]"
"55751796","2026-08-08 02:57:21.987","2026-08-22 17:49:26.545","55751796","2026-08-21 21:25:44.000","[PREMIUM]","369","KS - KANSAS CITY","2026-08-25","TUESDAY","1200","CDT","0","V",2018,"TESLA","MODEL 3","MODEL 3","SEDAN","BLUE","SIDE","FRONT END","KS","ST","YES",,109728,"A","[PREMIUM]",16994.38,,"ALL WHEEL DRIVE","AUTOMATIC","ELECTRIC",,,"On Minimum Bid","[PREMIUM]","KEY IN OFFICE               ","KANSAS CITY","KS","66111 2629","USA","USD","[PREMIUM]","[PREMIUM]","ATV",false,"[PREMIUM]",,false,false,"[PREMIUM]",,,,,,,,"[PREMIUM]"
"55453456","2026-08-08 02:57:21.889","2026-08-22 17:49:26.490","55453456","2026-08-21 18:28:09.000","[PREMIUM]","369","KS - KANSAS CITY","2026-08-25","TUESDAY","1200","CDT","0","V",2017,"FORD","EDGE","EDGE","4DR SPORT UTILITY","SILVER","SIDE","FRONT END","MO","SC","YES","E",0,"N","[PREMIUM]",9787,"2.7L 6","ALL WHEEL DRIVE","AUTOMATIC","GAS",6,"DEFAULT","Pure Sale","[PREMIUM]",,"KANSAS CITY","KS","66111 2629","USA","USD","[PREMIUM]","[PREMIUM]","J130",false,"[PREMIUM]","SPORT",false,false,"[PREMIUM]",,,,,,,,"[PREMIUM]"
"55327836","2026-08-08 02:57:21.783","2026-08-22 17:49:26.459","55327836","2026-08-07 21:35:13.000","[PREMIUM]","369","KS - KANSAS CITY",,,,"CDT","0","V",2007,"MERCURY","GRMARQUIS","GRAND MARQUIS","SEDAN 4DR","SILVER","ALL OVER",,"KS","ET","NO","E",0,"E","[PREMIUM]",0,"4.6L 8","REAR WHEEL DRIVE","AUTOMATIC","FLEXIBLE",8,"DEFAULT","Pure Sale","[PREMIUM]",,"KANSAS CITY","KS","66111 2629","USA","USD","[PREMIUM]","[PREMIUM]","O190",false,"[PREMIUM]","LS",false,false,"[PREMIUM]",,,,,,,,"[PREMIUM]"
"55327156","2026-08-08 02:57:21.782","2026-08-22 17:49:26.390","55327156","2026-08-07 22:24:42.000","[PREMIUM]","369","KS - KANSAS CITY",,,,"CDT","0","V",2015,"KIA","SORENTO","SORENTO","SUV","WHITE","REAR END",,"KS","ST","YES","D",200388,"A","[PREMIUM]",0,"3.3L 6","ALL WHEEL DRIVE","AUTOMATIC","GAS",6,"Run & Drive Verified","Pure Sale","[PREMIUM]",,"KANSAS CITY","KS","66111 2629","USA","USD","[PREMIUM]","[PREMIUM]","D120",false,"[PREMIUM]","SX LIMITED",false,false,"[PREMIUM]",,,,,,,,"[PREMIUM]"
"55048916","2026-08-08 02:57:21.746","2026-08-22 17:49:26.397","55048916","2026-08-07 22:25:23.000","[PREMIUM]","369","KS - KANSAS CITY",,,,"CDT","0","V",2011,"JEEP","LIBERTY","LIBERTY","4DR SPORT UTILITY","WHITE","FRONT END",,"KS","ST","NO","E",129441,"A","[PREMIUM]",0,"3.7L 6","4X4 W/REAR WHEEL DRV","AUTOMATIC","GAS",6,"DEFAULT","Pure Sale","[PREMIUM]",,"KANSAS CITY","KS","66111 2629","USA","USD","[PREMIUM]","[PREMIUM]","G170",false,"[PREMIUM]","LIMITED",false,false,"[PREMIUM]",,,,,,,,"[PREMIUM]"
"55240016","2026-08-08 02:57:21.735","2026-08-22 17:49:26.393","55240016","2026-08-21 21:06:26.000","[PREMIUM]","369","KS - KANSAS CITY","2026-08-25","TUESDAY","1200","CDT","0","V",2021,"CHRYSLER","MINIVAN","VOYAGER","VAN PASSENGER","SILVER","FRONT END","UNDERCARRIAGE","KS","ST","YES","D",184307,"A","[PREMIUM]",10052.4,"3.6L 6","FRONT WHEEL DRIVE","AUTOMATIC","FLEXIBLE",6,"Run & Drive Verified","On Minimum Bid","[PREMIUM]",,"KANSAS CITY","KS","66111 2629","USA","USD","[PREMIUM]","[PREMIUM]","F180",false,"[PREMIUM]","LX",false,false,"[PREMIUM]",,,,,,,,"[PREMIUM]"
"55236416","2026-08-08 02:57:21.719","2026-08-22 17:49:26.392","55236416","2026-08-21 18:50:17.000","[PREMIUM]","369","KS - KANSAS CITY","2026-08-25","TUESDAY","1200","CDT","0","V",2018,"HONDA","CRV","CR-V","SPORT UTILITY VEHICLE","WHITE","FRONT END",,"MO","SC","NO","E",0,"N","[PREMIUM]",15012.55,"1.5L 4","ALL WHEEL DRIVE","AUTOMATIC","GAS",4,"DEFAULT","Pure Sale","[PREMIUM]",,"KANSAS CITY","KS","66111 2629","USA","USD","[PREMIUM]","[PREMIUM]","I020",false,"[PREMIUM]","EXL",false,false,"[PREMIUM]",,,,,,,,"[PREMIUM]"
"55029986","2026-08-08 02:57:21.693","2026-08-22 17:49:26.391","55029986","2026-08-07 22:25:24.000","[PREMIUM]","369","KS - KANSAS CITY",,,,"CDT","0","V",2020,"HONDA","CIVIC","CIVIC","SEDAN","GRAY","HAIL",,"KS","ST","YES","D",95303,"A","[PREMIUM]",9093,"1.5L 4","FRONT WHEEL DRIVE","AUTOMATIC","GAS",4,"Run & Drive Verified","Pure Sale","[PREMIUM]",,"KANSAS CITY","KS","66111 2629","USA","USD","[PREMIUM]","[PREMIUM]","G150",false,"[PREMIUM]","EX",false,false,"[PREMIUM]",,,,,,,,"[PREMIUM]"
"54498746","2026-08-08 02:57:21.590","2026-08-22 17:49:26.239","54498746","2026-08-07 22:24:43.000","[PREMIUM]","369","KS - KANSAS CITY",,,,"CDT","0","V",2009,"CHEVROLET","MALIBU","MALIBU","SEDAN 4DR","BLACK","FRONT END","SIDE","KS","ST","YES","E",0,"E","[PREMIUM]",0,"2.4L 4","FRONT WHEEL DRIVE","AUTOMATIC","GAS",4,"DEFAULT","Pure Sale","[PREMIUM]",,"KANSAS CITY","KS","66111 2629","USA","USD","[PREMIUM]","[PREMIUM]","I180",false,"[PREMIUM]","LS",false,false,"[PREMIUM]",,,,,,,,"[PREMIUM]"
"54490986","2026-08-08 02:57:21.587","2026-08-22 17:49:26.218","54490986","2026-08-07 21:34:56.000","[PREMIUM]","369","KS - KANSAS CITY",,,,"CDT","0","V",2024,"TOYOTA","COROLLA CR","COROLLA CROSS","SPORT UTILITY VEHICLE","SILVER","FRONT END",,"IL","SC","YES","D",20683,"A","[PREMIUM]",18406,"2.0L 4","ALL WHEEL DRIVE","AUTOMATIC","GAS",4,"Run & Drive Verified","Pure Sale","[PREMIUM]",,"KANSAS CITY","KS","66111 2629","USA","USD","[PREMIUM]","[PREMIUM]","SUN",false,"[PREMIUM]","XLE",false,false,"[PREMIUM]",,,,,,,,"[PREMIUM]"
"54288806","2026-08-08 02:57:21.487","2026-08-22 17:49:26.176","54288806","2026-08-11 20:04:59.000","[PREMIUM]","369","KS - KANSAS CITY",,,,"CDT","0","V",2015,"CHEVROLET","ALL Models","SILVERADO","CREW PICKUP","BLACK","HAIL",,"KS","NH","YES","D",104333,"A","[PREMIUM]",10110.96,"5.3L 8","4X4 W/REAR WHEEL DRV","AUTOMATIC","GAS",8,"Run & Drive Verified","On Minimum Bid","[PREMIUM]",,"KANSAS CITY","KS","66111 2629","USA","USD","[PREMIUM]","[PREMIUM]","G040",false,"[PREMIUM]","K1500 LT",false,false,"[PREMIUM]",,,,,,,,"[PREMIUM]"
"54124246","2026-08-08 02:57:21.447","2026-08-22 17:49:26.126","54124246","2026-08-21 21:44:30.000","[PREMIUM]","369","KS - KANSAS CITY","2026-08-25","TUESDAY","1200","CDT","0","V",2019,"KIA","OPTIMA S","OPTIMA","SEDAN","GRAY","FRONT END",,"KS","ST","YES","D",147473,"A","[PREMIUM]",0,"2.4L 4","FRONT WHEEL DRIVE","AUTOMATIC","GAS",4,"Run & Drive Verified","Pure Sale","[PREMIUM]",,"KANSAS CITY","KS","66111 2629","USA","USD","[PREMIUM]","[PREMIUM]","H140",false,"[PREMIUM]","S",false,false,"[PREMIUM]",,,,,,,,"[PREMIUM]"
"53701726","2026-08-08 02:57:21.332","2026-08-22 17:49:26.056","53701726","2026-08-21 18:25:01.000","[PREMIUM]","369","KS - KANSAS CITY","2026-08-25","TUESDAY","1200","CDT","0","V",2014,"TOYOTA","HIGHLANDER","HIGHLANDER","4DR SPORT UTILITY","WHITE","FRONT END","REAR END","MO","SC","YES","D",155428,"A","[PREMIUM]",12685,"3.5L 6","ALL WHEEL DRIVE","AUTOMATIC","GAS",6,"Run & Drive Verified","Pure Sale","[PREMIUM]",,"KANSAS CITY","KS","66111 2629","USA","USD","[PREMIUM]","[PREMIUM]","O200",false,"[PREMIUM]","XLE",false,false,"[PREMIUM]",,,,,,,,"[PREMIUM]"
"53465136","2026-08-08 02:57:21.331","2026-08-14 16:17:56.232","53465136","2026-08-07 22:24:17.000","[PREMIUM]","369","KS - KANSAS CITY",,,,"CDT","0","V",2020,"VOLKSWAGEN","PASSAT","PASSAT","SEDAN","BLUE","SIDE","FRONT END","MO","SC","NO","E",89748,"A","[PREMIUM]",14397.51,"2.0L 4","FRONT WHEEL DRIVE","AUTOMATIC","GAS",4,"DEFAULT","Pure Sale","[PREMIUM]",,"KANSAS CITY","KS","66111 2629","USA","USD","[PREMIUM]","[PREMIUM]","J040",false,"[PREMIUM]","R-LINE",false,false,"[PREMIUM]",,,,,,,,"[PREMIUM]"
"53210566","2026-08-08 02:57:21.253","2026-08-22 17:49:25.998","53210566","2026-08-07 22:24:42.000","[PREMIUM]","369","KS - KANSAS CITY",,,,"CDT","0","V",2012,"FORD","F-150","F150","CREW PICKUP","WHITE","FRONT END",,"KS","ST","YES","D",137131,"A","[PREMIUM]",9429.71,"3.5L 6","4X4 W/REAR WHEEL DRV","AUTOMATIC","GAS",6,"Run & Drive Verified","Pure Sale","[PREMIUM]",,"KANSAS CITY","KS","66111 2629","USA","USD","[PREMIUM]","[PREMIUM]","F150",false,"[PREMIUM]","SUPERCREW",false,false,"[PREMIUM]",,,,,,,,"[PREMIUM]"
"53121696","2026-08-08 02:57:21.217","2026-08-22 17:49:26.033","53121696","2026-08-07 22:24:43.000","[PREMIUM]","369","KS - KANSAS CITY",,,,"CDT","0","V",2019,"KIA","SOUL BASE","SOUL","WAGON","RED","SIDE","UNDERCARRIAGE","KS","ST","YES","E",0,"N","[PREMIUM]",10215.45,"1.6L 4","FRONT WHEEL DRIVE","AUTOMATIC","GAS",4,"DEFAULT","Pure Sale","[PREMIUM]",,"KANSAS CITY","KS","66111 2629","USA","USD","[PREMIUM]","[PREMIUM]","O150",false,"[PREMIUM]","BASE",false,false,"[PREMIUM]",,,,,,,,"[PREMIUM]"
"52966456","2026-08-08 02:57:21.171","2026-08-22 17:49:25.946","52966456","2026-08-07 21:30:20.000","[PREMIUM]","369","KS - KANSAS CITY",,,,"CDT","0","V",2015,"JEEP","GRAND CHER","GRAND CHEROKEE","4DR SPORT UTILITY","WHITE","FRONT END",,"KS","ST","YES","D",148242,"A","[PREMIUM]",3143.68,"3.6L 6","4X4 W/REAR WHEEL DRV","AUTOMATIC","FLEXIBLE",6,"Run & Drive Verified","Pure Sale","[PREMIUM]",,"KANSAS CITY","KS","66111 2629","USA","USD","[PREMIUM]","[PREMIUM]","O120",false,"[PREMIUM]","LAREDO",false,false,"[PREMIUM]",,,,,,,,"[PREMIUM]"
"52781166","2026-08-08 02:57:21.078","2026-08-22 17:49:25.861","52781166","2026-08-21 18:30:02.000","[PREMIUM]","369","KS - KANSAS CITY","2026-08-25","TUESDAY","1200","CDT","0","V",2013,"TOYOTA","PRIUS","PRIUS C","HATCHBACK","WHITE","REAR END",,"MO","SC","YES","D",99666,"A","[PREMIUM]",4620.98,"1.5L 4","FRONT WHEEL DRIVE","AUTOMATIC","ELECTRIC AND GAS HYBRID",4,"Run & Drive Verified","Pure Sale","[PREMIUM]",,"KANSAS CITY","KS","66111 2629","USA","USD","[PREMIUM]","[PREMIUM]","O150",false,"[PREMIUM]","FOUR",false,false,"[PREMIUM]",,,,,,,,"[PREMIUM]"
"51592266","2026-08-08 02:57:20.778","2026-08-13 14:31:53.756","51592266","2026-08-12 22:35:08.000","[PREMIUM]","369","KS - KANSAS CITY","2026-08-13","THURSDAY","1200","CDT","2061","V",2023,"KIA","SELTOS","SELTOS","SPORT UTILITY VEHICLE","WHITE","WATER/FLOOD","TOP/ROOF","KS","FS","YES","D",45200,"A","[PREMIUM]",15377.42,"1.6L 4","ALL WHEEL DRIVE","AUTOMATIC","GAS",4,"Run & Drive Verified","Pure Sale","[PREMIUM]",,"KANSAS CITY","KS","66111 2629","USA","USD","[PREMIUM]","[PREMIUM]","O120",false,"[PREMIUM]","NIGHTFALL",false,false,"[PREMIUM]",,,,,,,,"[PREMIUM]"
"50984706","2026-08-08 02:57:20.650","2026-08-22 17:49:25.716","50984706","2026-08-21 19:04:03.000","[PREMIUM]","369","KS - KANSAS CITY","2026-08-25","TUESDAY","1200","CDT","0","V",2015,"AUDI","Q7","Q7","4DR SPORT UTILITY","WHITE","REAR END",,"MO","SC","YES","D",105597,"A","[PREMIUM]",8500,"3.0L 6","ALL WHEEL DRIVE","AUTOMATIC","GAS",6,"Run & Drive Verified","On Minimum Bid","[PREMIUM]",,"KANSAS CITY","KS","66111 2629","USA","USD","[PREMIUM]","[PREMIUM]","D070",false,"[PREMIUM]","PREMIUM",false,false,"[PREMIUM]",,,,,,,,"[PREMIUM]"
"50902636","2026-08-08 02:57:20.614","2026-08-22 17:49:25.712","50902636","2026-08-21 19:12:48.000","[PREMIUM]","369","KS - KANSAS CITY","2026-08-25","TUESDAY","1200","CDT","0","V",2015,"KIA","CADENZA","CADENZA","SEDAN","BLUE","SIDE","REAR END","MO","SC","YES","D",94088,"A","[PREMIUM]",7878.71,"3.3L 6","FRONT WHEEL DRIVE","AUTOMATIC","GAS",6,"Run & Drive Verified","On Minimum Bid","[PREMIUM]",,"KANSAS CITY","KS","66111 2629","USA","USD","[PREMIUM]","[PREMIUM]","C090",false,"[PREMIUM]","PREMIUM",false,false,"[PREMIUM]",,,,,,,,"[PREMIUM]"
"50859806","2026-08-08 02:57:20.573","2026-08-22 17:49:25.698","50859806","2026-08-19 21:30:14.000","[PREMIUM]","369","KS - KANSAS CITY","2026-08-25","TUESDAY","1200","CDT","0","V",2018,"KIA","FORTE","FORTE","SEDAN","BROWN","FRONT END",,"MO","SC","YES","D",118816,"A","[PREMIUM]",6569.41,"2.0L 4","FRONT WHEEL DRIVE","AUTOMATIC","GAS",4,"Run & Drive Verified","Pure Sale","[PREMIUM]",,"KANSAS CITY","KS","66111 2629","USA","USD","[PREMIUM]","[PREMIUM]","F040",false,"[PREMIUM]","LX",false,false,"[PREMIUM]",,,,,,,,"[PREMIUM]"
"45993466","2026-08-08 02:57:20.085","2026-08-22 17:49:25.442","45993466","2026-08-21 18:23:09.000","[PREMIUM]","369","KS - KANSAS CITY","2026-08-25","TUESDAY","1200","CDT","0","V",2015,"NISSAN","ALTIMA","ALTIMA",,"BLACK","FRONT END","HAIL","MO","SC","YES","D",157916,"A","[PREMIUM]",5000,,,"AUTOMATIC",,,"Run & Drive Verified","Pure Sale","[PREMIUM]",,"KANSAS CITY","KS","66111 2629","USA","USD","[PREMIUM]","[PREMIUM]","F090",false,"[PREMIUM]","2.5",false,false,"[PREMIUM]",,,,,,,,"[PREMIUM]"
"63616096","2026-08-08 02:57:19.887","2026-08-22 17:49:24.570","63616096","2026-08-11 20:47:06.000","[PREMIUM]","368","NC - RALEIGH NORTH",,,,"EDT","0","V",2024,"JEEP","COMPASS","COMPASS","SPORT UTILITY VEHICLE","GRAY","SIDE","FRONT END","NC","SC","YES","E",42206,"A","[PREMIUM]",15670.42,"2.0L 4","4X4 W/FRONT WHL DRV","AUTOMATIC","GAS",4,"DEFAULT","Pure Sale","[PREMIUM]",,"KNIGHTDALE","NC","27545","USA","USD","[PREMIUM]","[PREMIUM]","D030",false,"[PREMIUM]","TRAILHAWK",false,false,"[PREMIUM]",,,,,,,,"[PREMIUM]"
"63405556","2026-08-08 02:57:19.882","2026-08-22 17:49:24.510","63405556","2026-08-11 20:47:06.000","[PREMIUM]","368","NC - RALEIGH NORTH",,,,"EDT","0","V",2020,"FORD","ESCAPE","ESCAPE","SPORT UTILITY VEHICLE","WHITE","REAR END","MINOR DENT/SCRATCHES","NC","SC","YES","D",100400,"A","[PREMIUM]",0,"1.5L 3","FRONT WHEEL DRIVE","AUTOMATIC","GAS",3,"Run & Drive Verified","Pure Sale","[PREMIUM]",,"KNIGHTDALE","NC","27545","USA","USD","[PREMIUM]","[PREMIUM]","E110",false,"[PREMIUM]","SEL",false,false,"[PREMIUM]",,,,,,,,"[PREMIUM]"
"62545796","2026-08-08 02:57:19.608","2026-08-22 17:49:24.070","62545796","2026-08-20 21:29:05.000","[PREMIUM]","832","MEDIUM DUTY CLEAN TITLE SALE","2026-08-24","MONDAY","1100","CDT","0","K",2016,"RAM","All Models","PROMASTER 2500","CARGO VAN","BLACK","MINOR DENT/SCRATCHES",,"NC","CZ","YES","E",184713,"A","[PREMIUM]",0,"3.0L 4","FRONT WHEEL DRIVE","AUTOMATIC","DIESEL",4,"DEFAULT","On Minimum Bid","[PREMIUM]",,"KNIGHTDALE","NC","27545","USA","USD","[PREMIUM]","[PREMIUM]","HVY",true,"[PREMIUM]","2500 HIGH",false,false,"[PREMIUM]",,,,,,,,"[PREMIUM]"
"64321856","2026-08-08 02:57:17.793","2026-08-19 15:03:28.472","64321856","2026-08-19 13:00:05.000","[PREMIUM]","367","CA - MENTONE","2026-08-19","WEDNESDAY","1200","PDT","65","V",2011,"KIA","SORENTO","SORENTO","SUV","SILVER","MECHANICAL",,"CA","DV","YES","D",176646,"A","[PREMIUM]",0,"2.4L 4","FRONT WHEEL DRIVE","AUTOMATIC","GAS",4,"Run & Drive Verified","On Minimum Bid","[PREMIUM]",,"MENTONE","CA","92359","USA","USD","[PREMIUM]","[PREMIUM]","E040",true,"[PREMIUM]","LX",false,false,"[PREMIUM]",,,,,,,,"[PREMIUM]"
"63712866","2026-08-08 02:57:17.735","2026-08-19 15:03:28.462","63712866","2026-08-19 13:00:05.000","[PREMIUM]","367","CA - MENTONE","2026-08-19","WEDNESDAY","1200","PDT","3055","V",2017,"KIA","SOUL","SOUL","WAGON","GRAY","FRONT END",,"CA","SC","YES","D",124819,"A","[PREMIUM]",6145.8,"1.6L 4","FRONT WHEEL DRIVE","AUTOMATIC","GAS",4,"Run & Drive Verified","Pure Sale","[PREMIUM]",,"MENTONE","CA","92359","USA","USD","[PREMIUM]","[PREMIUM]","B070",false,"[PREMIUM]","BASE",false,false,"[PREMIUM]",,,,,,,,"[PREMIUM]"
"63444256","2026-08-08 02:57:17.653","2026-08-13 14:31:50.231","63444256","2026-08-12 21:32:11.000","[PREMIUM]","841","CRASHEDTOYS POWERSPORT AUCTION","2026-08-13","THURSDAY","1200","CDT","6019","C",2013,"VICTORY MOTORCYCLES","MOTORCYCLE","JUDGE","ROAD","RED","SIDE",,"CA","SC","YES","D",0,"N","[PREMIUM]",2583,"2",,"MANUAL",,2,"Run & Drive Verified","Pure Sale","[PREMIUM]",,"MENTONE","CA","92359","USA","USD","[PREMIUM]","[PREMIUM]","MC002",false,"[PREMIUM]",,false,false,"[PREMIUM]",,,,,,,,"[PREMIUM]"
"63427196","2026-08-08 02:57:17.603","2026-08-19 15:03:28.355","63427196","2026-08-19 13:00:05.000","[PREMIUM]","367","CA - MENTONE","2026-08-19","WEDNESDAY","1200","PDT","3046","V",2019,"KIA","SORENTO","SORENTO","SUV","BROWN","FRONT END",,"CA","SC","YES","D",87083,"A","[PREMIUM]",9360.59,"2.4L 4","FRONT WHEEL DRIVE","AUTOMATIC","GAS",4,"Run & Drive Verified","Pure Sale","[PREMIUM]",,"MENTONE","CA","92359","USA","USD","[PREMIUM]","[PREMIUM]","C030",false,"[PREMIUM]","LX",false,false,"[PREMIUM]",,,,,,,,"[PREMIUM]"
"62292186","2026-08-08 02:57:17.441","2026-08-19 15:03:28.097","62292186","2026-08-19 13:00:05.000","[PREMIUM]","367","CA - MENTONE","2026-08-19","WEDNESDAY","1200","PDT","3017","V",2018,"HYUNDAI","ELANTRA","ELANTRA","SEDAN","BLACK","FRONT END","REAR END","CA","SC","YES","E",83983,"A","[PREMIUM]",28577.79,"2.0L 4","FRONT WHEEL DRIVE","AUTOMATIC","GAS",4,"DEFAULT","Pure Sale","[PREMIUM]",,"MENTONE","CA","92359","USA","USD","[PREMIUM]","[PREMIUM]","C050",false,"[PREMIUM]","SEL",false,false,"[PREMIUM]",,,,,,,,"[PREMIUM]"
"61212386","2026-08-08 02:57:17.386","2026-08-19 15:03:27.957","61212386","2026-08-19 13:00:05.000","[PREMIUM]","367","CA - MENTONE","2026-08-19","WEDNESDAY","1200","PDT","2021","V",2004,"JEEP","CHEROKEE","GRAND CHEROKEE","4DR SPORT UTILITY","SILVER","FRONT END","SIDE","CA","SC","YES","D",80546,"A","[PREMIUM]",5893.77,"4.7L 8","REAR WHEEL DRIVE","AUTOMATIC","GAS",8,"Run & Drive Verified","Pure Sale","[PREMIUM]",,"MENTONE","CA","92359","USA","USD","[PREMIUM]","[PREMIUM]","C080",false,"[PREMIUM]","LIMITED",false,false,"[PREMIUM]",,,,,,,,"[PREMIUM]"
"60056276","2026-08-08 02:57:17.340","2026-08-19 15:03:27.843","60056276","2026-08-19 13:00:05.000","[PREMIUM]","367","CA - MENTONE","2026-08-19","WEDNESDAY","1200","PDT","3059","V",2022,"HONDA","CIVIC","CIVIC","HATCHBACK","WHITE","REAR END",,"CA","SC","YES","D",160791,"A","[PREMIUM]",12085.59,"1.5L 4","FRONT WHEEL DRIVE","AUTOMATIC","GAS",4,"Run & Drive Verified","Pure Sale","[PREMIUM]",,"MENTONE","CA","92359","USA","USD","[PREMIUM]","[PREMIUM]","B040",false,"[PREMIUM]","EXL",false,false,"[PREMIUM]",,,,,,,,"[PREMIUM]"
"60017716","2026-08-08 02:57:17.282","2026-08-19 15:03:27.800","60017716","2026-08-19 13:00:05.000","[PREMIUM]","367","CA - MENTONE","2026-08-19","WEDNESDAY","1200","PDT","31","V",2025,"HYUNDAI","PALISADE","PALISADE","SPORT UTILITY VEHICLE","CHARCOAL","FRONT END",,"CA","SC","YES","D",27963,"A","[PREMIUM]",30472.01,"3.8L 6","FRONT WHEEL DRIVE","AUTOMATIC","GAS",6,"Run & Drive Verified","Pure Sale","[PREMIUM]",,"MENTONE","CA","92359","USA","USD","[PREMIUM]","[PREMIUM]","E070",false,"[PREMIUM]","SEL PREMIUM",false,false,"[PREMIUM]",,,,,,,,"[PREMIUM]"
"53142106","2026-08-08 02:57:17.015","2026-08-22 17:49:22.141","53142106","2026-08-07 23:27:19.000","[PREMIUM]","841","CRASHEDTOYS POWERSPORT AUCTION",,,,"CDT","0","A",2025,"CAN-AM","SIDEBYSIDE","MAVERICK X3","SIDE BY SIDE","TWO TONE","REAR END","SIDE","CA","SC","YES","D",357,"A","[PREMIUM]",20301.17,"3",,"AUTOMATIC","GAS",3,"Run & Drive Verified","Pure Sale","[PREMIUM]",,"MENTONE","CA","92359","USA","USD","[PREMIUM]","[PREMIUM]","F050",false,"[PREMIUM]",,false,false,"[PREMIUM]",,,,,,,,"[PREMIUM]"
"46757066","2026-08-08 02:57:16.898","2026-08-19 15:03:27.361","46757066","2026-08-19 13:00:05.000","[PREMIUM]","367","CA - MENTONE","2026-08-19","WEDNESDAY","1200","PDT","2057","V",2024,"HONDA","ACCORD","ACCORD","SEDAN","RED","FRONT END",,"CA","SC","YES","D",42204,"A","[PREMIUM]",12154.43,"2.0L 4","FRONT WHEEL DRIVE","AUTOMATIC","ELECTRIC AND GAS HYBRID",4,"Run & Drive Verified","Pure Sale","[PREMIUM]",,"MENTONE","CA","92359","USA","USD","[PREMIUM]","[PREMIUM]","H050",false,"[PREMIUM]","HYBRID SPORT",false,false,"[PREMIUM]",,,,,,,,"[PREMIUM]"
"97221085","2026-08-08 02:57:16.722","2026-08-20 17:44:00.578","97221085","2026-08-20 10:00:41.000","[PREMIUM]","836","HEAVY TRUCK SPECIALTY SALE","2026-08-20","THURSDAY","1100","CDT","4233","U",2004,"FORD","F550","F550 SUPE","CREW CHASSIS","GRAY","ALL OVER",,"FL","CD","NO",,0,"E","[PREMIUM]",0,"6.0L 8","4X4 W/REAR WHEEL DRV","AUTOMATIC","DIESEL",8,,"Pure Sale","[PREMIUM]",,"CLEWISTON","FL","33440","USA","USD","[PREMIUM]","[PREMIUM]","X060",false,"[PREMIUM]",,false,false,"[PREMIUM]",,,,,,,,"[PREMIUM]"
"64189916","2026-08-08 02:57:16.360","2026-08-17 03:03:16.814","64189916","2026-08-11 18:50:57.000","[PREMIUM]","366","FL - CLEWISTON","2026-08-17","MONDAY","1000","EDT","0","V",2009,"KIA","SPECTRA","SPECTRA","SEDAN","GOLD","FRONT END","SIDE","FL","RB","YES","D",213598,"E","[PREMIUM]",4642.57,"2.0L 4","FRONT WHEEL DRIVE","AUTOMATIC","GAS",4,"Run & Drive Verified","Pure Sale","[PREMIUM]",,"CLEWISTON","FL","33440","USA","USD","[PREMIUM]","[PREMIUM]","M110",false,"[PREMIUM]","LX",false,false,"[PREMIUM]",,,,,,,,"[PREMIUM]"
"63668586","2026-08-08 02:57:16.358","2026-08-19 15:03:26.894","63668586","2026-08-19 10:00:41.000","[PREMIUM]","835","MEDIUM DUTY SPECIALTY SALE","2026-08-19","WEDNESDAY","1100","CDT","5208","K",2016,"RAM","3500","3500","CREW PICKUP","RED","FRONT END",,"FL","RB","YES","D",131023,"A","[PREMIUM]",30676,"6.7L 6","4X4 W/REAR WHEEL DRV","AUTOMATIC","DIESEL",6,"Run & Drive Verified","Pure Sale","[PREMIUM]",,"CLEWISTON","FL","33440","USA","USD","[PREMIUM]","[PREMIUM]","W040",false,"[PREMIUM]","LARAMIE",false,false,"[PREMIUM]",,,,,,,,"[PREMIUM]"
"63857986","2026-08-08 02:57:16.357","2026-08-17 03:03:16.757","63857986","2026-08-11 17:26:28.000","[PREMIUM]","366","FL - CLEWISTON","2026-08-17","MONDAY","1000","EDT","0","V",2012,"KIA","SORENTO","SORENTO","SUV","BURGUNDY","FRONT END",,"FL","RB","YES","E",164745,"N","[PREMIUM]",4484.76,"2.4L 4","ALL WHEEL DRIVE","AUTOMATIC","GAS",4,"DEFAULT","On Minimum Bid","[PREMIUM]",,"CLEWISTON","FL","33440","USA","USD","[PREMIUM]","[PREMIUM]","M110",false,"[PREMIUM]","LX",false,false,"[PREMIUM]",,,,,,,,"[PREMIUM]"
"63677876","2026-08-08 02:57:16.354","2026-08-17 03:03:16.774","63677876","2026-08-14 19:36:02.000","[PREMIUM]","366","FL - CLEWISTON","2026-08-17","MONDAY","1000","EDT","0","V",2013,"NISSAN","ROGUE","ROGUE","WAGON","BURGUNDY","FRONT END",,"FL","RB","YES","D",133500,"A","[PREMIUM]",3730,"2.5L 4","FRONT WHEEL DRIVE","AUTOMATIC","GAS",4,"Run & Drive Verified","Pure Sale","[PREMIUM]",,"CLEWISTON","FL","33440","USA","USD","[PREMIUM]","[PREMIUM]","M100",false,"[PREMIUM]","S",false,false,"[PREMIUM]",,,,,,,,"[PREMIUM]"
"64062356","2026-08-08 02:57:16.352","2026-08-17 03:03:16.760","64062356","2026-08-11 19:10:38.000","[PREMIUM]","366","FL - CLEWISTON","2026-08-17","MONDAY","1000","EDT","0","V",2014,"CADILLAC","ESCALADE","ESCALADE","4DR SPORT UTILITY","SILVER","FRONT END",,"FL","RB","YES","D",158883,"A","[PREMIUM]",8016.01,"6.2L 8","ALL WHEEL DRIVE","AUTOMATIC","FLEXIBLE",8,"Run & Drive Verified","Pure Sale","[PREMIUM]",,"CLEWISTON","FL","33440","USA","USD","[PREMIUM]","[PREMIUM]","M120",false,"[PREMIUM]","PREMIUM",false,false,"[PREMIUM]",,,,,,,,"[PREMIUM]"
"63055826","2026-08-08 02:57:16.337","2026-08-22 17:49:21.673","63055826","2026-08-18 19:17:15.000","[PREMIUM]","366","FL - CLEWISTON","2026-08-24","MONDAY","1000","EDT","24","V",2015,"JEEP","GRAND CHER","CHEROKEE","4DR SPORT UTILITY","SILVER","FRONT END",,"FL","RB","YES","D",129462,"N","[PREMIUM]",5102.82,"3.2L 6","4X4 W/FRONT WHL DRV","AUTOMATIC","FLEXIBLE",6,"Run & Drive Verified","Pure Sale","[PREMIUM]",,"CLEWISTON","FL","33440","USA","USD","[PREMIUM]","[PREMIUM]","M090",false,"[PREMIUM]","LATITUDE",false,false,"[PREMIUM]",,,,,,,,"[PREMIUM]"
"62243286","2026-08-08 02:57:16.308","2026-08-17 03:03:16.670","62243286","2026-08-11 20:18:21.000","[PREMIUM]","366","FL - CLEWISTON","2026-08-17","MONDAY","1000","EDT","0","V",2023,"FORD","F150","F150","PICKUP","BLUE","FRONT END","SIDE","FL","RB","YES","D",55429,"A","[PREMIUM]",25342.46,"3.5L 6","4X4 W/REAR WHEEL DRV","AUTOMATIC","GAS",6,"Run & Drive Verified","Pure Sale","[PREMIUM]",,"CLEWISTON","FL","33440","USA","USD","[PREMIUM]","[PREMIUM]","M130",false,"[PREMIUM]","SUPERCREW",false,false,"[PREMIUM]",,,,,,,,"[PREMIUM]"
"59000106","2026-08-08 02:57:16.173","2026-08-17 03:03:16.581","59000106","2026-08-11 16:06:54.000","[PREMIUM]","366","FL - CLEWISTON","2026-08-17","MONDAY","1000","EDT","0","V",2020,"MITSUBISHI","OUTLANDER","OUTLANDER","SPORT UTILITY VEHICLE","WHITE","FRONT END","SIDE","FL","CD","YES","D",114590,"A","[PREMIUM]",16092.96,"2.4L 4","ALL WHEEL DRIVE","AUTOMATIC","GAS",4,"Run & Drive Verified","Pure Sale","[PREMIUM]",,"CLEWISTON","FL","33440","USA","USD","[PREMIUM]","[PREMIUM]","M110",false,"[PREMIUM]","SE",false,false,"[PREMIUM]",,,,,,,,"[PREMIUM]"
"57019046","2026-08-08 02:57:15.932","2026-08-17 03:03:16.343","57019046","2026-08-11 17:23:46.000","[PREMIUM]","366","FL - CLEWISTON","2026-08-17","MONDAY","1000","EDT","0","V",2014,"NISSAN","SENTRA","SENTRA","SEDAN","WHITE","REAR END",,"FL","RB","YES","E",178295,"N","[PREMIUM]",5267.36,"1.8L 4","FRONT WHEEL DRIVE","AUTOMATIC","GAS",4,"DEFAULT","Pure Sale","[PREMIUM]",,"CLEWISTON","FL","33440","USA","USD","[PREMIUM]","[PREMIUM]","I080",false,"[PREMIUM]","SV",false,false,"[PREMIUM]",,,,,,,,"[PREMIUM]"
"56983726","2026-08-08 02:57:15.903","2026-08-17 03:03:16.339","56983726","2026-08-11 13:01:26.000","[PREMIUM]","366","FL - CLEWISTON","2026-08-17","MONDAY","1000","EDT","0","V",2020,"TOYOTA","COROLLA","COROLLA","SEDAN","RED","FRONT END",,"FL","CD","YES","E",62716,"A","[PREMIUM]",11435.32,"1.8L 4","FRONT WHEEL DRIVE","AUTOMATIC","GAS",4,"DEFAULT","Pure Sale","[PREMIUM]",,"CLEWISTON","FL","33440","USA","USD","[PREMIUM]","[PREMIUM]","J090",false,"[PREMIUM]","LE",false,false,"[PREMIUM]",,,,,,,,"[PREMIUM]"
"56711606","2026-08-08 02:57:15.892","2026-08-22 17:49:21.155","56711606","2026-08-18 19:17:15.000","[PREMIUM]","366","FL - CLEWISTON","2026-08-24","MONDAY","1000","EDT","1126","V",2016,"CHRYSLER","200","200","SEDAN 4DR","BLUE","SIDE","FRONT END","FL","RB","YES","S",53173,"A","[PREMIUM]",10571.4,"3.6L 6","FRONT WHEEL DRIVE","AUTOMATIC","FLEXIBLE",6,"Vehicle Starts","On Minimum Bid","[PREMIUM]",,"CLEWISTON","FL","33440","USA","USD","[PREMIUM]","[PREMIUM]","J090",false,"[PREMIUM]","S",false,false,"[PREMIUM]",,,,,,,,"[PREMIUM]"
"56400256","2026-08-08 02:57:15.850","2026-08-17 03:03:16.287","56400256","2026-08-11 16:20:27.000","[PREMIUM]","366","FL - CLEWISTON","2026-08-17","MONDAY","1000","EDT","0","V",2022,"MITSUBISHI","OUTLANDER","OUTLANDER","SPORT UTILITY VEHICLE","WHITE","MINOR DENT/SCRATCHES",,"FL","CD","YES","D",56213,"A","[PREMIUM]",16407.71,"2.5L 4","FRONT WHEEL DRIVE","AUTOMATIC","GAS",4,"Run & Drive Verified","Pure Sale","[PREMIUM]",,"CLEWISTON","FL","33440","USA","USD","[PREMIUM]","[PREMIUM]","J080",false,"[PREMIUM]","ES",false,false,"[PREMIUM]",,,,,,,,"[PREMIUM]"
"54241896","2026-08-08 02:57:15.661","2026-08-17 03:03:16.115","54241896","2026-08-11 20:29:34.000","[PREMIUM]","366","FL - CLEWISTON","2026-08-17","MONDAY","1000","EDT","0","V",2016,"GMC","ACADIA","ACADIA","4DR SPORT UTILITY","BLACK","FRONT END",,"FL","RB","YES","E",137533,"N","[PREMIUM]",11031.9,"3.6L 6","ALL WHEEL DRIVE","AUTOMATIC","GAS",6,"DEFAULT","On Minimum Bid","[PREMIUM]",,"CLEWISTON","FL","33440","USA","USD","[PREMIUM]","[PREMIUM]","J080",false,"[PREMIUM]","SLT-1",false,false,"[PREMIUM]",,,,,,,,"[PREMIUM]"
"52057196","2026-08-08 02:57:15.610","2026-08-17 03:03:16.017","52057196","2026-08-11 18:31:17.000","[PREMIUM]","366","FL - CLEWISTON","2026-08-17","MONDAY","1000","EDT","0","V",2016,"TOYOTA","YARIS","YARIS","HATCHBACK","WHITE","SIDE",,"FL","RB","YES","D",57110,"N","[PREMIUM]",7642.28,"1.5L 4","FRONT WHEEL DRIVE","AUTOMATIC","GAS",4,"Run & Drive Verified","Pure Sale","[PREMIUM]",,"CLEWISTON","FL","33440","USA","USD","[PREMIUM]","[PREMIUM]","I090",false,"[PREMIUM]","5-DOOR L",false,false,"[PREMIUM]",,,,,,,,"[PREMIUM]"
"51794896","2026-08-08 02:57:15.607","2026-08-17 03:03:16.024","51794896","2026-08-13 19:11:32.000","[PREMIUM]","366","FL - CLEWISTON","2026-08-17","MONDAY","1000","EDT","0","V",2017,"NISSAN","ROGUE","ROGUE SPORT","WAGON","SILVER","SIDE",,"FL","RB","YES","D",89011,"N","[PREMIUM]",12572.77,"2.0L 4","FRONT WHEEL DRIVE","AUTOMATIC","GAS",4,"Run & Drive Verified","Pure Sale","[PREMIUM]",,"CLEWISTON","FL","33440","USA","USD","[PREMIUM]","[PREMIUM]","J090",false,"[PREMIUM]","S",false,false,"[PREMIUM]",,,,,,,,"[PREMIUM]"
"52118056","2026-08-08 02:57:15.603","2026-08-11 08:31:33.519","52118056","2026-08-07 22:25:50.000","[PREMIUM]","366","FL - CLEWISTON",,,,"EDT","0","V",2020,"TOYOTA","TACOMA SR","TACOMA","PICKUP","SILVER","SIDE",,"FL","RB","YES","D",126127,"A","[PREMIUM]",11858.33,"2.7L 4","4X2","AUTOMATIC","GAS",4,"Run & Drive Verified","Pure Sale","[PREMIUM]",,"CLEWISTON","FL","33440","USA","USD","[PREMIUM]","[PREMIUM]","I090",false,"[PREMIUM]","SR",false,false,"[PREMIUM]",,,,,,,,"[PREMIUM]"
"51140096","2026-08-08 02:57:15.565","2026-08-17 03:03:15.961","51140096","2026-08-12 19:33:07.000","[PREMIUM]","366","FL - CLEWISTON","2026-08-17","MONDAY","1000","EDT","0","V",2025,"TOYOTA","HIGHLANDER","HIGHLANDER HYBRID","SUV","BLACK","FRONT END",,"FL","CD","YES","D",17359,"N","[PREMIUM]",44666,"2.5L 4","ALL WHEEL DRIVE","AUTOMATIC","ELECTRIC AND GAS HYBRID",4,"Run & Drive Verified","Pure Sale","[PREMIUM]",,"CLEWISTON","FL","33440","USA","USD","[PREMIUM]","[PREMIUM]","I010",false,"[PREMIUM]","XLE",false,false,"[PREMIUM]",,,,,,,,"[PREMIUM]"
"50906036","2026-08-08 02:57:15.553","2026-08-17 03:03:15.961","50906036","2026-08-13 18:14:21.000","[PREMIUM]","366","FL - CLEWISTON","2026-08-17","MONDAY","1000","EDT","0","V",2018,"TOYOTA","CAMRY","CAMRY","SEDAN","SILVER","FRONT END",,"FL","RB","YES","D",151953,"A","[PREMIUM]",7865.02,"2.5L 4","FRONT WHEEL DRIVE","AUTOMATIC","GAS",4,"Run & Drive Verified","Pure Sale","[PREMIUM]",,"CLEWISTON","FL","33440","USA","USD","[PREMIUM]","[PREMIUM]","J090",false,"[PREMIUM]",,false,false,"[PREMIUM]",,,,,,,,"[PREMIUM]"
"50665476","2026-08-08 02:57:15.527","2026-08-17 03:03:15.940","50665476","2026-08-11 20:41:54.000","[PREMIUM]","366","FL - CLEWISTON","2026-08-17","MONDAY","1000","EDT","0","V",2013,"TOYOTA","RAV4","RAV4","4DR SPORT UTILITY","BLACK","SIDE","REAR END","FL","RB","YES","D",191260,"A","[PREMIUM]",6579.72,"2.5L 4","ALL WHEEL DRIVE","AUTOMATIC","GAS",4,"Run & Drive Verified","Pure Sale","[PREMIUM]",,"CLEWISTON","FL","33440","USA","USD","[PREMIUM]","[PREMIUM]","G000",false,"[PREMIUM]","LIMITED",false,false,"[PREMIUM]",,,,,,,,"[PREMIUM]"
"50749526","2026-08-08 02:57:15.526","2026-08-17 03:03:15.961","50749526","2026-08-11 20:52:08.000","[PREMIUM]","366","FL - CLEWISTON","2026-08-17","MONDAY","1000","EDT","0","V",2018,"FORD","FOCUS","FOCUS","SEDAN","BLACK","FRONT END",,"FL","RB","YES","S",65413,"A","[PREMIUM]",5685.81,"2.0L 4","FRONT WHEEL DRIVE","AUTOMATIC","GAS",4,"Vehicle Starts","Pure Sale","[PREMIUM]",,"CLEWISTON","FL","33440","USA","USD","[PREMIUM]","[PREMIUM]","I070",false,"[PREMIUM]","SEL",false,false,"[PREMIUM]",,,,,,,,"[PREMIUM]"
"64006456","2026-08-08 02:57:15.334","2026-08-22 17:49:20.692","64006456","2026-08-07 21:28:34.000","[PREMIUM]","836","HEAVY TRUCK SPECIALTY SALE",,,,"CDT","0","R",2013,"KEYSTONE","SPRINGDALE","SPRINGDALE",,"WHITE","HAIL",,"MN","ST","YES","E",0,"N","[PREMIUM]",21575.33,,,"NONE",,,"DEFAULT","Pure Sale","[PREMIUM]",,"BISMARCK","ND","58504","USA","USD","[PREMIUM]","[PREMIUM]","F010",false,"[PREMIUM]",,false,false,"[PREMIUM]",,,,,,,,"[PREMIUM]"
"63543636","2026-08-08 02:57:15.288","2026-08-12 08:33:39.121","63543636","2026-08-12 02:46:14.000","[PREMIUM]","838","RENTAL VEHICLE SALE","2026-08-12","WEDNESDAY","1200","EDT","0","V",2025,"MAZDA","CX-5","CX-5","SPORT UTILITY VEHICLE","GRAY","FRONT END",,"IL","CT","YES","D",27292,"A","[PREMIUM]",0,"2.5L 4","ALL WHEEL DRIVE","AUTOMATIC","GAS",4,"Run & Drive Verified","On Minimum Bid","[PREMIUM]",,"BISMARCK","ND","58504","USA","USD","[PREMIUM]","[PREMIUM]","E040",true,"[PREMIUM]","PREFERRED",false,false,"[PREMIUM]",,,,,,,,"[PREMIUM]"
"63695906","2026-08-08 02:57:15.273","2026-08-22 17:49:20.666","63695906","2026-08-19 13:43:03.000","[PREMIUM]","363","ND - BISMARCK",,,,"CDT","0","V",2006,"ACURA","TL","3.2TL","SEDAN 4DR","WHITE","REAR END","FRONT END","MN","RS","YES","D",0,"E","[PREMIUM]",5231,"3.2L 6","FRONT WHEEL DRIVE","AUTOMATIC","GAS",6,"Run & Drive Verified","On Minimum Bid","[PREMIUM]",,"BISMARCK","ND","58504","USA","USD","[PREMIUM]","[PREMIUM]","E040",false,"[PREMIUM]",,false,false,"[PREMIUM]",,,,,,,,"[PREMIUM]"
"63384226","2026-08-08 02:57:15.262","2026-08-22 17:49:20.632","63384226","2026-08-10 14:12:43.000","[PREMIUM]","363","ND - BISMARCK",,,,"CDT","0","V",2020,"CHEVROLET","TRAX","TRAX","SPORT UTILITY VEHICLE","WHITE","FRONT END",,"MN","ST","YES","D",20287,"A","[PREMIUM]",0,"1.4L 4","ALL WHEEL DRIVE","AUTOMATIC","GAS",4,"Run & Drive Verified","On Minimum Bid","[PREMIUM]",,"BISMARCK","ND","58504","USA","USD","[PREMIUM]","[PREMIUM]","B020",false,"[PREMIUM]","LS",false,false,"[PREMIUM]",,,,,,,,"[PREMIUM]"
"62872456","2026-08-08 02:57:15.245","2026-08-22 17:49:20.574","62872456","2026-08-10 23:05:04.000","[PREMIUM]","841","CRASHEDTOYS POWERSPORT AUCTION",,,,"CDT","0","C",2025,"POLARIS","SIDEBYSIDE","RANGER","SIDE BY SIDE","BLUE","ALL OVER",,"ND","ST","YES","D",11374,"A","[PREMIUM]",28000,"2",,"AUTOMATIC","GAS",2,"Run & Drive Verified","On Minimum Bid","[PREMIUM]",,"BISMARCK","ND","58504","USA","USD","[PREMIUM]","[PREMIUM]","MC01",false,"[PREMIUM]","XP 1000 NORTHSTAR ULTIMATE",false,false,"[PREMIUM]",,,,,,,,"[PREMIUM]"
"62655826","2026-08-08 02:57:15.210","2026-08-22 17:49:20.553","62655826","2026-08-10 12:33:28.000","[PREMIUM]","836","HEAVY TRUCK SPECIALTY SALE",,,,"CDT","0","R",2015,"FORESRIVER","PUMA","PUMA",,"WHITE","SIDE",,"MN","ST","YES","E",0,"N","[PREMIUM]",0,,,"NONE",,,"DEFAULT","Pure Sale","[PREMIUM]",,"BISMARCK","ND","58504","USA","USD","[PREMIUM]","[PREMIUM]","E030",false,"[PREMIUM]",,false,false,"[PREMIUM]",,,,,,,,"[PREMIUM]"
"61613586","2026-08-08 02:57:15.124","2026-08-22 17:49:20.494","61613586","2026-08-07 21:28:33.000","[PREMIUM]","363","ND - BISMARCK",,,,"CDT","0","V",2019,"HYUNDAI","SANTA FE","SANTA FE","SPORT UTILITY VEHICLE","BLACK","FRONT END",,"MN","ST","YES","D",147289,"A","[PREMIUM]",9933,"2.4L 4","ALL WHEEL DRIVE","AUTOMATIC","GAS",4,"Run & Drive Verified","Pure Sale","[PREMIUM]",,"BISMARCK","ND","58504","USA","USD","[PREMIUM]","[PREMIUM]","B030",false,"[PREMIUM]","SE",false,false,"[PREMIUM]",,,,,,,,"[PREMIUM]"
"57467696","2026-08-08 02:57:14.649","2026-08-22 17:49:20.101","57467696","2026-08-07 21:28:34.000","[PREMIUM]","363","ND - BISMARCK",,,,"CDT","0","V",2023,"RAM","1500","1500 CLASSIC","PICKUP","WHITE","FRONT END","UNDERCARRIAGE","MN","ST","YES","S",61264,"A","[PREMIUM]",22091.25,"3.6L 6","4X4 W/REAR WHEEL DRV","AUTOMATIC","FLEXIBLE",6,"Vehicle Starts","Pure Sale","[PREMIUM]",,"BISMARCK","ND","58504","USA","USD","[PREMIUM]","[PREMIUM]","A030",false,"[PREMIUM]","TRADESMAN",false,false,"[PREMIUM]",,,,,,,,"[PREMIUM]"
"82240735","2026-08-08 02:57:14.315","2026-08-12 08:33:38.042","82240735","2026-08-11 21:30:51.000","[PREMIUM]","362","AZ - PHOENIX NORTH","2026-08-18","TUESDAY","1200","PDT","0","V",2018,"MERCEDES-BENZ","S-CLASS","S",,"WHITE","FRONT END",,"AZ","SC","YES","E",0,"N","[PREMIUM]",26650,"3.0L  6","ALL WHEEL DRIVE","AUTOMATIC","GAS",6,"DEFAULT","On Minimum Bid","[PREMIUM]",,"PHOENIX","AZ","85085","USA","USD","[PREMIUM]","[PREMIUM]","P030",false,"[PREMIUM]","450 4MATIC",false,false,"[PREMIUM]",,,,,,,,"[PREMIUM]"
"85608835","2026-08-08 02:57:14.314","2026-08-13 14:31:47.226","85608835","2026-08-12 14:40:02.000","[PREMIUM]","362","AZ - PHOENIX NORTH","2026-08-13","THURSDAY","1200","PDT","1114","V",2006,"FORD","FREESTAR","FREESTAR","SPORTS VAN","GRAY","REAR END",,"AZ","SC","YES","E",0,"E","[PREMIUM]",10256.28,"4.2L 6","FRONT WHEEL DRIVE","AUTOMATIC","GAS",6,"DEFAULT","Pure Sale","[PREMIUM]",,"PHOENIX","AZ","85085","USA","USD","[PREMIUM]","[PREMIUM]","J100",false,"[PREMIUM]","SEL",false,false,"[PREMIUM]",,,,,,,,"[PREMIUM]"
"85633565","2026-08-08 02:57:14.301","2026-08-14 16:17:49.487","85633565","2026-08-13 22:02:23.000","[PREMIUM]","362","AZ - PHOENIX NORTH","2026-08-20","THURSDAY","1200","PDT","0","V",2022,"JEEP","COMPASS","COMPASS","SPORT UTILITY VEHICLE","BLACK","FRONT END","MINOR DENT/SCRATCHES","AZ","SC","YES","D",23016,"A","[PREMIUM]",0,"2.4L 4","4X4 W/FRONT WHL DRV","AUTOMATIC","GAS",4,"Run & Drive Verified","On Minimum Bid","[PREMIUM]",,"PHOENIX","AZ","85085","USA","USD","[PREMIUM]","[PREMIUM]","D170",false,"[PREMIUM]","LATITUDE LUX",false,false,"[PREMIUM]",,,,,,,,"[PREMIUM]"
"64330846","2026-08-08 02:57:14.271","2026-08-20 17:43:56.961","64330846","2026-08-19 16:40:41.000","[PREMIUM]","362","AZ - PHOENIX NORTH","2026-08-20","THURSDAY","1200","PDT","81","V",2006,"FORD","ESCAPE","ESCAPE","4DR SPORT UTILITY","BLUE","VANDALISM","MINOR DENT/SCRATCHES","AZ","SC","YES","D",177577,"A","[PREMIUM]",2776,"3.0L 6","FRONT WHEEL DRIVE","AUTOMATIC","GAS",6,"Run & Drive Verified","On Minimum Bid","[PREMIUM]",,"PHOENIX","AZ","85085","USA","USD","[PREMIUM]","[PREMIUM]","L080",false,"[PREMIUM]","XLT",false,false,"[PREMIUM]",,,,,,,,"[PREMIUM]"
"79444195","2026-08-08 02:57:14.270","2026-08-22 17:49:19.950","79444195","2026-08-20 22:21:04.000","[PREMIUM]","362","AZ - PHOENIX NORTH","2026-08-25","TUESDAY","1200","PDT","0","V",2006,"NISSAN","FRONTIER","FRONTIER","PICKUP","BLACK","FRONT END",,"AZ","CT","NO","E",0,"E","[PREMIUM]",0,"4.0L 6","Four by Four","AUTOMATIC","Gas",6,"DEFAULT","On Minimum Bid","[PREMIUM]",,"PHOENIX","AZ","85085","USA","USD","[PREMIUM]","[PREMIUM]","CD002",true,"[PREMIUM]","SE",false,false,"[PREMIUM]",,,,,,,,"[PREMIUM]"
"64531446","2026-08-08 02:57:14.264","2026-08-18 09:03:25.394","64531446","2026-08-17 14:06:05.000","[PREMIUM]","362","AZ - PHOENIX NORTH","2026-08-18","TUESDAY","1200","PDT","2540","V",2016,"KIA","SOUL","SOUL","WAGON","TAN","FRONT END","SIDE","AZ","SC","NO","E",124289,"N","[PREMIUM]",6961.04,"1.6L 4","FRONT WHEEL DRIVE","AUTOMATIC","GAS",4,"DEFAULT","Pure Sale","[PREMIUM]",,"PHOENIX","AZ","85085","USA","USD","[PREMIUM]","[PREMIUM]","I040",false,"[PREMIUM]","BASE",false,false,"[PREMIUM]",,,,,,,,"[PREMIUM]"
"64324346","2026-08-08 02:57:14.241","2026-08-18 09:03:25.247","64324346","2026-08-17 14:06:05.000","[PREMIUM]","362","AZ - PHOENIX NORTH","2026-08-18","TUESDAY","1200","PDT","46","V",2020,"BMW","3 SERIES","330I","SEDAN","BLACK","REAR END","MINOR DENT/SCRATCHES","AZ","SC","YES","D",38508,"A","[PREMIUM]",19385.6,"2.0L 4","REAR WHEEL DRIVE","AUTOMATIC","GAS",4,"Run & Drive Verified","Pure Sale","[PREMIUM]",,"PHOENIX","AZ","85085","USA","USD","[PREMIUM]","[PREMIUM]","I070",false,"[PREMIUM]",,false,false,"[PREMIUM]",,,,,,,,"[PREMIUM]"
"64043376","2026-08-08 02:57:14.240","2026-08-22 17:49:19.252","64043376","2026-08-21 15:42:40.000","[PREMIUM]","362","AZ - PHOENIX NORTH","2026-08-25","TUESDAY","1200","PDT","0","V",2014,"FORD","ESCAPE","ESCAPE","4DR SPORT UTILITY","BLUE","MINOR DENT/SCRATCHES",,"AZ","CT","YES","D",173090,"A","[PREMIUM]",0,"1.6L 4","FRONT WHEEL DRIVE","AUTOMATIC","GAS",4,"Run & Drive Verified","On Minimum Bid","[PREMIUM]",,"PHOENIX","AZ","85085","USA","USD","[PREMIUM]","[PREMIUM]","H070",true,"[PREMIUM]","SE",false,false,"[PREMIUM]",,,,,,,,"[PREMIUM]"
"64316656","2026-08-08 02:57:14.218","2026-08-13 14:31:47.035","64316656","2026-08-12 14:40:01.000","[PREMIUM]","362","AZ - PHOENIX NORTH","2026-08-13","THURSDAY","1200","PDT","37","V",2007,"HONDA","CRV","CR-V","4DR SPORT UTILITY","BLACK","SIDE","REAR END","AZ","SC","YES","D",192257,"A","[PREMIUM]",4555,"2.4L 4","FRONT WHEEL DRIVE","AUTOMATIC","GAS",4,"Run & Drive Verified","Pure Sale","[PREMIUM]",,"PHOENIX","AZ","85085","USA","USD","[PREMIUM]","[PREMIUM]","K070",false,"[PREMIUM]","EX",false,false,"[PREMIUM]",,,,,,,,"[PREMIUM]"
"63975316","2026-08-08 02:57:14.217","2026-08-18 03:25:23.337","63975316","2026-08-17 14:06:05.000","[PREMIUM]","362","AZ - PHOENIX NORTH","2026-08-18","TUESDAY","1200","PDT","2016","V",2020,"CHEVROLET","BOLT","BOLT EV","HATCHBACK","WHITE","REAR END","MINOR DENT/SCRATCHES","AZ","SC","YES","D",43634,"A","[PREMIUM]",9290,,"FRONT WHEEL DRIVE","AUTOMATIC","ELECTRIC",,"Run & Drive Verified","On Minimum Bid","[PREMIUM]",,"PHOENIX","AZ","85085","USA","USD","[PREMIUM]","[PREMIUM]","L040",false,"[PREMIUM]","LT",false,false,"[PREMIUM]",,,,,,,,"[PREMIUM]"
"63948276","2026-08-08 02:57:14.194","2026-08-13 14:31:46.947","63948276","2026-08-12 14:40:01.000","[PREMIUM]","362","AZ - PHOENIX NORTH","2026-08-13","THURSDAY","1200","PDT","65","V",2025,"VOLKSWAGEN","JETTA","JETTA","SEDAN","WHITE","FRONT END","MINOR DENT/SCRATCHES","AZ","SC","YES","D",17842,"A","[PREMIUM]",20797,"1.5L 4","FRONT WHEEL DRIVE","AUTOMATIC","GAS",4,"Run & Drive Verified","Pure Sale","[PREMIUM]",,"PHOENIX","AZ","85085","USA","USD","[PREMIUM]","[PREMIUM]","I060",false,"[PREMIUM]","SE",false,false,"[PREMIUM]",,,,,,,,"[PREMIUM]"
"63921506","2026-08-08 02:57:14.193","2026-08-18 09:03:25.087","63921506","2026-08-17 14:06:05.000","[PREMIUM]","362","AZ - PHOENIX NORTH","2026-08-18","TUESDAY","1200","PDT","73","V",2022,"FORD","F150","F150","PICKUP","GRAY","FRONT END","SIDE","AZ","SC","YES","D",148238,"A","[PREMIUM]",13441.55,"3.3L 6","REAR WHEEL DRIVE","AUTOMATIC","GAS",6,"Run & Drive Verified","Pure Sale","[PREMIUM]",,"PHOENIX","AZ","85085","USA","USD","[PREMIUM]","[PREMIUM]","B150",false,"[PREMIUM]","SUPER CAB",false,false,"[PREMIUM]",,,,,,,,"[PREMIUM]"
"63909876","2026-08-08 02:57:14.185","2026-08-13 14:31:46.889","63909876","2026-08-12 14:40:01.000","[PREMIUM]","362","AZ - PHOENIX NORTH","2026-08-13","THURSDAY","1200","PDT","40","V",2013,"KIA","SORENTO","SORENTO","4DR SPORT UTILITY","BROWN","REAR END",,"AZ","SC","YES","D",154104,"A","[PREMIUM]",6755.77,"2.4L 4","FRONT WHEEL DRIVE","AUTOMATIC","GAS",4,"Run & Drive Verified","Pure Sale","[PREMIUM]",,"PHOENIX","AZ","85085","USA","USD","[PREMIUM]","[PREMIUM]","H060",false,"[PREMIUM]","LX",false,false,"[PREMIUM]",,,,,,,,"[PREMIUM]"
"63794486","2026-08-08 02:57:14.161","2026-08-13 14:31:46.835","63794486","2026-08-12 14:40:01.000","[PREMIUM]","362","AZ - PHOENIX NORTH","2026-08-13","THURSDAY","1200","PDT","26","V",2010,"HONDA","CIVIC","CIVIC","SEDAN 4DR","SILVER","REAR END",,"AZ","SC","YES","D",117492,"A","[PREMIUM]",0,"1.8L 4","FRONT WHEEL DRIVE","AUTOMATIC","GAS",4,"Run & Drive Verified","On Minimum Bid","[PREMIUM]",,"PHOENIX","AZ","85085","USA","USD","[PREMIUM]","[PREMIUM]","N040",true,"[PREMIUM]","EXL",false,false,"[PREMIUM]",,,,,,,,"[PREMIUM]"
"63776636","2026-08-08 02:57:14.153","2026-08-13 14:31:46.830","63776636","2026-08-12 14:40:01.000","[PREMIUM]","362","AZ - PHOENIX NORTH","2026-08-13","THURSDAY","1200","PDT","31","V",2010,"BMW","3 SERIES","328","SEDAN 4DR","BURGUNDY","FRONT END",,"AZ","SC","YES","D",86693,"A","[PREMIUM]",4343.28,"3.0L 6","ALL WHEEL DRIVE","AUTOMATIC","GAS",6,"Run & Drive Verified","Pure Sale","[PREMIUM]",,"PHOENIX","AZ","85085","USA","USD","[PREMIUM]","[PREMIUM]","M080",false,"[PREMIUM]","XI",false,false,"[PREMIUM]",,,,,,,,"[PREMIUM]"
"63863766","2026-08-08 02:57:14.143","2026-08-13 14:31:46.892","63863766","2026-08-12 14:40:01.000","[PREMIUM]","362","AZ - PHOENIX NORTH","2026-08-13","THURSDAY","1200","PDT","19","V",2016,"VOLKSWAGEN","JETTA","JETTA","SEDAN 4DR","SILVER","FRONT END","MINOR DENT/SCRATCHES","AZ","SC","YES","D",182498,"A","[PREMIUM]",5439.58,"1.4L 4","FRONT WHEEL DRIVE","AUTOMATIC","GAS",4,"Run & Drive Verified","On Minimum Bid","[PREMIUM]",,"PHOENIX","AZ","85085","USA","USD","[PREMIUM]","[PREMIUM]","M080",false,"[PREMIUM]","S",false,false,"[PREMIUM]",,,,,,,,"[PREMIUM]"
"63747366","2026-08-08 02:57:14.114","2026-08-13 14:31:46.785","63747366","2026-08-12 14:40:02.000","[PREMIUM]","362","AZ - PHOENIX NORTH","2026-08-13","THURSDAY","1200","PDT","1146","V",2006,"INFINITI","G35","G35","SEDAN","SILVER","FRONT END","MINOR DENT/SCRATCHES","AZ","SC","NO","E",0,"E","[PREMIUM]",5446,"3.5L 6","REAR WHEEL DRIVE","AUTOMATIC","GAS",6,"DEFAULT","Pure Sale","[PREMIUM]",,"PHOENIX","AZ","85085","USA","USD","[PREMIUM]","[PREMIUM]","N070",false,"[PREMIUM]","BASE",false,false,"[PREMIUM]",,,,,,,,"[PREMIUM]"
"63752426","2026-08-08 02:57:14.096","2026-08-20 17:43:56.734","63752426","2026-08-19 19:38:34.000","[PREMIUM]","362","AZ - PHOENIX NORTH","2026-08-20","THURSDAY","1200","PDT","3","V",2009,"CHEVROLET","SILVERADO","SILVERADO","CREW PICKUP","WHITE","MECHANICAL","MINOR DENT/SCRATCHES","AZ","CT","YES","D",126477,"A","[PREMIUM]",0,"5.3L 8","4X4 W/REAR WHEEL DRV","AUTOMATIC","GAS",8,"Run & Drive Verified","On Minimum Bid","[PREMIUM]",,"PHOENIX","AZ","85085","USA","USD","[PREMIUM]","[PREMIUM]","CD002",true,"[PREMIUM]","K1500 LT",false,false,"[PREMIUM]",,,,,,,,"[PREMIUM]"
"63770666","2026-08-08 02:57:14.092","2026-08-13 14:31:46.820","63770666","2026-08-12 14:40:01.000","[PREMIUM]","362","AZ - PHOENIX NORTH","2026-08-13","THURSDAY","1200","PDT","68","V",2010,"HYUNDAI","SONATA","SONATA","SEDAN","GREEN","REAR END",,"AZ","SC","YES","D",169034,"E","[PREMIUM]",3562.61,"2.4L 4","FRONT WHEEL DRIVE","AUTOMATIC","GAS",4,"Run & Drive Verified","Pure Sale","[PREMIUM]",,"PHOENIX","AZ","85085","USA","USD","[PREMIUM]","[PREMIUM]","K030",false,"[PREMIUM]","GLS",false,false,"[PREMIUM]",,,,,,,,"[PREMIUM]"
"63586596","2026-08-08 02:57:14.042","2026-08-13 14:31:46.692","63586596","2026-08-12 14:40:01.000","[PREMIUM]","362","AZ - PHOENIX NORTH","2026-08-13","THURSDAY","1200","PDT","2","V",2015,"MAZDA","CX-5","CX-5","4DR SPORT UTILITY","BLUE","FRONT END",,"AZ","SC","YES","D",122869,"A","[PREMIUM]",11326.85,"2.5L 4","FRONT WHEEL DRIVE","AUTOMATIC","GAS",4,"Run & Drive Verified","Pure Sale","[PREMIUM]",,"PHOENIX","AZ","85085","USA","USD","[PREMIUM]","[PREMIUM]","N110",false,"[PREMIUM]","GT",false,false,"[PREMIUM]",,,,,,,,"[PREMIUM]"
"63592066","2026-08-08 02:57:14.032","2026-08-18 09:03:24.915","63592066","2026-08-17 14:06:05.000","[PREMIUM]","362","AZ - PHOENIX NORTH","2026-08-18","TUESDAY","1200","PDT","2018","V",2026,"NISSAN","SENTRA","SENTRA","SEDAN","WHITE","FRONT END",,"AZ","SC","YES","D",799,"A","[PREMIUM]",22668.49,"2.0L 4","FRONT WHEEL DRIVE","AUTOMATIC","GAS",4,"Run & Drive Verified","Pure Sale","[PREMIUM]",,"PHOENIX","AZ","85085","USA","USD","[PREMIUM]","[PREMIUM]","M050",false,"[PREMIUM]","SV",false,false,"[PREMIUM]",,,,,,,,"[PREMIUM]"
"63603056","2026-08-08 02:57:14.029","2026-08-12 08:33:37.727","63603056","2026-08-10 18:58:28.000","[PREMIUM]","362","AZ - PHOENIX NORTH","2026-08-13","THURSDAY","1200","PDT","0","V",2011,"NISSAN","SENTRA","SENTRA","SEDAN","SILVER","MINOR DENT/SCRATCHES",,"AZ","CT","YES","D",146370,"A","[PREMIUM]",0,"2.0L 4","FRONT WHEEL DRIVE","AUTOMATIC","GAS",4,"Run & Drive Verified","On Minimum Bid","[PREMIUM]",,"PHOENIX","AZ","85085","USA","USD","[PREMIUM]","[PREMIUM]","H070",true,"[PREMIUM]","2.0",false,false,"[PREMIUM]",,,,,,,,"[PREMIUM]"
"63410486","2026-08-08 02:57:13.965","2026-08-19 15:03:24.054","63410486","2026-08-19 10:00:41.000","[PREMIUM]","835","MEDIUM DUTY SPECIALTY SALE","2026-08-19","WEDNESDAY","1100","CDT","4606","K",2002,"DODGE","B SERIES","RAM VAN","CARGO VAN","WHITE","SIDE","FRONT END","AZ","SC","YES","E",290256,"A","[PREMIUM]",6615.85,"5.9L 8","REAR WHEEL DRIVE","AUTOMATIC","GAS",8,"DEFAULT","Pure Sale","[PREMIUM]",,"PHOENIX","AZ","85085","USA","USD","[PREMIUM]","[PREMIUM]","F190",false,"[PREMIUM]","B3500",false,false,"[PREMIUM]",,,,,,,,"[PREMIUM]"
"63447856","2026-08-08 02:57:13.963","2026-08-13 14:31:46.617","63447856","2026-08-12 14:40:02.000","[PREMIUM]","362","AZ - PHOENIX NORTH","2026-08-13","THURSDAY","1200","PDT","88","V",2005,"NISSAN","FRONTIER","FRONTIER","PICKUP","WHITE","MECHANICAL","MINOR DENT/SCRATCHES","AZ","CT","YES","D",367218,"A","[PREMIUM]",0,"2.5L 4","REAR WHEEL DRIVE","AUTOMATIC","GAS",4,"Run & Drive Verified","On Minimum Bid","[PREMIUM]",,"PHOENIX","AZ","85085","USA","USD","[PREMIUM]","[PREMIUM]","C130",true,"[PREMIUM]","XE",false,false,"[PREMIUM]",,,,,,,,"[PREMIUM]"
"63448456","2026-08-08 02:57:13.955","2026-08-20 17:43:56.611","63448456","2026-08-19 16:40:41.000","[PREMIUM]","362","AZ - PHOENIX NORTH","2026-08-20","THURSDAY","1200","PDT","103","V",2017,"FORD","ESCAPE","ESCAPE","4DR SPORT UTILITY","SILVER","FRONT END",,"AZ","SC","YES","D",130082,"A","[PREMIUM]",3327,"1.5L 4","4X4 W/FRONT WHL DRV","AUTOMATIC","GAS",4,"Run & Drive Verified","On Minimum Bid","[PREMIUM]",,"PHOENIX","AZ","85085","USA","USD","[PREMIUM]","[PREMIUM]","J090",false,"[PREMIUM]","SE",false,false,"[PREMIUM]",,,,,,,,"[PREMIUM]"
"63238896","2026-08-08 02:57:13.910","2026-08-13 14:31:46.532","63238896","2026-08-12 14:40:02.000","[PREMIUM]","362","AZ - PHOENIX NORTH","2026-08-13","THURSDAY","1200","PDT","1120","V",2021,"KIA","SELTOS","SELTO","SPORT UTILITY VEHICLE","RED","FRONT END","MECHANICAL","AZ","SC","YES","E",68531,"A","[PREMIUM]",19727.82,"2.0L 4","FRONT WHEEL DRIVE","AUTOMATIC","GAS",4,"DEFAULT","Pure Sale","[PREMIUM]",,"PHOENIX","AZ","85085","USA","USD","[PREMIUM]","[PREMIUM]","L050",false,"[PREMIUM]",,false,false,"[PREMIUM]",,,,,,,,"[PREMIUM]"
"63032266","2026-08-08 02:57:13.865","2026-08-13 14:31:46.373","63032266","2026-08-12 14:40:01.000","[PREMIUM]","362","AZ - PHOENIX NORTH","2026-08-13","THURSDAY","1200","PDT","60","V",2014,"CHEVROLET","TRAVERSE","TRAVERSE","4DR SPORT UTILITY","WHITE","FRONT END","REAR END","AZ","SC","YES","D",167225,"A","[PREMIUM]",14020.76,"3.6L 6","FRONT WHEEL DRIVE","AUTOMATIC","GAS",6,"Run & Drive Verified","Pure Sale","[PREMIUM]",,"PHOENIX","AZ","85085","USA","USD","[PREMIUM]","[PREMIUM]","M110",false,"[PREMIUM]","LT",false,false,"[PREMIUM]",,,,,,,,"[PREMIUM]"
"62866986","2026-08-08 02:57:13.769","2026-08-13 14:31:46.282","62866986","2026-08-12 14:40:02.000","[PREMIUM]","362","AZ - PHOENIX NORTH","2026-08-13","THURSDAY","1200","PDT","96","V",2018,"FORD","ESCAPE","ESCAPE","SPORT UTILITY VEHICLE","GRAY","FRONT END",,"AZ","SC","YES","D",108303,"A","[PREMIUM]",4268.2,"1.5L 4","FRONT WHEEL DRIVE","AUTOMATIC","GAS",4,"Run & Drive Verified","Pure Sale","[PREMIUM]",,"PHOENIX","AZ","85085","USA","USD","[PREMIUM]","[PREMIUM]","D140",false,"[PREMIUM]","SE",false,false,"[PREMIUM]",,,,,,,,"[PREMIUM]"
"62709806","2026-08-08 02:57:13.725","2026-08-18 09:03:24.611","62709806","2026-08-17 14:06:05.000","[PREMIUM]","362","AZ - PHOENIX NORTH","2026-08-18","TUESDAY","1200","PDT","121","V",2021,"MAZDA","CX-5","CX-5","SPORT UTILITY VEHICLE","RED","FRONT END","SIDE","AZ","SC","YES","D",51774,"N","[PREMIUM]",27703.04,"2.5L 4","FRONT WHEEL DRIVE","AUTOMATIC","GAS",4,"Run & Drive Verified","Pure Sale","[PREMIUM]",,"PHOENIX","AZ","85085","USA","USD","[PREMIUM]","[PREMIUM]","H090",false,"[PREMIUM]","GRAND TOURING",false,false,"[PREMIUM]",,,,,,,,"[PREMIUM]"
"62442336","2026-08-08 02:57:13.674","2026-08-13 14:31:46.142","62442336","2026-08-12 14:40:02.000","[PREMIUM]","362","AZ - PHOENIX NORTH","2026-08-13","THURSDAY","1200","PDT","1127","V",2017,"MAZDA","3","3","HATCHBACK 4DR","BLUE","FRONT END","MINOR DENT/SCRATCHES","AZ","SC","YES","E",36458,"A","[PREMIUM]",9983.41,"2.0L 4","FRONT WHEEL DRIVE","AUTOMATIC","GAS",4,"DEFAULT","Pure Sale","[PREMIUM]",,"PHOENIX","AZ","85085","USA","USD","[PREMIUM]","[PREMIUM]","M070",false,"[PREMIUM]","TOURING",false,false,"[PREMIUM]",,,,,,,,"[PREMIUM]"
"62461996","2026-08-08 02:57:13.663","2026-08-13 14:31:46.211","62461996","2026-08-12 14:40:02.000","[PREMIUM]","362","AZ - PHOENIX NORTH","2026-08-13","THURSDAY","1200","PDT","120","V",2008,"VOLVO","XC90","XC90","4DR SPORT UTILITY","GRAY","FRONT END","MINOR DENT/SCRATCHES","AZ","SC","YES","D",222329,"A","[PREMIUM]",4883.18,"3.2L 6","ALL WHEEL DRIVE","AUTOMATIC","GAS",6,"Run & Drive Verified","Pure Sale","[PREMIUM]",,"PHOENIX","AZ","85085","USA","USD","[PREMIUM]","[PREMIUM]","D130",false,"[PREMIUM]","3.2",false,false,"[PREMIUM]",,,,,,,,"[PREMIUM]"
"62499786","2026-08-08 02:57:13.652","2026-08-13 14:31:46.190","62499786","2026-08-12 14:40:02.000","[PREMIUM]","362","AZ - PHOENIX NORTH","2026-08-13","THURSDAY","1200","PDT","109","V",2002,"GMC","YUKON","YUKON","4DR SPORT UTILITY","WHITE","FRONT END","REAR END","AZ","SC","YES","D",191946,"A","[PREMIUM]",4400,"5.3L 8","REAR WHEEL DRIVE","AUTOMATIC","GAS",8,"Run & Drive Verified","Pure Sale","[PREMIUM]",,"PHOENIX","AZ","85085","USA","USD","[PREMIUM]","[PREMIUM]","D150",false,"[PREMIUM]",,false,false,"[PREMIUM]",,,,,,,,"[PREMIUM]"
"61974886","2026-08-08 02:57:13.612","2026-08-19 21:07:26.289","61974886","2026-08-19 19:22:43.000","[PREMIUM]","362","AZ - PHOENIX NORTH","2026-08-20","THURSDAY","1200","PDT","114","V",2023,"TOYOTA","HIGHLANDER","HIGHLANDER","SUV","GRAY","SIDE",,"AZ","SC","YES","D",134884,"A","[PREMIUM]",11413.05,"2.4L 4","FRONT WHEEL DRIVE","AUTOMATIC","GAS",4,"Run & Drive Verified","Pure Sale","[PREMIUM]",,"PHOENIX","AZ","85085","USA","USD","[PREMIUM]","[PREMIUM]","I100",false,"[PREMIUM]","L",false,false,"[PREMIUM]",,,,,,,,"[PREMIUM]"
"62255096","2026-08-08 02:57:13.611","2026-08-13 14:31:46.114","62255096","2026-08-12 14:40:01.000","[PREMIUM]","362","AZ - PHOENIX NORTH","2026-08-13","THURSDAY","1200","PDT","30","V",2007,"DODGE","RAM 2500","RAM 2500","CREW PICKUP","TAN","FRONT END",,"AZ","SC","YES","D",93521,"A","[PREMIUM]",10176.39,"5.9L 6","REAR WHEEL DRIVE","AUTOMATIC","DIESEL",6,"Run & Drive Verified","On Minimum Bid","[PREMIUM]",,"PHOENIX","AZ","85085","USA","USD","[PREMIUM]","[PREMIUM]","C120",false,"[PREMIUM]","ST",false,false,"[PREMIUM]",,,,,,,,"[PREMIUM]"
"61797556","2026-08-08 02:57:13.552","2026-08-18 09:03:24.249","61797556","2026-08-17 14:06:05.000","[PREMIUM]","362","AZ - PHOENIX NORTH","2026-08-18","TUESDAY","1200","PDT","38","V",2011,"CHRYSLER","300","300C","SEDAN 4DR","WHITE","WATER/FLOOD",,"AZ","SC","YES","D",152512,"A","[PREMIUM]",13349.67,"5.7L 8","REAR WHEEL DRIVE","AUTOMATIC","GAS",8,"Run & Drive Verified","Pure Sale","[PREMIUM]",,"PHOENIX","AZ","85085","USA","USD","[PREMIUM]","[PREMIUM]","G040",false,"[PREMIUM]",,false,false,"[PREMIUM]",,,,,,,,"[PREMIUM]"
"61878056","2026-08-08 02:57:13.549","2026-08-18 09:03:24.282","61878056","2026-08-17 14:06:05.000","[PREMIUM]","362","AZ - PHOENIX NORTH","2026-08-18","TUESDAY","1200","PDT","89","V",2012,"CHRYSLER","200","200","SEDAN 4DR","GRAY","FRONT END","SIDE","AZ","SC","YES","D",152501,"A","[PREMIUM]",3504,"3.6L 6","FRONT WHEEL DRIVE","AUTOMATIC","FLEXIBLE",6,"Run & Drive Verified","Pure Sale","[PREMIUM]",,"PHOENIX","AZ","85085","USA","USD","[PREMIUM]","[PREMIUM]","K080",false,"[PREMIUM]","TOURING",false,false,"[PREMIUM]",,,,,,,,"[PREMIUM]"
"61689096","2026-08-08 02:57:13.547","2026-08-20 17:43:56.078","61689096","2026-08-19 16:40:41.000","[PREMIUM]","362","AZ - PHOENIX NORTH","2026-08-20","THURSDAY","1200","PDT","101","V",2020,"KIA","OPTIMA","OPTIMA","SEDAN","SILVER","REAR END","SIDE","AZ","SC","YES","D",90614,"A","[PREMIUM]",8578.47,"2.4L 4","FRONT WHEEL DRIVE","AUTOMATIC","GAS",4,"Run & Drive Verified","On Minimum Bid","[PREMIUM]",,"PHOENIX","AZ","85085","USA","USD","[PREMIUM]","[PREMIUM]","J070",false,"[PREMIUM]","LX",false,false,"[PREMIUM]",,,,,,,,"[PREMIUM]"
"61554196","2026-08-08 02:57:13.522","2026-08-22 17:49:18.703","61554196","2026-08-19 08:01:40.000","[PREMIUM]","362","AZ - PHOENIX NORTH","2026-08-25","TUESDAY","1200","PDT","0","V",2006,"BMW","3 SERIES","330","SEDAN 4DR","SILVER","FRONT END","MECHANICAL","AZ","SC","YES","E",160341,"A","[PREMIUM]",4785.31,"3.0L 6","REAR WHEEL DRIVE","AUTOMATIC","GAS",6,"DEFAULT","On Minimum Bid","[PREMIUM]",,"PHOENIX","AZ","85085","USA","USD","[PREMIUM]","[PREMIUM]","G100",false,"[PREMIUM]","I",false,false,"[PREMIUM]",,,,,,,,"[PREMIUM]"
"60863626","2026-08-08 02:57:13.380","2026-08-13 14:31:45.849","60863626","2026-08-12 14:40:01.000","[PREMIUM]","362","AZ - PHOENIX NORTH","2026-08-13","THURSDAY","1200","PDT","67","V",2025,"KIA","TELLURIDE","TELLURIDE","SUV","GRAY","REAR END",,"AZ","SC","YES","D",9497,"A","[PREMIUM]",24410.5,"3.8L 6","ALL WHEEL DRIVE","AUTOMATIC","GAS",6,"Run & Drive Verified","Pure Sale","[PREMIUM]",,"PHOENIX","AZ","85085","USA","USD","[PREMIUM]","[PREMIUM]","E120",false,"[PREMIUM]","SX X-LINE",false,false,"[PREMIUM]",,,,,,,,"[PREMIUM]"
"60688616","2026-08-08 02:57:13.340","2026-08-18 09:03:24.010","60688616","2026-08-17 14:06:05.000","[PREMIUM]","362","AZ - PHOENIX NORTH","2026-08-18","TUESDAY","1200","PDT","48","V",2017,"FORD","FIESTA","FIESTA","HATCHBACK 4DR","WHITE","REAR END",,"AZ","SC","YES","D",84170,"A","[PREMIUM]",6821,"1.6L 4","FRONT WHEEL DRIVE","AUTOMATIC","GAS",4,"Run & Drive Verified","Pure Sale","[PREMIUM]",,"PHOENIX","AZ","85085","USA","USD","[PREMIUM]","[PREMIUM]","J090",false,"[PREMIUM]","SE",false,false,"[PREMIUM]",,,,,,,,"[PREMIUM]"
"60019626","2026-08-08 02:57:13.198","2026-08-21 23:51:08.626","60019626","2026-08-21 21:50:13.000","[PREMIUM]","362","AZ - PHOENIX NORTH","2026-08-27","THURSDAY","1200","PDT","0","V",2020,"HYUNDAI","ELANTRA","ELANTRA","SEDAN","BLUE","FRONT END","SIDE","AZ","SC","YES","E",82876,"A","[PREMIUM]",13710.6,"2.0L 4","FRONT WHEEL DRIVE","AUTOMATIC","GAS",4,"DEFAULT","On Minimum Bid","[PREMIUM]",,"PHOENIX","AZ","85085","USA","USD","[PREMIUM]","[PREMIUM]","K070",false,"[PREMIUM]","SE",false,false,"[PREMIUM]",,,,,,,,"[PREMIUM]"
"59918306","2026-08-08 02:57:13.175","2026-08-18 09:03:23.908","59918306","2026-08-17 14:06:04.000","[PREMIUM]","362","AZ - PHOENIX NORTH","2026-08-18","TUESDAY","1200","PDT","1","V",2022,"TOYOTA","RAV4","RAV4 PRIME","SPORT UTILITY VEHICLE","WHITE","SIDE",,"AZ","SC","YES","D",75257,"A","[PREMIUM]",15012.96,"2.5L 4","ALL WHEEL DRIVE","AUTOMATIC","ELECTRIC AND GAS HYBRID",4,"Run & Drive Verified","Pure Sale","[PREMIUM]",,"PHOENIX","AZ","85085","USA","USD","[PREMIUM]","[PREMIUM]","C130",false,"[PREMIUM]","XSE",false,false,"[PREMIUM]",,,,,,,,"[PREMIUM]"
"59696596","2026-08-08 02:57:13.139","2026-08-18 09:03:23.872","59696596","2026-08-17 14:06:05.000","[PREMIUM]","362","AZ - PHOENIX NORTH","2026-08-18","TUESDAY","1200","PDT","2593","V",2008,"HYUNDAI","ELANTRA","ELANTRA","SEDAN","SILVER","FRONT END",,"AZ","SC","YES","S",66638,"A","[PREMIUM]",5109.43,"2.0L 4","FRONT WHEEL DRIVE","AUTOMATIC","GAS",4,"Vehicle Starts","Pure Sale","[PREMIUM]",,"PHOENIX","AZ","85085","USA","USD","[PREMIUM]","[PREMIUM]","G090",false,"[PREMIUM]","GLS",false,false,"[PREMIUM]",,,,,,,,"[PREMIUM]"
"59162806","2026-08-08 02:57:13.061","2026-08-11 08:31:31.191","59162806","2026-08-10 15:21:44.000","[PREMIUM]","362","AZ - PHOENIX NORTH","2026-08-11","TUESDAY","1200","PDT","98","V",2012,"LEXUS","RX450","RX","4DR SPORT UTILITY","WHITE","REAR END","SIDE","AZ","CT","YES","D",133642,"A","[PREMIUM]",0,"3.5L 6","FRONT WHEEL DRIVE","AUTOMATIC","ELECTRIC AND GAS HYBRID",6,"Run & Drive Verified","On Approval","[PREMIUM]",,"PHOENIX","AZ","85085","USA","USD","[PREMIUM]","[PREMIUM]","D090",false,"[PREMIUM]","450H",false,false,"[PREMIUM]",,,,,,,,"[PREMIUM]"
"59181656","2026-08-08 02:57:13.039","2026-08-18 09:03:23.786","59181656","2026-08-17 14:06:05.000","[PREMIUM]","362","AZ - PHOENIX NORTH","2026-08-18","TUESDAY","1200","PDT","2601","V",2011,"HYUNDAI","ELANTRA","ELANTRA","SEDAN","SILVER","FRONT END","REAR END","AZ","SC","NO","E",0,"N","[PREMIUM]",4488.31,"1.8L 4","FRONT WHEEL DRIVE","AUTOMATIC","GAS",4,"DEFAULT","Pure Sale","[PREMIUM]",,"PHOENIX","AZ","85085","USA","USD","[PREMIUM]","[PREMIUM]","K090",false,"[PREMIUM]","GLS",false,false,"[PREMIUM]",,,,,,,,"[PREMIUM]"
"58286706","2026-08-08 02:57:12.921","2026-08-13 14:31:45.359","58286706","2026-08-12 14:40:01.000","[PREMIUM]","362","AZ - PHOENIX NORTH","2026-08-13","THURSDAY","1200","PDT","22","V",2021,"HYUNDAI","SONATA","SONATA","SEDAN","WHITE","REAR END","SIDE","AZ","SC","YES","D",67248,"A","[PREMIUM]",8663.03,"2.5L 4","FRONT WHEEL DRIVE","AUTOMATIC","GAS",4,"Run & Drive Verified","On Minimum Bid","[PREMIUM]",,"PHOENIX","AZ","85085","USA","USD","[PREMIUM]","[PREMIUM]","H080",false,"[PREMIUM]","SEL",false,false,"[PREMIUM]",,,,,,,,"[PREMIUM]"
"58140206","2026-08-08 02:57:12.900","2026-08-14 16:17:48.194","58140206","2026-08-13 20:22:47.000","[PREMIUM]","362","AZ - PHOENIX NORTH","2026-08-20","THURSDAY","1200","PDT","0","V",2015,"LEXUS","RX350","RX","4DR SPORT UTILITY","BLACK","SIDE","REAR END","AZ","SC","YES","D",119113,"A","[PREMIUM]",9283,"3.5L 6","FRONT WHEEL DRIVE","AUTOMATIC","GAS",6,"Run & Drive Verified","On Minimum Bid","[PREMIUM]",,"PHOENIX","AZ","85085","USA","USD","[PREMIUM]","[PREMIUM]","K070",false,"[PREMIUM]","350",false,false,"[PREMIUM]",,,,,,,,"[PREMIUM]"
"57571836","2026-08-08 02:57:12.819","2026-08-13 14:31:45.184","57571836","2026-08-12 17:11:55.000","[PREMIUM]","362","AZ - PHOENIX NORTH","2026-08-13","THURSDAY","1200","PDT","20","V",2025,"CHEVROLET","SUBURBAN","SUBURBAN","SPORT UTILITY VEHICLE","RED","FRONT END","MINOR DENT/SCRATCHES","AZ","SC","YES","D",24538,"A","[PREMIUM]",21648.38,"5.3L 8","4X4 W/REAR WHEEL DRV","AUTOMATIC","GAS",8,"Run & Drive Verified","Pure Sale","[PREMIUM]",,"PHOENIX","AZ","85085","USA","USD","[PREMIUM]","[PREMIUM]","D120",false,"[PREMIUM]","K1500 RST",false,false,"[PREMIUM]",,,,,,,,"[PREMIUM]"
"54910196","2026-08-08 02:57:12.515","2026-08-13 14:31:44.912","54910196","2026-08-12 17:32:39.000","[PREMIUM]","362","AZ - PHOENIX NORTH","2026-08-13","THURSDAY","1200","PDT","1156","V",2014,"JEEP","CHEROKEE","GRAND CHEROKEE","4DR SPORT UTILITY","GRAY","SIDE","REAR END","AZ","SC","YES","S",101606,"A","[PREMIUM]",10591,"3.6L 6","4X4 W/REAR WHEEL DRV","AUTOMATIC","FLEXIBLE",6,"Vehicle Starts","Pure Sale","[PREMIUM]",,"PHOENIX","AZ","85085","USA","USD","[PREMIUM]","[PREMIUM]","C090",false,"[PREMIUM]","LIMITED",false,false,"[PREMIUM]",,,,,,,,"[PREMIUM]"
"55014426","2026-08-08 02:57:12.508","2026-08-13 14:31:44.908","55014426","2026-08-12 14:40:02.000","[PREMIUM]","362","AZ - PHOENIX NORTH","2026-08-13","THURSDAY","1200","PDT","122","V",2022,"HONDA","ODYSSEY","ODYSSEY","VAN PASSENGER","WHITE","REAR END","SIDE","AZ","SC","YES","D",79589,"A","[PREMIUM]",18700.72,"3.5L 6","FRONT WHEEL DRIVE","AUTOMATIC","GAS",6,"Run & Drive Verified","On Minimum Bid","[PREMIUM]",,"PHOENIX","AZ","85085","USA","USD","[PREMIUM]","[PREMIUM]","D100",false,"[PREMIUM]","ELITE",false,false,"[PREMIUM]",,,,,,,,"[PREMIUM]"
"53996626","2026-08-08 02:57:12.445","2026-08-13 14:31:44.787","53996626","2026-08-12 14:40:02.000","[PREMIUM]","362","AZ - PHOENIX NORTH","2026-08-13","THURSDAY","1200","PDT","1101","V",2015,"KIA","RIO","RIO","SEDAN 4DR","WHITE","FRONT END",,"AZ","SC","YES","E",76214,"A","[PREMIUM]",0,"1.6L 4","FRONT WHEEL DRIVE","AUTOMATIC","GAS",4,"DEFAULT","Pure Sale","[PREMIUM]",,"PHOENIX","AZ","85085","USA","USD","[PREMIUM]","[PREMIUM]","D100",false,"[PREMIUM]","LX",false,false,"[PREMIUM]",,,,,,,,"[PREMIUM]"
"54560236","2026-08-08 02:57:12.444","2026-08-11 08:31:30.624","54560236","2026-08-10 15:21:44.000","[PREMIUM]","362","AZ - PHOENIX NORTH","2026-08-11","TUESDAY","1200","PDT","2571","V",2013,"HYUNDAI","ACCENT","ACCENT","SEDAN","BLACK","FRONT END","SIDE","AZ","SC","YES","E",95707,"A","[PREMIUM]",5816.11,"1.6L 4","FRONT WHEEL DRIVE","AUTOMATIC","GAS",4,"DEFAULT","Pure Sale","[PREMIUM]",,"PHOENIX","AZ","85085","USA","USD","[PREMIUM]","[PREMIUM]","N090",false,"[PREMIUM]","GLS",false,false,"[PREMIUM]",,,,,,,,"[PREMIUM]"
"53210576","2026-08-08 02:57:12.383","2026-08-22 17:49:17.568","53210576","2026-08-18 22:03:04.000","[PREMIUM]","362","AZ - PHOENIX NORTH","2026-08-25","TUESDAY","1200","PDT","0","V",2023,"CHEVROLET","MALIBU","MALIBU","SEDAN","BLACK","FRONT END","MINOR DENT/SCRATCHES","AZ","SC","EXM","E",71694,"N","[PREMIUM]",19074.33,"1.5L 4","FRONT WHEEL DRIVE","AUTOMATIC","GAS",4,"DEFAULT","On Minimum Bid","[PREMIUM]",,"PHOENIX","AZ","85085","USA","USD","[PREMIUM]","[PREMIUM]","I030",false,"[PREMIUM]","RS",false,false,"[PREMIUM]",,,,,,,,"[PREMIUM]"
"63913246","2026-08-08 02:57:11.896","2026-08-18 09:03:22.337","63913246","2026-08-11 20:41:17.000","[PREMIUM]","361","MA - FREETOWN","2026-08-19","WEDNESDAY","1000","EDT","0","V",2016,"HYUNDAI","TUCSON","TUCSON","SUV","BLUE","VANDALISM","MINOR DENT/SCRATCHES","CO","BS","EXM","D",51153,"A","[PREMIUM]",19504.69,"2.0L 4","ALL WHEEL DRIVE","AUTOMATIC","GAS",4,"Run & Drive Verified","On Approval","[PREMIUM]",,"ASSONET","MA","02702","USA","USD","[PREMIUM]","[PREMIUM]","G040",false,"[PREMIUM]","SE",false,false,"[PREMIUM]",,,,,,,,"[PREMIUM]"
"62774006","2026-08-08 02:57:11.661","2026-08-10 02:58:08.095","62774006","2026-08-09 17:43:21.000","[PREMIUM]","838","RENTAL VEHICLE SALE","2026-08-10","MONDAY","1200","EDT","0","V",2024,"TOYOTA","PRIUS","PRIUS","HATCHBACK","GRAY","REAR END",,"DC","CT","YES","D",30416,"A","[PREMIUM]",8558,"2.0L 4","FRONT WHEEL DRIVE","MANUAL","ELECTRIC AND GAS HYBRID",4,"Run & Drive Verified","On Minimum Bid","[PREMIUM]",,"ASSONET","MA","02702","USA","USD","[PREMIUM]","[PREMIUM]","C030",false,"[PREMIUM]","LE",false,false,"[PREMIUM]",,,,,,,,"[PREMIUM]"
"62608076","2026-08-08 02:57:11.597","2026-08-18 09:03:21.830","62608076","2026-08-17 20:01:44.000","[PREMIUM]","855","WHOLESALE AUCTION","2026-08-18","TUESDAY","1200","EDT","2125","V",2018,"FORD","EXPLORER","EXPLORER","SPORT UTILITY VEHICLE","WHITE","MINOR DENT/SCRATCHES",,"MA","CT","YES","D",208213,"A","[PREMIUM]",6184,"3.5L 6","4X4 W/FRONT WHL DRV","AUTOMATIC","GAS",6,"Run & Drive Verified","On Minimum Bid","[PREMIUM]",,"ASSONET","MA","02702","USA","USD","[PREMIUM]","[PREMIUM]","D010",true,"[PREMIUM]","XLT",false,true,"[PREMIUM]",,,,,"YELLOW LIGHT",3.7,"Maintenance,Other,Emission","[PREMIUM]"
"61741066","2026-08-08 02:57:11.378","2026-08-12 08:33:34.734","61741066","2026-08-07 22:48:09.000","[PREMIUM]","838","RENTAL VEHICLE SALE","2026-08-12","WEDNESDAY","1200","EDT","0","V",2026,"JEEP","GRAND WAGO","GRAND WAGONEER","SPORT UTILITY VEHICLE","BLACK","FRONT END","SIDE","MN","CT","NO","E",4988,"A","[PREMIUM]",29412.49,"3.0L 6","4X4 W/REAR WHEEL DRV","AUTOMATIC","GAS",6,"DEFAULT","On Minimum Bid","[PREMIUM]",,"ASSONET","MA","02702","USA","USD","[PREMIUM]","[PREMIUM]","Q070",false,"[PREMIUM]","L LIMITED",false,false,"[PREMIUM]",,,,,,,,"[PREMIUM]"
"64409276","2026-08-08 02:57:09.123","2026-08-22 17:49:14.436","64409276","2026-08-19 16:57:24.000","[PREMIUM]","835","MEDIUM DUTY SPECIALTY SALE","2026-08-26","WEDNESDAY","1100","CDT","0","K",2015,"FORD","ALL Models","TRANSIT","CARGO VAN","WHITE","FRONT END","REAR END","IN","ST","YES","D",266505,"A","[PREMIUM]",0,"3.7L 6","REAR WHEEL DRIVE","AUTOMATIC","GAS",6,"Run & Drive Verified","On Minimum Bid","[PREMIUM]",,"FORT WAYNE","IN","46803 1546","USA","USD","[PREMIUM]","[PREMIUM]","HVY70",true,"[PREMIUM]","T-250",false,false,"[PREMIUM]",,,,,,,,"[PREMIUM]"
"60998736","2026-08-08 02:57:08.339","2026-08-22 17:49:13.036","60998736","2026-08-20 18:59:50.000","[PREMIUM]","360","IN - FORT WAYNE","2026-08-24","MONDAY","1000","EDT","0","V",2014,"BUICK","LACROSSE","LACROSSE","SEDAN 4DR","GOLD","REAR END","SIDE","IN","ST","YES","D",110763,"A","[PREMIUM]",6602.9,"3.6L 6","FRONT WHEEL DRIVE","AUTOMATIC","GAS",6,"Run & Drive Verified","On Minimum Bid","[PREMIUM]",,"FORT WAYNE","IN","46803 1546","USA","USD","[PREMIUM]","[PREMIUM]","J010",false,"[PREMIUM]",,false,false,"[PREMIUM]",,,,,,,,"[PREMIUM]"
"57495766","2026-08-08 02:57:06.757","2026-08-17 03:03:06.020","57495766","2026-08-07 21:12:51.000","[PREMIUM]","360","IN - FORT WAYNE","2026-08-17","MONDAY","1000","EDT","0","V",2014,"DODGE","DURANGO","DURANGO","4DR SPORT UTILITY","SILVER","FRONT END","SIDE","WV","CT","YES","E",168266,"A","[PREMIUM]",0,"5.7L 8","REAR WHEEL DRIVE","AUTOMATIC","GAS",8,"DEFAULT","On Minimum Bid","[PREMIUM]",,"FORT WAYNE","IN","46803 1546","USA","USD","[PREMIUM]","[PREMIUM]","D040",true,"[PREMIUM]","LIMITED",false,false,"[PREMIUM]",,,,,,,,"[PREMIUM]"
"63444376","2026-08-08 02:57:04.851","2026-08-19 15:03:14.739","63444376","2026-08-07 20:42:56.000","[PREMIUM]","359","GA - AUGUSTA",,,,"EDT","0","V",2007,"FORD","FOCUS","FOCUS","SEDAN 4DR","WHITE","FRONT END",,"GA","ST","YES","D",142938,"A","[PREMIUM]",4389.86,"2.0L 4","FRONT WHEEL DRIVE","AUTOMATIC","GAS",4,"Run & Drive Verified","Pure Sale","[PREMIUM]",,"AUGUSTA","GA","30906","USA","USD","[PREMIUM]","[PREMIUM]","SC002",false,"[PREMIUM]","ZX4",false,false,"[PREMIUM]",,,,,,,,"[PREMIUM]"
"63032016","2026-08-08 02:57:04.789","2026-08-22 17:49:09.615","63032016","2026-08-07 20:41:34.000","[PREMIUM]","359","GA - AUGUSTA",,,,"EDT","0","V",2014,"MERCEDES-BENZ","E-CLASS","E","SEDAN 4DR","SILVER","ALL OVER",,"SC","ST","YES","E",0,"N","[PREMIUM]",24292.52,"3.5L 6","REAR WHEEL DRIVE","AUTOMATIC","GAS",6,"DEFAULT","Pure Sale","[PREMIUM]",,"AUGUSTA","GA","30906","USA","USD","[PREMIUM]","[PREMIUM]","E040",false,"[PREMIUM]","350",false,false,"[PREMIUM]",,,,,,,,"[PREMIUM]"
"62786706","2026-08-08 02:57:04.749","2026-08-22 17:49:09.613","62786706","2026-08-20 14:46:49.000","[PREMIUM]","359","GA - AUGUSTA","2026-08-25","TUESDAY","1000","EDT","0","V",2018,"NISSAN","VERSA","VERSA NOTE",,"GRAY","REAR END",,"GA","ST","YES","D",124604,"A","[PREMIUM]",8056.08,,,"AUTOMATIC",,,"Run & Drive Verified","Pure Sale","[PREMIUM]",,"AUGUSTA","GA","30906","USA","USD","[PREMIUM]","[PREMIUM]","D020",false,"[PREMIUM]","SV",false,false,"[PREMIUM]",,,,,,,,"[PREMIUM]"
"62448226","2026-08-08 02:57:04.712","2026-08-22 17:49:09.643","62448226","2026-08-20 15:24:52.000","[PREMIUM]","359","GA - AUGUSTA","2026-08-25","TUESDAY","1000","EDT","0","V",2022,"KIA","RIO","RIO","SEDAN","RED","FRONT END",,"GA","ST","YES","D",74653,"A","[PREMIUM]",11261.64,"1.6L 4","FRONT WHEEL DRIVE","AUTOMATIC","GAS",4,"Run & Drive Verified","Pure Sale","[PREMIUM]",,"AUGUSTA","GA","30906","USA","USD","[PREMIUM]","[PREMIUM]","A020",false,"[PREMIUM]","S",false,false,"[PREMIUM]",,,,,,,,"[PREMIUM]"
"62474106","2026-08-08 02:57:04.710","2026-08-22 17:49:09.606","62474106","2026-08-21 15:16:36.000","[PREMIUM]","359","GA - AUGUSTA","2026-08-25","TUESDAY","1000","EDT","0","V",2021,"VOLVO","XC60","XC60","SPORT UTILITY VEHICLE","GRAY","SIDE","UNDERCARRIAGE","GA","ST","YES","S",60081,"A","[PREMIUM]",20748,"2.0L 4","FRONT WHEEL DRIVE","AUTOMATIC","GAS",4,"Vehicle Starts","Pure Sale","[PREMIUM]",,"AUGUSTA","GA","30906","USA","USD","[PREMIUM]","[PREMIUM]","E090",false,"[PREMIUM]","T5 MOMENTUM",false,false,"[PREMIUM]",,,,,,,,"[PREMIUM]"
"60360956","2026-08-08 02:57:04.586","2026-08-11 08:31:23.135","60360956","2026-08-10 18:19:28.000","[PREMIUM]","359","GA - AUGUSTA","2026-08-11","TUESDAY","1000","EDT","1142","V",2022,"HONDA","HR-V","HR-V","SPORT UTILITY VEHICLE","BLACK","FRONT END","TOP/ROOF","GA","ST","EXM","E",0,"N","[PREMIUM]",20897.37,"1.8L 4","FRONT WHEEL DRIVE","AUTOMATIC","GAS",4,"DEFAULT","Pure Sale","[PREMIUM]",,"AUGUSTA","GA","30906","USA","USD","[PREMIUM]","[PREMIUM]","A070",false,"[PREMIUM]","SPORT",false,false,"[PREMIUM]",,,,,,,,"[PREMIUM]"
"59779456","2026-08-08 02:57:04.555","2026-08-22 17:49:09.548","59779456","2026-08-20 16:00:28.000","[PREMIUM]","359","GA - AUGUSTA","2026-08-25","TUESDAY","1000","EDT","0","V",2017,"HONDA","CIVIC","CIVIC","SEDAN 4DR","BLUE","FRONT END",,"GA","ST","YES","D",195373,"A","[PREMIUM]",0,"2.0L 4","FRONT WHEEL DRIVE","AUTOMATIC","GAS",4,"Run & Drive Verified","Pure Sale","[PREMIUM]",,"AUGUSTA","GA","30906","USA","USD","[PREMIUM]","[PREMIUM]","E080",false,"[PREMIUM]","LX",false,false,"[PREMIUM]",,,,,,,,"[PREMIUM]"
"59760856","2026-08-08 02:57:04.545","2026-08-22 17:49:09.548","59760856","2026-08-07 20:42:56.000","[PREMIUM]","359","GA - AUGUSTA",,,,"EDT","0","V",2021,"GMC","YUKON","YUKON","SPORT UTILITY VEHICLE","BLACK","SIDE",,"GA","ST","YES","D",50537,"A","[PREMIUM]",36125.63,"5.3L 8","4X4 W/REAR WHEEL DRV","AUTOMATIC","GAS",8,"Run & Drive Verified","Pure Sale","[PREMIUM]",,"AUGUSTA","GA","30906","USA","USD","[PREMIUM]","[PREMIUM]","SC006",false,"[PREMIUM]","SLE",false,false,"[PREMIUM]",,,,,,,,"[PREMIUM]"
"56639836","2026-08-08 02:57:03.909","2026-08-22 17:49:08.709","56639836","2026-08-21 15:15:14.000","[PREMIUM]","359","GA - AUGUSTA","2026-08-25","TUESDAY","1000","EDT","0","V",2007,"HONDA","ACCORD","ACCORD","SEDAN 4DR","BLACK","REAR END","FRONT END","GA","ST","YES","E",284127,"E","[PREMIUM]",2633.8,"2.4L 4","FRONT WHEEL DRIVE","AUTOMATIC","GAS",4,"DEFAULT","Pure Sale","[PREMIUM]",,"AUGUSTA","GA","30906","USA","USD","[PREMIUM]","[PREMIUM]","A060",false,"[PREMIUM]","SE",false,false,"[PREMIUM]",,,,,,,,"[PREMIUM]"
"54814686","2026-08-08 02:57:03.747","2026-08-22 17:49:08.633","54814686","2026-08-21 15:56:36.000","[PREMIUM]","359","GA - AUGUSTA","2026-08-25","TUESDAY","1000","EDT","0","V",2008,"HONDA","CIVIC","CIVIC","SEDAN 4DR","GRAY","FRONT END",,"GA","ST","YES","E",238189,"A","[PREMIUM]",0,"1.8L 4","FRONT WHEEL DRIVE","AUTOMATIC","GAS",4,"DEFAULT","Pure Sale","[PREMIUM]",,"AUGUSTA","GA","30906","USA","USD","[PREMIUM]","[PREMIUM]","D070",false,"[PREMIUM]","LX",false,false,"[PREMIUM]",,,,,,,,"[PREMIUM]"
"54884046","2026-08-08 02:57:03.708","2026-08-22 17:49:08.641","54884046","2026-08-20 15:19:54.000","[PREMIUM]","359","GA - AUGUSTA","2026-08-25","TUESDAY","1000","EDT","0","V",2015,"FORD","EXPLORER","EXPLORER","4DR SPORT UTILITY","WHITE","FRONT END",,"GA","ST","YES","D",107563,"A","[PREMIUM]",6036.42,"3.5L 6","FRONT WHEEL DRIVE","AUTOMATIC","GAS",6,"Run & Drive Verified","Pure Sale","[PREMIUM]",,"AUGUSTA","GA","30906","USA","USD","[PREMIUM]","[PREMIUM]","D080",false,"[PREMIUM]","XLT",false,false,"[PREMIUM]",,,,,,,,"[PREMIUM]"
"85980185","2026-08-08 02:57:03.341","2026-08-20 17:43:45.183","85980185","2026-08-18 16:22:21.000","[PREMIUM]","357","TX - HOUSTON EAST","2026-08-20","THURSDAY","1200","CDT","116","V",2022,"NISSAN","KICKS","KICKS","HATCHBACK","BLUE","FRONT END",,"TX","SV","YES","D",42690,"A","[PREMIUM]",9361.15,"1.6L 4","FRONT WHEEL DRIVE","AUTOMATIC","GAS",4,"Run & Drive Verified","Pure Sale","[PREMIUM]",,"HOUSTON","TX","77049 1968","USA","USD","[PREMIUM]","[PREMIUM]","C140",false,"[PREMIUM]","SV",false,false,"[PREMIUM]",,,,,,,,"[PREMIUM]"
"79711145","2026-08-08 02:57:03.285","2026-08-20 17:43:45.081","79711145","2026-08-18 16:22:21.000","[PREMIUM]","357","TX - HOUSTON EAST","2026-08-20","THURSDAY","1200","CDT","2518","V",2016,"JEEP","GRAND CHEROKEE","GRAND CHEROKEE","4DR SPORT UTILITY","WHITE","FRONT END",,"TX","SV","YES","E",199071,"A","[PREMIUM]",7334,"3.6L 6","REAR WHEEL DRIVE","AUTOMATIC","FLEXIBLE",6,"DEFAULT","Pure Sale","[PREMIUM]",,"HOUSTON","TX","77049 1968","USA","USD","[PREMIUM]","[PREMIUM]","M050",false,"[PREMIUM]","LIMITED",false,false,"[PREMIUM]",,,,,,,,"[PREMIUM]"
"75267095","2026-08-08 02:57:03.201","2026-08-20 17:43:45.011","75267095","2026-08-19 21:24:41.000","[PREMIUM]","357","TX - HOUSTON EAST","2026-08-20","THURSDAY","1200","CDT","2608","V",2014,"FORD","F-150","F150",,"RED","FRONT END",,"TX","SV","YES","E",119106,"A","[PREMIUM]",16266,"5.0L  8","Rear-wheel drive","AUTOMATIC","FLEXIBLE FUEL",8,"DEFAULT","On Minimum Bid","[PREMIUM]",,"HOUSTON","TX","77049 1968","USA","USD","[PREMIUM]","[PREMIUM]","J170",false,"[PREMIUM]","SUPERCREW",false,false,"[PREMIUM]",,,,,,,,"[PREMIUM]"
"64305946","2026-08-08 02:57:03.141","2026-08-13 14:31:36.895","64305946","2026-08-10 15:22:37.000","[PREMIUM]","357","TX - HOUSTON EAST","2026-08-13","THURSDAY","1200","CDT","21","V",2015,"MERCEDES-BENZ","GLA-CLASS","GLA","4DR SPORT UTILITY","SILVER","MINOR DENT/SCRATCHES",,"TX","CT","YES","D",139231,"A","[PREMIUM]",0,"2.0L 4","ALL WHEEL DRIVE","AUTOMATIC","GAS",4,"Run & Drive Verified","On Minimum Bid","[PREMIUM]",,"HOUSTON","TX","77049 1968","USA","USD","[PREMIUM]","[PREMIUM]","D060",true,"[PREMIUM]","250 4MATIC",false,false,"[PREMIUM]",,,,,,,,"[PREMIUM]"
"64132136","2026-08-08 02:57:03.119","2026-08-20 17:43:44.359","64132136","2026-08-18 16:22:21.000","[PREMIUM]","357","TX - HOUSTON EAST","2026-08-20","THURSDAY","1200","CDT","33","V",2015,"TOYOTA","CAMRY","CAMRY","SEDAN","GRAY","SIDE","REAR END","TX","SV","YES","D",92431,"A","[PREMIUM]",9487.29,"2.5L 4","FRONT WHEEL DRIVE","AUTOMATIC","GAS",4,"Run & Drive Verified","Pure Sale","[PREMIUM]",,"HOUSTON","TX","77049 1968","USA","USD","[PREMIUM]","[PREMIUM]","G170",false,"[PREMIUM]","SE",false,false,"[PREMIUM]",,,,,,,,"[PREMIUM]"
"64083616","2026-08-08 02:57:03.117","2026-08-15 22:01:08.263","64083616","2026-08-07 21:32:12.000","[PREMIUM]","832","MEDIUM DUTY CLEAN TITLE SALE","2026-08-17","MONDAY","1100","CDT","0","K",2006,"ISUZU","All Models","NPR","TILT CAB","WHITE","MINOR DENT/SCRATCHES",,"TX","CT","YES","E",332042,"E","[PREMIUM]",0,"5.2L 4","REAR WHEEL DRIVE","AUTOMATIC","DIESEL",4,"DEFAULT","On Minimum Bid","[PREMIUM]",,"HOUSTON","TX","77049 1968","USA","USD","[PREMIUM]","[PREMIUM]","S200",true,"[PREMIUM]",,false,false,"[PREMIUM]",,,,,,,,"[PREMIUM]"
"64034496","2026-08-08 02:57:03.116","2026-08-22 17:49:07.814","64034496","2026-08-20 21:59:51.000","[PREMIUM]","357","TX - HOUSTON EAST","2026-08-27","THURSDAY","1200","CDT","0","V",2011,"VOLKSWAGEN","TOUAREG","TOUAREG","4DR SPORT UTILITY","WHITE","MINOR DENT/SCRATCHES",,"TX","CT","YES","D",128999,"N","[PREMIUM]",0,"3.6L 6","ALL WHEEL DRIVE","AUTOMATIC","GAS",6,"Run & Drive Verified","On Minimum Bid","[PREMIUM]",,"HOUSTON","TX","77049 1968","USA","USD","[PREMIUM]","[PREMIUM]","B070",true,"[PREMIUM]","V6",false,false,"[PREMIUM]",,,,,,,,"[PREMIUM]"
"63714336","2026-08-08 02:57:03.109","2026-08-20 17:43:44.121","63714336","2026-08-18 16:22:22.000","[PREMIUM]","357","TX - HOUSTON EAST","2026-08-20","THURSDAY","1200","CDT","2586","V",2011,"FORD","ESCAPE","ESCAPE","4DR SPORT UTILITY","WHITE","FRONT END",,"TX","SV","YES","E",103333,"A","[PREMIUM]",7576.87,"2.5L 4","FRONT WHEEL DRIVE","AUTOMATIC","ELECTRIC AND GAS HYBRID",4,"DEFAULT","Pure Sale","[PREMIUM]",,"HOUSTON","TX","77049 1968","USA","USD","[PREMIUM]","[PREMIUM]","C060",false,"[PREMIUM]","HYBRID",false,false,"[PREMIUM]",,,,,,,,"[PREMIUM]"
"63639996","2026-08-08 02:57:03.095","2026-08-13 14:31:36.452","63639996","2026-08-10 15:22:37.000","[PREMIUM]","357","TX - HOUSTON EAST","2026-08-13","THURSDAY","1200","CDT","1103","V",2014,"FORD","F150","F150","CREW PICKUP","GRAY","REAR END","MINOR DENT/SCRATCHES","TX","SV","YES","E",0,"N","[PREMIUM]",16954.27,"5.0L 8","4X4 W/REAR WHEEL DRV","AUTOMATIC","FLEXIBLE",8,"DEFAULT","Pure Sale","[PREMIUM]",,"HOUSTON","TX","77049 1968","USA","USD","[PREMIUM]","[PREMIUM]","D100",false,"[PREMIUM]","SUPERCREW",false,false,"[PREMIUM]",,,,,,,,"[PREMIUM]"
"63800456","2026-08-08 02:57:03.081","2026-08-13 14:31:36.599","63800456","2026-08-12 17:04:03.000","[PREMIUM]","357","TX - HOUSTON EAST","2026-08-13","THURSDAY","1200","CDT","1121","V",2020,"HYUNDAI","SONATA","SONATA","SEDAN","WHITE","FRONT END","MINOR DENT/SCRATCHES","TX","SV","YES",,0,"N","[PREMIUM]",12894,"1.6L 4","FRONT WHEEL DRIVE","AUTOMATIC","GAS",4,,"Pure Sale","[PREMIUM]",,"HOUSTON","TX","77049 1968","USA","USD","[PREMIUM]","[PREMIUM]","I120",false,"[PREMIUM]","SEL PLUS",false,false,"[PREMIUM]",,,,,,,,"[PREMIUM]"
"63438136","2026-08-08 02:57:03.026","2026-08-21 23:37:21.060","63438136","2026-08-21 20:22:22.000","[PREMIUM]","11","TX - HOUSTON","2026-08-25","TUESDAY","1200","CDT","0","V",2025,"TOYOTA","TACOMA","TACOMA","PICKUP","BLACK","FRONT END",,"TX","SV","YES","D",5355,"A","[PREMIUM]",0,"2.4L 4","4X2","AUTOMATIC","GAS",4,"Run & Drive Verified","On Approval","[PREMIUM]",,"HOUSTON","TX","77073 4903","USA","USD","[PREMIUM]","[PREMIUM]","GD070",false,"[PREMIUM]","SR5",false,false,"[PREMIUM]",,,,,,,,"[PREMIUM]"
"63176966","2026-08-08 02:57:02.894","2026-08-13 14:31:36.352","63176966","2026-08-10 15:22:37.000","[PREMIUM]","357","TX - HOUSTON EAST","2026-08-13","THURSDAY","1200","CDT","1119","V",2013,"FORD","FOCUS","FOCUS","SEDAN 4DR","RED","ROLLOVER",,"TX","SV","NO","E",0,"N","[PREMIUM]",3949,"2.0L 4","FRONT WHEEL DRIVE","AUTOMATIC","GAS",4,"DEFAULT","Pure Sale","[PREMIUM]",,"HOUSTON","TX","77049 1968","USA","USD","[PREMIUM]","[PREMIUM]","N260",false,"[PREMIUM]","SE",false,false,"[PREMIUM]",,,,,,,,"[PREMIUM]"
"62897696","2026-08-08 02:57:02.792","2026-08-22 17:49:07.341","62897696","2026-08-08 12:46:20.000","[PREMIUM]","357","TX - HOUSTON EAST",,,,"CDT","0","V",2016,"HYUNDAI","TUCSON","TUCSON","SUV","WHITE","MINOR DENT/SCRATCHES",,"TX","CT","YES","D",86695,"A","[PREMIUM]",5012.12,"2.0L 4","FRONT WHEEL DRIVE","AUTOMATIC","GAS",4,"Run & Drive Verified","Pure Sale","[PREMIUM]",,"HOUSTON","TX","77049 1968","USA","USD","[PREMIUM]","[PREMIUM]","E120",false,"[PREMIUM]","SE",false,false,"[PREMIUM]",,,,,,,,"[PREMIUM]"
"62870086","2026-08-08 02:57:02.719","2026-08-20 17:43:43.679","62870086","2026-08-18 16:22:21.000","[PREMIUM]","357","TX - HOUSTON EAST","2026-08-20","THURSDAY","1200","CDT","19","V",2013,"NISSAN","ALTIMA","ALTIMA","SEDAN","SILVER","FRONT END","SIDE","TX","SV","YES","D",98448,"A","[PREMIUM]",6214,"2.5L 4","FRONT WHEEL DRIVE","AUTOMATIC","GAS",4,"Run & Drive Verified","Pure Sale","[PREMIUM]",,"HOUSTON","TX","77049 1968","USA","USD","[PREMIUM]","[PREMIUM]","G120",false,"[PREMIUM]","2.5",false,false,"[PREMIUM]",,,,,,,,"[PREMIUM]"
"62649836","2026-08-08 02:57:02.614","2026-08-22 17:49:07.233","62649836","2026-08-07 21:29:35.000","[PREMIUM]","357","TX - HOUSTON EAST",,,,"CDT","0","V",2015,"HONDA","FIT","FIT","HATCHBACK 4DR","BLACK","FRONT END",,"TX","SV","YES","D",185747,"A","[PREMIUM]",4624.02,"1.5L 4","FRONT WHEEL DRIVE","AUTOMATIC","GAS",4,"Run & Drive Verified","Pure Sale","[PREMIUM]",,"HOUSTON","TX","77049 1968","USA","USD","[PREMIUM]","[PREMIUM]","D110",false,"[PREMIUM]","EX",false,false,"[PREMIUM]",,,,,,,,"[PREMIUM]"
"62647216","2026-08-08 02:57:02.612","2026-08-20 17:43:43.557","62647216","2026-08-18 16:22:21.000","[PREMIUM]","357","TX - HOUSTON EAST","2026-08-20","THURSDAY","1200","CDT","2004","V",2018,"HONDA","CRV","CR-V","SPORT UTILITY VEHICLE","WHITE","FRONT END",,"TX","SV","YES","D",101935,"A","[PREMIUM]",0,"2.4L 4","FRONT WHEEL DRIVE","AUTOMATIC","GAS",4,"Run & Drive Verified","Pure Sale","[PREMIUM]",,"HOUSTON","TX","77049 1968","USA","USD","[PREMIUM]","[PREMIUM]","SA010",false,"[PREMIUM]","LX",false,false,"[PREMIUM]",,,,,,,,"[PREMIUM]"
"62665466","2026-08-08 02:57:02.611","2026-08-20 17:43:43.619","62665466","2026-08-18 16:22:21.000","[PREMIUM]","357","TX - HOUSTON EAST","2026-08-20","THURSDAY","1200","CDT","2018","V",2020,"CHEVROLET","MALIBU","MALIBU","SEDAN","GRAY","FRONT END",,"TX","SV","YES","D",112998,"A","[PREMIUM]",9384,"1.5L 4","FRONT WHEEL DRIVE","AUTOMATIC","GAS",4,"Run & Drive Verified","Pure Sale","[PREMIUM]",,"HOUSTON","TX","77049 1968","USA","USD","[PREMIUM]","[PREMIUM]","G160",false,"[PREMIUM]","LT",false,false,"[PREMIUM]",,,,,,,,"[PREMIUM]"
"62453206","2026-08-08 02:57:02.501","2026-08-13 14:31:35.583","62453206","2026-08-12 20:22:08.000","[PREMIUM]","357","TX - HOUSTON EAST","2026-08-13","THURSDAY","1200","CDT","2567","V",2021,"TOYOTA","TACOMA","TACOMA","PICKUP","TWO TONE","SIDE",,"TX","SV","YES","E",0,"N","[PREMIUM]",16793,"2.7L 4","4X2","AUTOMATIC","GAS",4,"DEFAULT","On Minimum Bid","[PREMIUM]",,"HOUSTON","TX","77049 1968","USA","USD","[PREMIUM]","[PREMIUM]","K130",false,"[PREMIUM]","SR",false,false,"[PREMIUM]",,,,,,,,"[PREMIUM]"
"62119686","2026-08-08 02:57:02.255","2026-08-11 08:31:21.475","62119686","2026-08-10 21:02:36.000","[PREMIUM]","855","WHOLESALE AUCTION","2026-08-11","TUESDAY","1200","EDT","7259","K",2014,"FORD","F350","F350","4DR EXT CAB","WHITE","MECHANICAL",,"TX","CT","YES","E",137911,"A","[PREMIUM]",3630,"6.7L 8","REAR WHEEL DRIVE","AUTOMATIC","DIESEL",8,"DEFAULT","On Minimum Bid","[PREMIUM]",,"HOUSTON","TX","77049 1968","USA","USD","[PREMIUM]","[PREMIUM]","N110",false,"[PREMIUM]","SUPER DUTY",false,true,"[PREMIUM]",,,,,"RED LIGHT",3.9,,"[PREMIUM]"
"61936376","2026-08-08 02:57:02.165","2026-08-22 17:49:06.904","61936376","2026-08-17 15:12:55.000","[PREMIUM]","357","TX - HOUSTON EAST",,,,"CDT","0","V",2017,"CADILLAC","ESCALADE","ESCALADE","4DR SPORT UTILITY","WHITE","FRONT END","SIDE","TX","NX","NO","E",0,"N","[PREMIUM]",18564,"6.2L 8","REAR WHEEL DRIVE","NONE","GAS",8,"DEFAULT","Pure Sale","[PREMIUM]",,"HOUSTON","TX","77049 1968","USA","USD","[PREMIUM]","[PREMIUM]","M130",false,"[PREMIUM]","LUXURY",false,false,"[PREMIUM]",,,,,,,,"[PREMIUM]"
"61808156","2026-08-08 02:57:02.116","2026-08-20 17:43:43.051","61808156","2026-08-18 16:22:21.000","[PREMIUM]","357","TX - HOUSTON EAST","2026-08-20","THURSDAY","1200","CDT","12","V",2010,"HONDA","ACCORD","ACCORD","SEDAN 4DR","WHITE","REAR END","FRONT END","TX","SV","YES","D",154176,"E","[PREMIUM]",6958,"2.4L 4","FRONT WHEEL DRIVE","AUTOMATIC","GAS",4,"Run & Drive Verified","Pure Sale","[PREMIUM]",,"HOUSTON","TX","77049 1968","USA","USD","[PREMIUM]","[PREMIUM]","D110",false,"[PREMIUM]","LX",false,false,"[PREMIUM]",,,,,,,,"[PREMIUM]"
"61747626","2026-08-08 02:57:02.081","2026-08-20 17:43:43.068","61747626","2026-08-19 12:30:40.000","[PREMIUM]","357","TX - HOUSTON EAST","2026-08-20","THURSDAY","1200","CDT","142","V",2016,"HYUNDAI","VELOSTER","VELOSTER","COUPE","GRAY","FRONT END",,"TX","SV","YES","D",135387,"A","[PREMIUM]",10000,"1.6L 4","FRONT WHEEL DRIVE","AUTOMATIC","GAS",4,"Run & Drive Verified","On Minimum Bid","[PREMIUM]",,"HOUSTON","TX","77049 1968","USA","USD","[PREMIUM]","[PREMIUM]","D150",false,"[PREMIUM]","BASE",false,false,"[PREMIUM]",,,,,,,,"[PREMIUM]"
"61684046","2026-08-08 02:57:02.032","2026-08-22 17:49:06.750","61684046","2026-08-20 19:36:12.000","[PREMIUM]","881","*NCS - CENTRAL REGION","2026-08-24","MONDAY","2000","CDT","0","V",2013,"KIA","OPTIMA","OPTIMA","SEDAN 4DR","SILVER","REAR END","SIDE","TX","SV","YES","D",216234,"A","[PREMIUM]",8966,"2.4L 4","FRONT WHEEL DRIVE","AUTOMATIC","GAS",4,"Run & Drive Verified","On Approval","[PREMIUM]",,"HOUSTON","TX","77049 1968","USA","USD","[PREMIUM]","[PREMIUM]","F090",false,"[PREMIUM]","LX",false,false,"[PREMIUM]",,,,,,,,"[PREMIUM]"
"61645126","2026-08-08 02:57:02.026","2026-08-22 06:26:48.394","61645126","2026-08-20 20:25:43.000","[PREMIUM]","357","TX - HOUSTON EAST","2026-08-24","MONDAY","1200","CDT","34","V",2022,"MAZDA","CX-9","CX-9","SPORT UTILITY VEHICLE","BLUE","FRONT END",,"TX","SV","YES","D",61179,"A","[PREMIUM]",21272,"2.5L 4","ALL WHEEL DRIVE","AUTOMATIC","GAS",4,"Run & Drive Verified","Pure Sale","[PREMIUM]",,"HOUSTON","TX","77049 1968","USA","USD","[PREMIUM]","[PREMIUM]","SA010",false,"[PREMIUM]","GRAND TOURING",false,false,"[PREMIUM]",,,,,,,,"[PREMIUM]"
"61560626","2026-08-08 02:57:01.965","2026-08-22 17:49:06.748","61560626","2026-08-07 21:30:28.000","[PREMIUM]","836","HEAVY TRUCK SPECIALTY SALE",,,,"CDT","0","R",2004,"DAMON","ALL Models","ULTRASPORT","MOTORIZED HOME","BROWN","SIDE",,"TX","SV","YES","E",0,"E","[PREMIUM]",0,"6","REAR WHEEL DRIVE","AUTOMATIC","DIESEL",6,"DEFAULT","Pure Sale","[PREMIUM]",,"HOUSTON","TX","77049 1968","USA","USD","[PREMIUM]","[PREMIUM]","S200",false,"[PREMIUM]",,false,false,"[PREMIUM]",,,,,,,,"[PREMIUM]"
"60992666","2026-08-08 02:57:01.754","2026-08-11 08:31:21.155","60992666","2026-08-10 22:28:38.000","[PREMIUM]","855","WHOLESALE AUCTION","2026-08-11","TUESDAY","1200","EDT","5594","K",2012,"FORD","F350","F350","CREW PICKUP","WHITE","MINOR DENT/SCRATCHES",,"TX","CT","YES","D",256522,"A","[PREMIUM]",1244,"6.7L 8","4X4 W/REAR WHEEL DRV","AUTOMATIC","DIESEL",8,"Run & Drive Verified","On Minimum Bid","[PREMIUM]",,"HOUSTON","TX","77049 1968","USA","USD","[PREMIUM]","[PREMIUM]","R050",false,"[PREMIUM]","SUPER DUTY",false,true,"[PREMIUM]",,,,,"RED LIGHT",3.8,"Maintenance,Safety,Emission","[PREMIUM]"
"60771746","2026-08-08 02:57:01.615","2026-08-13 14:31:34.730","60771746","2026-08-10 15:22:37.000","[PREMIUM]","357","TX - HOUSTON EAST","2026-08-13","THURSDAY","1200","CDT","82","V",2026,"TOYOTA","TUNDRA","TUNDRA","PICKUP","WHITE","FRONT END","REAR END","TX","SV","YES","D",1972,"A","[PREMIUM]",44249.25,"3.4L 6","FOUR BY FOUR","AUTOMATIC","GAS",6,"Run & Drive Verified","Pure Sale","[PREMIUM]",,"HOUSTON","TX","77049 1968","USA","USD","[PREMIUM]","[PREMIUM]","I160",false,"[PREMIUM]","SR5",false,false,"[PREMIUM]",,,,,,,,"[PREMIUM]"
"60532126","2026-08-08 02:57:01.548","2026-08-22 06:26:42.429","60532126","2026-08-07 21:24:18.000","[PREMIUM]","357","TX - HOUSTON EAST",,,,"CDT","0","V",2006,"PONTIAC","G6","G6","SEDAN 4DR","BEIGE","FRONT END","SIDE","TX","SV","NO","E",0,"E","[PREMIUM]",2679.78,"2.4L 4","FRONT WHEEL DRIVE","AUTOMATIC","GAS",4,"DEFAULT","Pure Sale","[PREMIUM]",,"HOUSTON","TX","77049 1968","USA","USD","[PREMIUM]","[PREMIUM]","H130",false,"[PREMIUM]","SE",false,false,"[PREMIUM]",,,,,,,,"[PREMIUM]"
"60311246","2026-08-08 02:57:01.461","2026-08-22 17:49:06.273","60311246","2026-08-07 21:28:40.000","[PREMIUM]","357","TX - HOUSTON EAST",,,,"CDT","0","V",2015,"JEEP","GRAND CHER","GRAND CHEROKEE","4DR SPORT UTILITY","GRAY","REAR END","FRONT END","TX","SV","YES","D",163115,"A","[PREMIUM]",4601.04,"3.6L 6","4X4 W/REAR WHEEL DRV","AUTOMATIC","FLEXIBLE",6,"Run & Drive Verified","Pure Sale","[PREMIUM]",,"HOUSTON","TX","77049 1968","USA","USD","[PREMIUM]","[PREMIUM]","C160",false,"[PREMIUM]","LIMITED",false,false,"[PREMIUM]",,,,,,,,"[PREMIUM]"
"60162336","2026-08-08 02:57:01.211","2026-08-18 09:03:11.395","60162336","2026-08-17 20:01:42.000","[PREMIUM]","855","WHOLESALE AUCTION","2026-08-18","TUESDAY","1200","EDT","6633","V",2014,"JEEP","PATRIOT","PATRIOT","4DR SPORT UTILITY","WHITE","MINOR DENT/SCRATCHES",,"TX","CT","YES","S",66457,"A","[PREMIUM]",6013,"2.4L 4","FRONT WHEEL DRIVE","AUTOMATIC","GAS",4,"Vehicle Starts","On Minimum Bid","[PREMIUM]",,"HOUSTON","TX","77049 1968","USA","USD","[PREMIUM]","[PREMIUM]","A010",true,"[PREMIUM]","SPORT",false,true,"[PREMIUM]",,,,,"RED LIGHT",2.5,"Maintenance,Safety,Emission","[PREMIUM]"
"59960566","2026-08-08 02:57:01.121","2026-08-22 17:49:06.087","59960566","2026-08-10 18:32:00.000","[PREMIUM]","357","TX - HOUSTON EAST",,,,"CDT","0","V",2022,"FORD","F-150","F150","PICKUP","RED","FRONT END",,"TX","SV","NO","E",0,"N","[PREMIUM]",34732,"3.5L 6","4X4 W/REAR WHEEL DRV","AUTOMATIC","GAS",6,"DEFAULT","On Minimum Bid","[PREMIUM]",,"HOUSTON","TX","77049 1968","USA","USD","[PREMIUM]","[PREMIUM]","C160",false,"[PREMIUM]","SUPERCREW",false,false,"[PREMIUM]",,,,,,,,"[PREMIUM]"
"59368286","2026-08-08 02:57:00.942","2026-08-11 08:31:20.702","59368286","2026-08-07 21:43:41.000","[PREMIUM]","855","WHOLESALE AUCTION","2026-08-11","TUESDAY","1200","EDT","0","V",2023,"KIA","SPORTAGE","SPORTAGE","SPORT UTILITY VEHICLE","SILVER","SIDE",,"TX","CT","YES","D",98569,"A","[PREMIUM]",0,"2.5L 4","FRONT WHEEL DRIVE","AUTOMATIC","GAS",4,"Run & Drive Verified","On Minimum Bid","[PREMIUM]",,"HOUSTON","TX","77049 1968","USA","USD","[PREMIUM]","[PREMIUM]","G030",false,"[PREMIUM]","LX",false,true,"[PREMIUM]",,,,,"RED LIGHT",1.3,"Other","[PREMIUM]"
"58987716","2026-08-08 02:57:00.782","2026-08-13 14:31:34.006","58987716","2026-08-10 15:22:37.000","[PREMIUM]","357","TX - HOUSTON EAST","2026-08-13","THURSDAY","1200","CDT","13","V",2025,"HYUNDAI","ELANTRA","ELANTRA","SEDAN","GRAY","REAR END",,"TX","SV","YES","D",31835,"A","[PREMIUM]",0,"2.0L 4","FRONT WHEEL DRIVE","AUTOMATIC","GAS",4,"Run & Drive Verified","On Approval","[PREMIUM]",,"HOUSTON","TX","77049 1968","USA","USD","[PREMIUM]","[PREMIUM]","D120",false,"[PREMIUM]","SE",false,false,"[PREMIUM]",,,,,,,,"[PREMIUM]"
"58650786","2026-08-08 02:57:00.703","2026-08-22 17:49:06.100","58650786","2026-08-07 21:26:31.000","[PREMIUM]","357","TX - HOUSTON EAST",,,,"CDT","0","V",2020,"VOLKSWAGEN","PASSAT","PASSAT","SEDAN","BLUE","FRONT END","REAR END","TX","SV","YES","E",58930,"A","[PREMIUM]",0,"2.0L 4","FRONT WHEEL DRIVE","AUTOMATIC","GAS",4,"DEFAULT","On Minimum Bid","[PREMIUM]",,"HOUSTON","TX","77049 1968","USA","USD","[PREMIUM]","[PREMIUM]","F140",false,"[PREMIUM]","SE",false,false,"[PREMIUM]",,,,,,,,"[PREMIUM]"
"58705346","2026-08-08 02:57:00.684","2026-08-22 17:49:05.771","58705346","2026-08-07 21:29:35.000","[PREMIUM]","357","TX - HOUSTON EAST",,,,"CDT","0","V",2019,"TOYOTA","RAV4","RAV4","SPORT UTILITY VEHICLE","MAROON","REAR END","SIDE","TX","SV","YES","E",108964,"A","[PREMIUM]",18439.13,"2.5L 4","FRONT WHEEL DRIVE","AUTOMATIC","GAS",4,"DEFAULT","Pure Sale","[PREMIUM]",,"HOUSTON","TX","77049 1968","USA","USD","[PREMIUM]","[PREMIUM]","M160",false,"[PREMIUM]","XLE PREMIUM",false,false,"[PREMIUM]",,,,,,,,"[PREMIUM]"
"58464896","2026-08-08 02:57:00.532","2026-08-13 14:31:33.823","58464896","2026-08-10 15:22:37.000","[PREMIUM]","357","TX - HOUSTON EAST","2026-08-13","THURSDAY","1200","CDT","30","V",2023,"FORD","F150","F150","PICKUP","RED","FRONT END","SIDE","TX","SV","YES","D",58415,"A","[PREMIUM]",25361.24,"3.5L 6","4X4 W/REAR WHEEL DRV","AUTOMATIC","GAS",6,"Run & Drive Verified","Pure Sale","[PREMIUM]",,"HOUSTON","TX","77049 1968","USA","USD","[PREMIUM]","[PREMIUM]","K160",false,"[PREMIUM]","RAPTOR",false,false,"[PREMIUM]",,,,,,,,"[PREMIUM]"
"55631336","2026-08-08 02:56:59.551","2026-08-22 17:49:05.029","55631336","2026-08-07 21:25:57.000","[PREMIUM]","357","TX - HOUSTON EAST",,,,"CDT","0","V",2013,"FORD","EDGE","EDGE","4DR SPORT UTILITY","BLACK","FRONT END",,"TX","SV","EXM","E",232753,"A","[PREMIUM]",2888,"3.5L 6","ALL WHEEL DRIVE","AUTOMATIC","GAS",6,"DEFAULT","Pure Sale","[PREMIUM]",,"HOUSTON","TX","77049 1968","USA","USD","[PREMIUM]","[PREMIUM]","D120",false,"[PREMIUM]","SE",false,false,"[PREMIUM]",,,,,,,,"[PREMIUM]"
"55397746","2026-08-08 02:56:59.488","2026-08-20 17:43:40.398","55397746","2026-08-18 16:22:22.000","[PREMIUM]","357","TX - HOUSTON EAST","2026-08-20","THURSDAY","1200","CDT","2581","V",2020,"CHEVROLET","MALIBU","MALIBU","SEDAN","BLACK","FRONT END",,"TX","SV","YES","S",136069,"A","[PREMIUM]",8250,"1.5L 4","FRONT WHEEL DRIVE","AUTOMATIC","GAS",4,"Vehicle Starts","Pure Sale","[PREMIUM]",,"HOUSTON","TX","77049 1968","USA","USD","[PREMIUM]","[PREMIUM]","E120",false,"[PREMIUM]","LT",false,false,"[PREMIUM]",,,,,,,,"[PREMIUM]"
"54161156","2026-08-08 02:56:59.224","2026-08-20 17:43:40.196","54161156","2026-08-18 16:22:21.000","[PREMIUM]","357","TX - HOUSTON EAST","2026-08-20","THURSDAY","1200","CDT","2510","V",2013,"CADILLAC","CTS","CTS","SEDAN 4DR","BLACK","FRONT END","SIDE","TX","SV","NO","E",0,"N","[PREMIUM]",8985.23,"3.6L 6","ALL WHEEL DRIVE","AUTOMATIC","GAS",6,"DEFAULT","On Minimum Bid","[PREMIUM]",,"HOUSTON","TX","77049 1968","USA","USD","[PREMIUM]","[PREMIUM]","F060",false,"[PREMIUM]","PERFORMANCE COLLECTION",false,false,"[PREMIUM]",,,,,,,,"[PREMIUM]"
"54017136","2026-08-08 02:56:59.167","2026-08-17 03:02:58.580","54017136","2026-08-14 18:12:21.000","[PREMIUM]","357","TX - HOUSTON EAST","2026-08-17","MONDAY","1200","CDT","99","V",2019,"HONDA","CIVIC","CIVIC","SEDAN","WHITE","SIDE","FRONT END","TX","SV","YES","D",197486,"N","[PREMIUM]",7314.46,"2.0L 4","FRONT WHEEL DRIVE","AUTOMATIC","GAS",4,"Run & Drive Verified","Pure Sale","[PREMIUM]",,"HOUSTON","TX","77049 1968","USA","USD","[PREMIUM]","[PREMIUM]","C080",false,"[PREMIUM]","LX",false,false,"[PREMIUM]",,,,,,,,"[PREMIUM]"
"53390546","2026-08-08 02:56:59.141","2026-08-22 17:49:04.761","53390546","2026-08-20 21:15:52.000","[PREMIUM]","357","TX - HOUSTON EAST","2026-08-27","THURSDAY","1200","CDT","0","V",2022,"TOYOTA","CAMRY","CAMRY","SEDAN","BLACK","FRONT END","SIDE","TX","SV","YES","D",103536,"A","[PREMIUM]",11736.35,"2.5L 4","FRONT WHEEL DRIVE","AUTOMATIC","GAS",4,"Run & Drive Verified","On Minimum Bid","[PREMIUM]",,"HOUSTON","TX","77049 1968","USA","USD","[PREMIUM]","[PREMIUM]","M050",false,"[PREMIUM]","SE",false,false,"[PREMIUM]",,,,,,,,"[PREMIUM]"
"51837016","2026-08-08 02:56:58.949","2026-08-20 17:43:39.899","51837016","2026-08-18 16:22:22.000","[PREMIUM]","357","TX - HOUSTON EAST","2026-08-20","THURSDAY","1200","CDT","2540","V",2019,"CHEVROLET","SILVERADO","SILVERADO","PICKUP","SILVER","FRONT END",,"TX","SV","YES","S",149995,"A","[PREMIUM]",17406.5,"5.3L 8","REAR WHEEL DRIVE","AUTOMATIC","GAS",8,"Vehicle Starts","On Minimum Bid","[PREMIUM]",,"HOUSTON","TX","77049 1968","USA","USD","[PREMIUM]","[PREMIUM]","M100",false,"[PREMIUM]","C1500 LT",false,false,"[PREMIUM]",,,,,,,,"[PREMIUM]"
"64288436","2026-08-08 02:56:58.555","2026-08-22 17:49:04.089","64288436","2026-08-22 14:19:55.000","[PREMIUM]","356","NC - CONCORD","2026-08-27","THURSDAY","1000","EDT","56","V",2013,"HYUNDAI","ELANTRA","ELANTRA","SEDAN","BLACK","SIDE","DAMAGE HISTORY","NC","SQ","YES","D",127723,"A","[PREMIUM]",0,"1.8L 4","FRONT WHEEL DRIVE","AUTOMATIC","GAS",4,"Run & Drive Verified","On Minimum Bid","[PREMIUM]",,"CONCORD","NC","28025 8271","USA","USD","[PREMIUM]","[PREMIUM]","Y030",true,"[PREMIUM]","GLS",false,false,"[PREMIUM]",,,,,,,,"[PREMIUM]"
"64039306","2026-08-08 02:56:58.553","2026-08-22 17:49:04.052","64039306","2026-08-22 14:19:55.000","[PREMIUM]","356","NC - CONCORD","2026-08-27","THURSDAY","1000","EDT","1120","V",2015,"CHEVROLET","CRUZE","CRUZE","SEDAN 4DR","WHITE","MECHANICAL",,"NC","CZ","YES","E",198947,"A","[PREMIUM]",0,"1.8L 4","FRONT WHEEL DRIVE","AUTOMATIC","GAS",4,"DEFAULT","On Minimum Bid","[PREMIUM]",,"CONCORD","NC","28025 8271","USA","USD","[PREMIUM]","[PREMIUM]","Y140",true,"[PREMIUM]","LS",false,false,"[PREMIUM]",,,,,,,,"[PREMIUM]"
"62330266","2026-08-08 02:56:58.177","2026-08-22 17:49:03.587","62330266","2026-08-20 14:30:04.000","[PREMIUM]","833","HEAVY-TRAILER-RV CLEAN SALE","2026-08-25","TUESDAY","1100","CDT","0","U",1995,"GMC","SIERRA","SIERRA","CHASSIS AND CAB","WHITE","NORMAL WEAR",,"NC","CZ","YES","E",37493,"E","[PREMIUM]",0,"7.4L 8","REAR WHEEL DRIVE","AUTOMATIC","GAS",8,"DEFAULT","On Minimum Bid","[PREMIUM]",,"CONCORD","NC","28025 8271","USA","USD","[PREMIUM]","[PREMIUM]","HV150",true,"[PREMIUM]","C3500 HEAVY DUTY",false,false,"[PREMIUM]",,,,,,,,"[PREMIUM]"
"62329066","2026-08-08 02:56:58.161","2026-08-22 05:46:54.131","62329066","2026-08-22 02:45:26.000","[PREMIUM]","880","*NCS - EASTERN REGION","2026-08-24","MONDAY","2100","EDT","0","V",2016,"LAND ROVER","RANGEROVER","RANGE ROVER SPORT","4DR SPORT UTILITY","RED","MECHANICAL",,"FL","CZ","YES","E",0,"N","[PREMIUM]",0,"3.0L 6","4X4 W/REAR WHEEL DRV","AUTOMATIC","GAS",6,"DEFAULT","On Minimum Bid","[PREMIUM]",,"CONCORD","NC","28025 8271","USA","USD","[PREMIUM]","[PREMIUM]","Y020",true,"[PREMIUM]","HST",false,false,"[PREMIUM]",,,,,,,,"[PREMIUM]"
"58015116","2026-08-08 02:56:57.320","2026-08-22 17:49:03.070","58015116","2026-08-07 20:59:11.000","[PREMIUM]","356","NC - CONCORD",,,,"EDT","0","V",2018,"VOLKSWAGEN","TIGUAN","TIGUAN","SPORT UTILITY VEHICLE","WHITE","REAR END","FRONT END","NC","SC","YES","D",97379,"A","[PREMIUM]",13409.71,"2.0L 4","FRONT WHEEL DRIVE","AUTOMATIC","GAS",4,"Run & Drive Verified","Pure Sale","[PREMIUM]",,"CONCORD","NC","28025 8271","USA","USD","[PREMIUM]","[PREMIUM]","X100",false,"[PREMIUM]","SE",false,false,"[PREMIUM]",,,,,,,,"[PREMIUM]"
"52568026","2026-08-08 02:56:56.772","2026-08-22 17:49:02.747","52568026","2026-08-07 20:59:12.000","[PREMIUM]","356","NC - CONCORD",,,,"EDT","0","V",2023,"NISSAN","SENTRA","SENTRA","SEDAN","BLUE","FRONT END",,"NC","SC","YES","D",56575,"N","[PREMIUM]",12715.98,"2.0L 4","FRONT WHEEL DRIVE","AUTOMATIC","GAS",4,"Run & Drive Verified","Pure Sale","[PREMIUM]",,"CONCORD","NC","28025 8271","USA","USD","[PREMIUM]","[PREMIUM]","D060",false,"[PREMIUM]","SV",false,false,"[PREMIUM]",,,,,,,,"[PREMIUM]"
"50922276","2026-08-08 02:56:56.695","2026-08-22 17:49:02.729","50922276","2026-08-07 21:07:52.000","[PREMIUM]","356","NC - CONCORD",,,,"EDT","0","V",2022,"HONDA","CRV","CR-V","SPORT UTILITY VEHICLE","WHITE","FRONT END",,"NC","SC","YES","S",38164,"N","[PREMIUM]",12944.12,"1.5L 4","FRONT WHEEL DRIVE","AUTOMATIC","GAS",4,"Vehicle Starts","Pure Sale","[PREMIUM]",,"CONCORD","NC","28025 8271","USA","USD","[PREMIUM]","[PREMIUM]","C160",false,"[PREMIUM]","EXL",false,false,"[PREMIUM]",,,,,,,,"[PREMIUM]"
"49065976","2026-08-08 02:56:56.664","2026-08-22 17:49:02.701","49065976","2026-08-15 16:40:52.000","[PREMIUM]","835","MEDIUM DUTY SPECIALTY SALE",,,,"CDT","0","K",2017,"FORD","TRANSIT","TRANSIT","CARGO VAN","WHITE","REAR END",,"NC","SC","YES","D",165009,"A","[PREMIUM]",0,"3.7L 6","REAR WHEEL DRIVE","AUTOMATIC","GAS",6,"Run & Drive Verified","On Approval","[PREMIUM]",,"CONCORD","NC","28025 8271","USA","USD","[PREMIUM]","[PREMIUM]","HV010",false,"[PREMIUM]","T-150",false,false,"[PREMIUM]",,,,,,,,"[PREMIUM]"
"45659046","2026-08-08 02:56:56.623","2026-08-22 17:49:02.630","45659046","2026-08-07 20:59:12.000","[PREMIUM]","356","NC - CONCORD",,,,"EDT","0","V",2013,"CADILLAC","XTS","XTS","SEDAN 4DR","BLUE","REAR END","FRONT END","NC","SC","YES","S",189836,"N","[PREMIUM]",4364,"3.6L 6","ALL WHEEL DRIVE","AUTOMATIC","GAS",6,"Vehicle Starts","Pure Sale","[PREMIUM]",,"CONCORD","NC","28025 8271","USA","USD","[PREMIUM]","[PREMIUM]","E070",false,"[PREMIUM]","PREMIUM COLLECTION",false,false,"[PREMIUM]",,,,,,,,"[PREMIUM]"
"64534686","2026-08-08 02:56:55.974","2026-08-22 17:48:59.464","64534686","2026-08-21 17:17:34.000","[PREMIUM]","880","*NCS - EASTERN REGION","2026-08-24","MONDAY","2100","EDT","252","V",2014,"HONDA","CRV","CR-V","4DR SPORT UTILITY","BLACK","SIDE","MINOR DENT/SCRATCHES","MA","CT","YES","D",209846,"A","[PREMIUM]",0,"2.4L 4","ALL WHEEL DRIVE","AUTOMATIC","GAS",4,"Run & Drive Verified","On Minimum Bid","[PREMIUM]",,"EAST GRANBY","CT","06026 9765","USA","USD","[PREMIUM]","[PREMIUM]","B010",true,"[PREMIUM]","LX",false,false,"[PREMIUM]",,,,,,,,"[PREMIUM]"
"64534656","2026-08-08 02:56:55.967","2026-08-22 17:48:59.459","64534656","2026-08-21 17:16:23.000","[PREMIUM]","880","*NCS - EASTERN REGION","2026-08-24","MONDAY","2100","EDT","4065","V",2008,"HONDA","CRV","CR-V","4DR SPORT UTILITY","BURGUNDY","MINOR DENT/SCRATCHES",,"VT","CT","YES","D",230702,"A","[PREMIUM]",0,"2.4L 4","4X4 W/FRONT WHL DRV","AUTOMATIC","GAS",4,"Run & Drive Verified","On Minimum Bid","[PREMIUM]",,"EAST GRANBY","CT","06026 9765","USA","USD","[PREMIUM]","[PREMIUM]","E060",true,"[PREMIUM]","EXL",false,false,"[PREMIUM]",,,,,,,,"[PREMIUM]"
"64489466","2026-08-08 02:56:55.961","2026-08-10 02:57:49.805","64489466","2026-08-07 22:06:09.000","[PREMIUM]","838","RENTAL VEHICLE SALE","2026-08-10","MONDAY","1200","EDT","0","V",2026,"KIA","K5","K5","SEDAN","CHARCOAL","FRONT END","REAR END","NY","CT","YES","D",18188,"A","[PREMIUM]",0,"2.5L 4","FRONT WHEEL DRIVE","AUTOMATIC","GAS",4,"Run & Drive Verified","On Approval","[PREMIUM]",,"EAST GRANBY","CT","06026 9765","USA","USD","[PREMIUM]","[PREMIUM]","I020",false,"[PREMIUM]","LXS",false,false,"[PREMIUM]",,,,,,,,"[PREMIUM]"
"64534546","2026-08-08 02:56:55.947","2026-08-22 17:48:59.560","64534546","2026-08-21 17:17:34.000","[PREMIUM]","880","*NCS - EASTERN REGION","2026-08-24","MONDAY","2100","EDT","238","V",2014,"FIAT","500","500L","4DR SPORT UTILITY","BLACK","MINOR DENT/SCRATCHES",,"MA","CT","YES","E",129687,"A","[PREMIUM]",0,"1.4L 4","FRONT WHEEL DRIVE","AUTOMATIC","GAS",4,"DEFAULT","On Minimum Bid","[PREMIUM]",,"EAST GRANBY","CT","06026 9765","USA","USD","[PREMIUM]","[PREMIUM]","O030",true,"[PREMIUM]","EASY",false,false,"[PREMIUM]",,,,,,,,"[PREMIUM]"
"64448436","2026-08-08 02:56:55.943","2026-08-18 09:03:05.298","64448436","2026-08-18 02:23:46.000","[PREMIUM]","350","CT - HARTFORD SPRINGFIELD","2026-08-20","THURSDAY","1000","EDT","0","V",2018,"JEEP","CHEROKEE","GRAND CHEROKEE","SPORT UTILITY VEHICLE","BLACK","MINOR DENT/SCRATCHES",,"RI","CT","YES","D",149696,"A","[PREMIUM]",0,"3.6L 6","4X4 W/REAR WHEEL DRV","AUTOMATIC","FLEXIBLE",6,"Run & Drive Verified","On Minimum Bid","[PREMIUM]",,"EAST GRANBY","CT","06026 9765","USA","USD","[PREMIUM]","[PREMIUM]","C020",true,"[PREMIUM]","LIMITED",false,false,"[PREMIUM]",,,,,,,,"[PREMIUM]"
"64361696","2026-08-08 02:56:55.935","2026-08-11 08:31:16.489","64361696","2026-08-08 19:44:37.000","[PREMIUM]","350","CT - HARTFORD SPRINGFIELD","2026-08-13","THURSDAY","1000","EDT","0","V",2019,"BMW","X5","X5","SPORT UTILITY VEHICLE","BLUE","MINOR DENT/SCRATCHES",,"MA","CT","YES","D",166909,"A","[PREMIUM]",0,"3.0L 6","ALL WHEEL DRIVE","AUTOMATIC","GAS",6,"Run & Drive Verified","On Minimum Bid","[PREMIUM]",,"EAST GRANBY","CT","06026 9765","USA","USD","[PREMIUM]","[PREMIUM]","FP",true,"[PREMIUM]","XDRIVE40I",false,false,"[PREMIUM]",,,,,,,,"[PREMIUM]"
"64361526","2026-08-08 02:56:55.914","2026-08-22 17:48:59.392","64361526","2026-08-21 18:40:19.000","[PREMIUM]","880","*NCS - EASTERN REGION","2026-08-24","MONDAY","2100","EDT","2160","V",2019,"PORSCHE","CAYENNE","CAYENNE","SPORT UTILITY VEHICLE","GRAY","SIDE","MINOR DENT/SCRATCHES","CT","CT","YES","D",130965,"A","[PREMIUM]",0,"2.9L 6","ALL WHEEL DRIVE","AUTOMATIC","GAS",6,"Run & Drive Verified","On Minimum Bid","[PREMIUM]",,"EAST GRANBY","CT","06026 9765","USA","USD","[PREMIUM]","[PREMIUM]","FP",true,"[PREMIUM]","S",false,false,"[PREMIUM]",,,,,,,,"[PREMIUM]"
"64327596","2026-08-08 02:56:55.912","2026-08-22 17:48:59.625","64327596","2026-08-21 17:17:34.000","[PREMIUM]","880","*NCS - EASTERN REGION","2026-08-24","MONDAY","2100","EDT","390","V",2016,"NISSAN","MAXIMA","MAXIMA","SEDAN","GRAY","FRONT END","MINOR DENT/SCRATCHES","CT","CT","YES","D",199963,"A","[PREMIUM]",0,"3.5L 6","FRONT WHEEL DRIVE","AUTOMATIC","GAS",6,"Run & Drive Verified","On Minimum Bid","[PREMIUM]",,"EAST GRANBY","CT","06026 9765","USA","USD","[PREMIUM]","[PREMIUM]","I040",true,"[PREMIUM]","3.5 S",false,false,"[PREMIUM]",,,,,,,,"[PREMIUM]"
"64319236","2026-08-08 02:56:55.886","2026-08-22 17:48:59.377","64319236","2026-08-21 18:40:19.000","[PREMIUM]","880","*NCS - EASTERN REGION","2026-08-24","MONDAY","2100","EDT","2226","V",2014,"BMW","5 SERIES","535","SEDAN 4DR","GRAY","MINOR DENT/SCRATCHES",,"RI","CT","YES","D",147679,"A","[PREMIUM]",0,"3.0L 6","ALL WHEEL DRIVE","AUTOMATIC","GAS",6,"Run & Drive Verified","On Minimum Bid","[PREMIUM]",,"EAST GRANBY","CT","06026 9765","USA","USD","[PREMIUM]","[PREMIUM]","F040",true,"[PREMIUM]","XI",false,false,"[PREMIUM]",,,,,,,,"[PREMIUM]"
"64306786","2026-08-08 02:56:55.880","2026-08-22 17:48:59.358","64306786","2026-08-22 02:28:02.000","[PREMIUM]","880","*NCS - EASTERN REGION","2026-08-25","TUESDAY","2100","EDT","0","V",2016,"HONDA","PILOT","PILOT","4DR SPORT UTILITY","BLUE","MINOR DENT/SCRATCHES","MECHANICAL","MA","CT","YES","D",252083,"A","[PREMIUM]",0,"3.5L 6","ALL WHEEL DRIVE","AUTOMATIC","GAS",6,"Run & Drive Verified","On Minimum Bid","[PREMIUM]","REPOSSESSION                ","EAST GRANBY","CT","06026 9765","USA","USD","[PREMIUM]","[PREMIUM]","O050",true,"[PREMIUM]","EXLN",false,false,"[PREMIUM]",,,,,,,,"[PREMIUM]"
"64263556","2026-08-08 02:56:55.845","2026-08-13 14:31:27.560","64263556","2026-08-12 18:40:54.000","[PREMIUM]","350","CT - HARTFORD SPRINGFIELD","2026-08-13","THURSDAY","1000","EDT","2459","V",2018,"HYUNDAI","ELANTRA","ELANTRA","SEDAN","BLUE","MINOR DENT/SCRATCHES",,"MA","CT","YES","E",132413,"A","[PREMIUM]",0,"2.0L 4","FRONT WHEEL DRIVE","AUTOMATIC","GAS",4,"DEFAULT","On Minimum Bid","[PREMIUM]","REPOSSESSION                ","EAST GRANBY","CT","06026 9765","USA","USD","[PREMIUM]","[PREMIUM]","N040",false,"[PREMIUM]","SEL",false,false,"[PREMIUM]",,,,,,,,"[PREMIUM]"
"64254466","2026-08-08 02:56:55.842","2026-08-19 15:03:02.209","64254466","2026-08-18 14:19:45.000","[PREMIUM]","350","CT - HARTFORD SPRINGFIELD","2026-08-20","THURSDAY","1000","EDT","0","V",2011,"TOYOTA","RAV4","RAV4","SUV","RED","REAR END",,"VT","CT","YES","E",190568,"A","[PREMIUM]",0,"2.5L 4","FOUR BY FOUR","AUTOMATIC","GAS",4,"DEFAULT","On Minimum Bid","[PREMIUM]",,"EAST GRANBY","CT","06026 9765","USA","USD","[PREMIUM]","[PREMIUM]","I040",true,"[PREMIUM]","BASE",false,false,"[PREMIUM]",,,,,,,,"[PREMIUM]"
"64261576","2026-08-08 02:56:55.839","2026-08-22 17:48:59.278","64261576","2026-08-21 17:16:25.000","[PREMIUM]","880","*NCS - EASTERN REGION","2026-08-24","MONDAY","2100","EDT","337","V",2018,"DODGE","JOURNEY","JOURNEY","SPORT UTILITY VEHICLE","WHITE","FRONT END","MINOR DENT/SCRATCHES","MI","CT","YES","E",127679,"A","[PREMIUM]",0,"3.6L 6","ALL WHEEL DRIVE","AUTOMATIC","FLEXIBLE",6,"DEFAULT","On Minimum Bid","[PREMIUM]","REPOSSESSION                ","EAST GRANBY","CT","06026 9765","USA","USD","[PREMIUM]","[PREMIUM]","H030",true,"[PREMIUM]","SXT",false,false,"[PREMIUM]",,,,,,,,"[PREMIUM]"
"64198446","2026-08-08 02:56:55.792","2026-08-10 02:57:49.570","64198446","2026-08-07 22:07:00.000","[PREMIUM]","838","RENTAL VEHICLE SALE","2026-08-10","MONDAY","1200","EDT","0","V",2025,"NISSAN","SENTRA","SENTRA","SEDAN","BLACK","FRONT END","UNDERCARRIAGE","FL","CD","NO","E",14183,"A","[PREMIUM]",0,"2.0L 4","FRONT WHEEL DRIVE","AUTOMATIC","GAS",4,"DEFAULT","On Approval","[PREMIUM]",,"EAST GRANBY","CT","06026 9765","USA","USD","[PREMIUM]","[PREMIUM]","J020",false,"[PREMIUM]","SV",false,false,"[PREMIUM]",,,,,,,,"[PREMIUM]"
"64088986","2026-08-08 02:56:55.734","2026-08-22 17:48:59.209","64088986","2026-08-21 18:40:22.000","[PREMIUM]","880","*NCS - EASTERN REGION","2026-08-24","MONDAY","2100","EDT","7132","V",2006,"TOYOTA","TUNDRA","TUNDRA","4DR EXT CAB PICKUP","BLACK","MINOR DENT/SCRATCHES",,"MA","CT","YES","D",222686,"A","[PREMIUM]",0,"4.7L 8","4X4 W/REAR WHEEL DRV","AUTOMATIC","GAS",8,"Run & Drive Verified","On Minimum Bid","[PREMIUM]",,"EAST GRANBY","CT","06026 9765","USA","USD","[PREMIUM]","[PREMIUM]","I010",true,"[PREMIUM]","ACCESS CAB LIMITED",false,false,"[PREMIUM]",,,,,,,,"[PREMIUM]"
"64183476","2026-08-08 02:56:55.730","2026-08-12 20:32:41.464","64183476","2026-08-12 18:40:53.000","[PREMIUM]","350","CT - HARTFORD SPRINGFIELD","2026-08-13","THURSDAY","1000","EDT","199","V",2014,"FIAT","500","500","HATCHBACK 2DR","WHITE","MINOR DENT/SCRATCHES",,"CT","CT","YES","E",97645,"A","[PREMIUM]",0,,"FRONT WHEEL DRIVE","AUTOMATIC","ELECTRIC",,"DEFAULT","On Minimum Bid","[PREMIUM]",,"EAST GRANBY","CT","06026 9765","USA","USD","[PREMIUM]","[PREMIUM]","B010",true,"[PREMIUM]",,false,false,"[PREMIUM]",,,,,,,,"[PREMIUM]"
"64183836","2026-08-08 02:56:55.726","2026-08-20 17:43:34.601","64183836","2026-08-19 17:27:47.000","[PREMIUM]","350","CT - HARTFORD SPRINGFIELD","2026-08-20","THURSDAY","1000","EDT","281","V",2014,"FORD","ESCAPE","ESCAPE","4DR SPORT UTILITY","BLUE","MINOR DENT/SCRATCHES","MECHANICAL","RI","CT","YES","E",107647,"A","[PREMIUM]",0,"1.6L 4","4X4 W/FRONT WHL DRV","AUTOMATIC","GAS",4,"DEFAULT","On Minimum Bid","[PREMIUM]",,"EAST GRANBY","CT","06026 9765","USA","USD","[PREMIUM]","[PREMIUM]","O030",false,"[PREMIUM]",,false,false,"[PREMIUM]",,,,,,,,"[PREMIUM]"
"62939116","2026-08-08 02:56:54.770","2026-08-22 17:48:58.204","62939116","2026-08-22 02:28:01.000","[PREMIUM]","880","*NCS - EASTERN REGION","2026-08-25","TUESDAY","2100","EDT","0","V",2017,"FORD","ESCAPE","ESCAPE","4DR SPORT UTILITY","BLACK","FRONT END","MINOR DENT/SCRATCHES","WV","CT","YES","D",79094,"A","[PREMIUM]",0,"1.5L 4","4X4 W/FRONT WHL DRV","AUTOMATIC","GAS",4,"Run & Drive Verified","On Minimum Bid","[PREMIUM]","REPOSSESSION/WITH CORR LTR  ","EAST GRANBY","CT","06026 9765","USA","USD","[PREMIUM]","[PREMIUM]","J040",true,"[PREMIUM]","TITANIUM",false,false,"[PREMIUM]",,,,,,,,"[PREMIUM]"
"62584686","2026-08-08 02:56:54.690","2026-08-10 02:57:48.046","62584686","2026-08-07 22:06:24.000","[PREMIUM]","838","RENTAL VEHICLE SALE","2026-08-10","MONDAY","1200","EDT","0","V",2025,"NISSAN","ALTIMA","ALTIMA","SEDAN","GRAY","FRONT END","UNDERCARRIAGE","FL","CD","NO","E",32430,"A","[PREMIUM]",0,"2.5L 4","FRONT WHEEL DRIVE","AUTOMATIC","GAS",4,"DEFAULT","On Approval","[PREMIUM]",,"EAST GRANBY","CT","06026 9765","USA","USD","[PREMIUM]","[PREMIUM]","Q010",false,"[PREMIUM]","SV",false,false,"[PREMIUM]",,,,,,,,"[PREMIUM]"
"95007655","2026-08-08 02:56:50.557","2026-08-18 09:03:01.015","95007655","2026-08-18 08:00:07.000","[PREMIUM]","348","FL - PUNTA GORDA","2026-08-18","TUESDAY","1000","EDT","66","V",2024,"CHEVROLET","TRAX","TRAX","SPORT UTILITY VEHICLE","GREEN","REAR END","FRONT END","FL","RB","YES","D",15491,"A","[PREMIUM]",18121,"1.2L 3","FRONT WHEEL DRIVE","AUTOMATIC","GAS",3,"Run & Drive Verified","On Minimum Bid","[PREMIUM]",,"ARCADIA","FL","34269","USA","USD","[PREMIUM]","[PREMIUM]","SD030",false,"[PREMIUM]","ACTIV",false,false,"[PREMIUM]",,,,,,,,"[PREMIUM]"
"79192335","2026-08-08 02:56:50.509","2026-08-13 14:31:20.260","79192335","2026-08-11 21:12:02.000","[PREMIUM]","348","FL - PUNTA GORDA","2026-08-14","FRIDAY","1000","EDT","0","V",2014,"JEEP","CHEROKEE","GRAND CHEROKEE","4DR SPORT UTILITY","RED","FRONT END",,"FL","RB","YES","S",87647,"A","[PREMIUM]",9729,"3.6L 6","REAR WHEEL DRIVE","AUTOMATIC","FLEXIBLE",6,"Vehicle Starts","Pure Sale","[PREMIUM]",,"ARCADIA","FL","34269","USA","USD","[PREMIUM]","[PREMIUM]","J070",false,"[PREMIUM]","LAREDO",false,false,"[PREMIUM]",,,,,,,,"[PREMIUM]"
"79532015","2026-08-08 02:56:50.508","2026-08-13 14:31:20.274","79532015","2026-08-11 21:12:01.000","[PREMIUM]","348","FL - PUNTA GORDA","2026-08-14","FRIDAY","1000","EDT","0","V",2019,"FORD","FUSION","FUSION","SEDAN","BURGUNDY","FRONT END",,"FL","RB","NO","E",0,"N","[PREMIUM]",11758,"2.0L 4","FRONT WHEEL DRIVE","AUTOMATIC","ELECTRIC AND GAS HYBRID",4,"DEFAULT","Pure Sale","[PREMIUM]",,"ARCADIA","FL","34269","USA","USD","[PREMIUM]","[PREMIUM]","K090",false,"[PREMIUM]","SE",false,false,"[PREMIUM]",,,,,,,,"[PREMIUM]"
"79785495","2026-08-08 02:56:50.504","2026-08-13 14:31:20.264","79785495","2026-08-11 21:22:01.000","[PREMIUM]","348","FL - PUNTA GORDA","2026-08-14","FRIDAY","1000","EDT","0","V",2017,"HONDA","CIVIC","CIVIC","SEDAN 4DR","BLUE","FRONT END",,"FL","RB","YES","D",90920,"A","[PREMIUM]",8741.84,"2.0L 4","FRONT WHEEL DRIVE","AUTOMATIC","GAS",4,"Run & Drive Verified","Pure Sale","[PREMIUM]",,"ARCADIA","FL","34269","USA","USD","[PREMIUM]","[PREMIUM]","H080",false,"[PREMIUM]","LX",false,false,"[PREMIUM]",,,,,,,,"[PREMIUM]"
"79806675","2026-08-08 02:56:50.502","2026-08-13 14:31:20.262","79806675","2026-08-11 21:22:01.000","[PREMIUM]","348","FL - PUNTA GORDA","2026-08-14","FRIDAY","1000","EDT","0","V",2011,"CHEVROLET","EQUINOX","EQUINOX","4DR SPORT UTILITY","RED","UNDERCARRIAGE","FRONT END","FL","RB","YES","E",136241,"A","[PREMIUM]",4973,"2.4L 4","FRONT WHEEL DRIVE","AUTOMATIC","GAS",4,"DEFAULT","Pure Sale","[PREMIUM]",,"ARCADIA","FL","34269","USA","USD","[PREMIUM]","[PREMIUM]","SD040",false,"[PREMIUM]","LT",false,false,"[PREMIUM]",,,,,,,,"[PREMIUM]"
"64305856","2026-08-08 02:56:50.430","2026-08-13 14:31:20.159","64305856","2026-08-11 16:04:19.000","[PREMIUM]","348","FL - PUNTA GORDA","2026-08-14","FRIDAY","1000","EDT","0","V",2018,"AUDI","Q5","Q5","SPORT UTILITY VEHICLE","GRAY","SIDE",,"FL","CD","YES","D",64935,"A","[PREMIUM]",20035.58,"2.0L 4","ALL WHEEL DRIVE","AUTOMATIC","GAS",4,"Run & Drive Verified","On Minimum Bid","[PREMIUM]",,"ARCADIA","FL","34269","USA","USD","[PREMIUM]","[PREMIUM]","L070",false,"[PREMIUM]","PREMIUM PLUS",false,false,"[PREMIUM]",,,,,,,,"[PREMIUM]"
"64020286","2026-08-08 02:56:50.372","2026-08-13 14:31:20.076","64020286","2026-08-11 20:04:07.000","[PREMIUM]","348","FL - PUNTA GORDA","2026-08-14","FRIDAY","1000","EDT","0","V",2017,"BUICK","ENVISION","ENVISION","4DR SPORT UTILITY","WHITE","SIDE","FRONT END","FL","RB","YES","S",36867,"A","[PREMIUM]",9361.09,"2.5L 4","FRONT WHEEL DRIVE","AUTOMATIC","GAS",4,"Vehicle Starts","Pure Sale","[PREMIUM]",,"ARCADIA","FL","34269","USA","USD","[PREMIUM]","[PREMIUM]","N040",false,"[PREMIUM]","ESSENCE",false,false,"[PREMIUM]",,,,,,,,"[PREMIUM]"
"64015656","2026-08-08 02:56:50.368","2026-08-13 14:31:20.097","64015656","2026-08-11 20:31:14.000","[PREMIUM]","348","FL - PUNTA GORDA","2026-08-14","FRIDAY","1000","EDT","0","V",2003,"TOYOTA","AVALON","AVALON","SEDAN","TAN","SIDE",,"FL","RB","YES","D",128640,"A","[PREMIUM]",3979.27,"3.0L 6","FRONT WHEEL DRIVE","AUTOMATIC","GAS",6,"Run & Drive Verified","Pure Sale","[PREMIUM]",,"ARCADIA","FL","34269","USA","USD","[PREMIUM]","[PREMIUM]","A020",false,"[PREMIUM]","XL",false,false,"[PREMIUM]",,,,,,,,"[PREMIUM]"
"64083546","2026-08-08 02:56:50.366","2026-08-13 14:31:20.078","64083546","2026-08-11 16:17:22.000","[PREMIUM]","348","FL - PUNTA GORDA","2026-08-14","FRIDAY","1000","EDT","0","V",2013,"HYUNDAI","ELANTRA","ELANTRA","SEDAN","SILVER","REAR END",,"FL","RR","YES","D",136055,"A","[PREMIUM]",7022.04,"1.8L 4","FRONT WHEEL DRIVE","AUTOMATIC","GAS",4,"Run & Drive Verified","Pure Sale","[PREMIUM]",,"ARCADIA","FL","34269","USA","USD","[PREMIUM]","[PREMIUM]","C050",false,"[PREMIUM]","GLS",false,false,"[PREMIUM]",,,,,,,,"[PREMIUM]"
"64007686","2026-08-08 02:56:50.361","2026-08-13 14:31:20.090","64007686","2026-08-11 21:01:38.000","[PREMIUM]","348","FL - PUNTA GORDA","2026-08-14","FRIDAY","1000","EDT","0","V",2015,"CHEVROLET","IMPALA","IMPALA","SEDAN 4DR","GRAY","REAR END",,"FL","RB","NO","E",60361,"A","[PREMIUM]",11647.5,"3.6L 6","FRONT WHEEL DRIVE","AUTOMATIC","GAS",6,"DEFAULT","Pure Sale","[PREMIUM]",,"ARCADIA","FL","34269","USA","USD","[PREMIUM]","[PREMIUM]","F030",false,"[PREMIUM]","LT",false,false,"[PREMIUM]",,,,,,,,"[PREMIUM]"
"64024226","2026-08-08 02:56:50.360","2026-08-10 02:57:42.035","64024226","2026-08-07 21:47:51.000","[PREMIUM]","838","RENTAL VEHICLE SALE","2026-08-10","MONDAY","1200","EDT","0","V",2025,"NISSAN","VERSA","VERSA","SEDAN","GRAY","FRONT END","SIDE","FL","CD","YES","S",30718,"A","[PREMIUM]",41565.18,"1.6L 4","FRONT WHEEL DRIVE","AUTOMATIC","GAS",4,"Vehicle Starts","On Minimum Bid","[PREMIUM]",,"ARCADIA","FL","34269","USA","USD","[PREMIUM]","[PREMIUM]","R110",false,"[PREMIUM]","S",false,false,"[PREMIUM]",,,,,,,,"[PREMIUM]"
"63679426","2026-08-08 02:56:50.326","2026-08-13 14:31:20.030","63679426","2026-08-11 21:21:57.000","[PREMIUM]","348","FL - PUNTA GORDA","2026-08-14","FRIDAY","1000","EDT","0","C",2016,"YAMAHA","YZF1000","YZFR1S","RACER","BLACK","SIDE",,"FL","RB","YES","E",0,"N","[PREMIUM]",13047.75,"4",,"MANUAL","GAS",4,"DEFAULT","Pure Sale","[PREMIUM]",,"ARCADIA","FL","34269","USA","USD","[PREMIUM]","[PREMIUM]","MC007",false,"[PREMIUM]",,false,false,"[PREMIUM]",,,,,,,,"[PREMIUM]"
"63561396","2026-08-08 02:56:50.303","2026-08-13 14:31:20.011","63561396","2026-08-11 13:14:49.000","[PREMIUM]","348","FL - PUNTA GORDA","2026-08-14","FRIDAY","1000","EDT","0","V",2020,"SUBARU","ASCENT","ASCENT","SPORT UTILITY VEHICLE","GRAY","FRONT END",,"FL","CD","YES","E",54388,"A","[PREMIUM]",21466.1,"2.4L 4","ALL WHEEL DRIVE","AUTOMATIC","GAS",4,"DEFAULT","On Minimum Bid","[PREMIUM]",,"ARCADIA","FL","34269","USA","USD","[PREMIUM]","[PREMIUM]","L050",false,"[PREMIUM]","PREMIUM",false,false,"[PREMIUM]",,,,,,,,"[PREMIUM]"
"63652146","2026-08-08 02:56:50.296","2026-08-22 17:48:53.457","63652146","2026-08-21 02:45:38.000","[PREMIUM]","838","RENTAL VEHICLE SALE","2026-08-24","MONDAY","1200","EDT","0","V",2026,"DODGE","DURANGO","DURANGO","SPORT UTILITY VEHICLE","GRAY","FRONT END",,"FL","CT","YES","D",18804,"A","[PREMIUM]",0,"3.6L 6","REAR WHEEL DRIVE","AUTOMATIC","GAS",6,"Run & Drive Verified","On Minimum Bid","[PREMIUM]",,"ARCADIA","FL","34269","USA","USD","[PREMIUM]","[PREMIUM]","SG120",false,"[PREMIUM]","GT",false,false,"[PREMIUM]",,,,,,,,"[PREMIUM]"
"63653486","2026-08-08 02:56:50.294","2026-08-22 17:48:53.460","63653486","2026-08-21 02:45:38.000","[PREMIUM]","838","RENTAL VEHICLE SALE","2026-08-24","MONDAY","1200","EDT","0","V",2025,"CHEVROLET","ALL Models","SILVERADO","PICKUP","SILVER","FRONT END",,"FL","CT","YES","D",47936,"A","[PREMIUM]",0,"5.3L 8","REAR WHEEL DRIVE","AUTOMATIC","GAS",8,"Run & Drive Verified","On Minimum Bid","[PREMIUM]",,"ARCADIA","FL","34269","USA","USD","[PREMIUM]","[PREMIUM]","SE120",false,"[PREMIUM]","C1500 LT",false,false,"[PREMIUM]",,,,,,,,"[PREMIUM]"
"63652486","2026-08-08 02:56:50.292","2026-08-19 09:01:14.678","63652486","2026-08-19 02:45:48.000","[PREMIUM]","838","RENTAL VEHICLE SALE","2026-08-19","WEDNESDAY","1200","EDT","0","V",2025,"CHEVROLET","MALIBU","MALIBU","SEDAN","TAN","MECHANICAL",,"FL","CT","YES","E",38894,"A","[PREMIUM]",0,"1.5L 4","FRONT WHEEL DRIVE","AUTOMATIC","GAS",4,"DEFAULT","On Minimum Bid","[PREMIUM]",,"ARCADIA","FL","34269","USA","USD","[PREMIUM]","[PREMIUM]","R110",false,"[PREMIUM]","LT",false,false,"[PREMIUM]",,,,,,,,"[PREMIUM]"
"63677086","2026-08-08 02:56:50.287","2026-08-10 02:57:41.958","63677086","2026-08-07 22:10:47.000","[PREMIUM]","838","RENTAL VEHICLE SALE","2026-08-10","MONDAY","1200","EDT","0","V",2024,"JEEP","GRAND CHER","GRAND CHEROKEE","SPORT UTILITY VEHICLE","BLACK","SIDE",,"OH","CT","YES","D",45981,"A","[PREMIUM]",0,"2.0L 4","4X4 W/REAR WHEEL DRV","AUTOMATIC","ELECTRIC AND GAS HYBRID",4,"Run & Drive Verified","On Approval","[PREMIUM]",,"ARCADIA","FL","34269","USA","USD","[PREMIUM]","[PREMIUM]","SF110",false,"[PREMIUM]","LIMITED 4XE",false,false,"[PREMIUM]",,,,,,,,"[PREMIUM]"
"63653196","2026-08-08 02:56:50.285","2026-08-22 17:48:53.469","63653196","2026-08-21 02:45:44.000","[PREMIUM]","838","RENTAL VEHICLE SALE","2026-08-24","MONDAY","1200","EDT","0","V",2024,"MITSUBISHI","MIRAGE","MIRAGE","HATCHBACK","GRAY","REAR END",,"TN","CT","YES","D",35413,"A","[PREMIUM]",0,"1.2L 3","FRONT WHEEL DRIVE","AUTOMATIC","GAS",3,"Run & Drive Verified","On Minimum Bid","[PREMIUM]",,"ARCADIA","FL","34269","USA","USD","[PREMIUM]","[PREMIUM]","SG120",false,"[PREMIUM]","ES",false,false,"[PREMIUM]",,,,,,,,"[PREMIUM]"
"63511946","2026-08-08 02:56:50.257","2026-08-13 14:31:19.981","63511946","2026-08-11 16:01:37.000","[PREMIUM]","348","FL - PUNTA GORDA","2026-08-14","FRIDAY","1000","EDT","0","V",2006,"CHEVROLET","COBALT","COBALT","COUPE","BLACK","FRONT END",,"FL","CD","YES","E",137331,"A","[PREMIUM]",3384.19,"2.2L 4","FRONT WHEEL DRIVE","AUTOMATIC","GAS",4,"DEFAULT","Pure Sale","[PREMIUM]",,"ARCADIA","FL","34269","USA","USD","[PREMIUM]","[PREMIUM]","M060",false,"[PREMIUM]","LT",false,false,"[PREMIUM]",,,,,,,,"[PREMIUM]"
"63509856","2026-08-08 02:56:50.253","2026-08-22 17:48:53.433","63509856","2026-08-14 21:01:00.000","[PREMIUM]","348","FL - PUNTA GORDA","2026-08-25","TUESDAY","1000","EDT","0","V",2014,"JAGUAR","F-TYPE","F-TYPE","CONVERTIBLE","ORANGE","FRONT END",,"FL","RB","YES","D",51163,"N","[PREMIUM]",16111.85,"3.0L 6","REAR WHEEL DRIVE","AUTOMATIC","GAS",6,"Run & Drive Verified","On Minimum Bid","[PREMIUM]",,"ARCADIA","FL","34269","USA","USD","[PREMIUM]","[PREMIUM]","SD010",false,"[PREMIUM]","S",false,false,"[PREMIUM]",,,,,,,,"[PREMIUM]"
"63533976","2026-08-08 02:56:50.246","2026-08-13 14:31:19.978","63533976","2026-08-11 16:02:17.000","[PREMIUM]","348","FL - PUNTA GORDA","2026-08-14","FRIDAY","1000","EDT","0","V",2015,"HYUNDAI","ELANTRA","ELANTRA","SEDAN","BEIGE","REAR END",,"FL","CD","YES","D",84678,"A","[PREMIUM]",8030.13,"1.8L 4","FRONT WHEEL DRIVE","AUTOMATIC","GAS",4,"Run & Drive Verified","On Minimum Bid","[PREMIUM]",,"ARCADIA","FL","34269","USA","USD","[PREMIUM]","[PREMIUM]","D050",false,"[PREMIUM]","SE",false,false,"[PREMIUM]",,,,,,,,"[PREMIUM]"
"63415836","2026-08-08 02:56:50.216","2026-08-22 17:48:53.391","63415836","2026-08-21 02:45:18.000","[PREMIUM]","832","MEDIUM DUTY CLEAN TITLE SALE","2026-08-24","MONDAY","1100","CDT","0","K",2025,"MERCEDES-BENZ","SPRINTER 2","SPRINTER",,"WHITE","FRONT END",,"GA","CT","YES","S",14925,"A","[PREMIUM]",0,,,"AUTOMATIC",,,"Vehicle Starts","On Minimum Bid","[PREMIUM]",,"ARCADIA","FL","34269","USA","USD","[PREMIUM]","[PREMIUM]","SG120",false,"[PREMIUM]","2500",false,false,"[PREMIUM]",,,,,,,,"[PREMIUM]"
"63328706","2026-08-08 02:56:50.213","2026-08-13 14:31:19.933","63328706","2026-08-12 14:25:52.000","[PREMIUM]","348","FL - PUNTA GORDA","2026-08-14","FRIDAY","1000","EDT","0","V",2012,"HYUNDAI","SANTA FE","SANTA FE","4DR SPORT UTILITY","SILVER","REAR END",,"FL","RB","YES","D",108789,"A","[PREMIUM]",0,"3.5L 6","ALL WHEEL DRIVE","AUTOMATIC","GAS",6,"Run & Drive Verified","Pure Sale","[PREMIUM]",,"ARCADIA","FL","34269","USA","USD","[PREMIUM]","[PREMIUM]","J040",false,"[PREMIUM]","LIMITED",false,false,"[PREMIUM]",,,,,,,,"[PREMIUM]"
"63284496","2026-08-08 02:56:50.170","2026-08-13 14:31:19.950","63284496","2026-08-12 14:26:12.000","[PREMIUM]","348","FL - PUNTA GORDA","2026-08-14","FRIDAY","1000","EDT","0","V",2006,"CHRYSLER","SEBRING","SEBRING","CONVERTIBLE","BEIGE","FRONT END",,"FL","RB","YES","D",34323,"A","[PREMIUM]",3960.22,"2.7L 6","FRONT WHEEL DRIVE","AUTOMATIC","GAS",6,"Run & Drive Verified","Pure Sale","[PREMIUM]",,"ARCADIA","FL","34269","USA","USD","[PREMIUM]","[PREMIUM]","G010",false,"[PREMIUM]","TOURING",false,false,"[PREMIUM]",,,,,,,,"[PREMIUM]"
"63156596","2026-08-08 02:56:50.119","2026-08-10 02:57:41.583","63156596","2026-08-07 22:15:02.000","[PREMIUM]","832","MEDIUM DUTY CLEAN TITLE SALE","2026-08-10","MONDAY","1100","CDT","0","K",2021,"NISSAN","NV","NV","FULL-SIZE","WHITE","MINOR DENT/SCRATCHES",,"FL","CT","YES","D",70376,"A","[PREMIUM]",0,"4.0L 6","REAR WHEEL DRIVE","AUTOMATIC","GAS",6,"Run & Drive Verified","On Approval","[PREMIUM]",,"ARCADIA","FL","34269","USA","USD","[PREMIUM]","[PREMIUM]","SE130",false,"[PREMIUM]","1500 SV",false,false,"[PREMIUM]",,,,,,,,"[PREMIUM]"
"63154466","2026-08-08 02:56:50.119","2026-08-22 17:48:53.356","63154466","2026-08-21 02:45:16.000","[PREMIUM]","832","MEDIUM DUTY CLEAN TITLE SALE","2026-08-24","MONDAY","1100","CDT","0","K",2016,"FORD","TRANSIT","TRANSIT","CARGO VAN","BLUE","MINOR DENT/SCRATCHES",,"FL","CT","YES","D",177614,"A","[PREMIUM]",0,"3.7L 6","REAR WHEEL DRIVE","AUTOMATIC","GAS",6,"Run & Drive Verified","On Minimum Bid","[PREMIUM]",,"ARCADIA","FL","34269","USA","USD","[PREMIUM]","[PREMIUM]","SG110",true,"[PREMIUM]","T-250",false,false,"[PREMIUM]",,,,,,,,"[PREMIUM]"
"62864196","2026-08-08 02:56:50.016","2026-08-13 14:31:19.834","62864196","2026-08-11 17:35:07.000","[PREMIUM]","348","FL - PUNTA GORDA","2026-08-14","FRIDAY","1000","EDT","0","V",2016,"HONDA","ACCORD","ACCORD","SEDAN 4DR","WHITE","FRONT END",,"FL","RB","YES","D",134119,"A","[PREMIUM]",10386.74,"3.5L 6","FRONT WHEEL DRIVE","AUTOMATIC","GAS",6,"Run & Drive Verified","Pure Sale","[PREMIUM]",,"ARCADIA","FL","34269","USA","USD","[PREMIUM]","[PREMIUM]","M060",false,"[PREMIUM]","EXL",false,false,"[PREMIUM]",,,,,,,,"[PREMIUM]"
"62762556","2026-08-08 02:56:50.011","2026-08-22 17:48:53.325","62762556","2026-08-21 02:45:11.000","[PREMIUM]","832","MEDIUM DUTY CLEAN TITLE SALE","2026-08-24","MONDAY","1100","CDT","0","K",2025,"RAM","All Models","PROMASTER 2500","VAN CARGO","WHITE","MINOR DENT/SCRATCHES",,"FL","CT","YES","D",33861,"A","[PREMIUM]",0,"3.6L 6","FRONT WHEEL DRIVE","AUTOMATIC","GAS",6,"Run & Drive Verified","On Minimum Bid","[PREMIUM]",,"ARCADIA","FL","34269","USA","USD","[PREMIUM]","[PREMIUM]","SG120",false,"[PREMIUM]","2500 HIGH",false,false,"[PREMIUM]",,,,,,,,"[PREMIUM]"
"62717016","2026-08-08 02:56:49.986","2026-08-18 09:03:00.211","62717016","2026-08-18 08:00:07.000","[PREMIUM]","348","FL - PUNTA GORDA","2026-08-18","TUESDAY","1000","EDT","27","V",2023,"CADILLAC","XT5","XT5","SPORT UTILITY VEHICLE","CHARCOAL","SIDE","REAR END","FL","CD","YES","D",23494,"A","[PREMIUM]",25010,"3.6L 6","ALL WHEEL DRIVE","AUTOMATIC","GAS",6,"Run & Drive Verified","On Minimum Bid","[PREMIUM]",,"ARCADIA","FL","34269","USA","USD","[PREMIUM]","[PREMIUM]","K080",false,"[PREMIUM]","SPORT",false,false,"[PREMIUM]",,,,,,,,"[PREMIUM]"
"62440486","2026-08-08 02:56:49.953","2026-08-13 14:31:19.751","62440486","2026-08-11 16:03:45.000","[PREMIUM]","348","FL - PUNTA GORDA","2026-08-14","FRIDAY","1000","EDT","0","V",2008,"FORD","RANGER","RANGER","PICKUP","WHITE","SIDE",,"FL","CD","YES","E",115087,"A","[PREMIUM]",9412.58,"2.3L 4","REAR WHEEL DRIVE","AUTOMATIC","GAS",4,"DEFAULT","Pure Sale","[PREMIUM]",,"ARCADIA","FL","34269","USA","USD","[PREMIUM]","[PREMIUM]","E040",false,"[PREMIUM]",,false,false,"[PREMIUM]",,,,,,,,"[PREMIUM]"
"62545866","2026-08-08 02:56:49.940","2026-08-21 23:50:32.544","62545866","2026-08-19 17:27:52.000","[PREMIUM]","348","FL - PUNTA GORDA","2026-08-25","TUESDAY","1000","EDT","0","V",2017,"TOYOTA","TUNDRA","TUNDRA","PICKUP","RED","FRONT END",,"FL","RB","YES","S",251416,"A","[PREMIUM]",16216,"4.6L 8","FOUR BY FOUR","AUTOMATIC","GAS",8,"Vehicle Starts","On Minimum Bid","[PREMIUM]",,"ARCADIA","FL","34269","USA","USD","[PREMIUM]","[PREMIUM]","J090",false,"[PREMIUM]","SR5",false,false,"[PREMIUM]",,,,,,,,"[PREMIUM]"
"62317116","2026-08-08 02:56:49.872","2026-08-13 14:31:19.739","62317116","2026-08-11 20:28:17.000","[PREMIUM]","348","FL - PUNTA GORDA","2026-08-14","FRIDAY","1000","EDT","0","V",2007,"FORD","FOCUS ZX5","FOCUS",,"SILVER","REAR END",,"FL","RB","YES","D",129122,"A","[PREMIUM]",2325,,,"AUTOMATIC",,,"Run & Drive Verified","Pure Sale","[PREMIUM]",,"ARCADIA","FL","34269","USA","USD","[PREMIUM]","[PREMIUM]","L020",false,"[PREMIUM]","ZX5",false,false,"[PREMIUM]",,,,,,,,"[PREMIUM]"
"62396526","2026-08-08 02:56:49.866","2026-08-13 14:31:19.755","62396526","2026-08-11 18:02:35.000","[PREMIUM]","348","FL - PUNTA GORDA","2026-08-14","FRIDAY","1000","EDT","0","V",2008,"SUBARU","IMPREZA","IMPREZA","STATION WAGON","GOLD","FRONT END",,"FL","RB","YES","E",0,"E","[PREMIUM]",6049.63,"2.5L 4","ALL WHEEL DRIVE","AUTOMATIC","GAS",4,"DEFAULT","Pure Sale","[PREMIUM]",,"ARCADIA","FL","34269","USA","USD","[PREMIUM]","[PREMIUM]","F050",false,"[PREMIUM]","2.5I",false,false,"[PREMIUM]",,,,,,,,"[PREMIUM]"
"62417906","2026-08-08 02:56:49.859","2026-08-18 09:03:00.138","62417906","2026-08-18 08:00:07.000","[PREMIUM]","348","FL - PUNTA GORDA","2026-08-18","TUESDAY","1000","EDT","2007","V",2007,"CHEVROLET","CORVETTE","CORVETTE","COUPE","RED","SIDE","FRONT END","FL","RB","YES","E",0,"E","[PREMIUM]",13256,"6.0L 8","REAR WHEEL DRIVE","MANUAL","GAS",8,"DEFAULT","On Minimum Bid","[PREMIUM]",,"ARCADIA","FL","34269","USA","USD","[PREMIUM]","[PREMIUM]","I020",false,"[PREMIUM]",,false,false,"[PREMIUM]",,,,,,,,"[PREMIUM]"
"61923986","2026-08-08 02:56:49.783","2026-08-13 14:31:19.704","61923986","2026-08-11 20:45:58.000","[PREMIUM]","348","FL - PUNTA GORDA","2026-08-14","FRIDAY","1000","EDT","0","K",2008,"FORD","ECONOLINE","ECONOLINE","EXTENDED CARGO VAN","WHITE","SIDE",,"FL","RB","YES","S",215485,"A","[PREMIUM]",5703,"4.6L 8","REAR WHEEL DRIVE","AUTOMATIC","GAS",8,"Vehicle Starts","Pure Sale","[PREMIUM]",,"ARCADIA","FL","34269","USA","USD","[PREMIUM]","[PREMIUM]","O040",false,"[PREMIUM]","E250 VAN",false,false,"[PREMIUM]",,,,,,,,"[PREMIUM]"
"62026336","2026-08-08 02:56:49.782","2026-08-12 08:33:11.790","62026336","2026-08-12 02:45:54.000","[PREMIUM]","838","RENTAL VEHICLE SALE","2026-08-12","WEDNESDAY","1200","EDT","0","V",2018,"FORD","F150","F150","PICKUP","WHITE","MECHANICAL",,"FL","CT","YES","E",130640,"A","[PREMIUM]",0,"2.7L 6","REAR WHEEL DRIVE","AUTOMATIC","GAS",6,"DEFAULT","On Minimum Bid","[PREMIUM]",,"ARCADIA","FL","34269","USA","USD","[PREMIUM]","[PREMIUM]","SG130",true,"[PREMIUM]",,false,false,"[PREMIUM]",,,,,,,,"[PREMIUM]"
"60930326","2026-08-08 02:56:49.587","2026-08-10 02:57:40.841","60930326","2026-08-07 22:15:49.000","[PREMIUM]","838","RENTAL VEHICLE SALE","2026-08-10","MONDAY","1200","EDT","0","V",2024,"JEEP","WRANGLER","WRANGLER","SPORT UTILITY VEHICLE","TURQUOISE","FRONT END",,"AZ","SC","YES","E",41609,"A","[PREMIUM]",0,"2.0L 4","4X4 W/REAR WHEEL DRV","AUTOMATIC","ELECTRIC AND GAS HYBRID",4,"DEFAULT","On Minimum Bid","[PREMIUM]",,"ARCADIA","FL","34269","USA","USD","[PREMIUM]","[PREMIUM]","R110",false,"[PREMIUM]","SAHARA 4XE",false,false,"[PREMIUM]",,,,,,,,"[PREMIUM]"
"60838896","2026-08-08 02:56:49.583","2026-08-10 02:57:40.816","60838896","2026-08-07 22:09:54.000","[PREMIUM]","832","MEDIUM DUTY CLEAN TITLE SALE","2026-08-10","MONDAY","1100","CDT","0","K",2018,"FORD","TRANSIT","TRANSIT","VAN CARGO","BLUE","MECHANICAL",,"FL","CT","YES","S",108970,"A","[PREMIUM]",0,"3.7L 6","REAR WHEEL DRIVE","AUTOMATIC","GAS",6,"Vehicle Starts","On Approval","[PREMIUM]",,"ARCADIA","FL","34269","USA","USD","[PREMIUM]","[PREMIUM]","SG130",false,"[PREMIUM]","T-250",false,false,"[PREMIUM]",,,,,,,,"[PREMIUM]"
"60420576","2026-08-08 02:56:49.450","2026-08-22 17:48:52.867","60420576","2026-08-21 02:45:31.000","[PREMIUM]","881","*NCS - CENTRAL REGION","2026-08-24","MONDAY","2000","CDT","0","K",2008,"FORD","ALL Models","ECONOLINE","CARGO VAN","WHITE","REAR END",,"FL","CD","YES","S",221584,"A","[PREMIUM]",6109.36,"4.6L 8","REAR WHEEL DRIVE","AUTOMATIC","GAS",8,"Vehicle Starts","On Minimum Bid","[PREMIUM]",,"ARCADIA","FL","34269","USA","USD","[PREMIUM]","[PREMIUM]","O010",false,"[PREMIUM]","E250 VAN",false,false,"[PREMIUM]",,,,,,,,"[PREMIUM]"
"60459496","2026-08-08 02:56:49.436","2026-08-13 14:31:19.467","60459496","2026-08-11 20:23:35.000","[PREMIUM]","348","FL - PUNTA GORDA","2026-08-14","FRIDAY","1000","EDT","0","V",2009,"TOYOTA","RAV4","RAV4","SUV","SILVER","FRONT END",,"FL","RB","YES","D",133151,"A","[PREMIUM]",6888.93,"2.5L 4","FRONT WHEEL DRIVE","AUTOMATIC","GAS",4,"Run & Drive Verified","Pure Sale","[PREMIUM]",,"ARCADIA","FL","34269","USA","USD","[PREMIUM]","[PREMIUM]","G090",false,"[PREMIUM]","BASE",false,false,"[PREMIUM]",,,,,,,,"[PREMIUM]"
"60243306","2026-08-08 02:56:49.351","2026-08-13 14:31:19.480","60243306","2026-08-11 20:18:55.000","[PREMIUM]","348","FL - PUNTA GORDA","2026-08-14","FRIDAY","1000","EDT","0","V",2012,"CHRYSLER","200","200","CONVERTIBLE","BLUE","FRONT END",,"FL","RB","YES","D",133672,"A","[PREMIUM]",4527,"3.6L 6","FRONT WHEEL DRIVE","AUTOMATIC","FLEXIBLE",6,"Run & Drive Verified","Pure Sale","[PREMIUM]",,"ARCADIA","FL","34269","USA","USD","[PREMIUM]","[PREMIUM]","E040",false,"[PREMIUM]","LIMITED",false,false,"[PREMIUM]",,,,,,,,"[PREMIUM]"
"59831556","2026-08-08 02:56:49.325","2026-08-22 05:46:41.912","59831556","2026-08-22 02:00:38.000","[PREMIUM]","835","MEDIUM DUTY SPECIALTY SALE","2026-08-26","WEDNESDAY","1100","CDT","0","K",2020,"NISSAN","NV","NV","FULL-SIZE","WHITE","BURN - INTERIOR",,"FL","CD","YES","E",0,"N","[PREMIUM]",0,"4.0L 6","REAR WHEEL DRIVE","AUTOMATIC","GAS",6,"DEFAULT","On Approval","[PREMIUM]",,"ARCADIA","FL","34269","USA","USD","[PREMIUM]","[PREMIUM]","SG130",false,"[PREMIUM]","2500 HD SV",false,false,"[PREMIUM]",,,,,,,,"[PREMIUM]"
"59902106","2026-08-08 02:56:49.306","2026-08-13 14:31:19.418","59902106","2026-08-11 20:49:50.000","[PREMIUM]","348","FL - PUNTA GORDA","2026-08-14","FRIDAY","1000","EDT","0","V",2025,"TESLA","MODEL Y","MODEL Y","SPORT UTILITY VEHICLE","GRAY","FRONT END",,"FL","RB","YES","E",21607,"A","[PREMIUM]",25980.56,,"REAR WHEEL DRIVE","AUTOMATIC","ELECTRIC",,"DEFAULT","On Minimum Bid","[PREMIUM]",,"ARCADIA","FL","34269","USA","USD","[PREMIUM]","[PREMIUM]","A070",false,"[PREMIUM]",,false,false,"[PREMIUM]",,,,,,,,"[PREMIUM]"
"59248826","2026-08-08 02:56:49.268","2026-08-13 14:31:19.338","59248826","2026-08-12 16:57:01.000","[PREMIUM]","348","FL - PUNTA GORDA","2026-08-14","FRIDAY","1000","EDT","0","V",2017,"FORD","EXPLORER","EXPLORER","4DR SPORT UTILITY","WHITE","FRONT END",,"FL","RB","YES","D",75748,"A","[PREMIUM]",7876.18,"3.5L 6","FRONT WHEEL DRIVE","AUTOMATIC","GAS",6,"Run & Drive Verified","Pure Sale","[PREMIUM]",,"ARCADIA","FL","34269","USA","USD","[PREMIUM]","[PREMIUM]","M050",false,"[PREMIUM]","XLT",false,false,"[PREMIUM]",,,,,,,,"[PREMIUM]"
"59532996","2026-08-08 02:56:49.245","2026-08-13 14:31:19.383","59532996","2026-08-11 20:36:09.000","[PREMIUM]","348","FL - PUNTA GORDA","2026-08-14","FRIDAY","1000","EDT","0","V",2014,"VOLKSWAGEN","JETTA","JETTA","STATION WAGON","WHITE","FRONT END",,"FL","RB","YES","E",0,"N","[PREMIUM]",8004.07,"2.0L 4","FRONT WHEEL DRIVE","AUTOMATIC","DIESEL",4,"DEFAULT","Pure Sale","[PREMIUM]",,"ARCADIA","FL","34269","USA","USD","[PREMIUM]","[PREMIUM]","F050",false,"[PREMIUM]","TDI",false,false,"[PREMIUM]",,,,,,,,"[PREMIUM]"
"58351866","2026-08-08 02:56:49.081","2026-08-18 09:02:59.505","58351866","2026-08-18 08:00:07.000","[PREMIUM]","348","FL - PUNTA GORDA","2026-08-18","TUESDAY","1000","EDT","72","V",2012,"KIA","SOUL","SOUL","WAGON","BLACK","FRONT END",,"FL","RB","YES","D",141885,"A","[PREMIUM]",2885.34,"2.0L 4","FRONT WHEEL DRIVE","AUTOMATIC","GAS",4,"Run & Drive Verified","On Minimum Bid","[PREMIUM]",,"ARCADIA","FL","34269","USA","USD","[PREMIUM]","[PREMIUM]","L040",false,"[PREMIUM]","+",false,false,"[PREMIUM]",,,,,,,,"[PREMIUM]"
"58151266","2026-08-08 02:56:49.067","2026-08-13 14:31:19.274","58151266","2026-08-11 20:24:00.000","[PREMIUM]","348","FL - PUNTA GORDA","2026-08-14","FRIDAY","1000","EDT","0","V",2025,"FORD","MUSTANG","MUSTANG MACH-E","SPORT UTILITY VEHICLE","BLUE","FRONT END",,"FL","RB","YES","E",9405,"A","[PREMIUM]",23988.08,,"ALL WHEEL DRIVE","AUTOMATIC","ELECTRIC",,"DEFAULT","Pure Sale","[PREMIUM]",,"ARCADIA","FL","34269","USA","USD","[PREMIUM]","[PREMIUM]","G060",false,"[PREMIUM]","PREMIUM",false,false,"[PREMIUM]",,,,,,,,"[PREMIUM]"
"58356976","2026-08-08 02:56:49.060","2026-08-18 09:02:59.501","58356976","2026-08-18 08:00:07.000","[PREMIUM]","348","FL - PUNTA GORDA","2026-08-18","TUESDAY","1000","EDT","2031","V",2016,"FORD","F150","F-150","CREW PICKUP","RED","FRONT END",,"FL","RB","YES","E",111724,"A","[PREMIUM]",11786,"5.0L 8","REAR WHEEL DRIVE","AUTOMATIC","GAS",8,"DEFAULT","Pure Sale","[PREMIUM]",,"ARCADIA","FL","34269","USA","USD","[PREMIUM]","[PREMIUM]","F090",false,"[PREMIUM]","SUPERCREW",false,false,"[PREMIUM]",,,,,,,,"[PREMIUM]"
"57994356","2026-08-08 02:56:49.035","2026-08-18 09:02:59.455","57994356","2026-08-18 08:00:07.000","[PREMIUM]","348","FL - PUNTA GORDA","2026-08-18","TUESDAY","1000","EDT","39","V",2015,"CHEVROLET","SILVERADO","SILVERADO","CREW PICKUP","BLUE","TOP/ROOF","FRONT END","FL","RB","YES","D",111836,"A","[PREMIUM]",18252,"5.3L 8","4X4 W/REAR WHEEL DRV","AUTOMATIC","GAS",8,"Run & Drive Verified","On Minimum Bid","[PREMIUM]",,"ARCADIA","FL","34269","USA","USD","[PREMIUM]","[PREMIUM]","A010",false,"[PREMIUM]","K1500 LTZ",false,false,"[PREMIUM]",,,,,,,,"[PREMIUM]"
"57741836","2026-08-08 02:56:48.942","2026-08-13 14:31:19.205","57741836","2026-08-11 13:00:35.000","[PREMIUM]","348","FL - PUNTA GORDA","2026-08-14","FRIDAY","1000","EDT","0","V",2018,"KIA","SPORTAGE","SPORTAGE","SPORT UTILITY VEHICLE","BLACK","BURN",,"FL","CD","NO","E",0,"N","[PREMIUM]",5969.36,"2.4L 4","FRONT WHEEL DRIVE","AUTOMATIC","GAS",4,"DEFAULT","Pure Sale","[PREMIUM]",,"ARCADIA","FL","34269","USA","USD","[PREMIUM]","[PREMIUM]","A100",false,"[PREMIUM]","LX",false,false,"[PREMIUM]",,,,,,,,"[PREMIUM]"
"57587016","2026-08-08 02:56:48.934","2026-08-13 14:31:19.226","57587016","2026-08-11 20:37:27.000","[PREMIUM]","348","FL - PUNTA GORDA","2026-08-14","FRIDAY","1000","EDT","0","V",2021,"JEEP","WRANGLER","WRANGLER UNLIMITED","SPORT UTILITY VEHICLE","RED","SIDE","FRONT END","FL","RB","YES","D",59651,"A","[PREMIUM]",20118.44,"3.6L 6","4X4 W/REAR WHEEL DRV","AUTOMATIC","GAS",6,"Run & Drive Verified","Pure Sale","[PREMIUM]",,"ARCADIA","FL","34269","USA","USD","[PREMIUM]","[PREMIUM]","L050",false,"[PREMIUM]","SAHARA",false,false,"[PREMIUM]",,,,,,,,"[PREMIUM]"
"57631316","2026-08-08 02:56:48.932","2026-08-13 14:31:19.215","57631316","2026-08-11 20:30:01.000","[PREMIUM]","348","FL - PUNTA GORDA","2026-08-14","FRIDAY","1000","EDT","0","V",2016,"FORD","MUSTANG","MUSTANG","CONVERTIBLE","ORANGE","FRONT END",,"FL","RB","YES","S",89613,"A","[PREMIUM]",12138.37,"3.7L 6","REAR WHEEL DRIVE","AUTOMATIC","GAS",6,"Vehicle Starts","Pure Sale","[PREMIUM]",,"ARCADIA","FL","34269","USA","USD","[PREMIUM]","[PREMIUM]","C060",false,"[PREMIUM]",,false,false,"[PREMIUM]",,,,,,,,"[PREMIUM]"
"57550166","2026-08-08 02:56:48.931","2026-08-22 17:48:52.744","57550166","2026-08-18 14:04:36.000","[PREMIUM]","348","FL - PUNTA GORDA","2026-08-25","TUESDAY","1000","EDT","0","V",2023,"HONDA","ACCORD","ACCORD","SEDAN","BLACK","FRONT END",,"FL","RB","YES","D",51386,"A","[PREMIUM]",10235,"1.5L 4","FRONT WHEEL DRIVE","AUTOMATIC","GAS",4,"Run & Drive Verified","On Minimum Bid","[PREMIUM]",,"ARCADIA","FL","34269","USA","USD","[PREMIUM]","[PREMIUM]","I070",false,"[PREMIUM]","LX",false,false,"[PREMIUM]",,,,,,,,"[PREMIUM]"
"56759556","2026-08-08 02:56:48.905","2026-08-13 14:31:19.135","56759556","2026-08-11 21:21:49.000","[PREMIUM]","348","FL - PUNTA GORDA","2026-08-14","FRIDAY","1000","EDT","0","V",2015,"AUDI","A8","A8","SEDAN 4DR","BLACK","FRONT END",,"FL","RB","YES","D",151016,"A","[PREMIUM]",0,"3.0L 6","ALL WHEEL DRIVE","AUTOMATIC","GAS",6,"Run & Drive Verified","Pure Sale","[PREMIUM]",,"ARCADIA","FL","34269","USA","USD","[PREMIUM]","[PREMIUM]","K060",false,"[PREMIUM]","L QUATTRO",false,false,"[PREMIUM]",,,,,,,,"[PREMIUM]"
"56966036","2026-08-08 02:56:48.896","2026-08-13 14:31:19.186","56966036","2026-08-11 16:37:19.000","[PREMIUM]","348","FL - PUNTA GORDA","2026-08-14","FRIDAY","1000","EDT","0","V",2020,"NISSAN","KICKS","KICKS","HATCHBACK","WHITE","WATER/FLOOD",,"FL","CD","YES","D",75832,"A","[PREMIUM]",9631,"1.6L 4","FRONT WHEEL DRIVE","AUTOMATIC","GAS",4,"Run & Drive Verified","Pure Sale","[PREMIUM]",,"ARCADIA","FL","34269","USA","USD","[PREMIUM]","[PREMIUM]","I020",false,"[PREMIUM]","S",false,false,"[PREMIUM]",,,,,,,,"[PREMIUM]"
"56661716","2026-08-08 02:56:48.839","2026-08-13 14:31:19.166","56661716","2026-08-11 20:28:43.000","[PREMIUM]","348","FL - PUNTA GORDA","2026-08-14","FRIDAY","1000","EDT","0","V",2024,"BMW","X5","X5","SPORT UTILITY VEHICLE","WHITE","SIDE",,"FL","RB","YES","D",22166,"A","[PREMIUM]",33235.35,"3.0L 6","ALL WHEEL DRIVE","AUTOMATIC","ELECTRIC AND GAS HYBRID",6,"Run & Drive Verified","Pure Sale","[PREMIUM]",,"ARCADIA","FL","34269","USA","USD","[PREMIUM]","[PREMIUM]","E070",false,"[PREMIUM]","XDRIVE50E",false,false,"[PREMIUM]",,,,,,,,"[PREMIUM]"
"54298636","2026-08-08 02:56:48.561","2026-08-18 09:02:59.182","54298636","2026-08-18 08:00:07.000","[PREMIUM]","348","FL - PUNTA GORDA","2026-08-18","TUESDAY","1000","EDT","15","V",2019,"FORD","F150","F150","PICKUP","BLACK","FRONT END",,"FL","RB","YES","D",99742,"A","[PREMIUM]",25168,"3.5L 6","4X4 W/REAR WHEEL DRV","AUTOMATIC","GAS",6,"Run & Drive Verified","On Minimum Bid","[PREMIUM]",,"ARCADIA","FL","34269","USA","USD","[PREMIUM]","[PREMIUM]","J030",false,"[PREMIUM]","SUPERCREW",false,false,"[PREMIUM]",,,,,,,,"[PREMIUM]"
"51841536","2026-08-08 02:56:48.489","2026-08-13 14:31:18.958","51841536","2026-08-11 16:02:55.000","[PREMIUM]","348","FL - PUNTA GORDA","2026-08-14","FRIDAY","1000","EDT","0","V",2013,"HYUNDAI","SONATA","SONATA","SEDAN 4DR","RED","FRONT END",,"FL","CD","YES",,107544,"N","[PREMIUM]",23537.52,"2.4L 4","FRONT WHEEL DRIVE","AUTOMATIC","GAS",4,,"Pure Sale","[PREMIUM]",,"ARCADIA","FL","34269","USA","USD","[PREMIUM]","[PREMIUM]","E050",false,"[PREMIUM]","GLS",false,false,"[PREMIUM]",,,,,,,,"[PREMIUM]"
"51263786","2026-08-08 02:56:48.472","2026-08-13 14:31:18.902","51263786","2026-08-11 19:12:08.000","[PREMIUM]","348","FL - PUNTA GORDA","2026-08-14","FRIDAY","1000","EDT","0","V",2009,"ACURA","MDX","MDX","4DR SPORT UTILITY","BLACK","FRONT END",,"FL","RB","YES","D",0,"E","[PREMIUM]",4895.69,"3.7L 6","ALL WHEEL DRIVE","AUTOMATIC","GAS",6,"Run & Drive Verified","Pure Sale","[PREMIUM]",,"ARCADIA","FL","34269","USA","USD","[PREMIUM]","[PREMIUM]","D050",false,"[PREMIUM]",,false,false,"[PREMIUM]",,,,,,,,"[PREMIUM]"
"46741706","2026-08-08 02:56:48.384","2026-08-13 14:31:18.805","46741706","2026-08-11 20:41:54.000","[PREMIUM]","348","FL - PUNTA GORDA","2026-08-14","FRIDAY","1000","EDT","0","V",2016,"KIA","SOUL","SOUL","WAGON","WHITE","FRONT END",,"FL","RB","YES","D",75396,"A","[PREMIUM]",7385,"2.0L 4","FRONT WHEEL DRIVE","AUTOMATIC","GAS",4,"Run & Drive Verified","Pure Sale","[PREMIUM]",,"ARCADIA","FL","34269","USA","USD","[PREMIUM]","[PREMIUM]","K100",false,"[PREMIUM]","+",false,false,"[PREMIUM]",,,,,,,,"[PREMIUM]"
"45612876","2026-08-08 02:56:48.308","2026-08-18 09:02:58.908","45612876","2026-08-18 08:00:07.000","[PREMIUM]","348","FL - PUNTA GORDA","2026-08-18","TUESDAY","1000","EDT","9","V",2014,"JEEP","WRANGLER","WRANGLER UNLIMITED","4DR SPORT UTILITY","WHITE","FRONT END","SIDE","FL","RB","YES","D",92714,"N","[PREMIUM]",8887.82,"3.6L 6","4X4 W/REAR WHEEL DRV","AUTOMATIC","FLEXIBLE",6,"Run & Drive Verified","Pure Sale","[PREMIUM]",,"ARCADIA","FL","34269","USA","USD","[PREMIUM]","[PREMIUM]","SD040",false,"[PREMIUM]","SPORT",false,false,"[PREMIUM]",,,,,,,,"[PREMIUM]"
"85457475","2026-08-08 02:56:48.292","2026-08-20 17:43:26.385","85457475","2026-08-20 11:00:05.000","[PREMIUM]","345","KY - EARLINGTON","2026-08-20","THURSDAY","1200","CDT","97","V",2022,"FORD","F150","F150","PICKUP","WHITE","FRONT END",,"TN","SC","YES","D",158379,"A","[PREMIUM]",24440,"3.5L 6","4X4 W/REAR WHEEL DRV","AUTOMATIC","GAS",6,"Run & Drive Verified","Pure Sale","[PREMIUM]",,"EARLINGTON","KY","42410","USA","USD","[PREMIUM]","[PREMIUM]","E090",false,"[PREMIUM]","SUPERCREW",false,false,"[PREMIUM]",,,,,,,,"[PREMIUM]"
"63728246","2026-08-08 02:56:48.231","2026-08-22 17:48:52.030","63728246","2026-08-21 17:51:37.000","[PREMIUM]","345","KY - EARLINGTON","2026-08-27","THURSDAY","1200","CDT","0","V",2007,"BUICK","RENDEZVOUS","RENDEZVOUS","4DR SPORT UTILITY","WHITE","BURN","ALL OVER","KY","ST","YES","D",150946,"A","[PREMIUM]",4744.96,"3.5L 6","FRONT WHEEL DRIVE","AUTOMATIC","GAS",6,"Run & Drive Verified","Pure Sale","[PREMIUM]",,"EARLINGTON","KY","42410","USA","USD","[PREMIUM]","[PREMIUM]","C090",false,"[PREMIUM]","CX",false,false,"[PREMIUM]",,,,,,,,"[PREMIUM]"
"63747866","2026-08-08 02:56:48.227","2026-08-22 17:48:52.032","63747866","2026-08-13 16:35:36.000","[PREMIUM]","345","KY - EARLINGTON",,,,"CDT","0","V",2015,"JEEP","PATRIOT","PATRIOT","4DR SPORT UTILITY","GRAY","FRONT END","SIDE","KY","ST","YES",,0,"N","[PREMIUM]",6336,"2.0L 4","FRONT WHEEL DRIVE","AUTOMATIC","GAS",4,,"Pure Sale","[PREMIUM]",,"EARLINGTON","KY","42410","USA","USD","[PREMIUM]","[PREMIUM]","B110",false,"[PREMIUM]","SPORT",false,false,"[PREMIUM]",,,,,,,,"[PREMIUM]"
"63161346","2026-08-08 02:56:48.087","2026-08-13 14:31:18.493","63161346","2026-08-13 11:00:09.000","[PREMIUM]","345","KY - EARLINGTON","2026-08-13","THURSDAY","1200","CDT","70","V",2022,"HYUNDAI","ACCENT","ACCENT","SEDAN","BLACK","FRONT END",,"KY","ST","YES","D",69104,"A","[PREMIUM]",8795.55,"1.6L 4","FRONT WHEEL DRIVE","AUTOMATIC","GAS",4,"Run & Drive Verified","Pure Sale","[PREMIUM]",,"EARLINGTON","KY","42410","USA","USD","[PREMIUM]","[PREMIUM]","E100",false,"[PREMIUM]","SE",false,false,"[PREMIUM]",,,,,,,,"[PREMIUM]"
"62683456","2026-08-08 02:56:47.979","2026-08-22 17:48:51.753","62683456","2026-08-07 20:28:09.000","[PREMIUM]","345","KY - EARLINGTON",,,,"CDT","0","V",1997,"JEEP","GRAND CHER","CHEROKEE","4DR SPORT UTILITY","WHITE","UNDERCARRIAGE",,"KY","ST","YES","D",245035,"A","[PREMIUM]",2266,"4.0L 6","4X4 W/REAR WHEEL DRV","MANUAL","GAS",6,"Run & Drive Verified","Pure Sale","[PREMIUM]",,"EARLINGTON","KY","42410","USA","USD","[PREMIUM]","[PREMIUM]","F050",false,"[PREMIUM]","SPORT",false,false,"[PREMIUM]",,,,,,,,"[PREMIUM]"
"62522066","2026-08-08 02:56:47.933","2026-08-22 17:48:51.723","62522066","2026-08-07 20:28:10.000","[PREMIUM]","345","KY - EARLINGTON",,,,"CDT","0","V",2005,"FORD","FREESTAR","FREESTAR","SPORTS VAN","SILVER","FRONT END",,"KY","ST","YES","D",0,"N","[PREMIUM]",6668.25,"3.9L 6","FRONT WHEEL DRIVE","AUTOMATIC","GAS",6,"Run & Drive Verified","Pure Sale","[PREMIUM]",,"EARLINGTON","KY","42410","USA","USD","[PREMIUM]","[PREMIUM]","D100",false,"[PREMIUM]","SES",false,false,"[PREMIUM]",,,,,,,,"[PREMIUM]"
"62093946","2026-08-08 02:56:47.774","2026-08-20 17:43:24.826","62093946","2026-08-20 11:00:05.000","[PREMIUM]","345","KY - EARLINGTON","2026-08-20","THURSDAY","1200","CDT","2007","V",2019,"FORD","FUSION","FUSION","SEDAN","BLACK","FRONT END","HAIL","TN","SC","YES","D",136086,"A","[PREMIUM]",7441,"1.5L 4","FRONT WHEEL DRIVE","AUTOMATIC","GAS",4,"Run & Drive Verified","Pure Sale","[PREMIUM]",,"EARLINGTON","KY","42410","USA","USD","[PREMIUM]","[PREMIUM]","E100",false,"[PREMIUM]","SEL",false,false,"[PREMIUM]",,,,,,,,"[PREMIUM]"
"62041076","2026-08-08 02:56:47.720","2026-08-22 17:48:51.624","62041076","2026-08-12 16:49:15.000","[PREMIUM]","345","KY - EARLINGTON",,,,"CDT","0","V",2019,"CHEVROLET","TRAX","TRAX",,"SILVER","NORMAL WEAR",,"KY","ST","YES","D",59375,"A","[PREMIUM]",0,,,"AUTOMATIC",,,"Run & Drive Verified","Pure Sale","[PREMIUM]",,"EARLINGTON","KY","42410","USA","USD","[PREMIUM]","[PREMIUM]","A120",false,"[PREMIUM]",,false,false,"[PREMIUM]",,,,,,,,"[PREMIUM]"
"61378386","2026-08-08 02:56:47.489","2026-08-22 17:48:51.458","61378386","2026-08-07 20:28:09.000","[PREMIUM]","345","KY - EARLINGTON",,,,"CDT","0","V",2004,"GMC","1500","NEW SIERRA","CREW PICKUP","BLACK","REAR END",,"KY","ST","YES","D",236095,"A","[PREMIUM]",3049.33,"5.3L 8","4X4 W/REAR WHEEL DRV","AUTOMATIC","GAS",8,"Run & Drive Verified","On Approval","[PREMIUM]",,"EARLINGTON","KY","42410","USA","USD","[PREMIUM]","[PREMIUM]","B070",false,"[PREMIUM]","K1500",false,false,"[PREMIUM]",,,,,,,,"[PREMIUM]"
"61444906","2026-08-08 02:56:47.448","2026-08-22 17:48:51.448","61444906","2026-08-12 15:53:53.000","[PREMIUM]","345","KY - EARLINGTON",,,,"CDT","0","V",2009,"PONTIAC","G8","G8 GT",,"BLACK","SIDE","FRONT END","KY","ST","YES","D",155758,"A","[PREMIUM]",7393.1,,,"AUTOMATIC",,,"Run & Drive Verified","Pure Sale","[PREMIUM]",,"EARLINGTON","KY","42410","USA","USD","[PREMIUM]","[PREMIUM]","A050",false,"[PREMIUM]",,false,false,"[PREMIUM]",,,,,,,,"[PREMIUM]"
"60120906","2026-08-08 02:56:47.052","2026-08-22 17:48:51.239","60120906","2026-08-21 17:20:11.000","[PREMIUM]","345","KY - EARLINGTON","2026-08-27","THURSDAY","1200","CDT","0","V",2024,"CADILLAC","XT4","XT4","SPORT UTILITY VEHICLE","TAN","HAIL",,"KY","HS","YES","D",35535,"A","[PREMIUM]",19253.99,"2.0L 4","FRONT WHEEL DRIVE","AUTOMATIC","GAS",4,"Run & Drive Verified","Pure Sale","[PREMIUM]",,"EARLINGTON","KY","42410","USA","USD","[PREMIUM]","[PREMIUM]","B050",false,"[PREMIUM]","PREMIUM LUXURY",false,false,"[PREMIUM]",,,,,,,,"[PREMIUM]"
"60024126","2026-08-08 02:56:47.052","2026-08-22 17:48:51.242","60024126","2026-08-07 20:28:08.000","[PREMIUM]","345","KY - EARLINGTON",,,,"CDT","0","V",2013,"RAM","All Models","1500","CREW PIC","GRAY","FRONT END","MINOR DENT/SCRATCHES","KY","ST","YES","D",199050,"A","[PREMIUM]",18195.91,,,"AUTOMATIC",,,"Run & Drive Verified","Pure Sale","[PREMIUM]",,"EARLINGTON","KY","42410","USA","USD","[PREMIUM]","[PREMIUM]","E070",false,"[PREMIUM]",,false,false,"[PREMIUM]",,,,,,,,"[PREMIUM]"
"59940576","2026-08-08 02:56:47.007","2026-08-22 17:48:51.243","59940576","2026-08-07 20:28:09.000","[PREMIUM]","345","KY - EARLINGTON",,,,"CDT","0","V",2024,"NISSAN","ALTIMA","ALTIMA","SEDAN","SILVER","SIDE","REAR END","KY","ST","YES","D",106072,"A","[PREMIUM]",0,"2.5L 4","FRONT WHEEL DRIVE","AUTOMATIC","GAS",4,"Run & Drive Verified","Pure Sale","[PREMIUM]",,"EARLINGTON","KY","42410","USA","USD","[PREMIUM]","[PREMIUM]","G030",false,"[PREMIUM]","SR",false,false,"[PREMIUM]",,,,,,,,"[PREMIUM]"
"58900406","2026-08-08 02:56:46.715","2026-08-22 17:48:51.100","58900406","2026-08-07 20:28:08.000","[PREMIUM]","345","KY - EARLINGTON",,,,"CDT","0","V",2020,"JEEP","GRAND CHER","GRAND CHEROKEE","SPORT UTILITY VEHICLE","GRAY","FRONT END",,"KY","ST","YES","D",181347,"A","[PREMIUM]",14449.02,"3.6L 6","REAR WHEEL DRIVE","AUTOMATIC","FLEXIBLE",6,"Run & Drive Verified","Pure Sale","[PREMIUM]",,"EARLINGTON","KY","42410","USA","USD","[PREMIUM]","[PREMIUM]","A080",false,"[PREMIUM]","LIMITED",false,false,"[PREMIUM]",,,,,,,,"[PREMIUM]"
"58431566","2026-08-08 02:56:46.628","2026-08-22 17:48:51.066","58431566","2026-08-07 20:28:08.000","[PREMIUM]","345","KY - EARLINGTON",,,,"CDT","0","V",2011,"GMC","SIERRA","SIERRA","CREW PICKUP","WHITE","UNDERCARRIAGE",,"KY","ST","YES","D",243276,"A","[PREMIUM]",7833.42,"6.2L 8","ALL WHEEL DRIVE","AUTOMATIC","FLEXIBLE",8,"Run & Drive Verified","Pure Sale","[PREMIUM]",,"EARLINGTON","KY","42410","USA","USD","[PREMIUM]","[PREMIUM]","B040",false,"[PREMIUM]","K1500 DENALI",false,false,"[PREMIUM]",,,,,,,,"[PREMIUM]"
"58518226","2026-08-08 02:56:46.617","2026-08-22 17:48:51.069","58518226","2026-08-07 20:28:09.000","[PREMIUM]","345","KY - EARLINGTON",,,,"CDT","0","V",2020,"CHEVROLET","BLAZER","BLAZER","SPORT UTILITY VEHICLE","SILVER","FRONT END","MINOR DENT/SCRATCHES","KY","ST","YES","D",46771,"A","[PREMIUM]",0,"2.0L 4","FRONT WHEEL DRIVE","AUTOMATIC","GAS",4,"Run & Drive Verified","Pure Sale","[PREMIUM]",,"EARLINGTON","KY","42410","USA","USD","[PREMIUM]","[PREMIUM]","F100",false,"[PREMIUM]","3LT",false,false,"[PREMIUM]",,,,,,,,"[PREMIUM]"
"58306806","2026-08-08 02:56:46.547","2026-08-13 14:31:16.701","58306806","2026-08-13 11:00:09.000","[PREMIUM]","345","KY - EARLINGTON","2026-08-13","THURSDAY","1200","CDT","26","V",2016,"GMC","TERRAIN","TERRAIN","4DR SPORT UTILITY","RED","FRONT END",,"KY","ST","YES","D",136444,"A","[PREMIUM]",5995.11,"2.4L 4","FRONT WHEEL DRIVE","AUTOMATIC","FLEXIBLE",4,"Run & Drive Verified","Pure Sale","[PREMIUM]",,"EARLINGTON","KY","42410","USA","USD","[PREMIUM]","[PREMIUM]","F080",false,"[PREMIUM]","DENALI",false,false,"[PREMIUM]",,,,,,,,"[PREMIUM]"
"58209926","2026-08-08 02:56:46.523","2026-08-22 17:48:51.011","58209926","2026-08-07 20:28:10.000","[PREMIUM]","345","KY - EARLINGTON",,,,"CDT","0","V",2009,"DODGE","AVENGER","AVENGER","SEDAN 4DR","BLACK","FRONT END",,"KY","ST","YES","S",70509,"A","[PREMIUM]",7036.5,"2.7L 6","FRONT WHEEL DRIVE","AUTOMATIC","FLEXIBLE",6,"Vehicle Starts","Pure Sale","[PREMIUM]",,"EARLINGTON","KY","42410","USA","USD","[PREMIUM]","[PREMIUM]","D110",false,"[PREMIUM]","SXT",false,false,"[PREMIUM]",,,,,,,,"[PREMIUM]"
"57522276","2026-08-08 02:56:46.217","2026-08-22 17:48:50.960","57522276","2026-08-07 20:28:08.000","[PREMIUM]","345","KY - EARLINGTON",,,,"CDT","0","V",2015,"CHEVROLET","ALL Models","SILVERADO","CREW PICKUP","BLACK","FRONT END",,"KY","ST","YES","D",167487,"A","[PREMIUM]",13641,"5.3L 8","4X4 W/REAR WHEEL DRV","AUTOMATIC","GAS",8,"Run & Drive Verified","Pure Sale","[PREMIUM]",,"EARLINGTON","KY","42410","USA","USD","[PREMIUM]","[PREMIUM]","I080",false,"[PREMIUM]","K1500 LT",false,false,"[PREMIUM]",,,,,,,,"[PREMIUM]"
"57506726","2026-08-08 02:56:46.213","2026-08-22 17:48:50.957","57506726","2026-08-07 20:28:09.000","[PREMIUM]","345","KY - EARLINGTON",,,,"CDT","0","V",2016,"CHEVROLET","CRUZE","CRUZE LIMITED","SEDAN 4DR","RED","FRONT END",,"KY","ST","YES","S",110203,"A","[PREMIUM]",7071,"1.4L 4","FRONT WHEEL DRIVE","AUTOMATIC","GAS",4,"Vehicle Starts","Pure Sale","[PREMIUM]",,"EARLINGTON","KY","42410","USA","USD","[PREMIUM]","[PREMIUM]","C060",false,"[PREMIUM]","LT",false,false,"[PREMIUM]",,,,,,,,"[PREMIUM]"
"57327896","2026-08-08 02:56:46.140","2026-08-22 17:48:50.916","57327896","2026-08-07 20:28:10.000","[PREMIUM]","345","KY - EARLINGTON",,,,"CDT","0","V",2024,"HONDA","CIVIC","CIVIC",,"BLACK","FRONT END","SIDE","KY","ST","YES","D",37049,"A","[PREMIUM]",18086,,,"AUTOMATIC",,,"Run & Drive Verified","Pure Sale","[PREMIUM]",,"EARLINGTON","KY","42410","USA","USD","[PREMIUM]","[PREMIUM]","A030",false,"[PREMIUM]",,false,false,"[PREMIUM]",,,,,,,,"[PREMIUM]"
"56264126","2026-08-08 02:56:45.910","2026-08-22 17:48:50.746","56264126","2026-08-07 20:28:09.000","[PREMIUM]","345","KY - EARLINGTON",,,,"CDT","0","V",2014,"CHEVROLET","IMPALA","IMPALA","SEDAN 4DR","BLACK","FRONT END","MINOR DENT/SCRATCHES","KY","ST","YES","D",205309,"A","[PREMIUM]",6481.8,"3.6L 6","FRONT WHEEL DRIVE","AUTOMATIC","GAS",6,"Run & Drive Verified","Pure Sale","[PREMIUM]",,"EARLINGTON","KY","42410","USA","USD","[PREMIUM]","[PREMIUM]","F050",false,"[PREMIUM]","LT",false,false,"[PREMIUM]",,,,,,,,"[PREMIUM]"
"55871056","2026-08-08 02:56:45.820","2026-08-22 17:48:50.691","55871056","2026-08-07 20:28:08.000","[PREMIUM]","345","KY - EARLINGTON",,,,"CDT","0","V",2018,"GMC","TERRAIN","TERRAIN","SPORT UTILITY VEHICLE","WHITE","FRONT END",,"KY","ST","YES","D",153920,"A","[PREMIUM]",12691.24,"1.5L 4","FRONT WHEEL DRIVE","AUTOMATIC","GAS",4,"Run & Drive Verified","Pure Sale","[PREMIUM]",,"EARLINGTON","KY","42410","USA","USD","[PREMIUM]","[PREMIUM]","A040",false,"[PREMIUM]","SLE",false,false,"[PREMIUM]",,,,,,,,"[PREMIUM]"
"55032396","2026-08-08 02:56:45.708","2026-08-22 17:48:50.635","55032396","2026-08-07 20:28:08.000","[PREMIUM]","345","KY - EARLINGTON",,,,"CDT","0","V",2023,"FORD","F-150","F150","PICKUP","GRAY","FRONT END","SIDE","KY","ST","YES","E",72459,"A","[PREMIUM]",37696.69,"5.0L 8","4X4 W/REAR WHEEL DRV","AUTOMATIC","GAS",8,"DEFAULT","Pure Sale","[PREMIUM]",,"EARLINGTON","KY","42410","USA","USD","[PREMIUM]","[PREMIUM]","I070",false,"[PREMIUM]","SUPERCREW",false,false,"[PREMIUM]",,,,,,,,"[PREMIUM]"
"54653566","2026-08-08 02:56:45.669","2026-08-22 17:48:50.612","54653566","2026-08-07 20:28:08.000","[PREMIUM]","345","KY - EARLINGTON",,,,"CDT","0","V",2022,"GMC","ACADIA","ACADIA","SPORT UTILITY VEHICLE","GRAY","FRONT END",,"KY","ST","YES","D",101726,"A","[PREMIUM]",15316,"2.0L 4","FRONT WHEEL DRIVE","AUTOMATIC","GAS",4,"Run & Drive Verified","Pure Sale","[PREMIUM]",,"EARLINGTON","KY","42410","USA","USD","[PREMIUM]","[PREMIUM]","D120",false,"[PREMIUM]","SLT",false,false,"[PREMIUM]",,,,,,,,"[PREMIUM]"
"54207606","2026-08-08 02:56:45.639","2026-08-13 14:31:15.735","54207606","2026-08-13 11:00:10.000","[PREMIUM]","345","KY - EARLINGTON","2026-08-13","THURSDAY","1200","CDT","2513","V",2015,"CHEVROLET","SILVERADO","SILVERADO","CREW PICKUP","BLACK","SIDE","FRONT END","KY","ST","NO","E",221988,"A","[PREMIUM]",19637,"5.3L 8","4X4 W/REAR WHEEL DRV","AUTOMATIC","GAS",8,"DEFAULT","Pure Sale","[PREMIUM]",,"EARLINGTON","KY","42410","USA","USD","[PREMIUM]","[PREMIUM]","I070",false,"[PREMIUM]","K1500 LT",false,false,"[PREMIUM]",,,,,,,,"[PREMIUM]"
"53618646","2026-08-08 02:56:45.589","2026-08-22 17:48:50.558","53618646","2026-08-07 20:28:08.000","[PREMIUM]","345","KY - EARLINGTON",,,,"CDT","0","V",2025,"TOYOTA","GR 86 PREM","GR 86","COUPE","BLACK","FRONT END","SIDE","KY","ST","YES","D",21639,"A","[PREMIUM]",21187,"2.4L 4","REAR WHEEL DRIVE","AUTOMATIC","GAS",4,"Run & Drive Verified","Pure Sale","[PREMIUM]",,"EARLINGTON","KY","42410","USA","USD","[PREMIUM]","[PREMIUM]","B040",false,"[PREMIUM]","PREMIUM",false,false,"[PREMIUM]",,,,,,,,"[PREMIUM]"
"51296986","2026-08-08 02:56:45.462","2026-08-22 17:48:50.444","51296986","2026-08-21 17:22:50.000","[PREMIUM]","345","KY - EARLINGTON","2026-08-27","THURSDAY","1200","CDT","0","V",2024,"KIA","CARNIVAL E","CARNIVAL","VAN PASSENGER","GRAY","SIDE","REAR END","KY","ST","YES","D",20133,"A","[PREMIUM]",34679.53,"3.5L 6","FRONT WHEEL DRIVE","AUTOMATIC","GAS",6,"Run & Drive Verified","Pure Sale","[PREMIUM]",,"EARLINGTON","KY","42410","USA","USD","[PREMIUM]","[PREMIUM]","C090",false,"[PREMIUM]","EX",false,false,"[PREMIUM]",,,,,,,,"[PREMIUM]"
"63204646","2026-08-08 02:56:45.146","2026-08-17 03:02:41.853","63204646","2026-08-14 20:34:06.000","[PREMIUM]","344","NY - BUFFALO","2026-08-17","MONDAY","1000","EDT","2272","V",2008,"DODGE","CALIBER","CALIBER","HATCHBACK 4DR","BURGUNDY","FRONT END",,"PA","SC","YES","D",187064,"A","[PREMIUM]",4532.5,"2.4L 4","ALL WHEEL DRIVE","AUTOMATIC","GAS",4,"Run & Drive Verified","Pure Sale","[PREMIUM]",,"ANGOLA","NY","14006 9726","USA","USD","[PREMIUM]","[PREMIUM]","C030",false,"[PREMIUM]","R/T",false,false,"[PREMIUM]",,,,,,,,"[PREMIUM]"
"62768576","2026-08-08 02:56:45.074","2026-08-17 03:02:41.758","62768576","2026-08-14 20:34:06.000","[PREMIUM]","344","NY - BUFFALO","2026-08-17","MONDAY","1000","EDT","2282","V",2010,"FORD","F-150","F150","4DR EXT CAB PICKUP","GRAY","SIDE",,"PA","SC","YES","D",135566,"A","[PREMIUM]",8206.98,"4.6L 8","4X4 W/REAR WHEEL DRV","AUTOMATIC","GAS",8,"Run & Drive Verified","Pure Sale","[PREMIUM]",,"ANGOLA","NY","14006 9726","USA","USD","[PREMIUM]","[PREMIUM]","G040",false,"[PREMIUM]","SUPER CAB",false,false,"[PREMIUM]",,,,,,,,"[PREMIUM]"
"62683766","2026-08-08 02:56:45.002","2026-08-17 03:02:41.748","62683766","2026-08-14 20:34:06.000","[PREMIUM]","344","NY - BUFFALO","2026-08-17","MONDAY","1000","EDT","7","V",2018,"SUBARU","CROSSTREK","CROSSTREK","SPORT UTILITY VEHICLE","WHITE","SIDE",,"PA","SC","YES","D",86817,"A","[PREMIUM]",10148,"2.0L 4","ALL WHEEL DRIVE","AUTOMATIC","GAS",4,"Run & Drive Verified","On Minimum Bid","[PREMIUM]",,"ANGOLA","NY","14006 9726","USA","USD","[PREMIUM]","[PREMIUM]","C040",false,"[PREMIUM]","PREMIUM",false,false,"[PREMIUM]",,,,,,,,"[PREMIUM]"
"62576906","2026-08-08 02:56:45.001","2026-08-17 03:02:41.708","62576906","2026-08-14 20:34:06.000","[PREMIUM]","344","NY - BUFFALO","2026-08-17","MONDAY","1000","EDT","2292","V",2010,"LINCOLN","MKT","MKT","4DR SPORT UTILITY","TEAL","FRONT END","SIDE","PA","SC","YES","D",158738,"A","[PREMIUM]",4047.08,"3.5L 6","ALL WHEEL DRIVE","AUTOMATIC","GAS",6,"Run & Drive Verified","Pure Sale","[PREMIUM]",,"ANGOLA","NY","14006 9726","USA","USD","[PREMIUM]","[PREMIUM]","C040",false,"[PREMIUM]",,false,false,"[PREMIUM]",,,,,,,,"[PREMIUM]"
"60503716","2026-08-08 02:56:44.579","2026-08-17 03:02:41.363","60503716","2026-08-14 20:34:06.000","[PREMIUM]","344","NY - BUFFALO","2026-08-17","MONDAY","1000","EDT","2029","V",2017,"NISSAN","MURANO","MURANO","WAGON","BLUE","FRONT END",,"PA","SC","YES","E",280970,"A","[PREMIUM]",16948.2,"2.5L 4","ALL WHEEL DRIVE","AUTOMATIC","GAS",4,"DEFAULT","Pure Sale","[PREMIUM]",,"ANGOLA","NY","14006 9726","USA","USD","[PREMIUM]","[PREMIUM]","S020",false,"[PREMIUM]",,false,false,"[PREMIUM]",,,,,,,,"[PREMIUM]"
"59958646","2026-08-08 02:56:44.498","2026-08-17 03:02:41.307","59958646","2026-08-14 20:34:06.000","[PREMIUM]","344","NY - BUFFALO","2026-08-17","MONDAY","1000","EDT","2275","V",2011,"KIA","SORENTO","SORENTO","4DR SPORT UTILITY","BURGUNDY","FRONT END","SIDE","PA","SC","YES","D",149906,"A","[PREMIUM]",4728.5,"3.5L 6","FRONT WHEEL DRIVE","AUTOMATIC","GAS",6,"Run & Drive Verified","Pure Sale","[PREMIUM]",,"ANGOLA","NY","14006 9726","USA","USD","[PREMIUM]","[PREMIUM]","C060",false,"[PREMIUM]","EX",false,false,"[PREMIUM]",,,,,,,,"[PREMIUM]"
"59869696","2026-08-08 02:56:44.453","2026-08-17 03:02:41.302","59869696","2026-08-14 20:34:06.000","[PREMIUM]","344","NY - BUFFALO","2026-08-17","MONDAY","1000","EDT","2023","V",2017,"NISSAN","ROGUE","ROGUE","WAGON","BLUE","FRONT END","SIDE","PA","SC","YES","E",0,"N","[PREMIUM]",25342.31,"2.5L 4","ALL WHEEL DRIVE","AUTOMATIC","GAS",4,"DEFAULT","Pure Sale","[PREMIUM]",,"ANGOLA","NY","14006 9726","USA","USD","[PREMIUM]","[PREMIUM]","S020",false,"[PREMIUM]","SL",false,false,"[PREMIUM]",,,,,,,,"[PREMIUM]"
"59646886","2026-08-08 02:56:44.453","2026-08-11 08:31:05.178","59646886","2026-08-10 22:49:55.000","[PREMIUM]","855","WHOLESALE AUCTION","2026-08-11","TUESDAY","1200","EDT","155","V",2023,"CHEVROLET","SILVERADO","SILVERADO","PICKUP","WHITE","NORMAL WEAR","MINOR DENT/SCRATCHES","NY","CT","YES","D",173198,"A","[PREMIUM]",2109,"2.7L 4","REAR WHEEL DRIVE","AUTOMATIC","GAS",4,"Run & Drive Verified","On Minimum Bid","[PREMIUM]",,"ANGOLA","NY","14006 9726","USA","USD","[PREMIUM]","[PREMIUM]","1M030",false,"[PREMIUM]","C1500",false,true,"[PREMIUM]",,,,,"GREEN LIGHT",3.6,,"[PREMIUM]"
"58231476","2026-08-08 02:56:44.337","2026-08-17 03:02:41.163","58231476","2026-08-14 20:34:06.000","[PREMIUM]","344","NY - BUFFALO","2026-08-17","MONDAY","1000","EDT","2014","V",2012,"FORD","FUSION","FUSION","SEDAN 4DR","BLACK","FRONT END","MECHANICAL","PA","SC","YES","E",179448,"A","[PREMIUM]",7364.29,"2.5L 4","FRONT WHEEL DRIVE","AUTOMATIC","GAS",4,"DEFAULT","On Minimum Bid","[PREMIUM]",,"ANGOLA","NY","14006 9726","USA","USD","[PREMIUM]","[PREMIUM]","N030",false,"[PREMIUM]","SEL",false,false,"[PREMIUM]",,,,,,,,"[PREMIUM]"
"56567866","2026-08-08 02:56:44.254","2026-08-22 17:48:48.401","56567866","2026-08-21 20:39:30.000","[PREMIUM]","344","NY - BUFFALO","2026-08-24","MONDAY","1000","EDT","41","V",2026,"HYUNDAI","ELANTRA","ELANTRA","SEDAN","WHITE","FRONT END","SIDE","PA","SC","YES","D",167,"A","[PREMIUM]",17257,"2.0L 4","FRONT WHEEL DRIVE","AUTOMATIC","GAS",4,"Run & Drive Verified","On Minimum Bid","[PREMIUM]",,"ANGOLA","NY","14006 9726","USA","USD","[PREMIUM]","[PREMIUM]","L030",false,"[PREMIUM]","SE",false,false,"[PREMIUM]",,,,,,,,"[PREMIUM]"
"56521566","2026-08-08 02:56:44.252","2026-08-22 17:48:48.367","56521566","2026-08-21 20:39:30.000","[PREMIUM]","344","NY - BUFFALO","2026-08-24","MONDAY","1000","EDT","2012","V",2019,"FORD","EXPLORER","EXPLORER","SPORT UTILITY VEHICLE","GRAY","FRONT END",,"PA","SC","NO","E",65918,"A","[PREMIUM]",22491,"3.5L 6","4X4 W/FRONT WHL DRV","AUTOMATIC","GAS",6,"DEFAULT","On Minimum Bid","[PREMIUM]",,"ANGOLA","NY","14006 9726","USA","USD","[PREMIUM]","[PREMIUM]","B040",false,"[PREMIUM]","SPORT",false,false,"[PREMIUM]",,,,,,,,"[PREMIUM]"
"56443276","2026-08-08 02:56:44.235","2026-08-10 02:57:35.388","56443276","2026-08-07 20:42:48.000","[PREMIUM]","344","NY - BUFFALO","2026-08-10","MONDAY","1000","EDT","2024","V",2015,"KIA","OPTIMA","OPTIMA","SEDAN 4DR","SILVER","REAR END","MECHANICAL","NY","SM","YES","E",118004,"A","[PREMIUM]",0,"2.0L 4","FRONT WHEEL DRIVE","AUTOMATIC","GAS",4,"DEFAULT","Pure Sale","[PREMIUM]",,"ANGOLA","NY","14006 9726","USA","USD","[PREMIUM]","[PREMIUM]","1F010",false,"[PREMIUM]","SX",false,false,"[PREMIUM]",,,,,,,,"[PREMIUM]"
"63782796","2026-08-08 02:56:43.990","2026-08-14 16:17:14.021","63782796","2026-08-14 00:17:52.000","[PREMIUM]","343","CA - REDDING","2026-08-14","FRIDAY","1200","PDT","20","V",1969,"CHEVY","IMPALA","IMPALA",,"TAN","FRONT END","SIDE","CA","SC","YES","D",11646,"A","[PREMIUM]",0,,,"AUTOMATIC",,,"Run & Drive Verified","Pure Sale","[PREMIUM]",,"ANDERSON","CA","96007 8706","USA","USD","[PREMIUM]","[PREMIUM]","C050",false,"[PREMIUM]",,false,false,"[PREMIUM]",,,,,,,,"[PREMIUM]"
"64272216","2026-08-08 02:56:43.957","2026-08-14 16:17:14.139","64272216","2026-08-14 00:17:52.000","[PREMIUM]","343","CA - REDDING","2026-08-14","FRIDAY","1200","PDT","133","V",2017,"NISSAN","NV","NV","FULL-SIZE","WHITE","FRONT END",,"CA","ST","YES","E",158849,"A","[PREMIUM]",0,"4.0L 6","REAR WHEEL DRIVE","AUTOMATIC","GAS",6,"DEFAULT","On Minimum Bid","[PREMIUM]",,"ANDERSON","CA","96007 8706","USA","USD","[PREMIUM]","[PREMIUM]","C080",true,"[PREMIUM]","1500 S",false,false,"[PREMIUM]",,,,,,,,"[PREMIUM]"
"62635236","2026-08-08 02:56:43.882","2026-08-14 16:17:13.779","62635236","2026-08-14 00:17:52.000","[PREMIUM]","343","CA - REDDING","2026-08-14","FRIDAY","1200","PDT","120","V",2011,"KIA","SORENTO","SORENTO","4DR SPORT UTILITY","BEIGE","FRONT END",,"CA","DV","YES","D",196208,"A","[PREMIUM]",0,"2.4L 4","FRONT WHEEL DRIVE","AUTOMATIC","GAS",4,"Run & Drive Verified","On Minimum Bid","[PREMIUM]",,"ANDERSON","CA","96007 8706","USA","USD","[PREMIUM]","[PREMIUM]","B040",true,"[PREMIUM]","EX",false,false,"[PREMIUM]",,,,,,,,"[PREMIUM]"
"62665696","2026-08-08 02:56:43.880","2026-08-14 16:17:13.780","62665696","2026-08-14 00:17:52.000","[PREMIUM]","343","CA - REDDING","2026-08-14","FRIDAY","1200","PDT","33","V",2008,"TOYOTA","HIGHLANDER","HIGHLANDER","SUV","WHITE","FRONT END",,"CA","SC","YES","D",147762,"A","[PREMIUM]",10443.25,"3.5L 6","ALL WHEEL DRIVE","AUTOMATIC","GAS",6,"Run & Drive Verified","On Minimum Bid","[PREMIUM]",,"ANDERSON","CA","96007 8706","USA","USD","[PREMIUM]","[PREMIUM]","D020",false,"[PREMIUM]","BASE",false,false,"[PREMIUM]",,,,,,,,"[PREMIUM]"
"62099576","2026-08-08 02:56:43.861","2026-08-14 16:17:13.732","62099576","2026-08-14 00:17:52.000","[PREMIUM]","343","CA - REDDING","2026-08-14","FRIDAY","1200","PDT","218","V",2015,"CHEVROLET","SILVERADO","SILVERADO","4DR EXT CAB PICKUP","BLUE","FRONT END","REAR END","CA","SC","YES","S",122521,"A","[PREMIUM]",0,"5.3L 8","4X4 W/REAR WHEEL DRV","AUTOMATIC","GAS",8,"Vehicle Starts","Pure Sale","[PREMIUM]",,"ANDERSON","CA","96007 8706","USA","USD","[PREMIUM]","[PREMIUM]","C080",false,"[PREMIUM]","K1500 LT",false,false,"[PREMIUM]",,,,,,,,"[PREMIUM]"
"60811146","2026-08-08 02:56:43.849","2026-08-14 16:17:13.463","60811146","2026-08-14 00:17:52.000","[PREMIUM]","343","CA - REDDING","2026-08-14","FRIDAY","1200","PDT","217","V",2016,"DODGE","DART","DART","SEDAN 4DR","BLUE","FRONT END",,"CA","SC","YES","S",127201,"A","[PREMIUM]",0,"2.0L 4","FRONT WHEEL DRIVE","AUTOMATIC","GAS",4,"Vehicle Starts","Pure Sale","[PREMIUM]",,"ANDERSON","CA","96007 8706","USA","USD","[PREMIUM]","[PREMIUM]","C030",false,"[PREMIUM]","SE",false,false,"[PREMIUM]",,,,,,,,"[PREMIUM]"
"61440876","2026-08-08 02:56:43.842","2026-08-14 16:17:13.616","61440876","2026-08-14 00:17:52.000","[PREMIUM]","343","CA - REDDING","2026-08-14","FRIDAY","1200","PDT","209","V",2013,"KIA","SPORTAGE","SPORTAGE","SUV","RED","FRONT END",,"CA","SC","YES","S",158166,"A","[PREMIUM]",10384.69,"2.4L 4","FRONT WHEEL DRIVE","AUTOMATIC","GAS",4,"Vehicle Starts","Pure Sale","[PREMIUM]",,"ANDERSON","CA","96007 8706","USA","USD","[PREMIUM]","[PREMIUM]","C060",false,"[PREMIUM]","LX",false,false,"[PREMIUM]",,,,,,,,"[PREMIUM]"
"61931976","2026-08-08 02:56:43.838","2026-08-14 16:17:13.668","61931976","2026-08-14 00:17:52.000","[PREMIUM]","343","CA - REDDING","2026-08-14","FRIDAY","1200","PDT","21","V",2010,"HONDA","ACCORD","ACCORD","SEDAN 4DR","WHITE","REAR END",,"CA","SC","YES","D",146871,"A","[PREMIUM]",7809.27,"2.4L 4","FRONT WHEEL DRIVE","AUTOMATIC","GAS",4,"Run & Drive Verified","Pure Sale","[PREMIUM]",,"ANDERSON","CA","96007 8706","USA","USD","[PREMIUM]","[PREMIUM]","F030",false,"[PREMIUM]","EX",false,false,"[PREMIUM]",,,,,,,,"[PREMIUM]"
"60648266","2026-08-08 02:56:43.806","2026-08-14 16:17:13.405","60648266","2026-08-14 00:17:52.000","[PREMIUM]","343","CA - REDDING","2026-08-14","FRIDAY","1200","PDT","119","V",2006,"GMC","ENVOY","ENVOY","4DR SPORT UTILITY","WHITE","FRONT END",,"CA","SC","YES","D",101562,"A","[PREMIUM]",5036.03,"4.2L 6","4X4 W/REAR WHEEL DRV","AUTOMATIC","GAS",6,"Run & Drive Verified","Pure Sale","[PREMIUM]",,"ANDERSON","CA","96007 8706","USA","USD","[PREMIUM]","[PREMIUM]","D020",false,"[PREMIUM]",,false,false,"[PREMIUM]",,,,,,,,"[PREMIUM]"
"59867396","2026-08-08 02:56:43.760","2026-08-22 17:48:46.460","59867396","2026-08-07 20:40:11.000","[PREMIUM]","343","CA - REDDING",,,,"PDT","0","V",2015,"GMC","SIERRA","SIERRA","CREW PICKUP","BROWN","REAR END","SIDE","CA","SC","YES","E",252849,"A","[PREMIUM]",0,"6.6L 8","4X4 W/REAR WHEEL DRV","AUTOMATIC","DIESEL",8,"DEFAULT","Pure Sale","[PREMIUM]",,"ANDERSON","CA","96007 8706","USA","USD","[PREMIUM]","[PREMIUM]","F070",false,"[PREMIUM]","K2500 SLT",false,false,"[PREMIUM]",,,,,,,,"[PREMIUM]"
"58144966","2026-08-08 02:56:43.744","2026-08-14 16:17:13.176","58144966","2026-08-14 00:17:52.000","[PREMIUM]","343","CA - REDDING","2026-08-14","FRIDAY","1200","PDT","84","V",2015,"FORD","EXPLORER","EXPLORER","4DR SPORT UTILITY","SILVER","FRONT END",,"CA","SC","YES","D",161683,"A","[PREMIUM]",0,"3.5L 6","4X4 W/FRONT WHL DRV","AUTOMATIC","GAS",6,"Run & Drive Verified","Pure Sale","[PREMIUM]",,"ANDERSON","CA","96007 8706","USA","USD","[PREMIUM]","[PREMIUM]","E040",false,"[PREMIUM]",,false,false,"[PREMIUM]",,,,,,,,"[PREMIUM]"
"56695096","2026-08-08 02:56:43.704","2026-08-22 17:48:46.326","56695096","2026-08-13 01:00:56.000","[PREMIUM]","841","CRASHEDTOYS POWERSPORT AUCTION",,,,"CDT","0","C",2025,"HARLEY-DAVIDSON","RH975","RH975","CRUISER","TWO TONE","REAR END",,"CA","SC","YES","D",2890,"A","[PREMIUM]",8417,"2",,"MANUAL","GAS",2,"Run & Drive Verified","On Minimum Bid","[PREMIUM]",,"ANDERSON","CA","96007 8706","USA","USD","[PREMIUM]","[PREMIUM]","MC3",false,"[PREMIUM]",,false,false,"[PREMIUM]",,,,,,,,"[PREMIUM]"
"57199846","2026-08-08 02:56:43.703","2026-08-14 16:17:13.082","57199846","2026-08-14 00:17:52.000","[PREMIUM]","343","CA - REDDING","2026-08-14","FRIDAY","1200","PDT","64","V",2018,"CHEVROLET","CRUZE","CRUZE","SEDAN","BLACK","SIDE",,"CA","SC","YES","D",128606,"A","[PREMIUM]",12823.83,"1.4L 4","FRONT WHEEL DRIVE","AUTOMATIC","GAS",4,"Run & Drive Verified","Pure Sale","[PREMIUM]",,"ANDERSON","CA","96007 8706","USA","USD","[PREMIUM]","[PREMIUM]","D030",false,"[PREMIUM]","LT",false,false,"[PREMIUM]",,,,,,,,"[PREMIUM]"
"57928336","2026-08-08 02:56:43.703","2026-08-22 17:48:46.384","57928336","2026-08-10 17:21:35.000","[PREMIUM]","343","CA - REDDING",,,,"PDT","0","V",2005,"CHEVROLET","SUBURBAN","SUBURBAN","4DR SPORT UTILITY","SILVER","HAIL","SIDE","CA","SC","YES","D",277512,"A","[PREMIUM]",3597.23,"5.3L 8","4X4 W/REAR WHEEL DRV","AUTOMATIC","FLEXIBLE",8,"Run & Drive Verified","Pure Sale","[PREMIUM]",,"ANDERSON","CA","96007 8706","USA","USD","[PREMIUM]","[PREMIUM]","G040",false,"[PREMIUM]","K1500",false,false,"[PREMIUM]",,,,,,,,"[PREMIUM]"
"57175776","2026-08-08 02:56:43.700","2026-08-22 17:48:46.360","57175776","2026-08-21 20:00:29.000","[PREMIUM]","343","CA - REDDING","2026-08-28","FRIDAY","1200","PDT","0","V",2015,"NISSAN","ALTIMA","ALTIMA","SEDAN","GRAY","MECHANICAL",,"CA","DV","YES","D",218109,"A","[PREMIUM]",0,"2.5L 4","FRONT WHEEL DRIVE","AUTOMATIC","GAS",4,"Run & Drive Verified","On Minimum Bid","[PREMIUM]",,"ANDERSON","CA","96007 8706","USA","USD","[PREMIUM]","[PREMIUM]","B020",true,"[PREMIUM]","2.5 S",false,false,"[PREMIUM]",,,,,,,,"[PREMIUM]"
"56194096","2026-08-08 02:56:43.659","2026-08-21 17:45:40.947","56194096","2026-08-21 13:00:07.000","[PREMIUM]","343","CA - REDDING","2026-08-21","FRIDAY","1200","PDT","31","V",2013,"TOYOTA","RAV4","RAV4","4DR SPORT UTILITY","BLUE","FRONT END",,"CA","SC","YES","D",60923,"A","[PREMIUM]",6754,"2.5L 4","ALL WHEEL DRIVE","AUTOMATIC","GAS",4,"Run & Drive Verified","On Minimum Bid","[PREMIUM]",,"ANDERSON","CA","96007 8706","USA","USD","[PREMIUM]","[PREMIUM]","D030",false,"[PREMIUM]","LIMITED",false,false,"[PREMIUM]",,,,,,,,"[PREMIUM]"
"55221546","2026-08-08 02:56:43.644","2026-08-21 12:53:04.840","55221546","2026-08-20 23:06:53.000","[PREMIUM]","343","CA - REDDING","2026-08-21","FRIDAY","1200","PDT","0","V",2014,"FORD","FUSION","FUSION","SEDAN 4DR","WHITE","MECHANICAL",,"TX","SD","YES",,200558,"A","[PREMIUM]",0,"1.5L 4","FRONT WHEEL DRIVE","AUTOMATIC","GAS",4,,"On Minimum Bid","[PREMIUM]",,"ANDERSON","CA","96007 8706","USA","USD","[PREMIUM]","[PREMIUM]","C020",true,"[PREMIUM]","SE",false,false,"[PREMIUM]",,,,,,,,"[PREMIUM]"
"47386026","2026-08-08 02:56:43.514","2026-08-22 17:48:46.251","47386026","2026-08-07 21:38:29.000","[PREMIUM]","836","HEAVY TRUCK SPECIALTY SALE",,,,"CDT","0","R",2022,"KEYSTONE","UNKNOWN","UNKNOWN",,"GRAY","VANDALISM",,"CA","SC","YES","E",0,"N","[PREMIUM]",80676,,,,,,"DEFAULT","Pure Sale","[PREMIUM]",,"ANDERSON","CA","96007 8706","USA","USD","[PREMIUM]","[PREMIUM]","HV130",false,"[PREMIUM]",,false,false,"[PREMIUM]",,,,,,,,"[PREMIUM]"
"90211495","2026-08-08 02:56:43.394","2026-08-22 17:48:46.187","90211495","2026-08-07 20:39:26.000","[PREMIUM]","342","MD - BALTIMORE EAST",,,,"EDT","0","V",2017,"FORD","FOCUS","FOCUS",,"BLACK","SIDE","MINOR DENT/SCRATCHES","MD","S2","YES","D",151458,"A","[PREMIUM]",3638.77,"2.0L  4","Front-wheel Drive","AUTOMATIC","GAS",4,"Run & Drive Verified","Pure Sale","[PREMIUM]",,"BALTIMORE","MD","21225","USA","USD","[PREMIUM]","[PREMIUM]","G080",false,"[PREMIUM]","SEL",false,false,"[PREMIUM]",,,,,,,,"[PREMIUM]"
"85454875","2026-08-08 02:56:43.362","2026-08-22 17:48:46.473","85454875","2026-08-20 19:24:50.000","[PREMIUM]","342","MD - BALTIMORE EAST","2026-08-25","TUESDAY","1000","EDT","0","V",2016,"TOYOTA","CAMRY","CAMRY","SEDAN","WHITE","FRONT END","SIDE","MD","S1","EXM","E",0,"N","[PREMIUM]",17842.2,"2.5L 4","FRONT WHEEL DRIVE","AUTOMATIC","GAS",4,"DEFAULT","Pure Sale","[PREMIUM]",,"BALTIMORE","MD","21225","USA","USD","[PREMIUM]","[PREMIUM]","TT010",false,"[PREMIUM]","SE",false,false,"[PREMIUM]",,,,,,,,"[PREMIUM]"
"64029006","2026-08-08 02:56:43.045","2026-08-13 14:31:12.579","64029006","2026-08-13 08:00:14.000","[PREMIUM]","342","MD - BALTIMORE EAST","2026-08-13","THURSDAY","1000","EDT","2577","V",2011,"HONDA","ODYSSEY","ODYSSEY","SPORTS VAN","SILVER","MECHANICAL","SIDE","PA","SC","YES","E",159334,"A","[PREMIUM]",3133.63,"3.5L 6","FRONT WHEEL DRIVE","AUTOMATIC","GAS",6,"DEFAULT","Pure Sale","[PREMIUM]",,"BALTIMORE","MD","21225","USA","USD","[PREMIUM]","[PREMIUM]","HH040",false,"[PREMIUM]","EXL",false,false,"[PREMIUM]",,,,,,,,"[PREMIUM]"
"63887296","2026-08-08 02:56:43.013","2026-08-22 17:48:44.809","63887296","2026-08-20 18:03:16.000","[PREMIUM]","342","MD - BALTIMORE EAST","2026-08-25","TUESDAY","1000","EDT","0","V",2015,"NISSAN","ROGUE","ROGUE","WAGON","WHITE","BURN - INTERIOR","MINOR DENT/SCRATCHES","MD","S1","EXM","E",0,"N","[PREMIUM]",20097.41,"2.5L 4","FRONT WHEEL DRIVE","AUTOMATIC","GAS",4,"DEFAULT","Pure Sale","[PREMIUM]",,"BALTIMORE","MD","21225","USA","USD","[PREMIUM]","[PREMIUM]","F020",false,"[PREMIUM]","SV",false,false,"[PREMIUM]",,,,,,,,"[PREMIUM]"
"63962496","2026-08-08 02:56:42.999","2026-08-13 14:31:12.570","63962496","2026-08-13 08:00:13.000","[PREMIUM]","342","MD - BALTIMORE EAST","2026-08-13","THURSDAY","1000","EDT","2021","V",2020,"NISSAN","ROGUE","ROGUE","WAGON","RED","FRONT END","MINOR DENT/SCRATCHES","MD","S1","YES","D",106050,"A","[PREMIUM]",9565.68,"2.5L 4","ALL WHEEL DRIVE","AUTOMATIC","GAS",4,"Run & Drive Verified","Pure Sale","[PREMIUM]",,"BALTIMORE","MD","21225","USA","USD","[PREMIUM]","[PREMIUM]","GG010",false,"[PREMIUM]","SV",false,false,"[PREMIUM]",,,,,,,,"[PREMIUM]"
"63899136","2026-08-08 02:56:42.994","2026-08-12 08:33:04.120","63899136","2026-08-07 20:39:50.000","[PREMIUM]","342","MD - BALTIMORE EAST","2026-08-13","THURSDAY","1000","EDT","0","V",2017,"LEXUS","ES350","ES","SEDAN 4DR","WHITE","REAR END","MINOR DENT/SCRATCHES","MD","S1","YES","D",115610,"A","[PREMIUM]",13348.55,"3.5L 6","FRONT WHEEL DRIVE","AUTOMATIC","GAS",6,"Run & Drive Verified","Pure Sale","[PREMIUM]",,"BALTIMORE","MD","21225","USA","USD","[PREMIUM]","[PREMIUM]","E080",false,"[PREMIUM]","350",false,false,"[PREMIUM]",,,,,,,,"[PREMIUM]"
"63661336","2026-08-08 02:56:42.880","2026-08-18 09:02:52.804","63661336","2026-08-18 08:00:30.000","[PREMIUM]","342","MD - BALTIMORE EAST","2026-08-18","TUESDAY","1000","EDT","35","V",2010,"MAZDA","CX-9","CX-9","4DR SPORT UTILITY","BLACK","FRONT END","REAR END","MD","S1","YES","D",162659,"A","[PREMIUM]",4135.76,"3.7L 6","ALL WHEEL DRIVE","AUTOMATIC","GAS",6,"Run & Drive Verified","On Minimum Bid","[PREMIUM]",,"BALTIMORE","MD","21225","USA","USD","[PREMIUM]","[PREMIUM]","3D010",false,"[PREMIUM]",,false,false,"[PREMIUM]",,,,,,,,"[PREMIUM]"
"63588586","2026-08-08 02:56:42.875","2026-08-13 14:31:12.276","63588586","2026-08-13 08:00:13.000","[PREMIUM]","342","MD - BALTIMORE EAST","2026-08-13","THURSDAY","1000","EDT","23","V",2016,"TOYOTA","CAMRY","CAMRY","SEDAN","SILVER","REAR END","FRONT END","MD","S1","YES","D",76328,"A","[PREMIUM]",16744.58,"2.5L 4","FRONT WHEEL DRIVE","AUTOMATIC","GAS",4,"Run & Drive Verified","Pure Sale","[PREMIUM]",,"BALTIMORE","MD","21225","USA","USD","[PREMIUM]","[PREMIUM]","GG040",false,"[PREMIUM]","LE",false,false,"[PREMIUM]",,,,,,,,"[PREMIUM]"
"63660806","2026-08-08 02:56:42.868","2026-08-13 14:31:12.354","63660806","2026-08-13 08:00:14.000","[PREMIUM]","342","MD - BALTIMORE EAST","2026-08-13","THURSDAY","1000","EDT","2578","V",2025,"TOYOTA","RAV4","RAV4","SPORT UTILITY VEHICLE","BLACK","FRONT END","SIDE","MD","S1","YES","E",5254,"A","[PREMIUM]",49046.49,"2.5L 4","ALL WHEEL DRIVE","AUTOMATIC","ELECTRIC AND GAS HYBRID",4,"DEFAULT","Pure Sale","[PREMIUM]",,"BALTIMORE","MD","21225","USA","USD","[PREMIUM]","[PREMIUM]","SA005",false,"[PREMIUM]","LIMITED",false,false,"[PREMIUM]",,,,,,,,"[PREMIUM]"
"63585096","2026-08-08 02:56:42.837","2026-08-22 17:48:44.621","63585096","2026-08-20 18:21:03.000","[PREMIUM]","342","MD - BALTIMORE EAST","2026-08-25","TUESDAY","1000","EDT","0","V",2007,"PONTIAC","G6","G6","SEDAN 4DR","SILVER","REAR END","MINOR DENT/SCRATCHES","MD","S1","YES","D",163939,"A","[PREMIUM]",7706.1,"3.5L 6","FRONT WHEEL DRIVE","AUTOMATIC","GAS",6,"Run & Drive Verified","Pure Sale","[PREMIUM]",,"BALTIMORE","MD","21225","USA","USD","[PREMIUM]","[PREMIUM]","F020",false,"[PREMIUM]","BASE",false,false,"[PREMIUM]",,,,,,,,"[PREMIUM]"
"63118366","2026-08-08 02:56:42.652","2026-08-22 17:48:44.354","63118366","2026-08-20 14:16:22.000","[PREMIUM]","342","MD - BALTIMORE EAST","2026-08-25","TUESDAY","1000","EDT","0","V",2017,"KIA","SORENTO","SORENTO","4DR SPORT UTILITY","WHITE","FRONT END","SIDE","MD","S1","YES","D",152426,"A","[PREMIUM]",0,"3.3L 6","ALL WHEEL DRIVE","AUTOMATIC","GAS",6,"Run & Drive Verified","Pure Sale","[PREMIUM]",,"BALTIMORE","MD","21225","USA","USD","[PREMIUM]","[PREMIUM]","G070",false,"[PREMIUM]","EX",false,false,"[PREMIUM]",,,,,,,,"[PREMIUM]"
"62827026","2026-08-08 02:56:42.464","2026-08-21 23:50:24.506","62827026","2026-08-20 17:04:41.000","[PREMIUM]","342","MD - BALTIMORE EAST","2026-08-25","TUESDAY","1000","EDT","0","V",2023,"FORD","EXPLORER","EXPLORER","SPORT UTILITY VEHICLE","SILVER","REAR END","FRONT END","MD","S1","YES","D",16322,"X","[PREMIUM]",0,"2.3L 4","4X4 W/REAR WHEEL DRV","AUTOMATIC","GAS",4,"Run & Drive Verified","Pure Sale","[PREMIUM]",,"BALTIMORE","MD","21225","USA","USD","[PREMIUM]","[PREMIUM]","H010",false,"[PREMIUM]",,false,false,"[PREMIUM]",,,,,,,,"[PREMIUM]"
"62759786","2026-08-08 02:56:42.405","2026-08-18 09:02:52.001","62759786","2026-08-18 08:00:31.000","[PREMIUM]","342","MD - BALTIMORE EAST","2026-08-18","TUESDAY","1000","EDT","3094","V",2009,"HONDA","CIVIC","CIVIC",,"GRAY","FRONT END","MINOR DENT/SCRATCHES","MD","S1","YES","E",224461,"A","[PREMIUM]",9617.21,,,"AUTOMATIC",,,"DEFAULT","Pure Sale","[PREMIUM]",,"BALTIMORE","MD","21225","USA","USD","[PREMIUM]","[PREMIUM]","3G040",false,"[PREMIUM]","LX",false,false,"[PREMIUM]",,,,,,,,"[PREMIUM]"
"62270466","2026-08-08 02:56:42.093","2026-08-13 14:31:11.089","62270466","2026-08-13 08:00:13.000","[PREMIUM]","342","MD - BALTIMORE EAST","2026-08-13","THURSDAY","1000","EDT","2022","V",2017,"LINCOLN","MKZ","MKZ","SEDAN 4DR","WHITE","FRONT END","MINOR DENT/SCRATCHES","MD","S1","YES","D",134831,"A","[PREMIUM]",12251.5,"2.0L 4","FRONT WHEEL DRIVE","AUTOMATIC","ELECTRIC AND GAS HYBRID",4,"Run & Drive Verified","Pure Sale","[PREMIUM]",,"BALTIMORE","MD","21225","USA","USD","[PREMIUM]","[PREMIUM]","3G010",false,"[PREMIUM]","HYBRID RESERVE",false,false,"[PREMIUM]",,,,,,,,"[PREMIUM]"
"62041656","2026-08-08 02:56:42.000","2026-08-13 14:31:10.945","62041656","2026-08-13 08:00:13.000","[PREMIUM]","342","MD - BALTIMORE EAST","2026-08-13","THURSDAY","1000","EDT","36","V",2018,"CHEVROLET","IMPALA","IMPALA","SEDAN","RED","REAR END",,"MD","S1","YES","D",74162,"A","[PREMIUM]",0,"3.6L 6","FRONT WHEEL DRIVE","AUTOMATIC","GAS",6,"Run & Drive Verified","Pure Sale","[PREMIUM]",,"BALTIMORE","MD","21225","USA","USD","[PREMIUM]","[PREMIUM]","3G080",false,"[PREMIUM]","LT",false,false,"[PREMIUM]",,,,,,,,"[PREMIUM]"
"62091336","2026-08-08 02:56:41.998","2026-08-22 17:48:43.770","62091336","2026-08-21 15:28:45.000","[PREMIUM]","342","MD - BALTIMORE EAST","2026-08-27","THURSDAY","1000","EDT","0","V",2016,"MERCEDES-BENZ","E-CLASS","E","SEDAN 4DR","BLACK","SIDE","MINOR DENT/SCRATCHES","MD","S1","YES","D",218957,"A","[PREMIUM]",6991.94,"3.5L 6","ALL WHEEL DRIVE","AUTOMATIC","GAS",6,"Run & Drive Verified","Pure Sale","[PREMIUM]",,"BALTIMORE","MD","21225","USA","USD","[PREMIUM]","[PREMIUM]","F030",false,"[PREMIUM]","350 4MATIC",false,false,"[PREMIUM]",,,,,,,,"[PREMIUM]"
"61919986","2026-08-08 02:56:41.887","2026-08-22 17:48:43.723","61919986","2026-08-20 18:05:49.000","[PREMIUM]","342","MD - BALTIMORE EAST","2026-08-25","TUESDAY","1000","EDT","0","V",2018,"RAM","1500","1500","PICKUP","GRAY","SIDE","MINOR DENT/SCRATCHES","MD","S1","YES","S",90658,"A","[PREMIUM]",18481.38,"5.7L 8","4X4 W/REAR WHEEL DRV","AUTOMATIC","GAS",8,"Vehicle Starts","Pure Sale","[PREMIUM]",,"BALTIMORE","MD","21225","USA","USD","[PREMIUM]","[PREMIUM]","AA060",false,"[PREMIUM]","ST",false,false,"[PREMIUM]",,,,,,,,"[PREMIUM]"
"61632626","2026-08-08 02:56:41.639","2026-08-13 14:31:10.583","61632626","2026-08-13 08:00:14.000","[PREMIUM]","342","MD - BALTIMORE EAST","2026-08-13","THURSDAY","1000","EDT","2586","V",2006,"LINCOLN","ZEPHYR","ZEPHYR","SEDAN 4DR","SILVER","SIDE","UNDERCARRIAGE","MD","S1","YES","E",57754,"A","[PREMIUM]",9321.94,"3.0L 6","FRONT WHEEL DRIVE","AUTOMATIC","GAS",6,"DEFAULT","Pure Sale","[PREMIUM]",,"BALTIMORE","MD","21225","USA","USD","[PREMIUM]","[PREMIUM]","F040",false,"[PREMIUM]",,false,false,"[PREMIUM]",,,,,,,,"[PREMIUM]"
"61171836","2026-08-08 02:56:41.412","2026-08-13 14:31:10.362","61171836","2026-08-13 08:00:13.000","[PREMIUM]","342","MD - BALTIMORE EAST","2026-08-13","THURSDAY","1000","EDT","2512","V",2021,"CHEVROLET","EQUINOX","EQUINOX","SPORT UTILITY VEHICLE","BLUE","FRONT END","UNDERCARRIAGE","MD","S1","YES","S",77732,"A","[PREMIUM]",29453.34,"1.5L 4","FRONT WHEEL DRIVE","AUTOMATIC","GAS",4,"Vehicle Starts","Pure Sale","[PREMIUM]",,"BALTIMORE","MD","21225","USA","USD","[PREMIUM]","[PREMIUM]","GG020",false,"[PREMIUM]","LS",false,false,"[PREMIUM]",,,,,,,,"[PREMIUM]"
"58903926","2026-08-08 02:56:40.391","2026-08-22 17:48:42.392","58903926","2026-08-20 14:42:48.000","[PREMIUM]","342","MD - BALTIMORE EAST","2026-08-25","TUESDAY","1000","EDT","0","V",2019,"SUBARU","IMPREZA","IMPREZA","SEDAN","SILVER","FRONT END","SIDE","MD","S1","YES","D",98502,"A","[PREMIUM]",10294.68,"2.0L 4","ALL WHEEL DRIVE","AUTOMATIC","GAS",4,"Run & Drive Verified","Pure Sale","[PREMIUM]",,"BALTIMORE","MD","21225","USA","USD","[PREMIUM]","[PREMIUM]","D050",false,"[PREMIUM]",,false,false,"[PREMIUM]",,,,,,,,"[PREMIUM]"
"57580776","2026-08-08 02:56:39.806","2026-08-22 17:48:41.710","57580776","2026-08-07 20:39:26.000","[PREMIUM]","342","MD - BALTIMORE EAST",,,,"EDT","0","V",2014,"HYUNDAI","ELANTRA","ELANTRA","SEDAN","BLUE","FRONT END","MINOR DENT/SCRATCHES","MD","S1","YES","D",124383,"A","[PREMIUM]",7341.7,"1.8L 4","FRONT WHEEL DRIVE","AUTOMATIC","GAS",4,"Run & Drive Verified","Pure Sale","[PREMIUM]",,"BALTIMORE","MD","21225","USA","USD","[PREMIUM]","[PREMIUM]","A070",false,"[PREMIUM]","SE",false,false,"[PREMIUM]",,,,,,,,"[PREMIUM]"
"57397536","2026-08-08 02:56:39.710","2026-08-22 17:48:41.635","57397536","2026-08-07 20:39:27.000","[PREMIUM]","835","MEDIUM DUTY SPECIALTY SALE",,,,"CDT","0","K",2021,"FORD","TRANSIT","TRANSIT","VAN CARGO","WHITE","FRONT END","SIDE","MD","S1","YES","D",141816,"A","[PREMIUM]",14331.38,"3.5L 6","REAR WHEEL DRIVE","AUTOMATIC","GAS",6,"Run & Drive Verified","Pure Sale","[PREMIUM]",,"BALTIMORE","MD","21225","USA","USD","[PREMIUM]","[PREMIUM]","TT010",false,"[PREMIUM]","T-150",false,false,"[PREMIUM]",,,,,,,,"[PREMIUM]"
"57021076","2026-08-08 02:56:39.550","2026-08-22 17:48:41.320","57021076","2026-08-07 20:39:27.000","[PREMIUM]","342","MD - BALTIMORE EAST",,,,"EDT","0","V",2018,"DODGE","JOURNEY","JOURNEY","SPORT UTILITY VEHICLE","BLACK","FRONT END","UNDERCARRIAGE","MD","S1","YES","S",88410,"A","[PREMIUM]",13292.19,"3.6L 6","FRONT WHEEL DRIVE","AUTOMATIC","FLEXIBLE",6,"Vehicle Starts","Pure Sale","[PREMIUM]",,"BALTIMORE","MD","21225","USA","USD","[PREMIUM]","[PREMIUM]","3E020",false,"[PREMIUM]","SXT",false,false,"[PREMIUM]",,,,,,,,"[PREMIUM]"
"56844336","2026-08-08 02:56:39.428","2026-08-22 17:48:41.182","56844336","2026-08-20 14:33:57.000","[PREMIUM]","342","MD - BALTIMORE EAST","2026-08-25","TUESDAY","1000","EDT","0","V",2022,"TOYOTA","CAMRY","CAMRY","SEDAN","WHITE","REAR END","MINOR DENT/SCRATCHES","MD","S1","YES",,68060,"A","[PREMIUM]",16597.89,"2.5L 4","FRONT WHEEL DRIVE","AUTOMATIC","ELECTRIC AND GAS HYBRID",4,,"On Minimum Bid","[PREMIUM]",,"BALTIMORE","MD","21225","USA","USD","[PREMIUM]","[PREMIUM]","F030",false,"[PREMIUM]","LE",false,false,"[PREMIUM]",,,,,,,,"[PREMIUM]"
"56669696","2026-08-08 02:56:39.319","2026-08-13 14:31:08.131","56669696","2026-08-13 08:00:14.000","[PREMIUM]","342","MD - BALTIMORE EAST","2026-08-13","THURSDAY","1000","EDT","2566","V",2013,"TOYOTA","RAV4","RAV4","4DR SPORT UTILITY","RED","UNDERCARRIAGE","FRONT END","PA","SC","YES","S",134602,"A","[PREMIUM]",10072.28,"2.5L 4","ALL WHEEL DRIVE","AUTOMATIC","GAS",4,"Vehicle Starts","Pure Sale","[PREMIUM]",,"BALTIMORE","MD","21225","USA","USD","[PREMIUM]","[PREMIUM]","CC040",false,"[PREMIUM]","XLE",false,false,"[PREMIUM]",,,,,,,,"[PREMIUM]"
"56606206","2026-08-08 02:56:39.309","2026-08-22 17:48:40.976","56606206","2026-08-07 20:42:06.000","[PREMIUM]","342","MD - BALTIMORE EAST",,,,"EDT","0","V",2021,"CHEVROLET","TRAILBLZR","TRAILBLAZER","SPORT UTILITY VEHICLE","BLUE","MECHANICAL","FRONT END","MD","S1","YES","E",139969,"A","[PREMIUM]",22107,"1.2L 3","FRONT WHEEL DRIVE","AUTOMATIC","GAS",3,"DEFAULT","Pure Sale","[PREMIUM]",,"BALTIMORE","MD","21225","USA","USD","[PREMIUM]","[PREMIUM]","F030",false,"[PREMIUM]","LS",false,false,"[PREMIUM]",,,,,,,,"[PREMIUM]"
"56243836","2026-08-08 02:56:39.170","2026-08-22 17:48:40.747","56243836","2026-08-20 18:11:09.000","[PREMIUM]","342","MD - BALTIMORE EAST","2026-08-25","TUESDAY","1000","EDT","0","V",2018,"VOLKSWAGEN","GOLF","GOLF","HATCHBACK","WHITE","FRONT END","SIDE","MD","S1","YES","E",65733,"A","[PREMIUM]",14484,"1.8L 4","FRONT WHEEL DRIVE","AUTOMATIC","GAS",4,"DEFAULT","Pure Sale","[PREMIUM]",,"BALTIMORE","MD","21225","USA","USD","[PREMIUM]","[PREMIUM]","E070",false,"[PREMIUM]","S",false,false,"[PREMIUM]",,,,,,,,"[PREMIUM]"
"56146806","2026-08-08 02:56:39.155","2026-08-22 17:48:40.729","56146806","2026-08-20 14:24:29.000","[PREMIUM]","342","MD - BALTIMORE EAST","2026-08-25","TUESDAY","1000","EDT","0","V",2020,"JEEP","GRAND CHER","CHEROKEE","SPORT UTILITY VEHICLE","BURGUNDY","FRONT END","MINOR DENT/SCRATCHES","MD","S1","YES","D",52786,"A","[PREMIUM]",19389,"3.2L 6","4X4 W/FRONT WHL DRV","AUTOMATIC","FLEXIBLE",6,"Run & Drive Verified","Pure Sale","[PREMIUM]",,"BALTIMORE","MD","21225","USA","USD","[PREMIUM]","[PREMIUM]","GG010",false,"[PREMIUM]","LIMITED",false,false,"[PREMIUM]",,,,,,,,"[PREMIUM]"
"54048106","2026-08-08 02:56:37.992","2026-08-22 17:48:39.839","54048106","2026-08-07 20:42:14.000","[PREMIUM]","342","MD - BALTIMORE EAST",,,,"EDT","0","V",2018,"SUBARU","CROSSTREK","CROSSTREK","SPORT UTILITY VEHICLE","GRAY","FRONT END","SIDE","MD","S1","YES","E",98194,"A","[PREMIUM]",22769.35,"2.0L 4","ALL WHEEL DRIVE","AUTOMATIC","GAS",4,"DEFAULT","Pure Sale","[PREMIUM]",,"BALTIMORE","MD","21225","USA","USD","[PREMIUM]","[PREMIUM]","CC030",false,"[PREMIUM]","PREMIUM",false,false,"[PREMIUM]",,,,,,,,"[PREMIUM]"
"85458395","2026-08-08 02:56:36.491","2026-08-22 17:48:37.851","85458395","2026-08-07 21:58:39.000","[PREMIUM]","341","AL - DOTHAN",,,,"CDT","0","V",2021,"HYUNDAI","TUCSON","TUCSON","SUV","BLUE","TOP/ROOF","FRONT END","AL","ST","YES","D",92265,"A","[PREMIUM]",14741.41,"2.4L 4","FRONT WHEEL DRIVE","AUTOMATIC","GAS",4,"Run & Drive Verified","Pure Sale","[PREMIUM]",,"NEWTON","AL","36352 8228","USA","USD","[PREMIUM]","[PREMIUM]","SD003",false,"[PREMIUM]","SPORT",false,false,"[PREMIUM]",,,,,,,,"[PREMIUM]"
"63779926","2026-08-08 02:56:36.366","2026-08-22 17:48:37.565","63779926","2026-08-07 21:58:38.000","[PREMIUM]","341","AL - DOTHAN",,,,"CDT","0","V",2008,"TOYOTA","CAMRY","CAMRY","SEDAN","SILVER","REAR END",,"AL","ST","YES","D",246318,"A","[PREMIUM]",3029.93,"2.4L 4","FRONT WHEEL DRIVE","AUTOMATIC","GAS",4,"Run & Drive Verified","Pure Sale","[PREMIUM]",,"NEWTON","AL","36352 8228","USA","USD","[PREMIUM]","[PREMIUM]","A030",false,"[PREMIUM]","BASE",false,false,"[PREMIUM]",,,,,,,,"[PREMIUM]"
"63328146","2026-08-08 02:56:36.326","2026-08-22 17:48:37.232","63328146","2026-08-07 21:58:38.000","[PREMIUM]","341","AL - DOTHAN",,,,"CDT","0","V",2017,"CHEVROLET","CRUZE","CRUZE","SEDAN 4DR","CHARCOAL","FRONT END","SIDE","AL","ST","YES","D",204390,"A","[PREMIUM]",4178.83,"1.4L 4","FRONT WHEEL DRIVE","AUTOMATIC","GAS",4,"Run & Drive Verified","Pure Sale","[PREMIUM]",,"NEWTON","AL","36352 8228","USA","USD","[PREMIUM]","[PREMIUM]","D040",false,"[PREMIUM]","LT",false,false,"[PREMIUM]",,,,,,,,"[PREMIUM]"
"63124776","2026-08-08 02:56:36.275","2026-08-22 17:48:37.124","63124776","2026-08-07 21:58:38.000","[PREMIUM]","341","AL - DOTHAN",,,,"CDT","0","V",2018,"GMC","ACADIA","ACADIA","SPORT UTILITY VEHICLE","BLACK","FRONT END","SIDE","AL","ST","YES","D",114828,"A","[PREMIUM]",0,"3.6L 6","FRONT WHEEL DRIVE","AUTOMATIC","GAS",6,"Run & Drive Verified","Pure Sale","[PREMIUM]",,"NEWTON","AL","36352 8228","USA","USD","[PREMIUM]","[PREMIUM]","A020",false,"[PREMIUM]","SLT-1",false,false,"[PREMIUM]",,,,,,,,"[PREMIUM]"
"62685956","2026-08-08 02:56:36.237","2026-08-13 14:31:04.715","62685956","2026-08-12 12:41:37.000","[PREMIUM]","341","AL - DOTHAN","2026-08-13","THURSDAY","1200","CDT","1138","V",1993,"FORD","F150","F150","PICKUP","BLACK","FRONT END","SIDE","AL","ST","EXM",,0,"E","[PREMIUM]",5603.49,"5.0L 8","REAR WHEEL DRIVE","AUTOMATIC","GAS",8,,"Pure Sale","[PREMIUM]",,"NEWTON","AL","36352 8228","USA","USD","[PREMIUM]","[PREMIUM]","D030",false,"[PREMIUM]",,false,false,"[PREMIUM]",,,,,,,,"[PREMIUM]"
"62654196","2026-08-08 02:56:36.235","2026-08-22 17:48:37.007","62654196","2026-08-12 14:51:51.000","[PREMIUM]","341","AL - DOTHAN",,,,"CDT","0","V",2022,"JEEP","COMPASS","COMPASS","SPORT UTILITY VEHICLE","BLACK","FRONT END","REAR END","AL","ST","YES","S",88734,"A","[PREMIUM]",13024.1,"2.4L 4","4X4 W/FRONT WHL DRV","AUTOMATIC","GAS",4,"Vehicle Starts","Pure Sale","[PREMIUM]",,"NEWTON","AL","36352 8228","USA","USD","[PREMIUM]","[PREMIUM]","C010",false,"[PREMIUM]","LATITUDE",false,false,"[PREMIUM]",,,,,,,,"[PREMIUM]"
"61513196","2026-08-08 02:56:36.128","2026-08-22 17:48:36.776","61513196","2026-08-07 21:58:39.000","[PREMIUM]","341","AL - DOTHAN",,,,"CDT","0","V",2015,"GMC","TERRAIN","TERRAIN","4DR SPORT UTILITY","RED","FRONT END","SIDE","AL","ST","YES","E",0,"N","[PREMIUM]",6876.1,"2.4L 4","FRONT WHEEL DRIVE","AUTOMATIC","FLEXIBLE",4,"DEFAULT","Pure Sale","[PREMIUM]",,"NEWTON","AL","36352 8228","USA","USD","[PREMIUM]","[PREMIUM]","B060",false,"[PREMIUM]","SLE",false,false,"[PREMIUM]",,,,,,,,"[PREMIUM]"
"60828036","2026-08-08 02:56:35.963","2026-08-22 17:48:36.655","60828036","2026-08-07 21:58:38.000","[PREMIUM]","341","AL - DOTHAN",,,,"CDT","0","V",2009,"HYUNDAI","SONATA","SONATA","SEDAN","BLACK","SIDE",,"AL","ST","YES","D",178242,"A","[PREMIUM]",11205.03,"3.3L 6","FRONT WHEEL DRIVE","AUTOMATIC","GAS",6,"Run & Drive Verified","Pure Sale","[PREMIUM]",,"NEWTON","AL","36352 8228","USA","USD","[PREMIUM]","[PREMIUM]","B010",false,"[PREMIUM]","LIMITED V6",false,false,"[PREMIUM]",,,,,,,,"[PREMIUM]"
"58689116","2026-08-08 02:56:35.729","2026-08-22 17:48:36.384","58689116","2026-08-07 21:58:38.000","[PREMIUM]","341","AL - DOTHAN",,,,"CDT","0","V",2015,"HONDA","CIVC","CIVIC","SEDAN 4DR","BLACK","FRONT END",,"AL","ST","YES","D",126227,"A","[PREMIUM]",5493.25,"1.8L 4","FRONT WHEEL DRIVE","AUTOMATIC","GAS",4,"Run & Drive Verified","Pure Sale","[PREMIUM]",,"NEWTON","AL","36352 8228","USA","USD","[PREMIUM]","[PREMIUM]","E040",false,"[PREMIUM]","EX",false,false,"[PREMIUM]",,,,,,,,"[PREMIUM]"
"57045096","2026-08-08 02:56:35.623","2026-08-22 17:48:36.186","57045096","2026-08-07 21:59:22.000","[PREMIUM]","341","AL - DOTHAN",,,,"CDT","0","V",2021,"KIA","K5","K5","SEDAN","GRAY","REAR END",,"FL","RB","YES","D",51952,"A","[PREMIUM]",14622.6,"1.6L 4","FRONT WHEEL DRIVE","AUTOMATIC","GAS",4,"Run & Drive Verified","Pure Sale","[PREMIUM]",,"NEWTON","AL","36352 8228","USA","USD","[PREMIUM]","[PREMIUM]","A070",false,"[PREMIUM]","GT LINE",false,false,"[PREMIUM]",,,,,,,,"[PREMIUM]"
"56756486","2026-08-08 02:56:35.597","2026-08-22 06:24:18.798","56756486","2026-08-07 21:58:38.000","[PREMIUM]","341","AL - DOTHAN",,,,"CDT","0","V",2017,"NISSAN","VERSA","VERSA",,"GRAY","FRONT END","REAR END","AL","ST","YES","D",64967,"A","[PREMIUM]",0,,,,,,"Run & Drive Verified","On Approval","[PREMIUM]",,"NEWTON","AL","36352 8228","USA","USD","[PREMIUM]","[PREMIUM]","D020",false,"[PREMIUM]",,false,false,"[PREMIUM]",,,,,,,,"[PREMIUM]"
"50903376","2026-08-08 02:56:35.313","2026-08-22 17:48:35.886","50903376","2026-08-07 21:59:22.000","[PREMIUM]","341","AL - DOTHAN",,,,"CDT","0","V",2018,"INFINITI","Q50 3.0T L","Q50","SEDAN","GRAY","FRONT END",,"FL","RB","YES","E",0,"N","[PREMIUM]",6212.12,"3.0L 6","REAR WHEEL DRIVE","AUTOMATIC","GAS",6,"DEFAULT","Pure Sale","[PREMIUM]",,"NEWTON","AL","36352 8228","USA","USD","[PREMIUM]","[PREMIUM]","B030",false,"[PREMIUM]","3.0T LUXE",false,false,"[PREMIUM]",,,,,,,,"[PREMIUM]"
"63910716","2026-08-08 02:56:35.036","2026-08-22 17:48:34.731","63910716","2026-08-18 22:23:47.000","[PREMIUM]","832","MEDIUM DUTY CLEAN TITLE SALE","2026-08-24","MONDAY","1100","CDT","0","K",2017,"HINO","All Models","195","TILT CAB","TWO TONE","NORMAL WEAR","MINOR DENT/SCRATCHES","NC","CZ","YES","D",176158,"A","[PREMIUM]",0,"5.1L 4","REAR WHEEL DRIVE","AUTOMATIC","DIESEL",4,"Run & Drive Verified","On Minimum Bid","[PREMIUM]",,"GASTONIA","NC","28052","USA","USD","[PREMIUM]","[PREMIUM]","U030",true,"[PREMIUM]",,false,false,"[PREMIUM]",,,,,,,,"[PREMIUM]"
"64214676","2026-08-08 02:56:35.034","2026-08-20 17:43:08.224","64214676","2026-08-18 12:42:00.000","[PREMIUM]","832","MEDIUM DUTY CLEAN TITLE SALE","2026-08-24","MONDAY","1100","CDT","0","K",2007,"CHEVROLET","EXPRESS","EXPRESS G3500","EXTENDED SPORT VAN","WHITE","REAR END","SIDE","NC","CZ","YES","D",144400,"E","[PREMIUM]",0,"6.0L 8","REAR WHEEL DRIVE","AUTOMATIC","GAS",8,"Run & Drive Verified","On Minimum Bid","[PREMIUM]",,"GASTONIA","NC","28052","USA","USD","[PREMIUM]","[PREMIUM]","HV040",true,"[PREMIUM]",,false,false,"[PREMIUM]",,,,,,,,"[PREMIUM]"
"63906986","2026-08-08 02:56:35.026","2026-08-21 17:45:30.078","63906986","2026-08-19 22:42:35.000","[PREMIUM]","340","NC - GASTONIA","2026-08-26","WEDNESDAY","1000","EDT","0","V",2017,"KIA","SPORTAGE","SPORTAGE","4DR SPORT UTILITY","GRAY","FRONT END","SIDE","SC","DE","YES","D",139736,"A","[PREMIUM]",0,"2.4L 4","FRONT WHEEL DRIVE","AUTOMATIC","GAS",4,"Run & Drive Verified","On Minimum Bid","[PREMIUM]",,"GASTONIA","NC","28052","USA","USD","[PREMIUM]","[PREMIUM]","SK004",true,"[PREMIUM]","LX",false,false,"[PREMIUM]",,,,,,,,"[PREMIUM]"
"64044446","2026-08-08 02:56:35.014","2026-08-12 08:32:54.070","64044446","2026-08-08 14:49:23.000","[PREMIUM]","340","NC - GASTONIA","2026-08-12","WEDNESDAY","1000","EDT","2080","V",2007,"TOYOTA","CAMRY","CAMRY","SEDAN","WHITE","REAR END",,"NC","CZ","YES","D",215548,"E","[PREMIUM]",0,"2.4L 4","FRONT WHEEL DRIVE","AUTOMATIC","GAS",4,"Run & Drive Verified","On Minimum Bid","[PREMIUM]",,"GASTONIA","NC","28052","USA","USD","[PREMIUM]","[PREMIUM]","SH001",true,"[PREMIUM]","LE",false,false,"[PREMIUM]",,,,,,,,"[PREMIUM]"
"63401586","2026-08-08 02:56:34.902","2026-08-12 08:32:53.837","63401586","2026-08-08 14:49:23.000","[PREMIUM]","340","NC - GASTONIA","2026-08-12","WEDNESDAY","1000","EDT","143","V",2010,"TOYOTA","VENZA","VENZA","WAGON","SILVER","MINOR DENT/SCRATCHES",,"TX","CZ","YES","D",256856,"E","[PREMIUM]",0,"3.5L 6","FRONT WHEEL DRIVE","AUTOMATIC","GAS",6,"Run & Drive Verified","On Minimum Bid","[PREMIUM]",,"GASTONIA","NC","28052","USA","USD","[PREMIUM]","[PREMIUM]","SK04",true,"[PREMIUM]","FWD V6",false,false,"[PREMIUM]",,,,,,,,"[PREMIUM]"
"62745676","2026-08-08 02:56:34.721","2026-08-22 17:48:33.672","62745676","2026-08-07 21:35:10.000","[PREMIUM]","340","NC - GASTONIA",,,,"EDT","0","V",2023,"TOYOTA","COROLLA","COROLLA","SEDAN","SILVER","FRONT END","SIDE","NC","SC","YES","E",106408,"A","[PREMIUM]",22248,"2.0L 4","FRONT WHEEL DRIVE","AUTOMATIC","GAS",4,"DEFAULT","Pure Sale","[PREMIUM]",,"GASTONIA","NC","28052","USA","USD","[PREMIUM]","[PREMIUM]","SI002",false,"[PREMIUM]","LE",true,false,"[PREMIUM]",,,,,,,,"[PREMIUM]"
"61985246","2026-08-08 02:56:34.537","2026-08-17 03:02:29.234","61985246","2026-08-14 20:29:11.000","[PREMIUM]","340","NC - GASTONIA","2026-08-19","WEDNESDAY","1000","EDT","58","V",2006,"TOYOTA","All Models","SIENNA","MINI-VAN","BLUE","FRONT END",,"MT","CZ","YES","E",223020,"E","[PREMIUM]",0,"3.3L 6","FRONT WHEEL DRIVE","AUTOMATIC","GAS",6,"DEFAULT","On Minimum Bid","[PREMIUM]",,"GASTONIA","NC","28052","USA","USD","[PREMIUM]","[PREMIUM]","SH003",true,"[PREMIUM]","XLE 7 PASSENGER",false,false,"[PREMIUM]",,,,,,,,"[PREMIUM]"
"58596096","2026-08-08 02:56:33.139","2026-08-22 17:48:31.637","58596096","2026-08-07 21:35:09.000","[PREMIUM]","340","NC - GASTONIA",,,,"EDT","0","V",2013,"HONDA","CRV","CR-V","4DR SPORT UTILITY","WHITE","FRONT END","SIDE","NC","SC","YES","D",204978,"N","[PREMIUM]",4919.68,"2.4L 4","ALL WHEEL DRIVE","AUTOMATIC","GAS",4,"Run & Drive Verified","Pure Sale","[PREMIUM]",,"GASTONIA","NC","28052","USA","USD","[PREMIUM]","[PREMIUM]","O090",false,"[PREMIUM]","EXL",false,false,"[PREMIUM]",,,,,,,,"[PREMIUM]"
"58203216","2026-08-08 02:56:33.070","2026-08-19 15:02:35.797","58203216","2026-08-18 11:21:32.000","[PREMIUM]","340","NC - GASTONIA","2026-08-19","WEDNESDAY","1000","EDT","2094","V",2019,"NISSAN","SENTRA","SENTRA","SEDAN","BLACK","FRONT END","SIDE","NC","SC","YES","D",147210,"A","[PREMIUM]",0,"1.8L 4","FRONT WHEEL DRIVE","AUTOMATIC","GAS",4,"Run & Drive Verified","Pure Sale","[PREMIUM]",,"GASTONIA","NC","28052","USA","USD","[PREMIUM]","[PREMIUM]","B010",false,"[PREMIUM]","SR",false,false,"[PREMIUM]",,,,,,,,"[PREMIUM]"
"55137396","2026-08-08 02:56:32.533","2026-08-22 17:48:30.918","55137396","2026-08-11 20:47:07.000","[PREMIUM]","340","NC - GASTONIA",,,,"EDT","0","V",2024,"RAM","2500","2500","PICKUP","WHITE","FRONT END","SIDE","NC","SC","YES","S",30146,"A","[PREMIUM]",0,"6.4L 8","REAR WHEEL DRIVE","AUTOMATIC","GAS",8,"Vehicle Starts","Pure Sale","[PREMIUM]",,"GASTONIA","NC","28052","USA","USD","[PREMIUM]","[PREMIUM]","U010",false,"[PREMIUM]","TRADESMAN",false,false,"[PREMIUM]",,,,,,,,"[PREMIUM]"
"53793226","2026-08-08 02:56:32.157","2026-08-12 08:32:50.572","53793226","2026-08-08 14:49:23.000","[PREMIUM]","340","NC - GASTONIA","2026-08-12","WEDNESDAY","1000","EDT","66","V",2017,"HYUNDAI","SANTA FE","SANTA FE SPORT","SUV","GRAY","FRONT END",,"MT","CZ","YES","D",134028,"A","[PREMIUM]",0,"2.4L 4","FRONT WHEEL DRIVE","AUTOMATIC","GAS",4,"Run & Drive Verified","On Approval","[PREMIUM]",,"GASTONIA","NC","28052","USA","USD","[PREMIUM]","[PREMIUM]","N090",false,"[PREMIUM]","2.4L",false,false,"[PREMIUM]",,,,,,,,"[PREMIUM]"
"52650256","2026-08-08 02:56:31.957","2026-08-22 17:48:30.622","52650256","2026-08-07 21:35:09.000","[PREMIUM]","340","NC - GASTONIA",,,,"EDT","0","V",2015,"HYUNDAI","SANTA FE","SANTA FE SPORT","SUV","GRAY","FRONT END",,"NC","SC","YES","D",148645,"N","[PREMIUM]",7388,"2.4L 4","FRONT WHEEL DRIVE","AUTOMATIC","GAS",4,"Run & Drive Verified","Pure Sale","[PREMIUM]",,"GASTONIA","NC","28052","USA","USD","[PREMIUM]","[PREMIUM]","N110",false,"[PREMIUM]","2.4L",false,false,"[PREMIUM]",,,,,,,,"[PREMIUM]"
"63819046","2026-08-08 02:56:31.367","2026-08-12 08:32:49.611","63819046","2026-08-10 21:28:51.000","[PREMIUM]","339","WI - MILWAUKEE NORTH","2026-08-12","WEDNESDAY","1200","CDT","0","V",2016,"FORD","EDGE","EDGE","4DR SPORT UTILITY","BLUE","FRONT END","SIDE","WI","CT","YES","D",145339,"A","[PREMIUM]",6054.97,"2.0L 4","ALL WHEEL DRIVE","AUTOMATIC","GAS",4,"Run & Drive Verified","Pure Sale","[PREMIUM]",,"MILWAUKEE","WI","53224","USA","USD","[PREMIUM]","[PREMIUM]","A060",false,"[PREMIUM]","TITANIUM",false,false,"[PREMIUM]",,,,,,,,"[PREMIUM]"
"63361856","2026-08-08 02:56:31.328","2026-08-22 17:48:29.624","63361856","2026-08-19 15:40:04.000","[PREMIUM]","339","WI - MILWAUKEE NORTH",,,,"CDT","0","V",2018,"BUICK","ENCORE","ENCORE","SPORT UTILITY VEHICLE","BLACK","REAR END","SIDE","IL","SC","YES","D",60097,"A","[PREMIUM]",10027,"1.4L 4","ALL WHEEL DRIVE","AUTOMATIC","GAS",4,"Run & Drive Verified","Pure Sale","[PREMIUM]",,"MILWAUKEE","WI","53224","USA","USD","[PREMIUM]","[PREMIUM]","D020",false,"[PREMIUM]","PREMIUM",false,false,"[PREMIUM]",,,,,,,,"[PREMIUM]"
"63405406","2026-08-08 02:56:31.321","2026-08-12 08:32:49.533","63405406","2026-08-10 21:32:34.000","[PREMIUM]","339","WI - MILWAUKEE NORTH","2026-08-12","WEDNESDAY","1200","CDT","0","V",2021,"KIA","TELLURIDE","TELLURIDE","SPORT UTILITY VEHICLE","CHARCOAL","SIDE","REAR END","WI","IC","YES","D",39636,"A","[PREMIUM]",18690,"3.8L 6","ALL WHEEL DRIVE","AUTOMATIC","GAS",6,"Run & Drive Verified","On Minimum Bid","[PREMIUM]",,"MILWAUKEE","WI","53224","USA","USD","[PREMIUM]","[PREMIUM]","A070",false,"[PREMIUM]","SX",false,false,"[PREMIUM]",,,,,,,,"[PREMIUM]"
"63287336","2026-08-08 02:56:31.281","2026-08-12 08:32:49.494","63287336","2026-08-10 17:03:24.000","[PREMIUM]","339","WI - MILWAUKEE NORTH","2026-08-12","WEDNESDAY","1200","CDT","0","V",2015,"RAM","1500","1500","CREW PICKUP","BLUE","FRONT END","REAR END","WI","CT","YES","D",123240,"A","[PREMIUM]",12203,"5.7L 8","4X4 W/REAR WHEEL DRV","AUTOMATIC","GAS",8,"Run & Drive Verified","Pure Sale","[PREMIUM]",,"MILWAUKEE","WI","53224","USA","USD","[PREMIUM]","[PREMIUM]","I050",false,"[PREMIUM]","ST",false,false,"[PREMIUM]",,,,,,,,"[PREMIUM]"
"62883336","2026-08-08 02:56:31.212","2026-08-12 08:32:49.409","62883336","2026-08-10 17:05:58.000","[PREMIUM]","339","WI - MILWAUKEE NORTH","2026-08-12","WEDNESDAY","1200","CDT","0","V",2013,"TOYOTA","COROLLA","COROLLA","SEDAN","BLUE","SIDE","FRONT END","WI","CT","YES","D",136391,"A","[PREMIUM]",6087.63,"1.8L 4","FRONT WHEEL DRIVE","AUTOMATIC","GAS",4,"Run & Drive Verified","Pure Sale","[PREMIUM]",,"MILWAUKEE","WI","53224","USA","USD","[PREMIUM]","[PREMIUM]","C080",false,"[PREMIUM]","LE",false,false,"[PREMIUM]",,,,,,,,"[PREMIUM]"
"62681256","2026-08-08 02:56:31.210","2026-08-22 17:48:29.573","62681256","2026-08-21 02:02:31.000","[PREMIUM]","339","WI - MILWAUKEE NORTH","2026-08-26","WEDNESDAY","1200","CDT","0","V",2014,"TOYOTA","RAV4","RAV4","4DR SPORT UTILITY","BURGUNDY","FRONT END","REAR END","WI","CT","YES","D",107611,"A","[PREMIUM]",8063.29,"2.5L 4","ALL WHEEL DRIVE","AUTOMATIC","GAS",4,"Run & Drive Verified","On Minimum Bid","[PREMIUM]",,"MILWAUKEE","WI","53224","USA","USD","[PREMIUM]","[PREMIUM]","B030",false,"[PREMIUM]","LE",false,false,"[PREMIUM]",,,,,,,,"[PREMIUM]"
"62340466","2026-08-08 02:56:31.191","2026-08-12 08:32:49.335","62340466","2026-08-11 19:01:43.000","[PREMIUM]","339","WI - MILWAUKEE NORTH","2026-08-12","WEDNESDAY","1200","CDT","0","V",2025,"NISSAN","SENTRA","SENTRA","SEDAN","GRAY","FRONT END",,"WI","SC","YES","D",20000,"A","[PREMIUM]",16969.75,"2.0L 4","FRONT WHEEL DRIVE","AUTOMATIC","GAS",4,"Run & Drive Verified","Pure Sale","[PREMIUM]",,"MILWAUKEE","WI","53224","USA","USD","[PREMIUM]","[PREMIUM]","D060",false,"[PREMIUM]","S",false,false,"[PREMIUM]",,,,,,,,"[PREMIUM]"
"62747676","2026-08-08 02:56:31.188","2026-08-12 08:32:49.408","62747676","2026-08-10 19:19:11.000","[PREMIUM]","339","WI - MILWAUKEE NORTH","2026-08-12","WEDNESDAY","1200","CDT","0","V",2018,"CHEVROLET","EQUINOX","EQUINOX","SPORT UTILITY VEHICLE","WHITE","FRONT END",,"WI","CT","YES","S",63971,"A","[PREMIUM]",11510,"2.0L 4","ALL WHEEL DRIVE","AUTOMATIC","GAS",4,"Vehicle Starts","On Minimum Bid","[PREMIUM]",,"MILWAUKEE","WI","53224","USA","USD","[PREMIUM]","[PREMIUM]","A050",false,"[PREMIUM]","LT",false,false,"[PREMIUM]",,,,,,,,"[PREMIUM]"
"62606836","2026-08-08 02:56:31.178","2026-08-12 08:32:49.366","62606836","2026-08-11 19:02:38.000","[PREMIUM]","339","WI - MILWAUKEE NORTH","2026-08-12","WEDNESDAY","1200","CDT","0","V",2012,"CHEVROLET","CRUZE","CRUZE","SEDAN 4DR","RED","FRONT END","SIDE","WI","CT","YES","D",136795,"A","[PREMIUM]",3970.27,"1.4L 4","FRONT WHEEL DRIVE","AUTOMATIC","GAS",4,"Run & Drive Verified","Pure Sale","[PREMIUM]",,"MILWAUKEE","WI","53224","USA","USD","[PREMIUM]","[PREMIUM]","A070",false,"[PREMIUM]","LT",false,false,"[PREMIUM]",,,,,,,,"[PREMIUM]"
"61750996","2026-08-08 02:56:31.126","2026-08-19 15:02:33.887","61750996","2026-08-19 11:00:06.000","[PREMIUM]","339","WI - MILWAUKEE NORTH","2026-08-19","WEDNESDAY","1200","CDT","12","V",2024,"VOLKSWAGEN","ATLAS","ATLAS CROSS SPORT","SPORT UTILITY VEHICLE","GRAY","SIDE","REAR END","WI","SC","YES","D",21500,"N","[PREMIUM]",22360.35,"2.0L 4","ALL WHEEL DRIVE","AUTOMATIC","GAS",4,"Run & Drive Verified","Pure Sale","[PREMIUM]",,"MILWAUKEE","WI","53224","USA","USD","[PREMIUM]","[PREMIUM]","D020",false,"[PREMIUM]","SE",false,false,"[PREMIUM]",,,,,,,,"[PREMIUM]"
"62034676","2026-08-08 02:56:31.120","2026-08-12 08:32:49.339","62034676","2026-08-10 15:08:41.000","[PREMIUM]","339","WI - MILWAUKEE NORTH","2026-08-12","WEDNESDAY","1200","CDT","0","V",2020,"NISSAN","VERSA","VERSA","SEDAN","SILVER","REAR END","SIDE","WI","BP","YES","S",93159,"A","[PREMIUM]",10898,"1.6L 4","FRONT WHEEL DRIVE","AUTOMATIC","GAS",4,"Vehicle Starts","Pure Sale","[PREMIUM]",,"MILWAUKEE","WI","53224","USA","USD","[PREMIUM]","[PREMIUM]","D010",false,"[PREMIUM]","S",false,false,"[PREMIUM]",,,,,,,,"[PREMIUM]"
"61743056","2026-08-08 02:56:31.113","2026-08-12 08:32:49.298","61743056","2026-08-10 14:09:17.000","[PREMIUM]","339","WI - MILWAUKEE NORTH","2026-08-12","WEDNESDAY","1200","CDT","0","V",2016,"NISSAN","ROGUE","ROGUE","WAGON","GRAY","SIDE","FRONT END","WI","BP","YES","D",223584,"A","[PREMIUM]",15925.26,"2.5L 4","ALL WHEEL DRIVE","AUTOMATIC","GAS",4,"Run & Drive Verified","Pure Sale","[PREMIUM]",,"MILWAUKEE","WI","53224","USA","USD","[PREMIUM]","[PREMIUM]","D020",false,"[PREMIUM]","S",false,false,"[PREMIUM]",,,,,,,,"[PREMIUM]"
"61565486","2026-08-08 02:56:31.067","2026-08-12 08:32:49.308","61565486","2026-08-10 21:41:25.000","[PREMIUM]","339","WI - MILWAUKEE NORTH","2026-08-12","WEDNESDAY","1200","CDT","0","V",2016,"JEEP","COMPASS","COMPASS","4DR SPORT UTILITY","WHITE","MINOR DENT/SCRATCHES",,"WI","CT","YES","D",127907,"A","[PREMIUM]",6202,"2.4L 4","4X4 W/FRONT WHL DRV","AUTOMATIC","GAS",4,"Run & Drive Verified","Pure Sale","[PREMIUM]",,"MILWAUKEE","WI","53224","USA","USD","[PREMIUM]","[PREMIUM]","B040",false,"[PREMIUM]","LATITUDE",false,false,"[PREMIUM]",,,,,,,,"[PREMIUM]"
"61336176","2026-08-08 02:56:31.063","2026-08-12 08:32:49.275","61336176","2026-08-11 19:01:43.000","[PREMIUM]","339","WI - MILWAUKEE NORTH","2026-08-12","WEDNESDAY","1200","CDT","0","V",2023,"NISSAN","ALTIMA","ALTIMA","SEDAN","GRAY","FRONT END","SIDE","WI","SC","YES","S",77361,"A","[PREMIUM]",13876.28,"2.5L 4","FRONT WHEEL DRIVE","AUTOMATIC","GAS",4,"Vehicle Starts","Pure Sale","[PREMIUM]",,"MILWAUKEE","WI","53224","USA","USD","[PREMIUM]","[PREMIUM]","B020",false,"[PREMIUM]","SR",false,false,"[PREMIUM]",,,,,,,,"[PREMIUM]"
"61056736","2026-08-08 02:56:31.016","2026-08-12 08:32:49.211","61056736","2026-08-10 17:17:47.000","[PREMIUM]","339","WI - MILWAUKEE NORTH","2026-08-12","WEDNESDAY","1200","CDT","0","V",2013,"TOYOTA","SIENNA","SIENNA","SPORTS VAN","GRAY","FRONT END",,"WI","CT","YES","D",187818,"A","[PREMIUM]",5828.49,"3.5L 6","FRONT WHEEL DRIVE","AUTOMATIC","GAS",6,"Run & Drive Verified","Pure Sale","[PREMIUM]",,"MILWAUKEE","WI","53224","USA","USD","[PREMIUM]","[PREMIUM]","D060",false,"[PREMIUM]","LE",false,false,"[PREMIUM]",,,,,,,,"[PREMIUM]"
"61119896","2026-08-08 02:56:31.015","2026-08-12 08:32:49.267","61119896","2026-08-11 19:01:43.000","[PREMIUM]","339","WI - MILWAUKEE NORTH","2026-08-12","WEDNESDAY","1200","CDT","0","V",2015,"TOYOTA","RAV4","RAV4","4DR SPORT UTILITY","WHITE","FRONT END","TOP/ROOF","WI","CT","YES","D",151998,"A","[PREMIUM]",8153.71,"2.5L 4","ALL WHEEL DRIVE","AUTOMATIC","GAS",4,"Run & Drive Verified","Pure Sale","[PREMIUM]",,"MILWAUKEE","WI","53224","USA","USD","[PREMIUM]","[PREMIUM]","B050",false,"[PREMIUM]","LE",false,false,"[PREMIUM]",,,,,,,,"[PREMIUM]"
"61151326","2026-08-08 02:56:30.998","2026-08-12 08:32:49.277","61151326","2026-08-10 16:56:21.000","[PREMIUM]","339","WI - MILWAUKEE NORTH","2026-08-12","WEDNESDAY","1200","CDT","0","V",2021,"CHEVROLET","SILVERADO","SILVERADO","PICKUP","BLACK","FRONT END","REAR END","WI","IC","YES","D",131003,"A","[PREMIUM]",13126,"2.7L 4","4X4 W/REAR WHEEL DRV","AUTOMATIC","GAS",4,"Run & Drive Verified","Pure Sale","[PREMIUM]",,"MILWAUKEE","WI","53224","USA","USD","[PREMIUM]","[PREMIUM]","I050",false,"[PREMIUM]","K1500 CUSTOM",false,false,"[PREMIUM]",,,,,,,,"[PREMIUM]"
"60674616","2026-08-08 02:56:30.966","2026-08-12 08:32:49.217","60674616","2026-08-10 21:05:09.000","[PREMIUM]","339","WI - MILWAUKEE NORTH","2026-08-12","WEDNESDAY","1200","CDT","0","V",2014,"TOYOTA","CAMRY","CAMRY","SEDAN","GRAY","SIDE",,"WI","CT","YES","D",114866,"A","[PREMIUM]",8257.59,"2.5L 4","FRONT WHEEL DRIVE","AUTOMATIC","GAS",4,"Run & Drive Verified","On Minimum Bid","[PREMIUM]",,"MILWAUKEE","WI","53224","USA","USD","[PREMIUM]","[PREMIUM]","C080",false,"[PREMIUM]","LE",false,false,"[PREMIUM]",,,,,,,,"[PREMIUM]"
"60225376","2026-08-08 02:56:30.962","2026-08-12 08:32:49.156","60225376","2026-08-11 19:20:27.000","[PREMIUM]","339","WI - MILWAUKEE NORTH","2026-08-12","WEDNESDAY","1200","CDT","0","V",2017,"VOLVO","XC60","XC60","4DR SPORT UTILITY","BLACK","FRONT END","SIDE","WI","BP","YES","S",118050,"A","[PREMIUM]",18545.07,"2.0L 4","ALL WHEEL DRIVE","AUTOMATIC","GAS",4,"Vehicle Starts","Pure Sale","[PREMIUM]",,"MILWAUKEE","WI","53224","USA","USD","[PREMIUM]","[PREMIUM]","I030",false,"[PREMIUM]","T6 DYNAMIC",false,false,"[PREMIUM]",,,,,,,,"[PREMIUM]"
"57701246","2026-08-08 02:56:30.865","2026-08-12 08:32:49.078","57701246","2026-08-11 18:57:57.000","[PREMIUM]","339","WI - MILWAUKEE NORTH","2026-08-12","WEDNESDAY","1200","CDT","0","V",2014,"LEXUS","ES350","ES","SEDAN 4DR","TAN","FRONT END","SIDE","WI","CT","NO","E",10489,"A","[PREMIUM]",14859.32,"3.5L 6","FRONT WHEEL DRIVE","AUTOMATIC","GAS",6,"DEFAULT","On Minimum Bid","[PREMIUM]",,"MILWAUKEE","WI","53224","USA","USD","[PREMIUM]","[PREMIUM]","E020",false,"[PREMIUM]","350",false,false,"[PREMIUM]",,,,,,,,"[PREMIUM]"
"58006326","2026-08-08 02:56:30.852","2026-08-12 08:32:49.091","58006326","2026-08-11 19:10:24.000","[PREMIUM]","339","WI - MILWAUKEE NORTH","2026-08-12","WEDNESDAY","1200","CDT","0","V",2019,"TOYOTA","CAMRY","CAMRY","SEDAN","BLACK","SIDE",,"WI","CT","YES",,80537,"A","[PREMIUM]",12226.08,"2.5L 4","FRONT WHEEL DRIVE","AUTOMATIC","GAS",4,,"On Minimum Bid","[PREMIUM]",,"MILWAUKEE","WI","53224","USA","USD","[PREMIUM]","[PREMIUM]","D080",false,"[PREMIUM]","SE",false,false,"[PREMIUM]",,,,,,,,"[PREMIUM]"
"58701076","2026-08-08 02:56:30.834","2026-08-21 23:50:11.435","58701076","2026-08-20 21:02:25.000","[PREMIUM]","339","WI - MILWAUKEE NORTH","2026-08-26","WEDNESDAY","1200","CDT","0","V",2019,"NISSAN","ROGUE","ROGUE","WAGON","RED","REAR END","SIDE","WI","BP","YES","S",76586,"A","[PREMIUM]",0,"2.5L 4","ALL WHEEL DRIVE","AUTOMATIC","GAS",4,"Vehicle Starts","On Minimum Bid","[PREMIUM]",,"MILWAUKEE","WI","53224","USA","USD","[PREMIUM]","[PREMIUM]","D040",false,"[PREMIUM]","S",false,false,"[PREMIUM]",,,,,,,,"[PREMIUM]"
"57343436","2026-08-08 02:56:30.811","2026-08-12 08:32:49.048","57343436","2026-08-10 20:42:58.000","[PREMIUM]","339","WI - MILWAUKEE NORTH","2026-08-12","WEDNESDAY","1200","CDT","0","V",2024,"NISSAN","SENTRA","SENTRA","SEDAN","BLACK","FRONT END","TOP/ROOF","WI","IC","YES","D",54277,"A","[PREMIUM]",9984.17,"2.0L 4","FRONT WHEEL DRIVE","AUTOMATIC","GAS",4,"Run & Drive Verified","Pure Sale","[PREMIUM]",,"MILWAUKEE","WI","53224","USA","USD","[PREMIUM]","[PREMIUM]","A060",false,"[PREMIUM]","SV",false,false,"[PREMIUM]",,,,,,,,"[PREMIUM]"
"57676476","2026-08-08 02:56:30.810","2026-08-22 05:46:25.302","57676476","2026-08-22 02:45:21.000","[PREMIUM]","836","HEAVY TRUCK SPECIALTY SALE","2026-08-27","THURSDAY","1100","CDT","0","R",2021,"FORESRIVER","UNKNOWN","UNKNOWN",,"WHITE","UNDERCARRIAGE",,"WI","BP","EXM","E",0,"N","[PREMIUM]",41538.52,,,,,,"DEFAULT","On Minimum Bid","[PREMIUM]",,"MILWAUKEE","WI","53224","USA","USD","[PREMIUM]","[PREMIUM]","HV060",false,"[PREMIUM]",,false,false,"[PREMIUM]",,,,,,,,"[PREMIUM]"
"55167256","2026-08-08 02:56:30.744","2026-08-12 08:32:49.025","55167256","2026-08-10 20:49:39.000","[PREMIUM]","339","WI - MILWAUKEE NORTH","2026-08-12","WEDNESDAY","1200","CDT","0","V",2026,"CADILLAC","CT4","CT4","SEDAN","BLACK","ALL OVER",,"WI","SC","EXM","E",0,"N","[PREMIUM]",36781,"2.0L 4","ALL WHEEL DRIVE","AUTOMATIC","GAS",4,"DEFAULT","Pure Sale","[PREMIUM]",,"MILWAUKEE","WI","53224","USA","USD","[PREMIUM]","[PREMIUM]","E010",false,"[PREMIUM]","LUXURY +",false,false,"[PREMIUM]",,,,,,,,"[PREMIUM]"
"54694866","2026-08-08 02:56:30.717","2026-08-12 08:32:49.020","54694866","2026-08-10 14:34:18.000","[PREMIUM]","339","WI - MILWAUKEE NORTH","2026-08-12","WEDNESDAY","1200","CDT","0","V",2015,"LEXUS","RX350","RX 350","SUV","BLACK","SIDE","REAR END","WI","BP","YES","E",125361,"A","[PREMIUM]",20600.78,"3.5L 6","ALL WHEEL DRIVE","AUTOMATIC","GAS",6,"DEFAULT","Pure Sale","[PREMIUM]",,"MILWAUKEE","WI","53224","USA","USD","[PREMIUM]","[PREMIUM]","I010",false,"[PREMIUM]","BASE",false,false,"[PREMIUM]",,,,,,,,"[PREMIUM]"
"51173376","2026-08-08 02:56:30.638","2026-08-12 08:32:48.946","51173376","2026-08-10 15:41:44.000","[PREMIUM]","339","WI - MILWAUKEE NORTH","2026-08-12","WEDNESDAY","1200","CDT","0","V",2010,"CHRYSLER","300","300","SEDAN 4DR","RED","REAR END",,"WI","BP","YES","D",142232,"E","[PREMIUM]",5112,"3.5L 6","REAR WHEEL DRIVE","AUTOMATIC","GAS",6,"Run & Drive Verified","Pure Sale","[PREMIUM]",,"MILWAUKEE","WI","53224","USA","USD","[PREMIUM]","[PREMIUM]","A030",false,"[PREMIUM]","TOURING",false,false,"[PREMIUM]",,,,,,,,"[PREMIUM]"
"63937956","2026-08-08 02:56:30.236","2026-08-22 17:48:28.242","63937956","2026-08-18 15:27:07.000","[PREMIUM]","338","NC - LUMBERTON","2026-08-24","MONDAY","1000","EDT","0","V",2015,"FORD","EDGE","EDGE","4DR SPORT UTILITY","GREEN","REAR END",,"NC","SC","YES","D",123029,"A","[PREMIUM]",0,"2.0L 4","FRONT WHEEL DRIVE","AUTOMATIC","GAS",4,"Run & Drive Verified","Pure Sale","[PREMIUM]",,"LUMBERTON","NC","28360 5075","USA","USD","[PREMIUM]","[PREMIUM]","DD090",false,"[PREMIUM]","SEL",false,false,"[PREMIUM]",,,,,,,,"[PREMIUM]"
"63657556","2026-08-08 02:56:30.187","2026-08-22 17:48:28.061","63657556","2026-08-18 14:40:07.000","[PREMIUM]","338","NC - LUMBERTON","2026-08-24","MONDAY","1000","EDT","0","V",2009,"HONDA","CIVIC","CIVIC","SEDAN 4DR","WHITE","SIDE",,"NC","SC","YES","D",122260,"E","[PREMIUM]",5989.68,"1.8L 4","FRONT WHEEL DRIVE","AUTOMATIC","GAS",4,"Run & Drive Verified","Pure Sale","[PREMIUM]",,"LUMBERTON","NC","28360 5075","USA","USD","[PREMIUM]","[PREMIUM]","JJ090",false,"[PREMIUM]","EX",false,false,"[PREMIUM]",,,,,,,,"[PREMIUM]"
"63290696","2026-08-08 02:56:30.131","2026-08-22 17:48:27.941","63290696","2026-08-07 20:45:52.000","[PREMIUM]","338","NC - LUMBERTON",,,,"EDT","0","V",2003,"TOYOTA","4RUNNER SP","4RUNNER","SUV","SILVER","MINOR DENT/SCRATCHES",,"NC","SC","YES","D",292121,"E","[PREMIUM]",0,"4.7L 8","FOUR BY FOUR","AUTOMATIC","GAS",8,"Run & Drive Verified","On Approval","[PREMIUM]",,"LUMBERTON","NC","28360 5075","USA","USD","[PREMIUM]","[PREMIUM]","LL090",false,"[PREMIUM]","SPORT EDITION",false,false,"[PREMIUM]",,,,,,,,"[PREMIUM]"
"63001616","2026-08-08 02:56:30.065","2026-08-22 17:48:27.689","63001616","2026-08-07 20:45:52.000","[PREMIUM]","338","NC - LUMBERTON",,,,"EDT","0","V",2015,"NISSAN","SENTRA","SENTRA","SEDAN","SILVER","FRONT END",,"NC","SC","YES","E",0,"N","[PREMIUM]",0,"1.8L 4","FRONT WHEEL DRIVE","AUTOMATIC","GAS",4,"DEFAULT","On Minimum Bid","[PREMIUM]",,"LUMBERTON","NC","28360 5075","USA","USD","[PREMIUM]","[PREMIUM]","II100",false,"[PREMIUM]","SV",false,false,"[PREMIUM]",,,,,,,,"[PREMIUM]"
"62408456","2026-08-08 02:56:29.893","2026-08-22 17:48:27.316","62408456","2026-08-18 18:05:19.000","[PREMIUM]","835","MEDIUM DUTY SPECIALTY SALE","2026-08-26","WEDNESDAY","1100","CDT","0","K",2017,"FORD","F250","F250","PICKUP","WHITE","FRONT END",,"NC","SC","YES","D",100037,"A","[PREMIUM]",16000,"6.2L 8","REAR WHEEL DRIVE","AUTOMATIC","GAS",8,"Run & Drive Verified","Pure Sale","[PREMIUM]",,"LUMBERTON","NC","28360 5075","USA","USD","[PREMIUM]","[PREMIUM]","HVY",false,"[PREMIUM]","SUPER DUTY",false,false,"[PREMIUM]",,,,,,,,"[PREMIUM]"
"61022986","2026-08-08 02:56:29.382","2026-08-17 03:02:24.594","61022986","2026-08-10 18:54:58.000","[PREMIUM]","338","NC - LUMBERTON","2026-08-17","MONDAY","1000","EDT","0","V",2013,"NISSAN","ROGUE","ROGUE","WAGON","SILVER","REAR END",,"PA","SC","YES","D",172602,"A","[PREMIUM]",0,"2.5L 4","ALL WHEEL DRIVE","AUTOMATIC","GAS",4,"Run & Drive Verified","Pure Sale","[PREMIUM]",,"LUMBERTON","NC","28360 5075","USA","USD","[PREMIUM]","[PREMIUM]","OO090",false,"[PREMIUM]","S",false,false,"[PREMIUM]",,,,,,,,"[PREMIUM]"
"58934236","2026-08-08 02:56:28.467","2026-08-22 17:48:25.702","58934236","2026-08-17 19:36:44.000","[PREMIUM]","338","NC - LUMBERTON","2026-08-24","MONDAY","1000","EDT","0","V",2024,"KIA","CARNIVAL L","CARNIVAL","VAN PASSENGER","BURGUNDY","SIDE",,"NC","SC","YES","D",40522,"A","[PREMIUM]",24336.25,"3.5L 6","FRONT WHEEL DRIVE","AUTOMATIC","GAS",6,"Run & Drive Verified","Pure Sale","[PREMIUM]",,"LUMBERTON","NC","28360 5075","USA","USD","[PREMIUM]","[PREMIUM]","BB100",false,"[PREMIUM]","LX",false,false,"[PREMIUM]",,,,,,,,"[PREMIUM]"
"58730386","2026-08-08 02:56:28.404","2026-08-22 17:48:25.646","58730386","2026-08-14 22:50:37.000","[PREMIUM]","338","NC - LUMBERTON",,,,"EDT","0","V",2011,"BUICK","LUCERNE","LUCERNE","SEDAN 4D","WHITE","REAR END",,"NC","SC","YES","D",100922,"A","[PREMIUM]",11813,,,"AUTOMATIC",,,"Run & Drive Verified","Pure Sale","[PREMIUM]",,"LUMBERTON","NC","28360 5075","USA","USD","[PREMIUM]","[PREMIUM]","CC090",false,"[PREMIUM]",,false,false,"[PREMIUM]",,,,,,,,"[PREMIUM]"
"85983665","2026-08-08 02:56:26.656","2026-08-11 08:30:47.054","85983665","2026-08-07 23:04:11.000","[PREMIUM]","337","WA - SPANAWAY","2026-08-11","TUESDAY","1200","PDT","0","V",2022,"TOYOTA","RAV4","RAV4","SPORT UTILITY VEHICLE","BLACK","FRONT END","SIDE","WA","BS","YES","E",0,"N","[PREMIUM]",23905.53,"2.5L 4","ALL WHEEL DRIVE","AUTOMATIC","ELECTRIC AND GAS HYBRID",4,"DEFAULT","Pure Sale","[PREMIUM]",,"SPANAWAY","WA","98387","USA","USD","[PREMIUM]","[PREMIUM]","L300",false,"[PREMIUM]","XLE PREMIUM",false,false,"[PREMIUM]",,,,,,,,"[PREMIUM]"
"64316406","2026-08-08 02:56:26.621","2026-08-11 08:30:46.966","64316406","2026-08-07 22:41:15.000","[PREMIUM]","337","WA - SPANAWAY","2026-08-11","TUESDAY","1200","PDT","0","V",2005,"KIA","AMANTI","AMANTI","SEDAN","SILVER","MINOR DENT/SCRATCHES",,"WA","CT","YES","D",85555,"E","[PREMIUM]",0,"3.5L 6","FRONT WHEEL DRIVE","AUTOMATIC","GAS",6,"Run & Drive Verified","On Approval","[PREMIUM]",,"SPANAWAY","WA","98387","USA","USD","[PREMIUM]","[PREMIUM]","A150",false,"[PREMIUM]","BASE",false,false,"[PREMIUM]",,,,,,,,"[PREMIUM]"
"64329876","2026-08-08 02:56:26.596","2026-08-11 08:30:47.002","64329876","2026-08-10 16:43:45.000","[PREMIUM]","337","WA - SPANAWAY","2026-08-11","TUESDAY","1200","PDT","0","V",2020,"CHEVROLET","BLAZER","BLAZER","SPORT UTILITY VEHICLE","SILVER","FRONT END",,"WA","BS","YES","D",68289,"A","[PREMIUM]",17112.55,"3.6L 6","ALL WHEEL DRIVE","AUTOMATIC","GAS",6,"Run & Drive Verified","Pure Sale","[PREMIUM]",,"SPANAWAY","WA","98387","USA","USD","[PREMIUM]","[PREMIUM]","C210",false,"[PREMIUM]","RS",false,false,"[PREMIUM]",,,,,,,,"[PREMIUM]"
"64138726","2026-08-08 02:56:26.584","2026-08-14 16:16:55.669","64138726","2026-08-14 13:00:28.000","[PREMIUM]","337","WA - SPANAWAY","2026-08-14","FRIDAY","1200","PDT","3052","V",2017,"HYUNDAI","TUCSON","TUCSON","SUV","GRAY","VANDALISM",,"WA","BS","NO","E",0,"N","[PREMIUM]",17498.14,"1.6L 4","ALL WHEEL DRIVE","AUTOMATIC","GAS",4,"DEFAULT","Pure Sale","[PREMIUM]",,"SPANAWAY","WA","98387","USA","USD","[PREMIUM]","[PREMIUM]","B310",false,"[PREMIUM]","SPORT",false,false,"[PREMIUM]",,,,,,,,"[PREMIUM]"
"64075336","2026-08-08 02:56:26.545","2026-08-11 08:30:46.941","64075336","2026-08-07 21:17:00.000","[PREMIUM]","337","WA - SPANAWAY","2026-08-11","TUESDAY","1200","PDT","0","V",2013,"KIA","SOUL BASE","SOUL","WAGON","BLACK","VANDALISM",,"WA","BS","YES","E",128355,"A","[PREMIUM]",5760.25,"1.6L 4","FRONT WHEEL DRIVE","AUTOMATIC","GAS",4,"DEFAULT","Pure Sale","[PREMIUM]",,"SPANAWAY","WA","98387","USA","USD","[PREMIUM]","[PREMIUM]","C330",false,"[PREMIUM]","BASE",false,false,"[PREMIUM]",,,,,,,,"[PREMIUM]"
"63941486","2026-08-08 02:56:26.545","2026-08-11 08:30:46.940","63941486","2026-08-10 13:14:18.000","[PREMIUM]","337","WA - SPANAWAY","2026-08-11","TUESDAY","1200","PDT","0","V",2005,"FORD","ESCAPE","ESCAPE","4DR SPORT UTILITY","SILVER","MINOR DENT/SCRATCHES",,"WA","CT","NO","E",0,"E","[PREMIUM]",0,"3.0L 6","FRONT WHEEL DRIVE","AUTOMATIC","GAS",6,"DEFAULT","On Minimum Bid","[PREMIUM]",,"SPANAWAY","WA","98387","USA","USD","[PREMIUM]","[PREMIUM]","B180",false,"[PREMIUM]","XLT",false,false,"[PREMIUM]",,,,,,,,"[PREMIUM]"
"63948816","2026-08-08 02:56:26.538","2026-08-20 22:45:17.343","63948816","2026-08-18 21:31:34.000","[PREMIUM]","337","WA - SPANAWAY","2026-08-21","FRIDAY","1200","PDT","0","V",2013,"FORD","F150","F150","CREW PICKUP","RED","MINOR DENT/SCRATCHES",,"TX","CT","YES","E",281035,"A","[PREMIUM]",0,"3.5L 6","4X4 W/REAR WHEEL DRV","AUTOMATIC","GAS",6,"DEFAULT","On Minimum Bid","[PREMIUM]",,"SPANAWAY","WA","98387","USA","USD","[PREMIUM]","[PREMIUM]","A190",true,"[PREMIUM]","SUPERCREW",false,false,"[PREMIUM]",,,,,,,,"[PREMIUM]"
"63892756","2026-08-08 02:56:26.536","2026-08-22 17:48:22.990","63892756","2026-08-21 02:04:02.000","[PREMIUM]","337","WA - SPANAWAY","2026-08-25","TUESDAY","1200","PDT","0","M",2019,"SEA RAY","BOAT&TRLR","BOAT&TRLR",,"BLACK","MECHANICAL",,"OR","CT","NO","E",0,"N","[PREMIUM]",0,,,"AUTOMATIC",,,"DEFAULT","On Minimum Bid","[PREMIUM]",,"SPANAWAY","WA","98387","USA","USD","[PREMIUM]","[PREMIUM]","HV005",true,"[PREMIUM]",,false,false,"[PREMIUM]",,,,,,,,"[PREMIUM]"
"63882046","2026-08-08 02:56:26.474","2026-08-11 08:30:46.904","63882046","2026-08-07 22:25:12.000","[PREMIUM]","337","WA - SPANAWAY","2026-08-11","TUESDAY","1200","PDT","0","V",2013,"RAM","1500","1500","CREW PICKUP","WHITE","MECHANICAL","NORMAL WEAR","WA","CT","YES","D",122177,"A","[PREMIUM]",0,"5.7L 8","4X4 W/REAR WHEEL DRV","AUTOMATIC","GAS",8,"Run & Drive Verified","On Minimum Bid","[PREMIUM]",,"SPANAWAY","WA","98387","USA","USD","[PREMIUM]","[PREMIUM]","A250",true,"[PREMIUM]","LARAMIE",false,false,"[PREMIUM]",,,,,,,,"[PREMIUM]"
"63780526","2026-08-08 02:56:26.472","2026-08-18 09:02:35.522","63780526","2026-08-14 23:50:52.000","[PREMIUM]","337","WA - SPANAWAY","2026-08-18","TUESDAY","1200","PDT","0","V",2022,"HONDA","CRV","CR-V","SPORT UTILITY VEHICLE","GRAY","FRONT END",,"WA","BS","YES","D",38280,"A","[PREMIUM]",25130,"1.5L 4","ALL WHEEL DRIVE","AUTOMATIC","GAS",4,"Run & Drive Verified","On Minimum Bid","[PREMIUM]",,"SPANAWAY","WA","98387","USA","USD","[PREMIUM]","[PREMIUM]","D230",false,"[PREMIUM]","EX",false,false,"[PREMIUM]",,,,,,,,"[PREMIUM]"
"63860116","2026-08-08 02:56:26.472","2026-08-11 08:30:46.884","63860116","2026-08-07 21:18:14.000","[PREMIUM]","337","WA - SPANAWAY","2026-08-11","TUESDAY","1200","PDT","0","V",2015,"SCION","TC BASE","TC","COUPE","RED","FRONT END","SIDE","WA","BS","YES","D",213057,"A","[PREMIUM]",11025.13,"2.5L 4","FRONT WHEEL DRIVE","AUTOMATIC","GAS",4,"Run & Drive Verified","Pure Sale","[PREMIUM]",,"SPANAWAY","WA","98387","USA","USD","[PREMIUM]","[PREMIUM]","A330",false,"[PREMIUM]","BASE",false,false,"[PREMIUM]",,,,,,,,"[PREMIUM]"
"63610306","2026-08-08 02:56:26.431","2026-08-11 08:30:46.745","63610306","2026-08-07 23:20:43.000","[PREMIUM]","337","WA - SPANAWAY","2026-08-11","TUESDAY","1200","PDT","0","V",2012,"TOYOTA","YARIS","YARIS","HATCHBACK","BLUE","FRONT END",,"WA","CT","YES","D",167623,"A","[PREMIUM]",0,"1.5L 4","FRONT WHEEL DRIVE","AUTOMATIC","GAS",4,"Run & Drive Verified","On Approval","[PREMIUM]",,"SPANAWAY","WA","98387","USA","USD","[PREMIUM]","[PREMIUM]","B180",false,"[PREMIUM]","5-DOOR SE",false,false,"[PREMIUM]",,,,,,,,"[PREMIUM]"
"63661406","2026-08-08 02:56:26.431","2026-08-14 16:16:55.218","63661406","2026-08-14 13:00:27.000","[PREMIUM]","337","WA - SPANAWAY","2026-08-14","FRIDAY","1200","PDT","2127","V",2018,"BMW","3 SERIES","320","SEDAN","SILVER","FRONT END","SIDE","WA","BS","YES","D",107254,"A","[PREMIUM]",12160.16,"2.0L 4","ALL WHEEL DRIVE","AUTOMATIC","GAS",4,"Run & Drive Verified","Pure Sale","[PREMIUM]",,"SPANAWAY","WA","98387","USA","USD","[PREMIUM]","[PREMIUM]","A310",false,"[PREMIUM]","XI",false,false,"[PREMIUM]",,,,,,,,"[PREMIUM]"
"63698796","2026-08-08 02:56:26.402","2026-08-11 08:30:46.794","63698796","2026-08-07 21:50:17.000","[PREMIUM]","337","WA - SPANAWAY","2026-08-11","TUESDAY","1200","PDT","0","V",2024,"FORD","BRONCO","BRONCO SPORT","SPORT UTILITY VEHICLE","BEIGE","REAR END","UNDERCARRIAGE","WA","BS","YES","D",10655,"A","[PREMIUM]",22100.2,"1.5L 3","4X4 W/FRONT WHL DRV","AUTOMATIC","GAS",3,"Run & Drive Verified","On Minimum Bid","[PREMIUM]",,"SPANAWAY","WA","98387","USA","USD","[PREMIUM]","[PREMIUM]","B270",false,"[PREMIUM]","BIG BEND",false,false,"[PREMIUM]",,,,,,,,"[PREMIUM]"
"63516276","2026-08-08 02:56:26.378","2026-08-22 17:48:22.697","63516276","2026-08-21 01:51:51.000","[PREMIUM]","337","WA - SPANAWAY","2026-08-25","TUESDAY","1200","PDT","0","V",2017,"MITSUBISHI","OUTLANDER","OUTLANDER SPORT","SPORT UTILITY VEHICLE","SILVER","FRONT END","NORMAL WEAR","WA","CT","YES","E",0,"N","[PREMIUM]",0,"2.0L 4","ALL WHEEL DRIVE","AUTOMATIC","GAS",4,"DEFAULT","On Minimum Bid","[PREMIUM]",,"SPANAWAY","WA","98387","USA","USD","[PREMIUM]","[PREMIUM]","C300",true,"[PREMIUM]","ES",false,false,"[PREMIUM]",,,,,,,,"[PREMIUM]"
"63596666","2026-08-08 02:56:26.372","2026-08-11 08:30:46.755","63596666","2026-08-07 22:11:05.000","[PREMIUM]","337","WA - SPANAWAY","2026-08-11","TUESDAY","1200","PDT","0","V",2015,"ACURA","TLX","TLX","SEDAN 4DR","WHITE","FRONT END",,"WA","BS","YES","E",49672,"A","[PREMIUM]",15847.53,"3.5L 6","FRONT WHEEL DRIVE","AUTOMATIC","GAS",6,"DEFAULT","Pure Sale","[PREMIUM]",,"SPANAWAY","WA","98387","USA","USD","[PREMIUM]","[PREMIUM]","B250",false,"[PREMIUM]","TECH",false,false,"[PREMIUM]",,,,,,,,"[PREMIUM]"
"63387146","2026-08-08 02:56:26.356","2026-08-11 08:30:46.629","63387146","2026-08-07 22:31:01.000","[PREMIUM]","337","WA - SPANAWAY","2026-08-11","TUESDAY","1200","PDT","0","V",2017,"TOYOTA","CAMRY","CAMRY",,"WHITE","FRONT END","SIDE","WA","BS","YES","D",45862,"A","[PREMIUM]",117.02,,,"AUTOMATIC",,,"Run & Drive Verified","Pure Sale","[PREMIUM]",,"SPANAWAY","WA","98387","USA","USD","[PREMIUM]","[PREMIUM]","D220",false,"[PREMIUM]","XLE",false,false,"[PREMIUM]",,,,,,,,"[PREMIUM]"
"63434496","2026-08-08 02:56:26.353","2026-08-11 08:30:46.679","63434496","2026-08-07 21:55:15.000","[PREMIUM]","337","WA - SPANAWAY","2026-08-11","TUESDAY","1200","PDT","0","V",2015,"VOLVO","V60","V60","STATION WAGON","SILVER","FRONT END","SIDE","WA","BS","YES","D",106549,"A","[PREMIUM]",10073,"2.5L 5","ALL WHEEL DRIVE","AUTOMATIC","GAS",5,"Run & Drive Verified","On Minimum Bid","[PREMIUM]",,"SPANAWAY","WA","98387","USA","USD","[PREMIUM]","[PREMIUM]","C260",false,"[PREMIUM]","PREMIER",false,false,"[PREMIUM]",,,,,,,,"[PREMIUM]"
"63429396","2026-08-08 02:56:26.324","2026-08-11 08:30:46.675","63429396","2026-08-07 22:40:26.000","[PREMIUM]","337","WA - SPANAWAY","2026-08-11","TUESDAY","1200","PDT","0","V",2024,"FORD","MAVERICK","MAVERICK","PICKUP","WHITE","FRONT END","SIDE","WA","BS","YES",,0,"N","[PREMIUM]",0,"2.5L 4","FRONT WHEEL DRIVE","AUTOMATIC","ELECTRIC AND GAS HYBRID",4,,"Pure Sale","[PREMIUM]",,"SPANAWAY","WA","98387","USA","USD","[PREMIUM]","[PREMIUM]","A170",false,"[PREMIUM]","XLT",false,false,"[PREMIUM]",,,,,,,,"[PREMIUM]"
"63245546","2026-08-08 02:56:26.237","2026-08-11 08:30:46.556","63245546","2026-08-07 21:51:26.000","[PREMIUM]","337","WA - SPANAWAY","2026-08-11","TUESDAY","1200","PDT","0","V",2010,"TOYOTA","COROLLA","COROLLA","SEDAN","GRAY","SIDE","REAR END","WA","BS","YES","D",180214,"E","[PREMIUM]",5098.44,"1.8L 4","FRONT WHEEL DRIVE","AUTOMATIC","GAS",4,"Run & Drive Verified","On Minimum Bid","[PREMIUM]",,"SPANAWAY","WA","98387","USA","USD","[PREMIUM]","[PREMIUM]","C210",false,"[PREMIUM]","S",false,false,"[PREMIUM]",,,,,,,,"[PREMIUM]"
"63336706","2026-08-08 02:56:26.234","2026-08-11 08:30:46.611","63336706","2026-08-07 21:27:01.000","[PREMIUM]","337","WA - SPANAWAY","2026-08-11","TUESDAY","1200","PDT","0","V",2024,"MAZDA","CX-90","CX-90","SPORT UTILITY VEHICLE","BURGUNDY","SIDE","REAR END","WA","BS","YES","D",15784,"A","[PREMIUM]",33815,"3.3L 6","ALL WHEEL DRIVE","AUTOMATIC","GAS",6,"Run & Drive Verified","On Minimum Bid","[PREMIUM]",,"SPANAWAY","WA","98387","USA","USD","[PREMIUM]","[PREMIUM]","D240",false,"[PREMIUM]","PREMIUM",false,false,"[PREMIUM]",,,,,,,,"[PREMIUM]"
"63223356","2026-08-08 02:56:26.100","2026-08-11 08:30:46.513","63223356","2026-08-07 22:44:09.000","[PREMIUM]","337","WA - SPANAWAY","2026-08-11","TUESDAY","1200","PDT","0","V",2018,"HONDA","CRV","CR-V","SPORT UTILITY VEHICLE","WHITE","SIDE","FRONT END","WA","BS","YES","D",83842,"A","[PREMIUM]",28939,"1.5L 4","ALL WHEEL DRIVE","AUTOMATIC","GAS",4,"Run & Drive Verified","On Minimum Bid","[PREMIUM]",,"SPANAWAY","WA","98387","USA","USD","[PREMIUM]","[PREMIUM]","D240",false,"[PREMIUM]","TOURING",false,false,"[PREMIUM]",,,,,,,,"[PREMIUM]"
"63196436","2026-08-08 02:56:26.098","2026-08-18 09:02:35.218","63196436","2026-08-14 20:14:35.000","[PREMIUM]","337","WA - SPANAWAY","2026-08-18","TUESDAY","1200","PDT","0","V",2013,"FORD","TAURUS","TAURUS","SEDAN 4DR","RED","BURN","REAR END","MT","CT","NO","E",205309,"N","[PREMIUM]",0,"3.5L 6","FRONT WHEEL DRIVE","AUTOMATIC","GAS",6,"DEFAULT","On Minimum Bid","[PREMIUM]",,"SPANAWAY","WA","98387","USA","USD","[PREMIUM]","[PREMIUM]","C170",true,"[PREMIUM]","LIMITED",false,false,"[PREMIUM]",,,,,,,,"[PREMIUM]"
"63043056","2026-08-08 02:56:25.898","2026-08-11 08:30:46.515","63043056","2026-08-07 23:03:27.000","[PREMIUM]","337","WA - SPANAWAY","2026-08-11","TUESDAY","1200","PDT","0","V",2013,"HONDA","FIT","FIT","HATCHBACK 4DR","BLUE","REAR END",,"WA","BS","YES","D",135694,"A","[PREMIUM]",5297.91,"1.5L 4","FRONT WHEEL DRIVE","MANUAL","GAS",4,"Run & Drive Verified","Pure Sale","[PREMIUM]",,"SPANAWAY","WA","98387","USA","USD","[PREMIUM]","[PREMIUM]","D190",false,"[PREMIUM]",,false,false,"[PREMIUM]",,,,,,,,"[PREMIUM]"
"63142536","2026-08-08 02:56:25.868","2026-08-14 16:16:54.853","63142536","2026-08-14 13:00:27.000","[PREMIUM]","337","WA - SPANAWAY","2026-08-14","FRIDAY","1200","PDT","2138","V",2016,"GMC","ACADIA","ACADIA","4DR SPORT UTILITY","CHARCOAL","FRONT END","REAR END","WA","BS","YES","D",93920,"A","[PREMIUM]",7458.63,"3.6L 6","ALL WHEEL DRIVE","AUTOMATIC","GAS",6,"Run & Drive Verified","Pure Sale","[PREMIUM]",,"SPANAWAY","WA","98387","USA","USD","[PREMIUM]","[PREMIUM]","D270",false,"[PREMIUM]","SLT-1",false,false,"[PREMIUM]",,,,,,,,"[PREMIUM]"
"63031446","2026-08-08 02:56:25.847","2026-08-11 08:30:46.447","63031446","2026-08-07 21:22:18.000","[PREMIUM]","337","WA - SPANAWAY","2026-08-11","TUESDAY","1200","PDT","0","V",2012,"TOYOTA","YARIS FLEE","YARIS","SEDAN","RED","REAR END","FRONT END","WA","BS","YES","D",223905,"A","[PREMIUM]",4374,"1.5L 4","FRONT WHEEL DRIVE","AUTOMATIC","GAS",4,"Run & Drive Verified","Pure Sale","[PREMIUM]",,"SPANAWAY","WA","98387","USA","USD","[PREMIUM]","[PREMIUM]","B200",false,"[PREMIUM]","FLEET",false,false,"[PREMIUM]",,,,,,,,"[PREMIUM]"
"62506436","2026-08-08 02:56:25.775","2026-08-13 14:30:54.216","62506436","2026-08-13 10:00:37.000","[PREMIUM]","836","HEAVY TRUCK SPECIALTY SALE","2026-08-13","THURSDAY","1100","CDT","4807","R",2021,"XTREME OUTDOORS",,"MINI MAX",,"SILVER","FRONT END","FRAME DAMAGE","WA","BS","EXM","E",0,"N","[PREMIUM]",17440,,,,,,"DEFAULT","On Minimum Bid","[PREMIUM]",,"SPANAWAY","WA","98387","USA","USD","[PREMIUM]","[PREMIUM]","HV003",false,"[PREMIUM]",,false,false,"[PREMIUM]",,,,,,,,"[PREMIUM]"
"62479316","2026-08-08 02:56:25.692","2026-08-13 14:30:54.212","62479316","2026-08-13 10:00:37.000","[PREMIUM]","836","HEAVY TRUCK SPECIALTY SALE","2026-08-13","THURSDAY","1100","CDT","4806","R",2016,"FOREST RIVER","TRAVEL TRL","TRAVEL TRL",,"TWO TONE","FRONT END",,"WA","BS","YES","E",0,"N","[PREMIUM]",19755,,,"NONE",,,"DEFAULT","On Minimum Bid","[PREMIUM]","BROKEN TONGUE               ","SPANAWAY","WA","98387","USA","USD","[PREMIUM]","[PREMIUM]","HV004",false,"[PREMIUM]",,false,false,"[PREMIUM]",,,,,,,,"[PREMIUM]"
"62451286","2026-08-08 02:56:25.679","2026-08-11 08:30:46.252","62451286","2026-08-07 23:03:16.000","[PREMIUM]","337","WA - SPANAWAY","2026-08-11","TUESDAY","1200","PDT","0","V",2015,"FORD","F150","F150","CREW PICKUP","BLACK","BURN",,"WA","BS","YES","E",158725,"A","[PREMIUM]",19484.48,"3.5L 6","4X4 W/REAR WHEEL DRV","AUTOMATIC","GAS",6,"DEFAULT","Pure Sale","[PREMIUM]",,"SPANAWAY","WA","98387","USA","USD","[PREMIUM]","[PREMIUM]","A230",false,"[PREMIUM]","SUPERCREW",false,false,"[PREMIUM]",,,,,,,,"[PREMIUM]"
"62069876","2026-08-08 02:56:25.646","2026-08-11 08:30:46.157","62069876","2026-08-07 21:24:59.000","[PREMIUM]","337","WA - SPANAWAY","2026-08-11","TUESDAY","1200","PDT","0","V",2015,"MINI","COOPER","COOPER","HATCHBACK 2DR","CREAM","REAR END","SIDE","WA","BS","YES","D",60827,"A","[PREMIUM]",0,"1.5L 3","FRONT WHEEL DRIVE","AUTOMATIC","GAS",3,"Run & Drive Verified","Pure Sale","[PREMIUM]",,"SPANAWAY","WA","98387","USA","USD","[PREMIUM]","[PREMIUM]","C160",false,"[PREMIUM]",,false,false,"[PREMIUM]",,,,,,,,"[PREMIUM]"
"62221856","2026-08-08 02:56:25.632","2026-08-14 16:16:54.445","62221856","2026-08-14 13:00:27.000","[PREMIUM]","337","WA - SPANAWAY","2026-08-14","FRIDAY","1200","PDT","2082","V",2013,"SUBARU","IMPREZA","IMPREZA","STATION WAGON","SILVER","FRONT END","SIDE","WA","BS","YES","D",208991,"A","[PREMIUM]",8725.53,"2.0L 4","ALL WHEEL DRIVE","MANUAL","GAS",4,"Run & Drive Verified","Pure Sale","[PREMIUM]",,"SPANAWAY","WA","98387","USA","USD","[PREMIUM]","[PREMIUM]","C180",false,"[PREMIUM]",,false,false,"[PREMIUM]",,,,,,,,"[PREMIUM]"
"61971816","2026-08-08 02:56:25.513","2026-08-22 17:48:24.081","61971816","2026-08-21 19:57:47.000","[PREMIUM]","337","WA - SPANAWAY","2026-08-28","FRIDAY","1200","PDT","0","V",2017,"VOLKSWAGEN","TIGUAN","TIGUAN","4DR SPORT UTILITY","SILVER","FRONT END","SIDE","WA","CT","YES","D",96325,"A","[PREMIUM]",0,"2.0L 4","ALL WHEEL DRIVE","AUTOMATIC","GAS",4,"Run & Drive Verified","On Minimum Bid","[PREMIUM]",,"SPANAWAY","WA","98387","USA","USD","[PREMIUM]","[PREMIUM]","B210",true,"[PREMIUM]","WOLFSBURG",false,false,"[PREMIUM]",,,,,,,,"[PREMIUM]"
"61614256","2026-08-08 02:56:25.329","2026-08-22 17:48:22.354","61614256","2026-08-21 05:02:06.000","[PREMIUM]","337","WA - SPANAWAY","2026-08-25","TUESDAY","1200","PDT","0","U",2006,"VOLVO","VN","VN","CONVENTIONAL CAB","WHITE","MINOR DENT/SCRATCHES",,"FL","CD","YES","D",574037,"E","[PREMIUM]",0,"6","REAR WHEEL DRIVE","MANUAL","DIESEL",6,"Run & Drive Verified","On Minimum Bid","[PREMIUM]","EXPORT ONLY                 ","SPANAWAY","WA","98387","USA","USD","[PREMIUM]","[PREMIUM]","HV006",true,"[PREMIUM]","VNM",false,false,"[PREMIUM]",,,,,,,,"[PREMIUM]"
"61796446","2026-08-08 02:56:25.316","2026-08-11 08:30:46.047","61796446","2026-08-07 21:59:19.000","[PREMIUM]","337","WA - SPANAWAY","2026-08-11","TUESDAY","1200","PDT","0","V",2017,"MINI","COOPER","COOPER","CONVERTIBLE","GREEN","FRONT END",,"WA","BS","YES","E",0,"N","[PREMIUM]",12175.4,"2.0L 4","FRONT WHEEL DRIVE","MANUAL","GAS",4,"DEFAULT","Pure Sale","[PREMIUM]",,"SPANAWAY","WA","98387","USA","USD","[PREMIUM]","[PREMIUM]","D200",false,"[PREMIUM]","S",false,false,"[PREMIUM]",,,,,,,,"[PREMIUM]"
