"_primaryKey","_firstSeenAt","_lastSeenAt","lotId","updatedAt","vin","yardNumber","yardName","saleDate","saleDayOfWeek","saleTime","saleTimeZone","itemNumber","vehicleType","year","make","modelGroup","modelDetail","bodyStyle","exteriorColor","damageDescription","secondaryDamage","saleTitleState","saleTitleType","hasKeys","lotCondCode","mileage","odometerBrand","estRetailValue","repairCost","engine","drivetrain","transmission","fuelType","cylinders","runsDrives","saleStatus","highBid","specialNote","locationCity","locationState","locationZip","locationCountry","currencyCode","imageThumbnail","imageUrl","gridRow","makeOfferEligible","buyItNowPrice","trim","rentals","wholesale","sellerName","offsiteAddress1","offsiteState","offsiteCity","offsiteZip","saleLight","autoGrade","announcements","listingUrl"
"64187376","2026-08-06 20:56:30.142","2026-08-13 14:32:37.287","64187376","2026-08-12 18:02:58.000","[PREMIUM]","916","AL - CUSSETA","2026-08-19","WEDNESDAY","1200","CDT","0","V",2004,"HONDA","CRV","CR-V","4DR SPORT UTILITY","BROWN","NORMAL WEAR","REAR END","AL","CT","YES","D",254153,"E","[PREMIUM]",0,"2.4L 4","FRONT WHEEL DRIVE","AUTOMATIC","GAS",4,"Run & Drive Verified","On Minimum Bid","[PREMIUM]",,"CUSSETA","AL","36852","USA","USD","[PREMIUM]","[PREMIUM]","C060",true,"[PREMIUM]","LX",false,false,"[PREMIUM]",,,,,,,,"[PREMIUM]"
"64366606","2026-08-06 20:56:30.132","2026-08-12 08:34:25.235","64366606","2026-08-11 23:07:25.000","[PREMIUM]","916","AL - CUSSETA","2026-08-12","WEDNESDAY","1200","CDT","89","V",2013,"HYUNDAI","AZERA","AZERA","SEDAN","RED","NORMAL WEAR",,"GA","CT","YES","D",115720,"A","[PREMIUM]",0,"3.3L 6","FRONT WHEEL DRIVE","AUTOMATIC","GAS",6,"Run & Drive Verified","On Minimum Bid","[PREMIUM]",,"CUSSETA","AL","36852","USA","USD","[PREMIUM]","[PREMIUM]","E050",false,"[PREMIUM]","BASE",false,false,"[PREMIUM]",,,,,,,,"[PREMIUM]"
"63798086","2026-08-06 20:56:30.052","2026-08-13 22:17:27.154","63798086","2026-08-13 21:48:46.000","[PREMIUM]","916","AL - CUSSETA","2026-08-19","WEDNESDAY","1200","CDT","0","V",2014,"FORD","FOCUS","FOCUS","SEDAN 4DR","SILVER","REAR END",,"AL","CT","YES","S",95314,"A","[PREMIUM]",0,"2.0L 4","FRONT WHEEL DRIVE","AUTOMATIC","GAS",4,"Vehicle Starts","On Minimum Bid","[PREMIUM]",,"CUSSETA","AL","36852","USA","USD","[PREMIUM]","[PREMIUM]","E120",true,"[PREMIUM]","SE",false,false,"[PREMIUM]",,,,,,,,"[PREMIUM]"
"61800626","2026-08-06 20:56:29.849","2026-08-13 14:32:37.028","61800626","2026-08-06 18:21:59.000","[PREMIUM]","916","AL - CUSSETA",,,,"CDT","0","V",2018,"TOYOTA","TACOMA","TACOMA","PICKUP","BURGUNDY","REAR END",,"GA","ST","YES","D",261510,"A","[PREMIUM]",11373.2,"3.5L 6","4X2","AUTOMATIC","GAS",6,"Run & Drive Verified","Pure Sale","[PREMIUM]",,"CUSSETA","AL","36852","USA","USD","[PREMIUM]","[PREMIUM]","F060",false,"[PREMIUM]","SR5 V6",false,false,"[PREMIUM]",,,,,,,,"[PREMIUM]"
"58446086","2026-08-06 20:56:29.372","2026-08-13 14:32:36.597","58446086","2026-08-03 21:05:47.000","[PREMIUM]","916","AL - CUSSETA",,,,"CDT","0","V",2005,"HONDA","CIVIC","CIVIC","COUPE","SILVER","FRONT END","SIDE","AL","ST","YES",,115011,"E","[PREMIUM]",4266,"1.7L 4","FRONT WHEEL DRIVE","AUTOMATIC","GAS",4,,"Pure Sale","[PREMIUM]",,"CUSSETA","AL","36852","USA","USD","[PREMIUM]","[PREMIUM]","J030",false,"[PREMIUM]","LX",false,false,"[PREMIUM]",,,,,,,,"[PREMIUM]"
"57218566","2026-08-06 20:56:29.203","2026-08-13 14:32:36.518","57218566","2026-08-12 14:46:52.000","[PREMIUM]","841","CRASHEDTOYS POWERSPORT AUCTION","2026-08-20","THURSDAY","1200","CDT","0","C",1992,"HONDA","GL CYCLE","GL1500","ROAD","BLUE","ALL OVER",,"ID","SC","YES","E",26,"E","[PREMIUM]",8833,"6",,"MANUAL",,6,"DEFAULT","Pure Sale","[PREMIUM]",,"CUSSETA","AL","36852","USA","USD","[PREMIUM]","[PREMIUM]","MC001",false,"[PREMIUM]","A",false,false,"[PREMIUM]",,,,,,,,"[PREMIUM]"
"56968946","2026-08-06 20:56:29.139","2026-08-13 14:32:36.420","56968946","2026-08-03 21:05:47.000","[PREMIUM]","916","AL - CUSSETA",,,,"CDT","0","V",2010,"HONDA","ACCORD","ACCORD","SEDAN 4DR","BURN","BURN",,"AL","ST","NO","E",0,"E","[PREMIUM]",3028.2,"2.4L 4","FRONT WHEEL DRIVE","AUTOMATIC","GAS",4,"DEFAULT","Pure Sale","[PREMIUM]",,"CUSSETA","AL","36852","USA","USD","[PREMIUM]","[PREMIUM]","MC001",false,"[PREMIUM]","EXL",false,false,"[PREMIUM]",,,,,,,,"[PREMIUM]"
"46090566","2026-08-06 20:56:28.434","2026-08-13 14:32:35.895","46090566","2026-08-06 18:22:00.000","[PREMIUM]","916","AL - CUSSETA",,,,"CDT","0","V",2019,"NISSAN","ALTIMA","ALTIMA","SEDAN","BLACK","FRONT END",,"GA","ST","YES","D",99754,"A","[PREMIUM]",18211.09,"2.5L 4","FRONT WHEEL DRIVE","AUTOMATIC","GAS",4,"Run & Drive Verified","Pure Sale","[PREMIUM]",,"CUSSETA","AL","36852","USA","USD","[PREMIUM]","[PREMIUM]","A020",false,"[PREMIUM]","2.5 SL",false,false,"[PREMIUM]",,,,,,,,"[PREMIUM]"
"64070746","2026-08-06 20:56:28.414","2026-08-20 17:44:48.205","64070746","2026-08-19 20:27:12.000","[PREMIUM]","881","*NCS - CENTRAL REGION","2026-08-24","MONDAY","2000","CDT","0","V",2012,"FORD","FIESTA","FIESTA","HATCHBACK 4DR","WHITE","MECHANICAL",,"IA","CT","YES","E",88022,"A","[PREMIUM]",0,"1.6L 4","FRONT WHEEL DRIVE","AUTOMATIC","GAS",4,"DEFAULT","On Minimum Bid","[PREMIUM]",,"CEDAR RAPIDS","IA","52404","USA","USD","[PREMIUM]","[PREMIUM]","D030",true,"[PREMIUM]","SES",false,false,"[PREMIUM]",,,,,,,,"[PREMIUM]"
"64008586","2026-08-06 20:56:28.408","2026-08-20 17:44:48.165","64008586","2026-08-06 20:14:29.000","[PREMIUM]","398","IA - CEDAR RAPIDS",,,,"CDT","0","V",2017,"CHEVROLET","TRAX","TRAX","4DR SPORT UTILITY","RED","FRONT END","HAIL","IA","SS","YES","D",123233,"A","[PREMIUM]",7337.76,"1.4L 4","ALL WHEEL DRIVE","AUTOMATIC","GAS",4,"Run & Drive Verified","Pure Sale","[PREMIUM]",,"CEDAR RAPIDS","IA","52404","USA","USD","[PREMIUM]","[PREMIUM]","A040",false,"[PREMIUM]","PREMIER",false,false,"[PREMIUM]",,,,,,,,"[PREMIUM]"
"62877996","2026-08-06 20:56:28.340","2026-08-20 17:44:47.907","62877996","2026-08-06 20:14:29.000","[PREMIUM]","398","IA - CEDAR RAPIDS",,,,"CDT","0","V",2020,"AUDI","Q5","Q5","SPORT UTILITY VEHICLE","SILVER","REAR END","FRONT END","IA","ST","YES","D",96821,"A","[PREMIUM]",16496.57,"2.0L 4","ALL WHEEL DRIVE","AUTOMATIC","GAS",4,"Run & Drive Verified","Pure Sale","[PREMIUM]",,"CEDAR RAPIDS","IA","52404","USA","USD","[PREMIUM]","[PREMIUM]","A050",false,"[PREMIUM]","PREMIUM PLUS",false,false,"[PREMIUM]",,,,,,,,"[PREMIUM]"
"61799776","2026-08-06 20:56:28.110","2026-08-20 17:44:47.591","61799776","2026-08-06 19:29:09.000","[PREMIUM]","398","IA - CEDAR RAPIDS",,,,"CDT","0","V",2017,"KIA","FORTE5 LX","FORTE5","HATCHBACK","BLACK","FRONT END",,"IA","ST","YES","S",100247,"A","[PREMIUM]",6931,"2.0L 4","FRONT WHEEL DRIVE","AUTOMATIC","GAS",4,"Vehicle Starts","Pure Sale","[PREMIUM]",,"CEDAR RAPIDS","IA","52404","USA","USD","[PREMIUM]","[PREMIUM]","B060",false,"[PREMIUM]","LX",false,false,"[PREMIUM]",,,,,,,,"[PREMIUM]"
"61754186","2026-08-06 20:56:28.045","2026-08-20 17:44:47.595","61754186","2026-08-10 22:35:40.000","[PREMIUM]","398","IA - CEDAR RAPIDS",,,,"CDT","0","V",2017,"FORD","EXPLORER","EXPLORER","4DR SPOR","GRAY","SIDE",,"IA","ST","YES","D",149557,"A","[PREMIUM]",0,,,"AUTOMATIC",,,"Run & Drive Verified","On Minimum Bid","[PREMIUM]",,"CEDAR RAPIDS","IA","52404","USA","USD","[PREMIUM]","[PREMIUM]","C100",false,"[PREMIUM]","LIMITED",false,false,"[PREMIUM]",,,,,,,,"[PREMIUM]"
"61329616","2026-08-06 20:56:28.011","2026-08-20 17:44:47.489","61329616","2026-08-11 14:34:58.000","[PREMIUM]","398","IA - CEDAR RAPIDS",,,,"CDT","0","V",2025,"FORD","MAVERICK","MAVERICK","PICKUP","WHITE","FRONT END",,"IA","ST","NO","E",3076,"A","[PREMIUM]",0,"2.0L 4","ALL WHEEL DRIVE","AUTOMATIC","GAS",4,"DEFAULT","On Minimum Bid","[PREMIUM]",,"CEDAR RAPIDS","IA","52404","USA","USD","[PREMIUM]","[PREMIUM]","E090",false,"[PREMIUM]","LARIAT",false,false,"[PREMIUM]",,,,,,,,"[PREMIUM]"
"58837596","2026-08-06 20:56:27.235","2026-08-20 17:44:46.863","58837596","2026-08-06 20:14:29.000","[PREMIUM]","398","IA - CEDAR RAPIDS",,,,"CDT","0","V",2017,"HYUNDAI","ACCENT","ACCENT","HATCHBACK 4DR","RED","SIDE",,"IA","ST","YES","D",185874,"A","[PREMIUM]",5280.66,"1.6L 4","FRONT WHEEL DRIVE","AUTOMATIC","GAS",4,"Run & Drive Verified","Pure Sale","[PREMIUM]",,"CEDAR RAPIDS","IA","52404","USA","USD","[PREMIUM]","[PREMIUM]","A030",false,"[PREMIUM]","SE",false,false,"[PREMIUM]",,,,,,,,"[PREMIUM]"
"57058166","2026-08-06 20:56:26.770","2026-08-19 15:04:11.789","57058166","2026-08-06 14:54:49.000","[PREMIUM]","398","IA - CEDAR RAPIDS",,,,"CDT","0","V",2003,"CHRYSLER","MINIVAN","TOWN & COUNTRY","EXTENDED SPORT VAN","TAN","ROLLOVER",,"IA","ST","YES","E",0,"E","[PREMIUM]",23329.91,"3.8L 6","FRONT WHEEL DRIVE","AUTOMATIC","GAS",6,"DEFAULT","Pure Sale","[PREMIUM]",,"CEDAR RAPIDS","IA","52404","USA","USD","[PREMIUM]","[PREMIUM]","A170",false,"[PREMIUM]","LIMITED",false,false,"[PREMIUM]",,,,,,,,"[PREMIUM]"
"53971226","2026-08-06 20:56:26.390","2026-08-20 17:44:46.246","53971226","2026-08-18 13:31:24.000","[PREMIUM]","398","IA - CEDAR RAPIDS",,,,"CDT","0","V",2020,"FORD","MUSTANG","MUSTANG","COUPE","SILVER","REAR END","TOP/ROOF","IA","ST","NO","E",3389,"A","[PREMIUM]",75277,"5.2L 8","REAR WHEEL DRIVE","MANUAL","GAS",8,"DEFAULT","Pure Sale","[PREMIUM]",,"CEDAR RAPIDS","IA","52404","USA","USD","[PREMIUM]","[PREMIUM]","A060",false,"[PREMIUM]","SHELBY GT350",false,false,"[PREMIUM]",,,,,,,,"[PREMIUM]"
"62969866","2026-08-06 20:56:25.841","2026-08-20 17:44:45.650","62969866","2026-08-03 21:29:25.000","[PREMIUM]","396","SD - RAPID CITY",,,,"MDT","0","V",2008,"HONDA","ELEMENT","ELEMENT","4DR SPORT UTILITY","BROWN","FRONT END","SIDE","MN","RS","YES","D",189025,"E","[PREMIUM]",15066.73,"2.4L 4","FRONT WHEEL DRIVE","AUTOMATIC","GAS",4,"Run & Drive Verified","Pure Sale","[PREMIUM]",,"RAPID CITY","SD","57701","USA","USD","[PREMIUM]","[PREMIUM]","D080",false,"[PREMIUM]","SC",false,false,"[PREMIUM]",,,,,,,,"[PREMIUM]"
"57933466","2026-08-06 20:56:25.365","2026-08-11 02:32:14.641","57933466","2026-08-10 20:00:59.000","[PREMIUM]","855","WHOLESALE AUCTION","2026-08-11","TUESDAY","1200","EDT","7080","K",2008,"CHEVROLET","EXPRESS","EXPRESS G2500","SPORTS VAN","RED","SIDE",,"SD","CT","NO","E",137053,"E","[PREMIUM]",0,"6.0L 8","REAR WHEEL DRIVE","AUTOMATIC","GAS",8,"DEFAULT","On Minimum Bid","[PREMIUM]",,"RAPID CITY","SD","57701","USA","USD","[PREMIUM]","[PREMIUM]","A040",false,"[PREMIUM]",,false,true,"[PREMIUM]",,,,,"RED LIGHT",0.8,,"[PREMIUM]"
"63947796","2026-08-06 20:56:24.953","2026-08-20 05:44:15.050","63947796","2026-08-18 21:44:59.000","[PREMIUM]","395","VT - RUTLAND","2026-08-24","MONDAY","1000","EDT","0","V",2002,"VOLKSWAGEN","GTI","GTI","HATCHBACK 2DR","GRAY","FRONT END","MINOR DENT/SCRATCHES","VT","RT","YES",,200042,"A","[PREMIUM]",0,"1.8L 4","FRONT WHEEL DRIVE","AUTOMATIC","GAS",4,,"On Minimum Bid","[PREMIUM]",,"CENTER RUTLAND","VT","05736","USA","USD","[PREMIUM]","[PREMIUM]","R040",true,"[PREMIUM]","BASE",false,false,"[PREMIUM]",,,,,,,,"[PREMIUM]"
"64359666","2026-08-06 20:56:24.948","2026-08-10 08:59:48.446","64359666","2026-08-07 16:47:57.000","[PREMIUM]","395","VT - RUTLAND","2026-08-10","MONDAY","1000","EDT","1152","V",2015,"NISSAN","PATHFINDER","PATHFINDER","SUV","WHITE","FRONT END","SIDE","VA","PO","YES","E",156441,"A","[PREMIUM]",11983.81,"3.5L 6","FOUR BY FOUR","AUTOMATIC","GAS",6,"DEFAULT","Pure Sale","[PREMIUM]",,"CENTER RUTLAND","VT","05736","USA","USD","[PREMIUM]","[PREMIUM]","X020",false,"[PREMIUM]","S",false,false,"[PREMIUM]",,,,,,,,"[PREMIUM]"
"75649435","2026-08-06 20:56:24.947","2026-08-20 17:44:44.801","75649435","2026-08-06 18:12:23.000","[PREMIUM]","395","VT - RUTLAND",,,,"EDT","0","V",2017,"NISSAN","ROGUE","ROGUE",,"RED","SIDE","FRONT END","VT","ST","YES","D",115018,"A","[PREMIUM]",12070.52,"2.5L  4","ALL WHEEL DRIVE","AUTOMATIC","GAS",4,"Run & Drive Verified","Pure Sale","[PREMIUM]",,"CENTER RUTLAND","VT","05736","USA","USD","[PREMIUM]","[PREMIUM]","U100",false,"[PREMIUM]","S",false,false,"[PREMIUM]",,,,,,,,"[PREMIUM]"
"64359456","2026-08-06 20:56:24.946","2026-08-10 08:59:46.490","64359456","2026-08-07 16:47:57.000","[PREMIUM]","395","VT - RUTLAND","2026-08-10","MONDAY","1000","EDT","92","V",2017,"SUBARU","CROSSTREK","CROSSTREK",,"BLUE","FRONT END","SIDE","VT","PO","YES","D",134856,"A","[PREMIUM]",7065.89,"2.0L  4","ALL WHEEL DRIVE","AUTOMATIC","GAS",4,"Run & Drive Verified","Pure Sale","[PREMIUM]",,"CENTER RUTLAND","VT","05736","USA","USD","[PREMIUM]","[PREMIUM]","Z040",false,"[PREMIUM]","PREMIUM",false,false,"[PREMIUM]",,,,,,,,"[PREMIUM]"
"63328036","2026-08-06 20:56:24.908","2026-08-20 17:44:44.505","63328036","2026-08-06 20:06:46.000","[PREMIUM]","395","VT - RUTLAND",,,,"EDT","0","K",2019,"FORD","TRANSIT","TRANSIT CONNECT","VAN CARGO","BLUE","TOP/ROOF","SIDE","NH","ST","YES","D",176391,"A","[PREMIUM]",14215.48,"2.0L 4","FRONT WHEEL DRIVE","AUTOMATIC","GAS",4,"Run & Drive Verified","Pure Sale","[PREMIUM]",,"CENTER RUTLAND","VT","05736","USA","USD","[PREMIUM]","[PREMIUM]","O020",false,"[PREMIUM]","XL",false,false,"[PREMIUM]",,,,,,,,"[PREMIUM]"
"63702296","2026-08-06 20:56:24.904","2026-08-09 20:57:23.818","63702296","2026-08-07 16:47:57.000","[PREMIUM]","395","VT - RUTLAND","2026-08-10","MONDAY","1000","EDT","1156","V",2010,"HONDA","CIVIC","CIVIC","SEDAN 4DR","MAROON","FRONT END","MINOR DENT/SCRATCHES","VT","CT","YES",,150467,"A","[PREMIUM]",0,"1.8L 4","FRONT WHEEL DRIVE","AUTOMATIC","GAS",4,,"On Minimum Bid","[PREMIUM]",,"CENTER RUTLAND","VT","05736","USA","USD","[PREMIUM]","[PREMIUM]","X010",false,"[PREMIUM]","LX",false,false,"[PREMIUM]",,,,,,,,"[PREMIUM]"
"62691086","2026-08-06 20:56:24.828","2026-08-20 17:44:44.368","62691086","2026-08-19 16:14:24.000","[PREMIUM]","835","MEDIUM DUTY SPECIALTY SALE","2026-08-26","WEDNESDAY","1100","CDT","0","K",2012,"CHEVROLET","EXPRESS","EXPRESS 2500","EXTENDED CARGO VAN","GREEN","BURN - INTERIOR","REAR END","VT","ST","NO","E",0,"N","[PREMIUM]",0,"4.8L 8","REAR WHEEL DRIVE","AUTOMATIC","GAS",8,"DEFAULT","On Minimum Bid","[PREMIUM]",,"CENTER RUTLAND","VT","05736","USA","USD","[PREMIUM]","[PREMIUM]","H010",true,"[PREMIUM]",,false,false,"[PREMIUM]",,,,,,,,"[PREMIUM]"
"61083096","2026-08-06 20:56:24.574","2026-08-11 02:32:13.931","61083096","2026-08-10 21:27:13.000","[PREMIUM]","855","WHOLESALE AUCTION","2026-08-11","TUESDAY","1200","EDT","5563","V",2022,"GMC","SIERRA","SIERRA","PICKUP","WHITE","FRONT END","MECHANICAL","PA","CT","YES","D",165410,"A","[PREMIUM]",361,"2.7L 4","4X4 W/REAR WHEEL DRV","AUTOMATIC","GAS",4,"Run & Drive Verified","On Minimum Bid","[PREMIUM]",,"CENTER RUTLAND","VT","05736","USA","USD","[PREMIUM]","[PREMIUM]","H010",false,"[PREMIUM]","K1500 SLE",false,true,"[PREMIUM]",,,,,"RED LIGHT",3.9,"Other","[PREMIUM]"
"59802736","2026-08-06 20:56:24.308","2026-08-20 17:44:43.896","59802736","2026-08-06 19:30:46.000","[PREMIUM]","395","VT - RUTLAND",,,,"EDT","0","V",2017,"TOYOTA","RAV4","RAV4","4DR SPORT UTILITY","SILVER","REAR END",,"VT","ST","YES","D",113466,"A","[PREMIUM]",13650.47,"2.5L 4","ALL WHEEL DRIVE","AUTOMATIC","GAS",4,"Run & Drive Verified","Pure Sale","[PREMIUM]",,"CENTER RUTLAND","VT","05736","USA","USD","[PREMIUM]","[PREMIUM]","X020",false,"[PREMIUM]","XLE",false,false,"[PREMIUM]",,,,,,,,"[PREMIUM]"
"59280616","2026-08-06 20:56:24.201","2026-08-17 03:03:55.715","59280616","2026-08-14 15:29:00.000","[PREMIUM]","395","VT - RUTLAND","2026-08-17","MONDAY","1000","EDT","2580","V",2013,"SUBARU","OUTBACK","OUTBACK","4DR SPORT UTILITY","GRAY","FRONT END","MINOR DENT/SCRATCHES","WV","SC","YES","D",86711,"A","[PREMIUM]",5491.94,"2.5L 4","ALL WHEEL DRIVE","AUTOMATIC","GAS",4,"Run & Drive Verified","On Minimum Bid","[PREMIUM]",,"CENTER RUTLAND","VT","05736","USA","USD","[PREMIUM]","[PREMIUM]","R010",false,"[PREMIUM]","2.5I PREMIUM",false,false,"[PREMIUM]",,,,,,,,"[PREMIUM]"
"56510476","2026-08-06 20:56:23.702","2026-08-20 17:44:43.473","56510476","2026-08-06 18:29:42.000","[PREMIUM]","395","VT - RUTLAND",,,,"EDT","0","V",2016,"HYUNDAI","ACCENT","ACCENT","SEDAN 4DR","SILVER","FRONT END","MINOR DENT/SCRATCHES","VT","ST","YES","D",151968,"A","[PREMIUM]",4763.14,"1.6L 4","FRONT WHEEL DRIVE","AUTOMATIC","GAS",4,"Run & Drive Verified","Pure Sale","[PREMIUM]",,"CENTER RUTLAND","VT","05736","USA","USD","[PREMIUM]","[PREMIUM]","O010",false,"[PREMIUM]","SE",false,false,"[PREMIUM]",,,,,,,,"[PREMIUM]"
"50472466","2026-08-06 20:56:23.381","2026-08-20 17:44:43.293","50472466","2026-08-06 15:57:39.000","[PREMIUM]","395","VT - RUTLAND",,,,"EDT","0","V",2016,"TOYOTA","PRIUS","PRIUS C","HATCHBACK","BLACK","REAR END","MINOR DENT/SCRATCHES","VT","ST","YES","D",150526,"N","[PREMIUM]",4960.88,"1.5L 4","FRONT WHEEL DRIVE","AUTOMATIC","ELECTRIC AND GAS HYBRID",4,"Run & Drive Verified","Pure Sale","[PREMIUM]",,"CENTER RUTLAND","VT","05736","USA","USD","[PREMIUM]","[PREMIUM]","B030",false,"[PREMIUM]","PERSONA SPECIAL EDITION",false,false,"[PREMIUM]",,,,,,,,"[PREMIUM]"
"64071466","2026-08-06 20:56:23.185","2026-08-20 17:44:42.144","64071466","2026-08-19 18:03:52.000","[PREMIUM]","394","TX - NORTH AUSTIN","2026-08-20","THURSDAY","1200","CDT","901","R",2027,"MISC","OFFICE FUR","OFFICE FUR",,"BROWN","NORMAL WEAR",,"TX","BS","EXM","E",0,"E","[PREMIUM]",0,,,,,,"DEFAULT","On Minimum Bid","[PREMIUM]",,"TAYLOR","TX","76574","USA","USD","[PREMIUM]","[PREMIUM]","G050",false,"[PREMIUM]",,false,false,"[PREMIUM]",,,,,,,,"[PREMIUM]"
"59950236","2026-08-06 20:56:22.566","2026-08-20 17:44:39.978","59950236","2026-08-19 18:03:52.000","[PREMIUM]","394","TX - NORTH AUSTIN","2026-08-20","THURSDAY","1200","CDT","95","V",2008,"INFINITI","G35","G35","SEDAN","SILVER","FRONT END",,"ID","SC","YES","D",187404,"E","[PREMIUM]",3515,"3.5L 6","REAR WHEEL DRIVE","AUTOMATIC","GAS",6,"Run & Drive Verified","Pure Sale","[PREMIUM]",,"TAYLOR","TX","76574","USA","USD","[PREMIUM]","[PREMIUM]","G100",false,"[PREMIUM]","BASE",false,false,"[PREMIUM]",,,,,,,,"[PREMIUM]"
"59189216","2026-08-06 20:56:22.445","2026-08-20 17:44:39.582","59189216","2026-08-19 18:03:52.000","[PREMIUM]","394","TX - NORTH AUSTIN","2026-08-20","THURSDAY","1200","CDT","115","V",2018,"NISSAN","ROGUE","ROGUE SPORT","WAGON","SILVER","VANDALISM",,"TX","CT","YES","D",53454,"A","[PREMIUM]",0,"2.0L 4","FRONT WHEEL DRIVE","AUTOMATIC","GAS",4,"Run & Drive Verified","Pure Sale","[PREMIUM]",,"TAYLOR","TX","76574","USA","USD","[PREMIUM]","[PREMIUM]","B140",false,"[PREMIUM]","SV",false,false,"[PREMIUM]",,,,,,,,"[PREMIUM]"
"55594255","2026-08-06 20:56:21.682","2026-08-13 14:32:26.267","55594255","2026-08-12 15:33:02.000","[PREMIUM]","394","TX - NORTH AUSTIN","2026-08-13","THURSDAY","1200","CDT","2026","V",2018,"NISSAN","ALTIMA","ALTIMA","SEDAN","RED","REAR END","MINOR DENT/SCRATCHES","ID","SC","YES","D",151898,"A","[PREMIUM]",9505,"2.5L 4","FRONT WHEEL DRIVE","AUTOMATIC","GAS",4,"Run & Drive Verified","Pure Sale","[PREMIUM]",,"TAYLOR","TX","76574","USA","USD","[PREMIUM]","[PREMIUM]","Z010",false,"[PREMIUM]","2.5 SR",false,false,"[PREMIUM]",,,,,,,,"[PREMIUM]"
"63834826","2026-08-06 20:56:21.030","2026-08-09 20:57:18.068","63834826","2026-08-07 16:05:06.000","[PREMIUM]","386","LA - VINTON","2026-08-10","MONDAY","1200","CDT","2509","V",2013,"HONDA","ACCORD","ACCORD","COUPE","RED","FRONT END",,"LA","CT","YES","S",105820,"A","[PREMIUM]",0,"2.4L 4","FRONT WHEEL DRIVE","AUTOMATIC","GAS",4,"Vehicle Starts","On Minimum Bid","[PREMIUM]",,"SULPHUR","LA","70663","USA","USD","[PREMIUM]","[PREMIUM]","D070",true,"[PREMIUM]","EXL",false,false,"[PREMIUM]",,,,,,,,"[PREMIUM]"
"63841626","2026-08-06 20:56:21.027","2026-08-20 17:44:37.456","63841626","2026-08-17 18:02:06.000","[PREMIUM]","386","LA - VINTON","2026-08-24","MONDAY","1200","CDT","0","V",2017,"BUICK","ENCLAVE","ENCLAVE","4DR SPORT UTILITY","WHITE","FRONT END","REAR END","TX","CT","YES",,210327,"A","[PREMIUM]",0,"3.6L 6","FRONT WHEEL DRIVE","AUTOMATIC","GAS",6,,"On Minimum Bid","[PREMIUM]",,"SULPHUR","LA","70663","USA","USD","[PREMIUM]","[PREMIUM]","C010",true,"[PREMIUM]",,false,false,"[PREMIUM]",,,,,,,,"[PREMIUM]"
"62015046","2026-08-06 20:56:20.473","2026-08-17 03:03:50.855","62015046","2026-08-14 16:59:43.000","[PREMIUM]","386","LA - VINTON","2026-08-17","MONDAY","1200","CDT","12","V",2014,"HONDA","PILOT","PILOT","4DR SPORT UTILITY","GRAY","REAR END","MINOR DENT/SCRATCHES","LA","ST","YES","D",242725,"A","[PREMIUM]",14990.2,"3.5L 6","FRONT WHEEL DRIVE","AUTOMATIC","GAS",6,"Run & Drive Verified","Pure Sale","[PREMIUM]",,"SULPHUR","LA","70663","USA","USD","[PREMIUM]","[PREMIUM]","A060",false,"[PREMIUM]","TOURING",false,false,"[PREMIUM]",,,,,,,,"[PREMIUM]"
"59232106","2026-08-06 20:56:19.982","2026-08-20 17:44:36.779","59232106","2026-08-17 18:15:28.000","[PREMIUM]","386","LA - VINTON","2026-08-24","MONDAY","1200","CDT","0","V",2015,"FORD","MUSTANG","MUSTANG","COUPE","WHITE","MINOR DENT/SCRATCHES",,"LA","CT","YES",,148721,"A","[PREMIUM]",0,"2.3L 4","REAR WHEEL DRIVE","AUTOMATIC","GAS",4,,"On Minimum Bid","[PREMIUM]",,"SULPHUR","LA","70663","USA","USD","[PREMIUM]","[PREMIUM]","C030",true,"[PREMIUM]",,false,false,"[PREMIUM]",,,,,,,,"[PREMIUM]"
"53723376","2026-08-06 20:56:18.862","2026-08-09 20:57:16.883","53723376","2026-08-07 16:05:06.000","[PREMIUM]","386","LA - VINTON","2026-08-10","MONDAY","1200","CDT","41","V",2008,"HONDA","CIVIC","CIVIC","SEDAN 4DR","SILVER","FRONT END","MINOR DENT/SCRATCHES","LA","ST","YES","D",286790,"A","[PREMIUM]",16896.73,"1.8L 4","FRONT WHEEL DRIVE","AUTOMATIC","GAS",4,"Run & Drive Verified","Pure Sale","[PREMIUM]",,"SULPHUR","LA","70663","USA","USD","[PREMIUM]","[PREMIUM]","D040",false,"[PREMIUM]","EXL",false,false,"[PREMIUM]",,,,,,,,"[PREMIUM]"
"50456136","2026-08-06 20:56:18.500","2026-08-09 20:57:16.721","50456136","2026-08-07 16:05:06.000","[PREMIUM]","386","LA - VINTON","2026-08-10","MONDAY","1200","CDT","9","V",2011,"CHEVROLET","EQUINOX","EQUINOX","4DR SPORT UTILITY","BLACK","MECHANICAL",,"TX","CT","YES","D",0,"N","[PREMIUM]",0,"2.4L 4","FRONT WHEEL DRIVE","AUTOMATIC","GAS",4,"Run & Drive Verified","On Approval","[PREMIUM]",,"SULPHUR","LA","70663","USA","USD","[PREMIUM]","[PREMIUM]","E060",false,"[PREMIUM]","LT",false,false,"[PREMIUM]",,,,,,,,"[PREMIUM]"
"48156076","2026-08-06 20:56:18.456","2026-08-20 17:44:36.235","48156076","2026-08-14 15:46:02.000","[PREMIUM]","386","LA - VINTON","2026-08-24","MONDAY","1200","CDT","0","V",2018,"NISSAN","ALTIMA","ALTIMA","SEDAN","WHITE","FRONT END","SIDE","ID","SC","YES","D",141601,"A","[PREMIUM]",11290,"2.5L 4","FRONT WHEEL DRIVE","AUTOMATIC","GAS",4,"Run & Drive Verified","Pure Sale","[PREMIUM]",,"SULPHUR","LA","70663","USA","USD","[PREMIUM]","[PREMIUM]","A040",false,"[PREMIUM]","2.5 SV",false,false,"[PREMIUM]",,,,,,,,"[PREMIUM]"
"46175086","2026-08-06 20:56:18.439","2026-08-09 20:57:16.637","46175086","2026-08-07 16:05:06.000","[PREMIUM]","386","LA - VINTON","2026-08-10","MONDAY","1200","CDT","2541","V",2016,"HYUNDAI","ACCENT","ACCENT","SEDAN","WHITE","FRONT END","MINOR DENT/SCRATCHES","TX","SV","NO","E",0,"N","[PREMIUM]",17510.62,"1.6L 4","FRONT WHEEL DRIVE","AUTOMATIC","GAS",4,"DEFAULT","Pure Sale","[PREMIUM]",,"SULPHUR","LA","70663","USA","USD","[PREMIUM]","[PREMIUM]","C060",false,"[PREMIUM]","SE",false,false,"[PREMIUM]",,,,,,,,"[PREMIUM]"
"92859825","2026-08-06 20:56:18.409","2026-08-20 17:44:36.190","92859825","2026-08-06 20:08:23.000","[PREMIUM]","385","MI - WAYLAND",,,,"EDT","0","V",1989,"CHEVROLET","GMT","GMT-400",,"BURGUNDY","MINOR DENT/SCRATCHES",,"MI","ST","NO","E",239529,"E","[PREMIUM]",0,"5.7L  8","4x4 w/Rear Wheel Drv","AUTOMATIC","GAS",8,"DEFAULT","Pure Sale","[PREMIUM]",,"WAYLAND","MI","49348","USA","USD","[PREMIUM]","[PREMIUM]","R210",false,"[PREMIUM]","K1500",false,false,"[PREMIUM]",,,,,,,,"[PREMIUM]"
"97684005","2026-08-06 20:56:18.389","2026-08-13 14:32:23.749","97684005","2026-08-12 21:32:10.000","[PREMIUM]","841","CRASHEDTOYS POWERSPORT AUCTION","2026-08-13","THURSDAY","1200","CDT","4029","C",2013,"YAMAHA","ALL OTHER","XV1700","ROAD","BLACK","SIDE","REAR END","MI","CT","YES","E",0,"N","[PREMIUM]",6334,"2",,"MANUAL",,2,"DEFAULT","On Minimum Bid","[PREMIUM]",,"WAYLAND","MI","49348","USA","USD","[PREMIUM]","[PREMIUM]","MCI",false,"[PREMIUM]","AS",false,false,"[PREMIUM]",,,,,,,,"[PREMIUM]"
"73662935","2026-08-06 20:56:18.282","2026-08-13 14:32:23.452","73662935","2026-08-13 08:00:24.000","[PREMIUM]","385","MI - WAYLAND","2026-08-13","THURSDAY","1000","EDT","3387","V",2014,"JEEP","GRAND CHER","GRAND CHEROKEE","4DR SPOR","RED","SIDE","FRONT END","MI","CT","YES","D",187971,"A","[PREMIUM]",0,"5.7L  8","4x4 w/Rear Wheel Drv","AUTOMATIC","GAS",8,"Run & Drive Verified","On Minimum Bid","[PREMIUM]",,"WAYLAND","MI","49348","USA","USD","[PREMIUM]","[PREMIUM]","O200",false,"[PREMIUM]","LIMITED",false,false,"[PREMIUM]",,,,,,,,"[PREMIUM]"
"63693876","2026-08-06 20:56:18.198","2026-08-13 14:32:23.138","63693876","2026-08-13 08:00:23.000","[PREMIUM]","385","MI - WAYLAND","2026-08-13","THURSDAY","1000","EDT","2325","V",2015,"TOYOTA","SIENNA","SIENNA","MINI-VAN","SILVER","FRONT END","SIDE","MI","CT","YES","D",279601,"A","[PREMIUM]",5816,"3.5L 6","FRONT WHEEL DRIVE","AUTOMATIC","GAS",6,"Run & Drive Verified","Pure Sale","[PREMIUM]",,"WAYLAND","MI","49348","USA","USD","[PREMIUM]","[PREMIUM]","L210",false,"[PREMIUM]","L 7-PASSENGER",false,false,"[PREMIUM]",,,,,,,,"[PREMIUM]"
"63408856","2026-08-06 20:56:18.191","2026-08-19 15:04:02.169","63408856","2026-08-06 20:08:21.000","[PREMIUM]","385","MI - WAYLAND",,,,"EDT","0","V",2018,"HYUNDAI","TUCSON","TUCSON","SUV","BLACK","FRONT END",,"MI","CT","YES","D",125612,"A","[PREMIUM]",7966,"2.0L 4","ALL WHEEL DRIVE","AUTOMATIC","GAS",4,"Run & Drive Verified","Pure Sale","[PREMIUM]",,"WAYLAND","MI","49348","USA","USD","[PREMIUM]","[PREMIUM]","G130",false,"[PREMIUM]","SEL",false,false,"[PREMIUM]",,,,,,,,"[PREMIUM]"
"63161506","2026-08-06 20:56:18.164","2026-08-09 20:57:16.193","63161506","2026-08-07 18:29:50.000","[PREMIUM]","838","RENTAL VEHICLE SALE","2026-08-10","MONDAY","1200","EDT","0","V",2023,"CHEVROLET","MALIBU","MALIBU","SEDAN","GRAY","FRONT END",,"FL","CT","YES","D",107563,"A","[PREMIUM]",344,"1.5L 4","FRONT WHEEL DRIVE","AUTOMATIC","GAS",4,"Run & Drive Verified","On Minimum Bid","[PREMIUM]",,"WAYLAND","MI","49348","USA","USD","[PREMIUM]","[PREMIUM]","E080",false,"[PREMIUM]","LT",false,false,"[PREMIUM]",,,,,,,,"[PREMIUM]"
"62948346","2026-08-06 20:56:18.108","2026-08-18 09:03:58.712","62948346","2026-08-06 15:45:07.000","[PREMIUM]","385","MI - WAYLAND",,,,"EDT","0","V",2018,"MAZDA","CX-5","CX-5","SPORT UTILITY VEHICLE","BLUE","FRONT END","REAR END","MI","CT","YES","E",0,"N","[PREMIUM]",0,"2.5L 4","ALL WHEEL DRIVE","AUTOMATIC","GAS",4,"DEFAULT","Pure Sale","[PREMIUM]",,"WAYLAND","MI","49348","USA","USD","[PREMIUM]","[PREMIUM]","D190",false,"[PREMIUM]","TOURING",false,false,"[PREMIUM]",,,,,,,,"[PREMIUM]"
"62971166","2026-08-06 20:56:18.074","2026-08-13 14:32:22.712","62971166","2026-08-13 08:00:24.000","[PREMIUM]","385","MI - WAYLAND","2026-08-13","THURSDAY","1000","EDT","3379","V",2012,"FORD","FIESTA","FIESTA","SEDAN 4DR","BLACK","REAR END","SIDE","MI","CT","YES","D",146660,"A","[PREMIUM]",3959.81,"1.6L 4","FRONT WHEEL DRIVE","MANUAL","GAS",4,"Run & Drive Verified","Pure Sale","[PREMIUM]",,"WAYLAND","MI","49348","USA","USD","[PREMIUM]","[PREMIUM]","L130",false,"[PREMIUM]","SE",false,false,"[PREMIUM]",,,,,,,,"[PREMIUM]"
"62794026","2026-08-06 20:56:18.044","2026-08-19 15:04:01.724","62794026","2026-08-13 18:16:11.000","[PREMIUM]","385","MI - WAYLAND","2026-08-20","THURSDAY","1000","EDT","0","V",2006,"FORD","All Models","F150","PICKUP","SILVER","FRONT END",,"MI","CZ","YES","D",202778,"E","[PREMIUM]",4026,"4.6L 8","4X4 W/REAR WHEEL DRV","AUTOMATIC","GAS",8,"Run & Drive Verified","On Minimum Bid","[PREMIUM]",,"WAYLAND","MI","49348","USA","USD","[PREMIUM]","[PREMIUM]","S180",false,"[PREMIUM]",,false,false,"[PREMIUM]",,,,,,,,"[PREMIUM]"
"62400976","2026-08-06 20:56:17.941","2026-08-13 14:32:22.266","62400976","2026-08-13 08:00:23.000","[PREMIUM]","385","MI - WAYLAND","2026-08-13","THURSDAY","1000","EDT","115","V",2019,"FORD","F150","F150","PICKUP","RED","REAR END",,"MI","CT","YES","D",102045,"A","[PREMIUM]",20714,"3.3L 6","4X4 W/REAR WHEEL DRV","AUTOMATIC","GAS",6,"Run & Drive Verified","On Minimum Bid","[PREMIUM]",,"WAYLAND","MI","49348","USA","USD","[PREMIUM]","[PREMIUM]","S120",false,"[PREMIUM]",,false,false,"[PREMIUM]",,,,,,,,"[PREMIUM]"
"61392976","2026-08-06 20:56:17.602","2026-08-12 08:34:09.223","61392976","2026-08-06 16:25:32.000","[PREMIUM]","385","MI - WAYLAND","2026-08-13","THURSDAY","1000","EDT","0","V",2011,"FORD","ESCAPE","ESCAPE","4DR SPORT UTILITY","SILVER","FRONT END",,"MI","CT","YES","E",0,"N","[PREMIUM]",3445.43,"3.0L 6","FRONT WHEEL DRIVE","AUTOMATIC","FLEXIBLE",6,"DEFAULT","Pure Sale","[PREMIUM]",,"WAYLAND","MI","49348","USA","USD","[PREMIUM]","[PREMIUM]","M190",false,"[PREMIUM]","XLT",false,false,"[PREMIUM]",,,,,,,,"[PREMIUM]"
"61130586","2026-08-06 20:56:17.434","2026-08-20 17:44:34.369","61130586","2026-08-06 20:08:21.000","[PREMIUM]","385","MI - WAYLAND",,,,"EDT","0","V",2014,"TOYOTA","All Models","TACOMA",,"WHITE","FRONT END",,"MI","CT","YES","D",230071,"A","[PREMIUM]",22856.64,,,"AUTOMATIC",,,"Run & Drive Verified","Pure Sale","[PREMIUM]",,"WAYLAND","MI","49348","USA","USD","[PREMIUM]","[PREMIUM]","H110",false,"[PREMIUM]",,false,false,"[PREMIUM]",,,,,,,,"[PREMIUM]"
"60968236","2026-08-06 20:56:17.302","2026-08-20 17:44:34.237","60968236","2026-08-06 20:08:21.000","[PREMIUM]","385","MI - WAYLAND",,,,"EDT","0","V",2019,"CHEVROLET","ALL Models","SILVERADO","PICKUP","WHITE","FRONT END","REAR END","MI","ST","NO","E",55678,"A","[PREMIUM]",35629.57,"5.3L 8","4X4 W/REAR WHEEL DRV","AUTOMATIC","GAS",8,"DEFAULT","Pure Sale","[PREMIUM]",,"WAYLAND","MI","49348","USA","USD","[PREMIUM]","[PREMIUM]","S100",false,"[PREMIUM]","K1500 RST",false,false,"[PREMIUM]",,,,,,,,"[PREMIUM]"
"60629596","2026-08-06 20:56:17.214","2026-08-13 14:32:20.743","60629596","2026-08-13 08:00:23.000","[PREMIUM]","385","MI - WAYLAND","2026-08-13","THURSDAY","1000","EDT","37","V",2023,"HYUNDAI","SANTA FE","SANTA FE","SPORT UTILITY VEHICLE","BLACK","SIDE",,"MI","CT","YES","D",77608,"A","[PREMIUM]",11419,"2.5L 4","ALL WHEEL DRIVE","AUTOMATIC","GAS",4,"Run & Drive Verified","Pure Sale","[PREMIUM]",,"WAYLAND","MI","49348","USA","USD","[PREMIUM]","[PREMIUM]","A170",false,"[PREMIUM]","SEL PREMIUM",false,false,"[PREMIUM]",,,,,,,,"[PREMIUM]"
"60576146","2026-08-06 20:56:17.175","2026-08-13 14:32:20.697","60576146","2026-08-13 08:00:23.000","[PREMIUM]","385","MI - WAYLAND","2026-08-13","THURSDAY","1000","EDT","32","V",2015,"BMW","X5","X5","4DR SPORT UTILITY","WHITE","FRONT END",,"MI","CT","YES","D",109097,"A","[PREMIUM]",19281,"3.0L 6","ALL WHEEL DRIVE","AUTOMATIC","DIESEL",6,"Run & Drive Verified","On Minimum Bid","[PREMIUM]",,"WAYLAND","MI","49348","USA","USD","[PREMIUM]","[PREMIUM]","M200",false,"[PREMIUM]","XDRIVE35D",false,false,"[PREMIUM]",,,,,,,,"[PREMIUM]"
"60605516","2026-08-06 20:56:17.175","2026-08-19 15:04:00.138","60605516","2026-08-06 20:08:23.000","[PREMIUM]","385","MI - WAYLAND",,,,"EDT","0","V",2018,"FORD","ALL Models","FOCUS","HATCHBACK","BLACK","FRONT END",,"MI","CT","YES",,102421,"A","[PREMIUM]",6211.56,"2.0L 4","FRONT WHEEL DRIVE","AUTOMATIC","GAS",4,,"Pure Sale","[PREMIUM]",,"WAYLAND","MI","49348","USA","USD","[PREMIUM]","[PREMIUM]","B140",false,"[PREMIUM]","SE",false,false,"[PREMIUM]",,,,,,,,"[PREMIUM]"
"60396556","2026-08-06 20:56:17.066","2026-08-18 09:03:57.465","60396556","2026-08-03 20:04:23.000","[PREMIUM]","385","MI - WAYLAND",,,,"EDT","0","V",2014,"HONDA","PILOT","PILOT","4DR SPORT UTILITY","GRAY","SIDE","FRONT END","MI","CT","YES","D",204445,"A","[PREMIUM]",5393,"3.5L 6","ALL WHEEL DRIVE","AUTOMATIC","GAS",6,"Run & Drive Verified","Pure Sale","[PREMIUM]",,"WAYLAND","MI","49348","USA","USD","[PREMIUM]","[PREMIUM]","C190",false,"[PREMIUM]","LX",false,false,"[PREMIUM]",,,,,,,,"[PREMIUM]"
"60253276","2026-08-06 20:56:17.027","2026-08-20 17:44:34.036","60253276","2026-08-06 20:08:23.000","[PREMIUM]","385","MI - WAYLAND",,,,"EDT","0","V",2012,"FORD","F-150","F150","4DR EXT CAB PICKUP","BLACK","SIDE","REAR END","MI","CT","YES","D",175824,"A","[PREMIUM]",8180.96,"3.5L 6","4X4 W/REAR WHEEL DRV","AUTOMATIC","GAS",6,"Run & Drive Verified","Pure Sale","[PREMIUM]",,"WAYLAND","MI","49348","USA","USD","[PREMIUM]","[PREMIUM]","S090",false,"[PREMIUM]","SUPER CAB",false,false,"[PREMIUM]",,,,,,,,"[PREMIUM]"
"60080226","2026-08-06 20:56:16.952","2026-08-20 17:44:33.947","60080226","2026-08-10 13:35:42.000","[PREMIUM]","385","MI - WAYLAND",,,,"EDT","0","V",2025,"SUBARU","LEGACY","OUTBACK","SPORT UTILITY VEHICLE","WHITE","FRONT END",,"MI","ST","YES","D",31343,"A","[PREMIUM]",18320.59,"2.5L 4","ALL WHEEL DRIVE","AUTOMATIC","GAS",4,"Run & Drive Verified","Pure Sale","[PREMIUM]",,"WAYLAND","MI","49348","USA","USD","[PREMIUM]","[PREMIUM]","L200",false,"[PREMIUM]",,false,false,"[PREMIUM]",,,,,,,,"[PREMIUM]"
"60073566","2026-08-06 20:56:16.933","2026-08-13 14:32:20.268","60073566","2026-08-13 08:00:23.000","[PREMIUM]","385","MI - WAYLAND","2026-08-13","THURSDAY","1000","EDT","35","V",2023,"JEEP","COMPASS","COMPASS","SPORT UTILITY VEHICLE","BLACK","REAR END",,"MI","CT","YES","D",75788,"A","[PREMIUM]",4741.19,"2.0L 4","4X4 W/FRONT WHL DRV","AUTOMATIC","GAS",4,"Run & Drive Verified","Pure Sale","[PREMIUM]",,"WAYLAND","MI","49348","USA","USD","[PREMIUM]","[PREMIUM]","R160",false,"[PREMIUM]","LIMITED",false,false,"[PREMIUM]",,,,,,,,"[PREMIUM]"
"59962756","2026-08-06 20:56:16.901","2026-08-20 17:44:33.949","59962756","2026-08-06 20:08:22.000","[PREMIUM]","385","MI - WAYLAND",,,,"EDT","0","V",2022,"CHEVROLET","BLAZER","BLAZER","SPORT UTILITY VEHICLE","SILVER","ALL OVER",,"MI","ST","YES","D",54220,"A","[PREMIUM]",21376.77,"3.6L 6","ALL WHEEL DRIVE","AUTOMATIC","GAS",6,"Run & Drive Verified","Pure Sale","[PREMIUM]",,"WAYLAND","MI","49348","USA","USD","[PREMIUM]","[PREMIUM]","K110",false,"[PREMIUM]","RS",false,false,"[PREMIUM]",,,,,,,,"[PREMIUM]"
"59955376","2026-08-06 20:56:16.875","2026-08-13 14:32:20.242","59955376","2026-08-13 08:00:24.000","[PREMIUM]","385","MI - WAYLAND","2026-08-13","THURSDAY","1000","EDT","4106","V",2015,"HONDA","ACCORD","ACCORD","SEDAN 4DR","GRAY","FRONT END",,"MI","CT","YES","E",188123,"A","[PREMIUM]",7951.5,"2.4L 4","FRONT WHEEL DRIVE","AUTOMATIC","GAS",4,"DEFAULT","Pure Sale","[PREMIUM]",,"WAYLAND","MI","49348","USA","USD","[PREMIUM]","[PREMIUM]","L210",false,"[PREMIUM]","EX",false,false,"[PREMIUM]",,,,,,,,"[PREMIUM]"
"59720296","2026-08-06 20:56:16.795","2026-08-19 15:03:59.240","59720296","2026-08-06 20:08:22.000","[PREMIUM]","385","MI - WAYLAND",,,,"EDT","0","V",2009,"DODGE","JOURNEY","JOURNEY","4DR SPORT UTILITY","GREEN","FRONT END",,"MI","CT","YES","E",0,"E","[PREMIUM]",5035,"2.4L 4","FRONT WHEEL DRIVE","AUTOMATIC","GAS",4,"DEFAULT","Pure Sale","[PREMIUM]",,"WAYLAND","MI","49348","USA","USD","[PREMIUM]","[PREMIUM]","G130",false,"[PREMIUM]","SE",false,false,"[PREMIUM]",,,,,,,,"[PREMIUM]"
"59655126","2026-08-06 20:56:16.758","2026-08-20 17:44:33.895","59655126","2026-08-14 19:35:07.000","[PREMIUM]","385","MI - WAYLAND",,,,"EDT","0","V",2020,"CHEVROLET","EQUINOX","EQUINOX","SPORT UTILITY VEHICLE","GRAY","FRONT END",,"MI","CT","YES","E",98907,"A","[PREMIUM]",19558,"1.5L 4","ALL WHEEL DRIVE","AUTOMATIC","GAS",4,"DEFAULT","On Minimum Bid","[PREMIUM]",,"WAYLAND","MI","49348","USA","USD","[PREMIUM]","[PREMIUM]","K120",false,"[PREMIUM]","LT",false,false,"[PREMIUM]",,,,,,,,"[PREMIUM]"
"58903996","2026-08-06 20:56:16.543","2026-08-20 17:44:33.720","58903996","2026-08-06 20:08:21.000","[PREMIUM]","385","MI - WAYLAND",,,,"EDT","0","V",2020,"CHEVROLET","EQUINOX","EQUINOX","SPORT UTILITY VEHICLE","ORANGE","FRONT END",,"MI","CT","NO","E",0,"N","[PREMIUM]",18781.78,"1.5L 4","ALL WHEEL DRIVE","AUTOMATIC","GAS",4,"DEFAULT","Pure Sale","[PREMIUM]",,"WAYLAND","MI","49348","USA","USD","[PREMIUM]","[PREMIUM]","K170",false,"[PREMIUM]","LT",false,false,"[PREMIUM]",,,,,,,,"[PREMIUM]"
"58282946","2026-08-06 20:56:16.309","2026-08-13 14:32:19.613","58282946","2026-08-13 08:00:23.000","[PREMIUM]","385","MI - WAYLAND","2026-08-13","THURSDAY","1000","EDT","119","V",2019,"JEEP","CHEROKEE","GRAND CHEROKEE","SPORT UTILITY VEHICLE","BLACK","ROLLOVER",,"MI","CT","YES","D",96843,"A","[PREMIUM]",8732.37,"3.6L 6","4X4 W/REAR WHEEL DRV","AUTOMATIC","FLEXIBLE",6,"Run & Drive Verified","Pure Sale","[PREMIUM]",,"WAYLAND","MI","49348","USA","USD","[PREMIUM]","[PREMIUM]","L210",false,"[PREMIUM]","OVERLAND",false,false,"[PREMIUM]",,,,,,,,"[PREMIUM]"
"58082406","2026-08-06 20:56:16.261","2026-08-13 14:32:19.581","58082406","2026-08-13 08:00:23.000","[PREMIUM]","385","MI - WAYLAND","2026-08-13","THURSDAY","1000","EDT","39","V",2017,"HONDA","CRV","CR-V","SPORT UTILITY VEHICLE","WHITE","TOP/ROOF","REAR END","MI","CT","YES","D",101641,"A","[PREMIUM]",12526,"1.5L 4","ALL WHEEL DRIVE","AUTOMATIC","GAS",4,"Run & Drive Verified","Pure Sale","[PREMIUM]",,"WAYLAND","MI","49348","USA","USD","[PREMIUM]","[PREMIUM]","I100",false,"[PREMIUM]","EX",false,false,"[PREMIUM]",,,,,,,,"[PREMIUM]"
"57611116","2026-08-06 20:56:16.128","2026-08-19 15:03:58.252","57611116","2026-08-06 20:08:22.000","[PREMIUM]","385","MI - WAYLAND",,,,"EDT","0","V",2013,"FORD","ESCAPE","ESCAPE","4DR SPORT UTILITY","BLACK","FRONT END",,"MI","CT","YES","D",198901,"A","[PREMIUM]",3981,"2.0L 4","4X4 W/FRONT WHL DRV","AUTOMATIC","GAS",4,"Run & Drive Verified","Pure Sale","[PREMIUM]",,"WAYLAND","MI","49348","USA","USD","[PREMIUM]","[PREMIUM]","B180",false,"[PREMIUM]","SEL",false,false,"[PREMIUM]",,,,,,,,"[PREMIUM]"
"57517346","2026-08-06 20:56:16.062","2026-08-20 17:44:33.462","57517346","2026-08-06 20:08:22.000","[PREMIUM]","385","MI - WAYLAND",,,,"EDT","0","V",2020,"FORD","EXPLORER","EXPLORER","SPORT UTILITY VEHICLE","BLUE","FRONT END","SIDE","MI","CT","YES","D",118088,"A","[PREMIUM]",28679.21,"2.3L 4","4X4 W/REAR WHEEL DRV","AUTOMATIC","GAS",4,"Run & Drive Verified","Pure Sale","[PREMIUM]",,"WAYLAND","MI","49348","USA","USD","[PREMIUM]","[PREMIUM]","R170",false,"[PREMIUM]","XLT",false,false,"[PREMIUM]",,,,,,,,"[PREMIUM]"
"57315706","2026-08-06 20:56:16.041","2026-08-20 17:44:33.417","57315706","2026-08-19 19:32:34.000","[PREMIUM]","385","MI - WAYLAND","2026-08-27","THURSDAY","1000","EDT","0","V",2021,"NISSAN","SENTRA","SENTRA","SEDAN","BLUE","FRONT END","SIDE","MI","PO","YES","E",38675,"A","[PREMIUM]",28343.06,"2.0L 4","FRONT WHEEL DRIVE","AUTOMATIC","GAS",4,"DEFAULT","Pure Sale","[PREMIUM]",,"WAYLAND","MI","49348","USA","USD","[PREMIUM]","[PREMIUM]","L210",false,"[PREMIUM]","SV",false,false,"[PREMIUM]",,,,,,,,"[PREMIUM]"
"56692566","2026-08-06 20:56:15.939","2026-08-17 09:05:27.924","56692566","2026-08-15 02:45:46.000","[PREMIUM]","855","WHOLESALE AUCTION","2026-08-18","TUESDAY","1200","EDT","0","V",2019,"NISSAN","ROGUE","ROGUE SPORT","WAGON","GRAY","MINOR DENT/SCRATCHES",,"WV","CT","YES","D",125842,"A","[PREMIUM]",0,"2.0L 4","FRONT WHEEL DRIVE","AUTOMATIC","GAS",4,"Run & Drive Verified","On Minimum Bid","[PREMIUM]",,"WAYLAND","MI","49348","USA","USD","[PREMIUM]","[PREMIUM]","E070",true,"[PREMIUM]","SV",false,true,"[PREMIUM]",,,,,"RED LIGHT",2.6,"Safety,Other,Emission","[PREMIUM]"
"56895836","2026-08-06 20:56:15.918","2026-08-13 14:32:19.007","56895836","2026-08-13 08:00:24.000","[PREMIUM]","385","MI - WAYLAND","2026-08-13","THURSDAY","1000","EDT","4053","V",2008,"TOYOTA","CAMRY","CAMRY","SEDAN 4DR","RED","BURN",,"MI","CT","YES","E",0,"E","[PREMIUM]",10600,"2.4L 4","FRONT WHEEL DRIVE","AUTOMATIC","ELECTRIC AND GAS HYBRID",4,"DEFAULT","Pure Sale","[PREMIUM]",,"WAYLAND","MI","49348","USA","USD","[PREMIUM]","[PREMIUM]","R110",false,"[PREMIUM]","HYBRID",false,false,"[PREMIUM]",,,,,,,,"[PREMIUM]"
"56635516","2026-08-06 20:56:15.894","2026-08-20 17:44:33.327","56635516","2026-08-06 20:08:21.000","[PREMIUM]","385","MI - WAYLAND",,,,"EDT","0","V",2019,"NISSAN","MURANO","MURANO","SUV","BLACK","SIDE",,"MI","CT","YES","D",107895,"A","[PREMIUM]",10274,"3.5L 6","FRONT WHEEL DRIVE","AUTOMATIC","GAS",6,"Run & Drive Verified","Pure Sale","[PREMIUM]",,"WAYLAND","MI","49348","USA","USD","[PREMIUM]","[PREMIUM]","H170",false,"[PREMIUM]","S",false,false,"[PREMIUM]",,,,,,,,"[PREMIUM]"
"55760516","2026-08-06 20:56:15.776","2026-08-19 15:03:57.570","55760516","2026-08-12 14:47:07.000","[PREMIUM]","385","MI - WAYLAND","2026-08-20","THURSDAY","1000","EDT","0","V",2016,"FORD","FIESTA","FIESTA","SEDAN 4DR","GRAY","FRONT END",,"ID","SC","YES","E",102304,"A","[PREMIUM]",10171,"1.6L 4","FRONT WHEEL DRIVE","AUTOMATIC","GAS",4,"DEFAULT","Pure Sale","[PREMIUM]",,"WAYLAND","MI","49348","USA","USD","[PREMIUM]","[PREMIUM]","M210",false,"[PREMIUM]","SE",false,false,"[PREMIUM]",,,,,,,,"[PREMIUM]"
"55650436","2026-08-06 20:56:15.745","2026-08-19 15:03:57.508","55650436","2026-08-06 20:08:22.000","[PREMIUM]","385","MI - WAYLAND",,,,"EDT","0","V",2013,"HONDA","ACCORD","ACCORD","SEDAN 4DR","BLUE","REAR END",,"MI","CT","YES","D",182909,"A","[PREMIUM]",6242,"2.4L 4","FRONT WHEEL DRIVE","AUTOMATIC","GAS",4,"Run & Drive Verified","Pure Sale","[PREMIUM]",,"WAYLAND","MI","49348","USA","USD","[PREMIUM]","[PREMIUM]","G170",false,"[PREMIUM]","SPORT",false,false,"[PREMIUM]",,,,,,,,"[PREMIUM]"
"55171396","2026-08-06 20:56:15.714","2026-08-19 15:03:57.473","55171396","2026-08-13 15:46:30.000","[PREMIUM]","385","MI - WAYLAND","2026-08-20","THURSDAY","1000","EDT","0","V",2026,"HYUNDAI","KONA","KONA","SPORT UTILITY VEHICLE","WHITE","FRONT END","REAR END","ID","SC","YES","D",4440,"A","[PREMIUM]",29320,"1.6L 4","ALL WHEEL DRIVE","AUTOMATIC","GAS",4,"Run & Drive Verified","Pure Sale","[PREMIUM]",,"WAYLAND","MI","49348","USA","USD","[PREMIUM]","[PREMIUM]","Q200",false,"[PREMIUM]","SEL PREMIUM",false,false,"[PREMIUM]",,,,,,,,"[PREMIUM]"
"54250886","2026-08-06 20:56:15.426","2026-08-20 17:44:33.104","54250886","2026-08-06 20:08:22.000","[PREMIUM]","385","MI - WAYLAND",,,,"EDT","0","V",2017,"SUBARU","LEGACY","OUTBACK","SPORT UTILITY VEHICLE","SILVER","SIDE","REAR END","MI","CT","YES","D",114565,"A","[PREMIUM]",0,"3.6L 6","ALL WHEEL DRIVE","AUTOMATIC","GAS",6,"Run & Drive Verified","Pure Sale","[PREMIUM]",,"WAYLAND","MI","49348","USA","USD","[PREMIUM]","[PREMIUM]","I140",false,"[PREMIUM]","3.6R LIMITED",false,false,"[PREMIUM]",,,,,,,,"[PREMIUM]"
"53852676","2026-08-06 20:56:15.388","2026-08-13 14:32:18.409","53852676","2026-08-13 08:00:24.000","[PREMIUM]","385","MI - WAYLAND","2026-08-13","THURSDAY","1000","EDT","3276","V",2017,"CHEVROLET","SILVERADO","SILVERADO","4DR EXT CAB PICKUP","BLACK","FRONT END",,"MI","CT","YES","D",227986,"A","[PREMIUM]",8171.3,"5.3L 8","4X4 W/REAR WHEEL DRV","AUTOMATIC","GAS",8,"Run & Drive Verified","On Minimum Bid","[PREMIUM]",,"WAYLAND","MI","49348","USA","USD","[PREMIUM]","[PREMIUM]","S120",false,"[PREMIUM]","K1500 LT",false,false,"[PREMIUM]",,,,,,,,"[PREMIUM]"
"52558876","2026-08-06 20:56:15.324","2026-08-19 15:03:57.181","52558876","2026-08-13 16:53:16.000","[PREMIUM]","385","MI - WAYLAND","2026-08-20","THURSDAY","1000","EDT","0","V",2007,"LEXUS","ES350","ES","SEDAN 4DR","BLACK","FRONT END",,"MI","CT","YES","D",125483,"E","[PREMIUM]",11960,"3.5L 6","FRONT WHEEL DRIVE","AUTOMATIC","GAS",6,"Run & Drive Verified","On Minimum Bid","[PREMIUM]",,"WAYLAND","MI","49348","USA","USD","[PREMIUM]","[PREMIUM]","L130",false,"[PREMIUM]","350",false,false,"[PREMIUM]",,,,,,,,"[PREMIUM]"
"47953376","2026-08-06 20:56:15.159","2026-08-20 17:44:32.818","47953376","2026-08-06 14:35:29.000","[PREMIUM]","385","MI - WAYLAND",,,,"EDT","0","V",2011,"NISSAN","ALTIMA","ALTIMA","SEDAN","BLUE","FRONT END","SIDE","OH","ST","YES","S",223587,"A","[PREMIUM]",14776.63,"2.5L 4","FRONT WHEEL DRIVE","AUTOMATIC","GAS",4,"Vehicle Starts","Pure Sale","[PREMIUM]",,"WAYLAND","MI","49348","USA","USD","[PREMIUM]","[PREMIUM]","R210",false,"[PREMIUM]","2.5",false,false,"[PREMIUM]",,,,,,,,"[PREMIUM]"
"63955096","2026-08-06 20:56:14.887","2026-08-12 08:34:06.059","63955096","2026-08-12 08:00:03.000","[PREMIUM]","384","ME - WINDHAM","2026-08-12","WEDNESDAY","1000","EDT","56","V",2010,"TOYOTA","CAMRY","CAMRY","SEDAN","RED","REAR END","NORMAL WEAR","ME","CT","YES","D",257737,"E","[PREMIUM]",0,"2.5L 4","FRONT WHEEL DRIVE","AUTOMATIC","GAS",4,"Run & Drive Verified","On Minimum Bid","[PREMIUM]",,"WINDHAM","ME","04062","USA","USD","[PREMIUM]","[PREMIUM]","J020",true,"[PREMIUM]","LE",false,false,"[PREMIUM]",,,,,,,,"[PREMIUM]"
"63250466","2026-08-06 20:56:14.851","2026-08-20 17:44:32.017","63250466","2026-08-06 20:12:32.000","[PREMIUM]","384","ME - WINDHAM",,,,"EDT","0","V",2017,"JEEP","GRAND CHER","GRAND CHEROKEE","4DR SPORT UTILITY","WHITE","SIDE","REAR END","ME","ST","YES","D",151654,"A","[PREMIUM]",8716.24,"3.6L 6","4X4 W/REAR WHEEL DRV","AUTOMATIC","FLEXIBLE",6,"Run & Drive Verified","Pure Sale","[PREMIUM]",,"WINDHAM","ME","04062","USA","USD","[PREMIUM]","[PREMIUM]","C050",false,"[PREMIUM]","LIMITED",false,false,"[PREMIUM]",,,,,,,,"[PREMIUM]"
"63685646","2026-08-06 20:56:14.845","2026-08-12 08:34:06.051","63685646","2026-08-12 08:00:03.000","[PREMIUM]","384","ME - WINDHAM","2026-08-12","WEDNESDAY","1000","EDT","16","V",2014,"CHEVROLET","IMPALA","IMPALA",,"BLACK","REAR END",,"ME","ST","YES","D",201476,"A","[PREMIUM]",4690.23,,,"AUTOMATIC",,,"Run & Drive Verified","Pure Sale","[PREMIUM]",,"WINDHAM","ME","04062","USA","USD","[PREMIUM]","[PREMIUM]","A020",false,"[PREMIUM]",,false,false,"[PREMIUM]",,,,,,,,"[PREMIUM]"
"63042706","2026-08-06 20:56:14.841","2026-08-20 17:44:31.974","63042706","2026-08-07 15:17:48.000","[PREMIUM]","384","ME - WINDHAM",,,,"EDT","0","V",2013,"DODGE","AVENGER","AVENGER","SEDAN 4DR","BLUE","TOP/ROOF","REAR END","ME","ST","YES","D",122671,"A","[PREMIUM]",3597.3,"2.4L 4","FRONT WHEEL DRIVE","AUTOMATIC","GAS",4,"Run & Drive Verified","On Approval","[PREMIUM]",,"WINDHAM","ME","04062","USA","USD","[PREMIUM]","[PREMIUM]","A060",false,"[PREMIUM]","SE",false,false,"[PREMIUM]",,,,,,,,"[PREMIUM]"
"62884226","2026-08-06 20:56:14.817","2026-08-20 17:44:31.928","62884226","2026-08-07 14:34:13.000","[PREMIUM]","384","ME - WINDHAM",,,,"EDT","0","V",2015,"CHEVROLET","IMPALA","IMPALA",,"WHITE","SIDE",,"ME","ST","YES","D",114844,"A","[PREMIUM]",5724,,,"AUTOMATIC",,,"Run & Drive Verified","Pure Sale","[PREMIUM]",,"WINDHAM","ME","04062","USA","USD","[PREMIUM]","[PREMIUM]","H060",false,"[PREMIUM]","LT",false,false,"[PREMIUM]",,,,,,,,"[PREMIUM]"
"62571406","2026-08-06 20:56:14.775","2026-08-20 17:44:31.855","62571406","2026-08-06 20:12:32.000","[PREMIUM]","384","ME - WINDHAM",,,,"EDT","0","V",2013,"RAM","1500","1500","CREW PIC","BLUE","FRONT END","REAR END","ME","ST","YES","E",118092,"N","[PREMIUM]",13996.47,,,"AUTOMATIC",,,"DEFAULT","On Approval","[PREMIUM]",,"WINDHAM","ME","04062","USA","USD","[PREMIUM]","[PREMIUM]","I110",false,"[PREMIUM]","SLT",false,false,"[PREMIUM]",,,,,,,,"[PREMIUM]"
"61905456","2026-08-06 20:56:14.658","2026-08-20 17:44:31.562","61905456","2026-08-06 20:12:32.000","[PREMIUM]","384","ME - WINDHAM",,,,"EDT","0","V",2019,"HONDA","CIVIC","CIVIC","HATCHBACK","GRAY","FRONT END",,"ME","ST","YES","D",79273,"A","[PREMIUM]",0,"1.5L 4","FRONT WHEEL DRIVE","AUTOMATIC","GAS",4,"Run & Drive Verified","Pure Sale","[PREMIUM]",,"WINDHAM","ME","04062","USA","USD","[PREMIUM]","[PREMIUM]","B010",false,"[PREMIUM]","EX",false,false,"[PREMIUM]",,,,,,,,"[PREMIUM]"
"61680896","2026-08-06 20:56:14.610","2026-08-20 17:44:31.503","61680896","2026-08-07 20:40:16.000","[PREMIUM]","384","ME - WINDHAM",,,,"EDT","0","V",2003,"CHEVROLET","TRAILBLZR","TRAILBLAZER","4DR SPORT UTILITY","GREEN","FRONT END","SIDE","ME","ST","YES","D",242206,"A","[PREMIUM]",0,"4.2L 6","REAR WHEEL DRIVE","AUTOMATIC","GAS",6,"Run & Drive Verified","Pure Sale","[PREMIUM]",,"WINDHAM","ME","04062","USA","USD","[PREMIUM]","[PREMIUM]","D020",false,"[PREMIUM]",,false,false,"[PREMIUM]",,,,,,,,"[PREMIUM]"
"61483766","2026-08-06 20:56:14.562","2026-08-20 17:44:31.473","61483766","2026-08-06 20:21:48.000","[PREMIUM]","384","ME - WINDHAM",,,,"EDT","0","V",2011,"DODGE","CARAVAN","GRAND CARAVAN","SPORTS VAN","WHITE","FRONT END","SIDE","ME","ST","YES","D",159086,"A","[PREMIUM]",0,"3.6L 6","FRONT WHEEL DRIVE","AUTOMATIC","FLEXIBLE",6,"Run & Drive Verified","Pure Sale","[PREMIUM]",,"WINDHAM","ME","04062","USA","USD","[PREMIUM]","[PREMIUM]","C060",false,"[PREMIUM]","MAINSTREET",false,false,"[PREMIUM]",,,,,,,,"[PREMIUM]"
"60038836","2026-08-06 20:56:14.235","2026-08-20 17:44:31.158","60038836","2026-08-06 20:12:32.000","[PREMIUM]","384","ME - WINDHAM",,,,"EDT","0","V",2018,"DODGE","CHALLENGER","CHALLENGER","COUPE","WHITE","ROLLOVER",,"ME","ST","EXM","E",115809,"A","[PREMIUM]",12418,"3.6L 6","REAR WHEEL DRIVE","AUTOMATIC","FLEXIBLE",6,"DEFAULT","Pure Sale","[PREMIUM]",,"WINDHAM","ME","04062","USA","USD","[PREMIUM]","[PREMIUM]","G020",false,"[PREMIUM]","SXT",false,false,"[PREMIUM]",,,,,,,,"[PREMIUM]"
"59253956","2026-08-06 20:56:14.046","2026-08-19 15:03:54.379","59253956","2026-08-19 08:00:07.000","[PREMIUM]","384","ME - WINDHAM","2026-08-19","WEDNESDAY","1000","EDT","1118","V",2022,"CHEVROLET","SILVERADO","SILVERADO","PICKUP","BLUE","FRONT END","UNDERCARRIAGE","ID","SC","YES","S",33417,"A","[PREMIUM]",37508,"2.7L 4","4X4 W/REAR WHEEL DRV","AUTOMATIC","GAS",4,"Vehicle Starts","Pure Sale","[PREMIUM]",,"WINDHAM","ME","04062","USA","USD","[PREMIUM]","[PREMIUM]","G020",false,"[PREMIUM]","K1500 LT-L",false,false,"[PREMIUM]",,,,,,,,"[PREMIUM]"
"55548376","2026-08-06 20:56:12.986","2026-08-20 17:44:30.677","55548376","2026-08-06 20:21:48.000","[PREMIUM]","384","ME - WINDHAM",,,,"EDT","0","V",2003,"BUICK","LESABRE","LESABRE","SEDAN 4DR","GREEN","FRONT END","MECHANICAL","ME","ST","YES","E",0,"E","[PREMIUM]",9331.75,"3.8L 6","FRONT WHEEL DRIVE","AUTOMATIC","GAS",6,"DEFAULT","Pure Sale","[PREMIUM]",,"WINDHAM","ME","04062","USA","USD","[PREMIUM]","[PREMIUM]","G070",false,"[PREMIUM]","CUSTOM",false,false,"[PREMIUM]",,,,,,,,"[PREMIUM]"
"55055366","2026-08-06 20:56:12.885","2026-08-18 09:03:53.420","55055366","2026-08-13 14:32:51.000","[PREMIUM]","384","ME - WINDHAM","2026-08-19","WEDNESDAY","1000","EDT","0","V",2019,"VOLVO","XC90","XC90","SPORT UTILITY VEHICLE","BLUE","SIDE",,"ID","SC","YES","D",88099,"A","[PREMIUM]",13243,"2.0L 4","ALL WHEEL DRIVE","AUTOMATIC","GAS",4,"Run & Drive Verified","Pure Sale","[PREMIUM]",,"WINDHAM","ME","04062","USA","USD","[PREMIUM]","[PREMIUM]","E010",false,"[PREMIUM]","T5 MOMENTUM",false,false,"[PREMIUM]",,,,,,,,"[PREMIUM]"
"55118546","2026-08-06 20:56:12.864","2026-08-20 17:44:30.678","55118546","2026-08-06 20:12:32.000","[PREMIUM]","384","ME - WINDHAM",,,,"EDT","0","V",2026,"CHEVROLET","ALL Models","SILVERADO","PICKUP","WHITE","WATER/FLOOD",,"ME","ST","YES","D",14657,"A","[PREMIUM]",33185,"2.7L 4","4X4 W/REAR WHEEL DRV","AUTOMATIC","GAS",4,"Run & Drive Verified","Pure Sale","[PREMIUM]",,"WINDHAM","ME","04062","USA","USD","[PREMIUM]","[PREMIUM]","H040",false,"[PREMIUM]","K1500",false,false,"[PREMIUM]",,,,,,,,"[PREMIUM]"
"85607735","2026-08-06 20:56:12.487","2026-08-14 16:18:16.267","85607735","2026-08-13 12:03:40.000","[PREMIUM]","376","OH - AKRON","2026-08-14","FRIDAY","1000","EDT","1130","V",2026,"CHEVROLET","TRAILBLAZE","TRAILBLAZER","SPORT UTILITY VEHICLE","RED","SIDE","TOP/ROOF","OH","ST","YES","E",6196,"A","[PREMIUM]",27655.69,"1.3L 3","FRONT WHEEL DRIVE","AUTOMATIC","GAS",3,"DEFAULT","Pure Sale","[PREMIUM]",,"BARBERTON","OH","44203","USA","USD","[PREMIUM]","[PREMIUM]","C070",false,"[PREMIUM]","LT",false,false,"[PREMIUM]",,,,,,,,"[PREMIUM]"
"64116086","2026-08-06 20:56:12.346","2026-08-18 09:03:52.875","64116086","2026-08-17 12:10:46.000","[PREMIUM]","376","OH - AKRON","2026-08-18","TUESDAY","1000","EDT","59","V",2014,"INFINITI","Q60","Q60 COUPE","COUPE","RED","MINOR DENT/SCRATCHES",,"OH","CT","YES","D",168055,"N","[PREMIUM]",0,"3.7L 6","ALL WHEEL DRIVE","AUTOMATIC","GAS",6,"Run & Drive Verified","On Minimum Bid","[PREMIUM]",,"BARBERTON","OH","44203","USA","USD","[PREMIUM]","[PREMIUM]","D040",true,"[PREMIUM]","BASE",false,false,"[PREMIUM]",,,,,,,,"[PREMIUM]"
"64029646","2026-08-06 20:56:12.325","2026-08-13 14:32:15.949","64029646","2026-08-13 12:03:39.000","[PREMIUM]","376","OH - AKRON","2026-08-14","FRIDAY","1000","EDT","10","V",2021,"BUICK","ENVISION","ENVISION","SPORT UTILITY VEHICLE","RED","SIDE",,"OH","ST","YES","D",48910,"A","[PREMIUM]",15563.35,"2.0L 4","ALL WHEEL DRIVE","AUTOMATIC","GAS",4,"Run & Drive Verified","Pure Sale","[PREMIUM]",,"BARBERTON","OH","44203","USA","USD","[PREMIUM]","[PREMIUM]","C070",false,"[PREMIUM]","PREFERRED",false,false,"[PREMIUM]",,,,,,,,"[PREMIUM]"
"62353336","2026-08-06 20:56:11.975","2026-08-13 14:32:15.564","62353336","2026-08-13 12:03:39.000","[PREMIUM]","376","OH - AKRON","2026-08-14","FRIDAY","1000","EDT","9","V",2008,"FORD","FOCUS","FOCUS","SEDAN 4DR","BLUE","FRONT END",,"OH","ST","YES","D",65914,"A","[PREMIUM]",5314.28,"2.0L 4","FRONT WHEEL DRIVE","AUTOMATIC","GAS",4,"Run & Drive Verified","Pure Sale","[PREMIUM]",,"BARBERTON","OH","44203","USA","USD","[PREMIUM]","[PREMIUM]","C080",false,"[PREMIUM]","SE",false,false,"[PREMIUM]",,,,,,,,"[PREMIUM]"
"62104536","2026-08-06 20:56:11.906","2026-08-13 14:32:15.488","62104536","2026-08-13 12:03:39.000","[PREMIUM]","376","OH - AKRON","2026-08-14","FRIDAY","1000","EDT","22","V",2012,"HONDA","CIVIC","CIVIC","SEDAN 4DR","BLACK","SIDE",,"OH","ST","YES","D",113081,"A","[PREMIUM]",10688.57,"2.4L 4","FRONT WHEEL DRIVE","MANUAL","GAS",4,"Run & Drive Verified","On Minimum Bid","[PREMIUM]",,"BARBERTON","OH","44203","USA","USD","[PREMIUM]","[PREMIUM]","B040",false,"[PREMIUM]","SI",false,false,"[PREMIUM]",,,,,,,,"[PREMIUM]"
"61757046","2026-08-06 20:56:11.840","2026-08-13 14:32:15.363","61757046","2026-08-12 21:32:09.000","[PREMIUM]","841","CRASHEDTOYS POWERSPORT AUCTION","2026-08-13","THURSDAY","1200","CDT","1034","C",2007,"HARLEY-DAVIDSON","FLSE","FLHRSE3","ROAD","RED","MINOR DENT/SCRATCHES",,"OH","ST","YES","D",14139,"A","[PREMIUM]",11000,"2",,"MANUAL",,2,"Run & Drive Verified","Pure Sale","[PREMIUM]",,"BARBERTON","OH","44203","USA","USD","[PREMIUM]","[PREMIUM]","MC",false,"[PREMIUM]",,false,false,"[PREMIUM]",,,,,,,,"[PREMIUM]"
"61598146","2026-08-06 20:56:11.833","2026-08-19 15:03:53.260","61598146","2026-08-10 13:39:33.000","[PREMIUM]","836","HEAVY TRUCK SPECIALTY SALE","2026-08-20","THURSDAY","1100","CDT","0","U",2016,"PETERBILT","ALL OTHER","337","CONVENTIONAL CAB","TWO TONE","UNDERCARRIAGE",,"OH","ST","YES","E",0,"N","[PREMIUM]",0,"8.9L 6","REAR WHEEL DRIVE","MANUAL","DIESEL",6,"DEFAULT","Pure Sale","[PREMIUM]",,"BARBERTON","OH","44203","USA","USD","[PREMIUM]","[PREMIUM]","HV001",false,"[PREMIUM]",,false,false,"[PREMIUM]",,,,,,,,"[PREMIUM]"
"61281516","2026-08-06 20:56:11.742","2026-08-13 14:32:15.344","61281516","2026-08-13 12:03:39.000","[PREMIUM]","376","OH - AKRON","2026-08-14","FRIDAY","1000","EDT","40","V",2021,"HONDA","ACCORD","ACCORD","SEDAN","WHITE","REAR END",,"OH","ST","YES","D",211879,"A","[PREMIUM]",0,"1.5L 4","FRONT WHEEL DRIVE","AUTOMATIC","GAS",4,"Run & Drive Verified","Pure Sale","[PREMIUM]",,"BARBERTON","OH","44203","USA","USD","[PREMIUM]","[PREMIUM]","B040",false,"[PREMIUM]","EXL",false,false,"[PREMIUM]",,,,,,,,"[PREMIUM]"
"61242136","2026-08-06 20:56:11.736","2026-08-17 03:03:42.811","61242136","2026-08-14 14:48:32.000","[PREMIUM]","376","OH - AKRON","2026-08-18","TUESDAY","1000","EDT","0","V",2007,"HONDA","CRV","CR-V","4DR SPORT UTILITY","SILVER","FRONT END","SIDE","MT","CT","YES","D",179372,"E","[PREMIUM]",0,"2.4L 4","ALL WHEEL DRIVE","AUTOMATIC","GAS",4,"Run & Drive Verified","On Minimum Bid","[PREMIUM]",,"BARBERTON","OH","44203","USA","USD","[PREMIUM]","[PREMIUM]","G050",true,"[PREMIUM]","EX",false,false,"[PREMIUM]",,,,,,,,"[PREMIUM]"
"60749226","2026-08-06 20:56:11.642","2026-08-14 16:18:15.493","60749226","2026-08-13 12:03:40.000","[PREMIUM]","376","OH - AKRON","2026-08-14","FRIDAY","1000","EDT","1121","V",2016,"HONDA","CRV","CR-V","4DR SPORT UTILITY","GRAY","FRONT END","SIDE","OH","ST","YES","E",173230,"A","[PREMIUM]",0,"2.4L 4","ALL WHEEL DRIVE","AUTOMATIC","GAS",4,"DEFAULT","Pure Sale","[PREMIUM]",,"BARBERTON","OH","44203","USA","USD","[PREMIUM]","[PREMIUM]","F040",false,"[PREMIUM]","TOURING",false,false,"[PREMIUM]",,,,,,,,"[PREMIUM]"
"59074426","2026-08-06 20:56:11.292","2026-08-13 14:32:14.953","59074426","2026-08-13 12:03:39.000","[PREMIUM]","376","OH - AKRON","2026-08-14","FRIDAY","1000","EDT","114","V",2023,"TESLA","MODEL Y","MODEL Y","SPORT UTILITY VEHICLE","RED","FRONT END","SIDE","OH","ST","YES","D",26914,"A","[PREMIUM]",21677.9,,"ALL WHEEL DRIVE","AUTOMATIC","ELECTRIC",,"Run & Drive Verified","Pure Sale","[PREMIUM]",,"BARBERTON","OH","44203","USA","USD","[PREMIUM]","[PREMIUM]","E120",false,"[PREMIUM]",,false,false,"[PREMIUM]",,,,,,,,"[PREMIUM]"
"54507046","2026-08-06 20:56:10.972","2026-08-13 14:32:14.656","54507046","2026-08-13 12:03:39.000","[PREMIUM]","376","OH - AKRON","2026-08-14","FRIDAY","1000","EDT","8","V",2016,"CHRYSLER","MINIVAN","TOWN & COUNTRY","SPORTS VAN","SILVER","FRONT END",,"OH","ST","YES","D",166669,"A","[PREMIUM]",0,"3.6L 6","FRONT WHEEL DRIVE","AUTOMATIC","FLEXIBLE",6,"Run & Drive Verified","Pure Sale","[PREMIUM]",,"BARBERTON","OH","44203","USA","USD","[PREMIUM]","[PREMIUM]","F070",false,"[PREMIUM]","TOURING",false,false,"[PREMIUM]",,,,,,,,"[PREMIUM]"
"63614696","2026-08-06 20:56:10.724","2026-08-18 09:03:51.461","63614696","2026-08-18 08:00:16.000","[PREMIUM]","373","NC - LAGRANGE","2026-08-18","TUESDAY","1000","EDT","68","V",2005,"FORD","EXCURSION","EXCURSION","4DR SPORT UTILITY","TAN","MECHANICAL",,"NC","CZ","YES","D",269260,"E","[PREMIUM]",0,"6.8L 10","REAR WHEEL DRIVE","AUTOMATIC","GAS",10,"Run & Drive Verified","On Minimum Bid","[PREMIUM]",,"LA GRANGE","NC","28551","USA","USD","[PREMIUM]","[PREMIUM]","R130",true,"[PREMIUM]","LIMITED",false,false,"[PREMIUM]",,,,,,,,"[PREMIUM]"
"64020626","2026-08-06 20:56:10.719","2026-08-18 09:03:51.545","64020626","2026-08-18 08:00:16.000","[PREMIUM]","373","NC - LAGRANGE","2026-08-18","TUESDAY","1000","EDT","78","V",2016,"HYUNDAI","SONATA","SONATA","SEDAN 4DR","BURGUNDY","NORMAL WEAR",,"NC","CZ","YES","D",231668,"A","[PREMIUM]",0,"2.4L 4","FRONT WHEEL DRIVE","AUTOMATIC","GAS",4,"Run & Drive Verified","On Minimum Bid","[PREMIUM]",,"LA GRANGE","NC","28551","USA","USD","[PREMIUM]","[PREMIUM]","D090",true,"[PREMIUM]","SE",false,false,"[PREMIUM]",,,,,,,,"[PREMIUM]"
"63186476","2026-08-06 20:56:10.683","2026-08-20 17:44:28.659","63186476","2026-08-19 02:16:35.000","[PREMIUM]","373","NC - LAGRANGE","2026-08-25","TUESDAY","1000","EDT","0","V",2016,"KIA","FORTE","FORTE","SEDAN 4DR","BLUE","SIDE",,"NC","CZ","YES","D",152882,"A","[PREMIUM]",0,"1.8L 4","FRONT WHEEL DRIVE","AUTOMATIC","GAS",4,"Run & Drive Verified","On Minimum Bid","[PREMIUM]",,"LA GRANGE","NC","28551","USA","USD","[PREMIUM]","[PREMIUM]","E100",true,"[PREMIUM]","LX",false,false,"[PREMIUM]",,,,,,,,"[PREMIUM]"
"63038966","2026-08-06 20:56:10.668","2026-08-20 17:44:28.602","63038966","2026-08-18 15:58:18.000","[PREMIUM]","373","NC - LAGRANGE","2026-08-25","TUESDAY","1000","EDT","0","V",2017,"NISSAN","SENTRA","SENTRA","SEDAN","RED","NORMAL WEAR",,"NC","CZ","YES","D",148794,"A","[PREMIUM]",0,"1.8L 4","FRONT WHEEL DRIVE","AUTOMATIC","GAS",4,"Run & Drive Verified","On Minimum Bid","[PREMIUM]",,"LA GRANGE","NC","28551","USA","USD","[PREMIUM]","[PREMIUM]","INSP",true,"[PREMIUM]","SV",false,false,"[PREMIUM]",,,,,,,,"[PREMIUM]"
"62903206","2026-08-06 20:56:10.640","2026-08-14 16:18:14.559","62903206","2026-08-11 17:10:40.000","[PREMIUM]","373","NC - LAGRANGE","2026-08-18","TUESDAY","1000","EDT","0","V",2009,"TOYOTA","COROLLA","COROLLA","SEDAN","BLACK","FRONT END",,"NC","PX","YES",,255694,"E","[PREMIUM]",0,"1.8L 4","FRONT WHEEL DRIVE","AUTOMATIC","GAS",4,,"On Minimum Bid","[PREMIUM]",,"LA GRANGE","NC","28551","USA","USD","[PREMIUM]","[PREMIUM]","U120",true,"[PREMIUM]","LE",false,false,"[PREMIUM]",,,,,,,,"[PREMIUM]"
"61058376","2026-08-06 20:56:10.047","2026-08-18 09:03:50.278","61058376","2026-08-18 08:00:16.000","[PREMIUM]","373","NC - LAGRANGE","2026-08-18","TUESDAY","1000","EDT","129","V",2014,"KIA","SORENTO","SORENTO","SUV","BLACK","NORMAL WEAR","MINOR DENT/SCRATCHES","NC","PX","YES","D",165992,"A","[PREMIUM]",0,"3.3L 6","FRONT WHEEL DRIVE","AUTOMATIC","GAS",6,"Run & Drive Verified","On Minimum Bid","[PREMIUM]","TITLE BRANDED AS LEMON      ","LA GRANGE","NC","28551","USA","USD","[PREMIUM]","[PREMIUM]","U110",true,"[PREMIUM]","SX LIMITED",false,false,"[PREMIUM]",,,,,,,,"[PREMIUM]"
"60648616","2026-08-06 20:56:09.865","2026-08-18 09:03:50.073","60648616","2026-08-18 08:00:17.000","[PREMIUM]","373","NC - LAGRANGE","2026-08-18","TUESDAY","1000","EDT","2583","V",2009,"HONDA","CRV","CR-V","4DR SPORT UTILITY","GREEN","FRONT END",,"NC","SC","NO","E",0,"E","[PREMIUM]",7547.02,"2.4L 4","ALL WHEEL DRIVE","AUTOMATIC","GAS",4,"DEFAULT","Pure Sale","[PREMIUM]",,"LA GRANGE","NC","28551","USA","USD","[PREMIUM]","[PREMIUM]","F100",false,"[PREMIUM]","EXL",false,false,"[PREMIUM]",,,,,,,,"[PREMIUM]"
"47706766","2026-08-06 20:56:07.923","2026-08-11 02:31:56.601","47706766","2026-08-06 19:23:47.000","[PREMIUM]","373","NC - LAGRANGE","2026-08-11","TUESDAY","1000","EDT","0","V",2021,"CHEVROLET","EQUINOX","EQUINOX","SPORT UTILITY VEHICLE","BLUE","REAR END","SIDE","NC","SC","NO","E",50118,"N","[PREMIUM]",17265.72,"1.5L 4","ALL WHEEL DRIVE","AUTOMATIC","GAS",4,"DEFAULT","Pure Sale","[PREMIUM]",,"LA GRANGE","NC","28551","USA","USD","[PREMIUM]","[PREMIUM]","G060",false,"[PREMIUM]","LT",false,false,"[PREMIUM]",,,,,,,,"[PREMIUM]"
"47947266","2026-08-06 20:56:07.922","2026-08-11 02:31:56.579","47947266","2026-08-06 19:46:01.000","[PREMIUM]","373","NC - LAGRANGE","2026-08-11","TUESDAY","1000","EDT","0","V",2012,"HONDA","CRV","CR-V","4DR SPORT UTILITY","GREEN","FRONT END","SIDE","NC","SC","YES","D",131124,"N","[PREMIUM]",7415.35,"2.4L 4","ALL WHEEL DRIVE","AUTOMATIC","GAS",4,"Run & Drive Verified","Pure Sale","[PREMIUM]",,"LA GRANGE","NC","28551","USA","USD","[PREMIUM]","[PREMIUM]","K090",false,"[PREMIUM]","EXL",false,false,"[PREMIUM]",,,,,,,,"[PREMIUM]"
"85627285","2026-08-06 20:56:07.659","2026-08-17 03:03:39.342","85627285","2026-08-08 17:03:55.000","[PREMIUM]","371","WI - MILWAUKEE SOUTH","2026-08-17","MONDAY","1200","CDT","0","V",2010,"TOYOTA","COROLLA","COROLLA","SEDAN","BLACK","FRONT END",,"WI","BP","YES","D",137463,"E","[PREMIUM]",7679.27,"1.8L 4","FRONT WHEEL DRIVE","AUTOMATIC","GAS",4,"Run & Drive Verified","Pure Sale","[PREMIUM]",,"FRANKLIN","WI","53132","USA","USD","[PREMIUM]","[PREMIUM]","C030",false,"[PREMIUM]","LE",false,false,"[PREMIUM]",,,,,,,,"[PREMIUM]"
"79135685","2026-08-06 20:56:07.497","2026-08-20 17:44:26.794","79135685","2026-08-17 17:03:21.000","[PREMIUM]","371","WI - MILWAUKEE SOUTH","2026-08-24","MONDAY","1200","CDT","0","V",2017,"KIA","NIRO","NIRO","SPORT UTILITY VEHICLE","GRAY","SIDE",,"GA","ST","YES","D",167688,"A","[PREMIUM]",3556.23,"1.6L 4","FRONT WHEEL DRIVE","AUTOMATIC","ELECTRIC AND GAS HYBRID",4,"Run & Drive Verified","Pure Sale","[PREMIUM]",,"FRANKLIN","WI","53132","USA","USD","[PREMIUM]","[PREMIUM]","1B060",false,"[PREMIUM]","EX TOURING",false,false,"[PREMIUM]",,,,,,,,"[PREMIUM]"
"64068746","2026-08-06 20:56:07.338","2026-08-09 20:57:05.835","64068746","2026-08-07 14:03:09.000","[PREMIUM]","371","WI - MILWAUKEE SOUTH","2026-08-10","MONDAY","1200","CDT","0","V",2010,"HONDA","FIT","FIT","HATCHBACK 4DR","BLUE","TOP/ROOF",,"WI","BP","YES","D",213855,"E","[PREMIUM]",8590.53,"1.5L 4","FRONT WHEEL DRIVE","MANUAL","GAS",4,"Run & Drive Verified","Pure Sale","[PREMIUM]",,"FRANKLIN","WI","53132","USA","USD","[PREMIUM]","[PREMIUM]","1C080",false,"[PREMIUM]","SPORT",false,false,"[PREMIUM]",,,,,,,,"[PREMIUM]"
"63820076","2026-08-06 20:56:07.333","2026-08-09 20:57:05.852","63820076","2026-08-06 21:08:00.000","[PREMIUM]","371","WI - MILWAUKEE SOUTH","2026-08-10","MONDAY","1200","CDT","0","V",2020,"LEXUS","IS","IS","SEDAN","GRAY","VANDALISM",,"AZ","SC","NO","E",27338,"A","[PREMIUM]",0,"3.5L 6","ALL WHEEL DRIVE","AUTOMATIC","GAS",6,"DEFAULT","Pure Sale","[PREMIUM]",,"FRANKLIN","WI","53132","USA","USD","[PREMIUM]","[PREMIUM]","1B060",false,"[PREMIUM]","300 F SPORT",false,false,"[PREMIUM]",,,,,,,,"[PREMIUM]"
"63945846","2026-08-06 20:56:07.332","2026-08-09 20:57:05.845","63945846","2026-08-07 14:54:23.000","[PREMIUM]","371","WI - MILWAUKEE SOUTH","2026-08-10","MONDAY","1200","CDT","0","V",2007,"CHEVROLET","SUBURBAN","SUBURBAN","4DR SPORT UTILITY","TAN","REAR END",,"WI","CT","YES","D",176091,"E","[PREMIUM]",0,"5.3L 8","4X4 W/REAR WHEEL DRV","AUTOMATIC","FLEXIBLE",8,"Run & Drive Verified","On Minimum Bid","[PREMIUM]",,"FRANKLIN","WI","53132","USA","USD","[PREMIUM]","[PREMIUM]","A030",false,"[PREMIUM]","K1500",false,false,"[PREMIUM]",,,,,,,,"[PREMIUM]"
"64084486","2026-08-06 20:56:07.323","2026-08-12 14:35:31.274","64084486","2026-08-11 12:15:47.000","[PREMIUM]","371","WI - MILWAUKEE SOUTH","2026-08-17","MONDAY","1200","CDT","0","V",2016,"FORD","FOCUS","FOCUS","SEDAN 4DR","RED","MINOR DENT/SCRATCHES","DAMAGE HISTORY","WI","CT","YES","D",123454,"A","[PREMIUM]",0,"2.0L 4","FRONT WHEEL DRIVE","AUTOMATIC","GAS",4,"Run & Drive Verified","On Minimum Bid","[PREMIUM]",,"FRANKLIN","WI","53132","USA","USD","[PREMIUM]","[PREMIUM]","A010",true,"[PREMIUM]","SE",false,false,"[PREMIUM]",,,,,,,,"[PREMIUM]"
"64085586","2026-08-06 20:56:07.317","2026-08-09 20:57:05.906","64085586","2026-08-06 16:16:07.000","[PREMIUM]","371","WI - MILWAUKEE SOUTH","2026-08-10","MONDAY","1200","CDT","0","V",2015,"TOYOTA","CAMRY","CAMRY","SEDAN","BLUE","UNDERCARRIAGE",,"WI","CT","YES","D",305190,"A","[PREMIUM]",0,"2.5L 4","FRONT WHEEL DRIVE","AUTOMATIC","GAS",4,"Run & Drive Verified","On Minimum Bid","[PREMIUM]",,"FRANKLIN","WI","53132","USA","USD","[PREMIUM]","[PREMIUM]","A080",true,"[PREMIUM]","SE",false,false,"[PREMIUM]",,,,,,,,"[PREMIUM]"
"63385106","2026-08-06 20:56:07.269","2026-08-17 03:03:38.303","63385106","2026-08-08 17:08:25.000","[PREMIUM]","371","WI - MILWAUKEE SOUTH","2026-08-17","MONDAY","1200","CDT","0","V",2016,"JEEP","CHEROKEE","GRAND CHEROKEE","4DR SPORT UTILITY","GRAY","REAR END","SIDE","WI","BP","YES","D",82402,"A","[PREMIUM]",15791.62,"3.6L 6","4X4 W/REAR WHEEL DRV","AUTOMATIC","FLEXIBLE",6,"Run & Drive Verified","Pure Sale","[PREMIUM]",,"FRANKLIN","WI","53132","USA","USD","[PREMIUM]","[PREMIUM]","J050",false,"[PREMIUM]","LAREDO",false,false,"[PREMIUM]",,,,,,,,"[PREMIUM]"
"63255556","2026-08-06 20:56:07.258","2026-08-17 03:03:38.252","63255556","2026-08-08 13:05:37.000","[PREMIUM]","371","WI - MILWAUKEE SOUTH","2026-08-17","MONDAY","1200","CDT","0","V",2016,"FORD","EDGE","EDGE","4DR SPORT UTILITY","BLACK","REAR END","SIDE","WI","BP","YES","D",105703,"A","[PREMIUM]",14549,"3.5L 6","FRONT WHEEL DRIVE","AUTOMATIC","GAS",6,"Run & Drive Verified","Pure Sale","[PREMIUM]",,"FRANKLIN","WI","53132","USA","USD","[PREMIUM]","[PREMIUM]","C020",false,"[PREMIUM]","SEL",false,false,"[PREMIUM]",,,,,,,,"[PREMIUM]"
"63347926","2026-08-06 20:56:07.256","2026-08-13 14:32:11.071","63347926","2026-08-13 10:00:37.000","[PREMIUM]","836","HEAVY TRUCK SPECIALTY SALE","2026-08-13","THURSDAY","1100","CDT","4449","R",2010,"KEYSTONE","UNKNOWN","UNKNOWN",,"WHITE","TOP/ROOF",,"WI","BP","EXM","E",0,"E","[PREMIUM]",10218.21,,,"NONE",,,"DEFAULT","Pure Sale","[PREMIUM]",,"FRANKLIN","WI","53132","USA","USD","[PREMIUM]","[PREMIUM]","1A060",false,"[PREMIUM]",,false,false,"[PREMIUM]",,,,,,,,"[PREMIUM]"
"63357096","2026-08-06 20:56:07.254","2026-08-09 20:57:05.628","63357096","2026-08-06 20:19:03.000","[PREMIUM]","371","WI - MILWAUKEE SOUTH","2026-08-10","MONDAY","1200","CDT","0","V",2013,"CHEVROLET","SONIC","SONIC","SEDAN 4DR","SILVER","MECHANICAL","FRONT END","WI","CT","YES","D",157080,"A","[PREMIUM]",0,"1.8L 4","FRONT WHEEL DRIVE","AUTOMATIC","GAS",4,"Run & Drive Verified","On Minimum Bid","[PREMIUM]",,"FRANKLIN","WI","53132","USA","USD","[PREMIUM]","[PREMIUM]","1B040",true,"[PREMIUM]","LT",false,false,"[PREMIUM]",,,,,,,,"[PREMIUM]"
"63358356","2026-08-06 20:56:07.254","2026-08-17 03:03:38.310","63358356","2026-08-14 18:31:44.000","[PREMIUM]","371","WI - MILWAUKEE SOUTH","2026-08-17","MONDAY","1200","CDT","0","V",2015,"FORD","F150","F150","CREW PICKUP","WHITE","FRONT END","SIDE","WI","BP","YES","D",102438,"A","[PREMIUM]",18292,"5.0L 8","4X4 W/REAR WHEEL DRV","AUTOMATIC","GAS",8,"Run & Drive Verified","On Minimum Bid","[PREMIUM]",,"FRANKLIN","WI","53132","USA","USD","[PREMIUM]","[PREMIUM]","B090",false,"[PREMIUM]","SUPERCREW",false,false,"[PREMIUM]",,,,,,,,"[PREMIUM]"
"62898686","2026-08-06 20:56:07.188","2026-08-09 20:57:05.484","62898686","2026-08-06 16:32:46.000","[PREMIUM]","371","WI - MILWAUKEE SOUTH","2026-08-10","MONDAY","1200","CDT","0","V",2001,"NISSAN","FRONTIER","FRONTIER","PICKUP","GREEN","MINOR DENT/SCRATCHES",,"IL","CT","YES","D",186487,"E","[PREMIUM]",0,"3.3L 6","FOUR BY FOUR","AUTOMATIC","GAS",6,"Run & Drive Verified","On Minimum Bid","[PREMIUM]",,"FRANKLIN","WI","53132","USA","USD","[PREMIUM]","[PREMIUM]","1D010",false,"[PREMIUM]","SC",false,false,"[PREMIUM]",,,,,,,,"[PREMIUM]"
"62545606","2026-08-06 20:56:06.945","2026-08-19 21:07:47.981","62545606","2026-08-18 18:07:46.000","[PREMIUM]","371","WI - MILWAUKEE SOUTH","2026-08-24","MONDAY","1200","CDT","0","V",2013,"TOYOTA","PRIUS","PRIUS","HATCHBACK","GRAY","REAR END","SIDE","WI","CT","YES","D",208401,"A","[PREMIUM]",0,"1.8L 4","FRONT WHEEL DRIVE","AUTOMATIC","ELECTRIC AND GAS HYBRID",4,"Run & Drive Verified","On Minimum Bid","[PREMIUM]",,"FRANKLIN","WI","53132","USA","USD","[PREMIUM]","[PREMIUM]","A070",false,"[PREMIUM]","TWO",false,false,"[PREMIUM]",,,,,,,,"[PREMIUM]"
"62571906","2026-08-06 20:56:06.918","2026-08-12 08:33:58.757","62571906","2026-08-12 02:45:37.000","[PREMIUM]","881","*NCS - CENTRAL REGION","2026-08-12","WEDNESDAY","2000","CDT","0","V",2002,"MERCEDES-BENZ","S-CLASS","S","SEDAN 4DR","SILVER","MINOR DENT/SCRATCHES",,"WI","SC","YES","D",139881,"E","[PREMIUM]",0,"5.5L 8","REAR WHEEL DRIVE","AUTOMATIC","GAS",8,"Run & Drive Verified","On Minimum Bid","[PREMIUM]",,"FRANKLIN","WI","53132","USA","USD","[PREMIUM]","[PREMIUM]","1D080",true,"[PREMIUM]","55 AMG",false,false,"[PREMIUM]",,,,,,,,"[PREMIUM]"
"62434826","2026-08-06 20:56:06.886","2026-08-17 03:03:37.565","62434826","2026-08-14 18:43:12.000","[PREMIUM]","371","WI - MILWAUKEE SOUTH","2026-08-17","MONDAY","1200","CDT","0","R",2011,"CIRU","UNKNOWN","UNKNOWN",,"TWO TONE","TOP/ROOF","FRONT END","WI","CT","EXM","E",0,"N","[PREMIUM]",7834,,,"NONE",,,"DEFAULT","On Minimum Bid","[PREMIUM]",,"FRANKLIN","WI","53132","USA","USD","[PREMIUM]","[PREMIUM]","HV002",false,"[PREMIUM]",,false,false,"[PREMIUM]",,,,,,,,"[PREMIUM]"
"61193435","2026-08-06 20:56:06.380","2026-08-17 03:03:37.470","61193435","2026-08-08 12:09:22.000","[PREMIUM]","371","WI - MILWAUKEE SOUTH","2026-08-17","MONDAY","1200","CDT","0","V",1999,"CHEVROLET","LUMINA","LUMINA","SEDAN 4DR","BLUE","SIDE","REAR END","WI","BP","YES","D",187746,"E","[PREMIUM]",10756.53,"3.1L 6","FRONT WHEEL DRIVE","AUTOMATIC","GAS",6,"Run & Drive Verified","Pure Sale","[PREMIUM]",,"FRANKLIN","WI","53132","USA","USD","[PREMIUM]","[PREMIUM]","C070",false,"[PREMIUM]","BASE",false,false,"[PREMIUM]",,,,,,,,"[PREMIUM]"
"60878086","2026-08-06 20:56:06.211","2026-08-20 17:44:25.056","60878086","2026-08-06 22:21:19.000","[PREMIUM]","371","WI - MILWAUKEE SOUTH",,,,"CDT","0","V",2014,"CHEVROLET","ALL Models","SILVERADO","4DR EXT CAB PICKUP","BURGUNDY","SIDE","REAR END","MN","ST","YES","S",149687,"A","[PREMIUM]",13617,"5.3L 8","4X4 W/REAR WHEEL DRV","AUTOMATIC","GAS",8,"Vehicle Starts","Pure Sale","[PREMIUM]",,"FRANKLIN","WI","53132","USA","USD","[PREMIUM]","[PREMIUM]","A110",false,"[PREMIUM]","K1500 LTZ",false,false,"[PREMIUM]",,,,,,,,"[PREMIUM]"
"60647045","2026-08-06 20:56:06.113","2026-08-11 02:31:55.782","60647045","2026-08-10 22:25:38.000","[PREMIUM]","855","WHOLESALE AUCTION","2026-08-11","TUESDAY","1200","EDT","173","V",2012,"FORD","F150","F150","4DR EXT CAB PICKUP","BLACK","MINOR DENT/SCRATCHES",,"WI","CT","YES","D",202760,"A","[PREMIUM]",4158,"3.7L 6","REAR WHEEL DRIVE","AUTOMATIC","FLEXIBLE",6,"Run & Drive Verified","On Minimum Bid","[PREMIUM]",,"FRANKLIN","WI","53132","USA","USD","[PREMIUM]","[PREMIUM]","A020",false,"[PREMIUM]","SUPER CAB",false,true,"[PREMIUM]",,,,,"GREEN LIGHT",4.2,,"[PREMIUM]"
"59980316","2026-08-06 20:56:05.855","2026-08-17 03:03:36.803","59980316","2026-08-12 17:49:46.000","[PREMIUM]","371","WI - MILWAUKEE SOUTH","2026-08-17","MONDAY","1200","CDT","0","C",2004,"SUZUKI","GSXR1000","GSX-R1000","RACER","TWO TONE","SIDE",,"WI","BP","YES","S",13057,"E","[PREMIUM]",5670.82,"4",,"MANUAL",,4,"Vehicle Starts","Pure Sale","[PREMIUM]",,"FRANKLIN","WI","53132","USA","USD","[PREMIUM]","[PREMIUM]","MC001",false,"[PREMIUM]",,false,false,"[PREMIUM]",,,,,,,,"[PREMIUM]"
"58582796","2026-08-06 20:56:05.459","2026-08-09 20:57:03.355","58582796","2026-08-07 17:48:36.000","[PREMIUM]","371","WI - MILWAUKEE SOUTH","2026-08-10","MONDAY","1200","CDT","0","V",2015,"HONDA","ACCORD","ACCORD","SEDAN 4DR","GRAY","FRONT END","SIDE","WI","BP","YES","E",0,"N","[PREMIUM]",0,"2.4L 4","FRONT WHEEL DRIVE","AUTOMATIC","GAS",4,"DEFAULT","On Minimum Bid","[PREMIUM]",,"FRANKLIN","WI","53132","USA","USD","[PREMIUM]","[PREMIUM]","D050",false,"[PREMIUM]","EXL",false,false,"[PREMIUM]",,,,,,,,"[PREMIUM]"
"57210986","2026-08-06 20:56:05.152","2026-08-17 03:03:36.113","57210986","2026-08-14 18:12:55.000","[PREMIUM]","371","WI - MILWAUKEE SOUTH","2026-08-17","MONDAY","1200","CDT","0","V",2019,"TOYOTA","CAMRY","CAMRY","SEDAN","BLACK","ROLLOVER",,"WI","BP","YES","D",74602,"A","[PREMIUM]",22831,"3.5L 6","FRONT WHEEL DRIVE","AUTOMATIC","GAS",6,"Run & Drive Verified","On Minimum Bid","[PREMIUM]",,"FRANKLIN","WI","53132","USA","USD","[PREMIUM]","[PREMIUM]","E030",false,"[PREMIUM]","XSE V6",false,false,"[PREMIUM]",,,,,,,,"[PREMIUM]"
"49958216","2026-08-06 20:56:04.304","2026-08-17 03:03:35.444","49958216","2026-08-14 17:56:41.000","[PREMIUM]","371","WI - MILWAUKEE SOUTH","2026-08-17","MONDAY","1200","CDT","0","V",2017,"RAM","1500","1500","CREW PICKUP","CHARCOAL","SIDE",,"WI","CT","YES","D",178757,"A","[PREMIUM]",9727.89,"5.7L 8","4X4 W/REAR WHEEL DRV","AUTOMATIC","GAS",8,"Run & Drive Verified","Pure Sale","[PREMIUM]",,"FRANKLIN","WI","53132","USA","USD","[PREMIUM]","[PREMIUM]","P010",false,"[PREMIUM]","SLT",false,false,"[PREMIUM]",,,,,,,,"[PREMIUM]"
"98269775","2026-08-06 20:56:04.270","2026-08-09 20:57:01.961","98269775","2026-08-06 15:31:54.000","[PREMIUM]","370","IN - DYER","2026-08-10","MONDAY","1200","CDT","0","V",2015,"GMC","TERRAIN","TERRAIN","4DR SPOR","BEIGE","FRONT END",,"IN","BP","YES","S",120280,"N","[PREMIUM]",9195.65,"2.4L  4","Front-wheel Drive","AUTOMATIC","FLEXIBLE FUEL",4,"Vehicle Starts","Pure Sale","[PREMIUM]",,"DYER","IN","46311","USA","USD","[PREMIUM]","[PREMIUM]","G150",false,"[PREMIUM]","SLE",false,false,"[PREMIUM]",,,,,,,,"[PREMIUM]"
"97682005","2026-08-06 20:56:03.819","2026-08-20 17:44:23.635","97682005","2026-08-06 19:42:21.000","[PREMIUM]","370","IN - DYER",,,,"CDT","0","V",2012,"HONDA","CIVIC","CIVIC","SEDAN 4DR","BLUE","FRONT END","WATER/FLOOD","IN","ST","YES","D",219319,"A","[PREMIUM]",4197.34,"1.8L 4","FRONT WHEEL DRIVE","AUTOMATIC","GAS",4,"Run & Drive Verified","Pure Sale","[PREMIUM]",,"DYER","IN","46311","USA","USD","[PREMIUM]","[PREMIUM]","C140",false,"[PREMIUM]","EX",false,false,"[PREMIUM]",,,,,,,,"[PREMIUM]"
"96081855","2026-08-06 20:56:03.801","2026-08-17 03:03:35.219","96081855","2026-08-13 01:06:00.000","[PREMIUM]","370","IN - DYER","2026-08-17","MONDAY","1200","CDT","0","V",2015,"GMC","YUKON","YUKON","4DR SPOR","BLACK","REAR END","MINOR DENT/SCRATCHES","IN","BP","YES","D",124491,"N","[PREMIUM]",7366.11,"5.3L  8","4x4 w/Rear Wheel Drv","AUTOMATIC","GAS",8,"Run & Drive Verified","On Approval","[PREMIUM]",,"DYER","IN","46311","USA","USD","[PREMIUM]","[PREMIUM]","SB004",false,"[PREMIUM]","SLE",false,false,"[PREMIUM]",,,,,,,,"[PREMIUM]"
"91796545","2026-08-06 20:56:03.780","2026-08-20 17:44:23.642","91796545","2026-08-06 18:46:56.000","[PREMIUM]","370","IN - DYER",,,,"CDT","0","V",2011,"KIA","All Models","SEDONA",,"SILVER","FRONT END","SIDE","IN","ST","YES","D",70608,"A","[PREMIUM]",5256.6,"3.5L  6","Front-wheel Drive","AUTOMATIC","GAS",6,"Run & Drive Verified","Pure Sale","[PREMIUM]",,"DYER","IN","46311","USA","USD","[PREMIUM]","[PREMIUM]","A230",false,"[PREMIUM]","LX",false,false,"[PREMIUM]",,,,,,,,"[PREMIUM]"
"78379635","2026-08-06 20:56:03.506","2026-08-09 20:57:01.634","78379635","2026-08-06 15:07:01.000","[PREMIUM]","370","IN - DYER","2026-08-10","MONDAY","1200","CDT","0","V",2008,"CHEVROLET","ALL Models","SILVERADO","CREW PICKUP","RED","ALL OVER",,"IN","BP","YES","E",0,"E","[PREMIUM]",6252.61,"6.0L 8","4x4 w/Rear Wheel Drv","AUTOMATIC","Gas",8,"DEFAULT","Pure Sale","[PREMIUM]",,"DYER","IN","46311","USA","USD","[PREMIUM]","[PREMIUM]","C060",false,"[PREMIUM]","K2500 HEAVY DUTY",false,false,"[PREMIUM]",,,,,,,,"[PREMIUM]"
"76650195","2026-08-06 20:56:03.455","2026-08-09 20:57:01.531","76650195","2026-08-06 17:51:30.000","[PREMIUM]","370","IN - DYER","2026-08-10","MONDAY","1200","CDT","0","V",2016,"FORD","ESCAPE","ESCAPE",,"WHITE","FRONT END","SIDE","IN","BP","YES","D",87724,"N","[PREMIUM]",7490.31,"2.0L  4","4x4 w/Front Whl Drv","AUTOMATIC","GAS",4,"Run & Drive Verified","Pure Sale","[PREMIUM]",,"DYER","IN","46311","USA","USD","[PREMIUM]","[PREMIUM]","A060",false,"[PREMIUM]","TITANIUM",false,false,"[PREMIUM]",,,,,,,,"[PREMIUM]"
"75302735","2026-08-06 20:56:03.452","2026-08-17 03:03:34.963","75302735","2026-08-11 19:12:48.000","[PREMIUM]","370","IN - DYER","2026-08-17","MONDAY","1200","CDT","0","V",2022,"VOLKSWAGEN","ATLAS","ATLAS",,"SILVER","FRONT END",,"IN","BP","YES","D",27781,"N","[PREMIUM]",26926.44,"2.0L  4","ALL WHEEL DRIVE","AUTOMATIC","GAS",4,"Run & Drive Verified","On Minimum Bid","[PREMIUM]",,"DYER","IN","46311","USA","USD","[PREMIUM]","[PREMIUM]","C230",false,"[PREMIUM]","SE",false,false,"[PREMIUM]",,,,,,,,"[PREMIUM]"
"63497876","2026-08-06 20:56:03.375","2026-08-19 21:07:45.792","63497876","2026-08-19 19:00:30.000","[PREMIUM]","881","*NCS - CENTRAL REGION","2026-08-19","WEDNESDAY","2000","CDT","2039","V",2016,"CHEVROLET","SUBURBAN","SUBURBAN","4DR SPORT UTILITY","WHITE","NORMAL WEAR",,"IN","CT","YES","D",179630,"A","[PREMIUM]",0,"5.3L 8","4X4 W/REAR WHEEL DRV","AUTOMATIC","GAS",8,"Run & Drive Verified","On Minimum Bid","[PREMIUM]",,"DYER","IN","46311","USA","USD","[PREMIUM]","[PREMIUM]","C160",true,"[PREMIUM]","K1500 LT",false,false,"[PREMIUM]",,,,,,,,"[PREMIUM]"
"63531966","2026-08-06 20:56:03.294","2026-08-20 17:44:22.791","63531966","2026-08-19 14:34:04.000","[PREMIUM]","370","IN - DYER",,,,"CDT","0","V",2020,"HONDA","RIDGELINE","RIDGELINE","PICKUP","BLUE","REAR END",,"IN","ST","YES","D",90532,"A","[PREMIUM]",23081.36,"3.5L 6","ALL WHEEL DRIVE","AUTOMATIC","GAS",6,"Run & Drive Verified","Pure Sale","[PREMIUM]",,"DYER","IN","46311","USA","USD","[PREMIUM]","[PREMIUM]","C080",false,"[PREMIUM]","RTL",false,false,"[PREMIUM]",,,,,,,,"[PREMIUM]"
"63106646","2026-08-06 20:56:03.268","2026-08-11 02:31:54.028","63106646","2026-08-10 20:01:01.000","[PREMIUM]","855","WHOLESALE AUCTION","2026-08-11","TUESDAY","1200","EDT","8145","V",2015,"DODGE","CHARGER","CHARGER","SEDAN 4DR","BROWN","NORMAL WEAR",,"IL","CT","YES","E",150741,"A","[PREMIUM]",0,"5.7L 8","ALL WHEEL DRIVE","AUTOMATIC","GAS",8,"DEFAULT","Pure Sale","[PREMIUM]",,"DYER","IN","46311","USA","USD","[PREMIUM]","[PREMIUM]","A210",false,"[PREMIUM]","POLICE",false,true,"[PREMIUM]",,,,,,0,,"[PREMIUM]"
"63231126","2026-08-06 20:56:03.251","2026-08-20 17:44:22.740","63231126","2026-08-10 14:07:56.000","[PREMIUM]","370","IN - DYER",,,,"CDT","0","V",2015,"GMC","ACADIA","ACADIA","4DR SPORT UTILITY","BURGUNDY","FRONT END","SIDE","IN","ST","YES","E",0,"N","[PREMIUM]",2268,"3.6L 6","FRONT WHEEL DRIVE","AUTOMATIC","GAS",6,"DEFAULT","Pure Sale","[PREMIUM]",,"DYER","IN","46311","USA","USD","[PREMIUM]","[PREMIUM]","A180",false,"[PREMIUM]","SLE",false,false,"[PREMIUM]",,,,,,,,"[PREMIUM]"
"63003676","2026-08-06 20:56:03.229","2026-08-17 03:03:34.644","63003676","2026-08-11 14:49:37.000","[PREMIUM]","370","IN - DYER","2026-08-17","MONDAY","1200","CDT","0","V",2020,"LINCOLN","NAUTILUS","NAUTILUS","SPORT UTILITY VEHICLE","BLACK","FRONT END","MINOR DENT/SCRATCHES","IN","ST","YES","D",96603,"A","[PREMIUM]",22728.69,"2.0L 4","ALL WHEEL DRIVE","AUTOMATIC","GAS",4,"Run & Drive Verified","Pure Sale","[PREMIUM]",,"DYER","IN","46311","USA","USD","[PREMIUM]","[PREMIUM]","SC001",false,"[PREMIUM]","RESERVE",false,false,"[PREMIUM]",,,,,,,,"[PREMIUM]"
"62995506","2026-08-06 20:56:03.228","2026-08-17 03:03:34.589","62995506","2026-08-11 14:50:27.000","[PREMIUM]","370","IN - DYER","2026-08-17","MONDAY","1200","CDT","0","V",2017,"TOYOTA","COROLLA","COROLLA","SEDAN","BLACK","REAR END","SIDE","IN","ST","YES","D",278502,"A","[PREMIUM]",9518.38,"1.8L 4","FRONT WHEEL DRIVE","AUTOMATIC","GAS",4,"Run & Drive Verified","Pure Sale","[PREMIUM]",,"DYER","IN","46311","USA","USD","[PREMIUM]","[PREMIUM]","E170",false,"[PREMIUM]","LE",false,false,"[PREMIUM]",,,,,,,,"[PREMIUM]"
"62637166","2026-08-06 20:56:03.185","2026-08-20 17:44:22.547","62637166","2026-08-06 19:41:15.000","[PREMIUM]","370","IN - DYER",,,,"CDT","0","V",2014,"JEEP","PATRIOT","PATRIOT","4DR SPORT UTILITY","WHITE","FRONT END",,"IN","ST","YES","S",167259,"A","[PREMIUM]",9142.23,"2.4L 4","FRONT WHEEL DRIVE","AUTOMATIC","GAS",4,"Vehicle Starts","Pure Sale","[PREMIUM]",,"DYER","IN","46311","USA","USD","[PREMIUM]","[PREMIUM]","SC003",false,"[PREMIUM]","SPORT",false,false,"[PREMIUM]",,,,,,,,"[PREMIUM]"
"62808456","2026-08-06 20:56:03.177","2026-08-20 05:43:48.292","62808456","2026-08-18 23:52:31.000","[PREMIUM]","370","IN - DYER","2026-08-24","MONDAY","1200","CDT","0","K",2020,"RAM","PROMASTER","PROMASTER 3500","VAN CARGO","BLACK","SIDE",,"IN","ST","YES","D",188422,"A","[PREMIUM]",0,"3.6L 6","FRONT WHEEL DRIVE","AUTOMATIC","FLEXIBLE",6,"Run & Drive Verified","On Minimum Bid","[PREMIUM]",,"DYER","IN","46311","USA","USD","[PREMIUM]","[PREMIUM]","HV001",true,"[PREMIUM]","3500 HIGH",false,false,"[PREMIUM]",,,,,,,,"[PREMIUM]"
"62620026","2026-08-06 20:56:03.112","2026-08-20 17:44:22.502","62620026","2026-08-20 01:12:39.000","[PREMIUM]","370","IN - DYER","2026-08-24","MONDAY","1200","CDT","0","V",2024,"CHEVROLET","COLORADO","COLORADO","PICKUP","WHITE","REAR END",,"VA","ST","YES","D",52070,"A","[PREMIUM]",0,"2.7L 4","REAR WHEEL DRIVE","AUTOMATIC","GAS",4,"Run & Drive Verified","On Minimum Bid","[PREMIUM]",,"DYER","IN","46311","USA","USD","[PREMIUM]","[PREMIUM]","G130",true,"[PREMIUM]",,false,false,"[PREMIUM]",,,,,,,,"[PREMIUM]"
"62199896","2026-08-06 20:56:03.019","2026-08-17 03:03:34.391","62199896","2026-08-06 19:25:05.000","[PREMIUM]","370","IN - DYER","2026-08-17","MONDAY","1200","CDT","0","V",2016,"FORD","FOCUS","FOCUS","HATCHBACK 4DR","BLACK","FRONT END",,"IN","ST","YES","D",68493,"A","[PREMIUM]",10970.46,"2.0L 4","FRONT WHEEL DRIVE","MANUAL","GAS",4,"Run & Drive Verified","Pure Sale","[PREMIUM]",,"DYER","IN","46311","USA","USD","[PREMIUM]","[PREMIUM]","A080",false,"[PREMIUM]","ST",false,false,"[PREMIUM]",,,,,,,,"[PREMIUM]"
"62219646","2026-08-06 20:56:03.013","2026-08-20 17:44:22.387","62219646","2026-08-06 19:41:15.000","[PREMIUM]","370","IN - DYER",,,,"CDT","0","V",2015,"FORD","FUSION","FUSION","SEDAN 4DR","GOLD","REAR END",,"IN","ST","YES","D",94503,"A","[PREMIUM]",0,"2.5L 4","FRONT WHEEL DRIVE","AUTOMATIC","GAS",4,"Run & Drive Verified","Pure Sale","[PREMIUM]",,"DYER","IN","46311","USA","USD","[PREMIUM]","[PREMIUM]","C200",false,"[PREMIUM]","SE",false,false,"[PREMIUM]",,,,,,,,"[PREMIUM]"
"61598016","2026-08-06 20:56:02.857","2026-08-20 17:44:21.992","61598016","2026-08-06 19:41:15.000","[PREMIUM]","370","IN - DYER",,,,"CDT","0","V",2011,"MAZDA","6","6","SEDAN 4DR","BLACK","FRONT END","SIDE","IN","ST","YES","E",0,"N","[PREMIUM]",0,"2.5L 4","FRONT WHEEL DRIVE","AUTOMATIC","GAS",4,"DEFAULT","Pure Sale","[PREMIUM]",,"DYER","IN","46311","USA","USD","[PREMIUM]","[PREMIUM]","B170",false,"[PREMIUM]","I",false,false,"[PREMIUM]",,,,,,,,"[PREMIUM]"
"61210716","2026-08-06 20:56:02.774","2026-08-19 09:01:55.856","61210716","2026-08-19 02:45:28.000","[PREMIUM]","881","*NCS - CENTRAL REGION","2026-08-19","WEDNESDAY","2000","CDT","0","V",2009,"LEXUS","GX","GX","4DR SPORT UTILITY","GOLD","ALL OVER","MECHANICAL","IL","CT","YES","D",144601,"A","[PREMIUM]",0,"4.7L 8","ALL WHEEL DRIVE","AUTOMATIC","GAS",8,"Run & Drive Verified","On Minimum Bid","[PREMIUM]",,"DYER","IN","46311","USA","USD","[PREMIUM]","[PREMIUM]","B240",true,"[PREMIUM]","470",false,false,"[PREMIUM]",,,,,,,,"[PREMIUM]"
"60877766","2026-08-06 20:56:02.627","2026-08-20 17:44:21.656","60877766","2026-08-06 20:00:03.000","[PREMIUM]","370","IN - DYER",,,,"CDT","0","V",2023,"KIA","SOUL","SOUL","WAGON","RED","FRONT END",,"IN","ST","YES","D",12548,"A","[PREMIUM]",0,"2.0L 4","FRONT WHEEL DRIVE","AUTOMATIC","GAS",4,"Run & Drive Verified","Pure Sale","[PREMIUM]",,"DYER","IN","46311","USA","USD","[PREMIUM]","[PREMIUM]","A200",false,"[PREMIUM]","LX",false,false,"[PREMIUM]",,,,,,,,"[PREMIUM]"
"60056546","2026-08-06 20:56:02.435","2026-08-20 17:44:20.703","60056546","2026-08-06 20:00:03.000","[PREMIUM]","370","IN - DYER",,,,"CDT","0","V",2025,"HONDA","HR-V","HR-V","SPORT UTILITY VEHICLE","GRAY","SIDE",,"IN","ST","YES","D",29253,"A","[PREMIUM]",16743.12,"2.0L 4","ALL WHEEL DRIVE","AUTOMATIC","GAS",4,"Run & Drive Verified","Pure Sale","[PREMIUM]",,"DYER","IN","46311","USA","USD","[PREMIUM]","[PREMIUM]","D200",false,"[PREMIUM]","SPORT",false,false,"[PREMIUM]",,,,,,,,"[PREMIUM]"
"60060726","2026-08-06 20:56:02.421","2026-08-20 17:44:20.697","60060726","2026-08-18 16:06:09.000","[PREMIUM]","370","IN - DYER","2026-08-24","MONDAY","1200","CDT","0","V",2020,"KIA","SORENTO","SORENTO","SPORT UTILITY VEHICLE","BLACK","SIDE","FRONT END","IN","ST","YES","D",142311,"A","[PREMIUM]",8575.04,"3.3L 6","FRONT WHEEL DRIVE","AUTOMATIC","GAS",6,"Run & Drive Verified","On Minimum Bid","[PREMIUM]",,"DYER","IN","46311","USA","USD","[PREMIUM]","[PREMIUM]","B150",false,"[PREMIUM]","S",false,false,"[PREMIUM]",,,,,,,,"[PREMIUM]"
"59832946","2026-08-06 20:56:02.379","2026-08-20 17:44:20.646","59832946","2026-08-06 19:11:06.000","[PREMIUM]","370","IN - DYER",,,,"CDT","0","V",2014,"HYUNDAI","GENESIS","GENESIS COUPE","COUPE","BLACK","BURN - ENGINE","FRONT END","IN","ST","NO","E",0,"N","[PREMIUM]",7630.42,"2.0L 4","REAR WHEEL DRIVE","AUTOMATIC","GAS",4,"DEFAULT","Pure Sale","[PREMIUM]",,"DYER","IN","46311","USA","USD","[PREMIUM]","[PREMIUM]","A210",false,"[PREMIUM]","2.0T",false,false,"[PREMIUM]",,,,,,,,"[PREMIUM]"
"59686486","2026-08-06 20:56:02.334","2026-08-13 14:32:05.234","59686486","2026-08-13 10:00:35.000","[PREMIUM]","836","HEAVY TRUCK SPECIALTY SALE","2026-08-13","THURSDAY","1100","CDT","2207","U",2007,"VOLVO","VN","VN","TRACTOR TRUCK","RED","FRONT END","SIDE","IN","ST","YES","S",2352965,"E","[PREMIUM]",11539,"6","REAR WHEEL DRIVE","MANUAL","DIESEL",6,"Vehicle Starts","Pure Sale","[PREMIUM]",,"DYER","IN","46311","USA","USD","[PREMIUM]","[PREMIUM]","HV004",false,"[PREMIUM]","VNL",false,false,"[PREMIUM]",,,,,,,,"[PREMIUM]"
"59617726","2026-08-06 20:56:02.284","2026-08-17 03:03:33.411","59617726","2026-08-06 16:32:03.000","[PREMIUM]","370","IN - DYER","2026-08-17","MONDAY","1200","CDT","0","V",2017,"SUBARU","LEGACY","LEGACY","SEDAN 4DR","BLACK","REAR END",,"IN","ST","YES","D",148387,"A","[PREMIUM]",10297.53,"2.5L 4","ALL WHEEL DRIVE","AUTOMATIC","GAS",4,"Run & Drive Verified","Pure Sale","[PREMIUM]",,"DYER","IN","46311","USA","USD","[PREMIUM]","[PREMIUM]","C220",false,"[PREMIUM]","2.5I LIMITED",false,false,"[PREMIUM]",,,,,,,,"[PREMIUM]"
"59538466","2026-08-06 20:56:02.225","2026-08-09 20:56:59.852","59538466","2026-08-06 14:44:03.000","[PREMIUM]","370","IN - DYER","2026-08-10","MONDAY","1200","CDT","0","V",2020,"DODGE","CHALLENGER","CHALLENGER","COUPE","BLACK","BURN",,"IN","BP","EXM","E",0,"N","[PREMIUM]",61492.97,"6.2L 8","REAR WHEEL DRIVE","AUTOMATIC","GAS",8,"DEFAULT","On Minimum Bid","[PREMIUM]",,"DYER","IN","46311","USA","USD","[PREMIUM]","[PREMIUM]","SA005",false,"[PREMIUM]","SRT HELLCAT REDEYE",false,false,"[PREMIUM]",,,,,,,,"[PREMIUM]"
"59185566","2026-08-06 20:56:02.127","2026-08-20 17:44:20.312","59185566","2026-08-06 18:48:41.000","[PREMIUM]","370","IN - DYER",,,,"CDT","0","V",2024,"BUICK","ENVISTA SP","ENVISTA","SPORT UTILITY VEHICLE","RED","REAR END",,"IN","ST","YES","D",37623,"A","[PREMIUM]",17688,"1.2L 3","FRONT WHEEL DRIVE","AUTOMATIC","GAS",3,"Run & Drive Verified","Pure Sale","[PREMIUM]",,"DYER","IN","46311","USA","USD","[PREMIUM]","[PREMIUM]","SA004",false,"[PREMIUM]","SPORT TOURING",false,false,"[PREMIUM]",,,,,,,,"[PREMIUM]"
"58999586","2026-08-06 20:56:02.055","2026-08-11 02:31:52.909","58999586","2026-08-10 20:00:59.000","[PREMIUM]","855","WHOLESALE AUCTION","2026-08-11","TUESDAY","1200","EDT","5341","V",2023,"GMC","TERRAIN","TERRAIN","SPORT UTILITY VEHICLE","WHITE","FRONT END","SIDE","VA","CT","YES","D",94278,"A","[PREMIUM]",17634,"1.5L 4","ALL WHEEL DRIVE","AUTOMATIC","GAS",4,"Run & Drive Verified","On Minimum Bid","[PREMIUM]",,"DYER","IN","46311","USA","USD","[PREMIUM]","[PREMIUM]","G100",false,"[PREMIUM]","SLT",false,true,"[PREMIUM]",,,,,"RED LIGHT",1.3,"Maintenance,Other","[PREMIUM]"
"58714756","2026-08-06 20:56:01.881","2026-08-09 20:56:59.469","58714756","2026-08-06 16:32:03.000","[PREMIUM]","370","IN - DYER","2026-08-10","MONDAY","1200","CDT","0","V",2021,"TOYOTA","TACOMA","TACOMA","PICKUP","GRAY","FRONT END",,"IN","ST","YES","D",64641,"A","[PREMIUM]",5133.58,"3.5L 6","4X2","AUTOMATIC","GAS",6,"Run & Drive Verified","Pure Sale","[PREMIUM]",,"DYER","IN","46311","USA","USD","[PREMIUM]","[PREMIUM]","C060",false,"[PREMIUM]","SR5 V6",false,false,"[PREMIUM]",,,,,,,,"[PREMIUM]"
"58430456","2026-08-06 20:56:01.760","2026-08-17 03:03:32.724","58430456","2026-08-06 16:32:03.000","[PREMIUM]","370","IN - DYER","2026-08-17","MONDAY","1200","CDT","0","V",2013,"HYUNDAI","ELANTRA","ELANTRA","SEDAN","WHITE","FRONT END",,"IN","ST","YES","S",168895,"A","[PREMIUM]",7635,"1.8L 4","FRONT WHEEL DRIVE","AUTOMATIC","GAS",4,"Vehicle Starts","Pure Sale","[PREMIUM]",,"DYER","IN","46311","USA","USD","[PREMIUM]","[PREMIUM]","C150",false,"[PREMIUM]","GLS",false,false,"[PREMIUM]",,,,,,,,"[PREMIUM]"
"58282696","2026-08-06 20:56:01.682","2026-08-09 20:56:59.204","58282696","2026-08-06 14:49:45.000","[PREMIUM]","370","IN - DYER","2026-08-10","MONDAY","1200","CDT","0","V",2024,"LINCOLN","NAUTILUS P","NAUTILUS","SPORT UTILITY VEHICLE","BURGUNDY","ALL OVER",,"IN","ST","YES","D",16492,"A","[PREMIUM]",34700,"2.0L 4","ALL WHEEL DRIVE","AUTOMATIC","ELECTRIC AND GAS HYBRID",4,"Run & Drive Verified","Pure Sale","[PREMIUM]",,"DYER","IN","46311","USA","USD","[PREMIUM]","[PREMIUM]","E240",false,"[PREMIUM]","PREMIERE",false,false,"[PREMIUM]",,,,,,,,"[PREMIUM]"
"58124116","2026-08-06 20:56:01.520","2026-08-20 17:44:19.389","58124116","2026-08-06 16:49:48.000","[PREMIUM]","370","IN - DYER",,,,"CDT","0","V",2012,"CHEVROLET","CRUZE","CRUZE","SEDAN 4DR","WHITE","FRONT END",,"ID","SC","YES","D",133147,"A","[PREMIUM]",4496,"1.4L 4","FRONT WHEEL DRIVE","AUTOMATIC","GAS",4,"Run & Drive Verified","Pure Sale","[PREMIUM]",,"DYER","IN","46311","USA","USD","[PREMIUM]","[PREMIUM]","B240",false,"[PREMIUM]","ECO",false,false,"[PREMIUM]",,,,,,,,"[PREMIUM]"
"57631826","2026-08-06 20:56:01.260","2026-08-20 17:44:18.553","57631826","2026-08-18 20:41:36.000","[PREMIUM]","370","IN - DYER","2026-08-24","MONDAY","1200","CDT","0","V",2013,"KIA","SOUL","SOUL","WAGON","BEIGE","WATER/FLOOD","FRONT END","IN","FS","YES","D",204547,"A","[PREMIUM]",7826.63,"1.6L 4","FRONT WHEEL DRIVE","AUTOMATIC","GAS",4,"Run & Drive Verified","Pure Sale","[PREMIUM]",,"DYER","IN","46311","USA","USD","[PREMIUM]","[PREMIUM]","SB001",false,"[PREMIUM]","BASE",false,false,"[PREMIUM]",,,,,,,,"[PREMIUM]"
"56992966","2026-08-06 20:56:00.907","2026-08-20 17:44:17.904","56992966","2026-08-18 10:55:59.000","[PREMIUM]","832","MEDIUM DUTY CLEAN TITLE SALE","2026-08-24","MONDAY","1100","CDT","0","K",2016,"FORD","TRANSIT","TRANSIT CONNECT","SPORTS VAN","WHITE","UNDERCARRIAGE",,"IN","CT","YES","D",136481,"A","[PREMIUM]",7691,"2.5L 4","FRONT WHEEL DRIVE","AUTOMATIC","GAS",4,"Run & Drive Verified","On Minimum Bid","[PREMIUM]",,"DYER","IN","46311","USA","USD","[PREMIUM]","[PREMIUM]","D210",false,"[PREMIUM]","XL",false,false,"[PREMIUM]",,,,,,,,"[PREMIUM]"
"56712956","2026-08-06 20:56:00.806","2026-08-17 03:03:31.658","56712956","2026-08-11 15:00:01.000","[PREMIUM]","370","IN - DYER","2026-08-17","MONDAY","1200","CDT","0","V",2025,"CHEVROLET","TRAILBLZR","TRAILBLAZER","SPORT UTILITY VEHICLE","WHITE","FRONT END",,"IN","ST","YES","D",25138,"A","[PREMIUM]",18895.47,"1.3L 3","ALL WHEEL DRIVE","AUTOMATIC","GAS",3,"Run & Drive Verified","Pure Sale","[PREMIUM]",,"DYER","IN","46311","USA","USD","[PREMIUM]","[PREMIUM]","B150",false,"[PREMIUM]","RS",false,false,"[PREMIUM]",,,,,,,,"[PREMIUM]"
"56110616","2026-08-06 20:56:00.567","2026-08-20 17:44:17.507","56110616","2026-08-06 20:00:03.000","[PREMIUM]","370","IN - DYER",,,,"CDT","0","V",2024,"BMW","I4 XDRIVE","I4","SEDAN","GRAY","SIDE",,"IN","ST","YES","D",24517,"A","[PREMIUM]",26047.85,"0","ALL WHEEL DRIVE","AUTOMATIC","ELECTRIC",0,"Run & Drive Verified","Pure Sale","[PREMIUM]",,"DYER","IN","46311","USA","USD","[PREMIUM]","[PREMIUM]","B190",false,"[PREMIUM]","XDRIVE 40",false,false,"[PREMIUM]",,,,,,,,"[PREMIUM]"
"48594846","2026-08-06 20:55:59.263","2026-08-20 17:44:15.163","48594846","2026-08-06 14:58:50.000","[PREMIUM]","370","IN - DYER",,,,"CDT","0","V",2013,"HYUNDAI","SANTA FE","SANTA FE SPORT","SUV","WHITE","HAIL",,"ID","SC","YES","D",167417,"A","[PREMIUM]",11670,"2.4L 4","ALL WHEEL DRIVE","AUTOMATIC","GAS",4,"Run & Drive Verified","Pure Sale","[PREMIUM]",,"DYER","IN","46311","USA","USD","[PREMIUM]","[PREMIUM]",,false,"[PREMIUM]","2.4L",false,false,"[PREMIUM]",,,,,,,,"[PREMIUM]"
"46805686","2026-08-06 20:55:59.138","2026-08-13 14:32:01.510","46805686","2026-08-13 10:00:36.000","[PREMIUM]","836","HEAVY TRUCK SPECIALTY SALE","2026-08-13","THURSDAY","1100","CDT","3201","R",2018,"JACO JAY FLIGHT",,"JAYFLIGHT",,"TWO TONE","HAIL",,"IN","BP","YES","E",0,"N","[PREMIUM]",11338.83,,,,,,"DEFAULT","Pure Sale","[PREMIUM]",,"DYER","IN","46311","USA","USD","[PREMIUM]","[PREMIUM]","HV001",false,"[PREMIUM]",,false,false,"[PREMIUM]",,,,,,,,"[PREMIUM]"
"78531375","2026-08-06 20:55:58.567","2026-08-12 08:33:51.348","78531375","2026-08-11 13:46:56.000","[PREMIUM]","835","MEDIUM DUTY SPECIALTY SALE","2026-08-12","WEDNESDAY","1100","CDT","0","K",2017,"NISSAN","NV","NV","Full-Size","BLACK","REAR END","FRONT END","MO","SC","YES","D",144356,"A","[PREMIUM]",23838,"5.6L 8","Rear Wheel Drive","AUTOMATIC","Gas",8,"Run & Drive Verified","On Minimum Bid","[PREMIUM]",,"KANSAS CITY","KS","66111 2629","USA","USD","[PREMIUM]","[PREMIUM]","3K130",false,"[PREMIUM]","3500 HD SV",false,false,"[PREMIUM]",,,,,,,,"[PREMIUM]"
"73304945","2026-08-06 20:55:58.407","2026-08-11 02:31:48.918","73304945","2026-08-10 13:26:25.000","[PREMIUM]","369","KS - KANSAS CITY","2026-08-11","TUESDAY","1200","CDT","3118","V",2009,"TOYOTA","COROLLA","COROLLA","SEDAN","CHARCOAL","FRONT END","REAR END","KS","ST","YES","E",0,"E","[PREMIUM]",8384,"1.8L 4","FRONT WHEEL DRIVE","AUTOMATIC","GAS",4,"DEFAULT","On Minimum Bid","[PREMIUM]",,"KANSAS CITY","KS","66111 2629","USA","USD","[PREMIUM]","[PREMIUM]","3E070",false,"[PREMIUM]","LE",false,false,"[PREMIUM]",,,,,,,,"[PREMIUM]"
"64072756","2026-08-06 20:55:58.306","2026-08-20 17:44:12.691","64072756","2026-08-18 19:56:41.000","[PREMIUM]","881","*NCS - CENTRAL REGION","2026-08-20","THURSDAY","2000","CDT","0","V",2015,"PORSCHE","CAYENNE","CAYENNE","4DR SPORT UTILITY","BLACK","MINOR DENT/SCRATCHES",,"MO","CZ","YES","D",194908,"A","[PREMIUM]",0,"3.6L 6","ALL WHEEL DRIVE","AUTOMATIC","GAS",6,"Run & Drive Verified","On Minimum Bid","[PREMIUM]",,"KANSAS CITY","KS","66111 2629","USA","USD","[PREMIUM]","[PREMIUM]","REC",true,"[PREMIUM]","S",false,false,"[PREMIUM]",,,,,,,,"[PREMIUM]"
"64252016","2026-08-06 20:55:58.303","2026-08-20 05:43:37.881","64252016","2026-08-20 02:45:39.000","[PREMIUM]","369","KS - KANSAS CITY","2026-08-20","THURSDAY","1200","CDT","0","V",2012,"SUBARU","IMPREZA","IMPREZA","STATION WAGON","BLACK","MINOR DENT/SCRATCHES",,"MO","RS","YES","D",174163,"A","[PREMIUM]",0,"2.0L 4","ALL WHEEL DRIVE","AUTOMATIC","GAS",4,"Run & Drive Verified","On Minimum Bid","[PREMIUM]",,"KANSAS CITY","KS","66111 2629","USA","USD","[PREMIUM]","[PREMIUM]","I140",true,"[PREMIUM]","SPORT LIMITED",false,false,"[PREMIUM]",,,,,,,,"[PREMIUM]"
"63769616","2026-08-06 20:55:58.257","2026-08-18 09:03:40.187","63769616","2026-08-17 13:02:10.000","[PREMIUM]","369","KS - KANSAS CITY","2026-08-18","TUESDAY","1200","CDT","3105","V",2007,"NISSAN","ALTIMA","ALTIMA","SEDAN","BLACK","MINOR DENT/SCRATCHES",,"KS","CT","YES","E",0,"E","[PREMIUM]",0,"2.5L 4","FRONT WHEEL DRIVE","AUTOMATIC","GAS",4,"DEFAULT","On Minimum Bid","[PREMIUM]",,"KANSAS CITY","KS","66111 2629","USA","USD","[PREMIUM]","[PREMIUM]","C090",true,"[PREMIUM]","2.5",false,false,"[PREMIUM]",,,,,,,,"[PREMIUM]"
"63863866","2026-08-06 20:55:58.249","2026-08-11 02:31:48.199","63863866","2026-08-07 19:04:31.000","[PREMIUM]","369","KS - KANSAS CITY","2026-08-11","TUESDAY","1200","CDT","3142","V",2014,"INFINITI","Q50","Q50","SEDAN","BLACK","FRONT END",,"KS","ST","YES","D",159546,"A","[PREMIUM]",0,"3.7L 6","ALL WHEEL DRIVE","AUTOMATIC","GAS",6,"Run & Drive Verified","On Approval","[PREMIUM]",,"KANSAS CITY","KS","66111 2629","USA","USD","[PREMIUM]","[PREMIUM]","C090",false,"[PREMIUM]","PREMIUM",false,false,"[PREMIUM]",,,,,,,,"[PREMIUM]"
"63679366","2026-08-06 20:55:58.247","2026-08-11 02:31:48.008","63679366","2026-08-07 19:04:31.000","[PREMIUM]","369","KS - KANSAS CITY","2026-08-11","TUESDAY","1200","CDT","3168","V",2012,"HONDA","CIVIC","CIVIC","SEDAN 4DR","GRAY","TOP/ROOF","MECHANICAL","MO","CZ","YES","D",195282,"A","[PREMIUM]",0,"1.8L 4","FRONT WHEEL DRIVE","AUTOMATIC","GAS",4,"Run & Drive Verified","On Minimum Bid","[PREMIUM]",,"KANSAS CITY","KS","66111 2629","USA","USD","[PREMIUM]","[PREMIUM]","K120",true,"[PREMIUM]","LX",false,false,"[PREMIUM]",,,,,,,,"[PREMIUM]"
"63831796","2026-08-06 20:55:58.245","2026-08-11 02:31:48.122","63831796","2026-08-07 19:04:31.000","[PREMIUM]","369","KS - KANSAS CITY","2026-08-11","TUESDAY","1200","CDT","2143","V",2016,"DODGE","JOURNEY","JOURNEY","4DR SPORT UTILITY","BLACK","MECHANICAL",,"KS","CZ","YES","D",155311,"A","[PREMIUM]",0,"3.6L 6","ALL WHEEL DRIVE","AUTOMATIC","FLEXIBLE",6,"Run & Drive Verified","On Minimum Bid","[PREMIUM]",,"KANSAS CITY","KS","66111 2629","USA","USD","[PREMIUM]","[PREMIUM]","3F100",true,"[PREMIUM]","R/T",false,false,"[PREMIUM]",,,,,,,,"[PREMIUM]"
"63897436","2026-08-06 20:55:58.240","2026-08-20 17:44:12.462","63897436","2026-08-18 20:43:01.000","[PREMIUM]","881","*NCS - CENTRAL REGION","2026-08-20","THURSDAY","2000","CDT","0","V",2002,"BMW","M3","M3","COUPE","BLACK","MECHANICAL",,"SD","CZ","YES","E",0,"E","[PREMIUM]",0,"3.2L 6","REAR WHEEL DRIVE","MANUAL","GAS",6,"DEFAULT","On Approval","[PREMIUM]",,"KANSAS CITY","KS","66111 2629","USA","USD","[PREMIUM]","[PREMIUM]","J110",false,"[PREMIUM]",,false,false,"[PREMIUM]",,,,,,,,"[PREMIUM]"
"63576376","2026-08-06 20:55:58.177","2026-08-09 20:56:55.195","63576376","2026-08-07 19:04:31.000","[PREMIUM]","369","KS - KANSAS CITY","2026-08-11","TUESDAY","1200","CDT","3089","V",2017,"KIA","SOUL","SOUL","4DR SPORT UTILITY","GREEN","MECHANICAL",,"KS","CZ","YES","E",99746,"A","[PREMIUM]",0,"2.0L 4","FRONT WHEEL DRIVE","AUTOMATIC","GAS",4,"DEFAULT","On Minimum Bid","[PREMIUM]",,"KANSAS CITY","KS","66111 2629","USA","USD","[PREMIUM]","[PREMIUM]","I120",true,"[PREMIUM]","+",false,false,"[PREMIUM]",,,,,,,,"[PREMIUM]"
"62999896","2026-08-06 20:55:58.019","2026-08-11 02:31:47.352","62999896","2026-08-10 14:27:03.000","[PREMIUM]","369","KS - KANSAS CITY","2026-08-11","TUESDAY","1200","CDT","2039","V",2007,"SUBARU","FORESTER","FORESTER","4DR SPORT UTILITY","BLUE","MINOR DENT/SCRATCHES",,"KS","CT","YES","D",109883,"A","[PREMIUM]",0,"2.5L 4","ALL WHEEL DRIVE","AUTOMATIC","GAS",4,"Run & Drive Verified","Pure Sale","[PREMIUM]",,"KANSAS CITY","KS","66111 2629","USA","USD","[PREMIUM]","[PREMIUM]","3CUB",false,"[PREMIUM]","2.5X",false,false,"[PREMIUM]",,,,,,,,"[PREMIUM]"
"62882456","2026-08-06 20:55:58.017","2026-08-09 20:56:54.698","62882456","2026-08-07 19:45:33.000","[PREMIUM]","369","KS - KANSAS CITY","2026-08-18","TUESDAY","1200","CDT","0","K",2012,"NISSAN","NV 2500 HD","NV","FULL-SIZE","WHITE","MINOR DENT/SCRATCHES",,"MO","CT","YES","D",264744,"A","[PREMIUM]",0,"5.6L 8","REAR WHEEL DRIVE","AUTOMATIC","GAS",8,"Run & Drive Verified","On Approval","[PREMIUM]",,"KANSAS CITY","KS","66111 2629","USA","USD","[PREMIUM]","[PREMIUM]","3K130",false,"[PREMIUM]","2500 HD S",false,false,"[PREMIUM]",,,,,,,,"[PREMIUM]"
"62565336","2026-08-06 20:55:57.842","2026-08-13 08:32:07.691","62565336","2026-08-12 22:35:07.000","[PREMIUM]","369","KS - KANSAS CITY","2026-08-13","THURSDAY","1200","CDT","2","V",2024,"KIA","SOUL","SOUL","WAGON","WHITE","FRONT END",,"VA","ST","YES","D",90376,"A","[PREMIUM]",18965.95,"2.0L 4","FRONT WHEEL DRIVE","AUTOMATIC","GAS",4,"Run & Drive Verified","On Minimum Bid","[PREMIUM]",,"KANSAS CITY","KS","66111 2629","USA","USD","[PREMIUM]","[PREMIUM]","YD017",false,"[PREMIUM]","LX",true,false,"[PREMIUM]",,,,,,,,"[PREMIUM]"
"62391606","2026-08-06 20:55:57.797","2026-08-11 02:31:46.860","62391606","2026-08-07 19:04:31.000","[PREMIUM]","369","KS - KANSAS CITY","2026-08-11","TUESDAY","1200","CDT","3115","V",2024,"CHRYSLER","MINIVAN","VOYAGER","VAN PASSENGER","WHITE","FRONT END","SIDE","VA","NR","NO","E",57512,"A","[PREMIUM]",42529,"3.6L 6","FRONT WHEEL DRIVE","AUTOMATIC","FLEXIBLE",6,"DEFAULT","On Minimum Bid","[PREMIUM]",,"KANSAS CITY","KS","66111 2629","USA","USD","[PREMIUM]","[PREMIUM]","YD017",false,"[PREMIUM]","LX",true,false,"[PREMIUM]",,,,,,,,"[PREMIUM]"
"61613596","2026-08-06 20:55:57.322","2026-08-18 15:01:51.609","61613596","2026-08-14 23:08:54.000","[PREMIUM]","369","KS - KANSAS CITY","2026-08-20","THURSDAY","1200","CDT","0","K",2019,"RAM","PROMASTER","PROMASTER 3500","VAN CARGO","BLUE","SIDE",,"AZ","SC","YES","D",102469,"A","[PREMIUM]",2069,"3.6L 6","FRONT WHEEL DRIVE","AUTOMATIC","FLEXIBLE",6,"Run & Drive Verified","On Minimum Bid","[PREMIUM]",,"KANSAS CITY","KS","66111 2629","USA","USD","[PREMIUM]","[PREMIUM]","3SA03",true,"[PREMIUM]","3500 HIGH",false,false,"[PREMIUM]",,,,,,,,"[PREMIUM]"
"61292176","2026-08-06 20:55:57.161","2026-08-20 17:44:10.094","61292176","2026-08-19 20:31:17.000","[PREMIUM]","369","KS - KANSAS CITY","2026-08-20","THURSDAY","1200","CDT","29","V",2010,"HONDA","ACCORD","ACCORD CROSSTOUR","4DR SPOR","BLACK","FRONT END",,"KS","ST","YES","D",101306,"A","[PREMIUM]",7362,,,"AUTOMATIC",,,"Run & Drive Verified","Pure Sale","[PREMIUM]",,"KANSAS CITY","KS","66111 2629","USA","USD","[PREMIUM]","[PREMIUM]","J050",false,"[PREMIUM]","EXL",false,false,"[PREMIUM]",,,,,,,,"[PREMIUM]"
"61035326","2026-08-06 20:55:56.997","2026-08-20 17:44:09.936","61035326","2026-08-19 20:31:17.000","[PREMIUM]","369","KS - KANSAS CITY","2026-08-20","THURSDAY","1200","CDT","2034","V",2002,"FORD","F150","F150","CREW PICKUP","BLUE","FRONT END","REAR END","KS","ST","YES","D",88654,"E","[PREMIUM]",7206.53,"4.6L 8","REAR WHEEL DRIVE","AUTOMATIC","GAS",8,"Run & Drive Verified","On Minimum Bid","[PREMIUM]",,"KANSAS CITY","KS","66111 2629","USA","USD","[PREMIUM]","[PREMIUM]","M080",false,"[PREMIUM]","SUPERCREW",false,false,"[PREMIUM]",,,,,,,,"[PREMIUM]"
"60228246","2026-08-06 20:55:56.612","2026-08-11 02:31:44.285","60228246","2026-08-07 19:04:30.000","[PREMIUM]","369","KS - KANSAS CITY","2026-08-11","TUESDAY","1200","CDT","138","V",2011,"TOYOTA","CAMRY LE V","CAMRY","SEDAN","GRAY","FRONT END",,"ON","ST","YES","D",117515,"N","[PREMIUM]",5228,"3.5L 6","FRONT WHEEL DRIVE","AUTOMATIC","GAS",6,"Run & Drive Verified","Pure Sale","[PREMIUM]","CANDADA/MILES NOT ACTUAL KM ","KANSAS CITY","KS","66111 2629","USA","USD","[PREMIUM]","[PREMIUM]","O140",false,"[PREMIUM]","LE V6",false,false,"[PREMIUM]",,,,,,,,"[PREMIUM]"
"60241336","2026-08-06 20:55:56.610","2026-08-13 02:35:18.389","60241336","2026-08-12 22:54:04.000","[PREMIUM]","369","KS - KANSAS CITY","2026-08-13","THURSDAY","1200","CDT","0","V",2010,"TOYOTA","VENZA","VENZA","WAGON","CHARCOAL","HAIL",,"MO","CZ","YES","D",205004,"E","[PREMIUM]",0,"2.7L 4","FRONT WHEEL DRIVE","AUTOMATIC","GAS",4,"Run & Drive Verified","On Minimum Bid","[PREMIUM]",,"KANSAS CITY","KS","66111 2629","USA","USD","[PREMIUM]","[PREMIUM]","L180",true,"[PREMIUM]","FWD 4CYL",false,false,"[PREMIUM]",,,,,,,,"[PREMIUM]"
"58366996","2026-08-06 20:55:55.683","2026-08-20 17:44:08.166","58366996","2026-08-19 20:31:17.000","[PREMIUM]","369","KS - KANSAS CITY","2026-08-20","THURSDAY","1200","CDT","35","V",2025,"TOYOTA","PRIUS","PRIUS","HATCHBACK","WHITE","FRONT END","MINOR DENT/SCRATCHES","ID","SC","YES","D",16547,"A","[PREMIUM]",23772,"2.0L 4","FRONT WHEEL DRIVE","AUTOMATIC","ELECTRIC AND GAS HYBRID",4,"Run & Drive Verified","Pure Sale","[PREMIUM]",,"KANSAS CITY","KS","66111 2629","USA","USD","[PREMIUM]","[PREMIUM]","I100",false,"[PREMIUM]","LE",false,false,"[PREMIUM]",,,,,,,,"[PREMIUM]"
"58075666","2026-08-06 20:55:55.567","2026-08-20 17:44:07.999","58075666","2026-08-06 19:29:09.000","[PREMIUM]","369","KS - KANSAS CITY",,,,"CDT","0","V",2025,"CHEVROLET","TRAVERSE","TRAVERSE","SPORT UTILITY VEHICLE","WHITE","FRONT END","REAR END","IA","ST","YES","D",48729,"A","[PREMIUM]",26241.77,"2.5L 4","ALL WHEEL DRIVE","AUTOMATIC","GAS",4,"Run & Drive Verified","Pure Sale","[PREMIUM]",,"KANSAS CITY","KS","66111 2629","USA","USD","[PREMIUM]","[PREMIUM]","E160",false,"[PREMIUM]","LT",false,false,"[PREMIUM]",,,,,,,,"[PREMIUM]"
"57134526","2026-08-06 20:55:55.057","2026-08-20 17:44:07.475","57134526","2026-08-20 16:24:15.000","[PREMIUM]","369","KS - KANSAS CITY","2026-08-20","THURSDAY","1200","CDT","2005","V",2017,"DODGE","CARAVAN","GRAND CARAVAN","SPORTS VAN","SILVER","FRONT END","REAR END","ID","SC","YES","D",80146,"A","[PREMIUM]",8671,"3.6L 6","FRONT WHEEL DRIVE","AUTOMATIC","FLEXIBLE",6,"Run & Drive Verified","Pure Sale","[PREMIUM]",,"KANSAS CITY","KS","66111 2629","USA","USD","[PREMIUM]","[PREMIUM]","I060",false,"[PREMIUM]","GT",false,false,"[PREMIUM]",,,,,,,,"[PREMIUM]"
"57117716","2026-08-06 20:55:55.000","2026-08-13 08:32:03.388","57117716","2026-08-13 02:45:44.000","[PREMIUM]","855","WHOLESALE AUCTION","2026-08-13","THURSDAY","1200","EDT","0","V",2019,"HYUNDAI","ELANTRA","ELANTRA","SEDAN","BLACK","FRONT END",,"WV","CT","YES","D",105270,"A","[PREMIUM]",0,"2.0L 4","FRONT WHEEL DRIVE","MANUAL","GAS",4,"Run & Drive Verified","On Minimum Bid","[PREMIUM]",,"KANSAS CITY","KS","66111 2629","USA","USD","[PREMIUM]","[PREMIUM]","3BLU",true,"[PREMIUM]","SE",false,true,"[PREMIUM]",,,,,"RED LIGHT",2.2,,"[PREMIUM]"
"55925546","2026-08-06 20:55:54.523","2026-08-18 09:03:35.314","55925546","2026-08-17 13:02:10.000","[PREMIUM]","369","KS - KANSAS CITY","2026-08-18","TUESDAY","1200","CDT","3136","V",2019,"NISSAN","VERSA","VERSA","SEDAN","RED","FRONT END","REAR END","WV","SC","YES","D",30280,"N","[PREMIUM]",20323.25,"1.6L 4","FRONT WHEEL DRIVE","AUTOMATIC","GAS",4,"Run & Drive Verified","Pure Sale","[PREMIUM]",,"KANSAS CITY","KS","66111 2629","USA","USD","[PREMIUM]","[PREMIUM]","N120",false,"[PREMIUM]","S PLUS",false,false,"[PREMIUM]",,,,,,,,"[PREMIUM]"
"49084336","2026-08-06 20:55:52.891","2026-08-11 02:31:39.498","49084336","2026-08-07 19:04:31.000","[PREMIUM]","369","KS - KANSAS CITY","2026-08-11","TUESDAY","1200","CDT","2115","V",2013,"KIA","FORTE","FORTE",,"SILVER","MINOR DENT/SCRATCHES",,"ID","SC","YES","D",139212,"A","[PREMIUM]",0,"2.0L  4","Front-wheel Drive","AUTOMATIC","GAS",4,"Run & Drive Verified","Pure Sale","[PREMIUM]",,"KANSAS CITY","KS","66111 2629","USA","USD","[PREMIUM]","[PREMIUM]","3F100",false,"[PREMIUM]","EX",false,false,"[PREMIUM]",,,,,,,,"[PREMIUM]"
"78114535","2026-08-06 20:55:52.533","2026-08-20 17:44:05.257","78114535","2026-08-06 17:54:20.000","[PREMIUM]","368","NC - RALEIGH NORTH",,,,"EDT","0","V",2024,"GMC","SIERRA","SIERRA",,"BLACK","FRONT END",,"SC","ST","YES","E",33793,"A","[PREMIUM]",25308.6,"5.3L  8","4x4 w/Rear Wheel Drv","AUTOMATIC","GAS",8,"DEFAULT","Pure Sale","[PREMIUM]",,"KNIGHTDALE","NC","27545","USA","USD","[PREMIUM]","[PREMIUM]","HVY",false,"[PREMIUM]","K1500 SLT",false,false,"[PREMIUM]",,,,,,,,"[PREMIUM]"
"63738696","2026-08-06 20:55:52.486","2026-08-20 17:44:04.586","63738696","2026-08-18 18:20:12.000","[PREMIUM]","368","NC - RALEIGH NORTH","2026-08-21","FRIDAY","1000","EDT","0","V",2007,"LEXUS","RX350","RX","4DR SPORT UTILITY","WHITE","REAR END",,"NC","SC","YES","D",232042,"E","[PREMIUM]",0,"3.5L 6","FRONT WHEEL DRIVE","AUTOMATIC","GAS",6,"Run & Drive Verified","Pure Sale","[PREMIUM]",,"KNIGHTDALE","NC","27545","USA","USD","[PREMIUM]","[PREMIUM]","D030",false,"[PREMIUM]","350",false,false,"[PREMIUM]",,,,,,,,"[PREMIUM]"
"63316656","2026-08-06 20:55:52.392","2026-08-20 17:44:04.399","63316656","2026-08-15 16:08:46.000","[PREMIUM]","368","NC - RALEIGH NORTH","2026-08-21","FRIDAY","1000","EDT","0","V",2005,"TOYOTA","TUNDRA","TUNDRA","CREW PICKUP","GRAY","ALL OVER","SIDE","NC","SC","YES","D",193241,"E","[PREMIUM]",8987.19,"4.7L 8","4X4 W/REAR WHEEL DRV","AUTOMATIC","GAS",8,"Run & Drive Verified","Pure Sale","[PREMIUM]",,"KNIGHTDALE","NC","27545","USA","USD","[PREMIUM]","[PREMIUM]","I180",false,"[PREMIUM]","DOUBLE CAB LIMITED",false,false,"[PREMIUM]",,,,,,,,"[PREMIUM]"
"63109406","2026-08-06 20:55:52.361","2026-08-13 14:31:52.611","63109406","2026-08-06 14:48:34.000","[PREMIUM]","368","NC - RALEIGH NORTH","2026-08-14","FRIDAY","1000","EDT","0","V",2024,"MAZDA","CX30","CX-30","SPORT UTILITY VEHICLE","GRAY","WATER/FLOOD","REAR END","NC","SC","YES","D",14656,"A","[PREMIUM]",22869.29,"2.5L 4","ALL WHEEL DRIVE","AUTOMATIC","GAS",4,"Run & Drive Verified","Pure Sale","[PREMIUM]",,"KNIGHTDALE","NC","27545","USA","USD","[PREMIUM]","[PREMIUM]","G190",false,"[PREMIUM]","PREFERRED",false,false,"[PREMIUM]",,,,,,,,"[PREMIUM]"
"62293326","2026-08-06 20:55:52.123","2026-08-13 14:31:52.322","62293326","2026-08-06 19:48:25.000","[PREMIUM]","368","NC - RALEIGH NORTH","2026-08-14","FRIDAY","1000","EDT","0","V",2014,"HONDA","ACCORD","ACCORD","SEDAN 4DR","WHITE","SIDE","MINOR DENT/SCRATCHES","NC","SC","YES","D",230092,"A","[PREMIUM]",9961.17,"2.4L 4","FRONT WHEEL DRIVE","AUTOMATIC","GAS",4,"Run & Drive Verified","Pure Sale","[PREMIUM]",,"KNIGHTDALE","NC","27545","USA","USD","[PREMIUM]","[PREMIUM]","A090",false,"[PREMIUM]","LX",false,false,"[PREMIUM]",,,,,,,,"[PREMIUM]"
"62106306","2026-08-06 20:55:52.014","2026-08-20 17:44:03.746","62106306","2026-08-15 17:26:22.000","[PREMIUM]","368","NC - RALEIGH NORTH","2026-08-21","FRIDAY","1000","EDT","0","V",2016,"MAZDA","CX-5","CX-5","4DR SPORT UTILITY","GRAY","REAR END",,"NC","SC","YES","D",162145,"A","[PREMIUM]",0,"2.5L 4","FRONT WHEEL DRIVE","AUTOMATIC","GAS",4,"Run & Drive Verified","Pure Sale","[PREMIUM]",,"KNIGHTDALE","NC","27545","USA","USD","[PREMIUM]","[PREMIUM]","C020",false,"[PREMIUM]","TOURING",false,false,"[PREMIUM]",,,,,,,,"[PREMIUM]"
"61712786","2026-08-06 20:55:51.907","2026-08-20 17:44:03.612","61712786","2026-08-15 16:09:52.000","[PREMIUM]","368","NC - RALEIGH NORTH","2026-08-21","FRIDAY","1000","EDT","0","V",2026,"HONDA","CIVIC","CIVIC","HATCHBACK","GRAY","SIDE","FRONT END","NC","SC","YES","E",11807,"A","[PREMIUM]",19583.39,"2.0L 4","FRONT WHEEL DRIVE","AUTOMATIC","ELECTRIC AND GAS HYBRID",4,"DEFAULT","Pure Sale","[PREMIUM]",,"KNIGHTDALE","NC","27545","USA","USD","[PREMIUM]","[PREMIUM]","E100",false,"[PREMIUM]","SPORT TOURING",false,false,"[PREMIUM]",,,,,,,,"[PREMIUM]"
"61611876","2026-08-06 20:55:51.873","2026-08-20 17:44:03.524","61611876","2026-08-15 16:51:25.000","[PREMIUM]","368","NC - RALEIGH NORTH","2026-08-21","FRIDAY","1000","EDT","0","V",2011,"LEXUS","CT 200","CT","HATCHBACK 4DR","BLACK","SIDE",,"NC","SC","YES","D",90707,"A","[PREMIUM]",8068.32,"1.8L 4","FRONT WHEEL DRIVE","AUTOMATIC","ELECTRIC AND GAS HYBRID",4,"Run & Drive Verified","Pure Sale","[PREMIUM]",,"KNIGHTDALE","NC","27545","USA","USD","[PREMIUM]","[PREMIUM]","E120",false,"[PREMIUM]","200",false,false,"[PREMIUM]",,,,,,,,"[PREMIUM]"
"60497636","2026-08-06 20:55:51.462","2026-08-20 17:44:03.230","60497636","2026-08-15 17:12:07.000","[PREMIUM]","368","NC - RALEIGH NORTH","2026-08-21","FRIDAY","1000","EDT","0","V",2020,"INFINITI","QX60","QX60","SUV","BLACK","FRONT END",,"NC","SC","YES","D",204138,"A","[PREMIUM]",10668.4,"3.5L 6","ALL WHEEL DRIVE","AUTOMATIC","GAS",6,"Run & Drive Verified","Pure Sale","[PREMIUM]",,"KNIGHTDALE","NC","27545","USA","USD","[PREMIUM]","[PREMIUM]","H200",false,"[PREMIUM]","LUXE",false,false,"[PREMIUM]",,,,,,,,"[PREMIUM]"
"58028026","2026-08-06 20:55:50.523","2026-08-13 22:49:27.845","58028026","2026-08-06 18:09:41.000","[PREMIUM]","368","NC - RALEIGH NORTH","2026-08-14","FRIDAY","1000","EDT","0","V",2024,"FORD","ESCAPE","ESCAPE","SPORT UTILITY VEHICLE","BLACK","FRONT END","SIDE","NC","SC","YES","S",37720,"A","[PREMIUM]",0,"1.5L 3","FRONT WHEEL DRIVE","AUTOMATIC","GAS",3,"Vehicle Starts","Pure Sale","[PREMIUM]",,"KNIGHTDALE","NC","27545","USA","USD","[PREMIUM]","[PREMIUM]","C100",false,"[PREMIUM]","ST LINE",false,false,"[PREMIUM]",,,,,,,,"[PREMIUM]"
"57950946","2026-08-06 20:55:50.483","2026-08-20 17:44:02.552","57950946","2026-08-18 17:05:56.000","[PREMIUM]","368","NC - RALEIGH NORTH","2026-08-21","FRIDAY","1000","EDT","0","V",2018,"NISSAN","MAXIMA","MAXIMA","SEDAN","BLACK","REAR END",,"NC","SC","YES","D",80340,"A","[PREMIUM]",12563.58,"3.5L 6","FRONT WHEEL DRIVE","AUTOMATIC","GAS",6,"Run & Drive Verified","Pure Sale","[PREMIUM]",,"KNIGHTDALE","NC","27545","USA","USD","[PREMIUM]","[PREMIUM]","E070",false,"[PREMIUM]","3.5 SR",false,false,"[PREMIUM]",,,,,,,,"[PREMIUM]"
"56089816","2026-08-06 20:55:50.075","2026-08-13 08:31:58.627","56089816","2026-08-13 02:45:37.000","[PREMIUM]","855","WHOLESALE AUCTION","2026-08-13","THURSDAY","1200","EDT","0","V",2011,"KIA","SORENTO","SORENTO","SUV","BURGUNDY","SIDE","MINOR DENT/SCRATCHES","IN","CZ","YES","D",152533,"A","[PREMIUM]",0,"2.4L 4","ALL WHEEL DRIVE","AUTOMATIC","GAS",4,"Run & Drive Verified","On Minimum Bid","[PREMIUM]",,"KNIGHTDALE","NC","27545","USA","USD","[PREMIUM]","[PREMIUM]","B070",true,"[PREMIUM]","LX",false,true,"[PREMIUM]",,,,,"RED LIGHT",2.9,"Safety,Other","[PREMIUM]"
"55391746","2026-08-06 20:55:49.970","2026-08-20 17:44:02.323","55391746","2026-08-18 18:09:44.000","[PREMIUM]","368","NC - RALEIGH NORTH","2026-08-21","FRIDAY","1000","EDT","0","V",2017,"HONDA","CRV","CR-V","SPORT UTILITY VEHICLE","ORANGE","FRONT END",,"NC","SC","YES","S",171164,"A","[PREMIUM]",15851.95,"1.5L 4","ALL WHEEL DRIVE","AUTOMATIC","GAS",4,"Vehicle Starts","Pure Sale","[PREMIUM]",,"KNIGHTDALE","NC","27545","USA","USD","[PREMIUM]","[PREMIUM]","F180",false,"[PREMIUM]","TOURING",false,false,"[PREMIUM]",,,,,,,,"[PREMIUM]"
"51663616","2026-08-06 20:55:49.675","2026-08-20 17:44:02.109","51663616","2026-08-06 19:24:08.000","[PREMIUM]","368","NC - RALEIGH NORTH",,,,"EDT","0","V",2019,"CHEVROLET","EQUINOX","EQUINOX","SPORT UTILITY VEHICLE","BLACK","FRONT END",,"NC","SC","NO","E",127388,"A","[PREMIUM]",6154.86,"2.0L 4","FRONT WHEEL DRIVE","AUTOMATIC","GAS",4,"DEFAULT","Pure Sale","[PREMIUM]",,"KNIGHTDALE","NC","27545","USA","USD","[PREMIUM]","[PREMIUM]","E080",false,"[PREMIUM]","LT",false,false,"[PREMIUM]",,,,,,,,"[PREMIUM]"
"47634266","2026-08-06 20:55:49.452","2026-08-20 17:44:02.029","47634266","2026-08-13 18:34:43.000","[PREMIUM]","368","NC - RALEIGH NORTH","2026-08-21","FRIDAY","1000","EDT","0","V",2007,"LEXUS","IS 250 BAS","IS 250","SEDAN","SILVER","FRONT END","SIDE","WV","SC","NO","E",0,"E","[PREMIUM]",6266.01,"2.5L 6","ALL WHEEL DRIVE","AUTOMATIC","GAS",6,"DEFAULT","Pure Sale","[PREMIUM]",,"KNIGHTDALE","NC","27545","USA","USD","[PREMIUM]","[PREMIUM]","D010",false,"[PREMIUM]","BASE",false,false,"[PREMIUM]",,,,,,,,"[PREMIUM]"
"97949755","2026-08-06 20:55:49.366","2026-08-20 17:44:01.986","97949755","2026-08-06 20:08:11.000","[PREMIUM]","367","CA - MENTONE",,,,"PDT","0","V",2023,"FORD","MAVERICK","MAVERICK",,"TEAL","FRONT END","REAR END","CA","SC","YES","D",23057,"A","[PREMIUM]",24542.83,"2.5L  4","Front-wheel Drive","AUTOMATIC","HYBRID ENGINE",4,"Run & Drive Verified","Pure Sale","[PREMIUM]",,"MENTONE","CA","92359","USA","USD","[PREMIUM]","[PREMIUM]","H060",false,"[PREMIUM]","XL",false,false,"[PREMIUM]",,,,,,,,"[PREMIUM]"
"89678715","2026-08-06 20:55:49.344","2026-08-20 17:44:01.938","89678715","2026-08-06 18:05:49.000","[PREMIUM]","367","CA - MENTONE",,,,"PDT","0","V",2012,"HONDA","CIVIC","CIVIC",,"BLUE","FRONT END",,"CA","SC","YES","D",99479,"A","[PREMIUM]",5307.84,"1.8L  4","Front-wheel Drive","AUTOMATIC","GAS",4,"Run & Drive Verified","Pure Sale","[PREMIUM]",,"MENTONE","CA","92359","USA","USD","[PREMIUM]","[PREMIUM]","H070",false,"[PREMIUM]","LX",false,false,"[PREMIUM]",,,,,,,,"[PREMIUM]"
"80299705","2026-08-06 20:55:49.323","2026-08-19 09:01:42.144","80299705","2026-08-18 15:27:49.000","[PREMIUM]","367","CA - MENTONE","2026-08-19","WEDNESDAY","1200","PDT","0","V",2021,"HYUNDAI","PALISADE","PALISADE LIMITED",,"GRAY","FRONT END","FRAME DAMAGE","CA","SC","YES","D",51013,"A","[PREMIUM]",23007.79,"3.8L  6","ALL WHEEL DRIVE","AUTOMATIC","GAS",6,"Run & Drive Verified","Pure Sale","[PREMIUM]",,"MENTONE","CA","92359","USA","USD","[PREMIUM]","[PREMIUM]","I060",false,"[PREMIUM]","LIMITED",false,false,"[PREMIUM]",,,,,,,,"[PREMIUM]"
"63243416","2026-08-06 20:55:49.147","2026-08-19 15:03:28.244","63243416","2026-08-19 13:00:05.000","[PREMIUM]","367","CA - MENTONE","2026-08-19","WEDNESDAY","1200","PDT","2004","V",2013,"HONDA","ACCORD","ACCORD","SEDAN 4DR","SILVER","REAR END","FRONT END","CA","SC","YES","D",200694,"A","[PREMIUM]",0,"2.4L 4","FRONT WHEEL DRIVE","AUTOMATIC","GAS",4,"Run & Drive Verified","Pure Sale","[PREMIUM]",,"MENTONE","CA","92359","USA","USD","[PREMIUM]","[PREMIUM]","A080",false,"[PREMIUM]","SPORT",false,false,"[PREMIUM]",,,,,,,,"[PREMIUM]"
"62708076","2026-08-06 20:55:49.124","2026-08-19 15:03:28.167","62708076","2026-08-19 13:00:05.000","[PREMIUM]","367","CA - MENTONE","2026-08-19","WEDNESDAY","1200","PDT","2033","V",2007,"TOYOTA","CAMRY SOLA","CAMRY SOLARA","COUPE","BLACK","SIDE","FRONT END","CA","SC","YES","D",154358,"A","[PREMIUM]",7222,"2.4L 4","FRONT WHEEL DRIVE","AUTOMATIC","GAS",4,"Run & Drive Verified","Pure Sale","[PREMIUM]",,"MENTONE","CA","92359","USA","USD","[PREMIUM]","[PREMIUM]","A020",false,"[PREMIUM]","SE",false,false,"[PREMIUM]",,,,,,,,"[PREMIUM]"
"61618566","2026-08-06 20:55:48.994","2026-08-19 15:03:27.994","61618566","2026-08-19 13:00:05.000","[PREMIUM]","367","CA - MENTONE","2026-08-19","WEDNESDAY","1200","PDT","2042","V",2013,"HONDA","ACCORD","ACCORD","SEDAN 4DR","BLUE","REAR END",,"CA","SC","YES","D",242033,"A","[PREMIUM]",4772.57,"2.4L 4","FRONT WHEEL DRIVE","AUTOMATIC","GAS",4,"Run & Drive Verified","Pure Sale","[PREMIUM]",,"MENTONE","CA","92359","USA","USD","[PREMIUM]","[PREMIUM]","H050",false,"[PREMIUM]","EXL",false,false,"[PREMIUM]",,,,,,,,"[PREMIUM]"
"58512416","2026-08-06 20:55:48.824","2026-08-19 15:03:27.712","58512416","2026-08-19 13:00:05.000","[PREMIUM]","367","CA - MENTONE","2026-08-19","WEDNESDAY","1200","PDT","3030","V",2005,"CHRYSLER","300","300",,"MAROON","REAR END","FRONT END","ID","SC","YES","E",140454,"A","[PREMIUM]",6387,,,"AUTOMATIC",,,"DEFAULT","Pure Sale","[PREMIUM]",,"MENTONE","CA","92359","USA","USD","[PREMIUM]","[PREMIUM]","C070",false,"[PREMIUM]","BASE",false,false,"[PREMIUM]",,,,,,,,"[PREMIUM]"
"55607716","2026-08-06 20:55:48.712","2026-08-06 20:55:48.712","55607716","2026-08-06 17:58:46.000","[PREMIUM]","367","CA - MENTONE",,,,"PDT","0","V",2025,"TOYOTA","CAMRY","CAMRY","SEDAN","GRAY","FRONT END","SIDE","CA","SC","NO","E",34814,"A","[PREMIUM]",14919.09,"2.5L 4","FRONT WHEEL DRIVE","AUTOMATIC","ELECTRIC AND GAS HYBRID",4,"DEFAULT","Pure Sale","[PREMIUM]",,"MENTONE","CA","92359","USA","USD","[PREMIUM]","[PREMIUM]","C050",false,"[PREMIUM]","LE",false,false,"[PREMIUM]",,,,,,,,"[PREMIUM]"
"75297465","2026-08-06 20:55:48.132","2026-08-20 17:44:00.258","75297465","2026-08-06 18:18:56.000","[PREMIUM]","366","FL - CLEWISTON",,,,"EDT","0","V",2016,"GMC","TERRAIN","TERRAIN",,"GRAY","FRONT END","SIDE","FL","CT","YES","D",85226,"A","[PREMIUM]",0,"3.6L  6","Front-wheel Drive","AUTOMATIC","GAS",6,"Run & Drive Verified","On Minimum Bid","[PREMIUM]",,"CLEWISTON","FL","33440","USA","USD","[PREMIUM]","[PREMIUM]","J090",false,"[PREMIUM]","SLE",false,false,"[PREMIUM]",,,,,,,,"[PREMIUM]"
"57336836","2026-08-06 20:55:47.764","2026-08-20 17:43:59.580","57336836","2026-08-18 19:17:15.000","[PREMIUM]","366","FL - CLEWISTON","2026-08-24","MONDAY","1000","EDT","16","V",2014,"KIA","SOUL","SOUL","WAGON","GREEN","FRONT END",,"ID","SC","YES","D",46180,"A","[PREMIUM]",9388,"1.6L 4","FRONT WHEEL DRIVE","AUTOMATIC","GAS",4,"Run & Drive Verified","Pure Sale","[PREMIUM]",,"CLEWISTON","FL","33440","USA","USD","[PREMIUM]","[PREMIUM]","J090",false,"[PREMIUM]","BASE",false,false,"[PREMIUM]",,,,,,,,"[PREMIUM]"
"55234936","2026-08-06 20:55:47.531","2026-08-20 17:43:59.499","55234936","2026-08-18 19:17:15.000","[PREMIUM]","366","FL - CLEWISTON","2026-08-24","MONDAY","1000","EDT","30","V",2025,"ACURA","INTEGRA","INTEGRA","HATCHBACK","WHITE","FRONT END",,"ID","SC","YES","D",9825,"A","[PREMIUM]",7649,"1.5L 4","FRONT WHEEL DRIVE","AUTOMATIC","GAS",4,"Run & Drive Verified","Pure Sale","[PREMIUM]",,"CLEWISTON","FL","33440","USA","USD","[PREMIUM]","[PREMIUM]","J090",false,"[PREMIUM]",,false,false,"[PREMIUM]",,,,,,,,"[PREMIUM]"
"62701556","2026-08-06 20:55:47.220","2026-08-09 20:56:43.432","62701556","2026-08-06 16:41:47.000","[PREMIUM]","363","ND - BISMARCK","2026-08-10","MONDAY","1400","CDT","0","J",2016,"SEA-","RXP-X 300","RXP-X 300",,"RED","SIDE",,"ND","BS","NO","E",0,"N","[PREMIUM]",5810,,,,,,"DEFAULT","Pure Sale","[PREMIUM]",,"BISMARCK","ND","58504","USA","USD","[PREMIUM]","[PREMIUM]","F010",false,"[PREMIUM]",,false,false,"[PREMIUM]",,,,,,,,"[PREMIUM]"
"57149996","2026-08-06 20:55:46.651","2026-08-12 08:33:38.330","57149996","2026-08-10 20:26:44.000","[PREMIUM]","363","ND - BISMARCK","2026-08-17","MONDAY","1400","CDT","0","V",2006,"MERCEDES-BENZ","M-CLASS","ML","4DR SPORT UTILITY","GRAY","FRONT END","UNDERCARRIAGE","ND","CT","YES",,229211,"E","[PREMIUM]",0,"5.0L 8","ALL WHEEL DRIVE","AUTOMATIC","GAS",8,,"On Minimum Bid","[PREMIUM]",,"BISMARCK","ND","58504","USA","USD","[PREMIUM]","[PREMIUM]","C050",true,"[PREMIUM]","500",false,false,"[PREMIUM]",,,,,,,,"[PREMIUM]"
"77866885","2026-08-06 20:55:46.300","2026-08-13 14:31:47.223","77866885","2026-08-12 14:40:02.000","[PREMIUM]","362","AZ - PHOENIX NORTH","2026-08-13","THURSDAY","1200","PDT","1104","V",2021,"CHEVROLET","ALL Models","SILVERADO",,"RED","SIDE",,"AZ","SC","YES","S",34705,"A","[PREMIUM]",33000,"5.3L  8","4x4 w/Rear Wheel Drv","AUTOMATIC","GAS",8,"Vehicle Starts","On Minimum Bid","[PREMIUM]",,"PHOENIX","AZ","85085","USA","USD","[PREMIUM]","[PREMIUM]","B130",false,"[PREMIUM]","K1500 LT TRAIL BOSS",false,false,"[PREMIUM]",,,,,,,,"[PREMIUM]"
"63752106","2026-08-06 20:55:46.251","2026-08-18 09:03:24.991","63752106","2026-08-17 14:06:05.000","[PREMIUM]","362","AZ - PHOENIX NORTH","2026-08-18","TUESDAY","1200","PDT","2011","V",2021,"TOYOTA","HIGHLANDER","HIGHLANDER","SPORT UTILITY VEHICLE","BLACK","FRONT END","MINOR DENT/SCRATCHES","AZ","SC","YES","D",82317,"A","[PREMIUM]",15438.75,"3.5L 6","FRONT WHEEL DRIVE","AUTOMATIC","GAS",6,"Run & Drive Verified","Pure Sale","[PREMIUM]",,"PHOENIX","AZ","85085","USA","USD","[PREMIUM]","[PREMIUM]","K110",false,"[PREMIUM]","XLE",false,false,"[PREMIUM]",,,,,,,,"[PREMIUM]"
"63517466","2026-08-06 20:55:46.215","2026-08-09 20:56:41.925","63517466","2026-08-06 16:49:02.000","[PREMIUM]","362","AZ - PHOENIX NORTH","2026-08-11","TUESDAY","1200","PDT","0","V",2017,"SUBARU","OUTBACK","OUTBACK","SPORT UTILITY VEHICLE","WHITE","MINOR DENT/SCRATCHES",,"AZ","CT","YES","D",188793,"A","[PREMIUM]",0,"2.5L 4","ALL WHEEL DRIVE","AUTOMATIC","GAS",4,"Run & Drive Verified","On Minimum Bid","[PREMIUM]",,"PHOENIX","AZ","85085","USA","USD","[PREMIUM]","[PREMIUM]","N090",true,"[PREMIUM]","2.5I PREMIUM",false,false,"[PREMIUM]",,,,,,,,"[PREMIUM]"
"58060806","2026-08-06 20:55:45.134","2026-08-18 09:03:23.560","58060806","2026-08-17 14:06:05.000","[PREMIUM]","362","AZ - PHOENIX NORTH","2026-08-18","TUESDAY","1200","PDT","2590","V",2023,"CHEVROLET","MALIBU","MALIBU","SEDAN","GRAY","FRONT END","SIDE","ID","SC","YES","S",53273,"A","[PREMIUM]",11199,"1.5L 4","FRONT WHEEL DRIVE","AUTOMATIC","GAS",4,"Vehicle Starts","Pure Sale","[PREMIUM]",,"PHOENIX","AZ","85085","USA","USD","[PREMIUM]","[PREMIUM]","J050",false,"[PREMIUM]","LT",false,false,"[PREMIUM]",,,,,,,,"[PREMIUM]"
"57359416","2026-08-06 20:55:45.055","2026-08-18 09:03:23.481","57359416","2026-08-17 14:06:05.000","[PREMIUM]","362","AZ - PHOENIX NORTH","2026-08-18","TUESDAY","1200","PDT","2507","V",2019,"NISSAN","ROGUE","ROGUE","WAGON","SILVER","FRONT END",,"AZ","SC","NO","E",31702,"A","[PREMIUM]",12897.68,"2.5L 4","ALL WHEEL DRIVE","AUTOMATIC","GAS",4,"DEFAULT","Pure Sale","[PREMIUM]",,"PHOENIX","AZ","85085","USA","USD","[PREMIUM]","[PREMIUM]","E100",false,"[PREMIUM]","SV",false,false,"[PREMIUM]",,,,,,,,"[PREMIUM]"
"56977376","2026-08-06 20:55:44.998","2026-08-18 09:03:23.446","56977376","2026-08-17 14:06:05.000","[PREMIUM]","362","AZ - PHOENIX NORTH","2026-08-18","TUESDAY","1200","PDT","2505","V",2018,"CHEVROLET","SILVERADO","SILVERADO","PICKUP","BLUE","FRONT END","SIDE","AZ","SC","YES","S",135989,"A","[PREMIUM]",13296.97,"5.3L 8","REAR WHEEL DRIVE","AUTOMATIC","GAS",8,"Vehicle Starts","Pure Sale","[PREMIUM]",,"PHOENIX","AZ","85085","USA","USD","[PREMIUM]","[PREMIUM]","A170",false,"[PREMIUM]","C1500 LT",false,false,"[PREMIUM]",,,,,,,,"[PREMIUM]"
"56324866","2026-08-06 20:55:44.975","2026-08-11 02:31:29.744","56324866","2026-08-10 15:21:44.000","[PREMIUM]","362","AZ - PHOENIX NORTH","2026-08-11","TUESDAY","1200","PDT","117","V",2006,"TOYOTA","AVALON","AVALON","SEDAN","GOLD","SIDE","FRONT END","AZ","SC","YES","D",301122,"A","[PREMIUM]",8382,"3.5L 6","FRONT WHEEL DRIVE","AUTOMATIC","GAS",6,"Run & Drive Verified","Pure Sale","[PREMIUM]",,"PHOENIX","AZ","85085","USA","USD","[PREMIUM]","[PREMIUM]","M080",false,"[PREMIUM]","LIMITED",false,false,"[PREMIUM]",,,,,,,,"[PREMIUM]"
"55950786","2026-08-06 20:55:44.895","2026-08-13 14:31:44.967","55950786","2026-08-12 14:40:02.000","[PREMIUM]","362","AZ - PHOENIX NORTH","2026-08-13","THURSDAY","1200","PDT","1113","V",2022,"DODGE","CHALLENGER","CHALLENGER","COUPE","ORANGE","FRONT END","REAR END","AZ","SC","YES","E",27112,"A","[PREMIUM]",0,"6.4L 8","REAR WHEEL DRIVE","AUTOMATIC","GAS",8,"DEFAULT","Pure Sale","[PREMIUM]",,"PHOENIX","AZ","85085","USA","USD","[PREMIUM]","[PREMIUM]","N060",false,"[PREMIUM]","R",false,false,"[PREMIUM]",,,,,,,,"[PREMIUM]"
"55462056","2026-08-06 20:55:44.738","2026-08-13 14:31:44.985","55462056","2026-08-12 14:40:02.000","[PREMIUM]","362","AZ - PHOENIX NORTH","2026-08-13","THURSDAY","1200","PDT","1135","V",2017,"MERCEDES-BENZ","E-CLASS","E","SEDAN 4DR","RED","FRONT END","SIDE","AZ","SC","YES","E",53730,"A","[PREMIUM]",21543,"2.0L 4","REAR WHEEL DRIVE","AUTOMATIC","GAS",4,"DEFAULT","Pure Sale","[PREMIUM]",,"PHOENIX","AZ","85085","USA","USD","[PREMIUM]","[PREMIUM]","D170",false,"[PREMIUM]","300",false,false,"[PREMIUM]",,,,,,,,"[PREMIUM]"
"54345736","2026-08-06 20:55:44.680","2026-08-11 02:31:29.569","54345736","2026-08-10 15:21:43.000","[PREMIUM]","362","AZ - PHOENIX NORTH","2026-08-11","TUESDAY","1200","PDT","29","V",2016,"MAZDA","6","6","SEDAN 4DR","RED","FRONT END",,"AZ","SC","YES","D",45346,"A","[PREMIUM]",9671.59,"2.5L 4","FRONT WHEEL DRIVE","AUTOMATIC","GAS",4,"Run & Drive Verified","Pure Sale","[PREMIUM]",,"PHOENIX","AZ","85085","USA","USD","[PREMIUM]","[PREMIUM]","M040",false,"[PREMIUM]","SPORT",false,false,"[PREMIUM]",,,,,,,,"[PREMIUM]"
"54535256","2026-08-06 20:55:44.654","2026-08-18 09:03:23.287","54535256","2026-08-17 14:06:05.000","[PREMIUM]","362","AZ - PHOENIX NORTH","2026-08-18","TUESDAY","1200","PDT","2521","V",2019,"RAM","1500","1500 CLASSIC","PICKUP","BLACK","VANDALISM",,"ID","SC","YES","E",114970,"A","[PREMIUM]",18172,"3.6L 6","REAR WHEEL DRIVE","AUTOMATIC","FLEXIBLE",6,"DEFAULT","Pure Sale","[PREMIUM]",,"PHOENIX","AZ","85085","USA","USD","[PREMIUM]","[PREMIUM]","B090",false,"[PREMIUM]","TRADESMAN",false,false,"[PREMIUM]",,,,,,,,"[PREMIUM]"
"51877086","2026-08-06 20:55:44.578","2026-08-18 09:03:23.113","51877086","2026-08-17 14:06:04.000","[PREMIUM]","362","AZ - PHOENIX NORTH","2026-08-18","TUESDAY","1200","PDT","11","V",2025,"BMW","X1","X1","SPORT UTILITY VEHICLE","BLACK","FRONT END",,"ID","SC","YES","D",16391,"A","[PREMIUM]",28740,"2.0L 4","ALL WHEEL DRIVE","AUTOMATIC","GAS",4,"Run & Drive Verified","Pure Sale","[PREMIUM]",,"PHOENIX","AZ","85085","USA","USD","[PREMIUM]","[PREMIUM]","E090",false,"[PREMIUM]","XDRIVE28I",false,false,"[PREMIUM]",,,,,,,,"[PREMIUM]"
"48152606","2026-08-06 20:55:44.425","2026-08-18 09:03:23.042","48152606","2026-08-17 14:06:05.000","[PREMIUM]","362","AZ - PHOENIX NORTH","2026-08-18","TUESDAY","1200","PDT","42","V",2001,"MERCEDES-BENZ","E-CLASS","E","SEDAN 4DR","SILVER","REAR END","MINOR DENT/SCRATCHES","ID","SC","YES","D",136547,"E","[PREMIUM]",8396,"4.3L 8","ALL WHEEL DRIVE","AUTOMATIC","GAS",8,"Run & Drive Verified","Pure Sale","[PREMIUM]",,"PHOENIX","AZ","85085","USA","USD","[PREMIUM]","[PREMIUM]","N040",false,"[PREMIUM]","430",false,false,"[PREMIUM]",,,,,,,,"[PREMIUM]"
"85966095","2026-08-06 20:55:44.269","2026-08-19 15:03:22.503","85966095","2026-08-18 19:52:41.000","[PREMIUM]","361","MA - FREETOWN","2026-08-19","WEDNESDAY","1000","EDT","2065","V",2017,"MAZDA","CX-5","CX-5","SPORT UTILITY VEHICLE","WHITE","REAR END","FRONT END","MA","ST","YES","D",132527,"A","[PREMIUM]",13032,"2.5L 4","ALL WHEEL DRIVE","AUTOMATIC","GAS",4,"Run & Drive Verified","Pure Sale","[PREMIUM]",,"ASSONET","MA","02702","USA","USD","[PREMIUM]","[PREMIUM]","F060",false,"[PREMIUM]","TOURING",false,false,"[PREMIUM]",,,,,,,,"[PREMIUM]"
"79951895","2026-08-06 20:55:44.185","2026-08-19 15:03:22.500","79951895","2026-08-18 19:52:40.000","[PREMIUM]","361","MA - FREETOWN","2026-08-19","WEDNESDAY","1000","EDT","84","V",2015,"AUDI","Q7","Q7","4DR SPORT UTILITY","GRAY","TOP/ROOF",,"MA","RS","YES","D",162391,"A","[PREMIUM]",7167.15,"3.0L 6","ALL WHEEL DRIVE","AUTOMATIC","GAS",6,"Run & Drive Verified","Pure Sale","[PREMIUM]",,"ASSONET","MA","02702","USA","USD","[PREMIUM]","[PREMIUM]","L070",false,"[PREMIUM]","PREMIUM PLUS",false,false,"[PREMIUM]",,,,,,,,"[PREMIUM]"
"64053366","2026-08-06 20:55:44.118","2026-08-19 15:03:21.843","64053366","2026-08-18 19:52:40.000","[PREMIUM]","361","MA - FREETOWN","2026-08-19","WEDNESDAY","1000","EDT","90","V",2013,"GMC","SIERRA","SIERRA","4DR EXT CAB PICKUP","BROWN","MINOR DENT/SCRATCHES",,"MA","CT","YES","D",153408,"A","[PREMIUM]",0,"5.3L 8","4X4 W/REAR WHEEL DRV","AUTOMATIC","FLEXIBLE",8,"Run & Drive Verified","On Minimum Bid","[PREMIUM]",,"ASSONET","MA","02702","USA","USD","[PREMIUM]","[PREMIUM]","I110",false,"[PREMIUM]","K1500 SLE",false,false,"[PREMIUM]",,,,,,,,"[PREMIUM]"
"63950756","2026-08-06 20:55:44.076","2026-08-12 08:33:35.867","63950756","2026-08-12 08:00:12.000","[PREMIUM]","361","MA - FREETOWN","2026-08-12","WEDNESDAY","1000","EDT","2081","V",2012,"AUDI","Q5","Q5","4DR SPORT UTILITY","GRAY","VANDALISM",,"MA","RS","YES","D",205300,"A","[PREMIUM]",7555.43,"3.2L 6","ALL WHEEL DRIVE","AUTOMATIC","GAS",6,"Run & Drive Verified","Pure Sale","[PREMIUM]",,"ASSONET","MA","02702","USA","USD","[PREMIUM]","[PREMIUM]","G060",false,"[PREMIUM]","PREMIUM PLUS",false,false,"[PREMIUM]",,,,,,,,"[PREMIUM]"
"63694126","2026-08-06 20:55:44.074","2026-08-19 15:03:21.782","63694126","2026-08-18 19:52:41.000","[PREMIUM]","361","MA - FREETOWN","2026-08-19","WEDNESDAY","1000","EDT","2067","V",2016,"JEEP","CHEROKEE","GRAND CHEROKEE","4DR SPORT UTILITY","WHITE","FRONT END",,"MA","RS","YES","D",170208,"A","[PREMIUM]",8759.11,"3.6L 6","4X4 W/REAR WHEEL DRV","AUTOMATIC","FLEXIBLE",6,"Run & Drive Verified","Pure Sale","[PREMIUM]",,"ASSONET","MA","02702","USA","USD","[PREMIUM]","[PREMIUM]","F050",false,"[PREMIUM]","LAREDO",false,false,"[PREMIUM]",,,,,,,,"[PREMIUM]"
"63524796","2026-08-06 20:55:44.040","2026-08-12 08:33:35.425","63524796","2026-08-12 08:00:12.000","[PREMIUM]","361","MA - FREETOWN","2026-08-12","WEDNESDAY","1000","EDT","25","V",2000,"PONTIAC","GRANDAM","GRAND AM","SEDAN 4DR","SILVER","FRONT END","SIDE","MA","RS","YES","D",157775,"A","[PREMIUM]",4468,"3.4L 6","FRONT WHEEL DRIVE","AUTOMATIC","GAS",6,"Run & Drive Verified","On Minimum Bid","[PREMIUM]",,"ASSONET","MA","02702","USA","USD","[PREMIUM]","[PREMIUM]","D050",false,"[PREMIUM]","GT",false,false,"[PREMIUM]",,,,,,,,"[PREMIUM]"
"63331896","2026-08-06 20:55:44.026","2026-08-19 15:03:21.564","63331896","2026-08-18 19:52:40.000","[PREMIUM]","361","MA - FREETOWN","2026-08-19","WEDNESDAY","1000","EDT","87","V",2018,"KIA","SORENTO","SORENTO","SUV","BLACK","FRONT END",,"MA","ST","YES","D",114432,"A","[PREMIUM]",9488.63,"2.4L 4","ALL WHEEL DRIVE","AUTOMATIC","GAS",4,"Run & Drive Verified","Pure Sale","[PREMIUM]",,"ASSONET","MA","02702","USA","USD","[PREMIUM]","[PREMIUM]","H050",false,"[PREMIUM]","LX",false,false,"[PREMIUM]",,,,,,,,"[PREMIUM]"
"63128286","2026-08-06 20:55:43.959","2026-08-19 15:03:21.465","63128286","2026-08-18 19:52:41.000","[PREMIUM]","361","MA - FREETOWN","2026-08-19","WEDNESDAY","1000","EDT","2056","V",2019,"JEEP","CHEROKEE","GRAND CHEROKEE","SPORT UTILITY VEHICLE","BLACK","FRONT END",,"MA","ST","YES","D",111760,"A","[PREMIUM]",12310.6,"3.6L 6","4X4 W/REAR WHEEL DRV","AUTOMATIC","FLEXIBLE",6,"Run & Drive Verified","Pure Sale","[PREMIUM]",,"ASSONET","MA","02702","USA","USD","[PREMIUM]","[PREMIUM]","E070",false,"[PREMIUM]","OVERLAND",false,false,"[PREMIUM]",,,,,,,,"[PREMIUM]"
"62964356","2026-08-06 20:55:43.923","2026-08-18 09:03:21.943","62964356","2026-08-11 20:35:59.000","[PREMIUM]","361","MA - FREETOWN","2026-08-19","WEDNESDAY","1000","EDT","0","V",2016,"HYUNDAI","VELOSTER","VELOSTER","COUPE 3DR","BLUE","FRONT END",,"TX","RS","YES","D",139706,"A","[PREMIUM]",7496.75,"1.6L 4","FRONT WHEEL DRIVE","MANUAL","GAS",4,"Run & Drive Verified","Pure Sale","[PREMIUM]",,"ASSONET","MA","02702","USA","USD","[PREMIUM]","[PREMIUM]","E020",false,"[PREMIUM]","TURBO",false,false,"[PREMIUM]",,,,,,,,"[PREMIUM]"
"62978356","2026-08-06 20:55:43.907","2026-08-12 08:33:35.194","62978356","2026-08-12 08:00:12.000","[PREMIUM]","361","MA - FREETOWN","2026-08-12","WEDNESDAY","1000","EDT","2065","V",2011,"FORD","CROWN VIC","CROWN VICTORIA","SEDAN 4DR","BLACK","FRONT END",,"MA","RS","YES","D",0,"N","[PREMIUM]",6799.91,"4.6L 8","REAR WHEEL DRIVE","AUTOMATIC","FLEXIBLE",8,"Run & Drive Verified","Pure Sale","[PREMIUM]",,"ASSONET","MA","02702","USA","USD","[PREMIUM]","[PREMIUM]","A050",false,"[PREMIUM]","POLICE INTERCEPTOR",false,false,"[PREMIUM]",,,,,,,,"[PREMIUM]"
"62853086","2026-08-06 20:55:43.906","2026-08-19 15:03:21.354","62853086","2026-08-18 19:52:41.000","[PREMIUM]","361","MA - FREETOWN","2026-08-19","WEDNESDAY","1000","EDT","3120","V",2024,"HONDA","CIVIC","CIVIC","SEDAN","GRAY","WATER/FLOOD",,"MA","FS","YES","E",40241,"A","[PREMIUM]",15356,"2.0L 4","FRONT WHEEL DRIVE","AUTOMATIC","GAS",4,"DEFAULT","On Minimum Bid","[PREMIUM]",,"ASSONET","MA","02702","USA","USD","[PREMIUM]","[PREMIUM]","B050",false,"[PREMIUM]","LX",false,false,"[PREMIUM]",,,,,,,,"[PREMIUM]"
"62979536","2026-08-06 20:55:43.902","2026-08-12 08:33:35.178","62979536","2026-08-12 08:00:12.000","[PREMIUM]","361","MA - FREETOWN","2026-08-12","WEDNESDAY","1000","EDT","2501","V",2008,"LINCOLN","MKZ","MKZ","SEDAN 4DR","WHITE","REAR END","SIDE","MA","RS","YES","S",97112,"A","[PREMIUM]",4861.76,"3.5L 6","ALL WHEEL DRIVE","AUTOMATIC","GAS",6,"Vehicle Starts","Pure Sale","[PREMIUM]",,"ASSONET","MA","02702","USA","USD","[PREMIUM]","[PREMIUM]","B030",false,"[PREMIUM]",,false,false,"[PREMIUM]",,,,,,,,"[PREMIUM]"
"62720926","2026-08-06 20:55:43.861","2026-08-19 15:03:21.211","62720926","2026-08-18 20:30:55.000","[PREMIUM]","361","MA - FREETOWN","2026-08-19","WEDNESDAY","1000","EDT","3124","V",2022,"DODGE","CHARGER","CHARGER","SEDAN","BLACK","WATER/FLOOD",,"MA","FS","YES","E",68076,"A","[PREMIUM]",21114.36,"3.6L 6","REAR WHEEL DRIVE","AUTOMATIC","FLEXIBLE",6,"DEFAULT","Pure Sale","[PREMIUM]",,"ASSONET","MA","02702","USA","USD","[PREMIUM]","[PREMIUM]","K070",false,"[PREMIUM]","SXT",false,false,"[PREMIUM]",,,,,,,,"[PREMIUM]"
"62598066","2026-08-06 20:55:43.777","2026-08-20 05:43:19.138","62598066","2026-08-20 02:45:42.000","[PREMIUM]","881","*NCS - CENTRAL REGION","2026-08-20","THURSDAY","2000","CDT","0","R",2019,"KEYSTONE","COLEMAN","COLEMAN",,"GRAY","MINOR DENT/SCRATCHES",,"MA","RS","NO","E",0,"N","[PREMIUM]",9591,,,,,,"DEFAULT","On Minimum Bid","[PREMIUM]",,"ASSONET","MA","02702","USA","USD","[PREMIUM]","[PREMIUM]","U060",false,"[PREMIUM]",,false,false,"[PREMIUM]",,,,,,,,"[PREMIUM]"
"62574476","2026-08-06 20:55:43.747","2026-08-12 08:33:35.022","62574476","2026-08-12 08:00:12.000","[PREMIUM]","361","MA - FREETOWN","2026-08-12","WEDNESDAY","1000","EDT","2046","V",2014,"TOYOTA","RAV4","RAV4","4DR SPORT UTILITY","SILVER","REAR END",,"MA","SP","YES","D",227326,"A","[PREMIUM]",4789,"2.5L 4","ALL WHEEL DRIVE","AUTOMATIC","GAS",4,"Run & Drive Verified","On Minimum Bid","[PREMIUM]",,"ASSONET","MA","02702","USA","USD","[PREMIUM]","[PREMIUM]","G060",false,"[PREMIUM]","LE",false,false,"[PREMIUM]",,,,,,,,"[PREMIUM]"
"62634156","2026-08-06 20:55:43.747","2026-08-18 09:03:21.860","62634156","2026-08-17 16:50:31.000","[PREMIUM]","361","MA - FREETOWN","2026-08-19","WEDNESDAY","1000","EDT","0","V",2017,"SUBARU","IMPREZA","IMPREZA","WAGON","BLUE","FRONT END","REAR END","MA","ST","YES","D",84496,"A","[PREMIUM]",10330,"2.0L 4","ALL WHEEL DRIVE","AUTOMATIC","GAS",4,"Run & Drive Verified","Pure Sale","[PREMIUM]",,"ASSONET","MA","02702","USA","USD","[PREMIUM]","[PREMIUM]","E050",false,"[PREMIUM]","SPORT",false,false,"[PREMIUM]",,,,,,,,"[PREMIUM]"
"62678606","2026-08-06 20:55:43.745","2026-08-20 17:43:53.767","62678606","2026-08-17 18:55:38.000","[PREMIUM]","361","MA - FREETOWN","2026-08-26","WEDNESDAY","1000","EDT","0","V",2021,"FORD","EXPLORER","EXPLORER","SPORT UTILITY VEHICLE","BLACK","FRONT END",,"MA","ST","YES","E",38071,"A","[PREMIUM]",19419.87,"2.3L 4","4X4 W/REAR WHEEL DRV","AUTOMATIC","GAS",4,"DEFAULT","Pure Sale","[PREMIUM]",,"ASSONET","MA","02702","USA","USD","[PREMIUM]","[PREMIUM]","G060",false,"[PREMIUM]","XLT",false,false,"[PREMIUM]",,,,,,,,"[PREMIUM]"
"62446806","2026-08-06 20:55:43.731","2026-08-17 03:03:11.352","62446806","2026-08-13 19:57:57.000","[PREMIUM]","838","RENTAL VEHICLE SALE","2026-08-17","MONDAY","1200","EDT","0","V",2023,"CHEVROLET","TRAVERSE","TRAVERSE","SPORT UTILITY VEHICLE","BLACK","SIDE","REAR END","VA","ST","YES","D",133216,"A","[PREMIUM]",19794.32,"3.6L 6","ALL WHEEL DRIVE","AUTOMATIC","GAS",6,"Run & Drive Verified","On Minimum Bid","[PREMIUM]",,"ASSONET","MA","02702","USA","USD","[PREMIUM]","[PREMIUM]","BCRCV",false,"[PREMIUM]","LT",true,false,"[PREMIUM]",,,,,,,,"[PREMIUM]"
"62402656","2026-08-06 20:55:43.707","2026-08-19 15:03:21.107","62402656","2026-08-18 19:52:41.000","[PREMIUM]","361","MA - FREETOWN","2026-08-19","WEDNESDAY","1000","EDT","2112","V",2026,"HONDA","CRV","CR-V","SPORT UTILITY VEHICLE","RED","BURN","REAR END","MA","ST","YES","D",590,"A","[PREMIUM]",16845,"1.5L 4","ALL WHEEL DRIVE","AUTOMATIC","GAS",4,"Run & Drive Verified","Pure Sale","[PREMIUM]",,"ASSONET","MA","02702","USA","USD","[PREMIUM]","[PREMIUM]","H040",false,"[PREMIUM]","EXL",false,false,"[PREMIUM]",,,,,,,,"[PREMIUM]"
"62426856","2026-08-06 20:55:43.704","2026-08-18 09:03:21.745","62426856","2026-08-17 14:38:22.000","[PREMIUM]","361","MA - FREETOWN","2026-08-19","WEDNESDAY","1000","EDT","0","V",2018,"FORD","ESCAPE","ESCAPE","SPORT UTILITY VEHICLE","SILVER","UNDERCARRIAGE","SIDE","MA","ST","YES","S",45155,"A","[PREMIUM]",24139,"2.0L 4","4X4 W/FRONT WHL DRV","AUTOMATIC","GAS",4,"Vehicle Starts","Pure Sale","[PREMIUM]",,"ASSONET","MA","02702","USA","USD","[PREMIUM]","[PREMIUM]","A110",false,"[PREMIUM]","TITANIUM",false,false,"[PREMIUM]",,,,,,,,"[PREMIUM]"
"62484706","2026-08-06 20:55:43.688","2026-08-12 08:33:34.988","62484706","2026-08-12 08:00:12.000","[PREMIUM]","361","MA - FREETOWN","2026-08-12","WEDNESDAY","1000","EDT","120","V",2014,"HONDA","CRV","CR-V","4DR SPORT UTILITY","MAROON","FRONT END",,"MA","RS","YES","D",124010,"A","[PREMIUM]",8065.05,"2.4L 4","ALL WHEEL DRIVE","AUTOMATIC","GAS",4,"Run & Drive Verified","Pure Sale","[PREMIUM]",,"ASSONET","MA","02702","USA","USD","[PREMIUM]","[PREMIUM]","F070",false,"[PREMIUM]","EXL",false,false,"[PREMIUM]",,,,,,,,"[PREMIUM]"
"62163006","2026-08-06 20:55:43.665","2026-08-12 08:33:34.940","62163006","2026-08-12 08:00:12.000","[PREMIUM]","361","MA - FREETOWN","2026-08-12","WEDNESDAY","1000","EDT","2530","V",2004,"TOYOTA","COROLLA","COROLLA","SEDAN","WHITE","FRONT END",,"MA","RS","YES","E",0,"E","[PREMIUM]",8751.69,"1.8L 4","FRONT WHEEL DRIVE","AUTOMATIC","GAS",4,"DEFAULT","Pure Sale","[PREMIUM]",,"ASSONET","MA","02702","USA","USD","[PREMIUM]","[PREMIUM]","B060",false,"[PREMIUM]","S",false,false,"[PREMIUM]",,,,,,,,"[PREMIUM]"
"62076216","2026-08-06 20:55:43.665","2026-08-12 03:06:43.251","62076216","2026-08-11 22:37:50.000","[PREMIUM]","838","RENTAL VEHICLE SALE","2026-08-12","WEDNESDAY","1200","EDT","0","V",2026,"VOLKSWAGEN","TIGUAN","TIGUAN","SPORT UTILITY VEHICLE","SILVER","FRONT END","SIDE","VA","ST","YES","E",16477,"A","[PREMIUM]",24904.27,"2.0L 4","ALL WHEEL DRIVE","AUTOMATIC","GAS",4,"DEFAULT","On Minimum Bid","[PREMIUM]",,"ASSONET","MA","02702","USA","USD","[PREMIUM]","[PREMIUM]","C050",false,"[PREMIUM]","SE",true,false,"[PREMIUM]",,,,,,,,"[PREMIUM]"
"62096236","2026-08-06 20:55:43.648","2026-08-19 15:03:21.038","62096236","2026-08-18 19:52:41.000","[PREMIUM]","361","MA - FREETOWN","2026-08-19","WEDNESDAY","1000","EDT","3142","V",2019,"NISSAN","ALTIMA","ALTIMA","SEDAN","WHITE","REAR END","SIDE","MA","ST","YES","D",79980,"A","[PREMIUM]",13122,"2.5L 4","FRONT WHEEL DRIVE","AUTOMATIC","GAS",4,"Run & Drive Verified","On Minimum Bid","[PREMIUM]",,"ASSONET","MA","02702","USA","USD","[PREMIUM]","[PREMIUM]","A070",false,"[PREMIUM]","SR",false,false,"[PREMIUM]",,,,,,,,"[PREMIUM]"
"62141276","2026-08-06 20:55:43.640","2026-08-18 09:03:21.742","62141276","2026-08-17 16:16:39.000","[PREMIUM]","361","MA - FREETOWN","2026-08-19","WEDNESDAY","1000","EDT","0","V",2021,"VOLKSWAGEN","JETTA","JETTA","SEDAN","WHITE","FRONT END","MECHANICAL","MA","ST","YES","S",54583,"A","[PREMIUM]",0,"1.4L 4","FRONT WHEEL DRIVE","AUTOMATIC","GAS",4,"Vehicle Starts","On Minimum Bid","[PREMIUM]",,"ASSONET","MA","02702","USA","USD","[PREMIUM]","[PREMIUM]","B020",false,"[PREMIUM]","S",false,false,"[PREMIUM]",,,,,,,,"[PREMIUM]"
"61892746","2026-08-06 20:55:43.584","2026-08-19 15:03:20.907","61892746","2026-08-18 19:52:41.000","[PREMIUM]","361","MA - FREETOWN","2026-08-19","WEDNESDAY","1000","EDT","3103","V",2020,"HYUNDAI","TUCSON","TUCSON","SPORT UTILITY VEHICLE","GRAY","FRONT END","UNDERCARRIAGE","MA","ST","YES","E",67265,"A","[PREMIUM]",11207,"2.0L 4","ALL WHEEL DRIVE","AUTOMATIC","GAS",4,"DEFAULT","On Minimum Bid","[PREMIUM]",,"ASSONET","MA","02702","USA","USD","[PREMIUM]","[PREMIUM]","G080",false,"[PREMIUM]","SE",false,false,"[PREMIUM]",,,,,,,,"[PREMIUM]"
"61676926","2026-08-06 20:55:43.521","2026-08-12 08:33:34.695","61676926","2026-08-12 08:00:13.000","[PREMIUM]","361","MA - FREETOWN","2026-08-12","WEDNESDAY","1000","EDT","2558","V",2014,"MERCEDES-BENZ","E-CLASS","E","SEDAN 4DR","BLACK","WATER/FLOOD",,"MA","RS","YES","E",79098,"A","[PREMIUM]",12429,"3.5L 6","ALL WHEEL DRIVE","AUTOMATIC","GAS",6,"DEFAULT","On Minimum Bid","[PREMIUM]",,"ASSONET","MA","02702","USA","USD","[PREMIUM]","[PREMIUM]","B020",false,"[PREMIUM]","350 4MATIC",false,false,"[PREMIUM]",,,,,,,,"[PREMIUM]"
"61586976","2026-08-06 20:55:43.458","2026-08-19 15:03:20.853","61586976","2026-08-18 19:52:41.000","[PREMIUM]","361","MA - FREETOWN","2026-08-19","WEDNESDAY","1000","EDT","3063","V",2015,"NISSAN","PATHFINDER","PATHFINDER","SUV","BLUE","FRONT END","REAR END","MA","RS","NO","E",73843,"A","[PREMIUM]",2619,"3.5L 6","FOUR BY FOUR","AUTOMATIC","GAS",6,"DEFAULT","Pure Sale","[PREMIUM]",,"ASSONET","MA","02702","USA","USD","[PREMIUM]","[PREMIUM]","F030",false,"[PREMIUM]","S",false,false,"[PREMIUM]",,,,,,,,"[PREMIUM]"
"61516976","2026-08-06 20:55:43.429","2026-08-18 09:03:21.459","61516976","2026-08-17 15:13:25.000","[PREMIUM]","361","MA - FREETOWN","2026-08-19","WEDNESDAY","1000","EDT","0","V",2017,"TOYOTA","CAMRY","CAMRY","SEDAN","BLACK","FRONT END",,"MA","ST","YES","D",110540,"A","[PREMIUM]",8840,"2.5L 4","FRONT WHEEL DRIVE","AUTOMATIC","GAS",4,"Run & Drive Verified","On Minimum Bid","[PREMIUM]",,"ASSONET","MA","02702","USA","USD","[PREMIUM]","[PREMIUM]","B060",false,"[PREMIUM]","SE",false,false,"[PREMIUM]",,,,,,,,"[PREMIUM]"
"60988826","2026-08-06 20:55:43.267","2026-08-12 08:33:34.442","60988826","2026-08-12 08:00:12.000","[PREMIUM]","361","MA - FREETOWN","2026-08-12","WEDNESDAY","1000","EDT","2524","V",2015,"INFINITI","Q50","Q50","SEDAN","WHITE","FRONT END",,"MA","RS","YES","E",0,"N","[PREMIUM]",13200,"3.7L 6","ALL WHEEL DRIVE","AUTOMATIC","GAS",6,"DEFAULT","Pure Sale","[PREMIUM]",,"ASSONET","MA","02702","USA","USD","[PREMIUM]","[PREMIUM]","B040",false,"[PREMIUM]","BASE",false,false,"[PREMIUM]",,,,,,,,"[PREMIUM]"
"60649486","2026-08-06 20:55:43.204","2026-08-20 17:43:53.289","60649486","2026-08-19 14:41:50.000","[PREMIUM]","361","MA - FREETOWN","2026-08-26","WEDNESDAY","1000","EDT","0","V",2019,"HONDA","HR-V","HR-V","SPORT UTILITY VEHICLE","WHITE","FRONT END",,"MA","ST","YES","D",96586,"A","[PREMIUM]",14282.38,"1.8L 4","ALL WHEEL DRIVE","AUTOMATIC","GAS",4,"Run & Drive Verified","On Minimum Bid","[PREMIUM]",,"ASSONET","MA","02702","USA","USD","[PREMIUM]","[PREMIUM]","J100",false,"[PREMIUM]","EX",false,false,"[PREMIUM]",,,,,,,,"[PREMIUM]"
"60626406","2026-08-06 20:55:43.194","2026-08-19 15:03:20.451","60626406","2026-08-18 19:52:41.000","[PREMIUM]","361","MA - FREETOWN","2026-08-19","WEDNESDAY","1000","EDT","3105","V",2026,"NISSAN","PATHFINDER","PATHFINDER","SPORT UTILITY VEHICLE","WHITE","FRONT END","MECHANICAL","MA","ST","YES","S",2368,"A","[PREMIUM]",34058.85,"3.5L 6","4X4 W/FRONT WHL DRV","AUTOMATIC","GAS",6,"Vehicle Starts","On Minimum Bid","[PREMIUM]",,"ASSONET","MA","02702","USA","USD","[PREMIUM]","[PREMIUM]","G060",false,"[PREMIUM]","SL",false,false,"[PREMIUM]",,,,,,,,"[PREMIUM]"
"60478316","2026-08-06 20:55:43.182","2026-08-18 09:03:21.125","60478316","2026-08-17 16:48:43.000","[PREMIUM]","361","MA - FREETOWN","2026-08-19","WEDNESDAY","1000","EDT","0","V",2021,"SUBARU","CROSSTREK","CROSSTREK","SPORT UTILITY VEHICLE","WHITE","SIDE","REAR END","MA","ST","YES","E",0,"N","[PREMIUM]",22201.34,"2.5L 4","ALL WHEEL DRIVE","AUTOMATIC","GAS",4,"DEFAULT","Pure Sale","[PREMIUM]",,"ASSONET","MA","02702","USA","USD","[PREMIUM]","[PREMIUM]","G070",false,"[PREMIUM]","LIMITED",false,false,"[PREMIUM]",,,,,,,,"[PREMIUM]"
"60397816","2026-08-06 20:55:43.161","2026-08-20 17:43:53.241","60397816","2026-08-17 17:12:56.000","[PREMIUM]","361","MA - FREETOWN","2026-08-26","WEDNESDAY","1000","EDT","0","V",2022,"HYUNDAI","SONATA","SONATA","SEDAN","GRAY","REAR END","FRONT END","MA","ST","YES","D",67984,"A","[PREMIUM]",4840.83,"2.5L 4","FRONT WHEEL DRIVE","AUTOMATIC","GAS",4,"Run & Drive Verified","Pure Sale","[PREMIUM]",,"ASSONET","MA","02702","USA","USD","[PREMIUM]","[PREMIUM]","D030",false,"[PREMIUM]","SEL",false,false,"[PREMIUM]",,,,,,,,"[PREMIUM]"
"60385296","2026-08-06 20:55:43.148","2026-08-12 08:33:34.230","60385296","2026-08-12 08:00:12.000","[PREMIUM]","361","MA - FREETOWN","2026-08-12","WEDNESDAY","1000","EDT","2546","V",2007,"TOYOTA","YARIS","YARIS","HATCHBACK","RED","FRONT END",,"MA","RS","YES","E",0,"E","[PREMIUM]",3091.77,"1.5L 4","FRONT WHEEL DRIVE","AUTOMATIC","GAS",4,"DEFAULT","Pure Sale","[PREMIUM]",,"ASSONET","MA","02702","USA","USD","[PREMIUM]","[PREMIUM]","E020",false,"[PREMIUM]","BASE",false,false,"[PREMIUM]",,,,,,,,"[PREMIUM]"
"60416246","2026-08-06 20:55:43.116","2026-08-12 08:33:34.224","60416246","2026-08-12 08:00:12.000","[PREMIUM]","361","MA - FREETOWN","2026-08-12","WEDNESDAY","1000","EDT","2059","V",2015,"NISSAN","ALTIMA","ALTIMA","SEDAN","BLACK","FRONT END",,"MA","RS","YES","D",141770,"A","[PREMIUM]",6867.98,"2.5L 4","FRONT WHEEL DRIVE","AUTOMATIC","GAS",4,"Run & Drive Verified","Pure Sale","[PREMIUM]",,"ASSONET","MA","02702","USA","USD","[PREMIUM]","[PREMIUM]","B060",false,"[PREMIUM]","2.5 S",false,false,"[PREMIUM]",,,,,,,,"[PREMIUM]"
"60292536","2026-08-06 20:55:43.097","2026-08-20 17:43:53.186","60292536","2026-08-17 14:31:41.000","[PREMIUM]","361","MA - FREETOWN","2026-08-26","WEDNESDAY","1000","EDT","0","V",2020,"TOYOTA","HIGHLANDER","HIGHLANDER HYBRID","SUV","BLACK","FRONT END","SIDE","MA","ST","YES","E",0,"N","[PREMIUM]",16527.74,"2.5L 4","ALL WHEEL DRIVE","AUTOMATIC","ELECTRIC AND GAS HYBRID",4,"DEFAULT","Pure Sale","[PREMIUM]",,"ASSONET","MA","02702","USA","USD","[PREMIUM]","[PREMIUM]","F040",false,"[PREMIUM]","LIMITED",false,false,"[PREMIUM]",,,,,,,,"[PREMIUM]"
"60370256","2026-08-06 20:55:43.086","2026-08-12 08:33:34.230","60370256","2026-08-12 08:00:12.000","[PREMIUM]","361","MA - FREETOWN","2026-08-12","WEDNESDAY","1000","EDT","2520","V",2004,"ACURA","MDX","MDX","4DR SPORT UTILITY","GRAY","FRONT END","UNDERCARRIAGE","MA","RS","YES","E",0,"E","[PREMIUM]",10560.75,"3.5L 6","ALL WHEEL DRIVE","AUTOMATIC","GAS",6,"DEFAULT","Pure Sale","[PREMIUM]",,"ASSONET","MA","02702","USA","USD","[PREMIUM]","[PREMIUM]","H110",false,"[PREMIUM]",,false,false,"[PREMIUM]",,,,,,,,"[PREMIUM]"
"60380456","2026-08-06 20:55:43.086","2026-08-19 15:03:20.384","60380456","2026-08-18 19:52:41.000","[PREMIUM]","361","MA - FREETOWN","2026-08-19","WEDNESDAY","1000","EDT","3119","V",2026,"TOYOTA","RAV4","RAV4","SUV","BLUE","FRONT END",,"MA","ST","NO","E",0,"N","[PREMIUM]",32843,"2.5L 4","ALL WHEEL DRIVE","AUTOMATIC","ELECTRIC AND GAS HYBRID",4,"DEFAULT","On Minimum Bid","[PREMIUM]",,"ASSONET","MA","02702","USA","USD","[PREMIUM]","[PREMIUM]","J100",false,"[PREMIUM]","LIMITED",false,false,"[PREMIUM]",,,,,,,,"[PREMIUM]"
"60261066","2026-08-06 20:55:43.084","2026-08-19 15:03:20.346","60261066","2026-08-18 19:52:41.000","[PREMIUM]","361","MA - FREETOWN","2026-08-19","WEDNESDAY","1000","EDT","3040","V",2016,"SUBARU","FORESTER","FORESTER","4DR SPORT UTILITY","BLACK","FRONT END","SIDE","MA","RS","YES","E",0,"N","[PREMIUM]",17283.81,"2.5L 4","ALL WHEEL DRIVE","AUTOMATIC","GAS",4,"DEFAULT","Pure Sale","[PREMIUM]",,"ASSONET","MA","02702","USA","USD","[PREMIUM]","[PREMIUM]","F070",false,"[PREMIUM]","2.5I",false,false,"[PREMIUM]",,,,,,,,"[PREMIUM]"
"60381596","2026-08-06 20:55:43.080","2026-08-12 08:33:34.253","60381596","2026-08-12 08:00:12.000","[PREMIUM]","361","MA - FREETOWN","2026-08-12","WEDNESDAY","1000","EDT","92","V",2013,"CHEVROLET","CRUZE","CRUZE","SEDAN 4DR","BLUE","REAR END",,"MA","RS","YES","D",137996,"A","[PREMIUM]",7055.83,"1.8L 4","FRONT WHEEL DRIVE","AUTOMATIC","GAS",4,"Run & Drive Verified","Pure Sale","[PREMIUM]",,"ASSONET","MA","02702","USA","USD","[PREMIUM]","[PREMIUM]","M070",false,"[PREMIUM]","LS",false,false,"[PREMIUM]",,,,,,,,"[PREMIUM]"
"60272996","2026-08-06 20:55:43.068","2026-08-19 15:03:20.374","60272996","2026-08-18 19:52:41.000","[PREMIUM]","361","MA - FREETOWN","2026-08-19","WEDNESDAY","1000","EDT","3060","V",2016,"RAM","1500","1500","CREW PICKUP","BLACK","FRONT END","UNDERCARRIAGE","MA","RS","YES","E",0,"N","[PREMIUM]",17150.04,"5.7L 8","4X4 W/REAR WHEEL DRV","AUTOMATIC","GAS",8,"DEFAULT","Pure Sale","[PREMIUM]",,"ASSONET","MA","02702","USA","USD","[PREMIUM]","[PREMIUM]","HH030",false,"[PREMIUM]","SLT",false,false,"[PREMIUM]",,,,,,,,"[PREMIUM]"
"60033986","2026-08-06 20:55:43.015","2026-08-18 09:03:20.896","60033986","2026-08-17 17:08:49.000","[PREMIUM]","361","MA - FREETOWN","2026-08-19","WEDNESDAY","1000","EDT","0","V",2017,"GMC","SIERRA","SIERRA","CREW PICKUP","RED","FRONT END","REAR END","MA","ST","YES","D",188618,"A","[PREMIUM]",6240.24,"6.0L 8","4X4 W/REAR WHEEL DRV","AUTOMATIC","FLEXIBLE",8,"Run & Drive Verified","Pure Sale","[PREMIUM]",,"ASSONET","MA","02702","USA","USD","[PREMIUM]","[PREMIUM]","HH020",false,"[PREMIUM]","K2500 SLE",false,false,"[PREMIUM]",,,,,,,,"[PREMIUM]"
"60166456","2026-08-06 20:55:43.013","2026-08-20 17:43:53.206","60166456","2026-08-17 16:49:36.000","[PREMIUM]","361","MA - FREETOWN","2026-08-26","WEDNESDAY","1000","EDT","0","V",2023,"CHEVROLET","MALIBU","MALIBU","SEDAN","BLACK","FRONT END",,"MA","ST","YES","D",97896,"A","[PREMIUM]",19241.14,"1.5L 4","FRONT WHEEL DRIVE","AUTOMATIC","GAS",4,"Run & Drive Verified","Pure Sale","[PREMIUM]",,"ASSONET","MA","02702","USA","USD","[PREMIUM]","[PREMIUM]","A020",false,"[PREMIUM]","RS",false,false,"[PREMIUM]",,,,,,,,"[PREMIUM]"
"59656536","2026-08-06 20:55:42.949","2026-08-20 17:43:53.095","59656536","2026-08-19 16:11:13.000","[PREMIUM]","361","MA - FREETOWN","2026-08-26","WEDNESDAY","1000","EDT","0","V",2013,"KIA","SOUL !","SOUL",,"GREEN","FRONT END","REAR END","MA","RS","YES","E",250781,"A","[PREMIUM]",10205,,,"AUTOMATIC",,,"DEFAULT","On Minimum Bid","[PREMIUM]",,"ASSONET","MA","02702","USA","USD","[PREMIUM]","[PREMIUM]","G030",false,"[PREMIUM]","!",false,false,"[PREMIUM]",,,,,,,,"[PREMIUM]"
"59574696","2026-08-06 20:55:42.872","2026-08-19 15:03:20.188","59574696","2026-08-18 19:52:41.000","[PREMIUM]","361","MA - FREETOWN","2026-08-19","WEDNESDAY","1000","EDT","3147","V",2017,"NISSAN","SENTRA","SENTRA","SEDAN","BLACK","FRONT END",,"MA","ST","YES","D",108092,"A","[PREMIUM]",16671.78,"1.6L 4","FRONT WHEEL DRIVE","AUTOMATIC","GAS",4,"Run & Drive Verified","Pure Sale","[PREMIUM]",,"ASSONET","MA","02702","USA","USD","[PREMIUM]","[PREMIUM]","A060",false,"[PREMIUM]","SR TURBO",false,false,"[PREMIUM]",,,,,,,,"[PREMIUM]"
"59398976","2026-08-06 20:55:42.865","2026-08-13 02:35:03.021","59398976","2026-08-12 20:00:57.000","[PREMIUM]","855","WHOLESALE AUCTION","2026-08-13","THURSDAY","1200","EDT","3192","V",2016,"CHEVROLET","EQUINOX","EQUINOX","4DR SPORT UTILITY","BURGUNDY","MECHANICAL",,"MA","CT","YES","D",117828,"A","[PREMIUM]",6103,"2.4L 4","ALL WHEEL DRIVE","AUTOMATIC","GAS",4,"Run & Drive Verified","On Minimum Bid","[PREMIUM]",,"ASSONET","MA","02702","USA","USD","[PREMIUM]","[PREMIUM]","B010",false,"[PREMIUM]","LT",false,true,"[PREMIUM]",,,,,"RED LIGHT",2.7,,"[PREMIUM]"
"59195256","2026-08-06 20:55:42.817","2026-08-11 02:31:27.511","59195256","2026-08-10 20:00:59.000","[PREMIUM]","855","WHOLESALE AUCTION","2026-08-11","TUESDAY","1200","EDT","3198","V",2017,"VOLKSWAGEN","PASSAT","PASSAT","SEDAN","RED","MINOR DENT/SCRATCHES",,"MA","CT","YES","S",122973,"A","[PREMIUM]",14868,"1.8L 4","FRONT WHEEL DRIVE","AUTOMATIC","GAS",4,"Vehicle Starts","On Minimum Bid","[PREMIUM]",,"ASSONET","MA","02702","USA","USD","[PREMIUM]","[PREMIUM]","BCCOS",false,"[PREMIUM]","SE",false,true,"[PREMIUM]",,,,,"RED LIGHT",1.1,"Maintenance,Safety,Other,Emission","[PREMIUM]"
"59154486","2026-08-06 20:55:42.755","2026-08-12 08:33:33.929","59154486","2026-08-12 08:00:12.000","[PREMIUM]","361","MA - FREETOWN","2026-08-12","WEDNESDAY","1000","EDT","2010","V",2013,"TOYOTA","CAMRY","CAMRY","SEDAN","GOLD","FRONT END",,"MA","RS","YES","D",73761,"A","[PREMIUM]",8018.6,"2.5L 4","FRONT WHEEL DRIVE","AUTOMATIC","GAS",4,"Run & Drive Verified","Pure Sale","[PREMIUM]",,"ASSONET","MA","02702","USA","USD","[PREMIUM]","[PREMIUM]","D070",false,"[PREMIUM]","XLE",false,false,"[PREMIUM]",,,,,,,,"[PREMIUM]"
"59031646","2026-08-06 20:55:42.750","2026-08-19 15:03:20.028","59031646","2026-08-18 19:52:41.000","[PREMIUM]","361","MA - FREETOWN","2026-08-19","WEDNESDAY","1000","EDT","2106","V",2013,"ACURA","TL","TL","SEDAN 4DR","GRAY","FRONT END",,"MA","RS","YES","D",156771,"A","[PREMIUM]",6100.54,"3.7L 6","ALL WHEEL DRIVE","AUTOMATIC","GAS",6,"Run & Drive Verified","On Minimum Bid","[PREMIUM]",,"ASSONET","MA","02702","USA","USD","[PREMIUM]","[PREMIUM]","J080",false,"[PREMIUM]","TECH",false,false,"[PREMIUM]",,,,,,,,"[PREMIUM]"
"58922116","2026-08-06 20:55:42.747","2026-08-12 08:33:33.818","58922116","2026-08-12 08:00:12.000","[PREMIUM]","361","MA - FREETOWN","2026-08-12","WEDNESDAY","1000","EDT","14","V",2013,"TOYOTA","HIGHLANDER","HIGHLANDER","SUV","SILVER","FRONT END",,"MA","SP","YES","D",169938,"A","[PREMIUM]",9897,"3.5L 6","ALL WHEEL DRIVE","AUTOMATIC","GAS",6,"Run & Drive Verified","On Minimum Bid","[PREMIUM]",,"ASSONET","MA","02702","USA","USD","[PREMIUM]","[PREMIUM]","H090",false,"[PREMIUM]","PLUS",false,false,"[PREMIUM]",,,,,,,,"[PREMIUM]"
"58825866","2026-08-06 20:55:42.728","2026-08-11 02:31:27.390","58825866","2026-08-10 20:00:59.000","[PREMIUM]","855","WHOLESALE AUCTION","2026-08-11","TUESDAY","1200","EDT","7131","V",2026,"HONDA","CRV","CR-V","SPORT UTILITY VEHICLE","WHITE","FRONT END","UNDERCARRIAGE","MA","CT","NO","E",0,"N","[PREMIUM]",22269,"2.0L 4","ALL WHEEL DRIVE","AUTOMATIC","ELECTRIC AND GAS HYBRID",4,"DEFAULT","On Minimum Bid","[PREMIUM]",,"ASSONET","MA","02702","USA","USD","[PREMIUM]","[PREMIUM]","B070",false,"[PREMIUM]","SPORT TOURING",false,true,"[PREMIUM]",,,,,"RED LIGHT",0,,"[PREMIUM]"
"58919196","2026-08-06 20:55:42.704","2026-08-19 15:03:20.031","58919196","2026-08-18 19:52:41.000","[PREMIUM]","361","MA - FREETOWN","2026-08-19","WEDNESDAY","1000","EDT","2134","V",2019,"FORD","RANGER","RANGER","PICKUP","GRAY","FRONT END",,"MA","ST","YES","D",55784,"A","[PREMIUM]",19415,"2.3L 4","4X4 W/REAR WHEEL DRV","AUTOMATIC","GAS",4,"Run & Drive Verified","Pure Sale","[PREMIUM]",,"ASSONET","MA","02702","USA","USD","[PREMIUM]","[PREMIUM]","I100",false,"[PREMIUM]","XL",false,false,"[PREMIUM]",,,,,,,,"[PREMIUM]"
"58563956","2026-08-06 20:55:42.633","2026-08-19 15:03:19.927","58563956","2026-08-18 19:52:41.000","[PREMIUM]","361","MA - FREETOWN","2026-08-19","WEDNESDAY","1000","EDT","3043","V",2018,"RAM","1500","1500","PICKUP","BLACK","FRONT END",,"MA","ST","YES","E",122836,"A","[PREMIUM]",21009.57,"5.7L 8","4X4 W/REAR WHEEL DRV","AUTOMATIC","GAS",8,"DEFAULT","On Minimum Bid","[PREMIUM]",,"ASSONET","MA","02702","USA","USD","[PREMIUM]","[PREMIUM]","I070",false,"[PREMIUM]","SLT",false,false,"[PREMIUM]",,,,,,,,"[PREMIUM]"
"58502476","2026-08-06 20:55:42.621","2026-08-11 02:31:27.353","58502476","2026-08-10 21:26:10.000","[PREMIUM]","855","WHOLESALE AUCTION","2026-08-11","TUESDAY","1200","EDT","7046","K",2020,"FORD","F-SER OTHR","F59","INCOMPLETE (STRIP CHASSIS)","BLUE","NORMAL WEAR",,"MA","CT","NO","E",0,"N","[PREMIUM]",9774,"7.3L 8","REAR WHEEL DRIVE","AUTOMATIC","GAS",8,"DEFAULT","On Minimum Bid","[PREMIUM]",,"ASSONET","MA","02702","USA","USD","[PREMIUM]","[PREMIUM]","W050",false,"[PREMIUM]",,false,true,"[PREMIUM]",,,,,"RED LIGHT",2.5,,"[PREMIUM]"
"58185476","2026-08-06 20:55:42.565","2026-08-18 09:03:20.478","58185476","2026-08-17 14:37:46.000","[PREMIUM]","361","MA - FREETOWN","2026-08-19","WEDNESDAY","1000","EDT","0","V",2022,"JEEP","WRANGLER","WRANGLER UNLIMITED","SPORT UTILITY VEHICLE","BLACK","FRONT END","SIDE","MA","ST","YES","E",25360,"A","[PREMIUM]",25762.32,"2.0L 4","4X4 W/REAR WHEEL DRV","AUTOMATIC","ELECTRIC AND GAS HYBRID",4,"DEFAULT","Pure Sale","[PREMIUM]",,"ASSONET","MA","02702","USA","USD","[PREMIUM]","[PREMIUM]","A070",false,"[PREMIUM]","SAHARA 4XE",false,false,"[PREMIUM]",,,,,,,,"[PREMIUM]"
"58218626","2026-08-06 20:55:42.561","2026-08-12 08:33:33.696","58218626","2026-08-12 08:00:12.000","[PREMIUM]","361","MA - FREETOWN","2026-08-12","WEDNESDAY","1000","EDT","96","V",2016,"DODGE","CHARGER","CHARGER","SEDAN 4DR","BLACK","REAR END",,"MA","RS","YES","D",176530,"A","[PREMIUM]",6078,"5.7L 8","REAR WHEEL DRIVE","AUTOMATIC","GAS",8,"Run & Drive Verified","Pure Sale","[PREMIUM]",,"ASSONET","MA","02702","USA","USD","[PREMIUM]","[PREMIUM]","D060",false,"[PREMIUM]","R/T",false,false,"[PREMIUM]",,,,,,,,"[PREMIUM]"
"58011606","2026-08-06 20:55:42.530","2026-08-19 15:03:19.808","58011606","2026-08-18 19:52:41.000","[PREMIUM]","361","MA - FREETOWN","2026-08-19","WEDNESDAY","1000","EDT","2058","V",2019,"FORD","EDGE","EDGE","SPORT UTILITY VEHICLE","GRAY","FRONT END",,"MA","ST","YES","D",115060,"A","[PREMIUM]",8796.68,"2.0L 4","FRONT WHEEL DRIVE","AUTOMATIC","GAS",4,"Run & Drive Verified","On Minimum Bid","[PREMIUM]",,"ASSONET","MA","02702","USA","USD","[PREMIUM]","[PREMIUM]","G040",false,"[PREMIUM]","SE",false,false,"[PREMIUM]",,,,,,,,"[PREMIUM]"
"57401896","2026-08-06 20:55:42.432","2026-08-11 02:31:27.136","57401896","2026-08-10 20:00:58.000","[PREMIUM]","855","WHOLESALE AUCTION","2026-08-11","TUESDAY","1200","EDT","3105","V",2022,"NISSAN","ROGUE","ROGUE SPORT","WAGON","SILVER","FRONT END",,"MA","CT","YES","D",67064,"A","[PREMIUM]",0,"2.0L 4","ALL WHEEL DRIVE","AUTOMATIC","GAS",4,"Run & Drive Verified","On Minimum Bid","[PREMIUM]",,"ASSONET","MA","02702","USA","USD","[PREMIUM]","[PREMIUM]","C010",false,"[PREMIUM]","S",false,true,"[PREMIUM]",,,,,"RED LIGHT",1.3,"Other","[PREMIUM]"
"57227116","2026-08-06 20:55:42.365","2026-08-12 08:33:33.503","57227116","2026-08-12 08:00:13.000","[PREMIUM]","361","MA - FREETOWN","2026-08-12","WEDNESDAY","1000","EDT","2550","V",2014,"JEEP","CHEROKEE","GRAND CHEROKEE","4DR SPORT UTILITY","GRAY","FRONT END",,"MA","RS","YES","E",104669,"A","[PREMIUM]",10331.24,"3.6L 6","4X4 W/REAR WHEEL DRV","AUTOMATIC","FLEXIBLE",6,"DEFAULT","Pure Sale","[PREMIUM]",,"ASSONET","MA","02702","USA","USD","[PREMIUM]","[PREMIUM]","F050",false,"[PREMIUM]","LAREDO",false,false,"[PREMIUM]",,,,,,,,"[PREMIUM]"
"57039216","2026-08-06 20:55:42.327","2026-08-20 17:43:52.586","57039216","2026-08-17 17:06:56.000","[PREMIUM]","361","MA - FREETOWN","2026-08-26","WEDNESDAY","1000","EDT","0","V",2019,"KIA","FORTE","FORTE","SEDAN","RED","FRONT END",,"MA","ST","YES","D",96009,"A","[PREMIUM]",9095.88,"2.0L 4","FRONT WHEEL DRIVE","AUTOMATIC","GAS",4,"Run & Drive Verified","Pure Sale","[PREMIUM]",,"ASSONET","MA","02702","USA","USD","[PREMIUM]","[PREMIUM]","B060",false,"[PREMIUM]","LXS",false,false,"[PREMIUM]",,,,,,,,"[PREMIUM]"
"56422756","2026-08-06 20:55:42.255","2026-08-11 02:31:27.009","56422756","2026-08-10 13:58:28.000","[PREMIUM]","833","HEAVY-TRAILER-RV CLEAN SALE","2026-08-11","TUESDAY","1100","CDT","0","R",2015,"KEYSTONE","UNKNOWN","UNKNOWN",,"GRAY","MINOR DENT/SCRATCHES",,"MA","RS","EXM","E",0,"N","[PREMIUM]",12602,,,,,,"DEFAULT","On Minimum Bid","[PREMIUM]",,"ASSONET","MA","02702","USA","USD","[PREMIUM]","[PREMIUM]","W080",false,"[PREMIUM]",,false,false,"[PREMIUM]",,,,,,,,"[PREMIUM]"
"56117906","2026-08-06 20:55:42.221","2026-08-20 17:43:52.531","56117906","2026-08-17 17:08:26.000","[PREMIUM]","361","MA - FREETOWN","2026-08-26","WEDNESDAY","1000","EDT","0","V",2025,"HYUNDAI","SONATA","SONATA HYBRID","SEDAN","RED","REAR END",,"MA","ST","YES","D",23528,"A","[PREMIUM]",7131.78,"2.0L 4","FRONT WHEEL DRIVE","AUTOMATIC","ELECTRIC AND GAS HYBRID",4,"Run & Drive Verified","Pure Sale","[PREMIUM]",,"ASSONET","MA","02702","USA","USD","[PREMIUM]","[PREMIUM]","A060",false,"[PREMIUM]","LIMITED",false,false,"[PREMIUM]",,,,,,,,"[PREMIUM]"
"56144446","2026-08-06 20:55:42.198","2026-08-12 08:33:33.375","56144446","2026-08-12 08:00:12.000","[PREMIUM]","361","MA - FREETOWN","2026-08-12","WEDNESDAY","1000","EDT","2050","V",2016,"HYUNDAI","SONATA","SONATA","SEDAN 4DR","RED","FRONT END",,"MA","RS","YES","D",206329,"A","[PREMIUM]",2519.29,"2.4L 4","FRONT WHEEL DRIVE","AUTOMATIC","GAS",4,"Run & Drive Verified","Pure Sale","[PREMIUM]",,"ASSONET","MA","02702","USA","USD","[PREMIUM]","[PREMIUM]","A030",false,"[PREMIUM]","SE",false,false,"[PREMIUM]",,,,,,,,"[PREMIUM]"
"56079856","2026-08-06 20:55:42.197","2026-08-12 08:33:33.339","56079856","2026-08-12 08:00:12.000","[PREMIUM]","361","MA - FREETOWN","2026-08-12","WEDNESDAY","1000","EDT","2544","V",2014,"BUICK","ENCORE","ENCORE","4DR SPORT UTILITY","BROWN","FRONT END",,"MA","RS","YES","E",121825,"A","[PREMIUM]",10206.07,"1.4L 4","ALL WHEEL DRIVE","AUTOMATIC","GAS",4,"DEFAULT","Pure Sale","[PREMIUM]",,"ASSONET","MA","02702","USA","USD","[PREMIUM]","[PREMIUM]","F060",false,"[PREMIUM]","CONVENIENCE",false,false,"[PREMIUM]",,,,,,,,"[PREMIUM]"
"54668116","2026-08-06 20:55:42.010","2026-08-18 09:03:20.061","54668116","2026-08-17 14:34:49.000","[PREMIUM]","361","MA - FREETOWN","2026-08-19","WEDNESDAY","1000","EDT","0","V",2018,"PORSCHE","MACAN","MACAN","SPORT UTILITY VEHICLE","BLACK","FRONT END",,"MA","ST","YES","D",39509,"A","[PREMIUM]",25743.89,"2.0L 4","ALL WHEEL DRIVE","AUTOMATIC","GAS",4,"Run & Drive Verified","Pure Sale","[PREMIUM]",,"ASSONET","MA","02702","USA","USD","[PREMIUM]","[PREMIUM]","F030",false,"[PREMIUM]",,false,false,"[PREMIUM]",,,,,,,,"[PREMIUM]"
"53195786","2026-08-06 20:55:41.940","2026-08-20 18:59:08.704","53195786","2026-08-20 17:49:16.000","[PREMIUM]","361","MA - FREETOWN","2026-08-26","WEDNESDAY","1000","EDT","0","V",2011,"JEEP","CHEROKEE","GRAND CHEROKEE","4DR SPORT UTILITY","GRAY","MINOR DENT/SCRATCHES",,"MA","CT","YES","D",317538,"A","[PREMIUM]",0,"3.6L 6","4X4 W/REAR WHEEL DRV","AUTOMATIC","FLEXIBLE",6,"Run & Drive Verified","On Minimum Bid","[PREMIUM]",,"ASSONET","MA","02702","USA","USD","[PREMIUM]","[PREMIUM]","G080",false,"[PREMIUM]","LIMITED",false,false,"[PREMIUM]",,,,,,,,"[PREMIUM]"
"96625635","2026-08-06 20:55:41.441","2026-08-09 20:56:37.333","96625635","2026-08-06 16:15:52.000","[PREMIUM]","360","IN - FORT WAYNE","2026-08-10","MONDAY","1000","EDT","0","V",2016,"CHEVROLET","IMPALA","IMPALA",,"BLACK","FRONT END",,"IN","BP","YES","E",108945,"N","[PREMIUM]",13157,"3.6L  6","Front-wheel Drive","AUTOMATIC","GAS",6,"DEFAULT","Pure Sale","[PREMIUM]",,"FORT WAYNE","IN","46803 1546","USA","USD","[PREMIUM]","[PREMIUM]","E100",false,"[PREMIUM]","LTZ",false,false,"[PREMIUM]",,,,,,,,"[PREMIUM]"
"63920036","2026-08-06 20:55:41.252","2026-08-20 17:43:51.698","63920036","2026-08-18 19:01:43.000","[PREMIUM]","360","IN - FORT WAYNE","2026-08-24","MONDAY","1000","EDT","0","V",2019,"BUICK","CASCADA","CASCADA","CONVERTIBLE","WHITE","FRONT END",,"IN","ST","YES","D",95195,"A","[PREMIUM]",10244,"1.6L 4","FRONT WHEEL DRIVE","AUTOMATIC","GAS",4,"Run & Drive Verified","Pure Sale","[PREMIUM]",,"FORT WAYNE","IN","46803 1546","USA","USD","[PREMIUM]","[PREMIUM]","D170",false,"[PREMIUM]","SPORT TOURING",false,false,"[PREMIUM]",,,,,,,,"[PREMIUM]"
"64108466","2026-08-06 20:55:41.247","2026-08-20 17:43:51.748","64108466","2026-08-17 16:16:44.000","[PREMIUM]","832","MEDIUM DUTY CLEAN TITLE SALE","2026-08-24","MONDAY","1100","CDT","0","K",2016,"RAM","PROMASTER","PROMASTER 3500","EXTENDED CARGO VAN","WHITE","FRONT END",,"IN","CT","YES","E",223525,"A","[PREMIUM]",0,"3.6L 6","FRONT WHEEL DRIVE","AUTOMATIC","FLEXIBLE",6,"DEFAULT","On Minimum Bid","[PREMIUM]",,"FORT WAYNE","IN","46803 1546","USA","USD","[PREMIUM]","[PREMIUM]","HVY70",true,"[PREMIUM]","3500 HIGH",false,false,"[PREMIUM]",,,,,,,,"[PREMIUM]"
"63742536","2026-08-06 20:55:41.218","2026-08-09 20:56:37.138","63742536","2026-08-07 21:09:17.000","[PREMIUM]","360","IN - FORT WAYNE","2026-08-10","MONDAY","1000","EDT","80","V",2020,"NISSAN","VERSA","VERSA","SEDAN","GRAY","FRONT END","MINOR DENT/SCRATCHES","WV","CT","YES","D",119045,"A","[PREMIUM]",0,"1.6L 4","FRONT WHEEL DRIVE","AUTOMATIC","GAS",4,"Run & Drive Verified","On Approval","[PREMIUM]",,"FORT WAYNE","IN","46803 1546","USA","USD","[PREMIUM]","[PREMIUM]","J180",false,"[PREMIUM]","S",false,false,"[PREMIUM]",,,,,,,,"[PREMIUM]"
"63401956","2026-08-06 20:55:41.193","2026-08-20 17:43:51.512","63401956","2026-08-17 19:53:00.000","[PREMIUM]","360","IN - FORT WAYNE","2026-08-24","MONDAY","1000","EDT","0","V",2017,"GMC","TERRAIN","TERRAIN","4DR SPORT UTILITY","GRAY","FRONT END","SIDE","IN","ST","YES","D",75398,"A","[PREMIUM]",9820.54,"3.6L 6","ALL WHEEL DRIVE","AUTOMATIC","GAS",6,"Run & Drive Verified","Pure Sale","[PREMIUM]",,"FORT WAYNE","IN","46803 1546","USA","USD","[PREMIUM]","[PREMIUM]","J170",false,"[PREMIUM]","SLT",false,false,"[PREMIUM]",,,,,,,,"[PREMIUM]"
"63309576","2026-08-06 20:55:41.179","2026-08-20 17:43:51.476","63309576","2026-08-18 19:00:47.000","[PREMIUM]","360","IN - FORT WAYNE","2026-08-24","MONDAY","1000","EDT","0","V",2018,"FORD","EXPLORER","EXPLORER","SPORT UTILITY VEHICLE","SILVER","FRONT END","SIDE","IN","ST","YES","D",118017,"A","[PREMIUM]",0,"3.5L 6","4X4 W/FRONT WHL DRV","AUTOMATIC","GAS",6,"Run & Drive Verified","Pure Sale","[PREMIUM]",,"FORT WAYNE","IN","46803 1546","USA","USD","[PREMIUM]","[PREMIUM]","A060",false,"[PREMIUM]","LIMITED",false,false,"[PREMIUM]",,,,,,,,"[PREMIUM]"
"63300006","2026-08-06 20:55:41.177","2026-08-20 17:43:51.423","63300006","2026-08-06 18:46:56.000","[PREMIUM]","360","IN - FORT WAYNE",,,,"EDT","0","V",2002,"SATURN","L200","L200","SEDAN 4DR","GOLD","FRONT END","SIDE","IN","ST","YES","D",112034,"A","[PREMIUM]",5556,"2.2L 4","FRONT WHEEL DRIVE","AUTOMATIC","GAS",4,"Run & Drive Verified","Pure Sale","[PREMIUM]",,"FORT WAYNE","IN","46803 1546","USA","USD","[PREMIUM]","[PREMIUM]","C060",false,"[PREMIUM]",,false,false,"[PREMIUM]",,,,,,,,"[PREMIUM]"
"63026716","2026-08-06 20:55:41.138","2026-08-20 17:43:51.358","63026716","2026-08-06 20:00:03.000","[PREMIUM]","360","IN - FORT WAYNE",,,,"EDT","0","V",2015,"AUDI","A4","A4","SEDAN 4DR","SILVER","SIDE","REAR END","IN","ST","YES","D",68270,"A","[PREMIUM]",10925,"2.0L 4","ALL WHEEL DRIVE","AUTOMATIC","FLEXIBLE",4,"Run & Drive Verified","Pure Sale","[PREMIUM]",,"FORT WAYNE","IN","46803 1546","USA","USD","[PREMIUM]","[PREMIUM]","D040",false,"[PREMIUM]","PREMIUM PLUS",false,false,"[PREMIUM]",,,,,,,,"[PREMIUM]"
"62866616","2026-08-06 20:55:41.105","2026-08-20 17:43:51.313","62866616","2026-08-06 19:42:20.000","[PREMIUM]","360","IN - FORT WAYNE",,,,"EDT","0","V",2007,"CHEVROLET","ALL Models","SILVERADO","CREW PICKUP","BLACK","FRONT END","REAR END","IN","ST","YES","D",245546,"E","[PREMIUM]",0,"5.3L 8","4X4 W/REAR WHEEL DRV","AUTOMATIC","GAS",8,"Run & Drive Verified","Pure Sale","[PREMIUM]",,"FORT WAYNE","IN","46803 1546","USA","USD","[PREMIUM]","[PREMIUM]","I040",false,"[PREMIUM]","K1500 CREW CAB",false,false,"[PREMIUM]",,,,,,,,"[PREMIUM]"
"62665046","2026-08-06 20:55:41.062","2026-08-20 17:43:51.167","62665046","2026-08-06 19:41:15.000","[PREMIUM]","360","IN - FORT WAYNE",,,,"EDT","0","V",2012,"CHRYSLER","200","200","SEDAN 4DR","SILVER","FRONT END","REAR END","IN","ST","YES","E",0,"N","[PREMIUM]",0,"2.4L 4","FRONT WHEEL DRIVE","AUTOMATIC","GAS",4,"DEFAULT","Pure Sale","[PREMIUM]",,"FORT WAYNE","IN","46803 1546","USA","USD","[PREMIUM]","[PREMIUM]","F040",false,"[PREMIUM]","LIMITED",false,false,"[PREMIUM]",,,,,,,,"[PREMIUM]"
"62621806","2026-08-06 20:55:41.039","2026-08-19 21:07:22.343","62621806","2026-08-19 14:52:17.000","[PREMIUM]","360","IN - FORT WAYNE","2026-08-24","MONDAY","1000","EDT","0","V",2016,"FORD","TRANSIT","TRANSIT","CARGO VAN","WHITE","REAR END",,"IN","ST","YES","D",383872,"A","[PREMIUM]",16877.94,"3.7L 6","REAR WHEEL DRIVE","AUTOMATIC","GAS",6,"Run & Drive Verified","Pure Sale","[PREMIUM]",,"FORT WAYNE","IN","46803 1546","USA","USD","[PREMIUM]","[PREMIUM]","HVY70",false,"[PREMIUM]","T-150",false,false,"[PREMIUM]",,,,,,,,"[PREMIUM]"
"62206446","2026-08-06 20:55:40.896","2026-08-20 17:43:51.031","62206446","2026-08-06 19:12:03.000","[PREMIUM]","360","IN - FORT WAYNE",,,,"EDT","0","V",2014,"CHEVROLET","CRUZE","CRUZE","SEDAN 4DR","BEIGE","SIDE",,"IN","ST","YES","D",123883,"A","[PREMIUM]",4713.81,"1.4L 4","FRONT WHEEL DRIVE","AUTOMATIC","GAS",4,"Run & Drive Verified","Pure Sale","[PREMIUM]",,"FORT WAYNE","IN","46803 1546","USA","USD","[PREMIUM]","[PREMIUM]","D020",false,"[PREMIUM]","LT",false,false,"[PREMIUM]",,,,,,,,"[PREMIUM]"
"61536866","2026-08-06 20:55:40.646","2026-08-20 17:43:50.797","61536866","2026-08-06 19:41:15.000","[PREMIUM]","360","IN - FORT WAYNE",,,,"EDT","0","V",2008,"DODGE","CARAVAN","GRAND CARAVAN","EXTENDED SPORT VAN","RED","FRONT END","SIDE","IN","ST","YES","S",104653,"A","[PREMIUM]",0,"3.8L 6","FRONT WHEEL DRIVE","AUTOMATIC","GAS",6,"Vehicle Starts","Pure Sale","[PREMIUM]",,"FORT WAYNE","IN","46803 1546","USA","USD","[PREMIUM]","[PREMIUM]","C060",false,"[PREMIUM]","SXT",false,false,"[PREMIUM]",,,,,,,,"[PREMIUM]"
"61518206","2026-08-06 20:55:40.625","2026-08-20 17:43:50.756","61518206","2026-08-18 18:35:48.000","[PREMIUM]","360","IN - FORT WAYNE","2026-08-24","MONDAY","1000","EDT","0","V",2021,"JEEP","CHEROKEE","CHEROKEE","SPORT UTILITY VEHICLE","BLUE","FRONT END","SIDE","IN","ST","YES","D",78579,"A","[PREMIUM]",5467.53,"3.2L 6","FRONT WHEEL DRIVE","AUTOMATIC","FLEXIBLE",6,"Run & Drive Verified","Pure Sale","[PREMIUM]",,"FORT WAYNE","IN","46803 1546","USA","USD","[PREMIUM]","[PREMIUM]","J170",false,"[PREMIUM]","LATITUDE LUX",false,false,"[PREMIUM]",,,,,,,,"[PREMIUM]"
"61368446","2026-08-06 20:55:40.578","2026-08-20 17:43:50.627","61368446","2026-08-18 18:32:44.000","[PREMIUM]","360","IN - FORT WAYNE","2026-08-24","MONDAY","1000","EDT","0","V",2013,"HYUNDAI","ELANTRA","ELANTRA","SEDAN","SILVER","FRONT END",,"IN","ST","YES","D",132833,"A","[PREMIUM]",4346.91,"1.8L 4","FRONT WHEEL DRIVE","AUTOMATIC","GAS",4,"Run & Drive Verified","Pure Sale","[PREMIUM]",,"FORT WAYNE","IN","46803 1546","USA","USD","[PREMIUM]","[PREMIUM]","C050",false,"[PREMIUM]","GLS",false,false,"[PREMIUM]",,,,,,,,"[PREMIUM]"
"61276116","2026-08-06 20:55:40.560","2026-08-20 17:43:50.624","61276116","2026-08-06 18:46:56.000","[PREMIUM]","360","IN - FORT WAYNE",,,,"EDT","0","V",2020,"FORD","ESCAPE","ESCAPE","SPORT UTILITY VEHICLE","WHITE","FRONT END","SIDE","IN","ST","YES","D",81822,"A","[PREMIUM]",13483.84,"2.0L 4","4X4 W/FRONT WHL DRV","AUTOMATIC","GAS",4,"Run & Drive Verified","Pure Sale","[PREMIUM]",,"FORT WAYNE","IN","46803 1546","USA","USD","[PREMIUM]","[PREMIUM]","I180",false,"[PREMIUM]","TITANIUM",false,false,"[PREMIUM]",,,,,,,,"[PREMIUM]"
"60591526","2026-08-06 20:55:40.196","2026-08-17 03:03:07.664","60591526","2026-08-12 13:47:27.000","[PREMIUM]","360","IN - FORT WAYNE","2026-08-17","MONDAY","1000","EDT","0","V",2015,"NISSAN","ALTIMA","ALTIMA","SEDAN","SILVER","TOP/ROOF","REAR END","IN","ST","YES","D",100786,"A","[PREMIUM]",7083.87,"2.5L 4","FRONT WHEEL DRIVE","AUTOMATIC","GAS",4,"Run & Drive Verified","Pure Sale","[PREMIUM]",,"FORT WAYNE","IN","46803 1546","USA","USD","[PREMIUM]","[PREMIUM]","E050",false,"[PREMIUM]","2.5 SV",false,false,"[PREMIUM]",,,,,,,,"[PREMIUM]"
"60221256","2026-08-06 20:55:39.890","2026-08-20 17:43:50.114","60221256","2026-08-18 18:28:02.000","[PREMIUM]","360","IN - FORT WAYNE","2026-08-24","MONDAY","1000","EDT","0","V",2023,"HONDA","HR-V","HR-V","SPORT UTILITY VEHICLE","RED","ROLLOVER",,"IN","ST","YES","E",76727,"A","[PREMIUM]",26596,"2.0L 4","ALL WHEEL DRIVE","AUTOMATIC","GAS",4,"DEFAULT","Pure Sale","[PREMIUM]",,"FORT WAYNE","IN","46803 1546","USA","USD","[PREMIUM]","[PREMIUM]","J010",false,"[PREMIUM]","EXL",false,false,"[PREMIUM]",,,,,,,,"[PREMIUM]"
"59883496","2026-08-06 20:55:39.812","2026-08-20 17:43:49.966","59883496","2026-08-18 18:24:23.000","[PREMIUM]","360","IN - FORT WAYNE","2026-08-24","MONDAY","1000","EDT","0","V",2018,"CHEVROLET","EQUINOX","EQUINOX","SPORT UTILITY VEHICLE","RED","FRONT END","UNDERCARRIAGE","IN","ST","YES","S",93525,"A","[PREMIUM]",6064.4,"1.5L 4","FRONT WHEEL DRIVE","AUTOMATIC","GAS",4,"Vehicle Starts","Pure Sale","[PREMIUM]",,"FORT WAYNE","IN","46803 1546","USA","USD","[PREMIUM]","[PREMIUM]","J160",false,"[PREMIUM]","LT",false,false,"[PREMIUM]",,,,,,,,"[PREMIUM]"
"58830376","2026-08-06 20:55:39.406","2026-08-20 17:43:49.642","58830376","2026-08-18 18:23:30.000","[PREMIUM]","360","IN - FORT WAYNE","2026-08-24","MONDAY","1000","EDT","0","V",2020,"CHEVROLET","EQUINOX","EQUINOX","SPORT UTILITY VEHICLE","SILVER","FRONT END","SIDE","IN","ST","YES","D",177780,"A","[PREMIUM]",6953,"1.5L 4","ALL WHEEL DRIVE","AUTOMATIC","GAS",4,"Run & Drive Verified","Pure Sale","[PREMIUM]",,"FORT WAYNE","IN","46803 1546","USA","USD","[PREMIUM]","[PREMIUM]","A060",false,"[PREMIUM]","LT",false,false,"[PREMIUM]",,,,,,,,"[PREMIUM]"
"58133746","2026-08-06 20:55:39.028","2026-08-19 15:03:16.657","58133746","2026-08-19 10:00:39.000","[PREMIUM]","835","MEDIUM DUTY SPECIALTY SALE","2026-08-19","WEDNESDAY","1100","CDT","2233","K",2023,"RAM","PROMASTER","PROMASTER 1500","VAN CARGO","WHITE","FRONT END",,"VA","ST","YES","D",42501,"A","[PREMIUM]",0,"3.6L 6","FRONT WHEEL DRIVE","AUTOMATIC","FLEXIBLE",6,"Run & Drive Verified","On Minimum Bid","[PREMIUM]",,"FORT WAYNE","IN","46803 1546","USA","USD","[PREMIUM]","[PREMIUM]","HVY70",false,"[PREMIUM]","1500 STANDARD",false,false,"[PREMIUM]",,,,,,,,"[PREMIUM]"
"57640586","2026-08-06 20:55:38.749","2026-08-20 17:43:49.107","57640586","2026-08-06 19:12:02.000","[PREMIUM]","360","IN - FORT WAYNE",,,,"EDT","0","V",2015,"JEEP","GRAND CHER","CHEROKEE","4DR SPORT UTILITY","BLUE","REAR END","MINOR DENT/SCRATCHES","IN","ST","YES","D",214273,"A","[PREMIUM]",4318.5,"2.4L 4","4X4 W/FRONT WHL DRV","AUTOMATIC","GAS",4,"Run & Drive Verified","Pure Sale","[PREMIUM]",,"FORT WAYNE","IN","46803 1546","USA","USD","[PREMIUM]","[PREMIUM]","I130",false,"[PREMIUM]","LATITUDE",false,false,"[PREMIUM]",,,,,,,,"[PREMIUM]"
"57523196","2026-08-06 20:55:38.671","2026-08-20 17:43:49.050","57523196","2026-08-06 19:41:15.000","[PREMIUM]","360","IN - FORT WAYNE",,,,"EDT","0","V",2011,"VOLKSWAGEN","GOLF","GOLF","HATCHBACK 4DR","BLACK","FRONT END",,"IN","ST","YES","D",179624,"A","[PREMIUM]",5650.5,"2.0L 4","FRONT WHEEL DRIVE","AUTOMATIC","DIESEL",4,"Run & Drive Verified","Pure Sale","[PREMIUM]",,"FORT WAYNE","IN","46803 1546","USA","USD","[PREMIUM]","[PREMIUM]","D130",false,"[PREMIUM]",,false,false,"[PREMIUM]",,,,,,,,"[PREMIUM]"
"56757786","2026-08-06 20:55:38.445","2026-08-09 20:56:34.333","56757786","2026-08-06 17:38:31.000","[PREMIUM]","360","IN - FORT WAYNE","2026-08-10","MONDAY","1000","EDT","0","V",2013,"FORD","FUSION","FUSION","SEDAN 4DR","BLACK","FRONT END",,"OH","ST","YES","D",186598,"A","[PREMIUM]",7789.86,"2.0L 4","FRONT WHEEL DRIVE","AUTOMATIC","GAS",4,"Run & Drive Verified","Pure Sale","[PREMIUM]",,"FORT WAYNE","IN","46803 1546","USA","USD","[PREMIUM]","[PREMIUM]","D170",false,"[PREMIUM]","TITANIUM",false,false,"[PREMIUM]",,,,,,,,"[PREMIUM]"
"52455086","2026-08-06 20:55:37.339","2026-08-09 20:56:33.076","52455086","2026-08-06 19:04:03.000","[PREMIUM]","360","IN - FORT WAYNE",,,,"EDT","0","V",2009,"FORD","F150","F150",,"RED","REAR END","MINOR DENT/SCRATCHES","ID","SC","YES",,161810,"A","[PREMIUM]",3808,,,"AUTOMATIC",,,,"Pure Sale","[PREMIUM]",,"FORT WAYNE","IN","46803 1546","USA","USD","[PREMIUM]","[PREMIUM]","H140",false,"[PREMIUM]","XL",false,false,"[PREMIUM]",,,,,,,,"[PREMIUM]"
"50271116","2026-08-06 20:55:37.038","2026-08-09 20:56:32.848","50271116","2026-08-06 16:37:43.000","[PREMIUM]","360","IN - FORT WAYNE","2026-08-10","MONDAY","1000","EDT","0","V",2006,"PONTIAC","G6","G6","SEDAN 4DR","BLUE","BURN",,"IN","BP","YES","E",218057,"E","[PREMIUM]",2870.99,"3.5L 6","FRONT WHEEL DRIVE","AUTOMATIC","GAS",6,"DEFAULT","Pure Sale","[PREMIUM]",,"FORT WAYNE","IN","46803 1546","USA","USD","[PREMIUM]","[PREMIUM]","J090",false,"[PREMIUM]","SE1",false,false,"[PREMIUM]",,,,,,,,"[PREMIUM]"
"47228406","2026-08-06 20:55:36.888","2026-08-10 08:59:36.317","47228406","2026-08-10 08:00:14.000","[PREMIUM]","360","IN - FORT WAYNE","2026-08-10","MONDAY","1000","EDT","2538","V",2018,"CHEVROLET","EQUINOX","EQUINOX",,"BLACK","ALL OVER",,"IN","BP","NO","E",0,"N","[PREMIUM]",10184,"1.5L  4","ALL WHEEL DRIVE",,"GAS",4,"DEFAULT","Pure Sale","[PREMIUM]",,"FORT WAYNE","IN","46803 1546","USA","USD","[PREMIUM]","[PREMIUM]","I190",false,"[PREMIUM]","LT",false,false,"[PREMIUM]",,,,,,,,"[PREMIUM]"
"64411026","2026-08-06 20:55:36.865","2026-08-20 17:43:47.088","64411026","2026-08-18 16:33:46.000","[PREMIUM]","359","GA - AUGUSTA","2026-08-25","TUESDAY","1000","EDT","0","V",2016,"GMC","ACADIA","ACADIA","4DR SPORT UTILITY","BLACK","MECHANICAL",,"GA","CT","YES","E",206718,"A","[PREMIUM]",0,"3.6L 6","FRONT WHEEL DRIVE","AUTOMATIC","GAS",6,"DEFAULT","On Minimum Bid","[PREMIUM]",,"AUGUSTA","GA","30906","USA","USD","[PREMIUM]","[PREMIUM]","SC001",true,"[PREMIUM]","SLT-1",false,false,"[PREMIUM]",,,,,,,,"[PREMIUM]"
"63722426","2026-08-06 20:55:36.818","2026-08-11 02:31:22.123","63722426","2026-08-10 18:19:28.000","[PREMIUM]","359","GA - AUGUSTA","2026-08-11","TUESDAY","1000","EDT","46","V",2018,"FORD","F150","F150","PICKUP","BLACK","FRONT END","SIDE","GA","ST","YES","D",135739,"A","[PREMIUM]",10412.02,"2.7L 6","REAR WHEEL DRIVE","AUTOMATIC","GAS",6,"Run & Drive Verified","Pure Sale","[PREMIUM]",,"AUGUSTA","GA","30906","USA","USD","[PREMIUM]","[PREMIUM]","H050",false,"[PREMIUM]","SUPERCREW",false,false,"[PREMIUM]",,,,,,,,"[PREMIUM]"
"64248326","2026-08-06 20:55:36.805","2026-08-11 02:31:22.213","64248326","2026-08-10 18:19:28.000","[PREMIUM]","359","GA - AUGUSTA","2026-08-11","TUESDAY","1000","EDT","1132","V",2008,"TOYOTA","CAMRY","CAMRY","SEDAN","BLUE","ALL OVER",,"GA","CT","YES","S",298332,"A","[PREMIUM]",0,"2.4L 4","FRONT WHEEL DRIVE","AUTOMATIC","GAS",4,"Vehicle Starts","On Minimum Bid","[PREMIUM]",,"AUGUSTA","GA","30906","USA","USD","[PREMIUM]","[PREMIUM]","D060",true,"[PREMIUM]","LE",false,false,"[PREMIUM]",,,,,,,,"[PREMIUM]"
"62129716","2026-08-06 20:55:36.689","2026-08-11 02:31:21.884","62129716","2026-08-10 18:19:28.000","[PREMIUM]","359","GA - AUGUSTA","2026-08-11","TUESDAY","1000","EDT","1131","V",2010,"HONDA","ACCORD","ACCORD CROSSTOUR","4DR SPORT UTILITY","BLUE","ALL OVER",,"GA","BP","YES","E",146576,"A","[PREMIUM]",22418.92,"3.5L 6","FRONT WHEEL DRIVE","AUTOMATIC","GAS",6,"DEFAULT","Pure Sale","[PREMIUM]",,"AUGUSTA","GA","30906","USA","USD","[PREMIUM]","[PREMIUM]","F030",false,"[PREMIUM]","EX",false,false,"[PREMIUM]",,,,,,,,"[PREMIUM]"
"60882706","2026-08-06 20:55:36.475","2026-08-11 02:31:21.709","60882706","2026-08-10 18:19:28.000","[PREMIUM]","359","GA - AUGUSTA","2026-08-11","TUESDAY","1000","EDT","80","V",2015,"SUBARU","OUTBACK","OUTBACK","4DR SPORT UTILITY","SILVER","FRONT END","SIDE","GA","ST","YES","D",105904,"A","[PREMIUM]",11273.09,"3.6L 6","ALL WHEEL DRIVE","AUTOMATIC","GAS",6,"Run & Drive Verified","Pure Sale","[PREMIUM]",,"AUGUSTA","GA","30906","USA","USD","[PREMIUM]","[PREMIUM]","E090",false,"[PREMIUM]","3.6R LIMITED",false,false,"[PREMIUM]",,,,,,,,"[PREMIUM]"
"47891386","2026-08-06 20:55:35.501","2026-08-20 17:43:45.376","47891386","2026-08-18 15:45:56.000","[PREMIUM]","359","GA - AUGUSTA","2026-08-25","TUESDAY","1000","EDT","0","V",2021,"HONDA","ACCORD","ACCORD","SEDAN","BLACK","REAR END","FRONT END","WV","SC","YES","S",111331,"N","[PREMIUM]",15027.74,"1.5L 4","FRONT WHEEL DRIVE","AUTOMATIC","GAS",4,"Vehicle Starts","On Minimum Bid","[PREMIUM]",,"AUGUSTA","GA","30906","USA","USD","[PREMIUM]","[PREMIUM]","SC005",false,"[PREMIUM]","LX",false,false,"[PREMIUM]",,,,,,,,"[PREMIUM]"
"92450155","2026-08-06 20:55:35.435","2026-08-19 21:07:17.187","92450155","2026-08-18 17:46:08.000","[PREMIUM]","357","TX - HOUSTON EAST","2026-08-24","MONDAY","1200","CDT","0","V",2014,"NISSAN","MURANO","MURANO",,"BLACK","MECHANICAL","MINOR DENT/SCRATCHES","TX","CT","YES","D",159611,"A","[PREMIUM]",0,"3.5L  6","Front-wheel Drive","AUTOMATIC","GAS",6,"Run & Drive Verified","On Minimum Bid","[PREMIUM]",,"HOUSTON","TX","77049 1968","USA","USD","[PREMIUM]","[PREMIUM]","I160",false,"[PREMIUM]","S",false,false,"[PREMIUM]",,,,,,,,"[PREMIUM]"
"85623085","2026-08-06 20:55:35.399","2026-08-11 02:31:20.529","85623085","2026-08-10 20:01:01.000","[PREMIUM]","855","WHOLESALE AUCTION","2026-08-11","TUESDAY","1200","EDT","3210","V",2022,"AUDI","Q3","Q3","SPORT UTILITY VEHICLE","BLACK","SIDE",,"TX","CT","YES","S",54147,"A","[PREMIUM]",7113,"2.0L 4","ALL WHEEL DRIVE","AUTOMATIC","GAS",4,"Vehicle Starts","On Minimum Bid","[PREMIUM]",,"HOUSTON","TX","77049 1968","USA","USD","[PREMIUM]","[PREMIUM]","A140",false,"[PREMIUM]","PREMIUM S LINE 45",false,true,"[PREMIUM]",,,,,"RED LIGHT",1.7,"Other","[PREMIUM]"
"64014476","2026-08-06 20:55:35.263","2026-08-11 02:31:20.314","64014476","2026-08-10 19:41:40.000","[PREMIUM]","357","TX - HOUSTON EAST","2026-08-13","THURSDAY","1200","CDT","83","V",2014,"NISSAN","SENTRA","SENTRA","SEDAN","BURGUNDY","MINOR DENT/SCRATCHES",,"TX","CT","YES","D",151895,"A","[PREMIUM]",0,"1.8L 4","FRONT WHEEL DRIVE","AUTOMATIC","GAS",4,"Run & Drive Verified","On Minimum Bid","[PREMIUM]",,"HOUSTON","TX","77049 1968","USA","USD","[PREMIUM]","[PREMIUM]","C050",true,"[PREMIUM]","SR",false,false,"[PREMIUM]",,,,,,,,"[PREMIUM]"
"62756906","2026-08-06 20:55:35.090","2026-08-20 17:43:43.605","62756906","2026-08-20 01:29:29.000","[PREMIUM]","357","TX - HOUSTON EAST","2026-08-24","MONDAY","1200","CDT","0","V",2019,"RAM","1500","1500 CLASSIC","PICKUP","GRAY","FRONT END","REAR END","LA","CT","YES","E",162163,"A","[PREMIUM]",0,"3.6L 6","REAR WHEEL DRIVE","AUTOMATIC","FLEXIBLE",6,"DEFAULT","On Minimum Bid","[PREMIUM]",,"HOUSTON","TX","77049 1968","USA","USD","[PREMIUM]","[PREMIUM]","B110",true,"[PREMIUM]","TRADESMAN",false,false,"[PREMIUM]",,,,,,,,"[PREMIUM]"
"62119696","2026-08-06 20:55:34.857","2026-08-11 02:31:19.708","62119696","2026-08-10 22:42:29.000","[PREMIUM]","855","WHOLESALE AUCTION","2026-08-11","TUESDAY","1200","EDT","221","V",2014,"FORD","F150","F150","4DR EXT CAB PICKUP","WHITE","MINOR DENT/SCRATCHES",,"TX","CT","YES","D",96657,"A","[PREMIUM]",2650,"3.7L 6","REAR WHEEL DRIVE","AUTOMATIC","FLEXIBLE",6,"Run & Drive Verified","On Minimum Bid","[PREMIUM]",,"HOUSTON","TX","77049 1968","USA","USD","[PREMIUM]","[PREMIUM]","A010",false,"[PREMIUM]","SUPER CAB",false,true,"[PREMIUM]",,,,,"GREEN LIGHT",4.1,"Safety","[PREMIUM]"
"61715986","2026-08-06 20:55:34.728","2026-08-13 14:31:35.201","61715986","2026-08-12 20:00:58.000","[PREMIUM]","855","WHOLESALE AUCTION","2026-08-13","THURSDAY","1200","EDT","7103","V",2021,"KIA","SPORTAGE","SPORTAGE","SPORT UTILITY VEHICLE","WHITE","MECHANICAL",,"TX","CT","YES","E",123323,"A","[PREMIUM]",6401,"2.4L 4","FRONT WHEEL DRIVE","AUTOMATIC","GAS",4,"DEFAULT","Pure Sale","[PREMIUM]",,"HOUSTON","TX","77049 1968","USA","USD","[PREMIUM]","[PREMIUM]","A080",false,"[PREMIUM]","LX",false,true,"[PREMIUM]",,,,,"RED LIGHT",2.9,,"[PREMIUM]"
"61177496","2026-08-06 20:55:34.635","2026-08-09 20:56:29.923","61177496","2026-08-08 20:02:24.000","[PREMIUM]","357","TX - HOUSTON EAST","2026-08-10","MONDAY","1200","CDT","2574","V",2024,"NISSAN","SENTRA","SENTRA","SEDAN","BLACK","FRONT END","SIDE","TX","CT","YES","S",58181,"A","[PREMIUM]",0,"2.0L 4","FRONT WHEEL DRIVE","AUTOMATIC","GAS",4,"Vehicle Starts","On Approval","[PREMIUM]",,"HOUSTON","TX","77049 1968","USA","USD","[PREMIUM]","[PREMIUM]","M150",false,"[PREMIUM]","SV",false,false,"[PREMIUM]",,,,,,,,"[PREMIUM]"
"60688806","2026-08-06 20:55:34.423","2026-08-11 02:31:19.183","60688806","2026-08-10 20:01:00.000","[PREMIUM]","855","WHOLESALE AUCTION","2026-08-11","TUESDAY","1200","EDT","176","V",2024,"TOYOTA","COROLLA","COROLLA","SEDAN","SILVER","MINOR DENT/SCRATCHES",,"TX","CT","YES","D",28394,"A","[PREMIUM]",0,"2.0L 4","FRONT WHEEL DRIVE","AUTOMATIC","GAS",4,"Run & Drive Verified","On Minimum Bid","[PREMIUM]",,"HOUSTON","TX","77049 1968","USA","USD","[PREMIUM]","[PREMIUM]","F040",false,"[PREMIUM]","LE",false,true,"[PREMIUM]",,,,,"GREEN LIGHT",4.6,"Safety","[PREMIUM]"
"59711256","2026-08-06 20:55:34.320","2026-08-11 02:31:18.849","59711256","2026-08-10 20:00:59.000","[PREMIUM]","855","WHOLESALE AUCTION","2026-08-11","TUESDAY","1200","EDT","6156","V",2018,"DODGE","CHARGER","CHARGER",,"RED","FRONT END",,"FL","CT","NO","E",102094,"A","[PREMIUM]",17995,,,"AUTOMATIC",,,"DEFAULT","Pure Sale","[PREMIUM]",,"HOUSTON","TX","77049 1968","USA","USD","[PREMIUM]","[PREMIUM]","A140",false,"[PREMIUM]","R/T 392",false,true,"[PREMIUM]",,,,,"RED LIGHT",0,,"[PREMIUM]"
"55634706","2026-08-06 20:55:32.863","2026-08-11 02:31:17.579","55634706","2026-08-10 20:00:58.000","[PREMIUM]","855","WHOLESALE AUCTION","2026-08-11","TUESDAY","1200","EDT","3101","V",2016,"FORD","F150","F150","CREW PICKUP","WHITE","FRONT END","SIDE","TX","CT","YES","D",73648,"A","[PREMIUM]",0,"3.5L 6","4X4 W/REAR WHEEL DRV","AUTOMATIC","GAS",6,"Run & Drive Verified","On Minimum Bid","[PREMIUM]",,"HOUSTON","TX","77049 1968","USA","USD","[PREMIUM]","[PREMIUM]","A030",false,"[PREMIUM]","SUPERCREW",false,true,"[PREMIUM]",,,,,"RED LIGHT",1.7,"Maintenance,Safety,Other","[PREMIUM]"
"51694356","2026-08-06 20:55:32.243","2026-08-09 20:56:27.179","51694356","2026-08-07 17:37:06.000","[PREMIUM]","357","TX - HOUSTON EAST","2026-08-10","MONDAY","1200","CDT","2601","V",2018,"NISSAN","ARMADA","ARMADA","SUV","WHITE","FRONT END","SIDE","TX","SV","YES","E",79990,"A","[PREMIUM]",10219.03,"5.6L 8","4X2","AUTOMATIC","GAS",8,"DEFAULT","Pure Sale","[PREMIUM]",,"HOUSTON","TX","77049 1968","USA","USD","[PREMIUM]","[PREMIUM]","E090",false,"[PREMIUM]","SV",false,false,"[PREMIUM]",,,,,,,,"[PREMIUM]"
"95585225","2026-08-06 20:55:31.994","2026-08-19 15:03:08.826","95585225","2026-08-17 20:49:29.000","[PREMIUM]","356","NC - CONCORD","2026-08-20","THURSDAY","1000","EDT","2581","V",2014,"HONDA","CRV","CR-V","4DR SPORT UTILITY","TEAL","SIDE","FRONT END","NC","SC","YES","S",137525,"A","[PREMIUM]",9289.5,"2.4L 4","ALL WHEEL DRIVE","AUTOMATIC","GAS",4,"Vehicle Starts","Pure Sale","[PREMIUM]",,"CONCORD","NC","28025 8271","USA","USD","[PREMIUM]","[PREMIUM]","D040",false,"[PREMIUM]","EXL",false,false,"[PREMIUM]",,,,,,,,"[PREMIUM]"
"63756996","2026-08-06 20:55:31.961","2026-08-13 14:31:31.712","63756996","2026-08-13 08:00:08.000","[PREMIUM]","356","NC - CONCORD","2026-08-13","THURSDAY","1000","EDT","67","V",2013,"HONDA","CIVIC","CIVIC","SEDAN 4DR","BURGUNDY","SIDE","UNDERCARRIAGE","NC","SQ","YES","D",150043,"A","[PREMIUM]",0,"1.8L 4","FRONT WHEEL DRIVE","AUTOMATIC","GAS",4,"Run & Drive Verified","On Minimum Bid","[PREMIUM]","DAMAGE HISTORY              ","CONCORD","NC","28025 8271","USA","USD","[PREMIUM]","[PREMIUM]","Y020",false,"[PREMIUM]","LX",false,false,"[PREMIUM]",,,,,,,,"[PREMIUM]"
"63833516","2026-08-06 20:55:31.958","2026-08-14 16:17:30.525","63833516","2026-08-13 16:13:25.000","[PREMIUM]","356","NC - CONCORD","2026-08-20","THURSDAY","1000","EDT","0","V",2016,"NISSAN","VERSA","VERSA","SEDAN","SILVER","FRONT END","DAMAGE HISTORY","NC","CZ","YES","D",134761,"A","[PREMIUM]",0,"1.6L 4","FRONT WHEEL DRIVE","AUTOMATIC","GAS",4,"Run & Drive Verified","On Minimum Bid","[PREMIUM]",,"CONCORD","NC","28025 8271","USA","USD","[PREMIUM]","[PREMIUM]","B050",true,"[PREMIUM]","1.6 SV",false,false,"[PREMIUM]",,,,,,,,"[PREMIUM]"
"63685116","2026-08-06 20:55:31.945","2026-08-13 14:31:31.713","63685116","2026-08-13 08:00:08.000","[PREMIUM]","356","NC - CONCORD","2026-08-13","THURSDAY","1000","EDT","2506","V",2017,"VOLKSWAGEN","JETTA","JETTA","SEDAN","WHITE","SIDE","FRONT END","NC","SC","YES","E",105344,"A","[PREMIUM]",8159.09,"1.8L 4","FRONT WHEEL DRIVE","AUTOMATIC","GAS",4,"DEFAULT","Pure Sale","[PREMIUM]",,"CONCORD","NC","28025 8271","USA","USD","[PREMIUM]","[PREMIUM]","H060",false,"[PREMIUM]","SPORT",false,false,"[PREMIUM]",,,,,,,,"[PREMIUM]"
"63566456","2026-08-06 20:55:31.931","2026-08-13 14:31:31.658","63566456","2026-08-13 08:00:08.000","[PREMIUM]","356","NC - CONCORD","2026-08-13","THURSDAY","1000","EDT","601","C",2007,"BMW","R","R1200","ROAD","SILVER","NORMAL WEAR",,"NC","CZ","YES","D",12268,"A","[PREMIUM]",0,"2",,"MANUAL",,2,"Run & Drive Verified","On Approval","[PREMIUM]",,"CONCORD","NC","28025 8271","USA","USD","[PREMIUM]","[PREMIUM]","MC001",false,"[PREMIUM]","R",false,false,"[PREMIUM]",,,,,,,,"[PREMIUM]"
"63223296","2026-08-06 20:55:31.884","2026-08-19 15:03:07.869","63223296","2026-08-18 20:25:21.000","[PREMIUM]","356","NC - CONCORD","2026-08-20","THURSDAY","1000","EDT","132","V",2022,"TESLA","MODEL 3","MODEL 3","SEDAN","WHITE","REAR END","SIDE","NC","SC","YES","D",38386,"A","[PREMIUM]",18116,,"REAR WHEEL DRIVE","AUTOMATIC","ELECTRIC",,"Run & Drive Verified","Pure Sale","[PREMIUM]",,"CONCORD","NC","28025 8271","USA","USD","[PREMIUM]","[PREMIUM]","D060",false,"[PREMIUM]",,false,false,"[PREMIUM]",,,,,,,,"[PREMIUM]"
"63642266","2026-08-06 20:55:31.871","2026-08-20 17:43:39.252","63642266","2026-08-20 16:43:58.000","[PREMIUM]","356","NC - CONCORD","2026-08-27","THURSDAY","1000","EDT","0","V",2019,"SUBARU","OUTBACK","OUTBACK","SPORT UTILITY VEHICLE","GRAY","FRONT END","SIDE","NC","SC","YES","S",51579,"A","[PREMIUM]",13583.01,"2.5L 4","ALL WHEEL DRIVE","AUTOMATIC","GAS",4,"Vehicle Starts","On Minimum Bid","[PREMIUM]",,"CONCORD","NC","28025 8271","USA","USD","[PREMIUM]","[PREMIUM]","D020",false,"[PREMIUM]","2.5I PREMIUM",false,false,"[PREMIUM]",,,,,,,,"[PREMIUM]"
"63081046","2026-08-06 20:55:31.830","2026-08-12 03:05:36.735","63081046","2026-08-06 14:53:58.000","[PREMIUM]","356","NC - CONCORD","2026-08-13","THURSDAY","1000","EDT","0","V",2015,"HONDA","ODYSSEY","ODYSSEY","SPORTS VAN","MAROON","FRONT END","SIDE","NC","SC","YES","D",131477,"A","[PREMIUM]",0,"3.5L 6","FRONT WHEEL DRIVE","AUTOMATIC","GAS",6,"Run & Drive Verified","Pure Sale","[PREMIUM]",,"CONCORD","NC","28025 8271","USA","USD","[PREMIUM]","[PREMIUM]","I050",false,"[PREMIUM]","TOURING",false,false,"[PREMIUM]",,,,,,,,"[PREMIUM]"
"62427946","2026-08-06 20:55:31.741","2026-08-18 09:03:08.497","62427946","2026-08-17 21:12:38.000","[PREMIUM]","356","NC - CONCORD","2026-08-20","THURSDAY","1000","EDT","2584","V",1998,"TOYOTA","4RUNNER","4RUNNER","4DR SPORT UTILITY","WHITE","SIDE",,"NC","SC","NO","E",403150,"E","[PREMIUM]",0,"3.4L 6","REAR WHEEL DRIVE","AUTOMATIC","GAS",6,"DEFAULT","Pure Sale","[PREMIUM]",,"CONCORD","NC","28025 8271","USA","USD","[PREMIUM]","[PREMIUM]","C020",false,"[PREMIUM]","SR5",false,false,"[PREMIUM]",,,,,,,,"[PREMIUM]"
"62579126","2026-08-06 20:55:31.740","2026-08-20 17:43:39.028","62579126","2026-08-20 11:04:18.000","[PREMIUM]","356","NC - CONCORD","2026-08-27","THURSDAY","1000","EDT","0","V",2022,"MERCEDES-BENZ","GLA-CLASS","GLA","SPORT UTILITY VEHICLE","BLUE","SIDE","FRONT END","NC","SC","YES","D",43880,"A","[PREMIUM]",16459.14,"2.0L 4","FRONT WHEEL DRIVE","AUTOMATIC","GAS",4,"Run & Drive Verified","On Minimum Bid","[PREMIUM]",,"CONCORD","NC","28025 8271","USA","USD","[PREMIUM]","[PREMIUM]","X180",false,"[PREMIUM]","250",false,false,"[PREMIUM]",,,,,,,,"[PREMIUM]"
"62593636","2026-08-06 20:55:31.714","2026-08-12 08:33:21.410","62593636","2026-08-06 18:47:53.000","[PREMIUM]","356","NC - CONCORD","2026-08-13","THURSDAY","1000","EDT","0","V",2015,"NISSAN","ALTIMA","ALTIMA","SEDAN","SILVER","REAR END",,"NC","SC","YES","D",207728,"A","[PREMIUM]",6197.31,"2.5L 4","FRONT WHEEL DRIVE","AUTOMATIC","GAS",4,"Run & Drive Verified","Pure Sale","[PREMIUM]",,"CONCORD","NC","28025 8271","USA","USD","[PREMIUM]","[PREMIUM]","I040",false,"[PREMIUM]","2.5 S",false,false,"[PREMIUM]",,,,,,,,"[PREMIUM]"
"62235926","2026-08-06 20:55:31.689","2026-08-19 15:03:07.373","62235926","2026-08-18 20:25:21.000","[PREMIUM]","356","NC - CONCORD","2026-08-20","THURSDAY","1000","EDT","2042","V",2016,"HONDA","CIVIC","CIVIC","SEDAN 4DR","WHITE","TOP/ROOF","REAR END","NC","SC","YES","D",155789,"A","[PREMIUM]",10984.23,"2.0L 4","FRONT WHEEL DRIVE","AUTOMATIC","GAS",4,"Run & Drive Verified","Pure Sale","[PREMIUM]",,"CONCORD","NC","28025 8271","USA","USD","[PREMIUM]","[PREMIUM]","C150",false,"[PREMIUM]","LX",false,false,"[PREMIUM]",,,,,,,,"[PREMIUM]"
"62271086","2026-08-06 20:55:31.679","2026-08-13 14:31:31.105","62271086","2026-08-13 08:00:08.000","[PREMIUM]","356","NC - CONCORD","2026-08-13","THURSDAY","1000","EDT","47","V",2022,"LINCOLN","AVIATOR","AVIATOR","SPORT UTILITY VEHICLE","WHITE","NORMAL WEAR",,"NC","BD","YES","D",76465,"N","[PREMIUM]",0,"3.0L 6","ALL WHEEL DRIVE","AUTOMATIC","GAS",6,"Run & Drive Verified","On Approval","[PREMIUM]","PARTS ONLY -NOT REGISTERABLE","CONCORD","NC","28025 8271","USA","USD","[PREMIUM]","[PREMIUM]","Y040",false,"[PREMIUM]","RESERVE",false,false,"[PREMIUM]",,,,,,,,"[PREMIUM]"
"61952946","2026-08-06 20:55:31.658","2026-08-12 08:33:21.239","61952946","2026-08-06 19:37:34.000","[PREMIUM]","356","NC - CONCORD","2026-08-13","THURSDAY","1000","EDT","0","V",2013,"KIA","FORTE","FORTE","HATCHBACK 4DR","RED","REAR END",,"NC","SC","YES","D",59288,"A","[PREMIUM]",6135.85,"2.0L 4","FRONT WHEEL DRIVE","AUTOMATIC","GAS",4,"Run & Drive Verified","Pure Sale","[PREMIUM]",,"CONCORD","NC","28025 8271","USA","USD","[PREMIUM]","[PREMIUM]","I020",false,"[PREMIUM]","EX",false,false,"[PREMIUM]",,,,,,,,"[PREMIUM]"
"61663576","2026-08-06 20:55:31.602","2026-08-20 17:43:38.850","61663576","2026-08-19 20:57:53.000","[PREMIUM]","356","NC - CONCORD","2026-08-27","THURSDAY","1000","EDT","0","V",2023,"CHEVROLET","MALIBU","MALIBU","SEDAN","BLACK","FRONT END",,"NC","SC","YES","D",123121,"A","[PREMIUM]",8510.32,"1.5L 4","FRONT WHEEL DRIVE","AUTOMATIC","GAS",4,"Run & Drive Verified","Pure Sale","[PREMIUM]",,"CONCORD","NC","28025 8271","USA","USD","[PREMIUM]","[PREMIUM]","D050",false,"[PREMIUM]","LS",false,false,"[PREMIUM]",,,,,,,,"[PREMIUM]"
"61296546","2026-08-06 20:55:31.520","2026-08-19 15:03:06.990","61296546","2026-08-17 20:49:29.000","[PREMIUM]","356","NC - CONCORD","2026-08-20","THURSDAY","1000","EDT","69","V",2020,"VOLVO","S60","S60","SEDAN","BLACK","REAR END","SIDE","NC","SC","YES","D",76431,"A","[PREMIUM]",11572,"2.0L 4","FRONT WHEEL DRIVE","AUTOMATIC","GAS",4,"Run & Drive Verified","Pure Sale","[PREMIUM]",,"CONCORD","NC","28025 8271","USA","USD","[PREMIUM]","[PREMIUM]","D240",false,"[PREMIUM]","T5 MOMENTUM",false,false,"[PREMIUM]",,,,,,,,"[PREMIUM]"
"61102706","2026-08-06 20:55:31.485","2026-08-19 15:03:06.855","61102706","2026-08-18 20:25:21.000","[PREMIUM]","356","NC - CONCORD","2026-08-20","THURSDAY","1000","EDT","2593","V",2014,"MINI","COOPER","COOPER","HATCHBACK 2DR","BLACK","REAR END","FRONT END","NC","SC","YES","S",26882,"A","[PREMIUM]",8836.63,"2.0L 4","FRONT WHEEL DRIVE","AUTOMATIC","GAS",4,"Vehicle Starts","Pure Sale","[PREMIUM]",,"CONCORD","NC","28025 8271","USA","USD","[PREMIUM]","[PREMIUM]","X140",false,"[PREMIUM]","S",false,false,"[PREMIUM]",,,,,,,,"[PREMIUM]"
"60769066","2026-08-06 20:55:31.426","2026-08-20 17:43:38.832","60769066","2026-08-06 17:42:06.000","[PREMIUM]","356","NC - CONCORD",,,,"EDT","0","V",2025,"KIA","K4 LX","K4","SEDAN","BLACK","FRONT END","SIDE","NC","SC","YES","S",43398,"A","[PREMIUM]",16355,"2.0L 4","FRONT WHEEL DRIVE","AUTOMATIC","GAS",4,"Vehicle Starts","Pure Sale","[PREMIUM]",,"CONCORD","NC","28025 8271","USA","USD","[PREMIUM]","[PREMIUM]","D060",false,"[PREMIUM]","LX",false,false,"[PREMIUM]",,,,,,,,"[PREMIUM]"
"59855746","2026-08-06 20:55:31.293","2026-08-19 15:03:06.571","59855746","2026-08-17 16:24:20.000","[PREMIUM]","356","NC - CONCORD","2026-08-20","THURSDAY","1000","EDT","2023","V",2010,"HONDA","ACCORD","ACCORD","SEDAN 4DR","BURGUNDY","SIDE",,"NC","SC","YES","D",210703,"E","[PREMIUM]",9454.89,"2.4L 4","FRONT WHEEL DRIVE","AUTOMATIC","GAS",4,"Run & Drive Verified","Pure Sale","[PREMIUM]",,"CONCORD","NC","28025 8271","USA","USD","[PREMIUM]","[PREMIUM]","C180",false,"[PREMIUM]","EXL",false,false,"[PREMIUM]",,,,,,,,"[PREMIUM]"
"59702926","2026-08-06 20:55:31.239","2026-08-20 18:58:58.261","59702926","2026-08-20 18:31:03.000","[PREMIUM]","356","NC - CONCORD","2026-08-27","THURSDAY","1000","EDT","0","V",2025,"HONDA","ACCORD","ACCORD","SEDAN","SILVER","FRONT END",,"NC","SC","YES","D",6165,"A","[PREMIUM]",20418.65,"2.0L 4","FRONT WHEEL DRIVE","AUTOMATIC","ELECTRIC AND GAS HYBRID",4,"Run & Drive Verified","Pure Sale","[PREMIUM]",,"CONCORD","NC","28025 8271","USA","USD","[PREMIUM]","[PREMIUM]","X180",false,"[PREMIUM]","TOURING HYBRID",false,false,"[PREMIUM]",,,,,,,,"[PREMIUM]"
"59305526","2026-08-06 20:55:31.178","2026-08-19 15:03:06.470","59305526","2026-08-18 20:25:21.000","[PREMIUM]","356","NC - CONCORD","2026-08-20","THURSDAY","1000","EDT","2590","V",2015,"HONDA","ACCORD","ACCORD","SEDAN 4DR","BLUE","REAR END",,"NC","SC","NO","E",0,"N","[PREMIUM]",0,"2.4L 4","FRONT WHEEL DRIVE","AUTOMATIC","GAS",4,"DEFAULT","Pure Sale","[PREMIUM]",,"CONCORD","NC","28025 8271","USA","USD","[PREMIUM]","[PREMIUM]","X170",false,"[PREMIUM]","SPORT",false,false,"[PREMIUM]",,,,,,,,"[PREMIUM]"
"59084466","2026-08-06 20:55:31.136","2026-08-20 17:43:38.807","59084466","2026-08-19 20:17:32.000","[PREMIUM]","356","NC - CONCORD","2026-08-27","THURSDAY","1000","EDT","12","V",2019,"HONDA","CIVIC","CIVIC","SEDAN","GRAY","FRONT END","SIDE","NC","SC","YES","D",113124,"A","[PREMIUM]",16065.69,"2.0L 4","FRONT WHEEL DRIVE","AUTOMATIC","GAS",4,"Run & Drive Verified","Pure Sale","[PREMIUM]",,"CONCORD","NC","28025 8271","USA","USD","[PREMIUM]","[PREMIUM]","A020",false,"[PREMIUM]","SPORT",false,false,"[PREMIUM]",,,,,,,,"[PREMIUM]"
"57894186","2026-08-06 20:55:31.002","2026-08-19 15:03:06.236","57894186","2026-08-18 20:25:21.000","[PREMIUM]","356","NC - CONCORD","2026-08-20","THURSDAY","1000","EDT","2600","V",2021,"NISSAN","ROGUE","ROGUE","SPORT UTILITY VEHICLE","BLUE","FRONT END","SIDE","NC","SC","YES","S",71049,"A","[PREMIUM]",0,"2.5L 4","FRONT WHEEL DRIVE","AUTOMATIC","GAS",4,"Vehicle Starts","Pure Sale","[PREMIUM]",,"CONCORD","NC","28025 8271","USA","USD","[PREMIUM]","[PREMIUM]","C060",false,"[PREMIUM]","S",false,false,"[PREMIUM]",,,,,,,,"[PREMIUM]"
"56446356","2026-08-06 20:55:30.860","2026-08-20 17:43:38.180","56446356","2026-08-17 12:42:30.000","[PREMIUM]","356","NC - CONCORD",,,,"EDT","0","V",2023,"NISSAN","ALTIMA","ALTIMA","SEDAN","GRAY","FRONT END","SIDE","WV","SC","YES","S",80857,"N","[PREMIUM]",13847.45,"2.5L 4","FRONT WHEEL DRIVE","AUTOMATIC","GAS",4,"Vehicle Starts","Pure Sale","[PREMIUM]",,"CONCORD","NC","28025 8271","USA","USD","[PREMIUM]","[PREMIUM]","G030",false,"[PREMIUM]","SR",false,false,"[PREMIUM]",,,,,,,,"[PREMIUM]"
"56297086","2026-08-06 20:55:30.806","2026-08-20 17:43:38.071","56297086","2026-08-19 13:40:34.000","[PREMIUM]","356","NC - CONCORD",,,,"EDT","0","V",2018,"TESLA","MODEL 3","MODEL 3","SEDAN","SILVER","FRONT END","SIDE","NC","SC","YES","E",67556,"A","[PREMIUM]",14691.18,,"ALL WHEEL DRIVE","AUTOMATIC","ELECTRIC",,"DEFAULT","Pure Sale","[PREMIUM]",,"CONCORD","NC","28025 8271","USA","USD","[PREMIUM]","[PREMIUM]","F030",false,"[PREMIUM]",,false,false,"[PREMIUM]",,,,,,,,"[PREMIUM]"
"55938306","2026-08-06 20:55:30.805","2026-08-19 15:03:05.881","55938306","2026-08-18 20:25:21.000","[PREMIUM]","356","NC - CONCORD","2026-08-20","THURSDAY","1000","EDT","2601","V",2020,"NISSAN","ROGUE","ROGUE","WAGON","GRAY","FRONT END",,"NC","SC","YES","E",110964,"A","[PREMIUM]",0,"2.5L 4","ALL WHEEL DRIVE","AUTOMATIC","GAS",4,"DEFAULT","Pure Sale","[PREMIUM]",,"CONCORD","NC","28025 8271","USA","USD","[PREMIUM]","[PREMIUM]","C140",false,"[PREMIUM]","S",false,false,"[PREMIUM]",,,,,,,,"[PREMIUM]"
"54243146","2026-08-06 20:55:30.670","2026-08-19 15:03:05.667","54243146","2026-08-17 20:44:35.000","[PREMIUM]","356","NC - CONCORD","2026-08-20","THURSDAY","1000","EDT","33","V",2009,"HONDA","CIVIC","CIVIC","SEDAN 4DR","GRAY","FRONT END",,"NC","SC","YES","D",138984,"E","[PREMIUM]",4636.46,"1.8L 4","FRONT WHEEL DRIVE","AUTOMATIC","GAS",4,"Run & Drive Verified","Pure Sale","[PREMIUM]","ODOMETER NOT CERTIFIED      ","CONCORD","NC","28025 8271","USA","USD","[PREMIUM]","[PREMIUM]","X110",false,"[PREMIUM]","LX",false,false,"[PREMIUM]",,,,,,,,"[PREMIUM]"
"50283706","2026-08-06 20:55:30.526","2026-08-20 17:43:37.919","50283706","2026-08-06 17:54:20.000","[PREMIUM]","356","NC - CONCORD",,,,"EDT","0","V",2025,"HONDA","CRV","CR-V",,"WHITE","FRONT END",,"SC","ST","YES","E",17942,"A","[PREMIUM]",23613.22,,,"AUTOMATIC",,,"DEFAULT","Pure Sale","[PREMIUM]",,"CONCORD","NC","28025 8271","USA","USD","[PREMIUM]","[PREMIUM]","B020",false,"[PREMIUM]","SPORT",false,false,"[PREMIUM]",,,,,,,,"[PREMIUM]"
"76885455","2026-08-06 20:55:30.152","2026-08-13 14:31:28.657","76885455","2026-08-12 18:58:10.000","[PREMIUM]","350","CT - HARTFORD SPRINGFIELD","2026-08-13","THURSDAY","1000","EDT","3326","V",2016,"HONDA","CIVIC","CIVIC",,"RED","FRONT END","MINOR DENT/SCRATCHES","MA","ST","YES","E",196695,"A","[PREMIUM]",7442.63,"2.0L  4","Front-wheel Drive","AUTOMATIC","GAS",4,"DEFAULT","Pure Sale","[PREMIUM]",,"EAST GRANBY","CT","06026 9765","USA","USD","[PREMIUM]","[PREMIUM]","N020",false,"[PREMIUM]","EX",false,false,"[PREMIUM]",,,,,,,,"[PREMIUM]"
"64412966","2026-08-06 20:55:30.021","2026-08-19 15:03:02.436","64412966","2026-08-18 13:39:16.000","[PREMIUM]","350","CT - HARTFORD SPRINGFIELD","2026-08-20","THURSDAY","1000","EDT","0","V",2016,"FORD","ESCAPE","ESCAPE","4DR SPORT UTILITY","BLACK","MINOR DENT/SCRATCHES",,"MA","CT","YES","D",230338,"A","[PREMIUM]",0,"1.6L 4","4X4 W/FRONT WHL DRV","AUTOMATIC","GAS",4,"Run & Drive Verified","On Minimum Bid","[PREMIUM]",,"EAST GRANBY","CT","06026 9765","USA","USD","[PREMIUM]","[PREMIUM]","K050",true,"[PREMIUM]","SE",false,false,"[PREMIUM]",,,,,,,,"[PREMIUM]"
"64264246","2026-08-06 20:55:30.016","2026-08-20 17:43:34.851","64264246","2026-08-20 11:42:57.000","[PREMIUM]","850","CONNECTICUT FRIDAY SALE","2026-08-21","FRIDAY","1500","EDT","0","V",2010,"TOYOTA","HIGHLANDER","HIGHLANDER","4DR SPORT UTILITY","SILVER","MINOR DENT/SCRATCHES",,"MA","CT","YES","E",377601,"E","[PREMIUM]",0,"3.5L 6","ALL WHEEL DRIVE","AUTOMATIC","GAS",6,"DEFAULT","On Minimum Bid","[PREMIUM]",,"EAST GRANBY","CT","06026 9765","USA","USD","[PREMIUM]","[PREMIUM]","M040",true,"[PREMIUM]","LIMITED",false,false,"[PREMIUM]",,,,,,,,"[PREMIUM]"
"64325776","2026-08-06 20:55:30.010","2026-08-19 15:03:02.345","64325776","2026-08-18 13:39:16.000","[PREMIUM]","350","CT - HARTFORD SPRINGFIELD","2026-08-20","THURSDAY","1000","EDT","0","V",2012,"DODGE","RAM 1500","RAM 1500","CREW PICKUP","BLACK","MECHANICAL","MINOR DENT/SCRATCHES","MA","CT","YES","D",138695,"A","[PREMIUM]",0,"5.7L 8","4X4 W/REAR WHEEL DRV","AUTOMATIC","GAS",8,"Run & Drive Verified","On Minimum Bid","[PREMIUM]",,"EAST GRANBY","CT","06026 9765","USA","USD","[PREMIUM]","[PREMIUM]","L040",true,"[PREMIUM]","ST",false,false,"[PREMIUM]",,,,,,,,"[PREMIUM]"
"64327466","2026-08-06 20:55:30.010","2026-08-19 15:03:02.395","64327466","2026-08-18 03:18:06.000","[PREMIUM]","350","CT - HARTFORD SPRINGFIELD","2026-08-20","THURSDAY","1000","EDT","0","V",2016,"JEEP","COMPASS","COMPASS","4DR SPORT UTILITY","BURGUNDY","MINOR DENT/SCRATCHES","MECHANICAL","ME","CT","YES","D",85133,"A","[PREMIUM]",0,"2.4L 4","4X4 W/FRONT WHL DRV","AUTOMATIC","GAS",4,"Run & Drive Verified","On Minimum Bid","[PREMIUM]",,"EAST GRANBY","CT","06026 9765","USA","USD","[PREMIUM]","[PREMIUM]","N050",true,"[PREMIUM]","LATITUDE",false,false,"[PREMIUM]",,,,,,,,"[PREMIUM]"
"64264606","2026-08-06 20:55:30.010","2026-08-20 17:43:34.858","64264606","2026-08-20 11:42:57.000","[PREMIUM]","850","CONNECTICUT FRIDAY SALE","2026-08-21","FRIDAY","1500","EDT","0","V",2010,"JEEP","WRANGLER","WRANGLER","2DR SPORT UTILITY","BLACK","MINOR DENT/SCRATCHES",,"CT","CT","YES","D",137832,"A","[PREMIUM]",0,"3.8L 6","4X4 W/REAR WHEEL DRV","MANUAL","GAS",6,"Run & Drive Verified","On Minimum Bid","[PREMIUM]",,"EAST GRANBY","CT","06026 9765","USA","USD","[PREMIUM]","[PREMIUM]","F020",true,"[PREMIUM]","SPORT",false,false,"[PREMIUM]",,,,,,,,"[PREMIUM]"
"64263946","2026-08-06 20:55:30.009","2026-08-19 21:07:07.201","64263946","2026-08-19 17:27:49.000","[PREMIUM]","350","CT - HARTFORD SPRINGFIELD","2026-08-20","THURSDAY","1000","EDT","2479","V",2017,"LINCOLN","MKC","MKC","4DR SPORT UTILITY","TAN","MINOR DENT/SCRATCHES",,"CT","CT","YES","D",133458,"A","[PREMIUM]",0,"2.0L 4","ALL WHEEL DRIVE","AUTOMATIC","GAS",4,"Run & Drive Verified","On Approval","[PREMIUM]","REPOSSESSION                ","EAST GRANBY","CT","06026 9765","USA","USD","[PREMIUM]","[PREMIUM]","D060",false,"[PREMIUM]","SELECT",false,false,"[PREMIUM]",,,,,,,,"[PREMIUM]"
"64413166","2026-08-06 20:55:30.008","2026-08-20 17:43:35.029","64413166","2026-08-20 11:42:58.000","[PREMIUM]","850","CONNECTICUT FRIDAY SALE","2026-08-21","FRIDAY","1500","EDT","0","V",2012,"HONDA","CRV","CR-V","4DR SPORT UTILITY","BLACK","MINOR DENT/SCRATCHES",,"PA","CT","YES","D",191137,"A","[PREMIUM]",0,"2.4L 4","ALL WHEEL DRIVE","AUTOMATIC","GAS",4,"Run & Drive Verified","On Minimum Bid","[PREMIUM]",,"EAST GRANBY","CT","06026 9765","USA","USD","[PREMIUM]","[PREMIUM]","G030",true,"[PREMIUM]","LX",false,false,"[PREMIUM]",,,,,,,,"[PREMIUM]"
"64263276","2026-08-06 20:55:30.001","2026-08-17 15:02:53.804","64263276","2026-08-17 12:29:35.000","[PREMIUM]","350","CT - HARTFORD SPRINGFIELD","2026-08-20","THURSDAY","1000","EDT","0","V",2016,"NISSAN","ROGUE","ROGUE","WAGON","RED","MINOR DENT/SCRATCHES",,"NJ","CT","YES","D",168853,"A","[PREMIUM]",0,"2.5L 4","ALL WHEEL DRIVE","AUTOMATIC","GAS",4,"Run & Drive Verified","On Minimum Bid","[PREMIUM]",,"EAST GRANBY","CT","06026 9765","USA","USD","[PREMIUM]","[PREMIUM]","K050",true,"[PREMIUM]","SV",false,false,"[PREMIUM]",,,,,,,,"[PREMIUM]"
"64327116","2026-08-06 20:55:30.001","2026-08-11 02:31:12.904","64327116","2026-08-10 20:31:29.000","[PREMIUM]","880","*NCS - EASTERN REGION","2026-08-11","TUESDAY","2100","EDT","439","V",2020,"MITSUBISHI","MIRAGE","MIRAGE",,"RED","MINOR DENT/SCRATCHES","MECHANICAL","NH","CT","YES","D",82721,"A","[PREMIUM]",0,,,"AUTOMATIC",,,"Run & Drive Verified","On Minimum Bid","[PREMIUM]",,"EAST GRANBY","CT","06026 9765","USA","USD","[PREMIUM]","[PREMIUM]","GARG",true,"[PREMIUM]","ES LE",false,false,"[PREMIUM]",,,,,,,,"[PREMIUM]"
"64201996","2026-08-06 20:55:29.982","2026-08-20 17:43:34.643","64201996","2026-08-19 18:07:37.000","[PREMIUM]","350","CT - HARTFORD SPRINGFIELD","2026-08-20","THURSDAY","1000","EDT","3221","V",2011,"AUDI","TT","TT","COUPE","GRAY","MINOR DENT/SCRATCHES",,"MA","CT","YES","D",150220,"A","[PREMIUM]",0,"2.0L 4","ALL WHEEL DRIVE","AUTOMATIC","GAS",4,"Run & Drive Verified","On Minimum Bid","[PREMIUM]",,"EAST GRANBY","CT","06026 9765","USA","USD","[PREMIUM]","[PREMIUM]","I020",false,"[PREMIUM]","PREMIUM",false,false,"[PREMIUM]",,,,,,,,"[PREMIUM]"
"64263046","2026-08-06 20:55:29.980","2026-08-20 17:43:34.735","64263046","2026-08-20 11:42:56.000","[PREMIUM]","850","CONNECTICUT FRIDAY SALE","2026-08-21","FRIDAY","1500","EDT","0","V",2016,"JEEP","WRANGLER","WRANGLER UNLIMITED","4DR SPORT UTILITY","WHITE","MINOR DENT/SCRATCHES","MECHANICAL","NH","CT","YES","S",118863,"A","[PREMIUM]",0,"3.6L 6","4X4 W/REAR WHEEL DRV","AUTOMATIC","FLEXIBLE",6,"Vehicle Starts","On Minimum Bid","[PREMIUM]","REPOSSESSION                ","EAST GRANBY","CT","06026 9765","USA","USD","[PREMIUM]","[PREMIUM]","HVY2",false,"[PREMIUM]","SAHARA",false,false,"[PREMIUM]",,,,,,,,"[PREMIUM]"
"64262356","2026-08-06 20:55:29.973","2026-08-20 17:43:34.713","64262356","2026-08-19 17:27:49.000","[PREMIUM]","350","CT - HARTFORD SPRINGFIELD","2026-08-20","THURSDAY","1000","EDT","2805","V",2025,"SUBARU","LEGACY","LEGACY","SEDAN","BLACK","FRONT END","SIDE","WV","CT","NO",,13385,"A","[PREMIUM]",0,"2.5L 4","ALL WHEEL DRIVE","AUTOMATIC","GAS",4,,"On Minimum Bid","[PREMIUM]","REPOSSESSION                ","EAST GRANBY","CT","06026 9765","USA","USD","[PREMIUM]","[PREMIUM]","Q040",false,"[PREMIUM]","PREMIUM",false,false,"[PREMIUM]",,,,,,,,"[PREMIUM]"
"64120446","2026-08-06 20:55:29.967","2026-08-19 21:07:07.034","64120446","2026-08-19 18:07:37.000","[PREMIUM]","350","CT - HARTFORD SPRINGFIELD","2026-08-20","THURSDAY","1000","EDT","3390","K",2015,"FORD","TRANSIT","TRANSIT","SPORTS VAN","WHITE","MECHANICAL","MINOR DENT/SCRATCHES","NH","CT","YES","E",183630,"A","[PREMIUM]",0,"3.7L 6","REAR WHEEL DRIVE","AUTOMATIC","GAS",6,"DEFAULT","On Minimum Bid","[PREMIUM]",,"EAST GRANBY","CT","06026 9765","USA","USD","[PREMIUM]","[PREMIUM]","E010",true,"[PREMIUM]",,false,false,"[PREMIUM]",,,,,,,,"[PREMIUM]"
"64184136","2026-08-06 20:55:29.957","2026-08-20 17:43:34.653","64184136","2026-08-19 17:27:49.000","[PREMIUM]","350","CT - HARTFORD SPRINGFIELD","2026-08-20","THURSDAY","1000","EDT","2405","V",2017,"FORD","ESCAPE","ESCAPE","4DR SPORT UTILITY","BLUE","MINOR DENT/SCRATCHES",,"VT","CT","YES","D",143701,"A","[PREMIUM]",0,"1.5L 4","4X4 W/FRONT WHL DRV","AUTOMATIC","GAS",4,"Run & Drive Verified","On Minimum Bid","[PREMIUM]",,"EAST GRANBY","CT","06026 9765","USA","USD","[PREMIUM]","[PREMIUM]","M020",false,"[PREMIUM]","SE",false,false,"[PREMIUM]",,,,,,,,"[PREMIUM]"
"64263186","2026-08-06 20:55:29.957","2026-08-20 17:43:34.727","64263186","2026-08-20 11:42:56.000","[PREMIUM]","850","CONNECTICUT FRIDAY SALE","2026-08-21","FRIDAY","1500","EDT","0","V",2019,"VOLVO","XC90","XC90","SPORT UTILITY VEHICLE","BLACK","MINOR DENT/SCRATCHES",,"MA","CT","YES","D",162759,"A","[PREMIUM]",0,"2.0L 4","ALL WHEEL DRIVE","AUTOMATIC","GAS",4,"Run & Drive Verified","On Minimum Bid","[PREMIUM]",,"EAST GRANBY","CT","06026 9765","USA","USD","[PREMIUM]","[PREMIUM]","K040",false,"[PREMIUM]","T5 MOMENTUM",false,false,"[PREMIUM]",,,,,,,,"[PREMIUM]"
"64184176","2026-08-06 20:55:29.954","2026-08-20 17:43:34.621","64184176","2026-08-19 17:27:47.000","[PREMIUM]","350","CT - HARTFORD SPRINGFIELD","2026-08-20","THURSDAY","1000","EDT","289","V",2014,"FORD","EXPLORER","EXPLORER","4DR SPORT UTILITY","BLACK","FRONT END","MINOR DENT/SCRATCHES","WV","CT","YES","D",115343,"A","[PREMIUM]",0,"3.5L 6","FRONT WHEEL DRIVE","AUTOMATIC","GAS",6,"Run & Drive Verified","On Minimum Bid","[PREMIUM]","REPOSSESSION                ","EAST GRANBY","CT","06026 9765","USA","USD","[PREMIUM]","[PREMIUM]","G050",false,"[PREMIUM]",,false,false,"[PREMIUM]",,,,,,,,"[PREMIUM]"
"64262486","2026-08-06 20:55:29.954","2026-08-20 17:43:34.717","64262486","2026-08-20 11:42:55.000","[PREMIUM]","850","CONNECTICUT FRIDAY SALE","2026-08-21","FRIDAY","1500","EDT","0","V",2018,"NISSAN","PATHFINDER","PATHFINDER","SUV","GRAY","FRONT END","MINOR DENT/SCRATCHES","MA","CT","YES","D",116481,"A","[PREMIUM]",0,"3.5L 6","FOUR BY FOUR","AUTOMATIC","GAS",6,"Run & Drive Verified","On Minimum Bid","[PREMIUM]","REPOSSESSION                ","EAST GRANBY","CT","06026 9765","USA","USD","[PREMIUM]","[PREMIUM]","D070",true,"[PREMIUM]","SV",false,false,"[PREMIUM]",,,,,,,,"[PREMIUM]"
"64187476","2026-08-06 20:55:29.946","2026-08-19 15:03:02.148","64187476","2026-08-18 01:40:16.000","[PREMIUM]","350","CT - HARTFORD SPRINGFIELD","2026-08-20","THURSDAY","1000","EDT","0","V",2014,"MERCEDES-BENZ","S-CLASS","S","SEDAN 4DR","CHARCOAL","MINOR DENT/SCRATCHES",,"MA","CT","YES","D",84057,"A","[PREMIUM]",0,"4.6L 8","ALL WHEEL DRIVE","AUTOMATIC","GAS",8,"Run & Drive Verified","On Minimum Bid","[PREMIUM]",,"EAST GRANBY","CT","06026 9765","USA","USD","[PREMIUM]","[PREMIUM]","F030",true,"[PREMIUM]","550 4MATIC",false,false,"[PREMIUM]",,,,,,,,"[PREMIUM]"
"64032296","2026-08-06 20:55:29.931","2026-08-12 20:32:41.368","64032296","2026-08-12 18:43:46.000","[PREMIUM]","350","CT - HARTFORD SPRINGFIELD","2026-08-13","THURSDAY","1000","EDT","422","V",2017,"FORD","FIESTA","FIESTA","HATCHBACK 4DR","RED","MINOR DENT/SCRATCHES",,"NY","CT","YES","D",130248,"A","[PREMIUM]",0,"1.6L 4","FRONT WHEEL DRIVE","AUTOMATIC","GAS",4,"Run & Drive Verified","On Minimum Bid","[PREMIUM]",,"EAST GRANBY","CT","06026 9765","USA","USD","[PREMIUM]","[PREMIUM]","K050",true,"[PREMIUM]","TITANIUM",false,false,"[PREMIUM]",,,,,,,,"[PREMIUM]"
"64004596","2026-08-06 20:55:29.917","2026-08-19 15:03:02.024","64004596","2026-08-18 14:19:45.000","[PREMIUM]","350","CT - HARTFORD SPRINGFIELD","2026-08-20","THURSDAY","1000","EDT","0","V",2012,"HONDA","CRV","CR-V","4DR SPORT UTILITY","BLUE","MINOR DENT/SCRATCHES",,"VT","CT","YES","E",219702,"A","[PREMIUM]",0,"2.4L 4","ALL WHEEL DRIVE","AUTOMATIC","GAS",4,"DEFAULT","On Minimum Bid","[PREMIUM]",,"EAST GRANBY","CT","06026 9765","USA","USD","[PREMIUM]","[PREMIUM]","O040",true,"[PREMIUM]","EXL",false,false,"[PREMIUM]",,,,,,,,"[PREMIUM]"
"64034696","2026-08-06 20:55:29.917","2026-08-13 14:31:27.435","64034696","2026-08-12 18:43:47.000","[PREMIUM]","350","CT - HARTFORD SPRINGFIELD","2026-08-13","THURSDAY","1000","EDT","3340","V",2007,"JEEP","WRANGLER","WRANGLER","4DR SPORT UTILITY","RED","REAR END","MINOR DENT/SCRATCHES","NY","CT","YES","D",182256,"E","[PREMIUM]",0,"3.8L 6","4X4 W/REAR WHEEL DRV","AUTOMATIC","GAS",6,"Run & Drive Verified","On Minimum Bid","[PREMIUM]",,"EAST GRANBY","CT","06026 9765","USA","USD","[PREMIUM]","[PREMIUM]","E080",false,"[PREMIUM]","SAHARA",false,false,"[PREMIUM]",,,,,,,,"[PREMIUM]"
"63980816","2026-08-06 20:55:29.915","2026-08-20 17:43:34.491","63980816","2026-08-19 17:47:41.000","[PREMIUM]","350","CT - HARTFORD SPRINGFIELD","2026-08-20","THURSDAY","1000","EDT","2418","V",2014,"MINI","COOPER","COOPER","HATCHBACK 2DR","RED","REAR END","MINOR DENT/SCRATCHES","MA","ST","YES","D",105944,"A","[PREMIUM]",5117.05,"1.5L 3","FRONT WHEEL DRIVE","AUTOMATIC","GAS",3,"Run & Drive Verified","On Minimum Bid","[PREMIUM]",,"EAST GRANBY","CT","06026 9765","USA","USD","[PREMIUM]","[PREMIUM]","P010",false,"[PREMIUM]",,false,false,"[PREMIUM]",,,,,,,,"[PREMIUM]"
"63501876","2026-08-06 20:55:29.829","2026-08-13 14:31:26.858","63501876","2026-08-12 18:58:10.000","[PREMIUM]","350","CT - HARTFORD SPRINGFIELD","2026-08-13","THURSDAY","1000","EDT","2046","V",2013,"NISSAN","ROGUE","ROGUE","WAGON","WHITE","SIDE","UNDERCARRIAGE","CT","ST","YES","D",110905,"A","[PREMIUM]",6715.07,"2.5L 4","ALL WHEEL DRIVE","AUTOMATIC","GAS",4,"Run & Drive Verified","Pure Sale","[PREMIUM]",,"EAST GRANBY","CT","06026 9765","USA","USD","[PREMIUM]","[PREMIUM]","H040",false,"[PREMIUM]","S",false,false,"[PREMIUM]",,,,,,,,"[PREMIUM]"
"63403096","2026-08-06 20:55:29.762","2026-08-13 14:31:26.832","63403096","2026-08-12 18:58:10.000","[PREMIUM]","350","CT - HARTFORD SPRINGFIELD","2026-08-13","THURSDAY","1000","EDT","2166","V",2013,"CHEVROLET","EQUINOX","EQUINOX","4DR SPORT UTILITY","SILVER","REAR END","MINOR DENT/SCRATCHES","MA","ST","YES","D",85269,"A","[PREMIUM]",6452.13,"2.4L 4","FRONT WHEEL DRIVE","AUTOMATIC","GAS",4,"Run & Drive Verified","On Minimum Bid","[PREMIUM]","WITH CORRECTION LETTER      ","EAST GRANBY","CT","06026 9765","USA","USD","[PREMIUM]","[PREMIUM]","J040",false,"[PREMIUM]","LS",false,false,"[PREMIUM]",,,,,,,,"[PREMIUM]"
"63308396","2026-08-06 20:55:29.572","2026-08-12 08:33:17.526","63308396","2026-08-07 17:28:45.000","[PREMIUM]","350","CT - HARTFORD SPRINGFIELD","2026-08-13","THURSDAY","1000","EDT","0","V",2004,"DODGE","DAKOTA","DAKOTA","CREW PICKUP","BLUE","FRAME DAMAGE","REAR END","MA","ST","YES","D",164757,"A","[PREMIUM]",8688.95,"4.7L 8","4X4 W/REAR WHEEL DRV","MANUAL","GAS",8,"Run & Drive Verified","Pure Sale","[PREMIUM]",,"EAST GRANBY","CT","06026 9765","USA","USD","[PREMIUM]","[PREMIUM]","M040",false,"[PREMIUM]","QUAD SPORT",false,false,"[PREMIUM]",,,,,,,,"[PREMIUM]"
"63295426","2026-08-06 20:55:29.530","2026-08-13 14:31:26.464","63295426","2026-08-12 18:58:10.000","[PREMIUM]","350","CT - HARTFORD SPRINGFIELD","2026-08-13","THURSDAY","1000","EDT","2086","V",2023,"KIA","NIRO","NIRO","SPORT UTILITY VEHICLE","GRAY","FRONT END","MINOR DENT/SCRATCHES","WI","SC","YES","E",85037,"A","[PREMIUM]",20186.23,"0","FRONT WHEEL DRIVE","AUTOMATIC","ELECTRIC",0,"DEFAULT","On Minimum Bid","[PREMIUM]",,"EAST GRANBY","CT","06026 9765","USA","USD","[PREMIUM]","[PREMIUM]","A010",false,"[PREMIUM]","WIND",true,false,"[PREMIUM]",,,,,,,,"[PREMIUM]"
"63295406","2026-08-06 20:55:29.522","2026-08-17 03:02:52.449","63295406","2026-08-12 20:27:59.000","[PREMIUM]","838","RENTAL VEHICLE SALE","2026-08-17","MONDAY","1200","EDT","0","V",2025,"JEEP","COMPASS","COMPASS","SPORT UTILITY VEHICLE","BLUE","FRONT END","MINOR DENT/SCRATCHES","NY","ST","YES","E",12144,"A","[PREMIUM]",19006.55,"2.0L 4","4X4 W/FRONT WHL DRV","AUTOMATIC","GAS",4,"DEFAULT","On Minimum Bid","[PREMIUM]",,"EAST GRANBY","CT","06026 9765","USA","USD","[PREMIUM]","[PREMIUM]","C030",false,"[PREMIUM]","LIMITED",true,false,"[PREMIUM]",,,,,,,,"[PREMIUM]"
"63119616","2026-08-06 20:55:29.387","2026-08-12 08:33:17.273","63119616","2026-08-06 19:04:20.000","[PREMIUM]","350","CT - HARTFORD SPRINGFIELD","2026-08-13","THURSDAY","1000","EDT","0","V",2003,"NISSAN","ALTIMA","ALTIMA","SEDAN","GOLD","FRONT END","MINOR DENT/SCRATCHES","CT","SB","YES","D",81823,"A","[PREMIUM]",7350.39,"2.5L 4","FRONT WHEEL DRIVE","AUTOMATIC","GAS",4,"Run & Drive Verified","Pure Sale","[PREMIUM]",,"EAST GRANBY","CT","06026 9765","USA","USD","[PREMIUM]","[PREMIUM]","B010",false,"[PREMIUM]","2.5",false,false,"[PREMIUM]",,,,,,,,"[PREMIUM]"
"62834496","2026-08-06 20:55:29.245","2026-08-13 14:31:25.843","62834496","2026-08-12 18:58:10.000","[PREMIUM]","350","CT - HARTFORD SPRINGFIELD","2026-08-13","THURSDAY","1000","EDT","190","V",2016,"VOLVO","XC90","XC90","4DR SPORT UTILITY","SILVER","MECHANICAL","MINOR DENT/SCRATCHES","CT","ST","YES","D",146770,"A","[PREMIUM]",7208.74,"2.0L 4","ALL WHEEL DRIVE","AUTOMATIC","GAS",4,"Run & Drive Verified","On Minimum Bid","[PREMIUM]","WITH CORRECTION LETTER      ","EAST GRANBY","CT","06026 9765","USA","USD","[PREMIUM]","[PREMIUM]","G040",false,"[PREMIUM]","T6",false,false,"[PREMIUM]",,,,,,,,"[PREMIUM]"
"62848416","2026-08-06 20:55:29.235","2026-08-13 14:31:25.864","62848416","2026-08-12 20:59:13.000","[PREMIUM]","350","CT - HARTFORD SPRINGFIELD","2026-08-13","THURSDAY","1000","EDT","3019","V",2020,"KIA","RIO","RIO","SEDAN","BLUE","FRONT END","MINOR DENT/SCRATCHES","CT","ST","YES","D",64900,"A","[PREMIUM]",9287.9,"1.6L 4","FRONT WHEEL DRIVE","AUTOMATIC","GAS",4,"Run & Drive Verified","Pure Sale","[PREMIUM]",,"EAST GRANBY","CT","06026 9765","USA","USD","[PREMIUM]","[PREMIUM]","P040",false,"[PREMIUM]","S",false,false,"[PREMIUM]",,,,,,,,"[PREMIUM]"
"62806216","2026-08-06 20:55:29.177","2026-08-13 14:31:25.791","62806216","2026-08-12 18:58:10.000","[PREMIUM]","350","CT - HARTFORD SPRINGFIELD","2026-08-13","THURSDAY","1000","EDT","2076","V",2015,"NISSAN","ALTIMA","ALTIMA","SEDAN","BLACK","REAR END","SIDE","CT","ST","YES","S",137434,"A","[PREMIUM]",12077,"2.5L 4","FRONT WHEEL DRIVE","AUTOMATIC","GAS",4,"Vehicle Starts","Pure Sale","[PREMIUM]",,"EAST GRANBY","CT","06026 9765","USA","USD","[PREMIUM]","[PREMIUM]","Q040",false,"[PREMIUM]","2.5 SV",false,false,"[PREMIUM]",,,,,,,,"[PREMIUM]"
"62736706","2026-08-06 20:55:29.135","2026-08-13 14:31:25.743","62736706","2026-08-12 20:59:14.000","[PREMIUM]","350","CT - HARTFORD SPRINGFIELD","2026-08-13","THURSDAY","1000","EDT","3187","V",2022,"LINCOLN","CORSAIR","CORSAIR","SPORT UTILITY VEHICLE","MAROON","FRONT END","MINOR DENT/SCRATCHES","MA","ST","YES","D",48279,"A","[PREMIUM]",22610,"2.0L 4","ALL WHEEL DRIVE","AUTOMATIC","GAS",4,"Run & Drive Verified","On Minimum Bid","[PREMIUM]",,"EAST GRANBY","CT","06026 9765","USA","USD","[PREMIUM]","[PREMIUM]","K040",false,"[PREMIUM]",,false,false,"[PREMIUM]",,,,,,,,"[PREMIUM]"
"62571946","2026-08-06 20:55:29.122","2026-08-12 08:33:17.012","62571946","2026-08-06 18:12:58.000","[PREMIUM]","350","CT - HARTFORD SPRINGFIELD","2026-08-13","THURSDAY","1000","EDT","0","V",2004,"HONDA","CRV","CR-V","4DR SPORT UTILITY","BLUE","ALL OVER",,"MA","ST","NO","E",0,"E","[PREMIUM]",27450.57,"2.4L 4","ALL WHEEL DRIVE","AUTOMATIC","GAS",4,"DEFAULT","Pure Sale","[PREMIUM]",,"EAST GRANBY","CT","06026 9765","USA","USD","[PREMIUM]","[PREMIUM]","S030",false,"[PREMIUM]","EX",false,false,"[PREMIUM]",,,,,,,,"[PREMIUM]"
"62577006","2026-08-06 20:55:29.095","2026-08-13 14:31:25.693","62577006","2026-08-12 20:59:13.000","[PREMIUM]","350","CT - HARTFORD SPRINGFIELD","2026-08-13","THURSDAY","1000","EDT","3097","V",2011,"INFINITI","G37","G37 SEDAN","SEDAN","BLUE","FRONT END","SIDE","MA","ST","YES","D",73336,"A","[PREMIUM]",11767,"3.7L 6","ALL WHEEL DRIVE","AUTOMATIC","GAS",6,"Run & Drive Verified","Pure Sale","[PREMIUM]",,"EAST GRANBY","CT","06026 9765","USA","USD","[PREMIUM]","[PREMIUM]","K030",false,"[PREMIUM]","X",false,false,"[PREMIUM]",,,,,,,,"[PREMIUM]"
"62413966","2026-08-06 20:55:28.943","2026-08-12 08:33:16.847","62413966","2026-08-06 16:07:41.000","[PREMIUM]","350","CT - HARTFORD SPRINGFIELD","2026-08-13","THURSDAY","1000","EDT","0","V",2019,"MITSUBISHI","MIRAGE","MIRAGE","SEDAN","WHITE","FRONT END","MECHANICAL","MA","ST","YES","S",127126,"A","[PREMIUM]",6905,"1.2L 3","FRONT WHEEL DRIVE","AUTOMATIC","GAS",3,"Vehicle Starts","Pure Sale","[PREMIUM]",,"EAST GRANBY","CT","06026 9765","USA","USD","[PREMIUM]","[PREMIUM]","A010",false,"[PREMIUM]","G4 ES",false,false,"[PREMIUM]",,,,,,,,"[PREMIUM]"
"62396206","2026-08-06 20:55:28.869","2026-08-13 14:31:25.438","62396206","2026-08-12 18:58:10.000","[PREMIUM]","350","CT - HARTFORD SPRINGFIELD","2026-08-13","THURSDAY","1000","EDT","3186","V",2014,"TOYOTA","CAMRY","CAMRY","SEDAN","GRAY","FRONT END","REAR END","MA","ST","YES","D",193205,"A","[PREMIUM]",8818,"2.5L 4","FRONT WHEEL DRIVE","AUTOMATIC","GAS",4,"Run & Drive Verified","Pure Sale","[PREMIUM]",,"EAST GRANBY","CT","06026 9765","USA","USD","[PREMIUM]","[PREMIUM]","P010",false,"[PREMIUM]","SE",false,false,"[PREMIUM]",,,,,,,,"[PREMIUM]"
"62394376","2026-08-06 20:55:28.865","2026-08-13 14:31:25.423","62394376","2026-08-12 20:59:14.000","[PREMIUM]","350","CT - HARTFORD SPRINGFIELD","2026-08-13","THURSDAY","1000","EDT","3135","V",2011,"HONDA","CRV","CR-V","4DR SPORT UTILITY","BLUE","FRONT END","UNDERCARRIAGE","CT","ST","YES","D",172877,"A","[PREMIUM]",0,"2.4L 4","ALL WHEEL DRIVE","AUTOMATIC","GAS",4,"Run & Drive Verified","Pure Sale","[PREMIUM]",,"EAST GRANBY","CT","06026 9765","USA","USD","[PREMIUM]","[PREMIUM]","P050",false,"[PREMIUM]","SE",false,false,"[PREMIUM]",,,,,,,,"[PREMIUM]"
"62344076","2026-08-06 20:55:28.863","2026-08-13 14:31:25.430","62344076","2026-08-12 21:06:08.000","[PREMIUM]","350","CT - HARTFORD SPRINGFIELD","2026-08-13","THURSDAY","1000","EDT","238","V",2022,"TOYOTA","TACOMA","TACOMA","PICKUP","BLACK","FRONT END","MINOR DENT/SCRATCHES","ME","ST","YES","D",51204,"A","[PREMIUM]",25724,"3.5L 6","FOUR BY FOUR","AUTOMATIC","GAS",6,"Run & Drive Verified","On Minimum Bid","[PREMIUM]",,"EAST GRANBY","CT","06026 9765","USA","USD","[PREMIUM]","[PREMIUM]","R050",false,"[PREMIUM]","SR5 V6",false,false,"[PREMIUM]",,,,,,,,"[PREMIUM]"
"62312866","2026-08-06 20:55:28.802","2026-08-13 14:31:25.420","62312866","2026-08-12 18:58:10.000","[PREMIUM]","350","CT - HARTFORD SPRINGFIELD","2026-08-13","THURSDAY","1000","EDT","3226","V",2011,"ACURA","MDX","MDX","4DR SPORT UTILITY","BLACK","FRONT END","MINOR DENT/SCRATCHES","MA","ST","YES","D",190876,"A","[PREMIUM]",4962.47,"3.7L 6","ALL WHEEL DRIVE","AUTOMATIC","GAS",6,"Run & Drive Verified","Pure Sale","[PREMIUM]",,"EAST GRANBY","CT","06026 9765","USA","USD","[PREMIUM]","[PREMIUM]","P010",false,"[PREMIUM]",,false,false,"[PREMIUM]",,,,,,,,"[PREMIUM]"
"62319466","2026-08-06 20:55:28.793","2026-08-13 02:34:44.961","62319466","2026-08-12 18:58:10.000","[PREMIUM]","350","CT - HARTFORD SPRINGFIELD","2026-08-13","THURSDAY","1000","EDT","2110","V",2021,"BMW","X3","X3","SPORT UTILITY VEHICLE","SILVER","MECHANICAL","MINOR DENT/SCRATCHES","VT","ST","YES","D",94062,"A","[PREMIUM]",35138.47,"2.0L 4","ALL WHEEL DRIVE","AUTOMATIC","ELECTRIC AND GAS HYBRID",4,"Run & Drive Verified","On Minimum Bid","[PREMIUM]",,"EAST GRANBY","CT","06026 9765","USA","USD","[PREMIUM]","[PREMIUM]","P010",false,"[PREMIUM]","XDRIVE30E",false,false,"[PREMIUM]",,,,,,,,"[PREMIUM]"
"62268286","2026-08-06 20:55:28.777","2026-08-13 14:31:25.323","62268286","2026-08-12 18:58:10.000","[PREMIUM]","350","CT - HARTFORD SPRINGFIELD","2026-08-13","THURSDAY","1000","EDT","2106","V",2013,"HONDA","CRV","CR-V","4DR SPORT UTILITY","BURGUNDY","REAR END","MINOR DENT/SCRATCHES","MA","ST","YES","D",222841,"A","[PREMIUM]",8933,"2.4L 4","ALL WHEEL DRIVE","AUTOMATIC","GAS",4,"Run & Drive Verified","Pure Sale","[PREMIUM]",,"EAST GRANBY","CT","06026 9765","USA","USD","[PREMIUM]","[PREMIUM]","H020",false,"[PREMIUM]","LX",false,false,"[PREMIUM]",,,,,,,,"[PREMIUM]"
"62072666","2026-08-06 20:55:28.713","2026-08-13 14:31:25.240","62072666","2026-08-12 18:58:10.000","[PREMIUM]","350","CT - HARTFORD SPRINGFIELD","2026-08-13","THURSDAY","1000","EDT","3166","V",2013,"HYUNDAI","ELANTRA","ELANTRA","SEDAN","BLUE","VANDALISM","MINOR DENT/SCRATCHES","MA","ST","YES","D",168107,"A","[PREMIUM]",5069,"1.8L 4","FRONT WHEEL DRIVE","AUTOMATIC","GAS",4,"Run & Drive Verified","Pure Sale","[PREMIUM]",,"EAST GRANBY","CT","06026 9765","USA","USD","[PREMIUM]","[PREMIUM]","H030",false,"[PREMIUM]","GLS",false,false,"[PREMIUM]",,,,,,,,"[PREMIUM]"
"62165656","2026-08-06 20:55:28.697","2026-08-13 14:31:25.280","62165656","2026-08-12 18:58:10.000","[PREMIUM]","350","CT - HARTFORD SPRINGFIELD","2026-08-13","THURSDAY","1000","EDT","2056","V",2017,"NISSAN","ROGUE","ROGUE","WAGON","SILVER","FRONT END","MINOR DENT/SCRATCHES","CT","ST","YES","D",86598,"A","[PREMIUM]",14696.04,"2.5L 4","ALL WHEEL DRIVE","AUTOMATIC","GAS",4,"Run & Drive Verified","Pure Sale","[PREMIUM]",,"EAST GRANBY","CT","06026 9765","USA","USD","[PREMIUM]","[PREMIUM]","K040",false,"[PREMIUM]","SV",false,false,"[PREMIUM]",,,,,,,,"[PREMIUM]"
"61779986","2026-08-06 20:55:28.603","2026-08-13 14:31:25.091","61779986","2026-08-12 18:58:10.000","[PREMIUM]","350","CT - HARTFORD SPRINGFIELD","2026-08-13","THURSDAY","1000","EDT","2116","V",2015,"HONDA","CRV","CR-V","4DR SPORT UTILITY","SILVER","FRONT END","MINOR DENT/SCRATCHES","MA","ST","YES","D",165973,"A","[PREMIUM]",9515.67,"2.4L 4","ALL WHEEL DRIVE","AUTOMATIC","GAS",4,"Run & Drive Verified","Pure Sale","[PREMIUM]","WITH CORRECTION LETTER      ","EAST GRANBY","CT","06026 9765","USA","USD","[PREMIUM]","[PREMIUM]","J030",false,"[PREMIUM]","LX",false,false,"[PREMIUM]",,,,,,,,"[PREMIUM]"
"61513426","2026-08-06 20:55:28.388","2026-08-13 14:31:24.641","61513426","2026-08-12 18:58:10.000","[PREMIUM]","350","CT - HARTFORD SPRINGFIELD","2026-08-13","THURSDAY","1000","EDT","110","V",2023,"NISSAN","SENTRA","SENTRA","SEDAN","WHITE","SIDE","MINOR DENT/SCRATCHES","CT","ST","YES","D",21997,"A","[PREMIUM]",16258.43,"2.0L 4","FRONT WHEEL DRIVE","AUTOMATIC","GAS",4,"Run & Drive Verified","On Minimum Bid","[PREMIUM]",,"EAST GRANBY","CT","06026 9765","USA","USD","[PREMIUM]","[PREMIUM]","H020",false,"[PREMIUM]","SR",false,false,"[PREMIUM]",,,,,,,,"[PREMIUM]"
"61025986","2026-08-06 20:55:28.235","2026-08-13 14:31:24.290","61025986","2026-08-12 20:59:14.000","[PREMIUM]","350","CT - HARTFORD SPRINGFIELD","2026-08-13","THURSDAY","1000","EDT","3197","V",2016,"TOYOTA","COROLLA","COROLLA","SEDAN","RED","ALL OVER",,"CT","ST","YES","D",75976,"A","[PREMIUM]",9981,"1.8L 4","FRONT WHEEL DRIVE","AUTOMATIC","GAS",4,"Run & Drive Verified","On Minimum Bid","[PREMIUM]",,"EAST GRANBY","CT","06026 9765","USA","USD","[PREMIUM]","[PREMIUM]","J030",false,"[PREMIUM]","LE PLUS",false,false,"[PREMIUM]",,,,,,,,"[PREMIUM]"
"60798086","2026-08-06 20:55:28.168","2026-08-13 14:31:24.158","60798086","2026-08-12 21:32:10.000","[PREMIUM]","841","CRASHEDTOYS POWERSPORT AUCTION","2026-08-13","THURSDAY","1200","CDT","4023","C",2009,"YAMAHA","FZ600-800","FZ6","RACER","BLACK","ALL OVER",,"CT","ST","NO","E",0,"E","[PREMIUM]",7995.17,"4",,"MANUAL",,4,"DEFAULT","Pure Sale","[PREMIUM]",,"EAST GRANBY","CT","06026 9765","USA","USD","[PREMIUM]","[PREMIUM]","MC",false,"[PREMIUM]","R",false,false,"[PREMIUM]",,,,,,,,"[PREMIUM]"
"60754666","2026-08-06 20:55:28.116","2026-08-13 14:31:24.107","60754666","2026-08-12 18:50:34.000","[PREMIUM]","350","CT - HARTFORD SPRINGFIELD","2026-08-13","THURSDAY","1000","EDT","2020","V",2008,"FORD","F350","F350","CREW PICKUP","BLACK","SIDE","MINOR DENT/SCRATCHES","MA","ST","YES","D",143462,"A","[PREMIUM]",8255.68,"6.8L 10","4X4 W/REAR WHEEL DRV","AUTOMATIC","GAS",10,"Run & Drive Verified","Pure Sale","[PREMIUM]",,"EAST GRANBY","CT","06026 9765","USA","USD","[PREMIUM]","[PREMIUM]","E010",false,"[PREMIUM]","SRW SUPER DUTY",false,false,"[PREMIUM]",,,,,,,,"[PREMIUM]"
"60671026","2026-08-06 20:55:28.107","2026-08-13 14:31:24.094","60671026","2026-08-12 18:58:10.000","[PREMIUM]","350","CT - HARTFORD SPRINGFIELD","2026-08-13","THURSDAY","1000","EDT","3246","V",2022,"AUDI","A4","A4","SEDAN","WHITE","FRONT END","MINOR DENT/SCRATCHES","CT","ST","YES","D",46941,"A","[PREMIUM]",22005.79,"2.0L 4","ALL WHEEL DRIVE","AUTOMATIC","GAS",4,"Run & Drive Verified","Pure Sale","[PREMIUM]",,"EAST GRANBY","CT","06026 9765","USA","USD","[PREMIUM]","[PREMIUM]","A010",false,"[PREMIUM]","PREMIUM PLUS 45",false,false,"[PREMIUM]",,,,,,,,"[PREMIUM]"
"60255926","2026-08-06 20:55:27.866","2026-08-13 14:31:23.790","60255926","2026-08-12 20:59:22.000","[PREMIUM]","350","CT - HARTFORD SPRINGFIELD","2026-08-13","THURSDAY","1000","EDT","3275","V",2018,"FORD","TAURUS","TAURUS","SEDAN","BLUE","FRONT END","MINOR DENT/SCRATCHES","MA","ST","YES","D",104639,"A","[PREMIUM]",17745.14,"3.5L 6","ALL WHEEL DRIVE","AUTOMATIC","GAS",6,"Run & Drive Verified","Pure Sale","[PREMIUM]",,"EAST GRANBY","CT","06026 9765","USA","USD","[PREMIUM]","[PREMIUM]","J040",false,"[PREMIUM]","SHO",false,false,"[PREMIUM]",,,,,,,,"[PREMIUM]"
"60236896","2026-08-06 20:55:27.812","2026-08-13 14:31:23.787","60236896","2026-08-12 18:58:10.000","[PREMIUM]","350","CT - HARTFORD SPRINGFIELD","2026-08-13","THURSDAY","1000","EDT","3206","V",2024,"MAZDA","CX30","CX-30","SPORT UTILITY VEHICLE","BLACK","FRONT END","MINOR DENT/SCRATCHES","CT","ST","YES","S",20368,"A","[PREMIUM]",18282,"2.5L 4","ALL WHEEL DRIVE","AUTOMATIC","GAS",4,"Vehicle Starts","Pure Sale","[PREMIUM]",,"EAST GRANBY","CT","06026 9765","USA","USD","[PREMIUM]","[PREMIUM]","J040",false,"[PREMIUM]","PREFERRED",false,false,"[PREMIUM]",,,,,,,,"[PREMIUM]"
"59608896","2026-08-06 20:55:27.646","2026-08-13 14:31:23.527","59608896","2026-08-12 20:59:11.000","[PREMIUM]","350","CT - HARTFORD SPRINGFIELD","2026-08-13","THURSDAY","1000","EDT","2084","V",2020,"SUBARU","FORESTER","FORESTER","SPORT UTILITY VEHICLE","BLUE","FRONT END","TOP/ROOF","MA","ST","YES","D",83996,"A","[PREMIUM]",14146.64,"2.5L 4","ALL WHEEL DRIVE","AUTOMATIC","GAS",4,"Run & Drive Verified","Pure Sale","[PREMIUM]",,"EAST GRANBY","CT","06026 9765","USA","USD","[PREMIUM]","[PREMIUM]","Q020",false,"[PREMIUM]","SPORT",false,false,"[PREMIUM]",,,,,,,,"[PREMIUM]"
"59625096","2026-08-06 20:55:27.630","2026-08-12 08:33:15.055","59625096","2026-08-06 15:03:02.000","[PREMIUM]","350","CT - HARTFORD SPRINGFIELD","2026-08-13","THURSDAY","1000","EDT","0","V",2005,"HONDA","ACCORD","ACCORD","SEDAN 4DR","RED","FRONT END","REAR END","MA","ST","YES","E",217508,"A","[PREMIUM]",3792.35,"2.4L 4","FRONT WHEEL DRIVE","AUTOMATIC","GAS",4,"DEFAULT","Pure Sale","[PREMIUM]",,"EAST GRANBY","CT","06026 9765","USA","USD","[PREMIUM]","[PREMIUM]","J020",false,"[PREMIUM]","EX",false,false,"[PREMIUM]",,,,,,,,"[PREMIUM]"
"59243516","2026-08-06 20:55:27.581","2026-08-13 14:31:23.339","59243516","2026-08-12 18:58:10.000","[PREMIUM]","350","CT - HARTFORD SPRINGFIELD","2026-08-13","THURSDAY","1000","EDT","3266","V",2011,"HONDA","PILOT","PILOT","4DR SPORT UTILITY","GRAY","SIDE","MINOR DENT/SCRATCHES","MA","ST","YES","D",222294,"A","[PREMIUM]",5176.1,"3.5L 6","ALL WHEEL DRIVE","AUTOMATIC","GAS",6,"Run & Drive Verified","Pure Sale","[PREMIUM]",,"EAST GRANBY","CT","06026 9765","USA","USD","[PREMIUM]","[PREMIUM]","P020",false,"[PREMIUM]","EXL",false,false,"[PREMIUM]",,,,,,,,"[PREMIUM]"
"59357216","2026-08-06 20:55:27.579","2026-08-13 14:31:23.384","59357216","2026-08-12 20:59:14.000","[PREMIUM]","350","CT - HARTFORD SPRINGFIELD","2026-08-13","THURSDAY","1000","EDT","3217","V",2018,"AUDI","Q5","Q5","SPORT UTILITY VEHICLE","BLACK","FRONT END","MINOR DENT/SCRATCHES","MA","ST","YES","D",101703,"A","[PREMIUM]",15631,"2.0L 4","ALL WHEEL DRIVE","AUTOMATIC","GAS",4,"Run & Drive Verified","Pure Sale","[PREMIUM]",,"EAST GRANBY","CT","06026 9765","USA","USD","[PREMIUM]","[PREMIUM]","G030",false,"[PREMIUM]","PREMIUM PLUS",false,false,"[PREMIUM]",,,,,,,,"[PREMIUM]"
"59237456","2026-08-06 20:55:27.515","2026-08-13 14:31:23.348","59237456","2026-08-12 20:59:14.000","[PREMIUM]","350","CT - HARTFORD SPRINGFIELD","2026-08-13","THURSDAY","1000","EDT","3267","V",2020,"NISSAN","ALTIMA","ALTIMA","SEDAN","BLACK","REAR END","UNDERCARRIAGE","MA","ST","YES","D",168709,"A","[PREMIUM]",12222.89,"2.5L 4","FRONT WHEEL DRIVE","AUTOMATIC","GAS",4,"Run & Drive Verified","On Minimum Bid","[PREMIUM]",,"EAST GRANBY","CT","06026 9765","USA","USD","[PREMIUM]","[PREMIUM]","N010",false,"[PREMIUM]","SL",false,false,"[PREMIUM]",,,,,,,,"[PREMIUM]"
"58926296","2026-08-06 20:55:27.472","2026-08-13 14:31:23.127","58926296","2026-08-12 20:59:12.000","[PREMIUM]","350","CT - HARTFORD SPRINGFIELD","2026-08-13","THURSDAY","1000","EDT","2184","V",2023,"KIA","SPORTAGE","SPORTAGE","SPORT UTILITY VEHICLE","GRAY","FRONT END","MINOR DENT/SCRATCHES","CT","ST","YES","D",33446,"A","[PREMIUM]",18602.76,"2.5L 4","ALL WHEEL DRIVE","AUTOMATIC","GAS",4,"Run & Drive Verified","Pure Sale","[PREMIUM]",,"EAST GRANBY","CT","06026 9765","USA","USD","[PREMIUM]","[PREMIUM]","HVY1",false,"[PREMIUM]","SX",false,false,"[PREMIUM]",,,,,,,,"[PREMIUM]"
"58920836","2026-08-06 20:55:27.393","2026-08-13 14:31:23.123","58920836","2026-08-12 18:58:11.000","[PREMIUM]","350","CT - HARTFORD SPRINGFIELD","2026-08-13","THURSDAY","1000","EDT","2302","V",2023,"MERCEDES-BENZ","C-CLASS","C","SEDAN","WHITE","FRONT END","REAR END","CT","ST","YES","D",61101,"A","[PREMIUM]",29741.51,"2.0L 4","ALL WHEEL DRIVE","AUTOMATIC","GAS",4,"Run & Drive Verified","Pure Sale","[PREMIUM]",,"EAST GRANBY","CT","06026 9765","USA","USD","[PREMIUM]","[PREMIUM]","K020",false,"[PREMIUM]","300 4MATIC",false,false,"[PREMIUM]",,,,,,,,"[PREMIUM]"
"58763026","2026-08-06 20:55:27.379","2026-08-13 14:31:23.077","58763026","2026-08-12 18:58:10.000","[PREMIUM]","350","CT - HARTFORD SPRINGFIELD","2026-08-13","THURSDAY","1000","EDT","3346","V",2022,"JEEP","CHEROKEE","GRAND CHEROKEE","SPORT UTILITY VEHICLE","WHITE","ALL OVER","MINOR DENT/SCRATCHES","CT","ST","YES","E",54298,"N","[PREMIUM]",20700.02,"3.6L 6","4X4 W/REAR WHEEL DRV","AUTOMATIC","GAS",6,"DEFAULT","Pure Sale","[PREMIUM]",,"EAST GRANBY","CT","06026 9765","USA","USD","[PREMIUM]","[PREMIUM]","S030",false,"[PREMIUM]","L LAREDO",false,false,"[PREMIUM]",,,,,,,,"[PREMIUM]"
"58360976","2026-08-06 20:55:27.312","2026-08-13 14:31:22.974","58360976","2026-08-12 18:58:10.000","[PREMIUM]","350","CT - HARTFORD SPRINGFIELD","2026-08-13","THURSDAY","1000","EDT","2126","V",2018,"CHEVROLET","SILVERADO","SILVERADO","PICKUP","BLACK","REAR END","UNDERCARRIAGE","CT","ST","YES","S",53518,"A","[PREMIUM]",37262,"6.0L 8","4X4 W/REAR WHEEL DRV","AUTOMATIC","FLEXIBLE",8,"Vehicle Starts","Pure Sale","[PREMIUM]",,"EAST GRANBY","CT","06026 9765","USA","USD","[PREMIUM]","[PREMIUM]","R050",false,"[PREMIUM]","K2500 HEAVY DUTY LT",false,false,"[PREMIUM]",,,,,,,,"[PREMIUM]"
"58378136","2026-08-06 20:55:27.293","2026-08-13 14:31:23.002","58378136","2026-08-12 18:50:34.000","[PREMIUM]","350","CT - HARTFORD SPRINGFIELD","2026-08-13","THURSDAY","1000","EDT","3024","V",2008,"MAZDA","MAZDA3","3","SEDAN 4DR","WHITE","SIDE","MINOR DENT/SCRATCHES","MA","ST","YES","E",173753,"A","[PREMIUM]",3745.04,"2.3L 4","FRONT WHEEL DRIVE","AUTOMATIC","GAS",4,"DEFAULT","Pure Sale","[PREMIUM]",,"EAST GRANBY","CT","06026 9765","USA","USD","[PREMIUM]","[PREMIUM]","N030",false,"[PREMIUM]","S",false,false,"[PREMIUM]",,,,,,,,"[PREMIUM]"
"56659326","2026-08-06 20:55:26.912","2026-08-13 14:31:22.452","56659326","2026-08-12 18:58:10.000","[PREMIUM]","350","CT - HARTFORD SPRINGFIELD","2026-08-13","THURSDAY","1000","EDT","2236","V",2017,"VOLVO","XC90","XC90","4DR SPORT UTILITY","BLACK","WATER/FLOOD","MINOR DENT/SCRATCHES","CT","ST","YES",,115055,"A","[PREMIUM]",20314.25,"2.0L 4","ALL WHEEL DRIVE","AUTOMATIC","GAS",4,,"Pure Sale","[PREMIUM]",,"EAST GRANBY","CT","06026 9765","USA","USD","[PREMIUM]","[PREMIUM]","E080",false,"[PREMIUM]","T6",false,false,"[PREMIUM]",,,,,,,,"[PREMIUM]"
"54925736","2026-08-06 20:55:26.569","2026-08-13 14:31:21.993","54925736","2026-08-12 18:58:10.000","[PREMIUM]","350","CT - HARTFORD SPRINGFIELD","2026-08-13","THURSDAY","1000","EDT","2036","V",2014,"INFINITI","QX60","QX60","SUV","SILVER","REAR END","MINOR DENT/SCRATCHES","CT","ST","YES","D",93133,"A","[PREMIUM]",8771.3,"3.5L 6","ALL WHEEL DRIVE","AUTOMATIC","GAS",6,"Run & Drive Verified","Pure Sale","[PREMIUM]",,"EAST GRANBY","CT","06026 9765","USA","USD","[PREMIUM]","[PREMIUM]","S030",false,"[PREMIUM]","BASE",false,false,"[PREMIUM]",,,,,,,,"[PREMIUM]"
"54641906","2026-08-06 20:55:26.401","2026-08-19 15:02:57.128","54641906","2026-08-12 15:51:30.000","[PREMIUM]","350","CT - HARTFORD SPRINGFIELD","2026-08-20","THURSDAY","1000","EDT","0","V",2023,"HYUNDAI","ELANTRA","ELANTRA","SEDAN","BLACK","REAR END","MINOR DENT/SCRATCHES","ID","SC","YES","D",47021,"A","[PREMIUM]",14390,"2.0L 4","FRONT WHEEL DRIVE","AUTOMATIC","GAS",4,"Run & Drive Verified","Pure Sale","[PREMIUM]",,"EAST GRANBY","CT","06026 9765","USA","USD","[PREMIUM]","[PREMIUM]","B010",false,"[PREMIUM]","SEL",false,false,"[PREMIUM]",,,,,,,,"[PREMIUM]"
"53413296","2026-08-06 20:55:26.208","2026-08-13 14:31:21.665","53413296","2026-08-12 20:59:13.000","[PREMIUM]","350","CT - HARTFORD SPRINGFIELD","2026-08-13","THURSDAY","1000","EDT","3017","V",2023,"NISSAN","FRONTIER","FRONTIER","PICKUP","GRAY","FRONT END","MINOR DENT/SCRATCHES","CT","ST","YES","D",17308,"A","[PREMIUM]",27700.04,"3.8L 6","4X4 W/REAR WHEEL DRV","AUTOMATIC","GAS",6,"Run & Drive Verified","Pure Sale","[PREMIUM]",,"EAST GRANBY","CT","06026 9765","USA","USD","[PREMIUM]","[PREMIUM]","L030",false,"[PREMIUM]","SV",false,false,"[PREMIUM]",,,,,,,,"[PREMIUM]"
"52463166","2026-08-06 20:55:26.037","2026-08-13 14:31:21.417","52463166","2026-08-12 20:59:14.000","[PREMIUM]","350","CT - HARTFORD SPRINGFIELD","2026-08-13","THURSDAY","1000","EDT","3177","V",2014,"HONDA","ACCORD","ACCORD","SEDAN 4DR","WHITE","FRONT END","REAR END","CT","ST","YES","D",165275,"A","[PREMIUM]",8417,"2.4L 4","FRONT WHEEL DRIVE","AUTOMATIC","GAS",4,"Run & Drive Verified","Pure Sale","[PREMIUM]",,"EAST GRANBY","CT","06026 9765","USA","USD","[PREMIUM]","[PREMIUM]","C020",false,"[PREMIUM]","SPORT",false,false,"[PREMIUM]",,,,,,,,"[PREMIUM]"
"62050706","2026-08-06 20:55:24.748","2026-08-11 02:31:05.786","62050706","2026-08-10 21:22:10.000","[PREMIUM]","855","WHOLESALE AUCTION","2026-08-11","TUESDAY","1200","EDT","5325","K",2020,"FORD","TRANSIT","TRANSIT","VAN CARGO","BLUE","MINOR DENT/SCRATCHES",,"FL","CT","YES","D",92082,"A","[PREMIUM]",2042,"3.5L 6","REAR WHEEL DRIVE","AUTOMATIC","GAS",6,"Run & Drive Verified","On Minimum Bid","[PREMIUM]",,"ARCADIA","FL","34269","USA","USD","[PREMIUM]","[PREMIUM]","HV070",false,"[PREMIUM]","T-250",false,true,"[PREMIUM]",,,,,"RED LIGHT",3,"Maintenance,Safety,Other","[PREMIUM]"
"55184346","2026-08-06 20:55:23.610","2026-08-18 09:02:59.234","55184346","2026-08-18 08:00:07.000","[PREMIUM]","348","FL - PUNTA GORDA","2026-08-18","TUESDAY","1000","EDT","91","V",2023,"KIA","ALL OTHER","EV6","WAGON","RED","FRONT END","SIDE","ID","SC","YES","D",111901,"A","[PREMIUM]",20025,"0.0L 0","REAR WHEEL DRIVE","AUTOMATIC","ELECTRIC",0,"Run & Drive Verified","Pure Sale","[PREMIUM]",,"ARCADIA","FL","34269","USA","USD","[PREMIUM]","[PREMIUM]","A040",false,"[PREMIUM]","WIND",false,false,"[PREMIUM]",,,,,,,,"[PREMIUM]"
"51439436","2026-08-06 20:55:23.361","2026-08-18 09:02:59.092","51439436","2026-08-18 08:00:07.000","[PREMIUM]","348","FL - PUNTA GORDA","2026-08-18","TUESDAY","1000","EDT","63","V",2025,"KIA","ALL OTHER","K4","SEDAN","CHARCOAL","SIDE","FRONT END","ID","SC","YES","D",29963,"A","[PREMIUM]",13809,"2.0L 4","FRONT WHEEL DRIVE","AUTOMATIC","GAS",4,"Run & Drive Verified","Pure Sale","[PREMIUM]",,"ARCADIA","FL","34269","USA","USD","[PREMIUM]","[PREMIUM]","N030",false,"[PREMIUM]","EX",false,false,"[PREMIUM]",,,,,,,,"[PREMIUM]"
"48114586","2026-08-06 20:55:23.258","2026-08-11 02:31:04.128","48114586","2026-08-10 19:41:48.000","[PREMIUM]","348","FL - PUNTA GORDA","2026-08-11","TUESDAY","1000","EDT","0","V",2013,"FORD","FLEX","FLEX","4DR SPORT UTILITY","WHITE","FRONT END",,"FL","RB","YES","S",206398,"A","[PREMIUM]",3840,"3.5L 6","FRONT WHEEL DRIVE","AUTOMATIC","GAS",6,"Vehicle Starts","Pure Sale","[PREMIUM]",,"ARCADIA","FL","34269","USA","USD","[PREMIUM]","[PREMIUM]","N100",false,"[PREMIUM]","SEL",false,false,"[PREMIUM]",,,,,,,,"[PREMIUM]"
"48020446","2026-08-06 20:55:23.242","2026-08-11 02:31:04.142","48020446","2026-08-06 15:02:43.000","[PREMIUM]","348","FL - PUNTA GORDA","2026-08-11","TUESDAY","1000","EDT","0","V",2017,"MERCEDES-BENZ","S-CLASS","S","SEDAN 4DR","BLACK","SIDE","REAR END","FL","RB","YES","D",0,"N","[PREMIUM]",24936,"4.6L 8","ALL WHEEL DRIVE","AUTOMATIC","GAS",8,"Run & Drive Verified","Pure Sale","[PREMIUM]",,"ARCADIA","FL","34269","USA","USD","[PREMIUM]","[PREMIUM]","G080",false,"[PREMIUM]","550 4MATIC",false,false,"[PREMIUM]",,,,,,,,"[PREMIUM]"
"63922466","2026-08-06 20:55:23.130","2026-08-20 17:43:25.877","63922466","2026-08-19 21:52:05.000","[PREMIUM]","345","KY - EARLINGTON","2026-08-27","THURSDAY","1200","CDT","0","V",2016,"HONDA","FIT","FIT","HATCHBACK 4DR","WHITE","SIDE","REAR END","KY","ST","YES","S",65863,"A","[PREMIUM]",11244.88,"1.5L 4","FRONT WHEEL DRIVE","AUTOMATIC","GAS",4,"Vehicle Starts","On Minimum Bid","[PREMIUM]",,"EARLINGTON","KY","42410","USA","USD","[PREMIUM]","[PREMIUM]","G030",false,"[PREMIUM]","EX",false,false,"[PREMIUM]",,,,,,,,"[PREMIUM]"
"64014156","2026-08-06 20:55:23.124","2026-08-13 14:31:18.602","64014156","2026-08-13 11:00:10.000","[PREMIUM]","345","KY - EARLINGTON","2026-08-13","THURSDAY","1200","CDT","813","N",1998,"CATERPILLAR","ALL Models","312BL",,"YELLOW","BURN",,"KY","BS","NO",,0,"N","[PREMIUM]",0,,,,,,,"Pure Sale","[PREMIUM]",,"EARLINGTON","KY","42410","USA","USD","[PREMIUM]","[PREMIUM]","*OFF",false,"[PREMIUM]",,false,false,"[PREMIUM]","660 COUNTY HWY 19","IL","ELLERY","62833",,,,"[PREMIUM]"
"64321576","2026-08-06 20:55:23.121","2026-08-20 17:43:25.996","64321576","2026-08-20 11:00:05.000","[PREMIUM]","345","KY - EARLINGTON","2026-08-20","THURSDAY","1200","CDT","33","V",2015,"DODGE","CARAVAN","GRAND CARAVAN","SPORTS VAN","RED","MINOR DENT/SCRATCHES",,"KY","CT","YES","D",206335,"A","[PREMIUM]",0,"3.6L 6","FRONT WHEEL DRIVE","AUTOMATIC","FLEXIBLE",6,"Run & Drive Verified","On Minimum Bid","[PREMIUM]",,"EARLINGTON","KY","42410","USA","USD","[PREMIUM]","[PREMIUM]","D070",false,"[PREMIUM]","SE",false,false,"[PREMIUM]",,,,,,,,"[PREMIUM]"
"63574466","2026-08-06 20:55:23.070","2026-08-20 17:43:25.699","63574466","2026-08-06 20:10:47.000","[PREMIUM]","345","KY - EARLINGTON",,,,"CDT","0","V",1998,"FORD","ALL Models","MUSTANG","COUPE","BLACK","FRONT END","MINOR DENT/SCRATCHES","KY","ST","EXM","E",230106,"N","[PREMIUM]",0,"3.8L 6","REAR WHEEL DRIVE","AUTOMATIC","GAS",6,"DEFAULT","Pure Sale","[PREMIUM]",,"EARLINGTON","KY","42410","USA","USD","[PREMIUM]","[PREMIUM]","B060",false,"[PREMIUM]",,false,false,"[PREMIUM]",,,,,,,,"[PREMIUM]"
"63558946","2026-08-06 20:55:23.066","2026-08-20 17:43:25.722","63558946","2026-08-17 15:49:30.000","[PREMIUM]","345","KY - EARLINGTON",,,,"CDT","0","V",2006,"CADILLAC","DTS","DTS","SEDAN 4DR","WHITE","REAR END","MINOR DENT/SCRATCHES","KY","ST","YES","D",208705,"A","[PREMIUM]",7654.24,"4.6L 8","FRONT WHEEL DRIVE","AUTOMATIC","GAS",8,"Run & Drive Verified","Pure Sale","[PREMIUM]",,"EARLINGTON","KY","42410","USA","USD","[PREMIUM]","[PREMIUM]","D120",false,"[PREMIUM]",,false,false,"[PREMIUM]",,,,,,,,"[PREMIUM]"
"60808196","2026-08-06 20:55:22.401","2026-08-20 17:43:24.217","60808196","2026-08-19 18:19:01.000","[PREMIUM]","345","KY - EARLINGTON","2026-08-27","THURSDAY","1200","CDT","0","V",2019,"FORD","F150","F150","PICKUP","BURGUNDY","REAR END",,"IN","ST","YES","D",109376,"A","[PREMIUM]",0,"2.7L 6","4X4 W/REAR WHEEL DRV","AUTOMATIC","GAS",6,"Run & Drive Verified","On Minimum Bid","[PREMIUM]",,"EARLINGTON","KY","42410","USA","USD","[PREMIUM]","[PREMIUM]","E040",false,"[PREMIUM]","SUPERCREW",false,false,"[PREMIUM]",,,,,,,,"[PREMIUM]"
"58428826","2026-08-06 20:55:21.828","2026-08-20 17:43:23.334","58428826","2026-08-19 21:16:35.000","[PREMIUM]","345","KY - EARLINGTON","2026-08-27","THURSDAY","1200","CDT","0","V",2013,"TOYOTA","PRIUS","PRIUS","HATCHBACK","BLUE","FRONT END",,"KY","ST","YES","D",149555,"A","[PREMIUM]",4812.72,"1.8L 4","FRONT WHEEL DRIVE","AUTOMATIC","ELECTRIC AND GAS HYBRID",4,"Run & Drive Verified","Pure Sale","[PREMIUM]",,"EARLINGTON","KY","42410","USA","USD","[PREMIUM]","[PREMIUM]","B020",false,"[PREMIUM]","FOUR",false,false,"[PREMIUM]",,,,,,,,"[PREMIUM]"
"57384036","2026-08-06 20:55:21.633","2026-08-20 17:43:23.039","57384036","2026-08-06 20:10:47.000","[PREMIUM]","345","KY - EARLINGTON",,,,"CDT","0","V",2020,"CHRYSLER","PACIFICA","PACIFICA","VAN PASSENGER","GRAY","SIDE","FRONT END","KY","ST","YES","D",145479,"A","[PREMIUM]",15582.7,"3.6L 6","FRONT WHEEL DRIVE","AUTOMATIC","FLEXIBLE",6,"Run & Drive Verified","Pure Sale","[PREMIUM]",,"EARLINGTON","KY","42410","USA","USD","[PREMIUM]","[PREMIUM]","D060",false,"[PREMIUM]","LIMITED",false,false,"[PREMIUM]",,,,,,,,"[PREMIUM]"
"56660476","2026-08-06 20:55:21.475","2026-08-20 17:43:22.755","56660476","2026-08-08 14:27:13.000","[PREMIUM]","345","KY - EARLINGTON",,,,"CDT","0","V",2018,"FORD","FUSION","FUSION","SEDAN","WHITE","FRONT END",,"KY","ST","YES","S",16286,"A","[PREMIUM]",16012.91,"1.5L 4","FRONT WHEEL DRIVE","AUTOMATIC","GAS",4,"Vehicle Starts","Pure Sale","[PREMIUM]",,"EARLINGTON","KY","42410","USA","USD","[PREMIUM]","[PREMIUM]","G040",false,"[PREMIUM]","SE",false,false,"[PREMIUM]",,,,,,,,"[PREMIUM]"
"55380016","2026-08-06 20:55:21.226","2026-08-13 14:31:15.919","55380016","2026-08-13 11:00:10.000","[PREMIUM]","345","KY - EARLINGTON","2026-08-13","THURSDAY","1200","CDT","2068","V",2017,"NISSAN","QUEST","QUEST","MINI-VAN","WHITE","REAR END","FRONT END","KY","BS","YES","D",159867,"A","[PREMIUM]",5004,"3.5L 6","FRONT WHEEL DRIVE","AUTOMATIC","GAS",6,"Run & Drive Verified","Pure Sale","[PREMIUM]",,"EARLINGTON","KY","42410","USA","USD","[PREMIUM]","[PREMIUM]","F030",false,"[PREMIUM]","SV",false,false,"[PREMIUM]",,,,,,,,"[PREMIUM]"
"53536756","2026-08-06 20:55:21.099","2026-08-20 17:43:22.367","53536756","2026-08-20 11:00:05.000","[PREMIUM]","345","KY - EARLINGTON","2026-08-20","THURSDAY","1200","CDT","2519","V",2025,"KIA","ALL OTHER","K4","SEDAN","GRAY","FRONT END","REAR END","ID","SC","EXM","E",0,"N","[PREMIUM]",40292,"2.0L 4","FRONT WHEEL DRIVE","AUTOMATIC","GAS",4,"DEFAULT","Pure Sale","[PREMIUM]",,"EARLINGTON","KY","42410","USA","USD","[PREMIUM]","[PREMIUM]","D080",false,"[PREMIUM]","LX",false,false,"[PREMIUM]",,,,,,,,"[PREMIUM]"
"52676096","2026-08-06 20:55:21.019","2026-08-13 14:31:15.649","52676096","2026-08-13 11:00:10.000","[PREMIUM]","345","KY - EARLINGTON","2026-08-13","THURSDAY","1200","CDT","2504","V",2017,"HYUNDAI","SONATA","SONATA","SEDAN","BLACK","FRONT END",,"KY","BS","NO","E",0,"N","[PREMIUM]",5173.94,"2.4L 4","FRONT WHEEL DRIVE","AUTOMATIC","GAS",4,"DEFAULT","Pure Sale","[PREMIUM]",,"EARLINGTON","KY","42410","USA","USD","[PREMIUM]","[PREMIUM]","A120",false,"[PREMIUM]","LIMITED",false,false,"[PREMIUM]",,,,,,,,"[PREMIUM]"
"50963016","2026-08-06 20:55:20.960","2026-08-20 17:43:22.225","50963016","2026-08-06 20:10:47.000","[PREMIUM]","345","KY - EARLINGTON",,,,"CDT","0","V",2018,"NISSAN","ALTIMA","ALTIMA","SEDAN","SILVER","SIDE","FRONT END","KY","ST","YES","D",83525,"X","[PREMIUM]",0,"2.5L 4","FRONT WHEEL DRIVE","AUTOMATIC","GAS",4,"Run & Drive Verified","Pure Sale","[PREMIUM]",,"EARLINGTON","KY","42410","USA","USD","[PREMIUM]","[PREMIUM]","E140",false,"[PREMIUM]","2.5 S",false,false,"[PREMIUM]",,,,,,,,"[PREMIUM]"
"51111326","2026-08-06 20:55:20.950","2026-08-20 17:43:22.217","51111326","2026-08-20 11:00:05.000","[PREMIUM]","345","KY - EARLINGTON","2026-08-20","THURSDAY","1200","CDT","70","V",2018,"HONDA","CIVIC","CIVIC","SEDAN","CHARCOAL","FRONT END","TOP/ROOF","TN","SC","YES","D",103180,"A","[PREMIUM]",7259.37,"2.0L 4","FRONT WHEEL DRIVE","AUTOMATIC","GAS",4,"Run & Drive Verified","Pure Sale","[PREMIUM]",,"EARLINGTON","KY","42410","USA","USD","[PREMIUM]","[PREMIUM]","G020",false,"[PREMIUM]","EX",false,false,"[PREMIUM]",,,,,,,,"[PREMIUM]"
"48500256","2026-08-06 20:55:20.850","2026-08-20 17:43:22.077","48500256","2026-08-06 20:10:47.000","[PREMIUM]","345","KY - EARLINGTON",,,,"CDT","0","V",2021,"CHEVROLET","ALL Models","SILVERADO","PICKUP","GRAY","BURN - ENGINE",,"KY","ST","YES","E",0,"N","[PREMIUM]",18746,"5.3L 8","4X4 W/REAR WHEEL DRV","AUTOMATIC","GAS",8,"DEFAULT","Pure Sale","[PREMIUM]",,"EARLINGTON","KY","42410","USA","USD","[PREMIUM]","[PREMIUM]","REC",false,"[PREMIUM]","K1500 LT",false,false,"[PREMIUM]",,,,,,,,"[PREMIUM]"
"48251466","2026-08-06 20:55:20.842","2026-08-13 14:31:15.403","48251466","2026-08-13 11:00:10.000","[PREMIUM]","345","KY - EARLINGTON","2026-08-13","THURSDAY","1200","CDT","2555","V",2014,"JEEP","CHEROKEE","GRAND CHEROKEE","4DR SPORT UTILITY","BLACK","FRONT END","SIDE","KY","BS","YES","E",153905,"A","[PREMIUM]",15741.18,"3.6L 6","4X4 W/REAR WHEEL DRV","AUTOMATIC","FLEXIBLE",6,"DEFAULT","Pure Sale","[PREMIUM]",,"EARLINGTON","KY","42410","USA","USD","[PREMIUM]","[PREMIUM]","E100",false,"[PREMIUM]","LIMITED",false,false,"[PREMIUM]",,,,,,,,"[PREMIUM]"
"79715295","2026-08-06 20:55:20.797","2026-08-09 20:56:08.925","79715295","2026-08-07 20:43:53.000","[PREMIUM]","344","NY - BUFFALO","2026-08-10","MONDAY","1000","EDT","2058","V",2021,"HYUNDAI","ELANTRA","ELANTRA","SEDAN","WHITE","FRONT END","MINOR DENT/SCRATCHES","NJ","SC","NO",,0,"N","[PREMIUM]",0,"2.0L 4","FRONT WHEEL DRIVE","AUTOMATIC","GAS",4,,"Pure Sale","[PREMIUM]","Airbags deployed cracked windshield.","ANGOLA","NY","14006 9726","USA","USD","[PREMIUM]","[PREMIUM]","C050",false,"[PREMIUM]","SEL",false,false,"[PREMIUM]",,,,,,,,"[PREMIUM]"
"96440425","2026-08-06 20:55:20.782","2026-08-09 20:56:09.108","96440425","2026-08-07 20:42:48.000","[PREMIUM]","344","NY - BUFFALO","2026-08-10","MONDAY","1000","EDT","8","V",2020,"AUDI","Q3","Q3",,"GRAY","FRONT END",,"NY","SM","YES","D",37604,"A","[PREMIUM]",14409.51,"2.0L  4","ALL WHEEL DRIVE","AUTOMATIC","GAS",4,"Run & Drive Verified","Pure Sale","[PREMIUM]",,"ANGOLA","NY","14006 9726","USA","USD","[PREMIUM]","[PREMIUM]","C040",false,"[PREMIUM]","PREMIUM PLUS",false,false,"[PREMIUM]",,,,,,,,"[PREMIUM]"
"85969365","2026-08-06 20:55:20.714","2026-08-09 20:56:08.933","85969365","2026-08-07 20:42:48.000","[PREMIUM]","344","NY - BUFFALO","2026-08-10","MONDAY","1000","EDT","2020","V",2021,"JEEP","GRAND CHER","GRAND CHEROKEE","SPORT UTILITY VEHICLE","GRAY","FRONT END","SIDE","NY","US","YES","E",46240,"A","[PREMIUM]",27338.64,"3.6L 6","4X4 W/REAR WHEEL DRV","AUTOMATIC","FLEXIBLE",6,"DEFAULT","On Minimum Bid","[PREMIUM]",,"ANGOLA","NY","14006 9726","USA","USD","[PREMIUM]","[PREMIUM]","G050",false,"[PREMIUM]","TRAILHAWK",false,false,"[PREMIUM]",,,,,,,,"[PREMIUM]"
"78205395","2026-08-06 20:55:20.682","2026-08-09 20:56:08.910","78205395","2026-08-07 20:42:48.000","[PREMIUM]","344","NY - BUFFALO","2026-08-10","MONDAY","1000","EDT","2028","V",2025,"HONDA","PILOT","PILOT",,"WHITE","VANDALISM",,"NH","ST","EXM","E",0,"N","[PREMIUM]",5155,"3.5L  6","ALL WHEEL DRIVE",,"GAS",6,"DEFAULT","On Approval","[PREMIUM]",,"ANGOLA","NY","14006 9726","USA","USD","[PREMIUM]","[PREMIUM]","M040",false,"[PREMIUM]","ELITE",false,false,"[PREMIUM]",,,,,,,,"[PREMIUM]"
"63881746","2026-08-06 20:55:20.672","2026-08-09 20:56:08.918","63881746","2026-08-07 20:42:48.000","[PREMIUM]","344","NY - BUFFALO","2026-08-10","MONDAY","1000","EDT","2007","V",1993,"MERCEDES-BENZ","190-CLASS","190","SEDAN 4DR","BLACK","REAR END",,"NY","SM","YES","E",188664,"E","[PREMIUM]",10491.76,"2.6L 6","REAR WHEEL DRIVE","AUTOMATIC","GAS",6,"DEFAULT","Pure Sale","[PREMIUM]",,"ANGOLA","NY","14006 9726","USA","USD","[PREMIUM]","[PREMIUM]","1E010",false,"[PREMIUM]","E 2.6",false,false,"[PREMIUM]",,,,,,,,"[PREMIUM]"
"63908216","2026-08-06 20:55:20.669","2026-08-12 08:33:07.674","63908216","2026-08-10 15:39:54.000","[PREMIUM]","880","*NCS - EASTERN REGION","2026-08-12","WEDNESDAY","2100","EDT","0","V",2019,"HYUNDAI","TUCSON","TUCSON","SUV","SILVER","MECHANICAL",,"NY","CT","YES","E",125220,"A","[PREMIUM]",0,"2.0L 4","ALL WHEEL DRIVE","AUTOMATIC","GAS",4,"DEFAULT","On Minimum Bid","[PREMIUM]",,"ANGOLA","NY","14006 9726","USA","USD","[PREMIUM]","[PREMIUM]","1J010",true,"[PREMIUM]","VALUE",false,false,"[PREMIUM]",,,,,,,,"[PREMIUM]"
"63744826","2026-08-06 20:55:20.663","2026-08-20 17:43:21.414","63744826","2026-08-17 15:36:55.000","[PREMIUM]","344","NY - BUFFALO","2026-08-24","MONDAY","1000","EDT","0","V",2016,"NISSAN","PATHFINDER","PATHFINDER","SUV","GRAY","FRONT END","UNDERCARRIAGE","NY","CT","YES","S",209875,"A","[PREMIUM]",0,"3.5L 6","FOUR BY FOUR","AUTOMATIC","GAS",6,"Vehicle Starts","On Minimum Bid","[PREMIUM]",,"ANGOLA","NY","14006 9726","USA","USD","[PREMIUM]","[PREMIUM]","D030",true,"[PREMIUM]","SV",false,false,"[PREMIUM]",,,,,,,,"[PREMIUM]"
"63938186","2026-08-06 20:55:20.655","2026-08-09 20:56:08.916","63938186","2026-08-07 20:42:48.000","[PREMIUM]","344","NY - BUFFALO","2026-08-10","MONDAY","1000","EDT","22","V",2019,"MITSUBISHI","OUTLANDER","OUTLANDER SPORT","SPORT UTILITY VEHICLE","GRAY","FRONT END",,"NY","SH","YES","D",85463,"A","[PREMIUM]",0,"2.0L 4","FRONT WHEEL DRIVE","AUTOMATIC","GAS",4,"Run & Drive Verified","On Minimum Bid","[PREMIUM]",,"ANGOLA","NY","14006 9726","USA","USD","[PREMIUM]","[PREMIUM]","C050",true,"[PREMIUM]","ES",false,false,"[PREMIUM]",,,,,,,,"[PREMIUM]"
"63426296","2026-08-06 20:55:20.629","2026-08-09 20:56:08.840","63426296","2026-08-07 20:42:48.000","[PREMIUM]","344","NY - BUFFALO","2026-08-10","MONDAY","1000","EDT","2266","V",2005,"TOYOTA","CAMRY","CAMRY","SEDAN","SILVER","FRONT END",,"NY","SM","YES","D",84292,"E","[PREMIUM]",8939.02,"3.0L 6","FRONT WHEEL DRIVE","AUTOMATIC","GAS",6,"Run & Drive Verified","Pure Sale","[PREMIUM]",,"ANGOLA","NY","14006 9726","USA","USD","[PREMIUM]","[PREMIUM]","C040",false,"[PREMIUM]","XLE V6",false,false,"[PREMIUM]",,,,,,,,"[PREMIUM]"
"63399286","2026-08-06 20:55:20.621","2026-08-12 08:33:07.591","63399286","2026-08-10 15:28:48.000","[PREMIUM]","344","NY - BUFFALO","2026-08-17","MONDAY","1000","EDT","0","V",2023,"CHEVROLET","BLAZER","BLAZER","SPORT UTILITY VEHICLE","GRAY","FRONT END","SIDE","NY","SM","YES","S",30723,"A","[PREMIUM]",24730,"2.0L 4","ALL WHEEL DRIVE","AUTOMATIC","GAS",4,"Vehicle Starts","On Minimum Bid","[PREMIUM]",,"ANGOLA","NY","14006 9726","USA","USD","[PREMIUM]","[PREMIUM]","1N050",false,"[PREMIUM]","2LT",false,false,"[PREMIUM]",,,,,,,,"[PREMIUM]"
"63523346","2026-08-06 20:55:20.614","2026-08-20 17:43:21.342","63523346","2026-08-18 03:17:27.000","[PREMIUM]","344","NY - BUFFALO","2026-08-24","MONDAY","1000","EDT","0","V",2013,"SUBARU","IMPREZA","IMPREZA","SEDAN 4DR","BLUE","FRONT END","SIDE","PA","CB","YES","D",71908,"A","[PREMIUM]",0,"2.0L 4","ALL WHEEL DRIVE","AUTOMATIC","GAS",4,"Run & Drive Verified","On Minimum Bid","[PREMIUM]",,"ANGOLA","NY","14006 9726","USA","USD","[PREMIUM]","[PREMIUM]","C060",true,"[PREMIUM]",,false,false,"[PREMIUM]",,,,,,,,"[PREMIUM]"
"63711736","2026-08-06 20:55:20.612","2026-08-09 20:56:08.905","63711736","2026-08-07 20:42:48.000","[PREMIUM]","344","NY - BUFFALO","2026-08-10","MONDAY","1000","EDT","2009","V",2008,"LEXUS","LS 460 BAS","LS 460","SEDAN","BLACK","MECHANICAL",,"NY","CT","YES","E",232701,"E","[PREMIUM]",0,"4.6L 8","REAR WHEEL DRIVE","AUTOMATIC","GAS",8,"DEFAULT","On Minimum Bid","[PREMIUM]",,"ANGOLA","NY","14006 9726","USA","USD","[PREMIUM]","[PREMIUM]","C040",true,"[PREMIUM]","BASE",false,false,"[PREMIUM]",,,,,,,,"[PREMIUM]"
"63383396","2026-08-06 20:55:20.605","2026-08-09 20:56:08.889","63383396","2026-08-07 20:42:48.000","[PREMIUM]","344","NY - BUFFALO","2026-08-10","MONDAY","1000","EDT","116","V",2009,"TOYOTA","AVALON","AVALON","SEDAN","TURQUOISE","FRONT END",,"NY","SM","YES","D",115670,"E","[PREMIUM]",0,"3.5L 6","FRONT WHEEL DRIVE","AUTOMATIC","GAS",6,"Run & Drive Verified","Pure Sale","[PREMIUM]",,"ANGOLA","NY","14006 9726","USA","USD","[PREMIUM]","[PREMIUM]","1M010",false,"[PREMIUM]","XLS",false,false,"[PREMIUM]",,,,,,,,"[PREMIUM]"
"63660376","2026-08-06 20:55:20.603","2026-08-09 20:56:08.908","63660376","2026-08-07 20:42:48.000","[PREMIUM]","344","NY - BUFFALO","2026-08-10","MONDAY","1000","EDT","2283","V",2022,"HYUNDAI","ACCENT","ACCENT","SEDAN","BLUE","FRONT END",,"NY","SM","YES","D",33020,"A","[PREMIUM]",11778.99,"1.6L 4","FRONT WHEEL DRIVE","AUTOMATIC","GAS",4,"Run & Drive Verified","Pure Sale","[PREMIUM]",,"ANGOLA","NY","14006 9726","USA","USD","[PREMIUM]","[PREMIUM]","C050",false,"[PREMIUM]","SE",false,false,"[PREMIUM]",,,,,,,,"[PREMIUM]"
"63181646","2026-08-06 20:55:20.585","2026-08-20 17:43:21.249","63181646","2026-08-20 01:47:47.000","[PREMIUM]","344","NY - BUFFALO","2026-08-24","MONDAY","1000","EDT","0","V",2016,"BMW","X5","X5","4DR SPORT UTILITY","WHITE","REAR END","MECHANICAL","PA","CT","YES","D",92334,"A","[PREMIUM]",0,"2.0L 4","ALL WHEEL DRIVE","AUTOMATIC","ELECTRIC AND GAS HYBRID",4,"Run & Drive Verified","On Approval","[PREMIUM]",,"ANGOLA","NY","14006 9726","USA","USD","[PREMIUM]","[PREMIUM]","M020",false,"[PREMIUM]","XDR40E",false,false,"[PREMIUM]",,,,,,,,"[PREMIUM]"
"63375606","2026-08-06 20:55:20.582","2026-08-17 03:02:41.919","63375606","2026-08-14 20:34:06.000","[PREMIUM]","344","NY - BUFFALO","2026-08-17","MONDAY","1000","EDT","123","V",2021,"HYUNDAI","KONA","KONA","SPORT UTILITY VEHICLE","RED","FRONT END","SIDE","NY","SM","YES","D",72448,"A","[PREMIUM]",9017.82,"2.0L 4","ALL WHEEL DRIVE","AUTOMATIC","GAS",4,"Run & Drive Verified","Pure Sale","[PREMIUM]",,"ANGOLA","NY","14006 9726","USA","USD","[PREMIUM]","[PREMIUM]","C010",false,"[PREMIUM]","SE",false,false,"[PREMIUM]",,,,,,,,"[PREMIUM]"
"62959536","2026-08-06 20:55:20.548","2026-08-09 20:56:08.561","62959536","2026-08-07 21:34:24.000","[PREMIUM]","344","NY - BUFFALO","2026-08-10","MONDAY","1000","EDT","2257","V",2004,"CADILLAC","XLR","XLR","ROADSTER","RED","MECHANICAL","MINOR DENT/SCRATCHES","NY","CT","YES","D",68254,"E","[PREMIUM]",0,"4.6L 8","REAR WHEEL DRIVE","AUTOMATIC","GAS",8,"Run & Drive Verified","On Approval","[PREMIUM]",,"ANGOLA","NY","14006 9726","USA","USD","[PREMIUM]","[PREMIUM]","1F020",false,"[PREMIUM]",,false,false,"[PREMIUM]",,,,,,,,"[PREMIUM]"
"62968256","2026-08-06 20:55:20.543","2026-08-09 20:56:08.629","62968256","2026-08-07 20:42:48.000","[PREMIUM]","344","NY - BUFFALO","2026-08-10","MONDAY","1000","EDT","11","V",2025,"VOLKSWAGEN","TAOS S","TAOS","SPORT UTILITY VEHICLE","BLUE","SIDE",,"NY","SM","YES","D",6616,"A","[PREMIUM]",19488.82,"1.5L 4","ALL WHEEL DRIVE","AUTOMATIC","GAS",4,"Run & Drive Verified","On Minimum Bid","[PREMIUM]",,"ANGOLA","NY","14006 9726","USA","USD","[PREMIUM]","[PREMIUM]","C040",false,"[PREMIUM]","S",false,false,"[PREMIUM]",,,,,,,,"[PREMIUM]"
"62965566","2026-08-06 20:55:20.527","2026-08-09 20:56:08.810","62965566","2026-08-07 20:42:48.000","[PREMIUM]","344","NY - BUFFALO","2026-08-10","MONDAY","1000","EDT","84","V",2012,"CHEVROLET","ALL Models","SILVERADO","4DR EXT CAB PICKUP","WHITE","NORMAL WEAR",,"AL","CT","YES","D",199360,"A","[PREMIUM]",0,"6.0L 8","4X4 W/REAR WHEEL DRV","AUTOMATIC","FLEXIBLE",8,"Run & Drive Verified","On Approval","[PREMIUM]",,"ANGOLA","NY","14006 9726","USA","USD","[PREMIUM]","[PREMIUM]","T050",false,"[PREMIUM]","K2500 HEAVY DUTY",false,false,"[PREMIUM]",,,,,,,,"[PREMIUM]"
"63018026","2026-08-06 20:55:20.512","2026-08-09 20:56:08.769","63018026","2026-08-07 20:42:48.000","[PREMIUM]","344","NY - BUFFALO","2026-08-10","MONDAY","1000","EDT","122","V",2017,"FORD","EXPLORER","EXPLORER","4DR SPORT UTILITY","BLUE","FRONT END",,"NY","SM","YES","D",131647,"A","[PREMIUM]",12133.45,"3.5L 6","4X4 W/FRONT WHL DRV","AUTOMATIC","GAS",6,"Run & Drive Verified","Pure Sale","[PREMIUM]",,"ANGOLA","NY","14006 9726","USA","USD","[PREMIUM]","[PREMIUM]","1G020",false,"[PREMIUM]","XLT",false,false,"[PREMIUM]",,,,,,,,"[PREMIUM]"
"62937136","2026-08-06 20:55:20.497","2026-08-17 03:02:41.809","62937136","2026-08-14 20:34:06.000","[PREMIUM]","344","NY - BUFFALO","2026-08-17","MONDAY","1000","EDT","8","V",2017,"BUICK","REGAL","REGAL","SEDAN 4DR","BURGUNDY","FRONT END",,"NY","SM","YES","D",38932,"A","[PREMIUM]",7132.09,"2.0L 4","FRONT WHEEL DRIVE","AUTOMATIC","GAS",4,"Run & Drive Verified","Pure Sale","[PREMIUM]",,"ANGOLA","NY","14006 9726","USA","USD","[PREMIUM]","[PREMIUM]","B040",false,"[PREMIUM]","SPORT TOURING",false,false,"[PREMIUM]",,,,,,,,"[PREMIUM]"
"62838466","2026-08-06 20:55:20.484","2026-08-09 20:56:08.493","62838466","2026-08-07 20:42:48.000","[PREMIUM]","344","NY - BUFFALO","2026-08-10","MONDAY","1000","EDT","108","V",2018,"SUBARU","FORESTER","FORESTER","SPORT UTILITY VEHICLE","BURGUNDY","FRONT END",,"NY","SM","YES","D",59812,"A","[PREMIUM]",12120.36,"2.5L 4","ALL WHEEL DRIVE","AUTOMATIC","GAS",4,"Run & Drive Verified","On Minimum Bid","[PREMIUM]",,"ANGOLA","NY","14006 9726","USA","USD","[PREMIUM]","[PREMIUM]","D040",false,"[PREMIUM]","2.5I LIMITED",false,false,"[PREMIUM]",,,,,,,,"[PREMIUM]"
"62854396","2026-08-06 20:55:20.474","2026-08-09 20:56:08.609","62854396","2026-08-07 20:42:48.000","[PREMIUM]","344","NY - BUFFALO","2026-08-10","MONDAY","1000","EDT","2502","V",2022,"GMC","SIERRA","SIERRA","PICKUP","BLACK","SIDE","FRONT END","NY","SM","YES","S",64478,"A","[PREMIUM]",23319,"5.3L 8","4X4 W/REAR WHEEL DRV","AUTOMATIC","GAS",8,"Vehicle Starts","On Minimum Bid","[PREMIUM]",,"ANGOLA","NY","14006 9726","USA","USD","[PREMIUM]","[PREMIUM]","T050",false,"[PREMIUM]","K1500 DENALI",false,false,"[PREMIUM]",,,,,,,,"[PREMIUM]"
"62854116","2026-08-06 20:55:20.467","2026-08-14 04:17:19.941","62854116","2026-08-11 17:24:28.000","[PREMIUM]","344","NY - BUFFALO","2026-08-17","MONDAY","1000","EDT","0","V",2019,"NISSAN","MAXIMA","MAXIMA","SEDAN","BLACK","SIDE","REAR END","NY","SM","YES","D",83436,"A","[PREMIUM]",11621.27,"3.5L 6","FRONT WHEEL DRIVE","AUTOMATIC","GAS",6,"Run & Drive Verified","On Minimum Bid","[PREMIUM]",,"ANGOLA","NY","14006 9726","USA","USD","[PREMIUM]","[PREMIUM]","D010",false,"[PREMIUM]","3.5 SL",false,false,"[PREMIUM]",,,,,,,,"[PREMIUM]"
"62806306","2026-08-06 20:55:20.463","2026-08-19 21:06:55.531","62806306","2026-08-18 18:18:06.000","[PREMIUM]","344","NY - BUFFALO","2026-08-24","MONDAY","1000","EDT","0","V",2011,"CHEVROLET","SILVERADO","SILVERADO","CREW PICKUP","WHITE","FRONT END",,"NY","SM","YES","S",150186,"A","[PREMIUM]",14293.41,"6.0L 8","4X4 W/REAR WHEEL DRV","AUTOMATIC","FLEXIBLE",8,"Vehicle Starts","On Minimum Bid","[PREMIUM]",,"ANGOLA","NY","14006 9726","USA","USD","[PREMIUM]","[PREMIUM]","G030",false,"[PREMIUM]","K2500 HEAVY DUTY LT",false,false,"[PREMIUM]",,,,,,,,"[PREMIUM]"
"62879416","2026-08-06 20:55:20.457","2026-08-09 20:56:08.763","62879416","2026-08-07 20:42:48.000","[PREMIUM]","344","NY - BUFFALO","2026-08-10","MONDAY","1000","EDT","2254","V",2019,"CADILLAC","XTS","XTS","SEDAN","SILVER","REAR END","FRONT END","NY","SM","YES","D",151525,"A","[PREMIUM]",16136.72,"3.6L 6","FRONT WHEEL DRIVE","AUTOMATIC","GAS",6,"Run & Drive Verified","Pure Sale","[PREMIUM]",,"ANGOLA","NY","14006 9726","USA","USD","[PREMIUM]","[PREMIUM]","1E030",false,"[PREMIUM]","LUXURY",false,false,"[PREMIUM]",,,,,,,,"[PREMIUM]"
"62676086","2026-08-06 20:55:20.436","2026-08-20 17:43:21.206","62676086","2026-08-14 14:42:23.000","[PREMIUM]","344","NY - BUFFALO","2026-08-24","MONDAY","1000","EDT","0","V",2020,"CHEVROLET","EQUINOX","EQUINOX","SPORT UTILITY VEHICLE","SILVER","FRONT END",,"NY","SM","YES","D",63998,"A","[PREMIUM]",12642.9,"1.5L 4","ALL WHEEL DRIVE","AUTOMATIC","GAS",4,"Run & Drive Verified","Pure Sale","[PREMIUM]",,"ANGOLA","NY","14006 9726","USA","USD","[PREMIUM]","[PREMIUM]","B030",false,"[PREMIUM]","LS",false,false,"[PREMIUM]",,,,,,,,"[PREMIUM]"
"62580536","2026-08-06 20:55:20.431","2026-08-09 20:56:08.227","62580536","2026-08-07 20:42:48.000","[PREMIUM]","344","NY - BUFFALO","2026-08-10","MONDAY","1000","EDT","2276","V",2019,"MAZDA","CX-3","CX-3","WAGON","BLUE","SIDE",,"NY","SM","YES","D",54925,"A","[PREMIUM]",12024.05,"2.0L 4","ALL WHEEL DRIVE","AUTOMATIC","GAS",4,"Run & Drive Verified","Pure Sale","[PREMIUM]",,"ANGOLA","NY","14006 9726","USA","USD","[PREMIUM]","[PREMIUM]","M030",false,"[PREMIUM]","TOURING",false,false,"[PREMIUM]",,,,,,,,"[PREMIUM]"
"62501646","2026-08-06 20:55:20.430","2026-08-09 20:56:08.243","62501646","2026-08-07 20:42:48.000","[PREMIUM]","344","NY - BUFFALO","2026-08-10","MONDAY","1000","EDT","2261","V",2014,"CHEVROLET","SONIC","SONIC","SEDAN 4DR","BLUE","SIDE","REAR END","NY","SM","YES","D",0,"N","[PREMIUM]",4328.25,"1.8L 4","FRONT WHEEL DRIVE","AUTOMATIC","GAS",4,"Run & Drive Verified","Pure Sale","[PREMIUM]",,"ANGOLA","NY","14006 9726","USA","USD","[PREMIUM]","[PREMIUM]","K030",false,"[PREMIUM]","LT",false,false,"[PREMIUM]",,,,,,,,"[PREMIUM]"
"62603546","2026-08-06 20:55:20.429","2026-08-09 20:56:08.371","62603546","2026-08-07 20:42:48.000","[PREMIUM]","344","NY - BUFFALO","2026-08-10","MONDAY","1000","EDT","78","V",2022,"CHEVROLET","EQUINOX","EQUINOX","SPORT UTILITY VEHICLE","GRAY","SIDE",,"NY","SM","YES","D",8290,"A","[PREMIUM]",25001,"1.5L 4","ALL WHEEL DRIVE","AUTOMATIC","GAS",4,"Run & Drive Verified","On Minimum Bid","[PREMIUM]",,"ANGOLA","NY","14006 9726","USA","USD","[PREMIUM]","[PREMIUM]","D020",false,"[PREMIUM]","RS",false,false,"[PREMIUM]",,,,,,,,"[PREMIUM]"
"62449386","2026-08-06 20:55:20.395","2026-08-09 20:56:08.199","62449386","2026-08-07 20:42:48.000","[PREMIUM]","344","NY - BUFFALO","2026-08-10","MONDAY","1000","EDT","75","V",2013,"GMC","SIERRA","SIERRA","4DR EXT CAB PICKUP","BLACK","FRONT END","SIDE","NY","SM","YES","D",130671,"A","[PREMIUM]",8566,"5.3L 8","4X4 W/REAR WHEEL DRV","AUTOMATIC","FLEXIBLE",8,"Run & Drive Verified","Pure Sale","[PREMIUM]",,"ANGOLA","NY","14006 9726","USA","USD","[PREMIUM]","[PREMIUM]","G040",false,"[PREMIUM]","K1500 SLE",false,false,"[PREMIUM]",,,,,,,,"[PREMIUM]"
"62452136","2026-08-06 20:55:20.393","2026-08-09 20:56:08.256","62452136","2026-08-07 20:42:48.000","[PREMIUM]","344","NY - BUFFALO","2026-08-10","MONDAY","1000","EDT","25","V",2020,"HONDA","PILOT","PILOT","SPORT UTILITY VEHICLE","BLACK","FRONT END",,"NY","US","YES","D",87566,"A","[PREMIUM]",11942.62,"3.5L 6","ALL WHEEL DRIVE","AUTOMATIC","GAS",6,"Run & Drive Verified","On Minimum Bid","[PREMIUM]",,"ANGOLA","NY","14006 9726","USA","USD","[PREMIUM]","[PREMIUM]","1E010",false,"[PREMIUM]","EXL",false,false,"[PREMIUM]",,,,,,,,"[PREMIUM]"
"62006346","2026-08-06 20:55:20.356","2026-08-09 20:56:08.150","62006346","2026-08-07 20:42:48.000","[PREMIUM]","344","NY - BUFFALO","2026-08-10","MONDAY","1000","EDT","2034","V",2021,"CHEVROLET","ALL Models","SILVERADO","PICKUP","BURN","BURN",,"NY","SM","NO","E",0,"N","[PREMIUM]",49353.73,"2.7L 4","4X4 W/REAR WHEEL DRV","AUTOMATIC","GAS",4,"DEFAULT","Pure Sale","[PREMIUM]",,"ANGOLA","NY","14006 9726","USA","USD","[PREMIUM]","[PREMIUM]","S020",false,"[PREMIUM]","K1500 CUSTOM",false,false,"[PREMIUM]",,,,,,,,"[PREMIUM]"
"62213846","2026-08-06 20:55:20.354","2026-08-17 03:02:41.701","62213846","2026-08-14 20:34:06.000","[PREMIUM]","344","NY - BUFFALO","2026-08-17","MONDAY","1000","EDT","79","V",2018,"TOYOTA","COROLLA","COROLLA","SEDAN","WHITE","FRONT END","SIDE","NY","SM","YES","D",130492,"A","[PREMIUM]",11110,"1.8L 4","FRONT WHEEL DRIVE","AUTOMATIC","GAS",4,"Run & Drive Verified","Pure Sale","[PREMIUM]",,"ANGOLA","NY","14006 9726","USA","USD","[PREMIUM]","[PREMIUM]","C010",false,"[PREMIUM]","LE",false,false,"[PREMIUM]",,,,,,,,"[PREMIUM]"
"61712266","2026-08-06 20:55:20.318","2026-08-09 20:56:08.051","61712266","2026-08-07 20:42:48.000","[PREMIUM]","344","NY - BUFFALO","2026-08-10","MONDAY","1000","EDT","74","V",2021,"INFINITI","QX80","QX80","SPORT UTILITY VEHICLE","WHITE","FRONT END",,"NY","SM","YES","D",74960,"A","[PREMIUM]",20829.69,"5.6L 8","4X4 W/REAR WHEEL DRV","AUTOMATIC","GAS",8,"Run & Drive Verified","Pure Sale","[PREMIUM]",,"ANGOLA","NY","14006 9726","USA","USD","[PREMIUM]","[PREMIUM]","K020",false,"[PREMIUM]","SENSORY",false,false,"[PREMIUM]",,,,,,,,"[PREMIUM]"
"61767736","2026-08-06 20:55:20.316","2026-08-09 20:56:08.096","61767736","2026-08-07 20:42:48.000","[PREMIUM]","344","NY - BUFFALO","2026-08-10","MONDAY","1000","EDT","3","V",2022,"GMC","TERRAIN","TERRAIN","SPORT UTILITY VEHICLE","WHITE","SIDE",,"NY","SM","YES","D",80373,"A","[PREMIUM]",13429,"1.5L 4","ALL WHEEL DRIVE","AUTOMATIC","GAS",4,"Run & Drive Verified","On Approval","[PREMIUM]",,"ANGOLA","NY","14006 9726","USA","USD","[PREMIUM]","[PREMIUM]","C030",false,"[PREMIUM]","SLE",false,false,"[PREMIUM]",,,,,,,,"[PREMIUM]"
"61922786","2026-08-06 20:55:20.310","2026-08-17 03:02:41.616","61922786","2026-08-14 20:34:06.000","[PREMIUM]","344","NY - BUFFALO","2026-08-17","MONDAY","1000","EDT","19","V",2015,"NISSAN","ALTIMA","ALTIMA","SEDAN","BURGUNDY","FRONT END","REAR END","NY","SM","YES","D",85486,"A","[PREMIUM]",12509.72,"2.5L 4","FRONT WHEEL DRIVE","AUTOMATIC","GAS",4,"Run & Drive Verified","Pure Sale","[PREMIUM]",,"ANGOLA","NY","14006 9726","USA","USD","[PREMIUM]","[PREMIUM]","C020",false,"[PREMIUM]","2.5 S",false,false,"[PREMIUM]",,,,,,,,"[PREMIUM]"
"61517066","2026-08-06 20:55:20.261","2026-08-09 20:56:08.008","61517066","2026-08-07 20:42:48.000","[PREMIUM]","344","NY - BUFFALO","2026-08-10","MONDAY","1000","EDT","2263","V",2014,"CADILLAC","XTS","XTS","SEDAN 4DR","BLACK","SIDE","FRONT END","NY","SM","YES","D",71600,"A","[PREMIUM]",11019.48,"3.6L 6","FRONT WHEEL DRIVE","AUTOMATIC","GAS",6,"Run & Drive Verified","Pure Sale","[PREMIUM]",,"ANGOLA","NY","14006 9726","USA","USD","[PREMIUM]","[PREMIUM]","D040",false,"[PREMIUM]",,false,false,"[PREMIUM]",,,,,,,,"[PREMIUM]"
"61643026","2026-08-06 20:55:20.257","2026-08-09 20:56:08.060","61643026","2026-08-07 20:42:48.000","[PREMIUM]","344","NY - BUFFALO","2026-08-10","MONDAY","1000","EDT","46","V",2017,"HYUNDAI","ELANTRA","ELANTRA","SEDAN","SILVER","FRONT END","SIDE","NY","SM","YES","D",65869,"A","[PREMIUM]",0,"2.0L 4","FRONT WHEEL DRIVE","AUTOMATIC","GAS",4,"Run & Drive Verified","Pure Sale","[PREMIUM]",,"ANGOLA","NY","14006 9726","USA","USD","[PREMIUM]","[PREMIUM]","1E010",false,"[PREMIUM]","VALUE EDITION",false,false,"[PREMIUM]",,,,,,,,"[PREMIUM]"
"61311556","2026-08-06 20:55:20.237","2026-08-09 20:56:07.977","61311556","2026-08-07 20:42:48.000","[PREMIUM]","344","NY - BUFFALO","2026-08-10","MONDAY","1000","EDT","40","V",2017,"JEEP","WRANGLER","WRANGLER UNLIMITED","4DR SPORT UTILITY","RED","FRONT END","SIDE","NY","SM","YES","D",138609,"A","[PREMIUM]",14592.4,"3.6L 6","4X4 W/REAR WHEEL DRV","AUTOMATIC","FLEXIBLE",6,"Run & Drive Verified","Pure Sale","[PREMIUM]",,"ANGOLA","NY","14006 9726","USA","USD","[PREMIUM]","[PREMIUM]","K020",false,"[PREMIUM]","SAHARA",false,false,"[PREMIUM]",,,,,,,,"[PREMIUM]"
"61032016","2026-08-06 20:55:20.193","2026-08-09 20:56:07.891","61032016","2026-08-07 20:42:48.000","[PREMIUM]","344","NY - BUFFALO","2026-08-10","MONDAY","1000","EDT","2506","V",2023,"BMW","X3","X3","SPORT UTILITY VEHICLE","WHITE","FRONT END","SIDE","NY","SM","YES","S",13149,"A","[PREMIUM]",12641.68,"2.0L 4","ALL WHEEL DRIVE","AUTOMATIC","GAS",4,"Vehicle Starts","On Minimum Bid","[PREMIUM]",,"ANGOLA","NY","14006 9726","USA","USD","[PREMIUM]","[PREMIUM]","1I050",false,"[PREMIUM]","XDRIVE30I",false,false,"[PREMIUM]",,,,,,,,"[PREMIUM]"
"60643396","2026-08-06 20:55:20.148","2026-08-17 03:02:41.438","60643396","2026-08-14 20:34:06.000","[PREMIUM]","344","NY - BUFFALO","2026-08-17","MONDAY","1000","EDT","2036","V",2023,"MAZDA","CX-5","CX-5","SPORT UTILITY VEHICLE","WHITE","FRONT END","REAR END","NY","SM","YES","E",0,"N","[PREMIUM]",23860.98,"2.5L 4","ALL WHEEL DRIVE","AUTOMATIC","GAS",4,"DEFAULT","On Minimum Bid","[PREMIUM]",,"ANGOLA","NY","14006 9726","USA","USD","[PREMIUM]","[PREMIUM]","1N050",false,"[PREMIUM]","SELECT",false,false,"[PREMIUM]",,,,,,,,"[PREMIUM]"
"60597796","2026-08-06 20:55:20.087","2026-08-17 03:02:41.403","60597796","2026-08-14 20:34:06.000","[PREMIUM]","344","NY - BUFFALO","2026-08-17","MONDAY","1000","EDT","823","K",2008,"FORD","F350","F350","CREW PICKUP","WHITE","FRONT END","MINOR DENT/SCRATCHES","NY","SM","YES","E",154424,"E","[PREMIUM]",18318,"6.4L 8","4X4 W/REAR WHEEL DRV","AUTOMATIC","DIESEL",8,"DEFAULT","On Minimum Bid","[PREMIUM]",,"ANGOLA","NY","14006 9726","USA","USD","[PREMIUM]","[PREMIUM]","1Q020",false,"[PREMIUM]","SRW SUPER DUTY",false,false,"[PREMIUM]",,,,,,,,"[PREMIUM]"
"60572276","2026-08-06 20:55:20.084","2026-08-09 20:56:07.737","60572276","2026-08-07 20:42:48.000","[PREMIUM]","344","NY - BUFFALO","2026-08-10","MONDAY","1000","EDT","2253","V",2015,"LINCOLN","MKZ","MKC","4DR SPORT UTILITY","BLACK","FRONT END","SIDE","NY","SM","YES","D",149165,"A","[PREMIUM]",11143,"2.0L 4","ALL WHEEL DRIVE","AUTOMATIC","GAS",4,"Run & Drive Verified","Pure Sale","[PREMIUM]",,"ANGOLA","NY","14006 9726","USA","USD","[PREMIUM]","[PREMIUM]","1J030",false,"[PREMIUM]",,false,false,"[PREMIUM]",,,,,,,,"[PREMIUM]"
"60588226","2026-08-06 20:55:20.077","2026-08-17 03:02:41.403","60588226","2026-08-14 20:34:06.000","[PREMIUM]","344","NY - BUFFALO","2026-08-17","MONDAY","1000","EDT","133","V",2015,"TOYOTA","4RUNNER","4RUNNER","SUV","BLACK","FRONT END","MECHANICAL","NY","SM","YES","D",199658,"A","[PREMIUM]",15406,"4.0L 6","ALL WHEEL DRIVE","AUTOMATIC","GAS",6,"Run & Drive Verified","On Minimum Bid","[PREMIUM]",,"ANGOLA","NY","14006 9726","USA","USD","[PREMIUM]","[PREMIUM]","C010",false,"[PREMIUM]","LIMITED",false,false,"[PREMIUM]",,,,,,,,"[PREMIUM]"
"60219526","2026-08-06 20:55:20.053","2026-08-09 20:56:07.687","60219526","2026-08-07 20:42:48.000","[PREMIUM]","344","NY - BUFFALO","2026-08-10","MONDAY","1000","EDT","114","V",2008,"JEEP","COMMANDER","COMMANDER","4DR SPORT UTILITY","BLACK","FRONT END",,"NY","SM","YES","D",136724,"E","[PREMIUM]",3672.73,"3.7L 6","REAR WHEEL DRIVE","AUTOMATIC","GAS",6,"Run & Drive Verified","Pure Sale","[PREMIUM]",,"ANGOLA","NY","14006 9726","USA","USD","[PREMIUM]","[PREMIUM]","1M050",false,"[PREMIUM]","SPORT",false,false,"[PREMIUM]",,,,,,,,"[PREMIUM]"
"60016076","2026-08-06 20:55:20.041","2026-08-09 20:56:07.627","60016076","2026-08-07 20:42:48.000","[PREMIUM]","344","NY - BUFFALO","2026-08-10","MONDAY","1000","EDT","83","V",2025,"TOYOTA","COROLLA","COROLLA","SEDAN","WHITE","MECHANICAL",,"NY","SM","YES","D",9164,"A","[PREMIUM]",20892.98,"2.0L 4","FRONT WHEEL DRIVE","AUTOMATIC","GAS",4,"Run & Drive Verified","On Minimum Bid","[PREMIUM]",,"ANGOLA","NY","14006 9726","USA","USD","[PREMIUM]","[PREMIUM]","M040",false,"[PREMIUM]","LE",false,false,"[PREMIUM]",,,,,,,,"[PREMIUM]"
"60217896","2026-08-06 20:55:20.035","2026-08-17 03:02:41.362","60217896","2026-08-14 20:34:06.000","[PREMIUM]","344","NY - BUFFALO","2026-08-17","MONDAY","1000","EDT","6","V",2018,"HONDA","FIT","FIT","HATCHBACK","BLUE","FRONT END",,"NY","SM","YES","D",66617,"A","[PREMIUM]",10026.99,"1.5L 4","FRONT WHEEL DRIVE","AUTOMATIC","GAS",4,"Run & Drive Verified","Pure Sale","[PREMIUM]",,"ANGOLA","NY","14006 9726","USA","USD","[PREMIUM]","[PREMIUM]","A010",false,"[PREMIUM]","SPORT",false,false,"[PREMIUM]",,,,,,,,"[PREMIUM]"
"60260176","2026-08-06 20:55:20.031","2026-08-17 03:02:41.367","60260176","2026-08-14 20:34:06.000","[PREMIUM]","344","NY - BUFFALO","2026-08-17","MONDAY","1000","EDT","2295","V",2018,"KIA","OPTIMA","OPTIMA","SEDAN","BLACK","VANDALISM","MECHANICAL","NY","SM","YES","D",71500,"A","[PREMIUM]",512.88,"2.4L 4","FRONT WHEEL DRIVE","AUTOMATIC","GAS",4,"Run & Drive Verified","Pure Sale","[PREMIUM]",,"ANGOLA","NY","14006 9726","USA","USD","[PREMIUM]","[PREMIUM]","A010",false,"[PREMIUM]","LX",false,false,"[PREMIUM]",,,,,,,,"[PREMIUM]"
"59906986","2026-08-06 20:55:20.018","2026-08-12 08:33:07.205","59906986","2026-08-10 16:56:38.000","[PREMIUM]","880","*NCS - EASTERN REGION","2026-08-12","WEDNESDAY","2100","EDT","0","V",2007,"CHEVROLET","SILVERADO","SILVERADO","4DR EXT CAB PICKUP","SILVER","MECHANICAL",,"NY","CT","YES","D",93705,"A","[PREMIUM]",0,"5.3L 8","4X4 W/REAR WHEEL DRV","AUTOMATIC","FLEXIBLE",8,"Run & Drive Verified","On Minimum Bid","[PREMIUM]",,"ANGOLA","NY","14006 9726","USA","USD","[PREMIUM]","[PREMIUM]","G050",true,"[PREMIUM]","K1500",false,false,"[PREMIUM]",,,,,,,,"[PREMIUM]"
"59799106","2026-08-06 20:55:20.016","2026-08-09 20:56:07.561","59799106","2026-08-07 20:42:48.000","[PREMIUM]","344","NY - BUFFALO","2026-08-10","MONDAY","1000","EDT","2521","V",2011,"TOYOTA","COROLLA","COROLLA","SEDAN","SILVER","MINOR DENT/SCRATCHES","FRONT END","NY","SM","YES","S",193755,"A","[PREMIUM]",1704.18,"1.8L 4","FRONT WHEEL DRIVE","AUTOMATIC","GAS",4,"Vehicle Starts","Pure Sale","[PREMIUM]",,"ANGOLA","NY","14006 9726","USA","USD","[PREMIUM]","[PREMIUM]","C040",false,"[PREMIUM]","LE",false,false,"[PREMIUM]",,,,,,,,"[PREMIUM]"
"59878756","2026-08-06 20:55:20.006","2026-08-11 02:31:00.542","59878756","2026-08-10 20:01:00.000","[PREMIUM]","855","WHOLESALE AUCTION","2026-08-11","TUESDAY","1200","EDT","7195","V",2022,"TOYOTA","COROLLA","COROLLA","SEDAN","BLACK","FRONT END","SIDE","VA","CT","YES","E",68169,"A","[PREMIUM]",55505,"1.8L 4","FRONT WHEEL DRIVE","AUTOMATIC","GAS",4,"DEFAULT","On Minimum Bid","[PREMIUM]",,"ANGOLA","NY","14006 9726","USA","USD","[PREMIUM]","[PREMIUM]","P030",false,"[PREMIUM]","LE",false,true,"[PREMIUM]",,,,,"RED LIGHT",0,,"[PREMIUM]"
"59599426","2026-08-06 20:55:19.987","2026-08-09 20:56:07.499","59599426","2026-08-07 20:42:48.000","[PREMIUM]","344","NY - BUFFALO","2026-08-10","MONDAY","1000","EDT","2518","V",2017,"FORD","ESCAPE","ESCAPE","4DR SPORT UTILITY","BLUE","SIDE",,"NY","SM","YES","S",64624,"A","[PREMIUM]",8134,"1.5L 4","4X4 W/FRONT WHL DRV","AUTOMATIC","GAS",4,"Vehicle Starts","Pure Sale","[PREMIUM]",,"ANGOLA","NY","14006 9726","USA","USD","[PREMIUM]","[PREMIUM]","1J050",false,"[PREMIUM]","SE",false,false,"[PREMIUM]",,,,,,,,"[PREMIUM]"
"59316126","2026-08-06 20:55:19.970","2026-08-09 20:56:07.528","59316126","2026-08-07 20:42:48.000","[PREMIUM]","344","NY - BUFFALO","2026-08-10","MONDAY","1000","EDT","2293","V",2015,"NISSAN","PATHFINDER","PATHFINDER","SUV","BLACK","SIDE","REAR END","NY","US","YES","D",49698,"A","[PREMIUM]",7824,"3.5L 6","FOUR BY FOUR","AUTOMATIC","GAS",6,"Run & Drive Verified","Pure Sale","[PREMIUM]",,"ANGOLA","NY","14006 9726","USA","USD","[PREMIUM]","[PREMIUM]","1F010",false,"[PREMIUM]","SV",false,false,"[PREMIUM]",,,,,,,,"[PREMIUM]"
"59635536","2026-08-06 20:55:19.969","2026-08-09 20:56:07.504","59635536","2026-08-07 20:42:48.000","[PREMIUM]","344","NY - BUFFALO","2026-08-10","MONDAY","1000","EDT","2504","V",2021,"VOLKSWAGEN","TIGUAN","TIGUAN","SPORT UTILITY VEHICLE","GRAY","FRONT END","SIDE","NY","SM","YES","S",110066,"A","[PREMIUM]",13219.43,"2.0L 4","ALL WHEEL DRIVE","AUTOMATIC","GAS",4,"Vehicle Starts","Pure Sale","[PREMIUM]",,"ANGOLA","NY","14006 9726","USA","USD","[PREMIUM]","[PREMIUM]","C020",false,"[PREMIUM]","SE",false,false,"[PREMIUM]",,,,,,,,"[PREMIUM]"
"59074816","2026-08-06 20:55:19.955","2026-08-17 03:02:41.254","59074816","2026-08-14 20:34:06.000","[PREMIUM]","344","NY - BUFFALO","2026-08-17","MONDAY","1000","EDT","2034","V",2013,"KIA","SORENTO","SORENTO","4DR SPORT UTILITY","GRAY","SIDE",,"NY","SM","NO","E",0,"N","[PREMIUM]",4307,"2.4L 4","ALL WHEEL DRIVE","AUTOMATIC","GAS",4,"DEFAULT","Pure Sale","[PREMIUM]",,"ANGOLA","NY","14006 9726","USA","USD","[PREMIUM]","[PREMIUM]","A020",false,"[PREMIUM]","LX",false,false,"[PREMIUM]",,,,,,,,"[PREMIUM]"
"59352766","2026-08-06 20:55:19.947","2026-08-09 20:56:07.502","59352766","2026-08-07 20:42:48.000","[PREMIUM]","344","NY - BUFFALO","2026-08-10","MONDAY","1000","EDT","2023","V",2012,"TOYOTA","RAV4","RAV4","SUV","BLUE","FRONT END","SIDE","NY","SM","YES","E",0,"N","[PREMIUM]",18692.13,"2.5L 4","FOUR BY FOUR","AUTOMATIC","GAS",4,"DEFAULT","Pure Sale","[PREMIUM]",,"ANGOLA","NY","14006 9726","USA","USD","[PREMIUM]","[PREMIUM]","1F010",false,"[PREMIUM]","BASE",false,false,"[PREMIUM]",,,,,,,,"[PREMIUM]"
"49625276","2026-08-06 20:55:19.945","2026-08-13 14:31:14.435","49625276","2026-08-12 21:32:11.000","[PREMIUM]","841","CRASHEDTOYS POWERSPORT AUCTION","2026-08-13","THURSDAY","1200","CDT","5077","S",2024,"SKI-DOO","MXZ X 600R","MXZ X 600R",,"YELLOW","NORMAL WEAR",,"NY","BS","YES","E",0,"N","[PREMIUM]",0,,,"AUTOMATIC",,,"DEFAULT","Pure Sale","[PREMIUM]","***PREVIOUS THEFT***","ANGOLA","NY","14006 9726","USA","USD","[PREMIUM]","[PREMIUM]","MCO",false,"[PREMIUM]",,false,false,"[PREMIUM]",,,,,,,,"[PREMIUM]"
"59025216","2026-08-06 20:55:19.928","2026-08-09 20:56:07.426","59025216","2026-08-07 20:42:48.000","[PREMIUM]","344","NY - BUFFALO","2026-08-10","MONDAY","1000","EDT","2031","V",2016,"MAZDA","CX-5","CX-5","4DR SPORT UTILITY","BLACK","FRONT END","MECHANICAL","NY","SM","YES","E",0,"N","[PREMIUM]",10675,"2.5L 4","ALL WHEEL DRIVE","AUTOMATIC","GAS",4,"DEFAULT","Pure Sale","[PREMIUM]",,"ANGOLA","NY","14006 9726","USA","USD","[PREMIUM]","[PREMIUM]","1E020",false,"[PREMIUM]","GT",false,false,"[PREMIUM]",,,,,,,,"[PREMIUM]"
"57699496","2026-08-06 20:55:19.868","2026-08-17 03:02:41.160","57699496","2026-08-14 20:34:06.000","[PREMIUM]","344","NY - BUFFALO","2026-08-17","MONDAY","1000","EDT","2265","V",2016,"JEEP","PATRIOT","PATRIOT","4DR SPORT UTILITY","WHITE","MECHANICAL",,"NY","PO","YES","D",83008,"A","[PREMIUM]",0,"2.4L 4","4X4 W/FRONT WHL DRV","AUTOMATIC","GAS",4,"Run & Drive Verified","On Minimum Bid","[PREMIUM]",,"ANGOLA","NY","14006 9726","USA","USD","[PREMIUM]","[PREMIUM]","D030",true,"[PREMIUM]","SPORT",false,false,"[PREMIUM]",,,,,,,,"[PREMIUM]"
"58195586","2026-08-06 20:55:19.856","2026-08-13 14:31:14.589","58195586","2026-08-13 10:00:35.000","[PREMIUM]","836","HEAVY TRUCK SPECIALTY SALE","2026-08-13","THURSDAY","1100","CDT","11","U",2018,"RAM","3500","3500","PICKUP","BLACK","FRONT END","MECHANICAL","NY","SM","YES","S",168315,"A","[PREMIUM]",15035.98,"6.4L 8","4X4 W/REAR WHEEL DRV","AUTOMATIC","GAS",8,"Vehicle Starts","Pure Sale","[PREMIUM]",,"ANGOLA","NY","14006 9726","USA","USD","[PREMIUM]","[PREMIUM]","1Q020",false,"[PREMIUM]","ST",false,false,"[PREMIUM]",,,,,,,,"[PREMIUM]"
"53964316","2026-08-06 20:55:19.744","2026-08-09 20:56:07.147","53964316","2026-08-07 20:42:48.000","[PREMIUM]","344","NY - BUFFALO","2026-08-10","MONDAY","1000","EDT","88","V",2014,"VOLKSWAGEN","JETTA","JETTA","SEDAN 4DR","BLACK","SIDE","MINOR DENT/SCRATCHES","NY","SM","YES","D",135804,"A","[PREMIUM]",4186.57,"1.8L 4","FRONT WHEEL DRIVE","AUTOMATIC","GAS",4,"Run & Drive Verified","Pure Sale","[PREMIUM]",,"ANGOLA","NY","14006 9726","USA","USD","[PREMIUM]","[PREMIUM]","1M010",false,"[PREMIUM]","SE",false,false,"[PREMIUM]",,,,,,,,"[PREMIUM]"
"52550716","2026-08-06 20:55:19.742","2026-08-17 03:02:41.011","52550716","2026-08-14 20:34:06.000","[PREMIUM]","344","NY - BUFFALO","2026-08-17","MONDAY","1000","EDT","2003","V",2018,"LAND ROVER","RANGEROVER","RANGE ROVER VELAR","SPORT UTILITY VEHICLE","BLACK","SIDE","UNDERCARRIAGE","NY","SM","YES","S",57653,"A","[PREMIUM]",22570,"3.0L 6","ALL WHEEL DRIVE","AUTOMATIC","GAS",6,"Vehicle Starts","On Minimum Bid","[PREMIUM]",,"ANGOLA","NY","14006 9726","USA","USD","[PREMIUM]","[PREMIUM]","G060",false,"[PREMIUM]","R-DYNAMIC SE",false,false,"[PREMIUM]",,,,,,,,"[PREMIUM]"
"49628966","2026-08-06 20:55:19.709","2026-08-13 14:31:14.441","49628966","2026-08-12 21:32:11.000","[PREMIUM]","841","CRASHEDTOYS POWERSPORT AUCTION","2026-08-13","THURSDAY","1200","CDT","5078","S",2024,"SKI-DOO","190 SM MXZ","190 SM MXZ ADR 600R",,"YELLOW","NORMAL WEAR","MINOR DENT/SCRATCHES","NY","BS","YES",,0,"N","[PREMIUM]",0,,,"AUTOMATIC",,,,"Pure Sale","[PREMIUM]",,"ANGOLA","NY","14006 9726","USA","USD","[PREMIUM]","[PREMIUM]","MCO",false,"[PREMIUM]",,false,false,"[PREMIUM]",,,,,,,,"[PREMIUM]"
"50367796","2026-08-06 20:55:19.704","2026-08-09 20:56:07.099","50367796","2026-08-07 20:42:48.000","[PREMIUM]","344","NY - BUFFALO","2026-08-10","MONDAY","1000","EDT","112","V",2018,"TOYOTA","COROLLA","COROLLA","SEDAN","BLUE","HAIL","MINOR DENT/SCRATCHES","NY","SM","YES","D",76175,"A","[PREMIUM]",7707.05,"1.8L 4","FRONT WHEEL DRIVE","AUTOMATIC","GAS",4,"Run & Drive Verified","Pure Sale","[PREMIUM]",,"ANGOLA","NY","14006 9726","USA","USD","[PREMIUM]","[PREMIUM]","1F010",false,"[PREMIUM]","LE",false,false,"[PREMIUM]",,,,,,,,"[PREMIUM]"
"50474396","2026-08-06 20:55:19.690","2026-08-17 03:02:41.001","50474396","2026-08-14 20:34:06.000","[PREMIUM]","344","NY - BUFFALO","2026-08-17","MONDAY","1000","EDT","96","V",2017,"VOLKSWAGEN","TIGUAN","TIGUAN","4DR SPORT UTILITY","SILVER","SIDE","REAR END","NY","SM","YES","D",106312,"A","[PREMIUM]",5765,"2.0L 4","FRONT WHEEL DRIVE","AUTOMATIC","GAS",4,"Run & Drive Verified","On Minimum Bid","[PREMIUM]",,"ANGOLA","NY","14006 9726","USA","USD","[PREMIUM]","[PREMIUM]","M030",false,"[PREMIUM]","SPORT",false,false,"[PREMIUM]",,,,,,,,"[PREMIUM]"
"49442656","2026-08-06 20:55:19.637","2026-08-09 20:56:07.011","49442656","2026-08-07 20:43:11.000","[PREMIUM]","344","NY - BUFFALO","2026-08-10","MONDAY","1000","EDT","111","V",2021,"HONDA","HR-V","HR-V","SPORT UTILITY VEHICLE","WHITE","FRONT END","SIDE","MA","ST","YES","D",65701,"N","[PREMIUM]",16281.62,"1.8L 4","ALL WHEEL DRIVE","AUTOMATIC","GAS",4,"Run & Drive Verified","Pure Sale","[PREMIUM]","Previous US Vehicle  65701miles/ 105735km","ANGOLA","NY","14006 9726","USA","USD","[PREMIUM]","[PREMIUM]","M030",false,"[PREMIUM]","EX",false,false,"[PREMIUM]",,,,,,,,"[PREMIUM]"
"85985675","2026-08-06 20:55:19.575","2026-08-14 16:17:14.288","85985675","2026-08-14 00:17:52.000","[PREMIUM]","343","CA - REDDING","2026-08-14","FRIDAY","1200","PDT","212","V",2016,"NISSAN","ROGUE","ROGUE","WAGON","BLACK","FRONT END","SIDE","CA","SC","YES","S",167738,"A","[PREMIUM]",7959.69,"2.5L 4","ALL WHEEL DRIVE","AUTOMATIC","GAS",4,"Vehicle Starts","Pure Sale","[PREMIUM]",,"ANDERSON","CA","96007 8706","USA","USD","[PREMIUM]","[PREMIUM]","D020",false,"[PREMIUM]","S",false,false,"[PREMIUM]",,,,,,,,"[PREMIUM]"
"64230246","2026-08-06 20:55:19.511","2026-08-07 20:55:20.679","64230246","2026-08-06 23:53:24.000","[PREMIUM]","343","CA - REDDING","2026-08-07","FRIDAY","1200","PDT","169","V",2016,"INFINITI","Q50","Q50","SEDAN","BLACK","FRONT END","SIDE","CA","DL","NO","E",79197,"A","[PREMIUM]",0,"2.0L 4","REAR WHEEL DRIVE","AUTOMATIC","GAS",4,"DEFAULT","On Approval","[PREMIUM]",,"ANDERSON","CA","96007 8706","USA","USD","[PREMIUM]","[PREMIUM]","REC",false,"[PREMIUM]","2.0T PREMIUM",false,false,"[PREMIUM]",,,,,,,,"[PREMIUM]"
"63902796","2026-08-06 20:55:19.488","2026-08-07 20:55:20.661","63902796","2026-08-07 13:16:27.000","[PREMIUM]","343","CA - REDDING","2026-08-07","FRIDAY","1200","PDT","184","V",2003,"FORD","F150","F150","4DR EXT CAB PICKUP","GREEN","MECHANICAL","SIDE","CA","DV","YES","E",287039,"A","[PREMIUM]",0,"4.6L 8","REAR WHEEL DRIVE","MANUAL","GAS",8,"DEFAULT","On Minimum Bid","[PREMIUM]",,"ANDERSON","CA","96007 8706","USA","USD","[PREMIUM]","[PREMIUM]","F080",false,"[PREMIUM]",,false,false,"[PREMIUM]",,,,,,,,"[PREMIUM]"
"63583926","2026-08-06 20:55:19.480","2026-08-14 16:17:14.029","63583926","2026-08-14 00:17:52.000","[PREMIUM]","343","CA - REDDING","2026-08-14","FRIDAY","1200","PDT","80","V",2015,"KIA","OPTIMA","OPTIMA","SEDAN 4DR","GRAY","REAR END",,"CA","SC","YES","D",127538,"A","[PREMIUM]",7346.34,"2.4L 4","FRONT WHEEL DRIVE","AUTOMATIC","GAS",4,"Run & Drive Verified","Pure Sale","[PREMIUM]",,"ANDERSON","CA","96007 8706","USA","USD","[PREMIUM]","[PREMIUM]","C030",false,"[PREMIUM]","EX",false,false,"[PREMIUM]",,,,,,,,"[PREMIUM]"
"63902776","2026-08-06 20:55:19.475","2026-08-14 04:17:19.002","63902776","2026-08-14 00:17:52.000","[PREMIUM]","343","CA - REDDING","2026-08-14","FRIDAY","1200","PDT","161","V",1991,"FORD","F150","F150","CLUB CAB PICKUP","BLUE","MECHANICAL",,"CA","DV","YES","E",6161,"A","[PREMIUM]",0,"4.9L 6","REAR WHEEL DRIVE","MANUAL","GAS",6,"DEFAULT","On Minimum Bid","[PREMIUM]",,"ANDERSON","CA","96007 8706","USA","USD","[PREMIUM]","[PREMIUM]","F070",false,"[PREMIUM]",,false,false,"[PREMIUM]",,,,,,,,"[PREMIUM]"
"63772916","2026-08-06 20:55:19.462","2026-08-07 20:55:20.640","63772916","2026-08-06 23:19:21.000","[PREMIUM]","343","CA - REDDING","2026-08-07","FRIDAY","1200","PDT","166","V",2005,"TOYOTA","AVALON","AVALON","SEDAN","GREEN","FRONT END",,"CA","AC","YES","E",165698,"A","[PREMIUM]",0,"3.5L 6","FRONT WHEEL DRIVE","AUTOMATIC","GAS",6,"DEFAULT","On Minimum Bid","[PREMIUM]",,"ANDERSON","CA","96007 8706","USA","USD","[PREMIUM]","[PREMIUM]","F010",false,"[PREMIUM]","LIMITED",false,false,"[PREMIUM]",,,,,,,,"[PREMIUM]"
"63352886","2026-08-06 20:55:19.428","2026-08-14 16:17:13.935","63352886","2026-08-14 00:17:52.000","[PREMIUM]","343","CA - REDDING","2026-08-14","FRIDAY","1200","PDT","166","V",2000,"FORD","F150","F150","4DR EXT CAB PICKUP","WHITE","ALL OVER",,"CA","SC","YES","E",0,"E","[PREMIUM]",6830.5,"5.4L 8","4X4 W/REAR WHEEL DRV","AUTOMATIC","GAS",8,"DEFAULT","Pure Sale","[PREMIUM]",,"ANDERSON","CA","96007 8706","USA","USD","[PREMIUM]","[PREMIUM]","E140",false,"[PREMIUM]",,false,false,"[PREMIUM]",,,,,,,,"[PREMIUM]"
"63043466","2026-08-06 20:55:19.394","2026-08-14 16:17:14.034","63043466","2026-08-14 00:17:52.000","[PREMIUM]","343","CA - REDDING","2026-08-14","FRIDAY","1200","PDT","19","V",2015,"JEEP","CHEROKEE","CHEROKEE","4DR SPORT UTILITY","WHITE","MINOR DENT/SCRATCHES",,"CA","SC","YES","D",122346,"A","[PREMIUM]",9069.74,"2.4L 4","4X4 W/FRONT WHL DRV","AUTOMATIC","GAS",4,"Run & Drive Verified","Pure Sale","[PREMIUM]",,"ANDERSON","CA","96007 8706","USA","USD","[PREMIUM]","[PREMIUM]","B040",false,"[PREMIUM]","LATITUDE",false,false,"[PREMIUM]",,,,,,,,"[PREMIUM]"
"63055026","2026-08-06 20:55:19.380","2026-08-14 16:17:13.915","63055026","2026-08-14 00:17:52.000","[PREMIUM]","343","CA - REDDING","2026-08-14","FRIDAY","1200","PDT","147","V",2014,"SUBARU","OUTBACK","OUTBACK","4DR SPORT UTILITY","WHITE","FRONT END","SIDE","CA","SC","YES","E",230071,"A","[PREMIUM]",10162.45,"2.5L 4","ALL WHEEL DRIVE","AUTOMATIC","GAS",4,"DEFAULT","Pure Sale","[PREMIUM]",,"ANDERSON","CA","96007 8706","USA","USD","[PREMIUM]","[PREMIUM]","D060",false,"[PREMIUM]","2.5I PREMIUM",false,false,"[PREMIUM]",,,,,,,,"[PREMIUM]"
"62878986","2026-08-06 20:55:19.342","2026-08-14 16:17:13.884","62878986","2026-08-14 00:17:52.000","[PREMIUM]","343","CA - REDDING","2026-08-14","FRIDAY","1200","PDT","157","V",2016,"HONDA","ODYSSEY","ODYSSEY","SPORTS VAN","GRAY","FRONT END","REAR END","CA","SC","YES","E",58358,"A","[PREMIUM]",20911.86,"3.5L 6","FRONT WHEEL DRIVE","AUTOMATIC","GAS",6,"DEFAULT","Pure Sale","[PREMIUM]",,"ANDERSON","CA","96007 8706","USA","USD","[PREMIUM]","[PREMIUM]","C040",false,"[PREMIUM]","EXL",false,false,"[PREMIUM]",,,,,,,,"[PREMIUM]"
"62474626","2026-08-06 20:55:19.253","2026-08-14 16:17:13.765","62474626","2026-08-14 00:17:52.000","[PREMIUM]","343","CA - REDDING","2026-08-14","FRIDAY","1200","PDT","70","V",2008,"CHEVROLET","SUBURBAN","SUBURBAN","4DR SPORT UTILITY","BLUE","REAR END","FRONT END","CA","SC","YES","D",231708,"A","[PREMIUM]",5056,"5.3L 8","4X4 W/REAR WHEEL DRV","AUTOMATIC","FLEXIBLE",8,"Run & Drive Verified","On Minimum Bid","[PREMIUM]",,"ANDERSON","CA","96007 8706","USA","USD","[PREMIUM]","[PREMIUM]","F090",false,"[PREMIUM]","K1500 LS",false,false,"[PREMIUM]",,,,,,,,"[PREMIUM]"
"61800306","2026-08-06 20:55:19.222","2026-08-14 16:17:13.657","61800306","2026-08-14 00:17:52.000","[PREMIUM]","343","CA - REDDING","2026-08-14","FRIDAY","1200","PDT","222","V",2004,"TOYOTA","SIENNA","SIENNA","MINI-VAN","SILVER","REAR END",,"CA","SC","YES","S",198766,"A","[PREMIUM]",0,"3.3L 6","FRONT WHEEL DRIVE","AUTOMATIC","GAS",6,"Vehicle Starts","Pure Sale","[PREMIUM]",,"ANDERSON","CA","96007 8706","USA","USD","[PREMIUM]","[PREMIUM]","E050",false,"[PREMIUM]","XLE 7 PASSENGER",false,false,"[PREMIUM]",,,,,,,,"[PREMIUM]"
"60465496","2026-08-06 20:55:19.049","2026-08-20 17:43:19.547","60465496","2026-08-06 19:50:58.000","[PREMIUM]","343","CA - REDDING",,,,"PDT","0","V",2006,"CHEVROLET","ALL Models","SILVERADO","CREW PICKUP","BURN","BURN",,"CA","NR","EXM","E",0,"E","[PREMIUM]",0,"6.6L 8","4X4 W/REAR WHEEL DRV","AUTOMATIC","DIESEL",8,"DEFAULT","Pure Sale","[PREMIUM]",,"ANDERSON","CA","96007 8706","USA","USD","[PREMIUM]","[PREMIUM]","A060",false,"[PREMIUM]","K2500 HEAVY DUTY",false,false,"[PREMIUM]",,,,,,,,"[PREMIUM]"
"60091706","2026-08-06 20:55:19.045","2026-08-11 02:31:00.030","60091706","2026-08-06 20:05:37.000","[PREMIUM]","343","CA - REDDING",,,,"PDT","0","V",2025,"CHEVROLET","TRAILBLZR","TRAILBLAZER","SPORT UTILITY VEHICLE","RED","FRONT END","REAR END","CA","SC","YES","E",23249,"A","[PREMIUM]",0,"1.3L 3","ALL WHEEL DRIVE","AUTOMATIC","GAS",3,"DEFAULT","Pure Sale","[PREMIUM]",,"ANDERSON","CA","96007 8706","USA","USD","[PREMIUM]","[PREMIUM]","D060",false,"[PREMIUM]","RS",false,false,"[PREMIUM]",,,,,,,,"[PREMIUM]"
"59994116","2026-08-06 20:55:19.007","2026-08-14 16:17:13.360","59994116","2026-08-14 00:17:52.000","[PREMIUM]","343","CA - REDDING","2026-08-14","FRIDAY","1200","PDT","165","V",2013,"CHEVROLET","SILVERADO","SILVERADO","4DR EXT CAB PICKUP","SILVER","ALL OVER","FRAME DAMAGE","CA","SC","YES","E",205742,"A","[PREMIUM]",0,"4.8L 8","4X4 W/REAR WHEEL DRV","AUTOMATIC","FLEXIBLE",8,"DEFAULT","Pure Sale","[PREMIUM]",,"ANDERSON","CA","96007 8706","USA","USD","[PREMIUM]","[PREMIUM]","D090",false,"[PREMIUM]","K1500 LT",false,false,"[PREMIUM]",,,,,,,,"[PREMIUM]"
"59664226","2026-08-06 20:55:19.001","2026-08-14 16:17:13.279","59664226","2026-08-14 00:17:52.000","[PREMIUM]","343","CA - REDDING","2026-08-14","FRIDAY","1200","PDT","28","V",2013,"FORD","ESCAPE","ESCAPE","4DR SPORT UTILITY","GRAY","SIDE","FRONT END","CA","SC","YES","D",178336,"A","[PREMIUM]",5759.64,"1.6L 4","FRONT WHEEL DRIVE","AUTOMATIC","GAS",4,"Run & Drive Verified","Pure Sale","[PREMIUM]",,"ANDERSON","CA","96007 8706","USA","USD","[PREMIUM]","[PREMIUM]","C040",false,"[PREMIUM]","SEL",false,false,"[PREMIUM]",,,,,,,,"[PREMIUM]"
"54537786","2026-08-06 20:55:18.698","2026-08-14 16:17:12.962","54537786","2026-08-14 00:17:52.000","[PREMIUM]","343","CA - REDDING","2026-08-14","FRIDAY","1200","PDT","78","V",2006,"LEXUS","IS","IS","SEDAN 4DR","GRAY","FRONT END",,"CA","SC","YES","D",165252,"A","[PREMIUM]",0,"2.5L 6","REAR WHEEL DRIVE","AUTOMATIC","GAS",6,"Run & Drive Verified","Pure Sale","[PREMIUM]",,"ANDERSON","CA","96007 8706","USA","USD","[PREMIUM]","[PREMIUM]","C040",false,"[PREMIUM]","250",false,false,"[PREMIUM]",,,,,,,,"[PREMIUM]"
"55009216","2026-08-06 20:55:18.686","2026-08-11 02:30:59.725","55009216","2026-08-06 19:48:04.000","[PREMIUM]","343","CA - REDDING",,,,"PDT","0","V",2013,"HONDA","ACCORD","ACCORD","SEDAN 4DR","WHITE","SIDE","FRONT END","CA","SC","YES","D",122286,"A","[PREMIUM]",0,"2.4L 4","FRONT WHEEL DRIVE","AUTOMATIC","GAS",4,"Run & Drive Verified","Pure Sale","[PREMIUM]",,"ANDERSON","CA","96007 8706","USA","USD","[PREMIUM]","[PREMIUM]","B040",false,"[PREMIUM]","LX",false,false,"[PREMIUM]",,,,,,,,"[PREMIUM]"
"54527866","2026-08-06 20:55:18.683","2026-08-19 15:02:47.744","54527866","2026-08-06 19:48:04.000","[PREMIUM]","343","CA - REDDING",,,,"PDT","0","V",2013,"BMW","3 SERIES","320","SEDAN 4DR","WHITE","FRONT END",,"CA","SC","YES","D",130088,"A","[PREMIUM]",8177.49,"2.0L 4","REAR WHEEL DRIVE","AUTOMATIC","GAS",4,"Run & Drive Verified","Pure Sale","[PREMIUM]",,"ANDERSON","CA","96007 8706","USA","USD","[PREMIUM]","[PREMIUM]","E050",false,"[PREMIUM]","I",false,false,"[PREMIUM]",,,,,,,,"[PREMIUM]"
"63714956","2026-08-06 20:55:18.317","2026-08-11 02:30:58.863","63714956","2026-08-10 19:22:34.000","[PREMIUM]","342","MD - BALTIMORE EAST","2026-08-11","TUESDAY","1000","EDT","0","V",2016,"TOYOTA","CAMRY","CAMRY","SEDAN","SILVER","MECHANICAL","MINOR DENT/SCRATCHES","NY","CT","YES","E",225099,"A","[PREMIUM]",0,"2.5L 4","FRONT WHEEL DRIVE","AUTOMATIC","GAS",4,"DEFAULT","On Approval","[PREMIUM]",,"BALTIMORE","MD","21225","USA","USD","[PREMIUM]","[PREMIUM]","E040",false,"[PREMIUM]","SE",false,false,"[PREMIUM]",,,,,,,,"[PREMIUM]"
"77248325","2026-08-06 20:55:18.313","2026-08-20 17:43:18.615","77248325","2026-08-06 19:52:06.000","[PREMIUM]","342","MD - BALTIMORE EAST",,,,"EDT","0","V",2016,"ACURA","TLX","TLX","SEDAN 4DR","BLACK","FRONT END","MINOR DENT/SCRATCHES","MD","S1","YES","E",82009,"A","[PREMIUM]",14941.07,"3.5L 6","FRONT WHEEL DRIVE","AUTOMATIC","GAS",6,"DEFAULT","Pure Sale","[PREMIUM]",,"BALTIMORE","MD","21225","USA","USD","[PREMIUM]","[PREMIUM]","E010",false,"[PREMIUM]",,false,false,"[PREMIUM]",,,,,,,,"[PREMIUM]"
"64072826","2026-08-06 20:55:18.163","2026-08-18 09:02:52.998","64072826","2026-08-18 08:00:30.000","[PREMIUM]","342","MD - BALTIMORE EAST","2026-08-18","TUESDAY","1000","EDT","2024","V",2012,"AUDI","Q5","Q5","4DR SPORT UTILITY","GRAY","MECHANICAL","MINOR DENT/SCRATCHES","MD","CT","YES","D",156348,"A","[PREMIUM]",0,"2.0L 4","ALL WHEEL DRIVE","AUTOMATIC","GAS",4,"Run & Drive Verified","On Minimum Bid","[PREMIUM]",,"BALTIMORE","MD","21225","USA","USD","[PREMIUM]","[PREMIUM]","I010",true,"[PREMIUM]","PREMIUM PLUS",false,false,"[PREMIUM]",,,,,,,,"[PREMIUM]"
"63937826","2026-08-06 20:55:18.152","2026-08-20 17:43:17.389","63937826","2026-08-20 14:13:18.000","[PREMIUM]","342","MD - BALTIMORE EAST","2026-08-25","TUESDAY","1000","EDT","0","V",2018,"NISSAN","ALTIMA","ALTIMA","SEDAN","SILVER","SIDE","MINOR DENT/SCRATCHES","MD","S1","YES","D",156920,"A","[PREMIUM]",4813.7,"2.5L 4","FRONT WHEEL DRIVE","AUTOMATIC","GAS",4,"Run & Drive Verified","Pure Sale","[PREMIUM]",,"BALTIMORE","MD","21225","USA","USD","[PREMIUM]","[PREMIUM]","F010",false,"[PREMIUM]","2.5 S",false,false,"[PREMIUM]",,,,,,,,"[PREMIUM]"
"64047186","2026-08-06 20:55:18.149","2026-08-20 17:43:17.458","64047186","2026-08-08 15:38:29.000","[PREMIUM]","342","MD - BALTIMORE EAST",,,,"EDT","0","V",2006,"NISSAN","ALTIMA","ALTIMA","SEDAN","GREEN","REAR END","SIDE","MD","S1","YES","D",161086,"A","[PREMIUM]",3099.81,"2.5L 4","FRONT WHEEL DRIVE","AUTOMATIC","GAS",4,"Run & Drive Verified","Pure Sale","[PREMIUM]",,"BALTIMORE","MD","21225","USA","USD","[PREMIUM]","[PREMIUM]","3D060",false,"[PREMIUM]","2.5",false,false,"[PREMIUM]",,,,,,,,"[PREMIUM]"
"63757376","2026-08-06 20:55:18.121","2026-08-20 17:43:17.273","63757376","2026-08-19 13:03:16.000","[PREMIUM]","342","MD - BALTIMORE EAST","2026-08-25","TUESDAY","1000","EDT","0","V",2007,"CHEVROLET","SILVERADO","SILVERADO","4DR EXT CAB PICKUP","SILVER","MECHANICAL","SIDE","MD","CT","YES","S",274663,"A","[PREMIUM]",0,"4.8L 8","4X4 W/REAR WHEEL DRV","AUTOMATIC","GAS",8,"Vehicle Starts","On Minimum Bid","[PREMIUM]",,"BALTIMORE","MD","21225","USA","USD","[PREMIUM]","[PREMIUM]","SA004",true,"[PREMIUM]","K1500",false,false,"[PREMIUM]",,,,,,,,"[PREMIUM]"
"63746966","2026-08-06 20:55:18.113","2026-08-18 09:02:52.839","63746966","2026-08-18 08:00:31.000","[PREMIUM]","342","MD - BALTIMORE EAST","2026-08-18","TUESDAY","1000","EDT","3045","V",2016,"CHEVROLET","CRUZE","CRUZE LIMITED","SEDAN 4DR","BLACK","MECHANICAL","VANDALISM","VA","CT","YES","E",132647,"A","[PREMIUM]",0,"1.4L 4","FRONT WHEEL DRIVE","AUTOMATIC","GAS",4,"DEFAULT","On Minimum Bid","[PREMIUM]",,"BALTIMORE","MD","21225","USA","USD","[PREMIUM]","[PREMIUM]","H070",true,"[PREMIUM]","LT",false,false,"[PREMIUM]",,,,,,,,"[PREMIUM]"
"63304376","2026-08-06 20:55:18.043","2026-08-11 02:31:23.971","63304376","2026-08-06 19:01:01.000","[PREMIUM]","342","MD - BALTIMORE EAST","2026-08-11","TUESDAY","1000","EDT","0","V",2002,"ISUZU","RODEO","RODEO","4DR SPORT UTILITY","BLACK","MECHANICAL","MINOR DENT/SCRATCHES","MD","CT","YES","S",170231,"A","[PREMIUM]",0,"3.2L 6","4X4 W/REAR WHEEL DRV","AUTOMATIC","GAS",6,"Vehicle Starts","On Minimum Bid","[PREMIUM]",,"BALTIMORE","MD","21225","USA","USD","[PREMIUM]","[PREMIUM]","CC030",true,"[PREMIUM]","S",false,false,"[PREMIUM]",,,,,,,,"[PREMIUM]"
"63213356","2026-08-06 20:55:18.019","2026-08-11 02:30:58.670","63213356","2026-08-06 20:11:13.000","[PREMIUM]","342","MD - BALTIMORE EAST","2026-08-11","TUESDAY","1000","EDT","0","V",2010,"HONDA","ACCORD","ACCORD","SEDAN 4DR","BLACK","MECHANICAL","MINOR DENT/SCRATCHES","MD","CT","YES","E",200742,"A","[PREMIUM]",0,"2.4L 4","FRONT WHEEL DRIVE","AUTOMATIC","GAS",4,"DEFAULT","On Approval","[PREMIUM]",,"BALTIMORE","MD","21225","USA","USD","[PREMIUM]","[PREMIUM]","F080",false,"[PREMIUM]","EXL",false,false,"[PREMIUM]",,,,,,,,"[PREMIUM]"
"63170606","2026-08-06 20:55:17.984","2026-08-18 09:02:52.370","63170606","2026-08-18 08:00:32.000","[PREMIUM]","342","MD - BALTIMORE EAST","2026-08-18","TUESDAY","1000","EDT","4151","V",2017,"HONDA","CRV","CR-V","SPORT UTILITY VEHICLE","BLUE","SIDE","FRONT END","MD","S1","YES","D",34748,"A","[PREMIUM]",18131,"2.4L 4","FRONT WHEEL DRIVE","AUTOMATIC","GAS",4,"Run & Drive Verified","Pure Sale","[PREMIUM]",,"BALTIMORE","MD","21225","USA","USD","[PREMIUM]","[PREMIUM]","F020",false,"[PREMIUM]","LX",false,false,"[PREMIUM]",,,,,,,,"[PREMIUM]"
"63142636","2026-08-06 20:55:17.981","2026-08-18 09:02:52.324","63142636","2026-08-18 08:00:32.000","[PREMIUM]","342","MD - BALTIMORE EAST","2026-08-18","TUESDAY","1000","EDT","4144","V",2016,"LAND ROVER","DISCOVERY","DISCOVERY SPORT","4DR SPORT UTILITY","WHITE","TOP/ROOF","MINOR DENT/SCRATCHES","MD","S1","YES","D",134708,"A","[PREMIUM]",6575.6,"2.0L 4","4X4 W/REAR WHEEL DRV","AUTOMATIC","GAS",4,"Run & Drive Verified","On Minimum Bid","[PREMIUM]",,"BALTIMORE","MD","21225","USA","USD","[PREMIUM]","[PREMIUM]","F070",false,"[PREMIUM]","SE",false,false,"[PREMIUM]",,,,,,,,"[PREMIUM]"
"63165216","2026-08-06 20:55:17.978","2026-08-20 17:43:16.836","63165216","2026-08-18 15:18:38.000","[PREMIUM]","880","*NCS - EASTERN REGION","2026-08-20","THURSDAY","2100","EDT","0","V",2016,"MERCEDES-BENZ","GL-CLASS","GL","4DR SPORT UTILITY","BLUE","MINOR DENT/SCRATCHES",,"MD","CT","YES","D",150006,"A","[PREMIUM]",0,"3.0L 6","ALL WHEEL DRIVE","AUTOMATIC","GAS",6,"Run & Drive Verified","On Minimum Bid","[PREMIUM]",,"BALTIMORE","MD","21225","USA","USD","[PREMIUM]","[PREMIUM]","E090",true,"[PREMIUM]","450 4MATIC",false,false,"[PREMIUM]",,,,,,,,"[PREMIUM]"
"63175356","2026-08-06 20:55:17.960","2026-08-18 09:02:52.388","63175356","2026-08-18 08:00:31.000","[PREMIUM]","342","MD - BALTIMORE EAST","2026-08-18","TUESDAY","1000","EDT","4004","V",2020,"AUDI","Q5","Q5","SPORT UTILITY VEHICLE","GRAY","FRONT END","MINOR DENT/SCRATCHES","MD","S1","YES","S",91449,"A","[PREMIUM]",11184.39,"2.0L 4","ALL WHEEL DRIVE","AUTOMATIC","GAS",4,"Vehicle Starts","Pure Sale","[PREMIUM]",,"BALTIMORE","MD","21225","USA","USD","[PREMIUM]","[PREMIUM]","G080",false,"[PREMIUM]","PREMIUM",false,false,"[PREMIUM]",,,,,,,,"[PREMIUM]"
"63013096","2026-08-06 20:55:17.879","2026-08-11 02:30:58.510","63013096","2026-08-06 20:20:35.000","[PREMIUM]","342","MD - BALTIMORE EAST","2026-08-11","TUESDAY","1000","EDT","0","V",2014,"CHEVROLET","CAPTIVA","CAPTIVA","4DR SPORT UTILITY","BLUE","MECHANICAL","MINOR DENT/SCRATCHES","MD","CT","YES","E",118629,"A","[PREMIUM]",0,"2.4L 4","FRONT WHEEL DRIVE","AUTOMATIC","FLEXIBLE",4,"DEFAULT","On Minimum Bid","[PREMIUM]",,"BALTIMORE","MD","21225","USA","USD","[PREMIUM]","[PREMIUM]","3C020",true,"[PREMIUM]","LTZ",false,false,"[PREMIUM]",,,,,,,,"[PREMIUM]"
"62928796","2026-08-06 20:55:17.810","2026-08-18 09:02:52.152","62928796","2026-08-18 08:00:30.000","[PREMIUM]","342","MD - BALTIMORE EAST","2026-08-18","TUESDAY","1000","EDT","2096","V",2016,"FORD","ESCAPE","ESCAPE","4DR SPORT UTILITY","SILVER","REAR END","MINOR DENT/SCRATCHES","MD","S1","YES","D",107013,"A","[PREMIUM]",6202.72,"2.0L 4","4X4 W/FRONT WHL DRV","AUTOMATIC","GAS",4,"Run & Drive Verified","Pure Sale","[PREMIUM]",,"BALTIMORE","MD","21225","USA","USD","[PREMIUM]","[PREMIUM]","C090",false,"[PREMIUM]","SE",false,false,"[PREMIUM]",,,,,,,,"[PREMIUM]"
"62940566","2026-08-06 20:55:17.806","2026-08-13 08:31:20.582","62940566","2026-08-13 08:00:14.000","[PREMIUM]","342","MD - BALTIMORE EAST","2026-08-13","THURSDAY","1000","EDT","2563","V",2025,"KIA","ALL OTHER","K4","SEDAN","GRAY","FRONT END","SIDE","VA","ST","YES","E",37025,"A","[PREMIUM]",35396,"2.0L 4","FRONT WHEEL DRIVE","AUTOMATIC","GAS",4,"DEFAULT","On Minimum Bid","[PREMIUM]",,"BALTIMORE","MD","21225","USA","USD","[PREMIUM]","[PREMIUM]","BCSBY",false,"[PREMIUM]","LXS",true,false,"[PREMIUM]",,,,,,,,"[PREMIUM]"
"62440166","2026-08-06 20:55:17.586","2026-08-20 17:43:16.392","62440166","2026-08-06 20:03:11.000","[PREMIUM]","342","MD - BALTIMORE EAST",,,,"EDT","0","V",2015,"FORD","TAURUS","TAURUS","SEDAN 4DR","RED","REAR END",,"MD","S1","YES","D",148072,"A","[PREMIUM]",14950.67,"3.5L 6","ALL WHEEL DRIVE","AUTOMATIC","GAS",6,"Run & Drive Verified","Pure Sale","[PREMIUM]",,"BALTIMORE","MD","21225","USA","USD","[PREMIUM]","[PREMIUM]","I020",false,"[PREMIUM]","SEL",false,false,"[PREMIUM]",,,,,,,,"[PREMIUM]"
"62390256","2026-08-06 20:55:17.532","2026-08-11 02:30:59.094","62390256","2026-08-06 19:27:48.000","[PREMIUM]","342","MD - BALTIMORE EAST","2026-08-11","TUESDAY","1000","EDT","0","V",2012,"KIA","SORENTO","SORENTO","SUV","BLUE","VANDALISM","MINOR DENT/SCRATCHES","MD","CT","EXM","D",101094,"A","[PREMIUM]",0,"2.4L 4","ALL WHEEL DRIVE","AUTOMATIC","GAS",4,"Run & Drive Verified","On Minimum Bid","[PREMIUM]",,"BALTIMORE","MD","21225","USA","USD","[PREMIUM]","[PREMIUM]","G010",true,"[PREMIUM]","LX",false,false,"[PREMIUM]",,,,,,,,"[PREMIUM]"
"62351886","2026-08-06 20:55:17.524","2026-08-18 09:02:51.760","62351886","2026-08-18 08:00:31.000","[PREMIUM]","342","MD - BALTIMORE EAST","2026-08-18","TUESDAY","1000","EDT","4070","V",2019,"HONDA","CRV","CR-V","SPORT UTILITY VEHICLE","GRAY","FRONT END","REAR END","MD","S1","YES","S",41474,"A","[PREMIUM]",21131.6,"2.4L 4","FRONT WHEEL DRIVE","AUTOMATIC","GAS",4,"Vehicle Starts","Pure Sale","[PREMIUM]",,"BALTIMORE","MD","21225","USA","USD","[PREMIUM]","[PREMIUM]","3G070",false,"[PREMIUM]","LX",false,false,"[PREMIUM]",,,,,,,,"[PREMIUM]"
"62091796","2026-08-06 20:55:17.320","2026-08-19 15:02:45.261","62091796","2026-08-19 10:00:40.000","[PREMIUM]","835","MEDIUM DUTY SPECIALTY SALE","2026-08-19","WEDNESDAY","1100","CDT","4003","K",2016,"NISSAN","NV","NV200","MINI-VAN","BLUE","FRONT END","MINOR DENT/SCRATCHES","MD","S1","YES","D",158123,"A","[PREMIUM]",14270.09,"2.0L 4","FRONT WHEEL DRIVE","AUTOMATIC","GAS",4,"Run & Drive Verified","Pure Sale","[PREMIUM]",,"BALTIMORE","MD","21225","USA","USD","[PREMIUM]","[PREMIUM]","TT010",false,"[PREMIUM]","SV",false,false,"[PREMIUM]",,,,,,,,"[PREMIUM]"
"61851976","2026-08-06 20:55:17.209","2026-08-18 09:02:51.467","61851976","2026-08-18 08:00:30.000","[PREMIUM]","342","MD - BALTIMORE EAST","2026-08-18","TUESDAY","1000","EDT","2036","V",2025,"HYUNDAI","SONATA","SONATA","SEDAN","BLACK","TOP/ROOF","FRONT END","MD","S1","YES","D",9257,"A","[PREMIUM]",35798,"2.5L 4","FRONT WHEEL DRIVE","AUTOMATIC","GAS",4,"Run & Drive Verified","On Minimum Bid","[PREMIUM]",,"BALTIMORE","MD","21225","USA","USD","[PREMIUM]","[PREMIUM]","3E040",false,"[PREMIUM]","SE",false,false,"[PREMIUM]",,,,,,,,"[PREMIUM]"
"61845736","2026-08-06 20:55:17.191","2026-08-20 17:43:15.975","61845736","2026-08-18 19:05:19.000","[PREMIUM]","880","*NCS - EASTERN REGION","2026-08-20","THURSDAY","2100","EDT","0","V",2022,"CHEVROLET","TRAILBLAZE","TRAILBLAZER","SPORT UTILITY VEHICLE","BLACK","FRONT END",,"MD","CT","YES","D",121214,"A","[PREMIUM]",0,"1.3L 3","ALL WHEEL DRIVE","AUTOMATIC","GAS",3,"Run & Drive Verified","On Minimum Bid","[PREMIUM]",,"BALTIMORE","MD","21225","USA","USD","[PREMIUM]","[PREMIUM]","3D010",true,"[PREMIUM]","LS",false,false,"[PREMIUM]",,,,,,,,"[PREMIUM]"
"61840366","2026-08-06 20:55:17.166","2026-08-20 17:43:15.978","61840366","2026-08-18 19:05:00.000","[PREMIUM]","880","*NCS - EASTERN REGION","2026-08-20","THURSDAY","2100","EDT","0","V",2025,"HYUNDAI","SONATA","SONATA","SEDAN","GRAY","FRONT END","REAR END","MD","CT","YES","D",26217,"A","[PREMIUM]",0,"2.5L 4","FRONT WHEEL DRIVE","AUTOMATIC","GAS",4,"Run & Drive Verified","On Minimum Bid","[PREMIUM]",,"BALTIMORE","MD","21225","USA","USD","[PREMIUM]","[PREMIUM]","3E040",true,"[PREMIUM]","SEL",false,false,"[PREMIUM]",,,,,,,,"[PREMIUM]"
"60653706","2026-08-06 20:55:16.770","2026-08-20 17:43:15.303","60653706","2026-08-06 20:03:12.000","[PREMIUM]","342","MD - BALTIMORE EAST",,,,"EDT","0","V",2025,"NISSAN","VERSA","VERSA","SEDAN","PURPLE","ALL OVER",,"MD","S1","YES","D",2806,"A","[PREMIUM]",30478.09,"1.6L 4","FRONT WHEEL DRIVE","AUTOMATIC","GAS",4,"Run & Drive Verified","Pure Sale","[PREMIUM]",,"BALTIMORE","MD","21225","USA","USD","[PREMIUM]","[PREMIUM]","G030",false,"[PREMIUM]","SV",false,false,"[PREMIUM]",,,,,,,,"[PREMIUM]"
"60612626","2026-08-06 20:55:16.740","2026-08-20 17:43:15.255","60612626","2026-08-20 14:41:39.000","[PREMIUM]","342","MD - BALTIMORE EAST","2026-08-25","TUESDAY","1000","EDT","0","V",2011,"HYUNDAI","ELANTRA","ELANTRA TOURING","WAGON","SILVER","FRONT END","REAR END","MD","S1","YES","D",71901,"A","[PREMIUM]",7253.13,"2.0L 4","FRONT WHEEL DRIVE","AUTOMATIC","GAS",4,"Run & Drive Verified","Pure Sale","[PREMIUM]",,"BALTIMORE","MD","21225","USA","USD","[PREMIUM]","[PREMIUM]","A080",false,"[PREMIUM]","SE",false,false,"[PREMIUM]",,,,,,,,"[PREMIUM]"
"60272236","2026-08-06 20:55:16.573","2026-08-20 17:43:15.096","60272236","2026-08-06 20:03:11.000","[PREMIUM]","342","MD - BALTIMORE EAST",,,,"EDT","0","V",2025,"NISSAN","SENTRA","SENTRA","SEDAN","BLACK","FRONT END","MECHANICAL","MD","S1","YES","E",32006,"A","[PREMIUM]",24180.09,"2.0L 4","FRONT WHEEL DRIVE","AUTOMATIC","GAS",4,"DEFAULT","Pure Sale","[PREMIUM]",,"BALTIMORE","MD","21225","USA","USD","[PREMIUM]","[PREMIUM]","F090",false,"[PREMIUM]","S",false,false,"[PREMIUM]",,,,,,,,"[PREMIUM]"
"59869556","2026-08-06 20:55:16.451","2026-08-20 17:43:14.900","59869556","2026-08-06 20:03:10.000","[PREMIUM]","342","MD - BALTIMORE EAST",,,,"EDT","0","V",2012,"LEXUS","CT 200","CT","HATCHBACK 4DR","RED","SIDE","REAR END","MD","S1","YES","D",131831,"A","[PREMIUM]",6330.03,"1.8L 4","FRONT WHEEL DRIVE","AUTOMATIC","ELECTRIC AND GAS HYBRID",4,"Run & Drive Verified","Pure Sale","[PREMIUM]",,"BALTIMORE","MD","21225","USA","USD","[PREMIUM]","[PREMIUM]","EE030",false,"[PREMIUM]","200",false,false,"[PREMIUM]",,,,,,,,"[PREMIUM]"
"59164716","2026-08-06 20:55:16.147","2026-08-18 09:02:50.269","59164716","2026-08-18 08:00:32.000","[PREMIUM]","342","MD - BALTIMORE EAST","2026-08-18","TUESDAY","1000","EDT","4106","V",2010,"HONDA","CIVIC","CIVIC","COUPE","BLUE","FRONT END","SIDE","ID","SC","YES","D",164036,"A","[PREMIUM]",6898,"1.8L 4","FRONT WHEEL DRIVE","AUTOMATIC","GAS",4,"Run & Drive Verified","Pure Sale","[PREMIUM]",,"BALTIMORE","MD","21225","USA","USD","[PREMIUM]","[PREMIUM]","3G030",false,"[PREMIUM]","LX",false,false,"[PREMIUM]",,,,,,,,"[PREMIUM]"
"59085886","2026-08-06 20:55:16.041","2026-08-20 17:43:14.600","59085886","2026-08-06 20:03:12.000","[PREMIUM]","342","MD - BALTIMORE EAST",,,,"EDT","0","V",2020,"CHEVROLET","SPARK","SPARK","HATCHBACK","WHITE","FRONT END","MINOR DENT/SCRATCHES","MD","S1","YES","D",110713,"A","[PREMIUM]",7008.88,"1.4L 4","FRONT WHEEL DRIVE","AUTOMATIC","GAS",4,"Run & Drive Verified","Pure Sale","[PREMIUM]",,"BALTIMORE","MD","21225","USA","USD","[PREMIUM]","[PREMIUM]","I030",false,"[PREMIUM]","1LT",false,false,"[PREMIUM]",,,,,,,,"[PREMIUM]"
"58769696","2026-08-06 20:55:15.901","2026-08-11 02:30:56.085","58769696","2026-08-06 19:02:34.000","[PREMIUM]","342","MD - BALTIMORE EAST","2026-08-11","TUESDAY","1000","EDT","0","V",2020,"HONDA","RIDGELINE","RIDGELINE","PICKUP","GRAY","FRONT END","MINOR DENT/SCRATCHES","MD","NT","YES","D",43285,"N","[PREMIUM]",31233,"3.5L 6","ALL WHEEL DRIVE","AUTOMATIC","GAS",6,"Run & Drive Verified","On Approval","[PREMIUM]",,"BALTIMORE","MD","21225","USA","USD","[PREMIUM]","[PREMIUM]","3E020",false,"[PREMIUM]","RTL",false,false,"[PREMIUM]",,,,,,,,"[PREMIUM]"
"58442806","2026-08-06 20:55:15.802","2026-08-13 14:31:09.060","58442806","2026-08-13 08:00:13.000","[PREMIUM]","342","MD - BALTIMORE EAST","2026-08-13","THURSDAY","1000","EDT","109","V",2011,"SUBARU","IMPREZA","IMPREZA","STATION WAGON","WHITE","MINOR DENT/SCRATCHES",,"MT","CT","YES","D",234979,"A","[PREMIUM]",0,"2.5L 4","ALL WHEEL DRIVE","AUTOMATIC","GAS",4,"Run & Drive Verified","On Minimum Bid","[PREMIUM]",,"BALTIMORE","MD","21225","USA","USD","[PREMIUM]","[PREMIUM]","GG020",false,"[PREMIUM]","2.5I PREMIUM",false,false,"[PREMIUM]",,,,,,,,"[PREMIUM]"
"58424076","2026-08-06 20:55:15.750","2026-08-11 02:30:55.649","58424076","2026-08-06 18:42:54.000","[PREMIUM]","342","MD - BALTIMORE EAST","2026-08-11","TUESDAY","1000","EDT","0","V",2012,"MINI","COOPER","COOPER","STATION WAGON","BLUE","MINOR DENT/SCRATCHES",,"MD","NT","YES","D",128393,"N","[PREMIUM]",0,"1.6L 4","FRONT WHEEL DRIVE","MANUAL","GAS",4,"Run & Drive Verified","Pure Sale","[PREMIUM]",,"BALTIMORE","MD","21225","USA","USD","[PREMIUM]","[PREMIUM]","FF040",false,"[PREMIUM]","COUNTRYMAN",false,false,"[PREMIUM]",,,,,,,,"[PREMIUM]"
"58379596","2026-08-06 20:55:15.735","2026-08-20 17:43:14.283","58379596","2026-08-06 19:52:07.000","[PREMIUM]","342","MD - BALTIMORE EAST",,,,"EDT","0","V",2013,"TOYOTA","COROLLA","COROLLA","SEDAN","BLACK","FRONT END","SIDE","MD","S1","YES","D",80595,"A","[PREMIUM]",9218.6,"1.8L 4","FRONT WHEEL DRIVE","AUTOMATIC","GAS",4,"Run & Drive Verified","Pure Sale","[PREMIUM]",,"BALTIMORE","MD","21225","USA","USD","[PREMIUM]","[PREMIUM]","G010",false,"[PREMIUM]","LE",false,false,"[PREMIUM]",,,,,,,,"[PREMIUM]"
"57733326","2026-08-06 20:55:15.319","2026-08-18 09:02:49.258","57733326","2026-08-18 08:00:30.000","[PREMIUM]","342","MD - BALTIMORE EAST","2026-08-18","TUESDAY","1000","EDT","135","V",2015,"NISSAN","VERSA","VERSA NOTE","HATCHBACK","RED","FRONT END","MINOR DENT/SCRATCHES","ID","SC","YES","D",133409,"A","[PREMIUM]",6190,"1.6L 4","FRONT WHEEL DRIVE","AUTOMATIC","GAS",4,"Run & Drive Verified","Pure Sale","[PREMIUM]",,"BALTIMORE","MD","21225","USA","USD","[PREMIUM]","[PREMIUM]","DD040",false,"[PREMIUM]","SV",false,false,"[PREMIUM]",,,,,,,,"[PREMIUM]"
"57323256","2026-08-06 20:55:15.123","2026-08-18 15:01:02.230","57323256","2026-08-17 20:01:41.000","[PREMIUM]","855","WHOLESALE AUCTION","2026-08-18","TUESDAY","1200","EDT","7094","V",2020,"VOLKSWAGEN","JETTA","JETTA","SEDAN","GRAY","FRONT END",,"WV","CT","NO","E",99364,"A","[PREMIUM]",0,"1.4L 4","FRONT WHEEL DRIVE","AUTOMATIC","GAS",4,"DEFAULT","On Minimum Bid","[PREMIUM]",,"BALTIMORE","MD","21225","USA","USD","[PREMIUM]","[PREMIUM]","BCSBY",true,"[PREMIUM]","S",false,true,"[PREMIUM]",,,,,"RED LIGHT",1,,"[PREMIUM]"
"57313626","2026-08-06 20:55:15.122","2026-08-19 15:02:42.570","57313626","2026-08-18 15:36:10.000","[PREMIUM]","342","MD - BALTIMORE EAST","2026-08-20","THURSDAY","1000","EDT","0","V",2023,"TOYOTA","COROLLA","COROLLA","SEDAN","RED","FRONT END","SIDE","VA","ST","YES","S",66946,"A","[PREMIUM]",17141,"2.0L 4","FRONT WHEEL DRIVE","AUTOMATIC","GAS",4,"Vehicle Starts","Pure Sale","[PREMIUM]",,"BALTIMORE","MD","21225","USA","USD","[PREMIUM]","[PREMIUM]","3C060",false,"[PREMIUM]","LE",false,false,"[PREMIUM]",,,,,,,,"[PREMIUM]"
"57334516","2026-08-06 20:55:15.121","2026-08-20 17:43:13.758","57334516","2026-08-20 14:10:34.000","[PREMIUM]","836","HEAVY TRUCK SPECIALTY SALE","2026-08-27","THURSDAY","1100","CDT","0","B",2017,"FORD","TRANSIT","TRANSIT","SPORTS VAN","WHITE","SIDE","MINOR DENT/SCRATCHES","MD","S1","YES","D",83343,"A","[PREMIUM]",15212.72,"3.7L 6","REAR WHEEL DRIVE","AUTOMATIC","GAS",6,"Run & Drive Verified","Pure Sale","[PREMIUM]",,"BALTIMORE","MD","21225","USA","USD","[PREMIUM]","[PREMIUM]","TT010",false,"[PREMIUM]","T-350",false,false,"[PREMIUM]",,,,,,,,"[PREMIUM]"
"57112926","2026-08-06 20:55:15.058","2026-08-19 21:06:47.495","57112926","2026-08-19 17:48:56.000","[PREMIUM]","342","MD - BALTIMORE EAST","2026-08-25","TUESDAY","1000","EDT","0","V",2014,"MERCEDES-BENZ","M-CLASS","ML-CLASS",,"BLUE","FRONT END","MINOR DENT/SCRATCHES","MD","CT","YES","D",221870,"A","[PREMIUM]",0,,,"AUTOMATIC",,,"Run & Drive Verified","On Minimum Bid","[PREMIUM]",,"BALTIMORE","MD","21225","USA","USD","[PREMIUM]","[PREMIUM]","3E060",false,"[PREMIUM]",,false,false,"[PREMIUM]",,,,,,,,"[PREMIUM]"
"56995056","2026-08-06 20:55:14.971","2026-08-20 17:43:13.489","56995056","2026-08-06 20:03:10.000","[PREMIUM]","342","MD - BALTIMORE EAST",,,,"EDT","0","V",2018,"JEEP","COMPASS","COMPASS","SPORT UTILITY VEHICLE","BLACK","MECHANICAL",,"MD","S1","YES","E",137232,"A","[PREMIUM]",7962.67,"2.4L 4","4X4 W/FRONT WHL DRV","AUTOMATIC","GAS",4,"DEFAULT","Pure Sale","[PREMIUM]",,"BALTIMORE","MD","21225","USA","USD","[PREMIUM]","[PREMIUM]","A090",false,"[PREMIUM]","LATITUDE",false,false,"[PREMIUM]",,,,,,,,"[PREMIUM]"
"56959966","2026-08-06 20:55:14.936","2026-08-20 17:43:13.501","56959966","2026-08-06 20:03:11.000","[PREMIUM]","342","MD - BALTIMORE EAST",,,,"EDT","0","V",2023,"TOYOTA","COROLLA CR","COROLLA CROSS","SPORT UTILITY VEHICLE","GRAY","REAR END","FRONT END","MD","S1","YES","D",24076,"A","[PREMIUM]",24823.42,"2.0L 4","ALL WHEEL DRIVE","AUTOMATIC","GAS",4,"Run & Drive Verified","Pure Sale","[PREMIUM]",,"BALTIMORE","MD","21225","USA","USD","[PREMIUM]","[PREMIUM]","3E010",false,"[PREMIUM]","XLE",false,false,"[PREMIUM]",,,,,,,,"[PREMIUM]"
"56766746","2026-08-06 20:55:14.814","2026-08-11 02:30:54.816","56766746","2026-08-06 19:29:27.000","[PREMIUM]","342","MD - BALTIMORE EAST","2026-08-11","TUESDAY","1000","EDT","0","V",2004,"LEXUS","SC430","SC","CONVERTIBLE","BLACK","BURN",,"MD","S1","EXM","E",0,"N","[PREMIUM]",45528.49,"4.3L 8","REAR WHEEL DRIVE","AUTOMATIC","GAS",8,"DEFAULT","Pure Sale","[PREMIUM]",,"BALTIMORE","MD","21225","USA","USD","[PREMIUM]","[PREMIUM]","JJ010",false,"[PREMIUM]","430",false,false,"[PREMIUM]",,,,,,,,"[PREMIUM]"
"56366186","2026-08-06 20:55:14.717","2026-08-18 09:02:48.466","56366186","2026-08-18 08:00:31.000","[PREMIUM]","342","MD - BALTIMORE EAST","2026-08-18","TUESDAY","1000","EDT","4065","V",2012,"BMW","X5","X5","4DR SPORT UTILITY","RED","FRONT END","MINOR DENT/SCRATCHES","MD","S1","YES","D",119500,"A","[PREMIUM]",8015.69,"3.0L 6","ALL WHEEL DRIVE","AUTOMATIC","GAS",6,"Run & Drive Verified","Pure Sale","[PREMIUM]",,"BALTIMORE","MD","21225","USA","USD","[PREMIUM]","[PREMIUM]","AA040",false,"[PREMIUM]","XDRIVE35I",false,false,"[PREMIUM]",,,,,,,,"[PREMIUM]"
"56520496","2026-08-06 20:55:14.714","2026-08-18 09:02:48.518","56520496","2026-08-18 08:00:30.000","[PREMIUM]","342","MD - BALTIMORE EAST","2026-08-18","TUESDAY","1000","EDT","2114","V",2019,"TOYOTA","CAMRY","CAMRY","SEDAN","SILVER","REAR END","SIDE","ID","SC","YES","D",89240,"A","[PREMIUM]",13926,"2.5L 4","FRONT WHEEL DRIVE","AUTOMATIC","GAS",4,"Run & Drive Verified","Pure Sale","[PREMIUM]",,"BALTIMORE","MD","21225","USA","USD","[PREMIUM]","[PREMIUM]","H040",false,"[PREMIUM]","SE",false,false,"[PREMIUM]",,,,,,,,"[PREMIUM]"
"56491506","2026-08-06 20:55:14.705","2026-08-18 09:02:48.540","56491506","2026-08-18 08:00:30.000","[PREMIUM]","342","MD - BALTIMORE EAST","2026-08-18","TUESDAY","1000","EDT","2116","V",2017,"ACURA","RDX","RDX","4DR SPORT UTILITY","BLACK","SIDE","FRONT END","ID","SC","YES","D",104378,"A","[PREMIUM]",13928,"3.5L 6","ALL WHEEL DRIVE","AUTOMATIC","GAS",6,"Run & Drive Verified","Pure Sale","[PREMIUM]",,"BALTIMORE","MD","21225","USA","USD","[PREMIUM]","[PREMIUM]","3E010",false,"[PREMIUM]","TECHNOLOGY",false,false,"[PREMIUM]",,,,,,,,"[PREMIUM]"
"56268386","2026-08-06 20:55:14.667","2026-08-18 09:02:48.412","56268386","2026-08-18 08:00:30.000","[PREMIUM]","342","MD - BALTIMORE EAST","2026-08-18","TUESDAY","1000","EDT","4","V",2022,"NISSAN","ROGUE","ROGUE SPORT","WAGON","WHITE","TOP/ROOF","FRONT END","ID","SC","YES","D",45103,"A","[PREMIUM]",14970,"2.0L 4","ALL WHEEL DRIVE","AUTOMATIC","GAS",4,"Run & Drive Verified","Pure Sale","[PREMIUM]",,"BALTIMORE","MD","21225","USA","USD","[PREMIUM]","[PREMIUM]","HH010",false,"[PREMIUM]","SV",false,false,"[PREMIUM]",,,,,,,,"[PREMIUM]"
"56187266","2026-08-06 20:55:14.609","2026-08-12 08:32:59.902","56187266","2026-08-06 20:03:12.000","[PREMIUM]","342","MD - BALTIMORE EAST",,,,"EDT","0","V",2014,"SUBARU","OUTBACK","OUTBACK","4DR SPORT UTILITY","WHITE","FRONT END","MINOR DENT/SCRATCHES","MD","S1","YES","D",100962,"A","[PREMIUM]",9872,"2.5L 4","ALL WHEEL DRIVE","AUTOMATIC","GAS",4,"Run & Drive Verified","Pure Sale","[PREMIUM]",,"BALTIMORE","MD","21225","USA","USD","[PREMIUM]","[PREMIUM]","E010",false,"[PREMIUM]","2.5I PREMIUM",false,false,"[PREMIUM]",,,,,,,,"[PREMIUM]"
"55428086","2026-08-06 20:55:14.312","2026-08-18 09:02:47.934","55428086","2026-08-18 08:00:30.000","[PREMIUM]","342","MD - BALTIMORE EAST","2026-08-18","TUESDAY","1000","EDT","37","V",2013,"FORD","FUSION","FUSION","SEDAN 4DR","PURPLE","FRONT END","SIDE","MD","S1","YES","D",172980,"A","[PREMIUM]",3629,"2.0L 4","FRONT WHEEL DRIVE","AUTOMATIC","GAS",4,"Run & Drive Verified","Pure Sale","[PREMIUM]",,"BALTIMORE","MD","21225","USA","USD","[PREMIUM]","[PREMIUM]","3C010",false,"[PREMIUM]","TITANIUM",false,false,"[PREMIUM]",,,,,,,,"[PREMIUM]"
"55491776","2026-08-06 20:55:14.295","2026-08-18 09:02:47.953","55491776","2026-08-18 08:00:32.000","[PREMIUM]","342","MD - BALTIMORE EAST","2026-08-18","TUESDAY","1000","EDT","4131","V",2019,"NISSAN","ALTIMA","ALTIMA","SEDAN","WHITE","FRONT END","SIDE","ID","SC","YES","D",83778,"A","[PREMIUM]",16657,"2.5L 4","ALL WHEEL DRIVE","AUTOMATIC","GAS",4,"Run & Drive Verified","Pure Sale","[PREMIUM]",,"BALTIMORE","MD","21225","USA","USD","[PREMIUM]","[PREMIUM]","C050",false,"[PREMIUM]","SV",false,false,"[PREMIUM]",,,,,,,,"[PREMIUM]"
"55242876","2026-08-06 20:55:14.195","2026-08-18 09:02:47.833","55242876","2026-08-18 08:00:31.000","[PREMIUM]","342","MD - BALTIMORE EAST","2026-08-18","TUESDAY","1000","EDT","3034","V",2013,"FORD","FOCUS","FOCUS","SEDAN 4DR","RED","SIDE","REAR END","ID","SC","NO","E",127108,"A","[PREMIUM]",14530,"2.0L 4","FRONT WHEEL DRIVE","AUTOMATIC","GAS",4,"DEFAULT","Pure Sale","[PREMIUM]",,"BALTIMORE","MD","21225","USA","USD","[PREMIUM]","[PREMIUM]","L010",false,"[PREMIUM]","SE",false,false,"[PREMIUM]",,,,,,,,"[PREMIUM]"
"55200906","2026-08-06 20:55:14.157","2026-08-20 17:43:12.452","55200906","2026-08-06 20:03:12.000","[PREMIUM]","342","MD - BALTIMORE EAST",,,,"EDT","0","V",2021,"VOLKSWAGEN","ATLAS","ATLAS","SPORT UTILITY VEHICLE","BLACK","SIDE","MINOR DENT/SCRATCHES","MD","S1","YES","D",93996,"A","[PREMIUM]",15851,"3.6L 6","ALL WHEEL DRIVE","AUTOMATIC","GAS",6,"Run & Drive Verified","Pure Sale","[PREMIUM]",,"BALTIMORE","MD","21225","USA","USD","[PREMIUM]","[PREMIUM]","C090",false,"[PREMIUM]","SE",false,false,"[PREMIUM]",,,,,,,,"[PREMIUM]"
"54596536","2026-08-06 20:55:13.747","2026-08-18 09:02:47.637","54596536","2026-08-18 08:00:31.000","[PREMIUM]","342","MD - BALTIMORE EAST","2026-08-18","TUESDAY","1000","EDT","4028","V",2012,"VOLVO","S60","S60","SEDAN 4DR","GRAY","SIDE","MINOR DENT/SCRATCHES","ID","SC","YES","D",152402,"A","[PREMIUM]",6182,"2.4L 5","FRONT WHEEL DRIVE","AUTOMATIC","GAS",5,"Run & Drive Verified","Pure Sale","[PREMIUM]",,"BALTIMORE","MD","21225","USA","USD","[PREMIUM]","[PREMIUM]","DD040",false,"[PREMIUM]","T5",false,false,"[PREMIUM]",,,,,,,,"[PREMIUM]"
"54236406","2026-08-06 20:55:13.432","2026-08-20 17:43:12.087","54236406","2026-08-06 19:52:05.000","[PREMIUM]","342","MD - BALTIMORE EAST",,,,"EDT","0","V",2021,"JEEP","GRAND CHER","GRAND CHEROKEE","SPORT UTILITY VEHICLE","BURGUNDY","SIDE","FRONT END","MD","S1","YES","S",60373,"A","[PREMIUM]",22860.05,"3.6L 6","4X4 W/REAR WHEEL DRV","AUTOMATIC","GAS",6,"Vehicle Starts","Pure Sale","[PREMIUM]",,"BALTIMORE","MD","21225","USA","USD","[PREMIUM]","[PREMIUM]","BB050",false,"[PREMIUM]","L LIMITED",false,false,"[PREMIUM]",,,,,,,,"[PREMIUM]"
"51102426","2026-08-06 20:55:12.046","2026-08-20 17:43:11.271","51102426","2026-08-10 19:14:30.000","[PREMIUM]","342","MD - BALTIMORE EAST",,,,"EDT","0","V",2020,"CHEVROLET","EQUINOX 2R","EQUINOX","SPORT UTILITY VEHICLE","WHITE","REAR END","SIDE","MD","S1","YES","D",168782,"N","[PREMIUM]",6845.87,"1.5L 4","FRONT WHEEL DRIVE","AUTOMATIC","GAS",4,"Run & Drive Verified","Pure Sale","[PREMIUM]",,"BALTIMORE","MD","21225","USA","USD","[PREMIUM]","[PREMIUM]","EE040",false,"[PREMIUM]","2RS",false,false,"[PREMIUM]",,,,,,,,"[PREMIUM]"
"49728516","2026-08-06 20:55:11.793","2026-08-18 09:02:46.443","49728516","2026-08-18 08:00:30.000","[PREMIUM]","342","MD - BALTIMORE EAST","2026-08-18","TUESDAY","1000","EDT","2015","V",2017,"TOYOTA","COROLLA","COROLLA","SEDAN","GRAY","FRONT END","MINOR DENT/SCRATCHES","ID","SC","YES","D",162743,"A","[PREMIUM]",6573,"1.8L 4","FRONT WHEEL DRIVE","AUTOMATIC","GAS",4,"Run & Drive Verified","Pure Sale","[PREMIUM]",,"BALTIMORE","MD","21225","USA","USD","[PREMIUM]","[PREMIUM]","H010",false,"[PREMIUM]","LE",false,false,"[PREMIUM]",,,,,,,,"[PREMIUM]"
"41651396","2026-08-06 20:55:11.380","2026-08-20 17:43:10.816","41651396","2026-08-06 20:03:11.000","[PREMIUM]","342","MD - BALTIMORE EAST",,,,"EDT","0","V",2025,"HYUNDAI","ELANTRA","ELANTRA","SEDAN","BLACK","REAR END","SIDE","MD","S1","YES","D",27137,"A","[PREMIUM]",14004.91,"2.0L 4","FRONT WHEEL DRIVE","AUTOMATIC","GAS",4,"Run & Drive Verified","Pure Sale","[PREMIUM]",,"BALTIMORE","MD","21225","USA","USD","[PREMIUM]","[PREMIUM]","3C030",false,"[PREMIUM]","SEL SPORT",false,false,"[PREMIUM]",,,,,,,,"[PREMIUM]"
"62968956","2026-08-06 20:55:11.063","2026-08-20 17:43:10.161","62968956","2026-08-19 12:40:50.000","[PREMIUM]","341","AL - DOTHAN","2026-08-20","THURSDAY","1200","CDT","42","V",2026,"LINCOLN","CORSAIR","CORSAIR","SPORT UTILITY VEHICLE","GRAY","REAR END","SIDE","AL","ST","YES","D",1012,"A","[PREMIUM]",34530.3,"2.0L 4","FRONT WHEEL DRIVE","AUTOMATIC","GAS",4,"Run & Drive Verified","Pure Sale","[PREMIUM]",,"NEWTON","AL","36352 8228","USA","USD","[PREMIUM]","[PREMIUM]","SC003",false,"[PREMIUM]","PREMIERE",false,false,"[PREMIUM]",,,,,,,,"[PREMIUM]"
"75150085","2026-08-06 20:55:10.075","2026-08-20 11:44:51.813","75150085","2026-08-18 22:27:19.000","[PREMIUM]","340","NC - GASTONIA","2026-08-26","WEDNESDAY","1000","EDT","1104","V",2009,"SATURN","VUE","VUE","4DR SPOR","GOLD","REAR END","SIDE","NC","SC","YES","E",179680,"E","[PREMIUM]",3522.95,"2.4L  4","Front-wheel Drive","AUTOMATIC","GAS",4,"DEFAULT","Pure Sale","[PREMIUM]",,"GASTONIA","NC","28052","USA","USD","[PREMIUM]","[PREMIUM]","C030",false,"[PREMIUM]","XE",false,false,"[PREMIUM]",,,,,,,,"[PREMIUM]"
"63916126","2026-08-06 20:55:10.045","2026-08-19 15:02:37.801","63916126","2026-08-15 18:54:27.000","[PREMIUM]","340","NC - GASTONIA","2026-08-19","WEDNESDAY","1000","EDT","2525","V",2014,"HYUNDAI","ELANTRA","ELANTRA","SEDAN","SILVER","VANDALISM","SIDE","NC","SC","YES","E",207591,"A","[PREMIUM]",3327,"1.8L 4","FRONT WHEEL DRIVE","AUTOMATIC","GAS",4,"DEFAULT","Pure Sale","[PREMIUM]",,"GASTONIA","NC","28052","USA","USD","[PREMIUM]","[PREMIUM]","C020",false,"[PREMIUM]","SE",false,false,"[PREMIUM]",,,,,,,,"[PREMIUM]"
"63818166","2026-08-06 20:55:10.042","2026-08-12 08:32:54.043","63818166","2026-08-08 14:49:23.000","[PREMIUM]","340","NC - GASTONIA","2026-08-12","WEDNESDAY","1000","EDT","2054","V",2013,"ACURA","TL","TL","SEDAN 4DR","BLUE","FRONT END",,"NC","SC","YES","D",113874,"A","[PREMIUM]",7493.19,"3.5L 6","FRONT WHEEL DRIVE","AUTOMATIC","GAS",6,"Run & Drive Verified","Pure Sale","[PREMIUM]",,"GASTONIA","NC","28052","USA","USD","[PREMIUM]","[PREMIUM]","D050",false,"[PREMIUM]","TECH",false,false,"[PREMIUM]",,,,,,,,"[PREMIUM]"
"63481876","2026-08-06 20:55:09.975","2026-08-19 15:02:37.590","63481876","2026-08-15 18:54:27.000","[PREMIUM]","340","NC - GASTONIA","2026-08-19","WEDNESDAY","1000","EDT","2065","V",2021,"FORD","ESCAPE","ESCAPE","SPORT UTILITY VEHICLE","GRAY","FRONT END","SIDE","NC","SC","YES","D",96828,"A","[PREMIUM]",7885.9,"1.5L 3","FRONT WHEEL DRIVE","AUTOMATIC","GAS",3,"Run & Drive Verified","Pure Sale","[PREMIUM]",,"GASTONIA","NC","28052","USA","USD","[PREMIUM]","[PREMIUM]","A010",false,"[PREMIUM]","SE",false,false,"[PREMIUM]",,,,,,,,"[PREMIUM]"
"63649116","2026-08-06 20:55:09.967","2026-08-19 15:02:37.707","63649116","2026-08-17 20:28:52.000","[PREMIUM]","340","NC - GASTONIA","2026-08-19","WEDNESDAY","1000","EDT","2067","V",2025,"KIA","TELLURIDE","TELLURIDE","SPORT UTILITY VEHICLE","BLACK","TOP/ROOF",,"NC","SC","YES","D",15693,"A","[PREMIUM]",20870.19,"3.8L 6","FRONT WHEEL DRIVE","AUTOMATIC","GAS",6,"Run & Drive Verified","Pure Sale","[PREMIUM]",,"GASTONIA","NC","28052","USA","USD","[PREMIUM]","[PREMIUM]","SK04",false,"[PREMIUM]","SX",false,false,"[PREMIUM]",,,,,,,,"[PREMIUM]"
"63561806","2026-08-06 20:55:09.958","2026-08-20 17:43:07.963","63561806","2026-08-19 16:41:39.000","[PREMIUM]","880","*NCS - EASTERN REGION","2026-08-24","MONDAY","2100","EDT","0","V",2020,"MERCEDES-BENZ","GLE-CLASS","GLE","SPORT UTILITY VEHICLE","BLACK","FRONT END","SIDE","VA","CZ","YES","D",102960,"A","[PREMIUM]",0,"2.0L 4","ALL WHEEL DRIVE","AUTOMATIC","GAS",4,"Run & Drive Verified","On Minimum Bid","[PREMIUM]",,"GASTONIA","NC","28052","USA","USD","[PREMIUM]","[PREMIUM]","SK002",true,"[PREMIUM]","350 4MATIC",false,false,"[PREMIUM]",,,,,,,,"[PREMIUM]"
"63561376","2026-08-06 20:55:09.953","2026-08-17 03:02:29.926","63561376","2026-08-12 16:54:40.000","[PREMIUM]","880","*NCS - EASTERN REGION","2026-08-17","MONDAY","2100","EDT","0","K",2021,"FORD","TRANSIT","TRANSIT","VAN PASSENGER","WHITE","MINOR DENT/SCRATCHES",,"NC","CZ","YES","D",121305,"A","[PREMIUM]",0,"3.5L 6","REAR WHEEL DRIVE","AUTOMATIC","GAS",6,"Run & Drive Verified","On Minimum Bid","[PREMIUM]","NO LOADOUT ASSIST FROM YARD ","GASTONIA","NC","28052","USA","USD","[PREMIUM]","[PREMIUM]","SK002",true,"[PREMIUM]","T-350",false,false,"[PREMIUM]",,,,,,,,"[PREMIUM]"
"63102506","2026-08-06 20:55:09.839","2026-08-20 17:43:07.744","63102506","2026-08-18 22:27:19.000","[PREMIUM]","340","NC - GASTONIA","2026-08-26","WEDNESDAY","1000","EDT","21","V",2009,"HONDA","ACCORD","ACCORD",,"SILVER","SIDE","FRONT END","NC","SC","YES","D",151511,"E","[PREMIUM]",4456,,,"AUTOMATIC",,,"Run & Drive Verified","Pure Sale","[PREMIUM]",,"GASTONIA","NC","28052","USA","USD","[PREMIUM]","[PREMIUM]","D040",false,"[PREMIUM]","LXP",false,false,"[PREMIUM]",,,,,,,,"[PREMIUM]"
"62639346","2026-08-06 20:55:09.684","2026-08-18 09:02:43.130","62639346","2026-08-15 18:54:27.000","[PREMIUM]","340","NC - GASTONIA","2026-08-19","WEDNESDAY","1000","EDT","2017","V",2005,"HONDA","ACCORD","ACCORD","SEDAN 4DR","BURGUNDY","FRONT END","SIDE","NC","SC","YES","D",254618,"E","[PREMIUM]",3780.46,"2.4L 4","FRONT WHEEL DRIVE","AUTOMATIC","GAS",4,"Run & Drive Verified","On Minimum Bid","[PREMIUM]",,"GASTONIA","NC","28052","USA","USD","[PREMIUM]","[PREMIUM]","M070",false,"[PREMIUM]","EX",false,false,"[PREMIUM]",,,,,,,,"[PREMIUM]"
"62664996","2026-08-06 20:55:09.682","2026-08-19 15:02:37.237","62664996","2026-08-15 18:54:27.000","[PREMIUM]","340","NC - GASTONIA","2026-08-19","WEDNESDAY","1000","EDT","2506","V",2017,"BMW","7 SERIES","750","SEDAN 4DR","BLUE","SIDE",,"NC","SC","YES","E",0,"N","[PREMIUM]",0,"4.4L 8","ALL WHEEL DRIVE","AUTOMATIC","GAS",8,"DEFAULT","Pure Sale","[PREMIUM]",,"GASTONIA","NC","28052","USA","USD","[PREMIUM]","[PREMIUM]","E050",false,"[PREMIUM]","XI",false,false,"[PREMIUM]",,,,,,,,"[PREMIUM]"
"62459276","2026-08-06 20:55:09.599","2026-08-19 15:02:37.148","62459276","2026-08-15 18:54:27.000","[PREMIUM]","340","NC - GASTONIA","2026-08-19","WEDNESDAY","1000","EDT","2504","V",1997,"JEEP","WRANGLER","WRANGLER / TJ","2DR SPORT UTILITY","WHITE","SIDE","REAR END","NC","SC","NO","E",0,"E","[PREMIUM]",4888,"4.0L 6","4X4 W/REAR WHEEL DRV","AUTOMATIC","GAS",6,"DEFAULT","Pure Sale","[PREMIUM]",,"GASTONIA","NC","28052","USA","USD","[PREMIUM]","[PREMIUM]","N110",false,"[PREMIUM]","SPORT",false,false,"[PREMIUM]",,,,,,,,"[PREMIUM]"
"62479596","2026-08-06 20:55:09.597","2026-08-18 09:02:43.075","62479596","2026-08-15 18:54:27.000","[PREMIUM]","340","NC - GASTONIA","2026-08-19","WEDNESDAY","1000","EDT","2006","V",2016,"TOYOTA","SIENNA","SIENNA","SPORTS V","GRAY","REAR END","SIDE","NC","SC","YES","D",115930,"A","[PREMIUM]",11181,,,"AUTOMATIC",,,"Run & Drive Verified","On Approval","[PREMIUM]",,"GASTONIA","NC","28052","USA","USD","[PREMIUM]","[PREMIUM]","K130",false,"[PREMIUM]","LIMITED 7-PASSENGER",false,false,"[PREMIUM]",,,,,,,,"[PREMIUM]"
"62460406","2026-08-06 20:55:09.594","2026-08-20 17:43:07.357","62460406","2026-08-06 17:17:27.000","[PREMIUM]","340","NC - GASTONIA",,,,"EDT","0","V",2021,"FORD","RANGER","RANGER","PICKUP","WHITE","SIDE",,"NC","SC","YES","D",25873,"A","[PREMIUM]",17948.69,"2.3L 4","4X4 W/REAR WHEEL DRV","AUTOMATIC","GAS",4,"Run & Drive Verified","Pure Sale","[PREMIUM]",,"GASTONIA","NC","28052","USA","USD","[PREMIUM]","[PREMIUM]","L110",false,"[PREMIUM]","XL",false,false,"[PREMIUM]",,,,,,,,"[PREMIUM]"
"62042366","2026-08-06 20:55:09.353","2026-08-12 08:32:53.024","62042366","2026-08-08 14:49:23.000","[PREMIUM]","340","NC - GASTONIA","2026-08-12","WEDNESDAY","1000","EDT","6","V",2008,"PONTIAC","G8","G8","SEDAN 4DR","WHITE","FRONT END","SIDE","NC","SC","YES","D",164582,"E","[PREMIUM]",3892.63,"3.6L 6","REAR WHEEL DRIVE","AUTOMATIC","GAS",6,"Run & Drive Verified","Pure Sale","[PREMIUM]",,"GASTONIA","NC","28052","USA","USD","[PREMIUM]","[PREMIUM]","B020",false,"[PREMIUM]",,false,false,"[PREMIUM]",,,,,,,,"[PREMIUM]"
"61278786","2026-08-06 20:55:09.074","2026-08-12 08:32:52.589","61278786","2026-08-08 14:49:23.000","[PREMIUM]","340","NC - GASTONIA","2026-08-12","WEDNESDAY","1000","EDT","2071","V",2018,"HYUNDAI","TUCSON","TUCSON","SUV","GRAY","FRONT END",,"NC","SC","YES","D",146213,"A","[PREMIUM]",3769.27,"2.0L 4","FRONT WHEEL DRIVE","AUTOMATIC","GAS",4,"Run & Drive Verified","Pure Sale","[PREMIUM]",,"GASTONIA","NC","28052","USA","USD","[PREMIUM]","[PREMIUM]","I140",false,"[PREMIUM]","SEL",false,false,"[PREMIUM]",,,,,,,,"[PREMIUM]"
"61277626","2026-08-06 20:55:09.073","2026-08-18 09:02:42.398","61277626","2026-08-15 18:54:27.000","[PREMIUM]","340","NC - GASTONIA","2026-08-19","WEDNESDAY","1000","EDT","2019","V",2021,"JEEP","CHEROKEE","GRAND CHEROKEE","SPORT UTILITY VEHICLE","WHITE","FRONT END",,"NC","SC","YES","D",81495,"A","[PREMIUM]",12024.62,"3.6L 6","4X4 W/REAR WHEEL DRV","AUTOMATIC","FLEXIBLE",6,"Run & Drive Verified","Pure Sale","[PREMIUM]",,"GASTONIA","NC","28052","USA","USD","[PREMIUM]","[PREMIUM]","A040",false,"[PREMIUM]","OVERLAND",false,false,"[PREMIUM]",,,,,,,,"[PREMIUM]"
"61081606","2026-08-06 20:55:08.959","2026-08-20 17:43:05.800","61081606","2026-08-06 15:22:38.000","[PREMIUM]","340","NC - GASTONIA",,,,"EDT","0","V",2025,"MITSUBISHI","OUTLANDER","OUTLANDER","SPORT UTILITY VEHICLE","BLACK","FRONT END",,"NC","SC","YES","D",31903,"A","[PREMIUM]",14941.18,"2.5L 4","FRONT WHEEL DRIVE","AUTOMATIC","GAS",4,"Run & Drive Verified","Pure Sale","[PREMIUM]",,"GASTONIA","NC","28052","USA","USD","[PREMIUM]","[PREMIUM]","I120",false,"[PREMIUM]","ES",false,false,"[PREMIUM]",,,,,,,,"[PREMIUM]"
"60444346","2026-08-06 20:55:08.808","2026-08-20 17:43:05.533","60444346","2026-08-15 16:40:51.000","[PREMIUM]","340","NC - GASTONIA",,,,"EDT","0","V",1996,"FORD","RANGER","RANGER","CLUB CAB PICKUP","TEAL","FRONT END","SIDE","NC","SC","YES","D",291561,"E","[PREMIUM]",0,"2.3L 4","REAR WHEEL DRIVE","MANUAL","GAS",4,"Run & Drive Verified","Pure Sale","[PREMIUM]",,"GASTONIA","NC","28052","USA","USD","[PREMIUM]","[PREMIUM]","D030",false,"[PREMIUM]","SUPER CAB",false,false,"[PREMIUM]",,,,,,,,"[PREMIUM]"
"60454246","2026-08-06 20:55:08.798","2026-08-19 15:02:36.349","60454246","2026-08-15 18:54:27.000","[PREMIUM]","340","NC - GASTONIA","2026-08-19","WEDNESDAY","1000","EDT","2057","V",2022,"SUBARU","OUTBACK","OUTBACK","SPORT UTILITY VEHICLE","GRAY","FRONT END","SIDE","NC","SC","YES","D",94836,"A","[PREMIUM]",12406.17,"2.5L 4","ALL WHEEL DRIVE","AUTOMATIC","GAS",4,"Run & Drive Verified","Pure Sale","[PREMIUM]",,"GASTONIA","NC","28052","USA","USD","[PREMIUM]","[PREMIUM]","A010",false,"[PREMIUM]","PREMIUM",false,false,"[PREMIUM]",,,,,,,,"[PREMIUM]"
"60140406","2026-08-06 20:55:08.692","2026-08-19 15:02:36.203","60140406","2026-08-15 18:54:27.000","[PREMIUM]","340","NC - GASTONIA","2026-08-19","WEDNESDAY","1000","EDT","2524","V",2012,"NISSAN","ROGUE","ROGUE","WAGON","BLACK","FRONT END","SIDE","NC","SC","YES","S",158044,"A","[PREMIUM]",4269,"2.5L 4","ALL WHEEL DRIVE","AUTOMATIC","GAS",4,"Vehicle Starts","Pure Sale","[PREMIUM]",,"GASTONIA","NC","28052","USA","USD","[PREMIUM]","[PREMIUM]","I110",false,"[PREMIUM]","S",false,false,"[PREMIUM]",,,,,,,,"[PREMIUM]"
"60241016","2026-08-06 20:55:08.689","2026-08-19 15:02:36.273","60241016","2026-08-18 17:21:52.000","[PREMIUM]","340","NC - GASTONIA","2026-08-19","WEDNESDAY","1000","EDT","2517","V",2017,"TOYOTA","SIENNA","SIENNA","SPORTS VAN","SILVER","FRONT END","SIDE","NC","SC","EXM",,0,"N","[PREMIUM]",18839,"3.5L 6","FRONT WHEEL DRIVE","AUTOMATIC","GAS",6,,"Pure Sale","[PREMIUM]",,"GASTONIA","NC","28052","USA","USD","[PREMIUM]","[PREMIUM]","HVY60",false,"[PREMIUM]","SE",false,false,"[PREMIUM]",,,,,,,,"[PREMIUM]"
"58066806","2026-08-06 20:55:07.977","2026-08-18 09:02:41.223","58066806","2026-08-15 18:54:27.000","[PREMIUM]","340","NC - GASTONIA","2026-08-19","WEDNESDAY","1000","EDT","2011","V",2023,"CHEVROLET","SILVERADO","SILVERADO","PICKUP","WHITE","FRONT END",,"NC","SC","YES","D",84937,"A","[PREMIUM]",10752.15,"2.7L 4","4X4 W/REAR WHEEL DRV","AUTOMATIC","GAS",4,"Run & Drive Verified","Pure Sale","[PREMIUM]",,"GASTONIA","NC","28052","USA","USD","[PREMIUM]","[PREMIUM]","H150",false,"[PREMIUM]","K1500 LT",false,false,"[PREMIUM]",,,,,,,,"[PREMIUM]"
"57064456","2026-08-06 20:55:07.713","2026-08-19 15:02:35.612","57064456","2026-08-15 18:54:27.000","[PREMIUM]","340","NC - GASTONIA","2026-08-19","WEDNESDAY","1000","EDT","2027","V",2022,"MERCEDES-BENZ","GLC-CLASS","GLC","SPORT UTILITY VEHICLE","BLACK","FRONT END",,"NC","SC","YES","D",36164,"A","[PREMIUM]",16470.36,"2.0L 4","ALL WHEEL DRIVE","AUTOMATIC","GAS",4,"Run & Drive Verified","On Minimum Bid","[PREMIUM]",,"GASTONIA","NC","28052","USA","USD","[PREMIUM]","[PREMIUM]","P080",false,"[PREMIUM]","300 4MATIC",false,false,"[PREMIUM]",,,,,,,,"[PREMIUM]"
"56141016","2026-08-06 20:55:07.459","2026-08-20 17:43:04.392","56141016","2026-08-06 14:26:28.000","[PREMIUM]","340","NC - GASTONIA",,,,"EDT","0","V",2019,"FORD","FLEX","FLEX","SPORT UTILITY VEHICLE","SILVER","FRONT END",,"NC","SC","YES","D",124576,"A","[PREMIUM]",8577.88,"3.5L 6","FRONT WHEEL DRIVE","AUTOMATIC","GAS",6,"Run & Drive Verified","Pure Sale","[PREMIUM]",,"GASTONIA","NC","28052","USA","USD","[PREMIUM]","[PREMIUM]","N100",false,"[PREMIUM]","SE",false,false,"[PREMIUM]",,,,,,,,"[PREMIUM]"
"55760556","2026-08-06 20:55:07.431","2026-08-20 17:43:04.404","55760556","2026-08-20 15:59:52.000","[PREMIUM]","340","NC - GASTONIA","2026-08-26","WEDNESDAY","1000","EDT","0","V",2021,"FORD","ESCAPE","ESCAPE","SPORT UTILITY VEHICLE","BLACK","FRONT END",,"WV","SC","YES","D",88684,"N","[PREMIUM]",11468.07,"2.5L 4","FRONT WHEEL DRIVE","AUTOMATIC","ELECTRIC AND GAS HYBRID",4,"Run & Drive Verified","Pure Sale","[PREMIUM]",,"GASTONIA","NC","28052","USA","USD","[PREMIUM]","[PREMIUM]","O070",false,"[PREMIUM]","SE",false,false,"[PREMIUM]",,,,,,,,"[PREMIUM]"
"55917496","2026-08-06 20:55:07.421","2026-08-19 15:02:35.418","55917496","2026-08-15 18:54:27.000","[PREMIUM]","340","NC - GASTONIA","2026-08-19","WEDNESDAY","1000","EDT","2042","V",2019,"FORD","RANGER","RANGER","PICKUP","SILVER","FRONT END",,"NC","SC","YES","D",115816,"A","[PREMIUM]",13576,"2.3L 4","REAR WHEEL DRIVE","AUTOMATIC","GAS",4,"Run & Drive Verified","Pure Sale","[PREMIUM]",,"GASTONIA","NC","28052","USA","USD","[PREMIUM]","[PREMIUM]","J150",false,"[PREMIUM]","XL",false,false,"[PREMIUM]",,,,,,,,"[PREMIUM]"
"55069956","2026-08-06 20:55:07.382","2026-08-19 15:02:35.326","55069956","2026-08-19 13:30:17.000","[PREMIUM]","340","NC - GASTONIA","2026-08-19","WEDNESDAY","1000","EDT","2036","V",2020,"LINCOLN","NAUTILUS","NAUTILUS","SPORT UTILITY VEHICLE","BLACK","REAR END",,"NC","SC","YES","D",94143,"A","[PREMIUM]",12815.63,"2.0L 4","FRONT WHEEL DRIVE","AUTOMATIC","GAS",4,"Run & Drive Verified","On Approval","[PREMIUM]",,"GASTONIA","NC","28052","USA","USD","[PREMIUM]","[PREMIUM]","SK001",false,"[PREMIUM]","RESERVE",false,false,"[PREMIUM]",,,,,,,,"[PREMIUM]"
"48070926","2026-08-06 20:55:06.227","2026-08-20 17:43:03.789","48070926","2026-08-19 13:28:55.000","[PREMIUM]","841","CRASHEDTOYS POWERSPORT AUCTION","2026-08-20","THURSDAY","1200","CDT","1020","C",2007,"HARLEY-DAVIDSON","FL","FLHX","ROAD","BLACK","FRONT END","REAR END","NC","SC","YES","E",0,"E","[PREMIUM]",11056.55,"2",,"MANUAL",,2,"DEFAULT","Pure Sale","[PREMIUM]",,"GASTONIA","NC","28052","USA","USD","[PREMIUM]","[PREMIUM]","MC003",false,"[PREMIUM]",,false,false,"[PREMIUM]",,,,,,,,"[PREMIUM]"
"62637816","2026-08-06 20:55:05.642","2026-08-12 08:32:49.354","62637816","2026-08-07 20:54:41.000","[PREMIUM]","339","WI - MILWAUKEE NORTH","2026-08-12","WEDNESDAY","1200","CDT","0","V",2018,"KIA","SOUL","SOUL","WAGON","GRAY","FRONT END","SIDE","WI","CT","YES","E",0,"N","[PREMIUM]",7506,"1.6L 4","FRONT WHEEL DRIVE","AUTOMATIC","GAS",4,"DEFAULT","Pure Sale","[PREMIUM]",,"MILWAUKEE","WI","53224","USA","USD","[PREMIUM]","[PREMIUM]","A010",false,"[PREMIUM]","BASE",false,false,"[PREMIUM]",,,,,,,,"[PREMIUM]"
"60753866","2026-08-06 20:55:05.419","2026-08-11 02:30:46.188","60753866","2026-08-10 20:01:00.000","[PREMIUM]","855","WHOLESALE AUCTION","2026-08-11","TUESDAY","1200","EDT","6162","V",2021,"JEEP","COMPASS","COMPASS","SPORT UTILITY VEHICLE","GRAY","VANDALISM",,"MI","CT","YES","E",104781,"A","[PREMIUM]",2224,"2.4L 4","4X4 W/FRONT WHL DRV","AUTOMATIC","GAS",4,"DEFAULT","On Minimum Bid","[PREMIUM]",,"MILWAUKEE","WI","53224","USA","USD","[PREMIUM]","[PREMIUM]","B070",false,"[PREMIUM]","TRAILHAWK",false,true,"[PREMIUM]",,,,,"RED LIGHT",3.6,,"[PREMIUM]"
"61402896","2026-08-06 20:55:05.404","2026-08-12 08:32:49.257","61402896","2026-08-07 13:51:41.000","[PREMIUM]","339","WI - MILWAUKEE NORTH","2026-08-12","WEDNESDAY","1200","CDT","0","V",2013,"FORD","ESCAPE","ESCAPE","4DR SPORT UTILITY","SILVER","REAR END","FRONT END","WI","BP","YES","D",198882,"A","[PREMIUM]",4649.77,"2.0L 4","4X4 W/FRONT WHL DRV","AUTOMATIC","GAS",4,"Run & Drive Verified","Pure Sale","[PREMIUM]",,"MILWAUKEE","WI","53224","USA","USD","[PREMIUM]","[PREMIUM]","C070",false,"[PREMIUM]","TITANIUM",false,false,"[PREMIUM]",,,,,,,,"[PREMIUM]"
"56973126","2026-08-06 20:55:05.318","2026-08-11 02:30:46.047","56973126","2026-08-10 20:00:59.000","[PREMIUM]","855","WHOLESALE AUCTION","2026-08-11","TUESDAY","1200","EDT","8060","V",2006,"LINCOLN","TOWNCAR","TOWN CAR","SEDAN 4DR","CREAM","NORMAL WEAR",,"MI","CT","YES","D",67078,"E","[PREMIUM]",289,"4.6L 8","REAR WHEEL DRIVE","AUTOMATIC","GAS",8,"Run & Drive Verified","On Minimum Bid","[PREMIUM]",,"MILWAUKEE","WI","53224","USA","USD","[PREMIUM]","[PREMIUM]","B070",false,"[PREMIUM]","SIGNATURE",false,true,"[PREMIUM]",,,,,,4.6,"Other","[PREMIUM]"
"85615305","2026-08-06 20:55:05.203","2026-08-20 17:43:02.647","85615305","2026-08-18 18:26:28.000","[PREMIUM]","338","NC - LUMBERTON","2026-08-24","MONDAY","1000","EDT","0","V",2016,"JEEP","PATRIOT","PATRIOT","4DR SPORT UTILITY","BURGUNDY","FRONT END",,"NC","SC","YES","D",172214,"A","[PREMIUM]",2663.95,"2.4L 4","FRONT WHEEL DRIVE","AUTOMATIC","GAS",4,"Run & Drive Verified","Pure Sale","[PREMIUM]",,"LUMBERTON","NC","28360 5075","USA","USD","[PREMIUM]","[PREMIUM]","GG070",false,"[PREMIUM]","SPORT",false,false,"[PREMIUM]",,,,,,,,"[PREMIUM]"
"63965966","2026-08-06 20:55:05.094","2026-08-20 17:43:01.936","63965966","2026-08-18 18:45:46.000","[PREMIUM]","338","NC - LUMBERTON","2026-08-24","MONDAY","1000","EDT","0","V",2017,"HONDA","CRV","CR-V","SPORT UTILITY VEHICLE","BURGUNDY","REAR END",,"NC","SC","YES","D",100929,"A","[PREMIUM]",10492,"1.5L 4","ALL WHEEL DRIVE","AUTOMATIC","GAS",4,"Run & Drive Verified","Pure Sale","[PREMIUM]",,"LUMBERTON","NC","28360 5075","USA","USD","[PREMIUM]","[PREMIUM]","GG110",false,"[PREMIUM]","TOURING",false,false,"[PREMIUM]",,,,,,,,"[PREMIUM]"
"63837576","2026-08-06 20:55:05.076","2026-08-09 20:55:52.623","63837576","2026-08-06 15:04:46.000","[PREMIUM]","338","NC - LUMBERTON","2026-08-10","MONDAY","1000","EDT","0","V",2015,"FORD","EXPLORER","EXPLORER","4DR SPORT UTILITY","BLACK","NORMAL WEAR",,"NC","CZ","YES","E",203972,"A","[PREMIUM]",0,"3.5L 6","4X4 W/FRONT WHL DRV","AUTOMATIC","GAS",6,"DEFAULT","On Approval","[PREMIUM]",,"LUMBERTON","NC","28360 5075","USA","USD","[PREMIUM]","[PREMIUM]","EE100",false,"[PREMIUM]",,false,false,"[PREMIUM]",,,,,,,,"[PREMIUM]"
"63536056","2026-08-06 20:55:04.936","2026-08-20 17:43:01.597","63536056","2026-08-18 17:09:55.000","[PREMIUM]","338","NC - LUMBERTON","2026-08-24","MONDAY","1000","EDT","0","V",2018,"HYUNDAI","ACCENT","ACCENT","SEDAN","GRAY","FRONT END","SIDE","NC","SC","YES","D",241402,"A","[PREMIUM]",2476,"1.6L 4","FRONT WHEEL DRIVE","AUTOMATIC","GAS",4,"Run & Drive Verified","Pure Sale","[PREMIUM]",,"LUMBERTON","NC","28360 5075","USA","USD","[PREMIUM]","[PREMIUM]","JJ090",false,"[PREMIUM]","SE",false,false,"[PREMIUM]",,,,,,,,"[PREMIUM]"
"63171456","2026-08-06 20:55:04.724","2026-08-09 20:55:52.455","63171456","2026-08-07 14:49:33.000","[PREMIUM]","338","NC - LUMBERTON","2026-08-10","MONDAY","1000","EDT","0","V",2012,"INFINITI","G37","G37 SEDAN","SEDAN","BLACK","NORMAL WEAR",,"SC","CT","YES","D",218855,"A","[PREMIUM]",0,"3.7L 6","REAR WHEEL DRIVE","AUTOMATIC","GAS",6,"Run & Drive Verified","On Minimum Bid","[PREMIUM]",,"LUMBERTON","NC","28360 5075","USA","USD","[PREMIUM]","[PREMIUM]","KK070",false,"[PREMIUM]","JOURNEY",false,false,"[PREMIUM]",,,,,,,,"[PREMIUM]"
"62777516","2026-08-06 20:55:04.593","2026-08-20 17:43:00.942","62777516","2026-08-18 17:18:17.000","[PREMIUM]","338","NC - LUMBERTON","2026-08-24","MONDAY","1000","EDT","0","V",2016,"TOYOTA","COROLLA","COROLLA","SEDAN","SILVER","REAR END",,"NC","SC","YES","D",173332,"A","[PREMIUM]",6664.55,"1.8L 4","FRONT WHEEL DRIVE","AUTOMATIC","GAS",4,"Run & Drive Verified","Pure Sale","[PREMIUM]",,"LUMBERTON","NC","28360 5075","USA","USD","[PREMIUM]","[PREMIUM]","II070",false,"[PREMIUM]","LE",false,false,"[PREMIUM]",,,,,,,,"[PREMIUM]"
"62346606","2026-08-06 20:55:04.407","2026-08-20 17:43:00.724","62346606","2026-08-18 17:52:25.000","[PREMIUM]","338","NC - LUMBERTON","2026-08-24","MONDAY","1000","EDT","0","V",2019,"HONDA","CRV","CR-V","SPORT UTILITY VEHICLE","BLACK","FRONT END",,"NC","SC","YES","D",85643,"A","[PREMIUM]",10184.37,"1.5L 4","ALL WHEEL DRIVE","AUTOMATIC","GAS",4,"Run & Drive Verified","Pure Sale","[PREMIUM]",,"LUMBERTON","NC","28360 5075","USA","USD","[PREMIUM]","[PREMIUM]","B080",false,"[PREMIUM]","EXL",false,false,"[PREMIUM]",,,,,,,,"[PREMIUM]"
"61846856","2026-08-06 20:55:04.393","2026-08-20 17:43:00.196","61846856","2026-08-18 19:36:56.000","[PREMIUM]","338","NC - LUMBERTON","2026-08-24","MONDAY","1000","EDT","0","V",2017,"KIA","SOUL","SOUL","4DR SPORT UTILITY","GREEN","FRONT END",,"NC","SC","YES","S",133021,"A","[PREMIUM]",13735.89,"2.0L 4","FRONT WHEEL DRIVE","AUTOMATIC","GAS",4,"Vehicle Starts","Pure Sale","[PREMIUM]",,"LUMBERTON","NC","28360 5075","USA","USD","[PREMIUM]","[PREMIUM]","A050",false,"[PREMIUM]","+",false,false,"[PREMIUM]",,,,,,,,"[PREMIUM]"
"62126616","2026-08-06 20:55:04.379","2026-08-20 17:43:00.576","62126616","2026-08-11 22:40:57.000","[PREMIUM]","338","NC - LUMBERTON",,,,"EDT","0","V",2012,"JEEP","LIBERTY","LIBERTY","4DR SPORT UTILITY","SILVER","FRONT END","BURN","NC","SC","YES","D",143761,"N","[PREMIUM]",4727,"3.7L 6","4X4 W/REAR WHEEL DRV","AUTOMATIC","GAS",6,"Run & Drive Verified","Pure Sale","[PREMIUM]",,"LUMBERTON","NC","28360 5075","USA","USD","[PREMIUM]","[PREMIUM]","A070",false,"[PREMIUM]","SPORT",false,false,"[PREMIUM]",,,,,,,,"[PREMIUM]"
"61738806","2026-08-06 20:55:04.376","2026-08-20 17:43:00.124","61738806","2026-08-18 18:31:30.000","[PREMIUM]","338","NC - LUMBERTON","2026-08-24","MONDAY","1000","EDT","0","V",2018,"HONDA","ACCORD","ACCORD","SEDAN","GRAY","FRONT END",,"NC","SC","YES","D",95299,"A","[PREMIUM]",14428.86,"2.0L 4","FRONT WHEEL DRIVE","AUTOMATIC","GAS",4,"Run & Drive Verified","Pure Sale","[PREMIUM]",,"LUMBERTON","NC","28360 5075","USA","USD","[PREMIUM]","[PREMIUM]","A040",false,"[PREMIUM]","SPORT",false,false,"[PREMIUM]",,,,,,,,"[PREMIUM]"
"60691256","2026-08-06 20:55:03.390","2026-08-19 23:43:04.798","60691256","2026-08-19 22:14:32.000","[PREMIUM]","855","WHOLESALE AUCTION","2026-08-20","THURSDAY","1200","EDT","0","V",2017,"CHEVROLET","SILVERADO","SILVERADO","CREW PICKUP","BLACK","ALL OVER",,"SC","CZ","YES","D",151092,"A","[PREMIUM]",0,"6.6L 8","4X4 W/REAR WHEEL DRV","AUTOMATIC","DIESEL",8,"Run & Drive Verified","On Minimum Bid","[PREMIUM]",,"LUMBERTON","NC","28360 5075","USA","USD","[PREMIUM]","[PREMIUM]","HVY",true,"[PREMIUM]","K3500 LTZ",false,true,"[PREMIUM]",,,,,"RED LIGHT",2.4,"Maintenance,Safety,Other,Emission","[PREMIUM]"
"58356376","2026-08-06 20:55:02.664","2026-08-20 17:42:58.847","58356376","2026-08-18 17:19:20.000","[PREMIUM]","338","NC - LUMBERTON","2026-08-24","MONDAY","1000","EDT","0","V",2014,"KIA","SORENTO","SORENTO","4DR SPORT UTILITY","BURGUNDY","SIDE","REAR END","NC","SC","YES","D",201182,"A","[PREMIUM]",6044.77,"2.4L 4","FRONT WHEEL DRIVE","AUTOMATIC","GAS",4,"Run & Drive Verified","Pure Sale","[PREMIUM]",,"LUMBERTON","NC","28360 5075","USA","USD","[PREMIUM]","[PREMIUM]","OO110",false,"[PREMIUM]","LX",false,false,"[PREMIUM]",,,,,,,,"[PREMIUM]"
"57821066","2026-08-06 20:55:02.523","2026-08-20 17:42:58.689","57821066","2026-08-18 18:28:51.000","[PREMIUM]","338","NC - LUMBERTON","2026-08-24","MONDAY","1000","EDT","0","V",2017,"FORD","FOCUS","FOCUS","SEDAN","BLACK","FRONT END",,"NC","SC","NO","E",0,"N","[PREMIUM]",9287.92,"2.0L 4","FRONT WHEEL DRIVE","AUTOMATIC","GAS",4,"DEFAULT","Pure Sale","[PREMIUM]",,"LUMBERTON","NC","28360 5075","USA","USD","[PREMIUM]","[PREMIUM]","JJ070",false,"[PREMIUM]","SE",false,false,"[PREMIUM]",,,,,,,,"[PREMIUM]"
"64118546","2026-08-06 20:55:00.863","2026-08-11 02:30:42.330","64118546","2026-08-06 17:32:17.000","[PREMIUM]","337","WA - SPANAWAY","2026-08-11","TUESDAY","1200","PDT","0","V",2002,"DODGE","B SERIES","RAM WAGON","SPORTS VAN","WHITE","FRONT END",,"WA","BS","YES","S",189513,"E","[PREMIUM]",0,"5.2L 8","REAR WHEEL DRIVE","AUTOMATIC","GAS",8,"Vehicle Starts","Pure Sale","[PREMIUM]",,"SPANAWAY","WA","98387","USA","USD","[PREMIUM]","[PREMIUM]","A200",false,"[PREMIUM]","B2500",false,false,"[PREMIUM]",,,,,,,,"[PREMIUM]"
"63764806","2026-08-06 20:55:00.815","2026-08-11 02:30:42.191","63764806","2026-08-06 16:18:43.000","[PREMIUM]","337","WA - SPANAWAY","2026-08-11","TUESDAY","1200","PDT","0","V",2003,"FORD","CROWN VIC","CROWN VICTORIA","SEDAN 4DR","BLACK","FRONT END",,"WA","BS","YES","E",112301,"E","[PREMIUM]",8589.95,"4.6L 8","REAR WHEEL DRIVE","AUTOMATIC","GAS",8,"DEFAULT","Pure Sale","[PREMIUM]",,"SPANAWAY","WA","98387","USA","USD","[PREMIUM]","[PREMIUM]","C320",false,"[PREMIUM]","LX",false,false,"[PREMIUM]",,,,,,,,"[PREMIUM]"
"63781096","2026-08-06 20:55:00.812","2026-08-11 02:30:42.170","63781096","2026-08-06 20:20:06.000","[PREMIUM]","337","WA - SPANAWAY","2026-08-11","TUESDAY","1200","PDT","0","V",2002,"TOYOTA","CAMRY","CAMRY","SEDAN","BLACK","REAR END","SIDE","WA","BS","YES","D",148432,"E","[PREMIUM]",16394,"2.4L 4","FRONT WHEEL DRIVE","AUTOMATIC","GAS",4,"Run & Drive Verified","Pure Sale","[PREMIUM]",,"SPANAWAY","WA","98387","USA","USD","[PREMIUM]","[PREMIUM]","A300",false,"[PREMIUM]","XLE",false,false,"[PREMIUM]",,,,,,,,"[PREMIUM]"
"63942576","2026-08-06 20:55:00.795","2026-08-11 02:30:42.308","63942576","2026-08-06 18:05:11.000","[PREMIUM]","337","WA - SPANAWAY","2026-08-11","TUESDAY","1200","PDT","0","V",2017,"MAZDA","CX-5","CX-5","SPORT UTILITY VEHICLE","SILVER","FRONT END","REAR END","WA","BS","YES","E",0,"N","[PREMIUM]",9920.05,"2.5L 4","FRONT WHEEL DRIVE","AUTOMATIC","GAS",4,"DEFAULT","Pure Sale","[PREMIUM]",,"SPANAWAY","WA","98387","USA","USD","[PREMIUM]","[PREMIUM]","D280",false,"[PREMIUM]","GRAND TOURING",false,false,"[PREMIUM]",,,,,,,,"[PREMIUM]"
"63906136","2026-08-06 20:55:00.795","2026-08-11 02:30:45.231","63906136","2026-08-06 19:04:36.000","[PREMIUM]","337","WA - SPANAWAY","2026-08-11","TUESDAY","1200","PDT","0","V",2012,"FORD","FUSION","FUSION","SEDAN 4DR","SILVER","SIDE","REAR END","WA","BS","YES","E",0,"N","[PREMIUM]",0,"2.5L 4","FRONT WHEEL DRIVE","AUTOMATIC","GAS",4,"DEFAULT","Pure Sale","[PREMIUM]",,"SPANAWAY","WA","98387","USA","USD","[PREMIUM]","[PREMIUM]","B220",false,"[PREMIUM]","SE",false,false,"[PREMIUM]",,,,,,,,"[PREMIUM]"
"64013586","2026-08-06 20:55:00.791","2026-08-11 02:30:42.304","64013586","2026-08-06 19:38:57.000","[PREMIUM]","337","WA - SPANAWAY","2026-08-11","TUESDAY","1200","PDT","0","V",2014,"TOYOTA","SIENNA","SIENNA","MINI-VAN","SILVER","SIDE","FRONT END","WA","BS","YES","D",144970,"A","[PREMIUM]",9043.85,"3.5L 6","FRONT WHEEL DRIVE","AUTOMATIC","GAS",6,"Run & Drive Verified","Pure Sale","[PREMIUM]",,"SPANAWAY","WA","98387","USA","USD","[PREMIUM]","[PREMIUM]","C220",false,"[PREMIUM]","XLE 8-PASSENGER",false,false,"[PREMIUM]",,,,,,,,"[PREMIUM]"
"63753346","2026-08-06 20:55:00.756","2026-08-11 02:30:42.101","63753346","2026-08-10 19:19:34.000","[PREMIUM]","337","WA - SPANAWAY","2026-08-11","TUESDAY","1200","PDT","0","V",2006,"CHEVROLET","COBALT","COBALT","COUPE","ORANGE","FRONT END","MINOR DENT/SCRATCHES","WA","BS","YES","D",159503,"E","[PREMIUM]",2546,"2.2L 4","FRONT WHEEL DRIVE","AUTOMATIC","GAS",4,"Run & Drive Verified","Pure Sale","[PREMIUM]",,"SPANAWAY","WA","98387","USA","USD","[PREMIUM]","[PREMIUM]","A300",false,"[PREMIUM]","LS",false,false,"[PREMIUM]",,,,,,,,"[PREMIUM]"
"63725476","2026-08-06 20:55:00.747","2026-08-11 02:30:47.232","63725476","2026-08-06 19:03:45.000","[PREMIUM]","337","WA - SPANAWAY","2026-08-11","TUESDAY","1200","PDT","0","V",2025,"HYUNDAI","SONATA","SONATA","SEDAN","WHITE","REAR END","SIDE","WA","BS","YES","D",14010,"A","[PREMIUM]",22835.42,"2.5L 4","FRONT WHEEL DRIVE","AUTOMATIC","GAS",4,"Run & Drive Verified","Pure Sale","[PREMIUM]",,"SPANAWAY","WA","98387","USA","USD","[PREMIUM]","[PREMIUM]","B240",false,"[PREMIUM]","N LINE",false,false,"[PREMIUM]",,,,,,,,"[PREMIUM]"
"63714006","2026-08-06 20:55:00.738","2026-08-11 02:30:42.625","63714006","2026-08-06 15:07:29.000","[PREMIUM]","337","WA - SPANAWAY","2026-08-11","TUESDAY","1200","PDT","0","V",2015,"FORD","FOCUS","FOCUS","HATCHBACK 4DR","GRAY","FRONT END",,"WA","BS","NO","E",92323,"A","[PREMIUM]",7128.67,"2.0L 4","FRONT WHEEL DRIVE","AUTOMATIC","GAS",4,"DEFAULT","Pure Sale","[PREMIUM]",,"SPANAWAY","WA","98387","USA","USD","[PREMIUM]","[PREMIUM]","C200",false,"[PREMIUM]","SE",false,false,"[PREMIUM]",,,,,,,,"[PREMIUM]"
"63597986","2026-08-06 20:55:00.700","2026-08-11 02:30:43.423","63597986","2026-08-06 17:29:33.000","[PREMIUM]","337","WA - SPANAWAY","2026-08-11","TUESDAY","1200","PDT","0","V",2012,"BUICK","ENCLAVE","ENCLAVE","4DR SPORT UTILITY","WHITE","FRONT END","SIDE","WA","BS","YES","D",108222,"A","[PREMIUM]",8149.97,"3.6L 6","FRONT WHEEL DRIVE","AUTOMATIC","GAS",6,"Run & Drive Verified","Pure Sale","[PREMIUM]",,"SPANAWAY","WA","98387","USA","USD","[PREMIUM]","[PREMIUM]","A310",false,"[PREMIUM]",,false,false,"[PREMIUM]",,,,,,,,"[PREMIUM]"
"63585956","2026-08-06 20:55:00.691","2026-08-11 02:30:42.014","63585956","2026-08-06 14:55:52.000","[PREMIUM]","337","WA - SPANAWAY","2026-08-11","TUESDAY","1200","PDT","0","V",2018,"NISSAN","KICKS","KICKS","WAGON","WHITE","FRONT END","SIDE","WA","BS","YES","S",51015,"A","[PREMIUM]",13375.96,"1.6L 4","FRONT WHEEL DRIVE","AUTOMATIC","GAS",4,"Vehicle Starts","Pure Sale","[PREMIUM]",,"SPANAWAY","WA","98387","USA","USD","[PREMIUM]","[PREMIUM]","D310",false,"[PREMIUM]","SR",false,false,"[PREMIUM]",,,,,,,,"[PREMIUM]"
"63435866","2026-08-06 20:55:00.678","2026-08-11 02:30:41.897","63435866","2026-08-10 20:11:47.000","[PREMIUM]","337","WA - SPANAWAY","2026-08-11","TUESDAY","1200","PDT","0","V",2019,"HYUNDAI","ACCENT","ACCENT","SEDAN","BLUE","FRONT END","SIDE","WA","BS","YES","D",48392,"A","[PREMIUM]",6950,"1.6L 4","FRONT WHEEL DRIVE","AUTOMATIC","GAS",4,"Run & Drive Verified","Pure Sale","[PREMIUM]",,"SPANAWAY","WA","98387","USA","USD","[PREMIUM]","[PREMIUM]","A100",false,"[PREMIUM]","SE",false,false,"[PREMIUM]",,,,,,,,"[PREMIUM]"
"63363556","2026-08-06 20:55:00.618","2026-08-14 16:16:55.008","63363556","2026-08-14 13:00:28.000","[PREMIUM]","337","WA - SPANAWAY","2026-08-14","FRIDAY","1200","PDT","3098","V",2015,"TOYOTA","TUNDRA","TUNDRA","PICKUP","GRAY","FRONT END","VANDALISM","WA","BS","NO","E",0,"N","[PREMIUM]",23714.76,"4.6L 8","4X2","AUTOMATIC","GAS",8,"DEFAULT","Pure Sale","[PREMIUM]",,"SPANAWAY","WA","98387","USA","USD","[PREMIUM]","[PREMIUM]","A210",false,"[PREMIUM]","SR5",false,false,"[PREMIUM]",,,,,,,,"[PREMIUM]"
"63224746","2026-08-06 20:55:00.558","2026-08-11 02:30:41.815","63224746","2026-08-07 23:43:51.000","[PREMIUM]","337","WA - SPANAWAY","2026-08-11","TUESDAY","1200","PDT","0","V",2014,"SUBARU","OUTBACK","OUTBACK","4DR SPORT UTILITY","BLUE","REAR END","FRONT END","WA","BS","YES","D",154108,"A","[PREMIUM]",7314.74,"2.5L 4","ALL WHEEL DRIVE","AUTOMATIC","GAS",4,"Run & Drive Verified","On Minimum Bid","[PREMIUM]",,"SPANAWAY","WA","98387","USA","USD","[PREMIUM]","[PREMIUM]","D300",false,"[PREMIUM]","2.5I PREMIUM",false,false,"[PREMIUM]",,,,,,,,"[PREMIUM]"
"63162836","2026-08-06 20:55:00.520","2026-08-11 02:30:41.752","63162836","2026-08-06 19:02:53.000","[PREMIUM]","337","WA - SPANAWAY","2026-08-11","TUESDAY","1200","PDT","0","V",2021,"KIA","SOUL","SOUL","WAGON","WHITE","SIDE","FRONT END","WA","BS","YES","D",88438,"A","[PREMIUM]",10423.3,"2.0L 4","FRONT WHEEL DRIVE","AUTOMATIC","GAS",4,"Run & Drive Verified","Pure Sale","[PREMIUM]",,"SPANAWAY","WA","98387","USA","USD","[PREMIUM]","[PREMIUM]","D270",false,"[PREMIUM]","S",false,false,"[PREMIUM]",,,,,,,,"[PREMIUM]"
"62880916","2026-08-06 20:55:00.320","2026-08-11 02:30:41.689","62880916","2026-08-06 14:55:04.000","[PREMIUM]","337","WA - SPANAWAY","2026-08-11","TUESDAY","1200","PDT","0","V",2011,"HONDA","PILOT","PILOT","4DR SPORT UTILITY","SILVER","SIDE","UNDERCARRIAGE","WA","BS","YES","D",199265,"N","[PREMIUM]",8101.21,"3.5L 6","FRONT WHEEL DRIVE","AUTOMATIC","GAS",6,"Run & Drive Verified","Pure Sale","[PREMIUM]",,"SPANAWAY","WA","98387","USA","USD","[PREMIUM]","[PREMIUM]","B200",false,"[PREMIUM]","TOURING",false,false,"[PREMIUM]",,,,,,,,"[PREMIUM]"
"62864476","2026-08-06 20:55:00.312","2026-08-11 02:30:42.909","62864476","2026-08-06 17:58:13.000","[PREMIUM]","337","WA - SPANAWAY","2026-08-11","TUESDAY","1200","PDT","0","V",2023,"HONDA","RIDGELINE","RIDGELINE","PICKUP","SILVER","FRONT END","SIDE","WA","BS","NO","E",0,"N","[PREMIUM]",30658,"3.5L 6","ALL WHEEL DRIVE","AUTOMATIC","GAS",6,"DEFAULT","Pure Sale","[PREMIUM]",,"SPANAWAY","WA","98387","USA","USD","[PREMIUM]","[PREMIUM]","A170",false,"[PREMIUM]","SPORT",false,false,"[PREMIUM]",,,,,,,,"[PREMIUM]"
"62906286","2026-08-06 20:55:00.256","2026-08-11 08:30:46.436","62906286","2026-08-07 23:43:51.000","[PREMIUM]","337","WA - SPANAWAY","2026-08-11","TUESDAY","1200","PDT","0","V",2017,"KIA","OPTIMA","OPTIMA","SEDAN 4DR","WHITE","FRONT END",,"WA","BS","YES","D",94074,"A","[PREMIUM]",8516,"2.0L 4","FRONT WHEEL DRIVE","AUTOMATIC","ELECTRIC AND GAS HYBRID",4,"Run & Drive Verified","On Minimum Bid","[PREMIUM]",,"SPANAWAY","WA","98387","USA","USD","[PREMIUM]","[PREMIUM]","C290",false,"[PREMIUM]","HYBRID",false,false,"[PREMIUM]",,,,,,,,"[PREMIUM]"
"62813746","2026-08-06 20:55:00.233","2026-08-11 02:30:41.672","62813746","2026-08-06 17:51:25.000","[PREMIUM]","337","WA - SPANAWAY","2026-08-11","TUESDAY","1200","PDT","0","V",2005,"HYUNDAI","SANTA FE","SANTA FE","SUV","BLACK","FRONT END","SIDE","WA","BS","YES","E",171261,"E","[PREMIUM]",1500,"2.7L 6","FRONT WHEEL DRIVE","AUTOMATIC","GAS",6,"DEFAULT","Pure Sale","[PREMIUM]",,"SPANAWAY","WA","98387","USA","USD","[PREMIUM]","[PREMIUM]","B240",false,"[PREMIUM]","GLS",false,false,"[PREMIUM]",,,,,,,,"[PREMIUM]"
"62789346","2026-08-06 20:55:00.223","2026-08-13 14:30:54.313","62789346","2026-08-12 21:32:09.000","[PREMIUM]","841","CRASHEDTOYS POWERSPORT AUCTION","2026-08-13","THURSDAY","1200","CDT","2046","C",2024,"HARLEY-DAVIDSON","FL","FLRT","TOURING","GRAY","FRONT END","UNDERCARRIAGE","WA","BS","NO","E",0,"N","[PREMIUM]",19569.73,"2",,"MANUAL","GAS",2,"DEFAULT","Pure Sale","[PREMIUM]",,"SPANAWAY","WA","98387","USA","USD","[PREMIUM]","[PREMIUM]","MC001",false,"[PREMIUM]",,false,false,"[PREMIUM]",,,,,,,,"[PREMIUM]"
"62695476","2026-08-06 20:55:00.145","2026-08-11 02:30:41.624","62695476","2026-08-06 17:50:01.000","[PREMIUM]","337","WA - SPANAWAY","2026-08-11","TUESDAY","1200","PDT","0","V",2011,"FORD","F150","F150","CREW PICKUP","GRAY","TOP/ROOF","SIDE","WA","BS","YES","D",150039,"A","[PREMIUM]",11198,"3.5L 6","4X4 W/REAR WHEEL DRV","AUTOMATIC","GAS",6,"Run & Drive Verified","Pure Sale","[PREMIUM]",,"SPANAWAY","WA","98387","USA","USD","[PREMIUM]","[PREMIUM]","A170",false,"[PREMIUM]","SUPERCREW",false,false,"[PREMIUM]",,,,,,,,"[PREMIUM]"
"62632156","2026-08-06 20:55:00.097","2026-08-11 02:30:41.544","62632156","2026-08-06 19:03:50.000","[PREMIUM]","337","WA - SPANAWAY","2026-08-11","TUESDAY","1200","PDT","0","V",2020,"CHEVROLET","EQUINOX","EQUINOX","SPORT UTILITY VEHICLE","SILVER","FRONT END","SIDE","WA","BS","NO","E",0,"N","[PREMIUM]",18502.21,"1.5L 4","FRONT WHEEL DRIVE","AUTOMATIC","GAS",4,"DEFAULT","Pure Sale","[PREMIUM]",,"SPANAWAY","WA","98387","USA","USD","[PREMIUM]","[PREMIUM]","C300",false,"[PREMIUM]","LS",false,false,"[PREMIUM]",,,,,,,,"[PREMIUM]"
"62537526","2026-08-06 20:55:00.084","2026-08-20 17:42:54.975","62537526","2026-08-06 18:01:07.000","[PREMIUM]","337","WA - SPANAWAY",,,,"PDT","0","V",2013,"MAZDA","3","3","HATCHBACK 4DR","SILVER","FRONT END",,"CA","SC","YES","D",121982,"A","[PREMIUM]",0,"2.0L 4","FRONT WHEEL DRIVE","AUTOMATIC","GAS",4,"Run & Drive Verified","Pure Sale","[PREMIUM]",,"SPANAWAY","WA","98387","USA","USD","[PREMIUM]","[PREMIUM]","B200",false,"[PREMIUM]","I",false,false,"[PREMIUM]",,,,,,,,"[PREMIUM]"
"62535966","2026-08-06 20:55:00.036","2026-08-11 02:30:41.579","62535966","2026-08-06 17:46:14.000","[PREMIUM]","337","WA - SPANAWAY","2026-08-11","TUESDAY","1200","PDT","0","V",2010,"TOYOTA","COROLLA","COROLLA","SEDAN","SILVER","FRONT END","SIDE","WA","BS","YES","E",178245,"E","[PREMIUM]",2965.35,"1.8L 4","FRONT WHEEL DRIVE","MANUAL","GAS",4,"DEFAULT","Pure Sale","[PREMIUM]",,"SPANAWAY","WA","98387","USA","USD","[PREMIUM]","[PREMIUM]","D230",false,"[PREMIUM]","BASE",false,false,"[PREMIUM]",,,,,,,,"[PREMIUM]"
"62360556","2026-08-06 20:55:00.009","2026-08-11 02:30:41.530","62360556","2026-08-06 17:45:21.000","[PREMIUM]","337","WA - SPANAWAY","2026-08-11","TUESDAY","1200","PDT","0","V",2010,"FORD","F350","F350","CREW PICKUP","GRAY","SIDE",,"WA","BS","YES","D",211899,"E","[PREMIUM]",7711.28,"6.8L 10","4X4 W/REAR WHEEL DRV","AUTOMATIC","GAS",10,"Run & Drive Verified","Pure Sale","[PREMIUM]",,"SPANAWAY","WA","98387","USA","USD","[PREMIUM]","[PREMIUM]","HV007",false,"[PREMIUM]","SUPER DUTY",false,false,"[PREMIUM]",,,,,,,,"[PREMIUM]"
"62271766","2026-08-06 20:54:59.944","2026-08-11 02:30:41.461","62271766","2026-08-07 23:43:50.000","[PREMIUM]","337","WA - SPANAWAY","2026-08-11","TUESDAY","1200","PDT","0","V",2016,"CHEVROLET","MALIBU","MALIBU","SEDAN 4DR","SILVER","SIDE",,"WA","BS","YES",,167007,"A","[PREMIUM]",7458,"1.8L 4","FRONT WHEEL DRIVE","AUTOMATIC","ELECTRIC AND GAS HYBRID",4,,"On Minimum Bid","[PREMIUM]",,"SPANAWAY","WA","98387","USA","USD","[PREMIUM]","[PREMIUM]","C210",false,"[PREMIUM]","HYBRID",false,false,"[PREMIUM]",,,,,,,,"[PREMIUM]"
"62010926","2026-08-06 20:54:59.877","2026-08-11 02:30:41.387","62010926","2026-08-06 19:01:01.000","[PREMIUM]","337","WA - SPANAWAY","2026-08-11","TUESDAY","1200","PDT","0","V",2016,"CHEVROLET","CRUZE","CRUZE","SEDAN 4DR","BLACK","FRONT END","SIDE","WA","BS","YES","E",0,"N","[PREMIUM]",8305.57,"1.4L 4","FRONT WHEEL DRIVE","AUTOMATIC","GAS",4,"DEFAULT","Pure Sale","[PREMIUM]",,"SPANAWAY","WA","98387","USA","USD","[PREMIUM]","[PREMIUM]","B200",false,"[PREMIUM]","LT",false,false,"[PREMIUM]",,,,,,,,"[PREMIUM]"
"61982426","2026-08-06 20:54:59.818","2026-08-11 02:30:41.390","61982426","2026-08-06 19:34:03.000","[PREMIUM]","337","WA - SPANAWAY","2026-08-11","TUESDAY","1200","PDT","0","V",2017,"CHEVROLET","IMPALA","IMPALA","SEDAN 4DR","BLACK","BURN",,"WA","BS","NO","E",0,"N","[PREMIUM]",15755.93,"3.6L 6","FRONT WHEEL DRIVE","AUTOMATIC","GAS",6,"DEFAULT","Pure Sale","[PREMIUM]",,"SPANAWAY","WA","98387","USA","USD","[PREMIUM]","[PREMIUM]","1I040",false,"[PREMIUM]","PREMIER",false,false,"[PREMIUM]",,,,,,,,"[PREMIUM]"
"61877766","2026-08-06 20:54:59.803","2026-08-11 02:30:41.333","61877766","2026-08-06 17:57:17.000","[PREMIUM]","337","WA - SPANAWAY","2026-08-11","TUESDAY","1200","PDT","0","V",2023,"KIA","NIRO","NIRO","SPORT UTILITY VEHICLE","BLUE","FRONT END","SIDE","WA","BS","NO","E",24089,"A","[PREMIUM]",36016.67,"0","FRONT WHEEL DRIVE","AUTOMATIC","ELECTRIC",0,"DEFAULT","On Minimum Bid","[PREMIUM]",,"SPANAWAY","WA","98387","USA","USD","[PREMIUM]","[PREMIUM]","B200",false,"[PREMIUM]","WAVE",false,false,"[PREMIUM]",,,,,,,,"[PREMIUM]"
"61870306","2026-08-06 20:54:59.791","2026-08-18 09:02:34.616","61870306","2026-08-12 15:13:49.000","[PREMIUM]","337","WA - SPANAWAY","2026-08-18","TUESDAY","1200","PDT","0","V",2006,"SCION","XB","XB","WAGON","WHITE","FRONT END","SIDE","WA","BS","YES","D",115366,"E","[PREMIUM]",7120.54,"1.5L 4","FRONT WHEEL DRIVE","AUTOMATIC","GAS",4,"Run & Drive Verified","On Minimum Bid","[PREMIUM]",,"SPANAWAY","WA","98387","USA","USD","[PREMIUM]","[PREMIUM]","B320",false,"[PREMIUM]","BASE",false,false,"[PREMIUM]",,,,,,,,"[PREMIUM]"
"61880536","2026-08-06 20:54:59.778","2026-08-11 02:30:41.495","61880536","2026-08-06 20:23:00.000","[PREMIUM]","337","WA - SPANAWAY","2026-08-11","TUESDAY","1200","PDT","0","V",2006,"BMW","3 SERIES","325","SEDAN 4DR","BLUE","FRONT END",,"WA","BS","YES","D",134750,"E","[PREMIUM]",3495.81,"3.0L 6","REAR WHEEL DRIVE","AUTOMATIC","GAS",6,"Run & Drive Verified","On Minimum Bid","[PREMIUM]",,"SPANAWAY","WA","98387","USA","USD","[PREMIUM]","[PREMIUM]","J310",false,"[PREMIUM]","I",false,false,"[PREMIUM]",,,,,,,,"[PREMIUM]"
"61751636","2026-08-06 20:54:59.714","2026-08-15 22:00:29.741","61751636","2026-08-12 22:07:23.000","[PREMIUM]","337","WA - SPANAWAY","2026-08-18","TUESDAY","1200","PDT","0","V",2016,"FORD","FUSION","FUSION","SEDAN 4DR","WHITE","FRONT END",,"WA","BS","YES","D",100408,"A","[PREMIUM]",8823.55,"2.0L 4","FRONT WHEEL DRIVE","AUTOMATIC","ELECTRIC AND GAS HYBRID",4,"Run & Drive Verified","On Minimum Bid","[PREMIUM]",,"SPANAWAY","WA","98387","USA","USD","[PREMIUM]","[PREMIUM]","C280",false,"[PREMIUM]","TITANIUM PHEV",false,false,"[PREMIUM]",,,,,,,,"[PREMIUM]"
"61638076","2026-08-06 20:54:59.679","2026-08-11 02:30:41.279","61638076","2026-08-06 19:01:20.000","[PREMIUM]","337","WA - SPANAWAY","2026-08-11","TUESDAY","1200","PDT","0","V",2025,"TESLA","MODEL 3","MODEL 3","SEDAN","WHITE","FRONT END",,"WA","BS","YES","E",7136,"A","[PREMIUM]",27941.14,,"REAR WHEEL DRIVE","AUTOMATIC","ELECTRIC",,"DEFAULT","Pure Sale","[PREMIUM]",,"SPANAWAY","WA","98387","USA","USD","[PREMIUM]","[PREMIUM]","C300",false,"[PREMIUM]",,false,false,"[PREMIUM]",,,,,,,,"[PREMIUM]"
"61516936","2026-08-06 20:54:59.645","2026-08-11 02:30:41.166","61516936","2026-08-06 17:38:56.000","[PREMIUM]","337","WA - SPANAWAY","2026-08-11","TUESDAY","1200","PDT","0","V",2017,"CHRYSLER","PACIFICA","PACIFICA","VAN PASSENGER","MAROON","FRONT END","REAR END","WA","BS","YES","D",35143,"N","[PREMIUM]",13383,"3.6L 6","FRONT WHEEL DRIVE","AUTOMATIC","ELECTRIC AND GAS HYBRID",6,"Run & Drive Verified","On Minimum Bid","[PREMIUM]",,"SPANAWAY","WA","98387","USA","USD","[PREMIUM]","[PREMIUM]","C280",false,"[PREMIUM]","EHYBRID PLATINUM",false,false,"[PREMIUM]",,,,,,,,"[PREMIUM]"
"61144256","2026-08-06 20:54:59.547","2026-08-11 02:30:41.110","61144256","2026-08-06 14:54:09.000","[PREMIUM]","337","WA - SPANAWAY","2026-08-11","TUESDAY","1200","PDT","0","V",2023,"HYUNDAI","ALL OTHER","IONIQ 6","SEDAN","SILVER","FRONT END",,"WA","BS","YES","D",23372,"A","[PREMIUM]",20413.88,,"ALL WHEEL DRIVE","AUTOMATIC","ELECTRIC",,"Run & Drive Verified","Pure Sale","[PREMIUM]",,"SPANAWAY","WA","98387","USA","USD","[PREMIUM]","[PREMIUM]","C190",false,"[PREMIUM]","SEL",false,false,"[PREMIUM]",,,,,,,,"[PREMIUM]"
"60890306","2026-08-06 20:54:59.499","2026-08-11 02:30:41.181","60890306","2026-08-06 18:58:50.000","[PREMIUM]","337","WA - SPANAWAY","2026-08-11","TUESDAY","1200","PDT","0","V",2012,"HONDA","All Models","ODYSSEY","SPORTS VAN","GRAY","FRONT END",,"WA","BS","YES","D",168613,"A","[PREMIUM]",11414.59,"3.5L 6","FRONT WHEEL DRIVE","AUTOMATIC","GAS",6,"Run & Drive Verified","Pure Sale","[PREMIUM]",,"SPANAWAY","WA","98387","USA","USD","[PREMIUM]","[PREMIUM]","C300",false,"[PREMIUM]","EXL",false,false,"[PREMIUM]",,,,,,,,"[PREMIUM]"
"60757756","2026-08-06 20:54:59.471","2026-08-18 09:02:34.437","60757756","2026-08-12 13:19:18.000","[PREMIUM]","337","WA - SPANAWAY","2026-08-18","TUESDAY","1200","PDT","0","V",1982,"DELOREAN","ALL MODELS","DMC-12","COUPE","BURN","BURN",,"WA","BS","NO","E",55494,"E","[PREMIUM]",0,"2.85L 6",,"AUTOMATIC","GAS",6,"DEFAULT","On Minimum Bid","[PREMIUM]",,"SPANAWAY","WA","98387","USA","USD","[PREMIUM]","[PREMIUM]","D340",false,"[PREMIUM]",,false,false,"[PREMIUM]",,,,,,,,"[PREMIUM]"
"60804916","2026-08-06 20:54:59.431","2026-08-11 02:30:41.175","60804916","2026-08-06 19:09:32.000","[PREMIUM]","337","WA - SPANAWAY","2026-08-11","TUESDAY","1200","PDT","0","V",1990,"FORD","RANGER","RANGER","PICKUP","TAN","FRONT END",,"WA","BS","YES","E",46531,"X","[PREMIUM]",11979,"2.9L 6","REAR WHEEL DRIVE","MANUAL","GAS",6,"DEFAULT","Pure Sale","[PREMIUM]",,"SPANAWAY","WA","98387","USA","USD","[PREMIUM]","[PREMIUM]","H350",false,"[PREMIUM]",,false,false,"[PREMIUM]",,,,,,,,"[PREMIUM]"
"60784906","2026-08-06 20:54:59.419","2026-08-11 02:30:41.038","60784906","2026-08-06 18:55:22.000","[PREMIUM]","337","WA - SPANAWAY","2026-08-11","TUESDAY","1200","PDT","0","V",2012,"TOYOTA","CAMRY","CAMRY","SEDAN","GOLD","REAR END","FRONT END","WA","BS","YES","D",248764,"A","[PREMIUM]",3133.95,"2.5L 4","FRONT WHEEL DRIVE","AUTOMATIC","GAS",4,"Run & Drive Verified","Pure Sale","[PREMIUM]",,"SPANAWAY","WA","98387","USA","USD","[PREMIUM]","[PREMIUM]","B160",false,"[PREMIUM]","LE",false,false,"[PREMIUM]",,,,,,,,"[PREMIUM]"
"60586026","2026-08-06 20:54:59.410","2026-08-11 02:30:41.024","60586026","2026-08-06 15:53:42.000","[PREMIUM]","337","WA - SPANAWAY","2026-08-11","TUESDAY","1200","PDT","0","V",2005,"SCION","XA BASE","XA","HATCHBACK","WHITE","SIDE","REAR END","WA","BS","YES","D",52465,"E","[PREMIUM]",5222.84,"1.5L 4","FRONT WHEEL DRIVE","MANUAL","GAS",4,"Run & Drive Verified","Pure Sale","[PREMIUM]",,"SPANAWAY","WA","98387","USA","USD","[PREMIUM]","[PREMIUM]","D240",false,"[PREMIUM]","BASE",false,false,"[PREMIUM]",,,,,,,,"[PREMIUM]"
"60516746","2026-08-06 20:54:59.337","2026-08-11 02:30:41.038","60516746","2026-08-06 19:40:20.000","[PREMIUM]","337","WA - SPANAWAY","2026-08-11","TUESDAY","1200","PDT","0","V",2021,"LEXUS","RX350","RX","SPORT UTILITY VEHICLE","RED","SIDE",,"WA","BS","YES","D",45913,"A","[PREMIUM]",22211.43,"3.5L 6","ALL WHEEL DRIVE","AUTOMATIC","GAS",6,"Run & Drive Verified","Pure Sale","[PREMIUM]",,"SPANAWAY","WA","98387","USA","USD","[PREMIUM]","[PREMIUM]","B270",false,"[PREMIUM]","350",false,false,"[PREMIUM]",,,,,,,,"[PREMIUM]"
"59848266","2026-08-06 20:54:59.210","2026-08-11 02:30:40.888","59848266","2026-08-06 17:19:23.000","[PREMIUM]","337","WA - SPANAWAY","2026-08-11","TUESDAY","1200","PDT","0","V",2012,"CHEVROLET","VOLT","VOLT","HATCHBACK 4DR","SILVER","FRONT END","UNDERCARRIAGE","WA","BS","YES",,83267,"A","[PREMIUM]",5565,"1.4L 4","FRONT WHEEL DRIVE","AUTOMATIC","ELECTRIC AND GAS HYBRID",4,,"Pure Sale","[PREMIUM]",,"SPANAWAY","WA","98387","USA","USD","[PREMIUM]","[PREMIUM]","D250",false,"[PREMIUM]",,false,false,"[PREMIUM]",,,,,,,,"[PREMIUM]"
"59795756","2026-08-06 20:54:59.204","2026-08-11 02:30:40.874","59795756","2026-08-06 15:10:11.000","[PREMIUM]","337","WA - SPANAWAY","2026-08-11","TUESDAY","1200","PDT","0","V",2013,"HONDA","CIVIC","CIVIC","COUPE","WHITE","FRONT END",,"WA","BS","YES","D",180099,"A","[PREMIUM]",7049.05,"2.4L 4","FRONT WHEEL DRIVE","MANUAL","GAS",4,"Run & Drive Verified","Pure Sale","[PREMIUM]",,"SPANAWAY","WA","98387","USA","USD","[PREMIUM]","[PREMIUM]","B220",false,"[PREMIUM]","SI",false,false,"[PREMIUM]",,,,,,,,"[PREMIUM]"
"58902906","2026-08-06 20:54:58.867","2026-08-11 02:30:40.666","58902906","2026-08-06 14:53:14.000","[PREMIUM]","337","WA - SPANAWAY","2026-08-11","TUESDAY","1200","PDT","0","V",2014,"HYUNDAI","SONATA","SONATA","SEDAN 4DR","CHARCOAL","VANDALISM",,"WA","BS","YES","E",0,"N","[PREMIUM]",0,"2.4L 4","FRONT WHEEL DRIVE","AUTOMATIC","GAS",4,"DEFAULT","Pure Sale","[PREMIUM]",,"SPANAWAY","WA","98387","USA","USD","[PREMIUM]","[PREMIUM]","B320",false,"[PREMIUM]","GLS",false,false,"[PREMIUM]",,,,,,,,"[PREMIUM]"
"58299986","2026-08-06 20:54:58.752","2026-08-11 02:30:40.589","58299986","2026-08-06 15:26:13.000","[PREMIUM]","337","WA - SPANAWAY","2026-08-11","TUESDAY","1200","PDT","0","V",2015,"SUBARU","IMPREZA","IMPREZA","STATION WAGON","GREEN","FRONT END","UNDERCARRIAGE","WA","BS","YES","S",122928,"A","[PREMIUM]",7625.99,"2.0L 4","ALL WHEEL DRIVE","AUTOMATIC","GAS",4,"Vehicle Starts","Pure Sale","[PREMIUM]",,"SPANAWAY","WA","98387","USA","USD","[PREMIUM]","[PREMIUM]","D210",false,"[PREMIUM]","LIMITED",false,false,"[PREMIUM]",,,,,,,,"[PREMIUM]"
"58042226","2026-08-06 20:54:58.710","2026-08-13 14:30:52.613","58042226","2026-08-12 21:32:10.000","[PREMIUM]","841","CRASHEDTOYS POWERSPORT AUCTION","2026-08-13","THURSDAY","1200","CDT","3051","C",2013,"SUZUKI","SV650","SV650","ROAD","BLACK","SIDE",,"WA","BS","YES","E",15558,"A","[PREMIUM]",4522.79,"2",,"MANUAL",,2,"DEFAULT","Pure Sale","[PREMIUM]",,"SPANAWAY","WA","98387","USA","USD","[PREMIUM]","[PREMIUM]","MC001",false,"[PREMIUM]",,false,false,"[PREMIUM]",,,,,,,,"[PREMIUM]"
"57840346","2026-08-06 20:54:58.640","2026-08-11 02:30:40.541","57840346","2026-08-06 20:02:17.000","[PREMIUM]","337","WA - SPANAWAY","2026-08-11","TUESDAY","1200","PDT","0","V",2010,"HYUNDAI","TUCSON","TUCSON","SUV","WHITE","FRONT END","SIDE","WA","BS","YES","D",186498,"E","[PREMIUM]",8908.12,"2.4L 4","ALL WHEEL DRIVE","AUTOMATIC","GAS",4,"Run & Drive Verified","On Minimum Bid","[PREMIUM]",,"SPANAWAY","WA","98387","USA","USD","[PREMIUM]","[PREMIUM]","C210",false,"[PREMIUM]","GLS",false,false,"[PREMIUM]",,,,,,,,"[PREMIUM]"
"57028826","2026-08-06 20:54:58.501","2026-08-11 02:30:40.432","57028826","2026-08-06 19:07:30.000","[PREMIUM]","337","WA - SPANAWAY","2026-08-11","TUESDAY","1200","PDT","0","V",2005,"HONDA","ODYSSEY","ODYSSEY","SPORTS VAN","SILVER","REAR END","FRONT END","WA","BS","YES","D",147221,"E","[PREMIUM]",3471.53,"3.5L 6","FRONT WHEEL DRIVE","AUTOMATIC","GAS",6,"Run & Drive Verified","Pure Sale","[PREMIUM]",,"SPANAWAY","WA","98387","USA","USD","[PREMIUM]","[PREMIUM]","C230",false,"[PREMIUM]","TOURING",false,false,"[PREMIUM]",,,,,,,,"[PREMIUM]"
"56626476","2026-08-06 20:54:58.471","2026-08-11 02:30:40.379","56626476","2026-08-06 19:06:38.000","[PREMIUM]","337","WA - SPANAWAY","2026-08-11","TUESDAY","1200","PDT","0","V",2024,"MAZDA","MAZDA3","3","SEDAN","GRAY","REAR END","UNDERCARRIAGE","WA","BS","YES","S",33196,"A","[PREMIUM]",19784.31,"2.5L 4","FRONT WHEEL DRIVE","AUTOMATIC","GAS",4,"Vehicle Starts","Pure Sale","[PREMIUM]",,"SPANAWAY","WA","98387","USA","USD","[PREMIUM]","[PREMIUM]","B200",false,"[PREMIUM]","SELECT SPORT",false,false,"[PREMIUM]",,,,,,,,"[PREMIUM]"
"54812366","2026-08-06 20:54:58.288","2026-08-11 02:30:41.279","54812366","2026-08-06 19:05:42.000","[PREMIUM]","337","WA - SPANAWAY","2026-08-11","TUESDAY","1200","PDT","0","V",2015,"BMW","X3","X3","4DR SPORT UTILITY","WHITE","FRONT END",,"WA","BS","YES","D",91159,"A","[PREMIUM]",9510.21,"2.0L 4","ALL WHEEL DRIVE","AUTOMATIC","GAS",4,"Run & Drive Verified","Pure Sale","[PREMIUM]",,"SPANAWAY","WA","98387","USA","USD","[PREMIUM]","[PREMIUM]","C280",false,"[PREMIUM]","XDRIVE28I",false,false,"[PREMIUM]",,,,,,,,"[PREMIUM]"
"85615395","2026-08-06 20:54:57.760","2026-08-18 09:02:33.537","85615395","2026-08-12 17:53:40.000","[PREMIUM]","336","UT - SALT LAKE CITY","2026-08-18","TUESDAY","1200","MDT","0","V",2014,"FIAT","500","500L","4DR SPORT UTILITY","GREEN","MECHANICAL",,"UT","CT","YES","E",112272,"A","[PREMIUM]",0,"1.4L 4","FRONT WHEEL DRIVE","AUTOMATIC","GAS",4,"DEFAULT","On Minimum Bid","[PREMIUM]",,"MAGNA","UT","84044 1470","USA","USD","[PREMIUM]","[PREMIUM]","N070",false,"[PREMIUM]",,false,false,"[PREMIUM]",,,,,,,,"[PREMIUM]"
"64074986","2026-08-06 20:54:57.341","2026-08-19 21:06:30.043","64074986","2026-08-19 18:08:26.000","[PREMIUM]","336","UT - SALT LAKE CITY","2026-08-25","TUESDAY","1200","MDT","0","V",2002,"TOYOTA","CAMRY","CAMRRY","SEDAN","GRAY","FRONT END",,"UT","CT","YES","D",206503,"E","[PREMIUM]",0,"2.2L 4","FRONT WHEEL DRIVE","AUTOMATIC","GAS",4,"Run & Drive Verified","On Minimum Bid","[PREMIUM]",,"MAGNA","UT","84044 1470","USA","USD","[PREMIUM]","[PREMIUM]","F030",false,"[PREMIUM]",,false,false,"[PREMIUM]",,,,,,,,"[PREMIUM]"
"63912566","2026-08-06 20:54:57.341","2026-08-11 02:30:41.685","63912566","2026-08-10 23:06:10.000","[PREMIUM]","336","UT - SALT LAKE CITY","2026-08-11","TUESDAY","1200","MDT","0","V",2007,"NISSAN","VERSA","VERSA","HATCHBACK","RED","MINOR DENT/SCRATCHES",,"UT","CT","YES","D",237319,"E","[PREMIUM]",0,"1.8L 4","FRONT WHEEL DRIVE","MANUAL","GAS",4,"Run & Drive Verified","On Minimum Bid","[PREMIUM]",,"MAGNA","UT","84044 1470","USA","USD","[PREMIUM]","[PREMIUM]","D120",false,"[PREMIUM]","1.8 S",false,false,"[PREMIUM]",,,,,,,,"[PREMIUM]"
"64301826","2026-08-06 20:54:57.337","2026-08-11 02:30:39.324","64301826","2026-08-06 18:26:58.000","[PREMIUM]","336","UT - SALT LAKE CITY","2026-08-11","TUESDAY","1200","MDT","0","V",2006,"LEXUS","RX400","RX","4DR SPORT UTILITY","BLACK","MINOR DENT/SCRATCHES",,"CA","CT","YES","D",249545,"E","[PREMIUM]",0,"3.3L 6","FRONT WHEEL DRIVE","AUTOMATIC","ELECTRIC AND GAS HYBRID",6,"Run & Drive Verified","On Minimum Bid","[PREMIUM]",,"MAGNA","UT","84044 1470","USA","USD","[PREMIUM]","[PREMIUM]","K120",true,"[PREMIUM]","400",false,false,"[PREMIUM]",,,,,,,,"[PREMIUM]"
"63804956","2026-08-06 20:54:57.284","2026-08-19 21:06:29.895","63804956","2026-08-19 17:47:05.000","[PREMIUM]","336","UT - SALT LAKE CITY","2026-08-25","TUESDAY","1200","MDT","0","V",2010,"HYUNDAI","ELANTRA","ELANTRA",,"SILVER","MECHANICAL","FRONT END","UT","CT","YES","S",190858,"E","[PREMIUM]",0,,,"MANUAL",,,"Vehicle Starts","On Minimum Bid","[PREMIUM]",,"MAGNA","UT","84044 1470","USA","USD","[PREMIUM]","[PREMIUM]","D120",false,"[PREMIUM]","SE",false,false,"[PREMIUM]",,,,,,,,"[PREMIUM]"
"63259916","2026-08-06 20:54:57.006","2026-08-11 02:30:38.622","63259916","2026-08-06 18:43:29.000","[PREMIUM]","336","UT - SALT LAKE CITY","2026-08-11","TUESDAY","1200","MDT","0","V",2016,"MAZDA","CX-5","CX-5","4DR SPORT UTILITY","RED","MINOR DENT/SCRATCHES",,"UT","CT","YES","D",175324,"A","[PREMIUM]",0,"2.5L 4","ALL WHEEL DRIVE","AUTOMATIC","GAS",4,"Run & Drive Verified","On Minimum Bid","[PREMIUM]",,"MAGNA","UT","84044 1470","USA","USD","[PREMIUM]","[PREMIUM]","A070",true,"[PREMIUM]","SPORT",false,false,"[PREMIUM]",,,,,,,,"[PREMIUM]"
"62624836","2026-08-06 20:54:56.566","2026-08-20 17:42:49.853","62624836","2026-08-17 22:30:01.000","[PREMIUM]","336","UT - SALT LAKE CITY","2026-08-21","FRIDAY","1200","MDT","0","V",2023,"VOLKSWAGEN","ALL OTHER","TAOS","SPORT UTILITY VEHICLE","WHITE","FRONT END",,"UT","SC","YES","D",25614,"A","[PREMIUM]",17629,"1.5L 4","FRONT WHEEL DRIVE","AUTOMATIC","GAS",4,"Run & Drive Verified","On Minimum Bid","[PREMIUM]",,"MAGNA","UT","84044 1470","USA","USD","[PREMIUM]","[PREMIUM]","H100",false,"[PREMIUM]","S",false,false,"[PREMIUM]",,,,,,,,"[PREMIUM]"
"61589036","2026-08-06 20:54:55.475","2026-08-20 17:42:48.368","61589036","2026-08-17 20:56:20.000","[PREMIUM]","336","UT - SALT LAKE CITY","2026-08-21","FRIDAY","1200","MDT","0","V",2024,"KIA","TELLURIDE","TELLURIDE","SUV","GRAY","REAR END",,"UT","SC","YES","D",25988,"A","[PREMIUM]",32259,"3.8L 6","ALL WHEEL DRIVE","AUTOMATIC","GAS",6,"Run & Drive Verified","On Minimum Bid","[PREMIUM]",,"MAGNA","UT","84044 1470","USA","USD","[PREMIUM]","[PREMIUM]","I140",false,"[PREMIUM]","SX X-PRO",false,false,"[PREMIUM]",,,,,,,,"[PREMIUM]"
"61417316","2026-08-06 20:54:55.326","2026-08-20 17:42:48.205","61417316","2026-08-14 13:41:44.000","[PREMIUM]","336","UT - SALT LAKE CITY","2026-08-21","FRIDAY","1200","MDT","0","C",2004,"HARLEY-DAVIDSON","FX","FXDWGI","ROAD","RED","FRONT END",,"UT","SC","YES","D",49768,"E","[PREMIUM]",11910.91,"2",,"MANUAL",,2,"Run & Drive Verified","Pure Sale","[PREMIUM]",,"MAGNA","UT","84044 1470","USA","USD","[PREMIUM]","[PREMIUM]","SFB",false,"[PREMIUM]",,false,false,"[PREMIUM]",,,,,,,,"[PREMIUM]"
"61055716","2026-08-06 20:54:54.960","2026-08-20 05:42:12.615","61055716","2026-08-17 19:18:08.000","[PREMIUM]","336","UT - SALT LAKE CITY","2026-08-21","FRIDAY","1200","MDT","0","V",2007,"ACURA","TSX","TSX","SEDAN 4DR","BLACK","REAR END","FRONT END","VA","CT","YES",,210724,"A","[PREMIUM]",3973,"2.4L 4","FRONT WHEEL DRIVE","AUTOMATIC","GAS",4,,"Pure Sale","[PREMIUM]",,"MAGNA","UT","84044 1470","USA","USD","[PREMIUM]","[PREMIUM]","H060",false,"[PREMIUM]",,false,false,"[PREMIUM]",,,,,,,,"[PREMIUM]"
"60239756","2026-08-06 20:54:54.005","2026-08-18 09:02:29.276","60239756","2026-08-14 19:37:44.000","[PREMIUM]","336","UT - SALT LAKE CITY","2026-08-18","TUESDAY","1200","MDT","0","V",2022,"TOYOTA","4RUNNER","4RUNNER","SPORT UTILITY VEHICLE","GRAY","ROLLOVER",,"UT","SC","NO",,0,"N","[PREMIUM]",119483.66,"4.0L 6","4X4 W/REAR WHEEL DRV","AUTOMATIC","GAS",6,,"Pure Sale","[PREMIUM]",,"MAGNA","UT","84044 1470","USA","USD","[PREMIUM]","[PREMIUM]","O060",false,"[PREMIUM]","LIMITED",false,false,"[PREMIUM]",,,,,,,,"[PREMIUM]"
"59648256","2026-08-06 20:54:53.260","2026-08-11 02:30:34.236","59648256","2026-08-06 19:14:08.000","[PREMIUM]","336","UT - SALT LAKE CITY","2026-08-11","TUESDAY","1200","MDT","0","V",2016,"SUBARU","FORESTER","FORESTER","4DR SPORT UTILITY","WHITE","FRONT END",,"UT","CT","YES","S",72641,"A","[PREMIUM]",0,"2.5L 4","ALL WHEEL DRIVE","AUTOMATIC","GAS",4,"Vehicle Starts","On Approval","[PREMIUM]",,"MAGNA","UT","84044 1470","USA","USD","[PREMIUM]","[PREMIUM]","A040",false,"[PREMIUM]","2.5I LIMITED",false,false,"[PREMIUM]",,,,,,,,"[PREMIUM]"
"58098256","2026-08-06 20:54:51.936","2026-08-20 17:42:46.109","58098256","2026-08-14 22:19:15.000","[PREMIUM]","336","UT - SALT LAKE CITY",,,,"MDT","0","V",1999,"HONDA","ACCORD","ACCORD","SEDAN 4DR","TAN","FRONT END",,"UT","SC","YES","D",218112,"E","[PREMIUM]",2303,"2.3L 4","FRONT WHEEL DRIVE","AUTOMATIC","GAS",4,"Run & Drive Verified","Pure Sale","[PREMIUM]",,"MAGNA","UT","84044 1470","USA","USD","[PREMIUM]","[PREMIUM]","N070",false,"[PREMIUM]","LX",false,false,"[PREMIUM]",,,,,,,,"[PREMIUM]"
"57163186","2026-08-06 20:54:51.394","2026-08-20 17:42:45.767","57163186","2026-08-20 15:28:27.000","[PREMIUM]","336","UT - SALT LAKE CITY",,,,"MDT","0","V",2024,"FORD","ESCAPE","ESCAPE","SPORT UTILITY VEHICLE","SILVER","ALL OVER",,"ID","SC","YES","E",0,"N","[PREMIUM]",26089,"2.5L 4","4X4 W/FRONT WHL DRV","AUTOMATIC","ELECTRIC AND GAS HYBRID",4,"DEFAULT","Pure Sale","[PREMIUM]",,"MAGNA","UT","84044 1470","USA","USD","[PREMIUM]","[PREMIUM]","H030",false,"[PREMIUM]","ST LINE SELECT",false,false,"[PREMIUM]",,,,,,,,"[PREMIUM]"
"55000916","2026-08-06 20:54:50.492","2026-08-20 17:42:45.369","55000916","2026-08-17 23:21:37.000","[PREMIUM]","336","UT - SALT LAKE CITY","2026-08-21","FRIDAY","1200","MDT","0","A",2023,"KAWASAKI","ALL OTHER","KRT1000","SIDE BY SIDE","TWO TONE","ALL OVER",,"UT","SC","YES","D",752,"A","[PREMIUM]",17913,"2",,"AUTOMATIC","GAS",2,"Run & Drive Verified","On Minimum Bid","[PREMIUM]",,"MAGNA","UT","84044 1470","USA","USD","[PREMIUM]","[PREMIUM]","SFB",false,"[PREMIUM]","B",false,false,"[PREMIUM]",,,,,,,,"[PREMIUM]"
"54489766","2026-08-06 20:54:50.288","2026-08-18 09:02:27.549","54489766","2026-08-12 17:09:09.000","[PREMIUM]","336","UT - SALT LAKE CITY","2026-08-18","TUESDAY","1200","MDT","0","V",2017,"GENESIS","G80 3.8","G80","SEDAN","WHITE","SIDE",,"ID","SC","YES","D",110889,"A","[PREMIUM]",29667,"3.8L 6","REAR WHEEL DRIVE","AUTOMATIC","GAS",6,"Run & Drive Verified","Pure Sale","[PREMIUM]",,"MAGNA","UT","84044 1470","USA","USD","[PREMIUM]","[PREMIUM]","E030",false,"[PREMIUM]","3.8",false,false,"[PREMIUM]",,,,,,,,"[PREMIUM]"
"54115566","2026-08-06 20:54:50.235","2026-08-18 09:02:27.499","54115566","2026-08-12 17:05:16.000","[PREMIUM]","336","UT - SALT LAKE CITY","2026-08-18","TUESDAY","1200","MDT","0","V",2008,"AUDI","A6","A6","SEDAN 4DR","BLUE","FRONT END",,"ID","SC","YES","E",251600,"A","[PREMIUM]",3781,"3.1L 6","ALL WHEEL DRIVE","AUTOMATIC","GAS",6,"DEFAULT","Pure Sale","[PREMIUM]",,"MAGNA","UT","84044 1470","USA","USD","[PREMIUM]","[PREMIUM]","L090",false,"[PREMIUM]","3.2 QUATTRO",false,false,"[PREMIUM]",,,,,,,,"[PREMIUM]"
"64377496","2026-08-06 20:54:49.073","2026-08-20 05:42:08.735","64377496","2026-08-20 02:45:30.000","[PREMIUM]","335","FL - TAMPA NORTH","2026-08-21","FRIDAY","1000","EDT","0","M",2017,"SCOUT","FISHING BO","FISHING BOAT",,"BLUE","NORMAL WEAR",,"FL","HD","NO","E",0,"N","[PREMIUM]",0,,,"AUTOMATIC",,,"DEFAULT","On Minimum Bid","[PREMIUM]",,"THONOTOSASSA","FL","33592","USA","USD","[PREMIUM]","[PREMIUM]","HV007",true,"[PREMIUM]",,false,false,"[PREMIUM]",,,,,,,,"[PREMIUM]"
"63914236","2026-08-06 20:54:49.038","2026-08-13 14:30:42.599","63914236","2026-08-13 11:09:15.000","[PREMIUM]","335","FL - TAMPA NORTH","2026-08-14","FRIDAY","1000","EDT","2013","V",2019,"MERCEDES-BENZ","CLA-CLASS","CLA","SEDAN","WHITE","FRONT END","SIDE","FL","CT","YES","E",48290,"A","[PREMIUM]",0,"2.0L 4","FRONT WHEEL DRIVE","AUTOMATIC","GAS",4,"DEFAULT","On Minimum Bid","[PREMIUM]",,"THONOTOSASSA","FL","33592","USA","USD","[PREMIUM]","[PREMIUM]","INSP",true,"[PREMIUM]","250",false,false,"[PREMIUM]",,,,,,,,"[PREMIUM]"
"63835026","2026-08-06 20:54:48.997","2026-08-13 14:30:42.600","63835026","2026-08-13 11:09:14.000","[PREMIUM]","335","FL - TAMPA NORTH","2026-08-14","FRIDAY","1000","EDT","114","V",2016,"HYUNDAI","ELANTRA","ELANTRA","SEDAN","SILVER","FRONT END",,"FL","RB","YES","D",145157,"A","[PREMIUM]",3770.23,"1.8L 4","FRONT WHEEL DRIVE","AUTOMATIC","GAS",4,"Run & Drive Verified","Pure Sale","[PREMIUM]",,"THONOTOSASSA","FL","33592","USA","USD","[PREMIUM]","[PREMIUM]","B010",false,"[PREMIUM]","VALUE EDITION",false,false,"[PREMIUM]",,,,,,,,"[PREMIUM]"
"63153216","2026-08-06 20:54:48.742","2026-08-18 09:02:26.268","63153216","2026-08-17 11:10:32.000","[PREMIUM]","335","FL - TAMPA NORTH","2026-08-18","TUESDAY","1000","EDT","8","V",2014,"NISSAN","SENTRA","SENTRA","SEDAN","SILVER","REAR END",,"FL","CT","YES","D",93374,"A","[PREMIUM]",0,"1.8L 4","FRONT WHEEL DRIVE","AUTOMATIC","GAS",4,"Run & Drive Verified","On Minimum Bid","[PREMIUM]",,"THONOTOSASSA","FL","33592","USA","USD","[PREMIUM]","[PREMIUM]","H020",true,"[PREMIUM]","S",false,false,"[PREMIUM]",,,,,,,,"[PREMIUM]"
"62586356","2026-08-06 20:54:48.578","2026-08-12 08:32:36.889","62586356","2026-08-06 20:04:48.000","[PREMIUM]","335","FL - TAMPA NORTH",,,,"EDT","0","V",2012,"NISSAN","ROGUE","ROGUE","WAGON","GREEN","MECHANICAL",,"FL","CT","YES","D",135737,"A","[PREMIUM]",0,"2.5L 4","ALL WHEEL DRIVE","AUTOMATIC","GAS",4,"Run & Drive Verified","On Minimum Bid","[PREMIUM]",,"THONOTOSASSA","FL","33592","USA","USD","[PREMIUM]","[PREMIUM]","E070",false,"[PREMIUM]","S",false,false,"[PREMIUM]",,,,,,,,"[PREMIUM]"
"60009776","2026-08-06 20:54:47.898","2026-08-09 20:55:40.026","60009776","2026-08-06 17:20:50.000","[PREMIUM]","335","FL - TAMPA NORTH",,,,"EDT","0","V",2008,"CHEVROLET","IMPALA","IMPALA","SEDAN 4DR","BURGUNDY","SIDE",,"ID","SC","YES","D",119386,"A","[PREMIUM]",7985,"3.5L 6","FRONT WHEEL DRIVE","AUTOMATIC","FLEXIBLE",6,"Run & Drive Verified","Pure Sale","[PREMIUM]",,"THONOTOSASSA","FL","33592","USA","USD","[PREMIUM]","[PREMIUM]","F010",false,"[PREMIUM]","LT",false,false,"[PREMIUM]",,,,,,,,"[PREMIUM]"
"59539946","2026-08-06 20:54:47.706","2026-08-13 14:30:41.592","59539946","2026-08-13 11:09:15.000","[PREMIUM]","335","FL - TAMPA NORTH","2026-08-14","FRIDAY","1000","EDT","2044","V",2011,"JEEP","CHEROKEE","GRAND CHEROKEE","4DR SPORT UTILITY","GRAY","FRONT END","TOP/ROOF","FL","RB","NO","E",0,"N","[PREMIUM]",14343.36,"5.7L 8","REAR WHEEL DRIVE","AUTOMATIC","GAS",8,"DEFAULT","Pure Sale","[PREMIUM]",,"THONOTOSASSA","FL","33592","USA","USD","[PREMIUM]","[PREMIUM]","D010",false,"[PREMIUM]","OVERLAND",false,false,"[PREMIUM]",,,,,,,,"[PREMIUM]"
"56280156","2026-08-06 20:54:47.223","2026-08-13 14:30:41.240","56280156","2026-08-13 11:09:15.000","[PREMIUM]","335","FL - TAMPA NORTH","2026-08-14","FRIDAY","1000","EDT","32","V",2018,"TOYOTA","COROLLA","COROLLA","SEDAN","BLUE","FRONT END",,"FL","RB","YES","D",129109,"A","[PREMIUM]",12596.23,"1.8L 4","FRONT WHEEL DRIVE","AUTOMATIC","GAS",4,"Run & Drive Verified","Pure Sale","[PREMIUM]",,"THONOTOSASSA","FL","33592","USA","USD","[PREMIUM]","[PREMIUM]","F080",false,"[PREMIUM]","SE",false,false,"[PREMIUM]",,,,,,,,"[PREMIUM]"
"55885086","2026-08-06 20:54:47.176","2026-08-13 14:30:41.258","55885086","2026-08-13 11:09:15.000","[PREMIUM]","335","FL - TAMPA NORTH","2026-08-14","FRIDAY","1000","EDT","2025","V",2026,"NISSAN","PATHFINDER","PATHFINDER",,"WHITE","ALL OVER",,"FL","RB","YES","E",1302,"N","[PREMIUM]",39541.72,,,"AUTOMATIC",,,"DEFAULT","Pure Sale","[PREMIUM]",,"THONOTOSASSA","FL","33592","USA","USD","[PREMIUM]","[PREMIUM]","J090",false,"[PREMIUM]","PLATINUM",false,false,"[PREMIUM]",,,,,,,,"[PREMIUM]"
"55137146","2026-08-06 20:54:47.137","2026-08-12 08:32:35.996","55137146","2026-08-06 15:11:57.000","[PREMIUM]","835","MEDIUM DUTY SPECIALTY SALE","2026-08-12","WEDNESDAY","1100","CDT","0","K",2019,"FORD","F350","F350","CAB CHASSIS","WHITE","FRONT END","TOP/ROOF","FL","CD","YES","E",187902,"A","[PREMIUM]",35629,"6.7L 8","4X4 W/REAR WHEEL DRV","AUTOMATIC","DIESEL",8,"DEFAULT","Pure Sale","[PREMIUM]",,"THONOTOSASSA","FL","33592","USA","USD","[PREMIUM]","[PREMIUM]","HV009",false,"[PREMIUM]","SUPER DUTY",false,false,"[PREMIUM]",,,,,,,,"[PREMIUM]"
"45946076","2026-08-06 20:54:46.779","2026-08-11 02:30:28.951","45946076","2026-08-10 11:17:12.000","[PREMIUM]","335","FL - TAMPA NORTH","2026-08-11","TUESDAY","1000","EDT","86","V",2020,"ACURA","TLX","TLX","SEDAN","WHITE","REAR END",,"FL","RB","YES","D",66438,"A","[PREMIUM]",15525.79,"2.4L 4","FRONT WHEEL DRIVE","AUTOMATIC","GAS",4,"Run & Drive Verified","Pure Sale","[PREMIUM]",,"THONOTOSASSA","FL","33592","USA","USD","[PREMIUM]","[PREMIUM]","J080",false,"[PREMIUM]","TECHNOLOGY",false,false,"[PREMIUM]",,,,,,,,"[PREMIUM]"
"64135516","2026-08-06 20:54:46.568","2026-08-20 17:42:41.483","64135516","2026-08-06 15:01:25.000","[PREMIUM]","328","WY - CASPER",,,,"MDT","0","V",2009,"HONDA","CIVIC","CIVIC","SEDAN 4DR","BLUE","FRONT END","REAR END","WY","CT","YES","S",140546,"E","[PREMIUM]",0,"1.8L 4","FRONT WHEEL DRIVE","AUTOMATIC","GAS",4,"Vehicle Starts","On Minimum Bid","[PREMIUM]",,"CASPER","WY","82601","USA","USD","[PREMIUM]","[PREMIUM]","C120",false,"[PREMIUM]","LX",false,false,"[PREMIUM]",,,,,,,,"[PREMIUM]"
"64260486","2026-08-06 20:54:46.545","2026-08-12 08:32:35.486","64260486","2026-08-11 15:33:54.000","[PREMIUM]","328","WY - CASPER","2026-08-12","WEDNESDAY","1200","MDT","13","V",2010,"TOYOTA","RAV4","RAV4","SUV","RED","FRONT END",,"WY","CT","YES","D",229697,"E","[PREMIUM]",0,"2.5L 4","FOUR BY FOUR","AUTOMATIC","GAS",4,"Run & Drive Verified","On Minimum Bid","[PREMIUM]",,"CASPER","WY","82601","USA","USD","[PREMIUM]","[PREMIUM]","C120",true,"[PREMIUM]","BASE",false,false,"[PREMIUM]",,,,,,,,"[PREMIUM]"
"63417556","2026-08-06 20:54:46.544","2026-08-20 17:42:41.431","63417556","2026-08-06 20:12:44.000","[PREMIUM]","328","WY - CASPER",,,,"MDT","0","V",2019,"TOYOTA","HIGHLANDER","HIGHLANDER","SUV","BURGUNDY","FRONT END","SIDE","WY","SC","YES","E",56862,"A","[PREMIUM]",20381.53,"3.5L 6","ALL WHEEL DRIVE","AUTOMATIC","GAS",6,"DEFAULT","Pure Sale","[PREMIUM]",,"CASPER","WY","82601","USA","USD","[PREMIUM]","[PREMIUM]","D050",false,"[PREMIUM]","LE PLUS",false,false,"[PREMIUM]",,,,,,,,"[PREMIUM]"
"64259856","2026-08-06 20:54:46.543","2026-08-20 17:42:41.540","64259856","2026-08-20 15:13:21.000","[PREMIUM]","328","WY - CASPER","2026-08-26","WEDNESDAY","1200","MDT","0","V",2016,"FORD","EXPLORER","EXPLORER","4DR SPORT UTILITY","GRAY","SIDE","REAR END","WY","SC","YES","D",167121,"N","[PREMIUM]",0,"3.5L 6","4X4 W/FRONT WHL DRV","AUTOMATIC","GAS",6,"Run & Drive Verified","On Minimum Bid","[PREMIUM]",,"CASPER","WY","82601","USA","USD","[PREMIUM]","[PREMIUM]","D130",true,"[PREMIUM]","SPORT",false,false,"[PREMIUM]",,,,,,,,"[PREMIUM]"
"63736556","2026-08-06 20:54:46.541","2026-08-20 17:42:41.438","63736556","2026-08-11 13:33:41.000","[PREMIUM]","328","WY - CASPER",,,,"MDT","0","V",2019,"CHEVROLET","COLORADO","COLORADO","PICKUP","WHITE","FRONT END","SIDE","WY","SC","YES","D",145317,"A","[PREMIUM]",16765,"2.5L 4","REAR WHEEL DRIVE","AUTOMATIC","GAS",4,"Run & Drive Verified","Pure Sale","[PREMIUM]",,"CASPER","WY","82601","USA","USD","[PREMIUM]","[PREMIUM]","D030",false,"[PREMIUM]",,false,false,"[PREMIUM]",,,,,,,,"[PREMIUM]"
"62856596","2026-08-06 20:54:46.513","2026-08-20 17:42:41.373","62856596","2026-08-06 19:54:57.000","[PREMIUM]","328","WY - CASPER",,,,"MDT","0","V",2010,"DODGE","All Models","RAM 1500","CREW PICKUP","BLUE","REAR END","FRONT END","WY","CT","YES","D",165527,"E","[PREMIUM]",7308.28,"5.7L 8","4X4 W/REAR WHEEL DRV","AUTOMATIC","GAS",8,"Run & Drive Verified","Pure Sale","[PREMIUM]",,"CASPER","WY","82601","USA","USD","[PREMIUM]","[PREMIUM]","E030",false,"[PREMIUM]",,false,false,"[PREMIUM]",,,,,,,,"[PREMIUM]"
"62495176","2026-08-06 20:54:46.509","2026-08-20 17:42:41.374","62495176","2026-08-06 16:41:59.000","[PREMIUM]","328","WY - CASPER",,,,"MDT","0","V",2013,"FORD","F250","F250","4DR EXT CAB PICKUP","WHITE","SIDE","REAR END","WY","CT","YES","D",290903,"A","[PREMIUM]",12272.46,"6.2L 8","4X4 W/REAR WHEEL DRV","AUTOMATIC","GAS",8,"Run & Drive Verified","Pure Sale","[PREMIUM]",,"CASPER","WY","82601","USA","USD","[PREMIUM]","[PREMIUM]","D010",false,"[PREMIUM]","SUPER DUTY",false,false,"[PREMIUM]",,,,,,,,"[PREMIUM]"
"60619336","2026-08-06 20:54:46.265","2026-08-20 17:42:41.096","60619336","2026-08-06 15:13:29.000","[PREMIUM]","328","WY - CASPER",,,,"MDT","0","V",2014,"NISSAN","MURANO","MURANO","SUV","GRAY","FRONT END","SIDE","WY","CT","YES","D",105797,"A","[PREMIUM]",6912,"3.5L 6","ALL WHEEL DRIVE","AUTOMATIC","GAS",6,"Run & Drive Verified","Pure Sale","[PREMIUM]",,"CASPER","WY","82601","USA","USD","[PREMIUM]","[PREMIUM]","B100",false,"[PREMIUM]","S",false,false,"[PREMIUM]",,,,,,,,"[PREMIUM]"
"58828656","2026-08-06 20:54:46.139","2026-08-12 08:32:34.748","58828656","2026-08-11 15:33:54.000","[PREMIUM]","328","WY - CASPER","2026-08-12","WEDNESDAY","1200","MDT","10","V",2021,"FORD","EXPEDITION","EXPEDITION","SPORT UTILITY VEHICLE","SILVER","REAR END","SIDE","IN","CT","YES","D",289334,"A","[PREMIUM]",0,"3.5L 6","4X4 W/REAR WHEEL DRV","AUTOMATIC","GAS",6,"Run & Drive Verified","On Minimum Bid","[PREMIUM]",,"CASPER","WY","82601","USA","USD","[PREMIUM]","[PREMIUM]","D110",false,"[PREMIUM]","MAX XLT",false,false,"[PREMIUM]",,,,,,,,"[PREMIUM]"
"58101936","2026-08-06 20:54:46.121","2026-08-19 15:02:12.796","58101936","2026-08-18 15:19:50.000","[PREMIUM]","328","WY - CASPER","2026-08-19","WEDNESDAY","1200","MDT","3","V",2020,"FORD","ECOSPORT","ECOSPORT","SPORT UTILITY VEHICLE","SILVER","FRONT END",,"WY","SC","YES","D",82883,"A","[PREMIUM]",10000,"2.0L 4","4X4 W/FRONT WHL DRV","AUTOMATIC","GAS",4,"Run & Drive Verified","On Minimum Bid","[PREMIUM]",,"CASPER","WY","82601","USA","USD","[PREMIUM]","[PREMIUM]","C120",false,"[PREMIUM]","TITANIUM",false,false,"[PREMIUM]",,,,,,,,"[PREMIUM]"
"50317006","2026-08-06 20:54:45.858","2026-08-20 17:42:40.739","50317006","2026-08-06 14:24:07.000","[PREMIUM]","328","WY - CASPER",,,,"MDT","0","V",2014,"FORD","ESCAPE","ESCAPE","4DR SPORT UTILITY","WHITE","FRONT END","SIDE","WY","CT","NO",,136648,"A","[PREMIUM]",0,"2.0L 4","4X4 W/FRONT WHL DRV","AUTOMATIC","GAS",4,,"Pure Sale","[PREMIUM]",,"CASPER","WY","82601","USA","USD","[PREMIUM]","[PREMIUM]","B090",false,"[PREMIUM]","TITANIUM",false,false,"[PREMIUM]",,,,,,,,"[PREMIUM]"
"47779026","2026-08-06 20:54:45.809","2026-08-20 17:42:40.698","47779026","2026-08-06 17:50:20.000","[PREMIUM]","328","WY - CASPER",,,,"MDT","0","V",2018,"FORD","ESCAPE","ESCAPE","SPORT UTILITY VEHICLE","GRAY","FRONT END",,"WY","SC","YES","D",181405,"A","[PREMIUM]",7636.28,"1.5L 4","4X4 W/FRONT WHL DRV","AUTOMATIC","GAS",4,"Run & Drive Verified","Pure Sale","[PREMIUM]",,"CASPER","WY","82601","USA","USD","[PREMIUM]","[PREMIUM]","D050",false,"[PREMIUM]","SE",false,false,"[PREMIUM]",,,,,,,,"[PREMIUM]"
"47634626","2026-08-06 20:54:45.807","2026-08-20 17:42:40.720","47634626","2026-08-11 04:04:04.000","[PREMIUM]","328","WY - CASPER",,,,"MDT","0","V",2014,"TOYOTA","TUNDRA 179","TUNDRA","PICKUP","BLACK","REAR END",,"WY","CT","YES","D",97550,"A","[PREMIUM]",0,"5.7L 8","4X4 W/REAR WHEEL DRV","AUTOMATIC","FLEXIBLE",8,"Run & Drive Verified","On Minimum Bid","[PREMIUM]",,"CASPER","WY","82601","USA","USD","[PREMIUM]","[PREMIUM]","F020",false,"[PREMIUM]","1794 EDITION",false,false,"[PREMIUM]",,,,,,,,"[PREMIUM]"
"62488846","2026-08-06 20:54:45.707","2026-08-12 08:32:34.219","62488846","2026-08-06 18:08:51.000","[PREMIUM]","326","MS - GRENADA","2026-08-12","WEDNESDAY","1200","CDT","0","V",2019,"FORD","FUSION","FUSION","SEDAN","SILVER","SIDE",,"MS","CZ","YES","D",135871,"A","[PREMIUM]",0,"1.5L 4","FRONT WHEEL DRIVE","AUTOMATIC","GAS",4,"Run & Drive Verified","On Minimum Bid","[PREMIUM]",,"GRENADA","MS","38901","USA","USD","[PREMIUM]","[PREMIUM]","C060",true,"[PREMIUM]","SE",false,false,"[PREMIUM]",,,,,,,,"[PREMIUM]"
"59669756","2026-08-06 20:54:45.505","2026-08-20 17:42:40.200","59669756","2026-08-06 14:25:57.000","[PREMIUM]","326","MS - GRENADA",,,,"CDT","0","V",2012,"KIA","SOUL","SOUL","WAGON","GREEN","FRONT END",,"MS","ST","YES","S",233286,"A","[PREMIUM]",6532.16,"2.0L 4","FRONT WHEEL DRIVE","AUTOMATIC","GAS",4,"Vehicle Starts","On Approval","[PREMIUM]",,"GRENADA","MS","38901","USA","USD","[PREMIUM]","[PREMIUM]","B010",false,"[PREMIUM]","+",false,false,"[PREMIUM]",,,,,,,,"[PREMIUM]"
"97390455","2026-08-06 20:54:45.239","2026-08-20 17:42:39.730","97390455","2026-08-17 20:29:27.000","[PREMIUM]","309","CA - ADELANTO","2026-08-31","MONDAY","1200","PDT","0","V",2016,"HYUNDAI","ELANTRA","ELANTRA GT","HATCHBACK","BLUE","FRONT END","SIDE","CA","SC","YES","E",0,"N","[PREMIUM]",0,"2.0L  4","Front-wheel Drive","AUTOMATIC","GAS",4,"DEFAULT","On Minimum Bid","[PREMIUM]",,"ADELANTO","CA","92301","USA","USD","[PREMIUM]","[PREMIUM]","E050",true,"[PREMIUM]",,false,false,"[PREMIUM]",,,,,,,,"[PREMIUM]"
"97384365","2026-08-06 20:54:45.183","2026-08-20 17:42:39.686","97384365","2026-08-17 23:35:20.000","[PREMIUM]","309","CA - ADELANTO","2026-08-31","MONDAY","1200","PDT","0","V",2016,"HYUNDAI","ELANTRA","ELANTRA GT","HATCHBACK","SILVER","FRONT END","SIDE","CA","SC","YES","S",124450,"A","[PREMIUM]",0,"2.0L  4","Front-wheel Drive","AUTOMATIC","GAS",4,"Vehicle Starts","On Minimum Bid","[PREMIUM]",,"ADELANTO","CA","92301","USA","USD","[PREMIUM]","[PREMIUM]","E040",true,"[PREMIUM]",,false,false,"[PREMIUM]",,,,,,,,"[PREMIUM]"
"97385515","2026-08-06 20:54:45.172","2026-08-20 17:42:39.675","97385515","2026-08-17 20:16:35.000","[PREMIUM]","309","CA - ADELANTO","2026-08-31","MONDAY","1200","PDT","0","V",2016,"HYUNDAI","ELANTRA","ELANTRA GT","HATCHBACK","SILVER","REAR END","SIDE","CA","SC","YES","D",123478,"A","[PREMIUM]",0,"2.0L  4","Front-wheel Drive","AUTOMATIC","GAS",4,"Run & Drive Verified","On Minimum Bid","[PREMIUM]",,"ADELANTO","CA","92301","USA","USD","[PREMIUM]","[PREMIUM]","E050",true,"[PREMIUM]",,false,false,"[PREMIUM]",,,,,,,,"[PREMIUM]"
"97386915","2026-08-06 20:54:45.172","2026-08-20 17:42:39.686","97386915","2026-08-17 19:51:54.000","[PREMIUM]","309","CA - ADELANTO","2026-08-31","MONDAY","1200","PDT","0","V",2016,"HYUNDAI","ELANTRA","ELANTRA GT","HATCHBACK","SILVER","MINOR DENT/SCRATCHES",,"CA","SC","YES","D",168420,"A","[PREMIUM]",0,"2.0L  4","Front-wheel Drive","AUTOMATIC","GAS",4,"Run & Drive Verified","On Minimum Bid","[PREMIUM]",,"ADELANTO","CA","92301","USA","USD","[PREMIUM]","[PREMIUM]","E050",true,"[PREMIUM]",,false,false,"[PREMIUM]",,,,,,,,"[PREMIUM]"
"97383435","2026-08-06 20:54:45.165","2026-08-20 17:42:39.684","97383435","2026-08-17 19:49:58.000","[PREMIUM]","309","CA - ADELANTO","2026-08-31","MONDAY","1200","PDT","0","V",2016,"HYUNDAI","ELANTRA","ELANTRA GT","HATCHBACK","SILVER","MINOR DENT/SCRATCHES",,"CA","SC","YES","D",165159,"A","[PREMIUM]",0,"2.0L  4","Front-wheel Drive","AUTOMATIC","GAS",4,"Run & Drive Verified","On Minimum Bid","[PREMIUM]",,"ADELANTO","CA","92301","USA","USD","[PREMIUM]","[PREMIUM]","B040",true,"[PREMIUM]",,false,false,"[PREMIUM]",,,,,,,,"[PREMIUM]"
"97382475","2026-08-06 20:54:45.162","2026-08-20 17:42:39.681","97382475","2026-08-17 20:16:16.000","[PREMIUM]","309","CA - ADELANTO","2026-08-31","MONDAY","1200","PDT","0","V",2016,"HYUNDAI","ELANTRA","ELANTRA GT","HATCHBACK","SILVER","ALL OVER","WATER/FLOOD","CA","SC","YES","D",118735,"A","[PREMIUM]",0,"2.0L  4","Front-wheel Drive","AUTOMATIC","GAS",4,"Run & Drive Verified","On Minimum Bid","[PREMIUM]",,"ADELANTO","CA","92301","USA","USD","[PREMIUM]","[PREMIUM]","E050",true,"[PREMIUM]",,false,false,"[PREMIUM]",,,,,,,,"[PREMIUM]"
"97389375","2026-08-06 20:54:45.156","2026-08-20 17:42:39.696","97389375","2026-08-17 23:35:37.000","[PREMIUM]","309","CA - ADELANTO","2026-08-31","MONDAY","1200","PDT","0","V",2017,"HYUNDAI","ELANTRA","ELANTRA GT","HATCHBACK","BLUE","FRONT END","SIDE","CA","SC","YES","E",0,"N","[PREMIUM]",0,"2.0L  4","Front-wheel Drive","AUTOMATIC","GAS",4,"DEFAULT","On Minimum Bid","[PREMIUM]",,"ADELANTO","CA","92301","USA","USD","[PREMIUM]","[PREMIUM]","E050",true,"[PREMIUM]",,false,false,"[PREMIUM]",,,,,,,,"[PREMIUM]"
"63806436","2026-08-06 20:54:45.037","2026-08-20 17:42:39.378","63806436","2026-08-17 20:13:53.000","[PREMIUM]","309","CA - ADELANTO","2026-08-31","MONDAY","1200","PDT","0","V",2018,"TOYOTA","PRIUS","PRIUS","HATCHBACK","BLACK","FRONT END","SIDE","CA","DV","YES","E",256314,"A","[PREMIUM]",0,"1.8L 4","FRONT WHEEL DRIVE","AUTOMATIC","ELECTRIC AND GAS HYBRID",4,"DEFAULT","On Minimum Bid","[PREMIUM]",,"ADELANTO","CA","92301","USA","USD","[PREMIUM]","[PREMIUM]","B040",true,"[PREMIUM]","TWO",false,false,"[PREMIUM]",,,,,,,,"[PREMIUM]"
"62314866","2026-08-06 20:54:44.939","2026-08-20 17:42:39.274","62314866","2026-08-17 22:08:17.000","[PREMIUM]","309","CA - ADELANTO","2026-08-31","MONDAY","1200","PDT","0","V",2015,"NISSAN","PATHFINDER","PATHFINDER","SUV","SILVER","SIDE","FRONT END","CA","SC","YES","D",250604,"A","[PREMIUM]",5120,"3.5L 6","FRONT WHEEL DRIVE","AUTOMATIC","GAS",6,"Run & Drive Verified","Pure Sale","[PREMIUM]",,"ADELANTO","CA","92301","USA","USD","[PREMIUM]","[PREMIUM]","E010",false,"[PREMIUM]","S",false,false,"[PREMIUM]",,,,,,,,"[PREMIUM]"
"60491726","2026-08-06 20:54:44.856","2026-08-17 03:02:07.716","60491726","2026-08-11 22:52:18.000","[PREMIUM]","309","CA - ADELANTO","2026-08-17","MONDAY","1200","PDT","0","V",2020,"HONDA","ACCORD","ACCORD","SEDAN","BLACK","REAR END",,"CA","SC","YES","D",138566,"A","[PREMIUM]",6119.12,"1.5L 4","FRONT WHEEL DRIVE","AUTOMATIC","GAS",4,"Run & Drive Verified","On Minimum Bid","[PREMIUM]",,"ADELANTO","CA","92301","USA","USD","[PREMIUM]","[PREMIUM]","B010",false,"[PREMIUM]","SPORT",false,false,"[PREMIUM]",,,,,,,,"[PREMIUM]"
"64215426","2026-08-06 20:54:44.354","2026-08-18 09:02:21.137","64215426","2026-08-12 18:06:30.000","[PREMIUM]","308","WI - MADISON SOUTH","2026-08-18","TUESDAY","1200","CDT","0","V",2005,"FORD","F150","F-150","4DR EXT CAB PICKUP","BLACK","NORMAL WEAR",,"WI","CT","YES","D",139783,"A","[PREMIUM]",0,"5.4L 8","4X4 W/REAR WHEEL DRV","AUTOMATIC","GAS",8,"Run & Drive Verified","On Minimum Bid","[PREMIUM]",,"MCFARLAND","WI","53558","USA","USD","[PREMIUM]","[PREMIUM]","I080",false,"[PREMIUM]",,false,false,"[PREMIUM]",,,,,,,,"[PREMIUM]"
"63907986","2026-08-06 20:54:44.312","2026-08-11 02:30:25.167","63907986","2026-08-10 21:28:08.000","[PREMIUM]","308","WI - MADISON SOUTH","2026-08-11","TUESDAY","1200","CDT","0","V",2023,"TOYOTA","COROLLA","COROLLA","HATCHBACK","SILVER","HAIL",,"WI","IC","YES","D",16570,"A","[PREMIUM]",12968,"2.0L 4","FRONT WHEEL DRIVE","AUTOMATIC","GAS",4,"Run & Drive Verified","On Minimum Bid","[PREMIUM]",,"MCFARLAND","WI","53558","USA","USD","[PREMIUM]","[PREMIUM]","A010",false,"[PREMIUM]","XSE",false,false,"[PREMIUM]",,,,,,,,"[PREMIUM]"
"63940556","2026-08-06 20:54:44.311","2026-08-09 20:55:36.409","63940556","2026-08-07 17:38:26.000","[PREMIUM]","308","WI - MADISON SOUTH","2026-08-11","TUESDAY","1200","CDT","0","V",2016,"HYUNDAI","ELANTRA","ELANTRA","SEDAN","WHITE","REAR END",,"WI","CT","YES","D",172651,"A","[PREMIUM]",0,"1.8L 4","FRONT WHEEL DRIVE","AUTOMATIC","GAS",4,"Run & Drive Verified","On Minimum Bid","[PREMIUM]",,"MCFARLAND","WI","53558","USA","USD","[PREMIUM]","[PREMIUM]","A010",true,"[PREMIUM]","SE",false,false,"[PREMIUM]",,,,,,,,"[PREMIUM]"
"64144006","2026-08-06 20:54:44.305","2026-08-19 23:42:41.315","64144006","2026-08-19 21:51:53.000","[PREMIUM]","308","WI - MADISON SOUTH","2026-08-25","TUESDAY","1200","CDT","0","V",2011,"DODGE","RAM 1500","RAM 1500","CREW PICKUP","GRAY","FRONT END","SIDE","WI","CT","YES","D",298924,"A","[PREMIUM]",0,"4.7L 8","4X4 W/REAR WHEEL DRV","AUTOMATIC","GAS",8,"Run & Drive Verified","On Minimum Bid","[PREMIUM]",,"MCFARLAND","WI","53558","USA","USD","[PREMIUM]","[PREMIUM]","G080",true,"[PREMIUM]","SLT",false,false,"[PREMIUM]",,,,,,,,"[PREMIUM]"
"63608166","2026-08-06 20:54:44.275","2026-08-11 02:30:25.075","63608166","2026-08-07 20:24:31.000","[PREMIUM]","308","WI - MADISON SOUTH","2026-08-11","TUESDAY","1200","CDT","0","V",2008,"FORD","ESCAPE","ESCAPE","4DR SPORT UTILITY","SILVER","UNDERCARRIAGE",,"WI","CT","YES","D",101891,"A","[PREMIUM]",0,"3.0L 6","4X4 W/FRONT WHL DRV","AUTOMATIC","GAS",6,"Run & Drive Verified","On Minimum Bid","[PREMIUM]",,"MCFARLAND","WI","53558","USA","USD","[PREMIUM]","[PREMIUM]","A010",true,"[PREMIUM]","LIMITED",false,false,"[PREMIUM]",,,,,,,,"[PREMIUM]"
"63726006","2026-08-06 20:54:44.272","2026-08-09 20:55:36.291","63726006","2026-08-06 17:51:17.000","[PREMIUM]","838","RENTAL VEHICLE SALE","2026-08-10","MONDAY","1200","EDT","0","V",2025,"NISSAN","VERSA","VERSA","SEDAN","GRAY","FRONT END","SIDE","FL","CD","YES","E",46976,"A","[PREMIUM]",0,"1.6L 4","FRONT WHEEL DRIVE","AUTOMATIC","GAS",4,"DEFAULT","On Approval","[PREMIUM]",,"MCFARLAND","WI","53558","USA","USD","[PREMIUM]","[PREMIUM]","B030",false,"[PREMIUM]","SR",false,false,"[PREMIUM]",,,,,,,,"[PREMIUM]"
"63740726","2026-08-06 20:54:44.263","2026-08-11 02:30:25.138","63740726","2026-08-06 19:34:03.000","[PREMIUM]","308","WI - MADISON SOUTH","2026-08-11","TUESDAY","1200","CDT","0","V",2014,"GMC","TERRAIN","TERRAIN","4DR SPORT UTILITY","GRAY","NORMAL WEAR",,"WI","CT","YES","D",159031,"A","[PREMIUM]",0,"3.6L 6","ALL WHEEL DRIVE","AUTOMATIC","FLEXIBLE",6,"Run & Drive Verified","On Minimum Bid","[PREMIUM]",,"MCFARLAND","WI","53558","USA","USD","[PREMIUM]","[PREMIUM]","E030",true,"[PREMIUM]","SLT",false,false,"[PREMIUM]",,,,,,,,"[PREMIUM]"
"63675196","2026-08-06 20:54:44.257","2026-08-11 02:30:25.098","63675196","2026-08-06 19:34:19.000","[PREMIUM]","308","WI - MADISON SOUTH","2026-08-11","TUESDAY","1200","CDT","0","V",2023,"HYUNDAI","TUCSON","TUCSON","SPORT UTILITY VEHICLE","BLUE","REAR END","FRONT END","WI","SC","YES","D",77521,"A","[PREMIUM]",18908,"1.6L 4","ALL WHEEL DRIVE","AUTOMATIC","ELECTRIC AND GAS HYBRID",4,"Run & Drive Verified","On Minimum Bid","[PREMIUM]",,"MCFARLAND","WI","53558","USA","USD","[PREMIUM]","[PREMIUM]","C070",false,"[PREMIUM]","BLUE",false,false,"[PREMIUM]",,,,,,,,"[PREMIUM]"
"58436096","2026-08-06 20:54:43.717","2026-08-18 09:02:20.339","58436096","2026-08-12 15:25:06.000","[PREMIUM]","308","WI - MADISON SOUTH","2026-08-18","TUESDAY","1200","CDT","0","V",2013,"HONDA","CRV","CR-V","4DR SPORT UTILITY","RED","FRONT END",,"ID","SC","YES","D",142577,"A","[PREMIUM]",7970,"2.4L 4","FRONT WHEEL DRIVE","AUTOMATIC","GAS",4,"Run & Drive Verified","Pure Sale","[PREMIUM]",,"MCFARLAND","WI","53558","USA","USD","[PREMIUM]","[PREMIUM]","A040",false,"[PREMIUM]","EXL",false,false,"[PREMIUM]",,,,,,,,"[PREMIUM]"
"51944726","2026-08-06 20:54:43.441","2026-08-11 02:30:23.851","51944726","2026-08-06 17:41:12.000","[PREMIUM]","308","WI - MADISON SOUTH","2026-08-11","TUESDAY","1200","CDT","0","V",2011,"CHEVROLET","MALIBU","MALIBU","SEDAN 4D","WHITE","FRONT END",,"WI","BP","YES","E",184859,"A","[PREMIUM]",15000,"2.4L  4","Front-wheel Drive","AUTOMATIC","GAS",4,"DEFAULT","Pure Sale","[PREMIUM]",,"MCFARLAND","WI","53558","USA","USD","[PREMIUM]","[PREMIUM]","E080",false,"[PREMIUM]","2LT",false,false,"[PREMIUM]",,,,,,,,"[PREMIUM]"
"79731355","2026-08-06 20:54:43.311","2026-08-11 02:30:23.518","79731355","2026-08-06 19:38:11.000","[PREMIUM]","294","ONTARIO AUCTION","2026-08-11","TUESDAY","1000","EDT","0","V",2018,"CADILLAC","XTS","XTS","SEDAN","BLACK","REAR END","MINOR DENT/SCRATCHES","ON","NU","YES","D",657649,"N","[PREMIUM]",3095.19,"3.6L 6","FRONT WHEEL DRIVE","AUTOMATIC","GAS",6,"Run & Drive Verified","Pure Sale","[PREMIUM]",,"COOKSTOWN","ON","L0L 1L0","CAN","CAD","[PREMIUM]","[PREMIUM]","E140",false,"[PREMIUM]",,false,false,"[PREMIUM]",,,,,,,,"[PREMIUM]"
"79135585","2026-08-06 20:54:43.282","2026-08-20 17:42:37.004","79135585","2026-08-06 14:26:17.000","[PREMIUM]","294","ONTARIO AUCTION",,,,"EDT","0","V",2017,"HONDA","CRV","CR-V","SPORT UTILITY VEHICLE","CHARCOAL","SIDE","REAR END","QC","SR","YES","D",183978,"N","[PREMIUM]",17106,"1.5L 4","ALL WHEEL DRIVE","AUTOMATIC","GAS",4,"Run & Drive Verified","Pure Sale","[PREMIUM]",,"COOKSTOWN","ON","L0L 1L0","CAN","CAD","[PREMIUM]","[PREMIUM]","F010",false,"[PREMIUM]","EXL",false,false,"[PREMIUM]",,,,,,,,"[PREMIUM]"
"75509005","2026-08-06 20:54:43.244","2026-08-11 02:30:23.460","75509005","2026-08-06 20:04:31.000","[PREMIUM]","294","ONTARIO AUCTION","2026-08-11","TUESDAY","1000","EDT","0","V",2023,"TESLA","MODEL Y","MODEL Y",,"WHITE","FRONT END","MINOR DENT/SCRATCHES","ON","ST","EXM","E",0,"N","[PREMIUM]",21704.04,,"ALL WHEEL DRIVE","AUTOMATIC","ELECTRIC",,"DEFAULT","Pure Sale","[PREMIUM]",,"COOKSTOWN","ON","L0L 1L0","CAN","CAD","[PREMIUM]","[PREMIUM]","G160",false,"[PREMIUM]",,false,false,"[PREMIUM]",,,,,,,,"[PREMIUM]"
"62354816","2026-08-06 20:54:43.006","2026-08-13 14:30:36.262","62354816","2026-08-13 08:00:29.000","[PREMIUM]","294","ONTARIO AUCTION","2026-08-13","THURSDAY","1000","EDT","901","R",2022,"FORESRIVER","AVENGER","AVENGER",,"SILVER","TOP/ROOF","UNDERCARRIAGE","ON","NU","EXM","E",0,"N","[PREMIUM]",19452.49,,,"NONE",,,"DEFAULT","Pure Sale","[PREMIUM]",,"COOKSTOWN","ON","L0L 1L0","CAN","CAD","[PREMIUM]","[PREMIUM]","HV030",false,"[PREMIUM]",,false,false,"[PREMIUM]",,,,,,,,"[PREMIUM]"
"62290226","2026-08-06 20:54:42.998","2026-08-19 15:02:08.472","62290226","2026-08-19 11:00:05.000","[PREMIUM]","292","WHOLESALE AUCTION CANADA","2026-08-19","WEDNESDAY","1300","EDT","3132","V",2023,"FORD","F150","F150","PICKUP","RED","FRONT END","MINOR DENT/SCRATCHES","ON","NU","YES","D",125799,"A","[PREMIUM]",0,"3.3L 6","4X4 W/REAR WHEEL DRV","AUTOMATIC","GAS",6,"Run & Drive Verified","On Minimum Bid","[PREMIUM]","PREVIOUS FLEET","COOKSTOWN","ON","L0L 1L0","CAN","CAD","[PREMIUM]","[PREMIUM]","A070",false,"[PREMIUM]","SUPERCREW",false,false,"[PREMIUM]",,,,,,,,"[PREMIUM]"
"56850816","2026-08-06 20:54:42.995","2026-08-11 02:30:21.710","56850816","2026-08-06 19:43:30.000","[PREMIUM]","294","ONTARIO AUCTION","2026-08-11","TUESDAY","1000","EDT","0","V",2007,"MERCEDES-BENZ","B-CLASS","B200","HATCHBACK 4DR","BLUE","SIDE","FRONT END","ON","NU","EXM","E",0,"E","[PREMIUM]",6459.75,"2.0L 4","FRONT WHEEL DRIVE","AUTOMATIC","GAS",4,"DEFAULT","Pure Sale","[PREMIUM]",,"COOKSTOWN","ON","L0L 1L0","CAN","CAD","[PREMIUM]","[PREMIUM]","E140",false,"[PREMIUM]",,false,false,"[PREMIUM]",,,,,,,,"[PREMIUM]"
"61983176","2026-08-06 20:54:42.883","2026-08-13 14:30:36.240","61983176","2026-08-13 08:00:29.000","[PREMIUM]","294","ONTARIO AUCTION","2026-08-13","THURSDAY","1000","EDT","4017","V",2006,"HONDA","CIVIC","CIVIC","SEDAN 4D","SILVER","FRONT END","REAR END","ON","NU","YES","D",274746,"E","[PREMIUM]",4300.66,,,"AUTOMATIC",,,"Run & Drive Verified","Pure Sale","[PREMIUM]",,"COOKSTOWN","ON","L0L 1L0","CAN","CAD","[PREMIUM]","[PREMIUM]","F080",false,"[PREMIUM]","EX",false,false,"[PREMIUM]",,,,,,,,"[PREMIUM]"
"60992976","2026-08-06 20:54:42.745","2026-08-11 02:30:22.394","60992976","2026-08-06 20:08:12.000","[PREMIUM]","294","ONTARIO AUCTION","2026-08-11","TUESDAY","1000","EDT","0","V",2010,"HONDA","CRV","CR-V","4DR SPORT UTILITY","BLUE","FRONT END","REAR END","ON","ST","YES","D",212312,"E","[PREMIUM]",7547.69,"2.4L 4","ALL WHEEL DRIVE","AUTOMATIC","GAS",4,"Run & Drive Verified","Pure Sale","[PREMIUM]",,"COOKSTOWN","ON","L0L 1L0","CAN","CAD","[PREMIUM]","[PREMIUM]","D110",false,"[PREMIUM]","EXL",false,false,"[PREMIUM]",,,,,,,,"[PREMIUM]"
"60120346","2026-08-06 20:54:42.563","2026-08-11 02:30:22.122","60120346","2026-08-06 20:19:10.000","[PREMIUM]","294","ONTARIO AUCTION","2026-08-11","TUESDAY","1000","EDT","0","V",2011,"HONDA","CIVIC","CIVIC","SEDAN 4DR","BROWN","FRONT END","MINOR DENT/SCRATCHES","ON","NU","YES","D",267835,"N","[PREMIUM]",4737.17,"1.8L 4","FRONT WHEEL DRIVE","AUTOMATIC","GAS",4,"Run & Drive Verified","Pure Sale","[PREMIUM]",,"COOKSTOWN","ON","L0L 1L0","CAN","CAD","[PREMIUM]","[PREMIUM]","E090",false,"[PREMIUM]","LX-S",false,false,"[PREMIUM]",,,,,,,,"[PREMIUM]"
"59369886","2026-08-06 20:54:42.537","2026-08-11 02:30:22.069","59369886","2026-08-06 19:39:57.000","[PREMIUM]","294","ONTARIO AUCTION","2026-08-11","TUESDAY","1000","EDT","0","V",2014,"JEEP","PATRIOT","PATRIOT","4DR SPORT UTILITY","BLACK","FRONT END","MINOR DENT/SCRATCHES","ON","NU","YES","D",103082,"N","[PREMIUM]",11786.93,"2.4L 4","FRONT WHEEL DRIVE","AUTOMATIC","GAS",4,"Run & Drive Verified","Pure Sale","[PREMIUM]",,"COOKSTOWN","ON","L0L 1L0","CAN","CAD","[PREMIUM]","[PREMIUM]","E020",false,"[PREMIUM]","LIMITED",false,false,"[PREMIUM]",,,,,,,,"[PREMIUM]"
"59722846","2026-08-06 20:54:42.532","2026-08-11 02:30:22.062","59722846","2026-08-06 20:00:39.000","[PREMIUM]","294","ONTARIO AUCTION","2026-08-11","TUESDAY","1000","EDT","0","V",2016,"CHEVROLET","CRUZE","CRUZE LIMITED","SEDAN 4DR","WHITE","FRONT END","MINOR DENT/SCRATCHES","ON","ST","YES","D",176056,"N","[PREMIUM]",8683,"1.4L 4","FRONT WHEEL DRIVE","AUTOMATIC","GAS",4,"Run & Drive Verified","Pure Sale","[PREMIUM]",,"COOKSTOWN","ON","L0L 1L0","CAN","CAD","[PREMIUM]","[PREMIUM]","E090",false,"[PREMIUM]","LT",false,false,"[PREMIUM]",,,,,,,,"[PREMIUM]"
"58449626","2026-08-06 20:54:42.460","2026-08-20 19:27:52.407","58449626","2026-08-20 18:51:27.000","[PREMIUM]","294","ONTARIO AUCTION","2026-08-25","TUESDAY","1000","EDT","0","V",2015,"VOLKSWAGEN","PASSAT","PASSAT","SEDAN 4DR","GRAY","MECHANICAL","MINOR DENT/SCRATCHES","ON","NU","YES","D",221247,"A","[PREMIUM]",0,"2.0L 4","FRONT WHEEL DRIVE","AUTOMATIC","DIESEL",4,"Run & Drive Verified","On Approval","[PREMIUM]","***UNDERCARRIAGE DAMAGE AS WELL OIL LEAK FROM UNDER THE VEHICLE***","COOKSTOWN","ON","L0L 1L0","CAN","CAD","[PREMIUM]","[PREMIUM]","A080",false,"[PREMIUM]","S",false,false,"[PREMIUM]",,,,,,,,"[PREMIUM]"
"58577856","2026-08-06 20:54:42.457","2026-08-11 02:30:21.951","58577856","2026-08-06 20:21:34.000","[PREMIUM]","294","ONTARIO AUCTION","2026-08-11","TUESDAY","1000","EDT","0","V",2016,"NISSAN","ALTIMA","ALTIMA","SEDAN","GRAY","SIDE","FRONT END","ON","NU","YES","D",158305,"N","[PREMIUM]",8215.8,"2.5L 4","FRONT WHEEL DRIVE","AUTOMATIC","GAS",4,"Run & Drive Verified","Pure Sale","[PREMIUM]",,"COOKSTOWN","ON","L0L 1L0","CAN","CAD","[PREMIUM]","[PREMIUM]","E100",false,"[PREMIUM]","2.5",false,false,"[PREMIUM]",,,,,,,,"[PREMIUM]"
"58025366","2026-08-06 20:54:42.414","2026-08-11 02:30:21.882","58025366","2026-08-06 19:55:32.000","[PREMIUM]","294","ONTARIO AUCTION","2026-08-11","TUESDAY","1000","EDT","0","V",2011,"TOYOTA","CAMRY","CAMRY","SEDAN","GREEN","REAR END","MINOR DENT/SCRATCHES","ON","ST","YES","D",157316,"N","[PREMIUM]",10896.17,"2.5L 4","FRONT WHEEL DRIVE","AUTOMATIC","GAS",4,"Run & Drive Verified","Pure Sale","[PREMIUM]",,"COOKSTOWN","ON","L0L 1L0","CAN","CAD","[PREMIUM]","[PREMIUM]","F180",false,"[PREMIUM]","LE",false,false,"[PREMIUM]",,,,,,,,"[PREMIUM]"
"57915836","2026-08-06 20:54:42.392","2026-08-11 02:30:21.844","57915836","2026-08-06 19:34:07.000","[PREMIUM]","294","ONTARIO AUCTION","2026-08-11","TUESDAY","1000","EDT","0","V",2025,"JEEP","WRANGLER","WRANGLER","SPORT UTILITY VEHICLE","BLACK","FRONT END",,"ON","ST","YES","D",9174,"N","[PREMIUM]",49308.61,"3.6L 6","4X4 W/REAR WHEEL DRV","AUTOMATIC","GAS",6,"Run & Drive Verified","Pure Sale","[PREMIUM]",,"COOKSTOWN","ON","L0L 1L0","CAN","CAD","[PREMIUM]","[PREMIUM]","D120",false,"[PREMIUM]","SAHARA",false,false,"[PREMIUM]",,,,,,,,"[PREMIUM]"
"57678156","2026-08-06 20:54:42.381","2026-08-11 02:30:21.761","57678156","2026-08-06 19:57:42.000","[PREMIUM]","294","ONTARIO AUCTION","2026-08-11","TUESDAY","1000","EDT","0","V",2012,"TOYOTA","COROLLA","COROLLA","SEDAN","RED","FRONT END","SIDE","ON","ST","YES","D",217249,"N","[PREMIUM]",6685.04,"1.8L 4","FRONT WHEEL DRIVE","AUTOMATIC","GAS",4,"Run & Drive Verified","Pure Sale","[PREMIUM]",,"COOKSTOWN","ON","L0L 1L0","CAN","CAD","[PREMIUM]","[PREMIUM]","E170",false,"[PREMIUM]","L",false,false,"[PREMIUM]",,,,,,,,"[PREMIUM]"
"56942136","2026-08-06 20:54:42.358","2026-08-11 02:30:24.555","56942136","2026-08-06 19:53:56.000","[PREMIUM]","294","ONTARIO AUCTION","2026-08-11","TUESDAY","1000","EDT","0","V",2021,"BMW","3 SERIES","330XE","SEDAN","WHITE","REAR END","MINOR DENT/SCRATCHES","ON","ST","YES","D",49095,"N","[PREMIUM]",25363.14,"2.0L 4","ALL WHEEL DRIVE","AUTOMATIC","ELECTRIC AND GAS HYBRID",4,"Run & Drive Verified","Pure Sale","[PREMIUM]",,"COOKSTOWN","ON","L0L 1L0","CAN","CAD","[PREMIUM]","[PREMIUM]","E060",false,"[PREMIUM]",,false,false,"[PREMIUM]",,,,,,,,"[PREMIUM]"
"55281606","2026-08-06 20:54:42.258","2026-08-11 02:30:21.603","55281606","2026-08-06 18:13:53.000","[PREMIUM]","294","ONTARIO AUCTION","2026-08-11","TUESDAY","1000","EDT","0","V",2015,"INFINITI","QX70","QX70","SUV","WHITE","UNDERCARRIAGE","MINOR DENT/SCRATCHES","ON","NU","YES","D",335838,"N","[PREMIUM]",10237.1,"3.7L 6","ALL WHEEL DRIVE","AUTOMATIC","GAS",6,"Run & Drive Verified","Pure Sale","[PREMIUM]",,"COOKSTOWN","ON","L0L 1L0","CAN","CAD","[PREMIUM]","[PREMIUM]","F100",false,"[PREMIUM]","BASE",false,false,"[PREMIUM]",,,,,,,,"[PREMIUM]"
"54696666","2026-08-06 20:54:42.207","2026-08-11 02:30:21.529","54696666","2026-08-06 19:41:50.000","[PREMIUM]","294","ONTARIO AUCTION","2026-08-11","TUESDAY","1000","EDT","0","V",2010,"INFINITI","FX35","FX35","SUV","BLACK","FRONT END","MINOR DENT/SCRATCHES","ON","NU","YES","D",296551,"E","[PREMIUM]",4276.48,"3.5L 6","ALL WHEEL DRIVE","AUTOMATIC","GAS",6,"Run & Drive Verified","Pure Sale","[PREMIUM]",,"COOKSTOWN","ON","L0L 1L0","CAN","CAD","[PREMIUM]","[PREMIUM]","D100",false,"[PREMIUM]","BASE",false,false,"[PREMIUM]",,,,,,,,"[PREMIUM]"
"53064396","2026-08-06 20:54:42.125","2026-08-11 02:30:21.474","53064396","2026-08-06 19:32:17.000","[PREMIUM]","294","ONTARIO AUCTION","2026-08-11","TUESDAY","1000","EDT","0","V",2011,"HYUNDAI","SONATA","SONATA","SEDAN","WHITE","FRONT END","MINOR DENT/SCRATCHES","ON","NU","YES","D",260983,"N","[PREMIUM]",7107.73,"2.4L 4","FRONT WHEEL DRIVE","AUTOMATIC","GAS",4,"Run & Drive Verified","Pure Sale","[PREMIUM]",,"COOKSTOWN","ON","L0L 1L0","CAN","CAD","[PREMIUM]","[PREMIUM]","E060",false,"[PREMIUM]","SE",false,false,"[PREMIUM]",,,,,,,,"[PREMIUM]"
"51131406","2026-08-06 20:54:42.084","2026-08-11 02:30:21.393","51131406","2026-08-06 19:47:34.000","[PREMIUM]","294","ONTARIO AUCTION","2026-08-11","TUESDAY","1000","EDT","0","V",2019,"NISSAN","KICKS","KICKS","WAGON","BLUE","FRONT END","MINOR DENT/SCRATCHES","ON","NU","YES","D",126044,"N","[PREMIUM]",9280.15,"1.6L 4","FRONT WHEEL DRIVE","AUTOMATIC","GAS",4,"Run & Drive Verified","Pure Sale","[PREMIUM]",,"COOKSTOWN","ON","L0L 1L0","CAN","CAD","[PREMIUM]","[PREMIUM]","F020",false,"[PREMIUM]","S",false,false,"[PREMIUM]",,,,,,,,"[PREMIUM]"
"49222606","2026-08-06 20:54:42.053","2026-08-11 02:30:21.326","49222606","2026-08-06 19:51:49.000","[PREMIUM]","294","ONTARIO AUCTION","2026-08-11","TUESDAY","1000","EDT","0","V",2017,"HONDA","CRV","CR-V","SPORT UTILITY VEHICLE","WHITE","FRONT END","REAR END","ON","ST","YES","D",140810,"N","[PREMIUM]",17651.27,"1.5L 4","ALL WHEEL DRIVE","AUTOMATIC","GAS",4,"Run & Drive Verified","Pure Sale","[PREMIUM]",,"COOKSTOWN","ON","L0L 1L0","CAN","CAD","[PREMIUM]","[PREMIUM]","E030",false,"[PREMIUM]","TOURING",false,false,"[PREMIUM]",,,,,,,,"[PREMIUM]"
"50106626","2026-08-06 20:54:42.045","2026-08-11 02:30:21.365","50106626","2026-08-06 19:45:42.000","[PREMIUM]","294","ONTARIO AUCTION","2026-08-11","TUESDAY","1000","EDT","0","V",2023,"HYUNDAI","ELANTRA","ELANTRA","Sedan","SILVER","SIDE","FRONT END","ON","NU","YES","D",57811,"N","[PREMIUM]",12344.55,"2.0L 4","Front Wheel Drive","AUTOMATIC","Gas",4,"Run & Drive Verified","Pure Sale","[PREMIUM]",,"COOKSTOWN","ON","L0L 1L0","CAN","CAD","[PREMIUM]","[PREMIUM]","E120",false,"[PREMIUM]","SEL",false,false,"[PREMIUM]",,,,,,,,"[PREMIUM]"
"48064546","2026-08-06 20:54:42.000","2026-08-11 02:30:21.293","48064546","2026-08-06 20:02:26.000","[PREMIUM]","294","ONTARIO AUCTION","2026-08-11","TUESDAY","1000","EDT","0","V",2018,"TOYOTA","COROLLA","COROLLA","SEDAN","SILVER","FRONT END","SIDE","ON","ST","YES","D",109656,"N","[PREMIUM]",35263.79,"1.8L 4","FRONT WHEEL DRIVE","AUTOMATIC","GAS",4,"Run & Drive Verified","Pure Sale","[PREMIUM]",,"COOKSTOWN","ON","L0L 1L0","CAN","CAD","[PREMIUM]","[PREMIUM]","E060",false,"[PREMIUM]","L",false,false,"[PREMIUM]",,,,,,,,"[PREMIUM]"
"47593106","2026-08-06 20:54:41.996","2026-08-11 02:30:21.272","47593106","2026-08-06 19:50:04.000","[PREMIUM]","294","ONTARIO AUCTION","2026-08-11","TUESDAY","1000","EDT","0","V",2016,"KIA","FORTE","FORTE","SEDAN","GRAY","FRONT END","MINOR DENT/SCRATCHES","ON","ST","YES","D",149531,"N","[PREMIUM]",7007.46,"1.8L 4","FRONT WHEEL DRIVE","AUTOMATIC","GAS",4,"Run & Drive Verified","Pure Sale","[PREMIUM]",,"COOKSTOWN","ON","L0L 1L0","CAN","CAD","[PREMIUM]","[PREMIUM]","F160",false,"[PREMIUM]","LX",false,false,"[PREMIUM]",,,,,,,,"[PREMIUM]"
"63388096","2026-08-06 20:54:41.932","2026-08-12 08:32:29.674","63388096","2026-08-11 23:55:09.000","[PREMIUM]","292","WHOLESALE AUCTION CANADA","2026-08-12","WEDNESDAY","1300","EDT","41","V",2021,"MAZDA","CX-5","CX-5","SPORT UTILITY VEHICLE","BLUE","MINOR DENT/SCRATCHES","NORMAL WEAR","ON","NU","YES","D",104984,"A","[PREMIUM]",0,"2.5L 4","ALL WHEEL DRIVE","AUTOMATIC","GAS",4,"Run & Drive Verified","On Minimum Bid","[PREMIUM]","PREVIOUS QUEBEC HISTORY","OTTAWA","ON","K1G 6Y7","CAN","CAD","[PREMIUM]","[PREMIUM]","SD040",false,"[PREMIUM]","GT",false,false,"[PREMIUM]",,,,,,,,"[PREMIUM]"
"60661176","2026-08-06 20:54:41.635","2026-08-11 02:30:20.798","60661176","2026-08-06 16:16:38.000","[PREMIUM]","294","ONTARIO AUCTION","2026-08-11","TUESDAY","1000","EDT","0","M",1994,"REGAL","UNKNOWN","UNKNOWN",,"WHITE","REAR END","MINOR DENT/SCRATCHES","ON","BS","YES","S",1,"E","[PREMIUM]",10028.75,,,"AUTOMATIC",,,"Vehicle Starts","Pure Sale","[PREMIUM]","BOAT ITSELF HAS NO TITLE - BOAT SOLD ON A BILL OF SALE ONLY. TRAILER TITLE AVAILABLE VIN: 189649983 (HOMEMADE)","OTTAWA","ON","K1G 6Y7","CAN","CAD","[PREMIUM]","[PREMIUM]","HV001",false,"[PREMIUM]",,false,false,"[PREMIUM]",,,,,,,,"[PREMIUM]"
"53545446","2026-08-06 20:54:41.391","2026-08-20 17:42:34.819","53545446","2026-08-06 14:53:04.000","[PREMIUM]","294","ONTARIO AUCTION",,,,"EDT","0","V",2026,"CHEVROLET","SILVERADO","SILVERADO","PICKUP","BLACK","FRONT END","SIDE","QC","SR","YES","S",526,"A","[PREMIUM]",55555.48,"3.0L 6","4X4 W/REAR WHEEL DRV","AUTOMATIC","DIESEL",6,"Vehicle Starts","Pure Sale","[PREMIUM]","Airbags deployed cracked windshield broken control arm","OTTAWA","ON","K1G 6Y7","CAN","CAD","[PREMIUM]","[PREMIUM]","F050",false,"[PREMIUM]","K1500 TRAIL BOSS CUSTOM",false,false,"[PREMIUM]",,,,,,,,"[PREMIUM]"
"58885546","2026-08-06 20:54:40.954","2026-08-19 15:02:06.296","58885546","2026-08-19 11:00:04.000","[PREMIUM]","292","WHOLESALE AUCTION CANADA","2026-08-19","WEDNESDAY","1300","EDT","4027","K",2011,"FORD","F550","F550","CHASSIS AND CAB","WHITE","MINOR DENT/SCRATCHES",,"NS","RG","YES","E",431278,"A","[PREMIUM]",0,"6.7L 8","REAR WHEEL DRIVE","AUTOMATIC","DIESEL",8,"DEFAULT","On Minimum Bid","[PREMIUM]",,"ELMSDALE","NS","B2S 2L2","CAN","CAD","[PREMIUM]","[PREMIUM]","HVY01",false,"[PREMIUM]","SUPER DUTY",false,false,"[PREMIUM]",,,,,,,,"[PREMIUM]"
"55727736","2026-08-06 20:54:40.839","2026-08-13 14:30:33.631","55727736","2026-08-13 10:00:04.000","[PREMIUM]","295","ATLANTIC CANADA AUCTION","2026-08-13","THURSDAY","700","AKST","2019","V",2024,"JEEP","WRANGLER","WRANGLER","SPORT UTILITY VEHICLE","GRAY","VANDALISM",,"ON","NU","YES","D",65783,"A","[PREMIUM]",25622.49,"2.0L 4","4X4 W/REAR WHEEL DRV","AUTOMATIC","ELECTRIC AND GAS HYBRID",4,"Run & Drive Verified","Pure Sale","[PREMIUM]","*************vehicle has been revinned**************","ELMSDALE","NS","B2S 2L2","CAN","CAD","[PREMIUM]","[PREMIUM]","C090",false,"[PREMIUM]","RUBICON 4XE",false,false,"[PREMIUM]",,,,,,,,"[PREMIUM]"
"99290725","2026-08-06 20:54:40.566","2026-08-20 17:42:34.146","99290725","2026-08-06 19:12:42.000","[PREMIUM]","295","ATLANTIC CANADA AUCTION",,,,"AKST","0","V",2017,"NISSAN","MAXIMA","MAXIMA","SEDAN 4D","GRAY","FRONT END",,"NS","ST","YES","D",201221,"A","[PREMIUM]",0,"3.5L  6","Front-wheel Drive","AUTOMATIC","GAS",6,"Run & Drive Verified","Pure Sale","[PREMIUM]",,"MONCTON","NB","E1E 4R8","CAN","CAD","[PREMIUM]","[PREMIUM]","A020",false,"[PREMIUM]","3.5S",false,false,"[PREMIUM]",,,,,,,,"[PREMIUM]"
"93635975","2026-08-06 20:54:40.487","2026-08-20 17:42:34.094","93635975","2026-08-06 18:34:25.000","[PREMIUM]","295","ATLANTIC CANADA AUCTION",,,,"AKST","0","V",2019,"GMC","TERRAIN","TERRAIN",,"BLACK","FRONT END",,"NB","ST","YES","D",153447,"A","[PREMIUM]",13663.34,"1.5L  4","ALL WHEEL DRIVE","AUTOMATIC","GAS",4,"Run & Drive Verified","Pure Sale","[PREMIUM]",,"MONCTON","NB","E1E 4R8","CAN","CAD","[PREMIUM]","[PREMIUM]","D010",false,"[PREMIUM]","SLE",false,false,"[PREMIUM]",,,,,,,,"[PREMIUM]"
"72762825","2026-08-06 20:54:40.319","2026-08-20 17:42:33.996","72762825","2026-08-06 19:06:09.000","[PREMIUM]","295","ATLANTIC CANADA AUCTION",,,,"AKST","0","V",2024,"RAM","3500","3500",,"GRAY","MECHANICAL",,"NS","RG","YES","E",26279,"A","[PREMIUM]",56711.33,"6.7L  6","4x4 w/Rear Wheel Drv","AUTOMATIC","DIESEL",6,"DEFAULT","Pure Sale","[PREMIUM]",,"MONCTON","NB","E1E 4R8","CAN","CAD","[PREMIUM]","[PREMIUM]","H010",false,"[PREMIUM]","BIG HORN",false,false,"[PREMIUM]",,,,,,,,"[PREMIUM]"
"63018106","2026-08-06 20:54:40.283","2026-08-20 17:42:33.760","63018106","2026-08-06 18:31:14.000","[PREMIUM]","295","ATLANTIC CANADA AUCTION",,,,"AKST","0","V",2010,"HYUNDAI","ACCENT","ACCENT","SEDAN 4DR","SILVER","REAR END",,"NS","ST","YES","D",108153,"A","[PREMIUM]",0,"1.6L 4","FRONT WHEEL DRIVE","AUTOMATIC","GAS",4,"Run & Drive Verified","Pure Sale","[PREMIUM]",,"MONCTON","NB","E1E 4R8","CAN","CAD","[PREMIUM]","[PREMIUM]","A020",false,"[PREMIUM]","GLS",false,false,"[PREMIUM]",,,,,,,,"[PREMIUM]"
"59641256","2026-08-06 20:54:39.956","2026-08-20 17:42:33.479","59641256","2026-08-06 17:13:54.000","[PREMIUM]","295","ATLANTIC CANADA AUCTION",,,,"AKST","0","S",2017,"POLARIS","800 SWITCH","800 SWITCHB",,"BLACK","BURN - ENGINE","FRONT END","NB","ST","EXM","E",0,"N","[PREMIUM]",17250,,,"AUTOMATIC",,,"DEFAULT","Pure Sale","[PREMIUM]",,"MONCTON","NB","E1E 4R8","CAN","CAD","[PREMIUM]","[PREMIUM]","SHOP2",false,"[PREMIUM]",,false,false,"[PREMIUM]",,,,,,,,"[PREMIUM]"
"51782826","2026-08-06 20:54:39.481","2026-08-20 17:42:33.152","51782826","2026-08-06 18:27:38.000","[PREMIUM]","295","ATLANTIC CANADA AUCTION",,,,"AKST","0","V",2024,"GMC","SIERRA","SIERRA","PICKUP","RED","TOP/ROOF","MINOR DENT/SCRATCHES","NS","ST","YES","D",17331,"A","[PREMIUM]",0,"5.3L 8","4X4 W/REAR WHEEL DRV","AUTOMATIC","GAS",8,"Run & Drive Verified","Pure Sale","[PREMIUM]",,"MONCTON","NB","E1E 4R8","CAN","CAD","[PREMIUM]","[PREMIUM]","B010",false,"[PREMIUM]","K1500 ELEVATION",false,false,"[PREMIUM]",,,,,,,,"[PREMIUM]"
"46494836","2026-08-06 20:54:39.409","2026-08-13 14:30:32.070","46494836","2026-08-13 10:00:04.000","[PREMIUM]","295","ATLANTIC CANADA AUCTION","2026-08-13","THURSDAY","700","AKST","49","V",2011,"HYUNDAI","SONATA","SONATA","SEDAN","SILVER","FRONT END","MINOR DENT/SCRATCHES","NB","BN","YES","D",283090,"N","[PREMIUM]",0,"2.0L 4","FRONT WHEEL DRIVE","AUTOMATIC","GAS",4,"Run & Drive Verified","Pure Sale","[PREMIUM]",,"MONCTON","NB","E1E 4R8","CAN","CAD","[PREMIUM]","[PREMIUM]","C030",false,"[PREMIUM]","SE 2.0T",false,false,"[PREMIUM]",,,,,,,,"[PREMIUM]"
"85617405","2026-08-06 20:54:39.279","2026-08-20 17:42:32.893","85617405","2026-08-06 14:26:17.000","[PREMIUM]","205","QC - MONTREAL",,,,"EDT","0","V",2024,"BMW","X5","X5","SPORT UTILITY VEHICLE","BLACK","WATER/FLOOD",,"QC","IP","YES","D",45568,"A","[PREMIUM]",0,"3.0L 6","ALL WHEEL DRIVE","AUTOMATIC","ELECTRIC AND GAS HYBRID",6,"Run & Drive Verified","Pure Sale","[PREMIUM]",,"MONTREAL-EST","QC","H1B 4W3","CAN","CAD","[PREMIUM]","[PREMIUM]","H010",false,"[PREMIUM]","XDRIVE50E",false,false,"[PREMIUM]",,,,,,,,"[PREMIUM]"
"76337845","2026-08-06 20:54:39.199","2026-08-20 17:42:32.835","76337845","2026-08-06 14:53:04.000","[PREMIUM]","205","QC - MONTREAL",,,,"EDT","0","V",2010,"NISSAN","VERSA","VERSA","HATCHBACK","SILVER","FRONT END",,"QC","SR","YES","E",204611,"A","[PREMIUM]",6665.99,"1.8L 4","FRONT WHEEL DRIVE","AUTOMATIC","GAS",4,"DEFAULT","Pure Sale","[PREMIUM]",,"MONTREAL-EST","QC","H1B 4W3","CAN","CAD","[PREMIUM]","[PREMIUM]","D080",false,"[PREMIUM]",,false,false,"[PREMIUM]",,,,,,,,"[PREMIUM]"
"76147925","2026-08-06 20:54:39.156","2026-08-20 17:42:32.796","76147925","2026-08-06 14:53:04.000","[PREMIUM]","205","QC - MONTREAL",,,,"EDT","0","V",2013,"MAZDA","MAZDA 2","MAZDA 2","HATCHBACK 4DR","GREEN","TOP/ROOF","FRONT END","QC","SR","YES","E",0,"N","[PREMIUM]",9184.51,"1.5L 4","FRONT WHEEL DRIVE","AUTOMATIC","GAS",4,"DEFAULT","Pure Sale","[PREMIUM]","VEH. SITUE HORS-SITE BEGIN  ","MONTREAL-EST","QC","H1B 4W3","CAN","CAD","[PREMIUM]","[PREMIUM]","BEGIN",false,"[PREMIUM]",,false,false,"[PREMIUM]",,,,,,,,"[PREMIUM]"
"74384485","2026-08-06 20:54:39.126","2026-08-20 17:42:32.695","74384485","2026-08-06 14:53:04.000","[PREMIUM]","205","QC - MONTREAL",,,,"EDT","0","V",2015,"VOLKSWAGEN","TIGUAN","TIGUAN",,"WHITE","FRONT END",,"QC","SR","YES","D",124976,"A","[PREMIUM]",12868.78,"2.0L  4","ALL WHEEL DRIVE","AUTOMATIC","GAS",4,"Run & Drive Verified","Pure Sale","[PREMIUM]",,"MONTREAL-EST","QC","H1B 4W3","CAN","CAD","[PREMIUM]","[PREMIUM]","D060",false,"[PREMIUM]","S",false,false,"[PREMIUM]",,,,,,,,"[PREMIUM]"
"72960855","2026-08-06 20:54:39.052","2026-08-20 17:42:32.589","72960855","2026-08-06 14:53:04.000","[PREMIUM]","205","QC - MONTREAL",,,,"EDT","0","V",2008,"HONDA","ELEMENT","ELEMENT",,"GRAY","FRONT END","REAR END","QC","SR","YES","D",203581,"A","[PREMIUM]",13936.34,"2.4L  4","ALL WHEEL DRIVE","AUTOMATIC","GAS",4,"Run & Drive Verified","Pure Sale","[PREMIUM]",,"MONTREAL-EST","QC","H1B 4W3","CAN","CAD","[PREMIUM]","[PREMIUM]","H030",false,"[PREMIUM]","EX",false,false,"[PREMIUM]",,,,,,,,"[PREMIUM]"
"63224776","2026-08-06 20:54:39.021","2026-08-20 17:42:32.244","63224776","2026-08-06 19:47:14.000","[PREMIUM]","205","QC - MONTREAL",,,,"EDT","0","V",2017,"NISSAN","MICRA","MICRA","HATCHBACK","WHITE","FRONT END",,"QC","SR","YES","D",159740,"A","[PREMIUM]",13037.27,"1.6L 4","FRONT WHEEL DRIVE","AUTOMATIC","GAS",4,"Run & Drive Verified","Pure Sale","[PREMIUM]",,"MONTREAL-EST","QC","H1B 4W3","CAN","CAD","[PREMIUM]","[PREMIUM]","SD004",false,"[PREMIUM]",,false,false,"[PREMIUM]",,,,,,,,"[PREMIUM]"
"63114806","2026-08-06 20:54:39.017","2026-08-20 17:42:32.230","63114806","2026-08-06 19:47:14.000","[PREMIUM]","205","QC - MONTREAL",,,,"EDT","0","V",2013,"KIA","OPTIMA","OPTIMA","SEDAN 4DR","BLACK","FRONT END",,"QC","SR","YES","E",0,"N","[PREMIUM]",13927.5,"2.4L 4","FRONT WHEEL DRIVE","AUTOMATIC","GAS",4,"DEFAULT","Pure Sale","[PREMIUM]",,"MONTREAL-EST","QC","H1B 4W3","CAN","CAD","[PREMIUM]","[PREMIUM]","C010",false,"[PREMIUM]","EX",false,false,"[PREMIUM]",,,,,,,,"[PREMIUM]"
"63355756","2026-08-06 20:54:39.012","2026-08-20 17:42:32.250","63355756","2026-08-06 19:47:14.000","[PREMIUM]","205","QC - MONTREAL",,,,"EDT","0","V",2017,"TOYOTA","COROLLA","COROLLA","SEDAN","SILVER","REAR END",,"QC","SR","YES","D",155401,"N","[PREMIUM]",12051.9,"1.8L 4","FRONT WHEEL DRIVE","AUTOMATIC","GAS",4,"Run & Drive Verified","Pure Sale","[PREMIUM]",,"MONTREAL-EST","QC","H1B 4W3","CAN","CAD","[PREMIUM]","[PREMIUM]","F050",false,"[PREMIUM]","L",false,false,"[PREMIUM]",,,,,,,,"[PREMIUM]"
"63223576","2026-08-06 20:54:39.009","2026-08-20 17:42:32.235","63223576","2026-08-07 07:01:26.000","[PREMIUM]","205","QC - MONTREAL",,,,"EDT","0","V",2025,"FORD","All Models","F150","PICKUP","BLACK","ALL OVER",,"QC","IP","NO","E",0,"N","[PREMIUM]",107991.96,"3.5L 6","4X4 W/REAR WHEEL DRV","AUTOMATIC","GAS",6,"DEFAULT","Pure Sale","[PREMIUM]","VEH. SITUE HORS-SITE PERR.  ","MONTREAL-EST","QC","H1B 4W3","CAN","CAD","[PREMIUM]","[PREMIUM]","PERRE",false,"[PREMIUM]","XLT",false,false,"[PREMIUM]",,,,,,,,"[PREMIUM]"
"64218316","2026-08-06 20:54:39.009","2026-08-20 17:42:32.462","64218316","2026-08-18 20:04:33.000","[PREMIUM]","205","QC - MONTREAL","2026-08-25","TUESDAY","1200","EDT","0","R",2022,"COACH","APEX","APEX",,"WHITE","UNDERCARRIAGE","FRONT END","QC","AM","EXM","E",0,"N","[PREMIUM]",0,,,"NONE",,,"DEFAULT","On Minimum Bid","[PREMIUM]",,"MONTREAL-EST","QC","H1B 4W3","CAN","CAD","[PREMIUM]","[PREMIUM]","HVY3",false,"[PREMIUM]",,false,false,"[PREMIUM]",,,,,,,,"[PREMIUM]"
"62828116","2026-08-06 20:54:38.989","2026-08-20 17:42:32.100","62828116","2026-08-06 19:47:14.000","[PREMIUM]","205","QC - MONTREAL",,,,"EDT","0","V",2006,"HONDA","ACCORD","ACCORD","COUPE","BLUE","FRONT END",,"QC","SR","YES","D",245266,"A","[PREMIUM]",4631.46,"2.4L 4","FRONT WHEEL DRIVE","AUTOMATIC","GAS",4,"Run & Drive Verified","Pure Sale","[PREMIUM]",,"MONTREAL-EST","QC","H1B 4W3","CAN","CAD","[PREMIUM]","[PREMIUM]","D040",false,"[PREMIUM]","EX",false,false,"[PREMIUM]",,,,,,,,"[PREMIUM]"
"62741316","2026-08-06 20:54:38.988","2026-08-20 17:42:32.080","62741316","2026-08-06 14:53:04.000","[PREMIUM]","205","QC - MONTREAL",,,,"EDT","0","C",2022,"DUCATI","STREETFIGH","STREETFIGHTER","SPORT","RED","VANDALISM",,"QC","AM","YES","D",0,"N","[PREMIUM]",275.22,"4",,,"GAS",4,"Run & Drive Verified","On Minimum Bid","[PREMIUM]",,"MONTREAL-EST","QC","H1B 4W3","CAN","CAD","[PREMIUM]","[PREMIUM]","GPS2",false,"[PREMIUM]","V2",false,false,"[PREMIUM]",,,,,,,,"[PREMIUM]"
"62832536","2026-08-06 20:54:38.985","2026-08-20 17:42:32.116","62832536","2026-08-06 14:26:17.000","[PREMIUM]","205","QC - MONTREAL",,,,"EDT","0","V",2019,"HYUNDAI","KONA","KONA","SPORT UTILITY VEHICLE","BLUE","FRONT END",,"QC","SR","YES","D",95626,"A","[PREMIUM]",13320.54,"1.6L 4","ALL WHEEL DRIVE","AUTOMATIC","GAS",4,"Run & Drive Verified","Pure Sale","[PREMIUM]",,"MONTREAL-EST","QC","H1B 4W3","CAN","CAD","[PREMIUM]","[PREMIUM]","K020",false,"[PREMIUM]","LIMITED",false,false,"[PREMIUM]",,,,,,,,"[PREMIUM]"
"63113676","2026-08-06 20:54:38.983","2026-08-20 17:42:32.219","63113676","2026-08-06 14:26:17.000","[PREMIUM]","205","QC - MONTREAL",,,,"EDT","0","V",2010,"SUZUKI","SX4","SX4","HATCHBACK 4DR","WHITE","FRONT END",,"QC","SR","YES","S",245514,"A","[PREMIUM]",8471.21,"2.0L 4","ALL WHEEL DRIVE","MANUAL","GAS",4,"Vehicle Starts","Pure Sale","[PREMIUM]","VEH. SITUE HORS-SITE BEGIN  ","MONTREAL-EST","QC","H1B 4W3","CAN","CAD","[PREMIUM]","[PREMIUM]","BEGIN",false,"[PREMIUM]","JX",false,false,"[PREMIUM]",,,,,,,,"[PREMIUM]"
"62588326","2026-08-06 20:54:38.950","2026-08-20 17:42:31.966","62588326","2026-08-07 13:17:38.000","[PREMIUM]","205","QC - MONTREAL",,,,"EDT","0","V",2007,"NISSAN","VERSA","VERSA","SEDAN","GRAY","FRONT END",,"QC","SR","YES","S",226696,"A","[PREMIUM]",3155.71,"1.8L 4","FRONT WHEEL DRIVE","AUTOMATIC","GAS",4,"Vehicle Starts","Pure Sale","[PREMIUM]",,"MONTREAL-EST","QC","H1B 4W3","CAN","CAD","[PREMIUM]","[PREMIUM]","K020",false,"[PREMIUM]","S",false,false,"[PREMIUM]",,,,,,,,"[PREMIUM]"
"62606606","2026-08-06 20:54:38.933","2026-08-20 17:42:31.962","62606606","2026-08-06 19:47:14.000","[PREMIUM]","205","QC - MONTREAL",,,,"EDT","0","V",2014,"JEEP","GRAND CHER","GRAND CHEROKEE","4DR SPORT UTILITY","CHARCOAL","SIDE",,"QC","SR","YES","D",222739,"A","[PREMIUM]",10980.75,"3.6L 6","4X4 W/REAR WHEEL DRV","AUTOMATIC","FLEXIBLE",6,"Run & Drive Verified","Pure Sale","[PREMIUM]",,"MONTREAL-EST","QC","H1B 4W3","CAN","CAD","[PREMIUM]","[PREMIUM]","E070",false,"[PREMIUM]","LIMITED",false,false,"[PREMIUM]",,,,,,,,"[PREMIUM]"
"62428556","2026-08-06 20:54:38.906","2026-08-20 17:42:31.877","62428556","2026-08-06 19:47:14.000","[PREMIUM]","205","QC - MONTREAL",,,,"EDT","0","V",2013,"JEEP","GRAND CHER","GRAND CHEROKEE","4DR SPORT UTILITY","GRAY","FRONT END",,"QC","SR","YES","D",204833,"A","[PREMIUM]",7551.69,"3.6L 6","4X4 W/REAR WHEEL DRV","AUTOMATIC","FLEXIBLE",6,"Run & Drive Verified","Pure Sale","[PREMIUM]",,"MONTREAL-EST","QC","H1B 4W3","CAN","CAD","[PREMIUM]","[PREMIUM]","G070",false,"[PREMIUM]","LAREDO",false,false,"[PREMIUM]",,,,,,,,"[PREMIUM]"
"62493066","2026-08-06 20:54:38.902","2026-08-20 17:42:31.929","62493066","2026-08-11 12:33:26.000","[PREMIUM]","205","QC - MONTREAL",,,,"EDT","0","V",2017,"GMC","TERRAIN","TERRAIN","4DR SPORT UTILITY","BLACK","SIDE",,"QC","SR","YES","D",171090,"N","[PREMIUM]",8794.8,"2.4L 4","FRONT WHEEL DRIVE","AUTOMATIC","FLEXIBLE",4,"Run & Drive Verified","Pure Sale","[PREMIUM]",,"MONTREAL-EST","QC","H1B 4W3","CAN","CAD","[PREMIUM]","[PREMIUM]","C080",false,"[PREMIUM]","SLE",false,false,"[PREMIUM]",,,,,,,,"[PREMIUM]"
"62448636","2026-08-06 20:54:38.899","2026-08-20 17:42:31.940","62448636","2026-08-06 19:47:14.000","[PREMIUM]","205","QC - MONTREAL",,,,"EDT","0","V",2018,"NISSAN","ROGUE","ROGUE","WAGON","BLACK","BURN - ENGINE",,"QC","IP","YES","E",0,"N","[PREMIUM]",17797.56,"2.5L 4","ALL WHEEL DRIVE","AUTOMATIC","GAS",4,"DEFAULT","Pure Sale","[PREMIUM]","VEH. SITUE HORS-SITE BEGIN  ","MONTREAL-EST","QC","H1B 4W3","CAN","CAD","[PREMIUM]","[PREMIUM]","BEGIN",false,"[PREMIUM]","S",false,false,"[PREMIUM]",,,,,,,,"[PREMIUM]"
"62494926","2026-08-06 20:54:38.873","2026-08-20 17:42:31.912","62494926","2026-08-06 14:26:17.000","[PREMIUM]","205","QC - MONTREAL",,,,"EDT","0","V",2011,"TOYOTA","COROLLA","COROLLA","SEDAN","WHITE","FRONT END",,"QC","SR","YES","D",259470,"A","[PREMIUM]",6696.24,"1.8L 4","FRONT WHEEL DRIVE","AUTOMATIC","GAS",4,"Run & Drive Verified","Pure Sale","[PREMIUM]","VEH. SITUE HORS-SITE PERR.  ","MONTREAL-EST","QC","H1B 4W3","CAN","CAD","[PREMIUM]","[PREMIUM]","PERRE",false,"[PREMIUM]","BASE",false,false,"[PREMIUM]",,,,,,,,"[PREMIUM]"
"62301156","2026-08-06 20:54:38.852","2026-08-20 05:41:54.212","62301156","2026-08-20 02:45:41.000","[PREMIUM]","205","QC - MONTREAL","2026-08-25","TUESDAY","1200","EDT","0","K",2013,"HINO","ALL OTHER","195","TILT CAB","WHITE","VANDALISM",,"QC","AM","YES",,374108,"N","[PREMIUM]",0,"5.1L 4","REAR WHEEL DRIVE","AUTOMATIC","DIESEL",4,,"On Minimum Bid","[PREMIUM]",,"MONTREAL-EST","QC","H1B 4W3","CAN","CAD","[PREMIUM]","[PREMIUM]","HVY",false,"[PREMIUM]",,false,false,"[PREMIUM]",,,,,,,,"[PREMIUM]"
"62291856","2026-08-06 20:54:38.844","2026-08-20 17:42:31.756","62291856","2026-08-06 14:26:17.000","[PREMIUM]","205","QC - MONTREAL",,,,"EDT","0","V",2016,"HONDA","CIVIC","CIVIC","SEDAN 4DR","BLUE","REAR END",,"QC","SR","YES","D",229011,"N","[PREMIUM]",12146.27,"1.5L 4","FRONT WHEEL DRIVE","AUTOMATIC","GAS",4,"Run & Drive Verified","Pure Sale","[PREMIUM]",,"MONTREAL-EST","QC","H1B 4W3","CAN","CAD","[PREMIUM]","[PREMIUM]","SA005",false,"[PREMIUM]","EX",false,false,"[PREMIUM]",,,,,,,,"[PREMIUM]"
"62056976","2026-08-06 20:54:38.795","2026-08-20 17:42:31.636","62056976","2026-08-06 19:47:14.000","[PREMIUM]","205","QC - MONTREAL",,,,"EDT","0","V",2013,"TOYOTA","RAV4","RAV4","4DR SPORT UTILITY","GRAY","WATER/FLOOD",,"QC","IP","YES","D",166428,"A","[PREMIUM]",0,"2.5L 4","ALL WHEEL DRIVE","AUTOMATIC","GAS",4,"Run & Drive Verified","Pure Sale","[PREMIUM]",,"MONTREAL-EST","QC","H1B 4W3","CAN","CAD","[PREMIUM]","[PREMIUM]","F010",false,"[PREMIUM]","LIMITED",false,false,"[PREMIUM]",,,,,,,,"[PREMIUM]"
"62140626","2026-08-06 20:54:38.795","2026-08-20 17:42:31.681","62140626","2026-08-07 13:14:04.000","[PREMIUM]","205","QC - MONTREAL",,,,"EDT","0","V",2018,"AUDI","Q5","Q5","SPORT UTILITY VEHICLE","BURGUNDY","REAR END",,"QC","SR","YES","D",84012,"A","[PREMIUM]",19192.68,"2.0L 4","ALL WHEEL DRIVE","AUTOMATIC","GAS",4,"Run & Drive Verified","Pure Sale","[PREMIUM]",,"MONTREAL-EST","QC","H1B 4W3","CAN","CAD","[PREMIUM]","[PREMIUM]","E040",false,"[PREMIUM]","TECHNIK S-LINE",false,false,"[PREMIUM]",,,,,,,,"[PREMIUM]"
"62130406","2026-08-06 20:54:38.780","2026-08-20 17:42:31.676","62130406","2026-08-07 13:17:34.000","[PREMIUM]","205","QC - MONTREAL",,,,"EDT","0","V",2010,"TOYOTA","COROLLA","COROLLA","SEDAN","SILVER","SIDE","FRONT END","QC","SR","YES","S",136409,"A","[PREMIUM]",10603.36,"1.8L 4","FRONT WHEEL DRIVE","AUTOMATIC","GAS",4,"Vehicle Starts","Pure Sale","[PREMIUM]","VEH. SITUE HORS-SITE BEGIN  ","MONTREAL-EST","QC","H1B 4W3","CAN","CAD","[PREMIUM]","[PREMIUM]","BEGIN",false,"[PREMIUM]","BASE",false,false,"[PREMIUM]",,,,,,,,"[PREMIUM]"
"61943936","2026-08-06 20:54:38.727","2026-08-20 17:42:31.569","61943936","2026-08-06 19:47:14.000","[PREMIUM]","205","QC - MONTREAL",,,,"EDT","0","V",2020,"MERCEDES-BENZ","C-CLASS","C","SEDAN","BLACK","WATER/FLOOD",,"QC","IP","YES","E",0,"N","[PREMIUM]",17276.15,"3.0L 6","ALL WHEEL DRIVE","AUTOMATIC","GAS",6,"DEFAULT","Pure Sale","[PREMIUM]",,"MONTREAL-EST","QC","H1B 4W3","CAN","CAD","[PREMIUM]","[PREMIUM]","SB006",false,"[PREMIUM]","43 AMG",false,false,"[PREMIUM]",,,,,,,,"[PREMIUM]"
"61932166","2026-08-06 20:54:38.724","2026-08-20 17:42:31.561","61932166","2026-08-06 19:47:14.000","[PREMIUM]","205","QC - MONTREAL",,,,"EDT","0","V",2011,"MAZDA","CX-7","CX-7","4DR SPORT UTILITY","WHITE","REAR END",,"QC","SR","YES","E",334588,"A","[PREMIUM]",5601.53,"2.5L 4","FRONT WHEEL DRIVE","AUTOMATIC","GAS",4,"DEFAULT","Pure Sale","[PREMIUM]",,"MONTREAL-EST","QC","H1B 4W3","CAN","CAD","[PREMIUM]","[PREMIUM]","E020",false,"[PREMIUM]",,false,false,"[PREMIUM]",,,,,,,,"[PREMIUM]"
"61925756","2026-08-06 20:54:38.722","2026-08-20 17:42:31.542","61925756","2026-08-07 13:13:04.000","[PREMIUM]","205","QC - MONTREAL",,,,"EDT","0","V",2020,"TOYOTA","YARIS","YARIS","HATCHBACK","WHITE","ALL OVER",,"QC","SR","YES","S",137549,"A","[PREMIUM]",35526.85,"1.5L 4","FRONT WHEEL DRIVE","AUTOMATIC","GAS",4,"Vehicle Starts","Pure Sale","[PREMIUM]",,"MONTREAL-EST","QC","H1B 4W3","CAN","CAD","[PREMIUM]","[PREMIUM]","E020",false,"[PREMIUM]","LE",false,false,"[PREMIUM]",,,,,,,,"[PREMIUM]"
"61772546","2026-08-06 20:54:38.653","2026-08-20 17:42:31.472","61772546","2026-08-06 19:47:14.000","[PREMIUM]","205","QC - MONTREAL",,,,"EDT","0","V",2024,"TESLA","MODEL Y","MODEL Y","SPORT UTILITY VEHICLE","RED","SIDE",,"QC","SR","YES","D",62645,"A","[PREMIUM]",35359.36,,"ALL WHEEL DRIVE","AUTOMATIC","ELECTRIC",,"Run & Drive Verified","Pure Sale","[PREMIUM]",,"MONTREAL-EST","QC","H1B 4W3","CAN","CAD","[PREMIUM]","[PREMIUM]","E070",false,"[PREMIUM]",,false,false,"[PREMIUM]",,,,,,,,"[PREMIUM]"
"61749726","2026-08-06 20:54:38.603","2026-08-20 17:42:31.500","61749726","2026-08-07 13:14:53.000","[PREMIUM]","205","QC - MONTREAL",,,,"EDT","0","V",2010,"NISSAN","ROGUE","ROGUE","WAGON","SILVER","FRONT END",,"QC","SR","YES","D",211112,"E","[PREMIUM]",10306,"2.5L 4","FRONT WHEEL DRIVE","AUTOMATIC","GAS",4,"Run & Drive Verified","Pure Sale","[PREMIUM]",,"MONTREAL-EST","QC","H1B 4W3","CAN","CAD","[PREMIUM]","[PREMIUM]","B080",false,"[PREMIUM]","S",false,false,"[PREMIUM]",,,,,,,,"[PREMIUM]"
"61505526","2026-08-06 20:54:38.573","2026-08-20 17:42:31.383","61505526","2026-08-06 14:42:25.000","[PREMIUM]","205","QC - MONTREAL",,,,"EDT","0","V",2011,"HONDA","All Models","ODYSSEY","SPORTS VAN","SILVER","REAR END",,"QC","SR","YES","D",265016,"A","[PREMIUM]",7557.52,"3.5L 6","FRONT WHEEL DRIVE","AUTOMATIC","GAS",6,"Run & Drive Verified","Pure Sale","[PREMIUM]",,"MONTREAL-EST","QC","H1B 4W3","CAN","CAD","[PREMIUM]","[PREMIUM]","B050",false,"[PREMIUM]","EX",false,false,"[PREMIUM]",,,,,,,,"[PREMIUM]"
"61572946","2026-08-06 20:54:38.552","2026-08-20 17:42:31.440","61572946","2026-08-06 14:26:16.000","[PREMIUM]","205","QC - MONTREAL",,,,"EDT","0","C",2024,"KAWASAKI","KL650 F","KL650","ENDURO","RED","SIDE",,"QC","SR","YES","S",1330,"A","[PREMIUM]",13050.84,"1",,"AUTOMATIC","GAS",1,"Vehicle Starts","Pure Sale","[PREMIUM]",,"MONTREAL-EST","QC","H1B 4W3","CAN","CAD","[PREMIUM]","[PREMIUM]","MC003",false,"[PREMIUM]","F",false,false,"[PREMIUM]",,,,,,,,"[PREMIUM]"
"61317866","2026-08-06 20:54:38.530","2026-08-20 17:42:31.320","61317866","2026-08-07 13:14:15.000","[PREMIUM]","205","QC - MONTREAL",,,,"EDT","0","V",2006,"MERCEDES-BENZ","CLC-CLASS","CLS","SEDAN","BLACK","WATER/FLOOD",,"QC","IP","NO","E",178448,"E","[PREMIUM]",16716.64,"5.0L 8","REAR WHEEL DRIVE","AUTOMATIC","GAS",8,"DEFAULT","Pure Sale","[PREMIUM]",,"MONTREAL-EST","QC","H1B 4W3","CAN","CAD","[PREMIUM]","[PREMIUM]","K020",false,"[PREMIUM]","500C",false,false,"[PREMIUM]",,,,,,,,"[PREMIUM]"
"61217526","2026-08-06 20:54:38.474","2026-08-20 17:42:31.263","61217526","2026-08-06 14:26:16.000","[PREMIUM]","205","QC - MONTREAL",,,,"EDT","0","V",2015,"NISSAN","SENTRA","SENTRA","SEDAN 4DR","BLUE","SIDE",,"QC","SR","YES","S",200574,"A","[PREMIUM]",6426,"1.8L 4","FRONT WHEEL DRIVE","AUTOMATIC","GAS",4,"Vehicle Starts","On Approval","[PREMIUM]","VEH. SITUE HORS-SITE BEGIN  ","MONTREAL-EST","QC","H1B 4W3","CAN","CAD","[PREMIUM]","[PREMIUM]","BEGIN",false,"[PREMIUM]",,false,false,"[PREMIUM]",,,,,,,,"[PREMIUM]"
"60930606","2026-08-06 20:54:38.262","2026-08-20 17:42:31.183","60930606","2026-08-06 19:47:14.000","[PREMIUM]","205","QC - MONTREAL",,,,"EDT","0","V",2012,"HYUNDAI","SONATA","SONATA","SEDAN 4DR","GRAY","FRONT END",,"QC","SR","YES","D",141763,"A","[PREMIUM]",6126.4,"2.4L 4","FRONT WHEEL DRIVE","AUTOMATIC","GAS",4,"Run & Drive Verified","Pure Sale","[PREMIUM]",,"MONTREAL-EST","QC","H1B 4W3","CAN","CAD","[PREMIUM]","[PREMIUM]","F030",false,"[PREMIUM]","GLS",false,false,"[PREMIUM]",,,,,,,,"[PREMIUM]"
"60823966","2026-08-06 20:54:38.212","2026-08-20 17:42:31.121","60823966","2026-08-06 19:47:14.000","[PREMIUM]","205","QC - MONTREAL",,,,"EDT","0","V",2009,"CHEVROLET","AVEO","AVEO","SEDAN 4DR","RED","FRONT END",,"QC","SR","YES","D",215796,"A","[PREMIUM]",2500.75,"1.6L 4","FRONT WHEEL DRIVE","AUTOMATIC","GAS",4,"Run & Drive Verified","Pure Sale","[PREMIUM]",,"MONTREAL-EST","QC","H1B 4W3","CAN","CAD","[PREMIUM]","[PREMIUM]","J020",false,"[PREMIUM]","LT",false,false,"[PREMIUM]",,,,,,,,"[PREMIUM]"
"60772416","2026-08-06 20:54:38.171","2026-08-20 17:42:31.135","60772416","2026-08-06 14:53:04.000","[PREMIUM]","205","QC - MONTREAL",,,,"EDT","0","V",2018,"HONDA","CIVIC","CIVIC","SEDAN","BLUE","FRONT END",,"QC","SR","YES","D",123024,"A","[PREMIUM]",14622.44,"2.0L 4","FRONT WHEEL DRIVE","AUTOMATIC","GAS",4,"Run & Drive Verified","Pure Sale","[PREMIUM]",,"MONTREAL-EST","QC","H1B 4W3","CAN","CAD","[PREMIUM]","[PREMIUM]","C070",false,"[PREMIUM]","EX",false,false,"[PREMIUM]",,,,,,,,"[PREMIUM]"
"60596786","2026-08-06 20:54:38.095","2026-08-20 17:42:31.027","60596786","2026-08-06 19:47:14.000","[PREMIUM]","205","QC - MONTREAL",,,,"EDT","0","V",2014,"TOYOTA","SCION","SCION TC","HATCHBACK 2DR","BLACK","FRONT END","SIDE","QC","SR","YES","S",168990,"A","[PREMIUM]",22805.23,"2.5L 4","FRONT WHEEL DRIVE","AUTOMATIC","GAS",4,"Vehicle Starts","Pure Sale","[PREMIUM]","VEH. SITUE HORS-SITE BEGIN  ","MONTREAL-EST","QC","H1B 4W3","CAN","CAD","[PREMIUM]","[PREMIUM]","BEGIN",false,"[PREMIUM]",,false,false,"[PREMIUM]",,,,,,,,"[PREMIUM]"
"60463786","2026-08-06 20:54:38.027","2026-08-20 17:42:30.987","60463786","2026-08-06 14:26:16.000","[PREMIUM]","205","QC - MONTREAL",,,,"EDT","0","V",2022,"JEEP","CHEROKEE","CHEROKEE",,"BLUE","REAR END",,"QC","SR","YES","E",78224,"A","[PREMIUM]",24770.98,,,"AUTOMATIC",,,"DEFAULT","Pure Sale","[PREMIUM]",,"MONTREAL-EST","QC","H1B 4W3","CAN","CAD","[PREMIUM]","[PREMIUM]","G060",false,"[PREMIUM]","NORTH",false,false,"[PREMIUM]",,,,,,,,"[PREMIUM]"
"59247426","2026-08-06 20:54:37.559","2026-08-20 17:42:30.424","59247426","2026-08-06 14:53:04.000","[PREMIUM]","205","QC - MONTREAL",,,,"EDT","0","V",2021,"VOLKSWAGEN","ATLAS","ATLAS","SPORT UTILITY VEHICLE","BLACK","WATER/FLOOD",,"QC","IP","YES","E",0,"N","[PREMIUM]",29756.68,"2.0L 4","ALL WHEEL DRIVE","AUTOMATIC","GAS",4,"DEFAULT","Pure Sale","[PREMIUM]",,"MONTREAL-EST","QC","H1B 4W3","CAN","CAD","[PREMIUM]","[PREMIUM]","B070",false,"[PREMIUM]","SEL",false,false,"[PREMIUM]",,,,,,,,"[PREMIUM]"
"58773016","2026-08-06 20:54:37.403","2026-08-06 20:54:37.403","58773016","2026-08-06 19:47:13.000","[PREMIUM]","205","QC - MONTREAL",,,,"EDT","0","V",2024,"KIA","ALL OTHER","EV6","WAGON","WHITE","WATER/FLOOD",,"QC","IP","YES","D",39429,"A","[PREMIUM]",46476.32,"0.0L 0","REAR WHEEL DRIVE","AUTOMATIC","ELECTRIC",0,"Run & Drive Verified","Pure Sale","[PREMIUM]",,"MONTREAL-EST","QC","H1B 4W3","CAN","CAD","[PREMIUM]","[PREMIUM]","B010",false,"[PREMIUM]","LIGHT",false,false,"[PREMIUM]",,,,,,,,"[PREMIUM]"
"58393686","2026-08-06 20:54:37.300","2026-08-20 17:42:30.106","58393686","2026-08-06 19:07:51.000","[PREMIUM]","205","QC - MONTREAL",,,,"EDT","0","V",2015,"LEXUS","LS460","LS","SEDAN 4DR","GRAY","REAR END","FRONT END","QC","SR","YES","D",90373,"A","[PREMIUM]",27501.82,"4.6L 8","ALL WHEEL DRIVE","AUTOMATIC","GAS",8,"Run & Drive Verified","Pure Sale","[PREMIUM]",,"MONTREAL-EST","QC","H1B 4W3","CAN","CAD","[PREMIUM]","[PREMIUM]","SC004",false,"[PREMIUM]","460",false,false,"[PREMIUM]",,,,,,,,"[PREMIUM]"
"58253326","2026-08-06 20:54:37.237","2026-08-20 17:42:30.042","58253326","2026-08-06 14:26:16.000","[PREMIUM]","205","QC - MONTREAL",,,,"EDT","0","V",2011,"CHEVROLET","CRUZE","CRUZE","SEDAN 4DR","BLACK","FRONT END",,"QC","SR","YES","D",256380,"A","[PREMIUM]",5521.74,"1.8L 4","FRONT WHEEL DRIVE","AUTOMATIC","GAS",4,"Run & Drive Verified","Pure Sale","[PREMIUM]",,"MONTREAL-EST","QC","H1B 4W3","CAN","CAD","[PREMIUM]","[PREMIUM]","SD003",false,"[PREMIUM]","LS",false,false,"[PREMIUM]",,,,,,,,"[PREMIUM]"
"57573836","2026-08-06 20:54:37.116","2026-08-20 17:42:29.942","57573836","2026-08-06 14:53:04.000","[PREMIUM]","205","QC - MONTREAL",,,,"EDT","0","V",2007,"HONDA","FIT","FIT","HATCHBACK 4DR","RED","FRONT END",,"QC","SR","YES","D",121031,"A","[PREMIUM]",4200.98,"1.5L 4","FRONT WHEEL DRIVE","AUTOMATIC","GAS",4,"Run & Drive Verified","Pure Sale","[PREMIUM]",,"MONTREAL-EST","QC","H1B 4W3","CAN","CAD","[PREMIUM]","[PREMIUM]","SB003",false,"[PREMIUM]",,false,false,"[PREMIUM]",,,,,,,,"[PREMIUM]"
"57344356","2026-08-06 20:54:37.075","2026-08-20 17:42:29.861","57344356","2026-08-07 13:13:45.000","[PREMIUM]","205","QC - MONTREAL",,,,"EDT","0","V",2023,"TOYOTA","COROLLA","COROLLA","HATCHBACK","BLACK","FRONT END",,"QC","SR","YES","E",192061,"N","[PREMIUM]",58762.58,"2.0L 4","FRONT WHEEL DRIVE","AUTOMATIC","GAS",4,"DEFAULT","Pure Sale","[PREMIUM]","VEH. SITUE HORS-SITE PERR.  ","MONTREAL-EST","QC","H1B 4W3","CAN","CAD","[PREMIUM]","[PREMIUM]","PERRE",false,"[PREMIUM]","SE",false,false,"[PREMIUM]",,,,,,,,"[PREMIUM]"
"53550116","2026-08-06 20:54:36.551","2026-08-20 17:42:29.384","53550116","2026-08-06 14:53:04.000","[PREMIUM]","205","QC - MONTREAL",,,,"EDT","0","V",2013,"FORD","FOCUS","FOCUS","HATCHBACK 4DR","GRAY","FRONT END","SIDE","QC","IP","YES","E",208109,"A","[PREMIUM]",19162.34,"2.0L 4","FRONT WHEEL DRIVE","MANUAL","GAS",4,"DEFAULT","Pure Sale","[PREMIUM]",,"MONTREAL-EST","QC","H1B 4W3","CAN","CAD","[PREMIUM]","[PREMIUM]","D010",false,"[PREMIUM]","SE",false,false,"[PREMIUM]",,,,,,,,"[PREMIUM]"
"52372906","2026-08-06 20:54:36.480","2026-08-20 17:42:29.244","52372906","2026-08-06 19:47:13.000","[PREMIUM]","205","QC - MONTREAL",,,,"EDT","0","V",2024,"BMW","X3","X3","SPORT UTILITY VEHICLE","BLACK","FRONT END","SIDE","QC","SR","YES",,0,"N","[PREMIUM]",64396.86,"2.0L 4","ALL WHEEL DRIVE","AUTOMATIC","GAS",4,,"Pure Sale","[PREMIUM]","VEH. SITUE HORS-SITE BEGIN  ","MONTREAL-EST","QC","H1B 4W3","CAN","CAD","[PREMIUM]","[PREMIUM]","BEGIN",false,"[PREMIUM]","XDRIVE30I",false,false,"[PREMIUM]",,,,,,,,"[PREMIUM]"
"52445236","2026-08-06 20:54:36.475","2026-08-20 17:42:29.265","52445236","2026-08-06 19:47:13.000","[PREMIUM]","205","QC - MONTREAL",,,,"EDT","0","A",2023,"YAMAHA","YFM700 G","YFM700","ATV","BEIGE","ALL OVER",,"QC","SR","YES","D",1884,"A","[PREMIUM]",10488.6,"1",,"AUTOMATIC","GAS",1,"Run & Drive Verified","Pure Sale","[PREMIUM]","VEH. SITUE HORS-SITE PERR.  ","MONTREAL-EST","QC","H1B 4W3","CAN","CAD","[PREMIUM]","[PREMIUM]","PERRE",false,"[PREMIUM]","G",false,false,"[PREMIUM]",,,,,,,,"[PREMIUM]"
"52375016","2026-08-06 20:54:36.464","2026-08-20 17:42:29.282","52375016","2026-08-06 19:47:13.000","[PREMIUM]","205","QC - MONTREAL",,,,"EDT","0","V",2013,"HYUNDAI","SANTA FE","SANTA FE","SUV","BLACK","FRONT END",,"QC","SR","YES","D",207012,"A","[PREMIUM]",5635.81,"3.3L 6","FRONT WHEEL DRIVE","AUTOMATIC","GAS",6,"Run & Drive Verified","Pure Sale","[PREMIUM]",,"MONTREAL-EST","QC","H1B 4W3","CAN","CAD","[PREMIUM]","[PREMIUM]","H010",false,"[PREMIUM]","GLS",false,false,"[PREMIUM]",,,,,,,,"[PREMIUM]"
"51688676","2026-08-06 20:54:36.416","2026-08-06 20:54:36.416","51688676","2026-08-06 14:53:04.000","[PREMIUM]","205","QC - MONTREAL",,,,"EDT","0","V",2012,"TOYOTA","YARIS","YARIS",,"BLUE","FRONT END",,"QC","SR","NO","E",0,"N","[PREMIUM]",15357.99,,,"AUTOMATIC",,,"DEFAULT","Pure Sale","[PREMIUM]",,"MONTREAL-EST","QC","H1B 4W3","CAN","CAD","[PREMIUM]","[PREMIUM]","SB004",false,"[PREMIUM]","5-DOOR L",false,false,"[PREMIUM]",,,,,,,,"[PREMIUM]"
"51271026","2026-08-06 20:54:36.371","2026-08-20 17:42:29.157","51271026","2026-08-06 19:47:13.000","[PREMIUM]","205","QC - MONTREAL",,,,"EDT","0","V",2018,"MAZDA","3","3","HATCHBACK","RED","FRONT END","SIDE","QC","SR","NO","E",0,"N","[PREMIUM]",27176.61,"2.0L 4","FRONT WHEEL DRIVE","AUTOMATIC","GAS",4,"DEFAULT","Pure Sale","[PREMIUM]","VEH. SITUE HORS-SITE TICOEUR","MONTREAL-EST","QC","H1B 4W3","CAN","CAD","[PREMIUM]","[PREMIUM]","TICOE",false,"[PREMIUM]","TOURING",false,false,"[PREMIUM]",,,,,,,,"[PREMIUM]"
"50622066","2026-08-06 20:54:36.335","2026-08-20 17:42:29.135","50622066","2026-08-06 14:26:16.000","[PREMIUM]","205","QC - MONTREAL",,,,"EDT","0","V",2018,"MITSUBISHI","OUTLANDER","OUTLANDER","SPORT UTILITY VEHICLE","WHITE","REAR END","SIDE","QC","SR","YES","D",263509,"A","[PREMIUM]",13631.39,"3.0L 6","ALL WHEEL DRIVE","AUTOMATIC","GAS",6,"Run & Drive Verified","Pure Sale","[PREMIUM]",,"MONTREAL-EST","QC","H1B 4W3","CAN","CAD","[PREMIUM]","[PREMIUM]","B020",false,"[PREMIUM]","SE",false,false,"[PREMIUM]",,,,,,,,"[PREMIUM]"
"85455355","2026-08-06 20:54:36.002","2026-08-13 14:30:28.662","85455355","2026-08-13 12:00:09.000","[PREMIUM]","204","AB - EDMONTON","2026-08-13","THURSDAY","1200","MDT","88","V",2015,"RAM","1500","1500","CREW PICKUP","BLACK","SIDE","REAR END","AB","BV","YES","D",298113,"N","[PREMIUM]",16201.6,"5.7L 8","4X4 W/REAR WHEEL DRV","AUTOMATIC","GAS",8,"Run & Drive Verified","Pure Sale","[PREMIUM]","Minor dents and scratches","NISKU","AB","T9E 8L1","CAN","CAD","[PREMIUM]","[PREMIUM]","C010",false,"[PREMIUM]","SLT",false,false,"[PREMIUM]",,,,,,,,"[PREMIUM]"
"45454966","2026-08-06 20:54:35.993","2026-08-11 02:30:14.695","45454966","2026-08-07 15:12:10.000","[PREMIUM]","205","QC - MONTREAL","2026-08-11","TUESDAY","1200","EDT","2509","V",2013,"MITSUBISHI","LANCER","LANCER","SEDAN 4DR","WHITE","FRONT END",,"QC","SR","NO","E",0,"N","[PREMIUM]",6524.69,"2.0L 4","FRONT WHEEL DRIVE","MANUAL","GAS",4,"DEFAULT","Pure Sale","[PREMIUM]",,"MONTREAL-EST","QC","H1B 4W3","CAN","CAD","[PREMIUM]","[PREMIUM]","C050",false,"[PREMIUM]","DE",false,false,"[PREMIUM]",,,,,,,,"[PREMIUM]"
"64119506","2026-08-06 20:54:35.968","2026-08-20 17:42:28.402","64119506","2026-08-20 12:00:06.000","[PREMIUM]","204","AB - EDMONTON","2026-08-20","THURSDAY","1200","MDT","2032","V",2006,"NISSAN","PATHFINDER","PATHFINDER","SUV","SILVER","REAR END","FRONT END","AB","BS","YES","D",295061,"E","[PREMIUM]",0,"4.0L 6","FOUR BY FOUR","AUTOMATIC","GAS",6,"Run & Drive Verified","On Minimum Bid","[PREMIUM]","Side damage Minor dents & scratches. True mileage unknown.","NISKU","AB","T9E 8L1","CAN","CAD","[PREMIUM]","[PREMIUM]","B060",true,"[PREMIUM]","LE",false,false,"[PREMIUM]",,,,,,,,"[PREMIUM]"
"63042416","2026-08-06 20:54:35.959","2026-08-20 17:42:28.270","63042416","2026-08-20 12:00:06.000","[PREMIUM]","204","AB - EDMONTON","2026-08-20","THURSDAY","1200","MDT","2043","V",2013,"HYUNDAI","ELANTRA","ELANTRA","SEDAN","GRAY","WATER/FLOOD","SIDE","AB","BR","YES","D",188070,"N","[PREMIUM]",16800,"1.8L 4","FRONT WHEEL DRIVE","AUTOMATIC","GAS",4,"Run & Drive Verified","Pure Sale","[PREMIUM]",,"NISKU","AB","T9E 8L1","CAN","CAD","[PREMIUM]","[PREMIUM]","A050",false,"[PREMIUM]","GLS",false,false,"[PREMIUM]",,,,,,,,"[PREMIUM]"
"79433995","2026-08-06 20:54:35.958","2026-08-13 14:30:28.670","79433995","2026-08-13 12:00:09.000","[PREMIUM]","204","AB - EDMONTON","2026-08-13","THURSDAY","1200","MDT","54","V",2016,"DODGE","CARAVAN","GRAND CARAVAN","SPORTS VAN","BLACK","BURN","FRONT END","AB","BR","YES","D",200090,"N","[PREMIUM]",14784.43,"3.6L 6","Front Wheel Drive","AUTOMATIC","Flexible",6,"Run & Drive Verified","Pure Sale","[PREMIUM]","Side and rear damage","NISKU","AB","T9E 8L1","CAN","CAD","[PREMIUM]","[PREMIUM]","K020",false,"[PREMIUM]","R",false,false,"[PREMIUM]",,,,,,,,"[PREMIUM]"
"62635336","2026-08-06 20:54:35.921","2026-08-13 14:30:28.230","62635336","2026-08-13 12:00:10.000","[PREMIUM]","204","AB - EDMONTON","2026-08-13","THURSDAY","1200","MDT","2572","V",2013,"HYUNDAI","SONATA","SONATA","SEDAN 4DR","BLACK","WATER/FLOOD","REAR END","AB","BR","YES","E",0,"N","[PREMIUM]",13282.5,"2.4L 4","FRONT WHEEL DRIVE","AUTOMATIC","GAS",4,"DEFAULT","Pure Sale","[PREMIUM]","True mileage unknown.","NISKU","AB","T9E 8L1","CAN","CAD","[PREMIUM]","[PREMIUM]","A040",false,"[PREMIUM]","GLS",false,false,"[PREMIUM]",,,,,,,,"[PREMIUM]"
"62812876","2026-08-06 20:54:35.918","2026-08-13 14:30:28.258","62812876","2026-08-13 12:00:09.000","[PREMIUM]","204","AB - EDMONTON","2026-08-13","THURSDAY","1200","MDT","28","V",2018,"LEXUS","ES350","ES","SEDAN","GRAY","FRONT END","MINOR DENT/SCRATCHES","AB","BV","YES","D",182574,"N","[PREMIUM]",25031.85,"3.5L 6","FRONT WHEEL DRIVE","AUTOMATIC","GAS",6,"Run & Drive Verified","Pure Sale","[PREMIUM]",,"NISKU","AB","T9E 8L1","CAN","CAD","[PREMIUM]","[PREMIUM]","E010",false,"[PREMIUM]","350",false,false,"[PREMIUM]",,,,,,,,"[PREMIUM]"
"62614516","2026-08-06 20:54:35.913","2026-08-13 14:30:28.214","62614516","2026-08-13 12:00:09.000","[PREMIUM]","204","AB - EDMONTON","2026-08-13","THURSDAY","1200","MDT","62","V",2014,"TOYOTA","SIENNA","SIENNA","SPORTS VAN","SILVER","FRONT END","REAR END","AB","BV","YES","D",268605,"N","[PREMIUM]",10474.33,"3.5L 6","FRONT WHEEL DRIVE","AUTOMATIC","GAS",6,"Run & Drive Verified","Pure Sale","[PREMIUM]",,"NISKU","AB","T9E 8L1","CAN","CAD","[PREMIUM]","[PREMIUM]","A060",false,"[PREMIUM]","LE",false,false,"[PREMIUM]",,,,,,,,"[PREMIUM]"
"62702926","2026-08-06 20:54:35.909","2026-08-13 14:30:28.265","62702926","2026-08-13 12:00:09.000","[PREMIUM]","204","AB - EDMONTON","2026-08-13","THURSDAY","1200","MDT","58","V",2019,"TOYOTA","RAV4","RAV4","SPORT UTILITY VEHICLE","BLACK","REAR END","FRONT END","AB","BV","YES","D",236505,"N","[PREMIUM]",23107.38,"2.5L 4","ALL WHEEL DRIVE","AUTOMATIC","GAS",4,"Run & Drive Verified","Pure Sale","[PREMIUM]","Side damage","NISKU","AB","T9E 8L1","CAN","CAD","[PREMIUM]","[PREMIUM]","A060",false,"[PREMIUM]","LE",false,false,"[PREMIUM]",,,,,,,,"[PREMIUM]"
"62054816","2026-08-06 20:54:35.879","2026-08-13 14:30:28.161","62054816","2026-08-13 12:00:10.000","[PREMIUM]","204","AB - EDMONTON","2026-08-13","THURSDAY","1200","MDT","131","V",2012,"BUICK","REGAL","REGAL","SEDAN 4DR","BLUE","WATER/FLOOD","MINOR DENT/SCRATCHES","AB","BV","YES","D",246078,"N","[PREMIUM]",4685.48,"2.4L 4","FRONT WHEEL DRIVE","AUTOMATIC","FLEXIBLE",4,"Run & Drive Verified","Pure Sale","[PREMIUM]",,"NISKU","AB","T9E 8L1","CAN","CAD","[PREMIUM]","[PREMIUM]","F050",false,"[PREMIUM]",,false,false,"[PREMIUM]",,,,,,,,"[PREMIUM]"
"62165326","2026-08-06 20:54:35.866","2026-08-13 14:30:28.163","62165326","2026-08-13 12:00:10.000","[PREMIUM]","204","AB - EDMONTON","2026-08-13","THURSDAY","1200","MDT","110","V",2023,"HYUNDAI","VENUE","VENUE","HATCHBACK","GRAY","HAIL","MINOR DENT/SCRATCHES","AB","BS","YES","D",66526,"N","[PREMIUM]",17551.78,"1.6L 4","FRONT WHEEL DRIVE","AUTOMATIC","GAS",4,"Run & Drive Verified","Pure Sale","[PREMIUM]",,"NISKU","AB","T9E 8L1","CAN","CAD","[PREMIUM]","[PREMIUM]","A010",false,"[PREMIUM]","SE",false,false,"[PREMIUM]",,,,,,,,"[PREMIUM]"
"62123126","2026-08-06 20:54:35.855","2026-08-13 14:30:28.157","62123126","2026-08-13 12:00:10.000","[PREMIUM]","204","AB - EDMONTON","2026-08-13","THURSDAY","1200","MDT","2007","V",2015,"HONDA","CRV","CR-V","4DR SPORT UTILITY","GRAY","FRONT END","SIDE","AB","BV","YES","D",123058,"N","[PREMIUM]",12502.6,"2.4L 4","ALL WHEEL DRIVE","AUTOMATIC","GAS",4,"Run & Drive Verified","Pure Sale","[PREMIUM]","True mileage unknown.","NISKU","AB","T9E 8L1","CAN","CAD","[PREMIUM]","[PREMIUM]","F020",false,"[PREMIUM]","EXL",false,false,"[PREMIUM]",,,,,,,,"[PREMIUM]"
"61713516","2026-08-06 20:54:35.804","2026-08-13 14:30:28.055","61713516","2026-08-13 12:00:10.000","[PREMIUM]","204","AB - EDMONTON","2026-08-13","THURSDAY","1200","MDT","2547","V",2014,"FORD","EXPLORER","EXPLORER","4DR SPORT UTILITY","BLACK","MECHANICAL","UNDERCARRIAGE","AB","BV","YES","S",194955,"N","[PREMIUM]",11458.57,"3.5L 6","4X4 W/FRONT WHL DRV","AUTOMATIC","GAS",6,"Vehicle Starts","Pure Sale","[PREMIUM]","Front & Side damage Minor dents & scratches.","NISKU","AB","T9E 8L1","CAN","CAD","[PREMIUM]","[PREMIUM]","F050",false,"[PREMIUM]","LIMITED",false,false,"[PREMIUM]",,,,,,,,"[PREMIUM]"
"60634896","2026-08-06 20:54:35.739","2026-08-13 14:30:27.943","60634896","2026-08-13 12:00:09.000","[PREMIUM]","204","AB - EDMONTON","2026-08-13","THURSDAY","1200","MDT","40","V",2013,"HYUNDAI","SANTA FE","SANTA FE SPORT","SUV","BLUE","FRONT END","MINOR DENT/SCRATCHES","AB","BV","YES","D",289822,"N","[PREMIUM]",5222.29,"2.0L 4","ALL WHEEL DRIVE","AUTOMATIC","GAS",4,"Run & Drive Verified","Pure Sale","[PREMIUM]",,"NISKU","AB","T9E 8L1","CAN","CAD","[PREMIUM]","[PREMIUM]","E060",false,"[PREMIUM]","2.0T",false,false,"[PREMIUM]",,,,,,,,"[PREMIUM]"
"60991196","2026-08-06 20:54:35.735","2026-08-13 14:30:27.974","60991196","2026-08-13 12:00:09.000","[PREMIUM]","204","AB - EDMONTON","2026-08-13","THURSDAY","1200","MDT","86","V",2024,"KIA","ALL OTHER","EV6","SPORT UTILITY VEHICLE","WHITE","SIDE","UNDERCARRIAGE","AB","BV","YES","D",38027,"N","[PREMIUM]",20023.89,"0","ALL WHEEL DRIVE","AUTOMATIC","ELECTRIC",0,"Run & Drive Verified","Pure Sale","[PREMIUM]","Rear damage","NISKU","AB","T9E 8L1","CAN","CAD","[PREMIUM]","[PREMIUM]","B040",false,"[PREMIUM]","GT LINE",false,false,"[PREMIUM]",,,,,,,,"[PREMIUM]"
"60074206","2026-08-06 20:54:35.682","2026-08-13 14:30:27.908","60074206","2026-08-13 12:00:10.000","[PREMIUM]","204","AB - EDMONTON","2026-08-13","THURSDAY","1200","MDT","2052","V",2015,"KIA","FORTE","FORTE","HATCHBACK 4DR","BLACK","REAR END","FRONT END","AB","BV","YES","D",108277,"N","[PREMIUM]",7612.71,"2.0L 4","FRONT WHEEL DRIVE","AUTOMATIC","GAS",4,"Run & Drive Verified","Pure Sale","[PREMIUM]","Undercarriage damage.","NISKU","AB","T9E 8L1","CAN","CAD","[PREMIUM]","[PREMIUM]","F020",false,"[PREMIUM]","LX",false,false,"[PREMIUM]",,,,,,,,"[PREMIUM]"
"60149756","2026-08-06 20:54:35.676","2026-08-20 17:42:27.873","60149756","2026-08-20 12:00:06.000","[PREMIUM]","204","AB - EDMONTON","2026-08-20","THURSDAY","1200","MDT","2039","V",2015,"HYUNDAI","ELANTRA","ELANTRA","SEDAN","BLACK","FRONT END","MECHANICAL","AB","BV","YES","D",129141,"N","[PREMIUM]",5146.28,"1.8L 4","FRONT WHEEL DRIVE","AUTOMATIC","GAS",4,"Run & Drive Verified","Pure Sale","[PREMIUM]","Side & Hail damage True mileage unknown.","NISKU","AB","T9E 8L1","CAN","CAD","[PREMIUM]","[PREMIUM]","F010",false,"[PREMIUM]","SE",false,false,"[PREMIUM]",,,,,,,,"[PREMIUM]"
"60583386","2026-08-06 20:54:35.663","2026-08-13 14:30:27.940","60583386","2026-08-13 12:00:10.000","[PREMIUM]","204","AB - EDMONTON","2026-08-13","THURSDAY","1200","MDT","2511","V",2021,"JEEP","WRANGLER","WRANGLER UNLIMITED","SPORT UTILITY VEHICLE","GRAY","FRONT END","UNDERCARRIAGE","AB","BR","YES","S",152863,"N","[PREMIUM]",25586.82,"3.0L 6","4X4 W/REAR WHEEL DRV","AUTOMATIC","DIESEL",6,"Vehicle Starts","Pure Sale","[PREMIUM]","Side and roof damage","NISKU","AB","T9E 8L1","CAN","CAD","[PREMIUM]","[PREMIUM]","K010",false,"[PREMIUM]","SAHARA",false,false,"[PREMIUM]",,,,,,,,"[PREMIUM]"
"59969556","2026-08-06 20:54:35.628","2026-08-13 14:30:27.880","59969556","2026-08-13 12:00:09.000","[PREMIUM]","204","AB - EDMONTON","2026-08-13","THURSDAY","1200","MDT","36","V",2020,"BMW","5 SERIES","530","SEDAN","WHITE","FRONT END","SIDE","AB","BV","YES","D",145793,"N","[PREMIUM]",23950.91,"2.0L 4","ALL WHEEL DRIVE","AUTOMATIC","GAS",4,"Run & Drive Verified","Pure Sale","[PREMIUM]","Undercarriage damage.","NISKU","AB","T9E 8L1","CAN","CAD","[PREMIUM]","[PREMIUM]","A050",false,"[PREMIUM]","XI",false,false,"[PREMIUM]",,,,,,,,"[PREMIUM]"
"58613836","2026-08-06 20:54:35.626","2026-08-13 14:30:27.759","58613836","2026-08-13 12:00:10.000","[PREMIUM]","204","AB - EDMONTON","2026-08-13","THURSDAY","1200","MDT","2061","V",2016,"FORD","F150","F150","CREW PICKUP","GRAY","HAIL","SIDE","AB","BV","YES","D",221236,"N","[PREMIUM]",18249.59,"3.5L 6","4X4 W/REAR WHEEL DRV","AUTOMATIC","GAS",6,"Run & Drive Verified","Pure Sale","[PREMIUM]",,"NISKU","AB","T9E 8L1","CAN","CAD","[PREMIUM]","[PREMIUM]","C040",false,"[PREMIUM]","SUPERCREW",false,false,"[PREMIUM]",,,,,,,,"[PREMIUM]"
"59642356","2026-08-06 20:54:35.623","2026-08-13 14:30:27.843","59642356","2026-08-13 12:00:10.000","[PREMIUM]","204","AB - EDMONTON","2026-08-13","THURSDAY","1200","MDT","123","V",2007,"CHEVROLET","SUBURBAN","SUBURBAN","4DR SPORT UTILITY","BLUE","SIDE","FRONT END","AB","BV","YES","D",259316,"E","[PREMIUM]",6276.74,"6.0L 8","4X4 W/REAR WHEEL DRV","AUTOMATIC","GAS",8,"Run & Drive Verified","Pure Sale","[PREMIUM]","True mileage unknown.","NISKU","AB","T9E 8L1","CAN","CAD","[PREMIUM]","[PREMIUM]","C010",false,"[PREMIUM]","K2500",false,false,"[PREMIUM]",,,,,,,,"[PREMIUM]"
"57380946","2026-08-06 20:54:35.550","2026-08-13 14:30:27.616","57380946","2026-08-13 12:00:10.000","[PREMIUM]","204","AB - EDMONTON","2026-08-13","THURSDAY","1200","MDT","2548","V",2025,"RAM","1500","1500","PICKUP","BLACK","FRONT END","TOP/ROOF","AB","BV","YES","E",46334,"N","[PREMIUM]",43711.72,"3.0L 6","4X4 W/REAR WHEEL DRV","AUTOMATIC","GAS",6,"DEFAULT","Pure Sale","[PREMIUM]",,"NISKU","AB","T9E 8L1","CAN","CAD","[PREMIUM]","[PREMIUM]","C010",false,"[PREMIUM]","SPORT",false,false,"[PREMIUM]",,,,,,,,"[PREMIUM]"
"57782926","2026-08-06 20:54:35.549","2026-08-13 14:30:27.654","57782926","2026-08-13 12:00:10.000","[PREMIUM]","204","AB - EDMONTON","2026-08-13","THURSDAY","1200","MDT","117","V",2017,"TOYOTA","COROLLA","COROLLA","SEDAN","WHITE","FRONT END","SIDE","AB","BV","YES","D",93131,"N","[PREMIUM]",12506.18,"1.8L 4","FRONT WHEEL DRIVE","AUTOMATIC","GAS",4,"Run & Drive Verified","Pure Sale","[PREMIUM]",,"NISKU","AB","T9E 8L1","CAN","CAD","[PREMIUM]","[PREMIUM]","D040",false,"[PREMIUM]","L",false,false,"[PREMIUM]",,,,,,,,"[PREMIUM]"
"57858016","2026-08-06 20:54:35.544","2026-08-13 14:30:27.751","57858016","2026-08-13 12:00:10.000","[PREMIUM]","204","AB - EDMONTON","2026-08-13","THURSDAY","1200","MDT","2506","V",2021,"MAZDA","CX-5","CX-5","SPORT UTILITY VEHICLE","RED","FRONT END","SIDE","AB","BV","YES","S",0,"N","[PREMIUM]",31442.68,"2.5L 4","ALL WHEEL DRIVE","AUTOMATIC","GAS",4,"Vehicle Starts","Pure Sale","[PREMIUM]","Undercarriage & Rear damage. True mileage unknown.","NISKU","AB","T9E 8L1","CAN","CAD","[PREMIUM]","[PREMIUM]","G060",false,"[PREMIUM]","GRAND TOURING",false,false,"[PREMIUM]",,,,,,,,"[PREMIUM]"
"51897566","2026-08-06 20:54:35.508","2026-08-13 14:30:27.457","51897566","2026-08-13 12:00:10.000","[PREMIUM]","204","AB - EDMONTON","2026-08-13","THURSDAY","1200","MDT","2018","V",2020,"HYUNDAI","PALISADE","PALISADE","SPORT UTILITY VEHICLE","BLACK","FRONT END","SIDE","AB","BV","YES","D",192735,"N","[PREMIUM]",20700.53,"3.8L 6","ALL WHEEL DRIVE","AUTOMATIC","GAS",6,"Run & Drive Verified","Pure Sale","[PREMIUM]","Mechanical and undercarriage damage","NISKU","AB","T9E 8L1","CAN","CAD","[PREMIUM]","[PREMIUM]","F020",false,"[PREMIUM]","SEL",false,false,"[PREMIUM]",,,,,,,,"[PREMIUM]"
"51708006","2026-08-06 20:54:35.505","2026-08-13 14:30:27.441","51708006","2026-08-13 12:00:10.000","[PREMIUM]","204","AB - EDMONTON","2026-08-13","THURSDAY","1200","MDT","2539","V",2017,"TESLA","MODEL X","MODEL X","SPORT UTILITY VEHICLE","BLUE","SIDE","UNDERCARRIAGE","AB","BV","YES","S",161517,"A","[PREMIUM]",37497.81,,"ALL WHEEL DRIVE","AUTOMATIC","ELECTRIC",,"Vehicle Starts","Pure Sale","[PREMIUM]","Front and rear damage","NISKU","AB","T9E 8L1","CAN","CAD","[PREMIUM]","[PREMIUM]","F040",false,"[PREMIUM]",,false,false,"[PREMIUM]",,,,,,,,"[PREMIUM]"
"52025386","2026-08-06 20:54:35.497","2026-08-13 14:30:27.483","52025386","2026-08-13 12:00:09.000","[PREMIUM]","204","AB - EDMONTON","2026-08-13","THURSDAY","1200","MDT","69","V",2017,"MITSUBISHI","OUTLANDER","OUTLANDER","4DR SPORT UTILITY","RED","REAR END","SIDE","AB","BV","YES","D",185693,"N","[PREMIUM]",7902.5,"2.4L 4","ALL WHEEL DRIVE","AUTOMATIC","GAS",4,"Run & Drive Verified","Pure Sale","[PREMIUM]",,"NISKU","AB","T9E 8L1","CAN","CAD","[PREMIUM]","[PREMIUM]","A040",false,"[PREMIUM]","ES",false,false,"[PREMIUM]",,,,,,,,"[PREMIUM]"
"45500936","2026-08-06 20:54:35.442","2026-08-13 14:30:27.418","45500936","2026-08-13 12:00:10.000","[PREMIUM]","204","AB - EDMONTON","2026-08-13","THURSDAY","1200","MDT","2504","V",2022,"TESLA","MODEL Y","MODEL Y","SPORT UTILITY VEHICLE","WHITE","FRONT END","MECHANICAL","AB","BV","YES","E",87489,"A","[PREMIUM]",34154.59,,"ALL WHEEL DRIVE","AUTOMATIC","ELECTRIC",,"DEFAULT","Pure Sale","[PREMIUM]","Undercarriage and side damage Minor dents and scratches normal wear","NISKU","AB","T9E 8L1","CAN","CAD","[PREMIUM]","[PREMIUM]","F030",false,"[PREMIUM]",,false,false,"[PREMIUM]",,,,,,,,"[PREMIUM]"
"45656266","2026-08-06 20:54:35.426","2026-08-13 14:30:27.417","45656266","2026-08-13 12:00:10.000","[PREMIUM]","204","AB - EDMONTON","2026-08-13","THURSDAY","1200","MDT","2515","V",2022,"RAM","1500","1500","PICKUP","GRAY","ROLLOVER","SIDE","AB","BV","YES","S",49721,"N","[PREMIUM]",31500,"5.7L 8","4X4 W/REAR WHEEL DRV","AUTOMATIC","GAS",8,"Vehicle Starts","Pure Sale","[PREMIUM]","Frame Undercarriage Front Rear & Top/Roof damage.","NISKU","AB","T9E 8L1","CAN","CAD","[PREMIUM]","[PREMIUM]","C050",false,"[PREMIUM]","BIG HORN",false,false,"[PREMIUM]",,,,,,,,"[PREMIUM]"
"64135726","2026-08-06 20:54:35.392","2026-08-19 21:06:10.459","64135726","2026-08-19 15:36:34.000","[PREMIUM]","203","AB - CALGARY","2026-08-25","TUESDAY","1200","MDT","0","V",2015,"BMW","X3","X3","4DR SPORT UTILITY","RED","HAIL","MECHANICAL","AB","BS","YES","E",129835,"A","[PREMIUM]",0,"2.0L 4","ALL WHEEL DRIVE","AUTOMATIC","GAS",4,"DEFAULT","On Minimum Bid","[PREMIUM]","Rear damage","ROCKY VIEW COUNTY","AB","T1X 0K2","CAN","CAD","[PREMIUM]","[PREMIUM]","D040",true,"[PREMIUM]","XDRIVE28I",false,false,"[PREMIUM]",,,,,,,,"[PREMIUM]"
"64066026","2026-08-06 20:54:35.314","2026-08-11 02:30:13.299","64066026","2026-08-10 19:24:21.000","[PREMIUM]","203","AB - CALGARY","2026-08-11","TUESDAY","1200","MDT","0","V",2006,"TOYOTA","4RUNNER","4RUNNER","4DR SPORT UTILITY","SILVER","FRONT END","SIDE","AB","BV","YES","D",325398,"E","[PREMIUM]",14675.43,"4.7L 8","ALL WHEEL DRIVE","AUTOMATIC","GAS",8,"Run & Drive Verified","Pure Sale","[PREMIUM]","Hail damage","ROCKY VIEW COUNTY","AB","T1X 0K2","CAN","CAD","[PREMIUM]","[PREMIUM]","K060",false,"[PREMIUM]","LIMITED",false,false,"[PREMIUM]",,,,,,,,"[PREMIUM]"
"63748836","2026-08-06 20:54:35.296","2026-08-20 17:42:26.982","63748836","2026-08-18 20:44:22.000","[PREMIUM]","203","AB - CALGARY","2026-08-25","TUESDAY","1200","MDT","0","V",2009,"MITSUBISHI","LANCER","LANCER","SEDAN 4DR","BLACK","REAR END","MINOR DENT/SCRATCHES","AB","BS","YES","D",257462,"A","[PREMIUM]",0,"2.0L 4","FRONT WHEEL DRIVE","AUTOMATIC","GAS",4,"Run & Drive Verified","On Minimum Bid","[PREMIUM]","Mechanical and hail damage.","ROCKY VIEW COUNTY","AB","T1X 0K2","CAN","CAD","[PREMIUM]","[PREMIUM]","L080",true,"[PREMIUM]","ES/ES SPORT",false,false,"[PREMIUM]",,,,,,,,"[PREMIUM]"
"63760116","2026-08-06 20:54:35.284","2026-08-12 08:32:21.882","63760116","2026-08-11 23:55:09.000","[PREMIUM]","292","WHOLESALE AUCTION CANADA","2026-08-12","WEDNESDAY","1300","EDT","3142","V",2019,"RAM","1500","1500 CLASSIC","PICKUP","GRAY","NORMAL WEAR","MINOR DENT/SCRATCHES","AB","BS","YES","D",196597,"A","[PREMIUM]",0,"5.7L 8","4X4 W/REAR WHEEL DRV","AUTOMATIC","GAS",8,"Run & Drive Verified","On Minimum Bid","[PREMIUM]","Mechanical damage.","ROCKY VIEW COUNTY","AB","T1X 0K2","CAN","CAD","[PREMIUM]","[PREMIUM]","H060",false,"[PREMIUM]","TRADESMAN",false,false,"[PREMIUM]",,,,,,,,"[PREMIUM]"
"70559995","2026-08-06 20:54:35.277","2026-08-11 02:30:13.431","70559995","2026-08-06 20:21:56.000","[PREMIUM]","203","AB - CALGARY","2026-08-11","TUESDAY","1200","MDT","0","V",2018,"NISSAN","ROGUE","QASHQAI",,"GRAY","SIDE","MINOR DENT/SCRATCHES","AB","BV","YES","D",169817,"N","[PREMIUM]",13847.88,"2.0L  4","ALL WHEEL DRIVE","AUTOMATIC","GAS",4,"Run & Drive Verified","Pure Sale","[PREMIUM]",,"ROCKY VIEW COUNTY","AB","T1X 0K2","CAN","CAD","[PREMIUM]","[PREMIUM]","C080",false,"[PREMIUM]",,false,false,"[PREMIUM]",,,,,,,,"[PREMIUM]"
"64031746","2026-08-06 20:54:35.268","2026-08-14 22:17:31.583","64031746","2026-08-12 15:08:58.000","[PREMIUM]","203","AB - CALGARY","2026-08-18","TUESDAY","1200","MDT","0","V",2010,"MAZDA","RX8","RX8","COUPE","GRAY","MECHANICAL","FRONT END","AB","BV","YES","D",99264,"E","[PREMIUM]",0,"1.3L R","REAR WHEEL DRIVE","AUTOMATIC","GAS",,"Run & Drive Verified","On Minimum Bid","[PREMIUM]","Rear damage","ROCKY VIEW COUNTY","AB","T1X 0K2","CAN","CAD","[PREMIUM]","[PREMIUM]","J060",true,"[PREMIUM]",,false,false,"[PREMIUM]",,,,,,,,"[PREMIUM]"
"63008596","2026-08-06 20:54:35.199","2026-08-11 02:30:13.140","63008596","2026-08-10 19:19:18.000","[PREMIUM]","203","AB - CALGARY","2026-08-11","TUESDAY","1200","MDT","0","V",2014,"NISSAN","ROGUE","ROGUE","WAGON","WHITE","FRONT END","MINOR DENT/SCRATCHES","AB","BV","YES","D",338152,"N","[PREMIUM]",7560,"2.5L 4","ALL WHEEL DRIVE","AUTOMATIC","GAS",4,"Run & Drive Verified","Pure Sale","[PREMIUM]","Rear damage","ROCKY VIEW COUNTY","AB","T1X 0K2","CAN","CAD","[PREMIUM]","[PREMIUM]","J080",false,"[PREMIUM]","S",false,false,"[PREMIUM]",,,,,,,,"[PREMIUM]"
"63197836","2026-08-06 20:54:35.197","2026-08-11 02:30:13.191","63197836","2026-08-06 20:00:15.000","[PREMIUM]","203","AB - CALGARY","2026-08-11","TUESDAY","1200","MDT","0","V",2014,"AUDI","A7","A7","HATCHBACK 4DR","BLACK","REAR END","MINOR DENT/SCRATCHES","AB","BV","YES","D",187912,"N","[PREMIUM]",11962,"3.0L 6","ALL WHEEL DRIVE","AUTOMATIC","GAS",6,"Run & Drive Verified","Pure Sale","[PREMIUM]",,"ROCKY VIEW COUNTY","AB","T1X 0K2","CAN","CAD","[PREMIUM]","[PREMIUM]","L070",false,"[PREMIUM]","PREMIUM PLUS",false,false,"[PREMIUM]",,,,,,,,"[PREMIUM]"
"62526026","2026-08-06 20:54:35.169","2026-08-11 02:30:13.058","62526026","2026-08-06 19:06:40.000","[PREMIUM]","203","AB - CALGARY","2026-08-11","TUESDAY","1200","MDT","0","V",2017,"BMW","X3","X3","SPORT UTILITY VEHICLE","BLACK","SIDE","MINOR DENT/SCRATCHES","AB","BV","YES","D",157808,"N","[PREMIUM]",11612,"2.0L 4","ALL WHEEL DRIVE","AUTOMATIC","GAS",4,"Run & Drive Verified","Pure Sale","[PREMIUM]",,"ROCKY VIEW COUNTY","AB","T1X 0K2","CAN","CAD","[PREMIUM]","[PREMIUM]","F080",false,"[PREMIUM]","XDRIVE28I",false,false,"[PREMIUM]",,,,,,,,"[PREMIUM]"
"62722916","2026-08-06 20:54:35.167","2026-08-20 17:42:26.852","62722916","2026-08-06 18:07:30.000","[PREMIUM]","292","WHOLESALE AUCTION CANADA","2026-08-26","WEDNESDAY","1300","EDT","0","V",2018,"DODGE","CARAVAN","GRAND CARAVAN","VAN PASSENGER","WHITE","NORMAL WEAR",,"AB","BS","YES","D",281491,"A","[PREMIUM]",0,"3.6L 6","FRONT WHEEL DRIVE","AUTOMATIC","FLEXIBLE",6,"Run & Drive Verified","On Minimum Bid","[PREMIUM]","PREVIOUS ONTARIO AND MANTIOBA HISTORY // PREVIOUS FLEET","ROCKY VIEW COUNTY","AB","T1X 0K2","CAN","CAD","[PREMIUM]","[PREMIUM]","L010",false,"[PREMIUM]","GT",false,false,"[PREMIUM]",,,,,,,,"[PREMIUM]"
"62506936","2026-08-06 20:54:35.129","2026-08-11 02:30:13.046","62506936","2026-08-06 18:46:06.000","[PREMIUM]","203","AB - CALGARY","2026-08-11","TUESDAY","1200","MDT","0","V",2012,"MERCEDES-BENZ","M-CLASS","ML","4DR SPORT UTILITY","BLACK","FRONT END","SIDE","AB","BV","YES","D",167466,"N","[PREMIUM]",14448,"3.5L 6","ALL WHEEL DRIVE","AUTOMATIC","GAS",6,"Run & Drive Verified","Pure Sale","[PREMIUM]",,"ROCKY VIEW COUNTY","AB","T1X 0K2","CAN","CAD","[PREMIUM]","[PREMIUM]","M080",false,"[PREMIUM]","350 4MATIC",false,false,"[PREMIUM]",,,,,,,,"[PREMIUM]"
"62144396","2026-08-06 20:54:35.092","2026-08-11 02:30:13.024","62144396","2026-08-06 19:00:44.000","[PREMIUM]","203","AB - CALGARY","2026-08-11","TUESDAY","1200","MDT","0","C",2010,"HONDA","VFR CYCLE","VFR1200","SPORT","RED","FRONT END","SIDE","AB","BV","YES","D",70543,"E","[PREMIUM]",8492,"4",,"MANUAL",,4,"Run & Drive Verified","Pure Sale","[PREMIUM]","Undercarriage damage.","ROCKY VIEW COUNTY","AB","T1X 0K2","CAN","CAD","[PREMIUM]","[PREMIUM]","SHOP1",false,"[PREMIUM]","FA",false,false,"[PREMIUM]",,,,,,,,"[PREMIUM]"
"59241476","2026-08-06 20:54:34.845","2026-08-11 02:30:12.491","59241476","2026-08-07 18:33:51.000","[PREMIUM]","203","AB - CALGARY","2026-08-11","TUESDAY","1200","MDT","0","V",2017,"HONDA","PILOT","PILOT","4DR SPORT UTILITY","BLUE","SIDE",,"AB","BV","NO","E",0,"N","[PREMIUM]",16457.57,"3.5L 6","ALL WHEEL DRIVE","AUTOMATIC","GAS",6,"DEFAULT","Pure Sale","[PREMIUM]","***Pickup/viewing is by appointment only on Monday Thursday & Friday call 604-530-8321 Ext. 4 // This vehicle is located at the affiliate yard in Surrey BC**","ROCKY VIEW COUNTY","AB","T1X 0K2","CAN","CAD","[PREMIUM]","[PREMIUM]","JACK2",false,"[PREMIUM]","EXLN",false,false,"[PREMIUM]",,,,,,,,"[PREMIUM]"
"59610706","2026-08-06 20:54:34.824","2026-08-11 02:30:12.520","59610706","2026-08-06 18:32:31.000","[PREMIUM]","203","AB - CALGARY","2026-08-11","TUESDAY","1200","MDT","0","V",2014,"NISSAN","ROGUE","ROGUE","WAGON","WHITE","FRONT END","SIDE","AB","BV","YES","D",305544,"N","[PREMIUM]",11421.44,"2.5L 4","ALL WHEEL DRIVE","AUTOMATIC","GAS",4,"Run & Drive Verified","Pure Sale","[PREMIUM]","Top hail and rear damage","ROCKY VIEW COUNTY","AB","T1X 0K2","CAN","CAD","[PREMIUM]","[PREMIUM]","K090",false,"[PREMIUM]","S",false,false,"[PREMIUM]",,,,,,,,"[PREMIUM]"
"57916806","2026-08-06 20:54:34.649","2026-08-06 20:54:34.649","57916806","2026-08-06 19:49:29.000","[PREMIUM]","203","AB - CALGARY","2026-08-11","TUESDAY","1200","MDT","0","V",2015,"LINCOLN","MKZ","MKC","4DR SPORT UTILITY","TAN","FRONT END","UNDERCARRIAGE","FL","RB","YES","E",123846,"A","[PREMIUM]",7286.26,"2.0L 4","FRONT WHEEL DRIVE","AUTOMATIC","GAS",4,"DEFAULT","Pure Sale","[PREMIUM]","LOCATED IN SASKATOON SK    ","ROCKY VIEW COUNTY","AB","T1X 0K2","CAN","CAD","[PREMIUM]","[PREMIUM]","MCDOS",false,"[PREMIUM]",,false,false,"[PREMIUM]",,,,,,,,"[PREMIUM]"
"53128506","2026-08-06 20:54:34.450","2026-08-11 02:30:12.214","53128506","2026-08-06 18:42:10.000","[PREMIUM]","203","AB - CALGARY","2026-08-11","TUESDAY","1200","MDT","0","V",2010,"VOLKSWAGEN","GOLF","GOLF","HATCHBACK 4DR","GRAY","VANDALISM","REAR END","ON","NU","NO","E",174537,"E","[PREMIUM]",6420,"2.5L 5","FRONT WHEEL DRIVE","MANUAL","GAS",5,"DEFAULT","Pure Sale","[PREMIUM]",,"ROCKY VIEW COUNTY","AB","T1X 0K2","CAN","CAD","[PREMIUM]","[PREMIUM]","K090",false,"[PREMIUM]",,false,false,"[PREMIUM]",,,,,,,,"[PREMIUM]"
"76890745","2026-08-06 20:54:34.442","2026-08-19 21:06:09.925","76890745","2026-08-19 20:13:42.000","[PREMIUM]","294","ONTARIO AUCTION","2026-08-20","THURSDAY","1000","EDT","0","V",2007,"TOYOTA","CAMRY","CAMRY",,"SILVER","FRONT END",,"ON","NU","YES","D",277726,"A","[PREMIUM]",5416.39,"2.4L  4","Front-wheel Drive","AUTOMATIC","GAS",4,"Run & Drive Verified","Pure Sale","[PREMIUM]",,"LONDON","ON","N5W 6C8","CAN","CAD","[PREMIUM]","[PREMIUM]","B030",false,"[PREMIUM]","CE",false,false,"[PREMIUM]",,,,,,,,"[PREMIUM]"
"64260356","2026-08-06 20:54:34.412","2026-08-11 20:39:36.968","64260356","2026-08-11 19:24:01.000","[PREMIUM]","294","ONTARIO AUCTION","2026-09-01","TUESDAY","1000","EDT","0","V",2023,"KIA","FORTE","FORTE","SEDAN","BLUE","FRONT END",,"ON","IR","YES","S",69812,"A","[PREMIUM]",0,"2L 4","FRONT WHEEL DRIVE",,"GAS",4,"Vehicle Starts","On Minimum Bid","[PREMIUM]","***LOCATED AT THE TUNDERBAY LOCATION***PREVIOUS DAMAGE/ MB HISTORY/ BC HISTORY/ PREVIOUS COMMERCIAL UNIT/ POSSIBLE FRAME AND OR UNDERCARRIAGE DAMAGE/ MECHANICAL DAMAGE","LONDON","ON","N5W 6C8","CAN","CAD","[PREMIUM]","[PREMIUM]","*OFF",false,"[PREMIUM]","EX",false,false,"[PREMIUM]","427 KINGSTON ST","ON","THUNDER BAY","P7E",,,,"[PREMIUM]"
"64231876","2026-08-06 20:54:34.406","2026-08-11 02:30:11.967","64231876","2026-08-06 20:08:17.000","[PREMIUM]","294","ONTARIO AUCTION","2026-08-11","TUESDAY","1000","EDT","0","V",2020,"KIA","NIRO","NIRO","SPORT UTILITY VEHICLE","WHITE","MECHANICAL","MINOR DENT/SCRATCHES","ON","NF","YES","D",295831,"A","[PREMIUM]",0,"1.6L 4","FRONT WHEEL DRIVE","AUTOMATIC","ELECTRIC AND GAS HYBRID",4,"Run & Drive Verified","On Approval","[PREMIUM]","PREVIOUS COMMERCIAL UNIT/ OUT OF PROVINCE HISTORY","LONDON","ON","N5W 6C8","CAN","CAD","[PREMIUM]","[PREMIUM]","SA003",false,"[PREMIUM]","EX",false,false,"[PREMIUM]",,,,,,,,"[PREMIUM]"
"62990676","2026-08-06 20:54:34.343","2026-08-19 15:01:59.192","62990676","2026-08-19 11:00:05.000","[PREMIUM]","292","WHOLESALE AUCTION CANADA","2026-08-19","WEDNESDAY","1300","EDT","3062","V",2017,"FORD","F150","F150","CREW PICKUP","BLUE","NORMAL WEAR",,"ON","NU","YES","D",220876,"A","[PREMIUM]",0,"3.5L 6","4X4 W/REAR WHEEL DRV","AUTOMATIC","GAS",6,"Run & Drive Verified","On Minimum Bid","[PREMIUM]","Check engine light is on","LONDON","ON","N5W 6C8","CAN","CAD","[PREMIUM]","[PREMIUM]","SB003",false,"[PREMIUM]","SUPERCREW",false,false,"[PREMIUM]",,,,,,,,"[PREMIUM]"
"63036376","2026-08-06 20:54:33.407","2026-08-19 15:01:57.496","63036376","2026-08-19 11:00:05.000","[PREMIUM]","292","WHOLESALE AUCTION CANADA","2026-08-19","WEDNESDAY","1300","EDT","3063","V",2018,"CHEVROLET","SONIC","SONIC","HATCHBACK","GRAY","MECHANICAL","MINOR DENT/SCRATCHES","ON","NU","YES","D",154193,"A","[PREMIUM]",0,"1.4L 4","FRONT WHEEL DRIVE","AUTOMATIC","GAS",4,"Run & Drive Verified","On Minimum Bid","[PREMIUM]","PREVIOUS FLEET // PREVIOUS QUEBEC HISTORY","BOWMANVILLE","ON","L1E 0L1","CAN","CAD","[PREMIUM]","[PREMIUM]","A090",false,"[PREMIUM]","PREMIER",false,false,"[PREMIUM]",,,,,,,,"[PREMIUM]"
"98222265","2026-08-06 20:54:32.419","2026-08-11 02:30:08.951","98222265","2026-08-06 18:29:08.000","[PREMIUM]","199","RI - EXETER","2026-08-11","TUESDAY","1000","EDT","0","V",2022,"BMW","X7","X7",,"BLUE","MECHANICAL","FRONT END","CT","ST","YES","E",0,"N","[PREMIUM]",36735,"3.0L  6","ALL WHEEL DRIVE","AUTOMATIC","GAS",6,"DEFAULT","On Minimum Bid","[PREMIUM]",,"EXETER","RI","02822 2000","USA","USD","[PREMIUM]","[PREMIUM]","C020",false,"[PREMIUM]","XDRIVE40I",false,false,"[PREMIUM]",,,,,,,,"[PREMIUM]"
"64144546","2026-08-06 20:54:32.326","2026-08-13 22:15:41.971","64144546","2026-08-13 17:26:50.000","[PREMIUM]","880","*NCS - EASTERN REGION","2026-08-17","MONDAY","2100","EDT","0","V",2020,"SUBARU","FORESTER","FORESTER","SPORT UTILITY VEHICLE","SILVER","REAR END",,"RI","CT","YES","D",131059,"A","[PREMIUM]",0,"2.5L 4","ALL WHEEL DRIVE","AUTOMATIC","GAS",4,"Run & Drive Verified","On Minimum Bid","[PREMIUM]",,"EXETER","RI","02822 2000","USA","USD","[PREMIUM]","[PREMIUM]","M020",true,"[PREMIUM]","PREMIUM",false,false,"[PREMIUM]",,,,,,,,"[PREMIUM]"
"64257206","2026-08-06 20:54:32.322","2026-08-19 15:01:54.919","64257206","2026-08-18 18:39:30.000","[PREMIUM]","199","RI - EXETER","2026-08-20","THURSDAY","1000","EDT","0","V",2007,"HONDA","CIVIC","CIVIC","COUPE","BROWN","SIDE",,"CT","CT","YES","D",180568,"A","[PREMIUM]",0,"1.8L 4","FRONT WHEEL DRIVE","AUTOMATIC","GAS",4,"Run & Drive Verified","On Minimum Bid","[PREMIUM]",,"EXETER","RI","02822 2000","USA","USD","[PREMIUM]","[PREMIUM]","I090",true,"[PREMIUM]","LX",false,false,"[PREMIUM]",,,,,,,,"[PREMIUM]"
"63730466","2026-08-06 20:54:32.320","2026-08-11 02:30:08.802","63730466","2026-08-06 20:08:35.000","[PREMIUM]","199","RI - EXETER","2026-08-11","TUESDAY","1000","EDT","0","V",2021,"NISSAN","ALTIMA","ALTIMA","SEDAN","SILVER","SIDE","MECHANICAL","CT","ST","YES","D",47202,"A","[PREMIUM]",17368.42,"2.5L 4","FRONT WHEEL DRIVE","AUTOMATIC","GAS",4,"Run & Drive Verified","Pure Sale","[PREMIUM]",,"EXETER","RI","02822 2000","USA","USD","[PREMIUM]","[PREMIUM]","O040",false,"[PREMIUM]","SL",false,false,"[PREMIUM]",,,,,,,,"[PREMIUM]"
"64232536","2026-08-06 20:54:32.303","2026-08-11 02:30:08.820","64232536","2026-08-07 20:18:40.000","[PREMIUM]","199","RI - EXETER","2026-08-11","TUESDAY","1000","EDT","0","V",2016,"BMW","X1","X1","4DR SPORT UTILITY","GRAY","FRONT END",,"RI","CT","YES","D",85083,"N","[PREMIUM]",0,"2.0L 4","ALL WHEEL DRIVE","AUTOMATIC","GAS",4,"Run & Drive Verified","Pure Sale","[PREMIUM]",,"EXETER","RI","02822 2000","USA","USD","[PREMIUM]","[PREMIUM]","DZ010",false,"[PREMIUM]","XDRIVE28I",false,false,"[PREMIUM]",,,,,,,,"[PREMIUM]"
"63668076","2026-08-06 20:54:32.281","2026-08-20 17:42:22.374","63668076","2026-08-06 18:17:24.000","[PREMIUM]","199","RI - EXETER",,,,"EDT","0","V",2012,"JEEP","PATRIOT","PATRIOT","4DR SPORT UTILITY","RED","SIDE","MINOR DENT/SCRATCHES","RI","SC","YES","D",89363,"A","[PREMIUM]",5779.85,"2.0L 4","FRONT WHEEL DRIVE","AUTOMATIC","GAS",4,"Run & Drive Verified","Pure Sale","[PREMIUM]",,"EXETER","RI","02822 2000","USA","USD","[PREMIUM]","[PREMIUM]","I090",false,"[PREMIUM]","SPORT",false,false,"[PREMIUM]",,,,,,,,"[PREMIUM]"
"63291666","2026-08-06 20:54:32.272","2026-08-20 17:42:22.281","63291666","2026-08-06 18:17:24.000","[PREMIUM]","199","RI - EXETER",,,,"EDT","0","V",2013,"TOYOTA","TACOMA","TACOMA","PICKUP","GREEN","FRONT END",,"RI","SC","YES","D",188835,"A","[PREMIUM]",14387.33,"4.0L 6","FOUR BY FOUR","AUTOMATIC","GAS",6,"Run & Drive Verified","Pure Sale","[PREMIUM]",,"EXETER","RI","02822 2000","USA","USD","[PREMIUM]","[PREMIUM]","I050",false,"[PREMIUM]","V6",false,false,"[PREMIUM]",,,,,,,,"[PREMIUM]"
"62825356","2026-08-06 20:54:32.244","2026-08-20 05:41:44.402","62825356","2026-08-20 02:45:37.000","[PREMIUM]","199","RI - EXETER","2026-08-20","THURSDAY","1000","EDT","0","V",2023,"POLESTAR","2","2","HATCHBACK","SILVER","FRONT END",,"VA","ST","YES","E",0,"N","[PREMIUM]",24546.4,,"FRONT WHEEL DRIVE","AUTOMATIC","ELECTRIC",,"DEFAULT","On Minimum Bid","[PREMIUM]",,"EXETER","RI","02822 2000","USA","USD","[PREMIUM]","[PREMIUM]","B050",false,"[PREMIUM]",,true,false,"[PREMIUM]",,,,,,,,"[PREMIUM]"
"63016766","2026-08-06 20:54:32.234","2026-08-20 17:42:22.232","63016766","2026-08-07 16:22:40.000","[PREMIUM]","199","RI - EXETER",,,,"EDT","0","V",2013,"HONDA","ACCORD","ACCORD","SEDAN 4DR","BLUE","FRONT END",,"RI","SC","YES","S",119036,"A","[PREMIUM]",0,"2.4L 4","FRONT WHEEL DRIVE","AUTOMATIC","GAS",4,"Vehicle Starts","Pure Sale","[PREMIUM]",,"EXETER","RI","02822 2000","USA","USD","[PREMIUM]","[PREMIUM]","I050",false,"[PREMIUM]","EXL",false,false,"[PREMIUM]",,,,,,,,"[PREMIUM]"
"63029166","2026-08-06 20:54:32.225","2026-08-20 17:42:22.241","63029166","2026-08-19 20:33:10.000","[PREMIUM]","199","RI - EXETER","2026-08-25","TUESDAY","1000","EDT","0","V",2008,"HONDA","CIVIC","CIVIC","SEDAN 4DR","BLUE","SIDE",,"RI","SC","YES","D",257363,"A","[PREMIUM]",4614.15,"1.8L 4","FRONT WHEEL DRIVE","AUTOMATIC","GAS",4,"Run & Drive Verified","Pure Sale","[PREMIUM]",,"EXETER","RI","02822 2000","USA","USD","[PREMIUM]","[PREMIUM]","C010",false,"[PREMIUM]","LX",false,false,"[PREMIUM]",,,,,,,,"[PREMIUM]"
"62359446","2026-08-06 20:54:32.151","2026-08-20 17:42:21.963","62359446","2026-08-06 18:17:24.000","[PREMIUM]","199","RI - EXETER",,,,"EDT","0","V",2019,"HONDA","CIVIC","CIVIC","SEDAN","BLACK","REAR END",,"RI","SC","YES","D",85552,"A","[PREMIUM]",14466,"1.5L 4","FRONT WHEEL DRIVE","AUTOMATIC","GAS",4,"Run & Drive Verified","Pure Sale","[PREMIUM]",,"EXETER","RI","02822 2000","USA","USD","[PREMIUM]","[PREMIUM]","H010",false,"[PREMIUM]","EX",false,false,"[PREMIUM]",,,,,,,,"[PREMIUM]"
"61316236","2026-08-06 20:54:31.933","2026-08-11 02:30:08.300","61316236","2026-08-06 18:21:33.000","[PREMIUM]","199","RI - EXETER","2026-08-11","TUESDAY","1000","EDT","0","V",2008,"HYUNDAI","TIBURON","TIBURON","COUPE","SILVER","REAR END",,"RI","SC","YES","D",97655,"X","[PREMIUM]",4605.06,"2.7L 6","FRONT WHEEL DRIVE","AUTOMATIC","GAS",6,"Run & Drive Verified","Pure Sale","[PREMIUM]",,"EXETER","RI","02822 2000","USA","USD","[PREMIUM]","[PREMIUM]","F030",false,"[PREMIUM]","GT",false,false,"[PREMIUM]",,,,,,,,"[PREMIUM]"
"60931316","2026-08-06 20:54:31.821","2026-08-11 02:30:08.221","60931316","2026-08-06 18:21:33.000","[PREMIUM]","199","RI - EXETER","2026-08-11","TUESDAY","1000","EDT","0","V",2007,"INFINITI","M35","M35","SEDAN","BROWN","SIDE","FRONT END","RI","SC","YES","D",142510,"A","[PREMIUM]",6543.74,"3.5L 6","ALL WHEEL DRIVE","AUTOMATIC","GAS",6,"Run & Drive Verified","Pure Sale","[PREMIUM]",,"EXETER","RI","02822 2000","USA","USD","[PREMIUM]","[PREMIUM]","N020",false,"[PREMIUM]","X",false,false,"[PREMIUM]",,,,,,,,"[PREMIUM]"
"60527336","2026-08-06 20:54:31.742","2026-08-20 17:42:21.517","60527336","2026-08-06 18:17:24.000","[PREMIUM]","841","CRASHEDTOYS POWERSPORT AUCTION",,,,"CDT","0","C",2007,"HARLEY-DAVIDSON","FL","FLHTCUI","ROAD","BURGUNDY","FRONT END","SIDE","RI","SC","YES","D",72999,"A","[PREMIUM]",10380.08,"2",,"MANUAL",,2,"Run & Drive Verified","Pure Sale","[PREMIUM]",,"EXETER","RI","02822 2000","USA","USD","[PREMIUM]","[PREMIUM]","I060",false,"[PREMIUM]",,false,false,"[PREMIUM]",,,,,,,,"[PREMIUM]"
"59615196","2026-08-06 20:54:31.633","2026-08-20 17:42:21.389","59615196","2026-08-06 18:17:24.000","[PREMIUM]","199","RI - EXETER",,,,"EDT","0","V",2018,"HYUNDAI","ELANTRA","ELANTRA","SEDAN","BLACK","FRONT END","REAR END","RI","SC","YES","D",69984,"A","[PREMIUM]",10188,"2.0L 4","FRONT WHEEL DRIVE","AUTOMATIC","GAS",4,"Run & Drive Verified","On Minimum Bid","[PREMIUM]",,"EXETER","RI","02822 2000","USA","USD","[PREMIUM]","[PREMIUM]","N010",false,"[PREMIUM]","SE",false,false,"[PREMIUM]",,,,,,,,"[PREMIUM]"
"59553326","2026-08-06 20:54:31.625","2026-08-11 02:30:07.961","59553326","2026-08-06 19:03:12.000","[PREMIUM]","199","RI - EXETER","2026-08-11","TUESDAY","1000","EDT","0","V",2017,"FORD","FOCUS","FOCUS","HATCHBACK","GRAY","ALL OVER","ROLLOVER","CT","ST","YES",,0,"N","[PREMIUM]",26281.21,"2.0L 4","FRONT WHEEL DRIVE","MANUAL","GAS",4,,"Pure Sale","[PREMIUM]",,"EXETER","RI","02822 2000","USA","USD","[PREMIUM]","[PREMIUM]","EE010",false,"[PREMIUM]","ST",false,false,"[PREMIUM]",,,,,,,,"[PREMIUM]"
"59589806","2026-08-06 20:54:31.624","2026-08-20 17:42:21.377","59589806","2026-08-06 18:17:24.000","[PREMIUM]","199","RI - EXETER",,,,"EDT","0","V",2025,"HYUNDAI","TUCSON","TUCSON","SPORT UTILITY VEHICLE","SILVER","FRONT END","UNDERCARRIAGE","RI","SC","YES","D",0,"N","[PREMIUM]",31057,"1.6L 4","ALL WHEEL DRIVE","AUTOMATIC","ELECTRIC AND GAS HYBRID",4,"Run & Drive Verified","Pure Sale","[PREMIUM]",,"EXETER","RI","02822 2000","USA","USD","[PREMIUM]","[PREMIUM]","D040",false,"[PREMIUM]","SEL CONVENIENCE",false,false,"[PREMIUM]",,,,,,,,"[PREMIUM]"
"59104616","2026-08-06 20:54:31.542","2026-08-11 02:30:07.891","59104616","2026-08-06 15:57:38.000","[PREMIUM]","199","RI - EXETER","2026-08-11","TUESDAY","1000","EDT","0","V",2023,"HYUNDAI","ELANTRA","ELANTRA","SEDAN","WHITE","FRONT END",,"CT","ST","YES","S",28525,"A","[PREMIUM]",22687.24,"1.6L 4","FRONT WHEEL DRIVE","AUTOMATIC","ELECTRIC AND GAS HYBRID",4,"Vehicle Starts","Pure Sale","[PREMIUM]",,"EXETER","RI","02822 2000","USA","USD","[PREMIUM]","[PREMIUM]","F040",false,"[PREMIUM]","BLUE",false,false,"[PREMIUM]",,,,,,,,"[PREMIUM]"
"59031946","2026-08-06 20:54:31.540","2026-08-11 02:30:07.864","59031946","2026-08-06 19:21:09.000","[PREMIUM]","199","RI - EXETER","2026-08-11","TUESDAY","1000","EDT","0","V",2012,"HONDA","ACCORD","ACCORD","SEDAN 4DR","GRAY","SIDE","FRONT END","CT","ST","YES","D",148932,"A","[PREMIUM]",14870.3,"2.4L 4","FRONT WHEEL DRIVE","AUTOMATIC","GAS",4,"Run & Drive Verified","Pure Sale","[PREMIUM]",,"EXETER","RI","02822 2000","USA","USD","[PREMIUM]","[PREMIUM]","E050",false,"[PREMIUM]","EX",false,false,"[PREMIUM]",,,,,,,,"[PREMIUM]"
"58444576","2026-08-06 20:54:31.459","2026-08-20 17:42:21.239","58444576","2026-08-06 18:17:24.000","[PREMIUM]","199","RI - EXETER",,,,"EDT","0","V",2017,"TOYOTA","CAMRY","CAMRY","SEDAN","RED","REAR END",,"RI","SC","YES","D",87704,"A","[PREMIUM]",12659,"2.5L 4","FRONT WHEEL DRIVE","AUTOMATIC","GAS",4,"Run & Drive Verified","Pure Sale","[PREMIUM]",,"EXETER","RI","02822 2000","USA","USD","[PREMIUM]","[PREMIUM]","H030",false,"[PREMIUM]","LE",false,false,"[PREMIUM]",,,,,,,,"[PREMIUM]"
"58436566","2026-08-06 20:54:31.407","2026-08-11 02:30:07.768","58436566","2026-08-06 18:21:33.000","[PREMIUM]","199","RI - EXETER","2026-08-11","TUESDAY","1000","EDT","0","V",2018,"AUDI","Q5","Q5","SPORT UTILITY VEHICLE","BLUE","FRONT END","UNDERCARRIAGE","RI","SC","YES","D",114758,"A","[PREMIUM]",9639.44,"2.0L 4","ALL WHEEL DRIVE","AUTOMATIC","GAS",4,"Run & Drive Verified","Pure Sale","[PREMIUM]",,"EXETER","RI","02822 2000","USA","USD","[PREMIUM]","[PREMIUM]","II030",false,"[PREMIUM]","PREMIUM PLUS",false,false,"[PREMIUM]",,,,,,,,"[PREMIUM]"
"57851106","2026-08-06 20:54:31.355","2026-08-19 21:06:04.794","57851106","2026-08-18 17:59:16.000","[PREMIUM]","832","MEDIUM DUTY CLEAN TITLE SALE","2026-08-24","MONDAY","1100","CDT","0","K",2010,"FORD","F250","F250","PICKUP","WHITE","SIDE",,"RI","CT","YES","D",88757,"A","[PREMIUM]",0,"5.4L 8","REAR WHEEL DRIVE","AUTOMATIC","GAS",8,"Run & Drive Verified","On Minimum Bid","[PREMIUM]",,"EXETER","RI","02822 2000","USA","USD","[PREMIUM]","[PREMIUM]","HVY10",false,"[PREMIUM]","SUPER DUTY",false,false,"[PREMIUM]",,,,,,,,"[PREMIUM]"
"57757096","2026-08-06 20:54:31.343","2026-08-18 09:02:01.218","57757096","2026-08-18 08:00:02.000","[PREMIUM]","199","RI - EXETER","2026-08-18","TUESDAY","1000","EDT","2","V",2023,"CADILLAC","CT4","CT4-V","SEDAN","WHITE","FRONT END","SIDE","ID","SC","YES","D",33086,"A","[PREMIUM]",8243,"2.7L 4","ALL WHEEL DRIVE","AUTOMATIC","GAS",4,"Run & Drive Verified","Pure Sale","[PREMIUM]",,"EXETER","RI","02822 2000","USA","USD","[PREMIUM]","[PREMIUM]","L010",false,"[PREMIUM]",,false,false,"[PREMIUM]",,,,,,,,"[PREMIUM]"
"57575196","2026-08-06 20:54:31.298","2026-08-11 02:30:07.657","57575196","2026-08-06 15:35:51.000","[PREMIUM]","199","RI - EXETER","2026-08-11","TUESDAY","1000","EDT","0","V",2017,"FORD","FUSION","FUSION","SEDAN 4DR","GRAY","FRONT END","SIDE","CT","ST","YES","D",89892,"A","[PREMIUM]",10736.79,"1.5L 4","FRONT WHEEL DRIVE","AUTOMATIC","GAS",4,"Run & Drive Verified","Pure Sale","[PREMIUM]",,"EXETER","RI","02822 2000","USA","USD","[PREMIUM]","[PREMIUM]","M030",false,"[PREMIUM]","SE",false,false,"[PREMIUM]",,,,,,,,"[PREMIUM]"
"57328186","2026-08-06 20:54:31.249","2026-08-20 17:42:21.091","57328186","2026-08-19 18:52:19.000","[PREMIUM]","199","RI - EXETER","2026-08-25","TUESDAY","1000","EDT","0","V",2008,"SATURN","VUE","VUE","4DR SPORT UTILITY","RED","FRONT END",,"RI","SC","YES","D",89886,"E","[PREMIUM]",4698.88,"3.5L 6","ALL WHEEL DRIVE","AUTOMATIC","GAS",6,"Run & Drive Verified","Pure Sale","[PREMIUM]",,"EXETER","RI","02822 2000","USA","USD","[PREMIUM]","[PREMIUM]","E020",false,"[PREMIUM]","XE",false,false,"[PREMIUM]",,,,,,,,"[PREMIUM]"
"56737196","2026-08-06 20:54:31.228","2026-08-20 17:42:21.011","56737196","2026-08-06 18:17:24.000","[PREMIUM]","199","RI - EXETER",,,,"EDT","0","V",2011,"MERCEDES-BENZ","C-CLASS","C","SEDAN 4DR","BLACK","SIDE","FRONT END","RI","SC","YES","D",102591,"A","[PREMIUM]",9331.58,"3.0L 6","ALL WHEEL DRIVE","AUTOMATIC","GAS",6,"Run & Drive Verified","Pure Sale","[PREMIUM]",,"EXETER","RI","02822 2000","USA","USD","[PREMIUM]","[PREMIUM]","HH010",false,"[PREMIUM]","300 4MATIC",false,false,"[PREMIUM]",,,,,,,,"[PREMIUM]"
"56287426","2026-08-06 20:54:31.177","2026-08-11 02:30:07.494","56287426","2026-08-06 20:13:58.000","[PREMIUM]","199","RI - EXETER","2026-08-11","TUESDAY","1000","EDT","0","V",2020,"FORD","F150","F150","PICKUP","BLACK","FRONT END",,"CT","ST","YES","D",159495,"A","[PREMIUM]",15421,"3.5L 6","4X4 W/REAR WHEEL DRV","AUTOMATIC","GAS",6,"Run & Drive Verified","On Minimum Bid","[PREMIUM]",,"EXETER","RI","02822 2000","USA","USD","[PREMIUM]","[PREMIUM]","I030",false,"[PREMIUM]","SUPERCREW",false,false,"[PREMIUM]",,,,,,,,"[PREMIUM]"
"56622916","2026-08-06 20:54:31.175","2026-08-20 17:42:21.028","56622916","2026-08-19 18:31:00.000","[PREMIUM]","199","RI - EXETER","2026-08-25","TUESDAY","1000","EDT","0","V",2018,"GMC","SIERRA","SIERRA","PICKUP","BLACK","REAR END",,"RI","SC","YES","D",128087,"A","[PREMIUM]",12422.7,"5.3L 8","4X4 W/REAR WHEEL DRV","AUTOMATIC","GAS",8,"Run & Drive Verified","Pure Sale","[PREMIUM]",,"EXETER","RI","02822 2000","USA","USD","[PREMIUM]","[PREMIUM]","I010",false,"[PREMIUM]","K1500 SLT",false,false,"[PREMIUM]",,,,,,,,"[PREMIUM]"
"52923256","2026-08-06 20:54:31.046","2026-08-20 17:42:20.874","52923256","2026-08-20 11:16:47.000","[PREMIUM]","199","RI - EXETER","2026-08-25","TUESDAY","1000","EDT","0","V",2013,"TOYOTA","CAMRY","CAMRY","SEDAN","BLACK","FRONT END",,"RI","SC","YES","S",181467,"A","[PREMIUM]",12193.44,"2.5L 4","FRONT WHEEL DRIVE","AUTOMATIC","GAS",4,"Vehicle Starts","On Minimum Bid","[PREMIUM]",,"EXETER","RI","02822 2000","USA","USD","[PREMIUM]","[PREMIUM]","I050",false,"[PREMIUM]","SE",false,false,"[PREMIUM]",,,,,,,,"[PREMIUM]"
"51480746","2026-08-06 20:54:30.957","2026-08-20 17:42:20.863","51480746","2026-08-06 18:17:24.000","[PREMIUM]","199","RI - EXETER",,,,"EDT","0","V",2007,"VOLKSWAGEN","JETTA","JETTA","SEDAN 4DR","BLACK","FRONT END","SIDE","RI","SC","NO","E",0,"E","[PREMIUM]",7974,"2.5L 5","FRONT WHEEL DRIVE","AUTOMATIC","GAS",5,"DEFAULT","Pure Sale","[PREMIUM]",,"EXETER","RI","02822 2000","USA","USD","[PREMIUM]","[PREMIUM]","C050",false,"[PREMIUM]",,false,false,"[PREMIUM]",,,,,,,,"[PREMIUM]"
"49575366","2026-08-06 20:54:30.953","2026-08-19 21:06:04.349","49575366","2026-08-19 17:46:05.000","[PREMIUM]","199","RI - EXETER","2026-08-20","THURSDAY","1000","EDT","0","V",2010,"HYUNDAI","SANTA FE","SANTA FE","4DR SPORT UTILITY","BLUE","FRONT END","REAR END","RI","CT","YES","D",300500,"A","[PREMIUM]",0,"2.4L 4","ALL WHEEL DRIVE","AUTOMATIC","GAS",4,"Run & Drive Verified","On Minimum Bid","[PREMIUM]",,"EXETER","RI","02822 2000","USA","USD","[PREMIUM]","[PREMIUM]","K040",false,"[PREMIUM]","GLS",false,false,"[PREMIUM]",,,,,,,,"[PREMIUM]"
"46853166","2026-08-06 20:54:30.920","2026-08-20 17:42:20.818","46853166","2026-08-06 18:17:24.000","[PREMIUM]","199","RI - EXETER",,,,"EDT","0","V",2003,"TOYOTA","MATRIX","MATRIX","WAGON","WHITE","FRONT END","SIDE","RI","SC","YES","D",189588,"A","[PREMIUM]",0,"1.8L 4","FRONT WHEEL DRIVE","AUTOMATIC","GAS",4,"Run & Drive Verified","Pure Sale","[PREMIUM]",,"EXETER","RI","02822 2000","USA","USD","[PREMIUM]","[PREMIUM]","L010",false,"[PREMIUM]","XR",false,false,"[PREMIUM]",,,,,,,,"[PREMIUM]"
"48204306","2026-08-06 20:54:30.901","2026-08-19 21:06:04.375","48204306","2026-08-19 17:46:05.000","[PREMIUM]","199","RI - EXETER","2026-08-20","THURSDAY","1000","EDT","0","V",2011,"KIA","SPORTAGE","SPORTAGE","SUV","CHARCOAL","FRONT END",,"RI","CT","YES","D",177244,"A","[PREMIUM]",0,"2.4L 4","ALL WHEEL DRIVE","AUTOMATIC","GAS",4,"Run & Drive Verified","On Minimum Bid","[PREMIUM]",,"EXETER","RI","02822 2000","USA","USD","[PREMIUM]","[PREMIUM]","D030",false,"[PREMIUM]",,false,false,"[PREMIUM]",,,,,,,,"[PREMIUM]"
"41709886","2026-08-06 20:54:30.805","2026-08-20 17:42:20.760","41709886","2026-08-06 18:17:24.000","[PREMIUM]","199","RI - EXETER",,,,"EDT","0","V",2016,"HONDA","ACCORD","ACCORD","SEDAN 4DR","GRAY","SIDE",,"RI","SC","YES","D",149388,"A","[PREMIUM]",9810.32,"2.4L 4","FRONT WHEEL DRIVE","AUTOMATIC","GAS",4,"Run & Drive Verified","Pure Sale","[PREMIUM]",,"EXETER","RI","02822 2000","USA","USD","[PREMIUM]","[PREMIUM]","L040",false,"[PREMIUM]","EXL",false,false,"[PREMIUM]",,,,,,,,"[PREMIUM]"
"79701505","2026-08-06 20:54:30.749","2026-08-20 17:42:20.617","79701505","2026-08-06 17:59:29.000","[PREMIUM]","835","MEDIUM DUTY SPECIALTY SALE",,,,"CDT","0","K",2015,"GMC","SIERRA UN","SIERRA","CREW PICKUP","WHITE","FRONT END",,"SC","ST","YES","E",0,"N","[PREMIUM]",19812.07,"6.6L 8","4X4 W/REAR WHEEL DRV","AUTOMATIC","DIESEL",8,"DEFAULT","Pure Sale","[PREMIUM]",,"HARLEYVILLE","SC","29448 4205","USA","USD","[PREMIUM]","[PREMIUM]","HVY",false,"[PREMIUM]","UNKNOWN",false,false,"[PREMIUM]",,,,,,,,"[PREMIUM]"
"73343965","2026-08-06 20:54:30.565","2026-08-09 20:55:18.201","73343965","2026-08-09 17:36:34.000","[PREMIUM]","838","RENTAL VEHICLE SALE","2026-08-10","MONDAY","1200","EDT","0","V",2026,"CHEVROLET","TRAILBLAZE","TRAILBLAZER","SPORT UTILITY VEHICLE","WHITE","FRONT END",,"FL","CT","YES","D",10669,"A","[PREMIUM]",5720,"1.3L 3","FRONT WHEEL DRIVE","AUTOMATIC","GAS",3,"Run & Drive Verified","On Minimum Bid","[PREMIUM]",,"HARLEYVILLE","SC","29448 4205","USA","USD","[PREMIUM]","[PREMIUM]","A0010",false,"[PREMIUM]","LT",false,false,"[PREMIUM]",,,,,,,,"[PREMIUM]"
"63829956","2026-08-06 20:54:30.552","2026-08-20 17:42:19.764","63829956","2026-08-07 19:55:43.000","[PREMIUM]","197","SC - NORTH CHARLESTON",,,,"EDT","0","V",1996,"CHEVROLET","TAHOE","TAHOE","2DR SPORT UTILITY","GREEN","SIDE","REAR END","SC","ST","YES","E",242373,"X","[PREMIUM]",6542.38,"5.7L 8","REAR WHEEL DRIVE","AUTOMATIC","GAS",8,"DEFAULT","Pure Sale","[PREMIUM]",,"HARLEYVILLE","SC","29448 4205","USA","USD","[PREMIUM]","[PREMIUM]","D0060",false,"[PREMIUM]","C1500",false,false,"[PREMIUM]",,,,,,,,"[PREMIUM]"
"65978595","2026-08-06 20:54:30.537","2026-08-09 20:55:18.208","65978595","2026-08-07 12:03:01.000","[PREMIUM]","197","SC - NORTH CHARLESTON","2026-08-10","MONDAY","1000","EDT","2043","V",2020,"CHEVROLET","ALL Models","SILVERADO",,"BURN","BURN","MECHANICAL","SC","NB","EXM","E",0,"N","[PREMIUM]",16858,"5.3L  8","Rear-wheel drive",,"GAS",8,"DEFAULT","Pure Sale","[PREMIUM]",,"HARLEYVILLE","SC","29448 4205","USA","USD","[PREMIUM]","[PREMIUM]","U0140",false,"[PREMIUM]","C1500",false,false,"[PREMIUM]",,,,,,,,"[PREMIUM]"
"63969316","2026-08-06 20:54:30.532","2026-08-19 15:01:51.910","63969316","2026-08-18 13:38:52.000","[PREMIUM]","197","SC - NORTH CHARLESTON","2026-08-19","WEDNESDAY","1000","EDT","60","V",2018,"LAND ROVER","DISCOVERY","DISCOVERY","SPORT UTILITY VEHICLE","WHITE","MINOR DENT/SCRATCHES",,"SC","RS","YES","D",78708,"A","[PREMIUM]",0,"3.0L 6","ALL WHEEL DRIVE","AUTOMATIC","GAS",6,"Run & Drive Verified","On Minimum Bid","[PREMIUM]",,"HARLEYVILLE","SC","29448 4205","USA","USD","[PREMIUM]","[PREMIUM]","C0070",false,"[PREMIUM]","HSE",false,false,"[PREMIUM]",,,,,,,,"[PREMIUM]"
"63567226","2026-08-06 20:54:30.521","2026-08-20 17:42:19.605","63567226","2026-08-06 15:20:17.000","[PREMIUM]","197","SC - NORTH CHARLESTON",,,,"EDT","0","V",2016,"MAZDA","3","3","SEDAN 4DR","GRAY","FRONT END",,"SC","ST","YES","S",101599,"A","[PREMIUM]",10179,"2.0L 4","FRONT WHEEL DRIVE","AUTOMATIC","GAS",4,"Vehicle Starts","Pure Sale","[PREMIUM]",,"HARLEYVILLE","SC","29448 4205","USA","USD","[PREMIUM]","[PREMIUM]","V0140",false,"[PREMIUM]","SPORT",false,false,"[PREMIUM]",,,,,,,,"[PREMIUM]"
"63671436","2026-08-06 20:54:30.513","2026-08-20 17:42:19.653","63671436","2026-08-17 17:55:44.000","[PREMIUM]","197","SC - NORTH CHARLESTON","2026-08-24","MONDAY","1000","EDT","0","V",2015,"NISSAN","ROGUE","ROGUE","WAGON","GREEN","SIDE",,"SC","ST","YES","D",185228,"A","[PREMIUM]",11858.76,"2.5L 4","FRONT WHEEL DRIVE","AUTOMATIC","GAS",4,"Run & Drive Verified","Pure Sale","[PREMIUM]",,"HARLEYVILLE","SC","29448 4205","USA","USD","[PREMIUM]","[PREMIUM]","F0050",false,"[PREMIUM]","S",false,false,"[PREMIUM]",,,,,,,,"[PREMIUM]"
"63314256","2026-08-06 20:54:30.501","2026-08-20 17:42:19.497","63314256","2026-08-06 15:20:16.000","[PREMIUM]","197","SC - NORTH CHARLESTON",,,,"EDT","0","V",2013,"HONDA","CRV","CR-V","4DR SPORT UTILITY","MAROON","SIDE",,"SC","ST","YES","D",198587,"A","[PREMIUM]",8771.62,"2.4L 4","FRONT WHEEL DRIVE","AUTOMATIC","GAS",4,"Run & Drive Verified","Pure Sale","[PREMIUM]",,"HARLEYVILLE","SC","29448 4205","USA","USD","[PREMIUM]","[PREMIUM]","E0010",false,"[PREMIUM]","EXL",false,false,"[PREMIUM]",,,,,,,,"[PREMIUM]"
"63489416","2026-08-06 20:54:30.499","2026-08-20 17:42:19.565","63489416","2026-08-06 15:20:16.000","[PREMIUM]","197","SC - NORTH CHARLESTON",,,,"EDT","0","V",2019,"TOYOTA","All Models","TUNDRA","PICKUP","BLACK","FRONT END",,"SC","ST","YES","D",48825,"N","[PREMIUM]",32767.17,"5.7L 8","4X4 W/REAR WHEEL DRV","AUTOMATIC","GAS",8,"Run & Drive Verified","Pure Sale","[PREMIUM]",,"HARLEYVILLE","SC","29448 4205","USA","USD","[PREMIUM]","[PREMIUM]","Z0110",false,"[PREMIUM]","CREWMAX LIMITED",false,false,"[PREMIUM]",,,,,,,,"[PREMIUM]"
"63761456","2026-08-06 20:54:30.498","2026-08-20 17:42:19.723","63761456","2026-08-06 20:19:46.000","[PREMIUM]","197","SC - NORTH CHARLESTON",,,,"EDT","0","V",2005,"CHRYSLER","MINIVAN","TOWN & COUNTRY","EXTENDED SPORT VAN","WHITE","BURN - ENGINE",,"SC","FR","YES",,0,"E","[PREMIUM]",3606.15,"3.8L 6","FRONT WHEEL DRIVE","AUTOMATIC","GAS",6,,"Pure Sale","[PREMIUM]",,"HARLEYVILLE","SC","29448 4205","USA","USD","[PREMIUM]","[PREMIUM]","B0040",false,"[PREMIUM]","TOURING",false,false,"[PREMIUM]",,,,,,,,"[PREMIUM]"
"63543626","2026-08-06 20:54:30.497","2026-08-20 17:42:19.627","63543626","2026-08-06 17:59:29.000","[PREMIUM]","197","SC - NORTH CHARLESTON",,,,"EDT","0","V",2015,"HONDA","ACCORD","ACCORD","SEDAN 4DR","MAROON","FRONT END",,"SC","ST","YES","D",135064,"A","[PREMIUM]",6465.67,"2.4L 4","FRONT WHEEL DRIVE","AUTOMATIC","GAS",4,"Run & Drive Verified","Pure Sale","[PREMIUM]",,"HARLEYVILLE","SC","29448 4205","USA","USD","[PREMIUM]","[PREMIUM]","G0090",false,"[PREMIUM]","SPORT",false,false,"[PREMIUM]",,,,,,,,"[PREMIUM]"
"63540316","2026-08-06 20:54:30.479","2026-08-20 17:42:19.624","63540316","2026-08-06 16:37:14.000","[PREMIUM]","197","SC - NORTH CHARLESTON",,,,"EDT","0","V",2021,"NISSAN","TITAN","TITAN","PICKUP","WHITE","REAR END",,"SC","ST","YES","D",88199,"A","[PREMIUM]",18218,"5.6L 8","4X2","AUTOMATIC","GAS",8,"Run & Drive Verified","Pure Sale","[PREMIUM]",,"HARLEYVILLE","SC","29448 4205","USA","USD","[PREMIUM]","[PREMIUM]","R0130",false,"[PREMIUM]","SV",false,false,"[PREMIUM]",,,,,,,,"[PREMIUM]"
"63019356","2026-08-06 20:54:30.469","2026-08-14 16:16:23.474","63019356","2026-08-14 12:36:01.000","[PREMIUM]","197","SC - NORTH CHARLESTON","2026-08-17","MONDAY","1000","EDT","1","V",2023,"FORD","EXPLORER","EXPLORER","SPORT UTILITY VEHICLE","BLACK","FRONT END","TOP/ROOF","GA","ST","YES","D",48535,"A","[PREMIUM]",0,"3.0L 6","4X4 W/REAR WHEEL DRV","AUTOMATIC","GAS",6,"Run & Drive Verified","On Minimum Bid","[PREMIUM]",,"HARLEYVILLE","SC","29448 4205","USA","USD","[PREMIUM]","[PREMIUM]","U0110",true,"[PREMIUM]","POLICE INTERCEPTOR",false,false,"[PREMIUM]",,,,,,,,"[PREMIUM]"
"63190916","2026-08-06 20:54:30.456","2026-08-20 17:42:19.466","63190916","2026-08-06 16:37:14.000","[PREMIUM]","197","SC - NORTH CHARLESTON",,,,"EDT","0","V",2014,"NISSAN","ALTIMA","ALTIMA","SEDAN","SILVER","FRONT END","SIDE","SC","ST","YES","E",193112,"A","[PREMIUM]",4311.42,"2.5L 4","FRONT WHEEL DRIVE","AUTOMATIC","GAS",4,"DEFAULT","Pure Sale","[PREMIUM]",,"HARLEYVILLE","SC","29448 4205","USA","USD","[PREMIUM]","[PREMIUM]","C0010",false,"[PREMIUM]","2.5 S",false,false,"[PREMIUM]",,,,,,,,"[PREMIUM]"
"62682516","2026-08-06 20:54:30.388","2026-08-20 17:42:19.080","62682516","2026-08-06 15:20:17.000","[PREMIUM]","197","SC - NORTH CHARLESTON",,,,"EDT","0","V",2015,"NISSAN","PATHFINDER","PATHFINDER","SUV","GRAY","FRONT END",,"SC","ST","YES","D",96917,"A","[PREMIUM]",9101,"3.5L 6","FRONT WHEEL DRIVE","AUTOMATIC","GAS",6,"Run & Drive Verified","Pure Sale","[PREMIUM]",,"HARLEYVILLE","SC","29448 4205","USA","USD","[PREMIUM]","[PREMIUM]","N0120",false,"[PREMIUM]","SL",false,false,"[PREMIUM]",,,,,,,,"[PREMIUM]"
"62723006","2026-08-06 20:54:30.375","2026-08-20 17:42:19.136","62723006","2026-08-06 16:37:14.000","[PREMIUM]","197","SC - NORTH CHARLESTON",,,,"EDT","0","V",2016,"NISSAN","VERSA","VERSA","SEDAN","BLUE","SIDE","MINOR DENT/SCRATCHES","SC","ST","YES","D",163838,"A","[PREMIUM]",2858.81,"1.6L 4","FRONT WHEEL DRIVE","AUTOMATIC","GAS",4,"Run & Drive Verified","Pure Sale","[PREMIUM]",,"HARLEYVILLE","SC","29448 4205","USA","USD","[PREMIUM]","[PREMIUM]","F0050",false,"[PREMIUM]","1.6 SV",false,false,"[PREMIUM]",,,,,,,,"[PREMIUM]"
"62160826","2026-08-06 20:54:30.313","2026-08-09 20:55:17.556","62160826","2026-08-07 12:03:00.000","[PREMIUM]","197","SC - NORTH CHARLESTON","2026-08-10","MONDAY","1000","EDT","111","V",1994,"TOYOTA","4RUNNER","4RUNNER","4DR SPORT UTILITY","WHITE","REAR END",,"SC","CT","YES","D",136731,"E","[PREMIUM]",0,"3.0L 6","REAR WHEEL DRIVE","AUTOMATIC","GAS",6,"Run & Drive Verified","On Approval","[PREMIUM]",,"HARLEYVILLE","SC","29448 4205","USA","USD","[PREMIUM]","[PREMIUM]","C0050",false,"[PREMIUM]","VN29 SR5",false,false,"[PREMIUM]",,,,,,,,"[PREMIUM]"
"61667756","2026-08-06 20:54:29.799","2026-08-20 17:42:18.236","61667756","2026-08-20 11:57:54.000","[PREMIUM]","197","SC - NORTH CHARLESTON","2026-08-26","WEDNESDAY","1000","EDT","0","V",2004,"BMW","3 SERIES","330","SEDAN 4DR","WHITE","REAR END","BURN","SC","NB","EXM","E",0,"E","[PREMIUM]",3586,"3.0L 6","REAR WHEEL DRIVE","AUTOMATIC","GAS",6,"DEFAULT","Pure Sale","[PREMIUM]",,"HARLEYVILLE","SC","29448 4205","USA","USD","[PREMIUM]","[PREMIUM]","U0150",false,"[PREMIUM]","I",false,false,"[PREMIUM]",,,,,,,,"[PREMIUM]"
"61640696","2026-08-06 20:54:29.793","2026-08-20 17:42:18.233","61640696","2026-08-07 20:40:17.000","[PREMIUM]","197","SC - NORTH CHARLESTON",,,,"EDT","0","V",2012,"JEEP","LIBERTY","LIBERTY","4DR SPORT UTILITY","BLACK","FRONT END","SIDE","SC","ST","YES","D",199663,"A","[PREMIUM]",11588.94,"3.7L 6","4X4 W/REAR WHEEL DRV","AUTOMATIC","GAS",6,"Run & Drive Verified","Pure Sale","[PREMIUM]",,"HARLEYVILLE","SC","29448 4205","USA","USD","[PREMIUM]","[PREMIUM]","A0040",false,"[PREMIUM]","SPORT",false,false,"[PREMIUM]",,,,,,,,"[PREMIUM]"
"61564156","2026-08-06 20:54:29.728","2026-08-20 17:42:18.162","61564156","2026-08-06 18:52:32.000","[PREMIUM]","197","SC - NORTH CHARLESTON",,,,"EDT","0","V",2019,"HYUNDAI","ELANTRA","ELANTRA","SEDAN","BLACK","FRONT END",,"SC","ST","YES","S",58002,"A","[PREMIUM]",17680.1,"2.0L 4","FRONT WHEEL DRIVE","AUTOMATIC","GAS",4,"Vehicle Starts","Pure Sale","[PREMIUM]",,"HARLEYVILLE","SC","29448 4205","USA","USD","[PREMIUM]","[PREMIUM]","B0020",false,"[PREMIUM]","SE",false,false,"[PREMIUM]",,,,,,,,"[PREMIUM]"
"60924016","2026-08-06 20:54:29.494","2026-08-20 17:42:17.826","60924016","2026-08-17 17:53:12.000","[PREMIUM]","197","SC - NORTH CHARLESTON","2026-08-24","MONDAY","1000","EDT","0","V",2021,"LAND ROVER","RANGEROVER","RANGE ROVER","SPORT UTILITY VEHICLE","SILVER","FRONT END",,"SC","ST","YES","D",76372,"A","[PREMIUM]",35010.04,"3.0L 6","ALL WHEEL DRIVE","AUTOMATIC","GAS",6,"Run & Drive Verified","Pure Sale","[PREMIUM]",,"HARLEYVILLE","SC","29448 4205","USA","USD","[PREMIUM]","[PREMIUM]","B0080",false,"[PREMIUM]","HSE WESTMINSTER EDITION",false,false,"[PREMIUM]",,,,,,,,"[PREMIUM]"
"60565116","2026-08-06 20:54:29.247","2026-08-20 17:42:17.521","60565116","2026-08-06 18:52:33.000","[PREMIUM]","197","SC - NORTH CHARLESTON",,,,"EDT","0","V",2015,"DODGE","CARAVAN","GRAND CARAVAN","SPORTS VAN","SILVER","REAR END",,"SC","ST","YES","D",83263,"A","[PREMIUM]",7350,"3.6L 6","FRONT WHEEL DRIVE","AUTOMATIC","FLEXIBLE",6,"Run & Drive Verified","Pure Sale","[PREMIUM]",,"HARLEYVILLE","SC","29448 4205","USA","USD","[PREMIUM]","[PREMIUM]","B0060",false,"[PREMIUM]","SXT",false,false,"[PREMIUM]",,,,,,,,"[PREMIUM]"
"60375256","2026-08-06 20:54:29.184","2026-08-11 02:30:05.140","60375256","2026-08-10 17:30:33.000","[PREMIUM]","833","HEAVY-TRAILER-RV CLEAN SALE","2026-08-11","TUESDAY","1100","CDT","0","U",2016,"PETERBILT","ALL Models","567","TRUCK","BLUE","NORMAL WEAR","MINOR DENT/SCRATCHES","SC","CT","YES","D",604616,"A","[PREMIUM]",0,,"OTHER","AUTOMATIC",,,"Run & Drive Verified","On Minimum Bid","[PREMIUM]",,"HARLEYVILLE","SC","29448 4205","USA","USD","[PREMIUM]","[PREMIUM]","HVY",true,"[PREMIUM]",,false,false,"[PREMIUM]",,,,,,,,"[PREMIUM]"
"60159966","2026-08-06 20:54:29.092","2026-08-20 17:42:17.346","60159966","2026-08-06 16:37:14.000","[PREMIUM]","197","SC - NORTH CHARLESTON",,,,"EDT","0","V",2019,"MERCEDES-BENZ","S-CLASS","S","SEDAN","GRAY","REAR END",,"SC","ST","YES","D",57031,"A","[PREMIUM]",25390,"4.0L 8","REAR WHEEL DRIVE","AUTOMATIC","GAS",8,"Run & Drive Verified","Pure Sale","[PREMIUM]",,"HARLEYVILLE","SC","29448 4205","USA","USD","[PREMIUM]","[PREMIUM]","B0020",false,"[PREMIUM]","560",false,false,"[PREMIUM]",,,,,,,,"[PREMIUM]"
"60000256","2026-08-06 20:54:29.018","2026-08-20 17:42:17.293","60000256","2026-08-06 15:20:17.000","[PREMIUM]","197","SC - NORTH CHARLESTON",,,,"EDT","0","V",2011,"HYUNDAI","SONATA","SONATA","SEDAN","GOLD","FRONT END","SIDE","SC","ST","YES","D",156544,"N","[PREMIUM]",5349,"2.4L 4","FRONT WHEEL DRIVE","AUTOMATIC","GAS",4,"Run & Drive Verified","Pure Sale","[PREMIUM]",,"HARLEYVILLE","SC","29448 4205","USA","USD","[PREMIUM]","[PREMIUM]","M0130",false,"[PREMIUM]","LIMITED",false,false,"[PREMIUM]",,,,,,,,"[PREMIUM]"
"58423336","2026-08-06 20:54:28.449","2026-08-17 03:01:43.316","58423336","2026-08-14 12:36:01.000","[PREMIUM]","197","SC - NORTH CHARLESTON","2026-08-17","MONDAY","1000","EDT","17","V",2023,"HYUNDAI","TUCSON","TUCSON","SPORT UTILITY VEHICLE","SILVER","FRONT END",,"VA","ST","YES","D",59246,"A","[PREMIUM]",23987,"1.6L 4","ALL WHEEL DRIVE","AUTOMATIC","ELECTRIC AND GAS HYBRID",4,"Run & Drive Verified","On Minimum Bid","[PREMIUM]",,"HARLEYVILLE","SC","29448 4205","USA","USD","[PREMIUM]","[PREMIUM]","L0150",false,"[PREMIUM]","LIMITED",false,false,"[PREMIUM]",,,,,,,,"[PREMIUM]"
"54681006","2026-08-06 20:54:27.414","2026-08-19 15:01:48.001","54681006","2026-08-19 10:00:32.000","[PREMIUM]","838","RENTAL VEHICLE SALE","2026-08-19","WEDNESDAY","1200","EDT","203","V",2026,"RAM","1500","1500","PICKUP","BLACK","REAR END","MINOR DENT/SCRATCHES","TN","CT","YES","D",3385,"A","[PREMIUM]",0,"3.0L 6","4X4 W/REAR WHEEL DRV","AUTOMATIC","GAS",6,"Run & Drive Verified","On Minimum Bid","[PREMIUM]",,"HARLEYVILLE","SC","29448 4205","USA","USD","[PREMIUM]","[PREMIUM]","A0020",false,"[PREMIUM]","REBEL",false,false,"[PREMIUM]",,,,,,,,"[PREMIUM]"
"52686346","2026-08-06 20:54:27.233","2026-08-20 17:42:15.852","52686346","2026-08-06 17:54:20.000","[PREMIUM]","197","SC - NORTH CHARLESTON",,,,"EDT","0","V",2023,"KIA","TELLURIDE","TELLURIDE","SPORT UTILITY VEHICLE","BLACK","SIDE",,"SC","ST","YES","D",36444,"A","[PREMIUM]",27213.44,"3.8L 6","FRONT WHEEL DRIVE","AUTOMATIC","GAS",6,"Run & Drive Verified","Pure Sale","[PREMIUM]",,"HARLEYVILLE","SC","29448 4205","USA","USD","[PREMIUM]","[PREMIUM]","G0090",false,"[PREMIUM]","SX",false,false,"[PREMIUM]",,,,,,,,"[PREMIUM]"
"49774226","2026-08-06 20:54:27.133","2026-08-20 17:42:15.641","49774226","2026-08-06 19:48:50.000","[PREMIUM]","197","SC - NORTH CHARLESTON",,,,"EDT","0","V",2022,"TESLA","MODEL 3","MODEL 3","SEDAN","RED","REAR END",,"SC","ST","YES","D",54533,"A","[PREMIUM]",1798.1,,"ALL WHEEL DRIVE","AUTOMATIC","ELECTRIC",,"Run & Drive Verified","Pure Sale","[PREMIUM]",,"HARLEYVILLE","SC","29448 4205","USA","USD","[PREMIUM]","[PREMIUM]","A0030",false,"[PREMIUM]",,false,false,"[PREMIUM]",,,,,,,,"[PREMIUM]"
"63324616","2026-08-06 20:54:26.793","2026-08-12 08:32:12.621","63324616","2026-08-07 12:18:43.000","[PREMIUM]","196","NC - MOCKSVILLE","2026-08-12","WEDNESDAY","1000","EDT","2513","V",2019,"HYUNDAI","SANTA FE","SANTA FE XL","SPORT UTILITY VEHICLE","SILVER","UNDERCARRIAGE","MINOR DENT/SCRATCHES","NC","CZ","NO",,0,"N","[PREMIUM]",0,"3.3L 6","FRONT WHEEL DRIVE","AUTOMATIC","GAS",6,,"On Approval","[PREMIUM]","REPOSSESSION                ","MOCKSVILLE","NC","27028 6910","USA","USD","[PREMIUM]","[PREMIUM]","I120",false,"[PREMIUM]","SE",false,false,"[PREMIUM]",,,,,,,,"[PREMIUM]"
"63278806","2026-08-06 20:54:26.789","2026-08-18 09:01:56.422","63278806","2026-08-18 01:48:02.000","[PREMIUM]","196","NC - MOCKSVILLE","2026-08-19","WEDNESDAY","1000","EDT","0","V",2020,"HYUNDAI","SANTA FE","SANTA FE","SUV","ORANGE","NORMAL WEAR","MECHANICAL","NC","CZ","YES","E",141482,"A","[PREMIUM]",0,"2.4L 4","FRONT WHEEL DRIVE","AUTOMATIC","GAS",4,"DEFAULT","On Minimum Bid","[PREMIUM]","REPOSSESSION                ","MOCKSVILLE","NC","27028 6910","USA","USD","[PREMIUM]","[PREMIUM]","K030",true,"[PREMIUM]","SEL",false,false,"[PREMIUM]",,,,,,,,"[PREMIUM]"
"63036406","2026-08-06 20:54:26.764","2026-08-20 18:57:53.749","63036406","2026-08-20 17:32:39.000","[PREMIUM]","196","NC - MOCKSVILLE","2026-08-26","WEDNESDAY","1000","EDT","0","V",2018,"KIA","STINGER","STINGER","HATCHBACK","BLACK","FRONT END",,"VA","ST","EXM","E",93169,"A","[PREMIUM]",10063.39,"2.0L 4","REAR WHEEL DRIVE","AUTOMATIC","GAS",4,"DEFAULT","On Minimum Bid","[PREMIUM]",,"MOCKSVILLE","NC","27028 6910","USA","USD","[PREMIUM]","[PREMIUM]","F080",false,"[PREMIUM]","PREMIUM",false,false,"[PREMIUM]",,,,,,,,"[PREMIUM]"
"59664646","2026-08-06 20:54:26.006","2026-08-19 15:01:45.895","59664646","2026-08-14 14:55:09.000","[PREMIUM]","196","NC - MOCKSVILLE","2026-08-19","WEDNESDAY","1000","EDT","46","V",2015,"NISSAN","ALTIMA","ALTIMA","SEDAN","RED","SIDE",,"VA","ST","YES","D",183016,"A","[PREMIUM]",5701.7,"2.5L 4","FRONT WHEEL DRIVE","AUTOMATIC","GAS",4,"Run & Drive Verified","Pure Sale","[PREMIUM]",,"MOCKSVILLE","NC","27028 6910","USA","USD","[PREMIUM]","[PREMIUM]","F180",false,"[PREMIUM]","2.5 SV",false,false,"[PREMIUM]",,,,,,,,"[PREMIUM]"
"59247546","2026-08-06 20:54:25.957","2026-08-19 15:01:45.884","59247546","2026-08-17 14:07:26.000","[PREMIUM]","196","NC - MOCKSVILLE","2026-08-19","WEDNESDAY","1000","EDT","1164","V",2006,"TOYOTA","AVALON","AVALON","SEDAN","WHITE","FRONT END","REAR END","NC","SC","YES","E",0,"E","[PREMIUM]",0,"3.5L 6","FRONT WHEEL DRIVE","AUTOMATIC","GAS",6,"DEFAULT","Pure Sale","[PREMIUM]",,"MOCKSVILLE","NC","27028 6910","USA","USD","[PREMIUM]","[PREMIUM]","K200",false,"[PREMIUM]","XLS",false,false,"[PREMIUM]",,,,,,,,"[PREMIUM]"
"59328626","2026-08-06 20:54:25.935","2026-08-19 15:01:45.882","59328626","2026-08-17 14:07:26.000","[PREMIUM]","196","NC - MOCKSVILLE","2026-08-19","WEDNESDAY","1000","EDT","98","V",2011,"HONDA","CRV","CR-V","4DR SPORT UTILITY","SILVER","SIDE",,"NC","SC","YES","D",291988,"A","[PREMIUM]",4073,"2.4L 4","ALL WHEEL DRIVE","AUTOMATIC","GAS",4,"Run & Drive Verified","Pure Sale","[PREMIUM]",,"MOCKSVILLE","NC","27028 6910","USA","USD","[PREMIUM]","[PREMIUM]","E060",false,"[PREMIUM]","SE",false,false,"[PREMIUM]",,,,,,,,"[PREMIUM]"
"58805606","2026-08-06 20:54:25.790","2026-08-20 17:42:13.293","58805606","2026-08-20 14:48:20.000","[PREMIUM]","196","NC - MOCKSVILLE","2026-08-26","WEDNESDAY","1000","EDT","1137","V",2014,"FORD","EDGE","EDGE","4DR SPORT UTILITY","GRAY","FRONT END",,"NC","SC","YES","S",156548,"A","[PREMIUM]",4136,"3.5L 6","ALL WHEEL DRIVE","AUTOMATIC","GAS",6,"Vehicle Starts","Pure Sale","[PREMIUM]",,"MOCKSVILLE","NC","27028 6910","USA","USD","[PREMIUM]","[PREMIUM]","I130",false,"[PREMIUM]","LIMITED",false,false,"[PREMIUM]",,,,,,,,"[PREMIUM]"
"58727966","2026-08-06 20:54:25.789","2026-08-20 17:42:13.286","58727966","2026-08-15 17:17:14.000","[PREMIUM]","196","NC - MOCKSVILLE",,,,"EDT","0","V",2015,"LEXUS","RX350","RC","COUPE","BLACK","FRONT END","REAR END","NC","SC","YES","D",92308,"A","[PREMIUM]",17016.79,"3.5L 6","REAR WHEEL DRIVE","AUTOMATIC","GAS",6,"Run & Drive Verified","Pure Sale","[PREMIUM]",,"MOCKSVILLE","NC","27028 6910","USA","USD","[PREMIUM]","[PREMIUM]","I100",false,"[PREMIUM]","350",false,false,"[PREMIUM]",,,,,,,,"[PREMIUM]"
"58596766","2026-08-06 20:54:25.723","2026-08-19 15:01:45.715","58596766","2026-08-18 15:08:50.000","[PREMIUM]","196","NC - MOCKSVILLE","2026-08-19","WEDNESDAY","1000","EDT","78","V",2019,"BMW","7 SERIES","740","SEDAN","GRAY","FRONT END",,"NC","SC","YES","D",106837,"A","[PREMIUM]",18084,"3.0L 6","REAR WHEEL DRIVE","AUTOMATIC","GAS",6,"Run & Drive Verified","Pure Sale","[PREMIUM]",,"MOCKSVILLE","NC","27028 6910","USA","USD","[PREMIUM]","[PREMIUM]","I200",false,"[PREMIUM]","I",false,false,"[PREMIUM]",,,,,,,,"[PREMIUM]"
"57628936","2026-08-06 20:54:25.650","2026-08-19 15:01:45.631","57628936","2026-08-17 14:07:26.000","[PREMIUM]","196","NC - MOCKSVILLE","2026-08-19","WEDNESDAY","1000","EDT","77","V",2022,"CHRYSLER","300","300","SEDAN","SILVER","FRONT END",,"NC","SC","YES","D",116258,"A","[PREMIUM]",12076.55,"3.6L 6","REAR WHEEL DRIVE","AUTOMATIC","FLEXIBLE",6,"Run & Drive Verified","Pure Sale","[PREMIUM]",,"MOCKSVILLE","NC","27028 6910","USA","USD","[PREMIUM]","[PREMIUM]","F070",false,"[PREMIUM]","TOURING",false,false,"[PREMIUM]",,,,,,,,"[PREMIUM]"
"57212646","2026-08-06 20:54:25.616","2026-08-12 08:32:11.025","57212646","2026-08-07 12:18:43.000","[PREMIUM]","196","NC - MOCKSVILLE","2026-08-12","WEDNESDAY","1000","EDT","2539","V",2011,"HONDA","ACCORD","ACCORD","SEDAN 4DR","BLACK","SIDE",,"NC","SC","YES","E",0,"N","[PREMIUM]",12532.07,"2.4L 4","FRONT WHEEL DRIVE","AUTOMATIC","GAS",4,"DEFAULT","On Minimum Bid","[PREMIUM]",,"MOCKSVILLE","NC","27028 6910","USA","USD","[PREMIUM]","[PREMIUM]","G140",false,"[PREMIUM]","LX",false,false,"[PREMIUM]",,,,,,,,"[PREMIUM]"
"56265246","2026-08-06 20:54:25.479","2026-08-20 17:42:13.093","56265246","2026-08-06 16:55:28.000","[PREMIUM]","196","NC - MOCKSVILLE",,,,"EDT","0","V",2023,"TESLA","MODEL 3","MODEL 3","SEDAN","RED","FRONT END","SIDE","NC","SC","YES","D",22987,"A","[PREMIUM]",18000,,"REAR WHEEL DRIVE","AUTOMATIC","ELECTRIC",,"Run & Drive Verified","Pure Sale","[PREMIUM]",,"MOCKSVILLE","NC","27028 6910","USA","USD","[PREMIUM]","[PREMIUM]","HV001",false,"[PREMIUM]",,false,false,"[PREMIUM]",,,,,,,,"[PREMIUM]"
"55024626","2026-08-06 20:54:25.331","2026-08-20 17:42:13.022","55024626","2026-08-06 16:51:34.000","[PREMIUM]","196","NC - MOCKSVILLE",,,,"EDT","0","V",2016,"CHEVROLET","MALIBU","MALIBU","SEDAN 4DR","PURPLE","FRONT END","SIDE","NC","SC","YES","D",107603,"A","[PREMIUM]",11231.17,"2.0L 4","FRONT WHEEL DRIVE","AUTOMATIC","GAS",4,"Run & Drive Verified","Pure Sale","[PREMIUM]",,"MOCKSVILLE","NC","27028 6910","USA","USD","[PREMIUM]","[PREMIUM]","E100",false,"[PREMIUM]","PREMIER",false,false,"[PREMIUM]",,,,,,,,"[PREMIUM]"
"49977766","2026-08-06 20:54:25.075","2026-08-19 15:01:45.376","49977766","2026-08-17 14:07:26.000","[PREMIUM]","196","NC - MOCKSVILLE","2026-08-19","WEDNESDAY","1000","EDT","1167","V",2022,"MAZDA","CX30","CX-30","SPORT UTILITY VEHICLE","GRAY","FRONT END","UNDERCARRIAGE","NC","SC","YES","E",0,"N","[PREMIUM]",17634.67,"2.5L 4","ALL WHEEL DRIVE","AUTOMATIC","GAS",4,"DEFAULT","Pure Sale","[PREMIUM]",,"MOCKSVILLE","NC","27028 6910","USA","USD","[PREMIUM]","[PREMIUM]","K190",false,"[PREMIUM]","PREFERRED",false,false,"[PREMIUM]",,,,,,,,"[PREMIUM]"
"90081105","2026-08-06 20:54:24.968","2026-08-12 08:32:10.303","90081105","2026-08-12 08:00:29.000","[PREMIUM]","194","VA - FREDERICKSBURG","2026-08-12","WEDNESDAY","1000","EDT","2105","V",2022,"TOYOTA","COROLLA","COROLLA",,"WHITE","FRONT END","REAR END","VA","ST","YES","D",108925,"A","[PREMIUM]",11699.57,"1.8L  4","Front-wheel Drive","AUTOMATIC","GAS",4,"Run & Drive Verified","Pure Sale","[PREMIUM]",,"FREDERICKSBURG","VA","22408 8751","USA","USD","[PREMIUM]","[PREMIUM]","N040",false,"[PREMIUM]","LE",false,false,"[PREMIUM]",,,,,,,,"[PREMIUM]"
"64209446","2026-08-06 20:54:24.832","2026-08-19 15:01:44.135","64209446","2026-08-18 13:42:14.000","[PREMIUM]","194","VA - FREDERICKSBURG","2026-08-19","WEDNESDAY","1000","EDT","5047","V",2014,"CHEVROLET","CRUZE","CRUZE","SEDAN 4DR","RED","MECHANICAL",,"VA","CT","YES","D",96594,"A","[PREMIUM]",0,"1.4L 4","FRONT WHEEL DRIVE","AUTOMATIC","GAS",4,"Run & Drive Verified","On Minimum Bid","[PREMIUM]",,"FREDERICKSBURG","VA","22408 8751","USA","USD","[PREMIUM]","[PREMIUM]","P030",false,"[PREMIUM]","ECO",false,false,"[PREMIUM]",,,,,,,,"[PREMIUM]"
"64333186","2026-08-06 20:54:24.828","2026-08-12 08:32:10.082","64333186","2026-08-12 08:00:29.000","[PREMIUM]","194","VA - FREDERICKSBURG","2026-08-12","WEDNESDAY","1000","EDT","4080","V",2012,"KIA","SOUL","SOUL","WAGON","SILVER","FRONT END",,"VA","CT","YES","E",232346,"A","[PREMIUM]",0,"2.0L 4","FRONT WHEEL DRIVE","AUTOMATIC","GAS",4,"DEFAULT","On Minimum Bid","[PREMIUM]",,"FREDERICKSBURG","VA","22408 8751","USA","USD","[PREMIUM]","[PREMIUM]","S040",true,"[PREMIUM]","!",false,false,"[PREMIUM]",,,,,,,,"[PREMIUM]"
"63901796","2026-08-06 20:54:24.793","2026-08-13 14:30:16.145","63901796","2026-08-13 13:40:58.000","[PREMIUM]","880","*NCS - EASTERN REGION","2026-08-17","MONDAY","2100","EDT","0","V",2019,"HONDA","CRV","CR-V","SPORT UTILITY VEHICLE","WHITE","MECHANICAL",,"VA","CT","YES","E",180960,"A","[PREMIUM]",0,"1.5L 4","ALL WHEEL DRIVE","AUTOMATIC","GAS",4,"DEFAULT","On Minimum Bid","[PREMIUM]",,"FREDERICKSBURG","VA","22408 8751","USA","USD","[PREMIUM]","[PREMIUM]","T050",true,"[PREMIUM]","EXL",false,false,"[PREMIUM]",,,,,,,,"[PREMIUM]"
"64208216","2026-08-06 20:54:24.791","2026-08-12 08:32:10.057","64208216","2026-08-12 08:00:28.000","[PREMIUM]","194","VA - FREDERICKSBURG","2026-08-12","WEDNESDAY","1000","EDT","41","V",2010,"SUBARU","LEGACY","LEGACY","SEDAN 4DR","GRAY","MINOR DENT/SCRATCHES",,"VA","CT","YES","D",201983,"A","[PREMIUM]",0,"2.5L 4","ALL WHEEL DRIVE","AUTOMATIC","GAS",4,"Run & Drive Verified","On Approval","[PREMIUM]",,"FREDERICKSBURG","VA","22408 8751","USA","USD","[PREMIUM]","[PREMIUM]","S040",false,"[PREMIUM]","2.5I PREMIUM",false,false,"[PREMIUM]",,,,,,,,"[PREMIUM]"
"63922806","2026-08-06 20:54:24.773","2026-08-12 08:32:09.927","63922806","2026-08-12 08:00:29.000","[PREMIUM]","194","VA - FREDERICKSBURG","2026-08-12","WEDNESDAY","1000","EDT","4114","V",2008,"MERCURY","MARINER","MARINER","4DR SPORT UTILITY","WHITE","FRONT END",,"VA","CT","YES","D",192825,"A","[PREMIUM]",0,"3.0L 6","4X4 W/FRONT WHL DRV","AUTOMATIC","GAS",6,"Run & Drive Verified","On Approval","[PREMIUM]",,"FREDERICKSBURG","VA","22408 8751","USA","USD","[PREMIUM]","[PREMIUM]","Q090",false,"[PREMIUM]","PREMIER",false,false,"[PREMIUM]",,,,,,,,"[PREMIUM]"
"64093436","2026-08-06 20:54:24.772","2026-08-12 08:32:10.032","64093436","2026-08-12 08:00:28.000","[PREMIUM]","194","VA - FREDERICKSBURG","2026-08-12","WEDNESDAY","1000","EDT","98","V",2012,"MAZDA","3","3","SEDAN 4DR","GREEN","MECHANICAL","REAR END","VA","CT","YES","D",210974,"A","[PREMIUM]",0,"2.0L 4","FRONT WHEEL DRIVE","AUTOMATIC","GAS",4,"Run & Drive Verified","On Minimum Bid","[PREMIUM]",,"FREDERICKSBURG","VA","22408 8751","USA","USD","[PREMIUM]","[PREMIUM]","S080",true,"[PREMIUM]","I",false,false,"[PREMIUM]",,,,,,,,"[PREMIUM]"
"64056436","2026-08-06 20:54:24.765","2026-08-19 15:01:43.998","64056436","2026-08-18 13:42:14.000","[PREMIUM]","194","VA - FREDERICKSBURG","2026-08-19","WEDNESDAY","1000","EDT","3120","V",2021,"HYUNDAI","TUCSON","TUCSON","SUV","WHITE","FRONT END","SIDE","VA","ST","YES","D",33062,"A","[PREMIUM]",12532.77,"2.0L 4","ALL WHEEL DRIVE","AUTOMATIC","GAS",4,"Run & Drive Verified","On Minimum Bid","[PREMIUM]",,"FREDERICKSBURG","VA","22408 8751","USA","USD","[PREMIUM]","[PREMIUM]","P050",false,"[PREMIUM]","VALUE",false,false,"[PREMIUM]",,,,,,,,"[PREMIUM]"
"63992216","2026-08-06 20:54:24.764","2026-08-19 15:01:43.972","63992216","2026-08-18 13:42:13.000","[PREMIUM]","194","VA - FREDERICKSBURG","2026-08-19","WEDNESDAY","1000","EDT","2089","V",2016,"FORD","EXPLORER","EXPLORER","4DR SPORT UTILITY","BLACK","REAR END",,"VA","ST","YES","D",165841,"A","[PREMIUM]",7075.62,"3.5L 6","4X4 W/FRONT WHL DRV","AUTOMATIC","GAS",6,"Run & Drive Verified","Pure Sale","[PREMIUM]",,"FREDERICKSBURG","VA","22408 8751","USA","USD","[PREMIUM]","[PREMIUM]","X080",false,"[PREMIUM]","LIMITED",false,false,"[PREMIUM]",,,,,,,,"[PREMIUM]"
"63837896","2026-08-06 20:54:24.756","2026-08-12 08:32:09.822","63837896","2026-08-12 08:00:29.000","[PREMIUM]","194","VA - FREDERICKSBURG","2026-08-12","WEDNESDAY","1000","EDT","4034","V",2005,"HONDA","CIVIC","CIVIC","SEDAN 4DR","SILVER","FRONT END","MINOR DENT/SCRATCHES","VA","CT","YES","D",159830,"A","[PREMIUM]",0,"1.3L 4","FRONT WHEEL DRIVE","AUTOMATIC","ELECTRIC AND GAS HYBRID",4,"Run & Drive Verified","On Approval","[PREMIUM]",,"FREDERICKSBURG","VA","22408 8751","USA","USD","[PREMIUM]","[PREMIUM]","X030",false,"[PREMIUM]","HYBRID",false,false,"[PREMIUM]",,,,,,,,"[PREMIUM]"
"63834486","2026-08-06 20:54:24.711","2026-08-12 08:32:09.797","63834486","2026-08-12 08:00:29.000","[PREMIUM]","194","VA - FREDERICKSBURG","2026-08-12","WEDNESDAY","1000","EDT","2064","V",2011,"MITSUBISHI","OUTLANDER","OUTLANDER SPORT","4DR SPORT UTILITY","GRAY","REAR END",,"VA","CT","YES","D",183164,"A","[PREMIUM]",0,"2.0L 4","FRONT WHEEL DRIVE","AUTOMATIC","GAS",4,"Run & Drive Verified","On Approval","[PREMIUM]",,"FREDERICKSBURG","VA","22408 8751","USA","USD","[PREMIUM]","[PREMIUM]","V060",false,"[PREMIUM]","ES",false,false,"[PREMIUM]",,,,,,,,"[PREMIUM]"
