"_primaryKey","_firstSeenAt","_lastSeenAt","lotId","updatedAt","vin","yardNumber","yardName","saleDate","saleDayOfWeek","saleTime","saleTimeZone","itemNumber","vehicleType","year","make","modelGroup","modelDetail","bodyStyle","exteriorColor","damageDescription","secondaryDamage","saleTitleState","saleTitleType","hasKeys","lotCondCode","mileage","odometerBrand","estRetailValue","repairCost","engine","drivetrain","transmission","fuelType","cylinders","runsDrives","saleStatus","highBid","specialNote","locationCity","locationState","locationZip","locationCountry","currencyCode","imageThumbnail","imageUrl","gridRow","makeOfferEligible","buyItNowPrice","trim","rentals","wholesale","sellerName","offsiteAddress1","offsiteState","offsiteCity","offsiteZip","saleLight","autoGrade","announcements","listingUrl"
"58383965","2026-08-17 21:05:49.980","2026-08-21 12:44:37.008","58383965","2026-08-20 23:45:08.000","[PREMIUM]","11","TX - HOUSTON","2026-08-21","FRIDAY","1200","CDT","3254","V",2019,"CHEVROLET","SILVERADO","SILVERADO","PICKUP","GRAY","HAIL","MINOR DENT/SCRATCHES","TX","CT","YES","D",110573,"A","[PREMIUM]",15327.91,"5.3L 8","4X4 W/REAR WHEEL DRV","AUTOMATIC","GAS",8,"Run & Drive Verified","Pure Sale","[PREMIUM]",,"HOUSTON","TX","77073 4903","USA","USD","[PREMIUM]","[PREMIUM]","B100",false,"[PREMIUM]",,false,false,"[PREMIUM]",,,,,,,,"[PREMIUM]"
"58797366","2026-08-17 21:05:36.772","2026-08-27 17:49:23.188","58797366","2026-08-26 14:52:20.000","[PREMIUM]","841","CRASHEDTOYS POWERSPORT AUCTION","2026-08-27","THURSDAY","1200","CDT","5060","A",2023,"CANAM","SIDEBYSIDE","MAVERICK E","SIDE BY SIDE","TAN","REAR END","TOP/ROOF","IA","RA","YES","D",1601,"N","[PREMIUM]",18911.83,"3",,"AUTOMATIC","GAS",3,"Run & Drive Verified","Pure Sale","[PREMIUM]",,"CEDAR RAPIDS","IA","52404","USA","USD","[PREMIUM]","[PREMIUM]","MCI4",false,"[PREMIUM]",,false,false,"[PREMIUM]",,,,,,,,"[PREMIUM]"
"65209846","2026-08-17 21:05:35.391","2026-08-31 05:51:09.360","65209846","2026-08-28 01:04:13.000","[PREMIUM]","396","SD - RAPID CITY","2026-09-01","TUESDAY","1200","MDT","0","V",2010,"CHEVROLET","SILVERADO","SILVERADO","CREW PICKUP","BLACK","MINOR DENT/SCRATCHES",,"SD","CT","YES","D",189911,"E","[PREMIUM]",0,"5.3L 8","4X4 W/REAR WHEEL DRV","AUTOMATIC","FLEXIBLE",8,"Run & Drive Verified","On Minimum Bid","[PREMIUM]",,"RAPID CITY","SD","57701","USA","USD","[PREMIUM]","[PREMIUM]","A050",true,"[PREMIUM]","K1500 LT",false,false,"[PREMIUM]",,,,,,,,"[PREMIUM]"
"64506996","2026-08-17 21:05:35.386","2026-08-25 00:03:50.247","64506996","2026-08-17 17:18:41.000","[PREMIUM]","396","SD - RAPID CITY","2026-08-25","TUESDAY","1200","MDT","0","V",2008,"HONDA","CRV","CR-V","4DR SPORT UTILITY","BLUE","MINOR DENT/SCRATCHES",,"SD","CT","YES","E",207417,"E","[PREMIUM]",0,"2.4L 4","4X4 W/FRONT WHL DRV","AUTOMATIC","GAS",4,"DEFAULT","On Minimum Bid","[PREMIUM]",,"RAPID CITY","SD","57701","USA","USD","[PREMIUM]","[PREMIUM]","C070",true,"[PREMIUM]","LX",false,false,"[PREMIUM]",,,,,,,,"[PREMIUM]"
"60751416","2026-08-17 21:05:35.039","2026-08-30 17:50:53.463","60751416","2026-07-31 21:45:35.000","[PREMIUM]","396","SD - RAPID CITY",,,,"MDT","0","V",2014,"RAM","1500","1500","CREW PICKUP","WHITE","FRONT END","MINOR DENT/SCRATCHES","MN","RS","YES","D",129823,"A","[PREMIUM]",0,"5.7L 8","4X4 W/REAR WHEEL DRV","AUTOMATIC","GAS",8,"Run & Drive Verified","Pure Sale","[PREMIUM]",,"RAPID CITY","SD","57701","USA","USD","[PREMIUM]","[PREMIUM]","A070",false,"[PREMIUM]","ST",false,false,"[PREMIUM]",,,,,,,,"[PREMIUM]"
"58308846","2026-08-17 21:05:34.812","2026-08-19 03:01:59.289","58308846","2026-08-17 17:10:29.000","[PREMIUM]","855","WHOLESALE AUCTION","2026-08-20","THURSDAY","1200","EDT","0","K",2015,"FORD","F250","F250","PICKUP","WHITE","ROLLOVER",,"WY","CT","YES","S",632298,"A","[PREMIUM]",24657,"6.2L 8","4X4 W/REAR WHEEL DRV","AUTOMATIC","GAS",8,"Vehicle Starts","On Minimum Bid","[PREMIUM]","Reported to NMVTIS","RAPID CITY","SD","57701","USA","USD","[PREMIUM]","[PREMIUM]","HVY01",false,"[PREMIUM]","SUPER DUTY",false,true,"[PREMIUM]",,,,,"RED LIGHT",1.1,"Maintenance,Safety,Comfort,Other,Emission","[PREMIUM]"
"55357076","2026-08-17 21:05:34.530","2026-08-25 00:03:49.048","55357076","2026-08-17 20:04:24.000","[PREMIUM]","396","SD - RAPID CITY","2026-08-25","TUESDAY","1200","MDT","0","V",2023,"FORD","F150","F150","PICKUP","SILVER","SIDE",,"NE","ST","YES","D",48826,"A","[PREMIUM]",34000,"5.0L 8","4X4 W/REAR WHEEL DRV","AUTOMATIC","GAS",8,"Run & Drive Verified","Pure Sale","[PREMIUM]",,"RAPID CITY","SD","57701","USA","USD","[PREMIUM]","[PREMIUM]","A070",false,"[PREMIUM]","SUPERCREW",false,false,"[PREMIUM]",,,,,,,,"[PREMIUM]"
"53169786","2026-08-17 21:05:34.503","2026-08-31 05:51:08.629","53169786","2026-08-26 17:54:08.000","[PREMIUM]","396","SD - RAPID CITY","2026-09-01","TUESDAY","1200","MDT","0","V",2008,"BUICK","LUCERNE","LUCERNE","SEDAN 4DR","RED","FRONT END",,"SD","CT","YES","E",139029,"E","[PREMIUM]",0,"3.8L 6","FRONT WHEEL DRIVE","AUTOMATIC","GAS",6,"DEFAULT","On Minimum Bid","[PREMIUM]",,"RAPID CITY","SD","57701","USA","USD","[PREMIUM]","[PREMIUM]","C050",false,"[PREMIUM]","CXL",false,false,"[PREMIUM]",,,,,,,,"[PREMIUM]"
"65322696","2026-08-17 21:05:34.386","2026-08-30 17:50:52.518","65322696","2026-08-28 13:05:46.000","[PREMIUM]","395","VT - RUTLAND","2026-08-31","MONDAY","1000","EDT","82","V",2013,"FORD","F-150","F150","4DR EXT CAB PICKUP","RED","REAR END","MINOR DENT/SCRATCHES","VT","CT","YES","D",137805,"A","[PREMIUM]",0,"3.7L 6","4X4 W/REAR WHEEL DRV","AUTOMATIC","FLEXIBLE",6,"Run & Drive Verified","On Minimum Bid","[PREMIUM]",,"CENTER RUTLAND","VT","05736","USA","USD","[PREMIUM]","[PREMIUM]","A010",true,"[PREMIUM]","SUPER CAB",false,false,"[PREMIUM]",,,,,,,,"[PREMIUM]"
"65282526","2026-08-17 21:05:34.376","2026-08-23 23:48:10.623","65282526","2026-08-21 19:42:55.000","[PREMIUM]","395","VT - RUTLAND","2026-08-24","MONDAY","1000","EDT","66","V",2015,"DODGE","DURANGO","DURANGO","4DR SPORT UTILITY","RED","MECHANICAL",,"VT","CT","YES","D",199813,"A","[PREMIUM]",0,"3.6L 6","ALL WHEEL DRIVE","AUTOMATIC","FLEXIBLE",6,"Run & Drive Verified","On Minimum Bid","[PREMIUM]",,"CENTER RUTLAND","VT","05736","USA","USD","[PREMIUM]","[PREMIUM]","Z010",true,"[PREMIUM]","SXT",false,false,"[PREMIUM]",,,,,,,,"[PREMIUM]"
"65208406","2026-08-17 21:05:34.364","2026-08-23 23:48:10.588","65208406","2026-08-21 19:42:55.000","[PREMIUM]","395","VT - RUTLAND","2026-08-24","MONDAY","1000","EDT","2039","V",2011,"FORD","EDGE","EDGE","4DR SPORT UTILITY","MAROON","MINOR DENT/SCRATCHES",,"VT","CT","YES","D",132790,"A","[PREMIUM]",0,"3.5L 6","ALL WHEEL DRIVE","AUTOMATIC","GAS",6,"Run & Drive Verified","On Minimum Bid","[PREMIUM]",,"CENTER RUTLAND","VT","05736","USA","USD","[PREMIUM]","[PREMIUM]","V090",true,"[PREMIUM]","SEL",false,false,"[PREMIUM]",,,,,,,,"[PREMIUM]"
"64615886","2026-08-17 21:05:34.342","2026-08-23 23:48:10.546","64615886","2026-08-21 19:42:55.000","[PREMIUM]","395","VT - RUTLAND","2026-08-24","MONDAY","1000","EDT","91","V",2012,"SUBARU","IMPREZA","IMPREZA",,"SILVER","MINOR DENT/SCRATCHES",,"VT","CT","YES","D",129732,"A","[PREMIUM]",0,,,"AUTOMATIC",,,"Run & Drive Verified","On Minimum Bid","[PREMIUM]","WITH CORRECTION LETTER      ","CENTER RUTLAND","VT","05736","USA","USD","[PREMIUM]","[PREMIUM]","W030",false,"[PREMIUM]","SPORT PREMIUM",false,false,"[PREMIUM]",,,,,,,,"[PREMIUM]"
"64949536","2026-08-17 21:05:34.335","2026-08-23 23:48:10.566","64949536","2026-08-23 23:03:10.000","[PREMIUM]","395","VT - RUTLAND","2026-08-24","MONDAY","1000","EDT","2038","V",2016,"TOYOTA","PRIUS","PRIUS","HATCHBACK","GREEN","FRONT END",,"VT","CT","YES","D",91443,"A","[PREMIUM]",0,"1.8L 4","FRONT WHEEL DRIVE","AUTOMATIC","ELECTRIC AND GAS HYBRID",4,"Run & Drive Verified","On Minimum Bid","[PREMIUM]",,"CENTER RUTLAND","VT","05736","USA","USD","[PREMIUM]","[PREMIUM]","Y040",false,"[PREMIUM]","TWO",false,false,"[PREMIUM]",,,,,,,,"[PREMIUM]"
"64321746","2026-08-17 21:05:34.332","2026-08-30 17:50:52.384","64321746","2026-08-28 13:05:46.000","[PREMIUM]","395","VT - RUTLAND","2026-08-31","MONDAY","1000","EDT","94","V",2014,"FIAT","500","500L","4DR SPORT UTILITY","WHITE","FRONT END","MINOR DENT/SCRATCHES","NH","CT","YES","D",105794,"A","[PREMIUM]",0,"1.4L 4","FRONT WHEEL DRIVE","MANUAL","GAS",4,"Run & Drive Verified","On Minimum Bid","[PREMIUM]",,"CENTER RUTLAND","VT","05736","USA","USD","[PREMIUM]","[PREMIUM]","W040",true,"[PREMIUM]","TREKKING",false,false,"[PREMIUM]",,,,,,,,"[PREMIUM]"
"63669726","2026-08-17 21:05:34.302","2026-08-30 17:50:52.167","63669726","2026-08-28 13:05:46.000","[PREMIUM]","395","VT - RUTLAND","2026-08-31","MONDAY","1000","EDT","57","V",2017,"KIA","FORTE","FORTE","SEDAN","BLUE","MINOR DENT/SCRATCHES",,"MT","CT","YES","D",155496,"A","[PREMIUM]",0,"2.0L 4","FRONT WHEEL DRIVE","AUTOMATIC","GAS",4,"Run & Drive Verified","On Minimum Bid","[PREMIUM]",,"CENTER RUTLAND","VT","05736","USA","USD","[PREMIUM]","[PREMIUM]","U090",true,"[PREMIUM]",,false,false,"[PREMIUM]",,,,,,,,"[PREMIUM]"
"63732036","2026-08-17 21:05:34.295","2026-08-30 17:50:52.255","63732036","2026-08-17 15:42:44.000","[PREMIUM]","395","VT - RUTLAND",,,,"EDT","0","V",2020,"KIA","NIRO","NIRO","WAGON","WHITE","FRONT END","MINOR DENT/SCRATCHES","VT","ST","YES","E",83799,"A","[PREMIUM]",12582.24,"1.6L 4","FRONT WHEEL DRIVE","AUTOMATIC","ELECTRIC AND GAS HYBRID",4,"DEFAULT","Pure Sale","[PREMIUM]",,"CENTER RUTLAND","VT","05736","USA","USD","[PREMIUM]","[PREMIUM]","Y050",false,"[PREMIUM]","TOURING",false,false,"[PREMIUM]",,,,,,,,"[PREMIUM]"
"62224676","2026-08-17 21:05:34.183","2026-08-20 05:44:14.811","62224676","2026-08-19 20:00:59.000","[PREMIUM]","855","WHOLESALE AUCTION","2026-08-20","THURSDAY","1200","EDT","3206","V",2020,"CHEVROLET","EQUINOX","EQUINOX","SPORT UTILITY VEHICLE","BLUE","FRONT END","MINOR DENT/SCRATCHES","VT","CT","YES","D",142703,"A","[PREMIUM]",2828,"2.0L 4","ALL WHEEL DRIVE","AUTOMATIC","GAS",4,"Run & Drive Verified","On Minimum Bid","[PREMIUM]",,"CENTER RUTLAND","VT","05736","USA","USD","[PREMIUM]","[PREMIUM]","S010",true,"[PREMIUM]","LT",false,true,"[PREMIUM]",,,,,"RED LIGHT",4.1,"Maintenance,Safety,Other,Emission","[PREMIUM]"
"62135426","2026-08-17 21:05:34.147","2026-08-23 23:48:10.262","62135426","2026-08-21 19:42:55.000","[PREMIUM]","395","VT - RUTLAND","2026-08-24","MONDAY","1000","EDT","2550","V",2016,"SUBARU","OUTBACK","OUTBACK","4DR SPORT UTILITY","BLACK","FRONT END","SIDE","PA","SC","YES","E",0,"N","[PREMIUM]",18597.13,"2.5L 4","ALL WHEEL DRIVE","AUTOMATIC","GAS",4,"DEFAULT","Pure Sale","[PREMIUM]",,"CENTER RUTLAND","VT","05736","USA","USD","[PREMIUM]","[PREMIUM]","X010",false,"[PREMIUM]","2.5I LIMITED",false,false,"[PREMIUM]",,,,,,,,"[PREMIUM]"
"61889876","2026-08-17 21:05:34.115","2026-08-30 17:50:51.865","61889876","2026-08-17 14:35:46.000","[PREMIUM]","395","VT - RUTLAND",,,,"EDT","0","V",2022,"CHRYSLER","MINIVAN","VOYAGER","VAN PASSENGER","GRAY","FRONT END","MINOR DENT/SCRATCHES","VT","ST","YES","D",152495,"A","[PREMIUM]",0,"3.6L 6","FRONT WHEEL DRIVE","AUTOMATIC","FLEXIBLE",6,"Run & Drive Verified","Pure Sale","[PREMIUM]",,"CENTER RUTLAND","VT","05736","USA","USD","[PREMIUM]","[PREMIUM]","Y030",false,"[PREMIUM]","LX",false,false,"[PREMIUM]",,,,,,,,"[PREMIUM]"
"61070026","2026-08-17 21:05:34.032","2026-08-23 23:48:10.114","61070026","2026-08-21 19:42:55.000","[PREMIUM]","395","VT - RUTLAND","2026-08-24","MONDAY","1000","EDT","2526","V",2020,"HONDA","CIVIC","CIVIC","HATCHBACK","BLUE","FRONT END","MINOR DENT/SCRATCHES","NY","SM","YES","S",136132,"A","[PREMIUM]",16347.39,"1.5L 4","FRONT WHEEL DRIVE","AUTOMATIC","GAS",4,"Vehicle Starts","Pure Sale","[PREMIUM]",,"CENTER RUTLAND","VT","05736","USA","USD","[PREMIUM]","[PREMIUM]","X030",false,"[PREMIUM]","LX",false,false,"[PREMIUM]",,,,,,,,"[PREMIUM]"
"47585186","2026-08-17 21:05:33.511","2026-08-23 23:48:09.618","47585186","2026-08-21 19:42:55.000","[PREMIUM]","395","VT - RUTLAND","2026-08-24","MONDAY","1000","EDT","37","V",2012,"FIAT","500","500","HATCHBACK 2DR","WHITE","FRONT END","MINOR DENT/SCRATCHES","ID","SC","YES","D",105096,"A","[PREMIUM]",3326,"1.4L 4","FRONT WHEEL DRIVE","MANUAL","GAS",4,"Run & Drive Verified","Pure Sale","[PREMIUM]",,"CENTER RUTLAND","VT","05736","USA","USD","[PREMIUM]","[PREMIUM]","Y020",false,"[PREMIUM]","POP",false,false,"[PREMIUM]",,,,,,,,"[PREMIUM]"
"87262865","2026-08-17 21:05:33.393","2026-08-30 17:50:50.639","87262865","2026-08-27 21:00:33.000","[PREMIUM]","855","WHOLESALE AUCTION","2026-09-03","THURSDAY","1200","EDT","0","V",2024,"TOYOTA","BZ4X XLE","BZ4X",,"GRAY","FRONT END","REAR END","TX","CT","YES","D",7933,"A","[PREMIUM]",12965,"0","Front-wheel Drive","AUTOMATIC","ELECTRIC",0,"Run & Drive Verified","On Minimum Bid","[PREMIUM]",,"TAYLOR","TX","76574","USA","USD","[PREMIUM]","[PREMIUM]","G010",false,"[PREMIUM]","XLE",false,true,"[PREMIUM]",,,,,"RED LIGHT",1.5,,"[PREMIUM]"
"65757776","2026-08-17 21:05:33.233","2026-08-23 23:48:09.188","65757776","2026-08-21 12:39:52.000","[PREMIUM]","394","TX - NORTH AUSTIN","2026-08-27","THURSDAY","1200","CDT","0","V",2010,"KIA","SOUL","SOUL","WAGON","SILVER","NORMAL WEAR",,"TX","CT","YES","D",168988,"A","[PREMIUM]",0,"2.0L 4","FRONT WHEEL DRIVE","AUTOMATIC","GAS",4,"Run & Drive Verified","On Minimum Bid","[PREMIUM]",,"TAYLOR","TX","76574","USA","USD","[PREMIUM]","[PREMIUM]","D010",true,"[PREMIUM]","+",false,false,"[PREMIUM]",,,,,,,,"[PREMIUM]"
"65131366","2026-08-17 21:05:33.192","2026-08-27 11:46:28.005","65131366","2026-08-26 19:37:18.000","[PREMIUM]","394","TX - NORTH AUSTIN","2026-08-27","THURSDAY","1200","CDT","60","V",2014,"DODGE","DURANGO","DURANGO","4DR SPORT UTILITY","BLUE","FRONT END",,"TX","CT","YES","D",180860,"A","[PREMIUM]",0,"3.6L 6","REAR WHEEL DRIVE","AUTOMATIC","FLEXIBLE",6,"Run & Drive Verified","On Minimum Bid","[PREMIUM]",,"TAYLOR","TX","76574","USA","USD","[PREMIUM]","[PREMIUM]","E170",true,"[PREMIUM]","LIMITED",false,false,"[PREMIUM]",,,,,,,,"[PREMIUM]"
"64896426","2026-08-17 21:05:33.184","2026-08-20 05:44:12.949","64896426","2026-08-19 18:03:52.000","[PREMIUM]","394","TX - NORTH AUSTIN","2026-08-20","THURSDAY","1200","CDT","4034","V",2012,"HONDA","ACCORD","ACCORD","SEDAN 4DR","WHITE","REAR END",,"TX","SV","YES","D",148689,"A","[PREMIUM]",10146,"2.4L 4","FRONT WHEEL DRIVE","AUTOMATIC","GAS",4,"Run & Drive Verified","Pure Sale","[PREMIUM]",,"TAYLOR","TX","76574","USA","USD","[PREMIUM]","[PREMIUM]","D010",false,"[PREMIUM]","LX",false,false,"[PREMIUM]",,,,,,,,"[PREMIUM]"
"63345326","2026-08-17 21:05:32.652","2026-08-31 05:51:06.165","63345326","2026-08-29 01:58:26.000","[PREMIUM]","394","TX - NORTH AUSTIN","2026-09-03","THURSDAY","1200","CDT","0","V",2025,"TESLA","CYBERTRUCK","CYBERTRUCK","PICKUP","GRAY","REAR END","SIDE","TX","SV","NO","E",4711,"A","[PREMIUM]",0,,"ALL WHEEL DRIVE","AUTOMATIC","ELECTRIC",,"DEFAULT","On Minimum Bid","[PREMIUM]",,"TAYLOR","TX","76574","USA","USD","[PREMIUM]","[PREMIUM]","A170",true,"[PREMIUM]",,false,false,"[PREMIUM]",,,,,,,,"[PREMIUM]"
"60711646","2026-08-17 21:05:31.731","2026-08-20 05:44:10.239","60711646","2026-08-19 18:03:52.000","[PREMIUM]","394","TX - NORTH AUSTIN","2026-08-20","THURSDAY","1200","CDT","3126","V",2020,"RAM","1500","1500 CLASSIC","PICKUP","MAROON","FRONT END","SIDE","TX","SV","NO",,141960,"A","[PREMIUM]",18000,"5.7L 8","4X4 W/REAR WHEEL DRV","AUTOMATIC","GAS",8,,"Pure Sale","[PREMIUM]",,"TAYLOR","TX","76574","USA","USD","[PREMIUM]","[PREMIUM]","G190",false,"[PREMIUM]","SLT",false,false,"[PREMIUM]",,,,,,,,"[PREMIUM]"
"60215926","2026-08-17 21:05:31.583","2026-08-20 05:44:09.935","60215926","2026-08-19 18:03:52.000","[PREMIUM]","394","TX - NORTH AUSTIN","2026-08-20","THURSDAY","1200","CDT","2117","V",2016,"HONDA","CIVIC","CIVIC","SEDAN 4DR","SILVER","SIDE",,"TX","SV","YES","D",73192,"A","[PREMIUM]",13036,"2.0L 4","FRONT WHEEL DRIVE","AUTOMATIC","GAS",4,"Run & Drive Verified","Pure Sale","[PREMIUM]",,"TAYLOR","TX","76574","USA","USD","[PREMIUM]","[PREMIUM]","C060",false,"[PREMIUM]","LX",false,false,"[PREMIUM]",,,,,,,,"[PREMIUM]"
"58326026","2026-08-17 21:05:30.900","2026-08-20 05:44:08.779","58326026","2026-08-19 18:03:52.000","[PREMIUM]","394","TX - NORTH AUSTIN","2026-08-20","THURSDAY","1200","CDT","2120","V",2014,"INFINITI","QX60","QX60","SUV","BLACK","REAR END",,"TX","SV","YES","D",137378,"A","[PREMIUM]",0,"3.5L 6","FRONT WHEEL DRIVE","AUTOMATIC","GAS",6,"Run & Drive Verified","Pure Sale","[PREMIUM]",,"TAYLOR","TX","76574","USA","USD","[PREMIUM]","[PREMIUM]","E170",false,"[PREMIUM]","BASE",false,false,"[PREMIUM]",,,,,,,,"[PREMIUM]"
"55316366","2026-08-17 21:05:30.075","2026-08-27 11:46:23.776","55316366","2026-08-26 19:37:18.000","[PREMIUM]","394","TX - NORTH AUSTIN","2026-08-27","THURSDAY","1200","CDT","79","V",2018,"CHEVROLET","MALIBU","MALIBU","SEDAN","SILVER","FRONT END","REAR END","ID","SC","YES","D",89253,"A","[PREMIUM]",8504,"1.5L 4","FRONT WHEEL DRIVE","AUTOMATIC","GAS",4,"Run & Drive Verified","Pure Sale","[PREMIUM]",,"TAYLOR","TX","76574","USA","USD","[PREMIUM]","[PREMIUM]","G110",false,"[PREMIUM]","LS",false,false,"[PREMIUM]",,,,,,,,"[PREMIUM]"
"53254486","2026-08-17 21:05:29.760","2026-08-20 05:44:07.503","53254486","2026-08-19 18:03:52.000","[PREMIUM]","394","TX - NORTH AUSTIN","2026-08-20","THURSDAY","1200","CDT","3066","V",2008,"LEXUS","IS","IS250",,"BLACK","FRONT END",,"TX","SV","NO","E",123441,"E","[PREMIUM]",7127,,,"AUTOMATIC",,,"DEFAULT","Pure Sale","[PREMIUM]",,"TAYLOR","TX","76574","USA","USD","[PREMIUM]","[PREMIUM]","B080",false,"[PREMIUM]",,false,false,"[PREMIUM]",,,,,,,,"[PREMIUM]"
"53000436","2026-08-17 21:05:29.721","2026-08-27 11:46:23.489","53000436","2026-08-26 19:37:19.000","[PREMIUM]","394","TX - NORTH AUSTIN","2026-08-27","THURSDAY","1200","CDT","3020","V",2023,"FORD","MAVERICK","MAVERICK","PICKUP","RED","FRONT END","SIDE","ID","SC","YES","S",31154,"A","[PREMIUM]",26254,"2.5L 4","FRONT WHEEL DRIVE","AUTOMATIC","ELECTRIC AND GAS HYBRID",4,"Vehicle Starts","Pure Sale","[PREMIUM]",,"TAYLOR","TX","76574","USA","USD","[PREMIUM]","[PREMIUM]","G150",false,"[PREMIUM]","XL",false,false,"[PREMIUM]",,,,,,,,"[PREMIUM]"
"64611516","2026-08-17 21:05:29.386","2026-08-23 23:48:06.097","64611516","2026-08-21 13:08:56.000","[PREMIUM]","386","LA - VINTON","2026-08-24","MONDAY","1200","CDT","1138","V",2018,"TOYOTA","RAV4","RAV4","SPORT UTILITY VEHICLE","RED","REAR END",,"LA","ST","YES","E",0,"N","[PREMIUM]",15864.52,"2.5L 4","FRONT WHEEL DRIVE","AUTOMATIC","GAS",4,"DEFAULT","Pure Sale","[PREMIUM]",,"SULPHUR","LA","70663","USA","USD","[PREMIUM]","[PREMIUM]","D040",false,"[PREMIUM]","LE",false,false,"[PREMIUM]",,,,,,,,"[PREMIUM]"
"64288196","2026-08-17 21:05:29.378","2026-08-17 21:05:29.378","64288196","2026-08-17 20:27:01.000","[PREMIUM]","855","WHOLESALE AUCTION","2026-08-18","TUESDAY","1200","EDT","0","V",2017,"NISSAN","VERSA","VERSA","SEDAN","GRAY","FRONT END","REAR END","TX","CT","NO","E",111323,"N","[PREMIUM]",0,"1.6L 4","FRONT WHEEL DRIVE","AUTOMATIC","GAS",4,"DEFAULT","On Minimum Bid","[PREMIUM]",,"SULPHUR","LA","70663","USA","USD","[PREMIUM]","[PREMIUM]","A020",false,"[PREMIUM]","1.6 SV",false,true,"[PREMIUM]",,,,,"RED LIGHT",1,,"[PREMIUM]"
"63661516","2026-08-17 21:05:29.308","2026-08-30 17:50:45.936","63661516","2026-08-27 22:30:02.000","[PREMIUM]","386","LA - VINTON",,,,"CDT","0","V",2016,"HYUNDAI","ELANTRA","ELANTRA","SEDAN","BLUE","WATER/FLOOD",,"LA","FS","YES","D",105017,"A","[PREMIUM]",6676,"1.8L 4","FRONT WHEEL DRIVE","AUTOMATIC","GAS",4,"Run & Drive Verified","Pure Sale","[PREMIUM]",,"SULPHUR","LA","70663","USA","USD","[PREMIUM]","[PREMIUM]","C040",false,"[PREMIUM]","SE",false,false,"[PREMIUM]",,,,,,,,"[PREMIUM]"
"63413886","2026-08-17 21:05:29.295","2026-08-31 05:51:03.862","63413886","2026-08-27 17:18:31.000","[PREMIUM]","855","WHOLESALE AUCTION","2026-09-01","TUESDAY","1200","EDT","0","V",2013,"NISSAN","PATHFINDER","PATHFINDER","SUV","RED","MECHANICAL","MINOR DENT/SCRATCHES","LA","CT","YES","D",171210,"A","[PREMIUM]",0,"3.5L 6","FRONT WHEEL DRIVE","AUTOMATIC","GAS",6,"Run & Drive Verified","On Minimum Bid","[PREMIUM]",,"SULPHUR","LA","70663","USA","USD","[PREMIUM]","[PREMIUM]","A010",false,"[PREMIUM]","S",false,true,"[PREMIUM]",,,,,"RED LIGHT",4.3,"Maintenance,Safety,Other,Emission","[PREMIUM]"
"62881036","2026-08-17 21:05:29.250","2026-08-17 21:05:29.250","62881036","2026-08-17 20:01:45.000","[PREMIUM]","855","WHOLESALE AUCTION","2026-08-18","TUESDAY","1200","EDT","7264","V",2021,"NISSAN","KICKS","KICKS","HATCHBACK","GRAY","FRONT END","SIDE","TX","CT","YES","E",111081,"A","[PREMIUM]",13529,"1.6L 4","FRONT WHEEL DRIVE","AUTOMATIC","GAS",4,"DEFAULT","On Approval","[PREMIUM]",,"SULPHUR","LA","70663","USA","USD","[PREMIUM]","[PREMIUM]","A020",false,"[PREMIUM]","SR",false,true,"[PREMIUM]",,,,,"RED LIGHT",0,,"[PREMIUM]"
"62822046","2026-08-17 21:05:29.247","2026-08-30 17:50:45.820","62822046","2026-08-28 13:44:44.000","[PREMIUM]","386","LA - VINTON","2026-08-31","MONDAY","1200","CDT","62","V",2015,"NISSAN","ALTIMA","ALTIMA","SEDAN","BURGUNDY","REAR END","SIDE","AZ","SC","YES","D",199808,"A","[PREMIUM]",0,"2.5L 4","FRONT WHEEL DRIVE","AUTOMATIC","GAS",4,"Run & Drive Verified","On Minimum Bid","[PREMIUM]",,"SULPHUR","LA","70663","USA","USD","[PREMIUM]","[PREMIUM]","C010",true,"[PREMIUM]","2.5 S",false,false,"[PREMIUM]",,,,,,,,"[PREMIUM]"
"59339066","2026-08-17 21:05:29.030","2026-08-19 03:01:53.285","59339066","2026-08-17 15:37:29.000","[PREMIUM]","835","MEDIUM DUTY SPECIALTY SALE","2026-08-19","WEDNESDAY","1100","CDT","0","K",2023,"FORD","F250","F250","PICKUP","WHITE","FRONT END","SIDE","TX","SV","YES","E",0,"N","[PREMIUM]",32283.08,"6.8L 8","REAR WHEEL DRIVE","AUTOMATIC","GAS",8,"DEFAULT","Pure Sale","[PREMIUM]",,"SULPHUR","LA","70663","USA","USD","[PREMIUM]","[PREMIUM]","HV001",false,"[PREMIUM]","SUPER DUTY",false,false,"[PREMIUM]",,,,,,,,"[PREMIUM]"
"55283446","2026-08-17 21:05:28.776","2026-08-19 03:01:52.970","55283446","2026-08-17 15:24:50.000","[PREMIUM]","835","MEDIUM DUTY SPECIALTY SALE","2026-08-19","WEDNESDAY","1100","CDT","0","K",2023,"FORD","F250","F250","PICKUP","WHITE","FRONT END","REAR END","TX","SV","YES","S",79809,"A","[PREMIUM]",41433.11,"6.7L 8","4X4 W/REAR WHEEL DRV","AUTOMATIC","DIESEL",8,"Vehicle Starts","Pure Sale","[PREMIUM]",,"SULPHUR","LA","70663","USA","USD","[PREMIUM]","[PREMIUM]","HV001",false,"[PREMIUM]","SUPER DUTY",false,false,"[PREMIUM]",,,,,,,,"[PREMIUM]"
"95333235","2026-08-17 21:05:28.534","2026-08-30 17:50:44.970","95333235","2026-08-17 20:24:32.000","[PREMIUM]","385","MI - WAYLAND",,,,"EDT","0","V",2020,"KIA","SORENTO","SORENTO",,"BLACK","FRONT END",,"MI","PO","YES","D",88401,"A","[PREMIUM]",14236.13,"2.4L  4","ALL WHEEL DRIVE","AUTOMATIC","GAS",4,"Run & Drive Verified","Pure Sale","[PREMIUM]",,"WAYLAND","MI","49348","USA","USD","[PREMIUM]","[PREMIUM]","C190",false,"[PREMIUM]","L",false,false,"[PREMIUM]",,,,,,,,"[PREMIUM]"
"77275965","2026-08-17 21:05:28.442","2026-08-20 05:44:05.738","77275965","2026-08-17 17:53:37.000","[PREMIUM]","385","MI - WAYLAND","2026-08-20","THURSDAY","1000","EDT","0","V",2019,"FORD","All Models","F150",,"WHITE","BURN","BURN - INTERIOR","MI","CZ","EXM","E",0,"N","[PREMIUM]",45750.74,"5.0L  8","4x4 w/Rear Wheel Drv","AUTOMATIC","GAS",8,"DEFAULT","Pure Sale","[PREMIUM]",,"WAYLAND","MI","49348","USA","USD","[PREMIUM]","[PREMIUM]","Q110",false,"[PREMIUM]",,false,false,"[PREMIUM]",,,,,,,,"[PREMIUM]"
"75128535","2026-08-17 21:05:28.383","2026-08-20 05:44:05.672","75128535","2026-08-17 17:54:21.000","[PREMIUM]","385","MI - WAYLAND","2026-08-20","THURSDAY","1000","EDT","0","V",2019,"CHEVROLET","BLAZER","BLAZER",,"GRAY","BURN",,"MI","CZ","EXM","E",0,"N","[PREMIUM]",18643,"3.6L  6","ALL WHEEL DRIVE","AUTOMATIC","GAS",6,"DEFAULT","Pure Sale","[PREMIUM]",,"WAYLAND","MI","49348","USA","USD","[PREMIUM]","[PREMIUM]","Q130",false,"[PREMIUM]","PREMIER",false,false,"[PREMIUM]",,,,,,,,"[PREMIUM]"
"64925246","2026-08-17 21:05:28.306","2026-08-23 05:50:46.494","64925246","2026-08-21 21:51:48.000","[PREMIUM]","385","MI - WAYLAND","2026-08-27","THURSDAY","1000","EDT","0","V",2015,"SUBARU","FORESTER","FORESTER","4DR SPORT UTILITY","BLUE","FRONT END",,"MI","CT","YES","D",111538,"A","[PREMIUM]",9718.06,"2.5L 4","ALL WHEEL DRIVE","AUTOMATIC","GAS",4,"Run & Drive Verified","On Minimum Bid","[PREMIUM]",,"WAYLAND","MI","49348","USA","USD","[PREMIUM]","[PREMIUM]","G140",false,"[PREMIUM]","2.5I TOURING",false,false,"[PREMIUM]",,,,,,,,"[PREMIUM]"
"65032846","2026-08-17 21:05:28.294","2026-08-30 17:50:44.129","65032846","2026-08-18 22:05:24.000","[PREMIUM]","385","MI - WAYLAND",,,,"EDT","0","V",2019,"CHEVROLET","EQUINOX","EQUINOX","SPORT UTILITY VEHICLE","RED","REAR END",,"MI","CT","YES","D",62282,"A","[PREMIUM]",11700.41,"1.5L 4","ALL WHEEL DRIVE","AUTOMATIC","GAS",4,"Run & Drive Verified","Pure Sale","[PREMIUM]",,"WAYLAND","MI","49348","USA","USD","[PREMIUM]","[PREMIUM]","I100",false,"[PREMIUM]","LT",false,false,"[PREMIUM]",,,,,,,,"[PREMIUM]"
"64647376","2026-08-17 21:05:28.232","2026-08-20 05:44:05.235","64647376","2026-08-17 16:52:34.000","[PREMIUM]","385","MI - WAYLAND","2026-08-20","THURSDAY","1000","EDT","0","V",2014,"JEEP","WRANGLER","WRANGLER UNLIMITED","4DR SPORT UTILITY","GRAY","VANDALISM",,"MI","CT","YES","D",132261,"A","[PREMIUM]",9210.11,"3.6L 6","4X4 W/REAR WHEEL DRV","AUTOMATIC","FLEXIBLE",6,"Run & Drive Verified","Pure Sale","[PREMIUM]",,"WAYLAND","MI","49348","USA","USD","[PREMIUM]","[PREMIUM]","K120",false,"[PREMIUM]","SAHARA",false,false,"[PREMIUM]",,,,,,,,"[PREMIUM]"
"64471196","2026-08-17 21:05:28.132","2026-08-20 05:44:05.039","64471196","2026-08-17 16:35:04.000","[PREMIUM]","385","MI - WAYLAND","2026-08-20","THURSDAY","1000","EDT","0","V",2012,"TOYOTA","SIENNA","SIENNA","SPORTS VAN","GRAY","SIDE","REAR END","MI","CT","YES","S",227199,"A","[PREMIUM]",9956,"3.5L 6","FRONT WHEEL DRIVE","AUTOMATIC","GAS",6,"Vehicle Starts","Pure Sale","[PREMIUM]",,"WAYLAND","MI","49348","USA","USD","[PREMIUM]","[PREMIUM]","L190",false,"[PREMIUM]","LE",false,false,"[PREMIUM]",,,,,,,,"[PREMIUM]"
"64341196","2026-08-17 21:05:28.110","2026-08-20 05:44:04.952","64341196","2026-08-17 17:10:32.000","[PREMIUM]","385","MI - WAYLAND","2026-08-20","THURSDAY","1000","EDT","0","V",2012,"TOYOTA","SEQUOIA","SEQUOIA","4DR SPORT UTILITY","BLACK","FRONT END","SIDE","MI","CT","YES","E",195810,"A","[PREMIUM]",12854.8,"5.7L 8","4X4 W/REAR WHEEL DRV","AUTOMATIC","FLEXIBLE",8,"DEFAULT","On Minimum Bid","[PREMIUM]",,"WAYLAND","MI","49348","USA","USD","[PREMIUM]","[PREMIUM]","REC",false,"[PREMIUM]","SR5",false,false,"[PREMIUM]",,,,,,,,"[PREMIUM]"
"64363146","2026-08-17 21:05:28.105","2026-08-21 12:54:08.012","64363146","2026-08-20 17:05:55.000","[PREMIUM]","385","MI - WAYLAND","2026-08-27","THURSDAY","1000","EDT","0","V",2016,"FORD","ESCAPE","ESCAPE","4DR SPORT UTILITY","GRAY","SIDE",,"MI","CT","YES","D",143964,"A","[PREMIUM]",5976.66,"2.0L 4","4X4 W/FRONT WHL DRV","AUTOMATIC","GAS",4,"Run & Drive Verified","On Minimum Bid","[PREMIUM]",,"WAYLAND","MI","49348","USA","USD","[PREMIUM]","[PREMIUM]","K200",false,"[PREMIUM]","SE",false,false,"[PREMIUM]",,,,,,,,"[PREMIUM]"
"64218646","2026-08-17 21:05:28.056","2026-08-20 05:44:04.874","64218646","2026-08-17 20:29:34.000","[PREMIUM]","385","MI - WAYLAND","2026-08-20","THURSDAY","1000","EDT","0","V",2013,"CHRYSLER","200","200","SEDAN 4DR","BLACK","FRONT END","REAR END","MI","RS","YES","D",84966,"A","[PREMIUM]",10526,"3.6L 6","FRONT WHEEL DRIVE","AUTOMATIC","FLEXIBLE",6,"Run & Drive Verified","Pure Sale","[PREMIUM]",,"WAYLAND","MI","49348","USA","USD","[PREMIUM]","[PREMIUM]","I100",false,"[PREMIUM]","TOURING",false,false,"[PREMIUM]",,,,,,,,"[PREMIUM]"
"63991706","2026-08-17 21:05:27.990","2026-08-30 17:50:43.606","63991706","2026-08-17 20:24:31.000","[PREMIUM]","385","MI - WAYLAND",,,,"EDT","0","V",2011,"FORD","EDGE","EDGE","4DR SPORT UTILITY","BURGUNDY","FRONT END",,"MI","CT","YES","D",175655,"A","[PREMIUM]",4823,"3.5L 6","FRONT WHEEL DRIVE","AUTOMATIC","GAS",6,"Run & Drive Verified","Pure Sale","[PREMIUM]",,"WAYLAND","MI","49348","USA","USD","[PREMIUM]","[PREMIUM]","F130",false,"[PREMIUM]","SEL",false,false,"[PREMIUM]",,,,,,,,"[PREMIUM]"
"63519076","2026-08-17 21:05:27.651","2026-08-20 05:44:04.369","63519076","2026-08-17 15:56:54.000","[PREMIUM]","385","MI - WAYLAND","2026-08-20","THURSDAY","1000","EDT","0","V",2013,"TOYOTA","CAMRY","CAMRY","SEDAN","GRAY","REAR END",,"MI","CT","YES","D",108767,"A","[PREMIUM]",10301.6,"2.5L 4","FRONT WHEEL DRIVE","AUTOMATIC","GAS",4,"Run & Drive Verified","Pure Sale","[PREMIUM]",,"WAYLAND","MI","49348","USA","USD","[PREMIUM]","[PREMIUM]","K130",false,"[PREMIUM]","LE",false,false,"[PREMIUM]",,,,,,,,"[PREMIUM]"
"63444396","2026-08-17 21:05:27.607","2026-08-20 05:44:04.329","63444396","2026-08-19 01:49:15.000","[PREMIUM]","385","MI - WAYLAND","2026-08-20","THURSDAY","1000","EDT","0","V",2012,"KIA","SORENTO","SORENTO","SUV","GRAY","FRONT END",,"MI","CT","YES","E",233079,"A","[PREMIUM]",1769,"2.4L 4","ALL WHEEL DRIVE","AUTOMATIC","GAS",4,"DEFAULT","On Minimum Bid","[PREMIUM]",,"WAYLAND","MI","49348","USA","USD","[PREMIUM]","[PREMIUM]","O170",false,"[PREMIUM]","LX",false,false,"[PREMIUM]",,,,,,,,"[PREMIUM]"
"63230456","2026-08-17 21:05:27.551","2026-08-24 11:46:37.870","63230456","2026-08-21 21:27:21.000","[PREMIUM]","855","WHOLESALE AUCTION","2026-08-25","TUESDAY","1200","EDT","0","V",2020,"CHEVROLET","EQUINOX","EQUINOX","SPORT UTILITY VEHICLE","BLUE","FRONT END",,"WV","CT","YES","D",71137,"A","[PREMIUM]",0,"1.5L 4","ALL WHEEL DRIVE","AUTOMATIC","GAS",4,"Run & Drive Verified","On Minimum Bid","[PREMIUM]",,"WAYLAND","MI","49348","USA","USD","[PREMIUM]","[PREMIUM]","E080",true,"[PREMIUM]","LT",false,true,"[PREMIUM]",,,,,"RED LIGHT",4.8,"Other","[PREMIUM]"
"62960656","2026-08-17 21:05:27.304","2026-08-20 05:44:03.893","62960656","2026-08-17 19:50:37.000","[PREMIUM]","385","MI - WAYLAND","2026-08-20","THURSDAY","1000","EDT","0","V",2021,"HYUNDAI","PALISADE","PALISADE","SPORT UTILITY VEHICLE","BLACK","FRONT END","SIDE","MI","PO","YES","E",0,"N","[PREMIUM]",38106.38,"3.8L 6","ALL WHEEL DRIVE","AUTOMATIC","GAS",6,"DEFAULT","On Minimum Bid","[PREMIUM]",,"WAYLAND","MI","49348","USA","USD","[PREMIUM]","[PREMIUM]","O210",false,"[PREMIUM]","LIMITED",false,false,"[PREMIUM]",,,,,,,,"[PREMIUM]"
"62418416","2026-08-17 21:05:26.979","2026-08-30 17:50:42.738","62418416","2026-08-18 16:55:54.000","[PREMIUM]","385","MI - WAYLAND",,,,"EDT","0","V",2024,"CHEVROLET","EQUINOX","EQUINOX","SPORT UTILITY VEHICLE","BLACK","FRONT END",,"MI","ST","YES","D",45709,"A","[PREMIUM]",18825.7,"1.5L 4","ALL WHEEL DRIVE","AUTOMATIC","GAS",4,"Run & Drive Verified","On Minimum Bid","[PREMIUM]",,"WAYLAND","MI","49348","USA","USD","[PREMIUM]","[PREMIUM]","L180",false,"[PREMIUM]","LT",false,false,"[PREMIUM]",,,,,,,,"[PREMIUM]"
"61683486","2026-08-17 21:05:26.601","2026-08-20 05:44:03.108","61683486","2026-08-17 14:51:23.000","[PREMIUM]","385","MI - WAYLAND","2026-08-20","THURSDAY","1000","EDT","0","V",2010,"SUBARU","FORESTER","FORESTER","4DR SPORT UTILITY","ORANGE","ROLLOVER",,"MI","CT","YES","S",176240,"E","[PREMIUM]",8868.43,"2.5L 4","ALL WHEEL DRIVE","AUTOMATIC","GAS",4,"Vehicle Starts","On Minimum Bid","[PREMIUM]",,"WAYLAND","MI","49348","USA","USD","[PREMIUM]","[PREMIUM]","N160",false,"[PREMIUM]","2.5X LIMITED",false,false,"[PREMIUM]",,,,,,,,"[PREMIUM]"
"61325596","2026-08-17 21:05:26.414","2026-08-26 05:49:13.020","61325596","2026-08-26 02:45:30.000","[PREMIUM]","838","RENTAL VEHICLE SALE","2026-08-26","WEDNESDAY","1200","EDT","0","V",2024,"CHEVROLET","MALIBU","MALIBU","SEDAN","GRAY","FRONT END","SIDE","FL","CD","YES","S",124739,"A","[PREMIUM]",21847,"1.5L 4","FRONT WHEEL DRIVE","AUTOMATIC","GAS",4,"Vehicle Starts","On Minimum Bid","[PREMIUM]",,"WAYLAND","MI","49348","USA","USD","[PREMIUM]","[PREMIUM]","E070",true,"[PREMIUM]","LT",false,false,"[PREMIUM]",,,,,,,,"[PREMIUM]"
"61325226","2026-08-17 21:05:26.408","2026-08-19 03:01:50.454","61325226","2026-08-19 02:17:42.000","[PREMIUM]","838","RENTAL VEHICLE SALE","2026-08-19","WEDNESDAY","1200","EDT","0","V",2026,"TOYOTA","RAV4","RAV4","SUV","BLACK","SIDE","FRONT END","FL","RB","YES","E",4757,"A","[PREMIUM]",13240,"2.5L 4","ALL WHEEL DRIVE","AUTOMATIC","ELECTRIC AND GAS HYBRID",4,"DEFAULT","On Minimum Bid","[PREMIUM]",,"WAYLAND","MI","49348","USA","USD","[PREMIUM]","[PREMIUM]","E080",false,"[PREMIUM]","XLE PREMIUM",false,false,"[PREMIUM]",,,,,,,,"[PREMIUM]"
"60991336","2026-08-17 21:05:26.166","2026-08-27 11:46:18.186","60991336","2026-08-27 08:00:28.000","[PREMIUM]","385","MI - WAYLAND","2026-08-27","THURSDAY","1000","EDT","3294","V",2015,"FORD","EXPLORER","EXPLORER","4DR SPORT UTILITY","WHITE","REAR END",,"MI","CT","YES","D",89696,"A","[PREMIUM]",9400,"3.5L 6","4X4 W/FRONT WHL DRV","AUTOMATIC","GAS",6,"Run & Drive Verified","On Minimum Bid","[PREMIUM]",,"WAYLAND","MI","49348","USA","USD","[PREMIUM]","[PREMIUM]","A120",false,"[PREMIUM]","LIMITED",false,false,"[PREMIUM]",,,,,,,,"[PREMIUM]"
"60712226","2026-08-17 21:05:25.988","2026-08-30 17:50:41.987","60712226","2026-08-17 20:24:31.000","[PREMIUM]","385","MI - WAYLAND",,,,"EDT","0","V",2017,"CHRYSLER","PACIFICA","PACIFICA","SPORTS VAN","RED","FRONT END",,"MI","CT","YES","D",143993,"A","[PREMIUM]",12444.5,"3.6L 6","FRONT WHEEL DRIVE","AUTOMATIC","FLEXIBLE",6,"Run & Drive Verified","Pure Sale","[PREMIUM]",,"WAYLAND","MI","49348","USA","USD","[PREMIUM]","[PREMIUM]","G100",false,"[PREMIUM]","TOURING",false,false,"[PREMIUM]",,,,,,,,"[PREMIUM]"
"60554706","2026-08-17 21:05:25.857","2026-08-20 05:44:02.195","60554706","2026-08-17 19:11:35.000","[PREMIUM]","385","MI - WAYLAND","2026-08-20","THURSDAY","1000","EDT","0","V",2009,"TOYOTA","COROLLA","COROLLA",,"RED","FRONT END",,"MI","CT","YES","D",197124,"E","[PREMIUM]",5445,,,"AUTOMATIC",,,"Run & Drive Verified","Pure Sale","[PREMIUM]",,"WAYLAND","MI","49348","USA","USD","[PREMIUM]","[PREMIUM]","B140",false,"[PREMIUM]","LE",false,false,"[PREMIUM]",,,,,,,,"[PREMIUM]"
"60320806","2026-08-17 21:05:25.779","2026-08-30 17:50:41.934","60320806","2026-08-21 15:53:13.000","[PREMIUM]","385","MI - WAYLAND",,,,"EDT","0","V",2021,"FORD","F-150","F150","PICKUP","SILVER","FRONT END",,"OH","ST","YES","E",72550,"A","[PREMIUM]",0,"5.0L 8","4X4 W/REAR WHEEL DRV","AUTOMATIC","GAS",8,"DEFAULT","Pure Sale","[PREMIUM]",,"WAYLAND","MI","49348","USA","USD","[PREMIUM]","[PREMIUM]","S100",false,"[PREMIUM]","SUPERCREW",false,false,"[PREMIUM]",,,,,,,,"[PREMIUM]"
"59965586","2026-08-17 21:05:25.587","2026-08-20 05:44:01.848","59965586","2026-08-18 01:13:57.000","[PREMIUM]","385","MI - WAYLAND","2026-08-20","THURSDAY","1000","EDT","0","V",2012,"LINCOLN","MKS","MKS","SEDAN 4DR","BLACK","FRONT END",,"MI","CT","YES","D",178341,"A","[PREMIUM]",10980,"3.7L 6","ALL WHEEL DRIVE","AUTOMATIC","GAS",6,"Run & Drive Verified","On Minimum Bid","[PREMIUM]",,"WAYLAND","MI","49348","USA","USD","[PREMIUM]","[PREMIUM]","Q180",false,"[PREMIUM]",,false,false,"[PREMIUM]",,,,,,,,"[PREMIUM]"
"59868236","2026-08-17 21:05:25.550","2026-08-20 05:44:01.785","59868236","2026-08-17 17:31:38.000","[PREMIUM]","385","MI - WAYLAND","2026-08-20","THURSDAY","1000","EDT","0","V",2015,"CHEVROLET","EQUINOX","EQUINOX","4DR SPORT UTILITY","BLACK","FRONT END","SIDE","MI","CT","YES","D",123067,"A","[PREMIUM]",5673.43,"2.4L 4","ALL WHEEL DRIVE","AUTOMATIC","FLEXIBLE",4,"Run & Drive Verified","Pure Sale","[PREMIUM]",,"WAYLAND","MI","49348","USA","USD","[PREMIUM]","[PREMIUM]","M210",false,"[PREMIUM]","LT",false,false,"[PREMIUM]",,,,,,,,"[PREMIUM]"
"59310556","2026-08-17 21:05:25.348","2026-08-31 05:50:59.239","59310556","2026-08-28 21:38:09.000","[PREMIUM]","385","MI - WAYLAND","2026-09-03","THURSDAY","1000","EDT","0","V",2008,"HONDA","CIVIC","CIVIC","SEDAN 4DR","GRAY","SIDE","REAR END","MI","CZ","YES","D",151159,"E","[PREMIUM]",0,"1.8L 4","FRONT WHEEL DRIVE","AUTOMATIC","GAS",4,"Run & Drive Verified","On Minimum Bid","[PREMIUM]",,"WAYLAND","MI","49348","USA","USD","[PREMIUM]","[PREMIUM]","K210",true,"[PREMIUM]","LX",false,false,"[PREMIUM]",,,,,,,,"[PREMIUM]"
"59246276","2026-08-17 21:05:25.320","2026-08-20 05:44:01.564","59246276","2026-08-17 14:52:54.000","[PREMIUM]","385","MI - WAYLAND","2026-08-20","THURSDAY","1000","EDT","0","V",2019,"DODGE","CARAVAN","GRAND CARAVAN","VAN PASSENGER","BURGUNDY","FRONT END",,"MI","CT","YES","D",168458,"A","[PREMIUM]",0,"3.6L 6","FRONT WHEEL DRIVE","AUTOMATIC","FLEXIBLE",6,"Run & Drive Verified","Pure Sale","[PREMIUM]",,"WAYLAND","MI","49348","USA","USD","[PREMIUM]","[PREMIUM]","E100",false,"[PREMIUM]","SXT",false,false,"[PREMIUM]",,,,,,,,"[PREMIUM]"
"59207076","2026-08-17 21:05:25.274","2026-08-20 05:44:01.498","59207076","2026-08-18 19:38:42.000","[PREMIUM]","385","MI - WAYLAND","2026-08-20","THURSDAY","1000","EDT","0","V",2015,"HONDA","ODYSSEY","ODYSSEY","SPORTS VAN","WHITE","FRONT END",,"MI","CT","YES","D",0,"N","[PREMIUM]",0,"3.5L 6","FRONT WHEEL DRIVE","AUTOMATIC","GAS",6,"Run & Drive Verified","On Minimum Bid","[PREMIUM]",,"WAYLAND","MI","49348","USA","USD","[PREMIUM]","[PREMIUM]","R200",false,"[PREMIUM]","TOURING",false,false,"[PREMIUM]",,,,,,,,"[PREMIUM]"
"58092496","2026-08-17 21:05:24.947","2026-08-20 05:44:01.237","58092496","2026-08-17 14:55:10.000","[PREMIUM]","385","MI - WAYLAND","2026-08-20","THURSDAY","1000","EDT","0","V",2021,"JEEP","CHEROKEE","GRAND CHEROKEE","SPORT UTILITY VEHICLE","BROWN","FRONT END",,"MI","CT","YES","D",67106,"A","[PREMIUM]",18441,"5.7L 8","4X4 W/REAR WHEEL DRV","AUTOMATIC","GAS",8,"Run & Drive Verified","Pure Sale","[PREMIUM]",,"WAYLAND","MI","49348","USA","USD","[PREMIUM]","[PREMIUM]","K170",false,"[PREMIUM]","SUMMIT",false,false,"[PREMIUM]",,,,,,,,"[PREMIUM]"
"57465306","2026-08-17 21:05:24.672","2026-08-30 17:50:40.786","57465306","2026-08-17 20:24:30.000","[PREMIUM]","385","MI - WAYLAND",,,,"EDT","0","V",2022,"BUICK","ENCORE","ENCORE","SPORT UTILITY VEHICLE","BLACK","FRONT END","SIDE","MI","PO","NO","E",0,"N","[PREMIUM]",19895.53,"1.4L 4","ALL WHEEL DRIVE","AUTOMATIC","GAS",4,"DEFAULT","Pure Sale","[PREMIUM]",,"WAYLAND","MI","49348","USA","USD","[PREMIUM]","[PREMIUM]","P210",false,"[PREMIUM]","PREFERRED",false,false,"[PREMIUM]",,,,,,,,"[PREMIUM]"
"51064596","2026-08-17 21:05:23.739","2026-08-31 17:50:17.805","51064596","2026-08-17 20:24:30.000","[PREMIUM]","385","MI - WAYLAND",,,,"EDT","0","V",2020,"FORD","MUSTANG","MUSTANG","COUPE","BLACK","SIDE","REAR END","MI","ST","YES","S",31814,"A","[PREMIUM]",36971,"5.0L 8","REAR WHEEL DRIVE","AUTOMATIC","GAS",8,"Vehicle Starts","Pure Sale","[PREMIUM]",,"WAYLAND","MI","49348","USA","USD","[PREMIUM]","[PREMIUM]","N170",false,"[PREMIUM]","GT",false,false,"[PREMIUM]",,,,,,,,"[PREMIUM]"
"50794676","2026-08-17 21:05:23.636","2026-08-30 17:50:40.312","50794676","2026-08-17 20:24:30.000","[PREMIUM]","385","MI - WAYLAND",,,,"EDT","0","V",2020,"NISSAN","ALTIMA","ALTIMA","SEDAN","BLACK","FRONT END","WATER/FLOOD","MI","CT","NO","E",177866,"A","[PREMIUM]",5356,"2.5L 4","FRONT WHEEL DRIVE","AUTOMATIC","GAS",4,"DEFAULT","On Minimum Bid","[PREMIUM]",,"WAYLAND","MI","49348","USA","USD","[PREMIUM]","[PREMIUM]","K140",false,"[PREMIUM]","S",false,false,"[PREMIUM]",,,,,,,,"[PREMIUM]"
"49813636","2026-08-17 21:05:23.596","2026-08-30 17:50:40.270","49813636","2026-08-17 20:24:30.000","[PREMIUM]","385","MI - WAYLAND",,,,"EDT","0","V",2017,"BUICK","ENVISION","ENVISION","4DR SPORT UTILITY","WHITE","REAR END","SIDE","MI","CT","YES","D",89217,"A","[PREMIUM]",13217.69,"2.0L 4","ALL WHEEL DRIVE","AUTOMATIC","GAS",4,"Run & Drive Verified","Pure Sale","[PREMIUM]",,"WAYLAND","MI","49348","USA","USD","[PREMIUM]","[PREMIUM]","G130",false,"[PREMIUM]","PREMIUM",false,false,"[PREMIUM]",,,,,,,,"[PREMIUM]"
"48336096","2026-08-17 21:05:23.569","2026-08-30 17:50:40.257","48336096","2026-08-12 20:34:20.000","[PREMIUM]","385","MI - WAYLAND",,,,"EDT","0","V",2010,"GMC","YUKON","YUKON XL","4DR SPORT UTILITY","BLUE","VANDALISM","ALL OVER","MI","CZ","EXM","E",0,"E","[PREMIUM]",8714,"5.3L 8","4X4 W/REAR WHEEL DRV","AUTOMATIC","FLEXIBLE",8,"DEFAULT","Pure Sale","[PREMIUM]",,"WAYLAND","MI","49348","USA","USD","[PREMIUM]","[PREMIUM]","Q100",false,"[PREMIUM]","K1500 SLT",false,false,"[PREMIUM]",,,,,,,,"[PREMIUM]"
"46244306","2026-08-17 21:05:23.496","2026-08-20 05:43:59.739","46244306","2026-08-17 17:46:22.000","[PREMIUM]","385","MI - WAYLAND","2026-08-20","THURSDAY","1000","EDT","0","V",2016,"CHEVROLET","SUBURBAN","SUBURBAN","4DR SPORT UTILITY","SILVER","WATER/FLOOD","REAR END","ID","SC","NO","E",0,"N","[PREMIUM]",26898,"5.3L 8","4X4 W/REAR WHEEL DRV","AUTOMATIC","GAS",8,"DEFAULT","Pure Sale","[PREMIUM]",,"WAYLAND","MI","49348","USA","USD","[PREMIUM]","[PREMIUM]","Q100",false,"[PREMIUM]","K1500 LT",false,false,"[PREMIUM]",,,,,,,,"[PREMIUM]"
"85967575","2026-08-17 21:05:23.344","2026-08-30 17:50:39.906","85967575","2026-08-17 20:16:29.000","[PREMIUM]","384","ME - WINDHAM",,,,"EDT","0","V",2021,"SUBARU","FORESTER","FORESTER","SPORT UTILITY VEHICLE","BLUE","FRONT END","UNDERCARRIAGE","ME","ST","YES","S",80220,"A","[PREMIUM]",12634.05,"2.5L 4","ALL WHEEL DRIVE","AUTOMATIC","GAS",4,"Vehicle Starts","Pure Sale","[PREMIUM]",,"WINDHAM","ME","04062","USA","USD","[PREMIUM]","[PREMIUM]","I040",false,"[PREMIUM]","LIMITED",false,false,"[PREMIUM]",,,,,,,,"[PREMIUM]"
"65275586","2026-08-17 21:05:23.303","2026-08-22 17:49:46.245","65275586","2026-08-21 15:48:54.000","[PREMIUM]","384","ME - WINDHAM","2026-08-26","WEDNESDAY","1000","EDT","0","V",2013,"NISSAN","XTERRA","XTERRA","SUV","BLACK","MINOR DENT/SCRATCHES",,"ME","CT","YES","D",213097,"A","[PREMIUM]",0,"4.0L 6","FOUR BY FOUR","MANUAL","GAS",6,"Run & Drive Verified","On Minimum Bid","[PREMIUM]",,"WINDHAM","ME","04062","USA","USD","[PREMIUM]","[PREMIUM]","B030",true,"[PREMIUM]","X",false,false,"[PREMIUM]",,,,,,,,"[PREMIUM]"
"65274386","2026-08-17 21:05:23.279","2026-08-20 05:43:59.471","65274386","2026-08-19 21:40:50.000","[PREMIUM]","384","ME - WINDHAM","2026-08-21","FRIDAY","1000","EDT","0","V",2013,"GMC","SIERRA","SIERRA","4DR EXT CAB PICKUP","WHITE","SIDE","MINOR DENT/SCRATCHES","ME","CT","YES","D",137274,"A","[PREMIUM]",0,"5.3L 8","4X4 W/REAR WHEEL DRV","AUTOMATIC","FLEXIBLE",8,"Run & Drive Verified","On Minimum Bid","[PREMIUM]",,"WINDHAM","ME","04062","USA","USD","[PREMIUM]","[PREMIUM]","C010",true,"[PREMIUM]","K1500 SLE",false,false,"[PREMIUM]",,,,,,,,"[PREMIUM]"
"65299756","2026-08-17 21:05:23.273","2026-08-21 12:54:04.803","65299756","2026-08-21 08:00:03.000","[PREMIUM]","384","ME - WINDHAM","2026-08-21","FRIDAY","1000","EDT","51","V",2011,"TOYOTA","CAMRY","CAMRY","SEDAN","SILVER","MINOR DENT/SCRATCHES",,"ME","CT","YES","D",225701,"A","[PREMIUM]",0,"2.5L 4","FRONT WHEEL DRIVE","AUTOMATIC","GAS",4,"Run & Drive Verified","On Minimum Bid","[PREMIUM]",,"WINDHAM","ME","04062","USA","USD","[PREMIUM]","[PREMIUM]","H020",true,"[PREMIUM]","XLE",false,false,"[PREMIUM]",,,,,,,,"[PREMIUM]"
"64487646","2026-08-17 21:05:23.233","2026-08-19 03:01:47.517","64487646","2026-08-17 20:09:17.000","[PREMIUM]","384","ME - WINDHAM","2026-08-19","WEDNESDAY","1000","EDT","0","V",2008,"TOYOTA","COROLLA","COROLLA","SEDAN","CREAM","MINOR DENT/SCRATCHES","NORMAL WEAR","ME","CT","YES","D",299999,"E","[PREMIUM]",0,"1.8L 4","FRONT WHEEL DRIVE","AUTOMATIC","GAS",4,"Run & Drive Verified","On Approval","[PREMIUM]",,"WINDHAM","ME","04062","USA","USD","[PREMIUM]","[PREMIUM]","A050",false,"[PREMIUM]","CE",false,false,"[PREMIUM]",,,,,,,,"[PREMIUM]"
"64511056","2026-08-17 21:05:23.232","2026-08-21 12:54:04.744","64511056","2026-08-21 08:00:03.000","[PREMIUM]","384","ME - WINDHAM","2026-08-21","FRIDAY","1000","EDT","1124","V",2003,"TOYOTA","CAMRY","CAMRY","SEDAN","BEIGE","FRONT END",,"ME","ST","YES","E",215128,"E","[PREMIUM]",8177,"2.4L 4","FRONT WHEEL DRIVE","AUTOMATIC","GAS",4,"DEFAULT","Pure Sale","[PREMIUM]",,"WINDHAM","ME","04062","USA","USD","[PREMIUM]","[PREMIUM]","D020",false,"[PREMIUM]","XLE",false,false,"[PREMIUM]",,,,,,,,"[PREMIUM]"
"64310655","2026-08-17 21:05:23.194","2026-08-26 05:49:09.983","64310655","2026-08-20 14:41:10.000","[PREMIUM]","384","ME - WINDHAM","2026-08-26","WEDNESDAY","1000","EDT","0","V",2007,"CHEVROLET","MALIBU","MALIBU",,"SILVER","TOP/ROOF",,"ID","SC","YES","D",50623,"A","[PREMIUM]",5567,"2.2L  4","Front-wheel Drive","AUTOMATIC","GAS",4,"Run & Drive Verified","Pure Sale","[PREMIUM]",,"WINDHAM","ME","04062","USA","USD","[PREMIUM]","[PREMIUM]","J010",false,"[PREMIUM]","LS",false,false,"[PREMIUM]",,,,,,,,"[PREMIUM]"
"63711786","2026-08-17 21:05:23.116","2026-08-30 17:50:39.473","63711786","2026-08-17 20:16:29.000","[PREMIUM]","384","ME - WINDHAM",,,,"EDT","0","V",2013,"TOYOTA","PRIUS","PRIUS","HATCHBAC","RED","FRONT END",,"ME","ST","YES","D",208829,"A","[PREMIUM]",5681.32,,,"AUTOMATIC",,,"Run & Drive Verified","Pure Sale","[PREMIUM]",,"WINDHAM","ME","04062","USA","USD","[PREMIUM]","[PREMIUM]","A030",false,"[PREMIUM]","TWO",false,false,"[PREMIUM]",,,,,,,,"[PREMIUM]"
"63844085","2026-08-17 21:05:23.116","2026-08-26 05:49:09.932","63844085","2026-08-21 15:53:14.000","[PREMIUM]","384","ME - WINDHAM","2026-08-26","WEDNESDAY","1000","EDT","0","V",2009,"BMW","3 SERIES","328",,"BLUE","REAR END","ALL OVER","ID","SC","YES","D",117568,"A","[PREMIUM]",5536,"3.0L  6","ALL WHEEL DRIVE","AUTOMATIC","GAS",6,"Run & Drive Verified","Pure Sale","[PREMIUM]",,"WINDHAM","ME","04062","USA","USD","[PREMIUM]","[PREMIUM]","I050",false,"[PREMIUM]","XI SULEV",false,false,"[PREMIUM]",,,,,,,,"[PREMIUM]"
"63708166","2026-08-17 21:05:23.114","2026-08-20 22:46:34.023","63708166","2026-08-20 21:37:01.000","[PREMIUM]","384","ME - WINDHAM","2026-08-21","FRIDAY","1000","EDT","0","V",2012,"CHEVROLET","CRUZE","CRUZE","SEDAN 4DR","RED","MINOR DENT/SCRATCHES",,"ME","CT","YES",,138778,"A","[PREMIUM]",0,"1.4L 4","FRONT WHEEL DRIVE","AUTOMATIC","GAS",4,,"On Minimum Bid","[PREMIUM]",,"WINDHAM","ME","04062","USA","USD","[PREMIUM]","[PREMIUM]","C040",true,"[PREMIUM]","LT",false,false,"[PREMIUM]",,,,,,,,"[PREMIUM]"
"63201256","2026-08-17 21:05:22.968","2026-08-30 17:50:39.335","63201256","2026-08-17 20:16:29.000","[PREMIUM]","384","ME - WINDHAM",,,,"EDT","0","V",2017,"TOYOTA","All Models","SIENNA","MINI-VAN","BLUE","FRONT END",,"ME","ST","YES","D",151822,"A","[PREMIUM]",100,"3.5L 6","ALL WHEEL DRIVE","AUTOMATIC","GAS",6,"Run & Drive Verified","Pure Sale","[PREMIUM]",,"WINDHAM","ME","04062","USA","USD","[PREMIUM]","[PREMIUM]","K020",false,"[PREMIUM]","XLE 7-PASSENGER",false,false,"[PREMIUM]",,,,,,,,"[PREMIUM]"
"63125616","2026-08-17 21:05:22.957","2026-08-30 17:50:39.343","63125616","2026-08-17 20:16:29.000","[PREMIUM]","384","ME - WINDHAM",,,,"EDT","0","V",2010,"TOYOTA","MATRIX","MATRIX","WAGON","SILVER","REAR END","FRONT END","ME","ST","YES","D",159813,"E","[PREMIUM]",5723,"1.8L 4","FRONT WHEEL DRIVE","AUTOMATIC","GAS",4,"Run & Drive Verified","Pure Sale","[PREMIUM]",,"WINDHAM","ME","04062","USA","USD","[PREMIUM]","[PREMIUM]","I110",false,"[PREMIUM]","BASE",false,false,"[PREMIUM]",,,,,,,,"[PREMIUM]"
"63010496","2026-08-17 21:05:22.920","2026-08-30 17:50:39.301","63010496","2026-08-17 20:16:29.000","[PREMIUM]","384","ME - WINDHAM",,,,"EDT","0","V",2019,"GMC","TERRAIN","TERRAIN","SPORT UTILITY VEHICLE","RED","FRONT END","SIDE","ME","ST","YES","D",42538,"A","[PREMIUM]",0,"1.5L 4","ALL WHEEL DRIVE","AUTOMATIC","GAS",4,"Run & Drive Verified","Pure Sale","[PREMIUM]",,"WINDHAM","ME","04062","USA","USD","[PREMIUM]","[PREMIUM]","C020",false,"[PREMIUM]","SLE",false,false,"[PREMIUM]",,,,,,,,"[PREMIUM]"
"62672086","2026-08-17 21:05:22.873","2026-08-30 17:50:39.245","62672086","2026-08-17 20:32:37.000","[PREMIUM]","384","ME - WINDHAM",,,,"EDT","0","V",2017,"SUBARU","CROSSTREK","CROSSTREK","4DR SPORT UTILITY","GRAY","SIDE","FRONT END","ME","ST","YES","D",83364,"A","[PREMIUM]",9640.38,"2.0L 4","ALL WHEEL DRIVE","AUTOMATIC","GAS",4,"Run & Drive Verified","Pure Sale","[PREMIUM]",,"WINDHAM","ME","04062","USA","USD","[PREMIUM]","[PREMIUM]","A060",false,"[PREMIUM]","PREMIUM",false,false,"[PREMIUM]",,,,,,,,"[PREMIUM]"
"62252756","2026-08-17 21:05:22.794","2026-08-30 17:50:39.117","62252756","2026-08-17 20:16:29.000","[PREMIUM]","384","ME - WINDHAM",,,,"EDT","0","V",2023,"HYUNDAI","ELANTRA","ELANTRA","SEDAN","BLACK","REAR END",,"ME","ST","YES","D",25977,"A","[PREMIUM]",17225.7,"2.0L 4","FRONT WHEEL DRIVE","AUTOMATIC","GAS",4,"Run & Drive Verified","Pure Sale","[PREMIUM]",,"WINDHAM","ME","04062","USA","USD","[PREMIUM]","[PREMIUM]","J010",false,"[PREMIUM]","SEL",false,false,"[PREMIUM]",,,,,,,,"[PREMIUM]"
"62406896","2026-08-17 21:05:22.759","2026-08-30 17:50:39.156","62406896","2026-08-17 20:16:29.000","[PREMIUM]","384","ME - WINDHAM",,,,"EDT","0","V",2013,"TOYOTA","CAMRY","CAMRY","SEDAN","GRAY","FRONT END",,"ME","ST","YES","D",147690,"A","[PREMIUM]",7535.38,"2.5L 4","FRONT WHEEL DRIVE","AUTOMATIC","GAS",4,"Run & Drive Verified","Pure Sale","[PREMIUM]",,"WINDHAM","ME","04062","USA","USD","[PREMIUM]","[PREMIUM]","C060",false,"[PREMIUM]","LE",false,false,"[PREMIUM]",,,,,,,,"[PREMIUM]"
"62034566","2026-08-17 21:05:22.679","2026-08-21 12:54:04.354","62034566","2026-08-21 08:00:03.000","[PREMIUM]","384","ME - WINDHAM","2026-08-21","FRIDAY","1000","EDT","10","V",2017,"FORD","ESCAPE","ESCAPE","4DR SPORT UTILITY","RED","FRONT END",,"ME","ST","YES","D",180079,"A","[PREMIUM]",8123.48,"2.0L 4","FRONT WHEEL DRIVE","AUTOMATIC","GAS",4,"Run & Drive Verified","Pure Sale","[PREMIUM]",,"WINDHAM","ME","04062","USA","USD","[PREMIUM]","[PREMIUM]","I080",false,"[PREMIUM]","TITANIUM",false,false,"[PREMIUM]",,,,,,,,"[PREMIUM]"
"61940796","2026-08-17 21:05:22.624","2026-08-21 12:54:04.261","61940796","2026-08-21 08:00:03.000","[PREMIUM]","384","ME - WINDHAM","2026-08-21","FRIDAY","1000","EDT","1101","V",2015,"HONDA","CIVIC","CIVIC","SEDAN 4DR","WHITE","FRONT END",,"ME","ST","NO","E",0,"N","[PREMIUM]",11855.21,"1.8L 4","FRONT WHEEL DRIVE","AUTOMATIC","GAS",4,"DEFAULT","Pure Sale","[PREMIUM]",,"WINDHAM","ME","04062","USA","USD","[PREMIUM]","[PREMIUM]","B020",false,"[PREMIUM]","EXL",false,false,"[PREMIUM]",,,,,,,,"[PREMIUM]"
"61684706","2026-08-17 21:05:22.577","2026-08-30 17:50:39.109","61684706","2026-08-17 20:16:29.000","[PREMIUM]","384","ME - WINDHAM",,,,"EDT","0","V",2013,"FORD","FUSION","FUSION","SEDAN 4DR","BLACK","FRONT END",,"ME","ST","YES","D",156662,"A","[PREMIUM]",7767,"1.6L 4","FRONT WHEEL DRIVE","AUTOMATIC","GAS",4,"Run & Drive Verified","On Approval","[PREMIUM]",,"WINDHAM","ME","04062","USA","USD","[PREMIUM]","[PREMIUM]","M030",false,"[PREMIUM]","SE",false,false,"[PREMIUM]",,,,,,,,"[PREMIUM]"
"61796656","2026-08-17 21:05:22.575","2026-08-30 17:50:39.068","61796656","2026-08-17 20:16:29.000","[PREMIUM]","384","ME - WINDHAM",,,,"EDT","0","V",2016,"FORD","EDGE","EDGE","4DR SPORT UTILITY","BLACK","FRONT END",,"ME","ST","YES","D",142888,"A","[PREMIUM]",3507.07,"2.0L 4","FRONT WHEEL DRIVE","AUTOMATIC","GAS",4,"Run & Drive Verified","Pure Sale","[PREMIUM]",,"WINDHAM","ME","04062","USA","USD","[PREMIUM]","[PREMIUM]","I010",false,"[PREMIUM]","SE",false,false,"[PREMIUM]",,,,,,,,"[PREMIUM]"
"61687886","2026-08-17 21:05:22.564","2026-08-30 17:50:39.025","61687886","2026-08-17 20:16:29.000","[PREMIUM]","384","ME - WINDHAM",,,,"EDT","0","V",2020,"FORD","EXPLORER","EXPLORER","SPORT UTILITY VEHICLE","WHITE","REAR END","TOP/ROOF","ME","ST","YES","D",84698,"A","[PREMIUM]",0,"2.3L 4","4X4 W/REAR WHEEL DRV","AUTOMATIC","GAS",4,"Run & Drive Verified","Pure Sale","[PREMIUM]",,"WINDHAM","ME","04062","USA","USD","[PREMIUM]","[PREMIUM]","I060",false,"[PREMIUM]","XLT",false,false,"[PREMIUM]",,,,,,,,"[PREMIUM]"
"61578656","2026-08-17 21:05:22.538","2026-08-30 17:50:39.121","61578656","2026-08-17 20:16:29.000","[PREMIUM]","384","ME - WINDHAM",,,,"EDT","0","V",2024,"CHRYSLER","PACIFICA","PACIFICA","VAN PASSENGER","BLACK","SIDE","FRONT END","ME","ST","YES","D",49185,"A","[PREMIUM]",18184,"3.6L 6","ALL WHEEL DRIVE","AUTOMATIC","FLEXIBLE",6,"Run & Drive Verified","On Approval","[PREMIUM]",,"WINDHAM","ME","04062","USA","USD","[PREMIUM]","[PREMIUM]","E010",false,"[PREMIUM]","TOURING L",false,false,"[PREMIUM]",,,,,,,,"[PREMIUM]"
"60634906","2026-08-17 21:05:22.309","2026-08-30 17:50:38.885","60634906","2026-08-17 20:16:29.000","[PREMIUM]","384","ME - WINDHAM",,,,"EDT","0","V",2026,"TOYOTA","PRIUS","PRIUS","HATCHBACK","GRAY","REAR END","SIDE","ME","ST","YES","S",6600,"A","[PREMIUM]",24788.6,"2.0L 4","FRONT WHEEL DRIVE","AUTOMATIC","ELECTRIC AND GAS HYBRID",4,"Vehicle Starts","Pure Sale","[PREMIUM]",,"WINDHAM","ME","04062","USA","USD","[PREMIUM]","[PREMIUM]","L050",false,"[PREMIUM]","XLE",false,false,"[PREMIUM]",,,,,,,,"[PREMIUM]"
"60326566","2026-08-17 21:05:22.292","2026-08-30 17:50:38.862","60326566","2026-08-17 20:16:29.000","[PREMIUM]","384","ME - WINDHAM",,,,"EDT","0","V",2024,"HONDA","CIVIC","CIVIC","HATCHBACK","BLACK","FRONT END","SIDE","ME","ST","NO","E",0,"N","[PREMIUM]",20958.54,"1.5L 4","FRONT WHEEL DRIVE","AUTOMATIC","GAS",4,"DEFAULT","On Minimum Bid","[PREMIUM]",,"WINDHAM","ME","04062","USA","USD","[PREMIUM]","[PREMIUM]","J070",false,"[PREMIUM]","EXL",false,false,"[PREMIUM]",,,,,,,,"[PREMIUM]"
"59795806","2026-08-17 21:05:22.173","2026-08-30 17:50:38.773","59795806","2026-08-17 20:16:29.000","[PREMIUM]","384","ME - WINDHAM",,,,"EDT","0","V",2024,"GMC","TERRAIN","TERRAIN","SPORT UTILITY VEHICLE","BLACK","FRONT END","SIDE","ME","ST","NO","E",0,"N","[PREMIUM]",0,"1.5L 4","ALL WHEEL DRIVE","AUTOMATIC","GAS",4,"DEFAULT","Pure Sale","[PREMIUM]",,"WINDHAM","ME","04062","USA","USD","[PREMIUM]","[PREMIUM]","G060",false,"[PREMIUM]","SLE",false,false,"[PREMIUM]",,,,,,,,"[PREMIUM]"
"59317046","2026-08-17 21:05:22.120","2026-08-21 12:54:03.944","59317046","2026-08-21 08:00:03.000","[PREMIUM]","384","ME - WINDHAM","2026-08-21","FRIDAY","1000","EDT","32","V",2012,"SUBARU","LEGACY","LEGACY","SEDAN 4DR","BLUE","FRONT END","SIDE","ME","ST","YES","D",86981,"A","[PREMIUM]",6283.85,"2.5L 4","ALL WHEEL DRIVE","AUTOMATIC","GAS",4,"Run & Drive Verified","Pure Sale","[PREMIUM]",,"WINDHAM","ME","04062","USA","USD","[PREMIUM]","[PREMIUM]","L010",false,"[PREMIUM]","2.5I PREMIUM",false,false,"[PREMIUM]",,,,,,,,"[PREMIUM]"
"59219246","2026-08-17 21:05:22.084","2026-08-30 17:50:38.736","59219246","2026-08-17 20:32:30.000","[PREMIUM]","384","ME - WINDHAM",,,,"EDT","0","V",2019,"CHEVROLET","SUBURBAN","SUBURBAN","SPORT UTILITY VEHICLE","WHITE","FRONT END","UNDERCARRIAGE","ME","ST","YES","D",173843,"A","[PREMIUM]",10032.53,"5.3L 8","4X4 W/REAR WHEEL DRV","AUTOMATIC","GAS",8,"Run & Drive Verified","Pure Sale","[PREMIUM]",,"WINDHAM","ME","04062","USA","USD","[PREMIUM]","[PREMIUM]","G020",false,"[PREMIUM]","K1500 LS",false,false,"[PREMIUM]",,,,,,,,"[PREMIUM]"
"58023396","2026-08-17 21:05:21.940","2026-08-30 17:50:38.658","58023396","2026-08-17 20:16:29.000","[PREMIUM]","384","ME - WINDHAM",,,,"EDT","0","V",2018,"SUBARU","FORESTER","FORESTER","SPORT UTILITY VEHICLE","BLACK","SIDE","REAR END","ME","ST","YES","D",107103,"A","[PREMIUM]",12065.69,"2.5L 4","ALL WHEEL DRIVE","AUTOMATIC","GAS",4,"Run & Drive Verified","Pure Sale","[PREMIUM]",,"WINDHAM","ME","04062","USA","USD","[PREMIUM]","[PREMIUM]","D020",false,"[PREMIUM]","2.5I LIMITED",false,false,"[PREMIUM]",,,,,,,,"[PREMIUM]"
"56032486","2026-08-17 21:05:21.819","2026-08-17 21:05:21.819","56032486","2026-08-17 16:39:20.000","[PREMIUM]","384","ME - WINDHAM",,,,"EDT","0","V",2018,"SUBARU","FORESTER","FORESTER","SPORT UTILITY VEHICLE","GREEN","FRONT END","REAR END","ID","SC","YES","S",101617,"A","[PREMIUM]",13263,"2.5L 4","ALL WHEEL DRIVE","AUTOMATIC","GAS",4,"Vehicle Starts","Pure Sale","[PREMIUM]",,"WINDHAM","ME","04062","USA","USD","[PREMIUM]","[PREMIUM]","J100",false,"[PREMIUM]","2.5I LIMITED",false,false,"[PREMIUM]",,,,,,,,"[PREMIUM]"
"54466806","2026-08-17 21:05:21.755","2026-08-30 17:50:38.476","54466806","2026-08-17 20:16:29.000","[PREMIUM]","384","ME - WINDHAM",,,,"EDT","0","V",2024,"JEEP","COMPASS","COMPASS","SPORT UTILITY VEHICLE","GRAY","FRONT END",,"ME","ST","YES","E",0,"N","[PREMIUM]",16014.9,"2.0L 4","4X4 W/FRONT WHL DRV","AUTOMATIC","GAS",4,"DEFAULT","On Approval","[PREMIUM]",,"WINDHAM","ME","04062","USA","USD","[PREMIUM]","[PREMIUM]","A060",false,"[PREMIUM]","SPORT",false,false,"[PREMIUM]",,,,,,,,"[PREMIUM]"
"54508036","2026-08-17 21:05:21.748","2026-08-30 17:50:38.487","54508036","2026-08-17 20:18:27.000","[PREMIUM]","384","ME - WINDHAM",,,,"EDT","0","V",2018,"FORD","ESCAPE","ESCAPE","SPORT UTILITY VEHICLE","BROWN","FRONT END",,"ME","ST","YES","D",112001,"A","[PREMIUM]",7577.29,"1.5L 4","4X4 W/FRONT WHL DRV","AUTOMATIC","GAS",4,"Run & Drive Verified","On Approval","[PREMIUM]",,"WINDHAM","ME","04062","USA","USD","[PREMIUM]","[PREMIUM]","E010",false,"[PREMIUM]","SE",false,false,"[PREMIUM]",,,,,,,,"[PREMIUM]"
"65698816","2026-08-17 21:05:21.559","2026-08-25 00:03:36.677","65698816","2026-08-24 11:59:07.000","[PREMIUM]","376","OH - AKRON","2026-08-25","TUESDAY","1000","EDT","39","V",2015,"HONDA","ACCORD","ACCORD","SEDAN 4DR","GRAY","MINOR DENT/SCRATCHES",,"OH","ST","YES","D",132775,"A","[PREMIUM]",5793.22,"2.4L 4","FRONT WHEEL DRIVE","AUTOMATIC","GAS",4,"Run & Drive Verified","Pure Sale","[PREMIUM]",,"BARBERTON","OH","44203","USA","USD","[PREMIUM]","[PREMIUM]","E080",false,"[PREMIUM]","LX",false,false,"[PREMIUM]",,,,,,,,"[PREMIUM]"
"65524556","2026-08-17 21:05:21.536","2026-08-21 12:54:03.470","65524556","2026-08-20 14:18:21.000","[PREMIUM]","376","OH - AKRON","2026-08-21","FRIDAY","1000","EDT","37","V",2015,"TOYOTA","CAMRY","CAMRY","SEDAN","BLACK","REAR END",,"OH","ST","YES","D",187547,"A","[PREMIUM]",13969.76,"2.5L 4","FRONT WHEEL DRIVE","AUTOMATIC","GAS",4,"Run & Drive Verified","Pure Sale","[PREMIUM]",,"BARBERTON","OH","44203","USA","USD","[PREMIUM]","[PREMIUM]","B060",false,"[PREMIUM]","LE",false,false,"[PREMIUM]",,,,,,,,"[PREMIUM]"
"65143036","2026-08-17 21:05:21.504","2026-08-25 00:03:36.420","65143036","2026-08-24 11:59:07.000","[PREMIUM]","376","OH - AKRON","2026-08-25","TUESDAY","1000","EDT","14","V",2015,"CHEVROLET","TAHOE","TAHOE","4DR SPORT UTILITY","BROWN","SIDE",,"OH","ST","YES","D",129891,"A","[PREMIUM]",14237.43,"5.3L 8","4X4 W/REAR WHEEL DRV","AUTOMATIC","GAS",8,"Run & Drive Verified","Pure Sale","[PREMIUM]",,"BARBERTON","OH","44203","USA","USD","[PREMIUM]","[PREMIUM]","E080",false,"[PREMIUM]","K1500 LTZ",false,false,"[PREMIUM]",,,,,,,,"[PREMIUM]"
"65345906","2026-08-17 21:05:21.499","2026-08-31 05:50:56.184","65345906","2026-08-28 14:01:47.000","[PREMIUM]","376","OH - AKRON","2026-09-04","FRIDAY","1000","EDT","0","V",2012,"HONDA","PILOT","PILOT","4DR SPORT UTILITY","GRAY","MINOR DENT/SCRATCHES",,"OH","CT","YES","D",188196,"A","[PREMIUM]",0,"3.5L 6","ALL WHEEL DRIVE","AUTOMATIC","GAS",6,"Run & Drive Verified","On Minimum Bid","[PREMIUM]",,"BARBERTON","OH","44203","USA","USD","[PREMIUM]","[PREMIUM]","C010",true,"[PREMIUM]","LX",false,false,"[PREMIUM]",,,,,,,,"[PREMIUM]"
"65116416","2026-08-17 21:05:21.471","2026-08-30 17:50:37.910","65116416","2026-08-25 16:30:49.000","[PREMIUM]","833","HEAVY-TRAILER-RV CLEAN SALE","2026-09-01","TUESDAY","1100","CDT","0","U",2004,"STERLING TRUCK","ALL MODELS","L","TRACTOR TRUCK","WHITE","NORMAL WEAR",,"OH","CT","YES","E",0,"N","[PREMIUM]",0,"6","REAR WHEEL DRIVE","AUTOMATIC","DIESEL",6,"DEFAULT","On Approval","[PREMIUM]",,"BARBERTON","OH","44203","USA","USD","[PREMIUM]","[PREMIUM]","HV001",false,"[PREMIUM]","7500",false,false,"[PREMIUM]",,,,,,,,"[PREMIUM]"
"65002506","2026-08-17 21:05:21.459","2026-08-21 12:54:03.353","65002506","2026-08-20 14:18:21.000","[PREMIUM]","376","OH - AKRON","2026-08-21","FRIDAY","1000","EDT","47","V",2023,"HYUNDAI","SANTA FE","SANTA FE","SPORT UTILITY VEHICLE","GRAY","FRONT END",,"OH","ST","YES","D",24919,"A","[PREMIUM]",22152.82,"2.5L 4","ALL WHEEL DRIVE","AUTOMATIC","GAS",4,"Run & Drive Verified","Pure Sale","[PREMIUM]",,"BARBERTON","OH","44203","USA","USD","[PREMIUM]","[PREMIUM]","F050",false,"[PREMIUM]","CALLIGRAPHY",false,false,"[PREMIUM]",,,,,,,,"[PREMIUM]"
"65014786","2026-08-17 21:05:21.452","2026-08-30 17:50:37.889","65014786","2026-08-25 21:46:17.000","[PREMIUM]","376","OH - AKRON","2026-09-01","TUESDAY","1000","EDT","0","V",2018,"HYUNDAI","ELANTRA","ELANTRA","SEDAN","SILVER","MECHANICAL",,"OH","RS","YES","E",136830,"A","[PREMIUM]",0,"2.0L 4","FRONT WHEEL DRIVE","AUTOMATIC","GAS",4,"DEFAULT","On Minimum Bid","[PREMIUM]",,"BARBERTON","OH","44203","USA","USD","[PREMIUM]","[PREMIUM]","D050",true,"[PREMIUM]","SEL",false,false,"[PREMIUM]",,,,,,,,"[PREMIUM]"
"64966626","2026-08-17 21:05:21.450","2026-08-21 12:54:03.364","64966626","2026-08-20 14:18:21.000","[PREMIUM]","376","OH - AKRON","2026-08-21","FRIDAY","1000","EDT","27","V",2025,"CHEVROLET","COLORADO","COLORADO","PICKUP","BLACK","REAR END",,"OH","ST","YES","D",8564,"A","[PREMIUM]",20830.67,"2.7L 4","REAR WHEEL DRIVE","AUTOMATIC","GAS",4,"Run & Drive Verified","Pure Sale","[PREMIUM]",,"BARBERTON","OH","44203","USA","USD","[PREMIUM]","[PREMIUM]","E110",false,"[PREMIUM]",,false,false,"[PREMIUM]",,,,,,,,"[PREMIUM]"
"65107836","2026-08-17 21:05:21.446","2026-08-22 17:49:44.759","65107836","2026-08-21 17:55:21.000","[PREMIUM]","376","OH - AKRON","2026-08-28","FRIDAY","1000","EDT","0","V",2014,"TOYOTA","CAMRY","CAMRY","SEDAN","GRAY","FRONT END",,"OH","ST","YES","D",89361,"A","[PREMIUM]",10926,"2.5L 4","FRONT WHEEL DRIVE","AUTOMATIC","GAS",4,"Run & Drive Verified","On Minimum Bid","[PREMIUM]",,"BARBERTON","OH","44203","USA","USD","[PREMIUM]","[PREMIUM]","E080",false,"[PREMIUM]","L",false,false,"[PREMIUM]",,,,,,,,"[PREMIUM]"
"64928286","2026-08-17 21:05:21.443","2026-08-21 12:54:03.353","64928286","2026-08-20 14:18:21.000","[PREMIUM]","376","OH - AKRON","2026-08-21","FRIDAY","1000","EDT","30","V",2009,"HONDA","PILOT","PILOT","4DR SPORT UTILITY","BLUE","REAR END","FRONT END","OH","ST","YES","D",116606,"A","[PREMIUM]",24208.12,"3.5L 6","FRONT WHEEL DRIVE","AUTOMATIC","GAS",6,"Run & Drive Verified","Pure Sale","[PREMIUM]",,"BARBERTON","OH","44203","USA","USD","[PREMIUM]","[PREMIUM]","F080",false,"[PREMIUM]","TOURING",false,false,"[PREMIUM]",,,,,,,,"[PREMIUM]"
"64757546","2026-08-17 21:05:21.420","2026-08-21 12:54:03.312","64757546","2026-08-20 14:18:20.000","[PREMIUM]","376","OH - AKRON","2026-08-21","FRIDAY","1000","EDT","13","V",2008,"FORD","FUSION","FUSION","SEDAN 4DR","WHITE","FRONT END",,"OH","ST","YES","D",109227,"A","[PREMIUM]",2064.21,"3.0L 6","FRONT WHEEL DRIVE","AUTOMATIC","GAS",6,"Run & Drive Verified","On Approval","[PREMIUM]",,"BARBERTON","OH","44203","USA","USD","[PREMIUM]","[PREMIUM]","D080",false,"[PREMIUM]","SEL",false,false,"[PREMIUM]",,,,,,,,"[PREMIUM]"
"64820906","2026-08-17 21:05:21.413","2026-08-25 00:03:35.875","64820906","2026-08-24 11:59:07.000","[PREMIUM]","376","OH - AKRON","2026-08-25","TUESDAY","1000","EDT","1116","V",2016,"FORD","FLEX","FLEX","4DR SPORT UTILITY","MAROON","FRONT END","MECHANICAL","OH","ST","YES","E",210402,"A","[PREMIUM]",16947.1,"3.5L 6","FRONT WHEEL DRIVE","AUTOMATIC","GAS",6,"DEFAULT","Pure Sale","[PREMIUM]",,"BARBERTON","OH","44203","USA","USD","[PREMIUM]","[PREMIUM]","E040",false,"[PREMIUM]","SEL",false,false,"[PREMIUM]",,,,,,,,"[PREMIUM]"
"64698236","2026-08-17 21:05:21.409","2026-08-30 17:50:37.833","64698236","2026-08-28 15:46:17.000","[PREMIUM]","376","OH - AKRON","2026-09-01","TUESDAY","1000","EDT","0","V",2008,"HUMMER","H3","H3","4DR SPORT UTILITY","BLACK","STRIPPED","MINOR DENT/SCRATCHES","OH","CT","EXM",,0,"N","[PREMIUM]",0,"3.7L 5","ALL WHEEL DRIVE","AUTOMATIC","GAS",5,,"On Minimum Bid","[PREMIUM]",,"BARBERTON","OH","44203","USA","USD","[PREMIUM]","[PREMIUM]","F050",true,"[PREMIUM]",,false,false,"[PREMIUM]",,,,,,,,"[PREMIUM]"
"64481706","2026-08-17 21:05:21.347","2026-08-30 17:50:37.837","64481706","2026-08-28 16:03:18.000","[PREMIUM]","376","OH - AKRON","2026-09-01","TUESDAY","1000","EDT","0","V",2018,"CHEVROLET","EQUINOX","EQUINOX","SPORT UTILITY VEHICLE","RED","SIDE","FRONT END","OH","CT","YES","E",147646,"A","[PREMIUM]",0,"1.5L 4","FRONT WHEEL DRIVE","AUTOMATIC","GAS",4,"DEFAULT","On Minimum Bid","[PREMIUM]",,"BARBERTON","OH","44203","USA","USD","[PREMIUM]","[PREMIUM]","F080",true,"[PREMIUM]","LT",false,false,"[PREMIUM]",,,,,,,,"[PREMIUM]"
"64529756","2026-08-17 21:05:21.336","2026-08-21 12:54:03.260","64529756","2026-08-20 14:18:21.000","[PREMIUM]","376","OH - AKRON","2026-08-21","FRIDAY","1000","EDT","40","V",2017,"FORD","FUSION","FUSION","SEDAN 4DR","WHITE","FRONT END","SIDE","OH","ST","YES","D",159321,"A","[PREMIUM]",0,"2.0L 4","FRONT WHEEL DRIVE","AUTOMATIC","ELECTRIC AND GAS HYBRID",4,"Run & Drive Verified","Pure Sale","[PREMIUM]",,"BARBERTON","OH","44203","USA","USD","[PREMIUM]","[PREMIUM]","E050",false,"[PREMIUM]","SE HYBRID",false,false,"[PREMIUM]",,,,,,,,"[PREMIUM]"
"64231056","2026-08-17 21:05:21.252","2026-08-21 12:54:03.209","64231056","2026-08-20 14:18:21.000","[PREMIUM]","376","OH - AKRON","2026-08-21","FRIDAY","1000","EDT","102","V",2020,"ACURA","MDX","MDX","SPORT UTILITY VEHICLE","WHITE","FRONT END",,"OH","ST","YES","D",79229,"A","[PREMIUM]",15308.83,"3.5L 6","ALL WHEEL DRIVE","AUTOMATIC","GAS",6,"Run & Drive Verified","Pure Sale","[PREMIUM]",,"BARBERTON","OH","44203","USA","USD","[PREMIUM]","[PREMIUM]","C070",false,"[PREMIUM]",,false,false,"[PREMIUM]",,,,,,,,"[PREMIUM]"
"64041146","2026-08-17 21:05:21.155","2026-08-21 12:54:03.156","64041146","2026-08-20 14:18:21.000","[PREMIUM]","376","OH - AKRON","2026-08-21","FRIDAY","1000","EDT","113","V",2014,"CHEVROLET","MALIBU","MALIBU","SEDAN 4DR","SILVER","FRONT END",,"OH","ST","YES","D",65689,"A","[PREMIUM]",6686.42,"2.5L 4","FRONT WHEEL DRIVE","AUTOMATIC","GAS",4,"Run & Drive Verified","Pure Sale","[PREMIUM]",,"BARBERTON","OH","44203","USA","USD","[PREMIUM]","[PREMIUM]","D030",false,"[PREMIUM]","LS",false,false,"[PREMIUM]",,,,,,,,"[PREMIUM]"
"64067566","2026-08-17 21:05:21.146","2026-08-25 00:03:35.629","64067566","2026-08-24 11:59:07.000","[PREMIUM]","376","OH - AKRON","2026-08-25","TUESDAY","1000","EDT","17","V",2016,"CHEVROLET","TRAX","TRAX","4DR SPORT UTILITY","BURGUNDY","FRONT END",,"OH","ST","YES","D",170481,"A","[PREMIUM]",5731,"1.4L 4","ALL WHEEL DRIVE","AUTOMATIC","GAS",4,"Run & Drive Verified","Pure Sale","[PREMIUM]",,"BARBERTON","OH","44203","USA","USD","[PREMIUM]","[PREMIUM]","D070",false,"[PREMIUM]","LS",false,false,"[PREMIUM]",,,,,,,,"[PREMIUM]"
"64079136","2026-08-17 21:05:21.145","2026-08-21 12:54:03.209","64079136","2026-08-20 14:18:21.000","[PREMIUM]","376","OH - AKRON","2026-08-21","FRIDAY","1000","EDT","39","V",2017,"NISSAN","VERSA","VERSA","SEDAN","BLUE","SIDE","FRONT END","OH","ST","YES","D",146731,"A","[PREMIUM]",3747.26,"1.6L 4","FRONT WHEEL DRIVE","AUTOMATIC","GAS",4,"Run & Drive Verified","Pure Sale","[PREMIUM]",,"BARBERTON","OH","44203","USA","USD","[PREMIUM]","[PREMIUM]","D030",false,"[PREMIUM]","1.6 S",false,false,"[PREMIUM]",,,,,,,,"[PREMIUM]"
"63806816","2026-08-17 21:05:21.111","2026-08-21 12:54:03.114","63806816","2026-08-20 14:18:21.000","[PREMIUM]","376","OH - AKRON","2026-08-21","FRIDAY","1000","EDT","43","V",2022,"MAZDA","CX-5","CX-5","SPORT UTILITY VEHICLE","RED","REAR END",,"OH","ST","YES","D",45475,"A","[PREMIUM]",24718,"2.5L 4","ALL WHEEL DRIVE","AUTOMATIC","GAS",4,"Run & Drive Verified","Pure Sale","[PREMIUM]",,"BARBERTON","OH","44203","USA","USD","[PREMIUM]","[PREMIUM]","B050",false,"[PREMIUM]",,false,false,"[PREMIUM]",,,,,,,,"[PREMIUM]"
"63698846","2026-08-17 21:05:21.053","2026-08-21 12:54:03.104","63698846","2026-08-20 14:18:20.000","[PREMIUM]","376","OH - AKRON","2026-08-21","FRIDAY","1000","EDT","6","V",2011,"FORD","ESCAPE","ESCAPE","4DR SPORT UTILITY","GRAY","FRONT END",,"OH","ST","YES","D",159782,"A","[PREMIUM]",0,"3.0L 6","ALL WHEEL DRIVE","AUTOMATIC","FLEXIBLE",6,"Run & Drive Verified","On Minimum Bid","[PREMIUM]",,"BARBERTON","OH","44203","USA","USD","[PREMIUM]","[PREMIUM]","C040",false,"[PREMIUM]","XLT",false,false,"[PREMIUM]",,,,,,,,"[PREMIUM]"
"63621666","2026-08-17 21:05:20.997","2026-08-21 12:54:03.107","63621666","2026-08-20 19:56:34.000","[PREMIUM]","376","OH - AKRON","2026-08-21","FRIDAY","1000","EDT","1101","V",2011,"JEEP","COMPASS","COMPASS","4DR SPORT UTILITY","GRAY","FRONT END","TOP/ROOF","OH","ST","YES","E",0,"N","[PREMIUM]",2320,"2.4L 4","4X4 W/FRONT WHL DRV","AUTOMATIC","GAS",4,"DEFAULT","Pure Sale","[PREMIUM]",,"BARBERTON","OH","44203","USA","USD","[PREMIUM]","[PREMIUM]","F040",false,"[PREMIUM]","SPORT",false,false,"[PREMIUM]",,,,,,,,"[PREMIUM]"
"63037676","2026-08-17 21:05:20.890","2026-08-26 05:49:08.290","63037676","2026-08-19 14:48:34.000","[PREMIUM]","835","MEDIUM DUTY SPECIALTY SALE","2026-08-26","WEDNESDAY","1100","CDT","0","K",2012,"FORD","ALL Models","ECONOLINE","SPORTS VAN","TAN","FRONT END","UNDERCARRIAGE","OH","ST","YES","E",0,"N","[PREMIUM]",8181.77,"5.4L 8","REAR WHEEL DRIVE","AUTOMATIC","GAS",8,"DEFAULT","Pure Sale","[PREMIUM]",,"BARBERTON","OH","44203","USA","USD","[PREMIUM]","[PREMIUM]","H100",false,"[PREMIUM]","E350 SUPER DUTY WAGON",false,false,"[PREMIUM]",,,,,,,,"[PREMIUM]"
"63110466","2026-08-17 21:05:20.877","2026-08-31 05:50:55.886","63110466","2026-08-30 02:00:40.000","[PREMIUM]","376","OH - AKRON","2026-09-01","TUESDAY","1000","EDT","0","V",2011,"GMC","SIERRA","SIERRA","4DR EXT CAB PICKUP","SILVER","REAR END",,"OH","ST","YES","D",99238,"A","[PREMIUM]",7109.1,"5.3L 8","4X4 W/REAR WHEEL DRV","AUTOMATIC","FLEXIBLE",8,"Run & Drive Verified","On Minimum Bid","[PREMIUM]",,"BARBERTON","OH","44203","USA","USD","[PREMIUM]","[PREMIUM]","E090",false,"[PREMIUM]","K1500 SLE",false,false,"[PREMIUM]",,,,,,,,"[PREMIUM]"
"63209316","2026-08-17 21:05:20.860","2026-08-21 12:54:03.015","63209316","2026-08-20 14:18:21.000","[PREMIUM]","376","OH - AKRON","2026-08-21","FRIDAY","1000","EDT","1119","V",2019,"HYUNDAI","TUCSON","TUCSON","SUV","GRAY","SIDE","UNDERCARRIAGE","OH","ST","NO","E",0,"N","[PREMIUM]",13889.94,"2.0L 4","FRONT WHEEL DRIVE","AUTOMATIC","GAS",4,"DEFAULT","Pure Sale","[PREMIUM]",,"BARBERTON","OH","44203","USA","USD","[PREMIUM]","[PREMIUM]","E070",false,"[PREMIUM]","VALUE",false,false,"[PREMIUM]",,,,,,,,"[PREMIUM]"
"63018446","2026-08-17 21:05:20.813","2026-08-21 12:54:02.957","63018446","2026-08-20 14:18:21.000","[PREMIUM]","376","OH - AKRON","2026-08-21","FRIDAY","1000","EDT","110","V",2012,"CHEVROLET","EQUINOX","EQUINOX","4DR SPORT UTILITY","RED","FRONT END",,"OH","ST","YES","D",116542,"A","[PREMIUM]",0,"2.4L 4","FRONT WHEEL DRIVE","AUTOMATIC","FLEXIBLE",4,"Run & Drive Verified","Pure Sale","[PREMIUM]",,"BARBERTON","OH","44203","USA","USD","[PREMIUM]","[PREMIUM]","C030",false,"[PREMIUM]","LT",false,false,"[PREMIUM]",,,,,,,,"[PREMIUM]"
"62947566","2026-08-17 21:05:20.808","2026-08-27 11:46:14.158","62947566","2026-08-24 17:52:12.000","[PREMIUM]","376","OH - AKRON","2026-08-28","FRIDAY","1000","EDT","0","V",2005,"HONDA","CRV","CR-V",,"GOLD","NORMAL WEAR",,"OH","CT","YES","D",61014,"A","[PREMIUM]",0,,,"AUTOMATIC",,,"Run & Drive Verified","On Minimum Bid","[PREMIUM]",,"BARBERTON","OH","44203","USA","USD","[PREMIUM]","[PREMIUM]","E040",false,"[PREMIUM]","LX",false,false,"[PREMIUM]",,,,,,,,"[PREMIUM]"
"62814416","2026-08-17 21:05:20.796","2026-08-21 12:54:02.945","62814416","2026-08-20 14:18:21.000","[PREMIUM]","376","OH - AKRON","2026-08-21","FRIDAY","1000","EDT","99","V",2013,"KIA","SORENTO","SORENTO","4DR SPORT UTILITY","SILVER","FRONT END",,"OH","ST","YES","D",68811,"A","[PREMIUM]",3957,"3.5L 6","ALL WHEEL DRIVE","AUTOMATIC","GAS",6,"Run & Drive Verified","On Minimum Bid","[PREMIUM]",,"BARBERTON","OH","44203","USA","USD","[PREMIUM]","[PREMIUM]","C010",false,"[PREMIUM]","EX",false,false,"[PREMIUM]",,,,,,,,"[PREMIUM]"
"62750776","2026-08-17 21:05:20.766","2026-08-25 00:03:35.520","62750776","2026-08-24 11:59:07.000","[PREMIUM]","376","OH - AKRON","2026-08-25","TUESDAY","1000","EDT","26","V",2019,"TOYOTA","RAV4","RAV4","SPORT UTILITY VEHICLE","GRAY","FRONT END",,"OH","ST","YES","D",92076,"A","[PREMIUM]",16291.79,"2.5L 4","ALL WHEEL DRIVE","AUTOMATIC","GAS",4,"Run & Drive Verified","Pure Sale","[PREMIUM]",,"BARBERTON","OH","44203","USA","USD","[PREMIUM]","[PREMIUM]","E030",false,"[PREMIUM]","LE",false,false,"[PREMIUM]",,,,,,,,"[PREMIUM]"
"62418116","2026-08-17 21:05:20.732","2026-08-21 12:54:02.942","62418116","2026-08-20 15:33:32.000","[PREMIUM]","376","OH - AKRON","2026-08-21","FRIDAY","1000","EDT","24","V",2019,"VOLKSWAGEN","TIGUAN","TIGUAN","SPORT UTILITY VEHICLE","GRAY","FRONT END","SIDE","OH","ST","YES","D",54784,"A","[PREMIUM]",17184,"2.0L 4","ALL WHEEL DRIVE","AUTOMATIC","GAS",4,"Run & Drive Verified","Pure Sale","[PREMIUM]",,"BARBERTON","OH","44203","USA","USD","[PREMIUM]","[PREMIUM]","D030",false,"[PREMIUM]","SE",false,false,"[PREMIUM]",,,,,,,,"[PREMIUM]"
"62352196","2026-08-17 21:05:20.671","2026-08-21 12:54:02.907","62352196","2026-08-20 14:18:20.000","[PREMIUM]","376","OH - AKRON","2026-08-21","FRIDAY","1000","EDT","4","V",2011,"FORD","FLEX","FLEX","4DR SPORT UTILITY","BLACK","FRONT END",,"OH","ST","YES","D",149960,"A","[PREMIUM]",9235.99,"3.5L 6","FRONT WHEEL DRIVE","AUTOMATIC","GAS",6,"Run & Drive Verified","On Minimum Bid","[PREMIUM]",,"BARBERTON","OH","44203","USA","USD","[PREMIUM]","[PREMIUM]","F110",false,"[PREMIUM]","SEL",false,false,"[PREMIUM]",,,,,,,,"[PREMIUM]"
"62052786","2026-08-17 21:05:20.667","2026-08-21 12:54:02.853","62052786","2026-08-20 14:18:21.000","[PREMIUM]","376","OH - AKRON","2026-08-21","FRIDAY","1000","EDT","33","V",2017,"CHRYSLER","PACIFICA","PACIFICA","SPORTS VAN","BLACK","FRONT END","SIDE","OH","ST","YES","D",153873,"A","[PREMIUM]",14648.41,"3.6L 6","FRONT WHEEL DRIVE","AUTOMATIC","FLEXIBLE",6,"Run & Drive Verified","Pure Sale","[PREMIUM]",,"BARBERTON","OH","44203","USA","USD","[PREMIUM]","[PREMIUM]","D060",false,"[PREMIUM]","TOURING L",false,false,"[PREMIUM]",,,,,,,,"[PREMIUM]"
"61974486","2026-08-17 21:05:20.583","2026-08-21 12:54:02.852","61974486","2026-08-20 14:18:21.000","[PREMIUM]","376","OH - AKRON","2026-08-21","FRIDAY","1000","EDT","1126","V",2025,"GMC","SIERRA","SIERRA","PICKUP","WHITE","FRONT END",,"OH","ST","YES","E",31296,"A","[PREMIUM]",34946.61,"6.2L 8","4X4 W/REAR WHEEL DRV","AUTOMATIC","GAS",8,"DEFAULT","On Minimum Bid","[PREMIUM]",,"BARBERTON","OH","44203","USA","USD","[PREMIUM]","[PREMIUM]","B100",false,"[PREMIUM]","K1500 SLT",false,false,"[PREMIUM]",,,,,,,,"[PREMIUM]"
"61661226","2026-08-17 21:05:20.515","2026-08-21 12:54:02.836","61661226","2026-08-20 14:18:21.000","[PREMIUM]","376","OH - AKRON","2026-08-21","FRIDAY","1000","EDT","108","V",2024,"BUICK","ENCORE","ENCORE GX","SPORT UTILITY VEHICLE","BLACK","FRONT END",,"OH","ST","YES","D",5708,"A","[PREMIUM]",18918.06,"1.3L 3","FRONT WHEEL DRIVE","AUTOMATIC","GAS",3,"Run & Drive Verified","On Approval","[PREMIUM]",,"BARBERTON","OH","44203","USA","USD","[PREMIUM]","[PREMIUM]","B030",false,"[PREMIUM]","AVENIR",false,false,"[PREMIUM]",,,,,,,,"[PREMIUM]"
"60085476","2026-08-17 21:05:20.185","2026-08-21 12:54:02.687","60085476","2026-08-20 14:18:21.000","[PREMIUM]","376","OH - AKRON","2026-08-21","FRIDAY","1000","EDT","35","V",2025,"TOYOTA","TACOMA","TACOMA","PICKUP","BLACK","REAR END","FRONT END","OH","ST","YES","D",9755,"A","[PREMIUM]",30235,"2.4L 4","4X2","AUTOMATIC","GAS",4,"Run & Drive Verified","Pure Sale","[PREMIUM]",,"BARBERTON","OH","44203","USA","USD","[PREMIUM]","[PREMIUM]","F100",false,"[PREMIUM]","SR",false,false,"[PREMIUM]",,,,,,,,"[PREMIUM]"
"58251936","2026-08-17 21:05:20.088","2026-08-21 12:54:02.580","58251936","2026-08-20 14:18:21.000","[PREMIUM]","376","OH - AKRON","2026-08-21","FRIDAY","1000","EDT","100","V",2026,"HONDA","CRV","CR-V","SPORT UTILITY VEHICLE","WHITE","FRONT END",,"OH","ST","YES","D",250,"A","[PREMIUM]",28128.82,"2.0L 4","ALL WHEEL DRIVE","AUTOMATIC","ELECTRIC AND GAS HYBRID",4,"Run & Drive Verified","Pure Sale","[PREMIUM]",,"BARBERTON","OH","44203","USA","USD","[PREMIUM]","[PREMIUM]","C030",false,"[PREMIUM]","SPORT TOURING",false,false,"[PREMIUM]",,,,,,,,"[PREMIUM]"
"64772746","2026-08-17 21:05:19.773","2026-08-30 17:50:37.017","64772746","2026-08-25 15:14:35.000","[PREMIUM]","373","NC - LAGRANGE","2026-09-01","TUESDAY","1000","EDT","0","V",2013,"CHEVROLET","ALL Models","SILVERADO","CREW PICKUP","BLUE","MECHANICAL","FRONT END","NC","CZ","YES","D",238779,"A","[PREMIUM]",0,"4.8L 8","4X4 W/REAR WHEEL DRV","AUTOMATIC","FLEXIBLE",8,"Run & Drive Verified","On Minimum Bid","[PREMIUM]",,"LA GRANGE","NC","28551","USA","USD","[PREMIUM]","[PREMIUM]","K060",true,"[PREMIUM]","K1500 LS",false,false,"[PREMIUM]",,,,,,,,"[PREMIUM]"
"64341546","2026-08-17 21:05:19.729","2026-08-25 00:03:34.455","64341546","2026-08-24 23:05:01.000","[PREMIUM]","373","NC - LAGRANGE","2026-08-25","TUESDAY","1000","EDT","0","V",2007,"TOYOTA","CAMRY","CAMRY","SEDAN","RED","SIDE",,"NC","PX","YES","D",192894,"E","[PREMIUM]",0,"2.4L 4","FRONT WHEEL DRIVE","AUTOMATIC","GAS",4,"Run & Drive Verified","On Minimum Bid","[PREMIUM]",,"LA GRANGE","NC","28551","USA","USD","[PREMIUM]","[PREMIUM]","F090",false,"[PREMIUM]","LE",false,false,"[PREMIUM]",,,,,,,,"[PREMIUM]"
"63370246","2026-08-17 21:05:19.564","2026-08-20 05:43:54.884","63370246","2026-08-17 17:54:13.000","[PREMIUM]","373","NC - LAGRANGE","2026-08-25","TUESDAY","1000","EDT","0","V",1996,"BUICK","LESABRE","LESABRE","SEDAN 4DR","BLACK","FRONT END","REAR END","NC","PO","YES","E",290204,"E","[PREMIUM]",6953.49,"3.8L 6","FRONT WHEEL DRIVE","AUTOMATIC","GAS",6,"DEFAULT","Pure Sale","[PREMIUM]",,"LA GRANGE","NC","28551","USA","USD","[PREMIUM]","[PREMIUM]","D070",false,"[PREMIUM]","CUSTOM",false,false,"[PREMIUM]",,,,,,,,"[PREMIUM]"
"64391816","2026-08-17 21:05:16.845","2026-08-23 23:47:54.295","64391816","2026-08-23 23:01:02.000","[PREMIUM]","371","WI - MILWAUKEE SOUTH","2026-08-24","MONDAY","1200","CDT","0","V",2017,"FORD","ESCAPE","ESCAPE","4DR SPORT UTILITY","RED","MINOR DENT/SCRATCHES",,"WI","CT","YES","D",81661,"A","[PREMIUM]",0,"1.5L 4","FRONT WHEEL DRIVE","AUTOMATIC","GAS",4,"Run & Drive Verified","On Minimum Bid","[PREMIUM]",,"FRANKLIN","WI","53132","USA","USD","[PREMIUM]","[PREMIUM]","1C040",false,"[PREMIUM]","SE",false,false,"[PREMIUM]",,,,,,,,"[PREMIUM]"
"64208166","2026-08-17 21:05:16.756","2026-08-23 23:47:54.208","64208166","2026-08-17 16:43:30.000","[PREMIUM]","371","WI - MILWAUKEE SOUTH","2026-08-24","MONDAY","1200","CDT","0","V",2012,"CHEVROLET","EQUINOX","EQUINOX","4DR SPORT UTILITY","BLACK","FRONT END","SIDE","WI","BP","YES","D",86553,"N","[PREMIUM]",17234.24,"2.4L 4","FRONT WHEEL DRIVE","AUTOMATIC","FLEXIBLE",4,"Run & Drive Verified","Pure Sale","[PREMIUM]",,"FRANKLIN","WI","53132","USA","USD","[PREMIUM]","[PREMIUM]","A010",false,"[PREMIUM]","LT",false,false,"[PREMIUM]",,,,,,,,"[PREMIUM]"
"63623166","2026-08-17 21:05:16.715","2026-08-31 05:50:51.506","63623166","2026-08-26 22:54:58.000","[PREMIUM]","833","HEAVY-TRAILER-RV CLEAN SALE","2026-09-01","TUESDAY","1100","CDT","0","U",2020,"VOLVO","ALL OTHER","VNR","TRACTOR TRUCK","WHITE","MECHANICAL",,"WI","CT","YES","E",0,"N","[PREMIUM]",0,"10.8L 6","REAR WHEEL DRIVE","AUTOMATIC","DIESEL",6,"DEFAULT","On Minimum Bid","[PREMIUM]",,"FRANKLIN","WI","53132","USA","USD","[PREMIUM]","[PREMIUM]","HV002",true,"[PREMIUM]",,false,false,"[PREMIUM]",,,,,,,,"[PREMIUM]"
"51344496","2026-08-17 21:05:15.632","2026-08-30 17:50:31.658","51344496","2026-08-28 13:05:51.000","[PREMIUM]","371","WI - MILWAUKEE SOUTH","2026-08-31","MONDAY","1200","CDT","0","V",2023,"NISSAN","SENTRA","SENTRA","SEDAN","GRAY","REAR END",,"WV","SC","YES","D",55136,"N","[PREMIUM]",12673.23,"2.0L 4","FRONT WHEEL DRIVE","AUTOMATIC","GAS",4,"Run & Drive Verified","Pure Sale","[PREMIUM]",,"FRANKLIN","WI","53132","USA","USD","[PREMIUM]","[PREMIUM]","1B070",false,"[PREMIUM]","SV",false,false,"[PREMIUM]",,,,,,,,"[PREMIUM]"
"49960096","2026-08-17 21:05:15.593","2026-08-19 03:01:40.805","49960096","2026-08-17 20:29:12.000","[PREMIUM]","838","RENTAL VEHICLE SALE","2026-08-19","WEDNESDAY","1200","EDT","0","V",2025,"CHRYSLER","PACIFICA","PACIFICA","VAN PASSENGER","BLACK","FRONT END","SIDE","GA","CT","NO","E",0,"N","[PREMIUM]",0,"3.6L 6","FRONT WHEEL DRIVE","AUTOMATIC","GAS",6,"DEFAULT","On Approval","[PREMIUM]",,"FRANKLIN","WI","53132","USA","USD","[PREMIUM]","[PREMIUM]","1SA10",false,"[PREMIUM]","LIMITED",false,false,"[PREMIUM]",,,,,,,,"[PREMIUM]"
"48918086","2026-08-17 21:05:15.516","2026-08-23 23:47:51.609","48918086","2026-08-17 19:02:51.000","[PREMIUM]","371","WI - MILWAUKEE SOUTH","2026-08-24","MONDAY","1200","CDT","0","V",2010,"FORD","ESCAPE","ESCAPE","4DR SPORT UTILITY","GRAY","REAR END",,"WI","BP","YES","D",183459,"E","[PREMIUM]",4173.58,"3.0L 6","ALL WHEEL DRIVE","AUTOMATIC","FLEXIBLE",6,"Run & Drive Verified","Pure Sale","[PREMIUM]",,"FRANKLIN","WI","53132","USA","USD","[PREMIUM]","[PREMIUM]","1C040",false,"[PREMIUM]","LIMITED",false,false,"[PREMIUM]",,,,,,,,"[PREMIUM]"
"48537086","2026-08-17 21:05:15.512","2026-08-23 23:47:51.621","48537086","2026-08-21 17:13:37.000","[PREMIUM]","371","WI - MILWAUKEE SOUTH","2026-08-24","MONDAY","1200","CDT","0","V",2022,"FORD","EDGE","EDGE","SPORT UTILITY VEHICLE","BLACK","FRONT END",,"ID","SC","NO","E",88089,"A","[PREMIUM]",33897,"2.0L 4","ALL WHEEL DRIVE","AUTOMATIC","GAS",4,"DEFAULT","Pure Sale","[PREMIUM]",,"FRANKLIN","WI","53132","USA","USD","[PREMIUM]","[PREMIUM]","1D070",false,"[PREMIUM]","TITANIUM",false,false,"[PREMIUM]",,,,,,,,"[PREMIUM]"
"85986915","2026-08-17 21:05:15.338","2026-08-20 05:43:49.104","85986915","2026-08-19 20:01:01.000","[PREMIUM]","855","WHOLESALE AUCTION","2026-08-20","THURSDAY","1200","EDT","4431","V",2024,"KIA","SPORTAGE","SPORTAGE","SPORT UTILITY VEHICLE","GRAY","FRONT END","REAR END","IN","CT","YES","D",80627,"A","[PREMIUM]",0,"2.5L 4","ALL WHEEL DRIVE","AUTOMATIC","GAS",4,"Run & Drive Verified","On Minimum Bid","[PREMIUM]",,"DYER","IN","46311","USA","USD","[PREMIUM]","[PREMIUM]","G130",false,"[PREMIUM]","X LINE",false,true,"[PREMIUM]",,,,,"RED LIGHT",1.9,"Other,Emission","[PREMIUM]"
"73290665","2026-08-17 21:05:15.149","2026-08-20 05:43:48.838","73290665","2026-08-19 23:16:29.000","[PREMIUM]","855","WHOLESALE AUCTION","2026-08-20","THURSDAY","1200","EDT","8074","V",2007,"FORD","ESCAPE","ESCAPE",,"WHITE","MECHANICAL","MINOR DENT/SCRATCHES","IN","CT","YES","S",33681,"A","[PREMIUM]",6648,"2.3L  4","Front-wheel Drive","AUTOMATIC","GAS",4,"Vehicle Starts","On Minimum Bid","[PREMIUM]",,"DYER","IN","46311","USA","USD","[PREMIUM]","[PREMIUM]","G130",false,"[PREMIUM]","XLS",false,true,"[PREMIUM]",,,,,,2.4,"Other","[PREMIUM]"
"73290625","2026-08-17 21:05:15.135","2026-08-20 05:43:48.768","73290625","2026-08-19 23:16:28.000","[PREMIUM]","855","WHOLESALE AUCTION","2026-08-20","THURSDAY","1200","EDT","4337","V",2005,"FORD","F250","F250",,"WHITE","MINOR DENT/SCRATCHES",,"IN","CT","YES","D",79648,"A","[PREMIUM]",15495,"5.4L  8","4x4 w/Rear Wheel Drv","AUTOMATIC","GAS",8,"Run & Drive Verified","On Minimum Bid","[PREMIUM]",,"DYER","IN","46311","USA","USD","[PREMIUM]","[PREMIUM]","HV001",false,"[PREMIUM]","SUPER DUTY",false,true,"[PREMIUM]",,,,,"RED LIGHT",1.8,,"[PREMIUM]"
"64629896","2026-08-17 21:05:15.105","2026-08-30 17:50:30.480","64629896","2026-08-17 18:57:40.000","[PREMIUM]","370","IN - DYER",,,,"CDT","0","V",2014,"FORD","FOCUS","FOCUS","SEDAN 4DR","RED","REAR END",,"IN","ST","YES","D",51723,"N","[PREMIUM]",13747.35,"2.0L 4","FRONT WHEEL DRIVE","AUTOMATIC","GAS",4,"Run & Drive Verified","Pure Sale","[PREMIUM]",,"DYER","IN","46311","USA","USD","[PREMIUM]","[PREMIUM]","C180",false,"[PREMIUM]","SE",false,false,"[PREMIUM]",,,,,,,,"[PREMIUM]"
"64261786","2026-08-17 21:05:15.086","2026-08-23 23:47:50.388","64261786","2026-08-17 14:35:28.000","[PREMIUM]","370","IN - DYER","2026-08-24","MONDAY","1200","CDT","0","V",2010,"GMC","SIERRA","SIERRA","CREW PICKUP","BLUE","ALL OVER",,"IN","CT","YES","D",190799,"A","[PREMIUM]",0,"5.3L 8","4X4 W/REAR WHEEL DRV","AUTOMATIC","FLEXIBLE",8,"Run & Drive Verified","On Minimum Bid","[PREMIUM]",,"DYER","IN","46311","USA","USD","[PREMIUM]","[PREMIUM]","C020",true,"[PREMIUM]","K1500 SLE",false,false,"[PREMIUM]",,,,,,,,"[PREMIUM]"
"64137136","2026-08-17 21:05:15.082","2026-08-25 00:03:29.821","64137136","2026-08-24 20:20:43.000","[PREMIUM]","370","IN - DYER","2026-08-31","MONDAY","1200","CDT","0","V",2011,"TOYOTA","SIENNA","SIENNA","MINI-VAN","SILVER","NORMAL WEAR","MINOR DENT/SCRATCHES","IN","CT","YES","D",208949,"A","[PREMIUM]",0,"3.5L 6","FRONT WHEEL DRIVE","AUTOMATIC","GAS",6,"Run & Drive Verified","On Minimum Bid","[PREMIUM]",,"DYER","IN","46311","USA","USD","[PREMIUM]","[PREMIUM]","UN10",true,"[PREMIUM]","XLE 8-PASSENGER",false,false,"[PREMIUM]",,,,,,,,"[PREMIUM]"
"64142286","2026-08-17 21:05:15.066","2026-08-21 12:53:56.555","64142286","2026-08-17 14:36:18.000","[PREMIUM]","370","IN - DYER","2026-08-24","MONDAY","1200","CDT","0","V",2012,"TOYOTA","CAMRY","CAMRY","SEDAN","BLACK","NORMAL WEAR","MINOR DENT/SCRATCHES","IN","CT","YES","D",176684,"A","[PREMIUM]",0,"2.5L 4","FRONT WHEEL DRIVE","AUTOMATIC","GAS",4,"Run & Drive Verified","On Minimum Bid","[PREMIUM]",,"DYER","IN","46311","USA","USD","[PREMIUM]","[PREMIUM]","G050",true,"[PREMIUM]","LE",false,false,"[PREMIUM]",,,,,,,,"[PREMIUM]"
"63841966","2026-08-17 21:05:15.034","2026-08-30 17:50:30.291","63841966","2026-08-17 18:57:39.000","[PREMIUM]","370","IN - DYER",,,,"CDT","0","V",2019,"FORD","ESCAPE","ESCAPE","SPORT UTILITY VEHICLE","BLACK","FRONT END","SIDE","IN","ST","YES","D",83424,"A","[PREMIUM]",12145.05,"1.5L 4","4X4 W/FRONT WHL DRV","AUTOMATIC","GAS",4,"Run & Drive Verified","Pure Sale","[PREMIUM]",,"DYER","IN","46311","USA","USD","[PREMIUM]","[PREMIUM]","A060",false,"[PREMIUM]","SE",false,false,"[PREMIUM]",,,,,,,,"[PREMIUM]"
"63371346","2026-08-17 21:05:14.953","2026-08-26 05:49:02.827","63371346","2026-08-25 21:55:04.000","[PREMIUM]","370","IN - DYER","2026-08-31","MONDAY","1200","CDT","0","V",2016,"CHEVROLET","MALIBU","MALIBU LIMITED",,"BLUE","NORMAL WEAR",,"IN","CT","YES","D",191366,"A","[PREMIUM]",0,,,"AUTOMATIC",,,"Run & Drive Verified","On Minimum Bid","[PREMIUM]",,"DYER","IN","46311","USA","USD","[PREMIUM]","[PREMIUM]","C200",true,"[PREMIUM]","LTZ",false,false,"[PREMIUM]",,,,,,,,"[PREMIUM]"
"63240956","2026-08-17 21:05:14.944","2026-08-30 17:50:30.083","63240956","2026-08-26 14:37:51.000","[PREMIUM]","370","IN - DYER","2026-08-31","MONDAY","1200","CDT","0","V",2021,"BMW","X1","X1","SPORT UTILITY VEHICLE","BLACK","FRONT END",,"IN","ST","YES","D",97606,"A","[PREMIUM]",13143.98,"2.0L 4","ALL WHEEL DRIVE","AUTOMATIC","GAS",4,"Run & Drive Verified","Pure Sale","[PREMIUM]",,"DYER","IN","46311","USA","USD","[PREMIUM]","[PREMIUM]","SC003",false,"[PREMIUM]","XDRIVE28I",false,false,"[PREMIUM]",,,,,,,,"[PREMIUM]"
"62658526","2026-08-17 21:05:14.768","2026-08-27 11:46:08.096","62658526","2026-08-26 20:00:52.000","[PREMIUM]","855","WHOLESALE AUCTION","2026-08-27","THURSDAY","1200","EDT","6066","V",2016,"MERCEDES-BENZ","C-CLASS","C","SEDAN 4DR","BLUE","FRONT END","REAR END","IL","CT","NO","E",0,"N","[PREMIUM]",0,"2.0L 4","REAR WHEEL DRIVE","AUTOMATIC","GAS",4,"DEFAULT","On Approval","[PREMIUM]",,"DYER","IN","46311","USA","USD","[PREMIUM]","[PREMIUM]","G100",false,"[PREMIUM]","300",false,true,"[PREMIUM]",,,,,"RED LIGHT",0,,"[PREMIUM]"
"62089236","2026-08-17 21:05:14.610","2026-08-30 17:50:29.838","62089236","2026-08-17 18:38:04.000","[PREMIUM]","370","IN - DYER",,,,"CDT","0","V",2017,"GMC","SIERRA","SIERRA","CREW PICKUP","WHITE","SIDE","REAR END","IN","ST","YES","S",111228,"A","[PREMIUM]",20170,"5.3L 8","4X4 W/REAR WHEEL DRV","AUTOMATIC","GAS",8,"Vehicle Starts","Pure Sale","[PREMIUM]",,"DYER","IN","46311","USA","USD","[PREMIUM]","[PREMIUM]","C060",false,"[PREMIUM]","K1500 SLT",false,false,"[PREMIUM]",,,,,,,,"[PREMIUM]"
"61550776","2026-08-17 21:05:14.482","2026-08-30 17:50:29.688","61550776","2026-08-17 18:57:39.000","[PREMIUM]","370","IN - DYER",,,,"CDT","0","V",2012,"CHEVROLET","EQUINOX","EQUINOX","4DR SPORT UTILITY","RED","SIDE",,"IN","ST","YES","D",117367,"A","[PREMIUM]",3964,"2.4L 4","FRONT WHEEL DRIVE","AUTOMATIC","FLEXIBLE",4,"Run & Drive Verified","On Approval","[PREMIUM]",,"DYER","IN","46311","USA","USD","[PREMIUM]","[PREMIUM]","A060",false,"[PREMIUM]","LT",false,false,"[PREMIUM]",,,,,,,,"[PREMIUM]"
"61529396","2026-08-17 21:05:14.481","2026-08-17 21:05:14.481","61529396","2026-08-17 20:01:43.000","[PREMIUM]","855","WHOLESALE AUCTION","2026-08-18","TUESDAY","1200","EDT","128","V",2019,"CHEVROLET","EQUINOX","EQUINOX","SPORT UTILITY VEHICLE","RED","NORMAL WEAR",,"IL","CT","YES","D",49562,"A","[PREMIUM]",1789,"2.0L 4","FRONT WHEEL DRIVE","AUTOMATIC","GAS",4,"Run & Drive Verified","On Approval","[PREMIUM]",,"DYER","IN","46311","USA","USD","[PREMIUM]","[PREMIUM]","G120",false,"[PREMIUM]","LT",false,true,"[PREMIUM]",,,,,"GREEN LIGHT",4,"Maintenance,Safety,Other","[PREMIUM]"
"61536886","2026-08-17 21:05:14.480","2026-08-30 17:50:29.661","61536886","2026-08-17 18:38:03.000","[PREMIUM]","370","IN - DYER",,,,"CDT","0","V",2025,"FORD","EXPLORER A","EXPLORER","SPORT UTILITY VEHICLE","BLUE","FRONT END",,"IN","ST","NO","E",0,"N","[PREMIUM]",22358.35,"2.3L 4","4X4 W/REAR WHEEL DRV","AUTOMATIC","GAS",4,"DEFAULT","Pure Sale","[PREMIUM]",,"DYER","IN","46311","USA","USD","[PREMIUM]","[PREMIUM]","E220",false,"[PREMIUM]","ACTIVE",false,false,"[PREMIUM]",,,,,,,,"[PREMIUM]"
"61358196","2026-08-17 21:05:14.422","2026-08-30 17:50:29.610","61358196","2026-08-17 18:57:40.000","[PREMIUM]","370","IN - DYER",,,,"CDT","0","V",2017,"TOYOTA","COROLLA","COROLLA","SEDAN","BLUE","FRONT END",,"IN","ST","YES","D",130567,"A","[PREMIUM]",10708.46,"1.8L 4","FRONT WHEEL DRIVE","AUTOMATIC","GAS",4,"Run & Drive Verified","Pure Sale","[PREMIUM]",,"DYER","IN","46311","USA","USD","[PREMIUM]","[PREMIUM]","A160",false,"[PREMIUM]","LE",false,false,"[PREMIUM]",,,,,,,,"[PREMIUM]"
"60557876","2026-08-17 21:05:14.135","2026-08-30 17:50:29.188","60557876","2026-08-14 22:11:11.000","[PREMIUM]","370","IN - DYER",,,,"CDT","0","V",2016,"SUBARU","OUTBACK","OUTBACK","4DR SPORT UTILITY","GRAY","REAR END","SIDE","IL","SC","YES","D",71251,"N","[PREMIUM]",2701.35,"2.5L 4","ALL WHEEL DRIVE","AUTOMATIC","GAS",4,"Run & Drive Verified","Pure Sale","[PREMIUM]",,"DYER","IN","46311","USA","USD","[PREMIUM]","[PREMIUM]","HV005",false,"[PREMIUM]","2.5I",false,false,"[PREMIUM]",,,,,,,,"[PREMIUM]"
"59845936","2026-08-17 21:05:13.767","2026-08-30 17:50:28.792","59845936","2026-08-11 16:01:56.000","[PREMIUM]","836","HEAVY TRUCK SPECIALTY SALE",,,,"CDT","0","B",2018,"FORD","ALL Models","ECONOLINE","CUTAWAY","WHITE","FRONT END",,"IN","ST","YES","D",16897,"A","[PREMIUM]",0,"6.8L 10","REAR WHEEL DRIVE","AUTOMATIC","GAS",10,"Run & Drive Verified","On Approval","[PREMIUM]",,"DYER","IN","46311","USA","USD","[PREMIUM]","[PREMIUM]","HV001",false,"[PREMIUM]","E350 SUPER DUTY CUTAWAY VAN",false,false,"[PREMIUM]",,,,,,,,"[PREMIUM]"
"59088006","2026-08-17 21:05:13.397","2026-08-30 17:50:28.578","59088006","2026-08-17 19:37:36.000","[PREMIUM]","370","IN - DYER",,,,"CDT","0","V",2020,"FORD","F-150","F150","PICKUP","GRAY","FRONT END",,"IN","ST","YES","E",0,"N","[PREMIUM]",23220,"5.0L 8","4X4 W/REAR WHEEL DRV","AUTOMATIC","GAS",8,"DEFAULT","Pure Sale","[PREMIUM]",,"DYER","IN","46311","USA","USD","[PREMIUM]","[PREMIUM]","C010",false,"[PREMIUM]","SUPERCREW",false,false,"[PREMIUM]",,,,,,,,"[PREMIUM]"
"59060236","2026-08-17 21:05:13.377","2026-08-30 17:50:28.534","59060236","2026-08-17 18:57:39.000","[PREMIUM]","370","IN - DYER",,,,"CDT","0","V",2018,"FORD","FUSION","FUSION","SEDAN","GRAY","FRONT END",,"IN","ST","YES","D",134392,"A","[PREMIUM]",11043.35,"2.0L 4","ALL WHEEL DRIVE","AUTOMATIC","GAS",4,"Run & Drive Verified","Pure Sale","[PREMIUM]",,"DYER","IN","46311","USA","USD","[PREMIUM]","[PREMIUM]","E210",false,"[PREMIUM]","TITANIUM/PLATINUM",false,false,"[PREMIUM]",,,,,,,,"[PREMIUM]"
"58716046","2026-08-17 21:05:13.164","2026-08-30 17:50:28.403","58716046","2026-08-18 13:07:15.000","[PREMIUM]","833","HEAVY-TRAILER-RV CLEAN SALE",,,,"CDT","0","U",2016,"FORD","TRANSIT","TRANSIT CONNECT","SPORTS VAN","BLUE","FRONT END",,"IN","CT","YES","D",25373,"A","[PREMIUM]",10918,"2.5L 4","FRONT WHEEL DRIVE","AUTOMATIC","GAS",4,"Run & Drive Verified","On Minimum Bid","[PREMIUM]",,"DYER","IN","46311","USA","USD","[PREMIUM]","[PREMIUM]","E210",false,"[PREMIUM]","XL",false,false,"[PREMIUM]",,,,,,,,"[PREMIUM]"
"57486376","2026-08-17 21:05:12.475","2026-08-23 23:47:47.348","57486376","2026-08-21 15:52:26.000","[PREMIUM]","370","IN - DYER","2026-08-24","MONDAY","1200","CDT","0","V",2024,"PORSCHE","CAYENNE","CAYENNE","SPORT UTILITY VEHICLE","BLACK","FRONT END",,"ID","SC","NO","E",0,"N","[PREMIUM]",58121,"3.0L 6","ALL WHEEL DRIVE","AUTOMATIC","GAS",6,"DEFAULT","Pure Sale","[PREMIUM]",,"DYER","IN","46311","USA","USD","[PREMIUM]","[PREMIUM]","HV006",false,"[PREMIUM]",,false,false,"[PREMIUM]",,,,,,,,"[PREMIUM]"
"56248996","2026-08-17 21:05:11.951","2026-08-30 17:50:26.696","56248996","2026-08-17 18:57:39.000","[PREMIUM]","370","IN - DYER",,,,"CDT","0","V",2012,"CHEVROLET","TRAVERSE","TRAVERSE",,"GRAY","REAR END",,"IN","ST","YES","D",106279,"A","[PREMIUM]",4906.69,,,"AUTOMATIC",,,"Run & Drive Verified","Pure Sale","[PREMIUM]",,"DYER","IN","46311","USA","USD","[PREMIUM]","[PREMIUM]","A230",false,"[PREMIUM]",,false,false,"[PREMIUM]",,,,,,,,"[PREMIUM]"
"54590966","2026-08-17 21:05:11.536","2026-08-30 17:50:26.269","54590966","2026-08-17 19:37:37.000","[PREMIUM]","370","IN - DYER",,,,"CDT","0","V",2017,"NISSAN","ALTIMA","ALTIMA","SEDAN","GRAY","FRONT END","MINOR DENT/SCRATCHES","IN","ST","YES","D",121778,"A","[PREMIUM]",7594.21,"2.5L 4","FRONT WHEEL DRIVE","AUTOMATIC","GAS",4,"Run & Drive Verified","Pure Sale","[PREMIUM]",,"DYER","IN","46311","USA","USD","[PREMIUM]","[PREMIUM]","B160",false,"[PREMIUM]","2.5 SV",false,false,"[PREMIUM]",,,,,,,,"[PREMIUM]"
"49814286","2026-08-17 21:05:10.773","2026-08-23 23:47:45.534","49814286","2026-08-21 15:53:54.000","[PREMIUM]","370","IN - DYER","2026-08-24","MONDAY","1200","CDT","0","V",2018,"HYUNDAI","SANTA FE","SANTA FE SPORT","SUV","BLACK","FRONT END","SIDE","ID","SC","YES","D",126440,"A","[PREMIUM]",8165,"2.4L 4","FRONT WHEEL DRIVE","AUTOMATIC","GAS",4,"Run & Drive Verified","Pure Sale","[PREMIUM]",,"DYER","IN","46311","USA","USD","[PREMIUM]","[PREMIUM]","HV007",false,"[PREMIUM]","2.4L",false,false,"[PREMIUM]",,,,,,,,"[PREMIUM]"
"48077076","2026-08-17 21:05:10.654","2026-08-19 03:01:35.386","48077076","2026-08-17 17:38:31.000","[PREMIUM]","835","MEDIUM DUTY SPECIALTY SALE","2026-08-19","WEDNESDAY","1100","CDT","0","K",2019,"FORD","F-SER OTHR","F590","INCOMPLETE (STRIP CHASSIS)","WHITE","REAR END",,"IN","ST","NO","E",0,"N","[PREMIUM]",46292,"6.8L 10","REAR WHEEL DRIVE","AUTOMATIC","GAS",10,"DEFAULT","Pure Sale","[PREMIUM]",,"DYER","IN","46311","USA","USD","[PREMIUM]","[PREMIUM]","M010",false,"[PREMIUM]",,false,false,"[PREMIUM]",,,,,,,,"[PREMIUM]"
"73690015","2026-08-17 21:05:09.794","2026-08-27 11:46:03.461","73690015","2026-08-26 13:30:55.000","[PREMIUM]","369","KS - KANSAS CITY","2026-08-27","THURSDAY","1200","CDT","3","V",2025,"CHRYSLER","PACIFICA","PACIFICA",,"RED","REAR END",,"WV","SC","YES","D",15753,"N","[PREMIUM]",31530.96,"3.6L  6","ALL WHEEL DRIVE","AUTOMATIC","GAS",6,"Run & Drive Verified","Pure Sale","[PREMIUM]",,"KANSAS CITY","KS","66111 2629","USA","USD","[PREMIUM]","[PREMIUM]","E090",false,"[PREMIUM]","LIMITED",false,false,"[PREMIUM]",,,,,,,,"[PREMIUM]"
"65323566","2026-08-17 21:05:09.663","2026-08-20 05:43:38.663","65323566","2026-08-19 20:31:17.000","[PREMIUM]","369","KS - KANSAS CITY","2026-08-20","THURSDAY","1200","CDT","2541","V",2012,"BUICK","VERANO","VERANO","SEDAN 4DR","RED","MECHANICAL",,"KS","CZ","YES","E",163306,"A","[PREMIUM]",0,"2.4L 4","FRONT WHEEL DRIVE","AUTOMATIC","FLEXIBLE",4,"DEFAULT","On Minimum Bid","[PREMIUM]",,"KANSAS CITY","KS","66111 2629","USA","USD","[PREMIUM]","[PREMIUM]","E040",true,"[PREMIUM]","CONVENIENCE",false,false,"[PREMIUM]",,,,,,,,"[PREMIUM]"
"66721685","2026-08-17 21:05:09.652","2026-08-20 05:43:38.696","66721685","2026-08-19 20:31:17.000","[PREMIUM]","369","KS - KANSAS CITY","2026-08-20","THURSDAY","1200","CDT","2509","V",2004,"FORD","F150","F150","4DR EXT CAB PICKUP","MAROON","ALL OVER",,"KS","ST","YES","E",0,"E","[PREMIUM]",9822.19,"5.4L 8","4X4 W/REAR WHEEL DRV","AUTOMATIC","GAS",8,"DEFAULT","Pure Sale","[PREMIUM]",,"KANSAS CITY","KS","66111 2629","USA","USD","[PREMIUM]","[PREMIUM]","3A100",false,"[PREMIUM]",,false,false,"[PREMIUM]",,,,,,,,"[PREMIUM]"
"65501376","2026-08-17 21:05:09.646","2026-08-23 23:47:44.251","65501376","2026-08-20 18:38:17.000","[PREMIUM]","369","KS - KANSAS CITY","2026-08-25","TUESDAY","1200","CDT","0","V",2011,"TOYOTA","PRIUS","PRIUS","HATCHBACK","BLUE","SIDE",,"KS","CZ","YES","D",161316,"A","[PREMIUM]",0,"1.8L 4","FRONT WHEEL DRIVE","AUTOMATIC","ELECTRIC AND GAS HYBRID",4,"Run & Drive Verified","On Minimum Bid","[PREMIUM]",,"KANSAS CITY","KS","66111 2629","USA","USD","[PREMIUM]","[PREMIUM]","E070",true,"[PREMIUM]","TWO",false,false,"[PREMIUM]",,,,,,,,"[PREMIUM]"
"65562896","2026-08-17 21:05:09.640","2026-08-27 17:49:00.665","65562896","2026-08-26 23:03:39.000","[PREMIUM]","369","KS - KANSAS CITY","2026-08-27","THURSDAY","1200","CDT","2049","V",2005,"CHEVROLET","EXPRESS","EXPRESS G3500","EXTENDED SPORT VAN","TAN","MINOR DENT/SCRATCHES",,"MO","CT","YES","D",273359,"E","[PREMIUM]",0,"6.0L 8","REAR WHEEL DRIVE","AUTOMATIC","GAS",8,"Run & Drive Verified","On Minimum Bid","[PREMIUM]",,"KANSAS CITY","KS","66111 2629","USA","USD","[PREMIUM]","[PREMIUM]","H170",false,"[PREMIUM]",,false,false,"[PREMIUM]",,,,,,,,"[PREMIUM]"
"65119156","2026-08-17 21:05:09.614","2026-08-31 11:48:15.130","65119156","2026-08-17 18:42:46.000","[PREMIUM]","369","KS - KANSAS CITY",,,,"CDT","0","V",2017,"CHEVROLET","EQUINOX","EQUINOX","4DR SPORT UTILITY","BLUE","SIDE",,"KS","ST","YES","D",286917,"A","[PREMIUM]",0,"2.4L 4","FRONT WHEEL DRIVE","AUTOMATIC","GAS",4,"Run & Drive Verified","Pure Sale","[PREMIUM]",,"KANSAS CITY","KS","66111 2629","USA","USD","[PREMIUM]","[PREMIUM]","J140",false,"[PREMIUM]","LS",false,false,"[PREMIUM]",,,,,,,,"[PREMIUM]"
"65104206","2026-08-17 21:05:09.610","2026-08-31 11:48:15.118","65104206","2026-08-17 18:42:46.000","[PREMIUM]","369","KS - KANSAS CITY",,,,"CDT","0","V",2015,"TOYOTA","CAMRY","CAMRY","SEDAN","GRAY","REAR END",,"KS","ST","YES","D",144290,"A","[PREMIUM]",3837.48,"2.5L 4","FRONT WHEEL DRIVE","AUTOMATIC","GAS",4,"Run & Drive Verified","Pure Sale","[PREMIUM]",,"KANSAS CITY","KS","66111 2629","USA","USD","[PREMIUM]","[PREMIUM]","N160",false,"[PREMIUM]","XSE",false,false,"[PREMIUM]",,,,,,,,"[PREMIUM]"
"65132296","2026-08-17 21:05:09.609","2026-08-31 11:48:15.128","65132296","2026-08-17 18:42:46.000","[PREMIUM]","369","KS - KANSAS CITY",,,,"CDT","0","V",2016,"FORD","TAURUS","TAURUS","SEDAN 4DR","SILVER","FRONT END",,"KS","ST","YES","D",194050,"A","[PREMIUM]",7175.16,"3.5L 6","FRONT WHEEL DRIVE","AUTOMATIC","GAS",6,"Run & Drive Verified","Pure Sale","[PREMIUM]",,"KANSAS CITY","KS","66111 2629","USA","USD","[PREMIUM]","[PREMIUM]","G040",false,"[PREMIUM]","SEL",false,false,"[PREMIUM]",,,,,,,,"[PREMIUM]"
"64989086","2026-08-17 21:05:09.598","2026-08-19 03:01:34.171","64989086","2026-08-17 15:49:04.000","[PREMIUM]","838","RENTAL VEHICLE SALE","2026-08-19","WEDNESDAY","1200","EDT","0","V",2021,"TOYOTA","CAMRY","CAMRY","SEDAN","BLACK","FRONT END","SIDE","FL","CT","YES","D",140033,"A","[PREMIUM]",11329.09,"2.5L 4","FRONT WHEEL DRIVE","AUTOMATIC","GAS",4,"Run & Drive Verified","On Minimum Bid","[PREMIUM]",,"KANSAS CITY","KS","66111 2629","USA","USD","[PREMIUM]","[PREMIUM]","YD017",false,"[PREMIUM]","LE",true,false,"[PREMIUM]",,,,,,,,"[PREMIUM]"
"64430456","2026-08-17 21:05:09.405","2026-08-19 03:01:33.642","64430456","2026-08-17 16:20:21.000","[PREMIUM]","838","RENTAL VEHICLE SALE","2026-08-19","WEDNESDAY","1200","EDT","0","V",2023,"NISSAN","ROGUE","ROGUE","SPORT UTILITY VEHICLE","GRAY","MECHANICAL",,"MI","CT","YES","E",98556,"A","[PREMIUM]",9683.26,"1.5L 3","ALL WHEEL DRIVE","AUTOMATIC","GAS",3,"DEFAULT","On Minimum Bid","[PREMIUM]",,"KANSAS CITY","KS","66111 2629","USA","USD","[PREMIUM]","[PREMIUM]","YD017",false,"[PREMIUM]","S",true,false,"[PREMIUM]",,,,,,,,"[PREMIUM]"
"64279825","2026-08-17 21:05:09.325","2026-08-25 00:03:24.849","64279825","2026-08-24 13:58:53.000","[PREMIUM]","369","KS - KANSAS CITY","2026-08-25","TUESDAY","1200","CDT","36","V",2018,"RAM","All Models","2500",,"WHITE","REAR END","MINOR DENT/SCRATCHES","ID","SC","YES","D",98523,"A","[PREMIUM]",0,"6.4L  8","4x4 w/Rear Wheel Drv","AUTOMATIC","GAS",8,"Run & Drive Verified","Pure Sale","[PREMIUM]",,"KANSAS CITY","KS","66111 2629","USA","USD","[PREMIUM]","[PREMIUM]","P100",false,"[PREMIUM]","ST",false,false,"[PREMIUM]",,,,,,,,"[PREMIUM]"
"63860115","2026-08-17 21:05:08.995","2026-08-20 05:43:37.388","63860115","2026-08-19 20:31:17.000","[PREMIUM]","369","KS - KANSAS CITY","2026-08-20","THURSDAY","1200","CDT","2578","V",2020,"CHEVROLET","ALL Models","SILVERADO",,"BLACK","ALL OVER","FRONT END","KS","ST","YES","E",0,"N","[PREMIUM]",56191.59,"5.3L  8","4x4 w/Rear Wheel Drv","AUTOMATIC","GAS",8,"DEFAULT","Pure Sale","[PREMIUM]",,"KANSAS CITY","KS","66111 2629","USA","USD","[PREMIUM]","[PREMIUM]","M200",false,"[PREMIUM]","K1500 HIGH COUNTRY",false,false,"[PREMIUM]",,,,,,,,"[PREMIUM]"
"63635665","2026-08-17 21:05:08.855","2026-08-31 05:50:40.042","63635665","2026-08-27 18:13:56.000","[PREMIUM]","369","KS - KANSAS CITY","2026-09-01","TUESDAY","1200","CDT","0","V",2023,"FORD","MUSTANG","MUSTANG MACH-E",,"BLUE","FRONT END",,"KS","ST","YES",,12707,"A","[PREMIUM]",17215.59,,"ALL WHEEL DRIVE","AUTOMATIC","ELECTRIC",,,"On Approval","[PREMIUM]",,"KANSAS CITY","KS","66111 2629","USA","USD","[PREMIUM]","[PREMIUM]","3F080",false,"[PREMIUM]","SELECT",false,false,"[PREMIUM]",,,,,,,,"[PREMIUM]"
"63371696","2026-08-17 21:05:08.654","2026-08-31 11:48:13.992","63371696","2026-08-17 21:09:29.000","[PREMIUM]","369","KS - KANSAS CITY",,,,"CDT","0","V",2014,"TOYOTA","CAMRY","CAMRY","SEDAN","GRAY","SIDE",,"KS","ST","YES","D",150239,"A","[PREMIUM]",7729.58,"2.5L 4","FRONT WHEEL DRIVE","AUTOMATIC","GAS",4,"Run & Drive Verified","Pure Sale","[PREMIUM]",,"KANSAS CITY","KS","66111 2629","USA","USD","[PREMIUM]","[PREMIUM]","C080",false,"[PREMIUM]","LE",false,false,"[PREMIUM]",,,,,,,,"[PREMIUM]"
"63306956","2026-08-17 21:05:08.623","2026-08-17 21:05:08.623","63306956","2026-08-17 20:01:45.000","[PREMIUM]","855","WHOLESALE AUCTION","2026-08-18","TUESDAY","1200","EDT","3144","V",2024,"CHEVROLET","MALIBU","MALIBU","SEDAN","GRAY","SIDE",,"WV","CT","YES","S",79854,"A","[PREMIUM]",0,"1.5L 4","FRONT WHEEL DRIVE","AUTOMATIC","GAS",4,"Vehicle Starts","On Minimum Bid","[PREMIUM]",,"KANSAS CITY","KS","66111 2629","USA","USD","[PREMIUM]","[PREMIUM]","3BLU",false,"[PREMIUM]","LT",false,true,"[PREMIUM]",,,,,"RED LIGHT",1,"Safety,Other","[PREMIUM]"
"63209446","2026-08-17 21:05:08.566","2026-08-19 03:01:32.680","63209446","2026-08-17 18:32:49.000","[PREMIUM]","838","RENTAL VEHICLE SALE","2026-08-19","WEDNESDAY","1200","EDT","0","V",2022,"CHEVROLET","MALIBU","MALIBU","SEDAN","BLUE","UNDERCARRIAGE",,"FL","CT","YES","D",184028,"A","[PREMIUM]",2795.78,"1.5L 4","FRONT WHEEL DRIVE","AUTOMATIC","GAS",4,"Run & Drive Verified","On Minimum Bid","[PREMIUM]",,"KANSAS CITY","KS","66111 2629","USA","USD","[PREMIUM]","[PREMIUM]","YD017",false,"[PREMIUM]","LT",true,false,"[PREMIUM]",,,,,,,,"[PREMIUM]"
"63172946","2026-08-17 21:05:08.537","2026-08-31 11:48:13.870","63172946","2026-08-17 18:06:36.000","[PREMIUM]","369","KS - KANSAS CITY",,,,"CDT","0","V",2018,"NISSAN","SENTRA","SENTRA","SEDAN","BLACK","HAIL","FRONT END","KS","ST","YES","D",139219,"A","[PREMIUM]",3569.77,"1.8L 4","FRONT WHEEL DRIVE","AUTOMATIC","GAS",4,"Run & Drive Verified","Pure Sale","[PREMIUM]",,"KANSAS CITY","KS","66111 2629","USA","USD","[PREMIUM]","[PREMIUM]","N150",false,"[PREMIUM]","SR",false,false,"[PREMIUM]",,,,,,,,"[PREMIUM]"
"62996446","2026-08-17 21:05:08.330","2026-08-31 11:48:13.733","62996446","2026-08-17 18:42:45.000","[PREMIUM]","369","KS - KANSAS CITY",,,,"CDT","0","V",2014,"BUICK","LACROSSE","LACROSSE","SEDAN 4DR","RED","REAR END",,"KS","ST","YES","D",82615,"A","[PREMIUM]",13046.36,"3.6L 6","FRONT WHEEL DRIVE","AUTOMATIC","GAS",6,"Run & Drive Verified","Pure Sale","[PREMIUM]",,"KANSAS CITY","KS","66111 2629","USA","USD","[PREMIUM]","[PREMIUM]","N180",false,"[PREMIUM]",,false,false,"[PREMIUM]",,,,,,,,"[PREMIUM]"
"62621086","2026-08-17 21:05:08.028","2026-08-31 11:48:13.447","62621086","2026-08-17 18:06:35.000","[PREMIUM]","835","MEDIUM DUTY SPECIALTY SALE",,,,"CDT","0","K",2010,"FORD","ALL Models","ECONOLINE","CARGO VAN","WHITE","FRONT END","UNDERCARRIAGE","KS","ST","YES",,102978,"A","[PREMIUM]",6546.93,"5.4L 8","REAR WHEEL DRIVE","AUTOMATIC","GAS",8,,"Pure Sale","[PREMIUM]",,"KANSAS CITY","KS","66111 2629","USA","USD","[PREMIUM]","[PREMIUM]","3K150",false,"[PREMIUM]","E250 VAN",false,false,"[PREMIUM]",,,,,,,,"[PREMIUM]"
"62516636","2026-08-17 21:05:07.947","2026-08-31 11:48:13.385","62516636","2026-08-17 18:06:36.000","[PREMIUM]","369","KS - KANSAS CITY",,,,"CDT","0","V",2014,"CHRYSLER","MINIVAN","TOWN & COUNTRY","SPORTS VAN","TAN","FRONT END","UNDERCARRIAGE","KS","ST","NO","E",100318,"A","[PREMIUM]",9032,"3.6L 6","FRONT WHEEL DRIVE","AUTOMATIC","FLEXIBLE",6,"DEFAULT","Pure Sale","[PREMIUM]",,"KANSAS CITY","KS","66111 2629","USA","USD","[PREMIUM]","[PREMIUM]","G140",false,"[PREMIUM]","TOURING",false,false,"[PREMIUM]",,,,,,,,"[PREMIUM]"
"62221226","2026-08-17 21:05:07.869","2026-08-31 05:50:38.668","62221226","2026-08-27 01:56:48.000","[PREMIUM]","832","MEDIUM DUTY CLEAN TITLE SALE","2026-08-31","MONDAY","1100","CDT","0","K",2011,"INTERNATIONAL","4300","4300","CONVENTIONAL CAB","WHITE","MECHANICAL",,"OK","CT","YES","E",0,"N","[PREMIUM]",0,"6.4L 8","REAR WHEEL DRIVE","AUTOMATIC","DIESEL",8,"DEFAULT","On Approval","[PREMIUM]",,"KANSAS CITY","KS","66111 2629","USA","USD","[PREMIUM]","[PREMIUM]","3J160",false,"[PREMIUM]",,false,false,"[PREMIUM]",,,,,,,,"[PREMIUM]"
"62247226","2026-08-17 21:05:07.864","2026-08-31 11:48:13.244","62247226","2026-08-19 12:34:51.000","[PREMIUM]","369","KS - KANSAS CITY",,,,"CDT","0","V",2010,"FORD","ALL Models","MUSTANG","COUPE","SILVER","SIDE","VANDALISM","KS","ST","NO","E",0,"E","[PREMIUM]",3789.8,"4.0L 6","REAR WHEEL DRIVE","AUTOMATIC","GAS",6,"DEFAULT","Pure Sale","[PREMIUM]",,"KANSAS CITY","KS","66111 2629","USA","USD","[PREMIUM]","[PREMIUM]","SUN",false,"[PREMIUM]",,false,false,"[PREMIUM]",,,,,,,,"[PREMIUM]"
"62010126","2026-08-17 21:05:07.845","2026-08-23 23:47:40.865","62010126","2026-08-19 06:12:29.000","[PREMIUM]","832","MEDIUM DUTY CLEAN TITLE SALE","2026-08-24","MONDAY","1100","CDT","0","K",2017,"FORD","TRANSIT","TRANSIT CONNECT","SPORTS VAN","WHITE","SIDE",,"MO","CT","YES","D",196543,"A","[PREMIUM]",0,"2.5L 4","FRONT WHEEL DRIVE","AUTOMATIC","GAS",4,"Run & Drive Verified","On Minimum Bid","[PREMIUM]",,"KANSAS CITY","KS","66111 2629","USA","USD","[PREMIUM]","[PREMIUM]","D120",false,"[PREMIUM]","XLT",false,false,"[PREMIUM]",,,,,,,,"[PREMIUM]"
"61700406","2026-08-17 21:05:07.291","2026-08-31 11:48:12.947","61700406","2026-08-17 18:42:46.000","[PREMIUM]","369","KS - KANSAS CITY",,,,"CDT","0","V",2007,"MAZDA","CX-9","CX-9","4DR SPORT UTILITY","WHITE","HAIL",,"KS","ST","YES","D",227826,"E","[PREMIUM]",5886.15,"3.5L 6","ALL WHEEL DRIVE","AUTOMATIC","GAS",6,"Run & Drive Verified","Pure Sale","[PREMIUM]",,"KANSAS CITY","KS","66111 2629","USA","USD","[PREMIUM]","[PREMIUM]","D150",false,"[PREMIUM]",,false,false,"[PREMIUM]",,,,,,,,"[PREMIUM]"
"60934396","2026-08-17 21:05:06.721","2026-08-26 05:48:54.683","60934396","2026-08-19 19:50:15.000","[PREMIUM]","835","MEDIUM DUTY SPECIALTY SALE","2026-08-26","WEDNESDAY","1100","CDT","0","K",2022,"RAM","PROMASTER","PROMASTER 3500","VAN CARGO","WHITE","SIDE",,"SC","ST","YES","E",34974,"A","[PREMIUM]",37235.11,"3.6L 6","FRONT WHEEL DRIVE","AUTOMATIC","FLEXIBLE",6,"DEFAULT","Pure Sale","[PREMIUM]",,"KANSAS CITY","KS","66111 2629","USA","USD","[PREMIUM]","[PREMIUM]","P120",false,"[PREMIUM]","3500 HIGH",false,false,"[PREMIUM]",,,,,,,,"[PREMIUM]"
"60832086","2026-08-17 21:05:06.668","2026-08-27 11:46:00.528","60832086","2026-08-26 13:30:55.000","[PREMIUM]","369","KS - KANSAS CITY","2026-08-27","THURSDAY","1200","CDT","67","V",2007,"TOYOTA","CAMRY","CAMRY","SEDAN 4DR","SILVER","REAR END","FRONT END","MT","CZ","YES","S",353639,"E","[PREMIUM]",0,"2.4L 4","FRONT WHEEL DRIVE","AUTOMATIC","ELECTRIC AND GAS HYBRID",4,"Vehicle Starts","On Minimum Bid","[PREMIUM]",,"KANSAS CITY","KS","66111 2629","USA","USD","[PREMIUM]","[PREMIUM]","O100",true,"[PREMIUM]","HYBRID",false,false,"[PREMIUM]",,,,,,,,"[PREMIUM]"
"60672166","2026-08-17 21:05:06.556","2026-08-31 11:48:12.475","60672166","2026-08-17 18:06:36.000","[PREMIUM]","369","KS - KANSAS CITY",,,,"CDT","0","V",2023,"LAND ROVER","DISCOVERY","DISCOVERY SPORT","SPORT UTILITY VEHICLE","BLACK","FRONT END","REAR END","KS","ST","YES","D",33847,"A","[PREMIUM]",16670.83,"2.0L 4","ALL WHEEL DRIVE","AUTOMATIC","GAS",4,"Run & Drive Verified","Pure Sale","[PREMIUM]",,"KANSAS CITY","KS","66111 2629","USA","USD","[PREMIUM]","[PREMIUM]","3F090",false,"[PREMIUM]","SE",false,false,"[PREMIUM]",,,,,,,,"[PREMIUM]"
"60456236","2026-08-17 21:05:06.482","2026-08-31 11:48:12.361","60456236","2026-08-27 12:23:25.000","[PREMIUM]","841","CRASHEDTOYS POWERSPORT AUCTION","2026-09-03","THURSDAY","1200","CDT","0","C",2007,"KAWASAKI","VULCAN 15","VN1500","ROAD","BLACK","SIDE",,"ID","SC","NO","E",0,"E","[PREMIUM]",3588,"2",,"MANUAL",,2,"DEFAULT","Pure Sale","[PREMIUM]",,"KANSAS CITY","KS","66111 2629","USA","USD","[PREMIUM]","[PREMIUM]","MC",false,"[PREMIUM]","N1",false,false,"[PREMIUM]",,,,,,,,"[PREMIUM]"
"59884706","2026-08-17 21:05:06.090","2026-08-31 11:48:12.122","59884706","2026-08-27 18:42:38.000","[PREMIUM]","369","KS - KANSAS CITY","2026-09-01","TUESDAY","1200","CDT","0","V",2015,"LINCOLN","MKZ","MKZ","SEDAN 4DR","WHITE","UNDERCARRIAGE",,"KS","CZ","NO","E",0,"N","[PREMIUM]",0,"3.7L 6","ALL WHEEL DRIVE","AUTOMATIC","GAS",6,"DEFAULT","On Minimum Bid","[PREMIUM]",,"KANSAS CITY","KS","66111 2629","USA","USD","[PREMIUM]","[PREMIUM]","I010",true,"[PREMIUM]",,false,false,"[PREMIUM]",,,,,,,,"[PREMIUM]"
"59743126","2026-08-17 21:05:06.013","2026-08-31 11:48:12.048","59743126","2026-08-17 18:06:36.000","[PREMIUM]","369","KS - KANSAS CITY",,,,"CDT","0","V",2016,"DODGE","CARAVAN","GRAND CARAVAN","SPORTS VAN","BLACK","FRONT END",,"KS","ST","YES","E",141104,"A","[PREMIUM]",25901.72,"3.6L 6","FRONT WHEEL DRIVE","AUTOMATIC","FLEXIBLE",6,"DEFAULT","Pure Sale","[PREMIUM]",,"KANSAS CITY","KS","66111 2629","USA","USD","[PREMIUM]","[PREMIUM]","L070",false,"[PREMIUM]","R/T",false,false,"[PREMIUM]",,,,,,,,"[PREMIUM]"
"59327156","2026-08-17 21:05:05.885","2026-08-27 11:45:59.743","59327156","2026-08-26 13:30:55.000","[PREMIUM]","369","KS - KANSAS CITY","2026-08-27","THURSDAY","1200","CDT","2029","V",2025,"FORD","F150","F150","PICKUP","WHITE","HAIL",,"ID","SC","YES","D",38139,"A","[PREMIUM]",33453,"5.0L 8","4X4 W/REAR WHEEL DRV","AUTOMATIC","GAS",8,"Run & Drive Verified","Pure Sale","[PREMIUM]",,"KANSAS CITY","KS","66111 2629","USA","USD","[PREMIUM]","[PREMIUM]","O110",false,"[PREMIUM]","LARIAT",false,false,"[PREMIUM]",,,,,,,,"[PREMIUM]"
"59121366","2026-08-17 21:05:05.797","2026-08-31 11:48:11.919","59121366","2026-08-28 17:51:10.000","[PREMIUM]","369","KS - KANSAS CITY","2026-09-01","TUESDAY","1200","CDT","0","V",2015,"TOYOTA","TUNDRA","TUNDRA","PICKUP","BLUE","FRONT END","MINOR DENT/SCRATCHES","KS","ST","YES","D",89388,"A","[PREMIUM]",13235,"4.6L 8","FOUR BY FOUR","AUTOMATIC","GAS",8,"Run & Drive Verified","On Minimum Bid","[PREMIUM]",,"KANSAS CITY","KS","66111 2629","USA","USD","[PREMIUM]","[PREMIUM]","L170",false,"[PREMIUM]",,false,false,"[PREMIUM]",,,,,,,,"[PREMIUM]"
"58891536","2026-08-17 21:05:05.671","2026-08-31 11:48:11.906","58891536","2026-08-28 17:52:36.000","[PREMIUM]","369","KS - KANSAS CITY","2026-09-01","TUESDAY","1200","CDT","0","V",2024,"CHEVROLET","ALL Models","SILVERADO","PICKUP","RED","REAR END","UNDERCARRIAGE","GA","ST","YES","S",69443,"A","[PREMIUM]",0,"5.3L 8","4X4 W/REAR WHEEL DRV","AUTOMATIC","GAS",8,"Vehicle Starts","Pure Sale","[PREMIUM]",,"KANSAS CITY","KS","66111 2629","USA","USD","[PREMIUM]","[PREMIUM]","3I130",false,"[PREMIUM]","K1500 LTZ",false,false,"[PREMIUM]",,,,,,,,"[PREMIUM]"
"57847956","2026-08-17 21:05:04.999","2026-08-20 05:43:33.062","57847956","2026-08-19 20:00:58.000","[PREMIUM]","855","WHOLESALE AUCTION","2026-08-20","THURSDAY","1200","EDT","3030","V",2022,"HONDA","ODYSSEY","ODYSSEY","VAN PASSENGER","WHITE","FRONT END",,"MO","RP","YES","S",65974,"A","[PREMIUM]",0,"3.5L 6","FRONT WHEEL DRIVE","AUTOMATIC","GAS",6,"Vehicle Starts","On Approval","[PREMIUM]",,"KANSAS CITY","KS","66111 2629","USA","USD","[PREMIUM]","[PREMIUM]","3BLU",false,"[PREMIUM]","ELITE",false,true,"[PREMIUM]",,,,,"RED LIGHT",1.8,,"[PREMIUM]"
"57863016","2026-08-17 21:05:04.982","2026-08-19 03:01:29.618","57863016","2026-08-18 17:48:03.000","[PREMIUM]","855","WHOLESALE AUCTION","2026-08-20","THURSDAY","1200","EDT","0","V",2021,"VOLKSWAGEN","PASSAT","PASSAT","SEDAN","SILVER","SIDE","MECHANICAL","VA","CT","YES","E",134347,"A","[PREMIUM]",0,"2.0L 4","FRONT WHEEL DRIVE","AUTOMATIC","GAS",4,"DEFAULT","On Approval","[PREMIUM]",,"KANSAS CITY","KS","66111 2629","USA","USD","[PREMIUM]","[PREMIUM]","3BLU",false,"[PREMIUM]","SE",false,true,"[PREMIUM]",,,,,"RED LIGHT",2.2,,"[PREMIUM]"
"54581696","2026-08-17 21:05:03.736","2026-08-31 11:48:10.539","54581696","2026-08-17 18:47:41.000","[PREMIUM]","369","KS - KANSAS CITY",,,,"CDT","0","V",2013,"HYUNDAI","TUCSON","TUCSON","SUV","SILVER","MECHANICAL",,"WA","CT","YES","E",147783,"A","[PREMIUM]",0,"2.4L 4","ALL WHEEL DRIVE","AUTOMATIC","GAS",4,"DEFAULT","On Approval","[PREMIUM]",,"KANSAS CITY","KS","66111 2629","USA","USD","[PREMIUM]","[PREMIUM]","I180",false,"[PREMIUM]","LIMITED",false,false,"[PREMIUM]",,,,,,,,"[PREMIUM]"
"52012406","2026-08-17 21:05:02.346","2026-08-24 11:51:45.163","52012406","2026-08-20 19:28:45.000","[PREMIUM]","369","KS - KANSAS CITY","2026-08-25","TUESDAY","1200","CDT","0","V",2017,"CHEVROLET","EQUINOX","EQUINOX","4DR SPORT UTILITY","WHITE","FRONT END","MECHANICAL","ID","SC","YES","S",190516,"A","[PREMIUM]",6189,"2.4L 4","ALL WHEEL DRIVE","AUTOMATIC","GAS",4,"Vehicle Starts","Pure Sale","[PREMIUM]",,"KANSAS CITY","KS","66111 2629","USA","USD","[PREMIUM]","[PREMIUM]","J130",false,"[PREMIUM]","PREMIER",false,false,"[PREMIUM]",,,,,,,,"[PREMIUM]"
"50424186","2026-08-17 21:05:01.946","2026-08-31 11:48:10.011","50424186","2026-08-27 17:19:33.000","[PREMIUM]","855","WHOLESALE AUCTION","2026-09-03","THURSDAY","1200","EDT","0","V",2020,"HONDA","CIVIC","CIVIC","HATCHBACK","WHITE","ALL OVER",,"MO","RP","YES","E",0,"N","[PREMIUM]",0,"1.5L 4","FRONT WHEEL DRIVE","AUTOMATIC","GAS",4,"DEFAULT","On Approval","[PREMIUM]",,"KANSAS CITY","KS","66111 2629","USA","USD","[PREMIUM]","[PREMIUM]","F060",false,"[PREMIUM]","EXL",false,true,"[PREMIUM]",,,,,"RED LIGHT",0,,"[PREMIUM]"
"47418066","2026-08-17 21:05:01.606","2026-08-31 11:48:09.816","47418066","2026-08-18 19:52:50.000","[PREMIUM]","369","KS - KANSAS CITY",,,,"CDT","0","V",2015,"NISSAN","ROGUE","ROGUE SELECT","WAGON","WHITE","FRONT END","UNDERCARRIAGE","KS","ST","YES","D",85275,"A","[PREMIUM]",12873.36,"2.5L 4","ALL WHEEL DRIVE","AUTOMATIC","GAS",4,"Run & Drive Verified","Pure Sale","[PREMIUM]",,"KANSAS CITY","KS","66111 2629","USA","USD","[PREMIUM]","[PREMIUM]","D030",false,"[PREMIUM]","S",false,false,"[PREMIUM]",,,,,,,,"[PREMIUM]"
"64927286","2026-08-17 21:05:01.384","2026-08-21 12:53:45.301","64927286","2026-08-21 08:00:12.000","[PREMIUM]","368","NC - RALEIGH NORTH","2026-08-21","FRIDAY","1000","EDT","56","V",2018,"JEEP","CHEROKEE","GRAND CHEROKEE","SPORT UTILITY VEHICLE","BLACK","SIDE","NORMAL WEAR","NC","CZ","YES","S",94617,"A","[PREMIUM]",0,"3.6L 6","4X4 W/REAR WHEEL DRV","AUTOMATIC","FLEXIBLE",6,"Vehicle Starts","On Approval","[PREMIUM]",,"KNIGHTDALE","NC","27545","USA","USD","[PREMIUM]","[PREMIUM]","F090",false,"[PREMIUM]","LAREDO",false,false,"[PREMIUM]",,,,,,,,"[PREMIUM]"
"64844376","2026-08-17 21:05:01.331","2026-08-19 03:01:27.464","64844376","2026-08-17 16:59:47.000","[PREMIUM]","838","RENTAL VEHICLE SALE","2026-08-19","WEDNESDAY","1200","EDT","0","V",2022,"NISSAN","PATHFINDER","PATHFINDER","SPORT UTILITY VEHICLE","GRAY","REAR END",,"NM","CZ","YES","D",142979,"A","[PREMIUM]",4837.71,"3.5L 6","4X4 W/FRONT WHL DRV","AUTOMATIC","GAS",6,"Run & Drive Verified","On Minimum Bid","[PREMIUM]",,"KNIGHTDALE","NC","27545","USA","USD","[PREMIUM]","[PREMIUM]","B060",false,"[PREMIUM]","SV",true,false,"[PREMIUM]",,,,,,,,"[PREMIUM]"
"64646256","2026-08-17 21:05:01.329","2026-08-21 12:53:45.233","64646256","2026-08-21 08:00:12.000","[PREMIUM]","368","NC - RALEIGH NORTH","2026-08-21","FRIDAY","1000","EDT","49","V",2018,"NISSAN","ALTIMA","ALTIMA","SEDAN","GRAY","SIDE","MINOR DENT/SCRATCHES","NC","SC","YES","D",104264,"A","[PREMIUM]",8034.06,"2.5L 4","FRONT WHEEL DRIVE","AUTOMATIC","GAS",4,"Run & Drive Verified","Pure Sale","[PREMIUM]",,"KNIGHTDALE","NC","27545","USA","USD","[PREMIUM]","[PREMIUM]","D060",false,"[PREMIUM]","2.5 S",false,false,"[PREMIUM]",,,,,,,,"[PREMIUM]"
"64558126","2026-08-17 21:05:01.293","2026-08-19 03:01:27.416","64558126","2026-08-17 16:15:24.000","[PREMIUM]","838","RENTAL VEHICLE SALE","2026-08-19","WEDNESDAY","1200","EDT","0","V",2026,"KIA","ALL OTHER","K4","SEDAN","TURQUOISE","FRONT END","MINOR DENT/SCRATCHES","NC","CZ","YES","D",2983,"A","[PREMIUM]",9847,"2.0L 4","FRONT WHEEL DRIVE","AUTOMATIC","GAS",4,"Run & Drive Verified","On Minimum Bid","[PREMIUM]",,"KNIGHTDALE","NC","27545","USA","USD","[PREMIUM]","[PREMIUM]","B040",false,"[PREMIUM]","LXS",true,false,"[PREMIUM]",,,,,,,,"[PREMIUM]"
"64371376","2026-08-17 21:05:01.249","2026-08-28 11:45:58.784","64371376","2026-08-28 08:00:09.000","[PREMIUM]","368","NC - RALEIGH NORTH","2026-08-28","FRIDAY","1000","EDT","2053","V",2015,"CHEVROLET","CRUZE","CRUZE","SEDAN 4DR","BLUE","REAR END",,"NC","SC","YES","D",172910,"A","[PREMIUM]",3028.89,"1.4L 4","FRONT WHEEL DRIVE","AUTOMATIC","GAS",4,"Run & Drive Verified","Pure Sale","[PREMIUM]",,"KNIGHTDALE","NC","27545","USA","USD","[PREMIUM]","[PREMIUM]","D110",false,"[PREMIUM]","LTZ",false,false,"[PREMIUM]",,,,,,,,"[PREMIUM]"
"64192536","2026-08-17 21:05:01.215","2026-08-19 03:01:27.345","64192536","2026-08-17 17:37:15.000","[PREMIUM]","838","RENTAL VEHICLE SALE","2026-08-19","WEDNESDAY","1200","EDT","0","V",2025,"NISSAN","ROGUE","ROGUE","WAGON","BLUE","MECHANICAL",,"MI","CT","YES","D",75437,"A","[PREMIUM]",9606,"1.5L 3","ALL WHEEL DRIVE","AUTOMATIC","GAS",3,"Run & Drive Verified","On Minimum Bid","[PREMIUM]",,"KNIGHTDALE","NC","27545","USA","USD","[PREMIUM]","[PREMIUM]","B070",false,"[PREMIUM]","SV",true,false,"[PREMIUM]",,,,,,,,"[PREMIUM]"
"64092246","2026-08-17 21:05:01.208","2026-08-27 11:45:57.486","64092246","2026-08-26 20:00:54.000","[PREMIUM]","855","WHOLESALE AUCTION","2026-08-27","THURSDAY","1200","EDT","223","V",2024,"FORD","ESCAPE","ESCAPE","SPORT UTILITY VEHICLE","WHITE","MINOR DENT/SCRATCHES",,"NC","CZ","YES","D",72936,"A","[PREMIUM]",1605,"2.5L 4","4X4 W/FRONT WHL DRV","AUTOMATIC","ELECTRIC AND GAS HYBRID",4,"Run & Drive Verified","On Minimum Bid","[PREMIUM]",,"KNIGHTDALE","NC","27545","USA","USD","[PREMIUM]","[PREMIUM]","SA003",true,"[PREMIUM]","ST LINE SELECT",false,true,"[PREMIUM]",,,,,"GREEN LIGHT",3.9,,"[PREMIUM]"
"63996366","2026-08-17 21:05:01.160","2026-08-31 11:48:08.972","63996366","2026-08-31 10:00:28.000","[PREMIUM]","832","MEDIUM DUTY CLEAN TITLE SALE","2026-08-31","MONDAY","1100","CDT","2245","K",2015,"MERCEDES-BENZ","SPRINTER","SPRINTER","EXTENDED CARGO VAN","WHITE","MINOR DENT/SCRATCHES",,"NC","CZ","YES","D",293161,"A","[PREMIUM]",0,"3.0L 6","REAR WHEEL DRIVE","AUTOMATIC","DIESEL",6,"Run & Drive Verified","On Minimum Bid","[PREMIUM]",,"KNIGHTDALE","NC","27545","USA","USD","[PREMIUM]","[PREMIUM]","HVY",true,"[PREMIUM]","2500",false,false,"[PREMIUM]",,,,,,,,"[PREMIUM]"
"63996686","2026-08-17 21:05:01.145","2026-08-31 11:48:08.977","63996686","2026-08-28 18:14:57.000","[PREMIUM]","880","*NCS - EASTERN REGION","2026-09-01","TUESDAY","2100","EDT","0","V",2021,"CHEVROLET","ALL Models","SILVERADO","PICKUP","SILVER","MINOR DENT/SCRATCHES",,"VA","CZ","YES","E",133099,"A","[PREMIUM]",0,"2.7L 4","4X4 W/REAR WHEEL DRV","AUTOMATIC","GAS",4,"DEFAULT","On Minimum Bid","[PREMIUM]",,"KNIGHTDALE","NC","27545","USA","USD","[PREMIUM]","[PREMIUM]","E150",true,"[PREMIUM]","K1500 LT",false,false,"[PREMIUM]",,,,,,,,"[PREMIUM]"
"63995756","2026-08-17 21:05:01.142","2026-08-31 11:48:08.941","63995756","2026-08-28 18:14:21.000","[PREMIUM]","880","*NCS - EASTERN REGION","2026-09-01","TUESDAY","2100","EDT","0","V",2021,"RAM","1500","1500","PICKUP","WHITE","MINOR DENT/SCRATCHES",,"NC","CZ","YES","E",90066,"A","[PREMIUM]",0,"3.6L 6","REAR WHEEL DRIVE","AUTOMATIC","GAS",6,"DEFAULT","On Minimum Bid","[PREMIUM]",,"KNIGHTDALE","NC","27545","USA","USD","[PREMIUM]","[PREMIUM]","E150",true,"[PREMIUM]","BIG HORN/LONE STAR",false,false,"[PREMIUM]",,,,,,,,"[PREMIUM]"
"63996246","2026-08-17 21:05:01.135","2026-08-31 11:48:08.977","63996246","2026-08-28 18:14:38.000","[PREMIUM]","880","*NCS - EASTERN REGION","2026-09-01","TUESDAY","2100","EDT","0","V",2019,"DODGE","CHARGER","CHARGER","SEDAN","SILVER","MINOR DENT/SCRATCHES","NORMAL WEAR","NC","CZ","NO","E",140044,"A","[PREMIUM]",0,"5.7L 8","ALL WHEEL DRIVE","AUTOMATIC","GAS",8,"DEFAULT","On Minimum Bid","[PREMIUM]",,"KNIGHTDALE","NC","27545","USA","USD","[PREMIUM]","[PREMIUM]","C020",true,"[PREMIUM]","POLICE",false,false,"[PREMIUM]",,,,,,,,"[PREMIUM]"
"63996906","2026-08-17 21:05:01.133","2026-08-31 11:48:08.970","63996906","2026-08-28 18:15:06.000","[PREMIUM]","880","*NCS - EASTERN REGION","2026-09-01","TUESDAY","2100","EDT","0","V",2014,"FORD","ALL Models","MUSTANG","COUPE","BLACK","MINOR DENT/SCRATCHES",,"VA","CZ","YES","E",149697,"A","[PREMIUM]",0,"3.7L 6","REAR WHEEL DRIVE","MANUAL","GAS",6,"DEFAULT","On Minimum Bid","[PREMIUM]",,"KNIGHTDALE","NC","27545","USA","USD","[PREMIUM]","[PREMIUM]","D110",true,"[PREMIUM]",,false,false,"[PREMIUM]",,,,,,,,"[PREMIUM]"
"63525186","2026-08-17 21:05:00.911","2026-08-19 03:01:27.175","63525186","2026-08-17 17:30:40.000","[PREMIUM]","838","RENTAL VEHICLE SALE","2026-08-19","WEDNESDAY","1200","EDT","0","V",2026,"KIA","SPORTAGE","SPORTAGE","SPORT UTILITY VEHICLE","GRAY","FRONT END","MINOR DENT/SCRATCHES","ME","CT","YES","D",11854,"A","[PREMIUM]",11705.39,"2.5L 4","ALL WHEEL DRIVE","AUTOMATIC","GAS",4,"Run & Drive Verified","On Minimum Bid","[PREMIUM]",,"KNIGHTDALE","NC","27545","USA","USD","[PREMIUM]","[PREMIUM]","B050",false,"[PREMIUM]","LX",true,false,"[PREMIUM]",,,,,,,,"[PREMIUM]"
"63169306","2026-08-17 21:05:00.836","2026-08-19 03:01:27.071","63169306","2026-08-17 15:43:36.000","[PREMIUM]","838","RENTAL VEHICLE SALE","2026-08-19","WEDNESDAY","1200","EDT","0","V",2026,"KIA","ALL OTHER","K4","SEDAN","BLUE","FRONT END","SIDE","NC","DC","YES","D",8163,"A","[PREMIUM]",7584.88,"2.0L 4","FRONT WHEEL DRIVE","AUTOMATIC","GAS",4,"Run & Drive Verified","On Minimum Bid","[PREMIUM]",,"KNIGHTDALE","NC","27545","USA","USD","[PREMIUM]","[PREMIUM]","B070",false,"[PREMIUM]","LXS",true,false,"[PREMIUM]",,,,,,,,"[PREMIUM]"
"62578536","2026-08-17 21:05:00.553","2026-08-21 12:53:43.031","62578536","2026-08-21 08:00:11.000","[PREMIUM]","368","NC - RALEIGH NORTH","2026-08-21","FRIDAY","1000","EDT","9","V",2008,"TOYOTA","TUNDRA","TUNDRA","PICKUP","SILVER","REAR END",,"NC","SC","YES","D",224405,"E","[PREMIUM]",19209.88,"5.7L 8","FOUR BY FOUR","AUTOMATIC","GAS",8,"Run & Drive Verified","Pure Sale","[PREMIUM]",,"KNIGHTDALE","NC","27545","USA","USD","[PREMIUM]","[PREMIUM]","F140",false,"[PREMIUM]","SR5",false,false,"[PREMIUM]",,,,,,,,"[PREMIUM]"
"61914436","2026-08-17 21:05:00.344","2026-08-28 11:45:58.148","61914436","2026-08-28 08:00:09.000","[PREMIUM]","368","NC - RALEIGH NORTH","2026-08-28","FRIDAY","1000","EDT","115","V",2017,"GMC","ACADIA","ACADIA","4DR SPORT UTILITY","GRAY","REAR END",,"NC","SC","YES","D",157325,"A","[PREMIUM]",7755.01,"3.6L 6","FRONT WHEEL DRIVE","AUTOMATIC","GAS",6,"Run & Drive Verified","Pure Sale","[PREMIUM]",,"KNIGHTDALE","NC","27545","USA","USD","[PREMIUM]","[PREMIUM]","C080",false,"[PREMIUM]","SLE",false,false,"[PREMIUM]",,,,,,,,"[PREMIUM]"
"60067946","2026-08-17 21:04:59.967","2026-08-28 11:45:57.728","60067946","2026-08-28 08:00:09.000","[PREMIUM]","368","NC - RALEIGH NORTH","2026-08-28","FRIDAY","1000","EDT","33","V",2014,"TOYOTA","COROLLA","COROLLA","SEDAN","GRAY","FRONT END",,"NC","SC","YES","D",199337,"A","[PREMIUM]",6759.28,"1.8L 4","FRONT WHEEL DRIVE","AUTOMATIC","GAS",4,"Run & Drive Verified","Pure Sale","[PREMIUM]",,"KNIGHTDALE","NC","27545","USA","USD","[PREMIUM]","[PREMIUM]","F200",false,"[PREMIUM]","LE ECO",false,false,"[PREMIUM]",,,,,,,,"[PREMIUM]"
"55385936","2026-08-17 21:04:59.311","2026-08-21 12:53:41.382","55385936","2026-08-21 08:00:12.000","[PREMIUM]","368","NC - RALEIGH NORTH","2026-08-21","FRIDAY","1000","EDT","2049","V",2013,"LEXUS","ES350","ES","SEDAN 4DR","WHITE","FRONT END",,"NC","SC","YES","D",153607,"A","[PREMIUM]",9065.49,"3.5L 6","FRONT WHEEL DRIVE","AUTOMATIC","GAS",6,"Run & Drive Verified","Pure Sale","[PREMIUM]",,"KNIGHTDALE","NC","27545","USA","USD","[PREMIUM]","[PREMIUM]","E090",false,"[PREMIUM]","350",false,false,"[PREMIUM]",,,,,,,,"[PREMIUM]"
"64822456","2026-08-17 21:04:58.920","2026-08-26 05:48:49.670","64822456","2026-08-19 20:51:43.000","[PREMIUM]","367","CA - MENTONE","2026-08-26","WEDNESDAY","1200","PDT","0","V",2014,"FORD","FUSION","FUSION","SEDAN 4DR","CHARCOAL","REAR END",,"CA","SC","YES","D",166353,"A","[PREMIUM]",9967,"1.5L 4","FRONT WHEEL DRIVE","AUTOMATIC","GAS",4,"Run & Drive Verified","Pure Sale","[PREMIUM]",,"MENTONE","CA","92359","USA","USD","[PREMIUM]","[PREMIUM]","B080",false,"[PREMIUM]","SE",false,false,"[PREMIUM]",,,,,,,,"[PREMIUM]"
"64333676","2026-08-17 21:04:58.852","2026-08-26 05:48:49.681","64333676","2026-08-19 20:52:04.000","[PREMIUM]","367","CA - MENTONE","2026-08-26","WEDNESDAY","1200","PDT","0","V",2023,"HYUNDAI","KONA","KONA","SPORT UTILITY VEHICLE","BLACK","FRONT END","UNDERCARRIAGE","CA","SC","YES","D",28946,"A","[PREMIUM]",29818.96,,"FRONT WHEEL DRIVE","AUTOMATIC","ELECTRIC",,"Run & Drive Verified","Pure Sale","[PREMIUM]",,"MENTONE","CA","92359","USA","USD","[PREMIUM]","[PREMIUM]","H050",false,"[PREMIUM]","SE",false,false,"[PREMIUM]",,,,,,,,"[PREMIUM]"
"63914246","2026-08-17 21:04:58.814","2026-08-31 05:50:31.957","63914246","2026-08-27 23:17:03.000","[PREMIUM]","367","CA - MENTONE",,,,"PDT","0","V",2016,"MERCEDES-BENZ","E-CLASS","E","CONVERTIBLE","SILVER","ROLLOVER",,"CA","SC","YES","D",90931,"A","[PREMIUM]",0,"3.0L 6","REAR WHEEL DRIVE","AUTOMATIC","GAS",6,"Run & Drive Verified","On Minimum Bid","[PREMIUM]",,"MENTONE","CA","92359","USA","USD","[PREMIUM]","[PREMIUM]","A080",false,"[PREMIUM]","400",false,false,"[PREMIUM]",,,,,,,,"[PREMIUM]"
"63951136","2026-08-17 21:04:58.812","2026-08-31 11:48:07.143","63951136","2026-08-26 19:53:25.000","[PREMIUM]","367","CA - MENTONE","2026-09-02","WEDNESDAY","1200","PDT","0","V",2005,"NISSAN","XTERRA S","XTERRA","SUV","BLACK","MECHANICAL",,"MT","DV","YES","E",120178,"E","[PREMIUM]",0,"4.0L 6","REAR WHEEL DRIVE","AUTOMATIC","GAS",6,"DEFAULT","On Minimum Bid","[PREMIUM]",,"MENTONE","CA","92359","USA","USD","[PREMIUM]","[PREMIUM]","G050",true,"[PREMIUM]","S",false,false,"[PREMIUM]",,,,,,,,"[PREMIUM]"
"63805956","2026-08-17 21:04:58.781","2026-08-26 05:48:49.557","63805956","2026-08-19 20:49:27.000","[PREMIUM]","367","CA - MENTONE","2026-08-26","WEDNESDAY","1200","PDT","0","V",2015,"FORD","FOCUS","FOCUS","HATCHBACK 4DR","CHARCOAL","FRONT END","REAR END","CA","SC","NO","E",126686,"A","[PREMIUM]",12895.68,"2.0L 4","FRONT WHEEL DRIVE","MANUAL","GAS",4,"DEFAULT","Pure Sale","[PREMIUM]",,"MENTONE","CA","92359","USA","USD","[PREMIUM]","[PREMIUM]","A030",false,"[PREMIUM]","ST",false,false,"[PREMIUM]",,,,,,,,"[PREMIUM]"
"63200066","2026-08-17 21:04:58.595","2026-08-31 11:48:07.067","63200066","2026-08-17 17:51:58.000","[PREMIUM]","367","CA - MENTONE",,,,"PDT","0","V",2021,"AUDI","E-TRON","E-TRON","SPORT UTILITY VEHICLE","SILVER","SIDE","REAR END","CA","SC","YES","D",10626,"A","[PREMIUM]",17684.52,,"ALL WHEEL DRIVE","AUTOMATIC","ELECTRIC",,"Run & Drive Verified","Pure Sale","[PREMIUM]",,"MENTONE","CA","92359","USA","USD","[PREMIUM]","[PREMIUM]","E050",false,"[PREMIUM]","PRESTIGE",false,false,"[PREMIUM]",,,,,,,,"[PREMIUM]"
"61632986","2026-08-17 21:04:58.479","2026-08-31 11:48:06.915","61632986","2026-08-26 19:58:15.000","[PREMIUM]","367","CA - MENTONE","2026-09-02","WEDNESDAY","1200","PDT","0","V",2014,"JEEP","GRAND CHER","CHEROKEE","4DR SPORT UTILITY","BLACK","MECHANICAL",,"MT","DV","YES","D",109614,"A","[PREMIUM]",0,"2.4L 4","FRONT WHEEL DRIVE","AUTOMATIC","GAS",4,"Run & Drive Verified","On Minimum Bid","[PREMIUM]",,"MENTONE","CA","92359","USA","USD","[PREMIUM]","[PREMIUM]","G050",true,"[PREMIUM]","LATITUDE",false,false,"[PREMIUM]",,,,,,,,"[PREMIUM]"
"60322736","2026-08-17 21:04:58.372","2026-08-26 05:48:49.168","60322736","2026-08-19 20:54:08.000","[PREMIUM]","367","CA - MENTONE","2026-08-26","WEDNESDAY","1200","PDT","0","V",2018,"FORD","MUSTANG","MUSTANG","COUPE","BLUE","FRONT END",,"CA","SC","YES","E",61191,"A","[PREMIUM]",0,"5.0L 8","REAR WHEEL DRIVE","MANUAL","GAS",8,"DEFAULT","Pure Sale","[PREMIUM]",,"MENTONE","CA","92359","USA","USD","[PREMIUM]","[PREMIUM]","A020",false,"[PREMIUM]","GT",false,false,"[PREMIUM]",,,,,,,,"[PREMIUM]"
"60053896","2026-08-17 21:04:58.306","2026-08-26 05:48:49.134","60053896","2026-08-19 20:56:38.000","[PREMIUM]","367","CA - MENTONE","2026-08-26","WEDNESDAY","1200","PDT","0","V",2024,"TOYOTA","CAMRY","CAMRY","SEDAN","GRAY","FRONT END",,"CA","SC","YES","S",25974,"A","[PREMIUM]",21315.55,"2.5L 4","FRONT WHEEL DRIVE","AUTOMATIC","GAS",4,"Vehicle Starts","Pure Sale","[PREMIUM]",,"MENTONE","CA","92359","USA","USD","[PREMIUM]","[PREMIUM]","C050",false,"[PREMIUM]","SE",false,false,"[PREMIUM]",,,,,,,,"[PREMIUM]"
"59616766","2026-08-17 21:04:58.273","2026-08-26 05:48:49.101","59616766","2026-08-19 20:56:19.000","[PREMIUM]","367","CA - MENTONE","2026-08-26","WEDNESDAY","1200","PDT","0","V",2013,"BUICK","VERANO","VERANO","SEDAN 4DR","WHITE","REAR END","FRONT END","CA","SC","YES","D",147719,"A","[PREMIUM]",4846.35,"2.0L 4","FRONT WHEEL DRIVE","AUTOMATIC","FLEXIBLE",4,"Run & Drive Verified","Pure Sale","[PREMIUM]",,"MENTONE","CA","92359","USA","USD","[PREMIUM]","[PREMIUM]","H050",false,"[PREMIUM]","PREMIUM",false,false,"[PREMIUM]",,,,,,,,"[PREMIUM]"
"50370196","2026-08-17 21:04:57.954","2026-08-26 05:48:48.816","50370196","2026-08-19 19:55:25.000","[PREMIUM]","367","CA - MENTONE","2026-08-26","WEDNESDAY","1200","PDT","0","V",2021,"TOYOTA","CAMRY","CAMRY","SEDAN","SILVER","BURN",,"CA","SC","EXM","E",0,"N","[PREMIUM]",32724,"2.5L 4","FRONT WHEEL DRIVE","AUTOMATIC","GAS",4,"DEFAULT","On Minimum Bid","[PREMIUM]",,"MENTONE","CA","92359","USA","USD","[PREMIUM]","[PREMIUM]","F050",false,"[PREMIUM]","SE",false,false,"[PREMIUM]",,,,,,,,"[PREMIUM]"
"50514816","2026-08-17 21:04:57.939","2026-08-26 05:48:48.801","50514816","2026-08-19 20:59:17.000","[PREMIUM]","367","CA - MENTONE","2026-08-26","WEDNESDAY","1200","PDT","0","V",2018,"TOYOTA","COROLLA","COROLLA","SEDAN","RED","REAR END",,"CA","SC","YES","D",129328,"A","[PREMIUM]",8084.03,"1.8L 4","FRONT WHEEL DRIVE","AUTOMATIC","GAS",4,"Run & Drive Verified","Pure Sale","[PREMIUM]",,"MENTONE","CA","92359","USA","USD","[PREMIUM]","[PREMIUM]","C030",false,"[PREMIUM]","LE",false,false,"[PREMIUM]",,,,,,,,"[PREMIUM]"
"61157496","2026-08-17 21:04:57.510","2026-08-23 23:47:32.960","61157496","2026-08-18 19:17:15.000","[PREMIUM]","366","FL - CLEWISTON","2026-08-24","MONDAY","1000","EDT","37","V",2023,"LINCOLN","CORSAIR","CORSAIR","SPORT UTILITY VEHICLE","RED","FRONT END",,"FL","RB","YES","D",15599,"A","[PREMIUM]",18243.11,"2.0L 4","FRONT WHEEL DRIVE","AUTOMATIC","GAS",4,"Run & Drive Verified","Pure Sale","[PREMIUM]",,"CLEWISTON","FL","33440","USA","USD","[PREMIUM]","[PREMIUM]","M080",false,"[PREMIUM]",,false,false,"[PREMIUM]",,,,,,,,"[PREMIUM]"
"63406326","2026-08-17 21:04:56.982","2026-08-27 11:45:54.286","63406326","2026-08-26 20:00:53.000","[PREMIUM]","855","WHOLESALE AUCTION","2026-08-27","THURSDAY","1200","EDT","6073","V",2016,"GMC","YUKON","YUKON XL","4DR SPORT UTILITY","CHARCOAL","MECHANICAL",,"ND","CT","YES","E",150017,"A","[PREMIUM]",0,"6.2L 8","4X4 W/REAR WHEEL DRV","AUTOMATIC","GAS",8,"DEFAULT","On Approval","[PREMIUM]",,"BISMARCK","ND","58504","USA","USD","[PREMIUM]","[PREMIUM]","E040",false,"[PREMIUM]","DENALI",false,true,"[PREMIUM]",,,,,"RED LIGHT",2.3,,"[PREMIUM]"
"63329186","2026-08-17 21:04:56.979","2026-08-20 05:43:24.001","63329186","2026-08-19 20:01:00.000","[PREMIUM]","855","WHOLESALE AUCTION","2026-08-20","THURSDAY","1200","EDT","2141","V",2022,"RAM","2500","2500","PICKUP","BLACK","NORMAL WEAR",,"ND","CT","YES","D",55880,"A","[PREMIUM]",0,"6.7L 6","4X4 W/REAR WHEEL DRV","AUTOMATIC","DIESEL",6,"Run & Drive Verified","On Approval","[PREMIUM]",,"BISMARCK","ND","58504","USA","USD","[PREMIUM]","[PREMIUM]","D050",false,"[PREMIUM]","LARAMIE",false,true,"[PREMIUM]",,,,,"YELLOW LIGHT",4,"Safety,Other,Emission","[PREMIUM]"
"61426736","2026-08-17 21:04:56.778","2026-08-23 23:47:31.562","61426736","2026-08-17 20:02:10.000","[PREMIUM]","363","ND - BISMARCK","2026-08-24","MONDAY","1400","CDT","0","V",2026,"FORD","F350","F350","PICKUP","SILVER","SIDE",,"ND","ST","YES","S",12195,"N","[PREMIUM]",77243.66,"7.3L 8","4X4 W/REAR WHEEL DRV","AUTOMATIC","GAS",8,"Vehicle Starts","Pure Sale","[PREMIUM]",,"BISMARCK","ND","58504","USA","USD","[PREMIUM]","[PREMIUM]","D010",false,"[PREMIUM]","SUPER DUTY",false,false,"[PREMIUM]",,,,,,,,"[PREMIUM]"
"61036046","2026-08-17 21:04:56.706","2026-08-23 23:47:31.521","61036046","2026-08-17 19:57:33.000","[PREMIUM]","363","ND - BISMARCK","2026-08-24","MONDAY","1400","CDT","0","V",2016,"FORD","EXPLORER","EXPLORER","4DR SPORT UTILITY","WHITE","FRONT END",,"ND","ST","YES","D",144547,"A","[PREMIUM]",10810.05,"3.5L 6","4X4 W/FRONT WHL DRV","AUTOMATIC","GAS",6,"Run & Drive Verified","Pure Sale","[PREMIUM]",,"BISMARCK","ND","58504","USA","USD","[PREMIUM]","[PREMIUM]","C050",false,"[PREMIUM]","SPORT",false,false,"[PREMIUM]",,,,,,,,"[PREMIUM]"
"60581336","2026-08-17 21:04:56.642","2026-08-23 23:47:31.518","60581336","2026-08-17 20:00:33.000","[PREMIUM]","363","ND - BISMARCK","2026-08-24","MONDAY","1400","CDT","0","V",2018,"NISSAN","ROGUE","ROGUE","WAGON","GRAY","FRONT END",,"ND","ST","YES","D",198141,"A","[PREMIUM]",11592.58,"2.5L 4","ALL WHEEL DRIVE","AUTOMATIC","GAS",4,"Run & Drive Verified","Pure Sale","[PREMIUM]",,"BISMARCK","ND","58504","USA","USD","[PREMIUM]","[PREMIUM]","B030",false,"[PREMIUM]","SV",false,false,"[PREMIUM]",,,,,,,,"[PREMIUM]"
"59279586","2026-08-17 21:04:56.489","2026-08-27 11:45:53.830","59279586","2026-08-27 10:00:37.000","[PREMIUM]","836","HEAVY TRUCK SPECIALTY SALE","2026-08-27","THURSDAY","1100","CDT","451","R",2014,"KEYSTONE","ALL MODELS","COUGAR",,"WHITE","SIDE",,"ND","SB","EXM","E",0,"N","[PREMIUM]",12000,,,,,,"DEFAULT","Pure Sale","[PREMIUM]",,"BISMARCK","ND","58504","USA","USD","[PREMIUM]","[PREMIUM]","F030",false,"[PREMIUM]",,false,false,"[PREMIUM]",,,,,,,,"[PREMIUM]"
"58729256","2026-08-17 21:04:56.470","2026-08-23 23:47:31.269","58729256","2026-08-17 19:56:11.000","[PREMIUM]","363","ND - BISMARCK","2026-08-24","MONDAY","1400","CDT","0","V",2013,"FORD","All Models","F150","CREW PIC","WHITE","FRONT END","SIDE","ND","ST","YES","D",301277,"A","[PREMIUM]",8003.08,,,"AUTOMATIC",,,"Run & Drive Verified","Pure Sale","[PREMIUM]",,"BISMARCK","ND","58504","USA","USD","[PREMIUM]","[PREMIUM]","A030",false,"[PREMIUM]","XLT",false,false,"[PREMIUM]",,,,,,,,"[PREMIUM]"
"58494166","2026-08-17 21:04:56.468","2026-08-27 11:45:53.791","58494166","2026-08-27 10:00:37.000","[PREMIUM]","836","HEAVY TRUCK SPECIALTY SALE","2026-08-27","THURSDAY","1100","CDT","442","R",2020,"AMERICAN TRAVEL SYSTEMS","TRAVEL TRL","TRAVEL TRL",,"BROWN","HAIL",,"ND","ST","EXM","E",0,"N","[PREMIUM]",18105,,,,,,"DEFAULT","Pure Sale","[PREMIUM]",,"BISMARCK","ND","58504","USA","USD","[PREMIUM]","[PREMIUM]","F010",false,"[PREMIUM]",,false,false,"[PREMIUM]",,,,,,,,"[PREMIUM]"
"58221096","2026-08-17 21:04:56.385","2026-08-23 23:47:31.200","58221096","2026-08-17 19:58:17.000","[PREMIUM]","363","ND - BISMARCK","2026-08-24","MONDAY","1400","CDT","0","V",2004,"DODGE","RAM 1500","RAM 1500","CREW PICKUP","RED","HAIL",,"ND","ST","YES","D",91444,"E","[PREMIUM]",5916.09,"5.7L 8","4X4 W/REAR WHEEL DRV","AUTOMATIC","GAS",8,"Run & Drive Verified","Pure Sale","[PREMIUM]",,"BISMARCK","ND","58504","USA","USD","[PREMIUM]","[PREMIUM]","A010",false,"[PREMIUM]","ST",false,false,"[PREMIUM]",,,,,,,,"[PREMIUM]"
"57473926","2026-08-17 21:04:56.337","2026-08-31 17:49:45.100","57473926","2026-08-31 15:16:57.000","[PREMIUM]","363","ND - BISMARCK","2026-09-04","FRIDAY","1400","CDT","0","V",2018,"CHEVROLET","SILVERADO","SILVERADO","PICKUP","RED","HAIL","REAR END","ND","ST","YES","D",148579,"A","[PREMIUM]",17336.84,"5.3L 8","4X4 W/REAR WHEEL DRV","AUTOMATIC","GAS",8,"Run & Drive Verified","Pure Sale","[PREMIUM]",,"BISMARCK","ND","58504","USA","USD","[PREMIUM]","[PREMIUM]","A020",false,"[PREMIUM]","K1500 LT",false,false,"[PREMIUM]",,,,,,,,"[PREMIUM]"
"57159246","2026-08-17 21:04:56.300","2026-08-23 23:47:31.150","57159246","2026-08-17 20:05:57.000","[PREMIUM]","363","ND - BISMARCK","2026-08-24","MONDAY","1400","CDT","0","V",2018,"DODGE","CHALLENGER","CHALLENGER","COUPE","GREEN","ROLLOVER",,"ND","ST","YES","D",91712,"A","[PREMIUM]",0,"3.6L 6","ALL WHEEL DRIVE","AUTOMATIC","FLEXIBLE",6,"Run & Drive Verified","Pure Sale","[PREMIUM]",,"BISMARCK","ND","58504","USA","USD","[PREMIUM]","[PREMIUM]","C040",false,"[PREMIUM]","GT",false,false,"[PREMIUM]",,,,,,,,"[PREMIUM]"
"55937436","2026-08-17 21:04:56.236","2026-08-23 23:47:31.069","55937436","2026-08-17 19:57:11.000","[PREMIUM]","363","ND - BISMARCK","2026-08-24","MONDAY","1400","CDT","0","V",2020,"JEEP","GRAND CHER","GRAND CHEROKEE","SPORT UTILITY VEHICLE","BLACK","FRONT END","UNDERCARRIAGE","ND","ST","YES","E",53766,"A","[PREMIUM]",35000,"3.6L 6","4X4 W/REAR WHEEL DRV","AUTOMATIC","FLEXIBLE",6,"DEFAULT","Pure Sale","[PREMIUM]",,"BISMARCK","ND","58504","USA","USD","[PREMIUM]","[PREMIUM]","B010",false,"[PREMIUM]","LAREDO",false,false,"[PREMIUM]",,,,,,,,"[PREMIUM]"
"55724186","2026-08-17 21:04:56.235","2026-08-23 23:47:31.068","55724186","2026-08-17 19:59:47.000","[PREMIUM]","363","ND - BISMARCK","2026-08-24","MONDAY","1400","CDT","0","V",2024,"FORD","All Models","F150","PICKUP","GRAY","FRONT END",,"ND","ST","NO","E",38547,"A","[PREMIUM]",33082,"2.7L 6","4X4 W/REAR WHEEL DRV","AUTOMATIC","GAS",6,"DEFAULT","Pure Sale","[PREMIUM]",,"BISMARCK","ND","58504","USA","USD","[PREMIUM]","[PREMIUM]","KEYS",false,"[PREMIUM]","XLT",false,false,"[PREMIUM]",,,,,,,,"[PREMIUM]"
"55004866","2026-08-17 21:04:56.198","2026-08-23 23:47:31.036","55004866","2026-08-17 19:59:13.000","[PREMIUM]","363","ND - BISMARCK","2026-08-24","MONDAY","1400","CDT","0","V",2017,"GMC","ACADIA","ACADIA","4DR SPORT UTILITY","PURPLE","FRONT END",,"ND","ST","YES","D",142753,"A","[PREMIUM]",5509.48,"3.6L 6","ALL WHEEL DRIVE","AUTOMATIC","GAS",6,"Run & Drive Verified","Pure Sale","[PREMIUM]",,"BISMARCK","ND","58504","USA","USD","[PREMIUM]","[PREMIUM]","B040",false,"[PREMIUM]","ALL TERRAIN",false,false,"[PREMIUM]",,,,,,,,"[PREMIUM]"
"85791635","2026-08-17 21:04:56.155","2026-08-20 05:43:22.864","85791635","2026-08-19 22:32:48.000","[PREMIUM]","855","WHOLESALE AUCTION","2026-08-20","THURSDAY","1200","EDT","0","V",2018,"FORD","F150","F150","PICKUP","WHITE","MINOR DENT/SCRATCHES",,"AZ","CT","YES","D",188558,"A","[PREMIUM]",0,"3.5L 6","4X4 W/REAR WHEEL DRV","AUTOMATIC","GAS",6,"Run & Drive Verified","On Minimum Bid","[PREMIUM]",,"PHOENIX","AZ","85085","USA","USD","[PREMIUM]","[PREMIUM]","A150",false,"[PREMIUM]","SUPERCREW",false,true,"[PREMIUM]",,,,,"RED LIGHT",0,,"[PREMIUM]"
"64819276","2026-08-17 21:04:56.011","2026-08-25 00:03:14.243","64819276","2026-08-24 13:53:52.000","[PREMIUM]","362","AZ - PHOENIX NORTH","2026-08-25","TUESDAY","1200","PDT","2024","V",2020,"KIA","SOUL","SOUL","WAGON","GRAY","FRONT END","REAR END","AZ","SC","YES","D",73791,"A","[PREMIUM]",12060.81,"2.0L 4","FRONT WHEEL DRIVE","AUTOMATIC","GAS",4,"Run & Drive Verified","Pure Sale","[PREMIUM]",,"PHOENIX","AZ","85085","USA","USD","[PREMIUM]","[PREMIUM]","N060",false,"[PREMIUM]","S",false,false,"[PREMIUM]",,,,,,,,"[PREMIUM]"
"64627546","2026-08-17 21:04:55.908","2026-08-25 00:03:14.148","64627546","2026-08-24 13:53:52.000","[PREMIUM]","362","AZ - PHOENIX NORTH","2026-08-25","TUESDAY","1200","PDT","7","V",2000,"HONDA","ACCORD","ACCORD","SEDAN 4DR","GOLD","FRONT END","MINOR DENT/SCRATCHES","AZ","SC","YES","D",220824,"A","[PREMIUM]",0,"3.0L 6","FRONT WHEEL DRIVE","AUTOMATIC","GAS",6,"Run & Drive Verified","Pure Sale","[PREMIUM]",,"PHOENIX","AZ","85085","USA","USD","[PREMIUM]","[PREMIUM]","M030",false,"[PREMIUM]","EX",false,false,"[PREMIUM]",,,,,,,,"[PREMIUM]"
"64579786","2026-08-17 21:04:55.907","2026-08-25 00:03:14.161","64579786","2026-08-24 13:53:53.000","[PREMIUM]","362","AZ - PHOENIX NORTH","2026-08-25","TUESDAY","1200","PDT","2609","V",2010,"TOYOTA","PRIUS","PRIUS","HATCHBACK","RED","SIDE","REAR END","AZ","SC","YES","E",255344,"A","[PREMIUM]",0,"1.8L 4","FRONT WHEEL DRIVE","AUTOMATIC","ELECTRIC AND GAS HYBRID",4,"DEFAULT","Pure Sale","[PREMIUM]",,"PHOENIX","AZ","85085","USA","USD","[PREMIUM]","[PREMIUM]","M040",false,"[PREMIUM]","III",false,false,"[PREMIUM]",,,,,,,,"[PREMIUM]"
"64507576","2026-08-17 21:04:55.862","2026-08-27 11:45:53.084","64507576","2026-08-24 22:14:47.000","[PREMIUM]","362","AZ - PHOENIX NORTH","2026-08-27","THURSDAY","1200","PDT","78","V",2013,"FORD","FOCUS","FOCUS","SEDAN 4DR","WHITE","MINOR DENT/SCRATCHES",,"AZ","CT","YES","D",132670,"A","[PREMIUM]",0,"2.0L 4","FRONT WHEEL DRIVE","AUTOMATIC","GAS",4,"Run & Drive Verified","On Minimum Bid","[PREMIUM]",,"PHOENIX","AZ","85085","USA","USD","[PREMIUM]","[PREMIUM]","M060",true,"[PREMIUM]","S",false,false,"[PREMIUM]",,,,,,,,"[PREMIUM]"
"64342126","2026-08-17 21:04:55.762","2026-08-25 00:03:14.060","64342126","2026-08-24 13:53:52.000","[PREMIUM]","362","AZ - PHOENIX NORTH","2026-08-25","TUESDAY","1200","PDT","2033","V",2022,"HYUNDAI","SANTA FE","SANTA FE","SPORT UTILITY VEHICLE","SILVER","REAR END","FRONT END","AZ","SC","YES","D",37063,"A","[PREMIUM]",14066.91,"1.6L 4","ALL WHEEL DRIVE","AUTOMATIC","ELECTRIC AND GAS HYBRID",4,"Run & Drive Verified","On Minimum Bid","[PREMIUM]",,"PHOENIX","AZ","85085","USA","USD","[PREMIUM]","[PREMIUM]","J100",false,"[PREMIUM]","BLUE",false,false,"[PREMIUM]",,,,,,,,"[PREMIUM]"
"64080816","2026-08-17 21:04:55.625","2026-08-25 00:03:13.916","64080816","2026-08-24 16:05:16.000","[PREMIUM]","362","AZ - PHOENIX NORTH","2026-08-25","TUESDAY","1200","PDT","126","V",2011,"NISSAN","XTERRA","XTERRA","SUV","BLACK","REAR END",,"AZ","SC","YES","D",118065,"A","[PREMIUM]",9500,"4.0L 6","4X2","AUTOMATIC","GAS",6,"Run & Drive Verified","Pure Sale","[PREMIUM]",,"PHOENIX","AZ","85085","USA","USD","[PREMIUM]","[PREMIUM]","CD002",false,"[PREMIUM]","X",false,false,"[PREMIUM]",,,,,,,,"[PREMIUM]"
"63946826","2026-08-17 21:04:55.588","2026-08-25 00:03:13.892","63946826","2026-08-24 14:15:21.000","[PREMIUM]","362","AZ - PHOENIX NORTH","2026-08-25","TUESDAY","1200","PDT","2606","V",2000,"TOYOTA","SIENNA","SIENNA","MINI-VAN","BEIGE","SIDE","FRONT END","AZ","SC","YES","E",194988,"A","[PREMIUM]",1624.5,"3.0L 6","FRONT WHEEL DRIVE","AUTOMATIC","GAS",6,"DEFAULT","Pure Sale","[PREMIUM]",,"PHOENIX","AZ","85085","USA","USD","[PREMIUM]","[PREMIUM]","H090",false,"[PREMIUM]","XLE",false,false,"[PREMIUM]",,,,,,,,"[PREMIUM]"
"63729426","2026-08-17 21:04:55.476","2026-08-27 11:45:52.890","63729426","2026-08-26 14:52:20.000","[PREMIUM]","841","CRASHEDTOYS POWERSPORT AUCTION","2026-08-27","THURSDAY","1200","CDT","6078","C",2023,"OTHER","HAWK 250 D","HAWK 250 DLX",,"BLACK","MECHANICAL","ALL OVER","AZ","SC","YES",,0,"N","[PREMIUM]",2319.83,,,"MANUAL",,,,"Pure Sale","[PREMIUM]",,"PHOENIX","AZ","85085","USA","USD","[PREMIUM]","[PREMIUM]","MC005",false,"[PREMIUM]",,false,false,"[PREMIUM]",,,,,,,,"[PREMIUM]"
"63622536","2026-08-17 21:04:55.469","2026-08-25 00:03:13.828","63622536","2026-08-24 13:53:52.000","[PREMIUM]","362","AZ - PHOENIX NORTH","2026-08-25","TUESDAY","1200","PDT","83","V",2013,"CHEVROLET","IMPALA","IMPALA","SEDAN 4DR","RED","REAR END","FRONT END","AZ","SC","YES","D",186581,"A","[PREMIUM]",12205,"3.6L 6","FRONT WHEEL DRIVE","AUTOMATIC","GAS",6,"Run & Drive Verified","Pure Sale","[PREMIUM]",,"PHOENIX","AZ","85085","USA","USD","[PREMIUM]","[PREMIUM]","M080",false,"[PREMIUM]","LT",false,false,"[PREMIUM]",,,,,,,,"[PREMIUM]"
"63448366","2026-08-17 21:04:55.355","2026-08-25 00:03:13.809","63448366","2026-08-24 13:53:52.000","[PREMIUM]","362","AZ - PHOENIX NORTH","2026-08-25","TUESDAY","1200","PDT","2516","V",2007,"HONDA","ACCORD","ACCORD","COUPE","RED","SIDE","FRONT END","AZ","SC","YES","S",146456,"A","[PREMIUM]",12101.49,"2.4L 4","FRONT WHEEL DRIVE","MANUAL","GAS",4,"Vehicle Starts","Pure Sale","[PREMIUM]",,"PHOENIX","AZ","85085","USA","USD","[PREMIUM]","[PREMIUM]","I070",false,"[PREMIUM]","LX",false,false,"[PREMIUM]",,,,,,,,"[PREMIUM]"
"63152806","2026-08-17 21:04:55.274","2026-08-25 00:03:13.718","63152806","2026-08-24 13:53:53.000","[PREMIUM]","362","AZ - PHOENIX NORTH","2026-08-25","TUESDAY","1200","PDT","2584","V",2015,"TOYOTA","RAV4","RAV4","4DR SPORT UTILITY","WHITE","SIDE","FRONT END","AZ","SC","YES","E",161223,"A","[PREMIUM]",100,"2.5L 4","FRONT WHEEL DRIVE","AUTOMATIC","GAS",4,"DEFAULT","On Approval","[PREMIUM]",,"PHOENIX","AZ","85085","USA","USD","[PREMIUM]","[PREMIUM]","K070",false,"[PREMIUM]","XLE",false,false,"[PREMIUM]",,,,,,,,"[PREMIUM]"
"62925306","2026-08-17 21:04:55.236","2026-08-20 05:43:21.471","62925306","2026-08-19 16:40:41.000","[PREMIUM]","362","AZ - PHOENIX NORTH","2026-08-20","THURSDAY","1200","PDT","1157","V",2023,"SUBARU","OUTBACK","OUTBACK","SPORT UTILITY VEHICLE","WHITE","ALL OVER",,"PA","SC","NO","E",0,"N","[PREMIUM]",26133.49,"2.4L 4","ALL WHEEL DRIVE","AUTOMATIC","GAS",4,"DEFAULT","Pure Sale","[PREMIUM]",,"PHOENIX","AZ","85085","USA","USD","[PREMIUM]","[PREMIUM]","M090",false,"[PREMIUM]","WILDERNESS",false,false,"[PREMIUM]",,,,,,,,"[PREMIUM]"
"60205546","2026-08-17 21:04:54.690","2026-08-25 00:03:13.190","60205546","2026-08-24 13:53:53.000","[PREMIUM]","362","AZ - PHOENIX NORTH","2026-08-25","TUESDAY","1200","PDT","2572","V",2025,"BMW","ALL OTHER","IX","SPORT UTILITY VEHICLE","BLACK","REAR END","FRONT END","AZ","SC","YES","S",27031,"A","[PREMIUM]",68827.92,"0","ALL WHEEL DRIVE","AUTOMATIC","ELECTRIC",0,"Vehicle Starts","Pure Sale","[PREMIUM]",,"PHOENIX","AZ","85085","USA","USD","[PREMIUM]","[PREMIUM]","C110",false,"[PREMIUM]","XDRIVE50",false,false,"[PREMIUM]",,,,,,,,"[PREMIUM]"
"60071836","2026-08-17 21:04:54.687","2026-08-25 00:03:13.152","60071836","2026-08-24 13:53:52.000","[PREMIUM]","362","AZ - PHOENIX NORTH","2026-08-25","TUESDAY","1200","PDT","2504","V",2014,"NISSAN","ALTIMA","ALTIMA","SEDAN","BLACK","REAR END","SIDE","AZ","SC","NO","E",80446,"A","[PREMIUM]",9647.62,"2.5L 4","FRONT WHEEL DRIVE","AUTOMATIC","GAS",4,"DEFAULT","Pure Sale","[PREMIUM]",,"PHOENIX","AZ","85085","USA","USD","[PREMIUM]","[PREMIUM]","I090",false,"[PREMIUM]","2.5 S",false,false,"[PREMIUM]",,,,,,,,"[PREMIUM]"
"60062036","2026-08-17 21:04:54.655","2026-08-25 00:03:13.149","60062036","2026-08-24 13:53:53.000","[PREMIUM]","362","AZ - PHOENIX NORTH","2026-08-25","TUESDAY","1200","PDT","2543","V",2018,"NISSAN","SENTRA","SENTRA","SEDAN","GRAY","FRONT END","SIDE","AZ","SC","NO","E",133547,"A","[PREMIUM]",5722,"1.8L 4","FRONT WHEEL DRIVE","AUTOMATIC","GAS",4,"DEFAULT","Pure Sale","[PREMIUM]",,"PHOENIX","AZ","85085","USA","USD","[PREMIUM]","[PREMIUM]","I030",false,"[PREMIUM]","SV",false,false,"[PREMIUM]",,,,,,,,"[PREMIUM]"
"59670546","2026-08-17 21:04:54.603","2026-08-31 11:48:01.765","59670546","2026-08-27 23:24:00.000","[PREMIUM]","362","AZ - PHOENIX NORTH","2026-09-01","TUESDAY","1200","PDT","0","V",2024,"KIA","SPORTAGE","SPORTAGE","SPORT UTILITY VEHICLE","BLACK","FRONT END","MINOR DENT/SCRATCHES","AZ","SC","YES","D",9371,"A","[PREMIUM]",0,"1.6L 4","ALL WHEEL DRIVE","AUTOMATIC","ELECTRIC AND GAS HYBRID",4,"Run & Drive Verified","On Minimum Bid","[PREMIUM]",,"PHOENIX","AZ","85085","USA","USD","[PREMIUM]","[PREMIUM]","L050",false,"[PREMIUM]","EX",false,false,"[PREMIUM]",,,,,,,,"[PREMIUM]"
"58628936","2026-08-17 21:04:54.451","2026-08-27 11:45:52.224","58628936","2026-08-26 14:52:20.000","[PREMIUM]","841","CRASHEDTOYS POWERSPORT AUCTION","2026-08-27","THURSDAY","1200","CDT","5075","A",2024,"CAN-AM","ALL OTHER","MAVERICK R","SIDE BY SIDE","YELLOW","FRONT END","MECHANICAL","AZ","SC","YES","E",2098,"N","[PREMIUM]",30000,"3",,"AUTOMATIC","GAS",3,"DEFAULT","On Minimum Bid","[PREMIUM]",,"PHOENIX","AZ","85085","USA","USD","[PREMIUM]","[PREMIUM]","MC005",false,"[PREMIUM]",,false,false,"[PREMIUM]",,,,,,,,"[PREMIUM]"
"58246086","2026-08-17 21:04:54.386","2026-08-31 11:48:01.613","58246086","2026-08-27 16:52:39.000","[PREMIUM]","855","WHOLESALE AUCTION","2026-09-01","TUESDAY","1200","EDT","0","V",2021,"KIA","SELTOS","SELTOS","SPORT UTILITY VEHICLE","GRAY","MECHANICAL",,"AZ","CT","YES","E",133477,"A","[PREMIUM]",0,"1.6L 4","ALL WHEEL DRIVE","AUTOMATIC","GAS",4,"DEFAULT","On Minimum Bid","[PREMIUM]",,"PHOENIX","AZ","85085","USA","USD","[PREMIUM]","[PREMIUM]","K110",true,"[PREMIUM]","SX",false,true,"[PREMIUM]",,,,,"RED LIGHT",0,,"[PREMIUM]"
"57968446","2026-08-17 21:04:54.347","2026-08-25 15:37:41.342","57968446","2026-08-24 13:53:52.000","[PREMIUM]","362","AZ - PHOENIX NORTH","2026-08-25","TUESDAY","1200","PDT","2503","V",2008,"INFINITI","G37","G37","COUPE","SILVER","REAR END",,"ID","SC","YES","E",117756,"A","[PREMIUM]",7598,"3.7L 6","REAR WHEEL DRIVE","AUTOMATIC","GAS",6,"DEFAULT","Pure Sale","[PREMIUM]","ODOMETER IS NOT ACTUAL      ","PHOENIX","AZ","85085","USA","USD","[PREMIUM]","[PREMIUM]","K050",false,"[PREMIUM]","BASE",false,false,"[PREMIUM]",,,,,,,,"[PREMIUM]"
"55954136","2026-08-17 21:04:54.182","2026-08-27 11:45:52.013","55954136","2026-08-24 22:14:47.000","[PREMIUM]","362","AZ - PHOENIX NORTH","2026-08-27","THURSDAY","1200","PDT","1129","V",2025,"HYUNDAI","SANTA FE","SANTA FE","SPORT UTILITY VEHICLE","WHITE","FRONT END",,"ID","SC","YES","E",32200,"A","[PREMIUM]",37802,"1.6L 4","FRONT WHEEL DRIVE","AUTOMATIC","ELECTRIC AND GAS HYBRID",4,"DEFAULT","Pure Sale","[PREMIUM]",,"PHOENIX","AZ","85085","USA","USD","[PREMIUM]","[PREMIUM]","D160",false,"[PREMIUM]","LIMITED",false,false,"[PREMIUM]",,,,,,,,"[PREMIUM]"
"55455606","2026-08-17 21:04:54.129","2026-08-25 00:03:12.721","55455606","2026-08-24 17:09:39.000","[PREMIUM]","362","AZ - PHOENIX NORTH","2026-08-25","TUESDAY","1200","PDT","112","V",2016,"RAM","1500","1500","CREW PICKUP","CHARCOAL","REAR END","FRONT END","AZ","SC","YES","D",106889,"A","[PREMIUM]",10012.04,"5.7L 8","REAR WHEEL DRIVE","AUTOMATIC","GAS",8,"Run & Drive Verified","Pure Sale","[PREMIUM]",,"PHOENIX","AZ","85085","USA","USD","[PREMIUM]","[PREMIUM]","INSP",false,"[PREMIUM]","ST",false,false,"[PREMIUM]",,,,,,,,"[PREMIUM]"
"51910096","2026-08-17 21:04:53.948","2026-08-25 00:03:12.590","51910096","2026-08-24 13:53:53.000","[PREMIUM]","362","AZ - PHOENIX NORTH","2026-08-25","TUESDAY","1200","PDT","2574","V",2006,"JEEP","COMMANDER","COMMANDER","4DR SPORT UTILITY","SILVER","FRONT END","MINOR DENT/SCRATCHES","AZ","SC","YES","E",260224,"A","[PREMIUM]",5626.49,"4.7L 8","REAR WHEEL DRIVE","AUTOMATIC","GAS",8,"DEFAULT","Pure Sale","[PREMIUM]",,"PHOENIX","AZ","85085","USA","USD","[PREMIUM]","[PREMIUM]","D090",false,"[PREMIUM]",,false,false,"[PREMIUM]",,,,,,,,"[PREMIUM]"
"49684996","2026-08-17 21:04:53.895","2026-08-25 00:03:12.531","49684996","2026-08-24 13:53:52.000","[PREMIUM]","362","AZ - PHOENIX NORTH","2026-08-25","TUESDAY","1200","PDT","75","V",2019,"CHEVROLET","TRAVERSE","TRAVERSE","SPORT UTILITY VEHICLE","BLACK","SIDE","FRONT END","AZ","SC","YES","D",122019,"A","[PREMIUM]",13057,"3.6L 6","FRONT WHEEL DRIVE","AUTOMATIC","GAS",6,"Run & Drive Verified","Pure Sale","[PREMIUM]",,"PHOENIX","AZ","85085","USA","USD","[PREMIUM]","[PREMIUM]","C100",false,"[PREMIUM]","LT",false,false,"[PREMIUM]",,,,,,,,"[PREMIUM]"
"49650446","2026-08-17 21:04:53.893","2026-08-25 00:03:12.513","49650446","2026-08-24 13:53:52.000","[PREMIUM]","362","AZ - PHOENIX NORTH","2026-08-25","TUESDAY","1200","PDT","146","V",2015,"JEEP","CHEROKEE","GRAND CHEROKEE","4DR SPORT UTILITY","WHITE","FRONT END",,"ID","SC","YES","D",77391,"A","[PREMIUM]",11398,"3.6L 6","4X4 W/REAR WHEEL DRV","AUTOMATIC","FLEXIBLE",6,"Run & Drive Verified","Pure Sale","[PREMIUM]",,"PHOENIX","AZ","85085","USA","USD","[PREMIUM]","[PREMIUM]","L080",false,"[PREMIUM]","SUMMIT",false,false,"[PREMIUM]",,,,,,,,"[PREMIUM]"
"65519196","2026-08-17 21:04:53.540","2026-08-19 03:01:20.050","65519196","2026-08-18 19:52:41.000","[PREMIUM]","361","MA - FREETOWN","2026-08-19","WEDNESDAY","1000","EDT","2027","V",2009,"TOYOTA","TUNDRA","TUNDRA","PICKUP","SILVER","FRONT END","MINOR DENT/SCRATCHES","MA","CT","YES","D",47143,"A","[PREMIUM]",0,"5.7L 8","FOUR BY FOUR","AUTOMATIC","GAS",8,"Run & Drive Verified","On Approval","[PREMIUM]",,"ASSONET","MA","02702","USA","USD","[PREMIUM]","[PREMIUM]","I090",false,"[PREMIUM]","GRADE",false,false,"[PREMIUM]",,,,,,,,"[PREMIUM]"
"65158106","2026-08-17 21:04:53.520","2026-08-19 03:01:20.067","65158106","2026-08-18 19:52:41.000","[PREMIUM]","361","MA - FREETOWN","2026-08-19","WEDNESDAY","1000","EDT","3031","V",2012,"SUBARU","IMPREZA","IMPREZA","SEDAN 4DR","SILVER","FRONT END","MECHANICAL","MA","RS","YES","S",141794,"A","[PREMIUM]",6492.36,"2.0L 4","ALL WHEEL DRIVE","AUTOMATIC","GAS",4,"Vehicle Starts","Pure Sale","[PREMIUM]",,"ASSONET","MA","02702","USA","USD","[PREMIUM]","[PREMIUM]","B060",false,"[PREMIUM]","PREMIUM",false,false,"[PREMIUM]",,,,,,,,"[PREMIUM]"
"65437646","2026-08-17 21:04:53.520","2026-08-31 05:50:24.287","65437646","2026-08-27 23:11:06.000","[PREMIUM]","361","MA - FREETOWN","2026-09-02","WEDNESDAY","1000","EDT","0","K",2016,"CHEVROLET","ALL Models","SILVERADO","PICKUP","SILVER","MINOR DENT/SCRATCHES",,"MA","CT","YES","D",168032,"A","[PREMIUM]",0,"4.3L 6","REAR WHEEL DRIVE","AUTOMATIC","GAS",6,"Run & Drive Verified","On Minimum Bid","[PREMIUM]",,"ASSONET","MA","02702","USA","USD","[PREMIUM]","[PREMIUM]","W070",true,"[PREMIUM]","C1500/C1500 LS",false,false,"[PREMIUM]",,,,,,,,"[PREMIUM]"
"65548366","2026-08-17 21:04:53.520","2026-08-19 03:01:20.097","65548366","2026-08-18 19:52:40.000","[PREMIUM]","361","MA - FREETOWN","2026-08-19","WEDNESDAY","1000","EDT","49","V",2008,"TOYOTA","TACOMA","TACOMA","PICKUP","TWO TONE","MECHANICAL",,"MA","CT","YES","D",195972,"A","[PREMIUM]",0,"2.7L 4","4X2","AUTOMATIC","GAS",4,"Run & Drive Verified","On Minimum Bid","[PREMIUM]",,"ASSONET","MA","02702","USA","USD","[PREMIUM]","[PREMIUM]","I060",true,"[PREMIUM]","BASE",false,false,"[PREMIUM]",,,,,,,,"[PREMIUM]"
"64890996","2026-08-17 21:04:53.420","2026-08-26 05:48:42.699","64890996","2026-08-18 18:37:18.000","[PREMIUM]","361","MA - FREETOWN","2026-08-26","WEDNESDAY","1000","EDT","0","V",2013,"INFINITI","JX35","JX35","SUV","GRAY","REAR END",,"MA","RS","YES","D",136768,"A","[PREMIUM]",5134.23,"3.5L 6","ALL WHEEL DRIVE","AUTOMATIC","GAS",6,"Run & Drive Verified","Pure Sale","[PREMIUM]",,"ASSONET","MA","02702","USA","USD","[PREMIUM]","[PREMIUM]","G050",false,"[PREMIUM]","BASE",false,false,"[PREMIUM]",,,,,,,,"[PREMIUM]"
"64647716","2026-08-17 21:04:53.369","2026-08-19 03:01:19.921","64647716","2026-08-18 19:52:41.000","[PREMIUM]","361","MA - FREETOWN","2026-08-19","WEDNESDAY","1000","EDT","3042","V",2013,"RAM","1500","1500","CREW PICKUP","BLACK","FRONT END","REAR END","MA","RS","YES","E",143882,"A","[PREMIUM]",19076.55,"5.7L 8","4X4 W/REAR WHEEL DRV","AUTOMATIC","GAS",8,"DEFAULT","Pure Sale","[PREMIUM]",,"ASSONET","MA","02702","USA","USD","[PREMIUM]","[PREMIUM]","I130",false,"[PREMIUM]","SLT",false,false,"[PREMIUM]",,,,,,,,"[PREMIUM]"
"64707146","2026-08-17 21:04:53.369","2026-08-19 03:01:19.891","64707146","2026-08-18 19:52:40.000","[PREMIUM]","361","MA - FREETOWN","2026-08-19","WEDNESDAY","1000","EDT","44","V",2016,"BUICK","VERANO","VERANO","SEDAN 4DR","RED","REAR END","FRONT END","MA","RS","YES","D",73812,"A","[PREMIUM]",11903.43,"2.4L 4","FRONT WHEEL DRIVE","AUTOMATIC","FLEXIBLE",4,"Run & Drive Verified","Pure Sale","[PREMIUM]",,"ASSONET","MA","02702","USA","USD","[PREMIUM]","[PREMIUM]","D020",false,"[PREMIUM]",,false,false,"[PREMIUM]",,,,,,,,"[PREMIUM]"
"64430326","2026-08-17 21:04:53.291","2026-08-19 03:01:19.834","64430326","2026-08-17 17:49:08.000","[PREMIUM]","838","RENTAL VEHICLE SALE","2026-08-19","WEDNESDAY","1200","EDT","0","V",2026,"KIA","ALL OTHER","K4","SEDAN","TURQUOISE","REAR END",,"NC","CT","YES","D",9736,"A","[PREMIUM]",7615,"2.0L 4","FRONT WHEEL DRIVE","AUTOMATIC","GAS",4,"Run & Drive Verified","On Minimum Bid","[PREMIUM]",,"ASSONET","MA","02702","USA","USD","[PREMIUM]","[PREMIUM]","C020",false,"[PREMIUM]","LXS",true,false,"[PREMIUM]",,,,,,,,"[PREMIUM]"
"64401006","2026-08-17 21:04:53.285","2026-08-31 11:48:00.165","64401006","2026-08-26 14:38:26.000","[PREMIUM]","361","MA - FREETOWN","2026-09-02","WEDNESDAY","1000","EDT","0","V",2017,"FORD","EXPLORER","EXPLORER","4DR SPORT UTILITY","SILVER","FRONT END",,"MA","ST","YES","E",246888,"A","[PREMIUM]",23375.72,"3.5L 6","4X4 W/FRONT WHL DRV","AUTOMATIC","GAS",6,"DEFAULT","Pure Sale","[PREMIUM]",,"ASSONET","MA","02702","USA","USD","[PREMIUM]","[PREMIUM]","G060",false,"[PREMIUM]","XLT",false,false,"[PREMIUM]",,,,,,,,"[PREMIUM]"
"64212086","2026-08-17 21:04:53.268","2026-08-19 03:01:19.783","64212086","2026-08-18 19:52:40.000","[PREMIUM]","361","MA - FREETOWN","2026-08-19","WEDNESDAY","1000","EDT","99","V",2013,"SUBARU","IMPREZA","IMPREZA","SEDAN 4DR","MAROON","REAR END","FRONT END","MA","RS","YES","D",108190,"A","[PREMIUM]",5692.11,"2.0L 4","ALL WHEEL DRIVE","AUTOMATIC","GAS",4,"Run & Drive Verified","Pure Sale","[PREMIUM]",,"ASSONET","MA","02702","USA","USD","[PREMIUM]","[PREMIUM]","A030",false,"[PREMIUM]","PREMIUM",false,false,"[PREMIUM]",,,,,,,,"[PREMIUM]"
"64190446","2026-08-17 21:04:53.203","2026-08-31 11:48:00.094","64190446","2026-08-26 16:43:44.000","[PREMIUM]","880","*NCS - EASTERN REGION","2026-08-31","MONDAY","2100","EDT","0","V",2013,"BMW","3 SERIES","335","SEDAN 4DR","BLACK","FRONT END","SIDE","RI","CT","YES","D",157310,"A","[PREMIUM]",0,"3.0L 6","ALL WHEEL DRIVE","AUTOMATIC","GAS",6,"Run & Drive Verified","On Minimum Bid","[PREMIUM]",,"ASSONET","MA","02702","USA","USD","[PREMIUM]","[PREMIUM]","E050",true,"[PREMIUM]","XI",false,false,"[PREMIUM]",,,,,,,,"[PREMIUM]"
"63780766","2026-08-17 21:04:53.168","2026-08-19 03:01:19.623","63780766","2026-08-18 19:52:40.000","[PREMIUM]","361","MA - FREETOWN","2026-08-19","WEDNESDAY","1000","EDT","37","V",2014,"TOYOTA","CAMRY","CAMRY","SEDAN","BLACK","REAR END",,"MA","RS","YES","D",146350,"A","[PREMIUM]",6756.15,"2.5L 4","FRONT WHEEL DRIVE","AUTOMATIC","GAS",4,"Run & Drive Verified","Pure Sale","[PREMIUM]",,"ASSONET","MA","02702","USA","USD","[PREMIUM]","[PREMIUM]","B030",false,"[PREMIUM]","SE",false,false,"[PREMIUM]",,,,,,,,"[PREMIUM]"
"63174276","2026-08-17 21:04:53.157","2026-08-31 11:47:59.772","63174276","2026-08-26 14:25:11.000","[PREMIUM]","841","CRASHEDTOYS POWERSPORT AUCTION","2026-09-03","THURSDAY","1200","CDT","0","C",2022,"KAWASAKI","ALL OTHER","KLX300","ENDURO","BLACK","FRONT END",,"MA","ST","YES","E",0,"N","[PREMIUM]",6351.41,"1",,"MANUAL","GAS",1,"DEFAULT","Pure Sale","[PREMIUM]",,"ASSONET","MA","02702","USA","USD","[PREMIUM]","[PREMIUM]","MCI1",false,"[PREMIUM]","E",false,false,"[PREMIUM]",,,,,,,,"[PREMIUM]"
"63564646","2026-08-17 21:04:53.107","2026-08-19 03:01:19.612","63564646","2026-08-18 19:52:41.000","[PREMIUM]","361","MA - FREETOWN","2026-08-19","WEDNESDAY","1000","EDT","2144","V",2012,"FORD","F150","F150","CREW PICKUP","GRAY","SIDE","FRAME DAMAGE","MA","RS","YES","D",268452,"A","[PREMIUM]",5989,"3.5L 6","4X4 W/REAR WHEEL DRV","AUTOMATIC","GAS",6,"Run & Drive Verified","Pure Sale","[PREMIUM]",,"ASSONET","MA","02702","USA","USD","[PREMIUM]","[PREMIUM]","HH030",false,"[PREMIUM]","SUPERCREW",false,false,"[PREMIUM]",,,,,,,,"[PREMIUM]"
"63382726","2026-08-17 21:04:53.096","2026-08-25 00:03:11.645","63382726","2026-08-17 20:14:25.000","[PREMIUM]","833","HEAVY-TRAILER-RV CLEAN SALE","2026-08-25","TUESDAY","1100","CDT","0","R",2008,"FORD","ECONOLINE","ECONOLINE","CUTAWAY","WHITE","FRONT END",,"MA","RS","YES","D",25295,"A","[PREMIUM]",24742.69,"6.8L 10","REAR WHEEL DRIVE","AUTOMATIC","GAS",10,"Run & Drive Verified","Pure Sale","[PREMIUM]",,"ASSONET","MA","02702","USA","USD","[PREMIUM]","[PREMIUM]","X070",false,"[PREMIUM]","E450 SUPER DUTY CUTAWAY VAN",false,false,"[PREMIUM]",,,,,,,,"[PREMIUM]"
"63357776","2026-08-17 21:04:53.039","2026-08-19 03:01:19.421","63357776","2026-08-18 19:52:40.000","[PREMIUM]","361","MA - FREETOWN","2026-08-19","WEDNESDAY","1000","EDT","32","V",2013,"HONDA","CRV","CR-V","4DR SPORT UTILITY","RED","SIDE",,"MA","RS","YES","D",140507,"A","[PREMIUM]",8447.58,"2.4L 4","ALL WHEEL DRIVE","AUTOMATIC","GAS",4,"Run & Drive Verified","Pure Sale","[PREMIUM]",,"ASSONET","MA","02702","USA","USD","[PREMIUM]","[PREMIUM]","M070",false,"[PREMIUM]","EX",false,false,"[PREMIUM]",,,,,,,,"[PREMIUM]"
"63291976","2026-08-17 21:04:52.950","2026-08-19 03:01:19.420","63291976","2026-08-18 19:52:41.000","[PREMIUM]","361","MA - FREETOWN","2026-08-19","WEDNESDAY","1000","EDT","2042","V",2015,"KIA","SOUL","SOUL","WAGON","WHITE","FRONT END","REAR END","MA","RS","YES","D",117071,"A","[PREMIUM]",8425.46,"2.0L 4","FRONT WHEEL DRIVE","AUTOMATIC","GAS",4,"Run & Drive Verified","Pure Sale","[PREMIUM]",,"ASSONET","MA","02702","USA","USD","[PREMIUM]","[PREMIUM]","G070",false,"[PREMIUM]","!",false,false,"[PREMIUM]",,,,,,,,"[PREMIUM]"
"62921936","2026-08-17 21:04:52.811","2026-08-31 11:47:59.737","62921936","2026-08-26 14:24:22.000","[PREMIUM]","361","MA - FREETOWN","2026-09-02","WEDNESDAY","1000","EDT","0","V",2018,"TOYOTA","PRIUS","PRIUS","HATCHBACK","WHITE","REAR END",,"MA","ST","YES","D",38230,"A","[PREMIUM]",12858.68,"1.8L 4","FRONT WHEEL DRIVE","AUTOMATIC","ELECTRIC AND GAS HYBRID",4,"Run & Drive Verified","Pure Sale","[PREMIUM]",,"ASSONET","MA","02702","USA","USD","[PREMIUM]","[PREMIUM]","K060",false,"[PREMIUM]","TWO",false,false,"[PREMIUM]",,,,,,,,"[PREMIUM]"
"62833556","2026-08-17 21:04:52.768","2026-08-31 11:47:59.730","62833556","2026-08-26 14:22:51.000","[PREMIUM]","361","MA - FREETOWN","2026-09-02","WEDNESDAY","1000","EDT","0","V",2019,"NISSAN","ROGUE","ROGUE","WAGON","BLACK","TOP/ROOF",,"MA","ST","YES","D",72020,"A","[PREMIUM]",8570.38,"2.5L 4","ALL WHEEL DRIVE","AUTOMATIC","GAS",4,"Run & Drive Verified","Pure Sale","[PREMIUM]",,"ASSONET","MA","02702","USA","USD","[PREMIUM]","[PREMIUM]","H030",false,"[PREMIUM]","SV",false,false,"[PREMIUM]",,,,,,,,"[PREMIUM]"
"62679136","2026-08-17 21:04:52.725","2026-08-31 11:47:59.688","62679136","2026-08-26 14:34:04.000","[PREMIUM]","361","MA - FREETOWN","2026-09-02","WEDNESDAY","1000","EDT","0","V",2018,"TOYOTA","COROLLA","COROLLA","SEDAN","BLACK","FRONT END","REAR END","MA","ST","YES","D",142470,"A","[PREMIUM]",6496.99,"1.8L 4","FRONT WHEEL DRIVE","AUTOMATIC","GAS",4,"Run & Drive Verified","Pure Sale","[PREMIUM]",,"ASSONET","MA","02702","USA","USD","[PREMIUM]","[PREMIUM]","A060",false,"[PREMIUM]","LE",false,false,"[PREMIUM]",,,,,,,,"[PREMIUM]"
"62313866","2026-08-17 21:04:52.605","2026-08-31 11:47:59.592","62313866","2026-08-26 14:37:56.000","[PREMIUM]","361","MA - FREETOWN","2026-09-02","WEDNESDAY","1000","EDT","0","V",2020,"HYUNDAI","ELANTRA","ELANTRA","SEDAN","SILVER","REAR END",,"MA","ST","YES","D",46889,"A","[PREMIUM]",5221.75,"2.0L 4","FRONT WHEEL DRIVE","AUTOMATIC","GAS",4,"Run & Drive Verified","Pure Sale","[PREMIUM]",,"ASSONET","MA","02702","USA","USD","[PREMIUM]","[PREMIUM]","K080",false,"[PREMIUM]","SE",false,false,"[PREMIUM]",,,,,,,,"[PREMIUM]"
"62014466","2026-08-17 21:04:52.588","2026-08-31 11:47:59.535","62014466","2026-08-26 14:24:50.000","[PREMIUM]","361","MA - FREETOWN","2026-09-02","WEDNESDAY","1000","EDT","0","V",2020,"FORD","F-150","F150","PICKUP","BLACK","REAR END","SIDE","MA","ST","YES","D",72471,"A","[PREMIUM]",17351.06,"2.7L 6","4X4 W/REAR WHEEL DRV","AUTOMATIC","GAS",6,"Run & Drive Verified","On Minimum Bid","[PREMIUM]",,"ASSONET","MA","02702","USA","USD","[PREMIUM]","[PREMIUM]","A110",false,"[PREMIUM]","SUPER CAB",false,false,"[PREMIUM]",,,,,,,,"[PREMIUM]"
"62038446","2026-08-17 21:04:52.570","2026-08-25 00:03:11.417","62038446","2026-08-17 19:04:28.000","[PREMIUM]","833","HEAVY-TRAILER-RV CLEAN SALE","2026-08-25","TUESDAY","1100","CDT","0","U",2024,"VOLVO","VN","VN","TRACTOR TRUCK","ORANGE","FRONT END",,"IN","CT","NO","E",0,"N","[PREMIUM]",0,"12.8L 6","REAR WHEEL DRIVE","AUTOMATIC","DIESEL",6,"DEFAULT","On Minimum Bid","[PREMIUM]",,"ASSONET","MA","02702","USA","USD","[PREMIUM]","[PREMIUM]","S050",false,"[PREMIUM]","VNL",false,false,"[PREMIUM]",,,,,,,,"[PREMIUM]"
"61866506","2026-08-17 21:04:52.485","2026-08-26 05:48:41.764","61866506","2026-08-17 20:07:11.000","[PREMIUM]","361","MA - FREETOWN","2026-08-26","WEDNESDAY","1000","EDT","0","V",2016,"CHEVROLET","TRAVERSE","TRAVERSE","4DR SPORT UTILITY","GRAY","FRONT END",,"MA","RS","YES","D",0,"N","[PREMIUM]",6264.75,"3.6L 6","ALL WHEEL DRIVE","AUTOMATIC","GAS",6,"Run & Drive Verified","Pure Sale","[PREMIUM]",,"ASSONET","MA","02702","USA","USD","[PREMIUM]","[PREMIUM]","F050",false,"[PREMIUM]","LT",false,false,"[PREMIUM]",,,,,,,,"[PREMIUM]"
"61927746","2026-08-17 21:04:52.458","2026-08-31 11:47:59.508","61927746","2026-08-26 14:36:10.000","[PREMIUM]","361","MA - FREETOWN","2026-09-02","WEDNESDAY","1000","EDT","0","V",2018,"TOYOTA","CAMRY","CAMRY","SEDAN","WHITE","FRONT END","REAR END","MA","ST","YES","D",110232,"A","[PREMIUM]",0,"2.5L 4","FRONT WHEEL DRIVE","AUTOMATIC","GAS",4,"Run & Drive Verified","Pure Sale","[PREMIUM]",,"ASSONET","MA","02702","USA","USD","[PREMIUM]","[PREMIUM]","B040",false,"[PREMIUM]","SE",false,false,"[PREMIUM]",,,,,,,,"[PREMIUM]"
"61756706","2026-08-17 21:04:52.417","2026-08-31 11:47:59.456","61756706","2026-08-26 14:32:47.000","[PREMIUM]","361","MA - FREETOWN","2026-09-02","WEDNESDAY","1000","EDT","0","V",2024,"MAZDA","CX30","CX-30","SPORT UTILITY VEHICLE","WHITE","REAR END",,"MA","ST","YES","D",20070,"A","[PREMIUM]",20748,"2.5L 4","ALL WHEEL DRIVE","AUTOMATIC","GAS",4,"Run & Drive Verified","Pure Sale","[PREMIUM]",,"ASSONET","MA","02702","USA","USD","[PREMIUM]","[PREMIUM]","H060",false,"[PREMIUM]","PREMIUM",false,false,"[PREMIUM]",,,,,,,,"[PREMIUM]"
"61808446","2026-08-17 21:04:52.415","2026-08-31 11:47:59.507","61808446","2026-08-26 14:27:23.000","[PREMIUM]","361","MA - FREETOWN","2026-09-02","WEDNESDAY","1000","EDT","0","V",2024,"VOLVO","XC90","XC90","SPORT UTILITY VEHICLE","SILVER","FRONT END","SIDE","MA","ST","YES","D",30807,"A","[PREMIUM]",26469.86,"2.0L 4","ALL WHEEL DRIVE","AUTOMATIC","GAS",4,"Run & Drive Verified","Pure Sale","[PREMIUM]",,"ASSONET","MA","02702","USA","USD","[PREMIUM]","[PREMIUM]","H060",false,"[PREMIUM]","PLUS",false,false,"[PREMIUM]",,,,,,,,"[PREMIUM]"
"61858736","2026-08-17 21:04:52.399","2026-08-19 03:01:18.988","61858736","2026-08-18 19:52:40.000","[PREMIUM]","361","MA - FREETOWN","2026-08-19","WEDNESDAY","1000","EDT","12","V",2014,"SUBARU","OUTBACK","OUTBACK","4DR SPORT UTILITY","WHITE","FRONT END",,"MA","RS","YES","D",263720,"A","[PREMIUM]",4313,"2.5L 4","ALL WHEEL DRIVE","AUTOMATIC","GAS",4,"Run & Drive Verified","On Minimum Bid","[PREMIUM]",,"ASSONET","MA","02702","USA","USD","[PREMIUM]","[PREMIUM]","H040",false,"[PREMIUM]","2.5I",false,false,"[PREMIUM]",,,,,,,,"[PREMIUM]"
"61564846","2026-08-17 21:04:52.364","2026-08-31 11:47:59.416","61564846","2026-08-26 14:44:11.000","[PREMIUM]","361","MA - FREETOWN","2026-09-02","WEDNESDAY","1000","EDT","0","V",2022,"SUBARU","CROSSTREK","CROSSTREK","SPORT UTILITY VEHICLE","BLUE","FRONT END","SIDE","MA","ST","YES","E",0,"N","[PREMIUM]",20603.05,"2.5L 4","ALL WHEEL DRIVE","AUTOMATIC","GAS",4,"DEFAULT","Pure Sale","[PREMIUM]",,"ASSONET","MA","02702","USA","USD","[PREMIUM]","[PREMIUM]","L070",false,"[PREMIUM]","SPORT",false,false,"[PREMIUM]",,,,,,,,"[PREMIUM]"
"61378226","2026-08-17 21:04:52.272","2026-08-31 11:47:59.477","61378226","2026-08-26 14:43:03.000","[PREMIUM]","361","MA - FREETOWN","2026-09-02","WEDNESDAY","1000","EDT","0","V",2021,"JEEP","GRAND CHER","GRAND CHEROKEE","SPORT UTILITY VEHICLE","BLACK","REAR END",,"MA","ST","YES","E",45849,"A","[PREMIUM]",29486.3,"3.6L 6","4X4 W/REAR WHEEL DRV","AUTOMATIC","FLEXIBLE",6,"DEFAULT","On Minimum Bid","[PREMIUM]",,"ASSONET","MA","02702","USA","USD","[PREMIUM]","[PREMIUM]","G080",false,"[PREMIUM]","OVERLAND",false,false,"[PREMIUM]",,,,,,,,"[PREMIUM]"
"61130896","2026-08-17 21:04:52.234","2026-08-31 11:47:59.315","61130896","2026-08-26 14:28:09.000","[PREMIUM]","361","MA - FREETOWN","2026-09-02","WEDNESDAY","1000","EDT","0","V",2025,"LINCOLN","NAUTILUS P","NAUTILUS","SPORT UTILITY VEHICLE","SILVER","SIDE","REAR END","MA","ST","YES","D",7307,"A","[PREMIUM]",33289.01,"2.0L 4","ALL WHEEL DRIVE","AUTOMATIC","GAS",4,"Run & Drive Verified","On Minimum Bid","[PREMIUM]",,"ASSONET","MA","02702","USA","USD","[PREMIUM]","[PREMIUM]","J060",false,"[PREMIUM]","PREMIERE",false,false,"[PREMIUM]",,,,,,,,"[PREMIUM]"
"61287936","2026-08-17 21:04:52.233","2026-08-19 03:01:18.652","61287936","2026-08-18 19:52:41.000","[PREMIUM]","361","MA - FREETOWN","2026-08-19","WEDNESDAY","1000","EDT","3140","V",2011,"TOYOTA","TACOMA","TACOMA","CREW PICKUP","GRAY","SIDE",,"MA","RS","YES","D",244788,"A","[PREMIUM]",5837.7,"4.0L 6","4X4 W/REAR WHEEL DRV","AUTOMATIC","GAS",6,"Run & Drive Verified","Pure Sale","[PREMIUM]",,"ASSONET","MA","02702","USA","USD","[PREMIUM]","[PREMIUM]","K100",false,"[PREMIUM]","DOUBLE CAB LONG BED",false,false,"[PREMIUM]",,,,,,,,"[PREMIUM]"
"60970456","2026-08-17 21:04:52.185","2026-08-31 11:47:59.296","60970456","2026-08-26 14:43:35.000","[PREMIUM]","361","MA - FREETOWN","2026-09-02","WEDNESDAY","1000","EDT","0","V",2025,"HONDA","ACCORD","ACCORD","SEDAN","SILVER","SIDE",,"MA","ST","YES","D",25786,"A","[PREMIUM]",11093.48,"1.5L 4","FRONT WHEEL DRIVE","AUTOMATIC","GAS",4,"Run & Drive Verified","Pure Sale","[PREMIUM]",,"ASSONET","MA","02702","USA","USD","[PREMIUM]","[PREMIUM]","A060",false,"[PREMIUM]","LX",false,false,"[PREMIUM]",,,,,,,,"[PREMIUM]"
"61040296","2026-08-17 21:04:52.145","2026-08-23 23:47:26.475","61040296","2026-08-17 20:02:30.000","[PREMIUM]","832","MEDIUM DUTY CLEAN TITLE SALE","2026-08-24","MONDAY","1100","CDT","0","K",2016,"FORD","TRANSIT","TRANSIT","CARGO VAN","BLACK","ALL OVER",,"MA","RS","YES","E",0,"N","[PREMIUM]",15464.82,"3.7L 6","REAR WHEEL DRIVE","AUTOMATIC","GAS",6,"DEFAULT","Pure Sale","[PREMIUM]",,"ASSONET","MA","02702","USA","USD","[PREMIUM]","[PREMIUM]","HH020",false,"[PREMIUM]","T-150",false,false,"[PREMIUM]",,,,,,,,"[PREMIUM]"
"60895406","2026-08-17 21:04:52.139","2026-08-31 11:47:59.293","60895406","2026-08-27 16:59:51.000","[PREMIUM]","855","WHOLESALE AUCTION","2026-09-03","THURSDAY","1200","EDT","0","V",2019,"CHEVROLET","ALL Models","SILVERADO LD","PICKUP","BLACK","MINOR DENT/SCRATCHES",,"MA","CT","YES","D",105937,"A","[PREMIUM]",0,"5.3L 8","4X4 W/REAR WHEEL DRV","AUTOMATIC","GAS",8,"Run & Drive Verified","On Approval","[PREMIUM]",,"ASSONET","MA","02702","USA","USD","[PREMIUM]","[PREMIUM]","D010",false,"[PREMIUM]","K1500 LT",false,true,"[PREMIUM]",,,,,"GREEN LIGHT",3.8,,"[PREMIUM]"
"60850426","2026-08-17 21:04:52.119","2026-08-20 05:43:18.693","60850426","2026-08-19 13:28:55.000","[PREMIUM]","841","CRASHEDTOYS POWERSPORT AUCTION","2026-08-20","THURSDAY","1200","CDT","1033","C",2009,"HARLEY-DAVIDSON","FX","FXDF","ROAD","BLACK","REAR END",,"MA","RS","NO","E",37593,"E","[PREMIUM]",3865.04,"2",,"MANUAL",,2,"DEFAULT","Pure Sale","[PREMIUM]",,"ASSONET","MA","02702","USA","USD","[PREMIUM]","[PREMIUM]","MCI1",false,"[PREMIUM]",,false,false,"[PREMIUM]",,,,,,,,"[PREMIUM]"
"60641916","2026-08-17 21:04:52.088","2026-08-31 11:47:59.301","60641916","2026-08-26 14:21:12.000","[PREMIUM]","361","MA - FREETOWN","2026-09-02","WEDNESDAY","1000","EDT","0","V",2024,"ACURA","MDX","MDX","SPORT UTILITY VEHICLE","WHITE","FRONT END",,"MA","ST","YES","D",36954,"N","[PREMIUM]",30111.24,"3.5L 6","ALL WHEEL DRIVE","AUTOMATIC","GAS",6,"Run & Drive Verified","Pure Sale","[PREMIUM]",,"ASSONET","MA","02702","USA","USD","[PREMIUM]","[PREMIUM]","G100",false,"[PREMIUM]","ADVANCE",false,false,"[PREMIUM]",,,,,,,,"[PREMIUM]"
"60298416","2026-08-17 21:04:52.012","2026-08-31 11:47:59.212","60298416","2026-08-26 14:33:17.000","[PREMIUM]","361","MA - FREETOWN","2026-09-02","WEDNESDAY","1000","EDT","0","V",2022,"NISSAN","ROGUE","ROGUE","SPORT UTILITY VEHICLE","WHITE","REAR END","FRONT END","MA","ST","YES","D",63515,"A","[PREMIUM]",17264.09,"1.5L 3","ALL WHEEL DRIVE","AUTOMATIC","GAS",3,"Run & Drive Verified","On Minimum Bid","[PREMIUM]",,"ASSONET","MA","02702","USA","USD","[PREMIUM]","[PREMIUM]","H110",false,"[PREMIUM]","SV",false,false,"[PREMIUM]",,,,,,,,"[PREMIUM]"
"59791586","2026-08-17 21:04:51.854","2026-08-31 11:47:59.138","59791586","2026-08-26 14:23:21.000","[PREMIUM]","835","MEDIUM DUTY SPECIALTY SALE","2026-09-02","WEDNESDAY","1100","CDT","0","K",2024,"FORD","TRANSIT","TRANSIT","VAN CARGO","SILVER","SIDE","TOP/ROOF","MA","ST","YES","D",8619,"A","[PREMIUM]",52170,"3.5L 6","REAR WHEEL DRIVE","AUTOMATIC","GAS",6,"Run & Drive Verified","Pure Sale","[PREMIUM]",,"ASSONET","MA","02702","USA","USD","[PREMIUM]","[PREMIUM]","R120",false,"[PREMIUM]","T-250",false,false,"[PREMIUM]",,,,,,,,"[PREMIUM]"
"59809666","2026-08-17 21:04:51.843","2026-08-20 11:45:40.120","59809666","2026-08-19 20:00:58.000","[PREMIUM]","855","WHOLESALE AUCTION","2026-08-20","THURSDAY","1200","EDT","4321","K",2020,"RAM","PROMASTER","PROMASTER 3500","VAN CARGO","BLUE","SIDE",,"MA","CT","YES","D",78844,"A","[PREMIUM]",6143,"3.6L 6","FRONT WHEEL DRIVE","AUTOMATIC","FLEXIBLE",6,"Run & Drive Verified","On Approval","[PREMIUM]",,"ASSONET","MA","02702","USA","USD","[PREMIUM]","[PREMIUM]","R070",false,"[PREMIUM]",,false,true,"[PREMIUM]",,,,,"RED LIGHT",2.8,,"[PREMIUM]"
"59267276","2026-08-17 21:04:51.757","2026-08-31 11:47:59.126","59267276","2026-08-26 14:31:49.000","[PREMIUM]","361","MA - FREETOWN","2026-09-02","WEDNESDAY","1000","EDT","0","V",2021,"VOLKSWAGEN","JETTA","JETTA","SEDAN","WHITE","UNDERCARRIAGE","SIDE","MA","ST","YES","E",74642,"N","[PREMIUM]",10146.71,"1.4L 4","FRONT WHEEL DRIVE","AUTOMATIC","GAS",4,"DEFAULT","On Minimum Bid","[PREMIUM]",,"ASSONET","MA","02702","USA","USD","[PREMIUM]","[PREMIUM]","D030",false,"[PREMIUM]","S",false,false,"[PREMIUM]",,,,,,,,"[PREMIUM]"
"58571776","2026-08-17 21:04:51.537","2026-08-26 05:48:40.905","58571776","2026-08-17 18:15:16.000","[PREMIUM]","361","MA - FREETOWN","2026-08-26","WEDNESDAY","1000","EDT","0","V",2015,"HONDA","All Models","ODYSSEY","SPORTS VAN","MAROON","FRONT END",,"MA","RS","YES","D",181218,"A","[PREMIUM]",12158.35,"3.5L 6","FRONT WHEEL DRIVE","AUTOMATIC","GAS",6,"Run & Drive Verified","Pure Sale","[PREMIUM]",,"ASSONET","MA","02702","USA","USD","[PREMIUM]","[PREMIUM]","G050",false,"[PREMIUM]","EX",false,false,"[PREMIUM]",,,,,,,,"[PREMIUM]"
"57885466","2026-08-17 21:04:51.356","2026-08-31 11:47:58.872","57885466","2026-08-26 14:38:51.000","[PREMIUM]","361","MA - FREETOWN","2026-09-02","WEDNESDAY","1000","EDT","0","V",2024,"MITSUBISHI","OUTLANDER","OUTLANDER","SPORT UTILITY VEHICLE","GRAY","SIDE",,"MA","ST","YES","D",28868,"A","[PREMIUM]",18431.21,"2.5L 4","ALL WHEEL DRIVE","AUTOMATIC","GAS",4,"Run & Drive Verified","On Minimum Bid","[PREMIUM]",,"ASSONET","MA","02702","USA","USD","[PREMIUM]","[PREMIUM]","J060",false,"[PREMIUM]","SEL",false,false,"[PREMIUM]",,,,,,,,"[PREMIUM]"
"57467116","2026-08-17 21:04:51.311","2026-08-31 11:47:58.707","57467116","2026-08-26 14:36:35.000","[PREMIUM]","361","MA - FREETOWN","2026-09-02","WEDNESDAY","1000","EDT","0","V",2026,"TOYOTA","4RUNNER","4RUNNER","SUV","BLUE","FRONT END","SIDE","MA","ST","YES","E",0,"N","[PREMIUM]",57799.31,"2.4L 4","FOUR BY FOUR","AUTOMATIC","GAS",4,"DEFAULT","Pure Sale","[PREMIUM]",,"ASSONET","MA","02702","USA","USD","[PREMIUM]","[PREMIUM]","A110",false,"[PREMIUM]","SR5",false,false,"[PREMIUM]",,,,,,,,"[PREMIUM]"
"57540716","2026-08-17 21:04:51.294","2026-08-19 03:01:17.691","57540716","2026-08-18 19:52:41.000","[PREMIUM]","361","MA - FREETOWN","2026-08-19","WEDNESDAY","1000","EDT","2131","V",2014,"FORD","ESCAPE","ESCAPE","4DR SPORT UTILITY","BLACK","FRONT END",,"MA","RS","YES","D",111586,"A","[PREMIUM]",8458,"1.6L 4","4X4 W/FRONT WHL DRV","AUTOMATIC","GAS",4,"Run & Drive Verified","Pure Sale","[PREMIUM]",,"ASSONET","MA","02702","USA","USD","[PREMIUM]","[PREMIUM]","H070",false,"[PREMIUM]","SE",false,false,"[PREMIUM]",,,,,,,,"[PREMIUM]"
"57201126","2026-08-17 21:04:51.251","2026-08-26 05:48:40.354","57201126","2026-08-17 18:59:19.000","[PREMIUM]","361","MA - FREETOWN","2026-08-26","WEDNESDAY","1000","EDT","0","V",2013,"CHEVROLET","MALIBU","MALIBU","SEDAN 4DR","BLACK","SIDE","REAR END","MA","RS","YES","D",108049,"A","[PREMIUM]",8641.5,"2.5L 4","FRONT WHEEL DRIVE","AUTOMATIC","GAS",4,"Run & Drive Verified","Pure Sale","[PREMIUM]",,"ASSONET","MA","02702","USA","USD","[PREMIUM]","[PREMIUM]","E030",false,"[PREMIUM]","1LT",false,false,"[PREMIUM]",,,,,,,,"[PREMIUM]"
"52683276","2026-08-17 21:04:50.933","2026-08-27 05:46:21.706","52683276","2026-08-27 02:45:26.000","[PREMIUM]","855","WHOLESALE AUCTION","2026-08-27","THURSDAY","1200","EDT","0","V",2014,"MAZDA","CX-9","CX-9","4DR SPORT UTILITY","BLACK","FRONT END","SIDE","WV","CT","NO","E",0,"N","[PREMIUM]",0,"3.7L 6","ALL WHEEL DRIVE","AUTOMATIC","GAS",6,"DEFAULT","On Minimum Bid","[PREMIUM]",,"ASSONET","MA","02702","USA","USD","[PREMIUM]","[PREMIUM]","C050",false,"[PREMIUM]","TOURING",false,true,"[PREMIUM]",,,,,"RED LIGHT",2.5,,"[PREMIUM]"
"50743696","2026-08-17 21:04:50.816","2026-08-23 23:47:24.312","50743696","2026-08-17 18:19:27.000","[PREMIUM]","832","MEDIUM DUTY CLEAN TITLE SALE","2026-08-24","MONDAY","1100","CDT","0","K",2013,"GMC","SIERRA","SIERRA","4DR EXT CAB PICKUP","WHITE","MINOR DENT/SCRATCHES",,"MA","RS","YES","D",105278,"A","[PREMIUM]",18633.42,"6.0L 8","4X4 W/REAR WHEEL DRV","AUTOMATIC","FLEXIBLE",8,"Run & Drive Verified","Pure Sale","[PREMIUM]",,"ASSONET","MA","02702","USA","USD","[PREMIUM]","[PREMIUM]","V060",false,"[PREMIUM]","K2500 HEAVY DUTY",false,false,"[PREMIUM]",,,,,,,,"[PREMIUM]"
"50574306","2026-08-17 21:04:50.797","2026-08-26 05:48:39.795","50574306","2026-08-25 02:44:06.000","[PREMIUM]","361","MA - FREETOWN","2026-08-26","WEDNESDAY","1000","EDT","0","V",2013,"CHEVROLET","AVALANCHE","AVALANCHE","SPORT PICKUP","BURN","BURN",,"MA","RS","EXM",,0,"N","[PREMIUM]",25359.16,"5.3L 8","4X4 W/REAR WHEEL DRV","AUTOMATIC","FLEXIBLE",8,,"Pure Sale","[PREMIUM]",,"ASSONET","MA","02702","USA","USD","[PREMIUM]","[PREMIUM]","A110",false,"[PREMIUM]","LTZ",false,false,"[PREMIUM]",,,,,,,,"[PREMIUM]"
"64716726","2026-08-17 21:04:50.192","2026-08-17 21:04:50.192","64716726","2026-08-17 19:26:18.000","[PREMIUM]","360","IN - FORT WAYNE",,,,"EDT","0","V",2015,"CHEVROLET","EQUINOX","EQUINOX","4DR SPORT UTILITY","SILVER","FRONT END",,"IN","ST","YES","D",60291,"A","[PREMIUM]",9889,"2.4L 4","FRONT WHEEL DRIVE","AUTOMATIC","FLEXIBLE",4,"Run & Drive Verified","Pure Sale","[PREMIUM]",,"FORT WAYNE","IN","46803 1546","USA","USD","[PREMIUM]","[PREMIUM]","D060",false,"[PREMIUM]","LT",false,false,"[PREMIUM]",,,,,,,,"[PREMIUM]"
"65260556","2026-08-17 21:04:50.185","2026-08-23 23:47:23.854","65260556","2026-08-17 15:15:24.000","[PREMIUM]","360","IN - FORT WAYNE","2026-08-24","MONDAY","1000","EDT","0","V",2000,"FORD","All Models","F150","4DR EXT CAB PICKUP","WHITE","UNDERCARRIAGE",,"IN","BS","YES","D",0,"E","[PREMIUM]",0,"4.6L 8","REAR WHEEL DRIVE","AUTOMATIC","GAS",8,"Run & Drive Verified","Pure Sale","[PREMIUM]",,"FORT WAYNE","IN","46803 1546","USA","USD","[PREMIUM]","[PREMIUM]","J160",false,"[PREMIUM]",,false,false,"[PREMIUM]",,,,,,,,"[PREMIUM]"
"64818376","2026-08-17 21:04:50.179","2026-08-23 23:47:23.771","64818376","2026-08-19 13:39:58.000","[PREMIUM]","360","IN - FORT WAYNE","2026-08-24","MONDAY","1000","EDT","0","V",2013,"DODGE","DART","DART","SEDAN 4DR","RED","REAR END","FRONT END","IN","ST","YES","E",132127,"A","[PREMIUM]",5964.23,"2.0L 4","FRONT WHEEL DRIVE","AUTOMATIC","GAS",4,"DEFAULT","Pure Sale","[PREMIUM]",,"FORT WAYNE","IN","46803 1546","USA","USD","[PREMIUM]","[PREMIUM]","C060",false,"[PREMIUM]","SXT",false,false,"[PREMIUM]",,,,,,,,"[PREMIUM]"
"64539566","2026-08-17 21:04:50.163","2026-08-27 11:45:49.279","64539566","2026-08-26 18:14:27.000","[PREMIUM]","841","CRASHEDTOYS POWERSPORT AUCTION","2026-08-27","THURSDAY","1200","CDT","3067","C",2018,"HONDA","CBR CYCLE","CBR1000","SPORT","BLACK","FRONT END",,"IN","ST","YES","D",2743,"A","[PREMIUM]",11273.75,"4",,"MANUAL","GAS",4,"Run & Drive Verified","Pure Sale","[PREMIUM]",,"FORT WAYNE","IN","46803 1546","USA","USD","[PREMIUM]","[PREMIUM]","MC10",false,"[PREMIUM]","RR",false,false,"[PREMIUM]",,,,,,,,"[PREMIUM]"
"64640126","2026-08-17 21:04:50.151","2026-08-31 11:47:57.734","64640126","2026-08-31 08:00:15.000","[PREMIUM]","360","IN - FORT WAYNE","2026-08-31","MONDAY","1000","EDT","2087","V",2023,"HONDA","CIVIC","CIVIC","SEDAN","BLACK","FRONT END","MINOR DENT/SCRATCHES","IN","ST","YES","D",34113,"A","[PREMIUM]",0,"2.0L 4","FRONT WHEEL DRIVE","AUTOMATIC","GAS",4,"Run & Drive Verified","Pure Sale","[PREMIUM]",,"FORT WAYNE","IN","46803 1546","USA","USD","[PREMIUM]","[PREMIUM]","D190",false,"[PREMIUM]","SPORT",false,false,"[PREMIUM]",,,,,,,,"[PREMIUM]"
"64294446","2026-08-17 21:04:50.101","2026-08-31 11:47:57.690","64294446","2026-08-17 19:27:02.000","[PREMIUM]","360","IN - FORT WAYNE",,,,"EDT","0","V",2023,"INFINITI","Q50","Q50","SEDAN","BLACK","WATER/FLOOD",,"IN","FS","YES","D",20765,"A","[PREMIUM]",0,"3.0L 6","ALL WHEEL DRIVE","AUTOMATIC","GAS",6,"Run & Drive Verified","On Minimum Bid","[PREMIUM]",,"FORT WAYNE","IN","46803 1546","USA","USD","[PREMIUM]","[PREMIUM]","D170",false,"[PREMIUM]","LUXE",false,false,"[PREMIUM]",,,,,,,,"[PREMIUM]"
"64273996","2026-08-17 21:04:50.073","2026-08-31 11:47:57.683","64273996","2026-08-31 08:00:15.000","[PREMIUM]","360","IN - FORT WAYNE","2026-08-31","MONDAY","1000","EDT","3089","V",2022,"CHEVROLET","EQUINOX","EQUINOX","SPORT UTILITY VEHICLE","WHITE","FRONT END","MINOR DENT/SCRATCHES","IN","ST","YES","E",0,"N","[PREMIUM]",24845.33,"1.5L 4","ALL WHEEL DRIVE","AUTOMATIC","GAS",4,"DEFAULT","Pure Sale","[PREMIUM]",,"FORT WAYNE","IN","46803 1546","USA","USD","[PREMIUM]","[PREMIUM]","E170",false,"[PREMIUM]","LT",false,false,"[PREMIUM]",,,,,,,,"[PREMIUM]"
"63712836","2026-08-17 21:04:49.984","2026-08-31 11:47:57.530","63712836","2026-08-31 08:00:14.000","[PREMIUM]","360","IN - FORT WAYNE","2026-08-31","MONDAY","1000","EDT","15","V",2011,"CHEVROLET","AVEO","AVEO","HATCHBACK 4DR","SILVER","BURN","MECHANICAL","IN","ST","YES","D",168538,"A","[PREMIUM]",0,"1.6L 4","FRONT WHEEL DRIVE","AUTOMATIC","GAS",4,"Run & Drive Verified","Pure Sale","[PREMIUM]",,"FORT WAYNE","IN","46803 1546","USA","USD","[PREMIUM]","[PREMIUM]","A060",false,"[PREMIUM]","LS",false,false,"[PREMIUM]",,,,,,,,"[PREMIUM]"
"63748916","2026-08-17 21:04:49.981","2026-08-31 11:47:57.547","63748916","2026-08-31 08:00:15.000","[PREMIUM]","360","IN - FORT WAYNE","2026-08-31","MONDAY","1000","EDT","2070","V",2024,"SUBARU","OUTBACK","OUTBACK","SPORT UTILITY VEHICLE","BLUE","SIDE","REAR END","IN","ST","YES","D",19333,"A","[PREMIUM]",18207.99,"2.5L 4","ALL WHEEL DRIVE","AUTOMATIC","GAS",4,"Run & Drive Verified","Pure Sale","[PREMIUM]",,"FORT WAYNE","IN","46803 1546","USA","USD","[PREMIUM]","[PREMIUM]","A050",false,"[PREMIUM]","LIMITED",false,false,"[PREMIUM]",,,,,,,,"[PREMIUM]"
"63110616","2026-08-17 21:04:49.796","2026-08-31 11:47:57.361","63110616","2026-08-17 19:26:18.000","[PREMIUM]","360","IN - FORT WAYNE",,,,"EDT","0","V",2024,"HONDA","All Models","ODYSSEY","VAN PASSENGER","BLACK","FRONT END","SIDE","IN","ST","YES","S",45982,"A","[PREMIUM]",23874.65,"3.5L 6","FRONT WHEEL DRIVE","AUTOMATIC","GAS",6,"Vehicle Starts","Pure Sale","[PREMIUM]",,"FORT WAYNE","IN","46803 1546","USA","USD","[PREMIUM]","[PREMIUM]","A070",false,"[PREMIUM]","EXL",false,false,"[PREMIUM]",,,,,,,,"[PREMIUM]"
"62857826","2026-08-17 21:04:49.781","2026-08-31 11:47:57.252","62857826","2026-08-31 08:00:15.000","[PREMIUM]","360","IN - FORT WAYNE","2026-08-31","MONDAY","1000","EDT","3029","V",2009,"CHEVROLET","COBALT","COBALT","COUPE","BLACK","FRONT END","SIDE","IN","ST","YES","S",171162,"A","[PREMIUM]",7259,"2.2L 4","FRONT WHEEL DRIVE","AUTOMATIC","GAS",4,"Vehicle Starts","Pure Sale","[PREMIUM]",,"FORT WAYNE","IN","46803 1546","USA","USD","[PREMIUM]","[PREMIUM]","D050",false,"[PREMIUM]","LT",false,false,"[PREMIUM]",,,,,,,,"[PREMIUM]"
"62960706","2026-08-17 21:04:49.762","2026-08-31 11:47:57.296","62960706","2026-08-31 08:00:15.000","[PREMIUM]","360","IN - FORT WAYNE","2026-08-31","MONDAY","1000","EDT","3120","V",2021,"FORD","EDGE","EDGE","SPORT UTILITY VEHICLE","GRAY","FRONT END","UNDERCARRIAGE","IN","ST","YES","S",65642,"A","[PREMIUM]",17967,"2.0L 4","ALL WHEEL DRIVE","AUTOMATIC","GAS",4,"Vehicle Starts","Pure Sale","[PREMIUM]",,"FORT WAYNE","IN","46803 1546","USA","USD","[PREMIUM]","[PREMIUM]","D130",false,"[PREMIUM]","SEL",false,false,"[PREMIUM]",,,,,,,,"[PREMIUM]"
"62664916","2026-08-17 21:04:49.695","2026-08-31 11:47:57.202","62664916","2026-08-28 19:49:36.000","[PREMIUM]","360","IN - FORT WAYNE","2026-09-04","FRIDAY","1000","EDT","0","V",2006,"HONDA","All Models","ODYSSEY","SPORTS VAN","BLUE","FRONT END","REAR END","IN","ST","YES","D",272846,"A","[PREMIUM]",0,"3.5L 6","FRONT WHEEL DRIVE","AUTOMATIC","GAS",6,"Run & Drive Verified","Pure Sale","[PREMIUM]",,"FORT WAYNE","IN","46803 1546","USA","USD","[PREMIUM]","[PREMIUM]","F070",false,"[PREMIUM]","EX",false,false,"[PREMIUM]",,,,,,,,"[PREMIUM]"
"62675126","2026-08-17 21:04:49.695","2026-08-31 11:47:57.193","62675126","2026-08-31 08:00:15.000","[PREMIUM]","360","IN - FORT WAYNE","2026-08-31","MONDAY","1000","EDT","3061","V",2013,"RAM","1500","1500","PICKUP","BLACK","FRONT END","SIDE","IN","ST","YES","S",91976,"A","[PREMIUM]",13684,"5.7L 8","4X4 W/REAR WHEEL DRV","AUTOMATIC","GAS",8,"Vehicle Starts","Pure Sale","[PREMIUM]",,"FORT WAYNE","IN","46803 1546","USA","USD","[PREMIUM]","[PREMIUM]","H120",false,"[PREMIUM]","ST",false,false,"[PREMIUM]",,,,,,,,"[PREMIUM]"
"62652756","2026-08-17 21:04:49.666","2026-08-31 11:47:57.143","62652756","2026-08-31 08:00:15.000","[PREMIUM]","360","IN - FORT WAYNE","2026-08-31","MONDAY","1000","EDT","2026","V",2020,"FORD","F150","F150","PICKUP","RED","FRONT END","SIDE","IN","ST","YES","D",155846,"A","[PREMIUM]",20307,"5.0L 8","4X4 W/REAR WHEEL DRV","AUTOMATIC","GAS",8,"Run & Drive Verified","Pure Sale","[PREMIUM]",,"FORT WAYNE","IN","46803 1546","USA","USD","[PREMIUM]","[PREMIUM]","H180",false,"[PREMIUM]","SUPERCREW",false,false,"[PREMIUM]",,,,,,,,"[PREMIUM]"
"62256346","2026-08-17 21:04:49.571","2026-08-31 11:47:57.054","62256346","2026-08-31 08:00:14.000","[PREMIUM]","360","IN - FORT WAYNE","2026-08-31","MONDAY","1000","EDT","19","V",2013,"SUBARU","XV","XV CROSSTREK","4DR SPORT UTILITY","BLACK","FRONT END",,"IN","ST","YES","D",122478,"N","[PREMIUM]",5588.37,"2.0L 4","ALL WHEEL DRIVE","AUTOMATIC","GAS",4,"Run & Drive Verified","Pure Sale","[PREMIUM]",,"FORT WAYNE","IN","46803 1546","USA","USD","[PREMIUM]","[PREMIUM]","E040",false,"[PREMIUM]","2.0 LIMITED",false,false,"[PREMIUM]",,,,,,,,"[PREMIUM]"
"62087536","2026-08-17 21:04:49.544","2026-08-31 11:47:57.025","62087536","2026-08-31 08:00:15.000","[PREMIUM]","360","IN - FORT WAYNE","2026-08-31","MONDAY","1000","EDT","2052","V",2026,"FORD","EXPLORER","EXPLORER","SPORT UTILITY VEHICLE","GRAY","SIDE",,"IN","ST","YES","D",5964,"A","[PREMIUM]",0,"2.3L 4","4X4 W/REAR WHEEL DRV","AUTOMATIC","GAS",4,"Run & Drive Verified","Pure Sale","[PREMIUM]",,"FORT WAYNE","IN","46803 1546","USA","USD","[PREMIUM]","[PREMIUM]","G040",false,"[PREMIUM]","ACTIVE",false,false,"[PREMIUM]",,,,,,,,"[PREMIUM]"
"60315696","2026-08-17 21:04:48.948","2026-08-31 11:47:56.399","60315696","2026-08-31 08:00:15.000","[PREMIUM]","360","IN - FORT WAYNE","2026-08-31","MONDAY","1000","EDT","2023","V",2016,"CHEVROLET","SONIC","SONIC","SEDAN 4DR","GRAY","FRONT END",,"IN","ST","YES","D",122425,"A","[PREMIUM]",6000,"1.8L 4","FRONT WHEEL DRIVE","AUTOMATIC","GAS",4,"Run & Drive Verified","Pure Sale","[PREMIUM]",,"FORT WAYNE","IN","46803 1546","USA","USD","[PREMIUM]","[PREMIUM]","A010",false,"[PREMIUM]","LT",false,false,"[PREMIUM]",,,,,,,,"[PREMIUM]"
"59859616","2026-08-17 21:04:48.816","2026-08-31 11:47:56.231","59859616","2026-08-31 08:00:14.000","[PREMIUM]","360","IN - FORT WAYNE","2026-08-31","MONDAY","1000","EDT","43","V",2024,"BUICK","ALL OTHER","ENVISTA","SPORT UTILITY VEHICLE","BLACK","SIDE",,"OH","ST","YES","D",43372,"A","[PREMIUM]",16687.09,"1.2L 3","FRONT WHEEL DRIVE","AUTOMATIC","GAS",3,"Run & Drive Verified","Pure Sale","[PREMIUM]",,"FORT WAYNE","IN","46803 1546","USA","USD","[PREMIUM]","[PREMIUM]","C030",false,"[PREMIUM]","AVENIR",false,false,"[PREMIUM]",,,,,,,,"[PREMIUM]"
"57998306","2026-08-17 21:04:48.173","2026-08-23 23:47:21.093","57998306","2026-08-18 13:37:10.000","[PREMIUM]","360","IN - FORT WAYNE","2026-08-24","MONDAY","1000","EDT","0","V",2024,"KIA","FORTE","FORTE","SEDAN","SILVER","FRONT END","SIDE","IN","ST","YES","D",37185,"A","[PREMIUM]",12061.79,"2L 4","FRONT WHEEL DRIVE","AUTOMATIC","GAS",4,"Run & Drive Verified","Pure Sale","[PREMIUM]",,"FORT WAYNE","IN","46803 1546","USA","USD","[PREMIUM]","[PREMIUM]","I060",false,"[PREMIUM]","GT LINE",false,false,"[PREMIUM]",,,,,,,,"[PREMIUM]"
"57320166","2026-08-17 21:04:47.963","2026-08-31 11:47:55.555","57320166","2026-08-31 08:00:15.000","[PREMIUM]","360","IN - FORT WAYNE","2026-08-31","MONDAY","1000","EDT","3115","V",2026,"TOYOTA","PRIUS","PRIUS PLUG-IN HYBRID","HATCHBACK","BLACK","FRONT END","SIDE","IN","ST","YES","E",3274,"A","[PREMIUM]",34046.95,"2.0L 4","FRONT WHEEL DRIVE","AUTOMATIC","ELECTRIC AND GAS HYBRID",4,"DEFAULT","Pure Sale","[PREMIUM]",,"FORT WAYNE","IN","46803 1546","USA","USD","[PREMIUM]","[PREMIUM]","J090",false,"[PREMIUM]","NIGHTSHADE",false,false,"[PREMIUM]",,,,,,,,"[PREMIUM]"
"56604976","2026-08-17 21:04:47.879","2026-08-31 11:47:55.443","56604976","2026-08-31 08:00:15.000","[PREMIUM]","360","IN - FORT WAYNE","2026-08-31","MONDAY","1000","EDT","2088","V",2018,"CHEVROLET","SILVERADO","SILVERADO","PICKUP","BLACK","FRONT END",,"IN","ST","YES","D",58512,"A","[PREMIUM]",28752.67,"5.3L 8","4X4 W/REAR WHEEL DRV","AUTOMATIC","GAS",8,"Run & Drive Verified","Pure Sale","[PREMIUM]",,"FORT WAYNE","IN","46803 1546","USA","USD","[PREMIUM]","[PREMIUM]","H140",false,"[PREMIUM]","K1500 LT",false,false,"[PREMIUM]",,,,,,,,"[PREMIUM]"
"56488816","2026-08-17 21:04:47.776","2026-08-31 11:47:55.449","56488816","2026-08-31 08:00:15.000","[PREMIUM]","360","IN - FORT WAYNE","2026-08-31","MONDAY","1000","EDT","3112","V",2018,"GMC","SIERRA","SIERRA","PICKUP","RED","FRONT END","SIDE","IN","ST","YES","D",104656,"A","[PREMIUM]",22623,"5.3L 8","4X4 W/REAR WHEEL DRV","AUTOMATIC","GAS",8,"Run & Drive Verified","On Minimum Bid","[PREMIUM]",,"FORT WAYNE","IN","46803 1546","USA","USD","[PREMIUM]","[PREMIUM]","H190",false,"[PREMIUM]","K1500 SLE",false,false,"[PREMIUM]",,,,,,,,"[PREMIUM]"
"65360616","2026-08-17 21:04:46.680","2026-08-28 11:45:45.846","65360616","2026-08-25 21:52:57.000","[PREMIUM]","359","GA - AUGUSTA","2026-09-01","TUESDAY","1000","EDT","0","V",2014,"HYUNDAI","GENESIS","GENESIS COUPE","COUPE","BLACK","MECHANICAL",,"TX","CT","YES","E",169102,"A","[PREMIUM]",0,"2.0L 4","REAR WHEEL DRIVE","AUTOMATIC","GAS",4,"DEFAULT","On Minimum Bid","[PREMIUM]",,"AUGUSTA","GA","30906","USA","USD","[PREMIUM]","[PREMIUM]","C050",true,"[PREMIUM]","2.0T",false,false,"[PREMIUM]",,,,,,,,"[PREMIUM]"
"65281206","2026-08-17 21:04:46.679","2026-08-17 21:04:46.679","65281206","2026-08-17 15:34:32.000","[PREMIUM]","359","GA - AUGUSTA","2026-08-18","TUESDAY","1000","EDT","0","V",2007,"LEXUS","IS","IS 250","SEDAN","SILVER","MECHANICAL",,"GA","CT","YES","E",199933,"A","[PREMIUM]",0,"2.5L 6","REAR WHEEL DRIVE","AUTOMATIC","GAS",6,"DEFAULT","On Minimum Bid","[PREMIUM]",,"AUGUSTA","GA","30906","USA","USD","[PREMIUM]","[PREMIUM]","A020",true,"[PREMIUM]","BASE",false,false,"[PREMIUM]",,,,,,,,"[PREMIUM]"
"85447305","2026-08-17 21:04:46.678","2026-08-25 00:03:06.586","85447305","2026-08-24 18:29:31.000","[PREMIUM]","359","GA - AUGUSTA","2026-08-25","TUESDAY","1000","EDT","0","V",2023,"KIA","FORTE","FORTE","SEDAN","BLUE","FRONT END",,"GA","ST","YES","D",57368,"A","[PREMIUM]",12943.31,"2L 4","FRONT WHEEL DRIVE","AUTOMATIC","GAS",4,"Run & Drive Verified","Pure Sale","[PREMIUM]",,"AUGUSTA","GA","30906","USA","USD","[PREMIUM]","[PREMIUM]","SB002",false,"[PREMIUM]","GT LINE",false,false,"[PREMIUM]",,,,,,,,"[PREMIUM]"
"64913606","2026-08-17 21:04:46.629","2026-08-25 00:03:06.349","64913606","2026-08-24 15:23:48.000","[PREMIUM]","359","GA - AUGUSTA","2026-08-25","TUESDAY","1000","EDT","0","V",2013,"NISSAN","SENTRA","SENTRA","SEDAN","BLACK","FRONT END","SIDE","GA","ST","YES","D",156920,"A","[PREMIUM]",5682.51,"1.8L 4","FRONT WHEEL DRIVE","AUTOMATIC","GAS",4,"Run & Drive Verified","Pure Sale","[PREMIUM]",,"AUGUSTA","GA","30906","USA","USD","[PREMIUM]","[PREMIUM]","SB003",false,"[PREMIUM]","S",false,false,"[PREMIUM]",,,,,,,,"[PREMIUM]"
"64532636","2026-08-17 21:04:46.558","2026-08-31 11:47:54.217","64532636","2026-08-28 17:29:08.000","[PREMIUM]","359","GA - AUGUSTA","2026-09-01","TUESDAY","1000","EDT","0","V",2013,"TOYOTA","CAMRY","CAMRY","SEDAN","RED","FRONT END","SIDE","GA","ST","YES","D",151751,"A","[PREMIUM]",14171.58,"2.5L 4","FRONT WHEEL DRIVE","AUTOMATIC","GAS",4,"Run & Drive Verified","Pure Sale","[PREMIUM]",,"AUGUSTA","GA","30906","USA","USD","[PREMIUM]","[PREMIUM]","D030",false,"[PREMIUM]","SE",false,false,"[PREMIUM]",,,,,,,,"[PREMIUM]"
"64285546","2026-08-17 21:04:46.555","2026-08-25 00:03:06.216","64285546","2026-08-18 16:56:23.000","[PREMIUM]","359","GA - AUGUSTA","2026-08-25","TUESDAY","1000","EDT","0","V",2016,"RAM","1500","1500","CREW PICKUP","GRAY","FRONT END","SIDE","GA","ST","YES","S",207275,"A","[PREMIUM]",14945,"5.7L 8","REAR WHEEL DRIVE","AUTOMATIC","GAS",8,"Vehicle Starts","Pure Sale","[PREMIUM]",,"AUGUSTA","GA","30906","USA","USD","[PREMIUM]","[PREMIUM]","B070",false,"[PREMIUM]","SLT",false,false,"[PREMIUM]",,,,,,,,"[PREMIUM]"
"64269856","2026-08-17 21:04:46.523","2026-08-31 11:47:54.200","64269856","2026-08-28 17:59:13.000","[PREMIUM]","359","GA - AUGUSTA","2026-09-01","TUESDAY","1000","EDT","0","V",2014,"ACURA","RDX","RDX","4DR SPORT UTILITY","BURGUNDY","FRONT END",,"GA","ST","YES","D",134146,"A","[PREMIUM]",8027.74,"3.5L 6","FRONT WHEEL DRIVE","AUTOMATIC","GAS",6,"Run & Drive Verified","Pure Sale","[PREMIUM]",,"AUGUSTA","GA","30906","USA","USD","[PREMIUM]","[PREMIUM]","E070",false,"[PREMIUM]","TECHNOLOGY",false,false,"[PREMIUM]",,,,,,,,"[PREMIUM]"
"64135986","2026-08-17 21:04:46.514","2026-08-31 11:47:54.206","64135986","2026-08-28 17:14:01.000","[PREMIUM]","359","GA - AUGUSTA","2026-09-01","TUESDAY","1000","EDT","0","V",2018,"MERCEDES-BENZ","C-CLASS","C","SEDAN","BLACK","FRONT END",,"GA","ST","YES","D",105649,"A","[PREMIUM]",12485,"2.0L 4","REAR WHEEL DRIVE","AUTOMATIC","GAS",4,"Run & Drive Verified","Pure Sale","[PREMIUM]",,"AUGUSTA","GA","30906","USA","USD","[PREMIUM]","[PREMIUM]","A020",false,"[PREMIUM]","300",false,false,"[PREMIUM]",,,,,,,,"[PREMIUM]"
"64084036","2026-08-17 21:04:46.513","2026-08-31 11:47:54.166","64084036","2026-08-28 17:22:25.000","[PREMIUM]","841","CRASHEDTOYS POWERSPORT AUCTION","2026-09-03","THURSDAY","1200","CDT","0","C",2003,"HONDA","VT CYCLE","VT1300","ROAD","ORANGE","MINOR DENT/SCRATCHES",,"GA","ST","YES",,0,"E","[PREMIUM]",22697.7,"2",,"MANUAL",,2,,"Pure Sale","[PREMIUM]",,"AUGUSTA","GA","30906","USA","USD","[PREMIUM]","[PREMIUM]","MC001",false,"[PREMIUM]","S",false,false,"[PREMIUM]",,,,,,,,"[PREMIUM]"
"63553046","2026-08-17 21:04:46.470","2026-08-25 00:03:06.015","63553046","2026-08-24 12:47:40.000","[PREMIUM]","359","GA - AUGUSTA","2026-08-25","TUESDAY","1000","EDT","0","V",2016,"GMC","YUKON","YUKON","4DR SPORT UTILITY","WHITE","FRONT END","SIDE","GA","ST","YES","D",211966,"A","[PREMIUM]",15175.91,"5.3L 8","REAR WHEEL DRIVE","AUTOMATIC","GAS",8,"Run & Drive Verified","Pure Sale","[PREMIUM]",,"AUGUSTA","GA","30906","USA","USD","[PREMIUM]","[PREMIUM]","SC006",false,"[PREMIUM]","SLT",false,false,"[PREMIUM]",,,,,,,,"[PREMIUM]"
"63467256","2026-08-17 21:04:46.466","2026-08-25 00:03:06.002","63467256","2026-08-17 18:16:38.000","[PREMIUM]","359","GA - AUGUSTA","2026-08-25","TUESDAY","1000","EDT","0","V",2010,"CHEVROLET","ALL Models","SILVERADO","CREW PICKUP","BLACK","FRONT END","SIDE","GA","ST","YES","D",274686,"A","[PREMIUM]",13558.79,"5.3L 8","REAR WHEEL DRIVE","AUTOMATIC","FLEXIBLE",8,"Run & Drive Verified","Pure Sale","[PREMIUM]",,"AUGUSTA","GA","30906","USA","USD","[PREMIUM]","[PREMIUM]","B080",false,"[PREMIUM]","C1500 LT",false,false,"[PREMIUM]",,,,,,,,"[PREMIUM]"
"63736266","2026-08-17 21:04:46.465","2026-08-31 11:47:54.141","63736266","2026-08-28 18:11:05.000","[PREMIUM]","359","GA - AUGUSTA","2026-09-01","TUESDAY","1000","EDT","0","V",2012,"MASERATI","QUATTROPOR","QUATTROPORTE","SEDAN 4DR","WHITE","REAR END",,"GA","ST","YES","D",74530,"A","[PREMIUM]",0,"4.7L 8","REAR WHEEL DRIVE","AUTOMATIC","GAS",8,"Run & Drive Verified","Pure Sale","[PREMIUM]",,"AUGUSTA","GA","30906","USA","USD","[PREMIUM]","[PREMIUM]","D020",false,"[PREMIUM]","S",false,false,"[PREMIUM]",,,,,,,,"[PREMIUM]"
"62997496","2026-08-17 21:04:46.322","2026-08-25 00:03:05.894","62997496","2026-08-21 18:39:27.000","[PREMIUM]","359","GA - AUGUSTA","2026-08-25","TUESDAY","1000","EDT","0","V",2020,"CHEVROLET","SILVERADO","SILVERADO","PICKUP","WHITE","REAR END",,"GA","ST","YES","D",178089,"A","[PREMIUM]",32699.2,"6.6L 8","4X4 W/REAR WHEEL DRV","AUTOMATIC","DIESEL",8,"Run & Drive Verified","Pure Sale","[PREMIUM]",,"AUGUSTA","GA","30906","USA","USD","[PREMIUM]","[PREMIUM]","SB004",false,"[PREMIUM]","K2500 HIGH COUNTRY",false,false,"[PREMIUM]",,,,,,,,"[PREMIUM]"
"62477336","2026-08-17 21:04:46.245","2026-08-31 11:47:53.989","62477336","2026-08-28 15:45:29.000","[PREMIUM]","359","GA - AUGUSTA","2026-09-01","TUESDAY","1000","EDT","0","V",2019,"FORD","EXPLORER","EXPLORER","SPORT UTILITY VEHICLE","SILVER","FRONT END","SIDE","GA","ST","YES","D",184010,"A","[PREMIUM]",0,"3.5L 6","4X4 W/FRONT WHL DRV","AUTOMATIC","GAS",6,"Run & Drive Verified","Pure Sale","[PREMIUM]",,"AUGUSTA","GA","30906","USA","USD","[PREMIUM]","[PREMIUM]","G040",false,"[PREMIUM]","LIMITED",false,false,"[PREMIUM]",,,,,,,,"[PREMIUM]"
"62064616","2026-08-17 21:04:46.168","2026-08-25 00:03:05.608","62064616","2026-08-21 18:08:12.000","[PREMIUM]","359","GA - AUGUSTA","2026-08-25","TUESDAY","1000","EDT","0","V",2008,"MERCURY","MARINER","MARINER","4DR SPORT UTILITY","GREEN","ALL OVER",,"GA","ST","NO","E",0,"E","[PREMIUM]",8848.07,"3.0L 6","FRONT WHEEL DRIVE","AUTOMATIC","GAS",6,"DEFAULT","Pure Sale","[PREMIUM]",,"AUGUSTA","GA","30906","USA","USD","[PREMIUM]","[PREMIUM]","SB005",false,"[PREMIUM]",,false,false,"[PREMIUM]",,,,,,,,"[PREMIUM]"
"61925016","2026-08-17 21:04:46.131","2026-08-31 05:50:17.578","61925016","2026-08-28 14:56:22.000","[PREMIUM]","359","GA - AUGUSTA","2026-09-01","TUESDAY","1000","EDT","0","V",2012,"ACURA","MDX","MDX","4DR SPORT UTILITY","BLACK","FRONT END",,"GA","BP","YES","E",0,"N","[PREMIUM]",0,"3.7L 6","ALL WHEEL DRIVE","AUTOMATIC","GAS",6,"DEFAULT","On Minimum Bid","[PREMIUM]",,"AUGUSTA","GA","30906","USA","USD","[PREMIUM]","[PREMIUM]","SC005",true,"[PREMIUM]",,false,false,"[PREMIUM]",,,,,,,,"[PREMIUM]"
"61712336","2026-08-17 21:04:46.060","2026-08-25 00:03:05.514","61712336","2026-08-21 18:30:04.000","[PREMIUM]","359","GA - AUGUSTA","2026-08-25","TUESDAY","1000","EDT","0","V",2018,"CHEVROLET","SILVERADO","SILVERADO","PICKUP","WHITE","MINOR DENT/SCRATCHES",,"GA","ST","YES","D",180150,"A","[PREMIUM]",25402.14,"6.6L 8","4X4 W/REAR WHEEL DRV","AUTOMATIC","DIESEL",8,"Run & Drive Verified","Pure Sale","[PREMIUM]",,"AUGUSTA","GA","30906","USA","USD","[PREMIUM]","[PREMIUM]","SB006",false,"[PREMIUM]","K2500 HEAVY DUTY LT",false,false,"[PREMIUM]",,,,,,,,"[PREMIUM]"
"61678896","2026-08-17 21:04:46.045","2026-08-25 00:03:05.479","61678896","2026-08-21 16:10:19.000","[PREMIUM]","359","GA - AUGUSTA","2026-08-25","TUESDAY","1000","EDT","0","V",2016,"BMW","4 SERIES","428","SEDAN 4DR","SILVER","FRONT END",,"GA","ST","YES","S",89783,"A","[PREMIUM]",10171.07,"2.0L 4","REAR WHEEL DRIVE","AUTOMATIC","GAS",4,"Vehicle Starts","Pure Sale","[PREMIUM]",,"AUGUSTA","GA","30906","USA","USD","[PREMIUM]","[PREMIUM]","SC001",false,"[PREMIUM]","I GRAN COUPE SULEV",false,false,"[PREMIUM]",,,,,,,,"[PREMIUM]"
"61529446","2026-08-17 21:04:46.000","2026-08-31 11:47:53.831","61529446","2026-08-28 15:50:56.000","[PREMIUM]","359","GA - AUGUSTA","2026-09-01","TUESDAY","1000","EDT","0","V",2015,"FORD","EDGE","EDGE","4DR SPORT UTILITY","SILVER","FRONT END",,"GA","ST","YES","S",126303,"A","[PREMIUM]",6847.99,"3.5L 6","FRONT WHEEL DRIVE","AUTOMATIC","GAS",6,"Vehicle Starts","Pure Sale","[PREMIUM]",,"AUGUSTA","GA","30906","USA","USD","[PREMIUM]","[PREMIUM]","D060",false,"[PREMIUM]","SE",false,false,"[PREMIUM]",,,,,,,,"[PREMIUM]"
"61368986","2026-08-17 21:04:45.953","2026-08-17 21:04:45.953","61368986","2026-08-17 20:01:43.000","[PREMIUM]","855","WHOLESALE AUCTION","2026-08-18","TUESDAY","1200","EDT","7176","V",2022,"CHEVROLET","SILVERADO","SILVERADO LTD","PICKUP","GREEN","FRONT END",,"SC","CT","YES","E",122190,"A","[PREMIUM]",10141,"6.2L 8","4X4 W/REAR WHEEL DRV","AUTOMATIC","GAS",8,"DEFAULT","On Approval","[PREMIUM]",,"AUGUSTA","GA","30906","USA","USD","[PREMIUM]","[PREMIUM]","D010",false,"[PREMIUM]","K1500 LT TRAIL BOSS",false,true,"[PREMIUM]",,,,,"RED LIGHT",2.6,"Maintenance,Safety,Comfort,Other,Emission","[PREMIUM]"
"61117556","2026-08-17 21:04:45.918","2026-08-25 00:03:05.396","61117556","2026-08-21 15:07:20.000","[PREMIUM]","359","GA - AUGUSTA","2026-08-25","TUESDAY","1000","EDT","0","V",2024,"NISSAN","ROGUE","ROGUE","SPORT UTILITY VEHICLE","GRAY","FRONT END",,"GA","ST","YES","S",63290,"A","[PREMIUM]",18227.27,"1.5L 3","ALL WHEEL DRIVE","AUTOMATIC","GAS",3,"Vehicle Starts","Pure Sale","[PREMIUM]",,"AUGUSTA","GA","30906","USA","USD","[PREMIUM]","[PREMIUM]","SC005",false,"[PREMIUM]","SV",false,false,"[PREMIUM]",,,,,,,,"[PREMIUM]"
"61017236","2026-08-17 21:04:45.918","2026-08-31 05:50:17.398","61017236","2026-08-29 02:45:26.000","[PREMIUM]","359","GA - AUGUSTA","2026-09-01","TUESDAY","1000","EDT","0","V",2012,"NISSAN","ROGUE","ROGUE","WAGON","BLACK","MECHANICAL",,"GA","CT","YES","D",155662,"A","[PREMIUM]",0,"2.5L 4","FRONT WHEEL DRIVE","AUTOMATIC","GAS",4,"Run & Drive Verified","On Approval","[PREMIUM]",,"AUGUSTA","GA","30906","USA","USD","[PREMIUM]","[PREMIUM]","SC005",false,"[PREMIUM]","S",false,false,"[PREMIUM]",,,,,,,,"[PREMIUM]"
"59733746","2026-08-17 21:04:45.625","2026-08-31 11:47:53.622","59733746","2026-08-28 17:58:11.000","[PREMIUM]","359","GA - AUGUSTA","2026-09-01","TUESDAY","1000","EDT","0","V",2019,"TOYOTA","TUNDRA","TUNDRA","PICKUP","BLACK","FRONT END",,"GA","ST","YES","D",113403,"A","[PREMIUM]",19311.15,"5.7L 8","4X4 W/REAR WHEEL DRV","AUTOMATIC","GAS",8,"Run & Drive Verified","Pure Sale","[PREMIUM]",,"AUGUSTA","GA","30906","USA","USD","[PREMIUM]","[PREMIUM]","B090",false,"[PREMIUM]","CREWMAX LIMITED",false,false,"[PREMIUM]",,,,,,,,"[PREMIUM]"
"59054396","2026-08-17 21:04:45.539","2026-08-31 11:47:53.583","59054396","2026-08-28 18:39:20.000","[PREMIUM]","359","GA - AUGUSTA","2026-09-01","TUESDAY","1000","EDT","0","V",2017,"NISSAN","SENTRA","SENTRA","SEDAN","BLUE","FRONT END",,"GA","ST","YES","D",133423,"A","[PREMIUM]",4119.71,"1.8L 4","FRONT WHEEL DRIVE","AUTOMATIC","GAS",4,"Run & Drive Verified","Pure Sale","[PREMIUM]",,"AUGUSTA","GA","30906","USA","USD","[PREMIUM]","[PREMIUM]","E030",false,"[PREMIUM]","SV",false,false,"[PREMIUM]",,,,,,,,"[PREMIUM]"
"58056166","2026-08-17 21:04:45.452","2026-08-25 00:03:05.084","58056166","2026-08-17 18:16:43.000","[PREMIUM]","359","GA - AUGUSTA","2026-08-25","TUESDAY","1000","EDT","0","V",2026,"KIA","SORENTO","SORENTO","SPORT UTILITY VEHICLE","BLACK","FRONT END",,"GA","ST","YES","D",74,"A","[PREMIUM]",30429.2,"2.5L 4","FRONT WHEEL DRIVE","AUTOMATIC","GAS",4,"Run & Drive Verified","Pure Sale","[PREMIUM]",,"AUGUSTA","GA","30906","USA","USD","[PREMIUM]","[PREMIUM]","SB001",false,"[PREMIUM]","LX",false,false,"[PREMIUM]",,,,,,,,"[PREMIUM]"
"51504166","2026-08-17 21:04:45.075","2026-08-25 00:03:04.817","51504166","2026-08-20 14:04:00.000","[PREMIUM]","359","GA - AUGUSTA","2026-08-25","TUESDAY","1000","EDT","0","V",2021,"FORD","F150","F150","PICKUP","BLACK","FRONT END",,"GA","ST","YES","S",111890,"A","[PREMIUM]",32146.56,"5.0L 8","4X4 W/REAR WHEEL DRV","AUTOMATIC","GAS",8,"Vehicle Starts","Pure Sale","[PREMIUM]",,"AUGUSTA","GA","30906","USA","USD","[PREMIUM]","[PREMIUM]","SC007",false,"[PREMIUM]","SUPERCREW",false,false,"[PREMIUM]",,,,,,,,"[PREMIUM]"
"51105026","2026-08-17 21:04:45.071","2026-08-25 00:03:04.806","51105026","2026-08-20 14:54:40.000","[PREMIUM]","359","GA - AUGUSTA","2026-08-25","TUESDAY","1000","EDT","0","V",2017,"FORD","F150","F150","CREW PICKUP","BLUE","NORMAL WEAR",,"ID","SC","YES","D",142949,"A","[PREMIUM]",16330,"3.5L 6","4X4 W/REAR WHEEL DRV","AUTOMATIC","GAS",6,"Run & Drive Verified","Pure Sale","[PREMIUM]",,"AUGUSTA","GA","30906","USA","USD","[PREMIUM]","[PREMIUM]","F090",false,"[PREMIUM]","SUPERCREW",false,false,"[PREMIUM]",,,,,,,,"[PREMIUM]"
"49936576","2026-08-17 21:04:45.039","2026-08-25 00:03:04.818","49936576","2026-08-17 18:16:43.000","[PREMIUM]","359","GA - AUGUSTA","2026-08-25","TUESDAY","1000","EDT","0","V",2021,"DODGE","CHARGER","CHARGER","SEDAN","BLUE","FRONT END",,"GA","ST","YES","D",60581,"A","[PREMIUM]",15545,"5.7L 8","REAR WHEEL DRIVE","AUTOMATIC","GAS",8,"Run & Drive Verified","Pure Sale","[PREMIUM]",,"AUGUSTA","GA","30906","USA","USD","[PREMIUM]","[PREMIUM]","A070",false,"[PREMIUM]","R",false,false,"[PREMIUM]",,,,,,,,"[PREMIUM]"
"65322286","2026-08-17 21:04:44.735","2026-08-23 23:47:18.110","65322286","2026-08-21 12:35:47.000","[PREMIUM]","881","*NCS - CENTRAL REGION","2026-08-24","MONDAY","2000","CDT","0","V",2014,"MERCEDES-BENZ","M-CLASS","ML","4DR SPORT UTILITY","WHITE","FRONT END",,"TX","CT","YES","E",0,"N","[PREMIUM]",0,"3.5L 6","REAR WHEEL DRIVE","AUTOMATIC","GAS",6,"DEFAULT","On Minimum Bid","[PREMIUM]",,"HOUSTON","TX","77049 1968","USA","USD","[PREMIUM]","[PREMIUM]","D140",true,"[PREMIUM]","350",false,false,"[PREMIUM]",,,,,,,,"[PREMIUM]"
"64980566","2026-08-17 21:04:44.730","2026-08-27 11:45:44.469","64980566","2026-08-25 21:20:54.000","[PREMIUM]","357","TX - HOUSTON EAST","2026-08-27","THURSDAY","1200","CDT","2050","V",2017,"VOLKSWAGEN","GTI","GTI","HATCHBACK 4DR","BLACK","FRONT END",,"TX","SV","YES","D",55279,"A","[PREMIUM]",12711.15,"2L 4","FRONT WHEEL DRIVE","AUTOMATIC","GAS",4,"Run & Drive Verified","Pure Sale","[PREMIUM]",,"HOUSTON","TX","77049 1968","USA","USD","[PREMIUM]","[PREMIUM]","G150",false,"[PREMIUM]","S",false,false,"[PREMIUM]",,,,,,,,"[PREMIUM]"
"65336446","2026-08-17 21:04:44.730","2026-08-20 05:43:10.652","65336446","2026-08-18 16:22:22.000","[PREMIUM]","357","TX - HOUSTON EAST","2026-08-20","THURSDAY","1200","CDT","2587","V",2017,"HONDA","CRV","CR-V","SPORT UTILITY VEHICLE","BLACK","MINOR DENT/SCRATCHES",,"TX","CT","YES","E",140728,"A","[PREMIUM]",0,"1.5L 4","FRONT WHEEL DRIVE","AUTOMATIC","GAS",4,"DEFAULT","On Minimum Bid","[PREMIUM]",,"HOUSTON","TX","77049 1968","USA","USD","[PREMIUM]","[PREMIUM]","I150",true,"[PREMIUM]","EX",false,false,"[PREMIUM]",,,,,,,,"[PREMIUM]"
"65234806","2026-08-17 21:04:44.723","2026-08-20 05:43:10.646","65234806","2026-08-18 16:22:22.000","[PREMIUM]","357","TX - HOUSTON EAST","2026-08-20","THURSDAY","1200","CDT","2591","V",2013,"GMC","ACADIA","ACADIA","4DR SPORT UTILITY","BLACK","WATER/FLOOD",,"TX","CT","YES","E",174096,"N","[PREMIUM]",0,"3.6L 6","FRONT WHEEL DRIVE","AUTOMATIC","GAS",6,"DEFAULT","On Approval","[PREMIUM]",,"HOUSTON","TX","77049 1968","USA","USD","[PREMIUM]","[PREMIUM]","M060",false,"[PREMIUM]",,false,false,"[PREMIUM]",,,,,,,,"[PREMIUM]"
"64931246","2026-08-17 21:04:44.717","2026-08-30 17:49:58.742","64931246","2026-08-28 12:51:56.000","[PREMIUM]","357","TX - HOUSTON EAST","2026-09-03","THURSDAY","1200","CDT","0","V",2018,"SUBARU","FORESTER","FORESTER","SPORT UTILITY VEHICLE","BLUE","FRONT END","SIDE","MA","CT","YES","D",57151,"A","[PREMIUM]",0,"2.5L 4","ALL WHEEL DRIVE","AUTOMATIC","GAS",4,"Run & Drive Verified","On Minimum Bid","[PREMIUM]",,"HOUSTON","TX","77049 1968","USA","USD","[PREMIUM]","[PREMIUM]","M070",true,"[PREMIUM]","2.5I",false,false,"[PREMIUM]",,,,,,,,"[PREMIUM]"
"64925846","2026-08-17 21:04:44.708","2026-08-31 11:47:52.594","64925846","2026-08-27 18:38:10.000","[PREMIUM]","881","*NCS - CENTRAL REGION","2026-08-31","MONDAY","2000","CDT","0","V",2016,"HYUNDAI","GENESIS","GENESIS","SEDAN 4DR","GRAY","MINOR DENT/SCRATCHES",,"TX","CT","YES","E",214211,"A","[PREMIUM]",0,"3.8L 6","REAR WHEEL DRIVE","AUTOMATIC","GAS",6,"DEFAULT","On Minimum Bid","[PREMIUM]",,"HOUSTON","TX","77049 1968","USA","USD","[PREMIUM]","[PREMIUM]","C140",true,"[PREMIUM]","3.8L",false,false,"[PREMIUM]",,,,,,,,"[PREMIUM]"
"64635856","2026-08-17 21:04:44.695","2026-08-27 11:45:44.342","64635856","2026-08-25 21:20:54.000","[PREMIUM]","357","TX - HOUSTON EAST","2026-08-27","THURSDAY","1200","CDT","2004","V",2015,"BMW","3 SERIES","328","SEDAN 4DR","BLACK","MINOR DENT/SCRATCHES",,"TX","CT","YES","D",122204,"N","[PREMIUM]",0,"2.0L 4","REAR WHEEL DRIVE","AUTOMATIC","GAS",4,"Run & Drive Verified","On Minimum Bid","[PREMIUM]",,"HOUSTON","TX","77049 1968","USA","USD","[PREMIUM]","[PREMIUM]","M050",true,"[PREMIUM]","I",false,false,"[PREMIUM]",,,,,,,,"[PREMIUM]"
"64584876","2026-08-17 21:04:44.681","2026-08-19 03:01:11.377","64584876","2026-08-17 18:07:25.000","[PREMIUM]","838","RENTAL VEHICLE SALE","2026-08-19","WEDNESDAY","1200","EDT","0","V",2026,"NISSAN","ROGUE","ROGUE","SPORT UTILITY VEHICLE","BLUE","REAR END","SIDE","TX","CT","YES","D",8198,"A","[PREMIUM]",14753,"1.5L 3","FRONT WHEEL DRIVE","AUTOMATIC","GAS",3,"Run & Drive Verified","On Minimum Bid","[PREMIUM]",,"HOUSTON","TX","77049 1968","USA","USD","[PREMIUM]","[PREMIUM]","A130",false,"[PREMIUM]","SL",true,false,"[PREMIUM]",,,,,,,,"[PREMIUM]"
"64786036","2026-08-17 21:04:44.676","2026-08-24 11:45:58.776","64786036","2026-08-24 11:00:02.000","[PREMIUM]","357","TX - HOUSTON EAST","2026-08-24","MONDAY","1200","CDT","2019","V",2018,"HYUNDAI","ELANTRA","ELANTRA","SEDAN","SILVER","FRONT END",,"TX","CT","YES","D",117738,"A","[PREMIUM]",0,"2.0L 4","FRONT WHEEL DRIVE","AUTOMATIC","GAS",4,"Run & Drive Verified","On Approval","[PREMIUM]",,"HOUSTON","TX","77049 1968","USA","USD","[PREMIUM]","[PREMIUM]","E120",false,"[PREMIUM]","SE",false,false,"[PREMIUM]",,,,,,,,"[PREMIUM]"
"64743286","2026-08-17 21:04:44.667","2026-08-31 11:47:52.559","64743286","2026-08-27 18:19:41.000","[PREMIUM]","357","TX - HOUSTON EAST","2026-09-03","THURSDAY","1200","CDT","0","V",2018,"TOYOTA","CAMRY","CAMRY","SEDAN","CHARCOAL","REAR END","FRONT END","TX","CT","YES","D",73420,"N","[PREMIUM]",0,"2.5L 4","FRONT WHEEL DRIVE","AUTOMATIC","GAS",4,"Run & Drive Verified","On Minimum Bid","[PREMIUM]",,"HOUSTON","TX","77049 1968","USA","USD","[PREMIUM]","[PREMIUM]","L050",true,"[PREMIUM]","XSE",false,false,"[PREMIUM]",,,,,,,,"[PREMIUM]"
"64782096","2026-08-17 21:04:44.667","2026-08-24 11:45:58.720","64782096","2026-08-24 11:00:02.000","[PREMIUM]","357","TX - HOUSTON EAST","2026-08-24","MONDAY","1200","CDT","2531","V",2020,"FORD","MUSTANG","MUSTANG 2D ECOBOOST","CONVERTIBLE","SILVER","FRONT END","MINOR DENT/SCRATCHES","TX","CT","YES","E",96747,"A","[PREMIUM]",0,"2.3L 4","REAR WHEEL DRIVE","AUTOMATIC","GAS",4,"DEFAULT","On Approval","[PREMIUM]",,"HOUSTON","TX","77049 1968","USA","USD","[PREMIUM]","[PREMIUM]","D110",false,"[PREMIUM]",,false,false,"[PREMIUM]",,,,,,,,"[PREMIUM]"
"64390986","2026-08-17 21:04:44.631","2026-08-30 17:49:58.437","64390986","2026-08-29 01:32:39.000","[PREMIUM]","357","TX - HOUSTON EAST","2026-09-03","THURSDAY","1200","CDT","0","K",2014,"MERCEDES-BENZ","SPRINTER","SPRINTER","EXTENDED CARGO VAN","WHITE","FRONT END",,"TX","CT","YES","D",300116,"A","[PREMIUM]",0,"2.1L 4","REAR WHEEL DRIVE","AUTOMATIC","DIESEL",4,"Run & Drive Verified","On Minimum Bid","[PREMIUM]",,"HOUSTON","TX","77049 1968","USA","USD","[PREMIUM]","[PREMIUM]","N040",true,"[PREMIUM]","2500",false,false,"[PREMIUM]",,,,,,,,"[PREMIUM]"
"64488816","2026-08-17 21:04:44.631","2026-08-19 03:01:11.315","64488816","2026-08-17 19:11:21.000","[PREMIUM]","838","RENTAL VEHICLE SALE","2026-08-19","WEDNESDAY","1200","EDT","0","V",2021,"HYUNDAI","SONATA","SONATA","SEDAN","SILVER","FRONT END","MINOR DENT/SCRATCHES","FL","CT","YES","D",132038,"A","[PREMIUM]",3889,"2.5L 4","FRONT WHEEL DRIVE","AUTOMATIC","GAS",4,"Run & Drive Verified","On Minimum Bid","[PREMIUM]",,"HOUSTON","TX","77049 1968","USA","USD","[PREMIUM]","[PREMIUM]","G040",false,"[PREMIUM]","SEL",true,false,"[PREMIUM]",,,,,,,,"[PREMIUM]"
"62720076","2026-08-17 21:04:44.091","2026-08-31 05:55:34.247","62720076","2026-08-17 15:24:05.000","[PREMIUM]","357","TX - HOUSTON EAST",,,,"CDT","0","V",2015,"GMC","SIERRA","SIERRA","4DR EXT CAB PICKUP","WHITE","MINOR DENT/SCRATCHES",,"TX","BD","YES","E",0,"N","[PREMIUM]",0,"4.3L 6","4X4 W/REAR WHEEL DRV","AUTOMATIC","GAS",6,"DEFAULT","Pure Sale","[PREMIUM]",,"HOUSTON","TX","77049 1968","USA","USD","[PREMIUM]","[PREMIUM]","D160",false,"[PREMIUM]","K1500",false,false,"[PREMIUM]",,,,,,,,"[PREMIUM]"
"62652926","2026-08-17 21:04:44.057","2026-08-31 11:47:51.699","62652926","2026-08-27 17:12:54.000","[PREMIUM]","855","WHOLESALE AUCTION","2026-09-03","THURSDAY","1200","EDT","0","V",2023,"NISSAN","KICKS","KICKS","HATCHBACK","GRAY","FRONT END",,"TX","CT","YES","S",36072,"A","[PREMIUM]",0,"1.6L 4","FRONT WHEEL DRIVE","AUTOMATIC","GAS",4,"Vehicle Starts","On Approval","[PREMIUM]",,"HOUSTON","TX","77049 1968","USA","USD","[PREMIUM]","[PREMIUM]","A070",false,"[PREMIUM]","SV",false,true,"[PREMIUM]",,,,,"RED LIGHT",0,"Other","[PREMIUM]"
"62478846","2026-08-17 21:04:43.991","2026-08-20 05:43:09.528","62478846","2026-08-19 20:00:59.000","[PREMIUM]","855","WHOLESALE AUCTION","2026-08-20","THURSDAY","1200","EDT","6075","V",2019,"NISSAN","ALTIMA","ALTIMA","SEDAN","SILVER","MECHANICAL",,"TX","CT","YES","E",177697,"A","[PREMIUM]",0,"2.5L 4","FRONT WHEEL DRIVE","AUTOMATIC","GAS",4,"DEFAULT","On Approval","[PREMIUM]",,"HOUSTON","TX","77049 1968","USA","USD","[PREMIUM]","[PREMIUM]","A070",false,"[PREMIUM]","S",false,true,"[PREMIUM]",,,,,"RED LIGHT",2.5,,"[PREMIUM]"
"62165456","2026-08-17 21:04:43.850","2026-08-20 05:43:09.414","62165456","2026-08-20 02:46:20.000","[PREMIUM]","855","WHOLESALE AUCTION","2026-08-20","THURSDAY","1200","EDT","0","V",2016,"FORD","MUSTANG","MUSTANG","COUPE","BLUE","REAR END",,"TX","CT","YES","S",117483,"A","[PREMIUM]",7362,"3.7L 6","REAR WHEEL DRIVE","AUTOMATIC","GAS",6,"Vehicle Starts","On Minimum Bid","[PREMIUM]",,"HOUSTON","TX","77049 1968","USA","USD","[PREMIUM]","[PREMIUM]","A110",false,"[PREMIUM]",,false,true,"[PREMIUM]",,,,,"RED LIGHT",1.4,"Maintenance,Safety,Other","[PREMIUM]"
"62037986","2026-08-17 21:04:43.829","2026-08-20 05:43:09.288","62037986","2026-08-19 20:00:59.000","[PREMIUM]","855","WHOLESALE AUCTION","2026-08-20","THURSDAY","1200","EDT","3057","V",2024,"KIA","FORTE","FORTE","SEDAN","BLUE","FRONT END","MECHANICAL","TX","CT","YES","S",52212,"A","[PREMIUM]",0,"2L 4","FRONT WHEEL DRIVE","AUTOMATIC","GAS",4,"Vehicle Starts","On Approval","[PREMIUM]",,"HOUSTON","TX","77049 1968","USA","USD","[PREMIUM]","[PREMIUM]","A140",false,"[PREMIUM]","GT LINE",false,true,"[PREMIUM]",,,,,"RED LIGHT",0,"Other","[PREMIUM]"
"61908896","2026-08-17 21:04:43.773","2026-08-27 11:45:43.279","61908896","2026-08-25 21:20:54.000","[PREMIUM]","357","TX - HOUSTON EAST","2026-08-27","THURSDAY","1200","CDT","2567","V",2013,"FORD","ESCAPE","ESCAPE","4DR SPORT UTILITY","GRAY","FRONT END","MINOR DENT/SCRATCHES","AZ","SC","YES","E",0,"N","[PREMIUM]",0,"2.0L 4","4X4 W/FRONT WHL DRV","AUTOMATIC","GAS",4,"DEFAULT","On Minimum Bid","[PREMIUM]",,"HOUSTON","TX","77049 1968","USA","USD","[PREMIUM]","[PREMIUM]","E110",true,"[PREMIUM]","SEL",false,false,"[PREMIUM]",,,,,,,,"[PREMIUM]"
"61614736","2026-08-17 21:04:43.639","2026-08-20 05:43:09.019","61614736","2026-08-19 22:17:34.000","[PREMIUM]","855","WHOLESALE AUCTION","2026-08-20","THURSDAY","1200","EDT","7073","V",2019,"JEEP","CHEROKEE","CHEROKEE","SPORT UTILITY VEHICLE","BLACK","FRONT END",,"TX","CT","NO",,84581,"A","[PREMIUM]",0,"2.4L 4","FRONT WHEEL DRIVE","AUTOMATIC","GAS",4,,"On Minimum Bid","[PREMIUM]",,"HOUSTON","TX","77049 1968","USA","USD","[PREMIUM]","[PREMIUM]","A080",false,"[PREMIUM]","LATITUDE PLUS",false,true,"[PREMIUM]",,,,,"RED LIGHT",0,,"[PREMIUM]"
"61612986","2026-08-17 21:04:43.639","2026-08-31 11:47:51.113","61612986","2026-08-27 17:02:37.000","[PREMIUM]","855","WHOLESALE AUCTION","2026-09-03","THURSDAY","1200","EDT","0","V",2025,"NISSAN","ALTIMA","ALTIMA","SEDAN","WHITE","MINOR DENT/SCRATCHES",,"TX","CT","YES","D",12389,"A","[PREMIUM]",0,"2.5L 4","FRONT WHEEL DRIVE","AUTOMATIC","GAS",4,"Run & Drive Verified","On Approval","[PREMIUM]",,"HOUSTON","TX","77049 1968","USA","USD","[PREMIUM]","[PREMIUM]","G030",false,"[PREMIUM]","S",false,true,"[PREMIUM]",,,,,"YELLOW LIGHT",4.6,"Other","[PREMIUM]"
"61619896","2026-08-17 21:04:43.630","2026-08-27 11:45:43.173","61619896","2026-08-26 20:00:53.000","[PREMIUM]","855","WHOLESALE AUCTION","2026-08-27","THURSDAY","1200","EDT","3043","V",2019,"CHEVROLET","SILVERADO","SILVERADO","PICKUP","SILVER","MINOR DENT/SCRATCHES","MECHANICAL","TX","CT","YES","D",106405,"A","[PREMIUM]",0,"5.3L 8","REAR WHEEL DRIVE","AUTOMATIC","GAS",8,"Run & Drive Verified","On Approval","[PREMIUM]",,"HOUSTON","TX","77049 1968","USA","USD","[PREMIUM]","[PREMIUM]","F040",false,"[PREMIUM]","C1500 LT",false,true,"[PREMIUM]",,,,,"RED LIGHT",2.8,"Maintenance,Safety,Other,Emission","[PREMIUM]"
"60867846","2026-08-17 21:04:43.274","2026-08-20 05:43:08.567","60867846","2026-08-19 20:00:58.000","[PREMIUM]","855","WHOLESALE AUCTION","2026-08-20","THURSDAY","1200","EDT","3046","V",2019,"HONDA","CIVIC","CIVIC","COUPE","WHITE","SIDE","MECHANICAL","TX","CT","YES","S",69054,"A","[PREMIUM]",0,"2.0L 4","FRONT WHEEL DRIVE","AUTOMATIC","GAS",4,"Vehicle Starts","On Approval","[PREMIUM]",,"HOUSTON","TX","77049 1968","USA","USD","[PREMIUM]","[PREMIUM]","A060",false,"[PREMIUM]","SPORT",false,true,"[PREMIUM]",,,,,"RED LIGHT",1.5,"Other","[PREMIUM]"
"60931406","2026-08-17 21:04:43.267","2026-08-31 11:47:50.179","60931406","2026-08-27 17:25:31.000","[PREMIUM]","855","WHOLESALE AUCTION","2026-09-03","THURSDAY","1200","EDT","0","V",2016,"DODGE","JOURNEY","JOURNEY","4DR SPORT UTILITY","GRAY","MECHANICAL",,"TX","CT","YES","E",85857,"A","[PREMIUM]",0,"2.4L 4","FRONT WHEEL DRIVE","AUTOMATIC","GAS",4,"DEFAULT","On Approval","[PREMIUM]",,"HOUSTON","TX","77049 1968","USA","USD","[PREMIUM]","[PREMIUM]","SA010",false,"[PREMIUM]","CROSSROAD",false,true,"[PREMIUM]",,,,,"RED LIGHT",3.8,,"[PREMIUM]"
"60698466","2026-08-17 21:04:43.215","2026-08-31 11:47:49.967","60698466","2026-08-27 16:59:20.000","[PREMIUM]","855","WHOLESALE AUCTION","2026-09-03","THURSDAY","1200","EDT","0","V",2025,"NISSAN","SENTRA","SENTRA","SEDAN","BLUE","MINOR DENT/SCRATCHES",,"TX","CT","YES","D",9246,"A","[PREMIUM]",0,"2.0L 4","FRONT WHEEL DRIVE","AUTOMATIC","GAS",4,"Run & Drive Verified","On Approval","[PREMIUM]",,"HOUSTON","TX","77049 1968","USA","USD","[PREMIUM]","[PREMIUM]","C030",false,"[PREMIUM]","SV",false,true,"[PREMIUM]",,,,,"GREEN LIGHT",3.9,,"[PREMIUM]"
"60518566","2026-08-17 21:04:43.161","2026-08-20 05:43:08.552","60518566","2026-08-19 20:00:58.000","[PREMIUM]","855","WHOLESALE AUCTION","2026-08-20","THURSDAY","1200","EDT","3204","V",2019,"JAGUAR","F-PACE","F-PACE","SPORT UTILITY VEHICLE","BLACK","MECHANICAL",,"TX","CT","YES","S",89561,"A","[PREMIUM]",4219,"2.0L 4","ALL WHEEL DRIVE","AUTOMATIC","GAS",4,"Vehicle Starts","On Minimum Bid","[PREMIUM]",,"HOUSTON","TX","77049 1968","USA","USD","[PREMIUM]","[PREMIUM]","A130",false,"[PREMIUM]","PREMIUM",false,true,"[PREMIUM]",,,,,"RED LIGHT",2.7,"Other,Emission","[PREMIUM]"
"60498376","2026-08-17 21:04:43.095","2026-08-17 21:04:43.095","60498376","2026-08-17 20:01:43.000","[PREMIUM]","855","WHOLESALE AUCTION","2026-08-18","TUESDAY","1200","EDT","7251","V",2019,"FORD","ECOSPORT","ECOSPORT","SPORT UTILITY VEHICLE","SILVER","ALL OVER",,"IN","CT","NO","E",0,"N","[PREMIUM]",21713,"1.0L 3","FRONT WHEEL DRIVE","AUTOMATIC","GAS",3,"DEFAULT","On Approval","[PREMIUM]",,"HOUSTON","TX","77049 1968","USA","USD","[PREMIUM]","[PREMIUM]","A110",false,"[PREMIUM]","S",false,true,"[PREMIUM]",,,,,"RED LIGHT",0,,"[PREMIUM]"
"60513246","2026-08-17 21:04:43.090","2026-08-20 05:43:08.554","60513246","2026-08-19 20:00:58.000","[PREMIUM]","855","WHOLESALE AUCTION","2026-08-20","THURSDAY","1200","EDT","3203","V",2021,"CADILLAC","XT4","XT4","SPORT UTILITY VEHICLE","BLACK","MINOR DENT/SCRATCHES","MECHANICAL","TX","CT","YES","D",116980,"A","[PREMIUM]",4583,"2.0L 4","FRONT WHEEL DRIVE","AUTOMATIC","GAS",4,"Run & Drive Verified","On Minimum Bid","[PREMIUM]",,"HOUSTON","TX","77049 1968","USA","USD","[PREMIUM]","[PREMIUM]","D030",false,"[PREMIUM]","SPORT",false,true,"[PREMIUM]",,,,,"RED LIGHT",3,"Safety,Other","[PREMIUM]"
"58419386","2026-08-17 21:04:42.315","2026-08-27 11:45:41.848","58419386","2026-08-24 19:20:02.000","[PREMIUM]","357","TX - HOUSTON EAST","2026-08-27","THURSDAY","1200","CDT","1109","V",2015,"HONDA","CRV","CR-V","4DR SPORT UTILITY","BLACK","REAR END",,"ID","SC","YES","E",0,"N","[PREMIUM]",13177,"2.4L 4","FRONT WHEEL DRIVE","AUTOMATIC","GAS",4,"DEFAULT","Pure Sale","[PREMIUM]",,"HOUSTON","TX","77049 1968","USA","USD","[PREMIUM]","[PREMIUM]","J130",false,"[PREMIUM]","TOURING",false,false,"[PREMIUM]",,,,,,,,"[PREMIUM]"
"58273876","2026-08-17 21:04:42.249","2026-08-21 12:53:22.821","58273876","2026-08-20 19:21:47.000","[PREMIUM]","855","WHOLESALE AUCTION","2026-08-27","THURSDAY","1200","EDT","0","V",2022,"NISSAN","ROGUE","ROGUE SPORT","WAGON","BLUE","SIDE","FRONT END","TX","CT","NO",,69660,"A","[PREMIUM]",0,"2.0L 4","FRONT WHEEL DRIVE","AUTOMATIC","GAS",4,,"On Minimum Bid","[PREMIUM]",,"HOUSTON","TX","77049 1968","USA","USD","[PREMIUM]","[PREMIUM]","A120",true,"[PREMIUM]","S",false,true,"[PREMIUM]",,,,,"RED LIGHT",0,,"[PREMIUM]"
"58066686","2026-08-17 21:04:42.176","2026-08-20 05:43:06.784","58066686","2026-08-19 20:00:58.000","[PREMIUM]","855","WHOLESALE AUCTION","2026-08-20","THURSDAY","1200","EDT","6167","V",2022,"CHEVROLET","TRAX","TRAX","SPORT UTILITY VEHICLE","WHITE","MECHANICAL",,"TX","CT","YES","E",0,"N","[PREMIUM]",9848,"1.4L 4","FRONT WHEEL DRIVE","AUTOMATIC","GAS",4,"DEFAULT","On Minimum Bid","[PREMIUM]",,"HOUSTON","TX","77049 1968","USA","USD","[PREMIUM]","[PREMIUM]","A160",false,"[PREMIUM]","1LT",false,true,"[PREMIUM]",,,,,"RED LIGHT",2.4,,"[PREMIUM]"
"56870796","2026-08-17 21:04:41.892","2026-08-24 11:45:55.623","56870796","2026-08-24 11:00:02.000","[PREMIUM]","357","TX - HOUSTON EAST","2026-08-24","MONDAY","1200","CDT","2528","V",2014,"MERCEDES-BENZ","E-CLASS","E","SEDAN 4DR","BLACK","FRONT END",,"TX","CT","YES","E",68931,"A","[PREMIUM]",0,"3.5L 6","REAR WHEEL DRIVE","AUTOMATIC","GAS",6,"DEFAULT","On Minimum Bid","[PREMIUM]",,"HOUSTON","TX","77049 1968","USA","USD","[PREMIUM]","[PREMIUM]","A050",false,"[PREMIUM]","350",false,false,"[PREMIUM]",,,,,,,,"[PREMIUM]"
"56089166","2026-08-17 21:04:41.680","2026-08-27 11:45:41.345","56089166","2026-08-26 20:00:50.000","[PREMIUM]","855","WHOLESALE AUCTION","2026-08-27","THURSDAY","1200","EDT","4567","V",2022,"TOYOTA","RAV4","RAV4","SUV","BLACK","FRONT END","SIDE","TX","CT","YES","S",42266,"A","[PREMIUM]",12757,"2.5L 4","FRONT WHEEL DRIVE","AUTOMATIC","GAS",4,"Vehicle Starts","On Minimum Bid","[PREMIUM]",,"HOUSTON","TX","77049 1968","USA","USD","[PREMIUM]","[PREMIUM]","A060",false,"[PREMIUM]","XLE",false,true,"[PREMIUM]",,,,,"RED LIGHT",0,"Other","[PREMIUM]"
"55352786","2026-08-17 21:04:41.529","2026-08-19 03:01:08.366","55352786","2026-08-17 18:56:34.000","[PREMIUM]","838","RENTAL VEHICLE SALE","2026-08-19","WEDNESDAY","1200","EDT","0","V",2022,"TESLA","MODEL 3","MODEL 3","SEDAN","BLUE","FRONT END","FRONT END","LA","CT","YES","D",117582,"A","[PREMIUM]",16495,,"ALL WHEEL DRIVE","AUTOMATIC","ELECTRIC",,"Run & Drive Verified","On Minimum Bid","[PREMIUM]",,"HOUSTON","TX","77049 1968","USA","USD","[PREMIUM]","[PREMIUM]","G030",false,"[PREMIUM]",,true,false,"[PREMIUM]",,,,,,,,"[PREMIUM]"
"54063246","2026-08-17 21:04:41.268","2026-08-31 11:47:47.900","54063246","2026-08-17 17:05:36.000","[PREMIUM]","357","TX - HOUSTON EAST",,,,"CDT","0","V",2019,"GMC","CANYON","CANYON","PICKUP","CHARCOAL","SIDE","REAR END","TX","SV","YES","S",98705,"A","[PREMIUM]",20277.04,"3.6L 6","REAR WHEEL DRIVE","AUTOMATIC","GAS",6,"Vehicle Starts","Pure Sale","[PREMIUM]",,"HOUSTON","TX","77049 1968","USA","USD","[PREMIUM]","[PREMIUM]","H130",false,"[PREMIUM]",,false,false,"[PREMIUM]",,,,,,,,"[PREMIUM]"
"77907655","2026-08-17 21:04:40.787","2026-08-31 11:47:47.531","77907655","2026-08-20 21:38:59.000","[PREMIUM]","356","NC - CONCORD",,,,"EDT","0","V",2023,"JEEP","GRAND CHER","GRAND CHEROKEE",,"BLACK","REAR END",,"NC","SC","YES","D",27706,"A","[PREMIUM]",10111.52,"3.6L  6","4x4 w/Rear Wheel Drv","AUTOMATIC","GAS",6,"Run & Drive Verified","Pure Sale","[PREMIUM]",,"CONCORD","NC","28025 8271","USA","USD","[PREMIUM]","[PREMIUM]","C180",false,"[PREMIUM]","LIMITED",false,false,"[PREMIUM]",,,,,,,,"[PREMIUM]"
"65505466","2026-08-17 21:04:40.711","2026-08-26 05:48:26.635","65505466","2026-08-25 05:57:37.000","[PREMIUM]","356","NC - CONCORD","2026-08-27","THURSDAY","1000","EDT","2006","V",2016,"FORD","FUSION","FUSION","SEDAN 4DR","CHARCOAL","FRONT END","DAMAGE HISTORY","SC","SQ","YES","D",87514,"A","[PREMIUM]",0,"2.5L 4","FRONT WHEEL DRIVE","AUTOMATIC","GAS",4,"Run & Drive Verified","On Minimum Bid","[PREMIUM]",,"CONCORD","NC","28025 8271","USA","USD","[PREMIUM]","[PREMIUM]","Y040",true,"[PREMIUM]","S",false,false,"[PREMIUM]",,,,,,,,"[PREMIUM]"
"64651816","2026-08-17 21:04:40.689","2026-08-31 05:50:11.277","64651816","2026-08-28 19:28:06.000","[PREMIUM]","356","NC - CONCORD",,,,"EDT","0","V",2014,"AUDI","R8","R8","COUPE","BLACK","SIDE","REAR END","NC","SC","YES","E",62014,"A","[PREMIUM]",69394.8,"4.2L 8","ALL WHEEL DRIVE","MANUAL","GAS",8,"DEFAULT","Pure Sale","[PREMIUM]",,"CONCORD","NC","28025 8271","USA","USD","[PREMIUM]","[PREMIUM]","A080",false,"[PREMIUM]","4.2 QUATTRO",false,false,"[PREMIUM]",,,,,,,,"[PREMIUM]"
"64728376","2026-08-17 21:04:40.672","2026-08-20 05:43:04.226","64728376","2026-08-17 20:49:29.000","[PREMIUM]","356","NC - CONCORD","2026-08-20","THURSDAY","1000","EDT","109","V",2018,"DODGE","CHARGER","CHARGER","SEDAN","GRAY","FRONT END",,"NC","SC","YES","D",121856,"A","[PREMIUM]",16241.96,"5.7L 8","REAR WHEEL DRIVE","AUTOMATIC","GAS",8,"Run & Drive Verified","Pure Sale","[PREMIUM]",,"CONCORD","NC","28025 8271","USA","USD","[PREMIUM]","[PREMIUM]","I020",false,"[PREMIUM]","R/T",false,false,"[PREMIUM]",,,,,,,,"[PREMIUM]"
"64534806","2026-08-17 21:04:40.633","2026-08-20 05:43:04.223","64534806","2026-08-17 20:20:04.000","[PREMIUM]","356","NC - CONCORD","2026-08-20","THURSDAY","1000","EDT","106","V",2016,"HONDA","CIVIC","CIVIC","SEDAN 4DR","BLACK","FRONT END",,"NC","SC","YES","D",273100,"A","[PREMIUM]",6358.21,"2.0L 4","FRONT WHEEL DRIVE","AUTOMATIC","GAS",4,"Run & Drive Verified","Pure Sale","[PREMIUM]",,"CONCORD","NC","28025 8271","USA","USD","[PREMIUM]","[PREMIUM]","H030",false,"[PREMIUM]","EX",false,false,"[PREMIUM]",,,,,,,,"[PREMIUM]"
"64230096","2026-08-17 21:04:40.579","2026-08-31 11:47:46.553","64230096","2026-08-26 20:40:08.000","[PREMIUM]","356","NC - CONCORD","2026-09-03","THURSDAY","1000","EDT","17","V",2019,"HONDA","CRV","CR-V","SPORT UTILITY VEHICLE","GRAY","FRONT END",,"NC","SC","YES","D",144327,"A","[PREMIUM]",14938.56,"1.5L 4","FRONT WHEEL DRIVE","AUTOMATIC","GAS",4,"Run & Drive Verified","On Minimum Bid","[PREMIUM]",,"CONCORD","NC","28025 8271","USA","USD","[PREMIUM]","[PREMIUM]","D090",false,"[PREMIUM]","TOURING",false,false,"[PREMIUM]",,,,,,,,"[PREMIUM]"
"64014826","2026-08-17 21:04:40.530","2026-08-31 11:47:46.457","64014826","2026-08-26 18:06:05.000","[PREMIUM]","356","NC - CONCORD","2026-09-03","THURSDAY","1000","EDT","8","V",2014,"MAZDA","6","6","SEDAN 4DR","BLUE","FRONT END",,"NC","SC","YES","D",170939,"A","[PREMIUM]",2730,"2.5L 4","FRONT WHEEL DRIVE","AUTOMATIC","GAS",4,"Run & Drive Verified","Pure Sale","[PREMIUM]",,"CONCORD","NC","28025 8271","USA","USD","[PREMIUM]","[PREMIUM]","A030",false,"[PREMIUM]","GRAND TOURING",false,false,"[PREMIUM]",,,,,,,,"[PREMIUM]"
"63897216","2026-08-17 21:04:40.522","2026-08-31 11:47:46.347","63897216","2026-08-29 18:06:49.000","[PREMIUM]","356","NC - CONCORD","2026-09-03","THURSDAY","1000","EDT","81","V",2014,"SUBARU","FORESTER","FORESTER","4DR SPORT UTILITY","BURGUNDY","FRONT END","SIDE","NC","SC","YES","D",230791,"A","[PREMIUM]",4753.21,"2.5L 4","ALL WHEEL DRIVE","AUTOMATIC","GAS",4,"Run & Drive Verified","On Minimum Bid","[PREMIUM]",,"CONCORD","NC","28025 8271","USA","USD","[PREMIUM]","[PREMIUM]","E110",false,"[PREMIUM]","2.5I PREMIUM",false,false,"[PREMIUM]",,,,,,,,"[PREMIUM]"
"63345816","2026-08-17 21:04:40.280","2026-08-31 05:50:10.880","63345816","2026-08-27 22:08:08.000","[PREMIUM]","356","NC - CONCORD","2026-09-03","THURSDAY","1000","EDT","34","V",2013,"HYUNDAI","ACCENT","ACCENT","SEDAN","WHITE","FRONT END","SIDE","NC","SC","YES","D",112864,"X","[PREMIUM]",2770.07,"1.6L 4","FRONT WHEEL DRIVE","AUTOMATIC","GAS",4,"Run & Drive Verified","Pure Sale","[PREMIUM]",,"CONCORD","NC","28025 8271","USA","USD","[PREMIUM]","[PREMIUM]","I060",false,"[PREMIUM]","GLS",false,false,"[PREMIUM]",,,,,,,,"[PREMIUM]"
"63235286","2026-08-17 21:04:40.171","2026-08-31 11:47:45.968","63235286","2026-08-26 20:40:08.000","[PREMIUM]","356","NC - CONCORD","2026-09-03","THURSDAY","1000","EDT","19","V",2017,"HONDA","ACCORD","ACCORD","SEDAN 4DR","MAROON","FRONT END","SIDE","NC","SC","YES","D",92075,"A","[PREMIUM]",11340.04,"3.5L 6","FRONT WHEEL DRIVE","AUTOMATIC","GAS",6,"Run & Drive Verified","Pure Sale","[PREMIUM]",,"CONCORD","NC","28025 8271","USA","USD","[PREMIUM]","[PREMIUM]","A060",false,"[PREMIUM]","TOURING",false,false,"[PREMIUM]",,,,,,,,"[PREMIUM]"
"62713116","2026-08-17 21:04:39.816","2026-08-31 11:47:45.842","62713116","2026-08-26 18:06:05.000","[PREMIUM]","356","NC - CONCORD","2026-09-03","THURSDAY","1000","EDT","1105","V",2019,"TOYOTA","COROLLA","COROLLA","SEDAN","BLUE","FRONT END","SIDE","NC","SC","YES","S",101894,"A","[PREMIUM]",0,"1.8L 4","FRONT WHEEL DRIVE","AUTOMATIC","GAS",4,"Vehicle Starts","On Approval","[PREMIUM]",,"CONCORD","NC","28025 8271","USA","USD","[PREMIUM]","[PREMIUM]","G030",false,"[PREMIUM]","SE",false,false,"[PREMIUM]",,,,,,,,"[PREMIUM]"
"61740286","2026-08-17 21:04:39.495","2026-08-20 05:43:02.817","61740286","2026-08-19 20:00:59.000","[PREMIUM]","855","WHOLESALE AUCTION","2026-08-20","THURSDAY","1200","EDT","6173","V",2020,"MERCEDES-BENZ","GLE-CLASS","GLE","SPORT UTILITY VEHICLE","BLACK","FRONT END","REAR END","NC","DC","NO","E",99059,"A","[PREMIUM]",21271,"2.0L 4","ALL WHEEL DRIVE","AUTOMATIC","GAS",4,"DEFAULT","On Minimum Bid","[PREMIUM]","REPOSSESSION                ","CONCORD","NC","28025 8271","USA","USD","[PREMIUM]","[PREMIUM]","DR020",false,"[PREMIUM]","350 4MATIC",false,true,"[PREMIUM]",,,,,"RED LIGHT",0,,"[PREMIUM]"
"61350896","2026-08-17 21:04:39.415","2026-08-31 11:47:45.125","61350896","2026-08-26 18:06:05.000","[PREMIUM]","356","NC - CONCORD","2026-09-03","THURSDAY","1000","EDT","1110","V",2024,"LEXUS","RX 350 PRE","RX 350","SUV","SILVER","SIDE",,"NC","SC","YES","E",0,"N","[PREMIUM]",21190.51,"2.4L 4","FRONT WHEEL DRIVE","AUTOMATIC","GAS",4,"DEFAULT","Pure Sale","[PREMIUM]",,"CONCORD","NC","28025 8271","USA","USD","[PREMIUM]","[PREMIUM]","C200",false,"[PREMIUM]","PREMIUM+",false,false,"[PREMIUM]",,,,,,,,"[PREMIUM]"
"61069296","2026-08-17 21:04:39.313","2026-08-31 11:47:44.723","61069296","2026-08-17 20:11:58.000","[PREMIUM]","356","NC - CONCORD",,,,"EDT","0","V",2010,"TOYOTA","COROLLA","COROLLA","SEDAN","RED","FRONT END","SIDE","SC","ST","YES","S",165244,"A","[PREMIUM]",6869,"1.8L 4","FRONT WHEEL DRIVE","AUTOMATIC","GAS",4,"Vehicle Starts","Pure Sale","[PREMIUM]",,"CONCORD","NC","28025 8271","USA","USD","[PREMIUM]","[PREMIUM]","D200",false,"[PREMIUM]","S",false,false,"[PREMIUM]",,,,,,,,"[PREMIUM]"
"60629706","2026-08-17 21:04:39.260","2026-08-31 11:47:44.502","60629706","2026-08-27 14:04:27.000","[PREMIUM]","356","NC - CONCORD","2026-09-03","THURSDAY","1000","EDT","1120","V",2021,"HYUNDAI","SONATA","SONATA","SEDAN","SILVER","FRONT END","SIDE","NC","SC","YES","S",104544,"A","[PREMIUM]",39126.77,"2.5L 4","FRONT WHEEL DRIVE","AUTOMATIC","GAS",4,"Vehicle Starts","Pure Sale","[PREMIUM]",,"CONCORD","NC","28025 8271","USA","USD","[PREMIUM]","[PREMIUM]","F030",false,"[PREMIUM]","SE",false,false,"[PREMIUM]",,,,,,,,"[PREMIUM]"
"60462706","2026-08-17 21:04:39.132","2026-08-27 11:45:39.078","60462706","2026-08-25 20:57:01.000","[PREMIUM]","356","NC - CONCORD","2026-08-27","THURSDAY","1000","EDT","2505","V",2013,"KIA","SOUL","SOUL","WAGON","CREAM","FRONT END","SIDE","NC","SC","YES","E",0,"N","[PREMIUM]",11681.51,"1.6L 4","FRONT WHEEL DRIVE","AUTOMATIC","GAS",4,"DEFAULT","Pure Sale","[PREMIUM]",,"CONCORD","NC","28025 8271","USA","USD","[PREMIUM]","[PREMIUM]","D200",false,"[PREMIUM]","BASE",false,false,"[PREMIUM]",,,,,,,,"[PREMIUM]"
"60431316","2026-08-17 21:04:39.118","2026-08-31 11:47:44.425","60431316","2026-08-17 18:42:09.000","[PREMIUM]","356","NC - CONCORD",,,,"EDT","0","V",2019,"GMC","ACADIA","ACADIA","SPORT UTILITY VEHICLE","GOLD","MINOR DENT/SCRATCHES","NORMAL WEAR","NC","CZ","NO",,214963,"A","[PREMIUM]",0,"2.5L 4","FRONT WHEEL DRIVE","AUTOMATIC","GAS",4,,"On Minimum Bid","[PREMIUM]",,"CONCORD","NC","28025 8271","USA","USD","[PREMIUM]","[PREMIUM]","Y100",false,"[PREMIUM]","SLE",false,false,"[PREMIUM]",,,,,,,,"[PREMIUM]"
"59238796","2026-08-17 21:04:38.967","2026-08-31 11:47:44.010","59238796","2026-08-28 22:02:05.000","[PREMIUM]","356","NC - CONCORD","2026-09-03","THURSDAY","1000","EDT","1148","V",2007,"CHEVROLET","ALL Models","SILVERADO","CREW PICKUP","BLACK","FRONT END",,"SC","ST","YES","S",251642,"A","[PREMIUM]",8132,"5.3L 8","4X4 W/REAR WHEEL DRV","AUTOMATIC","GAS",8,"Vehicle Starts","Pure Sale","[PREMIUM]",,"CONCORD","NC","28025 8271","USA","USD","[PREMIUM]","[PREMIUM]","C260",false,"[PREMIUM]","K1500 CREW CAB",false,false,"[PREMIUM]",,,,,,,,"[PREMIUM]"
"58212946","2026-08-17 21:04:38.723","2026-08-26 23:45:48.247","58212946","2026-08-24 21:37:36.000","[PREMIUM]","356","NC - CONCORD","2026-08-27","THURSDAY","1000","EDT","1145","V",2026,"CHEVROLET","SUBURBAN","SUBURBAN","SPORT UTILITY VEHICLE","BLACK","FRONT END","SIDE","FL","RB","YES","S",2068,"A","[PREMIUM]",43367.42,"5.3L 8","4X4 W/REAR WHEEL DRV","AUTOMATIC","GAS",8,"Vehicle Starts","Pure Sale","[PREMIUM]",,"CONCORD","NC","28025 8271","USA","USD","[PREMIUM]","[PREMIUM]","G050",false,"[PREMIUM]","K1500 LT",false,false,"[PREMIUM]",,,,,,,,"[PREMIUM]"
"51077296","2026-08-17 21:04:37.891","2026-08-20 05:43:00.496","51077296","2026-08-17 21:12:38.000","[PREMIUM]","356","NC - CONCORD","2026-08-20","THURSDAY","1000","EDT","112","V",2017,"KIA","SOUL","SOUL","4DR SPORT UTILITY","WHITE","FRONT END",,"NC","SC","YES","D",94243,"N","[PREMIUM]",6103.36,"2.0L 4","FRONT WHEEL DRIVE","AUTOMATIC","GAS",4,"Run & Drive Verified","Pure Sale","[PREMIUM]",,"CONCORD","NC","28025 8271","USA","USD","[PREMIUM]","[PREMIUM]","D050",false,"[PREMIUM]","+",false,false,"[PREMIUM]",,,,,,,,"[PREMIUM]"
"46844376","2026-08-17 21:04:37.144","2026-08-30 17:49:51.632","46844376","2026-08-28 16:55:24.000","[PREMIUM]","356","NC - CONCORD","2026-09-03","THURSDAY","1000","EDT","1136","V",2015,"VOLVO","XC60","XC60","4DR SPORT UTILITY","WHITE","MECHANICAL","DAMAGE HISTORY","NC","CZ","YES","S",142930,"A","[PREMIUM]",0,"2.0L 4","FRONT WHEEL DRIVE","AUTOMATIC","GAS",4,"Vehicle Starts","On Minimum Bid","[PREMIUM]",,"CONCORD","NC","28025 8271","USA","USD","[PREMIUM]","[PREMIUM]","Y050",false,"[PREMIUM]","T5 PREMIER",false,false,"[PREMIUM]",,,,,,,,"[PREMIUM]"
"65669116","2026-08-17 21:04:35.651","2026-08-22 17:49:01.274","65669116","2026-08-21 17:17:34.000","[PREMIUM]","880","*NCS - EASTERN REGION","2026-08-24","MONDAY","2100","EDT","370","V",2016,"HONDA","HR-V","HR-V","4DR SPORT UTILITY","BLACK","MINOR DENT/SCRATCHES",,"ME","CT","YES","S",135427,"A","[PREMIUM]",0,"1.8L 4","ALL WHEEL DRIVE","AUTOMATIC","GAS",4,"Vehicle Starts","On Minimum Bid","[PREMIUM]",,"EAST GRANBY","CT","06026 9765","USA","USD","[PREMIUM]","[PREMIUM]","P010",true,"[PREMIUM]","LX",false,false,"[PREMIUM]",,,,,,,,"[PREMIUM]"
"65295356","2026-08-17 21:04:35.615","2026-08-30 17:49:48.714","65295356","2026-08-28 17:04:26.000","[PREMIUM]","880","*NCS - EASTERN REGION","2026-08-31","MONDAY","2100","EDT","25","V",2005,"TOYOTA","PRIUS BASE","PRIUS","HATCHBACK","BLUE","MINOR DENT/SCRATCHES",,"NY","CT","YES","E",0,"E","[PREMIUM]",0,"1.5L 4","FRONT WHEEL DRIVE","AUTOMATIC","ELECTRIC AND GAS HYBRID",4,"DEFAULT","On Minimum Bid","[PREMIUM]",,"EAST GRANBY","CT","06026 9765","USA","USD","[PREMIUM]","[PREMIUM]","B010",true,"[PREMIUM]","BASE",false,false,"[PREMIUM]",,,,,,,,"[PREMIUM]"
"65306356","2026-08-17 21:04:35.599","2026-08-19 03:01:04.203","65306356","2026-08-18 14:33:13.000","[PREMIUM]","838","RENTAL VEHICLE SALE","2026-08-19","WEDNESDAY","1200","EDT","0","V",2026,"CHEVROLET","EQUINOX","EQUINOX","SPORT UTILITY VEHICLE","GRAY","FRONT END","MINOR DENT/SCRATCHES","IL","CT","YES","D",14628,"A","[PREMIUM]",0,"1.5L 4","ALL WHEEL DRIVE","AUTOMATIC","GAS",4,"Run & Drive Verified","On Approval","[PREMIUM]",,"EAST GRANBY","CT","06026 9765","USA","USD","[PREMIUM]","[PREMIUM]","H020",false,"[PREMIUM]","LT",false,false,"[PREMIUM]",,,,,,,,"[PREMIUM]"
"65202186","2026-08-17 21:04:35.570","2026-08-31 11:47:39.356","65202186","2026-08-27 17:07:27.000","[PREMIUM]","880","*NCS - EASTERN REGION","2026-08-31","MONDAY","2100","EDT","0","V",2014,"MERCEDES-BENZ","S-CLASS","S","SEDAN 4DR","BLACK","FRONT END","MINOR DENT/SCRATCHES","TX","CT","YES","S",0,"N","[PREMIUM]",0,"4.6L 8","REAR WHEEL DRIVE","AUTOMATIC","GAS",8,"Vehicle Starts","On Minimum Bid","[PREMIUM]",,"EAST GRANBY","CT","06026 9765","USA","USD","[PREMIUM]","[PREMIUM]","H020",true,"[PREMIUM]","550",false,false,"[PREMIUM]",,,,,,,,"[PREMIUM]"
"65162166","2026-08-17 21:04:35.490","2026-08-30 17:49:48.504","65162166","2026-08-28 17:04:28.000","[PREMIUM]","880","*NCS - EASTERN REGION","2026-08-31","MONDAY","2100","EDT","3599","V",2021,"NISSAN","SENTRA","SENTRA","SEDAN","GRAY","ALL OVER","UNDERCARRIAGE","CT","CT","YES","S",87365,"A","[PREMIUM]",0,"2.0L 4","FRONT WHEEL DRIVE","AUTOMATIC","GAS",4,"Vehicle Starts","On Minimum Bid","[PREMIUM]","REPOSSESSION                ","EAST GRANBY","CT","06026 9765","USA","USD","[PREMIUM]","[PREMIUM]","Q050",true,"[PREMIUM]",,false,false,"[PREMIUM]",,,,,,,,"[PREMIUM]"
"65155276","2026-08-17 21:04:35.487","2026-08-20 05:42:58.744","65155276","2026-08-19 17:27:47.000","[PREMIUM]","350","CT - HARTFORD SPRINGFIELD","2026-08-20","THURSDAY","1000","EDT","393","V",2015,"NISSAN","ROGUE","ROGUE","WAGON","GRAY","MINOR DENT/SCRATCHES",,"MA","CT","YES","S",85359,"A","[PREMIUM]",0,"2.5L 4","ALL WHEEL DRIVE","AUTOMATIC","GAS",4,"Vehicle Starts","On Approval","[PREMIUM]",,"EAST GRANBY","CT","06026 9765","USA","USD","[PREMIUM]","[PREMIUM]","P010",false,"[PREMIUM]","SV",false,false,"[PREMIUM]",,,,,,,,"[PREMIUM]"
"65155466","2026-08-17 21:04:35.484","2026-08-30 17:49:48.627","65155466","2026-08-28 17:04:28.000","[PREMIUM]","880","*NCS - EASTERN REGION","2026-08-31","MONDAY","2100","EDT","3485","V",2019,"HYUNDAI","KONA","KONA","SPORT UTILITY VEHICLE","RED","SIDE","REAR END","CT","CT","YES","E",94869,"A","[PREMIUM]",0,"2.0L 4","ALL WHEEL DRIVE","AUTOMATIC","GAS",4,"DEFAULT","On Minimum Bid","[PREMIUM]","REPOSSESSION                ","EAST GRANBY","CT","06026 9765","USA","USD","[PREMIUM]","[PREMIUM]","N020",true,"[PREMIUM]","SE",false,false,"[PREMIUM]",,,,,,,,"[PREMIUM]"
"65153096","2026-08-17 21:04:35.457","2026-08-27 11:45:36.126","65153096","2026-08-26 18:08:05.000","[PREMIUM]","350","CT - HARTFORD SPRINGFIELD","2026-08-27","THURSDAY","1000","EDT","2641","V",2022,"HONDA","ACCORD","ACCORD","SEDAN","WHITE","SIDE","MINOR DENT/SCRATCHES","MA","CT","YES","D",11602,"A","[PREMIUM]",0,"1.5L 4","FRONT WHEEL DRIVE","AUTOMATIC","GAS",4,"Run & Drive Verified","On Minimum Bid","[PREMIUM]","REPOSSESSION                ","EAST GRANBY","CT","06026 9765","USA","USD","[PREMIUM]","[PREMIUM]","J020",false,"[PREMIUM]","SPORT SE",false,false,"[PREMIUM]",,,,,,,,"[PREMIUM]"
"65153426","2026-08-17 21:04:35.430","2026-08-30 17:49:48.428","65153426","2026-08-28 17:04:28.000","[PREMIUM]","880","*NCS - EASTERN REGION","2026-08-31","MONDAY","2100","EDT","3379","V",2018,"FORD","ESCAPE","ESCAPE","SPORT UTILITY VEHICLE","BLACK","MINOR DENT/SCRATCHES",,"MA","CT","YES","E",154184,"A","[PREMIUM]",0,"1.5L 4","4X4 W/FRONT WHL DRV","AUTOMATIC","GAS",4,"DEFAULT","On Minimum Bid","[PREMIUM]","REPOSSESSION                ","EAST GRANBY","CT","06026 9765","USA","USD","[PREMIUM]","[PREMIUM]","B010",true,"[PREMIUM]","SE",false,false,"[PREMIUM]",,,,,,,,"[PREMIUM]"
"64962996","2026-08-17 21:04:35.191","2026-08-20 05:42:58.194","64962996","2026-08-19 17:57:03.000","[PREMIUM]","350","CT - HARTFORD SPRINGFIELD","2026-08-20","THURSDAY","1000","EDT","2162","V",2018,"HYUNDAI","SANTA FE","SANTA FE SPORT","SUV","BEIGE","FRONT END","MINOR DENT/SCRATCHES","CT","ST","YES","D",89462,"A","[PREMIUM]",14036.4,"2.4L 4","ALL WHEEL DRIVE","AUTOMATIC","GAS",4,"Run & Drive Verified","Pure Sale","[PREMIUM]",,"EAST GRANBY","CT","06026 9765","USA","USD","[PREMIUM]","[PREMIUM]","J040",false,"[PREMIUM]","2.4L",false,false,"[PREMIUM]",,,,,,,,"[PREMIUM]"
"64895716","2026-08-17 21:04:35.157","2026-08-19 03:01:03.560","64895716","2026-08-17 19:17:06.000","[PREMIUM]","838","RENTAL VEHICLE SALE","2026-08-19","WEDNESDAY","1200","EDT","0","V",2021,"TOYOTA","CAMRY","CAMRY","SEDAN","GRAY","MECHANICAL",,"FL","CT","YES","D",205391,"A","[PREMIUM]",3644,"2.5L 4","FRONT WHEEL DRIVE","AUTOMATIC","GAS",4,"Run & Drive Verified","On Minimum Bid","[PREMIUM]",,"EAST GRANBY","CT","06026 9765","USA","USD","[PREMIUM]","[PREMIUM]","K040",false,"[PREMIUM]","SE",true,false,"[PREMIUM]",,,,,,,,"[PREMIUM]"
"64900776","2026-08-17 21:04:35.153","2026-08-19 03:01:03.547","64900776","2026-08-17 19:18:33.000","[PREMIUM]","838","RENTAL VEHICLE SALE","2026-08-19","WEDNESDAY","1200","EDT","0","V",2022,"BUICK","ENCLAVE","ENCLAVE","SPORT UTILITY VEHICLE","WHITE","MECHANICAL",,"FL","CT","YES","D",168706,"A","[PREMIUM]",9234,"3.6L 6","FRONT WHEEL DRIVE","AUTOMATIC","GAS",6,"Run & Drive Verified","On Minimum Bid","[PREMIUM]",,"EAST GRANBY","CT","06026 9765","USA","USD","[PREMIUM]","[PREMIUM]","E060",false,"[PREMIUM]","PREMIUM",true,false,"[PREMIUM]",,,,,,,,"[PREMIUM]"
"64850706","2026-08-17 21:04:35.129","2026-08-31 05:50:06.257","64850706","2026-08-29 02:45:26.000","[PREMIUM]","880","*NCS - EASTERN REGION","2026-08-31","MONDAY","2100","EDT","0","V",2011,"KIA","OPTIMA","OPTIMA","SEDAN","GRAY","MINOR DENT/SCRATCHES",,"TX","CT","YES","D",174741,"A","[PREMIUM]",0,"2.4L 4","FRONT WHEEL DRIVE","AUTOMATIC","GAS",4,"Run & Drive Verified","On Minimum Bid","[PREMIUM]",,"EAST GRANBY","CT","06026 9765","USA","USD","[PREMIUM]","[PREMIUM]","P020",false,"[PREMIUM]","EX",false,false,"[PREMIUM]",,,,,,,,"[PREMIUM]"
"64886126","2026-08-17 21:04:35.104","2026-08-19 03:01:03.512","64886126","2026-08-17 19:21:37.000","[PREMIUM]","838","RENTAL VEHICLE SALE","2026-08-19","WEDNESDAY","1200","EDT","0","V",2020,"FORD","ESCAPE","ESCAPE","SPORT UTILITY VEHICLE","BLACK","FRONT END","MINOR DENT/SCRATCHES","FL","CT","YES","D",58053,"A","[PREMIUM]",6728,"2.5L 4","FRONT WHEEL DRIVE","AUTOMATIC","ELECTRIC AND GAS HYBRID",4,"Run & Drive Verified","On Minimum Bid","[PREMIUM]",,"EAST GRANBY","CT","06026 9765","USA","USD","[PREMIUM]","[PREMIUM]","J020",false,"[PREMIUM]","SE SPORT",true,false,"[PREMIUM]",,,,,,,,"[PREMIUM]"
"64770506","2026-08-17 21:04:35.048","2026-08-20 05:42:58.001","64770506","2026-08-19 18:07:37.000","[PREMIUM]","350","CT - HARTFORD SPRINGFIELD","2026-08-20","THURSDAY","1000","EDT","3397","V",2015,"SUBARU","LEGACY","LEGACY","SEDAN 4DR","BLACK","SIDE","MINOR DENT/SCRATCHES","CT","ST","YES","D",172108,"A","[PREMIUM]",7037.23,"2.5L 4","ALL WHEEL DRIVE","AUTOMATIC","GAS",4,"Run & Drive Verified","Pure Sale","[PREMIUM]",,"EAST GRANBY","CT","06026 9765","USA","USD","[PREMIUM]","[PREMIUM]","O050",false,"[PREMIUM]","2.5I PREMIUM",false,false,"[PREMIUM]",,,,,,,,"[PREMIUM]"
"64776356","2026-08-17 21:04:35.029","2026-08-30 17:49:48.036","64776356","2026-08-28 17:04:27.000","[PREMIUM]","880","*NCS - EASTERN REGION","2026-08-31","MONDAY","2100","EDT","3097","V",2016,"CHEVROLET","CRUZE","CRUZE LIMITED","SEDAN 4DR","BLACK","MINOR DENT/SCRATCHES","MECHANICAL","NY","CT","YES","D",141061,"A","[PREMIUM]",0,"1.4L 4","FRONT WHEEL DRIVE","AUTOMATIC","GAS",4,"Run & Drive Verified","On Minimum Bid","[PREMIUM]",,"EAST GRANBY","CT","06026 9765","USA","USD","[PREMIUM]","[PREMIUM]","D070",true,"[PREMIUM]","LT",false,false,"[PREMIUM]",,,,,,,,"[PREMIUM]"
"64755236","2026-08-17 21:04:34.983","2026-08-24 11:45:50.447","64755236","2026-08-24 10:00:43.000","[PREMIUM]","838","RENTAL VEHICLE SALE","2026-08-24","MONDAY","1200","EDT","40","V",2022,"FORD","ECOSPORT","ECOSPORT","SPORT UTILITY VEHICLE","WHITE","MECHANICAL",,"FL","CT","YES","D",116298,"A","[PREMIUM]",4558,"2L 4","4X4 W/FRONT WHL DRV","AUTOMATIC","GAS",4,"Run & Drive Verified","On Minimum Bid","[PREMIUM]",,"EAST GRANBY","CT","06026 9765","USA","USD","[PREMIUM]","[PREMIUM]","G030",false,"[PREMIUM]","S",true,false,"[PREMIUM]",,,,,,,,"[PREMIUM]"
"64738086","2026-08-17 21:04:34.954","2026-08-30 17:49:47.990","64738086","2026-08-28 17:04:28.000","[PREMIUM]","880","*NCS - EASTERN REGION","2026-08-31","MONDAY","2100","EDT","3455","V",2019,"CHEVROLET","MALIBU","MALIBU","SEDAN","BLUE","FRONT END","SIDE","CT","CT","YES","E",64798,"A","[PREMIUM]",0,"1.5L 4","FRONT WHEEL DRIVE","AUTOMATIC","GAS",4,"DEFAULT","On Minimum Bid","[PREMIUM]","REPOSSESSION                ","EAST GRANBY","CT","06026 9765","USA","USD","[PREMIUM]","[PREMIUM]","P010",true,"[PREMIUM]","LS",false,false,"[PREMIUM]",,,,,,,,"[PREMIUM]"
"64603876","2026-08-17 21:04:34.764","2026-08-17 21:04:34.764","64603876","2026-08-17 19:34:42.000","[PREMIUM]","855","WHOLESALE AUCTION","2026-08-20","THURSDAY","1200","EDT","0","V",2023,"SUBARU","OUTBACK","OUTBACK","SPORT UTILITY VEHICLE","BLACK","REAR END","MINOR DENT/SCRATCHES","CT","CT","YES","D",36742,"A","[PREMIUM]",3591,"2.5L 4","ALL WHEEL DRIVE","AUTOMATIC","GAS",4,"Run & Drive Verified","On Minimum Bid","[PREMIUM]",,"EAST GRANBY","CT","06026 9765","USA","USD","[PREMIUM]","[PREMIUM]","K040",false,"[PREMIUM]","PREMIUM",false,true,"[PREMIUM]",,,,,"RED LIGHT",2.5,"Other","[PREMIUM]"
"64621586","2026-08-17 21:04:34.757","2026-08-20 05:42:57.717","64621586","2026-08-19 18:07:37.000","[PREMIUM]","350","CT - HARTFORD SPRINGFIELD","2026-08-20","THURSDAY","1000","EDT","3197","V",2026,"BMW","X5","X5","SPORT UTILITY VEHICLE","GRAY","REAR END","MINOR DENT/SCRATCHES","SC","ST","YES","D",177,"A","[PREMIUM]",44098,"3.0L 6","ALL WHEEL DRIVE","AUTOMATIC","GAS",6,"Run & Drive Verified","Pure Sale","[PREMIUM]",,"EAST GRANBY","CT","06026 9765","USA","USD","[PREMIUM]","[PREMIUM]","O020",false,"[PREMIUM]","XDRIVE40I",false,false,"[PREMIUM]",,,,,,,,"[PREMIUM]"
"64629626","2026-08-17 21:04:34.754","2026-08-20 05:42:57.721","64629626","2026-08-19 17:39:55.000","[PREMIUM]","350","CT - HARTFORD SPRINGFIELD","2026-08-20","THURSDAY","1000","EDT","2002","V",2001,"DODGE","DAKOTA","DAKOTA","PICKUP","BLACK","FRONT END","FRAME DAMAGE","CT","ST","YES","E",0,"E","[PREMIUM]",8470.09,"4.7L 8","REAR WHEEL DRIVE","AUTOMATIC","GAS",8,"DEFAULT","Pure Sale","[PREMIUM]",,"EAST GRANBY","CT","06026 9765","USA","USD","[PREMIUM]","[PREMIUM]","R050",false,"[PREMIUM]",,false,false,"[PREMIUM]",,,,,,,,"[PREMIUM]"
"64283396","2026-08-17 21:04:34.385","2026-08-27 11:45:35.090","64283396","2026-08-26 18:44:55.000","[PREMIUM]","350","CT - HARTFORD SPRINGFIELD","2026-08-27","THURSDAY","1000","EDT","3032","V",2010,"GMC","TERRAIN","TERRAIN","4DR SPORT UTILITY","BLACK","MINOR DENT/SCRATCHES",,"CT","CT","YES","D",113954,"A","[PREMIUM]",0,"2.4L 4","ALL WHEEL DRIVE","AUTOMATIC","GAS",4,"Run & Drive Verified","On Minimum Bid","[PREMIUM]",,"EAST GRANBY","CT","06026 9765","USA","USD","[PREMIUM]","[PREMIUM]","E040",true,"[PREMIUM]","SLT",false,false,"[PREMIUM]",,,,,,,,"[PREMIUM]"
"64268366","2026-08-17 21:04:34.366","2026-08-20 05:42:57.191","64268366","2026-08-19 23:11:25.000","[PREMIUM]","855","WHOLESALE AUCTION","2026-08-20","THURSDAY","1200","EDT","0","V",2021,"CHEVROLET","EQUINOX","EQUINOX","SPORT UTILITY VEHICLE","BLUE","MINOR DENT/SCRATCHES","MECHANICAL","CT","CT","YES","D",153029,"A","[PREMIUM]",900,"1.5L 4","ALL WHEEL DRIVE","AUTOMATIC","GAS",4,"Run & Drive Verified","On Minimum Bid","[PREMIUM]",,"EAST GRANBY","CT","06026 9765","USA","USD","[PREMIUM]","[PREMIUM]","I030",false,"[PREMIUM]","LT",false,true,"[PREMIUM]",,,,,"RED LIGHT",4.7,"Maintenance,Other,Emission","[PREMIUM]"
"64221236","2026-08-17 21:04:34.271","2026-08-31 11:47:37.811","64221236","2026-08-31 10:00:35.000","[PREMIUM]","838","RENTAL VEHICLE SALE","2026-08-31","MONDAY","1200","EDT","9","V",2026,"VOLVO","XC60","XC60","SPORT UTILITY VEHICLE","BLUE","ALL OVER",,"MA","CT","YES","D",6343,"A","[PREMIUM]",36626.19,"2.0L 4","ALL WHEEL DRIVE","AUTOMATIC","GAS",4,"Run & Drive Verified","On Minimum Bid","[PREMIUM]",,"EAST GRANBY","CT","06026 9765","USA","USD","[PREMIUM]","[PREMIUM]","S040",true,"[PREMIUM]","PLUS",true,false,"[PREMIUM]",,,,,,,,"[PREMIUM]"
"64229356","2026-08-17 21:04:34.268","2026-08-20 05:42:57.143","64229356","2026-08-19 17:57:03.000","[PREMIUM]","350","CT - HARTFORD SPRINGFIELD","2026-08-20","THURSDAY","1000","EDT","2172","V",2014,"VOLKSWAGEN","GTI","GTI",,"WHITE","FRONT END","MINOR DENT/SCRATCHES","CT","ST","YES","D",188072,"A","[PREMIUM]",6176.88,,,"AUTOMATIC",,,"Run & Drive Verified","Pure Sale","[PREMIUM]",,"EAST GRANBY","CT","06026 9765","USA","USD","[PREMIUM]","[PREMIUM]","R050",false,"[PREMIUM]","BASE",false,false,"[PREMIUM]",,,,,,,,"[PREMIUM]"
"64226586","2026-08-17 21:04:34.241","2026-08-19 03:01:02.503","64226586","2026-08-17 19:29:49.000","[PREMIUM]","838","RENTAL VEHICLE SALE","2026-08-19","WEDNESDAY","1200","EDT","0","V",2022,"TOYOTA","COROLLA","COROLLA","SEDAN","CHARCOAL","FRONT END","MINOR DENT/SCRATCHES","FL","CT","YES","D",151880,"A","[PREMIUM]",5844.62,"2.0L 4","FRONT WHEEL DRIVE","AUTOMATIC","GAS",4,"Run & Drive Verified","On Minimum Bid","[PREMIUM]",,"EAST GRANBY","CT","06026 9765","USA","USD","[PREMIUM]","[PREMIUM]","K050",false,"[PREMIUM]","SE",true,false,"[PREMIUM]",,,,,,,,"[PREMIUM]"
"64076866","2026-08-17 21:04:34.183","2026-08-19 03:01:02.387","64076866","2026-08-17 14:53:04.000","[PREMIUM]","838","RENTAL VEHICLE SALE","2026-08-19","WEDNESDAY","1200","EDT","0","V",2025,"KIA","ALL OTHER","K4","SEDAN","RED","FRONT END","MINOR DENT/SCRATCHES","FL","CT","YES","D",35719,"A","[PREMIUM]",8518,"2.0L 4","FRONT WHEEL DRIVE","AUTOMATIC","GAS",4,"Run & Drive Verified","On Minimum Bid","[PREMIUM]",,"EAST GRANBY","CT","06026 9765","USA","USD","[PREMIUM]","[PREMIUM]","J020",false,"[PREMIUM]","LXS",true,false,"[PREMIUM]",,,,,,,,"[PREMIUM]"
"63836296","2026-08-17 21:04:33.849","2026-08-19 03:01:02.026","63836296","2026-08-17 14:38:06.000","[PREMIUM]","838","RENTAL VEHICLE SALE","2026-08-19","WEDNESDAY","1200","EDT","0","V",2021,"MAZDA","CX-5","CX-5","SPORT UTILITY VEHICLE","RED","MECHANICAL","NORMAL WEAR","FL","CT","YES","D",175649,"A","[PREMIUM]",3274.31,"2.5L 4","FRONT WHEEL DRIVE","AUTOMATIC","GAS",4,"Run & Drive Verified","On Minimum Bid","[PREMIUM]",,"EAST GRANBY","CT","06026 9765","USA","USD","[PREMIUM]","[PREMIUM]","G030",false,"[PREMIUM]","TOURING",true,false,"[PREMIUM]",,,,,,,,"[PREMIUM]"
"63485896","2026-08-17 21:04:33.733","2026-08-31 11:47:37.358","63485896","2026-08-27 17:18:51.000","[PREMIUM]","350","CT - HARTFORD SPRINGFIELD","2026-09-03","THURSDAY","1000","EDT","0","V",2011,"HONDA","PILOT","PILOT","4DR SPORT UTILITY","BLACK","REAR END","MINOR DENT/SCRATCHES","MT","CT","YES","E",234383,"A","[PREMIUM]",0,"3.5L 6","ALL WHEEL DRIVE","AUTOMATIC","GAS",6,"DEFAULT","On Minimum Bid","[PREMIUM]",,"EAST GRANBY","CT","06026 9765","USA","USD","[PREMIUM]","[PREMIUM]","N030",true,"[PREMIUM]","EXL",false,false,"[PREMIUM]",,,,,,,,"[PREMIUM]"
"62852476","2026-08-17 21:04:32.872","2026-08-20 05:42:54.954","62852476","2026-08-19 17:57:03.000","[PREMIUM]","350","CT - HARTFORD SPRINGFIELD","2026-08-20","THURSDAY","1000","EDT","104","V",2014,"HONDA","ACCORD","ACCORD","SEDAN 4DR","GRAY","REAR END","MINOR DENT/SCRATCHES","MA","ST","YES","D",131527,"A","[PREMIUM]",5934,"2.4L 4","FRONT WHEEL DRIVE","AUTOMATIC","GAS",4,"Run & Drive Verified","On Minimum Bid","[PREMIUM]",,"EAST GRANBY","CT","06026 9765","USA","USD","[PREMIUM]","[PREMIUM]","C030",false,"[PREMIUM]","LX",false,false,"[PREMIUM]",,,,,,,,"[PREMIUM]"
"62625736","2026-08-17 21:04:32.747","2026-08-20 05:42:54.824","62625736","2026-08-19 17:57:03.000","[PREMIUM]","350","CT - HARTFORD SPRINGFIELD","2026-08-20","THURSDAY","1000","EDT","2182","V",2023,"TESLA","MODEL 3","MODEL 3","SEDAN","GRAY","FRONT END","UNDERCARRIAGE","CT","ST","YES","D",129384,"A","[PREMIUM]",31523.35,,"ALL WHEEL DRIVE","AUTOMATIC","ELECTRIC",,"Run & Drive Verified","Pure Sale","[PREMIUM]",,"EAST GRANBY","CT","06026 9765","USA","USD","[PREMIUM]","[PREMIUM]","J020",false,"[PREMIUM]",,false,false,"[PREMIUM]",,,,,,,,"[PREMIUM]"
"61884996","2026-08-17 21:04:32.250","2026-08-19 03:01:00.486","61884996","2026-08-18 14:16:20.000","[PREMIUM]","838","RENTAL VEHICLE SALE","2026-08-19","WEDNESDAY","1200","EDT","0","V",2025,"HYUNDAI","SONATA","SONATA","SEDAN","GRAY","REAR END","UNDERCARRIAGE","FL","CD","YES","D",27852,"A","[PREMIUM]",23752,"2.5L 4","FRONT WHEEL DRIVE","AUTOMATIC","GAS",4,"Run & Drive Verified","On Minimum Bid","[PREMIUM]",,"EAST GRANBY","CT","06026 9765","USA","USD","[PREMIUM]","[PREMIUM]","J020",false,"[PREMIUM]","SEL",false,false,"[PREMIUM]",,,,,,,,"[PREMIUM]"
"61901606","2026-08-17 21:04:32.246","2026-08-20 05:42:54.343","61901606","2026-08-19 17:57:03.000","[PREMIUM]","350","CT - HARTFORD SPRINGFIELD","2026-08-20","THURSDAY","1000","EDT","2152","V",2016,"NISSAN","ROGUE","ROGUE","WAGON","BLUE","FRONT END","MINOR DENT/SCRATCHES","CT","ST","YES","D",236579,"A","[PREMIUM]",12176,"2.5L 4","ALL WHEEL DRIVE","AUTOMATIC","GAS",4,"Run & Drive Verified","Pure Sale","[PREMIUM]",,"EAST GRANBY","CT","06026 9765","USA","USD","[PREMIUM]","[PREMIUM]","R050",false,"[PREMIUM]","S",false,false,"[PREMIUM]",,,,,,,,"[PREMIUM]"
"61911056","2026-08-17 21:04:32.232","2026-08-20 05:42:54.391","61911056","2026-08-19 17:39:55.000","[PREMIUM]","350","CT - HARTFORD SPRINGFIELD","2026-08-20","THURSDAY","1000","EDT","2022","V",2009,"TOYOTA","RAV4","RAV4","SUV","SILVER","SIDE","FRONT END","CT","ST","YES","D",157351,"A","[PREMIUM]",12329,"2.5L 4","FOUR BY FOUR","AUTOMATIC","GAS",4,"Run & Drive Verified","Pure Sale","[PREMIUM]",,"EAST GRANBY","CT","06026 9765","USA","USD","[PREMIUM]","[PREMIUM]","C020",false,"[PREMIUM]","BASE",false,false,"[PREMIUM]",,,,,,,,"[PREMIUM]"
"60878136","2026-08-17 21:04:31.518","2026-08-20 05:42:53.677","60878136","2026-08-19 18:30:20.000","[PREMIUM]","350","CT - HARTFORD SPRINGFIELD","2026-08-20","THURSDAY","1000","EDT","3299","V",2023,"MERCEDES-BENZ","E-CLASS","E","SEDAN","BLUE","REAR END","MINOR DENT/SCRATCHES","CT","ST","YES","D",9999,"A","[PREMIUM]",34023.82,"2.0L 4","ALL WHEEL DRIVE","AUTOMATIC","GAS",4,"Run & Drive Verified","On Minimum Bid","[PREMIUM]",,"EAST GRANBY","CT","06026 9765","USA","USD","[PREMIUM]","[PREMIUM]","F040",false,"[PREMIUM]","350 4MATIC",false,false,"[PREMIUM]",,,,,,,,"[PREMIUM]"
"60773126","2026-08-17 21:04:31.458","2026-08-27 11:45:32.299","60773126","2026-08-26 19:29:16.000","[PREMIUM]","350","CT - HARTFORD SPRINGFIELD","2026-08-27","THURSDAY","1000","EDT","3420","V",2021,"TESLA","MODEL Y","MODEL Y","SPORT UTILITY VEHICLE","WHITE","MINOR DENT/SCRATCHES","BURN","CT","ST","YES","D",78640,"A","[PREMIUM]",15914.48,,"ALL WHEEL DRIVE","AUTOMATIC","ELECTRIC",,"Run & Drive Verified","Pure Sale","[PREMIUM]",,"EAST GRANBY","CT","06026 9765","USA","USD","[PREMIUM]","[PREMIUM]","H030",false,"[PREMIUM]",,false,false,"[PREMIUM]",,,,,,,,"[PREMIUM]"
"60164686","2026-08-17 21:04:31.223","2026-08-20 05:42:53.329","60164686","2026-08-19 20:00:58.000","[PREMIUM]","855","WHOLESALE AUCTION","2026-08-20","THURSDAY","1200","EDT","6051","V",2023,"NISSAN","ROGUE","ROGUE","SPORT UTILITY VEHICLE","WHITE","SIDE","MINOR DENT/SCRATCHES","MA","CT","YES","E",121185,"A","[PREMIUM]",0,"1.5L 3","ALL WHEEL DRIVE","AUTOMATIC","GAS",3,"DEFAULT","On Approval","[PREMIUM]",,"EAST GRANBY","CT","06026 9765","USA","USD","[PREMIUM]","[PREMIUM]","B010",false,"[PREMIUM]","S",false,true,"[PREMIUM]",,,,,"RED LIGHT",3.3,,"[PREMIUM]"
"60161606","2026-08-17 21:04:31.162","2026-08-27 11:45:32.085","60161606","2026-08-26 19:16:11.000","[PREMIUM]","350","CT - HARTFORD SPRINGFIELD","2026-08-27","THURSDAY","1000","EDT","3283","V",2025,"HONDA","CIVIC","CIVIC","HATCHBACK","WHITE","FRONT END","MINOR DENT/SCRATCHES","MA","ST","YES","S",13838,"A","[PREMIUM]",28803.35,"2.0L 4","FRONT WHEEL DRIVE","AUTOMATIC","GAS",4,"Vehicle Starts","On Minimum Bid","[PREMIUM]",,"EAST GRANBY","CT","06026 9765","USA","USD","[PREMIUM]","[PREMIUM]","B010",false,"[PREMIUM]","SPORT",false,false,"[PREMIUM]",,,,,,,,"[PREMIUM]"
"58530836","2026-08-17 21:04:30.614","2026-08-20 05:42:52.731","58530836","2026-08-19 18:07:37.000","[PREMIUM]","350","CT - HARTFORD SPRINGFIELD","2026-08-20","THURSDAY","1000","EDT","3290","V",2023,"NISSAN","MAXIMA","MAXIMA","SEDAN","BLACK","STRIPPED","MINOR DENT/SCRATCHES","MA","ST","YES","D",45107,"A","[PREMIUM]",19416,"3.5L 6","FRONT WHEEL DRIVE","AUTOMATIC","GAS",6,"Run & Drive Verified","Pure Sale","[PREMIUM]",,"EAST GRANBY","CT","06026 9765","USA","USD","[PREMIUM]","[PREMIUM]","J030",false,"[PREMIUM]","PLATINUM",false,false,"[PREMIUM]",,,,,,,,"[PREMIUM]"
"58215116","2026-08-17 21:04:30.530","2026-08-20 05:42:52.672","58215116","2026-08-19 17:57:03.000","[PREMIUM]","350","CT - HARTFORD SPRINGFIELD","2026-08-20","THURSDAY","1000","EDT","2192","V",2022,"HONDA","HR-V","HR-V","SPORT UTILITY VEHICLE","WHITE","SIDE","MINOR DENT/SCRATCHES","CT","ST","YES","D",82138,"A","[PREMIUM]",13710.04,"1.8L 4","ALL WHEEL DRIVE","AUTOMATIC","GAS",4,"Run & Drive Verified","Pure Sale","[PREMIUM]",,"EAST GRANBY","CT","06026 9765","USA","USD","[PREMIUM]","[PREMIUM]","M040",false,"[PREMIUM]","SPORT",false,false,"[PREMIUM]",,,,,,,,"[PREMIUM]"
"57950046","2026-08-17 21:04:30.388","2026-08-25 00:02:53.284","57950046","2026-08-20 18:33:06.000","[PREMIUM]","350","CT - HARTFORD SPRINGFIELD","2026-08-27","THURSDAY","1000","EDT","0","V",2016,"HONDA","HR-V","HR-V","4DR SPORT UTILITY","GREEN","SIDE","FRONT END","CT","ST","YES","D",122631,"A","[PREMIUM]",15609.97,"1.8L 4","ALL WHEEL DRIVE","AUTOMATIC","GAS",4,"Run & Drive Verified","On Minimum Bid","[PREMIUM]",,"EAST GRANBY","CT","06026 9765","USA","USD","[PREMIUM]","[PREMIUM]","P050",false,"[PREMIUM]","EXL",false,false,"[PREMIUM]",,,,,,,,"[PREMIUM]"
"57014246","2026-08-17 21:04:30.170","2026-08-20 05:42:52.298","57014246","2026-08-19 18:30:20.000","[PREMIUM]","350","CT - HARTFORD SPRINGFIELD","2026-08-20","THURSDAY","1000","EDT","3307","V",2018,"AUDI","RS3","RS3","SEDAN","GRAY","SIDE","FRONT END","CT","ST","YES","E",52192,"A","[PREMIUM]",36937.56,"2.5L 5","ALL WHEEL DRIVE","AUTOMATIC","GAS",5,"DEFAULT","Pure Sale","[PREMIUM]",,"EAST GRANBY","CT","06026 9765","USA","USD","[PREMIUM]","[PREMIUM]","INSP",false,"[PREMIUM]",,false,false,"[PREMIUM]",,,,,,,,"[PREMIUM]"
"56344016","2026-08-17 21:04:30.067","2026-08-20 05:42:52.198","56344016","2026-08-19 17:47:41.000","[PREMIUM]","350","CT - HARTFORD SPRINGFIELD","2026-08-20","THURSDAY","1000","EDT","2488","V",2014,"HYUNDAI","AZERA","AZERA","SEDAN","BLACK","FRONT END","SIDE","CT","ST","YES","E",160858,"A","[PREMIUM]",10248,"3.3L 6","FRONT WHEEL DRIVE","AUTOMATIC","GAS",6,"DEFAULT","Pure Sale","[PREMIUM]",,"EAST GRANBY","CT","06026 9765","USA","USD","[PREMIUM]","[PREMIUM]","Q030",false,"[PREMIUM]","LIMITED",false,false,"[PREMIUM]",,,,,,,,"[PREMIUM]"
"56300896","2026-08-17 21:04:30.023","2026-08-31 11:47:34.797","56300896","2026-08-27 15:57:18.000","[PREMIUM]","350","CT - HARTFORD SPRINGFIELD","2026-09-03","THURSDAY","1000","EDT","0","V",2021,"HYUNDAI","ELANTRA","ELANTRA","SEDAN","BLUE","ALL OVER",,"MA","ST","NO","E",0,"N","[PREMIUM]",21612.73,"2.0L 4","FRONT WHEEL DRIVE","AUTOMATIC","GAS",4,"DEFAULT","Pure Sale","[PREMIUM]",,"EAST GRANBY","CT","06026 9765","USA","USD","[PREMIUM]","[PREMIUM]","R050",false,"[PREMIUM]","SEL",false,false,"[PREMIUM]",,,,,,,,"[PREMIUM]"
"55677896","2026-08-17 21:04:29.878","2026-08-20 05:42:52.085","55677896","2026-08-19 17:47:41.000","[PREMIUM]","350","CT - HARTFORD SPRINGFIELD","2026-08-20","THURSDAY","1000","EDT","2558","V",2022,"GMC","TERRAIN","TERRAIN","SPORT UTILITY VEHICLE","RED","FRONT END","SIDE","CT","ST","YES","S",48094,"A","[PREMIUM]",20395.82,"1.5L 4","ALL WHEEL DRIVE","AUTOMATIC","GAS",4,"Vehicle Starts","On Minimum Bid","[PREMIUM]",,"EAST GRANBY","CT","06026 9765","USA","USD","[PREMIUM]","[PREMIUM]","K040",false,"[PREMIUM]","SLE",false,false,"[PREMIUM]",,,,,,,,"[PREMIUM]"
"55357236","2026-08-17 21:04:29.698","2026-08-20 05:42:51.967","55357236","2026-08-19 17:47:41.000","[PREMIUM]","350","CT - HARTFORD SPRINGFIELD","2026-08-20","THURSDAY","1000","EDT","2548","V",2016,"JEEP","WRANGLER","WRANGLER UNLIMITED","4DR SPORT UTILITY","BLACK","FRONT END","UNDERCARRIAGE","CT","ST","YES","S",144035,"A","[PREMIUM]",9889.06,"3.6L 6","4X4 W/REAR WHEEL DRV","AUTOMATIC","FLEXIBLE",6,"Vehicle Starts","Pure Sale","[PREMIUM]",,"EAST GRANBY","CT","06026 9765","USA","USD","[PREMIUM]","[PREMIUM]","HVY2",false,"[PREMIUM]","SPORT",false,false,"[PREMIUM]",,,,,,,,"[PREMIUM]"
"51271696","2026-08-17 21:04:28.296","2026-08-31 11:47:33.745","51271696","2026-08-27 15:26:22.000","[PREMIUM]","350","CT - HARTFORD SPRINGFIELD","2026-09-03","THURSDAY","1000","EDT","0","V",2024,"HONDA","CIVIC","CIVIC","HATCHBACK","WHITE","REAR END","MINOR DENT/SCRATCHES","MA","ST","YES","D",45502,"A","[PREMIUM]",16277.41,"2.0L 4","FRONT WHEEL DRIVE","AUTOMATIC","GAS",4,"Run & Drive Verified","Pure Sale","[PREMIUM]",,"EAST GRANBY","CT","06026 9765","USA","USD","[PREMIUM]","[PREMIUM]","J040",false,"[PREMIUM]","SPORT",false,false,"[PREMIUM]",,,,,,,,"[PREMIUM]"
"65344596","2026-08-17 21:04:27.133","2026-08-31 11:47:32.598","65344596","2026-08-28 02:11:59.000","[PREMIUM]","348","FL - PUNTA GORDA","2026-09-01","TUESDAY","1000","EDT","0","V",2022,"FORD","F-150","F150","PICKUP","WHITE","FRONT END","ROLLOVER","FL","CD","YES","D",65924,"N","[PREMIUM]",0,"5.0L 8","4X4 W/REAR WHEEL DRV","AUTOMATIC","GAS",8,"Run & Drive Verified","On Minimum Bid","[PREMIUM]",,"ARCADIA","FL","34269","USA","USD","[PREMIUM]","[PREMIUM]","A020",true,"[PREMIUM]","SUPERCREW",false,false,"[PREMIUM]",,,,,,,,"[PREMIUM]"
"65354226","2026-08-17 21:04:27.130","2026-08-25 00:02:50.835","65354226","2026-08-17 20:16:24.000","[PREMIUM]","348","FL - PUNTA GORDA","2026-08-25","TUESDAY","1000","EDT","0","K",2018,"CHEVROLET","EXPRESS","EXPRESS G2500","VAN CARGO","WHITE","SIDE","MECHANICAL","OH","CT","YES","D",153385,"A","[PREMIUM]",0,"6.0L 8","REAR WHEEL DRIVE","AUTOMATIC","FLEXIBLE",8,"Run & Drive Verified","On Minimum Bid","[PREMIUM]",,"ARCADIA","FL","34269","USA","USD","[PREMIUM]","[PREMIUM]","O040",true,"[PREMIUM]",,false,false,"[PREMIUM]",,,,,,,,"[PREMIUM]"
"64846746","2026-08-17 21:04:27.036","2026-08-23 23:47:03.252","64846746","2026-08-21 14:19:11.000","[PREMIUM]","838","RENTAL VEHICLE SALE","2026-08-24","MONDAY","1200","EDT","0","V",2024,"KIA","NIRO WIND","NIRO","SPORT UTILITY VEHICLE","GRAY","FRONT END","REAR END","NY","CT","YES","D",0,"N","[PREMIUM]",13329,"0","FRONT WHEEL DRIVE","AUTOMATIC","ELECTRIC",0,"Run & Drive Verified","On Minimum Bid","[PREMIUM]",,"ARCADIA","FL","34269","USA","USD","[PREMIUM]","[PREMIUM]","R130",false,"[PREMIUM]","WIND",true,false,"[PREMIUM]",,,,,,,,"[PREMIUM]"
"64846246","2026-08-17 21:04:27.031","2026-08-19 03:00:54.882","64846246","2026-08-17 15:42:00.000","[PREMIUM]","838","RENTAL VEHICLE SALE","2026-08-19","WEDNESDAY","1200","EDT","0","V",2021,"JEEP","COMPASS","COMPASS","SPORT UTILITY VEHICLE","RED","MECHANICAL",,"FL","CT","YES","D",169513,"A","[PREMIUM]",6170,"2.4L 4","4X4 W/FRONT WHL DRV","AUTOMATIC","GAS",4,"Run & Drive Verified","On Minimum Bid","[PREMIUM]",,"ARCADIA","FL","34269","USA","USD","[PREMIUM]","[PREMIUM]","SE110",false,"[PREMIUM]","LIMITED",true,false,"[PREMIUM]",,,,,,,,"[PREMIUM]"
"64846756","2026-08-17 21:04:27.016","2026-08-19 03:00:54.915","64846756","2026-08-17 19:09:17.000","[PREMIUM]","838","RENTAL VEHICLE SALE","2026-08-19","WEDNESDAY","1200","EDT","0","V",2021,"NISSAN","KICKS","KICKS","HATCHBACK","WHITE","MECHANICAL",,"FL","CT","YES","S",114926,"A","[PREMIUM]",5026,"1.6L 4","FRONT WHEEL DRIVE","AUTOMATIC","GAS",4,"Vehicle Starts","On Minimum Bid","[PREMIUM]",,"ARCADIA","FL","34269","USA","USD","[PREMIUM]","[PREMIUM]","R120",false,"[PREMIUM]","SR",true,false,"[PREMIUM]",,,,,,,,"[PREMIUM]"
"64772186","2026-08-17 21:04:27.016","2026-08-28 11:45:34.343","64772186","2026-08-28 08:00:05.000","[PREMIUM]","348","FL - PUNTA GORDA","2026-08-28","FRIDAY","1000","EDT","2023","V",2015,"JEEP","CHEROKEE","GRAND CHEROKEE","4DR SPORT UTILITY","BLACK","MECHANICAL",,"FL","CT","YES","E",135508,"A","[PREMIUM]",0,"3.6L 6","4X4 W/REAR WHEEL DRV","AUTOMATIC","FLEXIBLE",6,"DEFAULT","On Minimum Bid","[PREMIUM]",,"ARCADIA","FL","34269","USA","USD","[PREMIUM]","[PREMIUM]","N010",true,"[PREMIUM]","LAREDO",false,false,"[PREMIUM]",,,,,,,,"[PREMIUM]"
"63927366","2026-08-17 21:04:26.769","2026-08-20 05:42:49.114","63927366","2026-08-19 20:01:00.000","[PREMIUM]","855","WHOLESALE AUCTION","2026-08-20","THURSDAY","1200","EDT","3166","V",2018,"FORD","ESCAPE","ESCAPE","SPORT UTILITY VEHICLE","BLACK","MECHANICAL",,"FL","CT","YES","D",76573,"A","[PREMIUM]",0,"2.5L 4","FRONT WHEEL DRIVE","AUTOMATIC","GAS",4,"Run & Drive Verified","On Minimum Bid","[PREMIUM]",,"ARCADIA","FL","34269","USA","USD","[PREMIUM]","[PREMIUM]","SE110",false,"[PREMIUM]","S",false,true,"[PREMIUM]",,,,,"RED LIGHT",3.2,"Safety,Comfort,Other,Emission","[PREMIUM]"
"63903566","2026-08-17 21:04:26.750","2026-08-24 11:45:44.847","63903566","2026-08-21 21:27:31.000","[PREMIUM]","855","WHOLESALE AUCTION","2026-08-25","TUESDAY","1200","EDT","0","V",2016,"HYUNDAI","TUCSON","TUCSON","SUV","CHARCOAL","MINOR DENT/SCRATCHES",,"FL","CT","YES","D",122365,"A","[PREMIUM]",0,"2.0L 4","FRONT WHEEL DRIVE","AUTOMATIC","GAS",4,"Run & Drive Verified","On Minimum Bid","[PREMIUM]",,"ARCADIA","FL","34269","USA","USD","[PREMIUM]","[PREMIUM]","SG110",true,"[PREMIUM]","SE",false,true,"[PREMIUM]",,,,,"GREEN LIGHT",3.6,"Maintenance,Safety,Other","[PREMIUM]"
"63465276","2026-08-17 21:04:26.610","2026-08-19 03:00:54.538","63465276","2026-08-17 14:34:24.000","[PREMIUM]","838","RENTAL VEHICLE SALE","2026-08-19","WEDNESDAY","1200","EDT","0","V",2023,"KIA","ALL OTHER","EV6","WAGON","RED","FRONT END","SIDE","FL","CT","YES","S",122163,"A","[PREMIUM]",11637.09,"0.0L 0","REAR WHEEL DRIVE","AUTOMATIC","ELECTRIC",0,"Vehicle Starts","On Minimum Bid","[PREMIUM]",,"ARCADIA","FL","34269","USA","USD","[PREMIUM]","[PREMIUM]","R110",false,"[PREMIUM]","WIND",true,false,"[PREMIUM]",,,,,,,,"[PREMIUM]"
"63601736","2026-08-17 21:04:26.598","2026-08-20 05:42:49.031","63601736","2026-08-19 20:01:00.000","[PREMIUM]","855","WHOLESALE AUCTION","2026-08-20","THURSDAY","1200","EDT","3164","V",2020,"KIA","NIRO","NIRO","WAGON","BLACK","MECHANICAL",,"FL","CT","YES","S",101178,"A","[PREMIUM]",0,"1.6L 4","FRONT WHEEL DRIVE","AUTOMATIC","ELECTRIC AND GAS HYBRID",4,"Vehicle Starts","On Minimum Bid","[PREMIUM]",,"ARCADIA","FL","34269","USA","USD","[PREMIUM]","[PREMIUM]","R120",false,"[PREMIUM]","LXS",false,true,"[PREMIUM]",,,,,"RED LIGHT",3.1,"Other","[PREMIUM]"
"61958736","2026-08-17 21:04:26.270","2026-08-25 00:02:50.246","61958736","2026-08-24 20:01:35.000","[PREMIUM]","855","WHOLESALE AUCTION","2026-08-25","TUESDAY","1200","EDT","184","V",2021,"HYUNDAI","SONATA","SONATA","SEDAN","BLACK","MINOR DENT/SCRATCHES",,"LA","CT","YES","D",95123,"A","[PREMIUM]",0,"2.5L 4","FRONT WHEEL DRIVE","AUTOMATIC","GAS",4,"Run & Drive Verified","On Minimum Bid","[PREMIUM]",,"ARCADIA","FL","34269","USA","USD","[PREMIUM]","[PREMIUM]","SG120",false,"[PREMIUM]","SEL",false,true,"[PREMIUM]",,,,,"GREEN LIGHT",2.8,,"[PREMIUM]"
"61064836","2026-08-17 21:04:26.166","2026-08-27 17:48:30.684","61064836","2026-08-22 02:46:02.000","[PREMIUM]","348","FL - PUNTA GORDA","2026-08-28","FRIDAY","1000","EDT","0","V",2003,"CHEVROLET","SILVERADO","SILVERADO","PICKUP","SILVER","ALL OVER",,"FL","CT","YES","E",0,"E","[PREMIUM]",0,"4.3L 6","REAR WHEEL DRIVE","AUTOMATIC","GAS",6,"DEFAULT","On Minimum Bid","[PREMIUM]",,"ARCADIA","FL","34269","USA","USD","[PREMIUM]","[PREMIUM]","HV060",false,"[PREMIUM]","C1500",false,false,"[PREMIUM]",,,,,,,,"[PREMIUM]"
"60738176","2026-08-17 21:04:26.065","2026-08-21 12:53:10.763","60738176","2026-08-21 08:00:06.000","[PREMIUM]","348","FL - PUNTA GORDA","2026-08-21","FRIDAY","1000","EDT","2004","V",2019,"LEXUS","NX","NX 300","WAGON","WHITE","SIDE","FRONT END","FL","CD","YES","E",35090,"N","[PREMIUM]",49754.48,"2.0L 4","FRONT WHEEL DRIVE","AUTOMATIC","GAS",4,"DEFAULT","On Minimum Bid","[PREMIUM]",,"ARCADIA","FL","34269","USA","USD","[PREMIUM]","[PREMIUM]","L070",false,"[PREMIUM]","F SPORT",false,false,"[PREMIUM]",,,,,,,,"[PREMIUM]"
"60679956","2026-08-17 21:04:26.043","2026-08-19 03:00:54.228","60679956","2026-08-17 18:04:54.000","[PREMIUM]","835","MEDIUM DUTY SPECIALTY SALE","2026-08-19","WEDNESDAY","1100","CDT","0","K",2009,"FORD","ECONOLINE","ECONOLINE","CARGO VAN","WHITE","TOP/ROOF",,"FL","RB","YES","D",251569,"A","[PREMIUM]",28604.85,"5.4L 8","REAR WHEEL DRIVE","AUTOMATIC","GAS",8,"Run & Drive Verified","Pure Sale","[PREMIUM]",,"ARCADIA","FL","34269","USA","USD","[PREMIUM]","[PREMIUM]","HV030",false,"[PREMIUM]","E350 SUPER DUTY VAN",false,false,"[PREMIUM]",,,,,,,,"[PREMIUM]"
"60495266","2026-08-17 21:04:25.943","2026-08-31 17:49:03.733","60495266","2026-08-31 15:17:33.000","[PREMIUM]","348","FL - PUNTA GORDA","2026-09-01","TUESDAY","1000","EDT","0","V",2022,"CHEVROLET","SILVERADO","SILVERADO","PICKUP","WHITE","MINOR DENT/SCRATCHES","NORMAL WEAR","UT","CT","YES","D",149855,"A","[PREMIUM]",0,"6.6L 8","4X4 W/REAR WHEEL DRV","AUTOMATIC","DIESEL",8,"Run & Drive Verified","On Minimum Bid","[PREMIUM]",,"ARCADIA","FL","34269","USA","USD","[PREMIUM]","[PREMIUM]","*OFF",true,"[PREMIUM]","K2500 HEAVY DUTY LT",false,false,"[PREMIUM]","10175 U.S. 17","FL","ARCADIA","34269",,,,"[PREMIUM]"
"59362646","2026-08-17 21:04:25.777","2026-08-17 21:04:25.777","59362646","2026-08-17 15:24:10.000","[PREMIUM]","855","WHOLESALE AUCTION","2026-08-20","THURSDAY","1200","EDT","0","V",2021,"DODGE","CHARGER","CHARGER","SEDAN","BLACK","SIDE","FRONT END","FL","CT","YES","S",97175,"A","[PREMIUM]",0,"5.7L 8","REAR WHEEL DRIVE","AUTOMATIC","GAS",8,"Vehicle Starts","On Approval","[PREMIUM]",,"ARCADIA","FL","34269","USA","USD","[PREMIUM]","[PREMIUM]","SF130",false,"[PREMIUM]","R/T",false,true,"[PREMIUM]",,,,,"RED LIGHT",0,"Maintenance,Safety,Emission","[PREMIUM]"
"58425276","2026-08-17 21:04:25.762","2026-08-21 12:53:10.474","58425276","2026-08-21 08:00:06.000","[PREMIUM]","348","FL - PUNTA GORDA","2026-08-21","FRIDAY","1000","EDT","2015","V",2018,"CHEVROLET","SILVERADO","SILVERADO","PICKUP","WHITE","REAR END",,"FL","RR","YES",,140784,"A","[PREMIUM]",11294.78,"5.3L 8","4X4 W/REAR WHEEL DRV","AUTOMATIC","GAS",8,,"Pure Sale","[PREMIUM]",,"ARCADIA","FL","34269","USA","USD","[PREMIUM]","[PREMIUM]","M100",false,"[PREMIUM]","K1500 LT",false,false,"[PREMIUM]",,,,,,,,"[PREMIUM]"
"57066736","2026-08-17 21:04:25.644","2026-08-25 00:02:49.864","57066736","2026-08-17 19:39:06.000","[PREMIUM]","348","FL - PUNTA GORDA","2026-08-25","TUESDAY","1000","EDT","0","V",2019,"RAM","1500","1500","PICKUP","CHARCOAL","FRONT END","REAR END","FL","RB","YES","D",131355,"A","[PREMIUM]",13997.17,"5.7L 8","REAR WHEEL DRIVE","AUTOMATIC","GAS",8,"Run & Drive Verified","On Minimum Bid","[PREMIUM]",,"ARCADIA","FL","34269","USA","USD","[PREMIUM]","[PREMIUM]","I060",false,"[PREMIUM]","BIG HORN",false,false,"[PREMIUM]",,,,,,,,"[PREMIUM]"
"56171676","2026-08-17 21:04:25.488","2026-08-31 11:47:31.552","56171676","2026-08-25 22:44:45.000","[PREMIUM]","833","HEAVY-TRAILER-RV CLEAN SALE","2026-09-01","TUESDAY","1100","CDT","0","B",2014,"IC CORPORATION","3000 CE","CE SERIES SCHOOL","BUS","YELLOW","NORMAL WEAR",,"FL","CT","YES","E",153873,"A","[PREMIUM]",0,,,"AUTOMATIC",,,"DEFAULT","On Minimum Bid","[PREMIUM]",,"ARCADIA","FL","34269","USA","USD","[PREMIUM]","[PREMIUM]","HV090",true,"[PREMIUM]",,false,false,"[PREMIUM]",,,,,,,,"[PREMIUM]"
"49767406","2026-08-17 21:04:25.213","2026-08-25 15:37:17.361","49767406","2026-08-25 12:29:04.000","[PREMIUM]","855","WHOLESALE AUCTION","2026-08-25","TUESDAY","1200","EDT","3318","V",2014,"AUDI","A4","A4","SEDAN 4DR","WHITE","FRONT END",,"IN","CT","YES","D",101853,"A","[PREMIUM]",7135,"2.0L 4","FRONT WHEEL DRIVE","AUTOMATIC","FLEXIBLE",4,"Run & Drive Verified","On Minimum Bid","[PREMIUM]",,"ARCADIA","FL","34269","USA","USD","[PREMIUM]","[PREMIUM]","SF120",false,"[PREMIUM]","PREMIUM",false,true,"[PREMIUM]",,,,,"RED LIGHT",2.1,"Maintenance,Safety,Other,Emission","[PREMIUM]"
"75192815","2026-08-17 21:04:24.949","2026-08-31 11:47:31.316","75192815","2026-08-27 19:18:22.000","[PREMIUM]","345","KY - EARLINGTON","2026-09-03","THURSDAY","1200","CDT","0","V",2019,"CHEVROLET","TRAVERSE","TRAVERSE",,"WHITE","REAR END","SIDE","ID","SC","YES","D",143899,"A","[PREMIUM]",9007,"3.6L  6","Front-wheel Drive","AUTOMATIC","GAS",6,"Run & Drive Verified","Pure Sale","[PREMIUM]",,"EARLINGTON","KY","42410","USA","USD","[PREMIUM]","[PREMIUM]","D040",false,"[PREMIUM]","LT",false,false,"[PREMIUM]",,,,,,,,"[PREMIUM]"
"65184076","2026-08-17 21:04:24.903","2026-08-27 17:48:28.848","65184076","2026-08-27 11:00:09.000","[PREMIUM]","345","KY - EARLINGTON","2026-08-27","THURSDAY","1200","CDT","110","V",2009,"PONTIAC","VIBE","VIBE","HATCHBACK 4DR","BLUE","FRONT END","MINOR DENT/SCRATCHES","TN","CT","YES","D",174678,"A","[PREMIUM]",0,"2.4L 4","FRONT WHEEL DRIVE","AUTOMATIC","GAS",4,"Run & Drive Verified","On Minimum Bid","[PREMIUM]",,"EARLINGTON","KY","42410","USA","USD","[PREMIUM]","[PREMIUM]","E080",false,"[PREMIUM]","GT",false,false,"[PREMIUM]",,,,,,,,"[PREMIUM]"
"63620536","2026-08-17 21:04:24.739","2026-08-31 11:47:30.619","63620536","2026-08-17 20:35:24.000","[PREMIUM]","345","KY - EARLINGTON",,,,"CDT","0","V",2018,"NISSAN","ALTIMA","ALTIMA","SEDAN","WHITE","FRONT END","REAR END","KY","ST","YES","D",207016,"A","[PREMIUM]",8976.18,"2.5L 4","FRONT WHEEL DRIVE","AUTOMATIC","GAS",4,"Run & Drive Verified","Pure Sale","[PREMIUM]",,"EARLINGTON","KY","42410","USA","USD","[PREMIUM]","[PREMIUM]","E130",false,"[PREMIUM]","2.5 SV",false,false,"[PREMIUM]",,,,,,,,"[PREMIUM]"
"62839446","2026-08-17 21:04:24.446","2026-08-20 05:42:46.878","62839446","2026-08-19 20:01:00.000","[PREMIUM]","855","WHOLESALE AUCTION","2026-08-20","THURSDAY","1200","EDT","3210","V",2024,"NISSAN","PATHFINDER","PATHFINDER","SPORT UTILITY VEHICLE","GRAY","NORMAL WEAR",,"MI","CT","YES","D",45437,"A","[PREMIUM]",0,"3.5L 6","4X4 W/FRONT WHL DRV","AUTOMATIC","GAS",6,"Run & Drive Verified","On Minimum Bid","[PREMIUM]",,"EARLINGTON","KY","42410","USA","USD","[PREMIUM]","[PREMIUM]","CS",false,"[PREMIUM]","ROCK CREEK",false,true,"[PREMIUM]",,,,,"RED LIGHT",5,,"[PREMIUM]"
"93898615","2026-08-17 21:04:22.179","2026-08-31 11:47:28.945","93898615","2026-08-28 20:58:08.000","[PREMIUM]","344","NY - BUFFALO","2026-08-31","MONDAY","1000","EDT","2008","V",2025,"CHEVROLET","EXPRESS","EXPRESS G3500","VAN CARGO","WHITE","ROLLOVER",,"NY","SM","YES","E",8250,"A","[PREMIUM]",45288,"6.6L 8","REAR WHEEL DRIVE","AUTOMATIC","GAS",8,"DEFAULT","On Minimum Bid","[PREMIUM]",,"ANGOLA","NY","14006 9726","USA","USD","[PREMIUM]","[PREMIUM]","J070",false,"[PREMIUM]",,false,false,"[PREMIUM]",,,,,,,,"[PREMIUM]"
"86832255","2026-08-17 21:04:22.078","2026-08-31 11:47:28.897","86832255","2026-08-28 20:58:08.000","[PREMIUM]","344","NY - BUFFALO","2026-08-31","MONDAY","1000","EDT","2004","V",2025,"TOYOTA","HIGHLANDER","HIGHLANDER HYBRID","SUV","WHITE","VANDALISM","TOP/ROOF","NY","SM","NO","E",0,"N","[PREMIUM]",1762,"2.5L 4","ALL WHEEL DRIVE","AUTOMATIC","ELECTRIC AND GAS HYBRID",4,"DEFAULT","On Minimum Bid","[PREMIUM]",,"ANGOLA","NY","14006 9726","USA","USD","[PREMIUM]","[PREMIUM]","B050",false,"[PREMIUM]","XLE",false,false,"[PREMIUM]",,,,,,,,"[PREMIUM]"
"85962465","2026-08-17 21:04:22.069","2026-08-23 23:46:59.652","85962465","2026-08-21 20:39:30.000","[PREMIUM]","344","NY - BUFFALO","2026-08-24","MONDAY","1000","EDT","3513","V",2026,"JEEP","COMPASS","COMPASS","SPORT UTILITY VEHICLE","BLACK","FRONT END","SIDE","NY","SM","YES","S",6357,"A","[PREMIUM]",22272.84,"2.0L 4","4X4 W/FRONT WHL DRV","AUTOMATIC","GAS",4,"Vehicle Starts","On Minimum Bid","[PREMIUM]",,"ANGOLA","NY","14006 9726","USA","USD","[PREMIUM]","[PREMIUM]","C040",false,"[PREMIUM]","LIMITED",false,false,"[PREMIUM]",,,,,,,,"[PREMIUM]"
"65141786","2026-08-17 21:04:22.068","2026-08-23 23:46:59.231","65141786","2026-08-21 20:39:30.000","[PREMIUM]","344","NY - BUFFALO","2026-08-24","MONDAY","1000","EDT","3261","V",2015,"NISSAN","ROGUE","ROGUE","WAGON","WHITE","FRONT END",,"PA","SC","YES","D",246427,"A","[PREMIUM]",5673.01,"2.5L 4","ALL WHEEL DRIVE","AUTOMATIC","GAS",4,"Run & Drive Verified","Pure Sale","[PREMIUM]",,"ANGOLA","NY","14006 9726","USA","USD","[PREMIUM]","[PREMIUM]","K030",false,"[PREMIUM]","SV",false,false,"[PREMIUM]",,,,,,,,"[PREMIUM]"
"65373656","2026-08-17 21:04:22.048","2026-08-28 23:47:03.570","65373656","2026-08-28 20:58:08.000","[PREMIUM]","344","NY - BUFFALO","2026-08-31","MONDAY","1000","EDT","8","V",2013,"HYUNDAI","ELANTRA","ELANTRA","SEDAN","SILVER","UNDERCARRIAGE",,"NY","CT","YES","D",109936,"A","[PREMIUM]",0,"1.8L 4","FRONT WHEEL DRIVE","AUTOMATIC","GAS",4,"Run & Drive Verified","On Minimum Bid","[PREMIUM]",,"ANGOLA","NY","14006 9726","USA","USD","[PREMIUM]","[PREMIUM]","D040",true,"[PREMIUM]","GLS",false,false,"[PREMIUM]",,,,,,,,"[PREMIUM]"
"79444235","2026-08-17 21:04:22.035","2026-08-28 11:45:31.431","79444235","2026-08-26 02:45:26.000","[PREMIUM]","344","NY - BUFFALO","2026-08-31","MONDAY","1000","EDT","0","V",2023,"DODGE","DURANGO","DURANGO","SPORT UTILITY VEHICLE","BLUE","FRONT END","SIDE","NY","SM","YES","S",44506,"A","[PREMIUM]",13365,"3.6L 6","ALL WHEEL DRIVE","AUTOMATIC","FLEXIBLE",6,"Vehicle Starts","On Minimum Bid","[PREMIUM]",,"ANGOLA","NY","14006 9726","USA","USD","[PREMIUM]","[PREMIUM]","B040",false,"[PREMIUM]","SXT",false,false,"[PREMIUM]",,,,,,,,"[PREMIUM]"
"65177636","2026-08-17 21:04:21.986","2026-08-23 23:46:59.247","65177636","2026-08-21 20:39:30.000","[PREMIUM]","344","NY - BUFFALO","2026-08-24","MONDAY","1000","EDT","2293","V",2016,"KIA","SORENTO","SORENTO","SUV","GRAY","VANDALISM",,"NY","CT","YES","D",258051,"A","[PREMIUM]",0,"3.3L 6","ALL WHEEL DRIVE","AUTOMATIC","GAS",6,"Run & Drive Verified","On Minimum Bid","[PREMIUM]",,"ANGOLA","NY","14006 9726","USA","USD","[PREMIUM]","[PREMIUM]","C050",true,"[PREMIUM]","LX V6",false,false,"[PREMIUM]",,,,,,,,"[PREMIUM]"
"65345306","2026-08-17 21:04:21.970","2026-08-31 05:49:56.360","65345306","2026-08-28 20:58:08.000","[PREMIUM]","344","NY - BUFFALO","2026-08-31","MONDAY","1000","EDT","2042","V",2014,"GMC","TERRAIN","TERRAIN","4DR SPORT UTILITY","BLACK","MECHANICAL",,"NY","CT","YES","E",105621,"A","[PREMIUM]",0,"2.4L 4","FRONT WHEEL DRIVE","AUTOMATIC","FLEXIBLE",4,"DEFAULT","On Minimum Bid","[PREMIUM]",,"ANGOLA","NY","14006 9726","USA","USD","[PREMIUM]","[PREMIUM]","D030",true,"[PREMIUM]","SLE",false,false,"[PREMIUM]",,,,,,,,"[PREMIUM]"
"64995356","2026-08-17 21:04:21.968","2026-08-23 23:46:59.198","64995356","2026-08-21 20:39:30.000","[PREMIUM]","344","NY - BUFFALO","2026-08-24","MONDAY","1000","EDT","2294","V",2014,"GMC","TERRAIN","TERRAIN","4DR SPORT UTILITY","WHITE","SIDE","FRONT END","NY","SM","YES","D",150387,"N","[PREMIUM]",0,"2.4L 4","ALL WHEEL DRIVE","AUTOMATIC","FLEXIBLE",4,"Run & Drive Verified","Pure Sale","[PREMIUM]",,"ANGOLA","NY","14006 9726","USA","USD","[PREMIUM]","[PREMIUM]","C040",false,"[PREMIUM]","SLE",false,false,"[PREMIUM]",,,,,,,,"[PREMIUM]"
"64991656","2026-08-17 21:04:21.965","2026-08-23 23:46:59.205","64991656","2026-08-21 20:39:30.000","[PREMIUM]","344","NY - BUFFALO","2026-08-24","MONDAY","1000","EDT","38","V",2024,"KIA","SELTOS","SELTOS","SPORT UTILITY VEHICLE","BLUE","FRONT END","SIDE","NY","SM","YES","D",14563,"A","[PREMIUM]",17989.01,"2.0L 4","ALL WHEEL DRIVE","AUTOMATIC","GAS",4,"Run & Drive Verified","Pure Sale","[PREMIUM]",,"ANGOLA","NY","14006 9726","USA","USD","[PREMIUM]","[PREMIUM]","K040",false,"[PREMIUM]","EX",false,false,"[PREMIUM]",,,,,,,,"[PREMIUM]"
"65109226","2026-08-17 21:04:21.965","2026-08-31 11:47:28.443","65109226","2026-08-28 20:58:08.000","[PREMIUM]","344","NY - BUFFALO","2026-08-31","MONDAY","1000","EDT","115","V",2020,"DODGE","DURANGO","DURANGO","SPORT UTILITY VEHICLE","BLACK","HAIL",,"WV","SC","YES","D",45463,"A","[PREMIUM]",0,"3.6L 6","ALL WHEEL DRIVE","AUTOMATIC","FLEXIBLE",6,"Run & Drive Verified","Pure Sale","[PREMIUM]",,"ANGOLA","NY","14006 9726","USA","USD","[PREMIUM]","[PREMIUM]","D040",false,"[PREMIUM]","SSV",false,false,"[PREMIUM]",,,,,,,,"[PREMIUM]"
"65269686","2026-08-17 21:04:21.957","2026-08-31 11:47:28.483","65269686","2026-08-28 20:58:08.000","[PREMIUM]","344","NY - BUFFALO","2026-08-31","MONDAY","1000","EDT","59","V",2014,"KIA","SORENTO","SORENTO","4DR SPORT UTILITY","SILVER","NORMAL WEAR",,"NY","CT","YES","D",176119,"A","[PREMIUM]",0,"2.4L 4","FRONT WHEEL DRIVE","AUTOMATIC","GAS",4,"Run & Drive Verified","On Minimum Bid","[PREMIUM]",,"ANGOLA","NY","14006 9726","USA","USD","[PREMIUM]","[PREMIUM]","M040",true,"[PREMIUM]","LX",false,false,"[PREMIUM]",,,,,,,,"[PREMIUM]"
"65275826","2026-08-17 21:04:21.956","2026-08-31 05:49:56.358","65275826","2026-08-28 20:58:08.000","[PREMIUM]","344","NY - BUFFALO","2026-08-31","MONDAY","1000","EDT","37","V",2019,"FORD","All Models","F150","PICKUP","WHITE","NORMAL WEAR",,"NY","CT","YES","D",205795,"A","[PREMIUM]",0,"5.0L 8","REAR WHEEL DRIVE","AUTOMATIC","GAS",8,"Run & Drive Verified","On Minimum Bid","[PREMIUM]",,"ANGOLA","NY","14006 9726","USA","USD","[PREMIUM]","[PREMIUM]","G010",true,"[PREMIUM]",,false,false,"[PREMIUM]",,,,,,,,"[PREMIUM]"
"64803816","2026-08-17 21:04:21.921","2026-08-19 03:00:50.700","64803816","2026-08-17 20:32:30.000","[PREMIUM]","835","MEDIUM DUTY SPECIALTY SALE","2026-08-19","WEDNESDAY","1100","CDT","0","K",2015,"FORD","TRANSIT","TRANSIT CONNECT","CARGO VAN","WHITE","FRONT END","SIDE","NY","SM","YES","D",163284,"A","[PREMIUM]",10027,"1.6L 4","FRONT WHEEL DRIVE","AUTOMATIC","GAS",4,"Run & Drive Verified","Pure Sale","[PREMIUM]",,"ANGOLA","NY","14006 9726","USA","USD","[PREMIUM]","[PREMIUM]","1Q020",false,"[PREMIUM]","XLT",false,false,"[PREMIUM]",,,,,,,,"[PREMIUM]"
"64734116","2026-08-17 21:04:21.920","2026-08-23 23:46:59.138","64734116","2026-08-21 20:39:30.000","[PREMIUM]","344","NY - BUFFALO","2026-08-24","MONDAY","1000","EDT","2280","V",2016,"CHEVROLET","EQUINOX","EQUINOX","4DR SPORT UTILITY","CREAM","FRONT END",,"NY","SM","YES","D",71081,"A","[PREMIUM]",9711,"2.4L 4","ALL WHEEL DRIVE","AUTOMATIC","GAS",4,"Run & Drive Verified","Pure Sale","[PREMIUM]",,"ANGOLA","NY","14006 9726","USA","USD","[PREMIUM]","[PREMIUM]","M010",false,"[PREMIUM]","LS",false,false,"[PREMIUM]",,,,,,,,"[PREMIUM]"
"64825346","2026-08-17 21:04:21.909","2026-08-23 23:46:59.163","64825346","2026-08-21 20:39:30.000","[PREMIUM]","344","NY - BUFFALO","2026-08-24","MONDAY","1000","EDT","82","V",2022,"CHEVROLET","EQUINOX","EQUINOX","SPORT UTILITY VEHICLE","BLACK","FRONT END",,"NY","SM","YES","D",30638,"A","[PREMIUM]",15891,"1.5L 4","ALL WHEEL DRIVE","AUTOMATIC","GAS",4,"Run & Drive Verified","On Minimum Bid","[PREMIUM]",,"ANGOLA","NY","14006 9726","USA","USD","[PREMIUM]","[PREMIUM]","B050",false,"[PREMIUM]","LS",false,false,"[PREMIUM]",,,,,,,,"[PREMIUM]"
"64788186","2026-08-17 21:04:21.907","2026-08-23 23:46:59.133","64788186","2026-08-21 20:39:30.000","[PREMIUM]","344","NY - BUFFALO","2026-08-24","MONDAY","1000","EDT","13","V",2020,"CHEVROLET","TAHOE","TAHOE","SPORT UTILITY VEHICLE","BURGUNDY","FRONT END","SIDE","NY","SM","YES","D",41457,"A","[PREMIUM]",26396,"5.3L 8","4X4 W/REAR WHEEL DRV","AUTOMATIC","GAS",8,"Run & Drive Verified","On Minimum Bid","[PREMIUM]",,"ANGOLA","NY","14006 9726","USA","USD","[PREMIUM]","[PREMIUM]","1J030",false,"[PREMIUM]","K1500 LT",false,false,"[PREMIUM]",,,,,,,,"[PREMIUM]"
"64741936","2026-08-17 21:04:21.906","2026-08-23 23:46:59.147","64741936","2026-08-21 20:39:30.000","[PREMIUM]","344","NY - BUFFALO","2026-08-24","MONDAY","1000","EDT","2257","V",2017,"JEEP","GRAND CHER","CHEROKEE","4DR SPORT UTILITY","WHITE","NORMAL WEAR",,"NY","SM","YES","D",157745,"A","[PREMIUM]",7489.04,"2.4L 4","4X4 W/FRONT WHL DRV","AUTOMATIC","GAS",4,"Run & Drive Verified","Pure Sale","[PREMIUM]",,"ANGOLA","NY","14006 9726","USA","USD","[PREMIUM]","[PREMIUM]","C030",false,"[PREMIUM]","LATITUDE",false,false,"[PREMIUM]",,,,,,,,"[PREMIUM]"
"64293296","2026-08-17 21:04:21.889","2026-08-23 23:46:59.043","64293296","2026-08-21 20:39:30.000","[PREMIUM]","344","NY - BUFFALO","2026-08-24","MONDAY","1000","EDT","2360","V",2007,"FORD","FOCUS","FOCUS","HATCHBACK 2DR","BLUE","REAR END","FRONT END","NY","SM","YES","D",93481,"E","[PREMIUM]",5171.75,"2.0L 4","FRONT WHEEL DRIVE","AUTOMATIC","GAS",4,"Run & Drive Verified","Pure Sale","[PREMIUM]",,"ANGOLA","NY","14006 9726","USA","USD","[PREMIUM]","[PREMIUM]","D050",false,"[PREMIUM]","ZX3",false,false,"[PREMIUM]",,,,,,,,"[PREMIUM]"
"64255406","2026-08-17 21:04:21.888","2026-08-20 05:42:44.062","64255406","2026-08-19 13:28:58.000","[PREMIUM]","841","CRASHEDTOYS POWERSPORT AUCTION","2026-08-20","THURSDAY","1200","CDT","6089","C",2026,"QIANXIN","TANK","TANK",,"BLUE","SIDE",,"NY","SM","YES","D",252,"A","[PREMIUM]",1605.9,,,"AUTOMATIC",,,"Run & Drive Verified","Pure Sale","[PREMIUM]",,"ANGOLA","NY","14006 9726","USA","USD","[PREMIUM]","[PREMIUM]","MCO",false,"[PREMIUM]",,false,false,"[PREMIUM]",,,,,,,,"[PREMIUM]"
"64637516","2026-08-17 21:04:21.888","2026-08-23 23:46:59.100","64637516","2026-08-21 20:39:30.000","[PREMIUM]","344","NY - BUFFALO","2026-08-24","MONDAY","1000","EDT","2323","V",2012,"FORD","F-150","F150","4DR EXT CAB PICKUP","BLACK","REAR END","MINOR DENT/SCRATCHES","NY","SM","YES","D",153606,"A","[PREMIUM]",5696.44,"5.0L 8","4X4 W/REAR WHEEL DRV","AUTOMATIC","FLEXIBLE",8,"Run & Drive Verified","Pure Sale","[PREMIUM]",,"ANGOLA","NY","14006 9726","USA","USD","[PREMIUM]","[PREMIUM]","1K010",false,"[PREMIUM]","SUPER CAB",false,false,"[PREMIUM]",,,,,,,,"[PREMIUM]"
"64628546","2026-08-17 21:04:21.880","2026-08-23 23:46:59.102","64628546","2026-08-21 20:39:30.000","[PREMIUM]","344","NY - BUFFALO","2026-08-24","MONDAY","1000","EDT","3521","V",2017,"KIA","SPORTAGE","SPORTAGE","4DR SPORT UTILITY","BLUE","NORMAL WEAR",,"NY","SM","YES","S",34877,"A","[PREMIUM]",10490.74,"2.4L 4","ALL WHEEL DRIVE","AUTOMATIC","GAS",4,"Vehicle Starts","On Minimum Bid","[PREMIUM]",,"ANGOLA","NY","14006 9726","USA","USD","[PREMIUM]","[PREMIUM]","L030",false,"[PREMIUM]","LX",false,false,"[PREMIUM]",,,,,,,,"[PREMIUM]"
"64638856","2026-08-17 21:04:21.868","2026-08-31 11:47:28.323","64638856","2026-08-28 20:58:08.000","[PREMIUM]","344","NY - BUFFALO","2026-08-31","MONDAY","1000","EDT","2290","V",2015,"CHEVROLET","MALIBU","MALIBU","SEDAN 4DR","BLUE","HAIL",,"PA","SC","YES","D",104780,"A","[PREMIUM]",5538.28,"2.5L 4","FRONT WHEEL DRIVE","AUTOMATIC","GAS",4,"Run & Drive Verified","On Minimum Bid","[PREMIUM]",,"ANGOLA","NY","14006 9726","USA","USD","[PREMIUM]","[PREMIUM]","N040",false,"[PREMIUM]","1LT",false,false,"[PREMIUM]",,,,,,,,"[PREMIUM]"
"64614916","2026-08-17 21:04:21.866","2026-08-23 23:46:59.114","64614916","2026-08-21 20:39:30.000","[PREMIUM]","344","NY - BUFFALO","2026-08-24","MONDAY","1000","EDT","2296","V",2020,"CHEVROLET","TRAX","TRAX","SPORT UTILITY VEHICLE","SILVER","FRONT END","SIDE","NY","SM","YES","D",81282,"A","[PREMIUM]",10248.75,"1.4L 4","ALL WHEEL DRIVE","AUTOMATIC","GAS",4,"Run & Drive Verified","Pure Sale","[PREMIUM]",,"ANGOLA","NY","14006 9726","USA","USD","[PREMIUM]","[PREMIUM]","1J030",false,"[PREMIUM]","1LT",false,false,"[PREMIUM]",,,,,,,,"[PREMIUM]"
"64074436","2026-08-17 21:04:21.865","2026-08-23 23:46:59.042","64074436","2026-08-21 20:39:30.000","[PREMIUM]","344","NY - BUFFALO","2026-08-24","MONDAY","1000","EDT","79","V",2014,"HONDA","CRV","CR-V","4DR SPORT UTILITY","BURGUNDY","FRONT END",,"NY","SM","YES","D",54697,"A","[PREMIUM]",16243,"2.4L 4","ALL WHEEL DRIVE","AUTOMATIC","GAS",4,"Run & Drive Verified","On Minimum Bid","[PREMIUM]",,"ANGOLA","NY","14006 9726","USA","USD","[PREMIUM]","[PREMIUM]","B020",false,"[PREMIUM]","EXL",false,false,"[PREMIUM]",,,,,,,,"[PREMIUM]"
"63872256","2026-08-17 21:04:21.853","2026-08-23 23:46:58.980","63872256","2026-08-21 20:39:30.000","[PREMIUM]","344","NY - BUFFALO","2026-08-24","MONDAY","1000","EDT","2342","V",2011,"TOYOTA","RAV4","RAV4","4DR SPORT UTILITY","CHARCOAL","REAR END",,"NY","SM","YES","D",168395,"A","[PREMIUM]",11668.43,"3.5L 6","ALL WHEEL DRIVE","AUTOMATIC","GAS",6,"Run & Drive Verified","Pure Sale","[PREMIUM]",,"ANGOLA","NY","14006 9726","USA","USD","[PREMIUM]","[PREMIUM]","1F040",false,"[PREMIUM]","LIMITED",false,false,"[PREMIUM]",,,,,,,,"[PREMIUM]"
"63937236","2026-08-17 21:04:21.830","2026-08-23 23:46:58.979","63937236","2026-08-21 20:39:30.000","[PREMIUM]","344","NY - BUFFALO","2026-08-24","MONDAY","1000","EDT","3519","V",2013,"TOYOTA","HIGHLANDER","HIGHLANDER","SUV","SILVER","REAR END",,"NY","SM","YES","S",126824,"A","[PREMIUM]",0,"3.5L 6","ALL WHEEL DRIVE","AUTOMATIC","GAS",6,"Vehicle Starts","Pure Sale","[PREMIUM]",,"ANGOLA","NY","14006 9726","USA","USD","[PREMIUM]","[PREMIUM]","B010",false,"[PREMIUM]","BASE",false,false,"[PREMIUM]",,,,,,,,"[PREMIUM]"
"64039406","2026-08-17 21:04:21.828","2026-08-23 23:46:59.003","64039406","2026-08-21 20:39:30.000","[PREMIUM]","344","NY - BUFFALO","2026-08-24","MONDAY","1000","EDT","3067","V",2010,"BMW","5 SERIES","528",,"SILVER","SIDE","FRONT END","NY","SM","YES","E",0,"E","[PREMIUM]",6063,,,"AUTOMATIC",,,"DEFAULT","Pure Sale","[PREMIUM]",,"ANGOLA","NY","14006 9726","USA","USD","[PREMIUM]","[PREMIUM]","1N050",false,"[PREMIUM]","XI",false,false,"[PREMIUM]",,,,,,,,"[PREMIUM]"
"63804036","2026-08-17 21:04:21.827","2026-08-23 23:46:58.975","63804036","2026-08-21 20:39:30.000","[PREMIUM]","344","NY - BUFFALO","2026-08-24","MONDAY","1000","EDT","2340","V",2011,"HONDA","CRV","CR-V","4DR SPORT UTILITY","TURQUOISE","FRONT END","SIDE","NY","SM","YES","D",122796,"A","[PREMIUM]",9422,"2.4L 4","ALL WHEEL DRIVE","AUTOMATIC","GAS",4,"Run & Drive Verified","Pure Sale","[PREMIUM]",,"ANGOLA","NY","14006 9726","USA","USD","[PREMIUM]","[PREMIUM]","A030",false,"[PREMIUM]","EXL",false,false,"[PREMIUM]",,,,,,,,"[PREMIUM]"
"63750826","2026-08-17 21:04:21.819","2026-08-23 23:46:58.959","63750826","2026-08-21 20:39:30.000","[PREMIUM]","344","NY - BUFFALO","2026-08-24","MONDAY","1000","EDT","2325","V",2007,"TOYOTA","CAMRY","CAMRY","SEDAN","GRAY","SIDE","FRONT END","PA","SC","YES","D",166479,"E","[PREMIUM]",4133.1,"2.4L 4","FRONT WHEEL DRIVE","AUTOMATIC","GAS",4,"Run & Drive Verified","Pure Sale","[PREMIUM]",,"ANGOLA","NY","14006 9726","USA","USD","[PREMIUM]","[PREMIUM]","A040",false,"[PREMIUM]","LE",false,false,"[PREMIUM]",,,,,,,,"[PREMIUM]"
"63774206","2026-08-17 21:04:21.819","2026-08-23 23:46:58.961","63774206","2026-08-21 20:39:30.000","[PREMIUM]","344","NY - BUFFALO","2026-08-24","MONDAY","1000","EDT","95","V",2020,"FORD","F-150","F150","PICKUP","BLUE","FRONT END","MINOR DENT/SCRATCHES","NY","SM","YES","D",65609,"A","[PREMIUM]",0,"3.5L 6","REAR WHEEL DRIVE","AUTOMATIC","GAS",6,"Run & Drive Verified","On Minimum Bid","[PREMIUM]",,"ANGOLA","NY","14006 9726","USA","USD","[PREMIUM]","[PREMIUM]","1K020",false,"[PREMIUM]","SUPERCREW",false,false,"[PREMIUM]",,,,,,,,"[PREMIUM]"
"63989956","2026-08-17 21:04:21.816","2026-08-31 11:47:28.250","63989956","2026-08-28 20:58:08.000","[PREMIUM]","344","NY - BUFFALO","2026-08-31","MONDAY","1000","EDT","2003","V",2025,"HONDA","CRV","CR-V","SPORT UTILITY VEHICLE","GRAY","FRONT END",,"NY","SM","YES","S",4592,"A","[PREMIUM]",31304,"1.5L 4","ALL WHEEL DRIVE","AUTOMATIC","GAS",4,"Vehicle Starts","On Minimum Bid","[PREMIUM]",,"ANGOLA","NY","14006 9726","USA","USD","[PREMIUM]","[PREMIUM]","B020",false,"[PREMIUM]","EX",false,false,"[PREMIUM]",,,,,,,,"[PREMIUM]"
"63883556","2026-08-17 21:04:21.809","2026-08-23 23:46:58.979","63883556","2026-08-21 20:39:30.000","[PREMIUM]","344","NY - BUFFALO","2026-08-24","MONDAY","1000","EDT","2269","V",2016,"JEEP","GRAND CHER","CHEROKEE","4DR SPORT UTILITY","WHITE","SIDE",,"NY","SM","YES","D",108340,"A","[PREMIUM]",8006.42,"2.4L 4","4X4 W/FRONT WHL DRV","AUTOMATIC","GAS",4,"Run & Drive Verified","Pure Sale","[PREMIUM]",,"ANGOLA","NY","14006 9726","USA","USD","[PREMIUM]","[PREMIUM]","1E040",false,"[PREMIUM]","LATITUDE",false,false,"[PREMIUM]",,,,,,,,"[PREMIUM]"
"63536756","2026-08-17 21:04:21.774","2026-08-23 23:46:58.908","63536756","2026-08-21 20:39:30.000","[PREMIUM]","344","NY - BUFFALO","2026-08-24","MONDAY","1000","EDT","2011","V",2021,"VOLKSWAGEN","ALL OTHER","ID.4","SPORT UTILITY VEHICLE","SILVER","FRONT END","SIDE","NY","SM","YES","E",43173,"A","[PREMIUM]",19500,,"ALL WHEEL DRIVE","AUTOMATIC","ELECTRIC",,"DEFAULT","On Minimum Bid","[PREMIUM]",,"ANGOLA","NY","14006 9726","USA","USD","[PREMIUM]","[PREMIUM]","C010",false,"[PREMIUM]","PRO S",false,false,"[PREMIUM]",,,,,,,,"[PREMIUM]"
"63731466","2026-08-17 21:04:21.765","2026-08-23 23:46:58.964","63731466","2026-08-21 20:39:30.000","[PREMIUM]","344","NY - BUFFALO","2026-08-24","MONDAY","1000","EDT","47","V",2005,"CADILLAC","XLR","XLR","ROADSTER","BLACK","FRONT END",,"NY","SM","YES","D",42318,"E","[PREMIUM]",5877,"4.6L 8","REAR WHEEL DRIVE","AUTOMATIC","GAS",8,"Run & Drive Verified","On Minimum Bid","[PREMIUM]",,"ANGOLA","NY","14006 9726","USA","USD","[PREMIUM]","[PREMIUM]","1E030",false,"[PREMIUM]",,false,false,"[PREMIUM]",,,,,,,,"[PREMIUM]"
"63535106","2026-08-17 21:04:21.763","2026-08-23 23:46:58.927","63535106","2026-08-21 20:39:30.000","[PREMIUM]","344","NY - BUFFALO","2026-08-24","MONDAY","1000","EDT","3514","V",2016,"MERCEDES-BENZ","GLE-CLASS","GLE COUPE","4DR SPORT UTILITY","WHITE","FRONT END","SIDE","NY","SM","YES","S",118996,"A","[PREMIUM]",23979.27,"3.0L 6","ALL WHEEL DRIVE","AUTOMATIC","GAS",6,"Vehicle Starts","On Minimum Bid","[PREMIUM]",,"ANGOLA","NY","14006 9726","USA","USD","[PREMIUM]","[PREMIUM]","1I050",false,"[PREMIUM]","450 4MATIC",false,false,"[PREMIUM]",,,,,,,,"[PREMIUM]"
"63309096","2026-08-17 21:04:21.727","2026-08-23 23:46:58.855","63309096","2026-08-21 20:39:30.000","[PREMIUM]","344","NY - BUFFALO","2026-08-24","MONDAY","1000","EDT","2312","V",2020,"NISSAN","ROGUE","ROGUE","WAGON","WHITE","HAIL","UNDERCARRIAGE","PA","SC","YES","D",55852,"A","[PREMIUM]",10040.4,"2.5L 4","ALL WHEEL DRIVE","AUTOMATIC","GAS",4,"Run & Drive Verified","Pure Sale","[PREMIUM]",,"ANGOLA","NY","14006 9726","USA","USD","[PREMIUM]","[PREMIUM]","D010",false,"[PREMIUM]","SV",false,false,"[PREMIUM]",,,,,,,,"[PREMIUM]"
"63467546","2026-08-17 21:04:21.724","2026-08-23 23:46:58.876","63467546","2026-08-21 20:39:30.000","[PREMIUM]","344","NY - BUFFALO","2026-08-24","MONDAY","1000","EDT","3010","V",2020,"RAM","1500","1500","PICKUP","WHITE","SIDE","MECHANICAL","NY","SM","YES","E",74226,"A","[PREMIUM]",31311,"5.7L 8","4X4 W/REAR WHEEL DRV","AUTOMATIC","GAS",8,"DEFAULT","Pure Sale","[PREMIUM]",,"ANGOLA","NY","14006 9726","USA","USD","[PREMIUM]","[PREMIUM]","S030",false,"[PREMIUM]","LARAMIE",false,false,"[PREMIUM]",,,,,,,,"[PREMIUM]"
"63136246","2026-08-17 21:04:21.724","2026-08-31 11:47:28.041","63136246","2026-08-17 20:29:58.000","[PREMIUM]","344","NY - BUFFALO",,,,"EDT","0","V",2023,"NISSAN","ALTIMA","ALTIMA","SEDAN","SILVER","FRONT END",,"IL","SC","YES","D",46224,"A","[PREMIUM]",0,"2.5L 4","FRONT WHEEL DRIVE","AUTOMATIC","GAS",4,"Run & Drive Verified","Pure Sale","[PREMIUM]",,"ANGOLA","NY","14006 9726","USA","USD","[PREMIUM]","[PREMIUM]","B040",false,"[PREMIUM]","SV",false,false,"[PREMIUM]",,,,,,,,"[PREMIUM]"
"63468696","2026-08-17 21:04:21.717","2026-08-31 11:47:28.114","63468696","2026-08-28 20:58:08.000","[PREMIUM]","344","NY - BUFFALO","2026-08-31","MONDAY","1000","EDT","121","V",2019,"KIA","SOUL","SOUL","WAGON","RED","VANDALISM",,"WV","SC","YES","D",92834,"A","[PREMIUM]",7018,"1.6L 4","FRONT WHEEL DRIVE","AUTOMATIC","GAS",4,"Run & Drive Verified","On Minimum Bid","[PREMIUM]",,"ANGOLA","NY","14006 9726","USA","USD","[PREMIUM]","[PREMIUM]","1F010",false,"[PREMIUM]","BASE",false,false,"[PREMIUM]",,,,,,,,"[PREMIUM]"
"62951386","2026-08-17 21:04:21.692","2026-08-31 11:47:28.016","62951386","2026-08-28 20:58:08.000","[PREMIUM]","344","NY - BUFFALO","2026-08-31","MONDAY","1000","EDT","91","V",2026,"CHEVROLET","EQUINOX","EQUINOX","SPORT UTILITY VEHICLE","SILVER","HAIL",,"NY","SM","YES","D",13090,"A","[PREMIUM]",24680,"1.5L 4","ALL WHEEL DRIVE","AUTOMATIC","GAS",4,"Run & Drive Verified","On Minimum Bid","[PREMIUM]",,"ANGOLA","NY","14006 9726","USA","USD","[PREMIUM]","[PREMIUM]","A020",false,"[PREMIUM]","LT",false,false,"[PREMIUM]",,,,,,,,"[PREMIUM]"
"62426886","2026-08-17 21:04:21.680","2026-08-23 23:46:58.733","62426886","2026-08-21 20:39:30.000","[PREMIUM]","344","NY - BUFFALO","2026-08-24","MONDAY","1000","EDT","2301","V",2008,"CHRYSLER","MINIVAN","TOWN & COUNTRY","EXTENDED SPORT VAN","TURQUOISE","FRONT END",,"NY","SM","YES","D",146861,"A","[PREMIUM]",12108.57,"3.8L 6","FRONT WHEEL DRIVE","AUTOMATIC","GAS",6,"Run & Drive Verified","Pure Sale","[PREMIUM]",,"ANGOLA","NY","14006 9726","USA","USD","[PREMIUM]","[PREMIUM]","C060",false,"[PREMIUM]","TOURING",false,false,"[PREMIUM]",,,,,,,,"[PREMIUM]"
"62623426","2026-08-17 21:04:21.679","2026-08-31 11:47:27.934","62623426","2026-08-28 20:58:08.000","[PREMIUM]","344","NY - BUFFALO","2026-08-31","MONDAY","1000","EDT","2251","V",2017,"CHEVROLET","EQUINOX","EQUINOX","4DR SPORT UTILITY","BURGUNDY","FRONT END",,"NY","CT","YES","D",132659,"A","[PREMIUM]",0,"3.6L 6","ALL WHEEL DRIVE","AUTOMATIC","GAS",6,"Run & Drive Verified","On Minimum Bid","[PREMIUM]",,"ANGOLA","NY","14006 9726","USA","USD","[PREMIUM]","[PREMIUM]","L030",true,"[PREMIUM]","LT",false,false,"[PREMIUM]",,,,,,,,"[PREMIUM]"
"62792036","2026-08-17 21:04:21.675","2026-08-23 23:46:58.794","62792036","2026-08-21 20:39:30.000","[PREMIUM]","344","NY - BUFFALO","2026-08-24","MONDAY","1000","EDT","29","V",2025,"HONDA","PILOT","PILOT","SPORT UTILITY VEHICLE","SILVER","FRONT END",,"NY","SM","YES","D",7720,"A","[PREMIUM]",28589.88,"3.5L 6","ALL WHEEL DRIVE","AUTOMATIC","GAS",6,"Run & Drive Verified","Pure Sale","[PREMIUM]",,"ANGOLA","NY","14006 9726","USA","USD","[PREMIUM]","[PREMIUM]","K040",false,"[PREMIUM]","ELITE",false,false,"[PREMIUM]",,,,,,,,"[PREMIUM]"
"62610416","2026-08-17 21:04:21.674","2026-08-23 23:46:58.767","62610416","2026-08-21 20:39:30.000","[PREMIUM]","344","NY - BUFFALO","2026-08-24","MONDAY","1000","EDT","20","V",2019,"FORD","RANGER","RANGER","PICKUP","BLACK","REAR END","SIDE","NY","SM","YES","D",82754,"A","[PREMIUM]",12910,"2.3L 4","REAR WHEEL DRIVE","AUTOMATIC","GAS",4,"Run & Drive Verified","Pure Sale","[PREMIUM]",,"ANGOLA","NY","14006 9726","USA","USD","[PREMIUM]","[PREMIUM]","1K010",false,"[PREMIUM]","XL",false,false,"[PREMIUM]",,,,,,,,"[PREMIUM]"
"62773926","2026-08-17 21:04:21.674","2026-08-23 23:46:58.798","62773926","2026-08-21 20:39:30.000","[PREMIUM]","344","NY - BUFFALO","2026-08-24","MONDAY","1000","EDT","2344","V",2018,"FORD","EDGE","EDGE","SPORT UTILITY VEHICLE","BLUE","FRONT END","SIDE","NY","SM","YES","D",94471,"A","[PREMIUM]",10042,"2.0L 4","ALL WHEEL DRIVE","AUTOMATIC","GAS",4,"Run & Drive Verified","Pure Sale","[PREMIUM]",,"ANGOLA","NY","14006 9726","USA","USD","[PREMIUM]","[PREMIUM]","1J020",false,"[PREMIUM]","SEL",false,false,"[PREMIUM]",,,,,,,,"[PREMIUM]"
"62309276","2026-08-17 21:04:21.659","2026-08-23 23:46:58.742","62309276","2026-08-21 20:39:30.000","[PREMIUM]","344","NY - BUFFALO","2026-08-24","MONDAY","1000","EDT","40","V",2024,"FORD","ESCAPE ST","ESCAPE","SPORT UTILITY VEHICLE","SILVER","FRONT END",,"NY","SM","YES","D",21262,"A","[PREMIUM]",18427.56,"1.5L 3","4X4 W/FRONT WHL DRV","AUTOMATIC","GAS",3,"Run & Drive Verified","On Minimum Bid","[PREMIUM]",,"ANGOLA","NY","14006 9726","USA","USD","[PREMIUM]","[PREMIUM]","C060",false,"[PREMIUM]","ST LINE",false,false,"[PREMIUM]",,,,,,,,"[PREMIUM]"
"62099896","2026-08-17 21:04:21.641","2026-08-23 23:46:58.731","62099896","2026-08-21 20:39:30.000","[PREMIUM]","344","NY - BUFFALO","2026-08-24","MONDAY","1000","EDT","106","V",2020,"RAM","1500","1500 CLASSIC","PICKUP","BLACK","FRONT END","SIDE","NY","SM","YES","D",45064,"A","[PREMIUM]",24006.63,"3.6L 6","4X4 W/REAR WHEEL DRV","AUTOMATIC","FLEXIBLE",6,"Run & Drive Verified","Pure Sale","[PREMIUM]",,"ANGOLA","NY","14006 9726","USA","USD","[PREMIUM]","[PREMIUM]","N020",false,"[PREMIUM]","WARLOCK",false,false,"[PREMIUM]",,,,,,,,"[PREMIUM]"
"62116296","2026-08-17 21:04:21.639","2026-08-23 23:46:58.719","62116296","2026-08-21 20:39:30.000","[PREMIUM]","344","NY - BUFFALO","2026-08-24","MONDAY","1000","EDT","2299","V",2019,"SUBARU","OUTBACK","OUTBACK","SPORT UTILITY VEHICLE","BURGUNDY","FRONT END",,"NY","SM","YES","D",94379,"A","[PREMIUM]",13579,"2.5L 4","ALL WHEEL DRIVE","AUTOMATIC","GAS",4,"Run & Drive Verified","Pure Sale","[PREMIUM]",,"ANGOLA","NY","14006 9726","USA","USD","[PREMIUM]","[PREMIUM]","D040",false,"[PREMIUM]","2.5I LIMITED",false,false,"[PREMIUM]",,,,,,,,"[PREMIUM]"
"62261406","2026-08-17 21:04:21.623","2026-08-23 23:46:58.719","62261406","2026-08-21 20:39:30.000","[PREMIUM]","344","NY - BUFFALO","2026-08-24","MONDAY","1000","EDT","104","V",2026,"FORD","BRONCO","BRONCO SPORT","SPORT UTILITY VEHICLE","ORANGE","REAR END",,"NY","SM","YES","D",2083,"A","[PREMIUM]",24610.38,"2.0L 4","4X4 W/FRONT WHL DRV","AUTOMATIC","GAS",4,"Run & Drive Verified","Pure Sale","[PREMIUM]",,"ANGOLA","NY","14006 9726","USA","USD","[PREMIUM]","[PREMIUM]","K030",false,"[PREMIUM]","BADLANDS",false,false,"[PREMIUM]",,,,,,,,"[PREMIUM]"
"61748306","2026-08-17 21:04:21.622","2026-08-23 23:46:58.665","61748306","2026-08-21 20:39:30.000","[PREMIUM]","344","NY - BUFFALO","2026-08-24","MONDAY","1000","EDT","2359","V",2016,"FORD","TRANSIT","TRANSIT CONNECT","CARGO VAN","WHITE","REAR END","FRONT END","NY","SM","YES","D",156125,"A","[PREMIUM]",13019.18,"2.5L 4","FRONT WHEEL DRIVE","AUTOMATIC","GAS",4,"Run & Drive Verified","Pure Sale","[PREMIUM]",,"ANGOLA","NY","14006 9726","USA","USD","[PREMIUM]","[PREMIUM]","1H010",false,"[PREMIUM]","XL",false,false,"[PREMIUM]",,,,,,,,"[PREMIUM]"
"62155136","2026-08-17 21:04:21.622","2026-08-23 23:46:58.717","62155136","2026-08-21 20:39:30.000","[PREMIUM]","344","NY - BUFFALO","2026-08-24","MONDAY","1000","EDT","3262","V",2020,"TOYOTA","COROLLA","COROLLA","SEDAN","SILVER","FRONT END",,"NY","SM","YES","D",119078,"A","[PREMIUM]",13317.06,"2.0L 4","FRONT WHEEL DRIVE","AUTOMATIC","GAS",4,"Run & Drive Verified","Pure Sale","[PREMIUM]",,"ANGOLA","NY","14006 9726","USA","USD","[PREMIUM]","[PREMIUM]","1F010",false,"[PREMIUM]","SE",false,false,"[PREMIUM]",,,,,,,,"[PREMIUM]"
"61992986","2026-08-17 21:04:21.609","2026-08-23 23:46:58.689","61992986","2026-08-21 20:39:30.000","[PREMIUM]","344","NY - BUFFALO","2026-08-24","MONDAY","1000","EDT","35","V",2022,"HONDA","HR-V","HR-V","SPORT UTILITY VEHICLE","WHITE","FRONT END",,"NY","SM","YES","D",36327,"A","[PREMIUM]",25231.06,"1.8L 4","ALL WHEEL DRIVE","AUTOMATIC","GAS",4,"Run & Drive Verified","Pure Sale","[PREMIUM]",,"ANGOLA","NY","14006 9726","USA","USD","[PREMIUM]","[PREMIUM]","K030",false,"[PREMIUM]","LX",false,false,"[PREMIUM]",,,,,,,,"[PREMIUM]"
"61834126","2026-08-17 21:04:21.605","2026-08-23 23:46:58.692","61834126","2026-08-21 20:39:30.000","[PREMIUM]","344","NY - BUFFALO","2026-08-24","MONDAY","1000","EDT","81","V",2023,"HYUNDAI","SANTA CRUZ","SANTA CRUZ","SPORT UTILITY TRUCK","BLACK","MECHANICAL","MINOR DENT/SCRATCHES","NY","SM","YES","D",49254,"A","[PREMIUM]",19327,"2.5L 4","ALL WHEEL DRIVE","AUTOMATIC","GAS",4,"Run & Drive Verified","On Minimum Bid","[PREMIUM]",,"ANGOLA","NY","14006 9726","USA","USD","[PREMIUM]","[PREMIUM]","1J040",false,"[PREMIUM]","LIMITED",false,false,"[PREMIUM]",,,,,,,,"[PREMIUM]"
"61171996","2026-08-17 21:04:21.593","2026-08-23 23:46:58.566","61171996","2026-08-21 20:39:30.000","[PREMIUM]","344","NY - BUFFALO","2026-08-24","MONDAY","1000","EDT","17","V",2025,"SUBARU","FORESTER","FORESTER","SPORT UTILITY VEHICLE","GRAY","FRONT END","SIDE","NY","SM","YES","D",7405,"A","[PREMIUM]",24868.8,"2.5L 4","ALL WHEEL DRIVE","AUTOMATIC","GAS",4,"Run & Drive Verified","On Minimum Bid","[PREMIUM]",,"ANGOLA","NY","14006 9726","USA","USD","[PREMIUM]","[PREMIUM]","D030",false,"[PREMIUM]","LIMITED",false,false,"[PREMIUM]",,,,,,,,"[PREMIUM]"
"61551966","2026-08-17 21:04:21.584","2026-08-23 23:46:58.626","61551966","2026-08-21 20:39:30.000","[PREMIUM]","344","NY - BUFFALO","2026-08-24","MONDAY","1000","EDT","3","V",2026,"CHEVROLET","COLORADO","COLORADO","PICKUP","BLACK","FRONT END",,"NY","SM","YES","D",7851,"A","[PREMIUM]",24150.24,"2.7L 4","4X4 W/REAR WHEEL DRV","AUTOMATIC","GAS",4,"Run & Drive Verified","On Minimum Bid","[PREMIUM]",,"ANGOLA","NY","14006 9726","USA","USD","[PREMIUM]","[PREMIUM]","N010",false,"[PREMIUM]","LT",false,false,"[PREMIUM]",,,,,,,,"[PREMIUM]"
"61332276","2026-08-17 21:04:21.578","2026-08-19 03:00:50.311","61332276","2026-08-19 02:10:08.000","[PREMIUM]","838","RENTAL VEHICLE SALE","2026-08-19","WEDNESDAY","1200","EDT","0","V",2025,"CHEVROLET","BLAZER","BLAZER","SPORT UTILITY VEHICLE","GRAY","FRONT END",,"FL","RB","YES","D",20187,"A","[PREMIUM]",6661,"2.0L 4","FRONT WHEEL DRIVE","AUTOMATIC","GAS",4,"Run & Drive Verified","On Minimum Bid","[PREMIUM]",,"ANGOLA","NY","14006 9726","USA","USD","[PREMIUM]","[PREMIUM]","P010",false,"[PREMIUM]","2LT",false,false,"[PREMIUM]",,,,,,,,"[PREMIUM]"
"61438426","2026-08-17 21:04:21.573","2026-08-23 23:46:58.609","61438426","2026-08-21 20:39:30.000","[PREMIUM]","344","NY - BUFFALO","2026-08-24","MONDAY","1000","EDT","97","V",2017,"AUDI","S7/RS7","S7","HATCHBACK 4DR","BLACK","FRONT END","SIDE","NY","SM","YES","D",121413,"A","[PREMIUM]",29964.62,"4.0L 8","ALL WHEEL DRIVE","AUTOMATIC","GAS",8,"Run & Drive Verified","Pure Sale","[PREMIUM]",,"ANGOLA","NY","14006 9726","USA","USD","[PREMIUM]","[PREMIUM]","1M050",false,"[PREMIUM]","PRESTIGE",false,false,"[PREMIUM]",,,,,,,,"[PREMIUM]"
"61496516","2026-08-17 21:04:21.560","2026-08-23 23:46:58.624","61496516","2026-08-21 20:39:30.000","[PREMIUM]","344","NY - BUFFALO","2026-08-24","MONDAY","1000","EDT","10","V",2025,"CHEVROLET","ALL Models","SILVERADO","PICKUP","BLUE","FRONT END","SIDE","NY","SM","YES","D",10675,"X","[PREMIUM]",26159.73,"6.6L 8","4X4 W/REAR WHEEL DRV","AUTOMATIC","DIESEL",8,"Run & Drive Verified","On Minimum Bid","[PREMIUM]",,"ANGOLA","NY","14006 9726","USA","USD","[PREMIUM]","[PREMIUM]","1K020",false,"[PREMIUM]","K2500 HEAVY DUTY",false,false,"[PREMIUM]",,,,,,,,"[PREMIUM]"
"60993666","2026-08-17 21:04:21.518","2026-08-23 23:46:58.542","60993666","2026-08-21 20:39:30.000","[PREMIUM]","344","NY - BUFFALO","2026-08-24","MONDAY","1000","EDT","3060","V",2015,"JEEP","CHEROKEE","GRAND CHEROKEE","4DR SPORT UTILITY","BLACK","SIDE","REAR END","NY","SM","NO","E",145930,"A","[PREMIUM]",0,"3.6L 6","4X4 W/REAR WHEEL DRV","AUTOMATIC","FLEXIBLE",6,"DEFAULT","Pure Sale","[PREMIUM]",,"ANGOLA","NY","14006 9726","USA","USD","[PREMIUM]","[PREMIUM]","L020",false,"[PREMIUM]","LIMITED",false,false,"[PREMIUM]",,,,,,,,"[PREMIUM]"
"60876746","2026-08-17 21:04:21.517","2026-08-23 23:46:58.541","60876746","2026-08-21 20:39:30.000","[PREMIUM]","344","NY - BUFFALO","2026-08-24","MONDAY","1000","EDT","43","V",2023,"KIA","SPORTAGE","SPORTAGE","SPORT UTILITY VEHICLE","BLUE","FRONT END","ALL OVER","NY","SM","YES","D",61637,"A","[PREMIUM]",12683.58,"2.5L 4","FRONT WHEEL DRIVE","AUTOMATIC","GAS",4,"Run & Drive Verified","Pure Sale","[PREMIUM]",,"ANGOLA","NY","14006 9726","USA","USD","[PREMIUM]","[PREMIUM]","M030",false,"[PREMIUM]","SX",false,false,"[PREMIUM]",,,,,,,,"[PREMIUM]"
"60946126","2026-08-17 21:04:21.503","2026-08-23 23:46:58.553","60946126","2026-08-21 20:39:30.000","[PREMIUM]","344","NY - BUFFALO","2026-08-24","MONDAY","1000","EDT","2268","V",2013,"CHRYSLER","200","200","SEDAN 4DR","BEIGE","SIDE",,"NY","SM","YES","D",86702,"A","[PREMIUM]",4987.02,"2.4L 4","FRONT WHEEL DRIVE","AUTOMATIC","GAS",4,"Run & Drive Verified","Pure Sale","[PREMIUM]",,"ANGOLA","NY","14006 9726","USA","USD","[PREMIUM]","[PREMIUM]","D050",false,"[PREMIUM]","TOURING",false,false,"[PREMIUM]",,,,,,,,"[PREMIUM]"
"61107806","2026-08-17 21:04:21.497","2026-08-26 05:48:10.697","61107806","2026-08-18 20:34:15.000","[PREMIUM]","835","MEDIUM DUTY SPECIALTY SALE","2026-08-26","WEDNESDAY","1100","CDT","0","K",2020,"RAM","PROMASTER","PROMASTER 3500","VAN CARGO","BLUE","FRONT END",,"PA","SC","YES","S",42256,"A","[PREMIUM]",20855.71,"3.6L 6","FRONT WHEEL DRIVE","AUTOMATIC","FLEXIBLE",6,"Vehicle Starts","Pure Sale","[PREMIUM]",,"ANGOLA","NY","14006 9726","USA","USD","[PREMIUM]","[PREMIUM]","1Q020",false,"[PREMIUM]",,false,false,"[PREMIUM]",,,,,,,,"[PREMIUM]"
"60973376","2026-08-17 21:04:21.484","2026-08-23 23:46:58.538","60973376","2026-08-21 20:39:30.000","[PREMIUM]","344","NY - BUFFALO","2026-08-24","MONDAY","1000","EDT","3504","V",2018,"JEEP","CHEROKEE","GRAND CHEROKEE","SPORT UTILITY VEHICLE","BLACK","FRONT END","SIDE","NY","SM","YES","S",78099,"A","[PREMIUM]",19110.79,"3.6L 6","4X4 W/REAR WHEEL DRV","AUTOMATIC","FLEXIBLE",6,"Vehicle Starts","On Minimum Bid","[PREMIUM]",,"ANGOLA","NY","14006 9726","USA","USD","[PREMIUM]","[PREMIUM]","1N050",false,"[PREMIUM]","LAREDO",false,false,"[PREMIUM]",,,,,,,,"[PREMIUM]"
"60302546","2026-08-17 21:04:21.479","2026-08-23 23:46:58.501","60302546","2026-08-21 20:39:30.000","[PREMIUM]","344","NY - BUFFALO","2026-08-24","MONDAY","1000","EDT","3506","V",2021,"CADILLAC","XT4","XT4","SPORT UTILITY VEHICLE","BURGUNDY","FRONT END",,"NY","SM","YES","S",57790,"A","[PREMIUM]",0,"2.0L 4","ALL WHEEL DRIVE","AUTOMATIC","GAS",4,"Vehicle Starts","On Approval","[PREMIUM]",,"ANGOLA","NY","14006 9726","USA","USD","[PREMIUM]","[PREMIUM]","L030",false,"[PREMIUM]","PREMIUM LUXURY",false,false,"[PREMIUM]",,,,,,,,"[PREMIUM]"
"60191196","2026-08-17 21:04:21.439","2026-08-23 23:46:58.489","60191196","2026-08-21 20:39:30.000","[PREMIUM]","344","NY - BUFFALO","2026-08-24","MONDAY","1000","EDT","3508","V",2023,"HONDA","CRV","CR-V","SPORT UTILITY VEHICLE","GRAY","FRONT END","MECHANICAL","NY","SM","YES","S",25545,"A","[PREMIUM]",18135.47,"2.0L 4","ALL WHEEL DRIVE","AUTOMATIC","ELECTRIC AND GAS HYBRID",4,"Vehicle Starts","On Minimum Bid","[PREMIUM]",,"ANGOLA","NY","14006 9726","USA","USD","[PREMIUM]","[PREMIUM]","L020",false,"[PREMIUM]","SPORT TOURING",false,false,"[PREMIUM]",,,,,,,,"[PREMIUM]"
"60459266","2026-08-17 21:04:21.438","2026-08-23 23:46:58.514","60459266","2026-08-21 20:39:30.000","[PREMIUM]","344","NY - BUFFALO","2026-08-24","MONDAY","1000","EDT","2279","V",2009,"BMW","X3","X3","4DR SPORT UTILITY","SILVER","FRONT END",,"PA","SC","YES","D",197741,"A","[PREMIUM]",4059.8,"3.0L 6","ALL WHEEL DRIVE","AUTOMATIC","GAS",6,"Run & Drive Verified","Pure Sale","[PREMIUM]",,"ANGOLA","NY","14006 9726","USA","USD","[PREMIUM]","[PREMIUM]","C050",false,"[PREMIUM]","XDRIVE30I",false,false,"[PREMIUM]",,,,,,,,"[PREMIUM]"
"60184756","2026-08-17 21:04:21.430","2026-08-23 23:46:58.488","60184756","2026-08-21 20:39:30.000","[PREMIUM]","344","NY - BUFFALO","2026-08-24","MONDAY","1000","EDT","31","V",2023,"KIA","SORENTO","SORENTO","SUV","WHITE","FRONT END","MINOR DENT/SCRATCHES","NY","SM","YES","D",34156,"A","[PREMIUM]",27830,"2.5L 4","ALL WHEEL DRIVE","AUTOMATIC","GAS",4,"Run & Drive Verified","Pure Sale","[PREMIUM]",,"ANGOLA","NY","14006 9726","USA","USD","[PREMIUM]","[PREMIUM]","1N050",false,"[PREMIUM]","SX",false,false,"[PREMIUM]",,,,,,,,"[PREMIUM]"
"60317916","2026-08-17 21:04:21.430","2026-08-23 23:46:58.510","60317916","2026-08-21 20:39:30.000","[PREMIUM]","344","NY - BUFFALO","2026-08-24","MONDAY","1000","EDT","45","V",2026,"HONDA","CRV","CR-V","SPORT UTILITY VEHICLE","GRAY","FRONT END","MINOR DENT/SCRATCHES","NY","SM","YES","D",6817,"A","[PREMIUM]",14349.67,"2.0L 4","ALL WHEEL DRIVE","AUTOMATIC","ELECTRIC AND GAS HYBRID",4,"Run & Drive Verified","On Minimum Bid","[PREMIUM]",,"ANGOLA","NY","14006 9726","USA","USD","[PREMIUM]","[PREMIUM]","1M050",false,"[PREMIUM]","SPORT-L",false,false,"[PREMIUM]",,,,,,,,"[PREMIUM]"
"60446876","2026-08-17 21:04:21.427","2026-08-23 23:46:58.513","60446876","2026-08-21 20:39:30.000","[PREMIUM]","344","NY - BUFFALO","2026-08-24","MONDAY","1000","EDT","7","V",2025,"CHEVROLET","BLAZER","BLAZER","SPORT UTILITY VEHICLE","RED","SIDE",,"NY","SM","YES","D",8748,"A","[PREMIUM]",0,"2.0L 4","ALL WHEEL DRIVE","AUTOMATIC","GAS",4,"Run & Drive Verified","Pure Sale","[PREMIUM]",,"ANGOLA","NY","14006 9726","USA","USD","[PREMIUM]","[PREMIUM]","M020",false,"[PREMIUM]","2LT",false,false,"[PREMIUM]",,,,,,,,"[PREMIUM]"
"60404936","2026-08-17 21:04:21.425","2026-08-23 23:46:58.510","60404936","2026-08-21 20:39:30.000","[PREMIUM]","344","NY - BUFFALO","2026-08-24","MONDAY","1000","EDT","30","V",2019,"JEEP","GRAND CHER","CHEROKEE","SPORT UTILITY VEHICLE","GREEN","FRONT END",,"PA","SC","YES","D",52144,"A","[PREMIUM]",8941.01,"3.2L 6","4X4 W/FRONT WHL DRV","AUTOMATIC","FLEXIBLE",6,"Run & Drive Verified","Pure Sale","[PREMIUM]",,"ANGOLA","NY","14006 9726","USA","USD","[PREMIUM]","[PREMIUM]","M030",false,"[PREMIUM]","LIMITED",false,false,"[PREMIUM]",,,,,,,,"[PREMIUM]"
"59633226","2026-08-17 21:04:21.385","2026-08-26 23:45:33.637","59633226","2026-08-25 18:28:32.000","[PREMIUM]","344","NY - BUFFALO","2026-08-31","MONDAY","1000","EDT","0","V",2023,"CHEVROLET","SUBURBAN","SUBURBAN","SPORT UTILITY VEHICLE","WHITE","ROLLOVER","SIDE","PA","SC","YES","E",37658,"A","[PREMIUM]",48368,"5.3L 8","4X4 W/REAR WHEEL DRV","AUTOMATIC","GAS",8,"DEFAULT","On Minimum Bid","[PREMIUM]",,"ANGOLA","NY","14006 9726","USA","USD","[PREMIUM]","[PREMIUM]","A050",false,"[PREMIUM]","K1500 PREMIER",false,false,"[PREMIUM]",,,,,,,,"[PREMIUM]"
"59647266","2026-08-17 21:04:21.384","2026-08-23 23:46:58.466","59647266","2026-08-21 20:39:30.000","[PREMIUM]","344","NY - BUFFALO","2026-08-24","MONDAY","1000","EDT","2349","V",2019,"CHEVROLET","EQUINOX","EQUINOX","SPORT UTILITY VEHICLE","BLUE","FRONT END","MINOR DENT/SCRATCHES","NY","SM","YES","D",58166,"A","[PREMIUM]",12322.41,"1.5L 4","FRONT WHEEL DRIVE","AUTOMATIC","GAS",4,"Run & Drive Verified","Pure Sale","[PREMIUM]",,"ANGOLA","NY","14006 9726","USA","USD","[PREMIUM]","[PREMIUM]","1M010",false,"[PREMIUM]","LT",false,false,"[PREMIUM]",,,,,,,,"[PREMIUM]"
"59849486","2026-08-17 21:04:21.384","2026-08-31 11:47:27.803","59849486","2026-08-28 20:58:08.000","[PREMIUM]","344","NY - BUFFALO","2026-08-31","MONDAY","1000","EDT","2055","V",2017,"SUBARU","OUTBACK","OUTBACK","SPORT UTILITY VEHICLE","BLACK","FRONT END","REAR END","WV","CT","NO","E",0,"N","[PREMIUM]",13344,"2.5L 4","ALL WHEEL DRIVE","AUTOMATIC","GAS",4,"DEFAULT","On Minimum Bid","[PREMIUM]",,"ANGOLA","NY","14006 9726","USA","USD","[PREMIUM]","[PREMIUM]","O030",false,"[PREMIUM]","2.5I LIMITED",false,false,"[PREMIUM]",,,,,,,,"[PREMIUM]"
"59961026","2026-08-17 21:04:21.377","2026-08-23 23:46:58.495","59961026","2026-08-21 20:39:30.000","[PREMIUM]","344","NY - BUFFALO","2026-08-24","MONDAY","1000","EDT","2329","V",2018,"FORD","ESCAPE","ESCAPE","SPORT UTILITY VEHICLE","BURGUNDY","FRONT END",,"PA","SC","YES","D",101928,"A","[PREMIUM]",12887.44,"1.5L 4","4X4 W/FRONT WHL DRV","AUTOMATIC","GAS",4,"Run & Drive Verified","Pure Sale","[PREMIUM]",,"ANGOLA","NY","14006 9726","USA","USD","[PREMIUM]","[PREMIUM]","D040",false,"[PREMIUM]","SE",false,false,"[PREMIUM]",,,,,,,,"[PREMIUM]"
"59880906","2026-08-17 21:04:21.376","2026-08-23 23:46:58.461","59880906","2026-08-21 20:39:30.000","[PREMIUM]","344","NY - BUFFALO","2026-08-24","MONDAY","1000","EDT","3015","V",2018,"FORD","ALL Models","FOCUS","HATCHBACK","GRAY","FRONT END","SIDE","NY","SM","YES","E",47842,"A","[PREMIUM]",9945,"2.0L 4","FRONT WHEEL DRIVE","AUTOMATIC","GAS",4,"DEFAULT","Pure Sale","[PREMIUM]",,"ANGOLA","NY","14006 9726","USA","USD","[PREMIUM]","[PREMIUM]","C010",false,"[PREMIUM]","SE",false,false,"[PREMIUM]",,,,,,,,"[PREMIUM]"
"59956276","2026-08-17 21:04:21.376","2026-08-23 23:46:58.457","59956276","2026-08-21 20:39:30.000","[PREMIUM]","344","NY - BUFFALO","2026-08-24","MONDAY","1000","EDT","75","V",2023,"NISSAN","ROGUE","ROGUE","SPORT UTILITY VEHICLE","WHITE","FRONT END",,"PA","SC","YES","D",100229,"A","[PREMIUM]",17146.15,"1.5L 3","ALL WHEEL DRIVE","AUTOMATIC","GAS",3,"Run & Drive Verified","On Minimum Bid","[PREMIUM]",,"ANGOLA","NY","14006 9726","USA","USD","[PREMIUM]","[PREMIUM]","C050",false,"[PREMIUM]","SV",false,false,"[PREMIUM]",,,,,,,,"[PREMIUM]"
"58228396","2026-08-17 21:04:21.353","2026-08-24 11:45:39.995","58228396","2026-08-21 20:39:30.000","[PREMIUM]","344","NY - BUFFALO","2026-08-24","MONDAY","1000","EDT","3016","V",2019,"HYUNDAI","SONATA","SONATA","SEDAN","GRAY","SIDE",,"PA","SC","YES","E",63611,"A","[PREMIUM]",9921.03,"2.4L 4","FRONT WHEEL DRIVE","AUTOMATIC","GAS",4,"DEFAULT","Pure Sale","[PREMIUM]",,"ANGOLA","NY","14006 9726","USA","USD","[PREMIUM]","[PREMIUM]","B010",false,"[PREMIUM]","SE",false,false,"[PREMIUM]",,,,,,,,"[PREMIUM]"
"57509015","2026-08-17 21:04:21.323","2026-08-23 23:46:58.376","57509015","2026-08-21 20:39:30.000","[PREMIUM]","344","NY - BUFFALO","2026-08-24","MONDAY","1000","EDT","3526","V",2001,"TOYOTA","AVALON","AVALON","SEDAN 4D","GREEN","FRONT END","SIDE","NY","DU","YES","S",254894,"E","[PREMIUM]",0,"3.0L  6","Front-wheel Drive","AUTOMATIC","GAS",6,"Vehicle Starts","Pure Sale","[PREMIUM]",,"ANGOLA","NY","14006 9726","USA","USD","[PREMIUM]","[PREMIUM]","C060",false,"[PREMIUM]","XL",false,false,"[PREMIUM]",,,,,,,,"[PREMIUM]"
"54126236","2026-08-17 21:04:21.243","2026-08-23 23:46:58.280","54126236","2026-08-21 20:39:30.000","[PREMIUM]","344","NY - BUFFALO","2026-08-24","MONDAY","1000","EDT","2300","V",2018,"KIA","SOUL","SOUL","SPORT UTILITY VEHICLE","BLUE","FRONT END",,"LA","ST","YES","D",120642,"N","[PREMIUM]",6040.3,"2.0L 4","FRONT WHEEL DRIVE","AUTOMATIC","GAS",4,"Run & Drive Verified","Pure Sale","[PREMIUM]","ODOMETER DISCREPENCY        ","ANGOLA","NY","14006 9726","USA","USD","[PREMIUM]","[PREMIUM]","C060",false,"[PREMIUM]","+",false,false,"[PREMIUM]",,,,,,,,"[PREMIUM]"
"52436846","2026-08-17 21:04:21.222","2026-08-23 23:46:58.293","52436846","2026-08-21 20:39:30.000","[PREMIUM]","344","NY - BUFFALO","2026-08-24","MONDAY","1000","EDT","3068","V",2020,"JEEP","CHEROKEE","GRAND CHEROKEE","SPORT UTILITY VEHICLE","CHARCOAL","FRONT END",,"NY","DU","NO",,72110,"A","[PREMIUM]",19061,"3.6L 6","4X4 W/REAR WHEEL DRV","AUTOMATIC","FLEXIBLE",6,,"Pure Sale","[PREMIUM]",,"ANGOLA","NY","14006 9726","USA","USD","[PREMIUM]","[PREMIUM]","1J020",false,"[PREMIUM]","LIMITED",false,false,"[PREMIUM]",,,,,,,,"[PREMIUM]"
"54411226","2026-08-17 21:04:21.215","2026-08-23 23:46:58.279","54411226","2026-08-21 20:39:30.000","[PREMIUM]","344","NY - BUFFALO","2026-08-24","MONDAY","1000","EDT","98","V",2023,"KIA","SORENTO","SORENTO",,"WHITE","SIDE","FRONT END","MI","PO","YES","D",29524,"N","[PREMIUM]",30131.83,,,"AUTOMATIC",,,"Run & Drive Verified","Pure Sale","[PREMIUM]","Rear damage Airbags deployed","ANGOLA","NY","14006 9726","USA","USD","[PREMIUM]","[PREMIUM]","D040",false,"[PREMIUM]",,false,false,"[PREMIUM]",,,,,,,,"[PREMIUM]"
"65019826","2026-08-17 21:04:21.100","2026-08-31 11:47:27.483","65019826","2026-08-27 17:40:27.000","[PREMIUM]","855","WHOLESALE AUCTION","2026-09-01","TUESDAY","1200","EDT","0","V",2012,"FORD","EXPEDITION","EXPEDITION","4DR SPORT UTILITY","SILVER","SIDE","FRONT END","CA","DV","YES","D",132341,"A","[PREMIUM]",0,"5.4L 8","4X4 W/REAR WHEEL DRV","AUTOMATIC","FLEXIBLE",8,"Run & Drive Verified","On Minimum Bid","[PREMIUM]",,"ANDERSON","CA","96007 8706","USA","USD","[PREMIUM]","[PREMIUM]","D030",true,"[PREMIUM]","XLT",false,true,"[PREMIUM]",,,,,"RED LIGHT",3.5,,"[PREMIUM]"
"64833896","2026-08-17 21:04:21.055","2026-08-31 11:47:27.481","64833896","2026-08-25 15:21:53.000","[PREMIUM]","343","CA - REDDING",,,,"PDT","0","V",2023,"HONDA","CRV","CR-V","SPORT UTILITY VEHICLE","WHITE","FRONT END",,"CA","SC","YES","S",36619,"A","[PREMIUM]",24026,"1.5L 4","ALL WHEEL DRIVE","AUTOMATIC","GAS",4,"Vehicle Starts","Pure Sale","[PREMIUM]",,"ANDERSON","CA","96007 8706","USA","USD","[PREMIUM]","[PREMIUM]","F030",false,"[PREMIUM]","EXL",false,false,"[PREMIUM]",,,,,,,,"[PREMIUM]"
"64566396","2026-08-17 21:04:21.045","2026-08-28 11:45:30.510","64566396","2026-08-28 00:10:10.000","[PREMIUM]","343","CA - REDDING","2026-08-28","FRIDAY","1200","PDT","16","V",2010,"NISSAN","370Z","370Z","COUPE","GRAY","FRONT END","SIDE","CA","SC","YES","D",130947,"A","[PREMIUM]",12004.73,"3.7L 6","REAR WHEEL DRIVE","MANUAL","GAS",6,"Run & Drive Verified","On Minimum Bid","[PREMIUM]",,"ANDERSON","CA","96007 8706","USA","USD","[PREMIUM]","[PREMIUM]","D050",false,"[PREMIUM]","BASE",false,false,"[PREMIUM]",,,,,,,,"[PREMIUM]"
"64233276","2026-08-17 21:04:20.966","2026-08-27 17:48:22.248","64233276","2026-08-25 16:19:39.000","[PREMIUM]","343","CA - REDDING","2026-08-28","FRIDAY","1200","PDT","0","V",2015,"HONDA","CIVIC","CIVIC","SEDAN 4DR","SILVER","REAR END",,"CA","SC","YES","D",158976,"A","[PREMIUM]",7442.86,"1.8L 4","FRONT WHEEL DRIVE","AUTOMATIC","GAS",4,"Run & Drive Verified","Pure Sale","[PREMIUM]",,"ANDERSON","CA","96007 8706","USA","USD","[PREMIUM]","[PREMIUM]","C060",false,"[PREMIUM]","EX",false,false,"[PREMIUM]",,,,,,,,"[PREMIUM]"
"63355616","2026-08-17 21:04:20.894","2026-08-20 05:42:42.788","63355616","2026-08-17 19:21:18.000","[PREMIUM]","343","CA - REDDING",,,,"PDT","0","V",2005,"GMC","YUKON","YUKON","4DR SPORT UTILITY","SILVER","SIDE","FRONT END","CA","SC","YES","D",319413,"A","[PREMIUM]",8683.67,"5.3L 8","4X4 W/REAR WHEEL DRV","AUTOMATIC","GAS",8,"Run & Drive Verified","Pure Sale","[PREMIUM]",,"ANDERSON","CA","96007 8706","USA","USD","[PREMIUM]","[PREMIUM]","F050",false,"[PREMIUM]",,false,false,"[PREMIUM]",,,,,,,,"[PREMIUM]"
"59865076","2026-08-17 21:04:20.615","2026-08-31 11:47:27.133","59865076","2026-08-28 19:55:36.000","[PREMIUM]","343","CA - REDDING","2026-09-04","FRIDAY","1200","PDT","0","V",2023,"FORD","F150","F150","PICKUP","GRAY","FRONT END",,"CA","SC","YES","D",41941,"A","[PREMIUM]",12288,"3.5L 6","4X4 W/REAR WHEEL DRV","AUTOMATIC","GAS",6,"Run & Drive Verified","On Minimum Bid","[PREMIUM]",,"ANDERSON","CA","96007 8706","USA","USD","[PREMIUM]","[PREMIUM]","D090",false,"[PREMIUM]","SUPERCREW",false,false,"[PREMIUM]",,,,,,,,"[PREMIUM]"
"58026386","2026-08-17 21:04:20.447","2026-08-21 12:53:04.969","58026386","2026-08-20 22:20:54.000","[PREMIUM]","343","CA - REDDING","2026-08-21","FRIDAY","1200","PDT","0","V",2018,"TESLA","MODEL 3","MODEL 3","SEDAN","BLACK","REAR END","FRONT END","CA","SC","YES","D",81198,"A","[PREMIUM]",0,,"REAR WHEEL DRIVE","AUTOMATIC","ELECTRIC",,"Run & Drive Verified","Pure Sale","[PREMIUM]",,"ANDERSON","CA","96007 8706","USA","USD","[PREMIUM]","[PREMIUM]","B130",false,"[PREMIUM]",,false,false,"[PREMIUM]",,,,,,,,"[PREMIUM]"
"57055306","2026-08-17 21:04:20.420","2026-08-27 17:48:21.367","57055306","2026-08-21 20:46:35.000","[PREMIUM]","343","CA - REDDING","2026-08-28","FRIDAY","1200","PDT","0","V",2009,"FORD","FOCUS","FOCUS","SEDAN 4DR","SILVER","FRONT END",,"CA","SC","YES","D",42749,"A","[PREMIUM]",0,"2.0L 4","FRONT WHEEL DRIVE","AUTOMATIC","GAS",4,"Run & Drive Verified","Pure Sale","[PREMIUM]",,"ANDERSON","CA","96007 8706","USA","USD","[PREMIUM]","[PREMIUM]","D050",false,"[PREMIUM]","SE",false,false,"[PREMIUM]",,,,,,,,"[PREMIUM]"
"56772816","2026-08-17 21:04:20.391","2026-08-31 11:47:27.067","56772816","2026-08-20 17:04:28.000","[PREMIUM]","841","CRASHEDTOYS POWERSPORT AUCTION",,,,"CDT","0","A",2021,"POLARIS","RZR","RZR","SIDE BY SIDE","TWO TONE","ROLLOVER",,"CA","SC","YES","D",1760,"A","[PREMIUM]",14104.75,"2",,"AUTOMATIC","GAS",2,"Run & Drive Verified","Pure Sale","[PREMIUM]",,"ANDERSON","CA","96007 8706","USA","USD","[PREMIUM]","[PREMIUM]","MC1",false,"[PREMIUM]",,false,false,"[PREMIUM]",,,,,,,,"[PREMIUM]"
"55539066","2026-08-17 21:04:20.360","2026-08-17 21:04:20.360","55539066","2026-08-17 20:01:41.000","[PREMIUM]","855","WHOLESALE AUCTION","2026-08-18","TUESDAY","1200","EDT","3296","V",2023,"KIA","SOUL","SOUL","WAGON","GRAY","FRONT END",,"CA","CT","YES","S",62585,"A","[PREMIUM]",9641,"2.0L 4","FRONT WHEEL DRIVE","AUTOMATIC","GAS",4,"Vehicle Starts","On Approval","[PREMIUM]",,"ANDERSON","CA","96007 8706","USA","USD","[PREMIUM]","[PREMIUM]","B020",false,"[PREMIUM]","LX",false,true,"[PREMIUM]",,,,,"RED LIGHT",0,"Other","[PREMIUM]"
"65339856","2026-08-17 21:04:19.791","2026-08-19 03:00:48.370","65339856","2026-08-17 19:36:15.000","[PREMIUM]","342","MD - BALTIMORE EAST","2026-08-20","THURSDAY","1000","EDT","0","V",2014,"RAM","TRADESMAN","TRADESMAN","EXTENDED CARGO VAN","WHITE","MINOR DENT/SCRATCHES",,"MD","CT","YES","D",197177,"A","[PREMIUM]",0,"3.6L 6","FRONT WHEEL DRIVE","AUTOMATIC","FLEXIBLE",6,"Run & Drive Verified","On Minimum Bid","[PREMIUM]",,"BALTIMORE","MD","21225","USA","USD","[PREMIUM]","[PREMIUM]","DD040",true,"[PREMIUM]",,false,false,"[PREMIUM]",,,,,,,,"[PREMIUM]"
"65761286","2026-08-17 21:04:19.773","2026-08-27 11:45:23.041","65761286","2026-08-27 08:00:11.000","[PREMIUM]","342","MD - BALTIMORE EAST","2026-08-27","THURSDAY","1000","EDT","2054","V",2017,"LAND ROVER","DISCOVERY","DISCOVERY","SPORT UTILITY VEHICLE","GRAY","MINOR DENT/SCRATCHES","NORMAL WEAR","MD","CT","YES","D",132614,"A","[PREMIUM]",0,"3.0L 6","ALL WHEEL DRIVE","AUTOMATIC","GAS",6,"Run & Drive Verified","On Minimum Bid","[PREMIUM]",,"BALTIMORE","MD","21225","USA","USD","[PREMIUM]","[PREMIUM]","*OFF",true,"[PREMIUM]","SE",false,false,"[PREMIUM]","601 W PATAPSCO AVE","MD","BALTIMORE","21225",,,,"[PREMIUM]"
"65570676","2026-08-17 21:04:19.770","2026-08-27 11:45:22.676","65570676","2026-08-27 08:00:10.000","[PREMIUM]","342","MD - BALTIMORE EAST","2026-08-27","THURSDAY","1000","EDT","64","V",2005,"CHEVROLET","TAHOE","TAHOE","4DR SPORT UTILITY","BLUE","MECHANICAL","REAR END","MD","CT","YES","D",336322,"A","[PREMIUM]",0,"5.3L 8","4X4 W/REAR WHEEL DRV","AUTOMATIC","GAS",8,"Run & Drive Verified","On Minimum Bid","[PREMIUM]",,"BALTIMORE","MD","21225","USA","USD","[PREMIUM]","[PREMIUM]","AA070",true,"[PREMIUM]","K1500",false,false,"[PREMIUM]",,,,,,,,"[PREMIUM]"
"65319576","2026-08-17 21:04:19.764","2026-08-30 17:49:31.796","65319576","2026-08-28 13:57:02.000","[PREMIUM]","342","MD - BALTIMORE EAST","2026-09-03","THURSDAY","1000","EDT","0","V",2011,"VOLKSWAGEN","JETTA","JETTA","STATION WAGON","BLUE","FRONT END",,"MD","CT","YES","D",210920,"A","[PREMIUM]",0,"2.5L 5","FRONT WHEEL DRIVE","AUTOMATIC","GAS",5,"Run & Drive Verified","On Minimum Bid","[PREMIUM]",,"BALTIMORE","MD","21225","USA","USD","[PREMIUM]","[PREMIUM]","D070",true,"[PREMIUM]","S",false,false,"[PREMIUM]",,,,,,,,"[PREMIUM]"
"64755256","2026-08-17 21:04:19.719","2026-08-19 03:00:48.293","64755256","2026-08-17 18:05:42.000","[PREMIUM]","838","RENTAL VEHICLE SALE","2026-08-19","WEDNESDAY","1200","EDT","0","V",2023,"CHEVROLET","MALIBU","MALIBU","SEDAN","BLACK","FRONT END",,"NY","CT","YES","E",101636,"A","[PREMIUM]",9009,"1.5L 4","FRONT WHEEL DRIVE","AUTOMATIC","GAS",4,"DEFAULT","On Minimum Bid","[PREMIUM]",,"BALTIMORE","MD","21225","USA","USD","[PREMIUM]","[PREMIUM]","BCSBY",false,"[PREMIUM]","LT",true,false,"[PREMIUM]",,,,,,,,"[PREMIUM]"
"64338336","2026-08-17 21:04:19.555","2026-08-19 03:00:48.161","64338336","2026-08-17 19:41:07.000","[PREMIUM]","838","RENTAL VEHICLE SALE","2026-08-19","WEDNESDAY","1200","EDT","0","V",2011,"FORD","RANGER","RANGER","PICKUP","WHITE","MINOR DENT/SCRATCHES",,"MD","CT","YES","D",163354,"A","[PREMIUM]",0,"2.3L 4","REAR WHEEL DRIVE","AUTOMATIC","GAS",4,"Run & Drive Verified","On Approval","[PREMIUM]",,"BALTIMORE","MD","21225","USA","USD","[PREMIUM]","[PREMIUM]","LAURL",false,"[PREMIUM]",,false,false,"[PREMIUM]",,,,,,,,"[PREMIUM]"
"64188816","2026-08-17 21:04:19.530","2026-08-31 11:47:24.564","64188816","2026-08-27 19:45:17.000","[PREMIUM]","880","*NCS - EASTERN REGION","2026-08-31","MONDAY","2100","EDT","0","V",2025,"KIA","TELLURIDE","TELLURIDE","SPORT UTILITY VEHICLE","BROWN","SIDE","MINOR DENT/SCRATCHES","CO","NR","YES","D",40503,"A","[PREMIUM]",0,"3.8L 6","ALL WHEEL DRIVE","AUTOMATIC","GAS",6,"Run & Drive Verified","On Minimum Bid","[PREMIUM]",,"BALTIMORE","MD","21225","USA","USD","[PREMIUM]","[PREMIUM]","HH010",true,"[PREMIUM]","S",false,false,"[PREMIUM]",,,,,,,,"[PREMIUM]"
"64283086","2026-08-17 21:04:19.514","2026-08-19 03:00:48.115","64283086","2026-08-17 17:37:05.000","[PREMIUM]","838","RENTAL VEHICLE SALE","2026-08-19","WEDNESDAY","1200","EDT","0","V",2024,"HYUNDAI","ELANTRA","ELANTRA","SEDAN","GRAY","FRONT END","DAMAGE HISTORY","OH","CT","YES","D",90090,"A","[PREMIUM]",5932.36,"2.0L 4","FRONT WHEEL DRIVE","AUTOMATIC","GAS",4,"Run & Drive Verified","On Minimum Bid","[PREMIUM]",,"BALTIMORE","MD","21225","USA","USD","[PREMIUM]","[PREMIUM]","BBLU6",false,"[PREMIUM]","SEL",true,false,"[PREMIUM]",,,,,,,,"[PREMIUM]"
"64188276","2026-08-17 21:04:19.437","2026-08-31 11:47:24.565","64188276","2026-08-27 19:44:58.000","[PREMIUM]","880","*NCS - EASTERN REGION","2026-08-31","MONDAY","2100","EDT","0","V",2026,"TOYOTA","CAMRY","CAMRY","SEDAN","WHITE","REAR END","SIDE","FL","CD","YES","D",4459,"A","[PREMIUM]",0,"2.5L 4","FRONT WHEEL DRIVE","AUTOMATIC","ELECTRIC AND GAS HYBRID",4,"Run & Drive Verified","On Minimum Bid","[PREMIUM]",,"BALTIMORE","MD","21225","USA","USD","[PREMIUM]","[PREMIUM]","G070",true,"[PREMIUM]","LE",false,false,"[PREMIUM]",,,,,,,,"[PREMIUM]"
"64142536","2026-08-17 21:04:19.428","2026-08-20 05:42:40.973","64142536","2026-08-17 19:46:44.000","[PREMIUM]","342","MD - BALTIMORE EAST","2026-08-20","THURSDAY","1000","EDT","0","V",2014,"CHEVROLET","CRUZE","CRUZE","SEDAN 4DR","SILVER","MINOR DENT/SCRATCHES",,"MD","CT","YES","D",143462,"A","[PREMIUM]",0,"1.8L 4","FRONT WHEEL DRIVE","AUTOMATIC","GAS",4,"Run & Drive Verified","On Minimum Bid","[PREMIUM]",,"BALTIMORE","MD","21225","USA","USD","[PREMIUM]","[PREMIUM]","DD020",true,"[PREMIUM]","LS",false,false,"[PREMIUM]",,,,,,,,"[PREMIUM]"
"64200786","2026-08-17 21:04:19.401","2026-08-20 05:42:41.022","64200786","2026-08-19 15:16:09.000","[PREMIUM]","342","MD - BALTIMORE EAST","2026-08-20","THURSDAY","1000","EDT","0","V",2025,"FORD","EXPLORER","EXPLORER","SPORT UTILITY VEHICLE","GRAY","UNDERCARRIAGE","SIDE","FL","CD","YES","S",52335,"A","[PREMIUM]",0,"2.3L 4","4X4 W/REAR WHEEL DRV","AUTOMATIC","GAS",4,"Vehicle Starts","On Approval","[PREMIUM]",,"BALTIMORE","MD","21225","USA","USD","[PREMIUM]","[PREMIUM]","C080",false,"[PREMIUM]","ST-LINE",false,false,"[PREMIUM]",,,,,,,,"[PREMIUM]"
"64188466","2026-08-17 21:04:19.384","2026-08-31 11:47:24.565","64188466","2026-08-27 19:45:07.000","[PREMIUM]","880","*NCS - EASTERN REGION","2026-08-31","MONDAY","2100","EDT","0","V",2025,"HYUNDAI","SONATA","SONATA","SEDAN","GRAY","FRONT END","MINOR DENT/SCRATCHES","FL","CD","YES","D",24067,"A","[PREMIUM]",0,"2.5L 4","FRONT WHEEL DRIVE","AUTOMATIC","GAS",4,"Run & Drive Verified","On Minimum Bid","[PREMIUM]",,"BALTIMORE","MD","21225","USA","USD","[PREMIUM]","[PREMIUM]","B100",true,"[PREMIUM]","SEL",false,false,"[PREMIUM]",,,,,,,,"[PREMIUM]"
"64069096","2026-08-17 21:04:19.345","2026-08-31 11:47:24.516","64069096","2026-08-27 19:43:13.000","[PREMIUM]","880","*NCS - EASTERN REGION","2026-08-31","MONDAY","2100","EDT","0","V",2018,"TOYOTA","COROLLA","COROLLA","SEDAN","GRAY","FRONT END",,"VA","CT","EXM","E",243350,"A","[PREMIUM]",0,"1.8L 4","FRONT WHEEL DRIVE","AUTOMATIC","GAS",4,"DEFAULT","On Minimum Bid","[PREMIUM]",,"BALTIMORE","MD","21225","USA","USD","[PREMIUM]","[PREMIUM]","G050",true,"[PREMIUM]","LE",false,false,"[PREMIUM]",,,,,,,,"[PREMIUM]"
"63860086","2026-08-17 21:04:19.221","2026-08-24 11:45:37.351","63860086","2026-08-24 10:00:42.000","[PREMIUM]","838","RENTAL VEHICLE SALE","2026-08-24","MONDAY","1200","EDT","4015","V",2024,"NISSAN","MURANO","MURANO","SPORT UTILITY VEHICLE","SILVER","FRONT END","DAMAGE HISTORY","TN","CT","YES","E",78222,"A","[PREMIUM]",16853,"3.5L 6","FRONT WHEEL DRIVE","AUTOMATIC","GAS",6,"DEFAULT","On Minimum Bid","[PREMIUM]",,"BALTIMORE","MD","21225","USA","USD","[PREMIUM]","[PREMIUM]","CBLU2",false,"[PREMIUM]","SV",true,false,"[PREMIUM]",,,,,,,,"[PREMIUM]"
"62800796","2026-08-17 21:04:18.420","2026-08-25 00:02:43.470","62800796","2026-08-20 20:29:15.000","[PREMIUM]","342","MD - BALTIMORE EAST","2026-08-25","TUESDAY","1000","EDT","0","V",2012,"TOYOTA","RAV4","RAV4","SUV","SILVER","REAR END","FRONT END","ID","SC","YES","D",169865,"A","[PREMIUM]",8413,"2.5L 4","FOUR BY FOUR","AUTOMATIC","GAS",4,"Run & Drive Verified","Pure Sale","[PREMIUM]",,"BALTIMORE","MD","21225","USA","USD","[PREMIUM]","[PREMIUM]","3G080",false,"[PREMIUM]","BASE",false,false,"[PREMIUM]",,,,,,,,"[PREMIUM]"
"61543366","2026-08-17 21:04:17.685","2026-08-27 11:45:20.655","61543366","2026-08-27 08:00:10.000","[PREMIUM]","342","MD - BALTIMORE EAST","2026-08-27","THURSDAY","1000","EDT","78","V",2015,"CHEVROLET","EQUINOX","EQUINOX","4DR SPORT UTILITY","BLACK","FRONT END","SIDE","MT","CT","YES","D",146677,"A","[PREMIUM]",0,"2.4L 4","ALL WHEEL DRIVE","AUTOMATIC","FLEXIBLE",4,"Run & Drive Verified","On Minimum Bid","[PREMIUM]",,"BALTIMORE","MD","21225","USA","USD","[PREMIUM]","[PREMIUM]","A110",true,"[PREMIUM]","LT",false,false,"[PREMIUM]",,,,,,,,"[PREMIUM]"
"61377916","2026-08-17 21:04:17.603","2026-08-31 11:47:23.108","61377916","2026-08-28 20:19:01.000","[PREMIUM]","855","WHOLESALE AUCTION","2026-09-01","TUESDAY","1200","EDT","0","V",2024,"HYUNDAI","ELANTRA","ELANTRA","SEDAN","RED","FRONT END",,"WV","CT","YES","E",58762,"A","[PREMIUM]",0,"2.0L 4","FRONT WHEEL DRIVE","AUTOMATIC","GAS",4,"DEFAULT","On Minimum Bid","[PREMIUM]",,"BALTIMORE","MD","21225","USA","USD","[PREMIUM]","[PREMIUM]","DBLU1",true,"[PREMIUM]","SEL",false,true,"[PREMIUM]",,,,,"RED LIGHT",0,,"[PREMIUM]"
"61167126","2026-08-17 21:04:17.531","2026-08-31 11:47:22.989","61167126","2026-08-28 20:19:00.000","[PREMIUM]","855","WHOLESALE AUCTION","2026-09-01","TUESDAY","1200","EDT","0","V",2013,"CHEVROLET","CRUZE","CRUZE","SEDAN 4DR","BLUE","FRONT END","MECHANICAL","WV","CT","YES","D",81470,"A","[PREMIUM]",0,"1.4L 4","FRONT WHEEL DRIVE","AUTOMATIC","GAS",4,"Run & Drive Verified","On Minimum Bid","[PREMIUM]",,"BALTIMORE","MD","21225","USA","USD","[PREMIUM]","[PREMIUM]","HBLU2",false,"[PREMIUM]","ECO",false,true,"[PREMIUM]",,,,,"RED LIGHT",2.3,"Emission","[PREMIUM]"
"61050236","2026-08-17 21:04:17.336","2026-08-31 11:47:22.939","61050236","2026-08-25 21:24:01.000","[PREMIUM]","342","MD - BALTIMORE EAST","2026-09-01","TUESDAY","1000","EDT","0","V",2008,"TOYOTA","TACOMA","TACOMA","PICKUP","BLACK","REAR END","FRONT END","TX","CT","YES","S",221156,"E","[PREMIUM]",0,"2.7L 4","4X2","AUTOMATIC","GAS",4,"Vehicle Starts","On Minimum Bid","[PREMIUM]",,"BALTIMORE","MD","21225","USA","USD","[PREMIUM]","[PREMIUM]","CC010",true,"[PREMIUM]","BASE",false,false,"[PREMIUM]",,,,,,,,"[PREMIUM]"
"59911216","2026-08-17 21:04:16.564","2026-08-30 17:49:28.939","59911216","2026-08-28 16:37:20.000","[PREMIUM]","342","MD - BALTIMORE EAST","2026-09-03","THURSDAY","1000","EDT","0","V",2012,"CHEVROLET","CRUZE","CRUZE","SEDAN 4DR","BLUE","FRONT END","MINOR DENT/SCRATCHES","MD","CT","YES","D",201772,"A","[PREMIUM]",0,"1.8L 4","FRONT WHEEL DRIVE","AUTOMATIC","GAS",4,"Run & Drive Verified","On Minimum Bid","[PREMIUM]",,"BALTIMORE","MD","21225","USA","USD","[PREMIUM]","[PREMIUM]","A100",false,"[PREMIUM]","LS",false,false,"[PREMIUM]",,,,,,,,"[PREMIUM]"
"57158906","2026-08-17 21:04:15.078","2026-08-25 00:02:41.381","57158906","2026-08-20 20:34:32.000","[PREMIUM]","342","MD - BALTIMORE EAST","2026-08-25","TUESDAY","1000","EDT","0","V",2023,"DODGE","CHARGER","CHARGER","SEDAN","GRAY","FRONT END","MINOR DENT/SCRATCHES","ID","SC","YES","D",84553,"A","[PREMIUM]",12244,"3.6L 6","REAR WHEEL DRIVE","AUTOMATIC","FLEXIBLE",6,"Run & Drive Verified","Pure Sale","[PREMIUM]",,"BALTIMORE","MD","21225","USA","USD","[PREMIUM]","[PREMIUM]","DD010",false,"[PREMIUM]","SXT",false,false,"[PREMIUM]",,,,,,,,"[PREMIUM]"
"56741406","2026-08-17 21:04:14.828","2026-08-30 17:49:27.574","56741406","2026-08-28 16:31:02.000","[PREMIUM]","342","MD - BALTIMORE EAST","2026-09-03","THURSDAY","1000","EDT","0","V",2006,"LEXUS","IS","IS 250","SEDAN 4D","BLACK","SIDE",,"MD","CT","YES","D",161874,"A","[PREMIUM]",0,,,"AUTOMATIC",,,"Run & Drive Verified","On Minimum Bid","[PREMIUM]",,"BALTIMORE","MD","21225","USA","USD","[PREMIUM]","[PREMIUM]","G080",false,"[PREMIUM]",,false,false,"[PREMIUM]",,,,,,,,"[PREMIUM]"
"56299476","2026-08-17 21:04:14.594","2026-08-31 11:47:20.750","56299476","2026-08-28 18:19:48.000","[PREMIUM]","855","WHOLESALE AUCTION","2026-09-01","TUESDAY","1200","EDT","0","V",2013,"FORD","F150","F150","CREW PICKUP","BLUE","NORMAL WEAR","MECHANICAL","WV","CT","YES","D",144287,"A","[PREMIUM]",0,"3.5L 6","4X4 W/REAR WHEEL DRV","AUTOMATIC","GAS",6,"Run & Drive Verified","On Minimum Bid","[PREMIUM]",,"BALTIMORE","MD","21225","USA","USD","[PREMIUM]","[PREMIUM]","BBLU8",false,"[PREMIUM]","SUPERCREW",false,true,"[PREMIUM]",,,,,"RED LIGHT",2.2,,"[PREMIUM]"
"56244356","2026-08-17 21:04:14.572","2026-08-19 03:00:44.329","56244356","2026-08-17 15:43:59.000","[PREMIUM]","835","MEDIUM DUTY SPECIALTY SALE","2026-08-19","WEDNESDAY","1100","CDT","0","K",2023,"FORD","TRANSIT","TRANSIT CONNECT","VAN CARGO","WHITE","FRONT END","SIDE","MD","S1","YES","D",80626,"A","[PREMIUM]",15512,"2.0L 4","FRONT WHEEL DRIVE","AUTOMATIC","GAS",4,"Run & Drive Verified","Pure Sale","[PREMIUM]",,"BALTIMORE","MD","21225","USA","USD","[PREMIUM]","[PREMIUM]","3E070",false,"[PREMIUM]","XL",false,false,"[PREMIUM]",,,,,,,,"[PREMIUM]"
"54273026","2026-08-17 21:04:13.569","2026-08-31 11:47:20.147","54273026","2026-08-27 17:09:07.000","[PREMIUM]","880","*NCS - EASTERN REGION","2026-08-31","MONDAY","2100","EDT","0","V",2017,"TOYOTA","86","86","COUPE","GRAY","MECHANICAL","MINOR DENT/SCRATCHES","MD","CT","YES","D",129207,"A","[PREMIUM]",0,"2.0L 4","REAR WHEEL DRIVE","AUTOMATIC","GAS",4,"Run & Drive Verified","On Approval","[PREMIUM]",,"BALTIMORE","MD","21225","USA","USD","[PREMIUM]","[PREMIUM]","A010",false,"[PREMIUM]","BASE",false,false,"[PREMIUM]",,,,,,,,"[PREMIUM]"
"53192426","2026-08-17 21:04:13.259","2026-08-25 00:02:39.938","53192426","2026-08-20 20:29:41.000","[PREMIUM]","342","MD - BALTIMORE EAST","2026-08-25","TUESDAY","1000","EDT","0","V",2016,"TOYOTA","COROLLA","COROLLA","SEDAN","BLUE","FRONT END",,"ID","SC","YES","D",152527,"A","[PREMIUM]",7240,"1.8L 4","FRONT WHEEL DRIVE","AUTOMATIC","GAS",4,"Run & Drive Verified","Pure Sale","[PREMIUM]",,"BALTIMORE","MD","21225","USA","USD","[PREMIUM]","[PREMIUM]","A050",false,"[PREMIUM]","S PLUS",false,false,"[PREMIUM]",,,,,,,,"[PREMIUM]"
"52089936","2026-08-17 21:04:13.022","2026-08-31 05:49:47.850","52089936","2026-08-28 21:35:54.000","[PREMIUM]","342","MD - BALTIMORE EAST","2026-09-03","THURSDAY","1000","EDT","0","V",2005,"FORD","All Models","F150","PICKUP","RED","SIDE",,"MD","CT","YES","D",401737,"N","[PREMIUM]",0,"4.6L 8","REAR WHEEL DRIVE","AUTOMATIC","GAS",8,"Run & Drive Verified","On Minimum Bid","[PREMIUM]",,"BALTIMORE","MD","21225","USA","USD","[PREMIUM]","[PREMIUM]","Z010",true,"[PREMIUM]",,false,false,"[PREMIUM]",,,,,,,,"[PREMIUM]"
"98567715","2026-08-17 21:04:12.217","2026-08-20 05:42:32.119","98567715","2026-08-19 20:01:01.000","[PREMIUM]","855","WHOLESALE AUCTION","2026-08-20","THURSDAY","1200","EDT","8034","V",2016,"BUICK","ENCORE","ENCORE","4DR SPOR","RED","FRONT END","SIDE","AL","ST","YES","D",95914,"A","[PREMIUM]",9442.25,"1.4L  4","ALL WHEEL DRIVE","AUTOMATIC","GAS",4,"Run & Drive Verified","Pure Sale","[PREMIUM]",,"NEWTON","AL","36352 8228","USA","USD","[PREMIUM]","[PREMIUM]","B040",false,"[PREMIUM]","SPORT TOURING",false,true,"[PREMIUM]",,,,,,0,,"[PREMIUM]"
"65493726","2026-08-17 21:04:11.956","2026-08-31 11:47:18.971","65493726","2026-08-27 18:42:13.000","[PREMIUM]","341","AL - DOTHAN","2026-09-03","THURSDAY","1200","CDT","0","V",1996,"TOYOTA","TACOMA","TACOMA","PICKUP","BLUE","FRONT END",,"FL","CT","EXM",,0,"E","[PREMIUM]",0,"2.4L 4","REAR WHEEL DRIVE","AUTOMATIC","GAS",4,,"On Minimum Bid","[PREMIUM]",,"NEWTON","AL","36352 8228","USA","USD","[PREMIUM]","[PREMIUM]","SB001",true,"[PREMIUM]","BASE",false,false,"[PREMIUM]",,,,,,,,"[PREMIUM]"
"58844636","2026-08-17 21:04:11.203","2026-08-20 05:42:30.579","58844636","2026-08-19 12:40:50.000","[PREMIUM]","341","AL - DOTHAN","2026-08-20","THURSDAY","1200","CDT","84","V",2004,"TOYOTA","SEQUOIA","SEQUOIA","4DR SPORT UTILITY","GRAY","FRONT END",,"PA","SC","YES","D",424887,"E","[PREMIUM]",6019.04,"4.7L 8","4X4 W/REAR WHEEL DRV","AUTOMATIC","GAS",8,"Run & Drive Verified","Pure Sale","[PREMIUM]",,"NEWTON","AL","36352 8228","USA","USD","[PREMIUM]","[PREMIUM]","C030",false,"[PREMIUM]","LIMITED",false,false,"[PREMIUM]",,,,,,,,"[PREMIUM]"
"85608725","2026-08-17 21:04:10.650","2026-08-31 11:47:17.690","85608725","2026-08-28 14:30:37.000","[PREMIUM]","340","NC - GASTONIA","2026-09-02","WEDNESDAY","1000","EDT","29","V",2025,"HYUNDAI","TUCSON","TUCSON","SPORT UTILITY VEHICLE","WHITE","REAR END","SIDE","NC","SC","YES","D",17108,"A","[PREMIUM]",20761.72,"2.5L 4","FRONT WHEEL DRIVE","AUTOMATIC","GAS",4,"Run & Drive Verified","Pure Sale","[PREMIUM]",,"GASTONIA","NC","28052","USA","USD","[PREMIUM]","[PREMIUM]","J140",false,"[PREMIUM]","SE",false,false,"[PREMIUM]",,,,,,,,"[PREMIUM]"
"78133435","2026-08-17 21:04:10.617","2026-08-20 05:42:29.784","78133435","2026-08-19 20:22:50.000","[PREMIUM]","855","WHOLESALE AUCTION","2026-08-20","THURSDAY","1200","EDT","4338","V",2014,"CHEVROLET","SONIC","SONIC",,"WHITE","FRONT END","MECHANICAL","NC","CZ","YES","D",262952,"A","[PREMIUM]",4807,"1.8L  4","Front-wheel Drive","AUTOMATIC","GAS",4,"Run & Drive Verified","On Minimum Bid","[PREMIUM]",,"GASTONIA","NC","28052","USA","USD","[PREMIUM]","[PREMIUM]","SI004",false,"[PREMIUM]","LS",false,true,"[PREMIUM]",,,,,"RED LIGHT",3.5,"Other,Emission","[PREMIUM]"
"65141696","2026-08-17 21:04:10.515","2026-08-21 12:52:57.537","65141696","2026-08-19 21:30:43.000","[PREMIUM]","340","NC - GASTONIA","2026-08-26","WEDNESDAY","1000","EDT","0","V",2013,"HYUNDAI","ELANTRA","ELANTRA GT","HATCHBACK","SILVER","DAMAGE HISTORY","MINOR DENT/SCRATCHES","SC","CZ","YES","D",192419,"A","[PREMIUM]",0,"1.8L 4","FRONT WHEEL DRIVE","AUTOMATIC","GAS",4,"Run & Drive Verified","On Minimum Bid","[PREMIUM]",,"GASTONIA","NC","28052","USA","USD","[PREMIUM]","[PREMIUM]","SH004",true,"[PREMIUM]","BASE",false,false,"[PREMIUM]",,,,,,,,"[PREMIUM]"
"65129376","2026-08-17 21:04:10.489","2026-08-31 11:47:17.069","65129376","2026-08-28 14:30:37.000","[PREMIUM]","340","NC - GASTONIA","2026-09-02","WEDNESDAY","1000","EDT","74","V",2013,"LAND ROVER","RANGEROVER","RANGE ROVER SPORT","4DR SPOR","BLACK","FRONT END",,"NC","SC","YES","D",165340,"A","[PREMIUM]",5378.89,,,"AUTOMATIC",,,"Run & Drive Verified","On Minimum Bid","[PREMIUM]",,"GASTONIA","NC","28052","USA","USD","[PREMIUM]","[PREMIUM]","M090",false,"[PREMIUM]","HSE LUXURY",false,false,"[PREMIUM]",,,,,,,,"[PREMIUM]"
"64910826","2026-08-17 21:04:10.484","2026-08-31 11:47:16.941","64910826","2026-08-28 14:30:37.000","[PREMIUM]","340","NC - GASTONIA","2026-09-02","WEDNESDAY","1000","EDT","106","V",2020,"TOYOTA","TACOMA","TACOMA","PICKUP","GRAY","FRONT END","SIDE","NC","SC","YES","D",92016,"A","[PREMIUM]",22928.57,"3.5L 6","4X2","AUTOMATIC","GAS",6,"Run & Drive Verified","Pure Sale","[PREMIUM]",,"GASTONIA","NC","28052","USA","USD","[PREMIUM]","[PREMIUM]","O080",false,"[PREMIUM]","TRD OFF-ROAD",false,false,"[PREMIUM]",,,,,,,,"[PREMIUM]"
"64613096","2026-08-17 21:04:10.435","2026-08-31 11:47:16.853","64613096","2026-08-28 14:30:37.000","[PREMIUM]","340","NC - GASTONIA","2026-09-02","WEDNESDAY","1000","EDT","1119","V",2011,"MINI","COOPER","COOPER","HATCHBACK 2DR","BLACK","FRONT END",,"NC","SC","YES","S",46343,"A","[PREMIUM]",918.52,"1.6L 4","FRONT WHEEL DRIVE","MANUAL","GAS",4,"Vehicle Starts","Pure Sale","[PREMIUM]",,"GASTONIA","NC","28052","USA","USD","[PREMIUM]","[PREMIUM]","N100",false,"[PREMIUM]",,false,false,"[PREMIUM]",,,,,,,,"[PREMIUM]"
"64573486","2026-08-17 21:04:10.415","2026-08-19 03:00:40.374","64573486","2026-08-17 22:19:48.000","[PREMIUM]","838","RENTAL VEHICLE SALE","2026-08-19","WEDNESDAY","1200","EDT","0","V",2022,"TOYOTA","COROLLA","COROLLA","SEDAN","RED","FRONT END","MINOR DENT/SCRATCHES","FL","DC","YES","D",127243,"A","[PREMIUM]",14371,"1.8L 4","FRONT WHEEL DRIVE","AUTOMATIC","GAS",4,"Run & Drive Verified","On Minimum Bid","[PREMIUM]",,"GASTONIA","NC","28052","USA","USD","[PREMIUM]","[PREMIUM]","SJ001",false,"[PREMIUM]","LE",true,false,"[PREMIUM]",,,,,,,,"[PREMIUM]"
"64533626","2026-08-17 21:04:10.409","2026-08-31 11:47:16.819","64533626","2026-08-28 14:30:37.000","[PREMIUM]","340","NC - GASTONIA","2026-09-02","WEDNESDAY","1000","EDT","94","V",2019,"FORD","FUSION","FUSION","SEDAN","BLUE","SIDE",,"NC","SC","YES","D",50958,"A","[PREMIUM]",14574,"2.0L 4","FRONT WHEEL DRIVE","AUTOMATIC","ELECTRIC AND GAS HYBRID",4,"Run & Drive Verified","Pure Sale","[PREMIUM]",,"GASTONIA","NC","28052","USA","USD","[PREMIUM]","[PREMIUM]","N110",false,"[PREMIUM]","SE",false,false,"[PREMIUM]",,,,,,,,"[PREMIUM]"
"64416756","2026-08-17 21:04:10.405","2026-08-31 11:47:16.786","64416756","2026-08-28 14:30:37.000","[PREMIUM]","340","NC - GASTONIA","2026-09-02","WEDNESDAY","1000","EDT","93","V",2021,"HYUNDAI","PALISADE","PALISADE","SPORT UTILITY VEHICLE","BLACK","SIDE",,"NC","SC","YES","D",72631,"A","[PREMIUM]",19311.77,"3.8L 6","FRONT WHEEL DRIVE","AUTOMATIC","GAS",6,"Run & Drive Verified","On Minimum Bid","[PREMIUM]",,"GASTONIA","NC","28052","USA","USD","[PREMIUM]","[PREMIUM]","M120",false,"[PREMIUM]","SEL",false,false,"[PREMIUM]",,,,,,,,"[PREMIUM]"
"64222486","2026-08-17 21:04:10.378","2026-08-31 11:47:16.681","64222486","2026-08-28 14:30:37.000","[PREMIUM]","340","NC - GASTONIA","2026-09-02","WEDNESDAY","1000","EDT","11","V",2021,"CHEVROLET","ALL Models","SILVERADO","PICKUP","BLACK","REAR END",,"NC","SC","YES","D",140856,"A","[PREMIUM]",9963.84,"5.3L 8","4X4 W/REAR WHEEL DRV","AUTOMATIC","GAS",8,"Run & Drive Verified","Pure Sale","[PREMIUM]",,"GASTONIA","NC","28052","USA","USD","[PREMIUM]","[PREMIUM]","HV050",false,"[PREMIUM]","K1500 LT TRAIL BOSS",false,false,"[PREMIUM]",,,,,,,,"[PREMIUM]"
"63967826","2026-08-17 21:04:10.303","2026-08-19 03:00:40.228","63967826","2026-08-17 22:17:06.000","[PREMIUM]","838","RENTAL VEHICLE SALE","2026-08-19","WEDNESDAY","1200","EDT","0","V",2025,"KIA","ALL OTHER","K4","SEDAN","BLUE","REAR END","MECHANICAL","NY","CZ","YES","D",22941,"A","[PREMIUM]",4684.34,"2.0L 4","FRONT WHEEL DRIVE","AUTOMATIC","GAS",4,"Run & Drive Verified","On Minimum Bid","[PREMIUM]",,"GASTONIA","NC","28052","USA","USD","[PREMIUM]","[PREMIUM]","SI003",false,"[PREMIUM]","LXS",true,false,"[PREMIUM]",,,,,,,,"[PREMIUM]"
"63836306","2026-08-17 21:04:10.253","2026-08-19 03:00:40.122","63836306","2026-08-17 22:09:20.000","[PREMIUM]","838","RENTAL VEHICLE SALE","2026-08-19","WEDNESDAY","1200","EDT","0","V",2025,"NISSAN","SENTRA","SENTRA","SEDAN","GRAY","FRONT END","SIDE","PA","CZ","YES","D",20351,"A","[PREMIUM]",10595,"2.0L 4","FRONT WHEEL DRIVE","AUTOMATIC","GAS",4,"Run & Drive Verified","On Minimum Bid","[PREMIUM]",,"GASTONIA","NC","28052","USA","USD","[PREMIUM]","[PREMIUM]","SI004",false,"[PREMIUM]","SV",true,false,"[PREMIUM]",,,,,,,,"[PREMIUM]"
"63729436","2026-08-17 21:04:10.232","2026-08-31 11:47:16.528","63729436","2026-08-28 14:30:37.000","[PREMIUM]","340","NC - GASTONIA","2026-09-02","WEDNESDAY","1000","EDT","45","V",2023,"CHEVROLET","TAHOE","TAHOE","SPORT UTILITY VEHICLE","BLACK","FRONT END","SIDE","NC","SC","YES","D",37294,"A","[PREMIUM]",31960.36,"5.3L 8","4X4 W/REAR WHEEL DRV","AUTOMATIC","GAS",8,"Run & Drive Verified","Pure Sale","[PREMIUM]",,"GASTONIA","NC","28052","USA","USD","[PREMIUM]","[PREMIUM]","D030",false,"[PREMIUM]","K1500 LT",false,false,"[PREMIUM]",,,,,,,,"[PREMIUM]"
"63485116","2026-08-17 21:04:10.131","2026-08-19 03:00:39.980","63485116","2026-08-17 17:07:28.000","[PREMIUM]","838","RENTAL VEHICLE SALE","2026-08-19","WEDNESDAY","1200","EDT","0","V",2024,"HYUNDAI","SONATA","SONATA HYBRID","SEDAN","GRAY","MECHANICAL",,"NC","DC","YES","E",61967,"A","[PREMIUM]",9885.19,"2.0L 4","FRONT WHEEL DRIVE","AUTOMATIC","ELECTRIC AND GAS HYBRID",4,"DEFAULT","On Minimum Bid","[PREMIUM]",,"GASTONIA","NC","28052","USA","USD","[PREMIUM]","[PREMIUM]","SI001",false,"[PREMIUM]","SEL",true,false,"[PREMIUM]",,,,,,,,"[PREMIUM]"
"63489376","2026-08-17 21:04:10.119","2026-08-31 11:47:16.403","63489376","2026-08-28 14:30:37.000","[PREMIUM]","340","NC - GASTONIA","2026-09-02","WEDNESDAY","1000","EDT","1118","V",2002,"HONDA","All Models","ODYSSEY","SPORTS VAN","CHARCOAL","SIDE","REAR END","NC","SC","NO","E",0,"E","[PREMIUM]",3116.86,"3.5L 6","FRONT WHEEL DRIVE","AUTOMATIC","GAS",6,"DEFAULT","Pure Sale","[PREMIUM]",,"GASTONIA","NC","28052","USA","USD","[PREMIUM]","[PREMIUM]","C050",false,"[PREMIUM]","EX",false,false,"[PREMIUM]",,,,,,,,"[PREMIUM]"
"63532926","2026-08-17 21:04:10.110","2026-08-19 03:00:39.978","63532926","2026-08-17 22:14:00.000","[PREMIUM]","838","RENTAL VEHICLE SALE","2026-08-19","WEDNESDAY","1200","EDT","0","V",2025,"NISSAN","SENTRA","SENTRA","SEDAN","GRAY","SIDE","REAR END","MA","CZ","YES","D",20826,"A","[PREMIUM]",12575.89,"2.0L 4","FRONT WHEEL DRIVE","AUTOMATIC","GAS",4,"Run & Drive Verified","On Minimum Bid","[PREMIUM]",,"GASTONIA","NC","28052","USA","USD","[PREMIUM]","[PREMIUM]","SI004",false,"[PREMIUM]","SV",true,false,"[PREMIUM]",,,,,,,,"[PREMIUM]"
"63402116","2026-08-17 21:04:10.080","2026-08-31 11:47:16.350","63402116","2026-08-28 14:30:37.000","[PREMIUM]","340","NC - GASTONIA","2026-09-02","WEDNESDAY","1000","EDT","82","V",2009,"FORD","CROWN VIC","CROWN VICTOR","SEDAN 4DR","BLACK","REAR END","SIDE","NC","SC","YES","D",164669,"E","[PREMIUM]",8376,"4.6L 8","REAR WHEEL DRIVE","AUTOMATIC","FLEXIBLE",8,"Run & Drive Verified","Pure Sale","[PREMIUM]",,"GASTONIA","NC","28052","USA","USD","[PREMIUM]","[PREMIUM]","D050",false,"[PREMIUM]",,false,false,"[PREMIUM]",,,,,,,,"[PREMIUM]"
"63156696","2026-08-17 21:04:09.975","2026-08-31 11:47:16.251","63156696","2026-08-30 16:32:01.000","[PREMIUM]","340","NC - GASTONIA","2026-09-02","WEDNESDAY","1000","EDT","2520","V",2014,"CHEVROLET","TAHOE","TAHOE","4DR SPORT UTILITY","SILVER","ROLLOVER",,"SC","ST","NO","E",0,"N","[PREMIUM]",11331.09,"5.3L 8","REAR WHEEL DRIVE","AUTOMATIC","FLEXIBLE",8,"DEFAULT","Pure Sale","[PREMIUM]",,"GASTONIA","NC","28052","USA","USD","[PREMIUM]","[PREMIUM]","K120",false,"[PREMIUM]","C1500 LT",false,false,"[PREMIUM]",,,,,,,,"[PREMIUM]"
"62844936","2026-08-17 21:04:09.794","2026-08-31 11:47:16.134","62844936","2026-08-28 02:45:11.000","[PREMIUM]","880","*NCS - EASTERN REGION","2026-08-31","MONDAY","2100","EDT","0","V",2021,"FORD","ESCAPE","ESCAPE","SPORT UTILITY VEHICLE","BLUE","MECHANICAL","MINOR DENT/SCRATCHES","GA","CZ","YES","D",79616,"A","[PREMIUM]",0,"1.5L 3","4X4 W/FRONT WHL DRV","AUTOMATIC","GAS",3,"Run & Drive Verified","On Minimum Bid","[PREMIUM]",,"GASTONIA","NC","28052","USA","USD","[PREMIUM]","[PREMIUM]","SH001",false,"[PREMIUM]","SE",false,false,"[PREMIUM]",,,,,,,,"[PREMIUM]"
"62720086","2026-08-17 21:04:09.738","2026-08-31 05:55:23.822","62720086","2026-08-28 14:30:37.000","[PREMIUM]","340","NC - GASTONIA","2026-09-02","WEDNESDAY","1000","EDT","1109","V",2019,"TOYOTA","RAV4","RAV4","SPORT UTILITY VEHICLE","CHARCOAL","SIDE","FRONT END","NC","SC","YES","E",0,"N","[PREMIUM]",18716,"2.5L 4","FRONT WHEEL DRIVE","AUTOMATIC","GAS",4,"DEFAULT","Pure Sale","[PREMIUM]",,"GASTONIA","NC","28052","USA","USD","[PREMIUM]","[PREMIUM]","J110",false,"[PREMIUM]","LE",false,false,"[PREMIUM]",,,,,,,,"[PREMIUM]"
"62470656","2026-08-17 21:04:09.653","2026-08-31 11:47:16.054","62470656","2026-08-30 16:59:50.000","[PREMIUM]","340","NC - GASTONIA","2026-09-02","WEDNESDAY","1000","EDT","0","V",2012,"HYUNDAI","TUCSON","TUCSON","SUV","BLACK","REAR END","SIDE","NC","SC","YES","D",216283,"A","[PREMIUM]",0,"2.4L 4","FRONT WHEEL DRIVE","AUTOMATIC","GAS",4,"Run & Drive Verified","Pure Sale","[PREMIUM]",,"GASTONIA","NC","28052","USA","USD","[PREMIUM]","[PREMIUM]","N060",false,"[PREMIUM]","GLS",false,false,"[PREMIUM]",,,,,,,,"[PREMIUM]"
"62303386","2026-08-17 21:04:09.546","2026-08-31 11:47:15.885","62303386","2026-08-28 14:30:37.000","[PREMIUM]","340","NC - GASTONIA","2026-09-02","WEDNESDAY","1000","EDT","1130","V",2015,"HONDA","ACCORD","ACCORD","SEDAN 4DR","GOLD","FRONT END","SIDE","NC","SC","YES","S",170529,"A","[PREMIUM]",0,"2.4L 4","FRONT WHEEL DRIVE","AUTOMATIC","GAS",4,"Vehicle Starts","Pure Sale","[PREMIUM]",,"GASTONIA","NC","28052","USA","USD","[PREMIUM]","[PREMIUM]","M070",false,"[PREMIUM]","EXL",false,false,"[PREMIUM]",,,,,,,,"[PREMIUM]"
"62229006","2026-08-17 21:04:09.477","2026-08-31 11:47:15.871","62229006","2026-08-28 14:30:37.000","[PREMIUM]","340","NC - GASTONIA","2026-09-02","WEDNESDAY","1000","EDT","128","V",2018,"TOYOTA","RAV4","RAV4","SPORT UTILITY VEHICLE","WHITE","FRONT END","SIDE","NC","SC","YES","D",75841,"A","[PREMIUM]",0,"2.5L 4","ALL WHEEL DRIVE","AUTOMATIC","GAS",4,"Run & Drive Verified","Pure Sale","[PREMIUM]",,"GASTONIA","NC","28052","USA","USD","[PREMIUM]","[PREMIUM]","O080",false,"[PREMIUM]","LE",false,false,"[PREMIUM]",,,,,,,,"[PREMIUM]"
"62061846","2026-08-17 21:04:09.359","2026-08-31 11:47:15.838","62061846","2026-08-28 14:30:37.000","[PREMIUM]","340","NC - GASTONIA","2026-09-02","WEDNESDAY","1000","EDT","1129","V",2023,"RAM","1500","1500 CLASSIC","PICKUP","WHITE","FRONT END","SIDE","NC","SC","YES","E",61321,"A","[PREMIUM]",21974.24,"3.6L 6","REAR WHEEL DRIVE","AUTOMATIC","FLEXIBLE",6,"DEFAULT","On Minimum Bid","[PREMIUM]",,"GASTONIA","NC","28052","USA","USD","[PREMIUM]","[PREMIUM]","H130",false,"[PREMIUM]","TRADESMAN",false,false,"[PREMIUM]",,,,,,,,"[PREMIUM]"
"61300446","2026-08-17 21:04:09.037","2026-08-31 11:47:15.616","61300446","2026-08-28 14:30:37.000","[PREMIUM]","340","NC - GASTONIA","2026-09-02","WEDNESDAY","1000","EDT","133","V",2003,"FORD","EXPLORER","EXPLORER","4DR SPORT UTILITY","BEIGE","SIDE","UNDERCARRIAGE","NC","SC","YES","D",163456,"E","[PREMIUM]",0,"4.0L 6","4X4 W/REAR WHEEL DRV","AUTOMATIC","FLEXIBLE",6,"Run & Drive Verified","Pure Sale","[PREMIUM]",,"GASTONIA","NC","28052","USA","USD","[PREMIUM]","[PREMIUM]","N080",false,"[PREMIUM]","XLS",false,false,"[PREMIUM]",,,,,,,,"[PREMIUM]"
"61374076","2026-08-17 21:04:09.035","2026-08-17 21:04:09.035","61374076","2026-08-17 20:01:43.000","[PREMIUM]","855","WHOLESALE AUCTION","2026-08-18","TUESDAY","1200","EDT","3230","V",2019,"NISSAN","ALTIMA","ALTIMA","SEDAN","GRAY","MECHANICAL","MINOR DENT/SCRATCHES","NC","DC","YES","D",177104,"A","[PREMIUM]",5846,"2.5L 4","FRONT WHEEL DRIVE","AUTOMATIC","GAS",4,"Run & Drive Verified","On Approval","[PREMIUM]",,"GASTONIA","NC","28052","USA","USD","[PREMIUM]","[PREMIUM]","SI003",false,"[PREMIUM]","SR",false,true,"[PREMIUM]",,,,,"RED LIGHT",2.6,,"[PREMIUM]"
"61140166","2026-08-17 21:04:08.935","2026-08-26 05:47:58.034","61140166","2026-08-24 11:44:38.000","[PREMIUM]","340","NC - GASTONIA","2026-08-26","WEDNESDAY","1000","EDT","139","V",2002,"MAZDA","MILLENIA","MILLENIA","SEDAN 4DR","TWO TONE","FRONT END",,"ID","SC","YES","D",228996,"A","[PREMIUM]",8372,"2.5L 6","FRONT WHEEL DRIVE","AUTOMATIC","GAS",6,"Run & Drive Verified","Pure Sale","[PREMIUM]",,"GASTONIA","NC","28052","USA","USD","[PREMIUM]","[PREMIUM]","F040",false,"[PREMIUM]",,false,false,"[PREMIUM]",,,,,,,,"[PREMIUM]"
"60736696","2026-08-17 21:04:08.750","2026-08-31 11:47:15.445","60736696","2026-08-18 22:00:05.000","[PREMIUM]","340","NC - GASTONIA",,,,"EDT","0","V",2023,"TOYOTA","COROLLA","COROLLA","HATCHBACK","CHARCOAL","FRONT END",,"NC","SC","YES","S",14964,"A","[PREMIUM]",13352.51,"2.0L 4","FRONT WHEEL DRIVE","AUTOMATIC","GAS",4,"Vehicle Starts","Pure Sale","[PREMIUM]",,"GASTONIA","NC","28052","USA","USD","[PREMIUM]","[PREMIUM]","D040",false,"[PREMIUM]","XSE",false,false,"[PREMIUM]",,,,,,,,"[PREMIUM]"
"60160236","2026-08-17 21:04:08.539","2026-08-31 11:47:15.377","60160236","2026-08-28 14:30:36.000","[PREMIUM]","340","NC - GASTONIA","2026-09-02","WEDNESDAY","1000","EDT","5","V",2021,"HONDA","CRV","CR-V","SPORT UTILITY VEHICLE","WHITE","REAR END","SIDE","NC","SC","YES","D",143306,"A","[PREMIUM]",16490.29,"1.5L 4","ALL WHEEL DRIVE","AUTOMATIC","GAS",4,"Run & Drive Verified","On Minimum Bid","[PREMIUM]",,"GASTONIA","NC","28052","USA","USD","[PREMIUM]","[PREMIUM]","B010",false,"[PREMIUM]","EX",false,false,"[PREMIUM]",,,,,,,,"[PREMIUM]"
"57543356","2026-08-17 21:04:07.940","2026-08-31 11:47:14.942","57543356","2026-08-18 22:00:05.000","[PREMIUM]","855","WHOLESALE AUCTION",,,,"EDT","0","V",2023,"TOYOTA","RAV4","RAV4","SUV","CHARCOAL","UNDERCARRIAGE",,"NC","SC","YES","D",9912,"A","[PREMIUM]",11245.09,"2.5L 4","FRONT WHEEL DRIVE","AUTOMATIC","GAS",4,"Run & Drive Verified","Pure Sale","[PREMIUM]",,"GASTONIA","NC","28052","USA","USD","[PREMIUM]","[PREMIUM]","SJ001",false,"[PREMIUM]","XLE",false,true,"[PREMIUM]",,,,,,5,,"[PREMIUM]"
"55992856","2026-08-17 21:04:07.764","2026-08-31 05:49:42.875","55992856","2026-08-28 14:30:37.000","[PREMIUM]","340","NC - GASTONIA","2026-09-02","WEDNESDAY","1000","EDT","1107","V",2017,"LAND ROVER","DISCOVERY","DISCOVERY","SPORT UTILITY VEHICLE","SILVER","MECHANICAL",,"NC","CZ","YES","E",121712,"A","[PREMIUM]",0,"3.0L 6","ALL WHEEL DRIVE","AUTOMATIC","GAS",6,"DEFAULT","On Minimum Bid","[PREMIUM]",,"GASTONIA","NC","28052","USA","USD","[PREMIUM]","[PREMIUM]","SH004",false,"[PREMIUM]","HSE LUXURY",false,false,"[PREMIUM]",,,,,,,,"[PREMIUM]"
"54260186","2026-08-17 21:04:07.752","2026-08-31 11:47:14.524","54260186","2026-08-28 14:30:37.000","[PREMIUM]","340","NC - GASTONIA","2026-09-02","WEDNESDAY","1000","EDT","1121","V",2015,"HONDA","ACCORD","ACCORD","SEDAN 4DR","WHITE","FRONT END","SIDE","NC","SC","YES","E",94980,"A","[PREMIUM]",13944,"2.0L 4","FRONT WHEEL DRIVE","AUTOMATIC","ELECTRIC AND GAS HYBRID",4,"DEFAULT","Pure Sale","[PREMIUM]",,"GASTONIA","NC","28052","USA","USD","[PREMIUM]","[PREMIUM]","C010",false,"[PREMIUM]","HYBRID EXL",false,false,"[PREMIUM]",,,,,,,,"[PREMIUM]"
"50430656","2026-08-17 21:04:07.272","2026-08-31 11:47:14.276","50430656","2026-08-30 16:32:01.000","[PREMIUM]","340","NC - GASTONIA","2026-09-02","WEDNESDAY","1000","EDT","2060","V",2008,"HYUNDAI","SONATA","SONATA","SEDAN","MAROON","FRONT END",,"SC","ST","YES","D",165332,"E","[PREMIUM]",1358,"2.4L 4","FRONT WHEEL DRIVE","AUTOMATIC","GAS",4,"Run & Drive Verified","Pure Sale","[PREMIUM]",,"GASTONIA","NC","28052","USA","USD","[PREMIUM]","[PREMIUM]","M120",false,"[PREMIUM]","SE",false,false,"[PREMIUM]",,,,,,,,"[PREMIUM]"
"41992386","2026-08-17 21:04:06.978","2026-08-31 11:47:14.168","41992386","2026-08-18 22:00:05.000","[PREMIUM]","340","NC - GASTONIA",,,,"EDT","0","V",2003,"NISSAN","MURANO","MURANO","SUV","GOLD","FRONT END",,"NC","SC","YES","D",132870,"E","[PREMIUM]",0,"3.5L 6","ALL WHEEL DRIVE","AUTOMATIC","GAS",6,"Run & Drive Verified","Pure Sale","[PREMIUM]",,"GASTONIA","NC","28052","USA","USD","[PREMIUM]","[PREMIUM]","N110",false,"[PREMIUM]","SL",false,false,"[PREMIUM]",,,,,,,,"[PREMIUM]"
"58753926","2026-08-17 21:04:06.401","2026-08-20 05:42:25.179","58753926","2026-08-20 02:45:41.000","[PREMIUM]","855","WHOLESALE AUCTION","2026-08-20","THURSDAY","1200","EDT","0","V",2016,"NISSAN","ROGUE","ROGUE","4DR SPORT UTILITY","WHITE","FRONT END","SIDE","IL","CT","YES","D",204025,"A","[PREMIUM]",15806,"2.5L 4","FRONT WHEEL DRIVE","AUTOMATIC","GAS",4,"Run & Drive Verified","On Minimum Bid","[PREMIUM]",,"MILWAUKEE","WI","53224","USA","USD","[PREMIUM]","[PREMIUM]","B070",false,"[PREMIUM]","S/SL/SV",false,true,"[PREMIUM]",,,,,"RED LIGHT",1.3,,"[PREMIUM]"
"65060746","2026-08-17 21:04:06.158","2026-08-31 05:49:41.025","65060746","2026-08-25 11:36:23.000","[PREMIUM]","338","NC - LUMBERTON",,,,"EDT","0","V",2022,"CHEVROLET","SLV1500 CR","SLV1500 CRW 4X4 LTZ",,"CHARCOAL","FRONT END",,"NC","SC","YES","E",57180,"A","[PREMIUM]",24412.72,,,,,,"DEFAULT","Pure Sale","[PREMIUM]",,"LUMBERTON","NC","28360 5075","USA","USD","[PREMIUM]","[PREMIUM]","GG070",false,"[PREMIUM]",,false,false,"[PREMIUM]",,,,,,,,"[PREMIUM]"
"65143266","2026-08-17 21:04:06.146","2026-08-31 11:47:12.930","65143266","2026-08-31 08:00:08.000","[PREMIUM]","338","NC - LUMBERTON","2026-08-31","MONDAY","1000","EDT","2570","V",2013,"FORD","FIESTA","FIESTA","SEDAN 4DR","BLACK","MINOR DENT/SCRATCHES",,"NC","CZ","YES","S",192754,"N","[PREMIUM]",0,"1.6L 4","FRONT WHEEL DRIVE","AUTOMATIC","GAS",4,"Vehicle Starts","On Minimum Bid","[PREMIUM]",,"LUMBERTON","NC","28360 5075","USA","USD","[PREMIUM]","[PREMIUM]","EE100",true,"[PREMIUM]","SE",false,false,"[PREMIUM]",,,,,,,,"[PREMIUM]"
"65444426","2026-08-17 21:04:06.144","2026-08-22 17:48:28.769","65444426","2026-08-17 15:27:17.000","[PREMIUM]","338","NC - LUMBERTON","2026-08-24","MONDAY","1000","EDT","0","K",2018,"NISSAN","All Models","NV200","MINI-VAN","TWO TONE","REAR END",,"NC","SQ","YES","D",146805,"A","[PREMIUM]",0,"2.0L 4","FRONT WHEEL DRIVE","AUTOMATIC","GAS",4,"Run & Drive Verified","On Minimum Bid","[PREMIUM]",,"LUMBERTON","NC","28360 5075","USA","USD","[PREMIUM]","[PREMIUM]","RR100",true,"[PREMIUM]","SV",false,false,"[PREMIUM]",,,,,,,,"[PREMIUM]"
"64477566","2026-08-17 21:04:06.038","2026-08-31 11:47:12.505","64477566","2026-08-31 08:00:08.000","[PREMIUM]","338","NC - LUMBERTON","2026-08-31","MONDAY","1000","EDT","11","V",2007,"TOYOTA","HIGHLANDER","HIGHLANDER","SUV","BLACK","NORMAL WEAR",,"NC","SC","YES","D",255474,"A","[PREMIUM]",346.68,"3.3L 6","FRONT WHEEL DRIVE","AUTOMATIC","GAS",6,"Run & Drive Verified","Pure Sale","[PREMIUM]",,"LUMBERTON","NC","28360 5075","USA","USD","[PREMIUM]","[PREMIUM]","EE110",false,"[PREMIUM]","LIMITED",false,false,"[PREMIUM]",,,,,,,,"[PREMIUM]"
"64798556","2026-08-17 21:04:06.036","2026-08-31 11:47:12.802","64798556","2026-08-31 08:00:08.000","[PREMIUM]","338","NC - LUMBERTON","2026-08-31","MONDAY","1000","EDT","2585","V",2017,"NISSAN","JUKE","JUKE","WAGON","BLACK","MECHANICAL",,"NC","CZ","YES","E",249388,"A","[PREMIUM]",0,"1.6L 4","FRONT WHEEL DRIVE","AUTOMATIC","GAS",4,"DEFAULT","On Minimum Bid","[PREMIUM]",,"LUMBERTON","NC","28360 5075","USA","USD","[PREMIUM]","[PREMIUM]","FF070",true,"[PREMIUM]","SV",false,false,"[PREMIUM]",,,,,,,,"[PREMIUM]"
"64559186","2026-08-17 21:04:06.031","2026-08-23 23:46:44.734","64559186","2026-08-17 20:01:33.000","[PREMIUM]","338","NC - LUMBERTON","2026-08-24","MONDAY","1000","EDT","0","V",2017,"FORD","FUSION","FUSION","SEDAN 4DR","CHARCOAL","FRONT END","REAR END","SC","CZ","YES","D",103950,"A","[PREMIUM]",0,"1.5L 4","FRONT WHEEL DRIVE","AUTOMATIC","GAS",4,"Run & Drive Verified","On Approval","[PREMIUM]",,"LUMBERTON","NC","28360 5075","USA","USD","[PREMIUM]","[PREMIUM]","JJ070",false,"[PREMIUM]","SE",false,false,"[PREMIUM]",,,,,,,,"[PREMIUM]"
"64750726","2026-08-17 21:04:06.026","2026-08-31 11:47:12.802","64750726","2026-08-31 08:00:08.000","[PREMIUM]","338","NC - LUMBERTON","2026-08-31","MONDAY","1000","EDT","110","V",2011,"CHRYSLER","MINIVAN","TOWN & COUNTRY","SPORTS VAN","BLUE","FRONT END",,"NC","CZ","YES","D",243901,"A","[PREMIUM]",0,"3.6L 6","FRONT WHEEL DRIVE","AUTOMATIC","FLEXIBLE",6,"Run & Drive Verified","On Minimum Bid","[PREMIUM]",,"LUMBERTON","NC","28360 5075","USA","USD","[PREMIUM]","[PREMIUM]","CC080",true,"[PREMIUM]","TOURING",false,false,"[PREMIUM]",,,,,,,,"[PREMIUM]"
"63665036","2026-08-17 21:04:05.869","2026-08-31 11:47:12.194","63665036","2026-08-31 08:00:08.000","[PREMIUM]","338","NC - LUMBERTON","2026-08-31","MONDAY","1000","EDT","26","V",2016,"RAM","1500","1500","CREW PICKUP","CHARCOAL","REAR END",,"NC","SC","YES","D",129868,"A","[PREMIUM]",7431.46,"5.7L 8","4X4 W/REAR WHEEL DRV","AUTOMATIC","GAS",8,"Run & Drive Verified","Pure Sale","[PREMIUM]",,"LUMBERTON","NC","28360 5075","USA","USD","[PREMIUM]","[PREMIUM]","CC090",false,"[PREMIUM]","SPORT",false,false,"[PREMIUM]",,,,,,,,"[PREMIUM]"
"63502366","2026-08-17 21:04:05.752","2026-08-31 11:47:12.081","63502366","2026-08-17 16:27:32.000","[PREMIUM]","338","NC - LUMBERTON",,,,"EDT","0","V",2010,"PONTIAC","G6","G6","SEDAN 4DR","BLACK","FRONT END",,"SC","ST","YES","D",255086,"A","[PREMIUM]",3046,"2.4L 4","FRONT WHEEL DRIVE","AUTOMATIC","FLEXIBLE",4,"Run & Drive Verified","Pure Sale","[PREMIUM]",,"LUMBERTON","NC","28360 5075","USA","USD","[PREMIUM]","[PREMIUM]","JJ110",false,"[PREMIUM]",,false,false,"[PREMIUM]",,,,,,,,"[PREMIUM]"
"63123016","2026-08-17 21:04:05.680","2026-08-31 11:47:12.006","63123016","2026-08-31 08:00:08.000","[PREMIUM]","338","NC - LUMBERTON","2026-08-31","MONDAY","1000","EDT","2001","V",2017,"JEEP","CHEROKEE","GRAND CHEROKEE","4DR SPORT UTILITY","SILVER","FRONT END",,"NC","SC","YES","D",120462,"A","[PREMIUM]",6593.7,"3.6L 6","4X4 W/REAR WHEEL DRV","AUTOMATIC","FLEXIBLE",6,"Run & Drive Verified","Pure Sale","[PREMIUM]",,"LUMBERTON","NC","28360 5075","USA","USD","[PREMIUM]","[PREMIUM]","KK100",false,"[PREMIUM]","TRAILHAWK",false,false,"[PREMIUM]",,,,,,,,"[PREMIUM]"
"62964566","2026-08-17 21:04:05.635","2026-08-31 11:47:11.986","62964566","2026-08-31 08:00:08.000","[PREMIUM]","338","NC - LUMBERTON","2026-08-31","MONDAY","1000","EDT","113","V",2022,"MERCEDES-BENZ","GLE-CLASS","GLE","SPORT UTILITY VEHICLE","GOLD","SIDE",,"NC","SC","YES","D",65751,"A","[PREMIUM]",12057.7,"2.0L 4","REAR WHEEL DRIVE","AUTOMATIC","GAS",4,"Run & Drive Verified","Pure Sale","[PREMIUM]",,"LUMBERTON","NC","28360 5075","USA","USD","[PREMIUM]","[PREMIUM]","II100",false,"[PREMIUM]","350",false,false,"[PREMIUM]",,,,,,,,"[PREMIUM]"
"60047466","2026-08-17 21:04:04.708","2026-08-31 11:47:10.624","60047466","2026-08-31 08:00:08.000","[PREMIUM]","338","NC - LUMBERTON","2026-08-31","MONDAY","1000","EDT","2006","V",2016,"FORD","FUSION","FUSION","SEDAN 4DR","WHITE","FRONT END","SIDE","NC","SC","YES","D",189067,"A","[PREMIUM]",0,"2.5L 4","FRONT WHEEL DRIVE","AUTOMATIC","GAS",4,"Run & Drive Verified","Pure Sale","[PREMIUM]",,"LUMBERTON","NC","28360 5075","USA","USD","[PREMIUM]","[PREMIUM]","KK100",false,"[PREMIUM]","SE",false,false,"[PREMIUM]",,,,,,,,"[PREMIUM]"
"58198496","2026-08-17 21:04:04.201","2026-08-23 23:46:42.262","58198496","2026-08-17 19:21:10.000","[PREMIUM]","338","NC - LUMBERTON","2026-08-24","MONDAY","1000","EDT","0","V",2016,"HYUNDAI","ELANTRA","ELANTRA","SEDAN 4D","WHITE","NORMAL WEAR",,"OK","CZ","NO","E",0,"N","[PREMIUM]",0,,,"AUTOMATIC",,,"DEFAULT","On Approval","[PREMIUM]",,"LUMBERTON","NC","28360 5075","USA","USD","[PREMIUM]","[PREMIUM]","CC050",false,"[PREMIUM]","SE",false,false,"[PREMIUM]",,,,,,,,"[PREMIUM]"
"57901536","2026-08-17 21:04:04.166","2026-08-31 11:47:10.225","57901536","2026-08-31 08:00:08.000","[PREMIUM]","338","NC - LUMBERTON","2026-08-31","MONDAY","1000","EDT","2532","V",2013,"NISSAN","ROGUE","ROGUE","WAGON","GRAY","SIDE","FRONT END","NC","SC","YES","E",0,"N","[PREMIUM]",10025.48,"2.5L 4","FRONT WHEEL DRIVE","AUTOMATIC","GAS",4,"DEFAULT","Pure Sale","[PREMIUM]",,"LUMBERTON","NC","28360 5075","USA","USD","[PREMIUM]","[PREMIUM]","KK080",false,"[PREMIUM]","S",false,false,"[PREMIUM]",,,,,,,,"[PREMIUM]"
"56031866","2026-08-17 21:04:03.789","2026-08-31 11:47:09.874","56031866","2026-08-31 08:00:08.000","[PREMIUM]","338","NC - LUMBERTON","2026-08-31","MONDAY","1000","EDT","116","V",2008,"TOYOTA","CAMRY","CAMRY","SEDAN","GRAY","FRONT END",,"NC","SC","YES","D",170677,"E","[PREMIUM]",4435,"2.4L 4","FRONT WHEEL DRIVE","AUTOMATIC","GAS",4,"Run & Drive Verified","Pure Sale","[PREMIUM]",,"LUMBERTON","NC","28360 5075","USA","USD","[PREMIUM]","[PREMIUM]","KK100",false,"[PREMIUM]","LE",false,false,"[PREMIUM]",,,,,,,,"[PREMIUM]"
"90723935","2026-08-17 21:04:02.984","2026-08-31 05:49:37.218","90723935","2026-08-30 02:05:10.000","[PREMIUM]","337","WA - SPANAWAY","2026-09-01","TUESDAY","1200","PDT","0","V",2017,"MAZDA","3","3",,"RED","REAR END","TOP/ROOF","WA","BS","YES","D",76474,"A","[PREMIUM]",16607,"2.0L  4","Front-wheel Drive","AUTOMATIC","GAS",4,"Run & Drive Verified","Pure Sale","[PREMIUM]",,"SPANAWAY","WA","98387","USA","USD","[PREMIUM]","[PREMIUM]","1SA12",false,"[PREMIUM]","SPORT",false,false,"[PREMIUM]",,,,,,,,"[PREMIUM]"
"65306146","2026-08-17 21:04:02.851","2026-08-25 00:02:28.345","65306146","2026-08-21 20:53:42.000","[PREMIUM]","337","WA - SPANAWAY","2026-08-25","TUESDAY","1200","PDT","0","V",2013,"DODGE","CHALLENGER","CHALLENGER","COUPE","GRAY","FRONT END","SIDE","WA","BS","YES","D",96935,"A","[PREMIUM]",12310,"3.6L 6","REAR WHEEL DRIVE","AUTOMATIC","FLEXIBLE",6,"Run & Drive Verified","Pure Sale","[PREMIUM]",,"SPANAWAY","WA","98387","USA","USD","[PREMIUM]","[PREMIUM]","B260",false,"[PREMIUM]","SXT",false,false,"[PREMIUM]",,,,,,,,"[PREMIUM]"
"65386726","2026-08-17 21:04:02.851","2026-08-20 05:42:19.821","65386726","2026-08-19 13:28:55.000","[PREMIUM]","841","CRASHEDTOYS POWERSPORT AUCTION","2026-08-20","THURSDAY","1200","CDT","1056","C",2012,"HARLEY-DAVIDSON","FL","FLHX","ROAD","BLUE","FRONT END",,"WA","BS","YES","D",12009,"A","[PREMIUM]",11931.28,"2",,"MANUAL",,2,"Run & Drive Verified","Pure Sale","[PREMIUM]",,"SPANAWAY","WA","98387","USA","USD","[PREMIUM]","[PREMIUM]","MC001",false,"[PREMIUM]","STREET GLIDE",false,false,"[PREMIUM]",,,,,,,,"[PREMIUM]"
"65339476","2026-08-17 21:04:02.837","2026-08-21 12:52:50.471","65339476","2026-08-17 21:05:09.000","[PREMIUM]","337","WA - SPANAWAY","2026-08-21","FRIDAY","1200","PDT","0","V",2018,"BMW","3 SERIES","328","SEDAN","BLACK","FRONT END","UNDERCARRIAGE","WA","BS","YES","D",85730,"A","[PREMIUM]",15590.63,"2.0L 4","ALL WHEEL DRIVE","AUTOMATIC","DIESEL",4,"Run & Drive Verified","Pure Sale","[PREMIUM]",,"SPANAWAY","WA","98387","USA","USD","[PREMIUM]","[PREMIUM]","D210",false,"[PREMIUM]","D XDRIVE",false,false,"[PREMIUM]",,,,,,,,"[PREMIUM]"
"65206166","2026-08-17 21:04:02.834","2026-08-31 05:49:36.630","65206166","2026-08-30 02:03:02.000","[PREMIUM]","337","WA - SPANAWAY","2026-09-01","TUESDAY","1200","PDT","0","V",2018,"KIA","SOUL","SOUL","SPORT UTILITY VEHICLE","RED","FRONT END","SIDE","WA","BS","YES","D",100137,"A","[PREMIUM]",15615.96,"2.0L 4","FRONT WHEEL DRIVE","AUTOMATIC","GAS",4,"Run & Drive Verified","Pure Sale","[PREMIUM]",,"SPANAWAY","WA","98387","USA","USD","[PREMIUM]","[PREMIUM]","B300",false,"[PREMIUM]","+",false,false,"[PREMIUM]",,,,,,,,"[PREMIUM]"
"65032536","2026-08-17 21:04:02.801","2026-08-21 12:52:50.280","65032536","2026-08-17 22:25:34.000","[PREMIUM]","337","WA - SPANAWAY","2026-08-21","FRIDAY","1200","PDT","0","V",2019,"SUBARU","FORESTER","FORESTER","SPORT UTILITY VEHICLE","BLACK","SIDE",,"WA","BS","YES","D",61344,"A","[PREMIUM]",20666.21,"2.5L 4","ALL WHEEL DRIVE","AUTOMATIC","GAS",4,"Run & Drive Verified","Pure Sale","[PREMIUM]",,"SPANAWAY","WA","98387","USA","USD","[PREMIUM]","[PREMIUM]","D220",false,"[PREMIUM]","PREMIUM",false,false,"[PREMIUM]",,,,,,,,"[PREMIUM]"
"65010486","2026-08-17 21:04:02.794","2026-08-21 12:52:50.237","65010486","2026-08-17 15:46:06.000","[PREMIUM]","337","WA - SPANAWAY","2026-08-21","FRIDAY","1200","PDT","0","V",2008,"LEXUS","RX400","RX","4DR SPORT UTILITY","WHITE","FRONT END","UNDERCARRIAGE","WA","BS","YES",,210210,"E","[PREMIUM]",3070.08,"3.3L 6","ALL WHEEL DRIVE","AUTOMATIC","ELECTRIC AND GAS HYBRID",6,,"Pure Sale","[PREMIUM]",,"SPANAWAY","WA","98387","USA","USD","[PREMIUM]","[PREMIUM]","B210",false,"[PREMIUM]","400H",false,false,"[PREMIUM]",,,,,,,,"[PREMIUM]"
"64968606","2026-08-17 21:04:02.746","2026-08-21 12:52:50.197","64968606","2026-08-17 17:09:18.000","[PREMIUM]","337","WA - SPANAWAY","2026-08-21","FRIDAY","1200","PDT","0","V",2016,"MERCEDES-BENZ","CLA-CLASS","CLA","SEDAN 4DR","BLACK","SIDE",,"WA","BS","YES","E",67980,"A","[PREMIUM]",12458.83,"2.0L 4","ALL WHEEL DRIVE","AUTOMATIC","GAS",4,"DEFAULT","Pure Sale","[PREMIUM]",,"SPANAWAY","WA","98387","USA","USD","[PREMIUM]","[PREMIUM]","B240",false,"[PREMIUM]","250 4MATIC",false,false,"[PREMIUM]",,,,,,,,"[PREMIUM]"
"64981416","2026-08-17 21:04:02.739","2026-08-21 12:52:50.190","64981416","2026-08-17 20:58:04.000","[PREMIUM]","337","WA - SPANAWAY","2026-08-21","FRIDAY","1200","PDT","0","V",2022,"HYUNDAI","IONIQ","IONIQ 5","SPORT UTILITY VEHICLE","CHARCOAL","FRONT END","SIDE","WA","BS","YES","D",67770,"A","[PREMIUM]",20615.55,,"ALL WHEEL DRIVE","AUTOMATIC","ELECTRIC",,"Run & Drive Verified","Pure Sale","[PREMIUM]",,"SPANAWAY","WA","98387","USA","USD","[PREMIUM]","[PREMIUM]","A300",false,"[PREMIUM]","LIMITED",false,false,"[PREMIUM]",,,,,,,,"[PREMIUM]"
"64946196","2026-08-17 21:04:02.696","2026-08-21 12:52:50.167","64946196","2026-08-17 23:39:08.000","[PREMIUM]","337","WA - SPANAWAY","2026-08-21","FRIDAY","1200","PDT","0","V",2008,"CHEVROLET","CORVETTE","CORVETTE","COUPE","BLACK","REAR END","SIDE","WA","BS","YES","D",111771,"E","[PREMIUM]",15308.52,"7.0L 8","REAR WHEEL DRIVE","MANUAL","GAS",8,"Run & Drive Verified","Pure Sale","[PREMIUM]",,"SPANAWAY","WA","98387","USA","USD","[PREMIUM]","[PREMIUM]","D220",false,"[PREMIUM]","Z06",false,false,"[PREMIUM]",,,,,,,,"[PREMIUM]"
"64800926","2026-08-17 21:04:02.672","2026-08-21 12:52:50.132","64800926","2026-08-17 19:09:30.000","[PREMIUM]","337","WA - SPANAWAY","2026-08-21","FRIDAY","1200","PDT","0","V",2012,"SUBARU","IMPREZA","IMPREZA","STATION WAGON","PURPLE","SIDE","FRONT END","WA","BS","YES","D",189837,"A","[PREMIUM]",7886,"2.0L 4","ALL WHEEL DRIVE","AUTOMATIC","GAS",4,"Run & Drive Verified","Pure Sale","[PREMIUM]",,"SPANAWAY","WA","98387","USA","USD","[PREMIUM]","[PREMIUM]","D260",false,"[PREMIUM]","PREMIUM",false,false,"[PREMIUM]",,,,,,,,"[PREMIUM]"
"64782556","2026-08-17 21:04:02.661","2026-08-21 12:52:50.131","64782556","2026-08-17 19:04:50.000","[PREMIUM]","337","WA - SPANAWAY","2026-08-21","FRIDAY","1200","PDT","0","V",2021,"SUBARU","FORESTER","FORESTER","SPORT UTILITY VEHICLE","GRAY","FRONT END",,"WA","BS","YES","D",57605,"A","[PREMIUM]",18410.61,"2.5L 4","ALL WHEEL DRIVE","AUTOMATIC","GAS",4,"Run & Drive Verified","Pure Sale","[PREMIUM]",,"SPANAWAY","WA","98387","USA","USD","[PREMIUM]","[PREMIUM]","A310",false,"[PREMIUM]","LIMITED",false,false,"[PREMIUM]",,,,,,,,"[PREMIUM]"
"64807776","2026-08-17 21:04:02.660","2026-08-21 12:52:50.131","64807776","2026-08-17 19:12:35.000","[PREMIUM]","337","WA - SPANAWAY","2026-08-21","FRIDAY","1200","PDT","0","V",2019,"FORD","F150","F150","PICKUP","WHITE","REAR END","FRONT END","WA","BS","YES","D",143330,"A","[PREMIUM]",11669.18,"2.7L 6","REAR WHEEL DRIVE","AUTOMATIC","GAS",6,"Run & Drive Verified","Pure Sale","[PREMIUM]",,"SPANAWAY","WA","98387","USA","USD","[PREMIUM]","[PREMIUM]","A290",false,"[PREMIUM]","SUPERCREW",false,false,"[PREMIUM]",,,,,,,,"[PREMIUM]"
"64786336","2026-08-17 21:04:02.656","2026-08-21 12:52:50.105","64786336","2026-08-17 18:54:49.000","[PREMIUM]","337","WA - SPANAWAY","2026-08-21","FRIDAY","1200","PDT","0","V",2009,"SUBARU","LEGACY","LEGACY","SEDAN 4DR","WHITE","SIDE","FRONT END","WA","BS","YES","D",153377,"E","[PREMIUM]",3295.36,"2.5L 4","ALL WHEEL DRIVE","AUTOMATIC","GAS",4,"Run & Drive Verified","Pure Sale","[PREMIUM]",,"SPANAWAY","WA","98387","USA","USD","[PREMIUM]","[PREMIUM]","D190",false,"[PREMIUM]","2.5I",false,false,"[PREMIUM]",,,,,,,,"[PREMIUM]"
"64797796","2026-08-17 21:04:02.652","2026-08-21 12:52:50.102","64797796","2026-08-17 18:55:41.000","[PREMIUM]","337","WA - SPANAWAY","2026-08-21","FRIDAY","1200","PDT","0","V",2015,"LEXUS","IS","IS","SEDAN 4DR","SILVER","SIDE","FRONT END","WA","BS","NO","E",0,"N","[PREMIUM]",14249,"2.5L 6","ALL WHEEL DRIVE","AUTOMATIC","GAS",6,"DEFAULT","Pure Sale","[PREMIUM]",,"SPANAWAY","WA","98387","USA","USD","[PREMIUM]","[PREMIUM]","B190",false,"[PREMIUM]","250",false,false,"[PREMIUM]",,,,,,,,"[PREMIUM]"
"64660816","2026-08-17 21:04:02.625","2026-08-21 12:52:49.995","64660816","2026-08-17 14:54:33.000","[PREMIUM]","337","WA - SPANAWAY","2026-08-21","FRIDAY","1200","PDT","0","V",2013,"HONDA","CIVIC","CIVIC","SEDAN 4DR","BURGUNDY","REAR END","FRONT END","WA","BS","YES","D",190487,"A","[PREMIUM]",10021.92,"1.8L 4","FRONT WHEEL DRIVE","AUTOMATIC","GAS",4,"Run & Drive Verified","Pure Sale","[PREMIUM]",,"SPANAWAY","WA","98387","USA","USD","[PREMIUM]","[PREMIUM]","B270",false,"[PREMIUM]","LX",false,false,"[PREMIUM]",,,,,,,,"[PREMIUM]"
"64702276","2026-08-17 21:04:02.618","2026-08-21 12:52:50.066","64702276","2026-08-17 20:16:18.000","[PREMIUM]","337","WA - SPANAWAY","2026-08-21","FRIDAY","1200","PDT","0","V",2014,"AUDI","TT","TT","COUPE","BLACK","FRONT END","MINOR DENT/SCRATCHES","WA","BS","YES","D",70298,"A","[PREMIUM]",14704.71,"2.0L 4","ALL WHEEL DRIVE","AUTOMATIC","FLEXIBLE",4,"Run & Drive Verified","Pure Sale","[PREMIUM]",,"SPANAWAY","WA","98387","USA","USD","[PREMIUM]","[PREMIUM]","C330",false,"[PREMIUM]","PREMIUM PLUS",false,false,"[PREMIUM]",,,,,,,,"[PREMIUM]"
"64598136","2026-08-17 21:04:02.583","2026-08-21 12:52:50.006","64598136","2026-08-18 05:12:48.000","[PREMIUM]","337","WA - SPANAWAY","2026-08-21","FRIDAY","1200","PDT","0","V",2018,"SUBARU","IMPREZA","IMPREZA","WAGON","SILVER","SIDE",,"WA","BS","YES","D",140253,"A","[PREMIUM]",10187.78,"2.0L 4","ALL WHEEL DRIVE","AUTOMATIC","GAS",4,"Run & Drive Verified","Pure Sale","[PREMIUM]",,"SPANAWAY","WA","98387","USA","USD","[PREMIUM]","[PREMIUM]","C230",false,"[PREMIUM]","PREMIUM PLUS",false,false,"[PREMIUM]",,,,,,,,"[PREMIUM]"
"64534076","2026-08-17 21:04:02.531","2026-08-21 12:52:49.955","64534076","2026-08-17 17:35:57.000","[PREMIUM]","337","WA - SPANAWAY","2026-08-21","FRIDAY","1200","PDT","0","V",2024,"TESLA","MODEL X","MODEL X","SPORT UTILITY VEHICLE","WHITE","FRONT END",,"WA","BS","YES",,0,"N","[PREMIUM]",64510,,"ALL WHEEL DRIVE","AUTOMATIC","ELECTRIC",,,"On Minimum Bid","[PREMIUM]",,"SPANAWAY","WA","98387","USA","USD","[PREMIUM]","[PREMIUM]","B280",false,"[PREMIUM]",,false,false,"[PREMIUM]",,,,,,,,"[PREMIUM]"
"64535096","2026-08-17 21:04:02.521","2026-08-21 12:52:49.963","64535096","2026-08-17 21:41:03.000","[PREMIUM]","337","WA - SPANAWAY","2026-08-21","FRIDAY","1200","PDT","0","V",2020,"TOYOTA","COROLLA","COROLLA","SEDAN","SILVER","REAR END",,"WA","BS","YES","D",46329,"A","[PREMIUM]",11898,"2.0L 4","FRONT WHEEL DRIVE","AUTOMATIC","GAS",4,"Run & Drive Verified","On Approval","[PREMIUM]",,"SPANAWAY","WA","98387","USA","USD","[PREMIUM]","[PREMIUM]","B220",false,"[PREMIUM]","SE",false,false,"[PREMIUM]",,,,,,,,"[PREMIUM]"
"64419646","2026-08-17 21:04:02.459","2026-08-21 12:52:49.907","64419646","2026-08-17 18:53:44.000","[PREMIUM]","337","WA - SPANAWAY","2026-08-21","FRIDAY","1200","PDT","0","V",2013,"HONDA","CIVIC","CIVIC","SEDAN 4DR","GRAY","FRONT END","SIDE","WA","BS","YES","D",102253,"A","[PREMIUM]",6779,"1.8L 4","FRONT WHEEL DRIVE","AUTOMATIC","GAS",4,"Run & Drive Verified","Pure Sale","[PREMIUM]",,"SPANAWAY","WA","98387","USA","USD","[PREMIUM]","[PREMIUM]","D190",false,"[PREMIUM]","EXL",false,false,"[PREMIUM]",,,,,,,,"[PREMIUM]"
"64332386","2026-08-17 21:04:02.408","2026-08-21 12:52:49.864","64332386","2026-08-20 17:15:24.000","[PREMIUM]","337","WA - SPANAWAY","2026-08-21","FRIDAY","1200","PDT","0","V",2010,"SUBARU","FORESTER","FORESTER","4DR SPORT UTILITY","SILVER","FRONT END","SIDE","WA","BS","YES","D",50986,"E","[PREMIUM]",5978.7,"2.5L 4","ALL WHEEL DRIVE","AUTOMATIC","GAS",4,"Run & Drive Verified","Pure Sale","[PREMIUM]",,"SPANAWAY","WA","98387","USA","USD","[PREMIUM]","[PREMIUM]","SL002",false,"[PREMIUM]","2.5X",false,false,"[PREMIUM]",,,,,,,,"[PREMIUM]"
"64372286","2026-08-17 21:04:02.378","2026-08-21 12:52:49.915","64372286","2026-08-17 18:52:36.000","[PREMIUM]","337","WA - SPANAWAY","2026-08-21","FRIDAY","1200","PDT","0","V",2006,"VOLKSWAGEN","JETTA","JETTA","SEDAN 4DR","BLACK","FRONT END","REAR END","WA","BS","YES","D",373310,"E","[PREMIUM]",2189.27,"2.5L 5","FRONT WHEEL DRIVE","MANUAL","GAS",5,"Run & Drive Verified","Pure Sale","[PREMIUM]",,"SPANAWAY","WA","98387","USA","USD","[PREMIUM]","[PREMIUM]","B330",false,"[PREMIUM]","2.5",false,false,"[PREMIUM]",,,,,,,,"[PREMIUM]"
"64134416","2026-08-17 21:04:02.233","2026-08-21 12:52:49.723","64134416","2026-08-20 21:37:35.000","[PREMIUM]","337","WA - SPANAWAY","2026-08-21","FRIDAY","1200","PDT","0","V",2024,"TESLA","MODEL 3","MODEL 3","SEDAN","BLACK","REAR END","SIDE","WA","BS","YES","D",27087,"A","[PREMIUM]",18321.46,,"REAR WHEEL DRIVE","AUTOMATIC","ELECTRIC",,"Run & Drive Verified","Pure Sale","[PREMIUM]",,"SPANAWAY","WA","98387","USA","USD","[PREMIUM]","[PREMIUM]","A110",false,"[PREMIUM]",,false,false,"[PREMIUM]",,,,,,,,"[PREMIUM]"
"63939076","2026-08-17 21:04:02.135","2026-08-31 17:48:31.596","63939076","2026-08-31 15:16:05.000","[PREMIUM]","337","WA - SPANAWAY","2026-09-04","FRIDAY","1200","PDT","0","V",2017,"TOYOTA","COROLLA","COROLLA","SEDAN","BLACK","FRONT END","SIDE","WA","CT","YES",,217904,"A","[PREMIUM]",0,"1.8L 4","FRONT WHEEL DRIVE","AUTOMATIC","GAS",4,,"On Minimum Bid","[PREMIUM]",,"SPANAWAY","WA","98387","USA","USD","[PREMIUM]","[PREMIUM]","B240",true,"[PREMIUM]","LE",false,false,"[PREMIUM]",,,,,,,,"[PREMIUM]"
"63887826","2026-08-17 21:04:02.089","2026-08-21 12:52:49.655","63887826","2026-08-17 14:58:08.000","[PREMIUM]","337","WA - SPANAWAY","2026-08-21","FRIDAY","1200","PDT","0","V",2018,"TOYOTA","4RUNNER","4RUNNER","SUV","SILVER","SIDE","UNDERCARRIAGE","WA","BS","YES","D",110267,"A","[PREMIUM]",17154.32,"4.0L 6","FOUR BY FOUR","AUTOMATIC","GAS",6,"Run & Drive Verified","Pure Sale","[PREMIUM]",,"SPANAWAY","WA","98387","USA","USD","[PREMIUM]","[PREMIUM]","H330",false,"[PREMIUM]","SR5",false,false,"[PREMIUM]",,,,,,,,"[PREMIUM]"
"63805196","2026-08-17 21:04:02.086","2026-08-21 12:52:49.628","63805196","2026-08-20 14:58:50.000","[PREMIUM]","337","WA - SPANAWAY","2026-08-21","FRIDAY","1200","PDT","0","V",2017,"BMW","3 SERIES","330","SEDAN","WHITE","SIDE","FRONT END","WA","BS","NO","E",0,"N","[PREMIUM]",11399,"2.0L 4","REAR WHEEL DRIVE","AUTOMATIC","GAS",4,"DEFAULT","Pure Sale","[PREMIUM]",,"SPANAWAY","WA","98387","USA","USD","[PREMIUM]","[PREMIUM]","D180",false,"[PREMIUM]","I",false,false,"[PREMIUM]",,,,,,,,"[PREMIUM]"
"63777946","2026-08-17 21:04:02.012","2026-08-21 12:52:49.633","63777946","2026-08-17 19:31:02.000","[PREMIUM]","337","WA - SPANAWAY","2026-08-21","FRIDAY","1200","PDT","0","V",2017,"CHEVROLET","CRUZE","CRUZE","SEDAN 4DR","CHARCOAL","FRONT END","REAR END","WA","BS","YES","D",145275,"A","[PREMIUM]",7983.77,"1.4L 4","FRONT WHEEL DRIVE","AUTOMATIC","GAS",4,"Run & Drive Verified","Pure Sale","[PREMIUM]",,"SPANAWAY","WA","98387","USA","USD","[PREMIUM]","[PREMIUM]","A130",false,"[PREMIUM]","LT",false,false,"[PREMIUM]",,,,,,,,"[PREMIUM]"
"63740246","2026-08-17 21:04:01.965","2026-08-21 12:52:49.607","63740246","2026-08-18 15:28:51.000","[PREMIUM]","337","WA - SPANAWAY","2026-08-21","FRIDAY","1200","PDT","0","V",2004,"DODGE","RAM 2500","RAM 2500","CREW PICKUP","BLUE","UNDERCARRIAGE",,"WA","BS","YES","D",140002,"E","[PREMIUM]",3801.14,"5.7L 8","4X4 W/REAR WHEEL DRV","AUTOMATIC","GAS",8,"Run & Drive Verified","Pure Sale","[PREMIUM]",,"SPANAWAY","WA","98387","USA","USD","[PREMIUM]","[PREMIUM]","A170",false,"[PREMIUM]","ST",false,false,"[PREMIUM]",,,,,,,,"[PREMIUM]"
"63696006","2026-08-17 21:04:01.963","2026-08-21 12:52:49.601","63696006","2026-08-17 19:41:16.000","[PREMIUM]","337","WA - SPANAWAY","2026-08-21","FRIDAY","1200","PDT","0","V",2014,"AUDI","A6","A6","SEDAN 4DR","BLACK","FRONT END","REAR END","WA","BS","NO","E",88539,"A","[PREMIUM]",23745,"2.0L 4","ALL WHEEL DRIVE","AUTOMATIC","GAS",4,"DEFAULT","Pure Sale","[PREMIUM]",,"SPANAWAY","WA","98387","USA","USD","[PREMIUM]","[PREMIUM]","D230",false,"[PREMIUM]","PREMIUM PLUS",false,false,"[PREMIUM]",,,,,,,,"[PREMIUM]"
"63561946","2026-08-17 21:04:01.858","2026-08-21 12:52:49.532","63561946","2026-08-17 19:00:16.000","[PREMIUM]","337","WA - SPANAWAY","2026-08-21","FRIDAY","1200","PDT","0","V",2019,"TOYOTA","CAMRY","CAMRY","SEDAN","GRAY","REAR END","FRONT END","WA","BS","YES","D",103148,"A","[PREMIUM]",15787,"2.5L 4","FRONT WHEEL DRIVE","AUTOMATIC","ELECTRIC AND GAS HYBRID",4,"Run & Drive Verified","On Minimum Bid","[PREMIUM]",,"SPANAWAY","WA","98387","USA","USD","[PREMIUM]","[PREMIUM]","C250",false,"[PREMIUM]","LE",false,false,"[PREMIUM]",,,,,,,,"[PREMIUM]"
"63410646","2026-08-17 21:04:01.750","2026-08-21 12:52:49.498","63410646","2026-08-17 14:42:56.000","[PREMIUM]","337","WA - SPANAWAY","2026-08-21","FRIDAY","1200","PDT","0","V",2014,"NISSAN","SENTRA","SENTRA","SEDAN","WHITE","FRONT END","SIDE","WA","BS","YES","D",195099,"A","[PREMIUM]",2830.52,"1.8L 4","FRONT WHEEL DRIVE","AUTOMATIC","GAS",4,"Run & Drive Verified","Pure Sale","[PREMIUM]",,"SPANAWAY","WA","98387","USA","USD","[PREMIUM]","[PREMIUM]","D180",false,"[PREMIUM]","SV",false,false,"[PREMIUM]",,,,,,,,"[PREMIUM]"
"63003866","2026-08-17 21:04:01.641","2026-08-21 12:52:49.441","63003866","2026-08-17 18:51:09.000","[PREMIUM]","337","WA - SPANAWAY","2026-08-21","FRIDAY","1200","PDT","0","V",2020,"TESLA","MODEL Y","MODEL Y","SPORT UTILITY VEHICLE","GRAY","FRONT END",,"WA","BS","YES","D",80405,"A","[PREMIUM]",18160,,"ALL WHEEL DRIVE","AUTOMATIC","ELECTRIC",,"Run & Drive Verified","On Minimum Bid","[PREMIUM]",,"SPANAWAY","WA","98387","USA","USD","[PREMIUM]","[PREMIUM]","D300",false,"[PREMIUM]",,false,false,"[PREMIUM]",,,,,,,,"[PREMIUM]"
"62909516","2026-08-17 21:04:01.613","2026-08-21 12:52:49.411","62909516","2026-08-17 15:57:38.000","[PREMIUM]","337","WA - SPANAWAY","2026-08-21","FRIDAY","1200","PDT","0","V",2015,"NISSAN","MURANO","MURANO","SUV","BLACK","FRONT END","SIDE","WA","BS","YES","D",122616,"A","[PREMIUM]",8799,"3.5L 6","ALL WHEEL DRIVE","AUTOMATIC","GAS",6,"Run & Drive Verified","Pure Sale","[PREMIUM]",,"SPANAWAY","WA","98387","USA","USD","[PREMIUM]","[PREMIUM]","B180",false,"[PREMIUM]","PLATINUM",false,false,"[PREMIUM]",,,,,,,,"[PREMIUM]"
"62859876","2026-08-17 21:04:01.572","2026-08-21 12:52:49.414","62859876","2026-08-18 11:29:30.000","[PREMIUM]","337","WA - SPANAWAY","2026-08-21","FRIDAY","1200","PDT","0","V",2015,"KIA","FORTE","FORTE","SEDAN 4DR","GRAY","FRONT END","SIDE","WA","BS","YES","D",85679,"A","[PREMIUM]",6391.13,"1.8L 4","FRONT WHEEL DRIVE","AUTOMATIC","GAS",4,"Run & Drive Verified","Pure Sale","[PREMIUM]",,"SPANAWAY","WA","98387","USA","USD","[PREMIUM]","[PREMIUM]","C180",false,"[PREMIUM]","LX",false,false,"[PREMIUM]",,,,,,,,"[PREMIUM]"
"62804146","2026-08-17 21:04:01.545","2026-08-21 12:52:49.411","62804146","2026-08-17 17:30:36.000","[PREMIUM]","337","WA - SPANAWAY","2026-08-21","FRIDAY","1200","PDT","0","V",2025,"CHEVROLET","TRAX","TRAX","SPORT UTILITY VEHICLE","BLACK","FRONT END","REAR END","WA","BS","YES","D",25562,"A","[PREMIUM]",18149.72,"1.2L 3","FRONT WHEEL DRIVE","AUTOMATIC","GAS",3,"Run & Drive Verified","Pure Sale","[PREMIUM]",,"SPANAWAY","WA","98387","USA","USD","[PREMIUM]","[PREMIUM]","C280",false,"[PREMIUM]","1RS",false,false,"[PREMIUM]",,,,,,,,"[PREMIUM]"
"62302016","2026-08-17 21:04:01.427","2026-08-21 12:52:49.319","62302016","2026-08-17 21:11:57.000","[PREMIUM]","337","WA - SPANAWAY","2026-08-21","FRIDAY","1200","PDT","0","V",2011,"TOYOTA","SIENNA","SIENNA","MINI-VAN","GRAY","FRONT END",,"WA","BS","YES","D",174247,"A","[PREMIUM]",0,"3.5L 6","FRONT WHEEL DRIVE","AUTOMATIC","GAS",6,"Run & Drive Verified","Pure Sale","[PREMIUM]",,"SPANAWAY","WA","98387","USA","USD","[PREMIUM]","[PREMIUM]","A170",false,"[PREMIUM]","XLE 8-PASSENGER",false,false,"[PREMIUM]",,,,,,,,"[PREMIUM]"
"62337076","2026-08-17 21:04:01.423","2026-08-21 12:52:49.425","62337076","2026-08-17 18:48:41.000","[PREMIUM]","337","WA - SPANAWAY","2026-08-21","FRIDAY","1200","PDT","0","V",2019,"MERCEDES-BENZ","C-CLASS","C","COUPE","GRAY","FRONT END","SIDE","WA","BS","YES","D",111505,"A","[PREMIUM]",10740.55,"2.0L 4","ALL WHEEL DRIVE","AUTOMATIC","GAS",4,"Run & Drive Verified","Pure Sale","[PREMIUM]",,"SPANAWAY","WA","98387","USA","USD","[PREMIUM]","[PREMIUM]","A320",false,"[PREMIUM]","300 4MATIC",false,false,"[PREMIUM]",,,,,,,,"[PREMIUM]"
"62140196","2026-08-17 21:04:01.365","2026-08-21 12:52:49.303","62140196","2026-08-17 18:57:10.000","[PREMIUM]","337","WA - SPANAWAY","2026-08-21","FRIDAY","1200","PDT","0","V",2024,"TOYOTA","CAMRY SOLA","CAMRY HYBRID","SEDAN","WHITE","FRONT END",,"WA","BS","YES","D",53869,"A","[PREMIUM]",10335.99,"2.5L 4","FRONT WHEEL DRIVE","AUTOMATIC","ELECTRIC AND GAS HYBRID",4,"Run & Drive Verified","Pure Sale","[PREMIUM]",,"SPANAWAY","WA","98387","USA","USD","[PREMIUM]","[PREMIUM]","B300",false,"[PREMIUM]","SE",false,false,"[PREMIUM]",,,,,,,,"[PREMIUM]"
"61413106","2026-08-17 21:04:01.215","2026-08-21 12:52:49.180","61413106","2026-08-17 18:39:48.000","[PREMIUM]","337","WA - SPANAWAY","2026-08-21","FRIDAY","1200","PDT","0","V",2018,"RAM","1500","1500","PICKUP","BLACK","FRONT END",,"WA","BS","YES","D",145070,"A","[PREMIUM]",15009,"5.7L 8","4X4 W/REAR WHEEL DRV","AUTOMATIC","GAS",8,"Run & Drive Verified","Pure Sale","[PREMIUM]",,"SPANAWAY","WA","98387","USA","USD","[PREMIUM]","[PREMIUM]","A260",false,"[PREMIUM]","LARAMIE",false,false,"[PREMIUM]",,,,,,,,"[PREMIUM]"
"61201746","2026-08-17 21:04:01.167","2026-08-21 12:52:49.129","61201746","2026-08-17 18:00:20.000","[PREMIUM]","337","WA - SPANAWAY","2026-08-21","FRIDAY","1200","PDT","0","V",2011,"MERCEDES-BENZ","E-CLASS","E","COUPE","BLACK","REAR END","UNDERCARRIAGE","WA","BS","YES","D",134697,"A","[PREMIUM]",10359.14,"3.5L 6","REAR WHEEL DRIVE","AUTOMATIC","GAS",6,"Run & Drive Verified","Pure Sale","[PREMIUM]",,"SPANAWAY","WA","98387","USA","USD","[PREMIUM]","[PREMIUM]","B180",false,"[PREMIUM]","350",false,false,"[PREMIUM]",,,,,,,,"[PREMIUM]"
"60204626","2026-08-17 21:04:01.068","2026-08-26 06:08:04.346","60204626","2026-08-20 23:32:53.000","[PREMIUM]","835","MEDIUM DUTY SPECIALTY SALE","2026-08-26","WEDNESDAY","1100","CDT","0","K",2024,"INTERNATIONAL","ALL OTHER","MV607","STRAIGHT TRUCK","WHITE","FRONT END",,"AZ","SC","YES","S",81509,"N","[PREMIUM]",0,"6.7L 6","REAR WHEEL DRIVE","AUTOMATIC","DIESEL",6,"Vehicle Starts","On Approval","[PREMIUM]",,"SPANAWAY","WA","98387","USA","USD","[PREMIUM]","[PREMIUM]","HV007",false,"[PREMIUM]",,false,false,"[PREMIUM]",,,,,,,,"[PREMIUM]"
"57923706","2026-08-17 21:04:00.798","2026-08-21 12:52:48.745","57923706","2026-08-17 20:09:12.000","[PREMIUM]","337","WA - SPANAWAY","2026-08-21","FRIDAY","1200","PDT","0","V",2014,"SUBARU","OUTBACK","OUTBACK","4DR SPORT UTILITY","BLUE","FRONT END","SIDE","WA","BS","NO","E",0,"N","[PREMIUM]",0,"2.5L 4","ALL WHEEL DRIVE","AUTOMATIC","GAS",4,"DEFAULT","Pure Sale","[PREMIUM]",,"SPANAWAY","WA","98387","USA","USD","[PREMIUM]","[PREMIUM]","J330",false,"[PREMIUM]","2.5I LIMITED",false,false,"[PREMIUM]",,,,,,,,"[PREMIUM]"
"55845506","2026-08-17 21:04:00.637","2026-08-27 17:48:02.835","55845506","2026-08-22 02:45:33.000","[PREMIUM]","337","WA - SPANAWAY","2026-08-28","FRIDAY","1200","PDT","0","V",2009,"DODGE","All Models","RAM 1500","CREW PICKUP","BLACK","SIDE",,"WA","CT","NO","E",0,"E","[PREMIUM]",12732,"5.7L 8","4X4 W/REAR WHEEL DRV","AUTOMATIC","GAS",8,"DEFAULT","On Minimum Bid","[PREMIUM]",,"SPANAWAY","WA","98387","USA","USD","[PREMIUM]","[PREMIUM]","1I020",false,"[PREMIUM]",,false,false,"[PREMIUM]",,,,,,,,"[PREMIUM]"
"55435166","2026-08-17 21:04:00.619","2026-08-31 11:47:07.363","55435166","2026-08-28 02:07:27.000","[PREMIUM]","337","WA - SPANAWAY","2026-09-04","FRIDAY","1200","PDT","0","V",2013,"TOYOTA","4RUNNER","4RUNNER","SUV","BLACK","SIDE","FRONT END","WA","CT","YES","D",215047,"A","[PREMIUM]",0,"4.0L 6","FOUR BY FOUR","AUTOMATIC","GAS",6,"Run & Drive Verified","On Minimum Bid","[PREMIUM]",,"SPANAWAY","WA","98387","USA","USD","[PREMIUM]","[PREMIUM]","C310",true,"[PREMIUM]","SR5",false,false,"[PREMIUM]",,,,,,,,"[PREMIUM]"
"52436316","2026-08-17 21:04:00.523","2026-08-28 11:45:16.793","52436316","2026-08-24 21:44:24.000","[PREMIUM]","337","WA - SPANAWAY","2026-08-28","FRIDAY","1200","PDT","0","V",2016,"DODGE","JOURNEY","JOURNEY","4DR SPORT UTILITY","RED","FRONT END","SIDE","WA","BS","YES","S",146646,"A","[PREMIUM]",8022.59,"3.6L 6","ALL WHEEL DRIVE","AUTOMATIC","FLEXIBLE",6,"Vehicle Starts","On Minimum Bid","[PREMIUM]",,"SPANAWAY","WA","98387","USA","USD","[PREMIUM]","[PREMIUM]","C260",false,"[PREMIUM]","CROSSROAD",false,false,"[PREMIUM]",,,,,,,,"[PREMIUM]"
"90914545","2026-08-17 21:04:00.326","2026-08-28 11:45:16.647","90914545","2026-08-25 19:21:31.000","[PREMIUM]","336","UT - SALT LAKE CITY","2026-08-28","FRIDAY","1200","MDT","0","V",2002,"FORD","RANGER","RANGER",,"RED","FRONT END","REAR END","WV","SC","YES","S",258462,"E","[PREMIUM]",5106,"4.0L  6","4x4 w/Rear Wheel Drv","AUTOMATIC","GAS",6,"Vehicle Starts","Pure Sale","[PREMIUM]",,"MAGNA","UT","84044 1470","USA","USD","[PREMIUM]","[PREMIUM]","F040",false,"[PREMIUM]","SUPER CAB",false,false,"[PREMIUM]",,,,,,,,"[PREMIUM]"
"65282536","2026-08-17 21:04:00.107","2026-08-31 11:47:05.958","65282536","2026-08-27 17:56:29.000","[PREMIUM]","881","*NCS - CENTRAL REGION","2026-08-31","MONDAY","2000","CDT","0","R",2000,"AEROTILERS","TRAILERS","TRAILERS",,"WHITE","ALL OVER",,"UT","SC","EXM","E",0,"E","[PREMIUM]",0,,,,,,"DEFAULT","Pure Sale","[PREMIUM]",,"MAGNA","UT","84044 1470","USA","USD","[PREMIUM]","[PREMIUM]","HVY1",false,"[PREMIUM]",,false,false,"[PREMIUM]",,,,,,,,"[PREMIUM]"
"65567996","2026-08-17 21:04:00.081","2026-08-28 11:45:16.152","65567996","2026-08-27 23:02:59.000","[PREMIUM]","336","UT - SALT LAKE CITY","2026-08-28","FRIDAY","1200","MDT","0","V",2014,"HYUNDAI","SONATA","SONATA","SEDAN 4DR","CHARCOAL","MECHANICAL",,"UT","RT","YES",,129666,"A","[PREMIUM]",0,"2.4L 4","FRONT WHEEL DRIVE","AUTOMATIC","GAS",4,,"On Minimum Bid","[PREMIUM]",,"MAGNA","UT","84044 1470","USA","USD","[PREMIUM]","[PREMIUM]","B040",true,"[PREMIUM]","GLS",false,false,"[PREMIUM]",,,,,,,,"[PREMIUM]"
"64656536","2026-08-17 21:03:59.943","2026-08-21 12:52:47.316","64656536","2026-08-21 12:00:34.000","[PREMIUM]","336","UT - SALT LAKE CITY","2026-08-21","FRIDAY","1200","MDT","3411","V",2000,"LEXUS","RX300","RX","4DR SPORT UTILITY","CREAM","MECHANICAL","NORMAL WEAR","UT","CT","YES","D",219439,"E","[PREMIUM]",0,"3.0L 6","ALL WHEEL DRIVE","AUTOMATIC","GAS",6,"Run & Drive Verified","On Minimum Bid","[PREMIUM]",,"MAGNA","UT","84044 1470","USA","USD","[PREMIUM]","[PREMIUM]","L110",true,"[PREMIUM]","300",false,false,"[PREMIUM]",,,,,,,,"[PREMIUM]"
"64261726","2026-08-17 21:03:59.363","2026-08-21 12:52:46.782","64261726","2026-08-21 12:00:33.000","[PREMIUM]","336","UT - SALT LAKE CITY","2026-08-21","FRIDAY","1200","MDT","80","V",2024,"JEEP","CHEROKEE","GRAND CHEROKEE","SPORT UTILITY VEHICLE","WHITE","FRONT END",,"CA","CT","NO","E",53060,"A","[PREMIUM]",0,"2.0L 4","4X4 W/REAR WHEEL DRV","AUTOMATIC","ELECTRIC AND GAS HYBRID",4,"DEFAULT","On Minimum Bid","[PREMIUM]",,"MAGNA","UT","84044 1470","USA","USD","[PREMIUM]","[PREMIUM]","M060",true,"[PREMIUM]","LIMITED 4XE",false,false,"[PREMIUM]",,,,,,,,"[PREMIUM]"
"63792906","2026-08-17 21:03:59.072","2026-08-20 05:42:15.574","63792906","2026-08-19 20:01:00.000","[PREMIUM]","855","WHOLESALE AUCTION","2026-08-20","THURSDAY","1200","EDT","3112","V",2023,"CHEVROLET","SILVERADO","SILVERADO","PICKUP","WHITE","SIDE",,"NM","CT","YES","D",40357,"A","[PREMIUM]",9607,"6.6L 8","4X4 W/REAR WHEEL DRV","AUTOMATIC","GAS",8,"Run & Drive Verified","On Minimum Bid","[PREMIUM]",,"MAGNA","UT","84044 1470","USA","USD","[PREMIUM]","[PREMIUM]","P120",false,"[PREMIUM]","K2500 HEAVY DUTY",false,true,"[PREMIUM]",,,,,"RED LIGHT",2.7,"Safety,Other","[PREMIUM]"
"62497146","2026-08-17 21:03:57.999","2026-08-17 21:03:57.999","62497146","2026-08-17 16:44:26.000","[PREMIUM]","336","UT - SALT LAKE CITY","2026-08-18","TUESDAY","1200","MDT","0","V",2020,"SUBARU","ASCENT","ASCENT","SPORT UTILITY VEHICLE","SILVER","MINOR DENT/SCRATCHES",,"IN","ST","YES","D",15937,"A","[PREMIUM]",0,"2.4L 4","ALL WHEEL DRIVE","AUTOMATIC","GAS",4,"Run & Drive Verified","On Minimum Bid","[PREMIUM]",,"MAGNA","UT","84044 1470","USA","USD","[PREMIUM]","[PREMIUM]","M080",true,"[PREMIUM]","LIMITED",false,false,"[PREMIUM]",,,,,,,,"[PREMIUM]"
"62496946","2026-08-17 21:03:57.988","2026-08-17 21:03:57.988","62496946","2026-08-17 17:50:05.000","[PREMIUM]","336","UT - SALT LAKE CITY","2026-08-18","TUESDAY","1200","MDT","0","V",2019,"SUBARU","CROSSTREK","CROSSTREK","SPORT UTILITY VEHICLE","BLUE","STRIPPED",,"IN","ST","YES","D",97473,"A","[PREMIUM]",0,"2.0L 4","ALL WHEEL DRIVE","AUTOMATIC","GAS",4,"Run & Drive Verified","On Approval","[PREMIUM]",,"MAGNA","UT","84044 1470","USA","USD","[PREMIUM]","[PREMIUM]","F020",false,"[PREMIUM]","PREMIUM",false,false,"[PREMIUM]",,,,,,,,"[PREMIUM]"
"62496396","2026-08-17 21:03:57.958","2026-08-21 12:52:45.509","62496396","2026-08-21 12:00:34.000","[PREMIUM]","336","UT - SALT LAKE CITY","2026-08-21","FRIDAY","1200","MDT","3320","V",2000,"BMW","Z3","Z3","CONVERTIBLE","CHARCOAL","FRONT END",,"IN","ST","YES","D",112138,"E","[PREMIUM]",0,"2.5L 6","REAR WHEEL DRIVE","AUTOMATIC","GAS",6,"Run & Drive Verified","On Minimum Bid","[PREMIUM]",,"MAGNA","UT","84044 1470","USA","USD","[PREMIUM]","[PREMIUM]","E050",true,"[PREMIUM]","2.3",false,false,"[PREMIUM]",,,,,,,,"[PREMIUM]"
"62010006","2026-08-17 21:03:57.528","2026-08-27 17:47:58.727","62010006","2026-08-22 02:46:16.000","[PREMIUM]","336","UT - SALT LAKE CITY","2026-08-28","FRIDAY","1200","MDT","0","V",2018,"VOLKSWAGEN","GTI","GTI","HATCHBACK","WHITE","ALL OVER",,"UT","CT","NO","E",0,"N","[PREMIUM]",41645,"2L 4","FRONT WHEEL DRIVE","AUTOMATIC","GAS",4,"DEFAULT","On Minimum Bid","[PREMIUM]",,"MAGNA","UT","84044 1470","USA","USD","[PREMIUM]","[PREMIUM]","P120",false,"[PREMIUM]","S/SE",false,false,"[PREMIUM]",,,,,,,,"[PREMIUM]"
"61964626","2026-08-17 21:03:57.451","2026-08-31 05:49:31.907","61964626","2026-08-29 23:30:10.000","[PREMIUM]","882","*NCS - MOUNTAIN REGION","2026-09-01","TUESDAY","1900","MDT","0","V",2021,"RAM","PROMASTER","PROMASTER 3500","CUTAWAY","WHITE","ALL OVER",,"UT","SC","YES","D",82022,"A","[PREMIUM]",0,"3.6L 6","FRONT WHEEL DRIVE","AUTOMATIC","FLEXIBLE",6,"Run & Drive Verified","On Minimum Bid","[PREMIUM]",,"MAGNA","UT","84044 1470","USA","USD","[PREMIUM]","[PREMIUM]","*OFF",true,"[PREMIUM]","3500 STANDARD",false,false,"[PREMIUM]","7320 WEST 2100 SOUTH","UT","MAGNA","84044",,,,"[PREMIUM]"
"61422576","2026-08-17 21:03:56.814","2026-08-31 05:49:31.604","61422576","2026-08-29 23:21:21.000","[PREMIUM]","882","*NCS - MOUNTAIN REGION","2026-09-01","TUESDAY","1900","MDT","0","V",2009,"TOYOTA","TACOMA","TACOMA","CREW PICKUP","GREEN","ALL OVER",,"UT","SC","YES","D",1,"E","[PREMIUM]",0,"4.0L 6","4X4 W/REAR WHEEL DRV","MANUAL","GAS",6,"Run & Drive Verified","On Minimum Bid","[PREMIUM]",,"MAGNA","UT","84044 1470","USA","USD","[PREMIUM]","[PREMIUM]","*OFF",true,"[PREMIUM]","DOUBLE CAB",false,false,"[PREMIUM]","7320 WEST 2100 SOUTH","UT","MAGNA","84044",,,,"[PREMIUM]"
"60468356","2026-08-17 21:03:56.131","2026-08-19 03:00:27.843","60468356","2026-08-17 19:43:55.000","[PREMIUM]","336","UT - SALT LAKE CITY","2026-08-21","FRIDAY","1200","MDT","0","V",2015,"JEEP","WRANGLER","WRANGLER UNLIMITED","4DR SPORT UTILITY","WHITE","FRONT END",,"NJ","CT","YES","E",210483,"A","[PREMIUM]",0,"3.6L 6","4X4 W/REAR WHEEL DRV","AUTOMATIC","FLEXIBLE",6,"DEFAULT","On Minimum Bid","[PREMIUM]",,"MAGNA","UT","84044 1470","USA","USD","[PREMIUM]","[PREMIUM]","B100",true,"[PREMIUM]","SAHARA",false,false,"[PREMIUM]",,,,,,,,"[PREMIUM]"
"60433156","2026-08-17 21:03:56.102","2026-08-28 11:45:11.739","60433156","2026-08-25 16:42:35.000","[PREMIUM]","336","UT - SALT LAKE CITY","2026-08-28","FRIDAY","1200","MDT","0","V",2004,"HONDA","PILOT","PILOT","4DR SPORT UTILITY","TAN","FRONT END",,"WY","CT","YES","D",204716,"E","[PREMIUM]",2821.13,"3.5L 6","ALL WHEEL DRIVE","AUTOMATIC","GAS",6,"Run & Drive Verified","Pure Sale","[PREMIUM]",,"MAGNA","UT","84044 1470","USA","USD","[PREMIUM]","[PREMIUM]","I040",false,"[PREMIUM]","EXL",false,false,"[PREMIUM]",,,,,,,,"[PREMIUM]"
"57620056","2026-08-17 21:03:54.978","2026-08-28 11:45:11.272","57620056","2026-08-24 16:48:06.000","[PREMIUM]","336","UT - SALT LAKE CITY","2026-08-28","FRIDAY","1200","MDT","0","V",2009,"SUBARU","IMPREZA","IMPREZA","STATION WAGON","BLACK","FRONT END",,"ID","SC","YES","D",91647,"A","[PREMIUM]",6331,"2.5L 4","ALL WHEEL DRIVE","AUTOMATIC","GAS",4,"Run & Drive Verified","Pure Sale","[PREMIUM]",,"MAGNA","UT","84044 1470","USA","USD","[PREMIUM]","[PREMIUM]","M070",false,"[PREMIUM]","OUTBACK SPORT",false,false,"[PREMIUM]",,,,,,,,"[PREMIUM]"
"50955616","2026-08-17 21:03:54.104","2026-08-25 00:02:21.684","50955616","2026-08-19 21:36:59.000","[PREMIUM]","336","UT - SALT LAKE CITY","2026-08-25","TUESDAY","1200","MDT","0","V",2010,"TOYOTA","TUNDRA","TUNDRA","CREW PICKUP","RED","SIDE","FRONT END","UT","SC","YES","E",0,"E","[PREMIUM]",16806.8,"5.7L 8","4X4 W/REAR WHEEL DRV","AUTOMATIC","FLEXIBLE",8,"DEFAULT","Pure Sale","[PREMIUM]",,"MAGNA","UT","84044 1470","USA","USD","[PREMIUM]","[PREMIUM]","Q110",false,"[PREMIUM]","CREWMAX SR5",false,false,"[PREMIUM]",,,,,,,,"[PREMIUM]"
"51212026","2026-08-17 21:03:54.091","2026-08-31 11:47:01.355","51212026","2026-08-17 17:48:32.000","[PREMIUM]","336","UT - SALT LAKE CITY",,,,"MDT","0","V",1998,"TOYOTA","All Models","TACOMA","PICKUP","WHITE","ROLLOVER",,"OR","SC","YES","D",280016,"A","[PREMIUM]",8175,"2.7L 4","FOUR BY FOUR","MANUAL","GAS",4,"Run & Drive Verified","Pure Sale","[PREMIUM]",,"MAGNA","UT","84044 1470","USA","USD","[PREMIUM]","[PREMIUM]","I090",false,"[PREMIUM]","BASE",false,false,"[PREMIUM]",,,,,,,,"[PREMIUM]"
"65311456","2026-08-17 21:03:53.817","2026-08-21 12:52:42.077","65311456","2026-08-20 11:45:22.000","[PREMIUM]","335","FL - TAMPA NORTH","2026-08-21","FRIDAY","1000","EDT","87","V",2023,"KIA","TELLURIDE","TELLURIDE","SUV","GREEN","SIDE",,"FL","CD","YES","D",36154,"A","[PREMIUM]",30198.43,"3.8L 6","ALL WHEEL DRIVE","AUTOMATIC","GAS",6,"Run & Drive Verified","Pure Sale","[PREMIUM]",,"THONOTOSASSA","FL","33592","USA","USD","[PREMIUM]","[PREMIUM]","D080",false,"[PREMIUM]","SX",false,false,"[PREMIUM]",,,,,,,,"[PREMIUM]"
"65231546","2026-08-17 21:03:53.806","2026-08-31 11:47:00.631","65231546","2026-08-31 11:09:11.000","[PREMIUM]","335","FL - TAMPA NORTH","2026-09-04","FRIDAY","1000","EDT","0","V",2013,"HONDA","ODYSSEY","ODYSSEY","SPORTS VAN","GRAY","SIDE",,"NC","CT","YES","D",150378,"A","[PREMIUM]",0,"3.5L 6","FRONT WHEEL DRIVE","AUTOMATIC","GAS",6,"Run & Drive Verified","On Approval","[PREMIUM]",,"THONOTOSASSA","FL","33592","USA","USD","[PREMIUM]","[PREMIUM]","J070",false,"[PREMIUM]","EXL",false,false,"[PREMIUM]",,,,,,,,"[PREMIUM]"
"65589476","2026-08-17 21:03:53.801","2026-08-27 17:47:56.204","65589476","2026-08-27 11:09:56.000","[PREMIUM]","335","FL - TAMPA NORTH","2026-08-28","FRIDAY","1000","EDT","39","V",2013,"DODGE","DURANGO","DURANGO","4DR SPORT UTILITY","WHITE","MECHANICAL","REAR END","FL","CT","YES","D",175835,"A","[PREMIUM]",0,"3.6L 6","ALL WHEEL DRIVE","AUTOMATIC","FLEXIBLE",6,"Run & Drive Verified","On Minimum Bid","[PREMIUM]",,"THONOTOSASSA","FL","33592","USA","USD","[PREMIUM]","[PREMIUM]","J060",true,"[PREMIUM]","SXT",false,false,"[PREMIUM]",,,,,,,,"[PREMIUM]"
"64701716","2026-08-17 21:03:53.739","2026-08-21 12:52:41.946","64701716","2026-08-20 11:45:22.000","[PREMIUM]","335","FL - TAMPA NORTH","2026-08-21","FRIDAY","1000","EDT","47","V",2010,"HYUNDAI","ELANTRA","ELANTRA","SEDAN","GOLD","FRONT END",,"FL","RB","YES","D",79533,"A","[PREMIUM]",10737.99,"2.0L 4","FRONT WHEEL DRIVE","AUTOMATIC","GAS",4,"Run & Drive Verified","Pure Sale","[PREMIUM]",,"THONOTOSASSA","FL","33592","USA","USD","[PREMIUM]","[PREMIUM]","F080",false,"[PREMIUM]","GLS",false,false,"[PREMIUM]",,,,,,,,"[PREMIUM]"
"64690716","2026-08-17 21:03:53.735","2026-08-21 12:52:41.942","64690716","2026-08-20 11:45:22.000","[PREMIUM]","335","FL - TAMPA NORTH","2026-08-21","FRIDAY","1000","EDT","2274","V",2013,"FORD","ESCAPE","ESCAPE","4DR SPORT UTILITY","GREEN","REAR END",,"FL","RB","YES","D",188266,"A","[PREMIUM]",3452,"2.0L 4","FRONT WHEEL DRIVE","AUTOMATIC","GAS",4,"Run & Drive Verified","Pure Sale","[PREMIUM]",,"THONOTOSASSA","FL","33592","USA","USD","[PREMIUM]","[PREMIUM]","E090",false,"[PREMIUM]","SE",false,false,"[PREMIUM]",,,,,,,,"[PREMIUM]"
"64493456","2026-08-17 21:03:53.647","2026-08-21 12:52:41.865","64493456","2026-08-20 11:45:22.000","[PREMIUM]","335","FL - TAMPA NORTH","2026-08-21","FRIDAY","1000","EDT","98","V",2018,"AUDI","Q7","Q7","SPORT UTILITY VEHICLE","BLUE","FRONT END",,"FL","RB","YES","D",51927,"A","[PREMIUM]",12904.01,"3.0L 6","ALL WHEEL DRIVE","AUTOMATIC","GAS",6,"Run & Drive Verified","On Approval","[PREMIUM]",,"THONOTOSASSA","FL","33592","USA","USD","[PREMIUM]","[PREMIUM]","F040",false,"[PREMIUM]","PRESTIGE",false,false,"[PREMIUM]",,,,,,,,"[PREMIUM]"
"63905056","2026-08-17 21:03:53.516","2026-08-21 12:52:41.699","63905056","2026-08-20 11:45:22.000","[PREMIUM]","335","FL - TAMPA NORTH","2026-08-21","FRIDAY","1000","EDT","2032","V",2002,"LEXUS","LS430","LS",,"GRAY","WATER/FLOOD",,"FL","RB","YES","E",112886,"A","[PREMIUM]",8555,,,"AUTOMATIC",,,"DEFAULT","Pure Sale","[PREMIUM]",,"THONOTOSASSA","FL","33592","USA","USD","[PREMIUM]","[PREMIUM]","F090",false,"[PREMIUM]","430",false,false,"[PREMIUM]",,,,,,,,"[PREMIUM]"
"63189186","2026-08-17 21:03:53.364","2026-08-21 12:52:41.609","63189186","2026-08-20 11:45:22.000","[PREMIUM]","335","FL - TAMPA NORTH","2026-08-21","FRIDAY","1000","EDT","16","V",2025,"SUBARU","OUTBACK","OUTBACK","SPORT UTILITY VEHICLE","BLACK","FRONT END","REAR END","FL","RB","YES","D",8245,"A","[PREMIUM]",23440.12,"2.4L 4","ALL WHEEL DRIVE","AUTOMATIC","GAS",4,"Run & Drive Verified","Pure Sale","[PREMIUM]",,"THONOTOSASSA","FL","33592","USA","USD","[PREMIUM]","[PREMIUM]","E030",false,"[PREMIUM]","WILDERNESS",false,false,"[PREMIUM]",,,,,,,,"[PREMIUM]"
"62902266","2026-08-17 21:03:53.274","2026-08-25 00:02:20.616","62902266","2026-08-24 11:56:44.000","[PREMIUM]","335","FL - TAMPA NORTH","2026-08-25","TUESDAY","1000","EDT","15","V",2017,"DODGE","CARAVAN","GRAND CARAVAN","SPORTS VAN","RED","FRONT END","SIDE","FL","RB","YES","D",62355,"A","[PREMIUM]",27774.97,"3.6L 6","FRONT WHEEL DRIVE","AUTOMATIC","FLEXIBLE",6,"Run & Drive Verified","On Minimum Bid","[PREMIUM]",,"THONOTOSASSA","FL","33592","USA","USD","[PREMIUM]","[PREMIUM]","B010",false,"[PREMIUM]","SXT",false,false,"[PREMIUM]",,,,,,,,"[PREMIUM]"
"62045166","2026-08-17 21:03:53.111","2026-08-21 12:52:41.412","62045166","2026-08-20 11:45:22.000","[PREMIUM]","335","FL - TAMPA NORTH","2026-08-21","FRIDAY","1000","EDT","113","V",2019,"HONDA","ACCORD","ACCORD","SEDAN","BLACK","SIDE","REAR END","FL","RB","YES","D",0,"N","[PREMIUM]",15719.77,"2.0L 4","FRONT WHEEL DRIVE","AUTOMATIC","GAS",4,"Run & Drive Verified","Pure Sale","[PREMIUM]",,"THONOTOSASSA","FL","33592","USA","USD","[PREMIUM]","[PREMIUM]","J040",false,"[PREMIUM]","TOURING",false,false,"[PREMIUM]",,,,,,,,"[PREMIUM]"
"61623426","2026-08-17 21:03:53.009","2026-08-21 12:52:41.260","61623426","2026-08-20 11:45:22.000","[PREMIUM]","335","FL - TAMPA NORTH","2026-08-21","FRIDAY","1000","EDT","2061","V",2008,"LEXUS","GX 470","GX",,"GRAY","FRONT END",,"FL","RB","YES","E",171439,"A","[PREMIUM]",10070.13,,,"AUTOMATIC",,,"DEFAULT","Pure Sale","[PREMIUM]",,"THONOTOSASSA","FL","33592","USA","USD","[PREMIUM]","[PREMIUM]","F030",false,"[PREMIUM]","470",false,false,"[PREMIUM]",,,,,,,,"[PREMIUM]"
"61300586","2026-08-17 21:03:52.926","2026-08-21 12:52:41.219","61300586","2026-08-20 11:45:22.000","[PREMIUM]","335","FL - TAMPA NORTH","2026-08-21","FRIDAY","1000","EDT","2067","V",2014,"NISSAN","VERSA","VERSA","SEDAN","SILVER","SIDE",,"FL","RB","YES","E",166190,"N","[PREMIUM]",2990,"1.6L 4","FRONT WHEEL DRIVE","AUTOMATIC","GAS",4,"DEFAULT","Pure Sale","[PREMIUM]",,"THONOTOSASSA","FL","33592","USA","USD","[PREMIUM]","[PREMIUM]","H100",false,"[PREMIUM]","1.6 SV",false,false,"[PREMIUM]",,,,,,,,"[PREMIUM]"
"60934026","2026-08-17 21:03:52.925","2026-08-25 00:02:20.212","60934026","2026-08-24 11:56:44.000","[PREMIUM]","335","FL - TAMPA NORTH","2026-08-25","TUESDAY","1000","EDT","31","V",2007,"HONDA","CRV","CR-V","4DR SPORT UTILITY","BEIGE","REAR END","FRONT END","FL","RB","YES","D",192541,"E","[PREMIUM]",6323.6,"2.4L 4","FRONT WHEEL DRIVE","AUTOMATIC","GAS",4,"Run & Drive Verified","Pure Sale","[PREMIUM]",,"THONOTOSASSA","FL","33592","USA","USD","[PREMIUM]","[PREMIUM]","H080",false,"[PREMIUM]","LX",false,false,"[PREMIUM]",,,,,,,,"[PREMIUM]"
"60975756","2026-08-17 21:03:52.894","2026-08-26 05:47:40.669","60975756","2026-08-19 16:35:25.000","[PREMIUM]","835","MEDIUM DUTY SPECIALTY SALE","2026-08-26","WEDNESDAY","1100","CDT","0","K",2015,"CHEVROLET","EXPRESS","EXPRESS G2500","CARGO VAN","WHITE","FRONT END",,"FL","RB","YES","E",188669,"A","[PREMIUM]",7099.45,"4.8L 8","REAR WHEEL DRIVE","AUTOMATIC","FLEXIBLE",8,"DEFAULT","Pure Sale","[PREMIUM]",,"THONOTOSASSA","FL","33592","USA","USD","[PREMIUM]","[PREMIUM]","P040",false,"[PREMIUM]",,false,false,"[PREMIUM]",,,,,,,,"[PREMIUM]"
"60999226","2026-08-17 21:03:52.884","2026-08-21 12:52:41.134","60999226","2026-08-20 11:45:22.000","[PREMIUM]","335","FL - TAMPA NORTH","2026-08-21","FRIDAY","1000","EDT","2003","V",2019,"MINI","COOPER","COOPER","WAGON","GRAY","REAR END",,"FL","RB","YES","E",48928,"A","[PREMIUM]",17335,"1.5L 3","ALL WHEEL DRIVE","AUTOMATIC","ELECTRIC AND GAS HYBRID",3,"DEFAULT","Pure Sale","[PREMIUM]",,"THONOTOSASSA","FL","33592","USA","USD","[PREMIUM]","[PREMIUM]","F060",false,"[PREMIUM]","S E COUNTRYMAN ALL4",false,false,"[PREMIUM]",,,,,,,,"[PREMIUM]"
"60581556","2026-08-17 21:03:52.845","2026-08-21 12:52:41.061","60581556","2026-08-20 11:45:22.000","[PREMIUM]","335","FL - TAMPA NORTH","2026-08-21","FRIDAY","1000","EDT","90","V",2019,"LINCOLN","MKZ","MKZ","SEDAN","BLACK","REAR END",,"FL","RB","YES","D",48029,"A","[PREMIUM]",14768.69,"2.0L 4","FRONT WHEEL DRIVE","AUTOMATIC","GAS",4,"Run & Drive Verified","Pure Sale","[PREMIUM]",,"THONOTOSASSA","FL","33592","USA","USD","[PREMIUM]","[PREMIUM]","H010",false,"[PREMIUM]","RESERVE II",false,false,"[PREMIUM]",,,,,,,,"[PREMIUM]"
"60453346","2026-08-17 21:03:52.779","2026-08-21 12:52:40.951","60453346","2026-08-20 11:45:22.000","[PREMIUM]","335","FL - TAMPA NORTH","2026-08-21","FRIDAY","1000","EDT","2","V",2017,"MERCEDES-BENZ","C-CLASS","C","SEDAN","WHITE","FRONT END",,"FL","RB","YES","D",0,"N","[PREMIUM]",6962.53,"2.0L 4","REAR WHEEL DRIVE","AUTOMATIC","GAS",4,"Run & Drive Verified","Pure Sale","[PREMIUM]",,"THONOTOSASSA","FL","33592","USA","USD","[PREMIUM]","[PREMIUM]","F070",false,"[PREMIUM]","300",false,false,"[PREMIUM]",,,,,,,,"[PREMIUM]"
"59963946","2026-08-17 21:03:52.661","2026-08-21 12:52:40.746","59963946","2026-08-20 11:45:22.000","[PREMIUM]","335","FL - TAMPA NORTH","2026-08-21","FRIDAY","1000","EDT","2299","V",2016,"NISSAN","PATHFINDER","PATHFINDER","SUV","BLUE","FRONT END",,"FL","RB","YES","D",181988,"A","[PREMIUM]",9199.08,"3.5L 6","FRONT WHEEL DRIVE","AUTOMATIC","GAS",6,"Run & Drive Verified","Pure Sale","[PREMIUM]",,"THONOTOSASSA","FL","33592","USA","USD","[PREMIUM]","[PREMIUM]","I020",false,"[PREMIUM]","S",false,false,"[PREMIUM]",,,,,,,,"[PREMIUM]"
"57301036","2026-08-17 21:03:52.244","2026-08-21 12:52:40.376","57301036","2026-08-20 11:45:22.000","[PREMIUM]","335","FL - TAMPA NORTH","2026-08-21","FRIDAY","1000","EDT","2079","V",2011,"NISSAN","JUKE","JUKE","WAGON","BLACK","FRONT END",,"FL","RB","YES","E",0,"N","[PREMIUM]",3676.32,"1.6L 4","ALL WHEEL DRIVE","AUTOMATIC","GAS",4,"DEFAULT","Pure Sale","[PREMIUM]",,"THONOTOSASSA","FL","33592","USA","USD","[PREMIUM]","[PREMIUM]","K060",false,"[PREMIUM]","S",false,false,"[PREMIUM]",,,,,,,,"[PREMIUM]"
"50284706","2026-08-17 21:03:51.894","2026-08-21 12:52:40.103","50284706","2026-08-20 11:45:22.000","[PREMIUM]","335","FL - TAMPA NORTH","2026-08-21","FRIDAY","1000","EDT","2059","V",2015,"TOYOTA","COROLLA","COROLLA","SEDAN","GRAY","FRONT END",,"FL","RB","YES","E",119792,"A","[PREMIUM]",7586.97,"1.8L 4","FRONT WHEEL DRIVE","AUTOMATIC","GAS",4,"DEFAULT","On Minimum Bid","[PREMIUM]",,"THONOTOSASSA","FL","33592","USA","USD","[PREMIUM]","[PREMIUM]","H060",false,"[PREMIUM]","L",false,false,"[PREMIUM]",,,,,,,,"[PREMIUM]"
"50351886","2026-08-17 21:03:51.885","2026-08-21 12:52:40.099","50351886","2026-08-20 11:45:22.000","[PREMIUM]","335","FL - TAMPA NORTH","2026-08-21","FRIDAY","1000","EDT","2072","V",2018,"NISSAN","ALTIMA","ALTIMA","SEDAN","BLUE","FRONT END","REAR END","FL","RB","YES","E",100850,"A","[PREMIUM]",12771.69,"2.5L 4","FRONT WHEEL DRIVE","AUTOMATIC","GAS",4,"DEFAULT","Pure Sale","[PREMIUM]",,"THONOTOSASSA","FL","33592","USA","USD","[PREMIUM]","[PREMIUM]","D090",false,"[PREMIUM]","2.5 SR",false,false,"[PREMIUM]",,,,,,,,"[PREMIUM]"
"99888545","2026-08-17 21:03:51.845","2026-08-31 11:46:59.267","99888545","2026-08-17 16:58:33.000","[PREMIUM]","328","WY - CASPER",,,,"MDT","0","V",2015,"CHEVROLET","ALL Models","SILVERADO","4DR EXT","CHARCOAL","FRONT END","SIDE","WY","CT","YES","D",123076,"A","[PREMIUM]",13768.36,"5.3L  8","4x4 w/Rear Wheel Drv","AUTOMATIC","GAS",8,"Run & Drive Verified","Pure Sale","[PREMIUM]",,"CASPER","WY","82601","USA","USD","[PREMIUM]","[PREMIUM]","C090",false,"[PREMIUM]","K1500 LT",false,false,"[PREMIUM]",,,,,,,,"[PREMIUM]"
"64323066","2026-08-17 21:03:51.708","2026-08-31 11:46:59.019","64323066","2026-08-17 16:10:07.000","[PREMIUM]","328","WY - CASPER",,,,"MDT","0","V",2014,"FORD","ESCAPE","ESCAPE","4DR SPORT UTILITY","GRAY","REAR END","SIDE","WY","CT","YES","D",83000,"A","[PREMIUM]",8339,"2.0L 4","4X4 W/FRONT WHL DRV","AUTOMATIC","GAS",4,"Run & Drive Verified","Pure Sale","[PREMIUM]",,"CASPER","WY","82601","USA","USD","[PREMIUM]","[PREMIUM]","B080",false,"[PREMIUM]","SE",false,false,"[PREMIUM]",,,,,,,,"[PREMIUM]"
"64266916","2026-08-17 21:03:51.668","2026-08-19 03:00:23.728","64266916","2026-08-18 19:48:05.000","[PREMIUM]","328","WY - CASPER","2026-08-19","WEDNESDAY","1200","MDT","48","V",2012,"FORD","F250","F250","CREW PICKUP","WHITE","FRONT END","SIDE","WY","CT","YES","E",162160,"A","[PREMIUM]",0,"6.7L 8","4X4 W/REAR WHEEL DRV","AUTOMATIC","DIESEL",8,"DEFAULT","On Minimum Bid","[PREMIUM]",,"CASPER","WY","82601","USA","USD","[PREMIUM]","[PREMIUM]","C130",false,"[PREMIUM]","SUPER DUTY",false,false,"[PREMIUM]",,,,,,,,"[PREMIUM]"
"63697036","2026-08-17 21:03:51.619","2026-08-31 11:46:58.938","63697036","2026-08-17 17:27:54.000","[PREMIUM]","328","WY - CASPER",,,,"MDT","0","V",2012,"TOYOTA","TACOMA","TACOMA","PICKUP","WHITE","FRONT END",,"WY","CT","YES","S",97329,"A","[PREMIUM]",15874,"2.7L 4","FOUR BY FOUR","MANUAL","GAS",4,"Vehicle Starts","Pure Sale","[PREMIUM]",,"CASPER","WY","82601","USA","USD","[PREMIUM]","[PREMIUM]","E050",false,"[PREMIUM]","BASE",false,false,"[PREMIUM]",,,,,,,,"[PREMIUM]"
"62452776","2026-08-17 21:03:51.502","2026-08-31 11:46:58.823","62452776","2026-08-17 15:12:15.000","[PREMIUM]","328","WY - CASPER",,,,"MDT","0","V",2013,"NISSAN","TITAN","TITAN","PICKUP","SILVER","FRONT END","SIDE","WY","CT","YES","E",49213,"A","[PREMIUM]",24490.81,"5.6L 8","4X2","AUTOMATIC","GAS",8,"DEFAULT","Pure Sale","[PREMIUM]",,"CASPER","WY","82601","USA","USD","[PREMIUM]","[PREMIUM]","F030",false,"[PREMIUM]","SV",false,false,"[PREMIUM]",,,,,,,,"[PREMIUM]"
"61875576","2026-08-17 21:03:51.478","2026-08-31 11:46:58.776","61875576","2026-08-25 19:10:37.000","[PREMIUM]","328","WY - CASPER",,,,"MDT","0","V",2023,"CHRYSLER","PACIFICA","PACIFICA","VAN PASSENGER","SILVER","HAIL",,"WY","SC","YES","D",86881,"A","[PREMIUM]",14730.29,"3.6L 6","FRONT WHEEL DRIVE","AUTOMATIC","FLEXIBLE",6,"Run & Drive Verified","Pure Sale","[PREMIUM]",,"CASPER","WY","82601","USA","USD","[PREMIUM]","[PREMIUM]","F080",false,"[PREMIUM]","TOURING L",false,false,"[PREMIUM]",,,,,,,,"[PREMIUM]"
"61868546","2026-08-17 21:03:51.476","2026-08-31 11:46:58.773","61868546","2026-08-17 15:37:10.000","[PREMIUM]","328","WY - CASPER",,,,"MDT","0","V",2023,"TOYOTA","All Models","TACOMA","PICKUP","CHARCOAL","REAR END",,"WY","SC","YES","D",19278,"A","[PREMIUM]",16934.68,"3.5L 6","FOUR BY FOUR","AUTOMATIC","GAS",6,"Run & Drive Verified","Pure Sale","[PREMIUM]",,"CASPER","WY","82601","USA","USD","[PREMIUM]","[PREMIUM]","F090",false,"[PREMIUM]","TRD OFF-ROAD",false,false,"[PREMIUM]",,,,,,,,"[PREMIUM]"
"60675146","2026-08-17 21:03:51.326","2026-08-31 11:46:58.638","60675146","2026-08-27 17:24:59.000","[PREMIUM]","855","WHOLESALE AUCTION","2026-09-03","THURSDAY","1200","EDT","0","V",2018,"NISSAN","TITAN","TITAN XD","PICKUP","SILVER","REAR END","FRONT END","IN","CT","YES","E",135244,"A","[PREMIUM]",0,"5.0L 8","FOUR BY FOUR","AUTOMATIC","DIESEL",8,"DEFAULT","On Approval","[PREMIUM]",,"CASPER","WY","82601","USA","USD","[PREMIUM]","[PREMIUM]","F100",false,"[PREMIUM]","PRO-4X",false,true,"[PREMIUM]",,,,,"RED LIGHT",1.9,,"[PREMIUM]"
"59820266","2026-08-17 21:03:51.203","2026-08-31 11:46:58.658","59820266","2026-08-27 18:38:31.000","[PREMIUM]","328","WY - CASPER","2026-09-02","WEDNESDAY","1200","MDT","0","V",2017,"HONDA","PILOT","PILOT","4DR SPORT UTILITY","BURGUNDY","REAR END",,"WY","CT","YES","D",150250,"A","[PREMIUM]",12064,"3.5L 6","ALL WHEEL DRIVE","AUTOMATIC","GAS",6,"Run & Drive Verified","Pure Sale","[PREMIUM]",,"CASPER","WY","82601","USA","USD","[PREMIUM]","[PREMIUM]","B120",false,"[PREMIUM]","EX",false,false,"[PREMIUM]",,,,,,,,"[PREMIUM]"
"59232196","2026-08-17 21:03:51.149","2026-08-31 11:46:58.486","59232196","2026-08-17 15:17:50.000","[PREMIUM]","328","WY - CASPER",,,,"MDT","0","V",2018,"CHEVROLET","COLORADO","COLORADO","PICKUP","GRAY","HAIL",,"WY","SC","YES","D",91799,"A","[PREMIUM]",12116.78,"3.6L 6","REAR WHEEL DRIVE","AUTOMATIC","GAS",6,"Run & Drive Verified","Pure Sale","[PREMIUM]",,"CASPER","WY","82601","USA","USD","[PREMIUM]","[PREMIUM]","F050",false,"[PREMIUM]","LT",false,false,"[PREMIUM]",,,,,,,,"[PREMIUM]"
"58540656","2026-08-17 21:03:51.098","2026-08-31 11:46:58.427","58540656","2026-08-28 02:45:09.000","[PREMIUM]","328","WY - CASPER","2026-09-02","WEDNESDAY","1200","MDT","0","V",2024,"FORD","BRONCO BIG","BRONCO",,"GRAY","FRONT END",,"WY","SC","YES","D",32172,"A","[PREMIUM]",32995,,,"AUTOMATIC",,,"Run & Drive Verified","On Minimum Bid","[PREMIUM]",,"CASPER","WY","82601","USA","USD","[PREMIUM]","[PREMIUM]","C130",false,"[PREMIUM]","BIG BEND",false,false,"[PREMIUM]",,,,,,,,"[PREMIUM]"
"53263936","2026-08-17 21:03:50.909","2026-08-31 11:46:58.239","53263936","2026-08-17 14:46:44.000","[PREMIUM]","328","WY - CASPER",,,,"MDT","0","V",2022,"CHEVROLET","MALIBU","MALIBU","SEDAN","SILVER","SIDE","TOP/ROOF","WY","SC","YES","D",60562,"A","[PREMIUM]",11624.11,"1.5L 4","FRONT WHEEL DRIVE","AUTOMATIC","GAS",4,"Run & Drive Verified","Pure Sale","[PREMIUM]",,"CASPER","WY","82601","USA","USD","[PREMIUM]","[PREMIUM]","B100",false,"[PREMIUM]","LS",false,false,"[PREMIUM]",,,,,,,,"[PREMIUM]"
"68375945","2026-08-17 21:03:50.724","2026-08-26 05:47:38.558","68375945","2026-08-20 16:45:33.000","[PREMIUM]","326","MS - GRENADA","2026-08-26","WEDNESDAY","1200","CDT","0","V",2017,"GMC","ACADIA","ACADIA LIMITED",,"SILVER","REAR END",,"ID","SC","YES","D",151351,"A","[PREMIUM]",6964,"3.6L  6","Front-wheel Drive","AUTOMATIC","GAS",6,"Run & Drive Verified","Pure Sale","[PREMIUM]",,"GRENADA","MS","38901","USA","USD","[PREMIUM]","[PREMIUM]","B080",false,"[PREMIUM]","SLT-2",false,false,"[PREMIUM]",,,,,,,,"[PREMIUM]"
"63404896","2026-08-17 21:03:50.652","2026-08-20 05:42:04.747","63404896","2026-08-19 20:01:00.000","[PREMIUM]","855","WHOLESALE AUCTION","2026-08-20","THURSDAY","1200","EDT","6174","V",2017,"INFINITI","QX60","QX60","SUV","BLACK","REAR END","MECHANICAL","MS","CT","YES","E",200515,"A","[PREMIUM]",2206,"3.5L 6","FRONT WHEEL DRIVE","AUTOMATIC","GAS",6,"DEFAULT","On Minimum Bid","[PREMIUM]",,"GRENADA","MS","38901","USA","USD","[PREMIUM]","[PREMIUM]","G010",true,"[PREMIUM]","BASE",false,true,"[PREMIUM]",,,,,"RED LIGHT",3.6,,"[PREMIUM]"
"62652016","2026-08-17 21:03:50.603","2026-08-20 05:42:04.719","62652016","2026-08-19 20:19:33.000","[PREMIUM]","326","MS - GRENADA","2026-08-26","WEDNESDAY","1200","CDT","0","V",2018,"CHRYSLER","PACIFICA","PACIFICA","VAN PASSENGER","BURGUNDY","MECHANICAL",,"MS","CT","YES","E",239467,"A","[PREMIUM]",0,"3.6L 6","FRONT WHEEL DRIVE","AUTOMATIC","FLEXIBLE",6,"DEFAULT","On Minimum Bid","[PREMIUM]",,"GRENADA","MS","38901","USA","USD","[PREMIUM]","[PREMIUM]","A030",true,"[PREMIUM]","TOURING PLUS",false,false,"[PREMIUM]",,,,,,,,"[PREMIUM]"
"62116006","2026-08-17 21:03:50.585","2026-08-25 00:02:17.550","62116006","2026-08-24 20:15:28.000","[PREMIUM]","855","WHOLESALE AUCTION","2026-08-25","TUESDAY","1200","EDT","4043","V",2014,"RAM","1500","1500","CREW PICKUP","BLACK","FRONT END",,"MS","CT","YES","D",156591,"A","[PREMIUM]",0,"5.7L 8","4X4 W/REAR WHEEL DRV","AUTOMATIC","GAS",8,"Run & Drive Verified","On Minimum Bid","[PREMIUM]",,"GRENADA","MS","38901","USA","USD","[PREMIUM]","[PREMIUM]","G010",true,"[PREMIUM]","ST",false,true,"[PREMIUM]",,,,,"RED LIGHT",3.2,"Maintenance,Safety,Other,Emission","[PREMIUM]"
"62233886","2026-08-17 21:03:50.569","2026-08-26 05:47:38.312","62233886","2026-08-17 20:07:23.000","[PREMIUM]","326","MS - GRENADA","2026-08-26","WEDNESDAY","1200","CDT","0","V",2010,"CHEVROLET","SILVERADO","SILVERADO","CREW PICKUP","CHARCOAL","ROLLOVER",,"MS","ST","NO","E",0,"E","[PREMIUM]",11639.42,"5.3L 8","4X4 W/REAR WHEEL DRV","AUTOMATIC","FLEXIBLE",8,"DEFAULT","Pure Sale","[PREMIUM]",,"GRENADA","MS","38901","USA","USD","[PREMIUM]","[PREMIUM]","A080",false,"[PREMIUM]","K1500 LT",false,false,"[PREMIUM]",,,,,,,,"[PREMIUM]"
"61235916","2026-08-17 21:03:50.450","2026-08-19 03:00:22.318","61235916","2026-08-17 18:24:32.000","[PREMIUM]","326","MS - GRENADA","2026-08-19","WEDNESDAY","1200","CDT","0","V",2011,"FORD","EXPLORER","EXPLORER SPORT",,"SILVER","MINOR DENT/SCRATCHES","TOP/ROOF","TN","CT","YES","D",126927,"A","[PREMIUM]",0,,,"AUTOMATIC",,,"Run & Drive Verified","On Approval","[PREMIUM]",,"GRENADA","MS","38901","USA","USD","[PREMIUM]","[PREMIUM]","B030",false,"[PREMIUM]",,false,false,"[PREMIUM]",,,,,,,,"[PREMIUM]"
"51631256","2026-08-17 21:03:50.064","2026-08-31 11:46:57.219","51631256","2026-08-28 21:31:14.000","[PREMIUM]","326","MS - GRENADA","2026-09-02","WEDNESDAY","1200","CDT","0","V",2013,"HONDA","ACCORD","ACCORD","SEDAN 4DR","WHITE","FRONT END","MINOR DENT/SCRATCHES","MS","ST","YES","D",158562,"A","[PREMIUM]",0,"2.4L 4","FRONT WHEEL DRIVE","AUTOMATIC","GAS",4,"Run & Drive Verified","Pure Sale","[PREMIUM]",,"GRENADA","MS","38901","USA","USD","[PREMIUM]","[PREMIUM]","C050",false,"[PREMIUM]","EX",false,false,"[PREMIUM]",,,,,,,,"[PREMIUM]"
"97210965","2026-08-17 21:03:49.964","2026-08-31 11:46:57.139","97210965","2026-08-20 18:16:42.000","[PREMIUM]","309","CA - ADELANTO","2026-08-31","MONDAY","1200","PDT","0","V",2018,"BMW","5 SERIES","530XE",,"BLACK","FRONT END","SIDE","CA","SC","NO",,0,"N","[PREMIUM]",0,"2.0L  4","ALL WHEEL DRIVE","AUTOMATIC","HYBRID ENGINE",4,,"Pure Sale","[PREMIUM]",,"ADELANTO","CA","92301","USA","USD","[PREMIUM]","[PREMIUM]","B020",false,"[PREMIUM]",,false,false,"[PREMIUM]",,,,,,,,"[PREMIUM]"
"85284315","2026-08-17 21:03:49.932","2026-08-31 11:46:57.094","85284315","2026-08-20 20:27:20.000","[PREMIUM]","309","CA - ADELANTO","2026-08-31","MONDAY","1200","PDT","0","V",2021,"NISSAN","VERSA","VERSA",,"BLACK","SIDE",,"CA","SC","YES","D",69579,"A","[PREMIUM]",0,"1.6L  4","Front-wheel Drive","AUTOMATIC","GAS",4,"Run & Drive Verified","Pure Sale","[PREMIUM]",,"ADELANTO","CA","92301","USA","USD","[PREMIUM]","[PREMIUM]","E070",false,"[PREMIUM]","SV",false,false,"[PREMIUM]",,,,,,,,"[PREMIUM]"
"63864726","2026-08-17 21:03:49.765","2026-08-31 11:46:56.684","63864726","2026-08-19 17:05:39.000","[PREMIUM]","309","CA - ADELANTO",,,,"PDT","0","V",2023,"KIA","SPORTAGE","SPORTAGE","SPORT UTILITY VEHICLE","WHITE","SIDE","FRONT END","CA","SC","YES","E",27793,"A","[PREMIUM]",27786,"1.6L 4","ALL WHEEL DRIVE","AUTOMATIC","ELECTRIC AND GAS HYBRID",4,"DEFAULT","Pure Sale","[PREMIUM]",,"ADELANTO","CA","92301","USA","USD","[PREMIUM]","[PREMIUM]","E010",false,"[PREMIUM]","SX PRESTIGE",false,false,"[PREMIUM]",,,,,,,,"[PREMIUM]"
"62533376","2026-08-17 21:03:49.724","2026-08-31 11:46:56.573","62533376","2026-08-20 18:16:06.000","[PREMIUM]","309","CA - ADELANTO","2026-08-31","MONDAY","1200","PDT","0","V",2011,"KIA","SORENTO","SORENTO","SUV","WHITE","FRONT END","REAR END","CA","SC","YES","D",133491,"A","[PREMIUM]",6201,"2.4L 4","FRONT WHEEL DRIVE","AUTOMATIC","GAS",4,"Run & Drive Verified","Pure Sale","[PREMIUM]",,"ADELANTO","CA","92301","USA","USD","[PREMIUM]","[PREMIUM]","E020",false,"[PREMIUM]","LX",false,false,"[PREMIUM]",,,,,,,,"[PREMIUM]"
"63035416","2026-08-17 21:03:49.709","2026-08-31 11:46:56.650","63035416","2026-08-20 18:15:26.000","[PREMIUM]","309","CA - ADELANTO","2026-08-31","MONDAY","1200","PDT","0","V",2022,"HONDA","CIVIC","CIVIC","HATCHBACK","BLUE","SIDE",,"CA","SC","YES","D",82895,"A","[PREMIUM]",16911.96,"1.5L 4","FRONT WHEEL DRIVE","AUTOMATIC","GAS",4,"Run & Drive Verified","On Minimum Bid","[PREMIUM]",,"ADELANTO","CA","92301","USA","USD","[PREMIUM]","[PREMIUM]","C030",false,"[PREMIUM]","SPORT TOURING",false,false,"[PREMIUM]",,,,,,,,"[PREMIUM]"
"62846256","2026-08-17 21:03:49.699","2026-08-31 11:46:56.602","62846256","2026-08-20 18:19:31.000","[PREMIUM]","309","CA - ADELANTO","2026-08-31","MONDAY","1200","PDT","0","V",2017,"NISSAN","FRONTIER","FRONTIER","PICKUP","WHITE","FRONT END",,"CA","SC","YES","D",172938,"A","[PREMIUM]",9818.62,"4.0L 6","4X2","AUTOMATIC","GAS",6,"Run & Drive Verified","Pure Sale","[PREMIUM]",,"ADELANTO","CA","92301","USA","USD","[PREMIUM]","[PREMIUM]","G020",false,"[PREMIUM]","SV",false,false,"[PREMIUM]",,,,,,,,"[PREMIUM]"
"59863376","2026-08-17 21:03:49.572","2026-08-31 11:46:56.389","59863376","2026-08-21 15:33:14.000","[PREMIUM]","309","CA - ADELANTO","2026-08-31","MONDAY","1200","PDT","0","V",2023,"MITSUBISHI","ECLIPSE","ECLIPSE CROSS","SPORT UTILITY VEHICLE","WHITE","UNDERCARRIAGE",,"CA","SC","YES","D",91878,"A","[PREMIUM]",12842,"1.5L 4","ALL WHEEL DRIVE","AUTOMATIC","GAS",4,"Run & Drive Verified","On Minimum Bid","[PREMIUM]",,"ADELANTO","CA","92301","USA","USD","[PREMIUM]","[PREMIUM]","F010",false,"[PREMIUM]","LE",false,false,"[PREMIUM]",,,,,,,,"[PREMIUM]"
"65598526","2026-08-17 21:03:49.161","2026-08-31 11:46:55.718","65598526","2026-08-25 18:12:43.000","[PREMIUM]","308","WI - MADISON SOUTH","2026-09-01","TUESDAY","1200","CDT","0","V",2016,"KIA","SORENTO","SORENTO","SUV","BROWN","MECHANICAL","MINOR DENT/SCRATCHES","WI","CT","YES","D",159907,"A","[PREMIUM]",0,"3.3L 6","ALL WHEEL DRIVE","AUTOMATIC","GAS",6,"Run & Drive Verified","On Minimum Bid","[PREMIUM]",,"MCFARLAND","WI","53558","USA","USD","[PREMIUM]","[PREMIUM]","A060",true,"[PREMIUM]","LX V6",false,false,"[PREMIUM]",,,,,,,,"[PREMIUM]"
"65497186","2026-08-17 21:03:49.157","2026-08-25 00:02:16.090","65497186","2026-08-19 15:37:17.000","[PREMIUM]","308","WI - MADISON SOUTH","2026-08-25","TUESDAY","1200","CDT","0","V",2011,"BMW","X3","X3","4DR SPORT UTILITY","WHITE","HAIL",,"WI","BP","YES","D",226414,"N","[PREMIUM]",0,"3.0L 6","ALL WHEEL DRIVE","AUTOMATIC","GAS",6,"Run & Drive Verified","On Approval","[PREMIUM]",,"MCFARLAND","WI","53558","USA","USD","[PREMIUM]","[PREMIUM]","A060",false,"[PREMIUM]","XDRIVE28I",false,false,"[PREMIUM]",,,,,,,,"[PREMIUM]"
"64822306","2026-08-17 21:03:49.065","2026-08-31 11:46:55.508","64822306","2026-08-31 10:00:35.000","[PREMIUM]","838","RENTAL VEHICLE SALE","2026-08-31","MONDAY","1200","EDT","109","V",2025,"HONDA","ODYSSEY","ODYSSEY","VAN PASSENGER","SILVER","FRONT END",,"WA","CT","YES","D",47668,"A","[PREMIUM]",0,"3.5L 6","FRONT WHEEL DRIVE","AUTOMATIC","GAS",6,"Run & Drive Verified","On Minimum Bid","[PREMIUM]",,"MCFARLAND","WI","53558","USA","USD","[PREMIUM]","[PREMIUM]","B030",true,"[PREMIUM]","EXL",false,false,"[PREMIUM]",,,,,,,,"[PREMIUM]"
"63053966","2026-08-17 21:03:48.711","2026-08-25 00:02:15.447","63053966","2026-08-18 17:10:03.000","[PREMIUM]","308","WI - MADISON SOUTH","2026-08-25","TUESDAY","1200","CDT","0","V",2018,"FORD","F150","F150","PICKUP","BLACK","SIDE","REAR END","WI","CT","YES","D",137336,"A","[PREMIUM]",0,"5.0L 8","4X4 W/REAR WHEEL DRV","AUTOMATIC","GAS",8,"Run & Drive Verified","On Minimum Bid","[PREMIUM]",,"MCFARLAND","WI","53558","USA","USD","[PREMIUM]","[PREMIUM]","G080",true,"[PREMIUM]","SUPERCREW",false,false,"[PREMIUM]",,,,,,,,"[PREMIUM]"
"57009506","2026-08-17 21:03:48.080","2026-08-25 00:02:14.948","57009506","2026-08-17 15:24:33.000","[PREMIUM]","308","WI - MADISON SOUTH",,,,"CDT","0","V",2025,"TOYOTA","COROLLA","COROLLA","SEDAN","BLACK","FRONT END",,"ID","SC","YES","E",19635,"A","[PREMIUM]",22450,"2.0L 4","FRONT WHEEL DRIVE","AUTOMATIC","GAS",4,"DEFAULT","Pure Sale","[PREMIUM]",,"MCFARLAND","WI","53558","USA","USD","[PREMIUM]","[PREMIUM]","A060",false,"[PREMIUM]","LE",false,false,"[PREMIUM]",,,,,,,,"[PREMIUM]"
"53443996","2026-08-17 21:03:47.962","2026-08-31 11:46:54.927","53443996","2026-08-26 18:09:49.000","[PREMIUM]","308","WI - MADISON SOUTH","2026-09-01","TUESDAY","1200","CDT","0","V",2012,"JEEP","GRAND CHER","GRAND CHEROKEE","4DR SPORT UTILITY","GRAY","NORMAL WEAR",,"WI","BP","YES","D",321276,"A","[PREMIUM]",0,"3.6L 6","4X4 W/REAR WHEEL DRV","AUTOMATIC","FLEXIBLE",6,"Run & Drive Verified","On Minimum Bid","[PREMIUM]",,"MCFARLAND","WI","53558","USA","USD","[PREMIUM]","[PREMIUM]","C070",false,"[PREMIUM]","LAREDO",false,false,"[PREMIUM]",,,,,,,,"[PREMIUM]"
"47769106","2026-08-17 21:03:47.907","2026-08-17 21:03:47.907","47769106","2026-08-17 19:10:04.000","[PREMIUM]","308","WI - MADISON SOUTH","2026-08-25","TUESDAY","1200","CDT","0","V",2016,"ACURA","TLX","TLX","SEDAN 4DR","BLACK","REAR END","FRONT END","WI","BP","YES","D",92749,"A","[PREMIUM]",9363.13,"2.4L 4","FRONT WHEEL DRIVE","AUTOMATIC","GAS",4,"Run & Drive Verified","Pure Sale","[PREMIUM]",,"MCFARLAND","WI","53558","USA","USD","[PREMIUM]","[PREMIUM]","D080",false,"[PREMIUM]",,false,false,"[PREMIUM]",,,,,,,,"[PREMIUM]"
"63986756","2026-08-17 21:03:47.306","2026-08-17 21:03:47.306","63986756","2026-08-17 16:23:13.000","[PREMIUM]","294","ONTARIO AUCTION","2026-08-18","TUESDAY","1000","EDT","0","V",2022,"HONDA","CIVIC","CIVIC","SEDAN","BLACK","REAR END","FRONT END","ON","NU","YES","D",93576,"N","[PREMIUM]",17244.13,"2.0L 4","FRONT WHEEL DRIVE","AUTOMATIC","GAS",4,"Run & Drive Verified","Pure Sale","[PREMIUM]",,"COOKSTOWN","ON","L0L 1L0","CAN","CAD","[PREMIUM]","[PREMIUM]","D050",false,"[PREMIUM]","EX",false,false,"[PREMIUM]",,,,,,,,"[PREMIUM]"
"58132336","2026-08-17 21:03:45.779","2026-08-20 05:41:59.238","58132336","2026-08-17 19:04:16.000","[PREMIUM]","294","ONTARIO AUCTION","2026-08-20","THURSDAY","1000","EDT","0","V",2023,"HYUNDAI","ELANTRA","ELANTRA","SEDAN","WHITE","REAR END","FRONT END","ON","ST","EXM","E",0,"N","[PREMIUM]",24637.57,"2.0L 4","FRONT WHEEL DRIVE","AUTOMATIC","GAS",4,"DEFAULT","Pure Sale","[PREMIUM]",,"COOKSTOWN","ON","L0L 1L0","CAN","CAD","[PREMIUM]","[PREMIUM]","D130",false,"[PREMIUM]","SEL",false,false,"[PREMIUM]",,,,,,,,"[PREMIUM]"
"56890556","2026-08-17 21:03:45.615","2026-08-26 17:45:34.246","56890556","2026-08-22 02:45:20.000","[PREMIUM]","294","ONTARIO AUCTION","2026-08-27","THURSDAY","1000","EDT","0","V",2019,"HONDA","CRV","CR-V","SPORT UTILITY VEHICLE","WHITE","FRONT END","UNDERCARRIAGE","ON","ST","YES","E",162685,"N","[PREMIUM]",27528,"1.5L 4","ALL WHEEL DRIVE","AUTOMATIC","GAS",4,"DEFAULT","On Minimum Bid","[PREMIUM]",,"COOKSTOWN","ON","L0L 1L0","CAN","CAD","[PREMIUM]","[PREMIUM]","D050",false,"[PREMIUM]","TOURING",false,false,"[PREMIUM]",,,,,,,,"[PREMIUM]"
"65544696","2026-08-17 21:03:45.017","2026-08-23 23:46:25.705","65544696","2026-08-21 19:19:32.000","[PREMIUM]","292","WHOLESALE AUCTION CANADA","2026-08-26","WEDNESDAY","1300","EDT","0","V",2013,"RAM","1500","1500","CREW PICKUP","BLACK","MINOR DENT/SCRATCHES","NORMAL WEAR","ON","NU","YES","D",219152,"N","[PREMIUM]",0,"5.7L 8","4X4 W/REAR WHEEL DRV","AUTOMATIC","GAS",8,"Run & Drive Verified","On Minimum Bid","[PREMIUM]",,"OTTAWA","ON","K1G 6Y7","CAN","CAD","[PREMIUM]","[PREMIUM]","SA010",false,"[PREMIUM]","LONGHORN",false,false,"[PREMIUM]",,,,,,,,"[PREMIUM]"
"64962856","2026-08-17 21:03:45.014","2026-08-26 05:47:34.666","64962856","2026-08-21 19:20:45.000","[PREMIUM]","292","WHOLESALE AUCTION CANADA","2026-08-26","WEDNESDAY","1300","EDT","0","V",2010,"HONDA","CRV","CR-V","4DR SPORT UTILITY","RED","MINOR DENT/SCRATCHES","NORMAL WEAR","ON","NU","YES","D",254213,"E","[PREMIUM]",0,"2.4L 4","ALL WHEEL DRIVE","AUTOMATIC","GAS",4,"Run & Drive Verified","On Minimum Bid","[PREMIUM]",,"OTTAWA","ON","K1G 6Y7","CAN","CAD","[PREMIUM]","[PREMIUM]","SA010",false,"[PREMIUM]","EXL",false,false,"[PREMIUM]",,,,,,,,"[PREMIUM]"
"64956756","2026-08-17 21:03:45.012","2026-08-31 11:46:52.704","64956756","2026-08-27 02:45:33.000","[PREMIUM]","294","ONTARIO AUCTION","2026-09-01","TUESDAY","1000","EDT","0","V",2016,"VOLKSWAGEN","TIGUAN","TIGUAN","4DR SPORT UTILITY","WHITE","MECHANICAL","MINOR DENT/SCRATCHES","ON","NU","YES","E",250865,"N","[PREMIUM]",0,"2.0L 4","ALL WHEEL DRIVE","AUTOMATIC","GAS",4,"DEFAULT","On Minimum Bid","[PREMIUM]","panels painted or replaced","OTTAWA","ON","K1G 6Y7","CAN","CAD","[PREMIUM]","[PREMIUM]","C060",true,"[PREMIUM]","COMFORTLINE",false,false,"[PREMIUM]",,,,,,,,"[PREMIUM]"
"65192556","2026-08-17 21:03:45.011","2026-08-31 11:46:52.733","65192556","2026-08-27 02:45:34.000","[PREMIUM]","294","ONTARIO AUCTION","2026-09-01","TUESDAY","1000","EDT","0","V",2011,"VOLKSWAGEN","JETTA","JETTA","SEDAN 4DR","BLACK","MECHANICAL","PARTIAL REPAIR","ON","RU","YES","S",248817,"N","[PREMIUM]",0,"2.0L 4","FRONT WHEEL DRIVE","MANUAL","DIESEL",4,"Vehicle Starts","On Minimum Bid","[PREMIUM]","crack on the windshield transmission issues","OTTAWA","ON","K1G 6Y7","CAN","CAD","[PREMIUM]","[PREMIUM]","C050",true,"[PREMIUM]","TDI",false,false,"[PREMIUM]",,,,,,,,"[PREMIUM]"
"64444856","2026-08-17 21:03:44.964","2026-08-27 11:44:53.081","64444856","2026-08-27 08:00:31.000","[PREMIUM]","294","ONTARIO AUCTION","2026-08-27","THURSDAY","1000","EDT","661","A",2016,"CAN-AM","ATV","OUTLANDER","ALL TERRAIN","WHITE","BURN",,"ON","NU","NO","E",0,"N","[PREMIUM]",15676.59,"2",,"MANUAL","GAS",2,"DEFAULT","Pure Sale","[PREMIUM]",,"OTTAWA","ON","K1G 6Y7","CAN","CAD","[PREMIUM]","[PREMIUM]","MC002",false,"[PREMIUM]",,false,false,"[PREMIUM]",,,,,,,,"[PREMIUM]"
"64576476","2026-08-17 21:03:44.950","2026-08-31 11:46:52.666","64576476","2026-08-27 02:45:27.000","[PREMIUM]","294","ONTARIO AUCTION","2026-09-01","TUESDAY","1000","EDT","0","V",2008,"MITSUBISHI","LANCER","LANCER","SEDAN 4DR","SILVER","MECHANICAL","MINOR DENT/SCRATCHES","ON","NU","YES","D",220183,"E","[PREMIUM]",0,"2.0L 4","FRONT WHEEL DRIVE","AUTOMATIC","GAS",4,"Run & Drive Verified","On Minimum Bid","[PREMIUM]",,"OTTAWA","ON","K1G 6Y7","CAN","CAD","[PREMIUM]","[PREMIUM]","C010",true,"[PREMIUM]","ES",false,false,"[PREMIUM]",,,,,,,,"[PREMIUM]"
"64744196","2026-08-17 21:03:44.949","2026-08-25 00:02:12.812","64744196","2026-08-21 19:32:12.000","[PREMIUM]","294","ONTARIO AUCTION","2026-08-25","TUESDAY","1000","EDT","0","V",2015,"KIA","SOUL","SOUL","WAGON","YELLOW","MECHANICAL","MINOR DENT/SCRATCHES","ON","NU","YES","E",203718,"N","[PREMIUM]",0,"2.0L 4","FRONT WHEEL DRIVE","AUTOMATIC","GAS",4,"DEFAULT","On Minimum Bid","[PREMIUM]",,"OTTAWA","ON","K1G 6Y7","CAN","CAD","[PREMIUM]","[PREMIUM]","C060",false,"[PREMIUM]","!",false,false,"[PREMIUM]",,,,,,,,"[PREMIUM]"
"63006806","2026-08-17 21:03:44.724","2026-08-27 11:44:52.998","63006806","2026-08-27 08:00:32.000","[PREMIUM]","294","ONTARIO AUCTION","2026-08-27","THURSDAY","1000","EDT","3016","V",2024,"HYUNDAI","KONA","KONA",,"RED","FRONT END","MINOR DENT/SCRATCHES","ON","ST","YES","E",164517,"N","[PREMIUM]",15552.98,,,"AUTOMATIC",,,"DEFAULT","Pure Sale","[PREMIUM]",,"OTTAWA","ON","K1G 6Y7","CAN","CAD","[PREMIUM]","[PREMIUM]","D060",false,"[PREMIUM]",,false,false,"[PREMIUM]",,,,,,,,"[PREMIUM]"
"62960816","2026-08-17 21:03:44.721","2026-08-31 11:46:52.556","62960816","2026-08-27 15:17:44.000","[PREMIUM]","294","ONTARIO AUCTION","2026-09-03","THURSDAY","1000","EDT","0","V",2026,"CADILLAC","CT5","CT5-V","SEDAN","BLACK","FRONT END","UNDERCARRIAGE","ON","ST","YES","S",12970,"N","[PREMIUM]",34967,"3.0L 6","ALL WHEEL DRIVE","AUTOMATIC","GAS",6,"Vehicle Starts","On Minimum Bid","[PREMIUM]","airbags deployed cracked windshield","OTTAWA","ON","K1G 6Y7","CAN","CAD","[PREMIUM]","[PREMIUM]","E060",false,"[PREMIUM]",,false,false,"[PREMIUM]",,,,,,,,"[PREMIUM]"
"62982446","2026-08-17 21:03:44.717","2026-08-27 11:44:52.993","62982446","2026-08-27 08:00:32.000","[PREMIUM]","294","ONTARIO AUCTION","2026-08-27","THURSDAY","1000","EDT","3035","V",2024,"HONDA","CRV","CR-V","SPORT UTILITY VEHICLE","GRAY","FRONT END","SIDE","ON","ST","YES","E",124067,"N","[PREMIUM]",48491.88,"2.0L 4","ALL WHEEL DRIVE","AUTOMATIC","ELECTRIC AND GAS HYBRID",4,"DEFAULT","Pure Sale","[PREMIUM]","airbags deployed cracked windshield","OTTAWA","ON","K1G 6Y7","CAN","CAD","[PREMIUM]","[PREMIUM]","J040",false,"[PREMIUM]","EXL",false,false,"[PREMIUM]",,,,,,,,"[PREMIUM]"
"61961446","2026-08-17 21:03:44.564","2026-08-17 21:03:44.564","61961446","2026-08-17 17:55:01.000","[PREMIUM]","294","ONTARIO AUCTION","2026-08-18","TUESDAY","1000","EDT","0","V",2018,"TESLA","MODEL 3","MODEL 3","SEDAN","WHITE","FRONT END","SIDE","ON","NU","YES","D",281898,"A","[PREMIUM]",18487.38,,"REAR WHEEL DRIVE","AUTOMATIC","ELECTRIC",,"Run & Drive Verified","Pure Sale","[PREMIUM]","crack on the windshield","OTTAWA","ON","K1G 6Y7","CAN","CAD","[PREMIUM]","[PREMIUM]","J020",false,"[PREMIUM]",,false,false,"[PREMIUM]",,,,,,,,"[PREMIUM]"
"61873306","2026-08-17 21:03:44.527","2026-08-25 00:02:12.586","61873306","2026-08-21 19:23:35.000","[PREMIUM]","294","ONTARIO AUCTION","2026-08-25","TUESDAY","1000","EDT","0","V",2022,"FORD","BRONCO","BRONCO SPORT","SPORT UTILITY VEHICLE","WHITE","FRONT END","SIDE","ON","ST","YES","D",76881,"N","[PREMIUM]",17815.08,"2.0L 4","4X4 W/FRONT WHL DRV","AUTOMATIC","GAS",4,"Run & Drive Verified","Pure Sale","[PREMIUM]",,"OTTAWA","ON","K1G 6Y7","CAN","CAD","[PREMIUM]","[PREMIUM]","G020",false,"[PREMIUM]","BADLANDS",false,false,"[PREMIUM]",,,,,,,,"[PREMIUM]"
"61688186","2026-08-17 21:03:44.491","2026-08-25 00:02:12.563","61688186","2026-08-21 19:20:03.000","[PREMIUM]","294","ONTARIO AUCTION","2026-08-25","TUESDAY","1000","EDT","0","V",2022,"HYUNDAI","TUCSON","TUCSON","SPORT UTILITY VEHICLE","WHITE","WATER/FLOOD","MECHANICAL","ON","IR","YES","E",60243,"N","[PREMIUM]",31534.53,"2.5L 4","ALL WHEEL DRIVE","AUTOMATIC","GAS",4,"DEFAULT","Pure Sale","[PREMIUM]",,"OTTAWA","ON","K1G 6Y7","CAN","CAD","[PREMIUM]","[PREMIUM]","C070",false,"[PREMIUM]","SEL",false,false,"[PREMIUM]",,,,,,,,"[PREMIUM]"
"64886886","2026-08-17 21:03:43.899","2026-08-31 11:46:52.103","64886886","2026-08-14 22:49:42.000","[PREMIUM]","295","ATLANTIC CANADA AUCTION",,,,"AKST","0","V",2022,"NISSAN","KICKS","KICKS","HATCHBACK","WHITE","FRONT END",,"NS","ST","YES","D",140379,"A","[PREMIUM]",15347.87,"1.6L 4","FRONT WHEEL DRIVE","AUTOMATIC","GAS",4,"Run & Drive Verified","Pure Sale","[PREMIUM]",,"ELMSDALE","NS","B2S 2L2","CAN","CAD","[PREMIUM]","[PREMIUM]","C080",false,"[PREMIUM]","SV",false,false,"[PREMIUM]",,,,,,,,"[PREMIUM]"
"64232996","2026-08-17 21:03:43.871","2026-08-27 11:44:52.504","64232996","2026-08-27 10:00:06.000","[PREMIUM]","295","ATLANTIC CANADA AUCTION","2026-08-27","THURSDAY","700","AKST","77","V",2021,"GMC","TERRAIN","TERRAIN","SPORT UTILITY VEHICLE","WHITE","REAR END","SIDE","NS","ST","YES","D",82288,"A","[PREMIUM]",23555.85,"1.5L 4","ALL WHEEL DRIVE","AUTOMATIC","GAS",4,"Run & Drive Verified","Pure Sale","[PREMIUM]",,"ELMSDALE","NS","B2S 2L2","CAN","CAD","[PREMIUM]","[PREMIUM]","SA002",false,"[PREMIUM]","SLE",false,false,"[PREMIUM]",,,,,,,,"[PREMIUM]"
"60823016","2026-08-17 21:03:43.586","2026-08-20 05:41:57.270","60823016","2026-08-17 18:21:42.000","[PREMIUM]","295","ATLANTIC CANADA AUCTION","2026-08-20","THURSDAY","700","AKST","0","V",2011,"BMW","5 SERIES","535","SEDAN 4DR","WHITE","MECHANICAL",,"ON","NU","YES","E",0,"N","[PREMIUM]",8686.2,"3.0L 6","REAR WHEEL DRIVE","AUTOMATIC","GAS",6,"DEFAULT","Pure Sale","[PREMIUM]",,"ELMSDALE","NS","B2S 2L2","CAN","CAD","[PREMIUM]","[PREMIUM]","B090",false,"[PREMIUM]","I",false,false,"[PREMIUM]",,,,,,,,"[PREMIUM]"
"70111785","2026-08-17 21:03:43.046","2026-08-31 11:46:51.369","70111785","2026-08-17 19:32:38.000","[PREMIUM]","295","ATLANTIC CANADA AUCTION",,,,"AKST","0","C",2014,"VICTORY","MOTORCYCLE","HIGH-BALL","ROAD","BLACK","FRONT END",,"NB","CT","YES","D",22675,"A","[PREMIUM]",0,"2",,"MANUAL",,2,"Run & Drive Verified","Pure Sale","[PREMIUM]",,"MONCTON","NB","E1E 4R8","CAN","CAD","[PREMIUM]","[PREMIUM]","MC001",false,"[PREMIUM]",,false,false,"[PREMIUM]",,,,,,,,"[PREMIUM]"
"64754966","2026-08-17 21:03:43.006","2026-08-31 11:46:51.123","64754966","2026-08-17 18:54:10.000","[PREMIUM]","295","ATLANTIC CANADA AUCTION",,,,"AKST","0","V",2018,"CHEVROLET","CRUZE","CRUZE","SEDAN","BLUE","FRONT END","SIDE","NS","ST","NO","E",163261,"A","[PREMIUM]",13085.45,"1.4L 4","FRONT WHEEL DRIVE","AUTOMATIC","GAS",4,"DEFAULT","Pure Sale","[PREMIUM]",,"MONCTON","NB","E1E 4R8","CAN","CAD","[PREMIUM]","[PREMIUM]","B020",false,"[PREMIUM]","LT",false,false,"[PREMIUM]",,,,,,,,"[PREMIUM]"
"65120996","2026-08-17 21:03:43.003","2026-08-31 11:46:51.223","65120996","2026-08-17 20:02:02.000","[PREMIUM]","295","ATLANTIC CANADA AUCTION",,,,"AKST","0","V",2013,"TOYOTA","4RUNNER","4RUNNER","SUV","SILVER","MECHANICAL",,"NB","CT","YES","E",201574,"A","[PREMIUM]",0,"4.0L 6","FOUR BY FOUR","AUTOMATIC","GAS",6,"DEFAULT","On Minimum Bid","[PREMIUM]",,"MONCTON","NB","E1E 4R8","CAN","CAD","[PREMIUM]","[PREMIUM]","G030",false,"[PREMIUM]","SR5",false,false,"[PREMIUM]",,,,,,,,"[PREMIUM]"
"65042836","2026-08-17 21:03:43.000","2026-08-27 11:44:51.776","65042836","2026-08-27 10:00:06.000","[PREMIUM]","295","ATLANTIC CANADA AUCTION","2026-08-27","THURSDAY","700","AKST","50","V",2004,"TOYOTA","ECHO","ECHO","HATCHBACK 4DR","GOLD","REAR END",,"NS","ST","YES","D",328188,"A","[PREMIUM]",2514.74,"1.5L 4","FRONT WHEEL DRIVE","AUTOMATIC","GAS",4,"Run & Drive Verified","Pure Sale","[PREMIUM]",,"MONCTON","NB","E1E 4R8","CAN","CAD","[PREMIUM]","[PREMIUM]","C010",false,"[PREMIUM]",,false,false,"[PREMIUM]",,,,,,,,"[PREMIUM]"
"67890255","2026-08-17 21:03:43.000","2026-08-27 11:44:51.823","67890255","2026-08-27 10:00:06.000","[PREMIUM]","295","ATLANTIC CANADA AUCTION","2026-08-27","THURSDAY","700","AKST","2530","V",2025,"HONDA","CRV","CR-V",,"GRAY","BIOHAZARD/CHEMICAL","ALL OVER","NS","NR","EXM","E",0,"N","[PREMIUM]",42960,"2.0L  4","ALL WHEEL DRIVE","AUTOMATIC","HYBRID ENGINE",4,"DEFAULT","Pure Sale","[PREMIUM]","**** This unit is a Biohazard ****","MONCTON","NB","E1E 4R8","CAN","CAD","[PREMIUM]","[PREMIUM]","D040",false,"[PREMIUM]","EXL",false,false,"[PREMIUM]",,,,,,,,"[PREMIUM]"
"63575756","2026-08-17 21:03:42.994","2026-08-27 11:44:51.695","63575756","2026-08-27 10:00:06.000","[PREMIUM]","295","ATLANTIC CANADA AUCTION","2026-08-27","THURSDAY","700","AKST","34","V",2017,"MINI","COOPER","COOPER","STATION WAGON","MAROON","FRONT END","SIDE","NS","RG","YES","D",57968,"A","[PREMIUM]",21435,"2.0L 4","ALL WHEEL DRIVE","AUTOMATIC","GAS",4,"Run & Drive Verified","On Minimum Bid","[PREMIUM]",,"MONCTON","NB","E1E 4R8","CAN","CAD","[PREMIUM]","[PREMIUM]","A030",false,"[PREMIUM]","S CLUBMAN ALL4",false,false,"[PREMIUM]",,,,,,,,"[PREMIUM]"
"62946746","2026-08-17 21:03:42.888","2026-08-31 11:46:51.019","62946746","2026-08-26 16:54:33.000","[PREMIUM]","295","ATLANTIC CANADA AUCTION","2026-09-03","THURSDAY","700","AKST","0","V",2019,"BUICK","ENVISION","ENVISION","SPORT UTILITY VEHICLE","WHITE","FRONT END",,"NS","ST","YES","D",109380,"A","[PREMIUM]",0,"2.0L 4","ALL WHEEL DRIVE","AUTOMATIC","GAS",4,"Run & Drive Verified","Pure Sale","[PREMIUM]",,"MONCTON","NB","E1E 4R8","CAN","CAD","[PREMIUM]","[PREMIUM]","B020",false,"[PREMIUM]","PREMIUM",false,false,"[PREMIUM]",,,,,,,,"[PREMIUM]"
"62015986","2026-08-17 21:03:42.824","2026-08-31 11:46:50.989","62015986","2026-08-17 19:36:55.000","[PREMIUM]","295","ATLANTIC CANADA AUCTION",,,,"AKST","0","V",2008,"HONDA","CIVIC","CIVIC","SEDAN 4DR","SILVER","SIDE","FRONT END","NS","ST","YES","D",230842,"A","[PREMIUM]",4966,"1.8L 4","FRONT WHEEL DRIVE","MANUAL","GAS",4,"Run & Drive Verified","Pure Sale","[PREMIUM]",,"MONCTON","NB","E1E 4R8","CAN","CAD","[PREMIUM]","[PREMIUM]","A050",false,"[PREMIUM]","LX",false,false,"[PREMIUM]",,,,,,,,"[PREMIUM]"
"62021186","2026-08-17 21:03:42.817","2026-08-27 11:44:51.502","62021186","2026-08-27 10:00:06.000","[PREMIUM]","295","ATLANTIC CANADA AUCTION","2026-08-27","THURSDAY","700","AKST","2544","V",2010,"HYUNDAI","SONATA","SONATA","SEDAN","BLACK","ALL OVER",,"NS","ST","YES","E",256558,"A","[PREMIUM]",9236.25,"2.4L 4","FRONT WHEEL DRIVE","AUTOMATIC","GAS",4,"DEFAULT","Pure Sale","[PREMIUM]",,"MONCTON","NB","E1E 4R8","CAN","CAD","[PREMIUM]","[PREMIUM]","A040",false,"[PREMIUM]","GLS",false,false,"[PREMIUM]",,,,,,,,"[PREMIUM]"
"61859246","2026-08-17 21:03:42.789","2026-08-31 11:46:50.983","61859246","2026-08-27 18:40:28.000","[PREMIUM]","295","ATLANTIC CANADA AUCTION",,,,"AKST","0","V",2011,"HYUNDAI","TUCSON","TUCSON","4DR SPORT UTILITY","BLUE","FRONT END","MINOR DENT/SCRATCHES","NS","RG","YES","D",201506,"A","[PREMIUM]",5609.92,"2.4L 4","ALL WHEEL DRIVE","AUTOMATIC","GAS",4,"Run & Drive Verified","Pure Sale","[PREMIUM]",,"MONCTON","NB","E1E 4R8","CAN","CAD","[PREMIUM]","[PREMIUM]","B050",false,"[PREMIUM]","GL",false,false,"[PREMIUM]",,,,,,,,"[PREMIUM]"
"57425476","2026-08-17 21:03:42.391","2026-08-27 11:44:51.162","57425476","2026-08-27 10:00:06.000","[PREMIUM]","295","ATLANTIC CANADA AUCTION","2026-08-27","THURSDAY","700","AKST","606","C",2022,"INDIAN MOTORCYCLE CO.","MOTORCYCLE","SCOUT","CRUISER","GREEN","FRONT END","UNDERCARRIAGE","NS","ST","YES","E",0,"N","[PREMIUM]",17855.21,"2",,"MANUAL","GAS",2,"DEFAULT","Pure Sale","[PREMIUM]",,"MONCTON","NB","E1E 4R8","CAN","CAD","[PREMIUM]","[PREMIUM]","SHOP3",false,"[PREMIUM]","BOBBER TWENTY ABS",false,false,"[PREMIUM]",,,,,,,,"[PREMIUM]"
"60478156","2026-08-17 21:03:40.258","2026-08-25 00:02:09.141","60478156","2026-08-21 14:46:38.000","[PREMIUM]","205","QC - MONTREAL","2026-08-25","TUESDAY","1200","EDT","38","V",2018,"TOYOTA","CAMRY","CAMRY","SEDAN","BLUE","FRONT END",,"ON","ST","YES","D",95515,"A","[PREMIUM]",23779.33,"2.5L 4","FRONT WHEEL DRIVE","AUTOMATIC","GAS",4,"Run & Drive Verified","Pure Sale","[PREMIUM]",,"MONTREAL-EST","QC","H1B 4W3","CAN","CAD","[PREMIUM]","[PREMIUM]","J030",false,"[PREMIUM]","L",false,false,"[PREMIUM]",,,,,,,,"[PREMIUM]"
"59066846","2026-08-17 21:03:39.705","2026-08-25 00:02:08.828","59066846","2026-08-21 14:46:38.000","[PREMIUM]","205","QC - MONTREAL","2026-08-25","TUESDAY","1200","EDT","824","K",2010,"FORD","ECONOLINE","ECONOLINE","CUTAWAY","WHITE","NORMAL WEAR",,"QC","AM","YES","D",94413,"A","[PREMIUM]",0,"6.8L 10","REAR WHEEL DRIVE","AUTOMATIC","GAS",10,"Run & Drive Verified","On Minimum Bid","[PREMIUM]","PREVIOUS FLEET","MONTREAL-EST","QC","H1B 4W3","CAN","CAD","[PREMIUM]","[PREMIUM]","HVY3",false,"[PREMIUM]","E450 SUPER DUTY CUTAWAY VAN",false,false,"[PREMIUM]",,,,,,,,"[PREMIUM]"
"65173506","2026-08-17 21:03:38.423","2026-08-31 05:49:10.837","65173506","2026-08-29 02:45:41.000","[PREMIUM]","204","AB - EDMONTON","2026-09-03","THURSDAY","1200","MDT","0","V",2017,"KIA","All Models","SEDONA","SPORTS VAN","WHITE","MECHANICAL","FRONT END","AB","BS","YES","E",160251,"N","[PREMIUM]",0,"3.3L 6","FRONT WHEEL DRIVE","AUTOMATIC","GAS",6,"DEFAULT","On Approval","[PREMIUM]","Rear and side damage","NISKU","AB","T9E 8L1","CAN","CAD","[PREMIUM]","[PREMIUM]","F050",false,"[PREMIUM]","LX",false,false,"[PREMIUM]",,,,,,,,"[PREMIUM]"
"65269456","2026-08-17 21:03:38.422","2026-08-20 05:41:51.982","65269456","2026-08-17 14:47:50.000","[PREMIUM]","204","AB - EDMONTON","2026-08-20","THURSDAY","1200","MDT","0","V",2016,"CHEVROLET","CRUZE","CRUZE","SEDAN 4DR","BLACK","FRONT END","REAR END","AB","BV","YES","D",137900,"N","[PREMIUM]",9462.5,"1.4L 4","FRONT WHEEL DRIVE","AUTOMATIC","GAS",4,"Run & Drive Verified","Pure Sale","[PREMIUM]",,"NISKU","AB","T9E 8L1","CAN","CAD","[PREMIUM]","[PREMIUM]","D010",false,"[PREMIUM]","LS",false,false,"[PREMIUM]",,,,,,,,"[PREMIUM]"
"65185596","2026-08-17 21:03:38.413","2026-08-20 05:41:51.981","65185596","2026-08-17 15:32:03.000","[PREMIUM]","204","AB - EDMONTON","2026-08-20","THURSDAY","1200","MDT","0","V",2010,"GMC","TERRAIN","TERRAIN","4DR SPORT UTILITY","BLACK","REAR END","FRONT END","AB","BV","YES","D",205463,"E","[PREMIUM]",5631.83,"3.0L 6","ALL WHEEL DRIVE","AUTOMATIC","GAS",6,"Run & Drive Verified","Pure Sale","[PREMIUM]","Minor dents and scratches true mileage unknown","NISKU","AB","T9E 8L1","CAN","CAD","[PREMIUM]","[PREMIUM]","A040",false,"[PREMIUM]","SLT",false,false,"[PREMIUM]",,,,,,,,"[PREMIUM]"
"65141276","2026-08-17 21:03:38.405","2026-08-27 17:47:44.984","65141276","2026-08-27 12:00:06.000","[PREMIUM]","204","AB - EDMONTON","2026-08-27","THURSDAY","1200","MDT","2525","V",2016,"KIA","SORENTO","SORENTO","4DR SPORT UTILITY","GRAY","MECHANICAL","REAR END","AB","BS","YES","E",228501,"N","[PREMIUM]",0,"2.0L 4","ALL WHEEL DRIVE","AUTOMATIC","GAS",4,"DEFAULT","On Minimum Bid","[PREMIUM]","True mileage unknown.","NISKU","AB","T9E 8L1","CAN","CAD","[PREMIUM]","[PREMIUM]","F050",true,"[PREMIUM]","LX",false,false,"[PREMIUM]",,,,,,,,"[PREMIUM]"
"65119496","2026-08-17 21:03:38.392","2026-08-20 05:41:51.946","65119496","2026-08-19 22:54:12.000","[PREMIUM]","204","AB - EDMONTON","2026-08-20","THURSDAY","1200","MDT","0","V",2017,"HONDA","CIVIC","CIVIC","SEDAN 4DR","WHITE","SIDE","UNDERCARRIAGE","AB","BV","YES","D",183844,"N","[PREMIUM]",8274.71,"2.0L 4","FRONT WHEEL DRIVE","AUTOMATIC","GAS",4,"Run & Drive Verified","Pure Sale","[PREMIUM]","Front and rear damage","NISKU","AB","T9E 8L1","CAN","CAD","[PREMIUM]","[PREMIUM]","E020",false,"[PREMIUM]","LX",false,false,"[PREMIUM]",,,,,,,,"[PREMIUM]"
"64808066","2026-08-17 21:03:38.376","2026-08-20 05:41:51.900","64808066","2026-08-19 22:04:33.000","[PREMIUM]","204","AB - EDMONTON","2026-08-20","THURSDAY","1200","MDT","0","V",2017,"TOYOTA","RAV4","RAV4","4DR SPORT UTILITY","GRAY","FRONT END","UNDERCARRIAGE","AB","BV","YES","E",169660,"N","[PREMIUM]",15901.21,"2.5L 4","ALL WHEEL DRIVE","AUTOMATIC","GAS",4,"DEFAULT","Pure Sale","[PREMIUM]","side and mechanical damage","NISKU","AB","T9E 8L1","CAN","CAD","[PREMIUM]","[PREMIUM]","L030",false,"[PREMIUM]","LE",false,false,"[PREMIUM]",,,,,,,,"[PREMIUM]"
"65139516","2026-08-17 21:03:38.367","2026-08-20 05:41:51.948","65139516","2026-08-18 18:26:32.000","[PREMIUM]","204","AB - EDMONTON","2026-08-20","THURSDAY","1200","MDT","0","V",2009,"TOYOTA","RAV4","RAV4","SUV","RED","REAR END","MECHANICAL","AB","BS","YES","D",293240,"E","[PREMIUM]",0,"2.5L 4","FOUR BY FOUR","AUTOMATIC","GAS",4,"Run & Drive Verified","On Minimum Bid","[PREMIUM]","True mileage unknown. Side damage","NISKU","AB","T9E 8L1","CAN","CAD","[PREMIUM]","[PREMIUM]","D050",false,"[PREMIUM]","BASE",false,false,"[PREMIUM]",,,,,,,,"[PREMIUM]"
"64021866","2026-08-17 21:03:38.201","2026-08-20 05:41:51.726","64021866","2026-08-17 20:28:40.000","[PREMIUM]","204","AB - EDMONTON","2026-08-20","THURSDAY","1200","MDT","0","V",2015,"DODGE","CARAVAN","GRAND CARAVAN","SPORTS VAN","CHARCOAL","REAR END","FRONT END","AB","BV","YES","D",360517,"N","[PREMIUM]",6577.77,"3.6L 6","FRONT WHEEL DRIVE","AUTOMATIC","FLEXIBLE",6,"Run & Drive Verified","Pure Sale","[PREMIUM]",,"NISKU","AB","T9E 8L1","CAN","CAD","[PREMIUM]","[PREMIUM]","L020",false,"[PREMIUM]","CREW",false,false,"[PREMIUM]",,,,,,,,"[PREMIUM]"
"45624366","2026-08-17 21:03:37.728","2026-08-27 17:47:44.467","45624366","2026-08-27 12:00:05.000","[PREMIUM]","204","AB - EDMONTON","2026-08-27","THURSDAY","1200","MDT","62","V",2024,"JAGUAR","F-PACE","F-PACE","SPORT UTILITY VEHICLE","BLUE","SIDE","REAR END","AB","BV","YES","D",28799,"N","[PREMIUM]",36274,"2.0L 4","ALL WHEEL DRIVE","AUTOMATIC","GAS",4,"Run & Drive Verified","On Minimum Bid","[PREMIUM]","Minor dents and scratches normal wear","NISKU","AB","T9E 8L1","CAN","CAD","[PREMIUM]","[PREMIUM]","D060",false,"[PREMIUM]","R-DYNAMIC S",false,false,"[PREMIUM]",,,,,,,,"[PREMIUM]"
"65195156","2026-08-17 21:03:37.710","2026-08-25 00:02:07.256","65195156","2026-08-21 15:10:37.000","[PREMIUM]","203","AB - CALGARY","2026-08-25","TUESDAY","1200","MDT","0","V",2007,"TOYOTA","SEQUOIA","SEQUOIA","4DR SPORT UTILITY","BLUE","SIDE","REAR END","AB","BV","YES","D",168651,"E","[PREMIUM]",9104,"4.7L 8","4X4 W/REAR WHEEL DRV","AUTOMATIC","GAS",8,"Run & Drive Verified","Pure Sale","[PREMIUM]","Hail and front damage","ROCKY VIEW COUNTY","AB","T1X 0K2","CAN","CAD","[PREMIUM]","[PREMIUM]","J070",false,"[PREMIUM]","LIMITED",false,false,"[PREMIUM]",,,,,,,,"[PREMIUM]"
"64943316","2026-08-17 21:03:37.707","2026-08-25 00:02:07.224","64943316","2026-08-24 14:11:19.000","[PREMIUM]","203","AB - CALGARY","2026-08-25","TUESDAY","1200","MDT","0","V",2008,"HONDA","CIVIC","CIVIC","COUPE","WHITE","REAR END","FRONT END","AB","BV","YES","D",258022,"E","[PREMIUM]",5322,"1.8L 4","FRONT WHEEL DRIVE","MANUAL","GAS",4,"Run & Drive Verified","Pure Sale","[PREMIUM]","Hail damage","ROCKY VIEW COUNTY","AB","T1X 0K2","CAN","CAD","[PREMIUM]","[PREMIUM]","M080",false,"[PREMIUM]","LX",false,false,"[PREMIUM]",,,,,,,,"[PREMIUM]"
"64968176","2026-08-17 21:03:37.364","2026-08-21 12:52:30.493","64968176","2026-08-21 02:45:30.000","[PREMIUM]","292","WHOLESALE AUCTION CANADA","2026-08-26","WEDNESDAY","1300","EDT","0","V",2019,"DODGE","DURANGO","DURANGO","SPORT UTILITY VEHICLE","BLACK","NORMAL WEAR",,"AB","OA","YES","D",189246,"A","[PREMIUM]",0,"6.4L 8","ALL WHEEL DRIVE","AUTOMATIC","GAS",8,"Run & Drive Verified","On Minimum Bid","[PREMIUM]","Sold on Alberta Bill of sale Out of province inspection required *Province British Columbia history* ***Pickup is by appointment only call 604-530-8321 Ext. 4***","ROCKY VIEW COUNTY","AB","T1X 0K2","CAN","CAD","[PREMIUM]","[PREMIUM]","ACCSS",false,"[PREMIUM]","SRT",false,false,"[PREMIUM]",,,,,,,,"[PREMIUM]"
"65369656","2026-08-17 21:03:37.363","2026-08-31 11:46:47.372","65369656","2026-08-25 20:31:20.000","[PREMIUM]","203","AB - CALGARY","2026-09-01","TUESDAY","1200","MDT","0","V",2016,"HYUNDAI","ELANTRA","ELANTRA","SEDAN","BLUE","MECHANICAL","FRONT END","AB","BS","YES","E",132050,"N","[PREMIUM]",0,"1.8L 4","FRONT WHEEL DRIVE","MANUAL","GAS",4,"DEFAULT","On Minimum Bid","[PREMIUM]",,"ROCKY VIEW COUNTY","AB","T1X 0K2","CAN","CAD","[PREMIUM]","[PREMIUM]","J080",true,"[PREMIUM]","SE",false,false,"[PREMIUM]",,,,,,,,"[PREMIUM]"
"64927896","2026-08-17 21:03:37.338","2026-08-31 11:46:47.333","64927896","2026-08-27 02:45:34.000","[PREMIUM]","203","AB - CALGARY","2026-09-01","TUESDAY","1200","MDT","0","V",2019,"HYUNDAI","ACCENT","ACCENT","HATCHBACK","WHITE","FRONT END","UNDERCARRIAGE","AB","BV","YES","D",118234,"N","[PREMIUM]",11071,"1.6L 4","FRONT WHEEL DRIVE","AUTOMATIC","GAS",4,"Run & Drive Verified","On Minimum Bid","[PREMIUM]","Mechanical and side damage.","ROCKY VIEW COUNTY","AB","T1X 0K2","CAN","CAD","[PREMIUM]","[PREMIUM]","G070",false,"[PREMIUM]","SE",false,false,"[PREMIUM]",,,,,,,,"[PREMIUM]"
"64654206","2026-08-17 21:03:37.319","2026-08-25 00:02:07.162","64654206","2026-08-19 16:34:27.000","[PREMIUM]","203","AB - CALGARY","2026-08-25","TUESDAY","1200","MDT","0","V",2024,"HONDA","CRV","CR-V","SPORT UTILITY VEHICLE","BLACK","FRONT END","SIDE","AB","BV","YES","S",50154,"N","[PREMIUM]",42388,"2.0L 4","ALL WHEEL DRIVE","AUTOMATIC","ELECTRIC AND GAS HYBRID",4,"Vehicle Starts","On Minimum Bid","[PREMIUM]","Mechanical & frame damage.","ROCKY VIEW COUNTY","AB","T1X 0K2","CAN","CAD","[PREMIUM]","[PREMIUM]","J080",false,"[PREMIUM]","EXL",false,false,"[PREMIUM]",,,,,,,,"[PREMIUM]"
"61039086","2026-08-17 21:03:36.742","2026-08-25 00:02:06.727","61039086","2026-08-17 20:15:40.000","[PREMIUM]","203","AB - CALGARY","2026-08-25","TUESDAY","1200","MDT","0","V",2003,"CHEVROLET","SILVERADO","SILVERADO","4DR EXT CAB PICKUP","BLACK","FRONT END","MINOR DENT/SCRATCHES","AB","BV","YES","D",241365,"E","[PREMIUM]",9920.67,"5.3L 8","4X4 W/REAR WHEEL DRV","AUTOMATIC","GAS",8,"Run & Drive Verified","Pure Sale","[PREMIUM]",,"ROCKY VIEW COUNTY","AB","T1X 0K2","CAN","CAD","[PREMIUM]","[PREMIUM]","I070",false,"[PREMIUM]","K1500",false,false,"[PREMIUM]",,,,,,,,"[PREMIUM]"
"61182756","2026-08-17 21:03:36.739","2026-08-25 00:02:06.713","61182756","2026-08-24 02:04:03.000","[PREMIUM]","203","AB - CALGARY","2026-08-25","TUESDAY","1200","MDT","0","V",2024,"TOYOTA","RAV4","RAV4","SPORT UTILITY VEHICLE","WHITE","FRONT END","HAIL","AB","BV","YES","D",56248,"N","[PREMIUM]",10936,"2.5L 4","ALL WHEEL DRIVE","AUTOMATIC","GAS",4,"Run & Drive Verified","On Minimum Bid","[PREMIUM]","Mechanical damage.","ROCKY VIEW COUNTY","AB","T1X 0K2","CAN","CAD","[PREMIUM]","[PREMIUM]","C080",false,"[PREMIUM]","XLE",false,false,"[PREMIUM]",,,,,,,,"[PREMIUM]"
"60581866","2026-08-17 21:03:36.657","2026-08-31 11:46:46.996","60581866","2026-08-27 02:45:29.000","[PREMIUM]","203","AB - CALGARY","2026-09-01","TUESDAY","1200","MDT","0","V",2023,"FORD","F-150","F150","PICKUP","GRAY","FRONT END","FRAME DAMAGE","AB","BV","YES","E",75514,"A","[PREMIUM]",47777,"3.5L 6","4X4 W/REAR WHEEL DRV","AUTOMATIC","GAS",6,"DEFAULT","On Minimum Bid","[PREMIUM]","Mechanical damage.","ROCKY VIEW COUNTY","AB","T1X 0K2","CAN","CAD","[PREMIUM]","[PREMIUM]","I070",false,"[PREMIUM]","SUPERCREW",false,false,"[PREMIUM]",,,,,,,,"[PREMIUM]"
"60025826","2026-08-17 21:03:36.634","2026-08-25 00:02:06.662","60025826","2026-08-19 16:34:25.000","[PREMIUM]","203","AB - CALGARY","2026-08-25","TUESDAY","1200","MDT","0","V",2012,"NISSAN","ALTIMA","ALTIMA","SEDAN","BLACK","FRONT END","UNDERCARRIAGE","AB","BV","YES","D",218876,"N","[PREMIUM]",9600,"2.5L 4","FRONT WHEEL DRIVE","AUTOMATIC","GAS",4,"Run & Drive Verified","Pure Sale","[PREMIUM]","Side mechanical and rear damage.","ROCKY VIEW COUNTY","AB","T1X 0K2","CAN","CAD","[PREMIUM]","[PREMIUM]","J070",false,"[PREMIUM]","2.5",false,false,"[PREMIUM]",,,,,,,,"[PREMIUM]"
"58755186","2026-08-17 21:03:36.571","2026-08-25 00:02:06.650","58755186","2026-08-20 15:13:38.000","[PREMIUM]","203","AB - CALGARY","2026-08-25","TUESDAY","1200","MDT","0","V",2018,"CHEVROLET","MALIBU","MALIBU","SEDAN","WHITE","BURN","MINOR DENT/SCRATCHES","AB","BR","EXM","E",0,,"[PREMIUM]",21000,"1.8L 4","FRONT WHEEL DRIVE","AUTOMATIC","ELECTRIC AND GAS HYBRID",4,"DEFAULT","Pure Sale","[PREMIUM]",,"ROCKY VIEW COUNTY","AB","T1X 0K2","CAN","CAD","[PREMIUM]","[PREMIUM]","B040",false,"[PREMIUM]","HYBRID",false,false,"[PREMIUM]",,,,,,,,"[PREMIUM]"
"58313656","2026-08-17 21:03:36.568","2026-08-25 00:02:06.648","58313656","2026-08-21 18:59:05.000","[PREMIUM]","203","AB - CALGARY","2026-08-25","TUESDAY","1200","MDT","0","V",2022,"HYUNDAI","KONA","KONA N","SPORT UTILITY VEHICLE","GRAY","REAR END","SIDE","AB","BV","YES","D",134336,"N","[PREMIUM]",15580,"2.0L 4","FRONT WHEEL DRIVE","AUTOMATIC","GAS",4,"Run & Drive Verified","On Minimum Bid","[PREMIUM]","Frame damage.","ROCKY VIEW COUNTY","AB","T1X 0K2","CAN","CAD","[PREMIUM]","[PREMIUM]","J080",false,"[PREMIUM]","BASE",false,false,"[PREMIUM]",,,,,,,,"[PREMIUM]"
"56900286","2026-08-17 21:03:36.490","2026-08-25 00:02:06.602","56900286","2026-08-21 22:50:00.000","[PREMIUM]","203","AB - CALGARY","2026-08-25","TUESDAY","1200","MDT","0","V",2015,"HYUNDAI","ACCENT","ACCENT","HATCHBACK 4DR","BLACK","FRONT END","MECHANICAL","AB","BV","YES","S",134634,"N","[PREMIUM]",19229.64,"1.6L 4","FRONT WHEEL DRIVE","AUTOMATIC","GAS",4,"Vehicle Starts","Pure Sale","[PREMIUM]","Frame and hail damage","ROCKY VIEW COUNTY","AB","T1X 0K2","CAN","CAD","[PREMIUM]","[PREMIUM]","E070",false,"[PREMIUM]","GS",false,false,"[PREMIUM]",,,,,,,,"[PREMIUM]"
"56307616","2026-08-17 21:03:36.456","2026-08-25 00:02:06.549","56307616","2026-08-18 21:28:51.000","[PREMIUM]","203","AB - CALGARY","2026-08-25","TUESDAY","1200","MDT","0","V",2006,"NISSAN","X-TRAIL","X-TRAIL","4DR SPORT UTILITY","GRAY","FRONT END","HAIL","AB","BV","YES","D",122418,"E","[PREMIUM]",7826,"2.5L 4","ALL WHEEL DRIVE","AUTOMATIC","GAS",4,"Run & Drive Verified","Pure Sale","[PREMIUM]",,"ROCKY VIEW COUNTY","AB","T1X 0K2","CAN","CAD","[PREMIUM]","[PREMIUM]","K060",false,"[PREMIUM]","XE",false,false,"[PREMIUM]",,,,,,,,"[PREMIUM]"
"52222056","2026-08-17 21:03:36.390","2026-08-25 00:02:06.500","52222056","2026-08-17 16:16:26.000","[PREMIUM]","203","AB - CALGARY","2026-08-25","TUESDAY","1200","MDT","0","V",2013,"HYUNDAI","SONATA","SONATA","SEDAN 4DR","GRAY","FRONT END","MINOR DENT/SCRATCHES","AB","BV","YES","D",163433,"N","[PREMIUM]",5405,"2.4L 4","FRONT WHEEL DRIVE","AUTOMATIC","GAS",4,"Run & Drive Verified","Pure Sale","[PREMIUM]",,"ROCKY VIEW COUNTY","AB","T1X 0K2","CAN","CAD","[PREMIUM]","[PREMIUM]","D020",false,"[PREMIUM]","GLS",false,false,"[PREMIUM]",,,,,,,,"[PREMIUM]"
"52158906","2026-08-17 21:03:36.371","2026-08-25 00:02:06.491","52158906","2026-08-20 17:05:12.000","[PREMIUM]","203","AB - CALGARY","2026-08-25","TUESDAY","1200","MDT","0","V",2021,"LAND ROVER","RANGEROVER","RANGE ROVER SPORT","SPORT UTILITY VEHICLE","WHITE","WATER/FLOOD","MECHANICAL","AB","BR","YES","E",88184,"N","[PREMIUM]",46244,"5.0L 8","ALL WHEEL DRIVE","AUTOMATIC","GAS",8,"DEFAULT","Pure Sale","[PREMIUM]","Rear & front damage.","ROCKY VIEW COUNTY","AB","T1X 0K2","CAN","CAD","[PREMIUM]","[PREMIUM]","D060",false,"[PREMIUM]","SVR",false,false,"[PREMIUM]",,,,,,,,"[PREMIUM]"
"45803946","2026-08-17 21:03:36.304","2026-08-25 00:02:06.453","45803946","2026-08-17 19:48:04.000","[PREMIUM]","203","AB - CALGARY","2026-08-25","TUESDAY","1200","MDT","0","V",2013,"CHEVROLET","VOLT","VOLT 5DR",,"SILVER","FRONT END","MINOR DENT/SCRATCHES","AB","BV","YES","D",106018,"N","[PREMIUM]",10244,,,"AUTOMATIC",,,"Run & Drive Verified","Pure Sale","[PREMIUM]",,"ROCKY VIEW COUNTY","AB","T1X 0K2","CAN","CAD","[PREMIUM]","[PREMIUM]","D040",false,"[PREMIUM]",,false,false,"[PREMIUM]",,,,,,,,"[PREMIUM]"
"63366466","2026-08-17 21:03:36.083","2026-08-20 05:41:49.046","63366466","2026-08-18 18:12:52.000","[PREMIUM]","294","ONTARIO AUCTION","2026-08-20","THURSDAY","1000","EDT","0","V",2016,"TOYOTA","COROLLA","COROLLA","SEDAN","WHITE","REAR END",,"ON","ST","YES","D",136479,"A","[PREMIUM]",12366,"1.8L 4","FRONT WHEEL DRIVE","AUTOMATIC","GAS",4,"Run & Drive Verified","On Minimum Bid","[PREMIUM]",,"LONDON","ON","N5W 6C8","CAN","CAD","[PREMIUM]","[PREMIUM]","H130",false,"[PREMIUM]","L",false,false,"[PREMIUM]",,,,,,,,"[PREMIUM]"
"63199586","2026-08-17 21:03:35.924","2026-08-20 05:41:48.973","63199586","2026-08-19 20:15:49.000","[PREMIUM]","294","ONTARIO AUCTION","2026-08-20","THURSDAY","1000","EDT","0","V",2010,"TOYOTA","CAMRY","CAMRY","SEDAN","GREEN","REAR END","SIDE","ON","NU","YES","D",211793,"A","[PREMIUM]",6341.61,"2.5L 4","FRONT WHEEL DRIVE","AUTOMATIC","GAS",4,"Run & Drive Verified","Pure Sale","[PREMIUM]",,"LONDON","ON","N5W 6C8","CAN","CAD","[PREMIUM]","[PREMIUM]","B030",false,"[PREMIUM]","BASE",false,false,"[PREMIUM]",,,,,,,,"[PREMIUM]"
"63173656","2026-08-17 21:03:35.921","2026-08-20 05:41:48.937","63173656","2026-08-20 00:36:40.000","[PREMIUM]","294","ONTARIO AUCTION","2026-08-20","THURSDAY","1000","EDT","0","V",2014,"FORD","ESCAPE","ESCAPE","4DR SPORT UTILITY","RED","FRONT END","SIDE","ON","NU","YES","D",285822,"A","[PREMIUM]",4558.64,"2.0L 4","4X4 W/FRONT WHL DRV","AUTOMATIC","GAS",4,"Run & Drive Verified","Pure Sale","[PREMIUM]","Possible udnercarriage damage","LONDON","ON","N5W 6C8","CAN","CAD","[PREMIUM]","[PREMIUM]","A040",false,"[PREMIUM]","SE",false,false,"[PREMIUM]",,,,,,,,"[PREMIUM]"
"62971666","2026-08-17 21:03:35.880","2026-08-31 05:49:08.196","62971666","2026-08-29 02:02:03.000","[PREMIUM]","294","ONTARIO AUCTION","2026-09-01","TUESDAY","1000","EDT","0","V",2018,"CHRYSLER","PACIFICA","PACIFICA","VAN PASSENGER","GRAY","WATER/FLOOD","FRONT END","ON","IR","YES","D",177782,"N","[PREMIUM]",7108.74,"3.6L 6","FRONT WHEEL DRIVE","AUTOMATIC","FLEXIBLE",6,"Run & Drive Verified","On Minimum Bid","[PREMIUM]",,"LONDON","ON","N5W 6C8","CAN","CAD","[PREMIUM]","[PREMIUM]","F120",false,"[PREMIUM]","L",false,false,"[PREMIUM]",,,,,,,,"[PREMIUM]"
"62974986","2026-08-17 21:03:35.846","2026-08-20 05:41:48.883","62974986","2026-08-20 00:33:32.000","[PREMIUM]","294","ONTARIO AUCTION","2026-08-20","THURSDAY","1000","EDT","0","V",2012,"MAZDA","5","5","STATION WAGON","BLACK","UNDERCARRIAGE","FRONT END","ON","NU","YES","E",258371,"A","[PREMIUM]",6739.37,"2.5L 4","FRONT WHEEL DRIVE","AUTOMATIC","GAS",4,"DEFAULT","Pure Sale","[PREMIUM]","Rust Dents and scratches","LONDON","ON","N5W 6C8","CAN","CAD","[PREMIUM]","[PREMIUM]","A070",false,"[PREMIUM]",,false,false,"[PREMIUM]",,,,,,,,"[PREMIUM]"
"62812896","2026-08-17 21:03:35.774","2026-08-20 05:41:48.938","62812896","2026-08-20 00:54:53.000","[PREMIUM]","294","ONTARIO AUCTION","2026-08-20","THURSDAY","1000","EDT","0","V",2015,"TOYOTA","COROLLA","COROLLA","SEDAN","SILVER","FRONT END",,"ON","NU","YES","D",120699,"A","[PREMIUM]",11357,"1.8L 4","FRONT WHEEL DRIVE","AUTOMATIC","GAS",4,"Run & Drive Verified","On Minimum Bid","[PREMIUM]","Possible undercarriage damage","LONDON","ON","N5W 6C8","CAN","CAD","[PREMIUM]","[PREMIUM]","A040",false,"[PREMIUM]","L",false,false,"[PREMIUM]",,,,,,,,"[PREMIUM]"
"62612586","2026-08-17 21:03:35.737","2026-08-20 05:41:48.775","62612586","2026-08-20 02:50:22.000","[PREMIUM]","294","ONTARIO AUCTION","2026-08-20","THURSDAY","1000","EDT","0","V",2015,"DODGE","JOURNEY","JOURNEY","4DR SPORT UTILITY","RED","SIDE","FRONT END","ON","NU","YES","D",216517,"N","[PREMIUM]",8110.7,"2.4L 4","FRONT WHEEL DRIVE","AUTOMATIC","GAS",4,"Run & Drive Verified","Pure Sale","[PREMIUM]","rear damage","LONDON","ON","N5W 6C8","CAN","CAD","[PREMIUM]","[PREMIUM]","BULL",false,"[PREMIUM]","SE",false,false,"[PREMIUM]",,,,,,,,"[PREMIUM]"
"62680766","2026-08-17 21:03:35.726","2026-08-20 05:41:48.791","62680766","2026-08-20 00:15:59.000","[PREMIUM]","294","ONTARIO AUCTION","2026-08-20","THURSDAY","1000","EDT","0","V",2016,"HYUNDAI","SONATA","SONATA","SEDAN 4DR","RED","REAR END","UNDERCARRIAGE","ON","ST","YES","D",231080,"N","[PREMIUM]",18295.96,"2.4L 4","FRONT WHEEL DRIVE","AUTOMATIC","GAS",4,"Run & Drive Verified","Pure Sale","[PREMIUM]","Side damage","LONDON","ON","N5W 6C8","CAN","CAD","[PREMIUM]","[PREMIUM]","A050",false,"[PREMIUM]","SE",false,false,"[PREMIUM]",,,,,,,,"[PREMIUM]"
"62129216","2026-08-17 21:03:35.616","2026-08-20 05:41:48.637","62129216","2026-08-20 00:21:35.000","[PREMIUM]","294","ONTARIO AUCTION","2026-08-20","THURSDAY","1000","EDT","0","V",2019,"TOYOTA","COROLLA","COROLLA","SEDAN","WHITE","REAR END","FRONT END","ON","IR","EXM","E",0,"N","[PREMIUM]",60713.16,"1.8L 4","FRONT WHEEL DRIVE","AUTOMATIC","GAS",4,"DEFAULT","Pure Sale","[PREMIUM]","Side damage airbags deployed","LONDON","ON","N5W 6C8","CAN","CAD","[PREMIUM]","[PREMIUM]","B070",false,"[PREMIUM]","L",false,false,"[PREMIUM]",,,,,,,,"[PREMIUM]"
"62077696","2026-08-17 21:03:35.599","2026-08-20 05:41:48.665","62077696","2026-08-18 18:05:33.000","[PREMIUM]","294","ONTARIO AUCTION","2026-08-20","THURSDAY","1000","EDT","0","V",2011,"HYUNDAI","ELANTRA","ELANTRA","SEDAN","SILVER","FRONT END","REAR END","ON","NU","YES","D",210230,"A","[PREMIUM]",5355.08,"1.8L 4","FRONT WHEEL DRIVE","AUTOMATIC","GAS",4,"Run & Drive Verified","Pure Sale","[PREMIUM]","Side damage Possible undercarriage damage","LONDON","ON","N5W 6C8","CAN","CAD","[PREMIUM]","[PREMIUM]","B040",false,"[PREMIUM]","GLS",false,false,"[PREMIUM]",,,,,,,,"[PREMIUM]"
"61789316","2026-08-17 21:03:35.570","2026-08-20 05:41:48.485","61789316","2026-08-20 00:08:02.000","[PREMIUM]","294","ONTARIO AUCTION","2026-08-20","THURSDAY","1000","EDT","0","V",2012,"TOYOTA","RAV4","RAV4","SUV","SILVER","FRONT END","SIDE","ON","ST","YES","D",238384,"A","[PREMIUM]",11522.38,"2.5L 4","FRONT WHEEL DRIVE","AUTOMATIC","GAS",4,"Run & Drive Verified","Pure Sale","[PREMIUM]","Airbags deployed Possible mechanical damage","LONDON","ON","N5W 6C8","CAN","CAD","[PREMIUM]","[PREMIUM]","B020",false,"[PREMIUM]","BASE",false,false,"[PREMIUM]",,,,,,,,"[PREMIUM]"
"61944786","2026-08-17 21:03:35.559","2026-08-20 05:41:48.583","61944786","2026-08-20 01:00:49.000","[PREMIUM]","294","ONTARIO AUCTION","2026-08-20","THURSDAY","1000","EDT","0","V",2010,"HONDA","CIVIC","CIVIC","SEDAN 4DR","BLUE","UNDERCARRIAGE","FRONT END","ON","NU","YES","S",251800,"E","[PREMIUM]",5934.65,"1.8L 4","FRONT WHEEL DRIVE","AUTOMATIC","GAS",4,"Vehicle Starts","Pure Sale","[PREMIUM]","Side damage Rear damage","LONDON","ON","N5W 6C8","CAN","CAD","[PREMIUM]","[PREMIUM]","C010",false,"[PREMIUM]","LX-S",false,false,"[PREMIUM]",,,,,,,,"[PREMIUM]"
"61543116","2026-08-17 21:03:35.485","2026-08-20 05:41:48.398","61543116","2026-08-17 15:25:39.000","[PREMIUM]","294","ONTARIO AUCTION","2026-08-20","THURSDAY","1000","EDT","0","V",2015,"DODGE","CHALLENGER","CHALLENGER","COUPE","BLACK","REAR END",,"ON","ST","YES","D",80664,"A","[PREMIUM]",15885.79,"3.6L 6","REAR WHEEL DRIVE","AUTOMATIC","FLEXIBLE",6,"Run & Drive Verified","Pure Sale","[PREMIUM]",,"LONDON","ON","N5W 6C8","CAN","CAD","[PREMIUM]","[PREMIUM]","G130",false,"[PREMIUM]","SXT PLUS",false,false,"[PREMIUM]",,,,,,,,"[PREMIUM]"
"61070986","2026-08-17 21:03:35.402","2026-08-20 05:41:48.293","61070986","2026-08-18 19:58:28.000","[PREMIUM]","294","ONTARIO AUCTION","2026-08-20","THURSDAY","1000","EDT","0","V",2013,"CHEVROLET","SONIC","SONIC","HATCHBACK 4DR","BLACK","BURN",,"ON","ST","EXM","E",0,"N","[PREMIUM]",5531.2,"1.8L 4","FRONT WHEEL DRIVE","AUTOMATIC","GAS",4,"DEFAULT","Pure Sale","[PREMIUM]",,"LONDON","ON","N5W 6C8","CAN","CAD","[PREMIUM]","[PREMIUM]","C070",false,"[PREMIUM]","LT",false,false,"[PREMIUM]",,,,,,,,"[PREMIUM]"
"60947496","2026-08-17 21:03:35.371","2026-08-20 05:41:48.294","60947496","2026-08-20 00:49:04.000","[PREMIUM]","294","ONTARIO AUCTION","2026-08-20","THURSDAY","1000","EDT","0","V",2008,"ACURA","CSX","CSX","SEDAN 4DR","SILVER","SIDE","REAR END","ON","ST","YES","D",276282,"A","[PREMIUM]",14274.52,"2.0L 4","FRONT WHEEL DRIVE","AUTOMATIC","GAS",4,"Run & Drive Verified","Pure Sale","[PREMIUM]","Airbags deployed","LONDON","ON","N5W 6C8","CAN","CAD","[PREMIUM]","[PREMIUM]","C020",false,"[PREMIUM]",,false,false,"[PREMIUM]",,,,,,,,"[PREMIUM]"
"60305996","2026-08-17 21:03:35.297","2026-08-20 05:41:48.059","60305996","2026-08-20 02:54:50.000","[PREMIUM]","294","ONTARIO AUCTION","2026-08-20","THURSDAY","1000","EDT","0","V",2020,"HONDA","CIVIC","CIVIC","HATCHBACK","WHITE","SIDE","REAR END","ON","ST","YES","D",209801,"N","[PREMIUM]",15223.64,"1.5L 4","FRONT WHEEL DRIVE","AUTOMATIC","GAS",4,"Run & Drive Verified","Pure Sale","[PREMIUM]",,"LONDON","ON","N5W 6C8","CAN","CAD","[PREMIUM]","[PREMIUM]","F090",false,"[PREMIUM]","SPORT",false,false,"[PREMIUM]",,,,,,,,"[PREMIUM]"
"60326036","2026-08-17 21:03:35.294","2026-08-20 05:41:48.043","60326036","2026-08-20 02:52:00.000","[PREMIUM]","294","ONTARIO AUCTION","2026-08-20","THURSDAY","1000","EDT","0","V",2018,"CHEVROLET","EQUINOX","EQUINOX","SPORT UTILITY VEHICLE","GOLD","FRONT END",,"ON","NU","YES","D",108619,"N","[PREMIUM]",12111.15,"1.5L 4","ALL WHEEL DRIVE","AUTOMATIC","GAS",4,"Run & Drive Verified","Pure Sale","[PREMIUM]","Possible mechanical damage Airbags deployed","LONDON","ON","N5W 6C8","CAN","CAD","[PREMIUM]","[PREMIUM]","A070",false,"[PREMIUM]","LS",false,false,"[PREMIUM]",,,,,,,,"[PREMIUM]"
"59972216","2026-08-17 21:03:35.209","2026-08-31 05:49:07.877","59972216","2026-08-30 02:04:08.000","[PREMIUM]","294","ONTARIO AUCTION","2026-09-01","TUESDAY","1000","EDT","0","V",2016,"HONDA","CIVIC","CIVIC","SEDAN 4DR","BLACK","UNDERCARRIAGE","SIDE","ON","NU","YES","D",94915,"A","[PREMIUM]",14729,"1.5L 4","FRONT WHEEL DRIVE","AUTOMATIC","GAS",4,"Run & Drive Verified","On Minimum Bid","[PREMIUM]","Airbags deployed","LONDON","ON","N5W 6C8","CAN","CAD","[PREMIUM]","[PREMIUM]","F120",false,"[PREMIUM]","TOURING",false,false,"[PREMIUM]",,,,,,,,"[PREMIUM]"
"59739566","2026-08-17 21:03:35.173","2026-08-20 05:41:47.928","59739566","2026-08-20 02:52:39.000","[PREMIUM]","294","ONTARIO AUCTION","2026-08-20","THURSDAY","1000","EDT","0","V",2010,"FORD","TAURUS","TAURUS","SEDAN 4DR","WHITE","UNDERCARRIAGE","FRONT END","ON","NU","NO","E",0,"E","[PREMIUM]",13303,"3.5L 6","ALL WHEEL DRIVE","AUTOMATIC","GAS",6,"DEFAULT","Pure Sale","[PREMIUM]","Airbags deployed","LONDON","ON","N5W 6C8","CAN","CAD","[PREMIUM]","[PREMIUM]","C010",false,"[PREMIUM]","SHO",false,false,"[PREMIUM]",,,,,,,,"[PREMIUM]"
"59645756","2026-08-17 21:03:35.173","2026-08-31 05:49:07.878","59645756","2026-08-30 02:04:00.000","[PREMIUM]","294","ONTARIO AUCTION","2026-09-01","TUESDAY","1000","EDT","0","V",2019,"MERCEDES-BENZ","A-CLASS","A","WAGON","SILVER","FRONT END",,"ON","NU","YES","D",115353,"A","[PREMIUM]",13944,"2.0L 4","ALL WHEEL DRIVE","AUTOMATIC","GAS",4,"Run & Drive Verified","On Minimum Bid","[PREMIUM]","Possible undercarriage damage","LONDON","ON","N5W 6C8","CAN","CAD","[PREMIUM]","[PREMIUM]","F090",false,"[PREMIUM]","250 4MATIC",false,false,"[PREMIUM]",,,,,,,,"[PREMIUM]"
"59233136","2026-08-17 21:03:35.104","2026-08-31 05:49:07.842","59233136","2026-08-29 02:45:18.000","[PREMIUM]","294","ONTARIO AUCTION","2026-09-03","THURSDAY","1000","EDT","0","V",2023,"HONDA","CIVIC","CIVIC","SEDAN","BLACK","FRONT END","SIDE","ON","ST","YES","S",0,"N","[PREMIUM]",24082,"2.0L 4","FRONT WHEEL DRIVE","AUTOMATIC","GAS",4,"Vehicle Starts","On Minimum Bid","[PREMIUM]","Airbags deployed","LONDON","ON","N5W 6C8","CAN","CAD","[PREMIUM]","[PREMIUM]","D010",false,"[PREMIUM]","SPORT",false,false,"[PREMIUM]",,,,,,,,"[PREMIUM]"
"58878936","2026-08-17 21:03:35.076","2026-08-20 05:41:47.818","58878936","2026-08-20 02:56:22.000","[PREMIUM]","294","ONTARIO AUCTION","2026-08-20","THURSDAY","1000","EDT","0","V",2018,"AUDI","SQ5","SQ5","SPORT UTILITY VEHICLE","BLACK","FRONT END","REAR END","ON","NU","YES","S",117068,"N","[PREMIUM]",33738.29,"3.0L 6","ALL WHEEL DRIVE","AUTOMATIC","GAS",6,"Vehicle Starts","Pure Sale","[PREMIUM]","Possible undercariage damage","LONDON","ON","N5W 6C8","CAN","CAD","[PREMIUM]","[PREMIUM]","H090",false,"[PREMIUM]","PRESTIGE",false,false,"[PREMIUM]",,,,,,,,"[PREMIUM]"
"58512606","2026-08-17 21:03:35.032","2026-08-20 05:41:47.775","58512606","2026-08-20 02:53:57.000","[PREMIUM]","294","ONTARIO AUCTION","2026-08-20","THURSDAY","1000","EDT","0","V",2019,"HONDA","CIVIC SPOR","CIVIC",,"GRAY","FRONT END","SIDE","ON","ST","YES","E",185225,"A","[PREMIUM]",25065.19,,,"AUTOMATIC",,,"DEFAULT","Pure Sale","[PREMIUM]","Airbags deployed","LONDON","ON","N5W 6C8","CAN","CAD","[PREMIUM]","[PREMIUM]","I100",false,"[PREMIUM]","SPORT",false,false,"[PREMIUM]",,,,,,,,"[PREMIUM]"
"58423286","2026-08-17 21:03:35.025","2026-08-20 05:41:47.778","58423286","2026-08-20 02:51:00.000","[PREMIUM]","294","ONTARIO AUCTION","2026-08-20","THURSDAY","1000","EDT","0","V",2018,"FORD","ESCAPE","ESCAPE","SPORT UTILITY VEHICLE","BLUE","UNDERCARRIAGE","FRONT END","ON","NU","YES","D",99030,"N","[PREMIUM]",11631.48,"1.5L 4","FRONT WHEEL DRIVE","AUTOMATIC","GAS",4,"Run & Drive Verified","Pure Sale","[PREMIUM]","Airbags deployed","LONDON","ON","N5W 6C8","CAN","CAD","[PREMIUM]","[PREMIUM]","K120",false,"[PREMIUM]","SE",false,false,"[PREMIUM]",,,,,,,,"[PREMIUM]"
"58476266","2026-08-17 21:03:35.025","2026-08-20 05:41:47.775","58476266","2026-08-20 02:57:04.000","[PREMIUM]","294","ONTARIO AUCTION","2026-08-20","THURSDAY","1000","EDT","0","V",2012,"FORD","ESCAPE","ESCAPE","4DR SPORT UTILITY","BLACK","UNDERCARRIAGE","FRONT END","ON","NU","YES","D",249224,"N","[PREMIUM]",5841.12,"3.0L 6","ALL WHEEL DRIVE","AUTOMATIC","FLEXIBLE",6,"Run & Drive Verified","Pure Sale","[PREMIUM]","Rust Possible mechanical damage","LONDON","ON","N5W 6C8","CAN","CAD","[PREMIUM]","[PREMIUM]","C010",false,"[PREMIUM]","XLT",false,false,"[PREMIUM]",,,,,,,,"[PREMIUM]"
"58361206","2026-08-17 21:03:35.013","2026-08-20 05:41:47.775","58361206","2026-08-20 02:53:16.000","[PREMIUM]","294","ONTARIO AUCTION","2026-08-20","THURSDAY","1000","EDT","0","V",2020,"HYUNDAI","ELANTRA","ELANTRA","SEDAN","WHITE","FRONT END","SIDE","ON","ST","YES","D",290336,"A","[PREMIUM]",9400.04,"2.0L 4","FRONT WHEEL DRIVE","AUTOMATIC","GAS",4,"Run & Drive Verified","Pure Sale","[PREMIUM]","Possible undercarriage damage","LONDON","ON","N5W 6C8","CAN","CAD","[PREMIUM]","[PREMIUM]","B070",false,"[PREMIUM]","SEL",false,false,"[PREMIUM]",,,,,,,,"[PREMIUM]"
"56948936","2026-08-17 21:03:34.965","2026-08-20 05:41:47.684","56948936","2026-08-19 15:24:25.000","[PREMIUM]","294","ONTARIO AUCTION","2026-08-20","THURSDAY","1000","EDT","0","C",2008,"YAMAHA","FZ600-800","FZ6","RACER","BLUE","FRONT END","SIDE","ON","IR","YES","D",0,"E","[PREMIUM]",3099.92,"4",,"MANUAL",,4,"Run & Drive Verified","Pure Sale","[PREMIUM]",,"LONDON","ON","N5W 6C8","CAN","CAD","[PREMIUM]","[PREMIUM]","MC",false,"[PREMIUM]","SHG",false,false,"[PREMIUM]",,,,,,,,"[PREMIUM]"
"57180196","2026-08-17 21:03:34.957","2026-08-20 05:41:47.692","57180196","2026-08-20 00:46:51.000","[PREMIUM]","294","ONTARIO AUCTION","2026-08-20","THURSDAY","1000","EDT","0","V",2016,"ACURA","ILX","ILX","SEDAN 4DR","BLACK","SIDE","REAR END","ON","NU","YES","D",236472,"A","[PREMIUM]",10196,"2.4L 4","FRONT WHEEL DRIVE","AUTOMATIC","GAS",4,"Run & Drive Verified","On Minimum Bid","[PREMIUM]","Front damage","LONDON","ON","N5W 6C8","CAN","CAD","[PREMIUM]","[PREMIUM]","D050",false,"[PREMIUM]","PREMIUM",false,false,"[PREMIUM]",,,,,,,,"[PREMIUM]"
"55812896","2026-08-17 21:03:34.867","2026-08-20 05:41:47.658","55812896","2026-08-20 02:55:27.000","[PREMIUM]","294","ONTARIO AUCTION","2026-08-20","THURSDAY","1000","EDT","0","V",2014,"DODGE","CARAVAN","GRAND CARAVAN","SPORTS VAN","RED","UNDERCARRIAGE","FRONT END","ON","NU","YES","D",194684,"N","[PREMIUM]",5292.47,"3.6L 6","FRONT WHEEL DRIVE","AUTOMATIC","FLEXIBLE",6,"Run & Drive Verified","Pure Sale","[PREMIUM]","Side damage","LONDON","ON","N5W 6C8","CAN","CAD","[PREMIUM]","[PREMIUM]","C050",false,"[PREMIUM]","SE",false,false,"[PREMIUM]",,,,,,,,"[PREMIUM]"
"65139486","2026-08-17 21:03:34.562","2026-08-25 15:36:28.745","65139486","2026-08-25 08:00:46.000","[PREMIUM]","294","ONTARIO AUCTION","2026-08-25","TUESDAY","1000","EDT","2149","V",2014,"CHEVROLET","CRUZE","CRUZE","SEDAN 4DR","BLUE","REAR END",,"ON","ST","YES","D",182305,"A","[PREMIUM]",13306.45,"1.4L 4","FRONT WHEEL DRIVE","AUTOMATIC","GAS",4,"Run & Drive Verified","On Minimum Bid","[PREMIUM]","PREVIOUS CLAIM PREVIOUS ESTIMATE $13306.45","BOWMANVILLE","ON","L1E 0L1","CAN","CAD","[PREMIUM]","[PREMIUM]","D100",false,"[PREMIUM]","LT",false,false,"[PREMIUM]",,,,,,,,"[PREMIUM]"
"65148846","2026-08-17 21:03:34.555","2026-08-31 05:49:07.314","65148846","2026-08-29 02:45:35.000","[PREMIUM]","294","ONTARIO AUCTION","2026-09-03","THURSDAY","1000","EDT","0","V",2012,"CHEVROLET","EQUINOX","EQUINOX","4DR SPORT UTILITY","BLACK","MECHANICAL",,"ON","NU","YES","D",149755,"N","[PREMIUM]",0,"3.0L 6","ALL WHEEL DRIVE","AUTOMATIC","GAS",6,"Run & Drive Verified","On Minimum Bid","[PREMIUM]","Rust holes","BOWMANVILLE","ON","L1E 0L1","CAN","CAD","[PREMIUM]","[PREMIUM]","I080",true,"[PREMIUM]","LT",false,false,"[PREMIUM]",,,,,,,,"[PREMIUM]"
"65301586","2026-08-17 21:03:34.541","2026-08-31 11:46:45.054","65301586","2026-08-25 19:05:18.000","[PREMIUM]","292","WHOLESALE AUCTION CANADA","2026-09-02","WEDNESDAY","1300","EDT","0","V",2007,"HONDA","ACCORD","ACCORD","SEDAN 4DR","RED","MINOR DENT/SCRATCHES",,"ON","NU","YES","D",514099,"E","[PREMIUM]",0,"2.4L 4","FRONT WHEEL DRIVE","AUTOMATIC","GAS",4,"Run & Drive Verified","On Minimum Bid","[PREMIUM]",,"BOWMANVILLE","ON","L1E 0L1","CAN","CAD","[PREMIUM]","[PREMIUM]","D030",false,"[PREMIUM]","EX",false,false,"[PREMIUM]",,,,,,,,"[PREMIUM]"
"64629666","2026-08-17 21:03:34.522","2026-08-27 11:44:45.449","64629666","2026-08-27 08:00:32.000","[PREMIUM]","294","ONTARIO AUCTION","2026-08-27","THURSDAY","1000","EDT","4114","V",2016,"INFINITI","Q50","Q50","SEDAN","GRAY","WATER/FLOOD","FRONT END","ON","IR","YES","D",138943,"A","[PREMIUM]",13706.9,"3.0L 6","ALL WHEEL DRIVE","AUTOMATIC","GAS",6,"Run & Drive Verified","Pure Sale","[PREMIUM]",,"BOWMANVILLE","ON","L1E 0L1","CAN","CAD","[PREMIUM]","[PREMIUM]","B080",false,"[PREMIUM]","3.0T PREMIUM",false,false,"[PREMIUM]",,,,,,,,"[PREMIUM]"
"65136436","2026-08-17 21:03:34.517","2026-08-25 15:36:28.733","65136436","2026-08-25 08:00:46.000","[PREMIUM]","294","ONTARIO AUCTION","2026-08-25","TUESDAY","1000","EDT","2086","V",2015,"CHEVROLET","CRUZE","CRUZE","SEDAN 4DR","BLUE","SIDE","UNDERCARRIAGE","ON","ST","YES","D",199102,"A","[PREMIUM]",9241.97,"1.4L 4","FRONT WHEEL DRIVE","AUTOMATIC","GAS",4,"Run & Drive Verified","On Minimum Bid","[PREMIUM]","PREVIOUS CLAIM PREVIOUS ESTIMATE $9241.97/ PREVIOUS FLEET/ PREVIOUS COMMERCIAL UNIT/ REAR DAMAGE","BOWMANVILLE","ON","L1E 0L1","CAN","CAD","[PREMIUM]","[PREMIUM]","E020",false,"[PREMIUM]","LT",false,false,"[PREMIUM]",,,,,,,,"[PREMIUM]"
"64908496","2026-08-17 21:03:34.511","2026-08-31 05:49:07.285","64908496","2026-08-29 02:45:33.000","[PREMIUM]","294","ONTARIO AUCTION","2026-09-03","THURSDAY","1000","EDT","0","V",2012,"AUDI","A6","A6","SEDAN 4DR","WHITE","FRONT END",,"ON","NU","YES","D",203159,"N","[PREMIUM]",0,"3.0L 6","ALL WHEEL DRIVE","AUTOMATIC","GAS",6,"Run & Drive Verified","On Minimum Bid","[PREMIUM]","previous fleet","BOWMANVILLE","ON","L1E 0L1","CAN","CAD","[PREMIUM]","[PREMIUM]","D060",true,"[PREMIUM]","QUATTRO",false,false,"[PREMIUM]",,,,,,,,"[PREMIUM]"
"64818506","2026-08-17 21:03:34.503","2026-08-27 11:44:45.551","64818506","2026-08-27 08:00:32.000","[PREMIUM]","294","ONTARIO AUCTION","2026-08-27","THURSDAY","1000","EDT","2112","V",2022,"HONDA","CIVIC","CIVIC","SEDAN","GRAY","FRONT END",,"ON","ST","YES","D",157849,"N","[PREMIUM]",15750.86,"2.0L 4","FRONT WHEEL DRIVE","AUTOMATIC","GAS",4,"Run & Drive Verified","Pure Sale","[PREMIUM]",,"BOWMANVILLE","ON","L1E 0L1","CAN","CAD","[PREMIUM]","[PREMIUM]","G040",false,"[PREMIUM]","SPORT",false,false,"[PREMIUM]",,,,,,,,"[PREMIUM]"
"64497026","2026-08-17 21:03:34.477","2026-08-27 11:44:45.313","64497026","2026-08-27 08:00:32.000","[PREMIUM]","294","ONTARIO AUCTION","2026-08-27","THURSDAY","1000","EDT","2142","V",2017,"BMW","5 SERIES","540","SEDAN","GRAY","MECHANICAL","SIDE","ON","NU","YES","D",143053,"N","[PREMIUM]",0,"3.0L 6","ALL WHEEL DRIVE","AUTOMATIC","GAS",6,"Run & Drive Verified","On Minimum Bid","[PREMIUM]","Previous repairs exceeding $3000 (May 5 2018 claim $12479.89 & glass record $2379) previous fleet","BOWMANVILLE","ON","L1E 0L1","CAN","CAD","[PREMIUM]","[PREMIUM]","D010",false,"[PREMIUM]","XI",false,false,"[PREMIUM]",,,,,,,,"[PREMIUM]"
"64241886","2026-08-17 21:03:34.424","2026-08-27 11:44:45.270","64241886","2026-08-27 08:00:32.000","[PREMIUM]","294","ONTARIO AUCTION","2026-08-27","THURSDAY","1000","EDT","3067","V",2014,"HONDA","CIVIC","CIVIC","SEDAN 4DR","WHITE","FRONT END","SIDE","ON","ST","YES","E",0,"N","[PREMIUM]",20184.68,"1.8L 4","FRONT WHEEL DRIVE","AUTOMATIC","GAS",4,"DEFAULT","Pure Sale","[PREMIUM]",,"BOWMANVILLE","ON","L1E 0L1","CAN","CAD","[PREMIUM]","[PREMIUM]","E060",false,"[PREMIUM]","TOURING",false,false,"[PREMIUM]",,,,,,,,"[PREMIUM]"
"62867596","2026-08-17 21:03:34.114","2026-08-27 11:44:44.968","62867596","2026-08-27 08:00:32.000","[PREMIUM]","294","ONTARIO AUCTION","2026-08-27","THURSDAY","1000","EDT","2137","V",2019,"MERCEDES-BENZ","S-CLASS","S","SEDAN","BLACK","FRONT END",,"ON","NU","YES","D",84344,"N","[PREMIUM]",60887,"4.0L 8","ALL WHEEL DRIVE","AUTOMATIC","GAS",8,"Run & Drive Verified","Pure Sale","[PREMIUM]",,"BOWMANVILLE","ON","L1E 0L1","CAN","CAD","[PREMIUM]","[PREMIUM]","C090",false,"[PREMIUM]","560 4MATIC",false,false,"[PREMIUM]",,,,,,,,"[PREMIUM]"
"61781936","2026-08-17 21:03:33.837","2026-08-24 11:44:59.561","61781936","2026-08-22 02:45:34.000","[PREMIUM]","294","ONTARIO AUCTION","2026-08-25","TUESDAY","1000","EDT","0","V",2010,"PORSCHE","PANAMERA","PANAMERA","SEDAN 4DR","BLUE","SIDE","REAR END","ON","ST","YES","E",0,"E","[PREMIUM]",17223.06,"4.8L 8","REAR WHEEL DRIVE","AUTOMATIC","GAS",8,"DEFAULT","On Approval","[PREMIUM]","PREVIOUS CLAIM PREVIOUS ESTIMATE $17223.06/ QC HISTORY/ PREVIOUS COMMERCIAL","BOWMANVILLE","ON","L1E 0L1","CAN","CAD","[PREMIUM]","[PREMIUM]","B040",false,"[PREMIUM]","S",false,false,"[PREMIUM]",,,,,,,,"[PREMIUM]"
"61702906","2026-08-17 21:03:33.833","2026-08-24 11:44:59.566","61702906","2026-08-22 02:45:34.000","[PREMIUM]","294","ONTARIO AUCTION","2026-08-25","TUESDAY","1000","EDT","0","V",2004,"GMC","SIERRA","SIERRA","CREW PICKUP","BLACK","MECHANICAL","UNDERCARRIAGE","ON","RU","YES","E",0,"E","[PREMIUM]",14041.14,"6.6L 8","4X4 W/REAR WHEEL DRV","AUTOMATIC","DIESEL",8,"DEFAULT","On Approval","[PREMIUM]","PREVIOUS CLAIM PREVIOUS ESTIMATE $14041.14/ BC HISTORY/ AB HISTORY","BOWMANVILLE","ON","L1E 0L1","CAN","CAD","[PREMIUM]","[PREMIUM]","J080",false,"[PREMIUM]","K2500 HEAVY DUTY",false,false,"[PREMIUM]",,,,,,,,"[PREMIUM]"
"61700926","2026-08-17 21:03:33.799","2026-08-30 17:48:49.978","61700926","2026-08-28 14:36:29.000","[PREMIUM]","294","ONTARIO AUCTION","2026-09-01","TUESDAY","1000","EDT","0","K",2014,"FORD","F350","F350","CREW PICKUP","WHITE","MECHANICAL","SIDE","ON","ST","YES","E",267210,"A","[PREMIUM]",24557.54,"6.7L 8","4X4 W/REAR WHEEL DRV","AUTOMATIC","DIESEL",8,"DEFAULT","On Minimum Bid","[PREMIUM]","PREVIOUS CLAIM PREVIOUS ESTIAMTE $24557.54/ REAR DAMAGE/ PREVIOUS COMMERCIAL UNIT","BOWMANVILLE","ON","L1E 0L1","CAN","CAD","[PREMIUM]","[PREMIUM]","HVY80",true,"[PREMIUM]","SUPER DUTY",false,false,"[PREMIUM]",,,,,,,,"[PREMIUM]"
"61701326","2026-08-17 21:03:33.792","2026-08-24 11:44:59.532","61701326","2026-08-22 02:45:33.000","[PREMIUM]","294","ONTARIO AUCTION","2026-08-25","TUESDAY","1000","EDT","0","V",2021,"CHEVROLET","TAHOE","TAHOE","SPORT UTILITY VEHICLE","BLACK","REAR END","FRONT END","ON","ST","YES","D",326264,"N","[PREMIUM]",20408.81,"5.3L 8","4X4 W/REAR WHEEL DRV","AUTOMATIC","GAS",8,"Run & Drive Verified","On Approval","[PREMIUM]","PREVIOUS CLAIM PREVIOUS ESTIMATE $20408.81/ PREVIOUS FLEET/ FRAME DAMAGE/ PREVIOUS POLICE VEHICLE/ AIRBAGS DEPLOYED","BOWMANVILLE","ON","L1E 0L1","CAN","CAD","[PREMIUM]","[PREMIUM]","B020",false,"[PREMIUM]","K1500",false,false,"[PREMIUM]",,,,,,,,"[PREMIUM]"
"61701616","2026-08-17 21:03:33.781","2026-08-24 11:44:59.539","61701616","2026-08-22 02:45:34.000","[PREMIUM]","294","ONTARIO AUCTION","2026-08-25","TUESDAY","1000","EDT","0","V",1986,"DODGE","D SERIES","D-SERIES","PICKUP","BLUE","FRONT END",,"ON","NT","YES","S",195512,"A","[PREMIUM]",0,"3.7L 6","REAR WHEEL DRIVE","AUTOMATIC","GAS",6,"Vehicle Starts","On Approval","[PREMIUM]","***UNIT IS BEING SOLD ON A BILL OF SALE - PARTS ONLY***","BOWMANVILLE","ON","L1E 0L1","CAN","CAD","[PREMIUM]","[PREMIUM]","J060",false,"[PREMIUM]","D100",false,false,"[PREMIUM]",,,,,,,,"[PREMIUM]"
"61702066","2026-08-17 21:03:33.771","2026-08-24 11:44:59.541","61702066","2026-08-22 02:45:33.000","[PREMIUM]","294","ONTARIO AUCTION","2026-08-25","TUESDAY","1000","EDT","0","V",2015,"VOLKSWAGEN","JETTA","JETTA","SEDAN 4DR","BLACK","SIDE","FRONT END","ON","NU","YES","D",222223,"A","[PREMIUM]",8008.33,"2L 4","FRONT WHEEL DRIVE","AUTOMATIC","GAS",4,"Run & Drive Verified","On Approval","[PREMIUM]","PREVIOUS CLAIM PREVIOUS ESTIMATE $8008.33","BOWMANVILLE","ON","L1E 0L1","CAN","CAD","[PREMIUM]","[PREMIUM]","B030",false,"[PREMIUM]","BASE",false,false,"[PREMIUM]",,,,,,,,"[PREMIUM]"
"61702576","2026-08-17 21:03:33.766","2026-08-24 11:44:59.573","61702576","2026-08-22 02:45:34.000","[PREMIUM]","294","ONTARIO AUCTION","2026-08-25","TUESDAY","1000","EDT","0","V",2016,"GMC","YUKON","YUKON XL","4DR SPORT UTILITY","WHITE","FRONT END",,"ON","ST","YES","D",173249,"A","[PREMIUM]",26124.55,"6.2L 8","4X4 W/REAR WHEEL DRV","AUTOMATIC","GAS",8,"Run & Drive Verified","On Approval","[PREMIUM]","PREVIOUS CLAIM PREVIOUS ESTIMATE $26124.55/ PREVIOUS COMMERCIAL UNIT","BOWMANVILLE","ON","L1E 0L1","CAN","CAD","[PREMIUM]","[PREMIUM]","J060",false,"[PREMIUM]","DENALI",false,false,"[PREMIUM]",,,,,,,,"[PREMIUM]"
"56996636","2026-08-17 21:03:33.031","2026-08-27 11:44:44.610","56996636","2026-08-27 08:00:32.000","[PREMIUM]","294","ONTARIO AUCTION","2026-08-27","THURSDAY","1000","EDT","3121","V",2026,"FORD","BRONCO","BRONCO","SPORT UTILITY VEHICLE","CREAM","ROLLOVER","UNDERCARRIAGE","ON","ST","YES","S",6018,"N","[PREMIUM]",56761.98,"2.7L 6","4X4 W/REAR WHEEL DRV","AUTOMATIC","GAS",6,"Vehicle Starts","Pure Sale","[PREMIUM]",,"BOWMANVILLE","ON","L1E 0L1","CAN","CAD","[PREMIUM]","[PREMIUM]","H050",false,"[PREMIUM]","OUTER BANKS",false,false,"[PREMIUM]",,,,,,,,"[PREMIUM]"
"51832586","2026-08-17 21:03:32.773","2026-08-20 05:41:45.532","51832586","2026-08-17 16:10:45.000","[PREMIUM]","294","ONTARIO AUCTION","2026-08-20","THURSDAY","1000","EDT","0","V",2019,"MAZDA","CX-3","CX-3","WAGON","BLACK","BURN",,"ON","IR","EXM","E",0,"N","[PREMIUM]",59919.68,"2.0L 4","ALL WHEEL DRIVE","AUTOMATIC","GAS",4,"DEFAULT","Pure Sale","[PREMIUM]",,"BOWMANVILLE","ON","L1E 0L1","CAN","CAD","[PREMIUM]","[PREMIUM]","J020",false,"[PREMIUM]","TOURING",false,false,"[PREMIUM]",,,,,,,,"[PREMIUM]"
"46903626","2026-08-17 21:03:32.679","2026-08-20 05:41:45.422","46903626","2026-08-17 17:18:43.000","[PREMIUM]","294","ONTARIO AUCTION","2026-08-20","THURSDAY","1000","EDT","0","V",2019,"BMW","3 SERIES","330XI","SEDAN","BLACK","REAR END","FRONT END","ON","NU","YES","D",103646,"N","[PREMIUM]",18899,"2.0L 4","ALL WHEEL DRIVE","AUTOMATIC","GAS",4,"Run & Drive Verified","On Minimum Bid","[PREMIUM]",,"BOWMANVILLE","ON","L1E 0L1","CAN","CAD","[PREMIUM]","[PREMIUM]","F030",false,"[PREMIUM]",,false,false,"[PREMIUM]",,,,,,,,"[PREMIUM]"
"90674825","2026-08-17 21:03:32.661","2026-08-31 11:46:44.138","90674825","2026-08-27 15:59:18.000","[PREMIUM]","199","RI - EXETER","2026-09-01","TUESDAY","1000","EDT","0","V",2021,"GMC","SIERRA","SIERRA",,"CHARCOAL","FRONT END","SIDE","WV","SC","YES","D",63532,"N","[PREMIUM]",41648.03,"5.3L  8","4x4 w/Rear Wheel Drv","AUTOMATIC","GAS",8,"Run & Drive Verified","Pure Sale","[PREMIUM]",,"EXETER","RI","02822 2000","USA","USD","[PREMIUM]","[PREMIUM]","I010",false,"[PREMIUM]","K1500 AT4",false,false,"[PREMIUM]",,,,,,,,"[PREMIUM]"
"95585845","2026-08-17 21:03:32.621","2026-08-31 11:46:44.173","95585845","2026-08-17 18:16:42.000","[PREMIUM]","199","RI - EXETER",,,,"EDT","0","V",2013,"LEXUS","ES350","ES","SEDAN 4DR","SILVER","REAR END","SIDE","RI","SC","YES","D",200858,"A","[PREMIUM]",5205.2,"3.5L 6","FRONT WHEEL DRIVE","AUTOMATIC","GAS",6,"Run & Drive Verified","Pure Sale","[PREMIUM]",,"EXETER","RI","02822 2000","USA","USD","[PREMIUM]","[PREMIUM]","F050",false,"[PREMIUM]","350",false,false,"[PREMIUM]",,,,,,,,"[PREMIUM]"
"85449445","2026-08-17 21:03:32.586","2026-08-31 11:46:44.131","85449445","2026-08-26 16:52:26.000","[PREMIUM]","199","RI - EXETER",,,,"EDT","0","V",2010,"MAZDA","CX-9","CX-9","4DR SPORT UTILITY","SILVER","FRONT END",,"RI","SC","YES","D",155749,"A","[PREMIUM]",7893.05,"3.7L 6","ALL WHEEL DRIVE","AUTOMATIC","GAS",6,"Run & Drive Verified","Pure Sale","[PREMIUM]",,"EXETER","RI","02822 2000","USA","USD","[PREMIUM]","[PREMIUM]","DZ020",false,"[PREMIUM]",,false,false,"[PREMIUM]",,,,,,,,"[PREMIUM]"
"65401696","2026-08-17 21:03:32.542","2026-08-31 05:49:05.852","65401696","2026-08-30 02:00:36.000","[PREMIUM]","199","RI - EXETER","2026-09-01","TUESDAY","1000","EDT","0","V",2005,"DODGE","DAKOTA","DAKOTA","CLUB CAB PICKUP","RED","FRONT END",,"RI","CT","YES","D",181172,"A","[PREMIUM]",0,"3.7L 6","REAR WHEEL DRIVE","AUTOMATIC","GAS",6,"Run & Drive Verified","On Minimum Bid","[PREMIUM]",,"EXETER","RI","02822 2000","USA","USD","[PREMIUM]","[PREMIUM]","DZ010",true,"[PREMIUM]","ST",false,false,"[PREMIUM]",,,,,,,,"[PREMIUM]"
"65265146","2026-08-17 21:03:32.536","2026-08-20 05:41:45.276","65265146","2026-08-17 19:01:09.000","[PREMIUM]","199","RI - EXETER","2026-08-20","THURSDAY","1000","EDT","0","V",2015,"TOYOTA","COROLLA","COROLLA","SEDAN","RED","FRONT END","REAR END","RI","CT","YES","D",251094,"A","[PREMIUM]",0,"1.8L 4","FRONT WHEEL DRIVE","AUTOMATIC","GAS",4,"Run & Drive Verified","On Minimum Bid","[PREMIUM]",,"EXETER","RI","02822 2000","USA","USD","[PREMIUM]","[PREMIUM]","DZ010",true,"[PREMIUM]","LE",false,false,"[PREMIUM]",,,,,,,,"[PREMIUM]"
"65127976","2026-08-17 21:03:32.533","2026-08-20 05:41:45.290","65127976","2026-08-17 18:43:08.000","[PREMIUM]","199","RI - EXETER","2026-08-20","THURSDAY","1000","EDT","0","V",2013,"CHEVROLET","CRUZE","CRUZE","SEDAN 4DR","WHITE","REAR END",,"RI","SC","YES","D",206224,"A","[PREMIUM]",8560.41,"1.4L 4","FRONT WHEEL DRIVE","AUTOMATIC","GAS",4,"Run & Drive Verified","Pure Sale","[PREMIUM]",,"EXETER","RI","02822 2000","USA","USD","[PREMIUM]","[PREMIUM]","K030",false,"[PREMIUM]","LTZ",false,false,"[PREMIUM]",,,,,,,,"[PREMIUM]"
"65473266","2026-08-17 21:03:32.522","2026-08-20 05:41:45.271","65473266","2026-08-17 15:19:50.000","[PREMIUM]","199","RI - EXETER","2026-08-20","THURSDAY","1000","EDT","0","V",2009,"TOYOTA","TACOMA","TACOMA","PICKUP","RED","NORMAL WEAR",,"CT","CT","YES","D",180812,"A","[PREMIUM]",0,"2.7L 4","4X2","MANUAL","GAS",4,"Run & Drive Verified","On Minimum Bid","[PREMIUM]",,"EXETER","RI","02822 2000","USA","USD","[PREMIUM]","[PREMIUM]","I050",true,"[PREMIUM]","BASE",false,false,"[PREMIUM]",,,,,,,,"[PREMIUM]"
"64774406","2026-08-17 21:03:32.483","2026-08-31 11:46:43.769","64774406","2026-08-17 20:50:12.000","[PREMIUM]","199","RI - EXETER",,,,"EDT","0","V",2020,"GMC","SIERRA","SIERRA","PICKUP","GREEN","FRONT END","SIDE","RI","SC","YES","D",72375,"A","[PREMIUM]",29048,"6.6L 8","4X4 W/REAR WHEEL DRV","AUTOMATIC","GAS",8,"Run & Drive Verified","Pure Sale","[PREMIUM]",,"EXETER","RI","02822 2000","USA","USD","[PREMIUM]","[PREMIUM]","I020",false,"[PREMIUM]","K2500 SLE",false,false,"[PREMIUM]",,,,,,,,"[PREMIUM]"
"64539866","2026-08-17 21:03:32.477","2026-08-31 11:46:43.733","64539866","2026-08-17 20:42:23.000","[PREMIUM]","199","RI - EXETER",,,,"EDT","0","V",2008,"HONDA","All Models","ODYSSEY","SPORTS VAN","GRAY","SIDE","REAR END","RI","SC","YES","D",220556,"A","[PREMIUM]",3201,"3.5L 6","FRONT WHEEL DRIVE","AUTOMATIC","GAS",6,"Run & Drive Verified","Pure Sale","[PREMIUM]",,"EXETER","RI","02822 2000","USA","USD","[PREMIUM]","[PREMIUM]","I030",false,"[PREMIUM]","EXL",false,false,"[PREMIUM]",,,,,,,,"[PREMIUM]"
"63835666","2026-08-17 21:03:32.328","2026-08-20 05:41:44.865","63835666","2026-08-17 15:37:07.000","[PREMIUM]","199","RI - EXETER","2026-08-20","THURSDAY","1000","EDT","0","V",2024,"JEEP","WRANGLER","WRANGLER","SPORT UTILITY VEHICLE","SILVER","FRONT END","UNDERCARRIAGE","CT","ST","YES","D",32276,"A","[PREMIUM]",26560.97,"2.0L 4","4X4 W/REAR WHEEL DRV","AUTOMATIC","GAS",4,"Run & Drive Verified","Pure Sale","[PREMIUM]",,"EXETER","RI","02822 2000","USA","USD","[PREMIUM]","[PREMIUM]","OO020",false,"[PREMIUM]","SAHARA",false,false,"[PREMIUM]",,,,,,,,"[PREMIUM]"
"63148726","2026-08-17 21:03:32.178","2026-08-20 05:41:44.538","63148726","2026-08-17 19:33:00.000","[PREMIUM]","199","RI - EXETER","2026-08-20","THURSDAY","1000","EDT","0","V",2018,"ACURA","MDX","MDX","SPORT UTILITY VEHICLE","BLACK","FRONT END","SIDE","MA","RS","YES","E",92227,"A","[PREMIUM]",15655.24,"3.5L 6","ALL WHEEL DRIVE","AUTOMATIC","GAS",6,"DEFAULT","Pure Sale","[PREMIUM]",,"EXETER","RI","02822 2000","USA","USD","[PREMIUM]","[PREMIUM]","F030",false,"[PREMIUM]",,false,false,"[PREMIUM]",,,,,,,,"[PREMIUM]"
"62859456","2026-08-17 21:03:32.095","2026-08-19 03:00:08.499","62859456","2026-08-18 15:08:56.000","[PREMIUM]","838","RENTAL VEHICLE SALE","2026-08-19","WEDNESDAY","1200","EDT","0","V",2026,"GMC","TERRAIN","TERRAIN","SPORT UTILITY VEHICLE","WHITE","FRONT END",,"FL","CD","YES","D",19630,"A","[PREMIUM]",7335,"1.5L 4","FRONT WHEEL DRIVE","AUTOMATIC","GAS",4,"Run & Drive Verified","On Minimum Bid","[PREMIUM]",,"EXETER","RI","02822 2000","USA","USD","[PREMIUM]","[PREMIUM]","B040",false,"[PREMIUM]","ELEVATION",false,false,"[PREMIUM]",,,,,,,,"[PREMIUM]"
"62859206","2026-08-17 21:03:32.082","2026-08-19 03:00:08.505","62859206","2026-08-18 15:08:57.000","[PREMIUM]","838","RENTAL VEHICLE SALE","2026-08-19","WEDNESDAY","1200","EDT","0","V",2025,"TOYOTA","COROLLA","COROLLA","SEDAN","GRAY","FRONT END","SIDE","FL","CD","YES","E",30233,"A","[PREMIUM]",41351,"2.0L 4","FRONT WHEEL DRIVE","AUTOMATIC","GAS",4,"DEFAULT","On Minimum Bid","[PREMIUM]",,"EXETER","RI","02822 2000","USA","USD","[PREMIUM]","[PREMIUM]","B050",false,"[PREMIUM]","LE",false,false,"[PREMIUM]",,,,,,,,"[PREMIUM]"
"62618656","2026-08-17 21:03:32.044","2026-08-31 11:46:43.326","62618656","2026-08-17 18:16:42.000","[PREMIUM]","199","RI - EXETER",,,,"EDT","0","V",2024,"HYUNDAI","PALISADE","PALISADE","SUV","GREEN","FRONT END","SIDE","RI","SC","YES","D",11525,"A","[PREMIUM]",41052.9,"3.8L 6","ALL WHEEL DRIVE","AUTOMATIC","GAS",6,"Run & Drive Verified","Pure Sale","[PREMIUM]",,"EXETER","RI","02822 2000","USA","USD","[PREMIUM]","[PREMIUM]","I050",false,"[PREMIUM]","CALLIGRAPHY",false,false,"[PREMIUM]",,,,,,,,"[PREMIUM]"
"62288216","2026-08-17 21:03:31.925","2026-08-31 11:46:43.242","62288216","2026-08-17 18:16:42.000","[PREMIUM]","199","RI - EXETER",,,,"EDT","0","V",2011,"SUBARU","OUTBACK","OUTBACK","4DR SPORT UTILITY","WHITE","REAR END","SIDE","RI","SC","YES","D",200602,"A","[PREMIUM]",6004.11,"2.5L 4","ALL WHEEL DRIVE","AUTOMATIC","GAS",4,"Run & Drive Verified","Pure Sale","[PREMIUM]",,"EXETER","RI","02822 2000","USA","USD","[PREMIUM]","[PREMIUM]","J030",false,"[PREMIUM]","2.5I LIMITED",false,false,"[PREMIUM]",,,,,,,,"[PREMIUM]"
"61574906","2026-08-17 21:03:31.800","2026-08-20 05:41:44.042","61574906","2026-08-17 18:43:07.000","[PREMIUM]","199","RI - EXETER","2026-08-20","THURSDAY","1000","EDT","0","V",2014,"CHEVROLET","CAMARO","CAMARO","COUPE","RED","FRONT END","SIDE","RI","SC","YES","D",171717,"A","[PREMIUM]",10197.12,"3.6L 6","REAR WHEEL DRIVE","MANUAL","GAS",6,"Run & Drive Verified","Pure Sale","[PREMIUM]",,"EXETER","RI","02822 2000","USA","USD","[PREMIUM]","[PREMIUM]","I050",false,"[PREMIUM]","LS",false,false,"[PREMIUM]",,,,,,,,"[PREMIUM]"
"61578646","2026-08-17 21:03:31.785","2026-08-20 05:41:44.029","61578646","2026-08-17 18:51:52.000","[PREMIUM]","199","RI - EXETER","2026-08-20","THURSDAY","1000","EDT","0","V",2023,"SUBARU","OUTBACK","OUTBACK","SPORT UTILITY VEHICLE","WHITE","FRONT END","SIDE","CT","ST","YES","D",65674,"A","[PREMIUM]",16623.99,"2.5L 4","ALL WHEEL DRIVE","AUTOMATIC","GAS",4,"Run & Drive Verified","Pure Sale","[PREMIUM]",,"EXETER","RI","02822 2000","USA","USD","[PREMIUM]","[PREMIUM]","J040",false,"[PREMIUM]","LIMITED",false,false,"[PREMIUM]",,,,,,,,"[PREMIUM]"
"60936806","2026-08-17 21:03:31.599","2026-08-31 11:46:43.107","60936806","2026-08-17 18:16:42.000","[PREMIUM]","199","RI - EXETER",,,,"EDT","0","V",2026,"GMC","TERRAIN EL","TERRAIN","SPORT UTILITY VEHICLE","RED","FRONT END",,"RI","SC","YES","D",25221,"A","[PREMIUM]",29122,"1.5L 4","ALL WHEEL DRIVE","AUTOMATIC","GAS",4,"Run & Drive Verified","On Minimum Bid","[PREMIUM]",,"EXETER","RI","02822 2000","USA","USD","[PREMIUM]","[PREMIUM]","II030",false,"[PREMIUM]","ELEVATION",false,false,"[PREMIUM]",,,,,,,,"[PREMIUM]"
"60702156","2026-08-17 21:03:31.536","2026-08-20 05:41:43.746","60702156","2026-08-17 18:48:25.000","[PREMIUM]","199","RI - EXETER","2026-08-20","THURSDAY","1000","EDT","0","V",2019,"SUBARU","LEGACY","LEGACY","SEDAN","WHITE","TOP/ROOF","SIDE","CT","ST","YES","D",74153,"A","[PREMIUM]",8452.67,"2.5L 4","ALL WHEEL DRIVE","AUTOMATIC","GAS",4,"Run & Drive Verified","Pure Sale","[PREMIUM]",,"EXETER","RI","02822 2000","USA","USD","[PREMIUM]","[PREMIUM]","II030",false,"[PREMIUM]","2.5I",false,false,"[PREMIUM]",,,,,,,,"[PREMIUM]"
"60628686","2026-08-17 21:03:31.474","2026-08-20 05:41:43.681","60628686","2026-08-17 18:57:52.000","[PREMIUM]","199","RI - EXETER","2026-08-20","THURSDAY","1000","EDT","0","V",2013,"BMW","3 SERIES","328","SEDAN 4DR","GRAY","REAR END","SIDE","CT","ST","NO","E",120891,"A","[PREMIUM]",9570.77,"2.0L 4","ALL WHEEL DRIVE","AUTOMATIC","GAS",4,"DEFAULT","Pure Sale","[PREMIUM]",,"EXETER","RI","02822 2000","USA","USD","[PREMIUM]","[PREMIUM]","F030",false,"[PREMIUM]","XI SULEV",false,false,"[PREMIUM]",,,,,,,,"[PREMIUM]"
"60221046","2026-08-17 21:03:31.377","2026-08-20 05:41:43.523","60221046","2026-08-17 21:46:38.000","[PREMIUM]","199","RI - EXETER","2026-08-20","THURSDAY","1000","EDT","0","V",2016,"SUBARU","CROSSTREK","CROSSTREK","4DR SPORT UTILITY","BLACK","REAR END",,"CT","ST","YES","D",115316,"A","[PREMIUM]",8271.25,"2.0L 4","ALL WHEEL DRIVE","AUTOMATIC","GAS",4,"Run & Drive Verified","Pure Sale","[PREMIUM]",,"EXETER","RI","02822 2000","USA","USD","[PREMIUM]","[PREMIUM]","I040",false,"[PREMIUM]","LIMITED",false,false,"[PREMIUM]",,,,,,,,"[PREMIUM]"
"60222726","2026-08-17 21:03:31.376","2026-08-31 11:46:43.055","60222726","2026-08-17 18:16:42.000","[PREMIUM]","199","RI - EXETER",,,,"EDT","0","V",2015,"HONDA","CIVIC","CIVIC","COUPE","WHITE","REAR END",,"RI","SC","YES","D",121884,"A","[PREMIUM]",10196,"1.8L 4","FRONT WHEEL DRIVE","AUTOMATIC","GAS",4,"Run & Drive Verified","Pure Sale","[PREMIUM]",,"EXETER","RI","02822 2000","USA","USD","[PREMIUM]","[PREMIUM]","F050",false,"[PREMIUM]","EX",false,false,"[PREMIUM]",,,,,,,,"[PREMIUM]"
"59636086","2026-08-17 21:03:31.301","2026-08-20 05:41:43.422","59636086","2026-08-17 15:10:56.000","[PREMIUM]","199","RI - EXETER","2026-08-20","THURSDAY","1000","EDT","0","V",2017,"VOLKSWAGEN","GTI","GTI","HATCHBACK 4DR","GRAY","FRONT END",,"CT","ST","NO","E",114208,"A","[PREMIUM]",27052.03,"2L 4","FRONT WHEEL DRIVE","AUTOMATIC","GAS",4,"DEFAULT","Pure Sale","[PREMIUM]",,"EXETER","RI","02822 2000","USA","USD","[PREMIUM]","[PREMIUM]","II040",false,"[PREMIUM]","S",false,false,"[PREMIUM]",,,,,,,,"[PREMIUM]"
"59096756","2026-08-17 21:03:31.183","2026-08-26 23:44:45.790","59096756","2026-08-26 18:44:48.000","[PREMIUM]","199","RI - EXETER","2026-08-27","THURSDAY","1000","EDT","0","V",2012,"HONDA","ACCORD","ACCORD","COUPE","RED","SIDE","FRONT END","MA","RS","YES","D",210199,"A","[PREMIUM]",4446.93,"2.4L 4","FRONT WHEEL DRIVE","AUTOMATIC","GAS",4,"Run & Drive Verified","On Minimum Bid","[PREMIUM]",,"EXETER","RI","02822 2000","USA","USD","[PREMIUM]","[PREMIUM]","I050",false,"[PREMIUM]","EXL",false,false,"[PREMIUM]",,,,,,,,"[PREMIUM]"
"58392806","2026-08-17 21:03:31.065","2026-08-31 11:46:42.865","58392806","2026-08-17 18:16:43.000","[PREMIUM]","199","RI - EXETER",,,,"EDT","0","V",2024,"KIA","TELLURIDE","TELLURIDE","SUV","GRAY","FRONT END",,"RI","SC","YES","D",46884,"A","[PREMIUM]",29518.11,"3.8L 6","ALL WHEEL DRIVE","AUTOMATIC","GAS",6,"Run & Drive Verified","Pure Sale","[PREMIUM]",,"EXETER","RI","02822 2000","USA","USD","[PREMIUM]","[PREMIUM]","L040",false,"[PREMIUM]","SX X-PRO",false,false,"[PREMIUM]",,,,,,,,"[PREMIUM]"
"57897256","2026-08-17 21:03:31.018","2026-08-31 11:46:42.788","57897256","2026-08-17 18:16:42.000","[PREMIUM]","199","RI - EXETER",,,,"EDT","0","V",2025,"SUBARU","IMPREZA","IMPREZA","WAGON","GRAY","FRONT END",,"RI","SC","YES","D",1389,"A","[PREMIUM]",20507,"2.0L 4","ALL WHEEL DRIVE","AUTOMATIC","GAS",4,"Run & Drive Verified","Pure Sale","[PREMIUM]",,"EXETER","RI","02822 2000","USA","USD","[PREMIUM]","[PREMIUM]","E050",false,"[PREMIUM]",,false,false,"[PREMIUM]",,,,,,,,"[PREMIUM]"
"56612826","2026-08-17 21:03:30.836","2026-08-20 05:41:42.687","56612826","2026-08-17 17:35:19.000","[PREMIUM]","199","RI - EXETER","2026-08-20","THURSDAY","1000","EDT","0","V",2016,"TOYOTA","COROLLA","COROLLA","SEDAN","BLUE","FRONT END","SIDE","MA","RS","YES","E",164320,"A","[PREMIUM]",14327.24,"1.8L 4","FRONT WHEEL DRIVE","AUTOMATIC","GAS",4,"DEFAULT","Pure Sale","[PREMIUM]",,"EXETER","RI","02822 2000","USA","USD","[PREMIUM]","[PREMIUM]","I040",false,"[PREMIUM]","S PLUS",false,false,"[PREMIUM]",,,,,,,,"[PREMIUM]"
"56227376","2026-08-17 21:03:30.783","2026-08-31 11:46:42.660","56227376","2026-08-17 18:16:42.000","[PREMIUM]","199","RI - EXETER",,,,"EDT","0","V",2020,"JEEP","GRAND CHER","GRAND CHEROKEE","SPORT UTILITY VEHICLE","BLACK","VANDALISM",,"RI","SC","YES","D",92976,"A","[PREMIUM]",21045.73,"3.6L 6","4X4 W/REAR WHEEL DRV","AUTOMATIC","FLEXIBLE",6,"Run & Drive Verified","Pure Sale","[PREMIUM]",,"EXETER","RI","02822 2000","USA","USD","[PREMIUM]","[PREMIUM]","N040",false,"[PREMIUM]","LAREDO",false,false,"[PREMIUM]",,,,,,,,"[PREMIUM]"
"50829946","2026-08-17 21:03:30.575","2026-08-31 11:46:42.498","50829946","2026-08-17 18:16:42.000","[PREMIUM]","199","RI - EXETER",,,,"EDT","0","V",2016,"FIAT","500","500X","4DR SPORT UTILITY","SILVER","FRONT END","SIDE","RI","SC","YES","D",114493,"A","[PREMIUM]",9919.01,"2.4L 4","FRONT WHEEL DRIVE","AUTOMATIC","GAS",4,"Run & Drive Verified","Pure Sale","[PREMIUM]",,"EXETER","RI","02822 2000","USA","USD","[PREMIUM]","[PREMIUM]","J020",false,"[PREMIUM]","TREKKING PLUS",false,false,"[PREMIUM]",,,,,,,,"[PREMIUM]"
"47864946","2026-08-17 21:03:30.562","2026-08-31 11:46:42.510","47864946","2026-08-17 18:16:42.000","[PREMIUM]","199","RI - EXETER",,,,"EDT","0","V",2018,"RAM","2500","2500","PICKUP","BLUE","REAR END",,"RI","SC","YES","D",78424,"A","[PREMIUM]",29160.89,"6.4L 8","4X4 W/REAR WHEEL DRV","AUTOMATIC","GAS",8,"Run & Drive Verified","Pure Sale","[PREMIUM]",,"EXETER","RI","02822 2000","USA","USD","[PREMIUM]","[PREMIUM]","I020",false,"[PREMIUM]","LARAMIE",false,false,"[PREMIUM]",,,,,,,,"[PREMIUM]"
"51844696","2026-08-17 21:03:30.560","2026-08-31 11:46:42.554","51844696","2026-08-17 18:16:42.000","[PREMIUM]","199","RI - EXETER",,,,"EDT","0","V",2020,"HYUNDAI","TUCSON","TUCSON","SUV","WHITE","REAR END","SIDE","RI","SC","YES","D",60745,"A","[PREMIUM]",15236.02,"2.0L 4","ALL WHEEL DRIVE","AUTOMATIC","GAS",4,"Run & Drive Verified","Pure Sale","[PREMIUM]",,"EXETER","RI","02822 2000","USA","USD","[PREMIUM]","[PREMIUM]","F030",false,"[PREMIUM]","VALUE",false,false,"[PREMIUM]",,,,,,,,"[PREMIUM]"
"74016295","2026-08-17 21:03:30.001","2026-08-23 23:46:14.016","74016295","2026-08-21 03:10:22.000","[PREMIUM]","881","*NCS - CENTRAL REGION","2026-08-24","MONDAY","2000","CDT","0","K",2019,"FORD","TRANSIT","TRANSIT","VAN CARGO","BLUE","REAR END","FRONT END","SC","ST","YES","D",97575,"A","[PREMIUM]",17893.11,"3.7L 6","Rear Wheel Drive","AUTOMATIC","Gas",6,"Run & Drive Verified","On Minimum Bid","[PREMIUM]",,"HARLEYVILLE","SC","29448 4205","USA","USD","[PREMIUM]","[PREMIUM]","HVY",true,"[PREMIUM]","T-250",false,false,"[PREMIUM]",,,,,,,,"[PREMIUM]"
"64952906","2026-08-17 21:03:29.948","2026-08-31 11:46:42.118","64952906","2026-08-17 18:59:22.000","[PREMIUM]","197","SC - NORTH CHARLESTON",,,,"EDT","0","V",2008,"NISSAN","TITAN XE F","TITAN","PICKUP","BLUE","REAR END",,"SC","ST","YES","E",159096,"E","[PREMIUM]",4739.21,"5.6L 8","4X2","AUTOMATIC","FLEXIBLE",8,"DEFAULT","Pure Sale","[PREMIUM]",,"HARLEYVILLE","SC","29448 4205","USA","USD","[PREMIUM]","[PREMIUM]","Z0130",false,"[PREMIUM]","XE FFV",false,false,"[PREMIUM]",,,,,,,,"[PREMIUM]"
"65161496","2026-08-17 21:03:29.938","2026-08-31 11:46:42.153","65161496","2026-08-17 19:41:08.000","[PREMIUM]","197","SC - NORTH CHARLESTON",,,,"EDT","0","V",2015,"MITSUBISHI","OUTLANDER","OUTLANDER SPORT","4DR SPORT UTILITY","GRAY","SIDE",,"SC","ST","YES","D",99659,"N","[PREMIUM]",6228.49,"2.4L 4","FRONT WHEEL DRIVE","AUTOMATIC","GAS",4,"Run & Drive Verified","Pure Sale","[PREMIUM]",,"HARLEYVILLE","SC","29448 4205","USA","USD","[PREMIUM]","[PREMIUM]","Q0110",false,"[PREMIUM]","ES",false,false,"[PREMIUM]",,,,,,,,"[PREMIUM]"
"64724956","2026-08-17 21:03:29.886","2026-08-31 11:46:41.688","64724956","2026-08-17 17:32:51.000","[PREMIUM]","197","SC - NORTH CHARLESTON",,,,"EDT","0","V",2021,"FORD","ALL Models","MUSTANG","CONVERTIBLE","BURGUNDY","FRONT END","REAR END","SC","ST","YES","D",24822,"A","[PREMIUM]",16797.46,"2.3L 4","REAR WHEEL DRIVE","AUTOMATIC","GAS",4,"Run & Drive Verified","Pure Sale","[PREMIUM]",,"HARLEYVILLE","SC","29448 4205","USA","USD","[PREMIUM]","[PREMIUM]","V0130",false,"[PREMIUM]",,false,false,"[PREMIUM]",,,,,,,,"[PREMIUM]"
"64082886","2026-08-17 21:03:29.749","2026-08-31 11:46:41.349","64082886","2026-08-11 19:54:24.000","[PREMIUM]","197","SC - NORTH CHARLESTON",,,,"EDT","0","V",2014,"NISSAN","ALTIMA","ALTIMA","SEDAN","GRAY","REAR END",,"SC","ST","YES","D",187298,"A","[PREMIUM]",5145.28,"2.5L 4","FRONT WHEEL DRIVE","AUTOMATIC","GAS",4,"Run & Drive Verified","Pure Sale","[PREMIUM]",,"HARLEYVILLE","SC","29448 4205","USA","USD","[PREMIUM]","[PREMIUM]","W0110",false,"[PREMIUM]","2.5 SV",false,false,"[PREMIUM]",,,,,,,,"[PREMIUM]"
"64047656","2026-08-17 21:03:29.749","2026-08-31 11:46:41.328","64047656","2026-08-17 18:59:22.000","[PREMIUM]","197","SC - NORTH CHARLESTON",,,,"EDT","0","V",2008,"TOYOTA","HIGHLANDER","HIGHLANDER","4DR SPORT UTILITY","WHITE","ROLLOVER",,"SC","ST","YES","D",125194,"A","[PREMIUM]",8665,"3.5L 6","FRONT WHEEL DRIVE","AUTOMATIC","GAS",6,"Run & Drive Verified","Pure Sale","[PREMIUM]",,"HARLEYVILLE","SC","29448 4205","USA","USD","[PREMIUM]","[PREMIUM]","W0120",false,"[PREMIUM]","SPORT",false,false,"[PREMIUM]",,,,,,,,"[PREMIUM]"
"64043536","2026-08-17 21:03:29.727","2026-08-31 11:46:41.325","64043536","2026-08-17 17:32:52.000","[PREMIUM]","197","SC - NORTH CHARLESTON",,,,"EDT","0","V",2015,"TOYOTA","HIGHLANDER","HIGHLANDER","4DR SPORT UTILITY","SILVER","FRONT END",,"SC","ST","YES","D",219135,"A","[PREMIUM]",10394,"3.5L 6","FRONT WHEEL DRIVE","AUTOMATIC","GAS",6,"Run & Drive Verified","Pure Sale","[PREMIUM]",,"HARLEYVILLE","SC","29448 4205","USA","USD","[PREMIUM]","[PREMIUM]","M0120",false,"[PREMIUM]","XLE",false,false,"[PREMIUM]",,,,,,,,"[PREMIUM]"
"63931566","2026-08-17 21:03:29.682","2026-08-31 05:49:02.507","63931566","2026-08-28 12:30:15.000","[PREMIUM]","197","SC - NORTH CHARLESTON","2026-08-31","MONDAY","1000","EDT","36","V",2015,"CHEVROLET","TAHOE","TAHOE","4DR SPORT UTILITY","SILVER","FRONT END",,"SC","ST","YES","D",148659,"A","[PREMIUM]",9285.5,"5.3L 8","4X4 W/REAR WHEEL DRV","AUTOMATIC","GAS",8,"Run & Drive Verified","Pure Sale","[PREMIUM]",,"HARLEYVILLE","SC","29448 4205","USA","USD","[PREMIUM]","[PREMIUM]","N0130",false,"[PREMIUM]","K1500 LT",false,false,"[PREMIUM]",,,,,,,,"[PREMIUM]"
"63936466","2026-08-17 21:03:29.680","2026-08-31 11:46:41.276","63936466","2026-08-17 18:59:21.000","[PREMIUM]","197","SC - NORTH CHARLESTON",,,,"EDT","0","V",2003,"FORD","All Models","F150","CREW PICKUP","TAN","FRONT END",,"SC","ST","YES","E",0,"E","[PREMIUM]",23251.01,"5.4L 8","REAR WHEEL DRIVE","AUTOMATIC","GAS",8,"DEFAULT","Pure Sale","[PREMIUM]",,"HARLEYVILLE","SC","29448 4205","USA","USD","[PREMIUM]","[PREMIUM]","Z0110",false,"[PREMIUM]","SUPERCREW",false,false,"[PREMIUM]",,,,,,,,"[PREMIUM]"
"63722046","2026-08-17 21:03:29.540","2026-08-31 11:46:41.142","63722046","2026-08-17 17:32:51.000","[PREMIUM]","197","SC - NORTH CHARLESTON",,,,"EDT","0","V",2012,"HYUNDAI","GENESIS","GENESIS","SEDAN 4DR","BLACK","FRONT END",,"SC","ST","YES","D",133918,"A","[PREMIUM]",6220.92,"3.8L 6","REAR WHEEL DRIVE","AUTOMATIC","GAS",6,"Run & Drive Verified","Pure Sale","[PREMIUM]",,"HARLEYVILLE","SC","29448 4205","USA","USD","[PREMIUM]","[PREMIUM]","Q0110",false,"[PREMIUM]","3.8L",false,false,"[PREMIUM]",,,,,,,,"[PREMIUM]"
"63689456","2026-08-17 21:03:29.507","2026-08-31 11:46:41.104","63689456","2026-08-17 18:38:42.000","[PREMIUM]","197","SC - NORTH CHARLESTON",,,,"EDT","0","V",2009,"BUICK","LACROSSE","LACROSSE","SEDAN 4DR","BURGUNDY","FRONT END",,"SC","ST","YES","D",142269,"A","[PREMIUM]",4511,"3.8L 6","FRONT WHEEL DRIVE","AUTOMATIC","GAS",6,"Run & Drive Verified","Pure Sale","[PREMIUM]",,"HARLEYVILLE","SC","29448 4205","USA","USD","[PREMIUM]","[PREMIUM]","L0140",false,"[PREMIUM]","CXL",false,false,"[PREMIUM]",,,,,,,,"[PREMIUM]"
"63639416","2026-08-17 21:03:29.474","2026-08-31 11:46:41.063","63639416","2026-08-28 20:36:38.000","[PREMIUM]","197","SC - NORTH CHARLESTON","2026-09-02","WEDNESDAY","1000","EDT","0","V",2018,"CHEVROLET","TAHOE","TAHOE","SPORT UTILITY VEHICLE","SILVER","SIDE",,"SC","ST","YES","D",163127,"A","[PREMIUM]",8142.71,"5.3L 8","REAR WHEEL DRIVE","AUTOMATIC","GAS",8,"Run & Drive Verified","Pure Sale","[PREMIUM]",,"HARLEYVILLE","SC","29448 4205","USA","USD","[PREMIUM]","[PREMIUM]","E0090",false,"[PREMIUM]","C1500 LS",false,false,"[PREMIUM]",,,,,,,,"[PREMIUM]"
"63208016","2026-08-17 21:03:29.365","2026-08-30 17:48:43.514","63208016","2026-08-28 15:08:09.000","[PREMIUM]","197","SC - NORTH CHARLESTON","2026-09-02","WEDNESDAY","1000","EDT","0","V",2016,"TOYOTA","RAV4","RAV4","4DR SPORT UTILITY","GRAY","REAR END",,"SC","ST","YES","D",175322,"A","[PREMIUM]",14558.81,"2.5L 4","FRONT WHEEL DRIVE","AUTOMATIC","GAS",4,"Run & Drive Verified","Pure Sale","[PREMIUM]",,"HARLEYVILLE","SC","29448 4205","USA","USD","[PREMIUM]","[PREMIUM]","P0110",false,"[PREMIUM]","SE",false,false,"[PREMIUM]",,,,,,,,"[PREMIUM]"
"63341746","2026-08-17 21:03:29.307","2026-08-31 11:46:41.001","63341746","2026-08-28 20:51:27.000","[PREMIUM]","197","SC - NORTH CHARLESTON","2026-09-02","WEDNESDAY","1000","EDT","0","V",2016,"HONDA","CIVIC","CIVIC","SEDAN 4DR","BLACK","FRONT END","MINOR DENT/SCRATCHES","SC","ST","NO","E",0,"N","[PREMIUM]",8963.72,"2.0L 4","FRONT WHEEL DRIVE","AUTOMATIC","GAS",4,"DEFAULT","Pure Sale","[PREMIUM]",,"HARLEYVILLE","SC","29448 4205","USA","USD","[PREMIUM]","[PREMIUM]","F0040",false,"[PREMIUM]","LX",false,false,"[PREMIUM]",,,,,,,,"[PREMIUM]"
"63161066","2026-08-17 21:03:29.274","2026-08-31 11:46:40.878","63161066","2026-08-17 17:32:51.000","[PREMIUM]","197","SC - NORTH CHARLESTON",,,,"EDT","0","V",2022,"DODGE","CHARGER","CHARGER","SEDAN","BLACK","FRONT END",,"SC","ST","YES","D",80405,"A","[PREMIUM]",22359.35,"5.7L 8","REAR WHEEL DRIVE","AUTOMATIC","GAS",8,"Run & Drive Verified","Pure Sale","[PREMIUM]",,"HARLEYVILLE","SC","29448 4205","USA","USD","[PREMIUM]","[PREMIUM]","W0110",false,"[PREMIUM]","R/T",false,false,"[PREMIUM]",,,,,,,,"[PREMIUM]"
"63189826","2026-08-17 21:03:29.248","2026-08-31 11:46:40.907","63189826","2026-08-17 17:32:51.000","[PREMIUM]","197","SC - NORTH CHARLESTON",,,,"EDT","0","V",2025,"CHEVROLET","EQUINOX","EQUINOX","SPORT UTILITY VEHICLE","WHITE","FRONT END",,"SC","ST","YES","E",0,"N","[PREMIUM]",21930.48,,"FRONT WHEEL DRIVE","AUTOMATIC","ELECTRIC",,"DEFAULT","Pure Sale","[PREMIUM]",,"HARLEYVILLE","SC","29448 4205","USA","USD","[PREMIUM]","[PREMIUM]","V0130",false,"[PREMIUM]","LT",false,false,"[PREMIUM]",,,,,,,,"[PREMIUM]"
"62746886","2026-08-17 21:03:28.986","2026-08-31 11:46:40.629","62746886","2026-08-17 18:59:22.000","[PREMIUM]","197","SC - NORTH CHARLESTON",,,,"EDT","0","V",2016,"MAZDA","CX-5","CX-5","4DR SPORT UTILITY","GRAY","SIDE",,"SC","ST","YES","D",137064,"A","[PREMIUM]",9556,"2.5L 4","FRONT WHEEL DRIVE","AUTOMATIC","GAS",4,"Run & Drive Verified","Pure Sale","[PREMIUM]",,"HARLEYVILLE","SC","29448 4205","USA","USD","[PREMIUM]","[PREMIUM]","L0130",false,"[PREMIUM]","TOURING",false,false,"[PREMIUM]",,,,,,,,"[PREMIUM]"
"62719206","2026-08-17 21:03:28.966","2026-08-30 05:55:49.723","62719206","2026-08-17 20:07:26.000","[PREMIUM]","197","SC - NORTH CHARLESTON",,,,"EDT","0","V",2024,"TOYOTA","RAV4","RAV4","SPORT UTILITY VEHICLE","GRAY","SIDE","REAR END","SC","ST","YES",,32396,"A","[PREMIUM]",36713,"2.5L 4","ALL WHEEL DRIVE","AUTOMATIC","ELECTRIC AND GAS HYBRID",4,,"Pure Sale","[PREMIUM]",,"HARLEYVILLE","SC","29448 4205","USA","USD","[PREMIUM]","[PREMIUM]","G0100",false,"[PREMIUM]","LIMITED",false,false,"[PREMIUM]",,,,,,,,"[PREMIUM]"
"62584386","2026-08-17 21:03:28.881","2026-08-31 11:46:40.510","62584386","2026-08-17 17:32:52.000","[PREMIUM]","197","SC - NORTH CHARLESTON",,,,"EDT","0","V",2013,"CHEVROLET","ALL Models","SILVERADO","4DR EXT CAB PICKUP","GRAY","FRONT END",,"SC","ST","YES","D",99071,"A","[PREMIUM]",9762,"4.8L 8","REAR WHEEL DRIVE","AUTOMATIC","FLEXIBLE",8,"Run & Drive Verified","Pure Sale","[PREMIUM]",,"HARLEYVILLE","SC","29448 4205","USA","USD","[PREMIUM]","[PREMIUM]","Z0110",false,"[PREMIUM]","C1500 LT",false,false,"[PREMIUM]",,,,,,,,"[PREMIUM]"
"62566126","2026-08-17 21:03:28.876","2026-08-23 23:46:12.170","62566126","2026-08-21 12:13:34.000","[PREMIUM]","197","SC - NORTH CHARLESTON","2026-08-24","MONDAY","1000","EDT","3509","V",2015,"CHRYSLER","200","200","SEDAN 4DR","BURGUNDY","FRONT END","SIDE","SC","ST","YES","S",60770,"A","[PREMIUM]",10606.69,"3.6L 6","FRONT WHEEL DRIVE","AUTOMATIC","FLEXIBLE",6,"Vehicle Starts","Pure Sale","[PREMIUM]",,"HARLEYVILLE","SC","29448 4205","USA","USD","[PREMIUM]","[PREMIUM]","C0020",false,"[PREMIUM]","C",false,false,"[PREMIUM]",,,,,,,,"[PREMIUM]"
"62565516","2026-08-17 21:03:28.865","2026-08-23 23:46:12.172","62565516","2026-08-21 12:13:33.000","[PREMIUM]","197","SC - NORTH CHARLESTON","2026-08-24","MONDAY","1000","EDT","84","V",2021,"DODGE","CHARGER","CHARGER",,"BLUE","FRONT END","REAR END","SC","ST","YES","D",16287,"A","[PREMIUM]",22363.27,,,"AUTOMATIC",,,"Run & Drive Verified","Pure Sale","[PREMIUM]",,"HARLEYVILLE","SC","29448 4205","USA","USD","[PREMIUM]","[PREMIUM]","G0050",false,"[PREMIUM]","GT",false,false,"[PREMIUM]",,,,,,,,"[PREMIUM]"
"62512966","2026-08-17 21:03:28.809","2026-08-24 11:44:55.780","62512966","2026-08-21 12:13:33.000","[PREMIUM]","197","SC - NORTH CHARLESTON","2026-08-24","MONDAY","1000","EDT","2305","V",2018,"KIA","RIO","RIO 5-DOOR","WAGON","BURGUNDY","FRONT END",,"PA","SC","YES","D",84191,"A","[PREMIUM]",0,"1.6L 4","FRONT WHEEL DRIVE","AUTOMATIC","GAS",4,"Run & Drive Verified","Pure Sale","[PREMIUM]",,"HARLEYVILLE","SC","29448 4205","USA","USD","[PREMIUM]","[PREMIUM]","W0120",false,"[PREMIUM]","S",false,false,"[PREMIUM]",,,,,,,,"[PREMIUM]"
"62417896","2026-08-17 21:03:28.773","2026-08-17 21:03:28.773","62417896","2026-08-17 20:01:44.000","[PREMIUM]","855","WHOLESALE AUCTION","2026-08-18","TUESDAY","1200","EDT","3317","V",2023,"KIA","K5","K5","SEDAN","GRAY","REAR END",,"SC","CT","YES","D",80544,"A","[PREMIUM]",0,"1.6L 4","FRONT WHEEL DRIVE","AUTOMATIC","GAS",4,"Run & Drive Verified","On Approval","[PREMIUM]",,"HARLEYVILLE","SC","29448 4205","USA","USD","[PREMIUM]","[PREMIUM]","A0010",false,"[PREMIUM]","LXS",false,true,"[PREMIUM]",,,,,"RED LIGHT",2.9,"Safety,Other","[PREMIUM]"
"62412746","2026-08-17 21:03:28.772","2026-08-31 11:46:40.436","62412746","2026-08-17 20:11:57.000","[PREMIUM]","197","SC - NORTH CHARLESTON",,,,"EDT","0","V",2013,"FORD","EXPLORER","EXPLORER","4DR SPORT UTILITY","SILVER","FRONT END","SIDE","SC","ST","YES","D",221600,"A","[PREMIUM]",9802,"3.5L 6","FRONT WHEEL DRIVE","AUTOMATIC","GAS",6,"Run & Drive Verified","Pure Sale","[PREMIUM]",,"HARLEYVILLE","SC","29448 4205","USA","USD","[PREMIUM]","[PREMIUM]","B0030",false,"[PREMIUM]","LIMITED",false,false,"[PREMIUM]",,,,,,,,"[PREMIUM]"
"62308826","2026-08-17 21:03:28.728","2026-08-31 11:46:40.406","62308826","2026-08-17 18:59:21.000","[PREMIUM]","197","SC - NORTH CHARLESTON",,,,"EDT","0","V",2015,"HONDA","ACCORD","ACCORD","SEDAN 4DR","WHITE","SIDE",,"SC","ST","YES","D",103445,"A","[PREMIUM]",14967,"3.5L 6","FRONT WHEEL DRIVE","AUTOMATIC","GAS",6,"Run & Drive Verified","Pure Sale","[PREMIUM]",,"HARLEYVILLE","SC","29448 4205","USA","USD","[PREMIUM]","[PREMIUM]","K0120",false,"[PREMIUM]","EXL",false,false,"[PREMIUM]",,,,,,,,"[PREMIUM]"
"62230966","2026-08-17 21:03:28.673","2026-08-31 11:46:40.406","62230966","2026-08-28 19:27:38.000","[PREMIUM]","197","SC - NORTH CHARLESTON","2026-09-02","WEDNESDAY","1000","EDT","0","V",2017,"NISSAN","PATHFINDER","PATHFINDER","SUV","BLACK","FRONT END",,"SC","ST","YES","D",92301,"A","[PREMIUM]",6702,"3.5L 6","FRONT WHEEL DRIVE","AUTOMATIC","GAS",6,"Run & Drive Verified","Pure Sale","[PREMIUM]",,"HARLEYVILLE","SC","29448 4205","USA","USD","[PREMIUM]","[PREMIUM]","E0030",false,"[PREMIUM]","PLATINUM",false,false,"[PREMIUM]",,,,,,,,"[PREMIUM]"
"61852486","2026-08-17 21:03:28.376","2026-08-31 11:46:40.069","61852486","2026-08-03 20:35:15.000","[PREMIUM]","197","SC - NORTH CHARLESTON",,,,"EDT","0","V",2014,"FORD","F-150","F150","CREW PICKUP","WHITE","FRONT END","SIDE","SC","NB","YES","E",150290,"A","[PREMIUM]",13497,"5.0L 8","4X4 W/REAR WHEEL DRV","AUTOMATIC","FLEXIBLE",8,"DEFAULT","Pure Sale","[PREMIUM]",,"HARLEYVILLE","SC","29448 4205","USA","USD","[PREMIUM]","[PREMIUM]","R0130",false,"[PREMIUM]","SUPERCREW",false,false,"[PREMIUM]",,,,,,,,"[PREMIUM]"
"61681466","2026-08-17 21:03:28.227","2026-08-23 23:46:11.561","61681466","2026-08-21 12:13:33.000","[PREMIUM]","197","SC - NORTH CHARLESTON","2026-08-24","MONDAY","1000","EDT","2262","V",2013,"FORD","EXPLORER","EXPLORER","4DR SPORT UTILITY","BLACK","SIDE",,"SC","CT","YES","D",156287,"A","[PREMIUM]",0,"3.5L 6","4X4 W/FRONT WHL DRV","AUTOMATIC","GAS",6,"Run & Drive Verified","On Minimum Bid","[PREMIUM]",,"HARLEYVILLE","SC","29448 4205","USA","USD","[PREMIUM]","[PREMIUM]","E0070",false,"[PREMIUM]",,false,false,"[PREMIUM]",,,,,,,,"[PREMIUM]"
"61535086","2026-08-17 21:03:28.074","2026-08-31 11:46:40.008","61535086","2026-08-17 17:32:51.000","[PREMIUM]","197","SC - NORTH CHARLESTON",,,,"EDT","0","V",2021,"SUBARU","ASCENT","ASCENT","SPORT UTILITY VEHICLE","GRAY","REAR END",,"SC","ST","YES","E",51705,"A","[PREMIUM]",18447,"2.4L 4","ALL WHEEL DRIVE","AUTOMATIC","GAS",4,"DEFAULT","Pure Sale","[PREMIUM]",,"HARLEYVILLE","SC","29448 4205","USA","USD","[PREMIUM]","[PREMIUM]","Q0140",false,"[PREMIUM]","LIMITED",false,false,"[PREMIUM]",,,,,,,,"[PREMIUM]"
"61538926","2026-08-17 21:03:28.074","2026-08-31 11:46:40.001","61538926","2026-08-17 17:16:45.000","[PREMIUM]","197","SC - NORTH CHARLESTON",,,,"EDT","0","V",2024,"TOYOTA","COROLLA","COROLLA","SEDAN","BLACK","WATER/FLOOD","FRONT END","SC","ST","YES","E",44523,"A","[PREMIUM]",16988.04,"2.0L 4","FRONT WHEEL DRIVE","AUTOMATIC","GAS",4,"DEFAULT","Pure Sale","[PREMIUM]",,"HARLEYVILLE","SC","29448 4205","USA","USD","[PREMIUM]","[PREMIUM]","F0020",false,"[PREMIUM]","LE",false,false,"[PREMIUM]",,,,,,,,"[PREMIUM]"
"61535776","2026-08-17 21:03:28.073","2026-08-31 11:46:40.008","61535776","2026-08-28 19:17:57.000","[PREMIUM]","197","SC - NORTH CHARLESTON","2026-09-02","WEDNESDAY","1000","EDT","0","V",2024,"CHEVROLET","COLORADO","COLORADO","PICKUP","SILVER","FRONT END","SIDE","SC","ST","YES","D",5702,"A","[PREMIUM]",18488.75,"2.7L 4","4X4 W/REAR WHEEL DRV","AUTOMATIC","GAS",4,"Run & Drive Verified","Pure Sale","[PREMIUM]",,"HARLEYVILLE","SC","29448 4205","USA","USD","[PREMIUM]","[PREMIUM]","R0130",false,"[PREMIUM]","Z71",false,false,"[PREMIUM]",,,,,,,,"[PREMIUM]"
"61304676","2026-08-17 21:03:27.994","2026-08-31 11:46:39.928","61304676","2026-08-28 20:53:21.000","[PREMIUM]","197","SC - NORTH CHARLESTON","2026-09-02","WEDNESDAY","1000","EDT","0","V",2004,"HONDA","ACCORD","ACCORD","COUPE","RED","SIDE","REAR END","SC","ST","YES","D",140337,"A","[PREMIUM]",5363.08,"2.4L 4","FRONT WHEEL DRIVE","AUTOMATIC","GAS",4,"Run & Drive Verified","Pure Sale","[PREMIUM]",,"HARLEYVILLE","SC","29448 4205","USA","USD","[PREMIUM]","[PREMIUM]","B0080",false,"[PREMIUM]","EX",false,false,"[PREMIUM]",,,,,,,,"[PREMIUM]"
"61209596","2026-08-17 21:03:27.933","2026-08-31 11:46:39.886","61209596","2026-08-28 19:19:20.000","[PREMIUM]","197","SC - NORTH CHARLESTON","2026-09-02","WEDNESDAY","1000","EDT","0","V",2020,"FORD","FUSION","FUSION","SEDAN","GRAY","VANDALISM","SIDE","SC","ST","YES","D",35288,"A","[PREMIUM]",5342.9,"2.5L 4","FRONT WHEEL DRIVE","AUTOMATIC","GAS",4,"Run & Drive Verified","Pure Sale","[PREMIUM]",,"HARLEYVILLE","SC","29448 4205","USA","USD","[PREMIUM]","[PREMIUM]","C0060",false,"[PREMIUM]","SE",false,false,"[PREMIUM]",,,,,,,,"[PREMIUM]"
"61080846","2026-08-17 21:03:27.868","2026-08-31 11:46:39.800","61080846","2026-08-17 17:32:51.000","[PREMIUM]","197","SC - NORTH CHARLESTON",,,,"EDT","0","V",2025,"MERCEDES-BENZ","GLE-CLASS","GLE COUPE","SPORT UTILITY VEHICLE","BLACK","REAR END","SIDE","SC","NB","YES","E",0,"N","[PREMIUM]",71044,"3.0L 6","ALL WHEEL DRIVE","AUTOMATIC","GAS",6,"DEFAULT","Pure Sale","[PREMIUM]",,"HARLEYVILLE","SC","29448 4205","USA","USD","[PREMIUM]","[PREMIUM]","P0130",false,"[PREMIUM]","AMG 53 4MATIC",false,false,"[PREMIUM]",,,,,,,,"[PREMIUM]"
"61080616","2026-08-17 21:03:27.868","2026-08-31 11:46:39.802","61080616","2026-08-17 17:32:51.000","[PREMIUM]","197","SC - NORTH CHARLESTON",,,,"EDT","0","V",2018,"MASERATI","ALL MODELS","GHIBLI","SEDAN","WHITE","REAR END",,"SC","ST","NO","E",0,"N","[PREMIUM]",9137.36,"3.0L 6","REAR WHEEL DRIVE","AUTOMATIC","GAS",6,"DEFAULT","Pure Sale","[PREMIUM]",,"HARLEYVILLE","SC","29448 4205","USA","USD","[PREMIUM]","[PREMIUM]","L0130",false,"[PREMIUM]",,false,false,"[PREMIUM]",,,,,,,,"[PREMIUM]"
"61125916","2026-08-17 21:03:27.866","2026-08-31 11:46:39.848","61125916","2026-08-28 20:52:43.000","[PREMIUM]","197","SC - NORTH CHARLESTON","2026-09-02","WEDNESDAY","1000","EDT","0","V",2019,"FORD","F-150","F150","PICKUP","RED","FRONT END",,"SC","ST","YES","D",82562,"A","[PREMIUM]",14859.57,"2.7L 6","4X4 W/REAR WHEEL DRV","AUTOMATIC","GAS",6,"Run & Drive Verified","Pure Sale","[PREMIUM]",,"HARLEYVILLE","SC","29448 4205","USA","USD","[PREMIUM]","[PREMIUM]","R0140",false,"[PREMIUM]","SUPERCREW",false,false,"[PREMIUM]",,,,,,,,"[PREMIUM]"
"60808386","2026-08-17 21:03:27.746","2026-08-26 05:47:22.504","60808386","2026-08-25 11:53:14.000","[PREMIUM]","197","SC - NORTH CHARLESTON","2026-08-26","WEDNESDAY","1000","EDT","2034","V",2018,"TESLA","MODEL 3","MODEL 3","SEDAN","BLACK","SIDE",,"SC","ST","YES",,118464,"A","[PREMIUM]",17612.78,,"REAR WHEEL DRIVE","AUTOMATIC","ELECTRIC",,,"Pure Sale","[PREMIUM]",,"HARLEYVILLE","SC","29448 4205","USA","USD","[PREMIUM]","[PREMIUM]","O0110",false,"[PREMIUM]",,false,false,"[PREMIUM]",,,,,,,,"[PREMIUM]"
"60430106","2026-08-17 21:03:27.551","2026-08-23 23:46:10.024","60430106","2026-08-21 12:13:33.000","[PREMIUM]","197","SC - NORTH CHARLESTON","2026-08-24","MONDAY","1000","EDT","41","V",2023,"TESLA","MODEL X","MODEL X","SPORT UTILITY VEHICLE","RED","REAR END",,"SC","ST","YES","D",46424,"A","[PREMIUM]",15223.79,,"ALL WHEEL DRIVE","AUTOMATIC","ELECTRIC",,"Run & Drive Verified","Pure Sale","[PREMIUM]",,"HARLEYVILLE","SC","29448 4205","USA","USD","[PREMIUM]","[PREMIUM]","A0060",false,"[PREMIUM]",,false,false,"[PREMIUM]",,,,,,,,"[PREMIUM]"
"60243576","2026-08-17 21:03:27.530","2026-08-23 23:46:09.826","60243576","2026-08-21 12:13:33.000","[PREMIUM]","197","SC - NORTH CHARLESTON","2026-08-24","MONDAY","1000","EDT","94","V",2026,"TOYOTA","COROLLA","COROLLA","SEDAN","BLUE","SIDE","FRONT END","PA","SC","YES","D",8234,"A","[PREMIUM]",18900.88,"2.0L 4","FRONT WHEEL DRIVE","AUTOMATIC","GAS",4,"Run & Drive Verified","Pure Sale","[PREMIUM]",,"HARLEYVILLE","SC","29448 4205","USA","USD","[PREMIUM]","[PREMIUM]","A0070",false,"[PREMIUM]","LE",false,false,"[PREMIUM]",,,,,,,,"[PREMIUM]"
"60206276","2026-08-17 21:03:27.473","2026-08-31 11:46:39.682","60206276","2026-08-28 12:30:15.000","[PREMIUM]","197","SC - NORTH CHARLESTON","2026-08-31","MONDAY","1000","EDT","89","V",2019,"BMW","4 SERIES","430I","COUPE","WHITE","SIDE",,"SC","ST","YES","D",52236,"A","[PREMIUM]",13692.97,"2.0L 4","REAR WHEEL DRIVE","AUTOMATIC","GAS",4,"Run & Drive Verified","Pure Sale","[PREMIUM]",,"HARLEYVILLE","SC","29448 4205","USA","USD","[PREMIUM]","[PREMIUM]","C0050",false,"[PREMIUM]",,false,false,"[PREMIUM]",,,,,,,,"[PREMIUM]"
"60018446","2026-08-17 21:03:27.435","2026-08-31 11:46:39.477","60018446","2026-08-28 19:27:01.000","[PREMIUM]","197","SC - NORTH CHARLESTON","2026-09-02","WEDNESDAY","1000","EDT","0","V",2025,"TOYOTA","RAV4","RAV4","SUV","WHITE","SIDE","FRONT END","SC","ST","YES","D",2946,"A","[PREMIUM]",26344.5,"2.5L 4","FRONT WHEEL DRIVE","AUTOMATIC","GAS",4,"Run & Drive Verified","On Minimum Bid","[PREMIUM]",,"HARLEYVILLE","SC","29448 4205","USA","USD","[PREMIUM]","[PREMIUM]","E0010",false,"[PREMIUM]","XLE",false,false,"[PREMIUM]",,,,,,,,"[PREMIUM]"
"59909546","2026-08-17 21:03:27.384","2026-08-31 11:46:39.476","59909546","2026-08-28 20:46:50.000","[PREMIUM]","197","SC - NORTH CHARLESTON","2026-09-02","WEDNESDAY","1000","EDT","0","V",2007,"TOYOTA","AVALON","AVALON","SEDAN","BLUE","FRONT END","SIDE","SC","ST","YES","D",190556,"A","[PREMIUM]",9445.11,"3.5L 6","FRONT WHEEL DRIVE","AUTOMATIC","GAS",6,"Run & Drive Verified","Pure Sale","[PREMIUM]",,"HARLEYVILLE","SC","29448 4205","USA","USD","[PREMIUM]","[PREMIUM]","C0050",false,"[PREMIUM]","XLS",false,false,"[PREMIUM]",,,,,,,,"[PREMIUM]"
"59784256","2026-08-17 21:03:27.335","2026-08-31 11:46:39.422","59784256","2026-08-28 19:28:28.000","[PREMIUM]","197","SC - NORTH CHARLESTON","2026-09-02","WEDNESDAY","1000","EDT","0","V",2018,"NISSAN","TITAN","TITAN","PICKUP","BLACK","FRONT END",,"SC","ST","YES","D",126812,"A","[PREMIUM]",17508.23,"5.6L 8","4X2","AUTOMATIC","GAS",8,"Run & Drive Verified","Pure Sale","[PREMIUM]",,"HARLEYVILLE","SC","29448 4205","USA","USD","[PREMIUM]","[PREMIUM]","F0090",false,"[PREMIUM]","SV",false,false,"[PREMIUM]",,,,,,,,"[PREMIUM]"
"59582866","2026-08-17 21:03:27.263","2026-08-31 11:46:39.381","59582866","2026-08-19 18:11:07.000","[PREMIUM]","197","SC - NORTH CHARLESTON",,,,"EDT","0","V",2026,"NISSAN","KICKS","KICKS","SPORT UTILITY VEHICLE","BEIGE","SIDE","FRONT END","SC","ST","YES","D",1918,"N","[PREMIUM]",25387,"2.0L 4","FRONT WHEEL DRIVE","AUTOMATIC","GAS",4,"Run & Drive Verified","Pure Sale","[PREMIUM]",,"HARLEYVILLE","SC","29448 4205","USA","USD","[PREMIUM]","[PREMIUM]","P0130",false,"[PREMIUM]",,false,false,"[PREMIUM]",,,,,,,,"[PREMIUM]"
"58809306","2026-08-17 21:03:27.043","2026-08-23 23:46:09.293","58809306","2026-08-21 12:13:33.000","[PREMIUM]","197","SC - NORTH CHARLESTON","2026-08-24","MONDAY","1000","EDT","2314","V",2013,"KIA","OPTIMA","OPTIMA","SEDAN 4DR","SILVER","MINOR DENT/SCRATCHES",,"SC","ST","YES","D",248934,"A","[PREMIUM]",3196.4,"2.4L 4","FRONT WHEEL DRIVE","AUTOMATIC","GAS",4,"Run & Drive Verified","Pure Sale","[PREMIUM]",,"HARLEYVILLE","SC","29448 4205","USA","USD","[PREMIUM]","[PREMIUM]","W0140",false,"[PREMIUM]","LX",false,false,"[PREMIUM]",,,,,,,,"[PREMIUM]"
"58374256","2026-08-17 21:03:26.893","2026-08-31 11:46:39.178","58374256","2026-08-17 18:59:21.000","[PREMIUM]","197","SC - NORTH CHARLESTON",,,,"EDT","0","V",2015,"FIAT","500","500","HATCHBACK 2DR","WHITE","FRONT END","SIDE","SC","ST","YES","E",106091,"A","[PREMIUM]",5420,"1.4L 4","FRONT WHEEL DRIVE","AUTOMATIC","GAS",4,"DEFAULT","Pure Sale","[PREMIUM]",,"HARLEYVILLE","SC","29448 4205","USA","USD","[PREMIUM]","[PREMIUM]","O0120",false,"[PREMIUM]","POP",false,false,"[PREMIUM]",,,,,,,,"[PREMIUM]"
"57947156","2026-08-17 21:03:26.850","2026-08-31 11:46:39.139","57947156","2026-08-28 20:57:51.000","[PREMIUM]","197","SC - NORTH CHARLESTON","2026-09-02","WEDNESDAY","1000","EDT","0","V",2025,"TOYOTA","RAV4","RAV4 HYBRID","SUV","BLACK","SIDE",,"SC","ST","YES","E",17710,"A","[PREMIUM]",24373.31,"2.5L 4","ALL WHEEL DRIVE","AUTOMATIC","ELECTRIC AND GAS HYBRID",4,"DEFAULT","On Minimum Bid","[PREMIUM]",,"HARLEYVILLE","SC","29448 4205","USA","USD","[PREMIUM]","[PREMIUM]","G0060",false,"[PREMIUM]","XLE",false,false,"[PREMIUM]",,,,,,,,"[PREMIUM]"
"57302496","2026-08-17 21:03:26.675","2026-08-31 11:46:39.067","57302496","2026-08-17 18:59:21.000","[PREMIUM]","197","SC - NORTH CHARLESTON",,,,"EDT","0","V",2018,"SUBARU","IMPREZA","IMPREZA","WAGON","GRAY","FRONT END",,"SC","ST","YES","D",90224,"A","[PREMIUM]",12390,"2.0L 4","ALL WHEEL DRIVE","AUTOMATIC","GAS",4,"Run & Drive Verified","Pure Sale","[PREMIUM]",,"HARLEYVILLE","SC","29448 4205","USA","USD","[PREMIUM]","[PREMIUM]","P0130",false,"[PREMIUM]","SPORT",false,false,"[PREMIUM]",,,,,,,,"[PREMIUM]"
"56730226","2026-08-17 21:03:26.578","2026-08-31 11:46:39.030","56730226","2026-08-28 20:53:52.000","[PREMIUM]","197","SC - NORTH CHARLESTON","2026-09-02","WEDNESDAY","1000","EDT","0","V",2020,"MAZDA","CX-5","CX-5","SPORT UTILITY VEHICLE","GRAY","FRONT END",,"SC","ST","YES","D",94868,"A","[PREMIUM]",8094.04,"2.5L 4","ALL WHEEL DRIVE","AUTOMATIC","GAS",4,"Run & Drive Verified","Pure Sale","[PREMIUM]",,"HARLEYVILLE","SC","29448 4205","USA","USD","[PREMIUM]","[PREMIUM]","B0020",false,"[PREMIUM]","TOURING",false,false,"[PREMIUM]",,,,,,,,"[PREMIUM]"
"56638726","2026-08-17 21:03:26.526","2026-08-26 17:45:14.173","56638726","2026-08-26 15:45:11.000","[PREMIUM]","855","WHOLESALE AUCTION","2026-08-27","THURSDAY","1200","EDT","0","V",2024,"TOYOTA","TACOMA","TACOMA","PICKUP","BLACK","FRONT END",,"GA","CT","YES","D",91757,"A","[PREMIUM]",2579,"2.4L 4","4X2","AUTOMATIC","GAS",4,"Run & Drive Verified","On Minimum Bid","[PREMIUM]",,"HARLEYVILLE","SC","29448 4205","USA","USD","[PREMIUM]","[PREMIUM]","A0020",false,"[PREMIUM]","SR5",false,true,"[PREMIUM]",,,,,"RED LIGHT",3.4,,"[PREMIUM]"
"53799966","2026-08-17 21:03:26.270","2026-08-31 11:46:38.814","53799966","2026-08-28 20:38:09.000","[PREMIUM]","197","SC - NORTH CHARLESTON","2026-09-02","WEDNESDAY","1000","EDT","0","V",2016,"HYUNDAI","SONATA","SONATA","SEDAN 4DR","GRAY","FRONT END","SIDE","SC","ST","YES","S",102557,"A","[PREMIUM]",7633,"2.4L 4","FRONT WHEEL DRIVE","AUTOMATIC","GAS",4,"Vehicle Starts","Pure Sale","[PREMIUM]",,"HARLEYVILLE","SC","29448 4205","USA","USD","[PREMIUM]","[PREMIUM]","B0060",false,"[PREMIUM]","SE",false,false,"[PREMIUM]",,,,,,,,"[PREMIUM]"
"51865236","2026-08-17 21:03:26.113","2026-08-26 05:47:21.126","51865236","2026-08-25 11:53:14.000","[PREMIUM]","197","SC - NORTH CHARLESTON","2026-08-26","WEDNESDAY","1000","EDT","2023","V",2023,"FORD","F150","F150","PICKUP","WHITE","FRONT END","SIDE","SC","ST","YES","E",102608,"A","[PREMIUM]",30178.49,"5.0L 8","REAR WHEEL DRIVE","AUTOMATIC","GAS",8,"DEFAULT","Pure Sale","[PREMIUM]",,"HARLEYVILLE","SC","29448 4205","USA","USD","[PREMIUM]","[PREMIUM]","R0150",false,"[PREMIUM]",,false,false,"[PREMIUM]",,,,,,,,"[PREMIUM]"
"50652656","2026-08-17 21:03:26.068","2026-08-31 11:46:38.684","50652656","2026-08-28 20:57:11.000","[PREMIUM]","197","SC - NORTH CHARLESTON","2026-09-02","WEDNESDAY","1000","EDT","0","V",2023,"DODGE","CHARGER","CHARGER","SEDAN","GRAY","FRONT END",,"SC","ST","YES","D",100583,"A","[PREMIUM]",15084.81,"3.6L 6","REAR WHEEL DRIVE","AUTOMATIC","FLEXIBLE",6,"Run & Drive Verified","Pure Sale","[PREMIUM]",,"HARLEYVILLE","SC","29448 4205","USA","USD","[PREMIUM]","[PREMIUM]","E0040",false,"[PREMIUM]","SXT",false,false,"[PREMIUM]",,,,,,,,"[PREMIUM]"
"64988006","2026-08-17 21:03:25.781","2026-08-31 11:46:37.815","64988006","2026-08-26 16:20:20.000","[PREMIUM]","196","NC - MOCKSVILLE","2026-09-02","WEDNESDAY","1000","EDT","21","V",2017,"CHRYSLER","PACIFICA","PACIFICA","SPORTS VAN","BLUE","FRONT END",,"NC","SC","YES","D",134581,"A","[PREMIUM]",8618.2,"3.6L 6","FRONT WHEEL DRIVE","AUTOMATIC","FLEXIBLE",6,"Run & Drive Verified","Pure Sale","[PREMIUM]",,"MOCKSVILLE","NC","27028 6910","USA","USD","[PREMIUM]","[PREMIUM]","K100",false,"[PREMIUM]","LIMITED",false,false,"[PREMIUM]",,,,,,,,"[PREMIUM]"
"65137986","2026-08-17 21:03:25.777","2026-08-31 11:46:37.871","65137986","2026-08-26 14:38:25.000","[PREMIUM]","880","*NCS - EASTERN REGION","2026-08-31","MONDAY","2100","EDT","0","V",2023,"CHEVROLET","BOLT","BOLT EV","HATCHBACK","SILVER","SIDE",,"FL","CZ","YES","D",119229,"A","[PREMIUM]",0,,"FRONT WHEEL DRIVE","AUTOMATIC","ELECTRIC",,"Run & Drive Verified","On Minimum Bid","[PREMIUM]",,"MOCKSVILLE","NC","27028 6910","USA","USD","[PREMIUM]","[PREMIUM]","K100",true,"[PREMIUM]","2LT",false,false,"[PREMIUM]",,,,,,,,"[PREMIUM]"
"65388366","2026-08-17 21:03:25.775","2026-08-31 11:46:37.937","65388366","2026-08-28 14:23:11.000","[PREMIUM]","196","NC - MOCKSVILLE","2026-09-02","WEDNESDAY","1000","EDT","62","V",2014,"FORD","ESCAPE","ESCAPE","4DR SPORT UTILITY","BLACK","MECHANICAL","MINOR DENT/SCRATCHES","NC","CZ","YES","D",0,"N","[PREMIUM]",0,"1.6L 4","FRONT WHEEL DRIVE","AUTOMATIC","GAS",4,"Run & Drive Verified","On Minimum Bid","[PREMIUM]",,"MOCKSVILLE","NC","27028 6910","USA","USD","[PREMIUM]","[PREMIUM]","I150",true,"[PREMIUM]","SE",false,false,"[PREMIUM]",,,,,,,,"[PREMIUM]"
"65022576","2026-08-17 21:03:25.770","2026-08-19 03:00:02.770","65022576","2026-08-18 12:52:01.000","[PREMIUM]","196","NC - MOCKSVILLE","2026-08-19","WEDNESDAY","1000","EDT","1175","V",2019,"NISSAN","KICKS","KICKS","WAGON","SILVER","FRONT END",,"NC","CZ","YES","S",132432,"A","[PREMIUM]",0,"1.6L 4","FRONT WHEEL DRIVE","AUTOMATIC","GAS",4,"Vehicle Starts","On Minimum Bid","[PREMIUM]","REPOSSESSION                ","MOCKSVILLE","NC","27028 6910","USA","USD","[PREMIUM]","[PREMIUM]","I090",true,"[PREMIUM]","S",false,false,"[PREMIUM]",,,,,,,,"[PREMIUM]"
"65232116","2026-08-17 21:03:25.767","2026-08-31 11:46:37.865","65232116","2026-08-26 15:27:26.000","[PREMIUM]","880","*NCS - EASTERN REGION","2026-08-31","MONDAY","2100","EDT","0","V",2020,"TOYOTA","CAMRY","CAMRY","SEDAN","BLUE","REAR END","FRONT END","NC","SQ","YES","D",151236,"A","[PREMIUM]",0,"2.5L 4","FRONT WHEEL DRIVE","AUTOMATIC","GAS",4,"Run & Drive Verified","On Minimum Bid","[PREMIUM]",,"MOCKSVILLE","NC","27028 6910","USA","USD","[PREMIUM]","[PREMIUM]","J140",true,"[PREMIUM]","SE",false,false,"[PREMIUM]",,,,,,,,"[PREMIUM]"
"64964856","2026-08-17 21:03:25.766","2026-08-19 03:00:02.778","64964856","2026-08-17 20:34:20.000","[PREMIUM]","196","NC - MOCKSVILLE","2026-08-19","WEDNESDAY","1000","EDT","123","V",2009,"HONDA","ODYSSEY","ODYSSEY","SPORTS VAN","SILVER","MECHANICAL",,"NC","CZ","YES","D",179883,"E","[PREMIUM]",0,"3.5L 6","FRONT WHEEL DRIVE","AUTOMATIC","GAS",6,"Run & Drive Verified","Pure Sale","[PREMIUM]",,"MOCKSVILLE","NC","27028 6910","USA","USD","[PREMIUM]","[PREMIUM]","F150",false,"[PREMIUM]","EX",false,false,"[PREMIUM]",,,,,,,,"[PREMIUM]"
