"_primaryKey","_firstSeenAt","_lastSeenAt","lotId","updatedAt","vin","yardNumber","yardName","saleDate","saleDayOfWeek","saleTime","saleTimeZone","itemNumber","vehicleType","year","make","modelGroup","modelDetail","bodyStyle","exteriorColor","damageDescription","secondaryDamage","saleTitleState","saleTitleType","hasKeys","lotCondCode","mileage","odometerBrand","estRetailValue","repairCost","engine","drivetrain","transmission","fuelType","cylinders","runsDrives","saleStatus","highBid","specialNote","locationCity","locationState","locationZip","locationCountry","currencyCode","imageThumbnail","imageUrl","gridRow","makeOfferEligible","buyItNowPrice","trim","rentals","wholesale","sellerName","offsiteAddress1","offsiteState","offsiteCity","offsiteZip","saleLight","autoGrade","announcements","listingUrl"
"49116235","2026-07-15 21:05:30.978","2026-07-29 04:40:00.952","49116235","2026-07-24 14:47:41.000","[PREMIUM]","835","MEDIUM DUTY SPECIALTY SALE","2026-07-29","WEDNESDAY","1100","CDT","0","K",2016,"OTHER HEAVY EQUIPMENT","SPRINTER","SPRINTER","CHASSIS AND CAB","WHITE","TOP/ROOF",,"SD","ST","YES","S",167953,"A","[PREMIUM]",34382.37,"3.0L 6","REAR WHEEL DRIVE","AUTOMATIC","DIESEL",6,"Vehicle Starts","Pure Sale","[PREMIUM]",,"GLASSBORO","NJ","08028 3273","USA","USD","[PREMIUM]","[PREMIUM]","INSP",false,"[PREMIUM]",,false,false,"[PREMIUM]",,,,,,,,"[PREMIUM]"
"55106065","2026-07-15 21:04:27.462","2026-07-15 21:04:27.462","55106065","2026-07-15 18:05:50.000","[PREMIUM]","55","FL - ORLANDO SOUTH","2026-07-21","TUESDAY","1000","EDT","0","V",2016,"RAM","1500","1500",,"BLACK","FRONT END",,"FL","RB","YES","D",179807,"A","[PREMIUM]",10000,"5.7L  8","Rear-wheel drive","AUTOMATIC","GAS",8,"Run & Drive Verified","Pure Sale","[PREMIUM]",,"ORLANDO","FL","32824 7826","USA","USD","[PREMIUM]","[PREMIUM]","GG020",false,"[PREMIUM]","SLT",false,false,"[PREMIUM]",,,,,,,,"[PREMIUM]"
"59807505","2026-07-15 21:02:15.256","2026-07-30 14:34:15.041","59807505","2026-07-29 01:05:34.000","[PREMIUM]","20","MO - ST. LOUIS","2026-07-31","FRIDAY","1200","CDT","0","V",2017,"FORD","FUSION","FUSION","SEDAN 4D","WHITE","FRONT END","UNDERCARRIAGE","IL","CT","YES","D",81648,"A","[PREMIUM]",0,"2.5L  4","Front-wheel Drive","AUTOMATIC","GAS",4,"Run & Drive Verified","On Minimum Bid","[PREMIUM]",,"BRIDGETON","MO","63044 1418","USA","USD","[PREMIUM]","[PREMIUM]","D040",true,"[PREMIUM]","SE",false,false,"[PREMIUM]",,,,,,,,"[PREMIUM]"
"58827996","2026-07-15 21:01:29.637","2026-07-30 08:43:32.101","58827996","2026-07-28 16:32:52.000","[PREMIUM]","916","AL - CUSSETA","2026-08-05","WEDNESDAY","1200","CDT","0","V",2015,"CHEVROLET","TAHOE","TAHOE","4DR SPORT UTILITY","BLACK","ALL OVER",,"AL","ST","YES","E",169816,"A","[PREMIUM]",7773.35,"5.3L 8","REAR WHEEL DRIVE","AUTOMATIC","GAS",8,"DEFAULT","Pure Sale","[PREMIUM]",,"CUSSETA","AL","36852","USA","USD","[PREMIUM]","[PREMIUM]","G090",false,"[PREMIUM]","C1500 LT",false,false,"[PREMIUM]",,,,,,,,"[PREMIUM]"
"61174116","2026-07-15 21:01:29.575","2026-07-22 07:12:32.196","61174116","2026-07-21 15:35:06.000","[PREMIUM]","916","AL - CUSSETA","2026-07-22","WEDNESDAY","1200","CDT","24","V",2007,"HONDA","CRV","CR-V","4DR SPORT UTILITY","BLUE","FRONT END",,"AL","CT","YES","D",235639,"E","[PREMIUM]",0,"2.4L 4","FRONT WHEEL DRIVE","AUTOMATIC","GAS",4,"Run & Drive Verified","On Minimum Bid","[PREMIUM]",,"CUSSETA","AL","36852","USA","USD","[PREMIUM]","[PREMIUM]","C030",true,"[PREMIUM]","LX",false,false,"[PREMIUM]",,,,,,,,"[PREMIUM]"
"61070056","2026-07-15 21:01:29.574","2026-07-30 08:43:32.385","61070056","2026-07-29 21:57:13.000","[PREMIUM]","916","AL - CUSSETA","2026-08-05","WEDNESDAY","1200","CDT","0","V",2015,"KIA","FORTE","FORTE","SEDAN 4DR","BLACK","MECHANICAL",,"GA","CT","YES","E",206695,"A","[PREMIUM]",0,"2.0L 4","FRONT WHEEL DRIVE","AUTOMATIC","GAS",4,"DEFAULT","On Minimum Bid","[PREMIUM]",,"CUSSETA","AL","36852","USA","USD","[PREMIUM]","[PREMIUM]","A070",true,"[PREMIUM]","EX",false,false,"[PREMIUM]",,,,,,,,"[PREMIUM]"
"59858106","2026-07-15 21:01:29.532","2026-07-30 08:43:32.205","59858106","2026-07-28 15:03:30.000","[PREMIUM]","916","AL - CUSSETA","2026-08-05","WEDNESDAY","1200","CDT","0","V",2020,"NISSAN","ROGUE","ROGUE","WAGON","GREEN","FRONT END",,"AL","ST","YES","D",74452,"A","[PREMIUM]",12112.32,"2.5L 4","FRONT WHEEL DRIVE","AUTOMATIC","GAS",4,"Run & Drive Verified","Pure Sale","[PREMIUM]",,"CUSSETA","AL","36852","USA","USD","[PREMIUM]","[PREMIUM]","H060",false,"[PREMIUM]","SV",false,false,"[PREMIUM]",,,,,,,,"[PREMIUM]"
"59006496","2026-07-15 21:01:29.420","2026-07-30 08:43:32.151","59006496","2026-07-28 14:50:07.000","[PREMIUM]","916","AL - CUSSETA","2026-08-05","WEDNESDAY","1200","CDT","0","V",2016,"NISSAN","ALTIMA","ALTIMA","SEDAN","GRAY","FRONT END","SIDE","AL","ST","YES","D",113492,"A","[PREMIUM]",5634.11,"2.5L 4","FRONT WHEEL DRIVE","AUTOMATIC","GAS",4,"Run & Drive Verified","Pure Sale","[PREMIUM]",,"CUSSETA","AL","36852","USA","USD","[PREMIUM]","[PREMIUM]","K090",false,"[PREMIUM]","2.5 S",false,false,"[PREMIUM]",,,,,,,,"[PREMIUM]"
"58399136","2026-07-15 21:01:29.392","2026-07-30 08:43:32.010","58399136","2026-07-28 15:43:57.000","[PREMIUM]","916","AL - CUSSETA","2026-08-05","WEDNESDAY","1200","CDT","0","V",2002,"GMC","SIERRA","NEW SIERRA","4DR EXT CAB PICKUP","BLACK","FRONT END",,"AL","ST","YES","D",0,"E","[PREMIUM]",6495.78,"4.8L 8","REAR WHEEL DRIVE","AUTOMATIC","GAS",8,"Run & Drive Verified","Pure Sale","[PREMIUM]",,"CUSSETA","AL","36852","USA","USD","[PREMIUM]","[PREMIUM]","F050",false,"[PREMIUM]","C1500",false,false,"[PREMIUM]",,,,,,,,"[PREMIUM]"
"58297436","2026-07-15 21:01:29.371","2026-07-30 08:43:32.008","58297436","2026-07-28 15:03:53.000","[PREMIUM]","916","AL - CUSSETA","2026-08-05","WEDNESDAY","1200","CDT","0","V",2007,"HONDA","FIT","FIT","HATCHBACK 4DR","BLUE","FRONT END",,"AL","ST","YES","D",277277,"E","[PREMIUM]",12597.41,"1.5L 4","FRONT WHEEL DRIVE","AUTOMATIC","GAS",4,"Run & Drive Verified","Pure Sale","[PREMIUM]",,"CUSSETA","AL","36852","USA","USD","[PREMIUM]","[PREMIUM]","D050",false,"[PREMIUM]",,false,false,"[PREMIUM]",,,,,,,,"[PREMIUM]"
"57145556","2026-07-15 21:01:29.282","2026-07-30 08:43:31.836","57145556","2026-07-28 14:42:45.000","[PREMIUM]","916","AL - CUSSETA","2026-08-05","WEDNESDAY","1200","CDT","0","V",2006,"KIA","SORENTO","SORENTO","SUV","BLUE","FRONT END",,"AL","ST","YES","E",252058,"E","[PREMIUM]",7919.79,"3.5L 6","FOUR BY FOUR","AUTOMATIC","GAS",6,"DEFAULT","Pure Sale","[PREMIUM]",,"CUSSETA","AL","36852","USA","USD","[PREMIUM]","[PREMIUM]","I110",false,"[PREMIUM]","LX",false,false,"[PREMIUM]",,,,,,,,"[PREMIUM]"
"57625066","2026-07-15 21:01:29.269","2026-07-30 08:43:31.894","57625066","2026-07-28 14:40:02.000","[PREMIUM]","916","AL - CUSSETA","2026-08-05","WEDNESDAY","1200","CDT","0","V",2020,"HONDA","ODYSSEY","ODYSSEY","VAN PASSENGER","BLUE","REAR END",,"AL","ST","YES","D",97481,"A","[PREMIUM]",21182.87,"3.5L 6","FRONT WHEEL DRIVE","AUTOMATIC","GAS",6,"Run & Drive Verified","Pure Sale","[PREMIUM]",,"CUSSETA","AL","36852","USA","USD","[PREMIUM]","[PREMIUM]","G060",false,"[PREMIUM]","ELITE",false,false,"[PREMIUM]",,,,,,,,"[PREMIUM]"
"56522746","2026-07-15 21:01:29.262","2026-07-30 08:43:31.741","56522746","2026-07-28 14:09:55.000","[PREMIUM]","916","AL - CUSSETA","2026-08-05","WEDNESDAY","1200","CDT","0","V",2020,"CHEVROLET","SILVERADO","SILVERADO","PICKUP","SILVER","FRONT END",,"AL","ST","YES","D",87456,"A","[PREMIUM]",18151.78,"5.3L 8","REAR WHEEL DRIVE","AUTOMATIC","GAS",8,"Run & Drive Verified","Pure Sale","[PREMIUM]",,"CUSSETA","AL","36852","USA","USD","[PREMIUM]","[PREMIUM]","G040",false,"[PREMIUM]","C1500 LT",false,false,"[PREMIUM]",,,,,,,,"[PREMIUM]"
"56421986","2026-07-15 21:01:29.214","2026-07-30 08:43:31.696","56421986","2026-07-14 21:43:29.000","[PREMIUM]","916","AL - CUSSETA",,,,"CDT","0","V",2025,"VOLKSWAGEN","ATLAS","ATLAS","SPORT UTILITY VEHICLE","GRAY","FRONT END","MINOR DENT/SCRATCHES","AL","ST","YES","D",16892,"A","[PREMIUM]",36238,"2.0L 4","ALL WHEEL DRIVE","AUTOMATIC","GAS",4,"Run & Drive Verified","Pure Sale","[PREMIUM]",,"CUSSETA","AL","36852","USA","USD","[PREMIUM]","[PREMIUM]","C050",false,"[PREMIUM]","PEAK EDITION SE",false,false,"[PREMIUM]",,,,,,,,"[PREMIUM]"
"55372156","2026-07-15 21:01:29.149","2026-07-30 08:43:31.617","55372156","2026-07-14 18:17:56.000","[PREMIUM]","916","AL - CUSSETA",,,,"CDT","0","V",2010,"CHEVROLET","EQUINOX","EQUINOX","4DR SPORT UTILITY","BURGUNDY","SIDE",,"GA","ST","YES","D",103435,"A","[PREMIUM]",6407.37,"2.4L 4","FRONT WHEEL DRIVE","AUTOMATIC","GAS",4,"Run & Drive Verified","On Minimum Bid","[PREMIUM]",,"CUSSETA","AL","36852","USA","USD","[PREMIUM]","[PREMIUM]","H080",false,"[PREMIUM]","LT",false,false,"[PREMIUM]",,,,,,,,"[PREMIUM]"
"55151456","2026-07-15 21:01:29.147","2026-07-30 08:43:31.627","55151456","2026-07-28 14:44:40.000","[PREMIUM]","916","AL - CUSSETA","2026-08-05","WEDNESDAY","1200","CDT","0","V",2012,"FORD","FOCUS","FOCUS","SEDAN 4DR","BLACK","FRONT END",,"AL","ST","YES","D",123602,"A","[PREMIUM]",0,"2.0L 4","FRONT WHEEL DRIVE","AUTOMATIC","GAS",4,"Run & Drive Verified","Pure Sale","[PREMIUM]",,"CUSSETA","AL","36852","USA","USD","[PREMIUM]","[PREMIUM]","D120",false,"[PREMIUM]","SE",false,false,"[PREMIUM]",,,,,,,,"[PREMIUM]"
"53509296","2026-07-15 21:01:29.048","2026-07-29 04:47:44.114","53509296","2026-07-28 14:28:47.000","[PREMIUM]","916","AL - CUSSETA","2026-07-29","WEDNESDAY","1200","CDT","45","V",1996,"BUICK","ROADMASTER","ROADMASTER","STATION WAGON","BROWN","FRONT END",,"GA","ST","YES","D",117292,"A","[PREMIUM]",0,"5.7L 8","REAR WHEEL DRIVE","AUTOMATIC","GAS",8,"Run & Drive Verified","Pure Sale","[PREMIUM]",,"CUSSETA","AL","36852","USA","USD","[PREMIUM]","[PREMIUM]","H130",false,"[PREMIUM]","BASE",false,false,"[PREMIUM]",,,,,,,,"[PREMIUM]"
"60809216","2026-07-15 21:01:28.888","2026-07-30 08:43:30.885","60809216","2026-07-14 19:58:18.000","[PREMIUM]","398","IA - CEDAR RAPIDS",,,,"CDT","0","V",2004,"FORD","TAURUS","TAURUS","SEDAN 4DR","GOLD","SIDE",,"IA","ST","YES","D",143205,"E","[PREMIUM]",0,"3.0L 6","FRONT WHEEL DRIVE","AUTOMATIC","FLEXIBLE",6,"Run & Drive Verified","Pure Sale","[PREMIUM]",,"CEDAR RAPIDS","IA","52404","USA","USD","[PREMIUM]","[PREMIUM]","D030",false,"[PREMIUM]","SE",false,false,"[PREMIUM]",,,,,,,,"[PREMIUM]"
"49332456","2026-07-15 21:01:28.877","2026-07-30 08:43:31.223","49332456","2026-07-28 14:49:09.000","[PREMIUM]","916","AL - CUSSETA","2026-08-05","WEDNESDAY","1200","CDT","0","V",2018,"HYUNDAI","SONATA","SONATA","SEDAN","WHITE","SIDE","FRONT END","AL","ST","NO","E",154541,"A","[PREMIUM]",6258,"2.4L 4","FRONT WHEEL DRIVE","AUTOMATIC","GAS",4,"DEFAULT","Pure Sale","[PREMIUM]",,"CUSSETA","AL","36852","USA","USD","[PREMIUM]","[PREMIUM]","A050",false,"[PREMIUM]","SE",false,false,"[PREMIUM]",,,,,,,,"[PREMIUM]"
"46807346","2026-07-15 21:01:28.831","2026-07-30 08:43:31.156","46807346","2026-07-29 17:36:19.000","[PREMIUM]","916","AL - CUSSETA","2026-08-05","WEDNESDAY","1200","CDT","0","V",2024,"ACURA","INTEGRA","INTEGRA","HATCHBACK","BLACK","PARTIAL REPAIR",,"GA","ST","YES","S",35249,"A","[PREMIUM]",18751.22,"1.5L 4","FRONT WHEEL DRIVE","AUTOMATIC","GAS",4,"Vehicle Starts","Pure Sale","[PREMIUM]",,"CUSSETA","AL","36852","USA","USD","[PREMIUM]","[PREMIUM]","A040",false,"[PREMIUM]","A-SPEC TECH",false,false,"[PREMIUM]",,,,,,,,"[PREMIUM]"
"46901216","2026-07-15 21:01:28.822","2026-07-22 07:12:30.708","46901216","2026-07-21 15:35:06.000","[PREMIUM]","916","AL - CUSSETA","2026-07-22","WEDNESDAY","1200","CDT","1109","V",2000,"DODGE","DAKOTA","DAKOTA","CLUB CAB PICKUP","WHITE","FRONT END",,"GA","BP","YES","S",175301,"A","[PREMIUM]",4046,"4.7L 8","REAR WHEEL DRIVE","AUTOMATIC","GAS",8,"Vehicle Starts","Pure Sale","[PREMIUM]",,"CUSSETA","AL","36852","USA","USD","[PREMIUM]","[PREMIUM]","B050",false,"[PREMIUM]",,false,false,"[PREMIUM]",,,,,,,,"[PREMIUM]"
"48151576","2026-07-15 21:01:28.811","2026-07-30 08:43:31.196","48151576","2026-07-29 17:38:08.000","[PREMIUM]","916","AL - CUSSETA","2026-08-05","WEDNESDAY","1200","CDT","0","V",2020,"HONDA","PILOT","PILOT","SPORT UTILITY VEHICLE","GRAY","FRONT END","SIDE","GA","ST","YES","S",81977,"A","[PREMIUM]",28732.23,"3.5L 6","FRONT WHEEL DRIVE","AUTOMATIC","GAS",6,"Vehicle Starts","Pure Sale","[PREMIUM]",,"CUSSETA","AL","36852","USA","USD","[PREMIUM]","[PREMIUM]","B120",false,"[PREMIUM]","EXL",false,false,"[PREMIUM]",,,,,,,,"[PREMIUM]"
"97593945","2026-07-15 21:01:28.786","2026-07-22 07:12:30.686","97593945","2026-07-15 14:12:40.000","[PREMIUM]","398","IA - CEDAR RAPIDS","2026-07-22","WEDNESDAY","1200","CDT","0","V",2018,"CHEVROLET","ALL Models","SILVERADO",,"WHITE","FRONT END",,"IA","ST","YES","S",84447,"A","[PREMIUM]",18479,"4.3L  6","Rear-wheel drive","AUTOMATIC","GAS",6,"Vehicle Starts","Pure Sale","[PREMIUM]",,"CEDAR RAPIDS","IA","52404","USA","USD","[PREMIUM]","[PREMIUM]","A090",false,"[PREMIUM]","C1500",false,false,"[PREMIUM]",,,,,,,,"[PREMIUM]"
"61038596","2026-07-15 21:01:28.680","2026-07-29 20:43:17.170","61038596","2026-07-28 13:07:07.000","[PREMIUM]","832","MEDIUM DUTY CLEAN TITLE SALE","2026-08-03","MONDAY","1100","CDT","0","K",2019,"FORD","TRANSIT","TRANSIT","VAN CARGO","WHITE","SIDE","FRONT END","IA","CT","YES","D",359962,"A","[PREMIUM]",0,"3.7L 6","REAR WHEEL DRIVE","AUTOMATIC","GAS",6,"Run & Drive Verified","On Minimum Bid","[PREMIUM]",,"CEDAR RAPIDS","IA","52404","USA","USD","[PREMIUM]","[PREMIUM]","E020",true,"[PREMIUM]","T-150",false,false,"[PREMIUM]",,,,,,,,"[PREMIUM]"
"61035586","2026-07-15 21:01:28.680","2026-07-29 20:43:17.208","61035586","2026-07-28 13:33:56.000","[PREMIUM]","832","MEDIUM DUTY CLEAN TITLE SALE","2026-08-03","MONDAY","1100","CDT","0","K",2016,"FORD","TRANSIT","TRANSIT","CARGO VAN","WHITE","FRONT END","SIDE","IA","CT","YES","D",428427,"A","[PREMIUM]",0,"3.7L 6","REAR WHEEL DRIVE","AUTOMATIC","GAS",6,"Run & Drive Verified","On Minimum Bid","[PREMIUM]",,"CEDAR RAPIDS","IA","52404","USA","USD","[PREMIUM]","[PREMIUM]","E010",true,"[PREMIUM]","T-150",false,false,"[PREMIUM]",,,,,,,,"[PREMIUM]"
"60440956","2026-07-15 21:01:28.679","2026-07-30 08:43:30.718","60440956","2026-07-14 19:58:18.000","[PREMIUM]","398","IA - CEDAR RAPIDS",,,,"CDT","0","V",2011,"TOYOTA","SIENNA","SIENNA","MINI-VAN","WHITE","REAR END",,"IA","ST","YES","D",223244,"A","[PREMIUM]",6129.77,"3.5L 6","ALL WHEEL DRIVE","AUTOMATIC","GAS",6,"Run & Drive Verified","Pure Sale","[PREMIUM]",,"CEDAR RAPIDS","IA","52404","USA","USD","[PREMIUM]","[PREMIUM]","B060",false,"[PREMIUM]","LIMITED 7-PASSENGER",false,false,"[PREMIUM]",,,,,,,,"[PREMIUM]"
"61033636","2026-07-15 21:01:28.663","2026-07-22 07:12:30.489","61033636","2026-07-14 16:22:29.000","[PREMIUM]","398","IA - CEDAR RAPIDS","2026-07-22","WEDNESDAY","1200","CDT","0","V",2017,"RAM","PROMASTER","PROMASTER 1500","CARGO VAN","WHITE","SIDE",,"IA","CT","YES","D",192825,"A","[PREMIUM]",0,"3.6L 6","FRONT WHEEL DRIVE","AUTOMATIC","FLEXIBLE",6,"Run & Drive Verified","On Minimum Bid","[PREMIUM]",,"CEDAR RAPIDS","IA","52404","USA","USD","[PREMIUM]","[PREMIUM]","E010",true,"[PREMIUM]","1500 STANDARD",false,false,"[PREMIUM]",,,,,,,,"[PREMIUM]"
"60208876","2026-07-15 21:01:28.642","2026-07-30 08:43:30.674","60208876","2026-07-29 21:06:15.000","[PREMIUM]","841","CRASHEDTOYS POWERSPORT AUCTION","2026-07-30","THURSDAY","1200","CDT","5058","A",2023,"KAWASAKI","ALL OTHER","TERYX","SIDE BY SIDE","BLACK","REAR END","UNDERCARRIAGE","IA","RA","YES","D",1355,"N","[PREMIUM]",0,"2",,"AUTOMATIC","GAS",2,"Run & Drive Verified","On Minimum Bid","[PREMIUM]",,"CEDAR RAPIDS","IA","52404","USA","USD","[PREMIUM]","[PREMIUM]","MC002",false,"[PREMIUM]",,false,false,"[PREMIUM]",,,,,,,,"[PREMIUM]"
"59829496","2026-07-15 21:01:28.589","2026-07-22 07:12:30.302","59829496","2026-07-15 16:42:13.000","[PREMIUM]","398","IA - CEDAR RAPIDS","2026-07-22","WEDNESDAY","1200","CDT","0","V",2010,"CHEVROLET","SILVERADO","SILVERADO","4DR EXT CAB PICKUP","SILVER","NORMAL WEAR",,"IA","CT","YES","D",102454,"E","[PREMIUM]",0,"5.3L 8","4X4 W/REAR WHEEL DRV","AUTOMATIC","FLEXIBLE",8,"Run & Drive Verified","On Approval","[PREMIUM]",,"CEDAR RAPIDS","IA","52404","USA","USD","[PREMIUM]","[PREMIUM]","D060",false,"[PREMIUM]","K1500 LTZ",false,false,"[PREMIUM]",,,,,,,,"[PREMIUM]"
"59277946","2026-07-15 21:01:28.564","2026-07-30 08:43:30.467","59277946","2026-07-29 19:00:19.000","[PREMIUM]","398","IA - CEDAR RAPIDS","2026-08-12","WEDNESDAY","1200","CDT","0","V",2006,"TOYOTA","RAV4","RAV4","SUV","SILVER","FRONT END",,"IA","ST","YES","D",137805,"E","[PREMIUM]",0,"2.4L 4","FRONT WHEEL DRIVE","AUTOMATIC","GAS",4,"Run & Drive Verified","Pure Sale","[PREMIUM]",,"CEDAR RAPIDS","IA","52404","USA","USD","[PREMIUM]","[PREMIUM]","A030",false,"[PREMIUM]","BASE",false,false,"[PREMIUM]",,,,,,,,"[PREMIUM]"
"59236406","2026-07-15 21:01:28.546","2026-07-30 08:43:30.475","59236406","2026-07-29 18:26:08.000","[PREMIUM]","398","IA - CEDAR RAPIDS","2026-08-12","WEDNESDAY","1200","CDT","0","V",2012,"TOYOTA","PRIUS","PRIUS","HATCHBACK","ORANGE","FRONT END",,"IA","ST","YES","D",132246,"A","[PREMIUM]",7877,"1.5L 4","FRONT WHEEL DRIVE","AUTOMATIC","ELECTRIC AND GAS HYBRID",4,"Run & Drive Verified","Pure Sale","[PREMIUM]",,"CEDAR RAPIDS","IA","52404","USA","USD","[PREMIUM]","[PREMIUM]","B030",false,"[PREMIUM]",,false,false,"[PREMIUM]",,,,,,,,"[PREMIUM]"
"58787426","2026-07-15 21:01:28.473","2026-07-30 08:43:30.364","58787426","2026-07-14 19:21:40.000","[PREMIUM]","398","IA - CEDAR RAPIDS",,,,"CDT","0","V",1998,"DODGE","All Models","DAKOTA","CLUB CAB PICKUP","GREEN","FRONT END","SIDE","IA","ST","YES",,135845,"E","[PREMIUM]",23281,"5.2L 8","4X4 W/REAR WHEEL DRV","AUTOMATIC","GAS",8,,"Pure Sale","[PREMIUM]",,"CEDAR RAPIDS","IA","52404","USA","USD","[PREMIUM]","[PREMIUM]","D100",false,"[PREMIUM]",,false,false,"[PREMIUM]",,,,,,,,"[PREMIUM]"
"58764166","2026-07-15 21:01:28.470","2026-07-30 08:43:30.349","58764166","2026-07-24 17:30:40.000","[PREMIUM]","398","IA - CEDAR RAPIDS","2026-08-05","WEDNESDAY","1200","CDT","0","V",2016,"DODGE","CARAVAN","GRAND CARAVAN","SPORTS VAN","WHITE","HAIL",,"IA","ST","YES","D",115123,"A","[PREMIUM]",0,"3.6L 6","FRONT WHEEL DRIVE","AUTOMATIC","FLEXIBLE",6,"Run & Drive Verified","Pure Sale","[PREMIUM]",,"CEDAR RAPIDS","IA","52404","USA","USD","[PREMIUM]","[PREMIUM]","A070",false,"[PREMIUM]","SXT",false,false,"[PREMIUM]",,,,,,,,"[PREMIUM]"
"58394196","2026-07-15 21:01:28.410","2026-07-30 08:43:30.254","58394196","2026-07-23 18:40:06.000","[PREMIUM]","398","IA - CEDAR RAPIDS",,,,"CDT","0","V",2015,"CHEVROLET","EQUINOX","EQUINOX","4DR SPORT UTILITY","TAN","HAIL",,"IA","ST","YES","D",69357,"A","[PREMIUM]",13520,"3.6L 6","ALL WHEEL DRIVE","AUTOMATIC","GAS",6,"Run & Drive Verified","Pure Sale","[PREMIUM]",,"CEDAR RAPIDS","IA","52404","USA","USD","[PREMIUM]","[PREMIUM]","C030",false,"[PREMIUM]","LTZ",false,false,"[PREMIUM]",,,,,,,,"[PREMIUM]"
"57418486","2026-07-15 21:01:28.126","2026-07-30 08:43:29.948","57418486","2026-07-14 19:21:40.000","[PREMIUM]","398","IA - CEDAR RAPIDS",,,,"CDT","0","V",2009,"CHEVROLET","IMPALA","IMPALA","SEDAN 4DR","BLUE","SIDE",,"IA","ST","YES","D",140942,"E","[PREMIUM]",4130.22,"3.5L 6","FRONT WHEEL DRIVE","AUTOMATIC","FLEXIBLE",6,"Run & Drive Verified","Pure Sale","[PREMIUM]",,"CEDAR RAPIDS","IA","52404","USA","USD","[PREMIUM]","[PREMIUM]","B040",false,"[PREMIUM]","1LT",false,false,"[PREMIUM]",,,,,,,,"[PREMIUM]"
"57299406","2026-07-15 21:01:28.076","2026-07-30 08:43:29.892","57299406","2026-07-14 19:21:40.000","[PREMIUM]","398","IA - CEDAR RAPIDS",,,,"CDT","0","V",2022,"HYUNDAI","KONA","KONA","SPORT UTILITY VEHICLE","BLACK","ALL OVER",,"IA","ST","YES","E",0,"N","[PREMIUM]",12580,"2.0L 4","FRONT WHEEL DRIVE","AUTOMATIC","GAS",4,"DEFAULT","Pure Sale","[PREMIUM]",,"CEDAR RAPIDS","IA","52404","USA","USD","[PREMIUM]","[PREMIUM]","D100",false,"[PREMIUM]","SEL",false,false,"[PREMIUM]",,,,,,,,"[PREMIUM]"
"56811786","2026-07-15 21:01:27.806","2026-07-30 08:43:29.818","56811786","2026-07-14 21:29:05.000","[PREMIUM]","398","IA - CEDAR RAPIDS",,,,"CDT","0","V",2018,"CHEVROLET","MALIBU","MALIBU","SEDAN","SILVER","FRONT END","SIDE","IA","ST","YES","D",131799,"A","[PREMIUM]",7967.13,"1.5L 4","FRONT WHEEL DRIVE","AUTOMATIC","GAS",4,"Run & Drive Verified","Pure Sale","[PREMIUM]",,"CEDAR RAPIDS","IA","52404","USA","USD","[PREMIUM]","[PREMIUM]","B040",false,"[PREMIUM]","LS",false,false,"[PREMIUM]",,,,,,,,"[PREMIUM]"
"56716236","2026-07-15 21:01:27.754","2026-07-30 08:43:29.758","56716236","2026-07-14 21:29:05.000","[PREMIUM]","398","IA - CEDAR RAPIDS",,,,"CDT","0","V",2019,"CHEVROLET","EQUINOX","EQUINOX","SPORT UTILITY VEHICLE","RED","FRONT END",,"IA","ST","YES","D",112901,"A","[PREMIUM]",16915,"1.5L 4","ALL WHEEL DRIVE","AUTOMATIC","GAS",4,"Run & Drive Verified","Pure Sale","[PREMIUM]",,"CEDAR RAPIDS","IA","52404","USA","USD","[PREMIUM]","[PREMIUM]","E070",false,"[PREMIUM]","LT",false,false,"[PREMIUM]",,,,,,,,"[PREMIUM]"
"56710686","2026-07-15 21:01:27.754","2026-07-30 08:43:29.751","56710686","2026-07-28 18:24:42.000","[PREMIUM]","398","IA - CEDAR RAPIDS","2026-08-05","WEDNESDAY","1200","CDT","0","V",2017,"CHRYSLER","PACIFICA","PACIFICA","SPORTS VAN","BURGUNDY","FRONT END",,"IA","ST","YES","D",152929,"A","[PREMIUM]",7231,"3.6L 6","FRONT WHEEL DRIVE","AUTOMATIC","FLEXIBLE",6,"Run & Drive Verified","Pure Sale","[PREMIUM]",,"CEDAR RAPIDS","IA","52404","USA","USD","[PREMIUM]","[PREMIUM]","C090",false,"[PREMIUM]","TOURING L PLUS",false,false,"[PREMIUM]",,,,,,,,"[PREMIUM]"
"55182656","2026-07-15 21:01:27.737","2026-07-27 22:47:22.649","55182656","2026-07-15 19:22:54.000","[PREMIUM]","398","IA - CEDAR RAPIDS",,,,"CDT","0","V",2017,"FORD","FUSION","FUSION","SEDAN 4DR","WHITE","REAR END",,"IA","SS","YES","D",99126,"N","[PREMIUM]",9480.18,"1.5L 4","FRONT WHEEL DRIVE","AUTOMATIC","GAS",4,"Run & Drive Verified","Pure Sale","[PREMIUM]",,"CEDAR RAPIDS","IA","52404","USA","USD","[PREMIUM]","[PREMIUM]","B040",false,"[PREMIUM]","SE",false,false,"[PREMIUM]",,,,,,,,"[PREMIUM]"
"55401616","2026-07-15 21:01:27.431","2026-07-30 08:43:29.507","55401616","2026-07-29 18:27:36.000","[PREMIUM]","398","IA - CEDAR RAPIDS","2026-08-12","WEDNESDAY","1200","CDT","0","V",2009,"TOYOTA","CAMRY","CAMRY","SEDAN","BLACK","FRONT END",,"IA","ST","YES","D",104753,"E","[PREMIUM]",6429.43,"2.4L 4","FRONT WHEEL DRIVE","AUTOMATIC","GAS",4,"Run & Drive Verified","Pure Sale","[PREMIUM]",,"CEDAR RAPIDS","IA","52404","USA","USD","[PREMIUM]","[PREMIUM]","C100",false,"[PREMIUM]","SE",false,false,"[PREMIUM]",,,,,,,,"[PREMIUM]"
"55215066","2026-07-15 21:01:27.395","2026-07-30 08:43:29.502","55215066","2026-07-14 19:58:18.000","[PREMIUM]","398","IA - CEDAR RAPIDS",,,,"CDT","0","V",2020,"FORD","F-150","F150","PICKUP","MAROON","FRONT END",,"IA","ST","YES","D",107555,"A","[PREMIUM]",15848.5,"2.7L 6","4X4 W/REAR WHEEL DRV","AUTOMATIC","GAS",6,"Run & Drive Verified","Pure Sale","[PREMIUM]",,"CEDAR RAPIDS","IA","52404","USA","USD","[PREMIUM]","[PREMIUM]","E010",false,"[PREMIUM]","SUPERCREW",false,false,"[PREMIUM]",,,,,,,,"[PREMIUM]"
"54837726","2026-07-15 21:01:27.335","2026-07-30 08:43:29.486","54837726","2026-07-29 18:23:29.000","[PREMIUM]","398","IA - CEDAR RAPIDS","2026-08-12","WEDNESDAY","1200","CDT","0","V",2021,"GMC","SIERRA","SIERRA","PICKUP","BLACK","HAIL",,"IA","ST","YES","D",87076,"A","[PREMIUM]",16468.96,"5.3L 8","4X4 W/REAR WHEEL DRV","AUTOMATIC","GAS",8,"Run & Drive Verified","Pure Sale","[PREMIUM]",,"CEDAR RAPIDS","IA","52404","USA","USD","[PREMIUM]","[PREMIUM]","E060",false,"[PREMIUM]","K1500 ELEVATION",false,false,"[PREMIUM]",,,,,,,,"[PREMIUM]"
"54290826","2026-07-15 21:01:27.122","2026-07-30 08:43:29.347","54290826","2026-07-14 19:58:18.000","[PREMIUM]","398","IA - CEDAR RAPIDS",,,,"CDT","0","V",2020,"HYUNDAI","ELANTRA","ELANTRA","SEDAN","RED","HAIL",,"IA","ST","YES","D",115649,"A","[PREMIUM]",11344.82,"2.0L 4","FRONT WHEEL DRIVE","AUTOMATIC","GAS",4,"Run & Drive Verified","Pure Sale","[PREMIUM]",,"CEDAR RAPIDS","IA","52404","USA","USD","[PREMIUM]","[PREMIUM]","D020",false,"[PREMIUM]","SEL",false,false,"[PREMIUM]",,,,,,,,"[PREMIUM]"
"53902026","2026-07-15 21:01:27.042","2026-07-30 08:43:29.297","53902026","2026-07-28 20:52:54.000","[PREMIUM]","398","IA - CEDAR RAPIDS","2026-08-05","WEDNESDAY","1200","CDT","0","V",2018,"GMC","TERRAIN","TERRAIN","SPORT UTILITY VEHICLE","RED","HAIL",,"IA","ST","YES","D",34990,"A","[PREMIUM]",10229.47,"2.0L 4","ALL WHEEL DRIVE","AUTOMATIC","GAS",4,"Run & Drive Verified","Pure Sale","[PREMIUM]",,"CEDAR RAPIDS","IA","52404","USA","USD","[PREMIUM]","[PREMIUM]","E070",false,"[PREMIUM]","DENALI",false,false,"[PREMIUM]",,,,,,,,"[PREMIUM]"
"53544126","2026-07-15 21:01:26.997","2026-07-30 08:43:29.257","53544126","2026-07-15 18:25:22.000","[PREMIUM]","398","IA - CEDAR RAPIDS",,,,"CDT","0","V",2020,"DODGE","CHARGER","CHARGER","SEDAN","SILVER","FRONT END","MECHANICAL","IN","ST","YES","D",78017,"A","[PREMIUM]",14188.72,"3.6L 6","REAR WHEEL DRIVE","AUTOMATIC","FLEXIBLE",6,"Run & Drive Verified","Pure Sale","[PREMIUM]",,"CEDAR RAPIDS","IA","52404","USA","USD","[PREMIUM]","[PREMIUM]","B010",false,"[PREMIUM]","SXT",false,false,"[PREMIUM]",,,,,,,,"[PREMIUM]"
"53098586","2026-07-15 21:01:26.894","2026-07-30 08:43:29.202","53098586","2026-07-29 21:40:01.000","[PREMIUM]","398","IA - CEDAR RAPIDS",,,,"CDT","0","V",2018,"KIA","SORENTO","SORENTO","SPORT UTILITY VEHICLE","GRAY","FRONT END","MECHANICAL","IA","ST","YES","E",166689,"A","[PREMIUM]",4568,"2.0L 4","ALL WHEEL DRIVE","AUTOMATIC","GAS",4,"DEFAULT","On Minimum Bid","[PREMIUM]",,"CEDAR RAPIDS","IA","52404","USA","USD","[PREMIUM]","[PREMIUM]","D090",false,"[PREMIUM]","EX",false,false,"[PREMIUM]",,,,,,,,"[PREMIUM]"
"52599526","2026-07-15 21:01:26.793","2026-07-22 07:12:27.779","52599526","2026-07-16 12:42:58.000","[PREMIUM]","398","IA - CEDAR RAPIDS","2026-07-22","WEDNESDAY","1200","CDT","0","M",2000,"LOWE","trinidad","TRINIDAD",,"TWO TONE","HAIL",,"IA","BC","EXM","E",0,"E","[PREMIUM]",9391,,,,,,"DEFAULT","Pure Sale","[PREMIUM]",,"CEDAR RAPIDS","IA","52404","USA","USD","[PREMIUM]","[PREMIUM]","HV002",false,"[PREMIUM]",,false,false,"[PREMIUM]",,,,,,,,"[PREMIUM]"
"50799346","2026-07-15 21:01:26.500","2026-07-29 04:47:40.800","50799346","2026-07-22 17:12:04.000","[PREMIUM]","398","IA - CEDAR RAPIDS","2026-07-29","WEDNESDAY","1200","CDT","0","V",2021,"CHEVROLET","BLAZER","BLAZER","SPORT UTILITY VEHICLE","GRAY","HAIL",,"ID","SC","YES","D",74535,"A","[PREMIUM]",17558,"3.6L 6","ALL WHEEL DRIVE","AUTOMATIC","GAS",6,"Run & Drive Verified","Pure Sale","[PREMIUM]",,"CEDAR RAPIDS","IA","52404","USA","USD","[PREMIUM]","[PREMIUM]","A030",false,"[PREMIUM]","RS",false,false,"[PREMIUM]",,,,,,,,"[PREMIUM]"
"48790576","2026-07-15 21:01:26.448","2026-07-30 08:43:28.907","48790576","2026-07-14 20:15:52.000","[PREMIUM]","398","IA - CEDAR RAPIDS",,,,"CDT","0","V",2022,"HYUNDAI","TUCSON","TUCSON","SUV","WHITE","FRONT END",,"WV","SC","YES","D",59692,"A","[PREMIUM]",0,"2.5L 4","ALL WHEEL DRIVE","AUTOMATIC","GAS",4,"Run & Drive Verified","Pure Sale","[PREMIUM]",,"CEDAR RAPIDS","IA","52404","USA","USD","[PREMIUM]","[PREMIUM]","C040",false,"[PREMIUM]","LIMITED",false,false,"[PREMIUM]",,,,,,,,"[PREMIUM]"
"94302615","2026-07-15 21:01:26.302","2026-07-30 08:43:28.846","94302615","2026-07-14 21:38:37.000","[PREMIUM]","396","SD - RAPID CITY",,,,"MDT","0","V",2008,"SUBARU","OUTBACK","OUTBACK",,"BLUE","FRONT END",,"MN","RS","YES",,0,"E","[PREMIUM]",6088,"2.5L  4","ALL WHEEL DRIVE","AUTOMATIC","GAS",4,,"On Minimum Bid","[PREMIUM]",,"RAPID CITY","SD","57701","USA","USD","[PREMIUM]","[PREMIUM]","C050",false,"[PREMIUM]","2.5I",false,false,"[PREMIUM]",,,,,,,,"[PREMIUM]"
"60826716","2026-07-15 21:01:26.245","2026-07-17 11:16:21.875","60826716","2026-07-14 21:04:31.000","[PREMIUM]","396","SD - RAPID CITY","2026-07-21","TUESDAY","1200","MDT","0","V",2004,"TOYOTA","TUNDRA","TUNDRA","PICKUP","GRAY","FRONT END","SIDE","SD","CT","YES","D",254761,"A","[PREMIUM]",0,"4.7L 8","FOUR BY FOUR","AUTOMATIC","GAS",8,"Run & Drive Verified","On Minimum Bid","[PREMIUM]",,"RAPID CITY","SD","57701","USA","USD","[PREMIUM]","[PREMIUM]","A060",true,"[PREMIUM]","SR5",false,false,"[PREMIUM]",,,,,,,,"[PREMIUM]"
"60494226","2026-07-15 21:01:26.233","2026-07-21 01:14:08.159","60494226","2026-07-14 18:55:02.000","[PREMIUM]","396","SD - RAPID CITY","2026-07-21","TUESDAY","1200","MDT","0","V",2010,"BUICK","LACROSSE","LACROSSE","SEDAN 4DR","WHITE","HAIL","MINOR DENT/SCRATCHES","MN","ST","YES","D",104875,"E","[PREMIUM]",0,"2.4L 4","FRONT WHEEL DRIVE","AUTOMATIC","GAS",4,"Run & Drive Verified","On Minimum Bid","[PREMIUM]",,"RAPID CITY","SD","57701","USA","USD","[PREMIUM]","[PREMIUM]","B040",false,"[PREMIUM]","CX",false,false,"[PREMIUM]",,,,,,,,"[PREMIUM]"
"60492366","2026-07-15 21:01:26.232","2026-07-21 01:14:08.164","60492366","2026-07-14 18:52:12.000","[PREMIUM]","396","SD - RAPID CITY","2026-07-21","TUESDAY","1200","MDT","0","V",2014,"FORD","F150","F150","CREW PICKUP","GRAY","HAIL","MINOR DENT/SCRATCHES","CA","NR","YES","D",96913,"A","[PREMIUM]",0,"3.5L 6","4X4 W/REAR WHEEL DRV","AUTOMATIC","GAS",6,"Run & Drive Verified","On Minimum Bid","[PREMIUM]",,"RAPID CITY","SD","57701","USA","USD","[PREMIUM]","[PREMIUM]","A080",false,"[PREMIUM]","SUPERCREW",false,false,"[PREMIUM]",,,,,,,,"[PREMIUM]"
"60986306","2026-07-15 21:01:26.224","2026-07-30 08:43:28.665","60986306","2026-07-28 19:00:47.000","[PREMIUM]","396","SD - RAPID CITY","2026-08-04","TUESDAY","1200","MDT","0","V",2014,"NISSAN","QUEST","QUEST","MINI-VAN","GRAY","MINOR DENT/SCRATCHES",,"SD","PX","YES","D",166015,"A","[PREMIUM]",0,"3.5L 6","FRONT WHEEL DRIVE","AUTOMATIC","GAS",6,"Run & Drive Verified","On Minimum Bid","[PREMIUM]",,"RAPID CITY","SD","57701","USA","USD","[PREMIUM]","[PREMIUM]","B060",true,"[PREMIUM]","3.5 SV",false,false,"[PREMIUM]",,,,,,,,"[PREMIUM]"
"60493586","2026-07-15 21:01:26.220","2026-07-21 01:14:08.379","60493586","2026-07-14 18:53:47.000","[PREMIUM]","396","SD - RAPID CITY","2026-07-21","TUESDAY","1200","MDT","0","V",2015,"GMC","YUKON","YUKON","4DR SPOR","WHITE","HAIL","MINOR DENT/SCRATCHES","ND","ST","YES","D",114263,"A","[PREMIUM]",0,,,"AUTOMATIC",,,"Run & Drive Verified","On Minimum Bid","[PREMIUM]",,"RAPID CITY","SD","57701","USA","USD","[PREMIUM]","[PREMIUM]","B070",false,"[PREMIUM]",,false,false,"[PREMIUM]",,,,,,,,"[PREMIUM]"
"60229126","2026-07-15 21:01:26.202","2026-07-21 01:14:08.129","60229126","2026-07-14 18:29:16.000","[PREMIUM]","396","SD - RAPID CITY","2026-07-21","TUESDAY","1200","MDT","0","V",2001,"CHRYSLER","CONCORDE","CONCORDE",,"BEIGE","HAIL","MINOR DENT/SCRATCHES","SD","CT","YES","D",170634,"E","[PREMIUM]",0,,,"AUTOMATIC",,,"Run & Drive Verified","On Minimum Bid","[PREMIUM]",,"RAPID CITY","SD","57701","USA","USD","[PREMIUM]","[PREMIUM]","D050",false,"[PREMIUM]","LX",false,false,"[PREMIUM]",,,,,,,,"[PREMIUM]"
"59008796","2026-07-15 21:01:26.198","2026-07-30 08:43:28.532","59008796","2026-07-17 17:28:48.000","[PREMIUM]","396","SD - RAPID CITY",,,,"MDT","0","V",2016,"HYUNDAI","VELOSTER","VELOSTER","COUPE","GRAY","FRONT END",,"MN","RS","YES","D",120353,"A","[PREMIUM]",5329,"1.6L 4","FRONT WHEEL DRIVE","AUTOMATIC","GAS",4,"Run & Drive Verified","On Minimum Bid","[PREMIUM]",,"RAPID CITY","SD","57701","USA","USD","[PREMIUM]","[PREMIUM]","B040",false,"[PREMIUM]","BASE",false,false,"[PREMIUM]",,,,,,,,"[PREMIUM]"
"58093556","2026-07-15 21:01:26.074","2026-07-30 08:43:28.409","58093556","2026-07-14 21:38:37.000","[PREMIUM]","396","SD - RAPID CITY",,,,"MDT","0","V",2020,"KIA","SPORTAGE","SPORTAGE","SPORT UTILITY VEHICLE","RED","FRONT END",,"MN","ST","YES","D",100039,"A","[PREMIUM]",9962.99,"2.4L 4","ALL WHEEL DRIVE","AUTOMATIC","GAS",4,"Run & Drive Verified","Pure Sale","[PREMIUM]",,"RAPID CITY","SD","57701","USA","USD","[PREMIUM]","[PREMIUM]","C050",false,"[PREMIUM]","LX",false,false,"[PREMIUM]",,,,,,,,"[PREMIUM]"
"57907156","2026-07-15 21:01:26.044","2026-07-30 08:43:28.352","57907156","2026-07-14 21:38:39.000","[PREMIUM]","396","SD - RAPID CITY",,,,"MDT","0","V",2025,"HONDA","HR-V","HR-V","SPORT UTILITY VEHICLE","SILVER","HAIL",,"MN","ST","YES","D",9791,"A","[PREMIUM]",23449.53,"2.0L 4","ALL WHEEL DRIVE","AUTOMATIC","GAS",4,"Run & Drive Verified","Pure Sale","[PREMIUM]",,"RAPID CITY","SD","57701","USA","USD","[PREMIUM]","[PREMIUM]","D080",false,"[PREMIUM]","EXL",false,false,"[PREMIUM]",,,,,,,,"[PREMIUM]"
"57913686","2026-07-15 21:01:26.042","2026-07-30 08:43:28.352","57913686","2026-07-14 21:38:38.000","[PREMIUM]","396","SD - RAPID CITY",,,,"MDT","0","V",2015,"FORD","EXPEDITION","EXPEDITION","4DR SPORT UTILITY","BLACK","HAIL","MINOR DENT/SCRATCHES","MN","ST","YES","D",164214,"A","[PREMIUM]",16046.51,"3.5L 6","4X4 W/REAR WHEEL DRV","AUTOMATIC","GAS",6,"Run & Drive Verified","Pure Sale","[PREMIUM]",,"RAPID CITY","SD","57701","USA","USD","[PREMIUM]","[PREMIUM]","B060",false,"[PREMIUM]","EL XLT",false,false,"[PREMIUM]",,,,,,,,"[PREMIUM]"
"57223246","2026-07-15 21:01:25.986","2026-07-30 08:43:28.316","57223246","2026-07-14 21:29:15.000","[PREMIUM]","841","CRASHEDTOYS POWERSPORT AUCTION",,,,"CDT","0","A",2021,"HONDA","TALON","TALON","SIDE BY SIDE","BLACK","MECHANICAL",,"SD","ST","YES","D",12207,"A","[PREMIUM]",14653.35,"2",,"AUTOMATIC","GAS",2,"Run & Drive Verified","Pure Sale","[PREMIUM]",,"RAPID CITY","SD","57701","USA","USD","[PREMIUM]","[PREMIUM]","A020",false,"[PREMIUM]",,false,false,"[PREMIUM]",,,,,,,,"[PREMIUM]"
"56767476","2026-07-15 21:01:25.957","2026-07-30 08:43:28.286","56767476","2026-07-14 21:38:37.000","[PREMIUM]","396","SD - RAPID CITY",,,,"MDT","0","V",2015,"NISSAN","ROGUE","ROGUE","WAGON","GRAY","FRONT END",,"MN","RS","YES","D",137122,"A","[PREMIUM]",0,"2.5L 4","ALL WHEEL DRIVE","AUTOMATIC","GAS",4,"Run & Drive Verified","Pure Sale","[PREMIUM]",,"RAPID CITY","SD","57701","USA","USD","[PREMIUM]","[PREMIUM]","C070",false,"[PREMIUM]","SL",false,false,"[PREMIUM]",,,,,,,,"[PREMIUM]"
"56422416","2026-07-15 21:01:25.911","2026-07-21 01:14:07.733","56422416","2026-07-14 18:56:27.000","[PREMIUM]","396","SD - RAPID CITY","2026-07-21","TUESDAY","1200","MDT","0","V",2007,"HYUNDAI","SONATA","SONATA",,"SILVER","MECHANICAL",,"SD","CT","YES","S",262844,"E","[PREMIUM]",0,,,"AUTOMATIC",,,"Vehicle Starts","On Approval","[PREMIUM]",,"RAPID CITY","SD","57701","USA","USD","[PREMIUM]","[PREMIUM]","C060",false,"[PREMIUM]",,false,false,"[PREMIUM]",,,,,,,,"[PREMIUM]"
"54919606","2026-07-15 21:01:25.840","2026-07-29 20:43:15.071","54919606","2026-07-29 17:49:00.000","[PREMIUM]","396","SD - RAPID CITY","2026-08-04","TUESDAY","1200","MDT","0","V",2003,"TOYT","AVALON","AVALON",,"PURPLE","MECHANICAL","MINOR DENT/SCRATCHES","SD","CT","YES","E",0,"E","[PREMIUM]",0,,,"AUTOMATIC",,,"DEFAULT","On Minimum Bid","[PREMIUM]",,"RAPID CITY","SD","57701","USA","USD","[PREMIUM]","[PREMIUM]","C040",false,"[PREMIUM]",,false,false,"[PREMIUM]",,,,,,,,"[PREMIUM]"
"51380236","2026-07-15 21:01:25.734","2026-07-21 01:14:07.602","51380236","2026-07-20 20:15:35.000","[PREMIUM]","855","WHOLESALE AUCTION","2026-07-21","TUESDAY","1200","EDT","3026","V",2022,"CHRYSLER","PACIFICA","PACIFICA","VAN PASSENGER","BLACK","NORMAL WEAR",,"VA","CT","YES","S",96285,"A","[PREMIUM]",0,"3.6L 6","FRONT WHEEL DRIVE","AUTOMATIC","FLEXIBLE",6,"Vehicle Starts","On Minimum Bid","[PREMIUM]",,"RAPID CITY","SD","57701","USA","USD","[PREMIUM]","[PREMIUM]","A030",false,"[PREMIUM]","TOURING L",false,true,"[PREMIUM]",,,,,"RED LIGHT",4,"Maintenance,Safety,Other,Emission","[PREMIUM]"
"50807076","2026-07-15 21:01:25.696","2026-07-30 08:43:28.161","50807076","2026-07-14 21:38:37.000","[PREMIUM]","396","SD - RAPID CITY",,,,"MDT","0","V",2008,"TOYOTA","RAV4","RAV4","4DR SPORT UTILITY","SILVER","FRONT END",,"MN","RS","NO","E",0,"E","[PREMIUM]",9641.49,"2.4L 4","ALL WHEEL DRIVE","AUTOMATIC","GAS",4,"DEFAULT","Pure Sale","[PREMIUM]",,"RAPID CITY","SD","57701","USA","USD","[PREMIUM]","[PREMIUM]","C080",false,"[PREMIUM]","LIMITED",false,false,"[PREMIUM]",,,,,,,,"[PREMIUM]"
"98101315","2026-07-15 21:01:25.657","2026-07-19 19:13:43.491","98101315","2026-07-18 12:18:15.000","[PREMIUM]","395","VT - RUTLAND","2026-07-20","MONDAY","1000","EDT","0","V",2025,"TOYOTA","HIGHLANDER","HIGHLANDER HYBRID","SUV","GRAY","REAR END","SIDE","VT","PO","YES","E",8767,"A","[PREMIUM]",44043.33,"2.5L 4","ALL WHEEL DRIVE","AUTOMATIC","ELECTRIC AND GAS HYBRID",4,"DEFAULT","Pure Sale","[PREMIUM]",,"CENTER RUTLAND","VT","05736","USA","USD","[PREMIUM]","[PREMIUM]","V070",false,"[PREMIUM]","LIMITED",false,false,"[PREMIUM]",,,,,,,,"[PREMIUM]"
"85968095","2026-07-15 21:01:25.613","2026-07-30 08:43:28.040","85968095","2026-07-15 17:59:21.000","[PREMIUM]","395","VT - RUTLAND",,,,"EDT","0","V",2023,"HONDA","PILOT","PILOT","SPORT UTILITY VEHICLE","WHITE","SIDE","REAR END","VT","ST","YES","D",69116,"A","[PREMIUM]",0,"3.5L 6","ALL WHEEL DRIVE","AUTOMATIC","GAS",6,"Run & Drive Verified","Pure Sale","[PREMIUM]",,"CENTER RUTLAND","VT","05736","USA","USD","[PREMIUM]","[PREMIUM]","A050",false,"[PREMIUM]","EXL",false,false,"[PREMIUM]",,,,,,,,"[PREMIUM]"
"79363225","2026-07-15 21:01:25.569","2026-07-30 08:43:28.020","79363225","2026-07-15 18:30:07.000","[PREMIUM]","395","VT - RUTLAND",,,,"EDT","0","V",2017,"VOLKSWAGEN","GOLF","GOLF ALLTRACK","WAGON","BLACK","BURN","REAR END","VT","ST","NO","E",0,"N","[PREMIUM]",14934.5,"1.8L 4","ALL WHEEL DRIVE","MANUAL","GAS",4,"DEFAULT","Pure Sale","[PREMIUM]",,"CENTER RUTLAND","VT","05736","USA","USD","[PREMIUM]","[PREMIUM]","B010",false,"[PREMIUM]","S",false,false,"[PREMIUM]",,,,,,,,"[PREMIUM]"
"61055726","2026-07-15 21:01:25.485","2026-07-26 19:22:08.498","61055726","2026-07-20 19:49:49.000","[PREMIUM]","395","VT - RUTLAND","2026-07-27","MONDAY","1000","EDT","0","V",2018,"SUBARU","CROSSTREK","CROSSTREK","SPORT UTILITY VEHICLE","SILVER","SIDE",,"VT","CT","YES","D",131828,"A","[PREMIUM]",0,"2.0L 4","ALL WHEEL DRIVE","AUTOMATIC","GAS",4,"Run & Drive Verified","On Minimum Bid","[PREMIUM]",,"CENTER RUTLAND","VT","05736","USA","USD","[PREMIUM]","[PREMIUM]","Z010",true,"[PREMIUM]","PREMIUM",false,false,"[PREMIUM]",,,,,,,,"[PREMIUM]"
"60927176","2026-07-15 21:01:25.485","2026-07-30 08:43:27.698","60927176","2026-07-27 15:06:11.000","[PREMIUM]","395","VT - RUTLAND","2026-08-03","MONDAY","1000","EDT","0","V",2012,"GMC","SIERRA","SIERRA","PICKUP","WHITE","UNDERCARRIAGE","MINOR DENT/SCRATCHES","NH","CT","YES","D",131441,"A","[PREMIUM]",0,"5.3L 8","4X4 W/REAR WHEEL DRV","AUTOMATIC","FLEXIBLE",8,"Run & Drive Verified","On Minimum Bid","[PREMIUM]",,"CENTER RUTLAND","VT","05736","USA","USD","[PREMIUM]","[PREMIUM]","A060",true,"[PREMIUM]","K1500 SLE",false,false,"[PREMIUM]",,,,,,,,"[PREMIUM]"
"61077406","2026-07-15 21:01:25.484","2026-07-30 08:43:27.763","61077406","2026-07-27 21:20:24.000","[PREMIUM]","395","VT - RUTLAND","2026-08-03","MONDAY","1000","EDT","0","V",2012,"TOYOTA","CAMRY SOLA","CAMRY HYBRID","SEDAN","WHITE","NORMAL WEAR","MINOR DENT/SCRATCHES","VT","CT","YES","D",315579,"A","[PREMIUM]",0,"2.5L 4","FRONT WHEEL DRIVE","AUTOMATIC","ELECTRIC AND GAS HYBRID",4,"Run & Drive Verified","On Minimum Bid","[PREMIUM]",,"CENTER RUTLAND","VT","05736","USA","USD","[PREMIUM]","[PREMIUM]","V090",true,"[PREMIUM]","XLE",false,false,"[PREMIUM]",,,,,,,,"[PREMIUM]"
"61156976","2026-07-15 21:01:25.479","2026-07-19 19:13:43.339","61156976","2026-07-15 13:41:08.000","[PREMIUM]","395","VT - RUTLAND","2026-07-20","MONDAY","1000","EDT","0","V",2012,"SUBARU","OUTBACK","OUTBACK","4DR SPORT UTILITY","SILVER","FRONT END","SIDE","VT","CT","YES","D",168543,"A","[PREMIUM]",0,"2.5L 4","ALL WHEEL DRIVE","AUTOMATIC","GAS",4,"Run & Drive Verified","On Minimum Bid","[PREMIUM]",,"CENTER RUTLAND","VT","05736","USA","USD","[PREMIUM]","[PREMIUM]","Q020",true,"[PREMIUM]","2.5I PREMIUM",false,false,"[PREMIUM]",,,,,,,,"[PREMIUM]"
"60919886","2026-07-15 21:01:25.470","2026-07-30 08:43:27.694","60919886","2026-07-16 19:00:47.000","[PREMIUM]","395","VT - RUTLAND",,,,"EDT","0","V",2017,"FORD","FIESTA","FIESTA","SEDAN 4DR","SILVER","FRONT END","MINOR DENT/SCRATCHES","VT","ST","YES","D",84226,"A","[PREMIUM]",5931.87,"1.6L 4","FRONT WHEEL DRIVE","AUTOMATIC","GAS",4,"Run & Drive Verified","Pure Sale","[PREMIUM]",,"CENTER RUTLAND","VT","05736","USA","USD","[PREMIUM]","[PREMIUM]","Y040",false,"[PREMIUM]","SE",false,false,"[PREMIUM]",,,,,,,,"[PREMIUM]"
"60956686","2026-07-15 21:01:25.464","2026-07-30 08:43:27.757","60956686","2026-07-14 18:44:24.000","[PREMIUM]","395","VT - RUTLAND",,,,"EDT","0","V",2017,"BUICK","ENCORE","ENCORE","4DR SPORT UTILITY","WHITE","REAR END",,"VT","ST","YES","D",164940,"A","[PREMIUM]",7877.15,"1.4L 4","ALL WHEEL DRIVE","AUTOMATIC","GAS",4,"Run & Drive Verified","Pure Sale","[PREMIUM]",,"CENTER RUTLAND","VT","05736","USA","USD","[PREMIUM]","[PREMIUM]","Q010",false,"[PREMIUM]","PREFERRED",false,false,"[PREMIUM]",,,,,,,,"[PREMIUM]"
"60551256","2026-07-15 21:01:25.455","2026-07-30 08:43:27.651","60551256","2026-07-27 17:21:39.000","[PREMIUM]","395","VT - RUTLAND","2026-08-03","MONDAY","1000","EDT","0","V",2017,"SUBARU","FORESTER","FORESTER","4DR SPORT UTILITY","SILVER","ROLLOVER",,"VT","ST","NO","E",0,"N","[PREMIUM]",21355.95,"2.5L 4","ALL WHEEL DRIVE","AUTOMATIC","GAS",4,"DEFAULT","On Approval","[PREMIUM]",,"CENTER RUTLAND","VT","05736","USA","USD","[PREMIUM]","[PREMIUM]","Y050",false,"[PREMIUM]","2.5I PREMIUM",false,false,"[PREMIUM]",,,,,,,,"[PREMIUM]"
"60588576","2026-07-15 21:01:25.455","2026-07-30 08:43:27.655","60588576","2026-07-28 20:28:37.000","[PREMIUM]","395","VT - RUTLAND","2026-08-03","MONDAY","1000","EDT","0","V",2020,"TOYOTA","COROLLA","COROLLA","SEDAN","SILVER","FRONT END","MINOR DENT/SCRATCHES","WV","SC","YES","D",79232,"A","[PREMIUM]",7971,"1.8L 4","FRONT WHEEL DRIVE","AUTOMATIC","GAS",4,"Run & Drive Verified","On Minimum Bid","[PREMIUM]",,"CENTER RUTLAND","VT","05736","USA","USD","[PREMIUM]","[PREMIUM]","Y030",false,"[PREMIUM]","LE",false,false,"[PREMIUM]",,,,,,,,"[PREMIUM]"
"60790396","2026-07-15 21:01:25.455","2026-07-30 08:43:27.654","60790396","2026-07-25 13:52:02.000","[PREMIUM]","395","VT - RUTLAND",,,,"EDT","0","V",2005,"BMW","3 SERIES","330","COUPE","WHITE","FRONT END","MINOR DENT/SCRATCHES","VT","ST","YES","D",184803,"A","[PREMIUM]",5978.42,"3.0L 6","REAR WHEEL DRIVE","MANUAL","GAS",6,"Run & Drive Verified","Pure Sale","[PREMIUM]",,"CENTER RUTLAND","VT","05736","USA","USD","[PREMIUM]","[PREMIUM]","A040",false,"[PREMIUM]","CI",false,false,"[PREMIUM]",,,,,,,,"[PREMIUM]"
"60623336","2026-07-15 21:01:25.451","2026-07-30 02:44:07.151","60623336","2026-07-28 21:45:03.000","[PREMIUM]","395","VT - RUTLAND","2026-08-03","MONDAY","1000","EDT","0","V",2007,"LEXUS","RX350","RX","4DR SPORT UTILITY","BLUE","REAR END","MINOR DENT/SCRATCHES","VT","CT","YES","D",307897,"X","[PREMIUM]",0,"3.5L 6","ALL WHEEL DRIVE","AUTOMATIC","GAS",6,"Run & Drive Verified","On Minimum Bid","[PREMIUM]",,"CENTER RUTLAND","VT","05736","USA","USD","[PREMIUM]","[PREMIUM]","W010",true,"[PREMIUM]","350",false,false,"[PREMIUM]",,,,,,,,"[PREMIUM]"
"60443986","2026-07-15 21:01:25.441","2026-07-30 08:43:27.626","60443986","2026-07-27 15:43:00.000","[PREMIUM]","395","VT - RUTLAND","2026-08-03","MONDAY","1000","EDT","0","V",2013,"TOYOTA","PRIUS","PRIUS C","HATCHBACK","BLUE","FRONT END","REAR END","VT","CT","YES","D",215795,"A","[PREMIUM]",0,"1.5L 4","FRONT WHEEL DRIVE","AUTOMATIC","ELECTRIC AND GAS HYBRID",4,"Run & Drive Verified","On Minimum Bid","[PREMIUM]",,"CENTER RUTLAND","VT","05736","USA","USD","[PREMIUM]","[PREMIUM]","V080",true,"[PREMIUM]","TWO",false,false,"[PREMIUM]",,,,,,,,"[PREMIUM]"
"60223426","2026-07-15 21:01:25.386","2026-07-30 02:44:07.127","60223426","2026-07-28 22:19:49.000","[PREMIUM]","395","VT - RUTLAND","2026-08-03","MONDAY","1000","EDT","0","V",2015,"SUBARU","FORESTER","FORESTER","4DR SPORT UTILITY","BLUE","MECHANICAL","MINOR DENT/SCRATCHES","VT","CT","YES","D",235052,"A","[PREMIUM]",0,"2.5L 4","ALL WHEEL DRIVE","AUTOMATIC","GAS",4,"Run & Drive Verified","On Minimum Bid","[PREMIUM]",,"CENTER RUTLAND","VT","05736","USA","USD","[PREMIUM]","[PREMIUM]","Z040",false,"[PREMIUM]","2.5I LIMITED",false,false,"[PREMIUM]",,,,,,,,"[PREMIUM]"
"60192186","2026-07-15 21:01:25.385","2026-07-30 08:43:27.567","60192186","2026-07-15 14:09:48.000","[PREMIUM]","395","VT - RUTLAND",,,,"EDT","0","V",2024,"HYUNDAI","IONIQ","IONIQ 5","SPORT UTILITY VEHICLE","BLACK","VANDALISM","MINOR DENT/SCRATCHES","VT","ST","YES","D",39331,"A","[PREMIUM]",27811.4,,"ALL WHEEL DRIVE","AUTOMATIC","ELECTRIC",,"Run & Drive Verified","Pure Sale","[PREMIUM]",,"CENTER RUTLAND","VT","05736","USA","USD","[PREMIUM]","[PREMIUM]","E010",false,"[PREMIUM]","SEL",false,false,"[PREMIUM]",,,,,,,,"[PREMIUM]"
"59724866","2026-07-15 21:01:25.331","2026-07-30 08:43:27.514","59724866","2026-07-15 15:03:21.000","[PREMIUM]","395","VT - RUTLAND",,,,"EDT","0","V",2016,"AUDI","Q5","Q5","4DR SPORT UTILITY","BLACK","FRONT END","MINOR DENT/SCRATCHES","VT","ST","YES","E",85346,"A","[PREMIUM]",14448.7,"3.0L 6","ALL WHEEL DRIVE","AUTOMATIC","DIESEL",6,"DEFAULT","Pure Sale","[PREMIUM]",,"CENTER RUTLAND","VT","05736","USA","USD","[PREMIUM]","[PREMIUM]","Y030",false,"[PREMIUM]","TDI PREMIUM PLUS",false,false,"[PREMIUM]",,,,,,,,"[PREMIUM]"
"59821706","2026-07-15 21:01:25.328","2026-07-29 04:47:38.962","59821706","2026-07-29 02:45:41.000","[PREMIUM]","880","*NCS - EASTERN REGION","2026-07-29","WEDNESDAY","2100","EDT","0","V",2019,"SUBARU","CROSSTREK","CROSSTREK","SPORT UTILITY VEHICLE","SILVER","HAIL","MINOR DENT/SCRATCHES","WV","SC","YES","D",127803,"A","[PREMIUM]",12686,"2.0L 4","ALL WHEEL DRIVE","MANUAL","GAS",4,"Run & Drive Verified","On Minimum Bid","[PREMIUM]",,"CENTER RUTLAND","VT","05736","USA","USD","[PREMIUM]","[PREMIUM]","V070",false,"[PREMIUM]","PREMIUM",false,false,"[PREMIUM]",,,,,,,,"[PREMIUM]"
"59697376","2026-07-15 21:01:25.291","2026-07-30 08:43:27.496","59697376","2026-07-15 13:03:34.000","[PREMIUM]","395","VT - RUTLAND",,,,"EDT","0","R",2006,"FORD","ECONOLINE","UNKNOWN","CUTAWAY","WHITE","VANDALISM","MINOR DENT/SCRATCHES","VT","ST","YES","D",41008,"A","[PREMIUM]",1244.36,"6.8L 10","REAR WHEEL DRIVE","AUTOMATIC","GAS",10,"Run & Drive Verified","Pure Sale","[PREMIUM]",,"CENTER RUTLAND","VT","05736","USA","USD","[PREMIUM]","[PREMIUM]","H010",false,"[PREMIUM]",,false,false,"[PREMIUM]",,,,,,,,"[PREMIUM]"
"59070176","2026-07-15 21:01:25.200","2026-07-30 08:43:27.373","59070176","2026-07-15 12:37:44.000","[PREMIUM]","395","VT - RUTLAND",,,,"EDT","0","V",2015,"SUBARU","XV","XV CROSSTREK","4DR SPORT UTILITY","BLACK","FRONT END","REAR END","VT","ST","YES","D",70374,"A","[PREMIUM]",12594.82,"2.0L 4","ALL WHEEL DRIVE","AUTOMATIC","GAS",4,"Run & Drive Verified","Pure Sale","[PREMIUM]",,"CENTER RUTLAND","VT","05736","USA","USD","[PREMIUM]","[PREMIUM]","B030",false,"[PREMIUM]","2.0 PREMIUM",false,false,"[PREMIUM]",,,,,,,,"[PREMIUM]"
"59029266","2026-07-15 21:01:25.194","2026-07-30 08:43:27.371","59029266","2026-07-14 20:37:23.000","[PREMIUM]","395","VT - RUTLAND",,,,"EDT","0","V",2018,"SUBARU","OUTBACK","OUTBACK","SPORT UTILITY VEHICLE","BLUE","FRONT END","MECHANICAL","NH","ST","YES","E",122714,"A","[PREMIUM]",0,"3.6L 6","ALL WHEEL DRIVE","AUTOMATIC","GAS",6,"DEFAULT","Pure Sale","[PREMIUM]",,"CENTER RUTLAND","VT","05736","USA","USD","[PREMIUM]","[PREMIUM]","Q020",false,"[PREMIUM]","3.6R LIMITED",false,false,"[PREMIUM]",,,,,,,,"[PREMIUM]"
"58940726","2026-07-15 21:01:25.184","2026-07-30 08:43:27.371","58940726","2026-07-18 14:26:46.000","[PREMIUM]","395","VT - RUTLAND",,,,"EDT","0","V",2018,"VOLKSWAGEN","TIGUAN","TIGUAN","SPORT UTILITY VEHICLE","WHITE","SIDE","MINOR DENT/SCRATCHES","VT","ST","YES","D",110306,"A","[PREMIUM]",11433.65,"2.0L 4","ALL WHEEL DRIVE","AUTOMATIC","GAS",4,"Run & Drive Verified","Pure Sale","[PREMIUM]",,"CENTER RUTLAND","VT","05736","USA","USD","[PREMIUM]","[PREMIUM]","W030",false,"[PREMIUM]",,false,false,"[PREMIUM]",,,,,,,,"[PREMIUM]"
"58489096","2026-07-15 21:01:25.168","2026-07-19 19:13:42.984","58489096","2026-07-15 15:27:06.000","[PREMIUM]","838","RENTAL VEHICLE SALE","2026-07-20","MONDAY","1200","EDT","0","V",2025,"NISSAN","SENTRA","SENTRA","SEDAN","BLUE","REAR END","FRONT END","FL","CD","YES","E",17185,"A","[PREMIUM]",0,"2.0L 4","FRONT WHEEL DRIVE","AUTOMATIC","GAS",4,"DEFAULT","On Approval","[PREMIUM]",,"CENTER RUTLAND","VT","05736","USA","USD","[PREMIUM]","[PREMIUM]","S010",false,"[PREMIUM]","SV",false,false,"[PREMIUM]",,,,,,,,"[PREMIUM]"
"58170576","2026-07-15 21:01:25.105","2026-07-30 08:43:27.262","58170576","2026-07-15 20:05:14.000","[PREMIUM]","395","VT - RUTLAND",,,,"EDT","0","V",2017,"VOLKSWAGEN","GOLF","GOLF ALLTRACK","WAGON","SILVER","FRONT END","MINOR DENT/SCRATCHES","VT","ST","YES","D",117184,"A","[PREMIUM]",6767.44,"1.8L 4","ALL WHEEL DRIVE","AUTOMATIC","GAS",4,"Run & Drive Verified","Pure Sale","[PREMIUM]",,"CENTER RUTLAND","VT","05736","USA","USD","[PREMIUM]","[PREMIUM]","Q010",false,"[PREMIUM]","S",false,false,"[PREMIUM]",,,,,,,,"[PREMIUM]"
"56823766","2026-07-15 21:01:24.851","2026-07-30 08:43:26.858","56823766","2026-07-14 18:18:40.000","[PREMIUM]","395","VT - RUTLAND",,,,"EDT","0","V",2020,"SUBARU","IMPREZA","IMPREZA","SEDAN","SILVER","FRONT END","MINOR DENT/SCRATCHES","VT","ST","YES",,0,"N","[PREMIUM]",13068,"2.0L 4","ALL WHEEL DRIVE","AUTOMATIC","GAS",4,,"Pure Sale","[PREMIUM]",,"CENTER RUTLAND","VT","05736","USA","USD","[PREMIUM]","[PREMIUM]","J010",false,"[PREMIUM]",,false,false,"[PREMIUM]",,,,,,,,"[PREMIUM]"
"56780806","2026-07-15 21:01:24.798","2026-07-30 08:43:26.875","56780806","2026-07-18 13:53:44.000","[PREMIUM]","395","VT - RUTLAND",,,,"EDT","0","V",2019,"TOYOTA","RAV4","RAV4","SPORT UTILITY VEHICLE","WHITE","FRONT END","MINOR DENT/SCRATCHES","VT","ST","YES","D",79426,"A","[PREMIUM]",10432,"2.5L 4","ALL WHEEL DRIVE","AUTOMATIC","GAS",4,"Run & Drive Verified","On Approval","[PREMIUM]",,"CENTER RUTLAND","VT","05736","USA","USD","[PREMIUM]","[PREMIUM]","Y040",false,"[PREMIUM]","LE",false,false,"[PREMIUM]",,,,,,,,"[PREMIUM]"
"56272446","2026-07-15 21:01:24.698","2026-07-30 08:43:26.816","56272446","2026-07-18 12:01:00.000","[PREMIUM]","395","VT - RUTLAND",,,,"EDT","0","V",2018,"JEEP","COMPASS","COMPASS","SPORT UTILITY VEHICLE","GRAY","FRONT END","MINOR DENT/SCRATCHES","VT","ST","YES","D",157976,"A","[PREMIUM]",6985.75,"2.4L 4","4X4 W/FRONT WHL DRV","AUTOMATIC","GAS",4,"Run & Drive Verified","Pure Sale","[PREMIUM]",,"CENTER RUTLAND","VT","05736","USA","USD","[PREMIUM]","[PREMIUM]","J020",false,"[PREMIUM]","LATITUDE",false,false,"[PREMIUM]",,,,,,,,"[PREMIUM]"
"55828856","2026-07-15 21:01:24.640","2026-07-30 08:43:26.739","55828856","2026-07-15 18:20:31.000","[PREMIUM]","395","VT - RUTLAND",,,,"EDT","0","V",2020,"HONDA","CIVIC","CIVIC","SEDAN","RED","FRONT END","SIDE","VT","ST","YES","E",0,"N","[PREMIUM]",17117.5,"2.0L 4","FRONT WHEEL DRIVE","AUTOMATIC","GAS",4,"DEFAULT","Pure Sale","[PREMIUM]",,"CENTER RUTLAND","VT","05736","USA","USD","[PREMIUM]","[PREMIUM]","O020",false,"[PREMIUM]","LX",false,false,"[PREMIUM]",,,,,,,,"[PREMIUM]"
"54858316","2026-07-15 21:01:24.512","2026-07-30 08:43:26.632","54858316","2026-07-18 12:42:59.000","[PREMIUM]","395","VT - RUTLAND",,,,"EDT","0","V",2016,"TOYOTA","COROLLA","COROLLA","SEDAN","WHITE","SIDE","MINOR DENT/SCRATCHES","VT","ST","YES","D",120875,"A","[PREMIUM]",6019.34,"1.8L 4","FRONT WHEEL DRIVE","AUTOMATIC","GAS",4,"Run & Drive Verified","Pure Sale","[PREMIUM]",,"CENTER RUTLAND","VT","05736","USA","USD","[PREMIUM]","[PREMIUM]","U100",false,"[PREMIUM]","LE",false,false,"[PREMIUM]",,,,,,,,"[PREMIUM]"
"52813086","2026-07-15 21:01:24.265","2026-07-30 08:43:26.530","52813086","2026-07-14 18:34:08.000","[PREMIUM]","395","VT - RUTLAND",,,,"EDT","0","V",2013,"NISSAN","ALTIMA","ALTIMA","SEDAN","RED","FRONT END","SIDE","VT","ST","YES","E",118000,"A","[PREMIUM]",6172,"2.5L 4","FRONT WHEEL DRIVE","AUTOMATIC","GAS",4,"DEFAULT","Pure Sale","[PREMIUM]",,"CENTER RUTLAND","VT","05736","USA","USD","[PREMIUM]","[PREMIUM]","J020",false,"[PREMIUM]","2.5",false,false,"[PREMIUM]",,,,,,,,"[PREMIUM]"
"52336506","2026-07-15 21:01:24.232","2026-07-30 08:43:26.490","52336506","2026-07-15 18:10:59.000","[PREMIUM]","395","VT - RUTLAND",,,,"EDT","0","V",2025,"TESLA","MODEL 3","MODEL 3","SEDAN","GRAY","FRONT END","SIDE","VT","ST","YES","E",28747,"A","[PREMIUM]",38447,,"ALL WHEEL DRIVE","AUTOMATIC","ELECTRIC",,"DEFAULT","Pure Sale","[PREMIUM]",,"CENTER RUTLAND","VT","05736","USA","USD","[PREMIUM]","[PREMIUM]","E010",false,"[PREMIUM]",,false,false,"[PREMIUM]",,,,,,,,"[PREMIUM]"
"48070036","2026-07-15 21:01:24.028","2026-07-30 08:43:26.376","48070036","2026-07-17 15:59:47.000","[PREMIUM]","841","CRASHEDTOYS POWERSPORT AUCTION",,,,"CDT","0","C",2012,"HARLEY-DAVIDSON","FL","FLTRX","ROAD","BLACK","SIDE","STRIPPED","VT","ST","YES","D",80950,"A","[PREMIUM]",6474,"2",,"AUTOMATIC",,2,"Run & Drive Verified","Pure Sale","[PREMIUM]",,"CENTER RUTLAND","VT","05736","USA","USD","[PREMIUM]","[PREMIUM]","GARAG",false,"[PREMIUM]","ROAD GLIDE CUSTOM",false,false,"[PREMIUM]",,,,,,,,"[PREMIUM]"
"85982215","2026-07-15 21:01:23.755","2026-07-30 08:43:26.223","85982215","2026-07-30 06:05:19.000","[PREMIUM]","394","TX - NORTH AUSTIN",,,,"CDT","0","V",2010,"LEXUS","ES 350","ES",,"BLUE","FRONT END",,"TX","SV","YES","D",163655,"E","[PREMIUM]",7209.45,,,"AUTOMATIC",,,"Run & Drive Verified","On Minimum Bid","[PREMIUM]",,"TAYLOR","TX","76574","USA","USD","[PREMIUM]","[PREMIUM]","F110",false,"[PREMIUM]","350",false,false,"[PREMIUM]",,,,,,,,"[PREMIUM]"
"60823556","2026-07-15 21:01:23.640","2026-07-30 08:43:25.319","60823556","2026-07-29 19:14:56.000","[PREMIUM]","394","TX - NORTH AUSTIN","2026-07-30","THURSDAY","1200","CDT","4109","V",2008,"INFINITI","FX35","FX35","SUV","SILVER","SIDE","MECHANICAL","TX","SV","YES","E",81246,"E","[PREMIUM]",4061,"3.5L 6","ALL WHEEL DRIVE","AUTOMATIC","GAS",6,"DEFAULT","On Minimum Bid","[PREMIUM]",,"TAYLOR","TX","76574","USA","USD","[PREMIUM]","[PREMIUM]","B140",false,"[PREMIUM]","BASE",false,false,"[PREMIUM]",,,,,,,,"[PREMIUM]"
"77613865","2026-07-15 21:01:23.583","2026-07-23 07:15:06.278","77613865","2026-07-22 16:29:23.000","[PREMIUM]","394","TX - NORTH AUSTIN","2026-07-23","THURSDAY","1200","CDT","25","V",2021,"TESLA","MODEL 3","MODEL 3",,"BLACK","REAR END","SIDE","ID","SC","YES","D",31351,"A","[PREMIUM]",17972,,"Rear-wheel drive","AUTOMATIC","ELECTRIC",,"Run & Drive Verified","Pure Sale","[PREMIUM]",,"TAYLOR","TX","76574","USA","USD","[PREMIUM]","[PREMIUM]","A180",false,"[PREMIUM]",,false,false,"[PREMIUM]",,,,,,,,"[PREMIUM]"
"60454046","2026-07-15 21:01:23.542","2026-07-23 07:15:05.666","60454046","2026-07-22 16:29:24.000","[PREMIUM]","394","TX - NORTH AUSTIN","2026-07-23","THURSDAY","1200","CDT","3099","V",2024,"HONDA","ODYSSEY","ODYSSEY","VAN PASSENGER","BLACK","FRONT END",,"TX","SV","YES","S",28028,"A","[PREMIUM]",26041.29,"3.5L 6","FRONT WHEEL DRIVE","AUTOMATIC","GAS",6,"Vehicle Starts","Pure Sale","[PREMIUM]",,"TAYLOR","TX","76574","USA","USD","[PREMIUM]","[PREMIUM]","D120",false,"[PREMIUM]","SPORT",false,false,"[PREMIUM]",,,,,,,,"[PREMIUM]"
"61131836","2026-07-15 21:01:23.468","2026-07-23 07:15:05.914","61131836","2026-07-22 16:29:24.000","[PREMIUM]","394","TX - NORTH AUSTIN","2026-07-23","THURSDAY","1200","CDT","3029","V",2013,"LEXUS","RX350","RX","4DR SPORT UTILITY","SILVER","FRONT END",,"TX","CT","YES","S",175706,"A","[PREMIUM]",0,"3.5L 6","FRONT WHEEL DRIVE","AUTOMATIC","GAS",6,"Vehicle Starts","On Minimum Bid","[PREMIUM]",,"TAYLOR","TX","76574","USA","USD","[PREMIUM]","[PREMIUM]","A090",true,"[PREMIUM]","350",false,false,"[PREMIUM]",,,,,,,,"[PREMIUM]"
"60438276","2026-07-15 21:01:23.463","2026-07-30 08:43:25.175","60438276","2026-07-14 23:24:20.000","[PREMIUM]","394","TX - NORTH AUSTIN",,,,"CDT","0","V",2018,"HYUNDAI","ELANTRA","ELANTRA","SEDAN","SILVER","HAIL","FRONT END","TX","CT","YES","E",97002,"A","[PREMIUM]",0,"2.0L 4","FRONT WHEEL DRIVE","AUTOMATIC","GAS",4,"DEFAULT","Pure Sale","[PREMIUM]",,"TAYLOR","TX","76574","USA","USD","[PREMIUM]","[PREMIUM]","E090",false,"[PREMIUM]","SE",false,false,"[PREMIUM]",,,,,,,,"[PREMIUM]"
"61060176","2026-07-15 21:01:23.454","2026-07-24 13:14:19.755","61060176","2026-07-23 23:36:11.000","[PREMIUM]","394","TX - NORTH AUSTIN","2026-07-30","THURSDAY","1200","CDT","0","V",2008,"TOYOTA","SIENNA","SIENNA","MINI-VAN","WHITE","NORMAL WEAR",,"TX","CT","YES","D",209574,"E","[PREMIUM]",0,"3.5L 6","FRONT WHEEL DRIVE","AUTOMATIC","GAS",6,"Run & Drive Verified","On Minimum Bid","[PREMIUM]",,"TAYLOR","TX","76574","USA","USD","[PREMIUM]","[PREMIUM]","C080",true,"[PREMIUM]","CE 7-PASSENGER",false,false,"[PREMIUM]",,,,,,,,"[PREMIUM]"
"60900416","2026-07-15 21:01:23.430","2026-07-30 08:43:25.352","60900416","2026-07-29 19:14:56.000","[PREMIUM]","394","TX - NORTH AUSTIN","2026-07-30","THURSDAY","1200","CDT","57","V",2015,"KIA","SOUL","SOUL","WAGON","BLACK","MECHANICAL",,"TX","CT","YES","D",131141,"A","[PREMIUM]",0,"1.6L 4","FRONT WHEEL DRIVE","AUTOMATIC","GAS",4,"Run & Drive Verified","On Minimum Bid","[PREMIUM]",,"TAYLOR","TX","76574","USA","USD","[PREMIUM]","[PREMIUM]","A040",true,"[PREMIUM]","BASE",false,false,"[PREMIUM]",,,,,,,,"[PREMIUM]"
"60644666","2026-07-15 21:01:23.428","2026-07-30 08:43:25.276","60644666","2026-07-29 21:48:20.000","[PREMIUM]","394","TX - NORTH AUSTIN","2026-07-30","THURSDAY","1200","CDT","2005","V",2017,"FORD","EDGE","EDGE","4DR SPORT UTILITY","WHITE","FRONT END","REAR END","TX","SV","YES","D",88990,"A","[PREMIUM]",8475,"2.0L 4","FRONT WHEEL DRIVE","AUTOMATIC","GAS",4,"Run & Drive Verified","On Minimum Bid","[PREMIUM]",,"TAYLOR","TX","76574","USA","USD","[PREMIUM]","[PREMIUM]","B040",false,"[PREMIUM]","SE",false,false,"[PREMIUM]",,,,,,,,"[PREMIUM]"
"60955026","2026-07-15 21:01:23.426","2026-07-15 21:01:23.426","60955026","2026-07-15 14:59:37.000","[PREMIUM]","394","TX - NORTH AUSTIN","2026-07-16","THURSDAY","1200","CDT","4115","V",2017,"TOYOTA","COROLLA","COROLLA","SEDAN","SILVER","FRONT END",,"TX","SV","YES","D",172724,"A","[PREMIUM]",6478.06,"1.8L 4","FRONT WHEEL DRIVE","AUTOMATIC","GAS",4,"Run & Drive Verified","Pure Sale","[PREMIUM]",,"TAYLOR","TX","76574","USA","USD","[PREMIUM]","[PREMIUM]","E060",false,"[PREMIUM]","LE",false,false,"[PREMIUM]",,,,,,,,"[PREMIUM]"
"60861946","2026-07-15 21:01:23.424","2026-07-30 08:43:25.360","60861946","2026-07-29 19:14:57.000","[PREMIUM]","394","TX - NORTH AUSTIN","2026-07-30","THURSDAY","1200","CDT","4121","V",2007,"HONDA","CIVIC","CIVIC","SEDAN 4DR","GRAY","REAR END",,"TX","SV","YES","D",212705,"E","[PREMIUM]",5778.87,"1.8L 4","FRONT WHEEL DRIVE","AUTOMATIC","GAS",4,"Run & Drive Verified","Pure Sale","[PREMIUM]",,"TAYLOR","TX","76574","USA","USD","[PREMIUM]","[PREMIUM]","E080",false,"[PREMIUM]","LX",false,false,"[PREMIUM]",,,,,,,,"[PREMIUM]"
"60445296","2026-07-15 21:01:23.349","2026-07-30 08:43:25.183","60445296","2026-07-14 23:30:19.000","[PREMIUM]","394","TX - NORTH AUSTIN",,,,"CDT","0","V",2014,"CHRYSLER","MINIVAN","TOWN & COUNTRY","SPORTS VAN","RED","HAIL","MECHANICAL","TX","CT","YES","E",180966,"A","[PREMIUM]",11467.34,"3.6L 6","FRONT WHEEL DRIVE","AUTOMATIC","FLEXIBLE",6,"DEFAULT","Pure Sale","[PREMIUM]",,"TAYLOR","TX","76574","USA","USD","[PREMIUM]","[PREMIUM]","A160",false,"[PREMIUM]","TOURING",false,false,"[PREMIUM]",,,,,,,,"[PREMIUM]"
"60599996","2026-07-15 21:01:23.346","2026-07-15 21:01:23.346","60599996","2026-07-15 14:59:36.000","[PREMIUM]","394","TX - NORTH AUSTIN","2026-07-16","THURSDAY","1200","CDT","3033","V",2018,"MERCEDES-BENZ","GLS-CLASS","GLS","SPORT UTILITY VEHICLE","GRAY","FRONT END",,"TX","SV","YES","S",74934,"A","[PREMIUM]",32614.54,"4.7L 8","ALL WHEEL DRIVE","AUTOMATIC","GAS",8,"Vehicle Starts","Pure Sale","[PREMIUM]",,"TAYLOR","TX","76574","USA","USD","[PREMIUM]","[PREMIUM]","G190",false,"[PREMIUM]","550 4MATIC",false,false,"[PREMIUM]",,,,,,,,"[PREMIUM]"
"59708866","2026-07-15 21:01:23.304","2026-07-30 08:43:24.977","59708866","2026-07-29 20:13:39.000","[PREMIUM]","394","TX - NORTH AUSTIN","2026-08-06","THURSDAY","1200","CDT","0","V",2024,"CHEVROLET","COLORADO","COLORADO","PICKUP","BLACK","FRONT END","UNDERCARRIAGE","TX","CT","YES","S",9927,"A","[PREMIUM]",14664.7,"2.7L 4","REAR WHEEL DRIVE","AUTOMATIC","GAS",4,"Vehicle Starts","On Minimum Bid","[PREMIUM]",,"TAYLOR","TX","76574","USA","USD","[PREMIUM]","[PREMIUM]","B170",false,"[PREMIUM]","LT",false,false,"[PREMIUM]",,,,,,,,"[PREMIUM]"
"60210176","2026-07-15 21:01:23.301","2026-07-15 21:01:23.301","60210176","2026-07-15 14:59:36.000","[PREMIUM]","394","TX - NORTH AUSTIN","2026-07-16","THURSDAY","1200","CDT","127","V",2014,"FORD","EDGE","EDGE","4DR SPORT UTILITY","GRAY","FRONT END",,"TX","SV","YES","D",72724,"A","[PREMIUM]",5864.45,"3.5L 6","FRONT WHEEL DRIVE","AUTOMATIC","GAS",6,"Run & Drive Verified","Pure Sale","[PREMIUM]",,"TAYLOR","TX","76574","USA","USD","[PREMIUM]","[PREMIUM]","A100",false,"[PREMIUM]","SEL",false,false,"[PREMIUM]",,,,,,,,"[PREMIUM]"
"60369996","2026-07-15 21:01:23.300","2026-07-21 07:12:22.655","60369996","2026-07-17 19:21:04.000","[PREMIUM]","394","TX - NORTH AUSTIN","2026-07-23","THURSDAY","1200","CDT","0","V",2019,"CHEVROLET","TRAX","TRAX","SPORT UTILITY VEHICLE","BLACK","SIDE",,"TX","SV","YES","D",117536,"A","[PREMIUM]",10829.67,"1.4L 4","FRONT WHEEL DRIVE","AUTOMATIC","GAS",4,"Run & Drive Verified","On Minimum Bid","[PREMIUM]",,"TAYLOR","TX","76574","USA","USD","[PREMIUM]","[PREMIUM]","D130",false,"[PREMIUM]","LS",false,false,"[PREMIUM]",,,,,,,,"[PREMIUM]"
"60178946","2026-07-15 21:01:23.241","2026-07-30 08:43:25.091","60178946","2026-07-29 19:14:56.000","[PREMIUM]","394","TX - NORTH AUSTIN","2026-07-30","THURSDAY","1200","CDT","4057","V",2009,"HONDA","CIVIC","CIVIC","SEDAN 4DR","GRAY","REAR END",,"TX","SV","YES","D",186209,"E","[PREMIUM]",8532.34,"1.8L 4","FRONT WHEEL DRIVE","MANUAL","GAS",4,"Run & Drive Verified","Pure Sale","[PREMIUM]",,"TAYLOR","TX","76574","USA","USD","[PREMIUM]","[PREMIUM]","F080",false,"[PREMIUM]","VP",false,false,"[PREMIUM]",,,,,,,,"[PREMIUM]"
"60024556","2026-07-15 21:01:23.205","2026-07-30 08:43:25.031","60024556","2026-07-30 06:05:17.000","[PREMIUM]","394","TX - NORTH AUSTIN",,,,"CDT","0","V",2017,"JEEP","WRANGLER","WRANGLER UNLIMITED","4DR SPORT UTILITY","BLUE","REAR END","FRONT END","TX","SV","YES","D",175397,"A","[PREMIUM]",1216.72,"3.6L 6","4X4 W/REAR WHEEL DRV","AUTOMATIC","FLEXIBLE",6,"Run & Drive Verified","Pure Sale","[PREMIUM]",,"TAYLOR","TX","76574","USA","USD","[PREMIUM]","[PREMIUM]","A080",false,"[PREMIUM]","SAHARA",false,false,"[PREMIUM]",,,,,,,,"[PREMIUM]"
"60049456","2026-07-15 21:01:23.176","2026-07-23 07:15:05.429","60049456","2026-07-22 16:29:23.000","[PREMIUM]","394","TX - NORTH AUSTIN","2026-07-23","THURSDAY","1200","CDT","34","V",2022,"TOYOTA","COROLLA","COROLLA","SEDAN","RED","FRONT END","SIDE","TX","SV","YES","D",49280,"A","[PREMIUM]",19107.99,"1.8L 4","FRONT WHEEL DRIVE","AUTOMATIC","ELECTRIC AND GAS HYBRID",4,"Run & Drive Verified","Pure Sale","[PREMIUM]",,"TAYLOR","TX","76574","USA","USD","[PREMIUM]","[PREMIUM]","D010",false,"[PREMIUM]","LE",false,false,"[PREMIUM]",,,,,,,,"[PREMIUM]"
"59886656","2026-07-15 21:01:23.167","2026-07-23 07:15:05.389","59886656","2026-07-22 16:29:25.000","[PREMIUM]","394","TX - NORTH AUSTIN","2026-07-23","THURSDAY","1200","CDT","4102","V",2019,"TOYOTA","COROLLA","COROLLA","SEDAN","BLACK","REAR END","FRONT END","TX","SV","YES","D",63627,"A","[PREMIUM]",11071.74,"1.8L 4","FRONT WHEEL DRIVE","AUTOMATIC","GAS",4,"Run & Drive Verified","Pure Sale","[PREMIUM]",,"TAYLOR","TX","76574","USA","USD","[PREMIUM]","[PREMIUM]","B010",false,"[PREMIUM]","LE",false,false,"[PREMIUM]",,,,,,,,"[PREMIUM]"
"60063876","2026-07-15 21:01:23.166","2026-07-23 07:15:05.490","60063876","2026-07-22 16:29:24.000","[PREMIUM]","394","TX - NORTH AUSTIN","2026-07-23","THURSDAY","1200","CDT","2082","V",2024,"HYUNDAI","PALISADE","PALISADE","SPORT UTILITY VEHICLE","MAROON","HAIL",,"TX","RS","YES","D",34907,"A","[PREMIUM]",0,"3.8L 6","FRONT WHEEL DRIVE","AUTOMATIC","GAS",6,"Run & Drive Verified","On Minimum Bid","[PREMIUM]",,"TAYLOR","TX","76574","USA","USD","[PREMIUM]","[PREMIUM]","B060",true,"[PREMIUM]","LIMITED",false,false,"[PREMIUM]",,,,,,,,"[PREMIUM]"
"59150136","2026-07-15 21:01:23.153","2026-07-23 07:15:05.139","59150136","2026-07-22 16:29:24.000","[PREMIUM]","394","TX - NORTH AUSTIN","2026-07-23","THURSDAY","1200","CDT","4013","V",2015,"CHEVROLET","TAHOE","TAHOE","4DR SPORT UTILITY","WHITE","FRONT END",,"TX","SV","YES","E",0,"N","[PREMIUM]",22331.19,"5.3L 8","4X4 W/REAR WHEEL DRV","AUTOMATIC","GAS",8,"DEFAULT","Pure Sale","[PREMIUM]",,"TAYLOR","TX","76574","USA","USD","[PREMIUM]","[PREMIUM]","E090",false,"[PREMIUM]","K1500 LTZ",false,false,"[PREMIUM]",,,,,,,,"[PREMIUM]"
"59870986","2026-07-15 21:01:23.127","2026-07-30 14:46:14.615","59870986","2026-07-29 19:14:56.000","[PREMIUM]","394","TX - NORTH AUSTIN","2026-07-30","THURSDAY","1200","CDT","2120","V",2016,"HYUNDAI","SONATA","SONATA","SEDAN 4DR","SILVER","FRONT END","HAIL","TX","SV","YES","D",95694,"A","[PREMIUM]",10057.62,"2.4L 4","FRONT WHEEL DRIVE","AUTOMATIC","GAS",4,"Run & Drive Verified","On Minimum Bid","[PREMIUM]",,"TAYLOR","TX","76574","USA","USD","[PREMIUM]","[PREMIUM]","B030",false,"[PREMIUM]","SE",false,false,"[PREMIUM]",,,,,,,,"[PREMIUM]"
"59384806","2026-07-15 21:01:22.988","2026-07-29 20:43:11.252","59384806","2026-07-29 19:14:56.000","[PREMIUM]","394","TX - NORTH AUSTIN","2026-07-30","THURSDAY","1200","CDT","2011","V",2023,"NISSAN","VERSA","VERSA","SEDAN","WHITE","REAR END",,"TN","SC","YES","D",110404,"A","[PREMIUM]",0,"1.6L 4","FRONT WHEEL DRIVE","AUTOMATIC","GAS",4,"Run & Drive Verified","On Minimum Bid","[PREMIUM]",,"TAYLOR","TX","76574","USA","USD","[PREMIUM]","[PREMIUM]","A130",true,"[PREMIUM]","S",false,false,"[PREMIUM]",,,,,,,,"[PREMIUM]"
"59281186","2026-07-15 21:01:22.965","2026-07-15 21:01:22.965","59281186","2026-07-15 14:59:36.000","[PREMIUM]","394","TX - NORTH AUSTIN","2026-07-16","THURSDAY","1200","CDT","2117","V",2019,"HYUNDAI","SONATA","SONATA HYBRID","SEDAN","SILVER","REAR END",,"TX","SV","YES","D",101397,"A","[PREMIUM]",11750.89,"2.0L 4","FRONT WHEEL DRIVE","AUTOMATIC","ELECTRIC AND GAS HYBRID",4,"Run & Drive Verified","Pure Sale","[PREMIUM]",,"TAYLOR","TX","76574","USA","USD","[PREMIUM]","[PREMIUM]","G070",false,"[PREMIUM]","LIMITED",false,false,"[PREMIUM]",,,,,,,,"[PREMIUM]"
"59171486","2026-07-15 21:01:22.925","2026-07-15 21:01:22.925","59171486","2026-07-15 14:59:36.000","[PREMIUM]","394","TX - NORTH AUSTIN","2026-07-16","THURSDAY","1200","CDT","131","V",2014,"BMW","5 SERIES","528","SEDAN 4DR","BLACK","FRONT END",,"TX","SV","YES","D",158896,"A","[PREMIUM]",6348.77,"2.0L 4","REAR WHEEL DRIVE","AUTOMATIC","GAS",4,"Run & Drive Verified","Pure Sale","[PREMIUM]",,"TAYLOR","TX","76574","USA","USD","[PREMIUM]","[PREMIUM]","A010",false,"[PREMIUM]","I",false,false,"[PREMIUM]",,,,,,,,"[PREMIUM]"
"58989546","2026-07-15 21:01:22.919","2026-07-30 08:43:24.806","58989546","2026-07-30 06:05:17.000","[PREMIUM]","394","TX - NORTH AUSTIN",,,,"CDT","0","V",2018,"HONDA","ACCORD","ACCORD","SEDAN","GRAY","FRONT END",,"TX","SV","YES","D",79935,"A","[PREMIUM]",11472.27,"1.5L 4","FRONT WHEEL DRIVE","AUTOMATIC","GAS",4,"Run & Drive Verified","Pure Sale","[PREMIUM]",,"TAYLOR","TX","76574","USA","USD","[PREMIUM]","[PREMIUM]","C020",false,"[PREMIUM]","LX",false,false,"[PREMIUM]",,,,,,,,"[PREMIUM]"
"58926016","2026-07-15 21:01:22.846","2026-07-15 21:01:22.846","58926016","2026-07-15 14:59:37.000","[PREMIUM]","394","TX - NORTH AUSTIN","2026-07-16","THURSDAY","1200","CDT","3116","V",2012,"CHEVROLET","EQUINOX","EQUINOX","4DR SPORT UTILITY","WHITE","FRONT END","SIDE","TX","SV","YES","S",104931,"A","[PREMIUM]",17847,"2.4L 4","FRONT WHEEL DRIVE","AUTOMATIC","FLEXIBLE",4,"Vehicle Starts","Pure Sale","[PREMIUM]",,"TAYLOR","TX","76574","USA","USD","[PREMIUM]","[PREMIUM]","G180",false,"[PREMIUM]","LS",false,false,"[PREMIUM]",,,,,,,,"[PREMIUM]"
"58862346","2026-07-15 21:01:22.844","2026-07-30 02:44:04.256","58862346","2026-07-29 19:14:56.000","[PREMIUM]","394","TX - NORTH AUSTIN","2026-07-30","THURSDAY","1200","CDT","75","V",2012,"LEXUS","ES350","ES","SEDAN 4DR","BLACK","MINOR DENT/SCRATCHES",,"OH","CT","YES","D",247048,"A","[PREMIUM]",0,"3.5L 6","FRONT WHEEL DRIVE","AUTOMATIC","GAS",6,"Run & Drive Verified","On Minimum Bid","[PREMIUM]",,"TAYLOR","TX","76574","USA","USD","[PREMIUM]","[PREMIUM]","D040",true,"[PREMIUM]","350",false,false,"[PREMIUM]",,,,,,,,"[PREMIUM]"
"58837746","2026-07-15 21:01:22.779","2026-07-30 08:43:24.751","58837746","2026-07-29 19:14:55.000","[PREMIUM]","394","TX - NORTH AUSTIN","2026-07-30","THURSDAY","1200","CDT","17","V",2020,"HONDA","CRV","CR-V","SPORT UTILITY VEHICLE","WHITE","SIDE","FRONT END","TX","SV","YES","D",56766,"A","[PREMIUM]",22781,"1.5L 4","FRONT WHEEL DRIVE","AUTOMATIC","GAS",4,"Run & Drive Verified","On Minimum Bid","[PREMIUM]",,"TAYLOR","TX","76574","USA","USD","[PREMIUM]","[PREMIUM]","D170",false,"[PREMIUM]","EX",false,false,"[PREMIUM]",,,,,,,,"[PREMIUM]"
"58012026","2026-07-15 21:01:22.692","2026-07-30 08:43:24.414","58012026","2026-07-30 06:05:17.000","[PREMIUM]","394","TX - NORTH AUSTIN",,,,"CDT","0","V",2010,"HONDA","CIVIC","CIVIC","SEDAN 4DR","GRAY","SIDE",,"TX","SV","YES","D",151997,"E","[PREMIUM]",6149,"1.8L 4","FRONT WHEEL DRIVE","AUTOMATIC","GAS",4,"Run & Drive Verified","On Minimum Bid","[PREMIUM]",,"TAYLOR","TX","76574","USA","USD","[PREMIUM]","[PREMIUM]","D010",false,"[PREMIUM]","LX",false,false,"[PREMIUM]",,,,,,,,"[PREMIUM]"
"58516726","2026-07-15 21:01:22.682","2026-07-30 08:43:24.599","58516726","2026-07-29 19:14:56.000","[PREMIUM]","394","TX - NORTH AUSTIN","2026-07-30","THURSDAY","1200","CDT","53","V",2010,"TOYOTA","CAMRY","CAMRY","SEDAN","WHITE","REAR END",,"FL","CT","YES","D",189352,"A","[PREMIUM]",0,"2.5L 4","FRONT WHEEL DRIVE","AUTOMATIC","GAS",4,"Run & Drive Verified","On Minimum Bid","[PREMIUM]",,"TAYLOR","TX","76574","USA","USD","[PREMIUM]","[PREMIUM]","G080",true,"[PREMIUM]","LE",false,false,"[PREMIUM]",,,,,,,,"[PREMIUM]"
"58429706","2026-07-15 21:01:22.639","2026-07-23 07:15:04.546","58429706","2026-07-22 16:29:24.000","[PREMIUM]","394","TX - NORTH AUSTIN","2026-07-23","THURSDAY","1200","CDT","3098","V",2016,"CADILLAC","ATS","ATS","SEDAN 4DR","SILVER","FRONT END",,"TX","SV","YES","S",59901,"A","[PREMIUM]",10828.16,"2.0L 4","REAR WHEEL DRIVE","AUTOMATIC","GAS",4,"Vehicle Starts","Pure Sale","[PREMIUM]",,"TAYLOR","TX","76574","USA","USD","[PREMIUM]","[PREMIUM]","E060",false,"[PREMIUM]","LUXURY",false,false,"[PREMIUM]",,,,,,,,"[PREMIUM]"
"58198826","2026-07-15 21:01:22.545","2026-07-23 07:15:04.429","58198826","2026-07-22 16:29:23.000","[PREMIUM]","394","TX - NORTH AUSTIN","2026-07-23","THURSDAY","1200","CDT","40","V",2025,"CHEVROLET","MALIBU","MALIBU","SEDAN","BLACK","REAR END","SIDE","TX","SV","YES","D",23310,"A","[PREMIUM]",19603.36,"1.5L 4","FRONT WHEEL DRIVE","AUTOMATIC","GAS",4,"Run & Drive Verified","Pure Sale","[PREMIUM]",,"TAYLOR","TX","76574","USA","USD","[PREMIUM]","[PREMIUM]","E010",false,"[PREMIUM]","RS",false,false,"[PREMIUM]",,,,,,,,"[PREMIUM]"
"57505616","2026-07-15 21:01:22.504","2026-07-23 07:15:04.032","57505616","2026-07-22 16:29:24.000","[PREMIUM]","394","TX - NORTH AUSTIN","2026-07-23","THURSDAY","1200","CDT","99","V",2012,"TOYOTA","CAMRY","CAMRY","SEDAN","BLACK","SIDE",,"TX","SV","YES","D",141628,"A","[PREMIUM]",14594.69,"2.5L 4","FRONT WHEEL DRIVE","AUTOMATIC","GAS",4,"Run & Drive Verified","Pure Sale","[PREMIUM]",,"TAYLOR","TX","76574","USA","USD","[PREMIUM]","[PREMIUM]","B010",false,"[PREMIUM]","LE",false,false,"[PREMIUM]",,,,,,,,"[PREMIUM]"
"58110196","2026-07-15 21:01:22.490","2026-07-23 07:15:04.355","58110196","2026-07-22 16:29:24.000","[PREMIUM]","394","TX - NORTH AUSTIN","2026-07-23","THURSDAY","1200","CDT","2052","V",2017,"FORD","ESCAPE","ESCAPE","4DR SPORT UTILITY","BLUE","SIDE",,"TX","SV","YES","D",0,"N","[PREMIUM]",14055.22,"2.0L 4","FRONT WHEEL DRIVE","AUTOMATIC","GAS",4,"Run & Drive Verified","Pure Sale","[PREMIUM]",,"TAYLOR","TX","76574","USA","USD","[PREMIUM]","[PREMIUM]","A130",false,"[PREMIUM]","TITANIUM",false,false,"[PREMIUM]",,,,,,,,"[PREMIUM]"
"57912996","2026-07-15 21:01:22.464","2026-07-15 21:01:22.464","57912996","2026-07-15 14:59:36.000","[PREMIUM]","394","TX - NORTH AUSTIN","2026-07-16","THURSDAY","1200","CDT","2024","V",2020,"NISSAN","VERSA","VERSA","SEDAN","WHITE","REAR END","FRONT END","TX","SV","YES","D",92531,"A","[PREMIUM]",8366.77,"1.6L 4","FRONT WHEEL DRIVE","AUTOMATIC","GAS",4,"Run & Drive Verified","Pure Sale","[PREMIUM]",,"TAYLOR","TX","76574","USA","USD","[PREMIUM]","[PREMIUM]","E070",false,"[PREMIUM]","SV",false,false,"[PREMIUM]",,,,,,,,"[PREMIUM]"
"57882396","2026-07-15 21:01:22.411","2026-07-23 07:15:04.273","57882396","2026-07-22 16:29:24.000","[PREMIUM]","394","TX - NORTH AUSTIN","2026-07-23","THURSDAY","1200","CDT","3102","V",2018,"FORD","FUSION","FUSION","SEDAN","BLUE","REAR END","FRONT END","TX","SV","YES","E",91489,"A","[PREMIUM]",16297.41,"2.5L 4","FRONT WHEEL DRIVE","AUTOMATIC","GAS",4,"DEFAULT","Pure Sale","[PREMIUM]",,"TAYLOR","TX","76574","USA","USD","[PREMIUM]","[PREMIUM]","D040",false,"[PREMIUM]","SE",false,false,"[PREMIUM]",,,,,,,,"[PREMIUM]"
"57697816","2026-07-15 21:01:22.382","2026-07-23 07:15:04.210","57697816","2026-07-22 16:29:24.000","[PREMIUM]","394","TX - NORTH AUSTIN","2026-07-23","THURSDAY","1200","CDT","4022","V",2013,"HONDA","PILOT","PILOT","4DR SPORT UTILITY","GRAY","NORMAL WEAR",,"TX","CT","YES","D",144074,"A","[PREMIUM]",0,"3.5L 6","FRONT WHEEL DRIVE","AUTOMATIC","GAS",6,"Run & Drive Verified","On Approval","[PREMIUM]",,"TAYLOR","TX","76574","USA","USD","[PREMIUM]","[PREMIUM]","A090",false,"[PREMIUM]","TOURING",false,false,"[PREMIUM]",,,,,,,,"[PREMIUM]"
"57688116","2026-07-15 21:01:22.352","2026-07-30 08:43:24.283","57688116","2026-07-29 19:14:56.000","[PREMIUM]","394","TX - NORTH AUSTIN","2026-07-30","THURSDAY","1200","CDT","3094","V",2014,"GMC","SIERRA","SIERRA","CREW PICKUP","GRAY","FRONT END",,"TX","SV","YES","S",124362,"A","[PREMIUM]",19088.13,"5.3L 8","4X4 W/REAR WHEEL DRV","AUTOMATIC","GAS",8,"Vehicle Starts","Pure Sale","[PREMIUM]",,"TAYLOR","TX","76574","USA","USD","[PREMIUM]","[PREMIUM]","H160",false,"[PREMIUM]","K1500 SLT",false,false,"[PREMIUM]",,,,,,,,"[PREMIUM]"
"57647646","2026-07-15 21:01:22.346","2026-07-30 08:43:24.285","57647646","2026-07-30 06:05:17.000","[PREMIUM]","394","TX - NORTH AUSTIN",,,,"CDT","0","V",2021,"TESLA","MODEL 3","MODEL 3","SEDAN","WHITE","SIDE","REAR END","TX","SV","YES","D",83229,"A","[PREMIUM]",15083.78,,"REAR WHEEL DRIVE","AUTOMATIC","ELECTRIC",,"Run & Drive Verified","Pure Sale","[PREMIUM]",,"TAYLOR","TX","76574","USA","USD","[PREMIUM]","[PREMIUM]","A190",false,"[PREMIUM]",,false,false,"[PREMIUM]",,,,,,,,"[PREMIUM]"
"57580826","2026-07-15 21:01:22.295","2026-07-23 07:15:04.120","57580826","2026-07-22 16:29:24.000","[PREMIUM]","394","TX - NORTH AUSTIN","2026-07-23","THURSDAY","1200","CDT","119","V",2020,"HONDA","ACCORD","ACCORD","SEDAN","BLACK","REAR END",,"TX","SV","YES","D",118121,"A","[PREMIUM]",9818.99,"1.5L 4","FRONT WHEEL DRIVE","AUTOMATIC","GAS",4,"Run & Drive Verified","Pure Sale","[PREMIUM]",,"TAYLOR","TX","76574","USA","USD","[PREMIUM]","[PREMIUM]","E040",false,"[PREMIUM]","SPORT",false,false,"[PREMIUM]",,,,,,,,"[PREMIUM]"
"57515166","2026-07-15 21:01:22.266","2026-07-23 07:15:04.039","57515166","2026-07-22 16:29:24.000","[PREMIUM]","394","TX - NORTH AUSTIN","2026-07-23","THURSDAY","1200","CDT","3089","V",2008,"HONDA","ACCORD","ACCORD","SEDAN 4DR","BLUE","FRONT END",,"TX","SV","YES","S",220280,"E","[PREMIUM]",3958.23,"2.4L 4","FRONT WHEEL DRIVE","AUTOMATIC","GAS",4,"Vehicle Starts","Pure Sale","[PREMIUM]",,"TAYLOR","TX","76574","USA","USD","[PREMIUM]","[PREMIUM]","G100",false,"[PREMIUM]","LX",false,false,"[PREMIUM]",,,,,,,,"[PREMIUM]"
"57412586","2026-07-15 21:01:22.215","2026-07-23 07:15:03.966","57412586","2026-07-22 16:29:24.000","[PREMIUM]","394","TX - NORTH AUSTIN","2026-07-23","THURSDAY","1200","CDT","2080","V",2015,"NISSAN","VERSA","VERSA","HATCHBACK","TURQUOISE","VANDALISM",,"TX","CT","YES","D",81875,"A","[PREMIUM]",0,"1.6L 4","FRONT WHEEL DRIVE","AUTOMATIC","GAS",4,"Run & Drive Verified","Pure Sale","[PREMIUM]",,"TAYLOR","TX","76574","USA","USD","[PREMIUM]","[PREMIUM]","E100",false,"[PREMIUM]",,false,false,"[PREMIUM]",,,,,,,,"[PREMIUM]"
"57421066","2026-07-15 21:01:22.208","2026-07-15 21:01:22.208","57421066","2026-07-15 14:59:37.000","[PREMIUM]","394","TX - NORTH AUSTIN","2026-07-16","THURSDAY","1200","CDT","4101","V",2024,"HYUNDAI","SANTA CRUZ","SANTA CRUZ","SPORT UTILITY TRUCK","BLACK","SIDE","FRONT END","TX","SV","YES","D",20152,"A","[PREMIUM]",14148.4,"2.5L 4","FRONT WHEEL DRIVE","AUTOMATIC","GAS",4,"Run & Drive Verified","Pure Sale","[PREMIUM]",,"TAYLOR","TX","76574","USA","USD","[PREMIUM]","[PREMIUM]","E160",false,"[PREMIUM]","SEL",false,false,"[PREMIUM]",,,,,,,,"[PREMIUM]"
"57257826","2026-07-15 21:01:22.118","2026-07-30 08:43:24.076","57257826","2026-07-30 06:05:17.000","[PREMIUM]","394","TX - NORTH AUSTIN",,,,"CDT","0","V",2020,"SUBARU","FORESTER","FORESTER","SPORT UTILITY VEHICLE","CHARCOAL","SIDE","REAR END","TX","SV","YES","D",46208,"A","[PREMIUM]",10410,"2.5L 4","ALL WHEEL DRIVE","AUTOMATIC","GAS",4,"Run & Drive Verified","On Minimum Bid","[PREMIUM]",,"TAYLOR","TX","76574","USA","USD","[PREMIUM]","[PREMIUM]","A130",false,"[PREMIUM]","PREMIUM",false,false,"[PREMIUM]",,,,,,,,"[PREMIUM]"
"57245516","2026-07-15 21:01:22.114","2026-07-15 21:01:22.114","57245516","2026-07-15 14:59:36.000","[PREMIUM]","394","TX - NORTH AUSTIN","2026-07-16","THURSDAY","1200","CDT","35","V",2014,"HONDA","ODYSSEY","ODYSSEY","SPORTS VAN","CHARCOAL","REAR END",,"TX","SV","YES","D",212843,"A","[PREMIUM]",6839.73,"3.5L 6","FRONT WHEEL DRIVE","AUTOMATIC","GAS",6,"Run & Drive Verified","Pure Sale","[PREMIUM]",,"TAYLOR","TX","76574","USA","USD","[PREMIUM]","[PREMIUM]","C130",false,"[PREMIUM]","EXL",false,false,"[PREMIUM]",,,,,,,,"[PREMIUM]"
"57255866","2026-07-15 21:01:22.107","2026-07-23 07:15:03.881","57255866","2026-07-22 16:29:25.000","[PREMIUM]","394","TX - NORTH AUSTIN","2026-07-23","THURSDAY","1200","CDT","4036","V",2021,"TESLA","MODEL 3","MODEL 3","SEDAN","BLACK","SIDE",,"TX","SV","YES","D",48913,"A","[PREMIUM]",16139.56,,"REAR WHEEL DRIVE","AUTOMATIC","ELECTRIC",,"Run & Drive Verified","Pure Sale","[PREMIUM]",,"TAYLOR","TX","76574","USA","USD","[PREMIUM]","[PREMIUM]","A200",false,"[PREMIUM]",,false,false,"[PREMIUM]",,,,,,,,"[PREMIUM]"
"57212556","2026-07-15 21:01:22.094","2026-07-15 21:01:22.094","57212556","2026-07-15 14:59:36.000","[PREMIUM]","394","TX - NORTH AUSTIN","2026-07-16","THURSDAY","1200","CDT","38","V",2009,"NISSAN","370Z","370Z","COUPE","BLACK","SIDE","FRONT END","TX","SV","YES","D",100598,"E","[PREMIUM]",20713.55,"3.7L 6","REAR WHEEL DRIVE","AUTOMATIC","GAS",6,"Run & Drive Verified","Pure Sale","[PREMIUM]",,"TAYLOR","TX","76574","USA","USD","[PREMIUM]","[PREMIUM]","B080",false,"[PREMIUM]","BASE",false,false,"[PREMIUM]",,,,,,,,"[PREMIUM]"
"57200016","2026-07-15 21:01:22.092","2026-07-23 07:15:03.880","57200016","2026-07-22 16:29:25.000","[PREMIUM]","394","TX - NORTH AUSTIN","2026-07-23","THURSDAY","1200","CDT","4086","V",2019,"KIA","OPTIMA","OPTIMA","SEDAN","SILVER","VANDALISM",,"TX","SV","YES","D",90857,"N","[PREMIUM]",9243.69,"2.4L 4","FRONT WHEEL DRIVE","AUTOMATIC","GAS",4,"Run & Drive Verified","Pure Sale","[PREMIUM]",,"TAYLOR","TX","76574","USA","USD","[PREMIUM]","[PREMIUM]","C050",false,"[PREMIUM]","LX",false,false,"[PREMIUM]",,,,,,,,"[PREMIUM]"
"57185936","2026-07-15 21:01:22.029","2026-07-23 07:15:03.831","57185936","2026-07-22 16:29:25.000","[PREMIUM]","394","TX - NORTH AUSTIN","2026-07-23","THURSDAY","1200","CDT","4133","V",2021,"MAZDA","CX-5","CX-5","SPORT UTILITY VEHICLE","WHITE","REAR END","FRONT END","TX","SV","YES","D",85650,"A","[PREMIUM]",15841.49,"2.5L 4","FRONT WHEEL DRIVE","AUTOMATIC","GAS",4,"Run & Drive Verified","Pure Sale","[PREMIUM]",,"TAYLOR","TX","76574","USA","USD","[PREMIUM]","[PREMIUM]","D090",false,"[PREMIUM]","GRAND TOURING",false,false,"[PREMIUM]",,,,,,,,"[PREMIUM]"
"57176396","2026-07-15 21:01:22.026","2026-07-23 07:15:03.832","57176396","2026-07-22 16:29:24.000","[PREMIUM]","394","TX - NORTH AUSTIN","2026-07-23","THURSDAY","1200","CDT","3005","V",2025,"VOLVO","XC40","XC40","SPORT UTILITY VEHICLE","GREEN","WATER/FLOOD",,"TX","FV","YES","E",32548,"A","[PREMIUM]",24198.03,"2.0L 4","ALL WHEEL DRIVE","AUTOMATIC","GAS",4,"DEFAULT","Pure Sale","[PREMIUM]",,"TAYLOR","TX","76574","USA","USD","[PREMIUM]","[PREMIUM]","F130",false,"[PREMIUM]","PLUS",false,false,"[PREMIUM]",,,,,,,,"[PREMIUM]"
"57138426","2026-07-15 21:01:21.976","2026-07-23 07:15:03.840","57138426","2026-07-22 16:29:24.000","[PREMIUM]","394","TX - NORTH AUSTIN","2026-07-23","THURSDAY","1200","CDT","3030","V",2023,"TOYOTA","HIGHLANDER","HIGHLANDER","SUV","SILVER","FRONT END","SIDE","TX","SV","YES","E",0,"N","[PREMIUM]",28284.38,"2.4L 4","FRONT WHEEL DRIVE","AUTOMATIC","GAS",4,"DEFAULT","Pure Sale","[PREMIUM]",,"TAYLOR","TX","76574","USA","USD","[PREMIUM]","[PREMIUM]","E160",false,"[PREMIUM]","LE",false,false,"[PREMIUM]",,,,,,,,"[PREMIUM]"
"57060986","2026-07-15 21:01:21.973","2026-07-27 22:47:17.901","57060986","2026-07-27 19:04:18.000","[PREMIUM]","881","*NCS - CENTRAL REGION","2026-07-27","MONDAY","2000","CDT","6137","V",2016,"NISSAN","FRONTIER","FRONTIER","PICKUP","BLUE","REAR END",,"FL","RB","YES","D",134258,"A","[PREMIUM]",8345,"4.0L 6","4X2","AUTOMATIC","GAS",6,"Run & Drive Verified","On Approval","[PREMIUM]",,"TAYLOR","TX","76574","USA","USD","[PREMIUM]","[PREMIUM]","D190",false,"[PREMIUM]","SV",false,false,"[PREMIUM]",,,,,,,,"[PREMIUM]"
"56974126","2026-07-15 21:01:21.885","2026-07-30 08:43:23.833","56974126","2026-07-30 06:05:16.000","[PREMIUM]","394","TX - NORTH AUSTIN",,,,"CDT","0","V",2020,"DODGE","JOURNEY","JOURNEY","SPORT UTILITY VEHICLE","BLACK","SIDE","UNDERCARRIAGE","TX","SV","YES","D",84625,"A","[PREMIUM]",3065.5,"2.4L 4","FRONT WHEEL DRIVE","AUTOMATIC","GAS",4,"Run & Drive Verified","Pure Sale","[PREMIUM]",,"TAYLOR","TX","76574","USA","USD","[PREMIUM]","[PREMIUM]","A050",false,"[PREMIUM]","SE",false,false,"[PREMIUM]",,,,,,,,"[PREMIUM]"
"56964306","2026-07-15 21:01:21.878","2026-07-15 21:01:21.878","56964306","2026-07-15 14:59:37.000","[PREMIUM]","394","TX - NORTH AUSTIN","2026-07-16","THURSDAY","1200","CDT","3146","V",2024,"LEXUS","RX350","RX 350","SUV","WHITE","FRONT END",,"TX","SV","YES","D",20360,"A","[PREMIUM]",29543.68,"2.4L 4","FRONT WHEEL DRIVE","AUTOMATIC","GAS",4,"Run & Drive Verified","Pure Sale","[PREMIUM]",,"TAYLOR","TX","76574","USA","USD","[PREMIUM]","[PREMIUM]","B050",false,"[PREMIUM]","PREMIUM",false,false,"[PREMIUM]",,,,,,,,"[PREMIUM]"
"56935946","2026-07-15 21:01:21.878","2026-07-23 07:15:03.561","56935946","2026-07-22 16:29:24.000","[PREMIUM]","394","TX - NORTH AUSTIN","2026-07-23","THURSDAY","1200","CDT","4010","V",2022,"HONDA","ACCORD","ACCORD","SEDAN","GRAY","FRONT END","UNDERCARRIAGE","TX","SV","YES","D",50761,"A","[PREMIUM]",18163.43,"2.0L 4","FRONT WHEEL DRIVE","AUTOMATIC","ELECTRIC AND GAS HYBRID",4,"Run & Drive Verified","Pure Sale","[PREMIUM]",,"TAYLOR","TX","76574","USA","USD","[PREMIUM]","[PREMIUM]","A040",false,"[PREMIUM]","HYBRID SPORT",false,false,"[PREMIUM]",,,,,,,,"[PREMIUM]"
"56989896","2026-07-15 21:01:21.872","2026-07-30 08:43:23.833","56989896","2026-07-30 06:05:16.000","[PREMIUM]","394","TX - NORTH AUSTIN",,,,"CDT","0","V",2025,"TOYOTA","CAMRY","CAMRY","SEDAN","CHARCOAL","FRONT END",,"TX","SV","YES","D",49283,"A","[PREMIUM]",12701.04,"2.5L 4","FRONT WHEEL DRIVE","AUTOMATIC","ELECTRIC AND GAS HYBRID",4,"Run & Drive Verified","On Minimum Bid","[PREMIUM]",,"TAYLOR","TX","76574","USA","USD","[PREMIUM]","[PREMIUM]","B130",false,"[PREMIUM]","SE",false,false,"[PREMIUM]",,,,,,,,"[PREMIUM]"
"56862856","2026-07-15 21:01:21.783","2026-07-15 21:01:21.783","56862856","2026-07-15 14:59:36.000","[PREMIUM]","394","TX - NORTH AUSTIN","2026-07-16","THURSDAY","1200","CDT","3028","V",2023,"VOLKSWAGEN","TIGUAN","TIGUAN","SPORT UTILITY VEHICLE","WHITE","FRONT END",,"TX","SV","YES","S",16160,"A","[PREMIUM]",23683,"2.0L 4","ALL WHEEL DRIVE","AUTOMATIC","GAS",4,"Vehicle Starts","Pure Sale","[PREMIUM]",,"TAYLOR","TX","76574","USA","USD","[PREMIUM]","[PREMIUM]","B030",false,"[PREMIUM]","SE R-LINE BLACK",false,false,"[PREMIUM]",,,,,,,,"[PREMIUM]"
"56874156","2026-07-15 21:01:21.781","2026-07-30 08:43:23.782","56874156","2026-07-29 19:14:56.000","[PREMIUM]","394","TX - NORTH AUSTIN","2026-07-30","THURSDAY","1200","CDT","4061","V",2015,"HYUNDAI","SONATA","SONATA","SEDAN","WHITE","SIDE","FRONT END","TX","SV","YES","D",120372,"A","[PREMIUM]",9794,"2.4L 4","FRONT WHEEL DRIVE","AUTOMATIC","GAS",4,"Run & Drive Verified","Pure Sale","[PREMIUM]",,"TAYLOR","TX","76574","USA","USD","[PREMIUM]","[PREMIUM]","D090",false,"[PREMIUM]","LIMITED",false,false,"[PREMIUM]",,,,,,,,"[PREMIUM]"
"56821626","2026-07-15 21:01:21.778","2026-07-30 08:43:23.744","56821626","2026-07-29 19:14:56.000","[PREMIUM]","394","TX - NORTH AUSTIN","2026-07-30","THURSDAY","1200","CDT","3072","V",2020,"NISSAN","ALTIMA","ALTIMA","SEDAN","WHITE","FRONT END",,"TX","SV","YES","E",173453,"A","[PREMIUM]",0,"2.5L 4","FRONT WHEEL DRIVE","AUTOMATIC","GAS",4,"DEFAULT","Pure Sale","[PREMIUM]",,"TAYLOR","TX","76574","USA","USD","[PREMIUM]","[PREMIUM]","A100",false,"[PREMIUM]","S",false,false,"[PREMIUM]",,,,,,,,"[PREMIUM]"
"56821416","2026-07-15 21:01:21.742","2026-07-15 21:01:21.742","56821416","2026-07-15 14:59:36.000","[PREMIUM]","394","TX - NORTH AUSTIN","2026-07-16","THURSDAY","1200","CDT","2050","V",2014,"MINI","COOPER","COOPER","HATCHBACK 2DR","BEIGE","FRONT END",,"TX","SV","YES","D",35388,"A","[PREMIUM]",9509,"2.0L 4","FRONT WHEEL DRIVE","AUTOMATIC","GAS",4,"Run & Drive Verified","Pure Sale","[PREMIUM]",,"TAYLOR","TX","76574","USA","USD","[PREMIUM]","[PREMIUM]","D040",false,"[PREMIUM]","S",false,false,"[PREMIUM]",,,,,,,,"[PREMIUM]"
"56720826","2026-07-15 21:01:21.678","2026-07-30 08:43:23.751","56720826","2026-07-30 06:05:16.000","[PREMIUM]","394","TX - NORTH AUSTIN",,,,"CDT","0","V",2026,"TOYOTA","CAMRY","CAMRY","SEDAN","WHITE","FRONT END",,"TX","SV","YES","E",44085,"A","[PREMIUM]",33093.52,"2.5L 4","FRONT WHEEL DRIVE","AUTOMATIC","ELECTRIC AND GAS HYBRID",4,"DEFAULT","On Approval","[PREMIUM]",,"TAYLOR","TX","76574","USA","USD","[PREMIUM]","[PREMIUM]","G090",false,"[PREMIUM]","XSE",false,false,"[PREMIUM]",,,,,,,,"[PREMIUM]"
"56611966","2026-07-15 21:01:21.628","2026-07-30 08:43:23.644","56611966","2026-07-30 06:05:16.000","[PREMIUM]","394","TX - NORTH AUSTIN",,,,"CDT","0","V",2026,"TOYOTA","CAMRY","CAMRY","SEDAN","SILVER","FRONT END",,"TX","SV","YES","D",29741,"A","[PREMIUM]",26271.6,"2.5L 4","FRONT WHEEL DRIVE","AUTOMATIC","ELECTRIC AND GAS HYBRID",4,"Run & Drive Verified","Pure Sale","[PREMIUM]",,"TAYLOR","TX","76574","USA","USD","[PREMIUM]","[PREMIUM]","C080",false,"[PREMIUM]","LE",false,false,"[PREMIUM]",,,,,,,,"[PREMIUM]"
"56538386","2026-07-15 21:01:21.566","2026-07-23 07:15:03.317","56538386","2026-07-22 16:29:24.000","[PREMIUM]","394","TX - NORTH AUSTIN","2026-07-23","THURSDAY","1200","CDT","2085","V",2019,"JEEP","CHEROKEE","GRAND CHEROKEE","SPORT UTILITY VEHICLE","WHITE","FRONT END",,"TX","SV","YES","D",94711,"A","[PREMIUM]",15175.53,"3.6L 6","REAR WHEEL DRIVE","AUTOMATIC","FLEXIBLE",6,"Run & Drive Verified","Pure Sale","[PREMIUM]",,"TAYLOR","TX","76574","USA","USD","[PREMIUM]","[PREMIUM]","B100",false,"[PREMIUM]","LIMITED",false,false,"[PREMIUM]",,,,,,,,"[PREMIUM]"
"56412056","2026-07-15 21:01:21.489","2026-07-23 07:15:03.093","56412056","2026-07-22 16:29:24.000","[PREMIUM]","394","TX - NORTH AUSTIN","2026-07-23","THURSDAY","1200","CDT","2037","V",2018,"NISSAN","SENTRA","SENTRA","SEDAN","GRAY","FRONT END",,"TX","SV","YES","D",97263,"A","[PREMIUM]",5638.07,"1.8L 4","FRONT WHEEL DRIVE","AUTOMATIC","GAS",4,"Run & Drive Verified","Pure Sale","[PREMIUM]",,"TAYLOR","TX","76574","USA","USD","[PREMIUM]","[PREMIUM]","D040",false,"[PREMIUM]","S",false,false,"[PREMIUM]",,,,,,,,"[PREMIUM]"
"56260546","2026-07-15 21:01:21.447","2026-07-30 08:43:23.528","56260546","2026-07-30 06:05:16.000","[PREMIUM]","394","TX - NORTH AUSTIN",,,,"CDT","0","V",2015,"TOYOTA","RAV4","RAV4","4DR SPORT UTILITY","WHITE","REAR END",,"TX","SV","YES","D",94909,"A","[PREMIUM]",0,"2.5L 4","FRONT WHEEL DRIVE","AUTOMATIC","GAS",4,"Run & Drive Verified","Pure Sale","[PREMIUM]",,"TAYLOR","TX","76574","USA","USD","[PREMIUM]","[PREMIUM]","B150",false,"[PREMIUM]","XLE",false,false,"[PREMIUM]",,,,,,,,"[PREMIUM]"
"56249926","2026-07-15 21:01:21.402","2026-07-30 08:43:23.538","56249926","2026-07-30 06:05:16.000","[PREMIUM]","394","TX - NORTH AUSTIN",,,,"CDT","0","V",2016,"HYUNDAI","ELANTRA","ELANTRA","SEDAN","BLACK","FRONT END","SIDE","TX","SV","YES","D",185181,"A","[PREMIUM]",2978.07,"1.8L 4","FRONT WHEEL DRIVE","AUTOMATIC","GAS",4,"Run & Drive Verified","Pure Sale","[PREMIUM]",,"TAYLOR","TX","76574","USA","USD","[PREMIUM]","[PREMIUM]","E040",false,"[PREMIUM]","SE",false,false,"[PREMIUM]",,,,,,,,"[PREMIUM]"
"56225376","2026-07-15 21:01:21.389","2026-07-23 07:15:03.033","56225376","2026-07-22 16:29:24.000","[PREMIUM]","394","TX - NORTH AUSTIN","2026-07-23","THURSDAY","1200","CDT","2129","V",2018,"GMC","YUKON","YUKON XL","SPORT UTILITY VEHICLE","BLACK","FRONT END",,"TX","SV","YES","D",94931,"A","[PREMIUM]",19578.26,"5.3L 8","REAR WHEEL DRIVE","AUTOMATIC","GAS",8,"Run & Drive Verified","Pure Sale","[PREMIUM]",,"TAYLOR","TX","76574","USA","USD","[PREMIUM]","[PREMIUM]","A160",false,"[PREMIUM]","C1500 SLT",false,false,"[PREMIUM]",,,,,,,,"[PREMIUM]"
"56100506","2026-07-15 21:01:21.366","2026-07-23 07:15:02.922","56100506","2026-07-22 16:29:25.000","[PREMIUM]","394","TX - NORTH AUSTIN","2026-07-23","THURSDAY","1200","CDT","4098","V",2018,"NISSAN","MAXIMA","MAXIMA","SEDAN","SILVER","FRONT END","REAR END","TX","SV","YES","D",119448,"A","[PREMIUM]",12960.31,"3.5L 6","FRONT WHEEL DRIVE","AUTOMATIC","GAS",6,"Run & Drive Verified","Pure Sale","[PREMIUM]",,"TAYLOR","TX","76574","USA","USD","[PREMIUM]","[PREMIUM]","E010",false,"[PREMIUM]","3.5 SV",false,false,"[PREMIUM]",,,,,,,,"[PREMIUM]"
"55999946","2026-07-15 21:01:21.333","2026-07-30 08:43:23.429","55999946","2026-07-29 19:14:56.000","[PREMIUM]","394","TX - NORTH AUSTIN","2026-07-30","THURSDAY","1200","CDT","4090","V",2004,"LEXUS","LX470","LX","4DR SPORT UTILITY","SILVER","REAR END",,"TX","SV","YES","D",198868,"E","[PREMIUM]",17356,"4.7L 8","ALL WHEEL DRIVE","AUTOMATIC","GAS",8,"Run & Drive Verified","On Minimum Bid","[PREMIUM]",,"TAYLOR","TX","76574","USA","USD","[PREMIUM]","[PREMIUM]","F100",false,"[PREMIUM]","470",false,false,"[PREMIUM]",,,,,,,,"[PREMIUM]"
"55710446","2026-07-15 21:01:21.159","2026-07-15 21:01:21.159","55710446","2026-07-15 14:59:36.000","[PREMIUM]","394","TX - NORTH AUSTIN","2026-07-16","THURSDAY","1200","CDT","7","V",2021,"RAM","1500","1500","PICKUP","BLUE","FRONT END","REAR END","TX","SV","YES","D",56220,"A","[PREMIUM]",38617.55,"6.2L 8","4X4 W/REAR WHEEL DRV","AUTOMATIC","GAS",8,"Run & Drive Verified","Pure Sale","[PREMIUM]",,"TAYLOR","TX","76574","USA","USD","[PREMIUM]","[PREMIUM]","B110",false,"[PREMIUM]","TRX",false,false,"[PREMIUM]",,,,,,,,"[PREMIUM]"
"55563296","2026-07-15 21:01:21.035","2026-07-15 21:01:21.035","55563296","2026-07-15 14:59:37.000","[PREMIUM]","394","TX - NORTH AUSTIN","2026-07-16","THURSDAY","1200","CDT","4009","V",2014,"CADILLAC","SRX","SRX","4DR SPORT UTILITY","BLACK","FRONT END","REAR END","TX","SV","YES","E",118187,"A","[PREMIUM]",0,"3.6L 6","FRONT WHEEL DRIVE","AUTOMATIC","GAS",6,"DEFAULT","Pure Sale","[PREMIUM]",,"TAYLOR","TX","76574","USA","USD","[PREMIUM]","[PREMIUM]","A120",false,"[PREMIUM]","LUXURY COLLECTION",false,false,"[PREMIUM]",,,,,,,,"[PREMIUM]"
"55451746","2026-07-15 21:01:20.971","2026-07-30 08:43:23.224","55451746","2026-07-14 23:24:20.000","[PREMIUM]","394","TX - NORTH AUSTIN",,,,"CDT","0","V",2020,"NISSAN","KICKS","KICKS","HATCHBACK","GRAY","SIDE","FRONT END","TX","CT","YES","D",122672,"A","[PREMIUM]",7229.57,"1.6L 4","FRONT WHEEL DRIVE","AUTOMATIC","GAS",4,"Run & Drive Verified","On Approval","[PREMIUM]",,"TAYLOR","TX","76574","USA","USD","[PREMIUM]","[PREMIUM]","D020",false,"[PREMIUM]","S",false,false,"[PREMIUM]",,,,,,,,"[PREMIUM]"
"55299186","2026-07-15 21:01:20.930","2026-07-30 08:43:23.177","55299186","2026-07-30 06:05:15.000","[PREMIUM]","394","TX - NORTH AUSTIN",,,,"CDT","0","V",2022,"KIA","K5","K5","SEDAN","WHITE","FRONT END",,"TX","SV","YES","E",58652,"A","[PREMIUM]",0,"1.6L 4","FRONT WHEEL DRIVE","AUTOMATIC","GAS",4,"DEFAULT","Pure Sale","[PREMIUM]",,"TAYLOR","TX","76574","USA","USD","[PREMIUM]","[PREMIUM]","E050",false,"[PREMIUM]","LXS",false,false,"[PREMIUM]",,,,,,,,"[PREMIUM]"
"55155426","2026-07-15 21:01:20.872","2026-07-23 07:15:02.356","55155426","2026-07-22 16:29:24.000","[PREMIUM]","394","TX - NORTH AUSTIN","2026-07-23","THURSDAY","1200","CDT","3061","V",2021,"ALFA ROMEO","STELVIO","STELVIO","SPORT UTILITY VEHICLE","SILVER","REAR END","SIDE","TX","SV","YES","E",0,"N","[PREMIUM]",15652.42,"2.0L 4","ALL WHEEL DRIVE","AUTOMATIC","GAS",4,"DEFAULT","Pure Sale","[PREMIUM]",,"TAYLOR","TX","76574","USA","USD","[PREMIUM]","[PREMIUM]","A150",false,"[PREMIUM]","TI",false,false,"[PREMIUM]",,,,,,,,"[PREMIUM]"
"55077696","2026-07-15 21:01:20.842","2026-07-23 07:15:02.265","55077696","2026-07-22 16:29:24.000","[PREMIUM]","394","TX - NORTH AUSTIN","2026-07-23","THURSDAY","1200","CDT","3091","V",2024,"HYUNDAI","TUCSON","TUCSON","SPORT UTILITY VEHICLE","RED","FRONT END",,"TX","SV","YES",,40297,"A","[PREMIUM]",21706.72,"1.6L 4","ALL WHEEL DRIVE","AUTOMATIC","ELECTRIC AND GAS HYBRID",4,,"Pure Sale","[PREMIUM]",,"TAYLOR","TX","76574","USA","USD","[PREMIUM]","[PREMIUM]","D110",false,"[PREMIUM]","N LINE",false,false,"[PREMIUM]",,,,,,,,"[PREMIUM]"
"54552056","2026-07-15 21:01:20.584","2026-07-30 08:43:22.938","54552056","2026-07-30 06:05:15.000","[PREMIUM]","394","TX - NORTH AUSTIN",,,,"CDT","0","V",2022,"JEEP","CHEROKEE","CHEROKEE","SPORT UTILITY VEHICLE","WHITE","FRONT END","SIDE","TX","SV","YES","D",28163,"A","[PREMIUM]",13808.51,"3.2L 6","FRONT WHEEL DRIVE","AUTOMATIC","FLEXIBLE",6,"Run & Drive Verified","Pure Sale","[PREMIUM]",,"TAYLOR","TX","76574","USA","USD","[PREMIUM]","[PREMIUM]","A070",false,"[PREMIUM]","LATITUDE LUX",false,false,"[PREMIUM]",,,,,,,,"[PREMIUM]"
"54449636","2026-07-15 21:01:20.530","2026-07-29 20:43:07.629","54449636","2026-07-29 19:14:56.000","[PREMIUM]","394","TX - NORTH AUSTIN","2026-07-30","THURSDAY","1200","CDT","61","V",2011,"MERCEDES-BENZ","M-CLASS","ML","4DR SPORT UTILITY","BLACK","MECHANICAL",,"TX","CT","YES","E",222158,"A","[PREMIUM]",0,"3.5L 6","REAR WHEEL DRIVE","AUTOMATIC","GAS",6,"DEFAULT","On Minimum Bid","[PREMIUM]",,"TAYLOR","TX","76574","USA","USD","[PREMIUM]","[PREMIUM]","A100",true,"[PREMIUM]","350",false,false,"[PREMIUM]",,,,,,,,"[PREMIUM]"
"54351016","2026-07-15 21:01:20.473","2026-07-23 07:15:01.954","54351016","2026-07-22 16:29:24.000","[PREMIUM]","394","TX - NORTH AUSTIN","2026-07-23","THURSDAY","1200","CDT","3111","V",2020,"CHEVROLET","TRAX","TRAX","SPORT UTILITY VEHICLE","BLACK","FRONT END",,"TX","SV","YES","S",88190,"A","[PREMIUM]",11814.09,"1.4L 4","FRONT WHEEL DRIVE","AUTOMATIC","GAS",4,"Vehicle Starts","Pure Sale","[PREMIUM]",,"TAYLOR","TX","76574","USA","USD","[PREMIUM]","[PREMIUM]","D090",false,"[PREMIUM]","LS",false,false,"[PREMIUM]",,,,,,,,"[PREMIUM]"
"54442636","2026-07-15 21:01:20.465","2026-07-23 07:15:01.956","54442636","2026-07-22 16:29:23.000","[PREMIUM]","394","TX - NORTH AUSTIN","2026-07-23","THURSDAY","1200","CDT","14","V",2006,"HONDA","ACCORD","ACCORD","SEDAN 4DR","WHITE","REAR END",,"TX","SV","YES","D",208471,"E","[PREMIUM]",5668.18,"2.4L 4","FRONT WHEEL DRIVE","AUTOMATIC","GAS",4,"Run & Drive Verified","Pure Sale","[PREMIUM]",,"TAYLOR","TX","76574","USA","USD","[PREMIUM]","[PREMIUM]","E080",false,"[PREMIUM]","LX",false,false,"[PREMIUM]",,,,,,,,"[PREMIUM]"
"54082516","2026-07-15 21:01:20.409","2026-07-15 21:01:20.409","54082516","2026-07-15 14:59:36.000","[PREMIUM]","394","TX - NORTH AUSTIN","2026-07-16","THURSDAY","1200","CDT","119","V",2021,"GMC","YUKON","YUKON","SPORT UTILITY VEHICLE","RED","REAR END",,"TX","SV","YES","D",128254,"A","[PREMIUM]",25006,"6.2L 8","4X4 W/REAR WHEEL DRV","AUTOMATIC","GAS",8,"Run & Drive Verified","Pure Sale","[PREMIUM]",,"TAYLOR","TX","76574","USA","USD","[PREMIUM]","[PREMIUM]","E170",false,"[PREMIUM]","DENALI",false,false,"[PREMIUM]",,,,,,,,"[PREMIUM]"
"53950116","2026-07-15 21:01:20.336","2026-07-23 07:15:01.871","53950116","2026-07-17 14:53:01.000","[PREMIUM]","836","HEAVY TRUCK SPECIALTY SALE","2026-07-23","THURSDAY","1100","CDT","0","R",2024,"FUZ","RECREATION","RECREATIONAL VEHICLE (RV)",,"WHITE","FRONT END",,"TX","FV","YES","E",0,"N","[PREMIUM]",0,,,"NONE",,,"DEFAULT","On Approval","[PREMIUM]",,"TAYLOR","TX","76574","USA","USD","[PREMIUM]","[PREMIUM]","H100",false,"[PREMIUM]",,false,false,"[PREMIUM]",,,,,,,,"[PREMIUM]"
"53949136","2026-07-15 21:01:20.244","2026-07-23 07:15:01.786","53949136","2026-07-17 14:18:40.000","[PREMIUM]","836","HEAVY TRUCK SPECIALTY SALE","2026-07-23","THURSDAY","1100","CDT","0","R",2018,"RIVERSIDE",,"RETRO",,"GRAY","WATER/FLOOD",,"TX","FV","YES","E",0,"N","[PREMIUM]",0,,,"NONE",,,"DEFAULT","On Approval","[PREMIUM]",,"TAYLOR","TX","76574","USA","USD","[PREMIUM]","[PREMIUM]","H100",false,"[PREMIUM]",,false,false,"[PREMIUM]",,,,,,,,"[PREMIUM]"
"53437756","2026-07-15 21:01:20.064","2026-07-30 08:43:22.554","53437756","2026-07-14 23:24:21.000","[PREMIUM]","394","TX - NORTH AUSTIN",,,,"CDT","0","V",2017,"HYUNDAI","ELANTRA","ELANTRA",,"RED","VANDALISM",,"TX","CT","YES","D",59064,"A","[PREMIUM]",0,,,"AUTOMATIC",,,"Run & Drive Verified","Pure Sale","[PREMIUM]",,"TAYLOR","TX","76574","USA","USD","[PREMIUM]","[PREMIUM]","D070",false,"[PREMIUM]","SEL",false,false,"[PREMIUM]",,,,,,,,"[PREMIUM]"
"53325876","2026-07-15 21:01:20.023","2026-07-30 08:43:22.463","53325876","2026-07-30 06:05:14.000","[PREMIUM]","394","TX - NORTH AUSTIN",,,,"CDT","0","V",2020,"HONDA","ODYSSEY","ODYSSEY","VAN PASSENGER","GRAY","UNDERCARRIAGE",,"TX","SV","YES","D",98178,"A","[PREMIUM]",8813.86,"3.5L 6","FRONT WHEEL DRIVE","AUTOMATIC","GAS",6,"Run & Drive Verified","Pure Sale","[PREMIUM]",,"TAYLOR","TX","76574","USA","USD","[PREMIUM]","[PREMIUM]","B160",false,"[PREMIUM]","ELITE",false,false,"[PREMIUM]",,,,,,,,"[PREMIUM]"
"52935816","2026-07-15 21:01:19.892","2026-07-15 21:01:19.892","52935816","2026-07-15 14:59:36.000","[PREMIUM]","394","TX - NORTH AUSTIN","2026-07-16","THURSDAY","1200","CDT","2112","V",2016,"TOYOTA","CAMRY","CAMRY","SEDAN","RED","FRONT END",,"TX","SV","YES","D",174251,"A","[PREMIUM]",4078.79,"2.5L 4","FRONT WHEEL DRIVE","AUTOMATIC","GAS",4,"Run & Drive Verified","Pure Sale","[PREMIUM]",,"TAYLOR","TX","76574","USA","USD","[PREMIUM]","[PREMIUM]","G080",false,"[PREMIUM]","SE",false,false,"[PREMIUM]",,,,,,,,"[PREMIUM]"
"61086736","2026-07-15 21:01:19.665","2026-07-25 01:40:08.020","61086736","2026-07-24 14:40:13.000","[PREMIUM]","386","LA - VINTON","2026-07-27","MONDAY","1200","CDT","70","V",2013,"DODGE","CHALLENGER","CHALLENGER","COUPE","BLACK","FRONT END",,"TX","RS","YES","D",93362,"A","[PREMIUM]",0,"3.6L 6","REAR WHEEL DRIVE","AUTOMATIC","FLEXIBLE",6,"Run & Drive Verified","On Minimum Bid","[PREMIUM]",,"SULPHUR","LA","70663","USA","USD","[PREMIUM]","[PREMIUM]","E080",true,"[PREMIUM]","SXT",false,false,"[PREMIUM]",,,,,,,,"[PREMIUM]"
"52161646","2026-07-15 21:01:19.657","2026-07-29 20:43:07.662","52161646","2026-07-29 19:14:55.000","[PREMIUM]","394","TX - NORTH AUSTIN","2026-07-30","THURSDAY","1200","CDT","2","V",2018,"NISSAN","ROGUE","ROGUE","WAGON","BLUE","NORMAL WEAR",,"TX","CT","YES","D",150268,"A","[PREMIUM]",0,"2.5L 4","FRONT WHEEL DRIVE","AUTOMATIC","GAS",4,"Run & Drive Verified","On Minimum Bid","[PREMIUM]",,"TAYLOR","TX","76574","USA","USD","[PREMIUM]","[PREMIUM]","D120",false,"[PREMIUM]","S",false,false,"[PREMIUM]",,,,,,,,"[PREMIUM]"
"51702576","2026-07-15 21:01:19.570","2026-07-30 08:43:22.231","51702576","2026-07-30 06:05:14.000","[PREMIUM]","394","TX - NORTH AUSTIN",,,,"CDT","0","V",2020,"HYUNDAI","TUCSON","TUCSON","SUV","BLACK","REAR END","FRONT END","TX","SV","YES","D",74748,"A","[PREMIUM]",9418.58,"2.0L 4","FRONT WHEEL DRIVE","AUTOMATIC","GAS",4,"Run & Drive Verified","Pure Sale","[PREMIUM]",,"TAYLOR","TX","76574","USA","USD","[PREMIUM]","[PREMIUM]","F150",false,"[PREMIUM]","VALUE",false,false,"[PREMIUM]",,,,,,,,"[PREMIUM]"
"50679596","2026-07-15 21:01:19.379","2026-07-30 08:43:22.049","50679596","2026-07-29 19:14:57.000","[PREMIUM]","394","TX - NORTH AUSTIN","2026-07-30","THURSDAY","1200","CDT","4120","V",2024,"VOLKSWAGEN","TIGUAN","TIGUAN","SPORT UTILITY VEHICLE","WHITE","FRONT END",,"TX","SV","YES","D",18218,"A","[PREMIUM]",10987,"2.0L 4","ALL WHEEL DRIVE","AUTOMATIC","GAS",4,"Run & Drive Verified","Pure Sale","[PREMIUM]",,"TAYLOR","TX","76574","USA","USD","[PREMIUM]","[PREMIUM]","C050",false,"[PREMIUM]","WOLFSBURG",false,false,"[PREMIUM]",,,,,,,,"[PREMIUM]"
"50471576","2026-07-15 21:01:19.337","2026-07-27 22:47:16.545","50471576","2026-07-27 20:01:44.000","[PREMIUM]","855","WHOLESALE AUCTION","2026-07-28","TUESDAY","1200","EDT","6005","V",2017,"NISSAN","ROGUE","ROGUE","WAGON","BLACK","FRONT END","UNDERCARRIAGE","TX","CT","YES","S",98371,"A","[PREMIUM]",7329,"2.5L 4","ALL WHEEL DRIVE","AUTOMATIC","GAS",4,"Vehicle Starts","On Minimum Bid","[PREMIUM]",,"TAYLOR","TX","76574","USA","USD","[PREMIUM]","[PREMIUM]","G010",false,"[PREMIUM]","SL",false,true,"[PREMIUM]",,,,,"RED LIGHT",1.7,"Maintenance,Safety,Other,Emission","[PREMIUM]"
"50664556","2026-07-15 21:01:19.335","2026-07-30 08:43:22.033","50664556","2026-07-30 06:05:14.000","[PREMIUM]","394","TX - NORTH AUSTIN",,,,"CDT","0","V",2016,"NISSAN","NV","NV","FULL-SIZE","WHITE","FRONT END",,"TX","SV","YES","D",132322,"A","[PREMIUM]",11543.32,"5.6L 8","REAR WHEEL DRIVE","AUTOMATIC","GAS",8,"Run & Drive Verified","Pure Sale","[PREMIUM]",,"TAYLOR","TX","76574","USA","USD","[PREMIUM]","[PREMIUM]","H120",false,"[PREMIUM]","3500 HD SV",false,false,"[PREMIUM]",,,,,,,,"[PREMIUM]"
"49914556","2026-07-15 21:01:19.239","2026-07-23 07:15:01.032","49914556","2026-07-22 16:29:23.000","[PREMIUM]","394","TX - NORTH AUSTIN","2026-07-23","THURSDAY","1200","CDT","10","V",2012,"HONDA","CROSSTOUR","CROSSTOUR","4DR SPORT UTILITY","BLACK","REAR END",,"TX","SV","YES","D",166423,"A","[PREMIUM]",5600,"2.4L 4","FRONT WHEEL DRIVE","AUTOMATIC","GAS",4,"Run & Drive Verified","Pure Sale","[PREMIUM]",,"TAYLOR","TX","76574","USA","USD","[PREMIUM]","[PREMIUM]","C010",false,"[PREMIUM]","EXL",false,false,"[PREMIUM]",,,,,,,,"[PREMIUM]"
"48621796","2026-07-15 21:01:19.120","2026-07-15 21:01:19.120","48621796","2026-07-15 14:59:37.000","[PREMIUM]","394","TX - NORTH AUSTIN","2026-07-16","THURSDAY","1200","CDT","3147","V",2019,"KIA","RIO","RIO","SEDAN","BLACK","FRONT END",,"TX","SV","YES","E",99701,"A","[PREMIUM]",6880,"1.6L 4","FRONT WHEEL DRIVE","AUTOMATIC","GAS",4,"DEFAULT","Pure Sale","[PREMIUM]",,"TAYLOR","TX","76574","USA","USD","[PREMIUM]","[PREMIUM]","A010",false,"[PREMIUM]","S",false,false,"[PREMIUM]",,,,,,,,"[PREMIUM]"
"46394086","2026-07-15 21:01:19.039","2026-07-23 07:15:01.026","46394086","2026-07-22 16:29:24.000","[PREMIUM]","394","TX - NORTH AUSTIN","2026-07-23","THURSDAY","1200","CDT","3073","V",2019,"HONDA","CRV","CR-V","SPORT UTILITY VEHICLE","SILVER","SIDE","UNDERCARRIAGE","TX","SV","YES","S",98073,"A","[PREMIUM]",14122.56,"1.5L 4","FRONT WHEEL DRIVE","AUTOMATIC","GAS",4,"Vehicle Starts","Pure Sale","[PREMIUM]",,"TAYLOR","TX","76574","USA","USD","[PREMIUM]","[PREMIUM]","B020",false,"[PREMIUM]","EX",false,false,"[PREMIUM]",,,,,,,,"[PREMIUM]"
"60524496","2026-07-15 21:01:18.955","2026-07-26 19:21:59.844","60524496","2026-07-24 14:40:13.000","[PREMIUM]","386","LA - VINTON","2026-07-27","MONDAY","1200","CDT","1125","V",2022,"TOYOTA","4RUNNER","4RUNNER","SUV","GRAY","SIDE",,"LA","ST","YES","E",0,"N","[PREMIUM]",29458.4,"4.0L 6","4X2","AUTOMATIC","GAS",6,"DEFAULT","Pure Sale","[PREMIUM]",,"SULPHUR","LA","70663","USA","USD","[PREMIUM]","[PREMIUM]","A090",false,"[PREMIUM]","TRD SPORT",false,false,"[PREMIUM]",,,,,,,,"[PREMIUM]"
"60883076","2026-07-15 21:01:18.948","2026-07-19 19:13:37.989","60883076","2026-07-17 15:11:49.000","[PREMIUM]","386","LA - VINTON","2026-07-20","MONDAY","1200","CDT","1122","V",2012,"CHEVROLET","EQUINOX","EQUINOX","4DR SPORT UTILITY","BROWN","SIDE","MECHANICAL","LA","CT","YES",,113855,"A","[PREMIUM]",0,"2.4L 4","FRONT WHEEL DRIVE","AUTOMATIC","FLEXIBLE",4,,"On Minimum Bid","[PREMIUM]",,"SULPHUR","LA","70663","USA","USD","[PREMIUM]","[PREMIUM]","B080",false,"[PREMIUM]","LT",false,false,"[PREMIUM]",,,,,,,,"[PREMIUM]"
"60827466","2026-07-15 21:01:18.948","2026-07-30 02:44:01.388","60827466","2026-07-28 21:43:21.000","[PREMIUM]","386","LA - VINTON","2026-08-03","MONDAY","1200","CDT","0","V",2016,"FORD","FOCUS","FOCUS","HATCHBACK 4DR","GRAY","SIDE",,"LA","CT","YES",,135630,"A","[PREMIUM]",0,"2.0L 4","FRONT WHEEL DRIVE","AUTOMATIC","GAS",4,,"On Minimum Bid","[PREMIUM]",,"SULPHUR","LA","70663","USA","USD","[PREMIUM]","[PREMIUM]","D060",true,"[PREMIUM]","SE",false,false,"[PREMIUM]",,,,,,,,"[PREMIUM]"
"60925886","2026-07-15 21:01:18.948","2026-07-30 08:43:21.613","60925886","2026-07-27 19:17:44.000","[PREMIUM]","386","LA - VINTON","2026-08-03","MONDAY","1200","CDT","0","V",2016,"DODGE","CARAVAN","GRAND CARAVAN","SPORTS VAN","WHITE","MECHANICAL","MINOR DENT/SCRATCHES","LA","CT","YES",,124160,"N","[PREMIUM]",0,"3.6L 6","FRONT WHEEL DRIVE","AUTOMATIC","FLEXIBLE",6,,"On Minimum Bid","[PREMIUM]",,"SULPHUR","LA","70663","USA","USD","[PREMIUM]","[PREMIUM]","A080",true,"[PREMIUM]","SE",false,false,"[PREMIUM]",,,,,,,,"[PREMIUM]"
"60944866","2026-07-15 21:01:18.941","2026-07-30 14:46:11.558","60944866","2026-07-28 03:19:05.000","[PREMIUM]","386","LA - VINTON","2026-08-03","MONDAY","1200","CDT","0","V",2021,"CHEVROLET","SPARK","SPARK","HATCHBACK","BLACK","UNDERCARRIAGE",,"LA","RC","YES","S",97972,"N","[PREMIUM]",0,"1.4L 4","FRONT WHEEL DRIVE","AUTOMATIC","GAS",4,"Vehicle Starts","On Minimum Bid","[PREMIUM]",,"SULPHUR","LA","70663","USA","USD","[PREMIUM]","[PREMIUM]","D080",true,"[PREMIUM]","1LT",false,false,"[PREMIUM]",,,,,,,,"[PREMIUM]"
"59216896","2026-07-15 21:01:18.870","2026-07-15 21:01:18.870","59216896","2026-07-14 21:43:51.000","[PREMIUM]","386","LA - VINTON",,,,"CDT","0","V",2016,"DODGE","CARAVAN","GRAND CARAVAN","SPORTS VAN","SILVER","WATER/FLOOD","SIDE","LA","FS","YES","D",41269,"A","[PREMIUM]",33500,"3.6L 6","FRONT WHEEL DRIVE","AUTOMATIC","FLEXIBLE",6,"Run & Drive Verified","Pure Sale","[PREMIUM]",,"SULPHUR","LA","70663","USA","USD","[PREMIUM]","[PREMIUM]","A090",false,"[PREMIUM]","SXT",false,false,"[PREMIUM]",,,,,,,,"[PREMIUM]"
"58873066","2026-07-15 21:01:18.847","2026-07-30 14:46:11.327","58873066","2026-07-27 22:23:56.000","[PREMIUM]","386","LA - VINTON","2026-08-03","MONDAY","1200","CDT","0","V",2008,"FORD","F150","F150","CREW PICKUP","BLACK","FRAME DAMAGE",,"LA","CT","YES",,218889,"A","[PREMIUM]",0,"5.4L 8","4X4 W/REAR WHEEL DRV","AUTOMATIC","FLEXIBLE",8,,"On Minimum Bid","[PREMIUM]",,"SULPHUR","LA","70663","USA","USD","[PREMIUM]","[PREMIUM]","B100",true,"[PREMIUM]","SUPERCREW",false,false,"[PREMIUM]",,,,,,,,"[PREMIUM]"
"58710066","2026-07-15 21:01:18.823","2026-07-19 19:13:37.721","58710066","2026-07-17 15:11:49.000","[PREMIUM]","386","LA - VINTON","2026-07-20","MONDAY","1200","CDT","40","V",2017,"FORD","FOCUS","FOCUS","HATCHBACK","RED","REAR END",,"LA","ST","YES","D",117611,"A","[PREMIUM]",9399.48,"2.0L 4","FRONT WHEEL DRIVE","MANUAL","GAS",4,"Run & Drive Verified","Pure Sale","[PREMIUM]",,"SULPHUR","LA","70663","USA","USD","[PREMIUM]","[PREMIUM]","A080",false,"[PREMIUM]","ST",false,false,"[PREMIUM]",,,,,,,,"[PREMIUM]"
"58351376","2026-07-15 21:01:18.798","2026-07-19 19:13:37.716","58351376","2026-07-17 15:11:49.000","[PREMIUM]","386","LA - VINTON","2026-07-20","MONDAY","1200","CDT","1163","V",2000,"CHEVROLET","CORVETTE","CORVETTE","COUPE","WHITE","MECHANICAL","FRONT END","LA","ST","YES","E",94251,"E","[PREMIUM]",0,"5.7L 8","REAR WHEEL DRIVE","MANUAL","GAS",8,"DEFAULT","Pure Sale","[PREMIUM]",,"SULPHUR","LA","70663","USA","USD","[PREMIUM]","[PREMIUM]","E070",false,"[PREMIUM]",,false,false,"[PREMIUM]",,,,,,,,"[PREMIUM]"
"57253906","2026-07-15 21:01:18.730","2026-07-19 19:13:37.585","57253906","2026-07-17 15:11:49.000","[PREMIUM]","386","LA - VINTON","2026-07-20","MONDAY","1200","CDT","1109","V",2013,"LAND ROVER","LR4","LR4","4DR SPORT UTILITY","BLACK","MECHANICAL",,"LA","CT","YES","S",118510,"A","[PREMIUM]",0,"5.0L 8","4X4 W/REAR WHEEL DRV","AUTOMATIC","GAS",8,"Vehicle Starts","On Approval","[PREMIUM]",,"SULPHUR","LA","70663","USA","USD","[PREMIUM]","[PREMIUM]","C070",false,"[PREMIUM]",,false,false,"[PREMIUM]",,,,,,,,"[PREMIUM]"
"55653756","2026-07-15 21:01:18.505","2026-07-19 19:13:37.397","55653756","2026-07-17 15:11:49.000","[PREMIUM]","386","LA - VINTON","2026-07-20","MONDAY","1200","CDT","76","V",2014,"MAZDA","6","6","SEDAN 4DR","WHITE","REAR END","MINOR DENT/SCRATCHES","LA","ST","YES","D",198083,"A","[PREMIUM]",5165.56,"2.5L 4","FRONT WHEEL DRIVE","AUTOMATIC","GAS",4,"Run & Drive Verified","Pure Sale","[PREMIUM]",,"SULPHUR","LA","70663","USA","USD","[PREMIUM]","[PREMIUM]","D020",false,"[PREMIUM]","TOURING",false,false,"[PREMIUM]",,,,,,,,"[PREMIUM]"
"53086956","2026-07-15 21:01:18.253","2026-07-19 19:13:37.176","53086956","2026-07-17 21:25:16.000","[PREMIUM]","386","LA - VINTON","2026-07-20","MONDAY","1200","CDT","1119","V",2012,"VOLKSWAGEN","PASSAT","PASSAT","SEDAN 4DR","WHITE","FRONT END","SIDE","LA","ST","YES","S",138159,"A","[PREMIUM]",2156.62,"2.5L 5","FRONT WHEEL DRIVE","AUTOMATIC","GAS",5,"Vehicle Starts","Pure Sale","[PREMIUM]",,"SULPHUR","LA","70663","USA","USD","[PREMIUM]","[PREMIUM]","B010",false,"[PREMIUM]","SE",false,false,"[PREMIUM]",,,,,,,,"[PREMIUM]"
"52560446","2026-07-15 21:01:18.187","2026-07-20 13:15:31.934","52560446","2026-07-20 12:38:31.000","[PREMIUM]","386","LA - VINTON","2026-07-20","MONDAY","1200","CDT","0","V",2016,"NISSAN","MAXIMA","MAXIMA","SEDAN","CHARCOAL","SIDE","FRONT END","ID","SC","YES","E",0,"N","[PREMIUM]",6936,"3.5L 6","FRONT WHEEL DRIVE","AUTOMATIC","GAS",6,"DEFAULT","Pure Sale","[PREMIUM]",,"SULPHUR","LA","70663","USA","USD","[PREMIUM]","[PREMIUM]","A040",false,"[PREMIUM]","3.5 SR",false,false,"[PREMIUM]",,,,,,,,"[PREMIUM]"
"52148356","2026-07-15 21:01:18.163","2026-07-19 19:13:37.159","52148356","2026-07-17 15:11:49.000","[PREMIUM]","386","LA - VINTON","2026-07-20","MONDAY","1200","CDT","1108","V",2022,"CHEVROLET","ALL Models","SILVERADO LTD","PICKUP","WHITE","FRONT END","SIDE","OH","ST","YES","E",0,"N","[PREMIUM]",30976.78,"2.7L 4","4X4 W/REAR WHEEL DRV","AUTOMATIC","GAS",4,"DEFAULT","Pure Sale","[PREMIUM]",,"SULPHUR","LA","70663","USA","USD","[PREMIUM]","[PREMIUM]","A090",false,"[PREMIUM]","K1500 LT-L",false,false,"[PREMIUM]",,,,,,,,"[PREMIUM]"
"50609666","2026-07-15 21:01:18.093","2026-07-19 19:13:37.066","50609666","2026-07-17 15:11:49.000","[PREMIUM]","386","LA - VINTON","2026-07-20","MONDAY","1200","CDT","1142","V",2014,"FORD","EDGE","EDGE","4DR SPORT UTILITY","TAN","FRONT END","MINOR DENT/SCRATCHES","LA","ST","YES","E",0,"N","[PREMIUM]",10917.58,"3.5L 6","FRONT WHEEL DRIVE","AUTOMATIC","GAS",6,"DEFAULT","Pure Sale","[PREMIUM]",,"SULPHUR","LA","70663","USA","USD","[PREMIUM]","[PREMIUM]","E060",false,"[PREMIUM]","SEL",false,false,"[PREMIUM]",,,,,,,,"[PREMIUM]"
"50347696","2026-07-15 21:01:18.057","2026-07-19 19:13:37.036","50347696","2026-07-17 15:11:49.000","[PREMIUM]","386","LA - VINTON","2026-07-20","MONDAY","1200","CDT","1","V",2025,"HONDA","CIVIC","CIVIC","SEDAN","GRAY","REAR END","MINOR DENT/SCRATCHES","TX","SV","YES","D",29200,"A","[PREMIUM]",22254,"2.0L 4","FRONT WHEEL DRIVE","AUTOMATIC","GAS",4,"Run & Drive Verified","Pure Sale","[PREMIUM]",,"SULPHUR","LA","70663","USA","USD","[PREMIUM]","[PREMIUM]","C100",false,"[PREMIUM]","SPORT",false,false,"[PREMIUM]",,,,,,,,"[PREMIUM]"
"98991895","2026-07-15 21:01:17.965","2026-07-29 04:47:32.462","98991895","2026-07-18 12:27:28.000","[PREMIUM]","385","MI - WAYLAND",,,,"EDT","0","V",2012,"FORD","ALL Models","MUSTANG",,"SILVER","REAR END",,"MI","CT","YES","D",99521,"A","[PREMIUM]",11337.93,"3.7L  6","Rear-wheel drive","AUTOMATIC","GAS",6,"Run & Drive Verified","Pure Sale","[PREMIUM]",,"WAYLAND","MI","49348","USA","USD","[PREMIUM]","[PREMIUM]","G130",false,"[PREMIUM]",,false,false,"[PREMIUM]",,,,,,,,"[PREMIUM]"
"84955845","2026-07-15 21:01:17.849","2026-07-26 19:22:00.536","84955845","2026-07-18 12:30:08.000","[PREMIUM]","385","MI - WAYLAND",,,,"EDT","0","V",2021,"MAZDA","CX30","CX-30","SPORT UTILITY VEHICLE","BLUE","REAR END",,"IN","ST","YES","D",66760,"N","[PREMIUM]",12691.28,"2.5L 4","FRONT WHEEL DRIVE","AUTOMATIC","GAS",4,"Run & Drive Verified","Pure Sale","[PREMIUM]",,"WAYLAND","MI","49348","USA","USD","[PREMIUM]","[PREMIUM]","H140",false,"[PREMIUM]","SELECT",false,false,"[PREMIUM]",,,,,,,,"[PREMIUM]"
"85451335","2026-07-15 21:01:17.810","2026-07-30 08:43:20.353","85451335","2026-07-29 21:01:01.000","[PREMIUM]","385","MI - WAYLAND","2026-08-06","THURSDAY","1000","EDT","0","V",2015,"TOYOTA","CAMRY","CAMRY","SEDAN","BLACK","FRONT END","REAR END","MI","CT","YES","D",207002,"A","[PREMIUM]",6893.29,"2.5L 4","FRONT WHEEL DRIVE","AUTOMATIC","GAS",4,"Run & Drive Verified","Pure Sale","[PREMIUM]",,"WAYLAND","MI","49348","USA","USD","[PREMIUM]","[PREMIUM]","M210",false,"[PREMIUM]","SE",false,false,"[PREMIUM]",,,,,,,,"[PREMIUM]"
"85965335","2026-07-15 21:01:17.806","2026-07-15 21:01:17.806","85965335","2026-07-14 17:49:15.000","[PREMIUM]","385","MI - WAYLAND","2026-07-16","THURSDAY","1000","EDT","0","V",2021,"MERCEDES-BENZ","C-CLASS","C","SEDAN","WHITE","SIDE",,"MI","CT","YES","D",50274,"A","[PREMIUM]",15161.23,"2.0L 4","ALL WHEEL DRIVE","AUTOMATIC","GAS",4,"Run & Drive Verified","Pure Sale","[PREMIUM]",,"WAYLAND","MI","49348","USA","USD","[PREMIUM]","[PREMIUM]","L150",false,"[PREMIUM]","300 4MATIC",false,false,"[PREMIUM]",,,,,,,,"[PREMIUM]"
"78827275","2026-07-15 21:01:17.708","2026-07-29 20:43:06.120","78827275","2026-07-29 14:41:25.000","[PREMIUM]","385","MI - WAYLAND","2026-08-06","THURSDAY","1000","EDT","0","V",2021,"TOYOTA","AVALON","AVALON HYBRID","SEDAN","BLACK","FRONT END",,"IN","ST","YES","E",0,"N","[PREMIUM]",20368,"2.5L 4","FRONT WHEEL DRIVE","AUTOMATIC","ELECTRIC AND GAS HYBRID",4,"DEFAULT","On Minimum Bid","[PREMIUM]",,"WAYLAND","MI","49348","USA","USD","[PREMIUM]","[PREMIUM]","B190",false,"[PREMIUM]","XSE",false,false,"[PREMIUM]",,,,,,,,"[PREMIUM]"
"60269856","2026-07-15 21:01:17.632","2026-07-23 07:14:58.493","60269856","2026-07-21 16:13:03.000","[PREMIUM]","385","MI - WAYLAND","2026-07-23","THURSDAY","1000","EDT","0","V",2016,"FORD","EXPLORER","EXPLORER","4DR SPORT UTILITY","BLACK","MINOR DENT/SCRATCHES",,"MI","CZ","YES","E",195553,"A","[PREMIUM]",0,"3.5L 6","4X4 W/FRONT WHL DRV","AUTOMATIC","GAS",6,"DEFAULT","On Minimum Bid","[PREMIUM]",,"WAYLAND","MI","49348","USA","USD","[PREMIUM]","[PREMIUM]","N190",true,"[PREMIUM]","SPORT",false,false,"[PREMIUM]",,,,,,,,"[PREMIUM]"
"76321985","2026-07-15 21:01:17.626","2026-07-30 08:43:20.157","76321985","2026-07-29 13:24:45.000","[PREMIUM]","385","MI - WAYLAND","2026-08-06","THURSDAY","1000","EDT","0","V",2017,"NISSAN","ROGUE","ROGUE",,"BLACK","FRONT END",,"MI","CT","YES","D",179574,"A","[PREMIUM]",6665.14,"2.5L  4","ALL WHEEL DRIVE","AUTOMATIC","GAS",4,"Run & Drive Verified","Pure Sale","[PREMIUM]",,"WAYLAND","MI","49348","USA","USD","[PREMIUM]","[PREMIUM]","K210",false,"[PREMIUM]","S",false,false,"[PREMIUM]",,,,,,,,"[PREMIUM]"
"60521856","2026-07-15 21:01:17.532","2026-07-29 04:47:31.249","60521856","2026-07-18 12:58:58.000","[PREMIUM]","385","MI - WAYLAND",,,,"EDT","0","V",2019,"DODGE","CARAVAN","GRAND CARAVAN","VAN PASSENGER","WHITE","SIDE",,"MI","CT","YES","D",91456,"A","[PREMIUM]",10587.95,"3.6L 6","FRONT WHEEL DRIVE","AUTOMATIC","FLEXIBLE",6,"Run & Drive Verified","Pure Sale","[PREMIUM]",,"WAYLAND","MI","49348","USA","USD","[PREMIUM]","[PREMIUM]","E130",false,"[PREMIUM]","GT",false,false,"[PREMIUM]",,,,,,,,"[PREMIUM]"
"60547856","2026-07-15 21:01:17.528","2026-07-30 08:43:17.713","60547856","2026-07-29 12:12:49.000","[PREMIUM]","385","MI - WAYLAND","2026-08-06","THURSDAY","1000","EDT","0","V",2009,"CHEVROLET","IMPALA","IMPALA","SEDAN 4DR","RED","FRONT END",,"MI","ST","YES","D",164695,"E","[PREMIUM]",5352.24,"5.3L 8","FRONT WHEEL DRIVE","AUTOMATIC","GAS",8,"Run & Drive Verified","On Minimum Bid","[PREMIUM]",,"WAYLAND","MI","49348","USA","USD","[PREMIUM]","[PREMIUM]","L150",false,"[PREMIUM]","SS",false,false,"[PREMIUM]",,,,,,,,"[PREMIUM]"
"60490876","2026-07-15 21:01:17.528","2026-07-23 07:14:58.630","60490876","2026-07-21 14:35:32.000","[PREMIUM]","385","MI - WAYLAND","2026-07-23","THURSDAY","1000","EDT","0","V",2016,"MAZDA","CX-5","CX-5","4DR SPORT UTILITY","WHITE","FRONT END",,"MI","CT","YES","D",147499,"A","[PREMIUM]",7367,"2.5L 4","ALL WHEEL DRIVE","AUTOMATIC","GAS",4,"Run & Drive Verified","Pure Sale","[PREMIUM]",,"WAYLAND","MI","49348","USA","USD","[PREMIUM]","[PREMIUM]","A190",false,"[PREMIUM]","GT",false,false,"[PREMIUM]",,,,,,,,"[PREMIUM]"
"60564856","2026-07-15 21:01:17.523","2026-07-15 21:01:17.523","60564856","2026-07-14 16:50:56.000","[PREMIUM]","385","MI - WAYLAND","2026-07-16","THURSDAY","1000","EDT","0","V",2011,"NISSAN","SENTRA","SENTRA","SEDAN","BURGUNDY","REAR END","SIDE","MI","CT","YES","E",159902,"A","[PREMIUM]",5161.07,"2.0L 4","FRONT WHEEL DRIVE","AUTOMATIC","GAS",4,"DEFAULT","On Minimum Bid","[PREMIUM]",,"WAYLAND","MI","49348","USA","USD","[PREMIUM]","[PREMIUM]","K190",false,"[PREMIUM]","2.0",false,false,"[PREMIUM]",,,,,,,,"[PREMIUM]"
"60976716","2026-07-15 21:01:17.510","2026-07-15 21:01:17.510","60976716","2026-07-14 16:16:17.000","[PREMIUM]","385","MI - WAYLAND","2026-07-16","THURSDAY","1000","EDT","0","V",2014,"CHEVROLET","SILVERADO","SILVERADO","CREW PICKUP","CHARCOAL","FRONT END","SIDE","MI","CZ","YES","D",143920,"A","[PREMIUM]",0,"5.3L 8","4X4 W/REAR WHEEL DRV","AUTOMATIC","GAS",8,"Run & Drive Verified","On Minimum Bid","[PREMIUM]",,"WAYLAND","MI","49348","USA","USD","[PREMIUM]","[PREMIUM]","S120",false,"[PREMIUM]","K1500 LT",false,false,"[PREMIUM]",,,,,,,,"[PREMIUM]"
"60474246","2026-07-15 21:01:17.509","2026-07-23 07:14:58.595","60474246","2026-07-17 04:17:57.000","[PREMIUM]","385","MI - WAYLAND","2026-07-23","THURSDAY","1000","EDT","0","V",2013,"CHEVROLET","CRUZE","CRUZE","SEDAN 4DR","SILVER","FRONT END",,"MI","CT","YES","D",91676,"A","[PREMIUM]",5567,"1.4L 4","FRONT WHEEL DRIVE","AUTOMATIC","GAS",4,"Run & Drive Verified","Pure Sale","[PREMIUM]",,"WAYLAND","MI","49348","USA","USD","[PREMIUM]","[PREMIUM]","K140",false,"[PREMIUM]","LT",false,false,"[PREMIUM]",,,,,,,,"[PREMIUM]"
"60884576","2026-07-15 21:01:17.506","2026-07-21 01:14:01.018","60884576","2026-07-18 13:01:18.000","[PREMIUM]","385","MI - WAYLAND","2026-07-23","THURSDAY","1000","EDT","0","V",2011,"FORD","EXPLORER","EXPLORER","4DR SPORT UTILITY","WHITE","REAR END","SIDE","MI","CZ","NO",,189363,"A","[PREMIUM]",0,"3.5L 6","4X4 W/FRONT WHL DRV","AUTOMATIC","GAS",6,,"On Minimum Bid","[PREMIUM]",,"WAYLAND","MI","49348","USA","USD","[PREMIUM]","[PREMIUM]","P170",true,"[PREMIUM]","LIMITED",false,false,"[PREMIUM]",,,,,,,,"[PREMIUM]"
"60812996","2026-07-15 21:01:17.500","2026-07-15 21:01:17.500","60812996","2026-07-14 20:56:16.000","[PREMIUM]","385","MI - WAYLAND","2026-07-16","THURSDAY","1000","EDT","0","V",2022,"LINCOLN","NAUTILUS","NAUTILUS","SPORT UTILITY VEHICLE","BURGUNDY","REAR END","TOP/ROOF","MI","CT","YES","D",32099,"A","[PREMIUM]",25485.79,"2.0L 4","ALL WHEEL DRIVE","AUTOMATIC","GAS",4,"Run & Drive Verified","Pure Sale","[PREMIUM]",,"WAYLAND","MI","49348","USA","USD","[PREMIUM]","[PREMIUM]","M150",false,"[PREMIUM]","RESERVE",false,false,"[PREMIUM]",,,,,,,,"[PREMIUM]"
"60463776","2026-07-15 21:01:17.460","2026-07-15 21:01:17.460","60463776","2026-07-14 16:36:51.000","[PREMIUM]","385","MI - WAYLAND","2026-07-16","THURSDAY","1000","EDT","0","V",2013,"CHEVROLET","VOLT","VOLT","HATCHBACK 4DR","GRAY","FRONT END",,"MI","CZ","YES","D",128332,"A","[PREMIUM]",0,"1.4L 4","FRONT WHEEL DRIVE","AUTOMATIC","ELECTRIC AND GAS HYBRID",4,"Run & Drive Verified","On Minimum Bid","[PREMIUM]",,"WAYLAND","MI","49348","USA","USD","[PREMIUM]","[PREMIUM]","N210",true,"[PREMIUM]",,false,false,"[PREMIUM]",,,,,,,,"[PREMIUM]"
"60361706","2026-07-15 21:01:17.449","2026-07-15 21:01:17.449","60361706","2026-07-15 16:34:53.000","[PREMIUM]","385","MI - WAYLAND","2026-07-16","THURSDAY","1000","EDT","0","V",2015,"FORD","MUSTANG","MUSTANG","COUPE","WHITE","FRONT END","SIDE","MI","CZ","YES","E",0,"N","[PREMIUM]",0,"5.0L 8","REAR WHEEL DRIVE","MANUAL","GAS",8,"DEFAULT","On Approval","[PREMIUM]",,"WAYLAND","MI","49348","USA","USD","[PREMIUM]","[PREMIUM]","K210",false,"[PREMIUM]","GT",false,false,"[PREMIUM]",,,,,,,,"[PREMIUM]"
"60056656","2026-07-15 21:01:17.413","2026-07-27 22:47:14.101","60056656","2026-07-18 12:47:04.000","[PREMIUM]","385","MI - WAYLAND",,,,"EDT","0","V",2016,"JEEP","GRAND CHER","CHEROKEE","4DR SPORT UTILITY","BLACK","FRONT END",,"MI","CT","YES","D",154563,"A","[PREMIUM]",5732.3,"3.2L 6","4X4 W/FRONT WHL DRV","AUTOMATIC","FLEXIBLE",6,"Run & Drive Verified","Pure Sale","[PREMIUM]",,"WAYLAND","MI","49348","USA","USD","[PREMIUM]","[PREMIUM]","E120",false,"[PREMIUM]","LIMITED",false,false,"[PREMIUM]",,,,,,,,"[PREMIUM]"
"60070056","2026-07-15 21:01:17.397","2026-07-29 04:47:31.028","60070056","2026-07-18 12:59:00.000","[PREMIUM]","385","MI - WAYLAND",,,,"EDT","0","V",2016,"INFINITI","QX60","QX60","SUV","SILVER","FRONT END",,"MI","CT","YES","D",118328,"A","[PREMIUM]",12593.13,"3.5L 6","ALL WHEEL DRIVE","AUTOMATIC","GAS",6,"Run & Drive Verified","Pure Sale","[PREMIUM]",,"WAYLAND","MI","49348","USA","USD","[PREMIUM]","[PREMIUM]","E130",false,"[PREMIUM]","BASE",false,false,"[PREMIUM]",,,,,,,,"[PREMIUM]"
"60136396","2026-07-15 21:01:17.393","2026-07-15 21:01:17.393","60136396","2026-07-14 16:09:34.000","[PREMIUM]","385","MI - WAYLAND","2026-07-16","THURSDAY","1000","EDT","0","V",2017,"NISSAN","SENTRA","SENTRA","SEDAN","RED","FRONT END",,"MI","CZ","NO",,91644,"A","[PREMIUM]",0,"1.8L 4","FRONT WHEEL DRIVE","AUTOMATIC","GAS",4,,"On Approval","[PREMIUM]",,"WAYLAND","MI","49348","USA","USD","[PREMIUM]","[PREMIUM]","I120",false,"[PREMIUM]","SR",false,false,"[PREMIUM]",,,,,,,,"[PREMIUM]"
"59836926","2026-07-15 21:01:17.357","2026-07-30 08:43:17.333","59836926","2026-07-29 12:17:48.000","[PREMIUM]","385","MI - WAYLAND","2026-08-06","THURSDAY","1000","EDT","0","V",2005,"BUICK","LACROSSE","LACROSSE","SEDAN 4DR","BURGUNDY","FRONT END",,"MI","RS","YES","D",142821,"E","[PREMIUM]",5085.19,"3.8L 6","FRONT WHEEL DRIVE","AUTOMATIC","GAS",6,"Run & Drive Verified","Pure Sale","[PREMIUM]",,"WAYLAND","MI","49348","USA","USD","[PREMIUM]","[PREMIUM]","K140",false,"[PREMIUM]","CXL",false,false,"[PREMIUM]",,,,,,,,"[PREMIUM]"
"59814826","2026-07-15 21:01:17.344","2026-07-23 07:14:58.365","59814826","2026-07-20 13:36:53.000","[PREMIUM]","385","MI - WAYLAND","2026-07-23","THURSDAY","1000","EDT","0","V",2017,"TOYOTA","SEQUOIA","SEQUOIA","4DR SPORT UTILITY","WHITE","FRONT END",,"MI","CT","YES","D",158556,"A","[PREMIUM]",32862,"5.7L 8","4X4 W/REAR WHEEL DRV","AUTOMATIC","GAS",8,"Run & Drive Verified","On Minimum Bid","[PREMIUM]",,"WAYLAND","MI","49348","USA","USD","[PREMIUM]","[PREMIUM]","A170",false,"[PREMIUM]","PLATINUM",false,false,"[PREMIUM]",,,,,,,,"[PREMIUM]"
"60029146","2026-07-15 21:01:17.344","2026-07-29 04:47:30.985","60029146","2026-07-14 20:31:03.000","[PREMIUM]","385","MI - WAYLAND",,,,"EDT","0","V",2010,"DODGE","CARAVAN","GRAND CARAVAN","SPORTS VAN","BLACK","FRONT END","SIDE","MI","CT","YES","D",279701,"E","[PREMIUM]",0,"3.8L 6","FRONT WHEEL DRIVE","AUTOMATIC","GAS",6,"Run & Drive Verified","Pure Sale","[PREMIUM]",,"WAYLAND","MI","49348","USA","USD","[PREMIUM]","[PREMIUM]","B130",false,"[PREMIUM]","SXT",false,false,"[PREMIUM]",,,,,,,,"[PREMIUM]"
"60009936","2026-07-15 21:01:17.343","2026-07-30 08:43:17.405","60009936","2026-07-29 12:36:41.000","[PREMIUM]","385","MI - WAYLAND","2026-08-06","THURSDAY","1000","EDT","0","V",2014,"TOYOTA","RAV4","RAV4","4DR SPORT UTILITY","WHITE","FRONT END",,"MI","CT","YES","D",194912,"A","[PREMIUM]",9472.07,"2.5L 4","FRONT WHEEL DRIVE","AUTOMATIC","GAS",4,"Run & Drive Verified","Pure Sale","[PREMIUM]",,"WAYLAND","MI","49348","USA","USD","[PREMIUM]","[PREMIUM]","K150",false,"[PREMIUM]","LE",false,false,"[PREMIUM]",,,,,,,,"[PREMIUM]"
"60002316","2026-07-15 21:01:17.342","2026-07-30 08:43:17.405","60002316","2026-07-30 08:00:18.000","[PREMIUM]","385","MI - WAYLAND","2026-07-30","THURSDAY","1000","EDT","3286","V",2014,"AUDI","A7","A7","HATCHBACK 4DR","BLUE","FRONT END",,"MI","CT","YES","D",150387,"A","[PREMIUM]",7302.77,"3.0L 6","ALL WHEEL DRIVE","AUTOMATIC","GAS",6,"Run & Drive Verified","Pure Sale","[PREMIUM]",,"WAYLAND","MI","49348","USA","USD","[PREMIUM]","[PREMIUM]","K130",false,"[PREMIUM]","PRESTIGE",false,false,"[PREMIUM]",,,,,,,,"[PREMIUM]"
"59808916","2026-07-15 21:01:17.307","2026-07-15 21:01:17.307","59808916","2026-07-15 13:01:21.000","[PREMIUM]","385","MI - WAYLAND","2026-07-16","THURSDAY","1000","EDT","0","V",2008,"LINCOLN","MKX","MKX","4DR SPORT UTILITY","BLUE","FRONT END",,"MI","CZ","YES","D",146296,"E","[PREMIUM]",0,"3.5L 6","ALL WHEEL DRIVE","AUTOMATIC","GAS",6,"Run & Drive Verified","On Minimum Bid","[PREMIUM]",,"WAYLAND","MI","49348","USA","USD","[PREMIUM]","[PREMIUM]","K210",false,"[PREMIUM]",,false,false,"[PREMIUM]",,,,,,,,"[PREMIUM]"
"59670506","2026-07-15 21:01:17.290","2026-07-15 21:01:17.290","59670506","2026-07-14 19:39:36.000","[PREMIUM]","385","MI - WAYLAND","2026-07-16","THURSDAY","1000","EDT","0","V",2013,"SUBARU","OUTBACK","OUTBACK","4DR SPORT UTILITY","SILVER","FRONT END",,"MI","CT","YES","D",142954,"A","[PREMIUM]",7601.12,"2.5L 4","ALL WHEEL DRIVE","AUTOMATIC","GAS",4,"Run & Drive Verified","Pure Sale","[PREMIUM]",,"WAYLAND","MI","49348","USA","USD","[PREMIUM]","[PREMIUM]","R180",false,"[PREMIUM]","2.5I PREMIUM",false,false,"[PREMIUM]",,,,,,,,"[PREMIUM]"
"59593966","2026-07-15 21:01:17.244","2026-07-29 20:43:03.866","59593966","2026-07-26 02:02:02.000","[PREMIUM]","385","MI - WAYLAND","2026-07-30","THURSDAY","1000","EDT","0","V",2018,"DODGE","JOURNEY","JOURNEY","SPORT UTILITY VEHICLE","BLACK","ROLLOVER",,"MI","CT","YES","D",84467,"A","[PREMIUM]",12267.99,"2.4L 4","FRONT WHEEL DRIVE","AUTOMATIC","GAS",4,"Run & Drive Verified","On Minimum Bid","[PREMIUM]",,"WAYLAND","MI","49348","USA","USD","[PREMIUM]","[PREMIUM]","N180",false,"[PREMIUM]","SE",false,false,"[PREMIUM]",,,,,,,,"[PREMIUM]"
"59268256","2026-07-15 21:01:17.145","2026-07-23 07:14:58.071","59268256","2026-07-20 19:37:43.000","[PREMIUM]","385","MI - WAYLAND","2026-07-23","THURSDAY","1000","EDT","0","V",2016,"TOYOTA","RAV4","RAV4","4DR SPORT UTILITY","BLUE","SIDE",,"MI","CT","YES","D",132838,"A","[PREMIUM]",9753.28,"2.5L 4","FRONT WHEEL DRIVE","AUTOMATIC","GAS",4,"Run & Drive Verified","Pure Sale","[PREMIUM]",,"WAYLAND","MI","49348","USA","USD","[PREMIUM]","[PREMIUM]","A170",false,"[PREMIUM]","XLE",false,false,"[PREMIUM]",,,,,,,,"[PREMIUM]"
"59252056","2026-07-15 21:01:17.145","2026-07-30 08:43:17.116","59252056","2026-07-30 08:00:18.000","[PREMIUM]","385","MI - WAYLAND","2026-07-30","THURSDAY","1000","EDT","2329","V",2017,"FORD","ESCAPE","ESCAPE","4DR SPORT UTILITY","CREAM","REAR END",,"MI","CT","YES","D",92547,"A","[PREMIUM]",12292.39,"2.0L 4","4X4 W/FRONT WHL DRV","AUTOMATIC","GAS",4,"Run & Drive Verified","Pure Sale","[PREMIUM]",,"WAYLAND","MI","49348","USA","USD","[PREMIUM]","[PREMIUM]","K190",false,"[PREMIUM]","TITANIUM",false,false,"[PREMIUM]",,,,,,,,"[PREMIUM]"
"59251616","2026-07-15 21:01:17.136","2026-07-29 04:47:30.634","59251616","2026-07-14 20:31:03.000","[PREMIUM]","385","MI - WAYLAND",,,,"EDT","0","V",2010,"CHRYSLER","MINIVAN","TOWN & COUNTRY","SPORTS VAN","SILVER","SIDE",,"MI","CT","YES","D",174299,"E","[PREMIUM]",3442,"3.8L 6","FRONT WHEEL DRIVE","AUTOMATIC","GAS",6,"Run & Drive Verified","Pure Sale","[PREMIUM]",,"WAYLAND","MI","49348","USA","USD","[PREMIUM]","[PREMIUM]","E190",false,"[PREMIUM]","TOURING",false,false,"[PREMIUM]",,,,,,,,"[PREMIUM]"
"59158666","2026-07-15 21:01:17.109","2026-07-23 07:14:57.980","59158666","2026-07-18 13:09:11.000","[PREMIUM]","385","MI - WAYLAND","2026-07-23","THURSDAY","1000","EDT","0","V",2020,"HONDA","CIVIC","CIVIC","SEDAN","WHITE","FRONT END","SIDE","MI","CT","YES","D",62465,"A","[PREMIUM]",13045.15,"2.0L 4","FRONT WHEEL DRIVE","AUTOMATIC","GAS",4,"Run & Drive Verified","Pure Sale","[PREMIUM]",,"WAYLAND","MI","49348","USA","USD","[PREMIUM]","[PREMIUM]","Q170",false,"[PREMIUM]","SPORT",false,false,"[PREMIUM]",,,,,,,,"[PREMIUM]"
"59060446","2026-07-15 21:01:17.027","2026-07-30 08:43:17.028","59060446","2026-07-30 08:00:18.000","[PREMIUM]","385","MI - WAYLAND","2026-07-30","THURSDAY","1000","EDT","2336","V",2016,"FORD","FUSION","FUSION","SEDAN 4DR","GRAY","FRONT END",,"MI","RS","YES","D",102491,"A","[PREMIUM]",0,"2.5L 4","FRONT WHEEL DRIVE","AUTOMATIC","GAS",4,"Run & Drive Verified","On Minimum Bid","[PREMIUM]",,"WAYLAND","MI","49348","USA","USD","[PREMIUM]","[PREMIUM]","K160",false,"[PREMIUM]","SE",false,false,"[PREMIUM]",,,,,,,,"[PREMIUM]"
"58970096","2026-07-15 21:01:16.999","2026-07-29 04:47:30.543","58970096","2026-07-14 20:31:02.000","[PREMIUM]","385","MI - WAYLAND",,,,"EDT","0","V",2019,"KIA","FORTE","FORTE","SEDAN","SILVER","MINOR DENT/SCRATCHES",,"MI","CT","NO","E",75238,"A","[PREMIUM]",10779,"2.0L 4","FRONT WHEEL DRIVE","AUTOMATIC","GAS",4,"DEFAULT","Pure Sale","[PREMIUM]",,"WAYLAND","MI","49348","USA","USD","[PREMIUM]","[PREMIUM]","E190",false,"[PREMIUM]","LXS",false,false,"[PREMIUM]",,,,,,,,"[PREMIUM]"
"58908426","2026-07-15 21:01:16.995","2026-07-23 07:14:57.856","58908426","2026-07-18 12:53:17.000","[PREMIUM]","385","MI - WAYLAND","2026-07-23","THURSDAY","1000","EDT","0","V",2016,"MAZDA","CX-5","CX-5","4DR SPORT UTILITY","WHITE","FRONT END",,"MI","CT","YES","D",166391,"A","[PREMIUM]",6505,"2.5L 4","ALL WHEEL DRIVE","AUTOMATIC","GAS",4,"Run & Drive Verified","On Minimum Bid","[PREMIUM]",,"WAYLAND","MI","49348","USA","USD","[PREMIUM]","[PREMIUM]","L170",false,"[PREMIUM]","GT",false,false,"[PREMIUM]",,,,,,,,"[PREMIUM]"
"58816736","2026-07-15 21:01:16.934","2026-07-30 08:43:16.956","58816736","2026-07-29 13:20:51.000","[PREMIUM]","385","MI - WAYLAND","2026-08-06","THURSDAY","1000","EDT","0","V",2022,"FORD","ESCAPE","ESCAPE","SPORT UTILITY VEHICLE","GRAY","FRONT END","REAR END","MI","PO","NO","E",0,"N","[PREMIUM]",47410.2,"2.0L 4","4X4 W/FRONT WHL DRV","AUTOMATIC","GAS",4,"DEFAULT","Pure Sale","[PREMIUM]",,"WAYLAND","MI","49348","USA","USD","[PREMIUM]","[PREMIUM]","S210",false,"[PREMIUM]","TITANIUM",false,false,"[PREMIUM]",,,,,,,,"[PREMIUM]"
"58700046","2026-07-15 21:01:16.824","2026-07-29 04:47:30.398","58700046","2026-07-14 20:04:50.000","[PREMIUM]","385","MI - WAYLAND",,,,"EDT","0","V",2010,"DODGE","All Models","RAM 1500","CREW PICKUP","TAN","FRONT END",,"MI","CT","YES","E",223203,"E","[PREMIUM]",4200.28,"5.7L 8","4X4 W/REAR WHEEL DRV","AUTOMATIC","GAS",8,"DEFAULT","Pure Sale","[PREMIUM]",,"WAYLAND","MI","49348","USA","USD","[PREMIUM]","[PREMIUM]","C170",false,"[PREMIUM]",,false,false,"[PREMIUM]",,,,,,,,"[PREMIUM]"
"58420106","2026-07-15 21:01:16.812","2026-07-27 22:47:13.158","58420106","2026-07-15 20:17:33.000","[PREMIUM]","385","MI - WAYLAND",,,,"EDT","0","V",2016,"CHEVROLET","ALL Models","SILVERADO","4DR EXT CAB PICKUP","WHITE","SIDE",,"MI","CT","YES","D",200785,"A","[PREMIUM]",17146.13,"6.0L 8","4X4 W/REAR WHEEL DRV","AUTOMATIC","FLEXIBLE",8,"Run & Drive Verified","Pure Sale","[PREMIUM]",,"WAYLAND","MI","49348","USA","USD","[PREMIUM]","[PREMIUM]","B190",false,"[PREMIUM]","K2500 HEAVY DUTY LT",false,false,"[PREMIUM]",,,,,,,,"[PREMIUM]"
"58696586","2026-07-15 21:01:16.803","2026-07-29 04:47:30.368","58696586","2026-07-14 20:31:03.000","[PREMIUM]","385","MI - WAYLAND",,,,"EDT","0","V",2011,"BMW","3 SERIES","328","COUPE","GRAY","FRONT END",,"MI","CT","YES","D",167360,"A","[PREMIUM]",4557.94,"3.0L 6","ALL WHEEL DRIVE","AUTOMATIC","GAS",6,"Run & Drive Verified","Pure Sale","[PREMIUM]",,"WAYLAND","MI","49348","USA","USD","[PREMIUM]","[PREMIUM]","D190",false,"[PREMIUM]","XI",false,false,"[PREMIUM]",,,,,,,,"[PREMIUM]"
"58676836","2026-07-15 21:01:16.802","2026-07-15 21:01:16.802","58676836","2026-07-15 01:52:07.000","[PREMIUM]","385","MI - WAYLAND","2026-07-16","THURSDAY","1000","EDT","0","V",2008,"BUICK","ENCLAVE","ENCLAVE","4DR SPORT UTILITY","CREAM","REAR END",,"MI","CT","YES","D",247692,"E","[PREMIUM]",3424,"3.6L 6","ALL WHEEL DRIVE","AUTOMATIC","GAS",6,"Run & Drive Verified","On Minimum Bid","[PREMIUM]",,"WAYLAND","MI","49348","USA","USD","[PREMIUM]","[PREMIUM]","K200",false,"[PREMIUM]","CXL",false,false,"[PREMIUM]",,,,,,,,"[PREMIUM]"
"58635546","2026-07-15 21:01:16.801","2026-07-30 08:43:16.862","58635546","2026-07-30 08:00:18.000","[PREMIUM]","385","MI - WAYLAND","2026-07-30","THURSDAY","1000","EDT","5","V",2025,"MAZDA","CX-5","CX-5","SPORT UTILITY VEHICLE","GRAY","FRONT END",,"MI","PO","YES","D",29983,"A","[PREMIUM]",29531.41,"2.5L 4","ALL WHEEL DRIVE","AUTOMATIC","GAS",4,"Run & Drive Verified","Pure Sale","[PREMIUM]",,"WAYLAND","MI","49348","USA","USD","[PREMIUM]","[PREMIUM]","L170",false,"[PREMIUM]","PREFERRED",false,false,"[PREMIUM]",,,,,,,,"[PREMIUM]"
"58683076","2026-07-15 21:01:16.788","2026-07-30 08:43:16.869","58683076","2026-07-29 13:21:51.000","[PREMIUM]","385","MI - WAYLAND","2026-08-06","THURSDAY","1000","EDT","0","V",2021,"LAMBORGHINI","ALL OTHER","HURACAN","COUPE","BLUE","FRONT END","SIDE","MI","PO","NO","E",7721,"A","[PREMIUM]",0,"5.2L 10","REAR WHEEL DRIVE","AUTOMATIC","GAS",10,"DEFAULT","On Minimum Bid","[PREMIUM]",,"WAYLAND","MI","49348","USA","USD","[PREMIUM]","[PREMIUM]","O160",false,"[PREMIUM]","EVO",false,false,"[PREMIUM]",,,,,,,,"[PREMIUM]"
"58602976","2026-07-15 21:01:16.728","2026-07-29 04:47:30.320","58602976","2026-07-14 21:15:57.000","[PREMIUM]","385","MI - WAYLAND",,,,"EDT","0","V",2017,"FORD","ESCAPE","ESCAPE","4DR SPORT UTILITY","SILVER","FRONT END","REAR END","MI","RS","YES","E",98386,"A","[PREMIUM]",6406,"2.5L 4","FRONT WHEEL DRIVE","AUTOMATIC","GAS",4,"DEFAULT","Pure Sale","[PREMIUM]",,"WAYLAND","MI","49348","USA","USD","[PREMIUM]","[PREMIUM]","D190",false,"[PREMIUM]","S",false,false,"[PREMIUM]",,,,,,,,"[PREMIUM]"
"58537436","2026-07-15 21:01:16.696","2026-07-30 08:43:16.814","58537436","2026-07-28 16:53:26.000","[PREMIUM]","385","MI - WAYLAND","2026-08-06","THURSDAY","1000","EDT","0","V",2024,"FORD","BRONCO","BRONCO SPORT","SPORT UTILITY VEHICLE","BEIGE","FRONT END",,"MI","PO","YES","E",0,"N","[PREMIUM]",21639.9,"1.5L 3","4X4 W/FRONT WHL DRV","AUTOMATIC","GAS",3,"DEFAULT","On Minimum Bid","[PREMIUM]",,"WAYLAND","MI","49348","USA","USD","[PREMIUM]","[PREMIUM]","D190",false,"[PREMIUM]","BIG BEND",false,false,"[PREMIUM]",,,,,,,,"[PREMIUM]"
"58282206","2026-07-15 21:01:16.509","2026-07-23 07:14:57.213","58282206","2026-07-21 19:16:49.000","[PREMIUM]","385","MI - WAYLAND","2026-07-23","THURSDAY","1000","EDT","0","V",2022,"TOYOTA","TACOMA","TACOMA","PICKUP","BLACK","REAR END",,"MI","CT","YES","D",87515,"A","[PREMIUM]",20582,"3.5L 6","FOUR BY FOUR","AUTOMATIC","GAS",6,"Run & Drive Verified","On Minimum Bid","[PREMIUM]",,"WAYLAND","MI","49348","USA","USD","[PREMIUM]","[PREMIUM]","A160",false,"[PREMIUM]","TRD SPORT",false,false,"[PREMIUM]",,,,,,,,"[PREMIUM]"
"58143626","2026-07-15 21:01:16.455","2026-07-29 20:43:03.721","58143626","2026-07-25 14:59:44.000","[PREMIUM]","385","MI - WAYLAND",,,,"EDT","0","V",2017,"MITSUBISHI","MIRAGE","MIRAGE","HATCHBACK 4DR","RED","FRONT END",,"IN","CT","YES","D",156839,"A","[PREMIUM]",4116,"1.2L 3","FRONT WHEEL DRIVE","AUTOMATIC","GAS",3,"Run & Drive Verified","Pure Sale","[PREMIUM]",,"WAYLAND","MI","49348","USA","USD","[PREMIUM]","[PREMIUM]","J190",false,"[PREMIUM]","ES",false,false,"[PREMIUM]",,,,,,,,"[PREMIUM]"
"58077236","2026-07-15 21:01:16.345","2026-07-15 21:01:16.345","58077236","2026-07-15 20:04:21.000","[PREMIUM]","855","WHOLESALE AUCTION","2026-07-16","THURSDAY","1200","EDT","7298","V",2015,"CHEVROLET","COLORADO","COLORADO","4DR EXT CAB PICKUP","WHITE","MECHANICAL",,"MI","CT","YES","E",259002,"A","[PREMIUM]",12569,"2.5L 4","REAR WHEEL DRIVE","AUTOMATIC","GAS",4,"DEFAULT","On Minimum Bid","[PREMIUM]",,"WAYLAND","MI","49348","USA","USD","[PREMIUM]","[PREMIUM]","E090",false,"[PREMIUM]",,false,true,"[PREMIUM]",,,,,"RED LIGHT",2.7,,"[PREMIUM]"
"58092456","2026-07-15 21:01:16.298","2026-07-30 08:43:16.562","58092456","2026-07-29 12:46:08.000","[PREMIUM]","385","MI - WAYLAND","2026-08-06","THURSDAY","1000","EDT","0","V",2011,"FORD","F250","F250","CREW PICKUP","GREEN","FRONT END","REAR END","MI","CT","YES","D",133207,"A","[PREMIUM]",9001,"6.2L 8","4X4 W/REAR WHEEL DRV","AUTOMATIC","GAS",8,"Run & Drive Verified","Pure Sale","[PREMIUM]",,"WAYLAND","MI","49348","USA","USD","[PREMIUM]","[PREMIUM]","P080",false,"[PREMIUM]","SUPER DUTY",false,false,"[PREMIUM]",,,,,,,,"[PREMIUM]"
"57635836","2026-07-15 21:01:16.014","2026-07-30 08:43:16.363","57635836","2026-07-29 12:37:30.000","[PREMIUM]","385","MI - WAYLAND","2026-08-06","THURSDAY","1000","EDT","0","V",2003,"FORD","MUSTANG","MUSTANG","CONVERTIBLE","SILVER","FRONT END","SIDE","MI","CT","YES","D",156815,"E","[PREMIUM]",6365.42,"3.8L 6","REAR WHEEL DRIVE","AUTOMATIC","GAS",6,"Run & Drive Verified","Pure Sale","[PREMIUM]",,"WAYLAND","MI","49348","USA","USD","[PREMIUM]","[PREMIUM]","N210",false,"[PREMIUM]",,false,false,"[PREMIUM]",,,,,,,,"[PREMIUM]"
"57558806","2026-07-15 21:01:15.977","2026-07-30 08:43:16.334","57558806","2026-07-30 08:00:18.000","[PREMIUM]","385","MI - WAYLAND","2026-07-30","THURSDAY","1000","EDT","4001","V",2011,"BUICK","LUCERNE","LUCERNE","SEDAN 4DR","BEIGE","FRONT END",,"MI","CT","YES","E",116006,"A","[PREMIUM]",9731.3,"3.9L 6","FRONT WHEEL DRIVE","AUTOMATIC","FLEXIBLE",6,"DEFAULT","Pure Sale","[PREMIUM]",,"WAYLAND","MI","49348","USA","USD","[PREMIUM]","[PREMIUM]","M210",false,"[PREMIUM]","CXL",false,false,"[PREMIUM]",,,,,,,,"[PREMIUM]"
"57604796","2026-07-15 21:01:15.966","2026-07-23 07:14:56.486","57604796","2026-07-15 16:09:28.000","[PREMIUM]","385","MI - WAYLAND","2026-07-23","THURSDAY","1000","EDT","0","V",2013,"CHRYSLER","MINIVAN","TOWN & COUNTRY","SPORTS VAN","SILVER","FRONT END","SIDE","MI","CT","YES","E",0,"N","[PREMIUM]",20801.62,"3.6L 6","FRONT WHEEL DRIVE","AUTOMATIC","FLEXIBLE",6,"DEFAULT","On Minimum Bid","[PREMIUM]",,"WAYLAND","MI","49348","USA","USD","[PREMIUM]","[PREMIUM]","P210",false,"[PREMIUM]","TOURING L",false,false,"[PREMIUM]",,,,,,,,"[PREMIUM]"
"57226526","2026-07-15 21:01:15.861","2026-07-30 08:43:16.122","57226526","2026-07-29 12:37:03.000","[PREMIUM]","832","MEDIUM DUTY CLEAN TITLE SALE","2026-08-03","MONDAY","1100","CDT","0","K",2016,"FORD","TRANSIT","TRANSIT","CARGO VAN","WHITE","REAR END","SIDE","MI","CT","YES","S",203959,"A","[PREMIUM]",15163.6,"3.7L 6","REAR WHEEL DRIVE","AUTOMATIC","GAS",6,"Vehicle Starts","Pure Sale","[PREMIUM]",,"WAYLAND","MI","49348","USA","USD","[PREMIUM]","[PREMIUM]","S020",false,"[PREMIUM]","T-150",false,false,"[PREMIUM]",,,,,,,,"[PREMIUM]"
"57418936","2026-07-15 21:01:15.808","2026-07-27 22:47:12.614","57418936","2026-07-18 13:23:10.000","[PREMIUM]","385","MI - WAYLAND",,,,"EDT","0","V",2019,"BUICK","ENCORE","ENCORE","SPORT UTILITY VEHICLE","WHITE","FRONT END",,"MI","CT","YES","D",55829,"A","[PREMIUM]",10008.72,"1.4L 4","FRONT WHEEL DRIVE","AUTOMATIC","GAS",4,"Run & Drive Verified","Pure Sale","[PREMIUM]",,"WAYLAND","MI","49348","USA","USD","[PREMIUM]","[PREMIUM]","E190",false,"[PREMIUM]","PREFERRED",false,false,"[PREMIUM]",,,,,,,,"[PREMIUM]"
"57479216","2026-07-15 21:01:15.791","2026-07-30 08:43:16.255","57479216","2026-07-29 12:34:09.000","[PREMIUM]","835","MEDIUM DUTY SPECIALTY SALE","2026-08-05","WEDNESDAY","1100","CDT","0","K",2023,"FORD","TRANSIT","TRANSIT","VAN CARGO","WHITE","REAR END",,"MI","ST","YES","D",154571,"A","[PREMIUM]",14935,"3.5L 6","ALL WHEEL DRIVE","AUTOMATIC","GAS",6,"Run & Drive Verified","Pure Sale","[PREMIUM]",,"WAYLAND","MI","49348","USA","USD","[PREMIUM]","[PREMIUM]","S030",false,"[PREMIUM]","T-250",false,false,"[PREMIUM]",,,,,,,,"[PREMIUM]"
"57480446","2026-07-15 21:01:15.786","2026-07-30 08:43:16.251","57480446","2026-07-28 20:58:49.000","[PREMIUM]","832","MEDIUM DUTY CLEAN TITLE SALE","2026-08-03","MONDAY","1100","CDT","0","K",2020,"GMC","SAVANA","SAVANA","VAN CARGO","WHITE","FRONT END",,"MI","CT","YES","D",60375,"A","[PREMIUM]",17500.46,"6.0L 8","REAR WHEEL DRIVE","AUTOMATIC","FLEXIBLE",8,"Run & Drive Verified","Pure Sale","[PREMIUM]",,"WAYLAND","MI","49348","USA","USD","[PREMIUM]","[PREMIUM]","S180",false,"[PREMIUM]","G2500",false,false,"[PREMIUM]",,,,,,,,"[PREMIUM]"
"57364176","2026-07-15 21:01:15.691","2026-07-17 11:14:45.529","57364176","2026-07-15 14:32:54.000","[PREMIUM]","385","MI - WAYLAND","2026-07-23","THURSDAY","1000","EDT","0","V",2018,"JEEP","CHEROKEE","GRAND CHEROKEE","SPORT UTILITY VEHICLE","BLACK","FRONT END",,"MI","CT","YES","D",153840,"A","[PREMIUM]",10718.19,"3.6L 6","4X4 W/REAR WHEEL DRV","AUTOMATIC","FLEXIBLE",6,"Run & Drive Verified","Pure Sale","[PREMIUM]",,"WAYLAND","MI","49348","USA","USD","[PREMIUM]","[PREMIUM]","N170",false,"[PREMIUM]","LAREDO",false,false,"[PREMIUM]",,,,,,,,"[PREMIUM]"
"57310956","2026-07-15 21:01:15.680","2026-07-23 07:14:56.020","57310956","2026-07-18 14:51:12.000","[PREMIUM]","385","MI - WAYLAND","2026-07-23","THURSDAY","1000","EDT","0","V",2017,"CHEVROLET","SILVERADO","SILVERADO","CREW PICKUP","WHITE","FRONT END",,"MI","CT","YES","S",212412,"A","[PREMIUM]",21206.7,"6.6L 8","4X4 W/REAR WHEEL DRV","AUTOMATIC","DIESEL",8,"Vehicle Starts","On Minimum Bid","[PREMIUM]",,"WAYLAND","MI","49348","USA","USD","[PREMIUM]","[PREMIUM]","P080",false,"[PREMIUM]","K2500 HEAVY DUTY LT",false,false,"[PREMIUM]",,,,,,,,"[PREMIUM]"
"57177336","2026-07-15 21:01:15.591","2026-07-30 08:43:16.095","57177336","2026-07-30 08:00:18.000","[PREMIUM]","385","MI - WAYLAND","2026-07-30","THURSDAY","1000","EDT","31","V",2022,"VOLKSWAGEN","TIGUAN","TIGUAN","SPORT UTILITY VEHICLE","WHITE","REAR END",,"MI","ST","YES","D",49671,"A","[PREMIUM]",16089.01,"2.0L 4","ALL WHEEL DRIVE","AUTOMATIC","GAS",4,"Run & Drive Verified","Pure Sale","[PREMIUM]",,"WAYLAND","MI","49348","USA","USD","[PREMIUM]","[PREMIUM]","K150",false,"[PREMIUM]","SE",false,false,"[PREMIUM]",,,,,,,,"[PREMIUM]"
"57019076","2026-07-15 21:01:15.517","2026-07-29 04:47:29.496","57019076","2026-07-14 21:15:56.000","[PREMIUM]","385","MI - WAYLAND",,,,"EDT","0","V",2017,"CHEVROLET","TRAVERSE","TRAVERSE","4DR SPORT UTILITY","BLACK","FRONT END",,"MI","CT","YES","E",150781,"A","[PREMIUM]",6154.54,"3.6L 6","ALL WHEEL DRIVE","AUTOMATIC","GAS",6,"DEFAULT","Pure Sale","[PREMIUM]",,"WAYLAND","MI","49348","USA","USD","[PREMIUM]","[PREMIUM]","G190",false,"[PREMIUM]","LT",false,false,"[PREMIUM]",,,,,,,,"[PREMIUM]"
"56862066","2026-07-15 21:01:15.402","2026-07-29 04:47:29.462","56862066","2026-07-14 21:15:55.000","[PREMIUM]","385","MI - WAYLAND",,,,"EDT","0","V",2014,"CHRYSLER","300","300C","SEDAN 4DR","BLACK","VANDALISM","REAR END","MI","CT","YES","D",254534,"A","[PREMIUM]",5347.13,"3.6L 6","REAR WHEEL DRIVE","AUTOMATIC","FLEXIBLE",6,"Run & Drive Verified","Pure Sale","[PREMIUM]",,"WAYLAND","MI","49348","USA","USD","[PREMIUM]","[PREMIUM]","G190",false,"[PREMIUM]",,false,false,"[PREMIUM]",,,,,,,,"[PREMIUM]"
"56825236","2026-07-15 21:01:15.378","2026-07-23 07:14:55.074","56825236","2026-07-15 17:27:36.000","[PREMIUM]","385","MI - WAYLAND","2026-07-23","THURSDAY","1000","EDT","0","V",2014,"CHEVROLET","MALIBU","MALIBU","SEDAN 4DR","BLACK","FRONT END","SIDE","MI","CT","YES","D",109367,"A","[PREMIUM]",14280.88,"2.5L 4","FRONT WHEEL DRIVE","AUTOMATIC","GAS",4,"Run & Drive Verified","Pure Sale","[PREMIUM]",,"WAYLAND","MI","49348","USA","USD","[PREMIUM]","[PREMIUM]","L140",false,"[PREMIUM]","LS",false,false,"[PREMIUM]",,,,,,,,"[PREMIUM]"
"56131956","2026-07-15 21:01:14.964","2026-07-15 21:01:14.964","56131956","2026-07-14 17:03:46.000","[PREMIUM]","385","MI - WAYLAND","2026-07-16","THURSDAY","1000","EDT","0","V",2011,"HONDA","ODYSSEY","ODYSSEY","SPORTS VAN","CHARCOAL","SIDE","FRONT END","MI","CT","YES","D",230898,"A","[PREMIUM]",5236.32,"3.5L 6","FRONT WHEEL DRIVE","AUTOMATIC","GAS",6,"Run & Drive Verified","On Minimum Bid","[PREMIUM]",,"WAYLAND","MI","49348","USA","USD","[PREMIUM]","[PREMIUM]","O180",false,"[PREMIUM]","EXL",false,false,"[PREMIUM]",,,,,,,,"[PREMIUM]"
"56101666","2026-07-15 21:01:14.961","2026-07-30 08:43:15.634","56101666","2026-07-28 16:53:25.000","[PREMIUM]","385","MI - WAYLAND","2026-08-06","THURSDAY","1000","EDT","0","R",2024,"SALM","TRAVEL TRA","TRAVEL TRA",,"GRAY","BURN - INTERIOR",,"MI","PO","EXM","E",0,"N","[PREMIUM]",24050,,,,,,"DEFAULT","On Minimum Bid","[PREMIUM]",,"WAYLAND","MI","49348","USA","USD","[PREMIUM]","[PREMIUM]","HV090",false,"[PREMIUM]",,false,false,"[PREMIUM]",,,,,,,,"[PREMIUM]"
"56054076","2026-07-15 21:01:14.943","2026-07-30 08:43:15.567","56054076","2026-07-30 08:00:18.000","[PREMIUM]","385","MI - WAYLAND","2026-07-30","THURSDAY","1000","EDT","35","V",2023,"TOYOTA","4RUNNER","4RUNNER","SPORT UTILITY VEHICLE","BLACK","TOP/ROOF","SIDE","MI","PO","YES","D",41838,"A","[PREMIUM]",39118.17,"4.0L 6","4X4 W/REAR WHEEL DRV","AUTOMATIC","GAS",6,"Run & Drive Verified","On Minimum Bid","[PREMIUM]",,"WAYLAND","MI","49348","USA","USD","[PREMIUM]","[PREMIUM]","S200",false,"[PREMIUM]","LIMITED",false,false,"[PREMIUM]",,,,,,,,"[PREMIUM]"
"56098786","2026-07-15 21:01:14.879","2026-07-30 08:43:15.547","56098786","2026-07-29 12:49:30.000","[PREMIUM]","385","MI - WAYLAND","2026-08-06","THURSDAY","1000","EDT","0","V",2020,"FORD","ESCAPE","ESCAPE","SPORT UTILITY VEHICLE","SILVER","FRONT END",,"MI","CT","YES","E",0,"N","[PREMIUM]",18805.21,"1.5L 3","4X4 W/FRONT WHL DRV","AUTOMATIC","GAS",3,"DEFAULT","Pure Sale","[PREMIUM]",,"WAYLAND","MI","49348","USA","USD","[PREMIUM]","[PREMIUM]","O210",false,"[PREMIUM]","SE",false,false,"[PREMIUM]",,,,,,,,"[PREMIUM]"
"56003586","2026-07-15 21:01:14.827","2026-07-30 08:43:15.555","56003586","2026-07-30 08:00:18.000","[PREMIUM]","385","MI - WAYLAND","2026-07-30","THURSDAY","1000","EDT","2289","V",2012,"CHEVROLET","CAMARO","CAMARO","COUPE","BLACK","REAR END",,"MI","ST","YES","D",148613,"A","[PREMIUM]",8195,"3.6L 6","REAR WHEEL DRIVE","AUTOMATIC","GAS",6,"Run & Drive Verified","On Minimum Bid","[PREMIUM]",,"WAYLAND","MI","49348","USA","USD","[PREMIUM]","[PREMIUM]","K200",false,"[PREMIUM]","LT",false,false,"[PREMIUM]",,,,,,,,"[PREMIUM]"
"55831876","2026-07-15 21:01:14.695","2026-07-29 04:47:28.837","55831876","2026-07-21 18:41:44.000","[PREMIUM]","385","MI - WAYLAND",,,,"EDT","0","V",2009,"NISSAN","ALTIMA","ALTIMA","SEDAN 4DR","SILVER","REAR END",,"MI","CT","YES","D",290949,"E","[PREMIUM]",1748,"2.5L 4","FRONT WHEEL DRIVE","AUTOMATIC","GAS",4,"Run & Drive Verified","Pure Sale","[PREMIUM]",,"WAYLAND","MI","49348","USA","USD","[PREMIUM]","[PREMIUM]","H180",false,"[PREMIUM]","2.5/2.5S",false,false,"[PREMIUM]",,,,,,,,"[PREMIUM]"
"55693556","2026-07-15 21:01:14.610","2026-07-15 21:01:14.610","55693556","2026-07-14 19:49:02.000","[PREMIUM]","385","MI - WAYLAND","2026-07-16","THURSDAY","1000","EDT","0","V",2011,"CHEVROLET","EQUINOX","EQUINOX","4DR SPORT UTILITY","BLUE","FRONT END",,"MI","CT","YES","D",193051,"A","[PREMIUM]",3646.61,"3.0L 6","ALL WHEEL DRIVE","AUTOMATIC","GAS",6,"Run & Drive Verified","On Minimum Bid","[PREMIUM]",,"WAYLAND","MI","49348","USA","USD","[PREMIUM]","[PREMIUM]","R210",false,"[PREMIUM]","LT",false,false,"[PREMIUM]",,,,,,,,"[PREMIUM]"
"55719206","2026-07-15 21:01:14.573","2026-07-23 07:14:53.849","55719206","2026-07-16 13:36:15.000","[PREMIUM]","385","MI - WAYLAND","2026-07-23","THURSDAY","1000","EDT","0","V",2020,"KIA","FORTE LXS","FORTE","SEDAN","SILVER","ALL OVER",,"MI","CT","YES","E",0,"N","[PREMIUM]",35489.04,"2.0L 4","FRONT WHEEL DRIVE","AUTOMATIC","GAS",4,"DEFAULT","Pure Sale","[PREMIUM]",,"WAYLAND","MI","49348","USA","USD","[PREMIUM]","[PREMIUM]","S210",false,"[PREMIUM]","LXS",false,false,"[PREMIUM]",,,,,,,,"[PREMIUM]"
"55517706","2026-07-15 21:01:14.483","2026-07-23 07:14:53.683","55517706","2026-07-15 17:42:28.000","[PREMIUM]","385","MI - WAYLAND","2026-07-23","THURSDAY","1000","EDT","0","V",2019,"JEEP","CHEROKEE","GRAND CHEROKEE","SPORT UTILITY VEHICLE","GRAY","SIDE",,"MI","CT","YES","D",133771,"A","[PREMIUM]",8460,"3.6L 6","4X4 W/REAR WHEEL DRV","AUTOMATIC","FLEXIBLE",6,"Run & Drive Verified","Pure Sale","[PREMIUM]",,"WAYLAND","MI","49348","USA","USD","[PREMIUM]","[PREMIUM]","Q180",false,"[PREMIUM]","LIMITED",false,false,"[PREMIUM]",,,,,,,,"[PREMIUM]"
"55417936","2026-07-15 21:01:14.442","2026-07-30 08:43:15.358","55417936","2026-07-29 12:42:33.000","[PREMIUM]","385","MI - WAYLAND","2026-08-06","THURSDAY","1000","EDT","0","V",2023,"FORD","F150","F150","PICKUP","BLUE","SIDE",,"MI","CT","NO","E",0,"N","[PREMIUM]",23366.7,"3.5L 6","4X4 W/REAR WHEEL DRV","AUTOMATIC","GAS",6,"DEFAULT","Pure Sale","[PREMIUM]",,"WAYLAND","MI","49348","USA","USD","[PREMIUM]","[PREMIUM]","S110",false,"[PREMIUM]","SUPERCREW",false,false,"[PREMIUM]",,,,,,,,"[PREMIUM]"
"55309736","2026-07-15 21:01:14.428","2026-07-29 04:47:28.719","55309736","2026-07-14 20:04:50.000","[PREMIUM]","385","MI - WAYLAND",,,,"EDT","0","V",2018,"CHEVROLET","ALL Models","SILVERADO","PICKUP","GRAY","SIDE",,"MI","CT","YES","D",68463,"A","[PREMIUM]",26113,"5.3L 8","4X4 W/REAR WHEEL DRV","AUTOMATIC","GAS",8,"Run & Drive Verified","Pure Sale","[PREMIUM]",,"WAYLAND","MI","49348","USA","USD","[PREMIUM]","[PREMIUM]","E170",false,"[PREMIUM]","K1500 LT",false,false,"[PREMIUM]",,,,,,,,"[PREMIUM]"
"54966656","2026-07-15 21:01:14.246","2026-07-23 07:14:53.406","54966656","2026-07-15 15:42:58.000","[PREMIUM]","385","MI - WAYLAND","2026-07-23","THURSDAY","1000","EDT","0","V",2017,"HONDA","CIVIC","CIVIC","SEDAN 4DR","BLUE","FRONT END",,"MI","CT","YES","E",0,"N","[PREMIUM]",19309.87,"2.0L 4","FRONT WHEEL DRIVE","AUTOMATIC","GAS",4,"DEFAULT","Pure Sale","[PREMIUM]",,"WAYLAND","MI","49348","USA","USD","[PREMIUM]","[PREMIUM]","R190",false,"[PREMIUM]","LX",false,false,"[PREMIUM]",,,,,,,,"[PREMIUM]"
"54278986","2026-07-15 21:01:14.030","2026-07-30 08:43:14.969","54278986","2026-07-29 13:22:05.000","[PREMIUM]","385","MI - WAYLAND","2026-08-06","THURSDAY","1000","EDT","0","V",2024,"HONDA","HR-V","HR-V","SPORT UTILITY VEHICLE","BLACK","FRONT END",,"MI","ST","YES","S",34267,"A","[PREMIUM]",18384.84,"2.0L 4","ALL WHEEL DRIVE","AUTOMATIC","GAS",4,"Vehicle Starts","Pure Sale","[PREMIUM]",,"WAYLAND","MI","49348","USA","USD","[PREMIUM]","[PREMIUM]","L190",false,"[PREMIUM]","SPORT",false,false,"[PREMIUM]",,,,,,,,"[PREMIUM]"
"54313086","2026-07-15 21:01:13.980","2026-07-15 21:01:13.980","54313086","2026-07-14 16:30:34.000","[PREMIUM]","385","MI - WAYLAND","2026-07-16","THURSDAY","1000","EDT","0","V",2013,"BUICK","ENCLAVE","ENCLACV","4DR SPORT UTILITY","GRAY","FRONT END",,"MI","CZ","YES","D",182748,"A","[PREMIUM]",0,"3.6L 6","All Wheel Drive","AUTOMATIC","Gas",6,"Run & Drive Verified","On Minimum Bid","[PREMIUM]",,"WAYLAND","MI","49348","USA","USD","[PREMIUM]","[PREMIUM]","P180",false,"[PREMIUM]",,false,false,"[PREMIUM]",,,,,,,,"[PREMIUM]"
"54259266","2026-07-15 21:01:13.873","2026-07-30 08:43:14.963","54259266","2026-07-29 12:47:52.000","[PREMIUM]","385","MI - WAYLAND","2026-08-06","THURSDAY","1000","EDT","0","V",2015,"NISSAN","FRONTIER","FRONTIER","PICKUP","BURGUNDY","FRONT END",,"MI","CT","YES","S",110719,"A","[PREMIUM]",10992.38,"4.0L 6","FOUR BY FOUR","AUTOMATIC","GAS",6,"Vehicle Starts","Pure Sale","[PREMIUM]",,"WAYLAND","MI","49348","USA","USD","[PREMIUM]","[PREMIUM]","S150",false,"[PREMIUM]","SV",false,false,"[PREMIUM]",,,,,,,,"[PREMIUM]"
"53983476","2026-07-15 21:01:13.792","2026-07-30 08:43:14.902","53983476","2026-07-30 08:00:18.000","[PREMIUM]","385","MI - WAYLAND","2026-07-30","THURSDAY","1000","EDT","2312","V",2016,"CHRYSLER","MINIVAN","TOWN & COUNTRY","SPORTS VAN","BURGUNDY","FRONT END",,"MI","CT","YES","D",126313,"A","[PREMIUM]",8059.55,"3.6L 6","FRONT WHEEL DRIVE","AUTOMATIC","FLEXIBLE",6,"Run & Drive Verified","Pure Sale","[PREMIUM]",,"WAYLAND","MI","49348","USA","USD","[PREMIUM]","[PREMIUM]","A190",false,"[PREMIUM]","TOURING L",false,false,"[PREMIUM]",,,,,,,,"[PREMIUM]"
"53532086","2026-07-15 21:01:13.670","2026-07-27 22:47:11.323","53532086","2026-07-15 20:17:33.000","[PREMIUM]","385","MI - WAYLAND",,,,"EDT","0","V",2015,"GMC","ACADIA DEN","ACADIA","4DR SPORT UTILITY","BEIGE","FRONT END","SIDE","MI","CT","NO","E",0,"N","[PREMIUM]",5355,"3.6L 6","ALL WHEEL DRIVE","AUTOMATIC","GAS",6,"DEFAULT","Pure Sale","[PREMIUM]",,"WAYLAND","MI","49348","USA","USD","[PREMIUM]","[PREMIUM]","I180",false,"[PREMIUM]","DENALI",false,false,"[PREMIUM]",,,,,,,,"[PREMIUM]"
"53332026","2026-07-15 21:01:13.609","2026-07-30 08:43:14.826","53332026","2026-07-14 20:31:02.000","[PREMIUM]","385","MI - WAYLAND",,,,"EDT","0","V",2015,"TOYOTA","All Models","SIENNA","SPORTS VAN","WHITE","SIDE","REAR END","MI","ST","YES",,0,"N","[PREMIUM]",14514,"3.5L 6","FRONT WHEEL DRIVE","AUTOMATIC","GAS",6,,"Pure Sale","[PREMIUM]",,"WAYLAND","MI","49348","USA","USD","[PREMIUM]","[PREMIUM]","R180",false,"[PREMIUM]","LE",false,false,"[PREMIUM]",,,,,,,,"[PREMIUM]"
"52712206","2026-07-15 21:01:13.528","2026-07-23 07:14:52.587","52712206","2026-07-15 20:46:22.000","[PREMIUM]","385","MI - WAYLAND","2026-07-23","THURSDAY","1000","EDT","0","V",2020,"CHEVROLET","TAHOE","TAHOE","SPORT UTILITY VEHICLE","GRAY","ALL OVER",,"MI","PO","NO","E",0,"N","[PREMIUM]",30523.88,"5.3L 8","4X4 W/REAR WHEEL DRV","AUTOMATIC","GAS",8,"DEFAULT","On Minimum Bid","[PREMIUM]",,"WAYLAND","MI","49348","USA","USD","[PREMIUM]","[PREMIUM]","S210",false,"[PREMIUM]","K1500 LT",false,false,"[PREMIUM]",,,,,,,,"[PREMIUM]"
"52031236","2026-07-15 21:01:13.393","2026-07-30 08:43:14.660","52031236","2026-07-29 13:26:20.000","[PREMIUM]","385","MI - WAYLAND","2026-08-06","THURSDAY","1000","EDT","0","V",2014,"MERCEDES-BENZ","S-CLASS","S","SEDAN 4DR","BLACK","FRONT END",,"MI","CT","YES","D",94704,"A","[PREMIUM]",19796,"4.6L 8","REAR WHEEL DRIVE","AUTOMATIC","GAS",8,"Run & Drive Verified","Pure Sale","[PREMIUM]",,"WAYLAND","MI","49348","USA","USD","[PREMIUM]","[PREMIUM]","H100",false,"[PREMIUM]","550",false,false,"[PREMIUM]",,,,,,,,"[PREMIUM]"
"51716776","2026-07-15 21:01:13.355","2026-07-27 22:47:11.139","51716776","2026-07-15 20:17:33.000","[PREMIUM]","385","MI - WAYLAND",,,,"EDT","0","V",2011,"TOYOTA","RAV4","RAV4","4DR SPORT UTILITY","GRAY","SIDE","FRONT END","MI","CT","YES","S",253440,"A","[PREMIUM]",4421,"2.5L 4","ALL WHEEL DRIVE","AUTOMATIC","GAS",4,"Vehicle Starts","Pure Sale","[PREMIUM]",,"WAYLAND","MI","49348","USA","USD","[PREMIUM]","[PREMIUM]","B140",false,"[PREMIUM]","SPORT",false,false,"[PREMIUM]",,,,,,,,"[PREMIUM]"
"51495916","2026-07-15 21:01:13.303","2026-07-30 08:43:14.632","51495916","2026-07-30 08:00:18.000","[PREMIUM]","385","MI - WAYLAND","2026-07-30","THURSDAY","1000","EDT","2292","V",2018,"GMC","TERRAIN","TERRAIN","SPORT UTILITY VEHICLE","BLACK","FRONT END",,"ID","SC","YES","D",80333,"A","[PREMIUM]",10252,"1.6L 4","ALL WHEEL DRIVE","AUTOMATIC","DIESEL",4,"Run & Drive Verified","Pure Sale","[PREMIUM]",,"WAYLAND","MI","49348","USA","USD","[PREMIUM]","[PREMIUM]","K190",false,"[PREMIUM]","SLE",false,false,"[PREMIUM]",,,,,,,,"[PREMIUM]"
"51079266","2026-07-15 21:01:13.246","2026-07-30 08:43:14.603","51079266","2026-07-29 13:21:04.000","[PREMIUM]","385","MI - WAYLAND","2026-08-06","THURSDAY","1000","EDT","0","V",2024,"BUICK","ENCORE","ENCORE GX","SPORT UTILITY VEHICLE","GRAY","FRONT END","SIDE","MI","PO","YES","D",20506,"A","[PREMIUM]",21462,"1.3L 3","ALL WHEEL DRIVE","AUTOMATIC","GAS",3,"Run & Drive Verified","Pure Sale","[PREMIUM]",,"WAYLAND","MI","49348","USA","USD","[PREMIUM]","[PREMIUM]","Q190",false,"[PREMIUM]","PREFERRED",false,false,"[PREMIUM]",,,,,,,,"[PREMIUM]"
"49603226","2026-07-15 21:01:13.123","2026-07-23 07:14:51.656","49603226","2026-07-15 12:17:45.000","[PREMIUM]","385","MI - WAYLAND","2026-07-23","THURSDAY","1000","EDT","0","V",2013,"TOYOTA","SIENNA","SIENNA","SPORTS VAN","GRAY","FRONT END",,"MI","CT","YES",,131774,"A","[PREMIUM]",20244,"3.5L 6","FRONT WHEEL DRIVE","AUTOMATIC","GAS",6,,"Pure Sale","[PREMIUM]",,"WAYLAND","MI","49348","USA","USD","[PREMIUM]","[PREMIUM]","Q180",false,"[PREMIUM]","SPORT",false,false,"[PREMIUM]",,,,,,,,"[PREMIUM]"
"48418476","2026-07-15 21:01:13.019","2026-07-30 08:43:14.416","48418476","2026-07-30 08:00:18.000","[PREMIUM]","385","MI - WAYLAND","2026-07-30","THURSDAY","1000","EDT","2287","V",2019,"CHEVROLET","TRAVERSE","TRAVERSE","SPORT UTILITY VEHICLE","BLACK","WATER/FLOOD","TOP/ROOF","MI","CT","YES","D",114443,"A","[PREMIUM]",13433.56,"3.6L 6","ALL WHEEL DRIVE","AUTOMATIC","GAS",6,"Run & Drive Verified","Pure Sale","[PREMIUM]",,"WAYLAND","MI","49348","USA","USD","[PREMIUM]","[PREMIUM]","O210",false,"[PREMIUM]","LT",false,false,"[PREMIUM]",,,,,,,,"[PREMIUM]"
"93958185","2026-07-15 21:01:12.807","2026-07-30 08:43:14.187","93958185","2026-07-15 19:07:11.000","[PREMIUM]","384","ME - WINDHAM",,,,"EDT","0","V",2019,"FORD","EXPLORER","EXPLORER",,"GRAY","REAR END",,"ME","ST","YES","D",111286,"A","[PREMIUM]",12336,"3.5L  6","4x4 w/Front Whl Drv","AUTOMATIC","GAS",6,"Run & Drive Verified","Pure Sale","[PREMIUM]",,"WINDHAM","ME","04062","USA","USD","[PREMIUM]","[PREMIUM]","D010",false,"[PREMIUM]","XLT",false,false,"[PREMIUM]",,,,,,,,"[PREMIUM]"
"85620515","2026-07-15 21:01:12.782","2026-07-30 08:43:14.196","85620515","2026-07-14 20:08:21.000","[PREMIUM]","384","ME - WINDHAM",,,,"EDT","0","V",2008,"CHEVROLET","MALIBU","MALIBU","SEDAN 4DR","WHITE","FRONT END","TOP/ROOF","ME","ST","YES","E",80158,"E","[PREMIUM]",0,"2.4L 4","FRONT WHEEL DRIVE","AUTOMATIC","GAS",4,"DEFAULT","Pure Sale","[PREMIUM]",,"WINDHAM","ME","04062","USA","USD","[PREMIUM]","[PREMIUM]","J060",false,"[PREMIUM]","2LT",false,false,"[PREMIUM]",,,,,,,,"[PREMIUM]"
"79949865","2026-07-15 21:01:12.778","2026-07-30 08:43:14.124","79949865","2026-07-14 20:08:21.000","[PREMIUM]","384","ME - WINDHAM",,,,"EDT","0","V",2017,"SUBARU","OUTBACK","OUTBACK","SPORT UTILITY VEHICLE","WHITE","SIDE",,"ME","ST","YES","D",87482,"A","[PREMIUM]",11656.51,"2.5L 4","ALL WHEEL DRIVE","AUTOMATIC","GAS",4,"Run & Drive Verified","Pure Sale","[PREMIUM]",,"WINDHAM","ME","04062","USA","USD","[PREMIUM]","[PREMIUM]","I020",false,"[PREMIUM]","2.5I LIMITED",false,false,"[PREMIUM]",,,,,,,,"[PREMIUM]"
"60688426","2026-07-15 21:01:12.680","2026-07-30 08:43:13.842","60688426","2026-07-29 16:13:19.000","[PREMIUM]","384","ME - WINDHAM","2026-07-31","FRIDAY","1000","EDT","0","V",2008,"GMC","SIERRA","SIERRA","4DR EXT CAB PICKUP","BLUE","MECHANICAL","SIDE","ME","CT","YES","E",208919,"E","[PREMIUM]",0,"5.3L 8","4X4 W/REAR WHEEL DRV","AUTOMATIC","GAS",8,"DEFAULT","On Minimum Bid","[PREMIUM]",,"WINDHAM","ME","04062","USA","USD","[PREMIUM]","[PREMIUM]","D060",true,"[PREMIUM]","K1500",false,false,"[PREMIUM]",,,,,,,,"[PREMIUM]"
"60690336","2026-07-15 21:01:12.677","2026-07-17 11:14:31.321","60690336","2026-07-17 08:00:09.000","[PREMIUM]","384","ME - WINDHAM","2026-07-17","FRIDAY","1000","EDT","58","V",2018,"HONDA","CRV","CR-V","SPORT UTILITY VEHICLE","GRAY","NORMAL WEAR","MINOR DENT/SCRATCHES","ME","CT","YES","D",118792,"A","[PREMIUM]",0,"1.5L 4","ALL WHEEL DRIVE","AUTOMATIC","GAS",4,"Run & Drive Verified","On Approval","[PREMIUM]",,"WINDHAM","ME","04062","USA","USD","[PREMIUM]","[PREMIUM]","D050",false,"[PREMIUM]","EX",false,false,"[PREMIUM]",,,,,,,,"[PREMIUM]"
"61239736","2026-07-15 21:01:12.675","2026-07-23 19:15:24.984","61239736","2026-07-23 17:52:59.000","[PREMIUM]","384","ME - WINDHAM","2026-07-24","FRIDAY","1000","EDT","0","V",2006,"VOLVO","S60","S60","SEDAN 4DR","GRAY","NORMAL WEAR","MINOR DENT/SCRATCHES","ME","CT","YES","D",123985,"E","[PREMIUM]",0,"2.5L 5","ALL WHEEL DRIVE","AUTOMATIC","GAS",5,"Run & Drive Verified","On Minimum Bid","[PREMIUM]",,"WINDHAM","ME","04062","USA","USD","[PREMIUM]","[PREMIUM]","D030",false,"[PREMIUM]","2.5T",false,false,"[PREMIUM]",,,,,,,,"[PREMIUM]"
"60553566","2026-07-15 21:01:12.668","2026-07-22 07:12:12.293","60553566","2026-07-15 19:07:58.000","[PREMIUM]","384","ME - WINDHAM","2026-07-22","WEDNESDAY","1000","EDT","0","V",2021,"VOLKSWAGEN","ATLAS","ATLAS","SPORT UTILITY VEHICLE","SILVER","REAR END",,"ME","ST","YES","D",46169,"A","[PREMIUM]",20891.46,"3.6L 6","ALL WHEEL DRIVE","AUTOMATIC","GAS",6,"Run & Drive Verified","Pure Sale","[PREMIUM]",,"WINDHAM","ME","04062","USA","USD","[PREMIUM]","[PREMIUM]","I090",false,"[PREMIUM]","SE",false,false,"[PREMIUM]",,,,,,,,"[PREMIUM]"
"60954006","2026-07-15 21:01:12.666","2026-07-29 04:47:27.393","60954006","2026-07-27 17:51:42.000","[PREMIUM]","384","ME - WINDHAM","2026-07-29","WEDNESDAY","1000","EDT","0","V",2011,"SUZUKI","SX4","SX4","HATCHBACK 4DR","BLUE","NORMAL WEAR",,"ME","CT","YES","D",217707,"A","[PREMIUM]",0,"2.0L 4","ALL WHEEL DRIVE","AUTOMATIC","GAS",4,"Run & Drive Verified","On Minimum Bid","[PREMIUM]",,"WINDHAM","ME","04062","USA","USD","[PREMIUM]","[PREMIUM]","D030",false,"[PREMIUM]",,false,false,"[PREMIUM]",,,,,,,,"[PREMIUM]"
"59980046","2026-07-15 21:01:12.647","2026-07-30 08:43:13.704","59980046","2026-07-14 20:08:21.000","[PREMIUM]","384","ME - WINDHAM",,,,"EDT","0","V",2010,"LEXUS","RX350","RX","4DR SPORT UTILITY","RED","REAR END",,"ME","ST","YES","D",126453,"A","[PREMIUM]",11273,"3.5L 6","ALL WHEEL DRIVE","AUTOMATIC","GAS",6,"Run & Drive Verified","On Minimum Bid","[PREMIUM]",,"WINDHAM","ME","04062","USA","USD","[PREMIUM]","[PREMIUM]","H080",false,"[PREMIUM]","350",false,false,"[PREMIUM]",,,,,,,,"[PREMIUM]"
"60468396","2026-07-15 21:01:12.646","2026-07-22 07:12:12.292","60468396","2026-07-15 19:07:57.000","[PREMIUM]","384","ME - WINDHAM","2026-07-22","WEDNESDAY","1000","EDT","0","V",2013,"CHEVROLET","EQUINOX","EQUINOX","4DR SPORT UTILITY","RED","FRONT END",,"ME","ST","YES","D",136861,"A","[PREMIUM]",5026.01,"3.6L 6","ALL WHEEL DRIVE","AUTOMATIC","GAS",6,"Run & Drive Verified","Pure Sale","[PREMIUM]",,"WINDHAM","ME","04062","USA","USD","[PREMIUM]","[PREMIUM]","J080",false,"[PREMIUM]","LTZ",false,false,"[PREMIUM]",,,,,,,,"[PREMIUM]"
"60195256","2026-07-15 21:01:12.644","2026-07-30 08:43:13.739","60195256","2026-07-15 19:07:11.000","[PREMIUM]","384","ME - WINDHAM",,,,"EDT","0","V",2010,"CHEVROLET","HHR","HHR","4DR SPORT UTILITY","SILVER","SIDE","REAR END","ME","ST","YES","D",267344,"E","[PREMIUM]",1768,"2.2L 4","FRONT WHEEL DRIVE","AUTOMATIC","FLEXIBLE",4,"Run & Drive Verified","Pure Sale","[PREMIUM]",,"WINDHAM","ME","04062","USA","USD","[PREMIUM]","[PREMIUM]","H030",false,"[PREMIUM]","LT",false,false,"[PREMIUM]",,,,,,,,"[PREMIUM]"
"60329816","2026-07-15 21:01:12.638","2026-07-17 11:14:31.302","60329816","2026-07-17 08:00:09.000","[PREMIUM]","384","ME - WINDHAM","2026-07-17","FRIDAY","1000","EDT","66","V",2025,"HONDA","CRV","CR-V","SPORT UTILITY VEHICLE","WHITE","FRONT END",,"ME","ST","YES","D",32761,"A","[PREMIUM]",10184,"2.0L 4","ALL WHEEL DRIVE","AUTOMATIC","ELECTRIC AND GAS HYBRID",4,"Run & Drive Verified","Pure Sale","[PREMIUM]",,"WINDHAM","ME","04062","USA","USD","[PREMIUM]","[PREMIUM]","J060",false,"[PREMIUM]","SPORT TOURING",false,false,"[PREMIUM]",,,,,,,,"[PREMIUM]"
"59831536","2026-07-15 21:01:12.601","2026-07-17 11:14:29.326","59831536","2026-07-17 08:00:09.000","[PREMIUM]","384","ME - WINDHAM","2026-07-17","FRIDAY","1000","EDT","1101","V",2020,"HYUNDAI","TUCSON","TUCSON","SUV","CHARCOAL","FRONT END",,"ME","ST","NO","E",46838,"A","[PREMIUM]",10871.86,"2.4L 4","ALL WHEEL DRIVE","AUTOMATIC","GAS",4,"DEFAULT","Pure Sale","[PREMIUM]",,"WINDHAM","ME","04062","USA","USD","[PREMIUM]","[PREMIUM]","H110",false,"[PREMIUM]","SEL",false,false,"[PREMIUM]",,,,,,,,"[PREMIUM]"
"59841576","2026-07-15 21:01:12.594","2026-07-30 08:43:13.703","59841576","2026-07-14 20:08:21.000","[PREMIUM]","384","ME - WINDHAM",,,,"EDT","0","V",2018,"VOLKSWAGEN","JETTA","JETTA","SEDAN","WHITE","FRONT END",,"ME","ST","YES","D",133089,"A","[PREMIUM]",0,"1.4L 4","FRONT WHEEL DRIVE","AUTOMATIC","GAS",4,"Run & Drive Verified","On Approval","[PREMIUM]",,"WINDHAM","ME","04062","USA","USD","[PREMIUM]","[PREMIUM]","C040",false,"[PREMIUM]","S",false,false,"[PREMIUM]",,,,,,,,"[PREMIUM]"
"59780116","2026-07-15 21:01:12.592","2026-07-30 08:43:13.629","59780116","2026-07-14 20:08:21.000","[PREMIUM]","384","ME - WINDHAM",,,,"EDT","0","V",2016,"HONDA","CIVIC","CIVIC","SEDAN 4DR","GRAY","FRONT END","WATER/FLOOD","ME","ST","YES","D",101421,"A","[PREMIUM]",10882,"2.0L 4","FRONT WHEEL DRIVE","AUTOMATIC","GAS",4,"Run & Drive Verified","Pure Sale","[PREMIUM]",,"WINDHAM","ME","04062","USA","USD","[PREMIUM]","[PREMIUM]","D030",false,"[PREMIUM]","LX",false,false,"[PREMIUM]",,,,,,,,"[PREMIUM]"
"59657446","2026-07-15 21:01:12.570","2026-07-30 08:43:13.652","59657446","2026-07-15 19:07:11.000","[PREMIUM]","384","ME - WINDHAM",,,,"EDT","0","V",2017,"NISSAN","SENTRA","SENTRA","SEDAN","GRAY","FRONT END","SIDE","ME","ST","YES","D",199841,"A","[PREMIUM]",3775.29,"1.8L 4","FRONT WHEEL DRIVE","AUTOMATIC","GAS",4,"Run & Drive Verified","Pure Sale","[PREMIUM]",,"WINDHAM","ME","04062","USA","USD","[PREMIUM]","[PREMIUM]","J040",false,"[PREMIUM]","S",false,false,"[PREMIUM]",,,,,,,,"[PREMIUM]"
"59596136","2026-07-15 21:01:12.541","2026-07-30 08:43:13.643","59596136","2026-07-15 19:07:11.000","[PREMIUM]","384","ME - WINDHAM",,,,"EDT","0","V",2016,"CADILLAC","ESCALADE","ESCALADE","4DR SPORT UTILITY","WHITE","SIDE","FRONT END","ME","ST","EXM","E",0,"N","[PREMIUM]",30843.2,"6.2L 8","4X4 W/REAR WHEEL DRV","AUTOMATIC","GAS",8,"DEFAULT","Pure Sale","[PREMIUM]",,"WINDHAM","ME","04062","USA","USD","[PREMIUM]","[PREMIUM]","G050",false,"[PREMIUM]","ESV LUXURY",false,false,"[PREMIUM]",,,,,,,,"[PREMIUM]"
"58555236","2026-07-15 21:01:12.395","2026-07-30 08:43:13.363","58555236","2026-07-15 12:14:45.000","[PREMIUM]","384","ME - WINDHAM",,,,"EDT","0","V",2006,"TOYOTA","TUNDRA","TUNDRA","4DR EXT CAB PICKUP","GREEN","SIDE","REAR END","ME","ST","YES","S",168402,"E","[PREMIUM]",8332.28,"4.7L 8","4X4 W/REAR WHEEL DRV","AUTOMATIC","GAS",8,"Vehicle Starts","Pure Sale","[PREMIUM]",,"WINDHAM","ME","04062","USA","USD","[PREMIUM]","[PREMIUM]","A060",false,"[PREMIUM]","ACCESS CAB SR5",false,false,"[PREMIUM]",,,,,,,,"[PREMIUM]"
"58661376","2026-07-15 21:01:12.386","2026-07-30 08:43:13.369","58661376","2026-07-15 19:07:11.000","[PREMIUM]","384","ME - WINDHAM",,,,"EDT","0","V",2016,"NISSAN","ROGUE","ROGUE","WAGON","BLUE","FRONT END","SIDE","ME","ST","YES","D",53437,"A","[PREMIUM]",9718.48,"2.5L 4","ALL WHEEL DRIVE","AUTOMATIC","GAS",4,"Run & Drive Verified","Pure Sale","[PREMIUM]",,"WINDHAM","ME","04062","USA","USD","[PREMIUM]","[PREMIUM]","A040",false,"[PREMIUM]","S",false,false,"[PREMIUM]",,,,,,,,"[PREMIUM]"
"58102296","2026-07-15 21:01:12.369","2026-07-30 08:43:13.258","58102296","2026-07-15 19:07:11.000","[PREMIUM]","384","ME - WINDHAM",,,,"EDT","0","V",2012,"TOYOTA","PRIUS THRE","PRIUS","HATCHBACK","WHITE","FRONT END","SIDE","ME","ST","YES","D",236939,"A","[PREMIUM]",15104.94,"1.8L 4","FRONT WHEEL DRIVE","AUTOMATIC","ELECTRIC AND GAS HYBRID",4,"Run & Drive Verified","Pure Sale","[PREMIUM]",,"WINDHAM","ME","04062","USA","USD","[PREMIUM]","[PREMIUM]","B040",false,"[PREMIUM]","THREE",false,false,"[PREMIUM]",,,,,,,,"[PREMIUM]"
"58243746","2026-07-15 21:01:12.304","2026-07-30 08:43:13.243","58243746","2026-07-15 19:07:11.000","[PREMIUM]","384","ME - WINDHAM",,,,"EDT","0","V",2001,"MERCEDES-BENZ","SLK-CLASS","SLK","CONVERTIBLE","RED","SIDE","REAR END","ME","ST","YES","D",137750,"E","[PREMIUM]",7995.33,"3.2L 6","REAR WHEEL DRIVE","AUTOMATIC","GAS",6,"Run & Drive Verified","Pure Sale","[PREMIUM]",,"WINDHAM","ME","04062","USA","USD","[PREMIUM]","[PREMIUM]","A030",false,"[PREMIUM]","320",false,false,"[PREMIUM]",,,,,,,,"[PREMIUM]"
"58143436","2026-07-15 21:01:12.298","2026-07-30 08:43:13.247","58143436","2026-07-15 19:07:11.000","[PREMIUM]","384","ME - WINDHAM",,,,"EDT","0","V",2006,"TOYOTA","RAV4","RAV4","4DR SPORT UTILITY","GREEN","FRONT END",,"ME","ST","YES","D",190781,"A","[PREMIUM]",0,"3.5L 6","ALL WHEEL DRIVE","AUTOMATIC","GAS",6,"Run & Drive Verified","Pure Sale","[PREMIUM]",,"WINDHAM","ME","04062","USA","USD","[PREMIUM]","[PREMIUM]","D020",false,"[PREMIUM]","LIMITED",false,false,"[PREMIUM]",,,,,,,,"[PREMIUM]"
"57667256","2026-07-15 21:01:12.201","2026-07-30 08:43:13.120","57667256","2026-07-15 19:07:11.000","[PREMIUM]","384","ME - WINDHAM",,,,"EDT","0","V",2024,"HONDA","HR-V","HR-V","SPORT UTILITY VEHICLE","BLACK","NORMAL WEAR",,"ME","ST","YES","D",48082,"A","[PREMIUM]",25567.57,"2.0L 4","ALL WHEEL DRIVE","AUTOMATIC","GAS",4,"Run & Drive Verified","Pure Sale","[PREMIUM]",,"WINDHAM","ME","04062","USA","USD","[PREMIUM]","[PREMIUM]","B040",false,"[PREMIUM]","EXL",false,false,"[PREMIUM]",,,,,,,,"[PREMIUM]"
"57102146","2026-07-15 21:01:12.063","2026-07-30 08:43:13.034","57102146","2026-07-15 19:07:11.000","[PREMIUM]","384","ME - WINDHAM",,,,"EDT","0","V",2012,"NISSAN","VERSA 1.8","VERSA","HATCHBACK","BLUE","FRONT END","SIDE","ME","ST","YES","D",125479,"A","[PREMIUM]",3520,"1.8L 4","FRONT WHEEL DRIVE","AUTOMATIC","GAS",4,"Run & Drive Verified","Pure Sale","[PREMIUM]",,"WINDHAM","ME","04062","USA","USD","[PREMIUM]","[PREMIUM]","J020",false,"[PREMIUM]","1.8 S",false,false,"[PREMIUM]",,,,,,,,"[PREMIUM]"
"56033816","2026-07-15 21:01:11.870","2026-07-30 08:43:12.852","56033816","2026-07-14 20:08:21.000","[PREMIUM]","384","ME - WINDHAM",,,,"EDT","0","V",2014,"JEEP","PATRIOT","PATRIOT","4DR SPORT UTILITY","BLACK","FRONT END","UNDERCARRIAGE","ME","ST","YES","D",169010,"A","[PREMIUM]",5229,"2.0L 4","FRONT WHEEL DRIVE","AUTOMATIC","GAS",4,"Run & Drive Verified","Pure Sale","[PREMIUM]",,"WINDHAM","ME","04062","USA","USD","[PREMIUM]","[PREMIUM]","G050",false,"[PREMIUM]","SPORT",false,false,"[PREMIUM]",,,,,,,,"[PREMIUM]"
"55936046","2026-07-15 21:01:11.861","2026-07-24 13:14:10.589","55936046","2026-07-24 08:00:07.000","[PREMIUM]","384","ME - WINDHAM","2026-07-24","FRIDAY","1000","EDT","28","V",2014,"DODGE","AVENGER","AVENGER","SEDAN 4DR","WHITE","FRONT END",,"ID","SC","YES","D",131813,"A","[PREMIUM]",8688,"2.4L 4","FRONT WHEEL DRIVE","AUTOMATIC","GAS",4,"Run & Drive Verified","Pure Sale","[PREMIUM]",,"WINDHAM","ME","04062","USA","USD","[PREMIUM]","[PREMIUM]","J010",false,"[PREMIUM]",,false,false,"[PREMIUM]",,,,,,,,"[PREMIUM]"
"55839996","2026-07-15 21:01:11.828","2026-07-30 08:43:12.808","55839996","2026-07-15 19:07:11.000","[PREMIUM]","384","ME - WINDHAM",,,,"EDT","0","V",2016,"CHRYSLER","200","200","SEDAN 4DR","GRAY","FRONT END","MINOR DENT/SCRATCHES","ME","ST","YES","E",0,"N","[PREMIUM]",5064,"2.4L 4","FRONT WHEEL DRIVE","AUTOMATIC","GAS",4,"DEFAULT","Pure Sale","[PREMIUM]",,"WINDHAM","ME","04062","USA","USD","[PREMIUM]","[PREMIUM]","G040",false,"[PREMIUM]","S",false,false,"[PREMIUM]",,,,,,,,"[PREMIUM]"
"55841806","2026-07-15 21:01:11.824","2026-07-22 07:12:11.292","55841806","2026-07-15 19:07:58.000","[PREMIUM]","384","ME - WINDHAM","2026-07-22","WEDNESDAY","1000","EDT","0","V",2024,"MERCEDES-BENZ","GLC-CLASS","GLC","SPORT UTILITY VEHICLE","BLACK","FRONT END","SIDE","ME","ST","YES","E",27112,"A","[PREMIUM]",49814.12,"2.0L 4","ALL WHEEL DRIVE","AUTOMATIC","GAS",4,"DEFAULT","Pure Sale","[PREMIUM]",,"WINDHAM","ME","04062","USA","USD","[PREMIUM]","[PREMIUM]","C010",false,"[PREMIUM]","300 4MATIC",false,false,"[PREMIUM]",,,,,,,,"[PREMIUM]"
"55213826","2026-07-15 21:01:11.756","2026-07-24 13:14:10.474","55213826","2026-07-24 08:00:07.000","[PREMIUM]","384","ME - WINDHAM","2026-07-24","FRIDAY","1000","EDT","11","V",2014,"CHEVROLET","SILVERADO","SILVERADO","CREW PICKUP","BURGUNDY","FRONT END","UNDERCARRIAGE","ID","SC","YES","D",162066,"A","[PREMIUM]",18010,"5.3L 8","4X4 W/REAR WHEEL DRV","AUTOMATIC","GAS",8,"Run & Drive Verified","Pure Sale","[PREMIUM]",,"WINDHAM","ME","04062","USA","USD","[PREMIUM]","[PREMIUM]","D060",false,"[PREMIUM]","K1500 LT",false,false,"[PREMIUM]",,,,,,,,"[PREMIUM]"
"54701806","2026-07-15 21:01:11.698","2026-07-30 08:43:12.702","54701806","2026-07-15 19:07:11.000","[PREMIUM]","384","ME - WINDHAM",,,,"EDT","0","V",2013,"HONDA","CRV","CR-V","4DR SPORT UTILITY","BLACK","FRONT END","UNDERCARRIAGE","ME","ST","YES","E",107436,"A","[PREMIUM]",24767.78,"2.4L 4","ALL WHEEL DRIVE","AUTOMATIC","GAS",4,"DEFAULT","Pure Sale","[PREMIUM]",,"WINDHAM","ME","04062","USA","USD","[PREMIUM]","[PREMIUM]","D050",false,"[PREMIUM]","EXL",false,false,"[PREMIUM]",,,,,,,,"[PREMIUM]"
"54143856","2026-07-15 21:01:11.677","2026-07-23 19:15:23.671","54143856","2026-07-22 20:00:46.000","[PREMIUM]","855","WHOLESALE AUCTION","2026-07-23","THURSDAY","1200","EDT","4409","V",2022,"CHEVROLET","TRAX","TRAX","SPORT UTILITY VEHICLE","BLUE","UNDERCARRIAGE","FRONT END","ME","CT","YES","D",87020,"A","[PREMIUM]",2363,"1.4L 4","ALL WHEEL DRIVE","AUTOMATIC","GAS",4,"Run & Drive Verified","On Minimum Bid","[PREMIUM]",,"WINDHAM","ME","04062","USA","USD","[PREMIUM]","[PREMIUM]","S010",false,"[PREMIUM]","1LT",false,true,"[PREMIUM]",,,,,"RED LIGHT",4,,"[PREMIUM]"
"54459276","2026-07-15 21:01:11.676","2026-07-30 08:43:12.677","54459276","2026-07-29 16:15:21.000","[PREMIUM]","384","ME - WINDHAM","2026-07-31","FRIDAY","1000","EDT","0","V",2016,"TOYOTA","TACOMA","TACOMA","PICKUP","BLACK","MECHANICAL",,"ME","CT","YES","E",0,"N","[PREMIUM]",0,"3.5L 6","FOUR BY FOUR","AUTOMATIC","GAS",6,"DEFAULT","On Minimum Bid","[PREMIUM]",,"WINDHAM","ME","04062","USA","USD","[PREMIUM]","[PREMIUM]","C050",true,"[PREMIUM]","TRD OFF-ROAD",false,false,"[PREMIUM]",,,,,,,,"[PREMIUM]"
"54184996","2026-07-15 21:01:11.625","2026-07-30 08:43:12.652","54184996","2026-07-14 20:08:21.000","[PREMIUM]","384","ME - WINDHAM",,,,"EDT","0","V",2014,"JEEP","CHEROKEE","GRAND CHEROKEE","4DR SPORT UTILITY","BURGUNDY","FRONT END",,"ME","ST","YES","E",0,"N","[PREMIUM]",9653.32,"3.6L 6","4X4 W/REAR WHEEL DRV","AUTOMATIC","FLEXIBLE",6,"DEFAULT","Pure Sale","[PREMIUM]",,"WINDHAM","ME","04062","USA","USD","[PREMIUM]","[PREMIUM]","G020",false,"[PREMIUM]","LIMITED",false,false,"[PREMIUM]",,,,,,,,"[PREMIUM]"
"53595666","2026-07-15 21:01:11.609","2026-07-30 08:43:12.625","53595666","2026-07-30 06:05:40.000","[PREMIUM]","836","HEAVY TRUCK SPECIALTY SALE",,,,"CDT","0","R",2018,"KEYSTONE","COLEMAN","COLEMAN",,"GRAY","FRONT END",,"ME","ST","EXM","E",0,"N","[PREMIUM]",9721.94,,,,,,"DEFAULT","On Approval","[PREMIUM]",,"WINDHAM","ME","04062","USA","USD","[PREMIUM]","[PREMIUM]","HVY",false,"[PREMIUM]",,false,false,"[PREMIUM]",,,,,,,,"[PREMIUM]"
"52818666","2026-07-15 21:01:11.567","2026-07-30 08:43:12.563","52818666","2026-07-14 20:30:41.000","[PREMIUM]","384","ME - WINDHAM",,,,"EDT","0","V",2025,"GMC","CANYON","CANYON","PICKUP","BLACK","FRONT END","SIDE","ID","SC","YES","D",10229,"A","[PREMIUM]",26414,"2.7L 4","4X4 W/REAR WHEEL DRV","AUTOMATIC","GAS",4,"Run & Drive Verified","Pure Sale","[PREMIUM]",,"WINDHAM","ME","04062","USA","USD","[PREMIUM]","[PREMIUM]","B060",false,"[PREMIUM]","AT4",false,false,"[PREMIUM]",,,,,,,,"[PREMIUM]"
"51776236","2026-07-15 21:01:11.527","2026-07-30 08:43:12.520","51776236","2026-07-14 20:08:21.000","[PREMIUM]","384","ME - WINDHAM",,,,"EDT","0","V",2013,"SUBARU","OUTBACK","OUTBACK","4DR SPORT UTILITY","BLUE","SIDE","FRONT END","ME","ST","YES","D",303547,"A","[PREMIUM]",4823,"2.5L 4","ALL WHEEL DRIVE","AUTOMATIC","GAS",4,"Run & Drive Verified","Pure Sale","[PREMIUM]",,"WINDHAM","ME","04062","USA","USD","[PREMIUM]","[PREMIUM]","B030",false,"[PREMIUM]","2.5I PREMIUM",false,false,"[PREMIUM]",,,,,,,,"[PREMIUM]"
"51756196","2026-07-15 21:01:11.512","2026-07-24 13:14:10.219","51756196","2026-07-24 08:00:07.000","[PREMIUM]","384","ME - WINDHAM","2026-07-24","FRIDAY","1000","EDT","2","V",2021,"MITSUBISHI","MIRAGE","MIRAGE","SEDAN","RED","FRONT END",,"ID","SC","YES","D",60628,"A","[PREMIUM]",5696,"1.2L 3","FRONT WHEEL DRIVE","AUTOMATIC","GAS",3,"Run & Drive Verified","Pure Sale","[PREMIUM]",,"WINDHAM","ME","04062","USA","USD","[PREMIUM]","[PREMIUM]","D010",false,"[PREMIUM]","G4 ES",false,false,"[PREMIUM]",,,,,,,,"[PREMIUM]"
"61370386","2026-07-15 21:01:11.314","2026-07-24 13:14:09.723","61370386","2026-07-23 12:08:38.000","[PREMIUM]","376","OH - AKRON","2026-07-24","FRIDAY","1000","EDT","17","V",2002,"PONTIAC","GRANDPRIX","GRAND PRIX","SEDAN 4DR","SILVER","SIDE","REAR END","OH","ST","YES","D",98037,"A","[PREMIUM]",4184.13,"3.1L 6","FRONT WHEEL DRIVE","AUTOMATIC","GAS",6,"Run & Drive Verified","Pure Sale","[PREMIUM]",,"BARBERTON","OH","44203","USA","USD","[PREMIUM]","[PREMIUM]","D020",false,"[PREMIUM]","SE",false,false,"[PREMIUM]",,,,,,,,"[PREMIUM]"
"61546566","2026-07-15 21:01:11.297","2026-07-30 08:43:12.065","61546566","2026-07-28 19:47:52.000","[PREMIUM]","376","OH - AKRON","2026-08-04","TUESDAY","1000","EDT","0","V",2012,"TOYOTA","PRIUS","PRIUS","HATCHBACK","BLUE","MINOR DENT/SCRATCHES",,"OH","CT","YES","D",188554,"A","[PREMIUM]",0,"1.8L 4","FRONT WHEEL DRIVE","AUTOMATIC","ELECTRIC AND GAS HYBRID",4,"Run & Drive Verified","On Minimum Bid","[PREMIUM]",,"BARBERTON","OH","44203","USA","USD","[PREMIUM]","[PREMIUM]","F060",true,"[PREMIUM]","THREE",false,false,"[PREMIUM]",,,,,,,,"[PREMIUM]"
"61403466","2026-07-15 21:01:11.291","2026-07-24 13:14:09.725","61403466","2026-07-23 12:08:38.000","[PREMIUM]","376","OH - AKRON","2026-07-24","FRIDAY","1000","EDT","3","V",2014,"INFINITI","QX80","QX80","SUV","WHITE","VANDALISM",,"OH","ST","YES","D",261784,"A","[PREMIUM]",10653.02,"5.6L 8","ALL WHEEL DRIVE","AUTOMATIC","GAS",8,"Run & Drive Verified","Pure Sale","[PREMIUM]",,"BARBERTON","OH","44203","USA","USD","[PREMIUM]","[PREMIUM]","B090",false,"[PREMIUM]","BASE",false,false,"[PREMIUM]",,,,,,,,"[PREMIUM]"
"60923936","2026-07-15 21:01:11.283","2026-07-21 01:13:54.601","60923936","2026-07-20 12:05:14.000","[PREMIUM]","376","OH - AKRON","2026-07-21","TUESDAY","1000","EDT","14","V",2015,"CHEVROLET","SILVERADO","SILVERADO","4DR EXT CAB PICKUP","RED","SIDE","UNDERCARRIAGE","OH","ST","YES","D",197339,"A","[PREMIUM]",15119.63,"5.3L 8","4X4 W/REAR WHEEL DRV","AUTOMATIC","GAS",8,"Run & Drive Verified","Pure Sale","[PREMIUM]",,"BARBERTON","OH","44203","USA","USD","[PREMIUM]","[PREMIUM]","D090",false,"[PREMIUM]","K1500 LT",false,false,"[PREMIUM]",,,,,,,,"[PREMIUM]"
"60788496","2026-07-15 21:01:11.277","2026-07-21 01:13:54.549","60788496","2026-07-14 20:11:59.000","[PREMIUM]","833","HEAVY-TRAILER-RV CLEAN SALE","2026-07-21","TUESDAY","1100","CDT","0","U",2008,"INTERNATIONAL","ALL MODELS","7000","CONVENTIONAL CAB","WHITE","FRONT END",,"OH","CT","YES","E",0,"N","[PREMIUM]",0,"9.3L 6","REAR WHEEL DRIVE","AUTOMATIC","DIESEL",6,"DEFAULT","On Approval","[PREMIUM]",,"BARBERTON","OH","44203","USA","USD","[PREMIUM]","[PREMIUM]","HV002",false,"[PREMIUM]","7400",false,false,"[PREMIUM]",,,,,,,,"[PREMIUM]"
"60826556","2026-07-15 21:01:11.270","2026-07-21 01:13:54.569","60826556","2026-07-20 12:05:14.000","[PREMIUM]","376","OH - AKRON","2026-07-21","TUESDAY","1000","EDT","5","V",2003,"HONDA","ELEMENT","ELEMENT","4DR SPORT UTILITY","ORANGE","REAR END",,"OH","ST","YES","D",255312,"A","[PREMIUM]",2456.25,"2.4L 4","FRONT WHEEL DRIVE","AUTOMATIC","GAS",4,"Run & Drive Verified","Pure Sale","[PREMIUM]",,"BARBERTON","OH","44203","USA","USD","[PREMIUM]","[PREMIUM]","C040",false,"[PREMIUM]","EX",false,false,"[PREMIUM]",,,,,,,,"[PREMIUM]"
"60899676","2026-07-15 21:01:11.269","2026-07-21 01:13:54.601","60899676","2026-07-20 22:43:54.000","[PREMIUM]","881","*NCS - CENTRAL REGION","2026-07-22","WEDNESDAY","2000","CDT","0","K",2015,"GMC","SAVANA","SAVANA","CARGO VAN","WHITE","FRONT END",,"OH","CT","YES","E",219976,"A","[PREMIUM]",0,"4.8L 8","REAR WHEEL DRIVE","AUTOMATIC","FLEXIBLE",8,"DEFAULT","On Minimum Bid","[PREMIUM]",,"BARBERTON","OH","44203","USA","USD","[PREMIUM]","[PREMIUM]","H030",true,"[PREMIUM]","G2500",false,false,"[PREMIUM]",,,,,,,,"[PREMIUM]"
"60788276","2026-07-15 21:01:11.269","2026-07-30 08:43:11.783","60788276","2026-07-30 02:45:36.000","[PREMIUM]","881","*NCS - CENTRAL REGION","2026-07-30","THURSDAY","2000","CDT","0","U",2018,"KENWORTH","ALL OTHER","CONSTRUCTION","STRAIGHT TRUCK","YELLOW","REAR END",,"OH","CT","YES","E",0,"N","[PREMIUM]",0,"8.9L 6","REAR WHEEL DRIVE","AUTOMATIC","DIESEL",6,"DEFAULT","On Minimum Bid","[PREMIUM]",,"BARBERTON","OH","44203","USA","USD","[PREMIUM]","[PREMIUM]","HV002",false,"[PREMIUM]","T400",false,false,"[PREMIUM]",,,,,,,,"[PREMIUM]"
"61119076","2026-07-15 21:01:11.249","2026-07-21 01:13:54.634","61119076","2026-07-20 16:46:28.000","[PREMIUM]","376","OH - AKRON","2026-07-21","TUESDAY","1000","EDT","50","V",2015,"JEEP","CHEROKEE","GRAND CHEROKEE","4DR SPORT UTILITY","BLACK","MINOR DENT/SCRATCHES",,"OH","CT","YES","D",98032,"A","[PREMIUM]",0,"3.6L 6","4X4 W/REAR WHEEL DRV","AUTOMATIC","FLEXIBLE",6,"Run & Drive Verified","On Approval","[PREMIUM]",,"BARBERTON","OH","44203","USA","USD","[PREMIUM]","[PREMIUM]","G020",false,"[PREMIUM]","LAREDO",false,false,"[PREMIUM]",,,,,,,,"[PREMIUM]"
"60604896","2026-07-15 21:01:11.194","2026-07-17 11:14:17.142","60604896","2026-07-16 13:44:05.000","[PREMIUM]","376","OH - AKRON","2026-07-17","FRIDAY","1000","EDT","75","V",2020,"LAND ROVER","DEFENDER","DEFENDER","SPORT UTILITY VEHICLE","WHITE","MINOR DENT/SCRATCHES",,"OH","CT","YES","D",87544,"A","[PREMIUM]",0,"3.0L 6","ALL WHEEL DRIVE","AUTOMATIC","GAS",6,"Run & Drive Verified","On Minimum Bid","[PREMIUM]",,"BARBERTON","OH","44203","USA","USD","[PREMIUM]","[PREMIUM]","F100",true,"[PREMIUM]","110 SE",false,false,"[PREMIUM]",,,,,,,,"[PREMIUM]"
"60588276","2026-07-15 21:01:11.184","2026-07-24 13:14:09.455","60588276","2026-07-24 12:33:06.000","[PREMIUM]","376","OH - AKRON","2026-07-24","FRIDAY","1000","EDT","50","V",2011,"TOYOTA","HIGHLANDER","HIGHLANDER","4DR SPORT UTILITY","BLACK","MINOR DENT/SCRATCHES",,"OH","CT","YES","D",180580,"A","[PREMIUM]",0,"3.5L 6","ALL WHEEL DRIVE","AUTOMATIC","ELECTRIC AND GAS HYBRID",6,"Run & Drive Verified","On Approval","[PREMIUM]",,"BARBERTON","OH","44203","USA","USD","[PREMIUM]","[PREMIUM]","F040",false,"[PREMIUM]","HYBRID LIMITED",false,false,"[PREMIUM]",,,,,,,,"[PREMIUM]"
"60580896","2026-07-15 21:01:11.158","2026-07-30 08:43:11.666","60580896","2026-07-29 11:54:22.000","[PREMIUM]","376","OH - AKRON","2026-07-31","FRIDAY","1000","EDT","0","V",2017,"FORD","ESCAPE","ESCAPE","4DR SPORT UTILITY","RED","MINOR DENT/SCRATCHES",,"OH","CT","YES","D",126928,"A","[PREMIUM]",0,"2.0L 4","FRONT WHEEL DRIVE","AUTOMATIC","GAS",4,"Run & Drive Verified","On Minimum Bid","[PREMIUM]",,"BARBERTON","OH","44203","USA","USD","[PREMIUM]","[PREMIUM]","C030",true,"[PREMIUM]","TITANIUM",false,false,"[PREMIUM]",,,,,,,,"[PREMIUM]"
"60580256","2026-07-15 21:01:11.152","2026-07-30 08:43:11.664","60580256","2026-07-29 11:54:12.000","[PREMIUM]","376","OH - AKRON","2026-07-31","FRIDAY","1000","EDT","0","V",2017,"CHEVROLET","COLORADO","COLORADO","PICKUP","SILVER","MECHANICAL",,"FL","CT","YES","E",0,"N","[PREMIUM]",0,"3.6L 6","REAR WHEEL DRIVE","AUTOMATIC","GAS",6,"DEFAULT","On Minimum Bid","[PREMIUM]",,"BARBERTON","OH","44203","USA","USD","[PREMIUM]","[PREMIUM]","E090",true,"[PREMIUM]","Z71",false,false,"[PREMIUM]",,,,,,,,"[PREMIUM]"
"60581606","2026-07-15 21:01:11.152","2026-07-30 08:43:11.671","60581606","2026-07-29 12:05:00.000","[PREMIUM]","376","OH - AKRON","2026-07-31","FRIDAY","1000","EDT","0","V",2012,"HONDA","ACCORD","ACCORD","COUPE","BLACK","MINOR DENT/SCRATCHES",,"OH","CT","YES","D",232912,"A","[PREMIUM]",0,"2.4L 4","FRONT WHEEL DRIVE","AUTOMATIC","GAS",4,"Run & Drive Verified","On Minimum Bid","[PREMIUM]",,"BARBERTON","OH","44203","USA","USD","[PREMIUM]","[PREMIUM]","G040",true,"[PREMIUM]","EXL",false,false,"[PREMIUM]",,,,,,,,"[PREMIUM]"
"60583236","2026-07-15 21:01:11.149","2026-07-30 08:43:11.665","60583236","2026-07-29 12:05:05.000","[PREMIUM]","376","OH - AKRON","2026-07-31","FRIDAY","1000","EDT","0","V",2016,"LAND ROVER","RANGEROVER","RANGE ROVER SPORT","4DR SPORT UTILITY","BLACK","MECHANICAL",,"WV","CT","YES","E",150527,"A","[PREMIUM]",0,"3.0L 6","4X4 W/REAR WHEEL DRV","AUTOMATIC","GAS",6,"DEFAULT","On Minimum Bid","[PREMIUM]",,"BARBERTON","OH","44203","USA","USD","[PREMIUM]","[PREMIUM]","F100",true,"[PREMIUM]","HSE",false,false,"[PREMIUM]",,,,,,,,"[PREMIUM]"
"60581346","2026-07-15 21:01:11.148","2026-07-30 08:43:11.667","60581346","2026-07-29 12:04:47.000","[PREMIUM]","376","OH - AKRON","2026-07-31","FRIDAY","1000","EDT","0","V",2012,"FORD","F150","F150","CREW PICKUP","BLACK","MECHANICAL",,"OH","CT","YES","E",306683,"A","[PREMIUM]",0,"5.0L 8","4X4 W/REAR WHEEL DRV","AUTOMATIC","FLEXIBLE",8,"DEFAULT","On Minimum Bid","[PREMIUM]",,"BARBERTON","OH","44203","USA","USD","[PREMIUM]","[PREMIUM]","F090",true,"[PREMIUM]","SUPERCREW",false,false,"[PREMIUM]",,,,,,,,"[PREMIUM]"
"60187696","2026-07-15 21:01:11.117","2026-07-21 01:13:54.237","60187696","2026-07-20 12:05:14.000","[PREMIUM]","376","OH - AKRON","2026-07-21","TUESDAY","1000","EDT","1101","V",2015,"HYUNDAI","GENESIS","GENESIS","SEDAN 4DR","BROWN","FRONT END",,"OH","ST","NO","E",0,"N","[PREMIUM]",0,"5.0L 8","REAR WHEEL DRIVE","AUTOMATIC","GAS",8,"DEFAULT","Pure Sale","[PREMIUM]",,"BARBERTON","OH","44203","USA","USD","[PREMIUM]","[PREMIUM]","B060",false,"[PREMIUM]","5.0L",false,false,"[PREMIUM]",,,,,,,,"[PREMIUM]"
"60214566","2026-07-15 21:01:11.114","2026-07-21 01:13:54.226","60214566","2026-07-20 12:05:14.000","[PREMIUM]","376","OH - AKRON","2026-07-21","TUESDAY","1000","EDT","2","V",2018,"JEEP","COMPASS","COMPASS","SPORT UTILITY VEHICLE","RED","FRONT END",,"OH","ST","YES","D",75067,"A","[PREMIUM]",8944,"2.4L 4","4X4 W/FRONT WHL DRV","AUTOMATIC","GAS",4,"Run & Drive Verified","On Minimum Bid","[PREMIUM]",,"BARBERTON","OH","44203","USA","USD","[PREMIUM]","[PREMIUM]","B010",false,"[PREMIUM]","LATITUDE",false,false,"[PREMIUM]",,,,,,,,"[PREMIUM]"
"60329636","2026-07-15 21:01:11.102","2026-07-24 13:14:09.393","60329636","2026-07-23 12:08:38.000","[PREMIUM]","376","OH - AKRON","2026-07-24","FRIDAY","1000","EDT","113","V",2017,"LEXUS","IS","IS","SEDAN 4DR","GRAY","FRONT END","SIDE","OH","ST","YES","D",85205,"A","[PREMIUM]",10144.54,"3.5L 6","ALL WHEEL DRIVE","AUTOMATIC","GAS",6,"Run & Drive Verified","Pure Sale","[PREMIUM]",,"BARBERTON","OH","44203","USA","USD","[PREMIUM]","[PREMIUM]","B010",false,"[PREMIUM]","300",false,false,"[PREMIUM]",,,,,,,,"[PREMIUM]"
"60172146","2026-07-15 21:01:11.100","2026-07-21 01:13:54.224","60172146","2026-07-20 13:13:38.000","[PREMIUM]","376","OH - AKRON","2026-07-21","TUESDAY","1000","EDT","1115","V",2016,"JEEP","WRANGLER","WRANGLER UNLIMITED","4DR SPORT UTILITY","BLACK","BURN",,"OH","PO","EXM","E",0,"N","[PREMIUM]",13423,"3.6L 6","4X4 W/REAR WHEEL DRV","AUTOMATIC","FLEXIBLE",6,"DEFAULT","On Minimum Bid","[PREMIUM]",,"BARBERTON","OH","44203","USA","USD","[PREMIUM]","[PREMIUM]","A080",false,"[PREMIUM]","SPORT",false,false,"[PREMIUM]",,,,,,,,"[PREMIUM]"
"60167086","2026-07-15 21:01:11.060","2026-07-30 08:43:11.558","60167086","2026-07-28 01:41:52.000","[PREMIUM]","376","OH - AKRON","2026-07-31","FRIDAY","1000","EDT","0","V",2022,"MITSUBISHI","OUTLANDER","OUTLANDER","SPORT UTILITY VEHICLE","WHITE","MECHANICAL","MINOR DENT/SCRATCHES","OH","RP","YES","D",120559,"A","[PREMIUM]",0,"2.5L 4","ALL WHEEL DRIVE","AUTOMATIC","GAS",4,"Run & Drive Verified","On Minimum Bid","[PREMIUM]",,"BARBERTON","OH","44203","USA","USD","[PREMIUM]","[PREMIUM]","F010",true,"[PREMIUM]","ES",false,false,"[PREMIUM]",,,,,,,,"[PREMIUM]"
"59868206","2026-07-15 21:01:11.022","2026-07-30 08:43:11.467","59868206","2026-07-29 11:47:41.000","[PREMIUM]","376","OH - AKRON","2026-07-31","FRIDAY","1000","EDT","0","V",2007,"TOYOTA","TACOMA","TACOMA","CLUB CAB PICKUP","WHITE","REAR END",,"OH","CT","YES","D",211796,"A","[PREMIUM]",0,"4.0L 6","4X4 W/REAR WHEEL DRV","AUTOMATIC","GAS",6,"Run & Drive Verified","On Minimum Bid","[PREMIUM]",,"BARBERTON","OH","44203","USA","USD","[PREMIUM]","[PREMIUM]","F100",true,"[PREMIUM]","ACCESS CAB",false,false,"[PREMIUM]",,,,,,,,"[PREMIUM]"
"58878796","2026-07-15 21:01:10.941","2026-07-21 01:13:54.056","58878796","2026-07-20 20:15:37.000","[PREMIUM]","855","WHOLESALE AUCTION","2026-07-21","TUESDAY","1200","EDT","4104","V",2022,"GMC","TERRAIN","TERRAIN","SPORT UTILITY VEHICLE","BLACK","REAR END","MECHANICAL","OH","CT","YES","D",212983,"A","[PREMIUM]",2349,"1.5L 4","ALL WHEEL DRIVE","AUTOMATIC","GAS",4,"Run & Drive Verified","On Minimum Bid","[PREMIUM]",,"BARBERTON","OH","44203","USA","USD","[PREMIUM]","[PREMIUM]","G010",false,"[PREMIUM]","SLE",false,true,"[PREMIUM]",,,,,"RED LIGHT",4,,"[PREMIUM]"
"58560586","2026-07-15 21:01:10.895","2026-07-21 01:13:54.015","58560586","2026-07-20 12:05:14.000","[PREMIUM]","376","OH - AKRON","2026-07-21","TUESDAY","1000","EDT","23","V",2022,"KIA","K5","K5","SEDAN","BLACK","FRONT END","REAR END","OH","ST","YES","D",72718,"A","[PREMIUM]",17649.22,"1.6L 4","FRONT WHEEL DRIVE","AUTOMATIC","GAS",4,"Run & Drive Verified","On Minimum Bid","[PREMIUM]",,"BARBERTON","OH","44203","USA","USD","[PREMIUM]","[PREMIUM]","B030",false,"[PREMIUM]","GT LINE",false,false,"[PREMIUM]",,,,,,,,"[PREMIUM]"
"58276626","2026-07-15 21:01:10.805","2026-07-21 01:13:53.917","58276626","2026-07-20 12:05:14.000","[PREMIUM]","376","OH - AKRON","2026-07-21","TUESDAY","1000","EDT","19","V",2019,"GMC","ACADIA","ACADIA","SPORT UTILITY VEHICLE","TAN","REAR END",,"OH","ST","YES","D",66330,"A","[PREMIUM]",16534.28,"3.6L 6","ALL WHEEL DRIVE","AUTOMATIC","GAS",6,"Run & Drive Verified","Pure Sale","[PREMIUM]",,"BARBERTON","OH","44203","USA","USD","[PREMIUM]","[PREMIUM]","E050",false,"[PREMIUM]","SLE",false,false,"[PREMIUM]",,,,,,,,"[PREMIUM]"
"56497496","2026-07-15 21:01:10.803","2026-07-21 01:13:53.817","56497496","2026-07-20 12:05:14.000","[PREMIUM]","376","OH - AKRON","2026-07-21","TUESDAY","1000","EDT","1108","V",2022,"JEEP","COMPASS","COMPASS","SPORT UTILITY VEHICLE","GRAY","FRONT END","SIDE","OH","ST","YES","S",273488,"A","[PREMIUM]",12212.41,"2.4L 4","4X4 W/FRONT WHL DRV","AUTOMATIC","GAS",4,"Vehicle Starts","Pure Sale","[PREMIUM]",,"BARBERTON","OH","44203","USA","USD","[PREMIUM]","[PREMIUM]","E030",false,"[PREMIUM]","LIMITED",false,false,"[PREMIUM]",,,,,,,,"[PREMIUM]"
"58235956","2026-07-15 21:01:10.787","2026-07-21 01:13:53.914","58235956","2026-07-20 12:05:14.000","[PREMIUM]","376","OH - AKRON","2026-07-21","TUESDAY","1000","EDT","8","V",2016,"CHEVROLET","CRUZE","CRUZE","SEDAN 4DR","BLACK","REAR END",,"OH","ST","YES","D",228255,"A","[PREMIUM]",6781.19,"1.4L 4","FRONT WHEEL DRIVE","AUTOMATIC","GAS",4,"Run & Drive Verified","Pure Sale","[PREMIUM]",,"BARBERTON","OH","44203","USA","USD","[PREMIUM]","[PREMIUM]","D040",false,"[PREMIUM]","LT",false,false,"[PREMIUM]",,,,,,,,"[PREMIUM]"
"57990696","2026-07-15 21:01:10.761","2026-07-24 13:14:09.082","57990696","2026-07-23 12:08:38.000","[PREMIUM]","376","OH - AKRON","2026-07-24","FRIDAY","1000","EDT","39","V",2017,"SUBARU","WRX","WRX","SEDAN 4DR","GRAY","FRONT END",,"OH","ST","YES","D",119677,"A","[PREMIUM]",9923.65,"2.0L 4","ALL WHEEL DRIVE","MANUAL","GAS",4,"Run & Drive Verified","Pure Sale","[PREMIUM]",,"BARBERTON","OH","44203","USA","USD","[PREMIUM]","[PREMIUM]","B010",false,"[PREMIUM]","PREMIUM",false,false,"[PREMIUM]",,,,,,,,"[PREMIUM]"
"57872146","2026-07-15 21:01:10.751","2026-07-17 11:14:08.938","57872146","2026-07-16 14:52:32.000","[PREMIUM]","376","OH - AKRON","2026-07-17","FRIDAY","1000","EDT","1138","V",2007,"FORD","RANGER","RANGER","4DR EXT CAB PICKUP","WHITE","MINOR DENT/SCRATCHES",,"UT","CT","NO","E",0,"E","[PREMIUM]",0,"4.0L 6","4X4 W/REAR WHEEL DRV","AUTOMATIC","GAS",6,"DEFAULT","On Approval","[PREMIUM]",,"BARBERTON","OH","44203","USA","USD","[PREMIUM]","[PREMIUM]","E090",false,"[PREMIUM]","SUPER CAB",false,false,"[PREMIUM]",,,,,,,,"[PREMIUM]"
"57904426","2026-07-15 21:01:10.745","2026-07-23 19:15:22.425","57904426","2026-07-23 12:08:38.000","[PREMIUM]","376","OH - AKRON","2026-07-24","FRIDAY","1000","EDT","1113","V",2021,"FORD","BRONCO","BRONCO SPORT","SPORT UTILITY VEHICLE","RED","FRONT END","SIDE","OH","ST","YES","E",31459,"A","[PREMIUM]",19775.23,"1.5L 3","4X4 W/FRONT WHL DRV","AUTOMATIC","GAS",3,"DEFAULT","Pure Sale","[PREMIUM]",,"BARBERTON","OH","44203","USA","USD","[PREMIUM]","[PREMIUM]","B030",false,"[PREMIUM]","OUTER BANKS",false,false,"[PREMIUM]",,,,,,,,"[PREMIUM]"
"56831586","2026-07-15 21:01:10.636","2026-07-24 13:14:08.790","56831586","2026-07-23 12:08:38.000","[PREMIUM]","376","OH - AKRON","2026-07-24","FRIDAY","1000","EDT","35","V",2008,"CHEVROLET","COBALT","COBALT","COUPE","BLUE","NORMAL WEAR","FRONT END","OH","RP","YES","D",55609,"A","[PREMIUM]",0,"2.2L 4","FRONT WHEEL DRIVE","AUTOMATIC","GAS",4,"Run & Drive Verified","On Minimum Bid","[PREMIUM]",,"BARBERTON","OH","44203","USA","USD","[PREMIUM]","[PREMIUM]","G010",true,"[PREMIUM]","LT",false,false,"[PREMIUM]",,,,,,,,"[PREMIUM]"
"56653476","2026-07-15 21:01:10.624","2026-07-21 01:13:53.743","56653476","2026-07-20 12:05:14.000","[PREMIUM]","376","OH - AKRON","2026-07-21","TUESDAY","1000","EDT","12","V",2014,"CHEVROLET","SILVERADO","SILVERADO","PICKUP","WHITE","FRONT END","TOP/ROOF","OH","ST","YES","D",113598,"A","[PREMIUM]",0,"4.3L 6","REAR WHEEL DRIVE","AUTOMATIC","GAS",6,"Run & Drive Verified","On Minimum Bid","[PREMIUM]",,"BARBERTON","OH","44203","USA","USD","[PREMIUM]","[PREMIUM]","F110",false,"[PREMIUM]","C1500",false,false,"[PREMIUM]",,,,,,,,"[PREMIUM]"
"56525186","2026-07-15 21:01:10.615","2026-07-24 13:14:08.785","56525186","2026-07-23 12:08:38.000","[PREMIUM]","376","OH - AKRON","2026-07-24","FRIDAY","1000","EDT","110","V",2015,"JEEP","PATRIOT","PATRIOT","4DR SPORT UTILITY","CHARCOAL","FRONT END","SIDE","OH","ST","YES","D",152562,"A","[PREMIUM]",4215.48,"2.4L 4","FRONT WHEEL DRIVE","MANUAL","GAS",4,"Run & Drive Verified","Pure Sale","[PREMIUM]",,"BARBERTON","OH","44203","USA","USD","[PREMIUM]","[PREMIUM]","D030",false,"[PREMIUM]","SPORT",false,false,"[PREMIUM]",,,,,,,,"[PREMIUM]"
"56496326","2026-07-15 21:01:10.586","2026-07-21 01:13:53.698","56496326","2026-07-20 12:05:14.000","[PREMIUM]","376","OH - AKRON","2026-07-21","TUESDAY","1000","EDT","13","V",2022,"MITSUBISHI","OUTLANDER","OUTLANDER","SPORT UTILITY VEHICLE","SILVER","FRONT END",,"OH","ST","YES","D",60504,"A","[PREMIUM]",10870.6,"2.5L 4","ALL WHEEL DRIVE","AUTOMATIC","GAS",4,"Run & Drive Verified","Pure Sale","[PREMIUM]",,"BARBERTON","OH","44203","USA","USD","[PREMIUM]","[PREMIUM]","F070",false,"[PREMIUM]","ES",false,false,"[PREMIUM]",,,,,,,,"[PREMIUM]"
"56113126","2026-07-15 21:01:10.584","2026-07-21 01:13:53.650","56113126","2026-07-20 12:05:14.000","[PREMIUM]","376","OH - AKRON","2026-07-21","TUESDAY","1000","EDT","1105","V",1995,"FORD","BRONCO","BRONCO","2DR SPORT UTILITY","GREEN","REAR END","UNDERCARRIAGE","OH","ST","YES","E",0,"N","[PREMIUM]",5507.07,"5.8L 8","4X4 W/REAR WHEEL DRV","AUTOMATIC","GAS",8,"DEFAULT","Pure Sale","[PREMIUM]",,"BARBERTON","OH","44203","USA","USD","[PREMIUM]","[PREMIUM]","F090",false,"[PREMIUM]","U100",false,false,"[PREMIUM]",,,,,,,,"[PREMIUM]"
"56401036","2026-07-15 21:01:10.579","2026-07-24 13:14:08.790","56401036","2026-07-23 12:08:38.000","[PREMIUM]","376","OH - AKRON","2026-07-24","FRIDAY","1000","EDT","1124","V",2020,"VOLKSWAGEN","JETTA","JETTA","SEDAN","SILVER","FRONT END",,"OH","ST","NO","E",0,"N","[PREMIUM]",20428.06,"2.0L 4","FRONT WHEEL DRIVE","AUTOMATIC","GAS",4,"DEFAULT","Pure Sale","[PREMIUM]",,"BARBERTON","OH","44203","USA","USD","[PREMIUM]","[PREMIUM]","E020",false,"[PREMIUM]","GLI AUTOBAHN",false,false,"[PREMIUM]",,,,,,,,"[PREMIUM]"
"55744866","2026-07-15 21:01:10.554","2026-07-23 07:14:46.095","55744866","2026-07-17 14:22:46.000","[PREMIUM]","836","HEAVY TRUCK SPECIALTY SALE","2026-07-23","THURSDAY","1100","CDT","0","R",2015,"FRHT","ALL OTHER","RECREATIONAL VEHICLE (RV)","MOTORIZED HOME","BROWN","FRONT END","SIDE","OH","ST","YES","S",26259,"A","[PREMIUM]",72732,"6.7L 6","REAR WHEEL DRIVE","AUTOMATIC","DIESEL",6,"Vehicle Starts","Pure Sale","[PREMIUM]",,"BARBERTON","OH","44203","USA","USD","[PREMIUM]","[PREMIUM]","D140",false,"[PREMIUM]",,false,false,"[PREMIUM]",,,,,,,,"[PREMIUM]"
"52897636","2026-07-15 21:01:10.402","2026-07-21 01:13:53.454","52897636","2026-07-20 12:05:14.000","[PREMIUM]","376","OH - AKRON","2026-07-21","TUESDAY","1000","EDT","1110","V",2001,"JEEP","CHEROKEE","GRAND CHEROKEE","4DR SPORT UTILITY","BLACK","REAR END","SIDE","OH","ST","YES","E",142114,"A","[PREMIUM]",3827,"4.0L 6","4X4 W/REAR WHEEL DRV","AUTOMATIC","GAS",6,"DEFAULT","Pure Sale","[PREMIUM]",,"BARBERTON","OH","44203","USA","USD","[PREMIUM]","[PREMIUM]","C060",false,"[PREMIUM]","LAREDO",false,false,"[PREMIUM]",,,,,,,,"[PREMIUM]"
"54234336","2026-07-15 21:01:10.402","2026-07-24 13:14:08.556","54234336","2026-07-23 12:08:38.000","[PREMIUM]","376","OH - AKRON","2026-07-24","FRIDAY","1000","EDT","24","V",2015,"CHRYSLER","200","200","SEDAN 4DR","SILVER","REAR END","UNDERCARRIAGE","OH","ST","YES","D",133028,"A","[PREMIUM]",8722.75,"2.4L 4","FRONT WHEEL DRIVE","AUTOMATIC","GAS",4,"Run & Drive Verified","Pure Sale","[PREMIUM]",,"BARBERTON","OH","44203","USA","USD","[PREMIUM]","[PREMIUM]","C030",false,"[PREMIUM]","LIMITED",false,false,"[PREMIUM]",,,,,,,,"[PREMIUM]"
"52552336","2026-07-15 21:01:10.399","2026-07-21 01:13:53.408","52552336","2026-07-20 12:05:14.000","[PREMIUM]","376","OH - AKRON","2026-07-21","TUESDAY","1000","EDT","37","V",2017,"JEEP","CHEROKEE","GRAND CHEROKEE","4DR SPORT UTILITY","WHITE","FRONT END","MINOR DENT/SCRATCHES","OH","ST","YES","D",174504,"A","[PREMIUM]",12227,"3.6L 6","4X4 W/REAR WHEEL DRV","AUTOMATIC","FLEXIBLE",6,"Run & Drive Verified","Pure Sale","[PREMIUM]",,"BARBERTON","OH","44203","USA","USD","[PREMIUM]","[PREMIUM]","E020",false,"[PREMIUM]","TRAILHAWK",false,false,"[PREMIUM]",,,,,,,,"[PREMIUM]"
"52562946","2026-07-15 21:01:10.395","2026-07-23 07:14:45.991","52562946","2026-07-23 02:45:34.000","[PREMIUM]","855","WHOLESALE AUCTION","2026-07-23","THURSDAY","1200","EDT","0","V",2016,"CHEVROLET","CRUZE","CRUZE LIMITED","SEDAN 4DR","BLUE","MINOR DENT/SCRATCHES",,"OH","RP","YES","D",90193,"A","[PREMIUM]",0,"1.8L 4","FRONT WHEEL DRIVE","AUTOMATIC","GAS",4,"Run & Drive Verified","On Minimum Bid","[PREMIUM]",,"BARBERTON","OH","44203","USA","USD","[PREMIUM]","[PREMIUM]","G020",true,"[PREMIUM]","LS",false,true,"[PREMIUM]",,,,,"YELLOW LIGHT",2.3,"Emission","[PREMIUM]"
"53944826","2026-07-15 21:01:10.393","2026-07-21 01:13:53.667","53944826","2026-07-20 12:05:14.000","[PREMIUM]","376","OH - AKRON","2026-07-21","TUESDAY","1000","EDT","1122","V",2007,"TOYOTA","CAMRY","CAMRY","SEDAN 4DR","TAN","REAR END",,"OH","ST","NO","E",0,"N","[PREMIUM]",6304,"2.4L 4","FRONT WHEEL DRIVE","AUTOMATIC","ELECTRIC AND GAS HYBRID",4,"DEFAULT","Pure Sale","[PREMIUM]",,"BARBERTON","OH","44203","USA","USD","[PREMIUM]","[PREMIUM]","D060",false,"[PREMIUM]","HYBRID",false,false,"[PREMIUM]",,,,,,,,"[PREMIUM]"
"52482726","2026-07-15 21:01:10.353","2026-07-21 01:13:53.416","52482726","2026-07-20 12:05:14.000","[PREMIUM]","376","OH - AKRON","2026-07-21","TUESDAY","1000","EDT","1112","V",2026,"CHEVROLET","COLORADO","COLORADO","PICKUP","GRAY","FRONT END",,"OH","ST","YES","E",0,"N","[PREMIUM]",28458,"2.7L 4","4X4 W/REAR WHEEL DRV","AUTOMATIC","GAS",4,"DEFAULT","On Minimum Bid","[PREMIUM]",,"BARBERTON","OH","44203","USA","USD","[PREMIUM]","[PREMIUM]","G090",false,"[PREMIUM]",,false,false,"[PREMIUM]",,,,,,,,"[PREMIUM]"
"50750246","2026-07-15 21:01:10.308","2026-07-30 08:43:10.608","50750246","2026-07-27 17:45:30.000","[PREMIUM]","376","OH - AKRON","2026-07-31","FRIDAY","1000","EDT","0","V",2012,"MERCEDES-BENZ","C-CLASS","C","SEDAN 4DR","BLACK","REAR END","SIDE","TX","SV","NO","E",106440,"A","[PREMIUM]",2432.16,"1.8L 4","REAR WHEEL DRIVE","AUTOMATIC","GAS",4,"DEFAULT","Pure Sale","[PREMIUM]",,"BARBERTON","OH","44203","USA","USD","[PREMIUM]","[PREMIUM]","D010",false,"[PREMIUM]","250",false,false,"[PREMIUM]",,,,,,,,"[PREMIUM]"
"85452935","2026-07-15 21:01:10.246","2026-07-27 22:47:06.968","85452935","2026-07-25 15:32:59.000","[PREMIUM]","373","NC - LAGRANGE","2026-07-28","TUESDAY","1000","EDT","0","V",2009,"CHEVROLET","MALIBU","MALIBU","SEDAN 4DR","RED","SIDE",,"NC","SC","YES","D",125610,"E","[PREMIUM]",3852.44,"3.6L 6","FRONT WHEEL DRIVE","AUTOMATIC","GAS",6,"Run & Drive Verified","On Minimum Bid","[PREMIUM]",,"LA GRANGE","NC","28551","USA","USD","[PREMIUM]","[PREMIUM]","E090",false,"[PREMIUM]","2LT",false,false,"[PREMIUM]",,,,,,,,"[PREMIUM]"
"60635466","2026-07-15 21:01:10.201","2026-07-30 08:43:10.070","60635466","2026-07-25 15:22:10.000","[PREMIUM]","373","NC - LAGRANGE","2026-08-04","TUESDAY","1000","EDT","0","V",2006,"HYUNDAI","SONATA","SONATA","SEDAN 4DR","SILVER","FRONT END",,"NC","SC","YES","D",178619,"E","[PREMIUM]",3619.24,"3.3L 6","FRONT WHEEL DRIVE","AUTOMATIC","GAS",6,"Run & Drive Verified","Pure Sale","[PREMIUM]",,"LA GRANGE","NC","28551","USA","USD","[PREMIUM]","[PREMIUM]","H050",false,"[PREMIUM]","GLS",false,false,"[PREMIUM]",,,,,,,,"[PREMIUM]"
"61018266","2026-07-15 21:01:10.197","2026-07-30 08:43:10.168","61018266","2026-07-28 16:16:58.000","[PREMIUM]","373","NC - LAGRANGE","2026-08-04","TUESDAY","1000","EDT","0","V",2014,"CHEVROLET","SONIC","SONIC","SEDAN 4DR","SILVER","UNDERCARRIAGE",,"FL","CZ","YES","D",213218,"A","[PREMIUM]",0,"1.4L 4","FRONT WHEEL DRIVE","AUTOMATIC","GAS",4,"Run & Drive Verified","On Minimum Bid","[PREMIUM]",,"LA GRANGE","NC","28551","USA","USD","[PREMIUM]","[PREMIUM]","D100",true,"[PREMIUM]","LTZ",false,false,"[PREMIUM]",,,,,,,,"[PREMIUM]"
"60756356","2026-07-15 21:01:10.193","2026-07-21 01:13:53.178","60756356","2026-07-15 16:34:33.000","[PREMIUM]","373","NC - LAGRANGE","2026-07-21","TUESDAY","1000","EDT","0","V",2003,"LEXUS","ES300","ES","SEDAN 4DR","WHITE","FRONT END","MINOR DENT/SCRATCHES","NC","CZ","YES","D",277375,"E","[PREMIUM]",0,"3.0L 6","FRONT WHEEL DRIVE","AUTOMATIC","GAS",6,"Run & Drive Verified","On Approval","[PREMIUM]",,"LA GRANGE","NC","28551","USA","USD","[PREMIUM]","[PREMIUM]","E200",false,"[PREMIUM]","300",false,false,"[PREMIUM]",,,,,,,,"[PREMIUM]"
"60293976","2026-07-15 21:01:10.190","2026-07-30 08:43:09.930","60293976","2026-07-29 14:10:28.000","[PREMIUM]","373","NC - LAGRANGE","2026-08-04","TUESDAY","1000","EDT","0","V",2005,"FORD","F150","F150","CREW PICKUP","GRAY","SIDE","UNDERCARRIAGE","NC","SC","YES","D",227310,"E","[PREMIUM]",7994,"5.4L 8","4X4 W/REAR WHEEL DRV","AUTOMATIC","GAS",8,"Run & Drive Verified","Pure Sale","[PREMIUM]",,"LA GRANGE","NC","28551","USA","USD","[PREMIUM]","[PREMIUM]","U110",false,"[PREMIUM]","SUPERCREW",false,false,"[PREMIUM]",,,,,,,,"[PREMIUM]"
"60465486","2026-07-15 21:01:10.188","2026-07-27 22:47:06.496","60465486","2026-07-25 11:21:54.000","[PREMIUM]","373","NC - LAGRANGE","2026-07-28","TUESDAY","1000","EDT","0","V",2004,"TOYOTA","SIENNA","SIENNA","MINI-VAN","GREEN","SIDE","FRONT END","NC","PX","YES","S",177257,"E","[PREMIUM]",0,"3.3L 6","FRONT WHEEL DRIVE","AUTOMATIC","GAS",6,"Vehicle Starts","On Minimum Bid","[PREMIUM]",,"LA GRANGE","NC","28551","USA","USD","[PREMIUM]","[PREMIUM]","U110",true,"[PREMIUM]","XLE 7 PASSENGER",false,false,"[PREMIUM]",,,,,,,,"[PREMIUM]"
"60244556","2026-07-15 21:01:10.185","2026-07-27 22:47:06.373","60244556","2026-07-25 16:17:09.000","[PREMIUM]","373","NC - LAGRANGE","2026-07-28","TUESDAY","1000","EDT","0","V",1999,"FORD","RANGER","RANGER","PICKUP","RED","REAR END","FRONT END","NC","SC","YES","E",234592,"E","[PREMIUM]",2277.58,"2.5L 4","REAR WHEEL DRIVE","AUTOMATIC","GAS",4,"DEFAULT","Pure Sale","[PREMIUM]",,"LA GRANGE","NC","28551","USA","USD","[PREMIUM]","[PREMIUM]","F080",false,"[PREMIUM]",,false,false,"[PREMIUM]",,,,,,,,"[PREMIUM]"
"60501696","2026-07-15 21:01:10.180","2026-07-21 01:13:53.153","60501696","2026-07-14 19:43:09.000","[PREMIUM]","373","NC - LAGRANGE","2026-07-21","TUESDAY","1000","EDT","0","V",1998,"TOYOTA","TACOMA","TACOMA","PICKUP","GOLD","FRONT END",,"NC","CZ","YES","D",270232,"E","[PREMIUM]",0,"2.4L 4","REAR WHEEL DRIVE","MANUAL","GAS",4,"Run & Drive Verified","On Minimum Bid","[PREMIUM]",,"LA GRANGE","NC","28551","USA","USD","[PREMIUM]","[PREMIUM]","I020",true,"[PREMIUM]","BASE",false,false,"[PREMIUM]",,,,,,,,"[PREMIUM]"
"60571416","2026-07-15 21:01:10.177","2026-07-22 19:11:29.979","60571416","2026-07-22 13:18:32.000","[PREMIUM]","373","NC - LAGRANGE","2026-07-28","TUESDAY","1000","EDT","0","V",2008,"GMC","YUKON","YUKON XL","4DR SPORT UTILITY","BEIGE","MINOR DENT/SCRATCHES",,"NC","CZ","YES","D",302482,"E","[PREMIUM]",0,"5.3L 8","REAR WHEEL DRIVE","AUTOMATIC","FLEXIBLE",8,"Run & Drive Verified","On Minimum Bid","[PREMIUM]",,"LA GRANGE","NC","28551","USA","USD","[PREMIUM]","[PREMIUM]","J010",true,"[PREMIUM]","C1500",false,false,"[PREMIUM]",,,,,,,,"[PREMIUM]"
"59838456","2026-07-15 21:01:10.171","2026-07-27 22:47:06.272","59838456","2026-07-25 13:29:45.000","[PREMIUM]","373","NC - LAGRANGE","2026-07-28","TUESDAY","1000","EDT","0","V",2017,"BUICK","CASCADA","CASCADA","CONVERTIBLE","RED","REAR END",,"NC","SC","YES","D",96993,"A","[PREMIUM]",9109.58,"1.6L 4","FRONT WHEEL DRIVE","AUTOMATIC","GAS",4,"Run & Drive Verified","Pure Sale","[PREMIUM]",,"LA GRANGE","NC","28551","USA","USD","[PREMIUM]","[PREMIUM]","F090",false,"[PREMIUM]","SPORT TOURING",false,false,"[PREMIUM]",,,,,,,,"[PREMIUM]"
"60025316","2026-07-15 21:01:10.169","2026-07-30 08:43:09.763","60025316","2026-07-29 14:12:30.000","[PREMIUM]","373","NC - LAGRANGE","2026-08-04","TUESDAY","1000","EDT","0","V",1996,"DODGE","RAM 1500","RAM 1500","CLUB CAB PICKUP","BLACK","SIDE",,"NC","SC","YES","D",142595,"E","[PREMIUM]",3109.56,"5.2L 8","4X4 W/REAR WHEEL DRV","AUTOMATIC","GAS",8,"Run & Drive Verified","Pure Sale","[PREMIUM]",,"LA GRANGE","NC","28551","USA","USD","[PREMIUM]","[PREMIUM]","D080",false,"[PREMIUM]",,false,false,"[PREMIUM]",,,,,,,,"[PREMIUM]"
"60160386","2026-07-15 21:01:10.167","2026-07-30 08:43:09.859","60160386","2026-07-30 02:45:23.000","[PREMIUM]","373","NC - LAGRANGE","2026-08-04","TUESDAY","1000","EDT","0","V",2012,"DODGE","CHARGER","CHARGER","SEDAN 4DR","BLACK","UNDERCARRIAGE","MECHANICAL","MT","CZ","YES",,0,"N","[PREMIUM]",0,"3.6L 6","REAR WHEEL DRIVE","AUTOMATIC","FLEXIBLE",6,,"On Approval","[PREMIUM]",,"LA GRANGE","NC","28551","USA","USD","[PREMIUM]","[PREMIUM]","F080",false,"[PREMIUM]","SXT",false,false,"[PREMIUM]",,,,,,,,"[PREMIUM]"
"60090426","2026-07-15 21:01:10.152","2026-07-21 01:13:53.050","60090426","2026-07-15 18:42:15.000","[PREMIUM]","373","NC - LAGRANGE","2026-07-21","TUESDAY","1000","EDT","0","V",2006,"TOYOTA","All Models","SIENNA","MINI-VAN","RED","SIDE","MINOR DENT/SCRATCHES","IN","CZ","YES","D",323221,"E","[PREMIUM]",0,"3.3L 6","FRONT WHEEL DRIVE","AUTOMATIC","GAS",6,"Run & Drive Verified","On Minimum Bid","[PREMIUM]",,"LA GRANGE","NC","28551","USA","USD","[PREMIUM]","[PREMIUM]","J020",true,"[PREMIUM]","XLE 7 PASSENGER",false,false,"[PREMIUM]",,,,,,,,"[PREMIUM]"
"59978596","2026-07-15 21:01:10.145","2026-07-27 22:47:06.307","59978596","2026-07-25 13:33:57.000","[PREMIUM]","373","NC - LAGRANGE","2026-07-28","TUESDAY","1000","EDT","0","V",2017,"HONDA","ACCORD","ACCORD","SEDAN 4DR","GRAY","ALL OVER","SIDE","NC","SC","YES","E",0,"N","[PREMIUM]",14488,"2.4L 4","FRONT WHEEL DRIVE","AUTOMATIC","GAS",4,"DEFAULT","Pure Sale","[PREMIUM]",,"LA GRANGE","NC","28551","USA","USD","[PREMIUM]","[PREMIUM]","E100",false,"[PREMIUM]","LX",false,false,"[PREMIUM]",,,,,,,,"[PREMIUM]"
"59389776","2026-07-15 21:01:10.111","2026-07-27 22:47:06.136","59389776","2026-07-25 13:20:43.000","[PREMIUM]","373","NC - LAGRANGE","2026-07-28","TUESDAY","1000","EDT","0","V",2017,"CHRYSLER","PACIFICA","PACIFICA","SPORTS VAN","SILVER","FRONT END","SIDE","NC","SC","YES","S",139684,"A","[PREMIUM]",0,"3.6L 6","FRONT WHEEL DRIVE","AUTOMATIC","FLEXIBLE",6,"Vehicle Starts","Pure Sale","[PREMIUM]",,"LA GRANGE","NC","28551","USA","USD","[PREMIUM]","[PREMIUM]","H080",false,"[PREMIUM]","TOURING L",false,false,"[PREMIUM]",,,,,,,,"[PREMIUM]"
"59663416","2026-07-15 21:01:10.111","2026-07-21 01:13:52.930","59663416","2026-07-14 21:25:06.000","[PREMIUM]","373","NC - LAGRANGE","2026-07-21","TUESDAY","1000","EDT","0","V",2013,"VOLKSWAGEN","PASSAT","PASSAT","SEDAN 4DR","BLACK","FRONT END",,"NC","SC","YES","D",174704,"A","[PREMIUM]",4187.4,"2.5L 5","FRONT WHEEL DRIVE","AUTOMATIC","GAS",5,"Run & Drive Verified","Pure Sale","[PREMIUM]",,"LA GRANGE","NC","28551","USA","USD","[PREMIUM]","[PREMIUM]","B110",false,"[PREMIUM]","SE",false,false,"[PREMIUM]",,,,,,,,"[PREMIUM]"
"59665756","2026-07-15 21:01:10.104","2026-07-27 22:47:06.193","59665756","2026-07-25 13:32:45.000","[PREMIUM]","373","NC - LAGRANGE","2026-07-28","TUESDAY","1000","EDT","0","V",2015,"NISSAN","XTERRA PRO","XTERRA","SUV","BLUE","FRONT END","SIDE","NC","SC","YES","D",164985,"A","[PREMIUM]",8974.52,"4.0L 6","FOUR BY FOUR","AUTOMATIC","GAS",6,"Run & Drive Verified","Pure Sale","[PREMIUM]",,"LA GRANGE","NC","28551","USA","USD","[PREMIUM]","[PREMIUM]","F090",false,"[PREMIUM]","PRO-4X",false,false,"[PREMIUM]",,,,,,,,"[PREMIUM]"
"59609976","2026-07-15 21:01:10.103","2026-07-30 14:46:00.185","59609976","2026-07-25 11:25:28.000","[PREMIUM]","373","NC - LAGRANGE",,,,"EDT","0","V",2018,"VOLKSWAGEN","JETTA","JETTA","SEDAN","GRAY","SIDE",,"NC","SC","YES","E",108957,"A","[PREMIUM]",9160.62,"1.8L 4","FRONT WHEEL DRIVE","AUTOMATIC","GAS",4,"DEFAULT","Pure Sale","[PREMIUM]",,"LA GRANGE","NC","28551","USA","USD","[PREMIUM]","[PREMIUM]","E060",false,"[PREMIUM]","SPORT",false,false,"[PREMIUM]",,,,,,,,"[PREMIUM]"
"59681086","2026-07-15 21:01:10.095","2026-07-30 02:43:50.811","59681086","2026-07-29 21:37:59.000","[PREMIUM]","373","NC - LAGRANGE","2026-08-04","TUESDAY","1000","EDT","0","V",2011,"HONDA","CIVIC","CIVIC","SEDAN 4DR","WHITE","FRONT END","SIDE","NC","PX","YES",,199027,"A","[PREMIUM]",0,"1.8L 4","FRONT WHEEL DRIVE","AUTOMATIC","GAS",4,,"On Minimum Bid","[PREMIUM]",,"LA GRANGE","NC","28551","USA","USD","[PREMIUM]","[PREMIUM]","E080",true,"[PREMIUM]","EX",false,false,"[PREMIUM]",,,,,,,,"[PREMIUM]"
"59051246","2026-07-15 21:01:10.075","2026-07-30 08:43:09.383","59051246","2026-07-25 10:55:32.000","[PREMIUM]","373","NC - LAGRANGE",,,,"EDT","0","V",2015,"JEEP","GRAND CHER","GRAND CHEROKEE","4DR SPORT UTILITY","BLACK","FRONT END",,"NC","SC","YES","D",335014,"A","[PREMIUM]",5359.39,"3.6L 6","REAR WHEEL DRIVE","AUTOMATIC","FLEXIBLE",6,"Run & Drive Verified","Pure Sale","[PREMIUM]",,"LA GRANGE","NC","28551","USA","USD","[PREMIUM]","[PREMIUM]","E100",false,"[PREMIUM]","LIMITED",false,false,"[PREMIUM]",,,,,,,,"[PREMIUM]"
"58882266","2026-07-15 21:01:10.014","2026-07-27 22:47:05.974","58882266","2026-07-25 13:42:26.000","[PREMIUM]","373","NC - LAGRANGE","2026-07-28","TUESDAY","1000","EDT","0","V",2017,"JEEP","RENEGADE","RENEGADE","SPORT UTILITY VEHICLE","WHITE","FRONT END","SIDE","NC","SC","YES","D",143645,"A","[PREMIUM]",3569.96,"2.4L 4","FRONT WHEEL DRIVE","AUTOMATIC","GAS",4,"Run & Drive Verified","Pure Sale","[PREMIUM]",,"LA GRANGE","NC","28551","USA","USD","[PREMIUM]","[PREMIUM]","G090",false,"[PREMIUM]","LIMITED",false,false,"[PREMIUM]",,,,,,,,"[PREMIUM]"
"58725006","2026-07-15 21:01:09.992","2026-07-27 22:47:05.887","58725006","2026-07-25 15:51:07.000","[PREMIUM]","373","NC - LAGRANGE","2026-07-28","TUESDAY","1000","EDT","0","V",2023,"HONDA","ACCORD","ACCORD","SEDAN","BLUE","SIDE","FRONT END","NC","SC","YES","D",32062,"A","[PREMIUM]",15092.87,"1.5L 4","FRONT WHEEL DRIVE","AUTOMATIC","GAS",4,"Run & Drive Verified","Pure Sale","[PREMIUM]",,"LA GRANGE","NC","28551","USA","USD","[PREMIUM]","[PREMIUM]","G100",false,"[PREMIUM]","EX",false,false,"[PREMIUM]",,,,,,,,"[PREMIUM]"
"58463346","2026-07-15 21:01:09.953","2026-07-27 22:47:05.783","58463346","2026-07-25 16:19:08.000","[PREMIUM]","373","NC - LAGRANGE","2026-07-28","TUESDAY","1000","EDT","0","V",2000,"CHEVROLET","S10","S10",,"RED","FRONT END",,"NC","SC","NO","E",0,"E","[PREMIUM]",0,,,"AUTOMATIC",,,"DEFAULT","Pure Sale","[PREMIUM]",,"LA GRANGE","NC","28551","USA","USD","[PREMIUM]","[PREMIUM]","H060",false,"[PREMIUM]",,false,false,"[PREMIUM]",,,,,,,,"[PREMIUM]"
"57751366","2026-07-15 21:01:09.805","2026-07-27 22:47:05.539","57751366","2026-07-25 16:16:21.000","[PREMIUM]","373","NC - LAGRANGE","2026-07-28","TUESDAY","1000","EDT","0","V",2020,"MAZDA","CX-5","CX-5","SPORT UTILITY VEHICLE","SILVER","REAR END",,"NC","SC","YES","D",83980,"A","[PREMIUM]",0,"2.5L 4","FRONT WHEEL DRIVE","AUTOMATIC","GAS",4,"Run & Drive Verified","Pure Sale","[PREMIUM]",,"LA GRANGE","NC","28551","USA","USD","[PREMIUM]","[PREMIUM]","T110",false,"[PREMIUM]","GRAND TOURING",false,false,"[PREMIUM]",,,,,,,,"[PREMIUM]"
"57420386","2026-07-15 21:01:09.722","2026-07-27 22:47:05.451","57420386","2026-07-25 12:57:01.000","[PREMIUM]","373","NC - LAGRANGE","2026-07-28","TUESDAY","1000","EDT","0","V",2025,"KIA","ALL OTHER","CARNIVAL","VAN PASSENGER","GRAY","FRONT END","SIDE","NC","SC","YES",,11695,"A","[PREMIUM]",29590.1,"3.5L 6","FRONT WHEEL DRIVE","AUTOMATIC","GAS",6,,"Pure Sale","[PREMIUM]",,"LA GRANGE","NC","28551","USA","USD","[PREMIUM]","[PREMIUM]","K090",false,"[PREMIUM]","EX",false,false,"[PREMIUM]",,,,,,,,"[PREMIUM]"
"57211036","2026-07-15 21:01:09.695","2026-07-27 22:47:05.399","57211036","2026-07-25 16:10:49.000","[PREMIUM]","373","NC - LAGRANGE","2026-07-28","TUESDAY","1000","EDT","0","V",2016,"BUICK","ENCORE","ENCORE","4DR SPORT UTILITY","SILVER","FRONT END","SIDE","NC","SC","YES","D",137883,"A","[PREMIUM]",9380.58,"1.4L 4","FRONT WHEEL DRIVE","AUTOMATIC","GAS",4,"Run & Drive Verified","Pure Sale","[PREMIUM]",,"LA GRANGE","NC","28551","USA","USD","[PREMIUM]","[PREMIUM]","R110",false,"[PREMIUM]",,false,false,"[PREMIUM]",,,,,,,,"[PREMIUM]"
"57116306","2026-07-15 21:01:09.663","2026-07-27 22:47:05.357","57116306","2026-07-27 12:33:14.000","[PREMIUM]","373","NC - LAGRANGE","2026-07-28","TUESDAY","1000","EDT","0","V",2017,"GMC","ACADIA DEN","ACADIA","4DR SPORT UTILITY","BLACK","FRONT END",,"NC","SC","YES","D",113646,"A","[PREMIUM]",9184,"3.6L 6","ALL WHEEL DRIVE","AUTOMATIC","GAS",6,"Run & Drive Verified","Pure Sale","[PREMIUM]",,"LA GRANGE","NC","28551","USA","USD","[PREMIUM]","[PREMIUM]","S130",false,"[PREMIUM]","DENALI",false,false,"[PREMIUM]",,,,,,,,"[PREMIUM]"
"56236136","2026-07-15 21:01:09.514","2026-07-27 22:47:05.151","56236136","2026-07-25 15:38:51.000","[PREMIUM]","373","NC - LAGRANGE","2026-07-28","TUESDAY","1000","EDT","0","V",2017,"CHEVROLET","CRUZE","CRUZE","SEDAN 4DR","CHARCOAL","SIDE",,"NC","SC","YES","D",128520,"A","[PREMIUM]",6211,"1.4L 4","FRONT WHEEL DRIVE","AUTOMATIC","GAS",4,"Run & Drive Verified","Pure Sale","[PREMIUM]",,"LA GRANGE","NC","28551","USA","USD","[PREMIUM]","[PREMIUM]","F090",false,"[PREMIUM]","LT",false,false,"[PREMIUM]",,,,,,,,"[PREMIUM]"
"48941906","2026-07-15 21:01:09.419","2026-07-21 01:13:50.973","48941906","2026-07-20 19:22:22.000","[PREMIUM]","373","NC - LAGRANGE","2026-07-21","TUESDAY","1000","EDT","0","V",2018,"NISSAN","TITAN","TITAN","PICKUP","GRAY","REAR END","SIDE","NC","SC","YES","D",103140,"A","[PREMIUM]",22446.15,"5.6L 8","4X2","AUTOMATIC","GAS",8,"Run & Drive Verified","Pure Sale","[PREMIUM]",,"LA GRANGE","NC","28551","USA","USD","[PREMIUM]","[PREMIUM]","E200",false,"[PREMIUM]","SV",false,false,"[PREMIUM]",,,,,,,,"[PREMIUM]"
"55554296","2026-07-15 21:01:09.397","2026-07-27 22:47:04.970","55554296","2026-07-25 16:14:19.000","[PREMIUM]","373","NC - LAGRANGE","2026-07-28","TUESDAY","1000","EDT","0","V",2016,"CHEVROLET","CRUZE","CRUZE","SEDAN 4DR","BLACK","FRONT END",,"NC","SC","YES","D",130178,"A","[PREMIUM]",6303.34,"1.4L 4","FRONT WHEEL DRIVE","AUTOMATIC","GAS",4,"Run & Drive Verified","Pure Sale","[PREMIUM]",,"LA GRANGE","NC","28551","USA","USD","[PREMIUM]","[PREMIUM]","U110",false,"[PREMIUM]","LT",false,false,"[PREMIUM]",,,,,,,,"[PREMIUM]"
"55467096","2026-07-15 21:01:09.394","2026-07-27 22:47:04.957","55467096","2026-07-25 16:26:19.000","[PREMIUM]","373","NC - LAGRANGE","2026-07-28","TUESDAY","1000","EDT","0","V",2019,"DODGE","JOURNEY","JOURNEY","SPORT UTILITY VEHICLE","GRAY","FRONT END","SIDE","NC","SC","YES","E",129938,"A","[PREMIUM]",21844.9,"2.4L 4","FRONT WHEEL DRIVE","AUTOMATIC","GAS",4,"DEFAULT","Pure Sale","[PREMIUM]",,"LA GRANGE","NC","28551","USA","USD","[PREMIUM]","[PREMIUM]","E080",false,"[PREMIUM]","SE",false,false,"[PREMIUM]",,,,,,,,"[PREMIUM]"
"55277366","2026-07-15 21:01:09.360","2026-07-27 22:47:04.935","55277366","2026-07-25 14:35:35.000","[PREMIUM]","373","NC - LAGRANGE","2026-07-28","TUESDAY","1000","EDT","0","V",2019,"LINCOLN","NAVIGATOR","NAVIGATOR","SPORT UTILITY VEHICLE","TAN","FRONT END","SIDE","NC","SC","YES","D",77772,"A","[PREMIUM]",0,"3.5L 6","4X4 W/REAR WHEEL DRV","AUTOMATIC","GAS",6,"Run & Drive Verified","Pure Sale","[PREMIUM]",,"LA GRANGE","NC","28551","USA","USD","[PREMIUM]","[PREMIUM]","H070",false,"[PREMIUM]","L RESERVE",false,false,"[PREMIUM]",,,,,,,,"[PREMIUM]"
"55129026","2026-07-15 21:01:09.304","2026-07-21 01:13:51.659","55129026","2026-07-14 21:54:08.000","[PREMIUM]","373","NC - LAGRANGE","2026-07-21","TUESDAY","1000","EDT","0","V",2019,"FORD","F250","F250","PICKUP","WHITE","FRONT END","SIDE","NC","SC","YES","D",229335,"A","[PREMIUM]",31520.47,"6.7L 8","4X4 W/REAR WHEEL DRV","AUTOMATIC","DIESEL",8,"Run & Drive Verified","Pure Sale","[PREMIUM]",,"LA GRANGE","NC","28551","USA","USD","[PREMIUM]","[PREMIUM]","A110",false,"[PREMIUM]","SUPER DUTY",false,false,"[PREMIUM]",,,,,,,,"[PREMIUM]"
"53504936","2026-07-15 21:01:09.158","2026-07-30 08:43:08.312","53504936","2026-07-25 12:57:49.000","[PREMIUM]","836","HEAVY TRUCK SPECIALTY SALE","2026-07-30","THURSDAY","1100","CDT","0","U",1996,"KENWORTH","ALL OTHER","CONSTRUCTION","TRACTOR TRUCK","GREEN","FRONT END",,"NC","SC","YES",,0,"E","[PREMIUM]",61682,"10.8L 6","REAR WHEEL DRIVE","MANUAL","DIESEL",6,,"Pure Sale","[PREMIUM]",,"LA GRANGE","NC","28551","USA","USD","[PREMIUM]","[PREMIUM]","HVY09",false,"[PREMIUM]","T800",false,false,"[PREMIUM]",,,,,,,,"[PREMIUM]"
"52059736","2026-07-15 21:01:09.014","2026-07-27 22:47:04.494","52059736","2026-07-25 16:08:14.000","[PREMIUM]","373","NC - LAGRANGE","2026-07-28","TUESDAY","1000","EDT","0","V",2019,"CHEVROLET","SILVERADO","SILVERADO","PICKUP","BLACK","FRONT END",,"NC","SC","YES","E",0,"N","[PREMIUM]",17694.28,"5.3L 8","4X4 W/REAR WHEEL DRV","AUTOMATIC","GAS",8,"DEFAULT","Pure Sale","[PREMIUM]",,"LA GRANGE","NC","28551","USA","USD","[PREMIUM]","[PREMIUM]","E060",false,"[PREMIUM]","K1500 LT",false,false,"[PREMIUM]",,,,,,,,"[PREMIUM]"
"46634616","2026-07-15 21:01:08.791","2026-07-30 03:04:33.044","46634616","2026-07-30 02:01:13.000","[PREMIUM]","373","NC - LAGRANGE","2026-08-04","TUESDAY","1000","EDT","0","V",2014,"MITSUBISHI","OUTLANDER","OUTLANDER SPORT","4DR SPORT UTILITY","BURGUNDY","FRONT END","SIDE","NC","SC","YES","D",221703,"N","[PREMIUM]",7286.04,"2.0L 4","FRONT WHEEL DRIVE","AUTOMATIC","GAS",4,"Run & Drive Verified","Pure Sale","[PREMIUM]",,"LA GRANGE","NC","28551","USA","USD","[PREMIUM]","[PREMIUM]","H070",false,"[PREMIUM]","SE",false,false,"[PREMIUM]",,,,,,,,"[PREMIUM]"
"77332585","2026-07-15 21:01:08.588","2026-07-19 19:13:26.521","77332585","2026-07-14 20:04:54.000","[PREMIUM]","371","WI - MILWAUKEE SOUTH","2026-07-20","MONDAY","1200","CDT","0","V",2005,"GMC","SIERRA","SIERRA","CREW PICKUP","BLACK","ALL OVER",,"WI","BP","YES","S",136128,"E","[PREMIUM]",17100,"6.6L  8","4x4 w/Rear Wheel Drv","AUTOMATIC","DIESEL",8,"Vehicle Starts","Pure Sale","[PREMIUM]",,"FRANKLIN","WI","53132","USA","USD","[PREMIUM]","[PREMIUM]","A100",false,"[PREMIUM]","K2500 HEAVY DUTY",false,false,"[PREMIUM]",,,,,,,,"[PREMIUM]"
"59869596","2026-07-15 21:01:08.560","2026-07-19 19:13:26.052","59869596","2026-07-15 13:23:58.000","[PREMIUM]","371","WI - MILWAUKEE SOUTH","2026-07-20","MONDAY","1200","CDT","0","V",2020,"JEEP","GRAND CHER","GRAND CHEROKEE","SPORT UTILITY VEHICLE","BLACK","FRONT END",,"WI","BP","YES","S",104982,"A","[PREMIUM]",24849.4,"3.6L 6","4X4 W/REAR WHEEL DRV","AUTOMATIC","FLEXIBLE",6,"Vehicle Starts","Pure Sale","[PREMIUM]",,"FRANKLIN","WI","53132","USA","USD","[PREMIUM]","[PREMIUM]","A070",false,"[PREMIUM]","LIMITED",false,false,"[PREMIUM]",,,,,,,,"[PREMIUM]"
"73668495","2026-07-15 21:01:08.552","2026-07-21 01:13:50.675","73668495","2026-07-20 18:25:41.000","[PREMIUM]","371","WI - MILWAUKEE SOUTH","2026-07-27","MONDAY","1200","CDT","0","V",2025,"CHEVROLET","ALL Models","SILVERADO",,"CHARCOAL","FRONT END","SIDE","WI","SC","YES","D",7445,"A","[PREMIUM]",39675,"3.0L  6","4x4 w/Rear Wheel Drv","AUTOMATIC","DIESEL",6,"Run & Drive Verified","On Minimum Bid","[PREMIUM]",,"FRANKLIN","WI","53132","USA","USD","[PREMIUM]","[PREMIUM]","A080",false,"[PREMIUM]","K1500 LTZ",false,false,"[PREMIUM]",,,,,,,,"[PREMIUM]"
"60610746","2026-07-15 21:01:08.535","2026-07-19 19:13:26.275","60610746","2026-07-15 15:41:01.000","[PREMIUM]","371","WI - MILWAUKEE SOUTH","2026-07-20","MONDAY","1200","CDT","0","V",2009,"LINCOLN","MKZ","MKZ","SEDAN 4DR","BLACK","FRONT END","REAR END","WI","BP","YES","D",167810,"E","[PREMIUM]",5891.16,"3.5L 6","ALL WHEEL DRIVE","AUTOMATIC","GAS",6,"Run & Drive Verified","Pure Sale","[PREMIUM]",,"FRANKLIN","WI","53132","USA","USD","[PREMIUM]","[PREMIUM]","1C070",false,"[PREMIUM]",,false,false,"[PREMIUM]",,,,,,,,"[PREMIUM]"
"61303496","2026-07-15 21:01:08.528","2026-07-23 07:14:41.607","61303496","2026-07-15 18:07:36.000","[PREMIUM]","836","HEAVY TRUCK SPECIALTY SALE","2026-07-23","THURSDAY","1100","CDT","0","U",2020,"KENWORTH","ALL OTHER","CONSTRUCTION","TRACTOR TRUCK","RED","SIDE","MECHANICAL","WI","SC","YES","D",384573,"A","[PREMIUM]",0,"15.0L 6","REAR WHEEL DRIVE","MANUAL","DIESEL",6,"Run & Drive Verified","On Approval","[PREMIUM]",,"FRANKLIN","WI","53132","USA","USD","[PREMIUM]","[PREMIUM]",,false,"[PREMIUM]","W900",false,false,"[PREMIUM]",,,,,,,,"[PREMIUM]"
"61123306","2026-07-15 21:01:08.527","2026-07-30 08:43:07.389","61123306","2026-07-27 20:54:14.000","[PREMIUM]","371","WI - MILWAUKEE SOUTH","2026-08-03","MONDAY","1200","CDT","0","V",2011,"CHEVROLET","MALIBU","MALIBU","SEDAN 4DR","GRAY","FRONT END",,"WI","CT","YES","D",149039,"A","[PREMIUM]",0,"2.4L 4","FRONT WHEEL DRIVE","AUTOMATIC","GAS",4,"Run & Drive Verified","On Minimum Bid","[PREMIUM]",,"FRANKLIN","WI","53132","USA","USD","[PREMIUM]","[PREMIUM]","A060",true,"[PREMIUM]","1LT",false,false,"[PREMIUM]",,,,,,,,"[PREMIUM]"
"60959906","2026-07-15 21:01:08.487","2026-07-29 04:47:21.375","60959906","2026-07-28 22:33:51.000","[PREMIUM]","838","RENTAL VEHICLE SALE","2026-07-29","WEDNESDAY","1200","EDT","0","V",2026,"TOYOTA","RAV4","RAV4","SUV","RED","ALL OVER",,"WI","SC","NO","E",0,"N","[PREMIUM]",0,"2.5L 4","ALL WHEEL DRIVE","AUTOMATIC","ELECTRIC AND GAS HYBRID",4,"DEFAULT","On Approval","[PREMIUM]",,"FRANKLIN","WI","53132","USA","USD","[PREMIUM]","[PREMIUM]","1SA10",false,"[PREMIUM]","XLE PREMIUM",false,false,"[PREMIUM]",,,,,,,,"[PREMIUM]"
"60629466","2026-07-15 21:01:08.485","2026-07-29 20:42:54.105","60629466","2026-07-27 22:50:30.000","[PREMIUM]","371","WI - MILWAUKEE SOUTH","2026-08-03","MONDAY","1200","CDT","0","V",2008,"FORD","F150","F150","CREW PICKUP","RED","MINOR DENT/SCRATCHES",,"WI","CT","YES","D",224640,"E","[PREMIUM]",0,"5.4L 8","4X4 W/REAR WHEEL DRV","AUTOMATIC","FLEXIBLE",8,"Run & Drive Verified","On Minimum Bid","[PREMIUM]",,"FRANKLIN","WI","53132","USA","USD","[PREMIUM]","[PREMIUM]","1D010",true,"[PREMIUM]","SUPERCREW",false,false,"[PREMIUM]",,,,,,,,"[PREMIUM]"
"61010046","2026-07-15 21:01:08.483","2026-07-19 19:13:26.344","61010046","2026-07-14 18:38:43.000","[PREMIUM]","371","WI - MILWAUKEE SOUTH","2026-07-20","MONDAY","1200","CDT","0","V",2015,"FORD","FUSION","FUSION","SEDAN 4DR","WHITE","SIDE",,"WI","CT","YES","D",120043,"A","[PREMIUM]",0,"1.5L 4","FRONT WHEEL DRIVE","AUTOMATIC","GAS",4,"Run & Drive Verified","On Minimum Bid","[PREMIUM]",,"FRANKLIN","WI","53132","USA","USD","[PREMIUM]","[PREMIUM]","A030",false,"[PREMIUM]","SE",false,false,"[PREMIUM]",,,,,,,,"[PREMIUM]"
"61068416","2026-07-15 21:01:08.480","2026-07-30 02:43:48.523","61068416","2026-07-28 21:55:11.000","[PREMIUM]","371","WI - MILWAUKEE SOUTH","2026-08-03","MONDAY","1200","CDT","0","V",2011,"TOYOTA","COROLLA","COROLLA","SEDAN","RED","MECHANICAL","FRONT END","WI","CT","YES",,210158,"A","[PREMIUM]",0,"1.8L 4","FRONT WHEEL DRIVE","AUTOMATIC","GAS",4,,"On Minimum Bid","[PREMIUM]",,"FRANKLIN","WI","53132","USA","USD","[PREMIUM]","[PREMIUM]","A030",true,"[PREMIUM]","S",false,false,"[PREMIUM]",,,,,,,,"[PREMIUM]"
"60594176","2026-07-15 21:01:08.478","2026-07-30 08:43:07.162","60594176","2026-07-14 22:55:45.000","[PREMIUM]","371","WI - MILWAUKEE SOUTH",,,,"CDT","0","V",2008,"CHEVROLET","SILVERADO","SILVERADO","PICKUP","RED","FRONT END","SIDE","IL","SC","YES","D",148722,"A","[PREMIUM]",0,"6.0L 8","4X4 W/REAR WHEEL DRV","AUTOMATIC","GAS",8,"Run & Drive Verified","Pure Sale","[PREMIUM]",,"FRANKLIN","WI","53132","USA","USD","[PREMIUM]","[PREMIUM]","1E020",false,"[PREMIUM]","K2500 HEAVY DUTY",false,false,"[PREMIUM]",,,,,,,,"[PREMIUM]"
"60759236","2026-07-15 21:01:08.474","2026-07-29 20:42:54.563","60759236","2026-07-28 14:09:30.000","[PREMIUM]","371","WI - MILWAUKEE SOUTH","2026-08-03","MONDAY","1200","CDT","0","V",2009,"FORD","ESCAPE","ESCAPE","4DR SPORT UTILITY","RED","MECHANICAL",,"WI","CT","YES","E",93348,"A","[PREMIUM]",0,"3.0L 6","4X4 W/FRONT WHL DRV","AUTOMATIC","GAS",6,"DEFAULT","On Minimum Bid","[PREMIUM]",,"FRANKLIN","WI","53132","USA","USD","[PREMIUM]","[PREMIUM]","1E070",true,"[PREMIUM]","XLT",false,false,"[PREMIUM]",,,,,,,,"[PREMIUM]"
"61122266","2026-07-15 21:01:08.468","2026-07-30 08:43:07.400","61122266","2026-07-27 20:54:28.000","[PREMIUM]","371","WI - MILWAUKEE SOUTH","2026-08-03","MONDAY","1200","CDT","0","V",2018,"HONDA","CIVIC","CIVIC","COUPE","GRAY","FRONT END",,"IL","SC","YES","D",87886,"A","[PREMIUM]",0,"1.5L 4","FRONT WHEEL DRIVE","AUTOMATIC","GAS",4,"Run & Drive Verified","On Minimum Bid","[PREMIUM]",,"FRANKLIN","WI","53132","USA","USD","[PREMIUM]","[PREMIUM]","B060",true,"[PREMIUM]","EX",false,false,"[PREMIUM]",,,,,,,,"[PREMIUM]"
"60428726","2026-07-15 21:01:08.454","2026-07-30 14:45:56.855","60428726","2026-07-28 00:31:29.000","[PREMIUM]","371","WI - MILWAUKEE SOUTH","2026-08-03","MONDAY","1200","CDT","0","V",2010,"TOYOTA","COROLLA","COROLLA","SEDAN","BLUE","SIDE","FRONT END","WI","CT","YES","D",235546,"E","[PREMIUM]",0,"1.8L 4","FRONT WHEEL DRIVE","AUTOMATIC","GAS",4,"Run & Drive Verified","On Minimum Bid","[PREMIUM]",,"FRANKLIN","WI","53132","USA","USD","[PREMIUM]","[PREMIUM]","1B070",true,"[PREMIUM]","S",false,false,"[PREMIUM]",,,,,,,,"[PREMIUM]"
"60569946","2026-07-15 21:01:08.425","2026-07-19 19:13:26.281","60569946","2026-07-15 18:53:57.000","[PREMIUM]","371","WI - MILWAUKEE SOUTH","2026-07-20","MONDAY","1200","CDT","0","V",2025,"SUBARU","FORESTER","FORESTER","SPORT UTILITY VEHICLE","WHITE","SIDE","FRONT END","WI","IC","YES","E",0,"N","[PREMIUM]",16851.32,"2.5L 4","ALL WHEEL DRIVE","AUTOMATIC","GAS",4,"DEFAULT","On Minimum Bid","[PREMIUM]",,"FRANKLIN","WI","53132","USA","USD","[PREMIUM]","[PREMIUM]","A090",false,"[PREMIUM]","SPORT",false,false,"[PREMIUM]",,,,,,,,"[PREMIUM]"
"59999726","2026-07-15 21:01:08.411","2026-07-29 20:42:53.356","59999726","2026-07-20 15:16:52.000","[PREMIUM]","371","WI - MILWAUKEE SOUTH",,,,"CDT","0","V",2005,"SATURN","ION","ION","SEDAN 4DR","GRAY","FRONT END","REAR END","MI","CT","YES","D",351112,"E","[PREMIUM]",7012.16,"2.2L 4","FRONT WHEEL DRIVE","AUTOMATIC","GAS",4,"Run & Drive Verified","Pure Sale","[PREMIUM]",,"FRANKLIN","WI","53132","USA","USD","[PREMIUM]","[PREMIUM]","A010",false,"[PREMIUM]","LEVEL 3",false,false,"[PREMIUM]",,,,,,,,"[PREMIUM]"
"60017776","2026-07-15 21:01:08.410","2026-07-19 19:13:26.091","60017776","2026-07-15 13:29:29.000","[PREMIUM]","371","WI - MILWAUKEE SOUTH","2026-07-20","MONDAY","1200","CDT","0","V",2017,"CHEVROLET","SILVERADO","SILVERADO","CREW PICKUP","WHITE","SIDE","REAR END","WI","BP","YES","D",218197,"A","[PREMIUM]",24860,"6.6L 8","4X4 W/REAR WHEEL DRV","AUTOMATIC","DIESEL",8,"Run & Drive Verified","Pure Sale","[PREMIUM]",,"FRANKLIN","WI","53132","USA","USD","[PREMIUM]","[PREMIUM]","A040",false,"[PREMIUM]","K3500",false,false,"[PREMIUM]",,,,,,,,"[PREMIUM]"
"60200846","2026-07-15 21:01:08.391","2026-07-19 19:13:26.173","60200846","2026-07-15 14:12:33.000","[PREMIUM]","371","WI - MILWAUKEE SOUTH","2026-07-20","MONDAY","1200","CDT","0","V",2003,"FORD","RANGER","RANGER","4DR EXT CAB PICKUP","BURGUNDY","MINOR DENT/SCRATCHES",,"WI","CT","YES","D",117044,"A","[PREMIUM]",0,"3.0L 6","REAR WHEEL DRIVE","AUTOMATIC","FLEXIBLE",6,"Run & Drive Verified","On Minimum Bid","[PREMIUM]",,"FRANKLIN","WI","53132","USA","USD","[PREMIUM]","[PREMIUM]","1E020",false,"[PREMIUM]","SUPER CAB",false,false,"[PREMIUM]",,,,,,,,"[PREMIUM]"
"60213266","2026-07-15 21:01:08.390","2026-07-19 19:13:26.159","60213266","2026-07-16 20:47:55.000","[PREMIUM]","371","WI - MILWAUKEE SOUTH","2026-07-20","MONDAY","1200","CDT","0","V",2016,"TOYOTA","PRIUS","PRIUS C","HATCHBACK","RED","FRONT END",,"WI","BP","YES","E",113499,"A","[PREMIUM]",13373,"1.5L 4","FRONT WHEEL DRIVE","AUTOMATIC","ELECTRIC AND GAS HYBRID",4,"DEFAULT","Pure Sale","[PREMIUM]",,"FRANKLIN","WI","53132","USA","USD","[PREMIUM]","[PREMIUM]","1SE05",false,"[PREMIUM]","FOUR",false,false,"[PREMIUM]",,,,,,,,"[PREMIUM]"
"60058896","2026-07-15 21:01:08.386","2026-07-26 19:21:45.976","60058896","2026-07-22 13:40:41.000","[PREMIUM]","371","WI - MILWAUKEE SOUTH","2026-07-27","MONDAY","1200","CDT","0","V",2016,"JEEP","CHEROKEE","CHEROKEE","4DR SPORT UTILITY","GRAY","HAIL",,"WI","CT","YES","D",28541,"A","[PREMIUM]",11783.2,"3.2L 6","4X4 W/FRONT WHL DRV","AUTOMATIC","FLEXIBLE",6,"Run & Drive Verified","Pure Sale","[PREMIUM]",,"FRANKLIN","WI","53132","USA","USD","[PREMIUM]","[PREMIUM]","F020",false,"[PREMIUM]","LIMITED",false,false,"[PREMIUM]",,,,,,,,"[PREMIUM]"
"59828436","2026-07-15 21:01:08.350","2026-07-19 19:13:26.012","59828436","2026-07-14 21:05:01.000","[PREMIUM]","371","WI - MILWAUKEE SOUTH","2026-07-20","MONDAY","1200","CDT","0","V",2006,"TOYOTA","TUNDRA","TUNDRA","CREW PICKUP","GRAY","REAR END",,"WI","CT","YES","D",279988,"E","[PREMIUM]",0,"4.7L 8","4X4 W/REAR WHEEL DRV","AUTOMATIC","GAS",8,"Run & Drive Verified","On Minimum Bid","[PREMIUM]",,"FRANKLIN","WI","53132","USA","USD","[PREMIUM]","[PREMIUM]","1E020",true,"[PREMIUM]","DOUBLE CAB SR5",false,false,"[PREMIUM]",,,,,,,,"[PREMIUM]"
"59776646","2026-07-15 21:01:08.308","2026-07-29 20:42:53.224","59776646","2026-07-29 19:00:38.000","[PREMIUM]","881","*NCS - CENTRAL REGION","2026-07-29","WEDNESDAY","2000","CDT","110","V",2016,"CHEVROLET","COLORADO","COLORADO","CREW PICKUP","GREEN","MINOR DENT/SCRATCHES",,"WI","CT","YES","E",0,"N","[PREMIUM]",0,"3.6L 6","4X4 W/REAR WHEEL DRV","AUTOMATIC","GAS",6,"DEFAULT","On Minimum Bid","[PREMIUM]",,"FRANKLIN","WI","53132","USA","USD","[PREMIUM]","[PREMIUM]","1D020",true,"[PREMIUM]","Z71",false,false,"[PREMIUM]",,,,,,,,"[PREMIUM]"
"59788516","2026-07-15 21:01:08.307","2026-07-19 19:13:26.012","59788516","2026-07-15 19:52:08.000","[PREMIUM]","838","RENTAL VEHICLE SALE","2026-07-20","MONDAY","1200","EDT","0","V",2026,"KIA","K4 LXS","K4","SEDAN","WHITE","FRONT END",,"IL","CT","YES","D",2065,"A","[PREMIUM]",13918.69,"2.0L 4","FRONT WHEEL DRIVE","AUTOMATIC","GAS",4,"Run & Drive Verified","On Minimum Bid","[PREMIUM]",,"FRANKLIN","WI","53132","USA","USD","[PREMIUM]","[PREMIUM]","1SA08",false,"[PREMIUM]","LXS",true,false,"[PREMIUM]",,,,,,,,"[PREMIUM]"
"59280786","2026-07-15 21:01:08.210","2026-07-19 19:13:25.752","59280786","2026-07-14 20:02:18.000","[PREMIUM]","371","WI - MILWAUKEE SOUTH","2026-07-20","MONDAY","1200","CDT","0","V",2024,"CHEVROLET","EQUINOX","EQUINOX","SPORT UTILITY VEHICLE","GRAY","FRONT END","SIDE","WI","BP","YES","E",27755,"N","[PREMIUM]",0,"1.5L 4","FRONT WHEEL DRIVE","AUTOMATIC","GAS",4,"DEFAULT","On Minimum Bid","[PREMIUM]",,"FRANKLIN","WI","53132","USA","USD","[PREMIUM]","[PREMIUM]","1F020",false,"[PREMIUM]","LS",false,false,"[PREMIUM]",,,,,,,,"[PREMIUM]"
"58597656","2026-07-15 21:01:07.947","2026-07-19 19:13:25.402","58597656","2026-07-15 18:48:23.000","[PREMIUM]","371","WI - MILWAUKEE SOUTH","2026-07-20","MONDAY","1200","CDT","0","V",2018,"GMC","SIERRA","SIERRA","PICKUP","WHITE","FRONT END",,"WI","CT","YES","D",175470,"A","[PREMIUM]",12577.76,"5.3L 8","4X4 W/REAR WHEEL DRV","AUTOMATIC","GAS",8,"Run & Drive Verified","Pure Sale","[PREMIUM]",,"FRANKLIN","WI","53132","USA","USD","[PREMIUM]","[PREMIUM]","1D010",false,"[PREMIUM]","K1500 SLT",false,false,"[PREMIUM]",,,,,,,,"[PREMIUM]"
"58437256","2026-07-15 21:01:07.900","2026-07-26 19:21:45.651","58437256","2026-07-20 15:23:38.000","[PREMIUM]","371","WI - MILWAUKEE SOUTH","2026-07-27","MONDAY","1200","CDT","0","V",2026,"FORD","ESCAPE","ESCAPE","SPORT UTILITY VEHICLE","BLACK","FRONT END",,"WI","IC","YES","D",7940,"A","[PREMIUM]",19908.96,"1.5L 3","4X4 W/FRONT WHL DRV","AUTOMATIC","GAS",3,"Run & Drive Verified","Pure Sale","[PREMIUM]",,"FRANKLIN","WI","53132","USA","USD","[PREMIUM]","[PREMIUM]","1B050",false,"[PREMIUM]","ACTIVE",false,false,"[PREMIUM]",,,,,,,,"[PREMIUM]"
"58370796","2026-07-15 21:01:07.899","2026-07-19 19:13:25.325","58370796","2026-07-15 16:55:44.000","[PREMIUM]","371","WI - MILWAUKEE SOUTH","2026-07-20","MONDAY","1200","CDT","0","V",2023,"GMC","ACADIA","ACADIA","SPORT UTILITY VEHICLE","SILVER","SIDE",,"WI","IC","YES","D",26882,"A","[PREMIUM]",18359,"2.0L 4","ALL WHEEL DRIVE","AUTOMATIC","GAS",4,"Run & Drive Verified","On Minimum Bid","[PREMIUM]",,"FRANKLIN","WI","53132","USA","USD","[PREMIUM]","[PREMIUM]","1F070",false,"[PREMIUM]","SLE",false,false,"[PREMIUM]",,,,,,,,"[PREMIUM]"
"58412526","2026-07-15 21:01:07.893","2026-07-19 19:13:25.315","58412526","2026-07-16 20:46:52.000","[PREMIUM]","371","WI - MILWAUKEE SOUTH","2026-07-20","MONDAY","1200","CDT","0","V",2016,"FORD","FUSION","FUSION","SEDAN 4DR","SILVER","REAR END",,"WI","CT","YES","D",82055,"A","[PREMIUM]",7213,"1.5L 4","FRONT WHEEL DRIVE","AUTOMATIC","GAS",4,"Run & Drive Verified","Pure Sale","[PREMIUM]",,"FRANKLIN","WI","53132","USA","USD","[PREMIUM]","[PREMIUM]","1SE05",false,"[PREMIUM]","SE",false,false,"[PREMIUM]",,,,,,,,"[PREMIUM]"
"58271296","2026-07-15 21:01:07.870","2026-07-19 19:13:25.293","58271296","2026-07-15 16:43:01.000","[PREMIUM]","371","WI - MILWAUKEE SOUTH","2026-07-20","MONDAY","1200","CDT","0","V",2019,"CHEVROLET","COLORADO","COLORADO","PICKUP","SILVER","FRONT END",,"WI","CT","YES","D",104827,"A","[PREMIUM]",13951,"3.6L 6","4X4 W/REAR WHEEL DRV","AUTOMATIC","GAS",6,"Run & Drive Verified","On Minimum Bid","[PREMIUM]",,"FRANKLIN","WI","53132","USA","USD","[PREMIUM]","[PREMIUM]","1D020",false,"[PREMIUM]","LT",false,false,"[PREMIUM]",,,,,,,,"[PREMIUM]"
"58229086","2026-07-15 21:01:07.814","2026-07-19 19:13:25.262","58229086","2026-07-15 18:40:36.000","[PREMIUM]","371","WI - MILWAUKEE SOUTH","2026-07-20","MONDAY","1200","CDT","0","V",2003,"HONDA","ELEMENT","ELEMENT","4DR SPORT UTILITY","ORANGE","FRONT END",,"WI","BP","YES","D",205387,"E","[PREMIUM]",4186,"2.4L 4","ALL WHEEL DRIVE","AUTOMATIC","GAS",4,"Run & Drive Verified","Pure Sale","[PREMIUM]",,"FRANKLIN","WI","53132","USA","USD","[PREMIUM]","[PREMIUM]","1D050",false,"[PREMIUM]","EX",false,false,"[PREMIUM]",,,,,,,,"[PREMIUM]"
"57928896","2026-07-15 21:01:07.748","2026-07-19 19:13:25.126","57928896","2026-07-15 15:43:00.000","[PREMIUM]","371","WI - MILWAUKEE SOUTH","2026-07-20","MONDAY","1200","CDT","0","V",2020,"FORD","EXPLORER","EXPLORER","SPORT UTILITY VEHICLE","SILVER","REAR END",,"WI","BP","YES","D",124936,"A","[PREMIUM]",16276.66,"2.3L 4","4X4 W/REAR WHEEL DRV","AUTOMATIC","GAS",4,"Run & Drive Verified","On Minimum Bid","[PREMIUM]",,"FRANKLIN","WI","53132","USA","USD","[PREMIUM]","[PREMIUM]","1C080",false,"[PREMIUM]","XLT",false,false,"[PREMIUM]",,,,,,,,"[PREMIUM]"
"57697836","2026-07-15 21:01:07.697","2026-07-19 19:13:25.077","57697836","2026-07-15 13:23:33.000","[PREMIUM]","371","WI - MILWAUKEE SOUTH","2026-07-20","MONDAY","1200","CDT","0","V",2013,"CHEVROLET","IMPALA","IMPALA","SEDAN 4DR","WHITE","TOP/ROOF","WATER/FLOOD","WI","BP","NO","E",0,"N","[PREMIUM]",27484.89,"3.6L 6","FRONT WHEEL DRIVE","AUTOMATIC","GAS",6,"DEFAULT","Pure Sale","[PREMIUM]",,"FRANKLIN","WI","53132","USA","USD","[PREMIUM]","[PREMIUM]","A020",false,"[PREMIUM]","LTZ",false,false,"[PREMIUM]",,,,,,,,"[PREMIUM]"
"57671916","2026-07-15 21:01:07.697","2026-07-30 08:43:06.287","57671916","2026-07-17 21:47:13.000","[PREMIUM]","371","WI - MILWAUKEE SOUTH",,,,"CDT","0","V",2024,"TOYOTA","COROLLA","COROLLA","SEDAN","GRAY","FRONT END","SIDE","WI","SC","YES","D",14128,"A","[PREMIUM]",15125.75,"2.0L 4","FRONT WHEEL DRIVE","AUTOMATIC","GAS",4,"Run & Drive Verified","Pure Sale","[PREMIUM]",,"FRANKLIN","WI","53132","USA","USD","[PREMIUM]","[PREMIUM]","A020",false,"[PREMIUM]","LE",false,false,"[PREMIUM]",,,,,,,,"[PREMIUM]"
"57368416","2026-07-15 21:01:07.606","2026-07-21 01:13:49.490","57368416","2026-07-20 20:01:41.000","[PREMIUM]","855","WHOLESALE AUCTION","2026-07-21","TUESDAY","1200","EDT","3038","V",2026,"NISSAN","ROGUE","ROGUE","WAGON","WHITE","FRONT END",,"WI","CT","YES","S",1171,"A","[PREMIUM]",5095,"1.5L 3","ALL WHEEL DRIVE","AUTOMATIC","GAS",3,"Vehicle Starts","On Minimum Bid","[PREMIUM]",,"FRANKLIN","WI","53132","USA","USD","[PREMIUM]","[PREMIUM]","1SA08",false,"[PREMIUM]","SV",false,true,"[PREMIUM]",,,,,"RED LIGHT",2.6,,"[PREMIUM]"
"56719936","2026-07-15 21:01:07.528","2026-07-30 08:43:06.038","56719936","2026-07-14 22:56:05.000","[PREMIUM]","371","WI - MILWAUKEE SOUTH",,,,"CDT","0","V",2020,"FORD","FUSION","FUSION","SEDAN","BURGUNDY","FRONT END",,"IL","SC","YES","D",66442,"A","[PREMIUM]",12279,"2.5L 4","FRONT WHEEL DRIVE","AUTOMATIC","GAS",4,"Run & Drive Verified","Pure Sale","[PREMIUM]",,"FRANKLIN","WI","53132","USA","USD","[PREMIUM]","[PREMIUM]","C040",false,"[PREMIUM]","S",false,false,"[PREMIUM]",,,,,,,,"[PREMIUM]"
"56477606","2026-07-15 21:01:07.436","2026-07-19 19:13:24.571","56477606","2026-07-14 17:10:19.000","[PREMIUM]","371","WI - MILWAUKEE SOUTH","2026-07-20","MONDAY","1200","CDT","0","V",2016,"CHEVROLET","CRUZE","CRUZE LIMITED","SEDAN 4DR","BLACK","FRONT END",,"WI","BP","YES","E",75952,"A","[PREMIUM]",8385,"1.4L 4","FRONT WHEEL DRIVE","AUTOMATIC","GAS",4,"DEFAULT","Pure Sale","[PREMIUM]",,"FRANKLIN","WI","53132","USA","USD","[PREMIUM]","[PREMIUM]","E030",false,"[PREMIUM]","LT",false,false,"[PREMIUM]",,,,,,,,"[PREMIUM]"
"56513066","2026-07-15 21:01:07.434","2026-07-15 21:01:07.434","56513066","2026-07-15 20:00:57.000","[PREMIUM]","855","WHOLESALE AUCTION","2026-07-16","THURSDAY","1200","EDT","6129","V",2022,"CHEVROLET","TRAILBLAZE","TRAILBLAZER","SPORT UTILITY VEHICLE","WHITE","FRONT END","SIDE","WV","CT","EXM","E",82754,"A","[PREMIUM]",0,"1.3L 3","FRONT WHEEL DRIVE","AUTOMATIC","GAS",3,"DEFAULT","On Minimum Bid","[PREMIUM]",,"FRANKLIN","WI","53132","USA","USD","[PREMIUM]","[PREMIUM]","1SA09",false,"[PREMIUM]","RS",false,true,"[PREMIUM]",,,,,"RED LIGHT",0,,"[PREMIUM]"
"56466046","2026-07-15 21:01:07.433","2026-07-19 19:13:24.586","56466046","2026-07-15 19:55:16.000","[PREMIUM]","371","WI - MILWAUKEE SOUTH","2026-07-20","MONDAY","1200","CDT","0","V",2006,"JEEP","LIBERTY","LIBERTY","4DR SPORT UTILITY","BLACK","FRONT END",,"WI","RS","YES","E",152522,"E","[PREMIUM]",2663.95,"3.7L 6","4X4 W/REAR WHEEL DRV","AUTOMATIC","GAS",6,"DEFAULT","Pure Sale","[PREMIUM]",,"FRANKLIN","WI","53132","USA","USD","[PREMIUM]","[PREMIUM]","1F070",false,"[PREMIUM]","SPORT",false,false,"[PREMIUM]",,,,,,,,"[PREMIUM]"
"56515396","2026-07-15 21:01:07.422","2026-07-19 19:13:24.603","56515396","2026-07-15 15:01:11.000","[PREMIUM]","371","WI - MILWAUKEE SOUTH","2026-07-20","MONDAY","1200","CDT","0","V",2016,"KIA","OPTIMA","OPTIMA","SEDAN 4DR","GRAY","FRONT END",,"WI","CT","YES","D",118617,"A","[PREMIUM]",5754.74,"2.4L 4","FRONT WHEEL DRIVE","AUTOMATIC","GAS",4,"Run & Drive Verified","Pure Sale","[PREMIUM]",,"FRANKLIN","WI","53132","USA","USD","[PREMIUM]","[PREMIUM]","C030",false,"[PREMIUM]","LX",false,false,"[PREMIUM]",,,,,,,,"[PREMIUM]"
"56349196","2026-07-15 21:01:07.384","2026-07-19 19:13:24.483","56349196","2026-07-15 16:53:21.000","[PREMIUM]","371","WI - MILWAUKEE SOUTH","2026-07-20","MONDAY","1200","CDT","0","V",2024,"SUBARU","OUTBACK","OUTBACK","SPORT UTILITY VEHICLE","CHARCOAL","FRONT END",,"WI","IC","YES","D",40021,"A","[PREMIUM]",16423.92,"2.5L 4","ALL WHEEL DRIVE","AUTOMATIC","GAS",4,"Run & Drive Verified","On Minimum Bid","[PREMIUM]",,"FRANKLIN","WI","53132","USA","USD","[PREMIUM]","[PREMIUM]","1D070",false,"[PREMIUM]","LIMITED",false,false,"[PREMIUM]",,,,,,,,"[PREMIUM]"
"56285696","2026-07-15 21:01:07.347","2026-07-19 19:13:24.484","56285696","2026-07-16 15:13:19.000","[PREMIUM]","371","WI - MILWAUKEE SOUTH","2026-07-20","MONDAY","1200","CDT","0","V",2018,"DODGE","CARAVAN","GRAND CARAVAN","VAN PASSENGER","GRAY","SIDE","ROLLOVER","WI","BP","NO","E",13422,"N","[PREMIUM]",16251,"3.6L 6","FRONT WHEEL DRIVE","AUTOMATIC","FLEXIBLE",6,"DEFAULT","Pure Sale","[PREMIUM]",,"FRANKLIN","WI","53132","USA","USD","[PREMIUM]","[PREMIUM]","1SE07",false,"[PREMIUM]","SXT",false,false,"[PREMIUM]",,,,,,,,"[PREMIUM]"
"55950316","2026-07-15 21:01:07.297","2026-07-30 08:43:05.906","55950316","2026-07-14 22:56:04.000","[PREMIUM]","371","WI - MILWAUKEE SOUTH",,,,"CDT","0","V",2019,"FORD","ESCAPE","ESCAPE","SPORT UTILITY VEHICLE","BLUE","FRONT END","SIDE","IL","SC","YES","E",94807,"A","[PREMIUM]",24102.73,"2.0L 4","4X4 W/FRONT WHL DRV","AUTOMATIC","GAS",4,"DEFAULT","Pure Sale","[PREMIUM]",,"FRANKLIN","WI","53132","USA","USD","[PREMIUM]","[PREMIUM]","B120",false,"[PREMIUM]","TITANIUM",false,false,"[PREMIUM]",,,,,,,,"[PREMIUM]"
"55642916","2026-07-15 21:01:07.236","2026-07-19 19:13:24.213","55642916","2026-07-15 17:03:29.000","[PREMIUM]","371","WI - MILWAUKEE SOUTH","2026-07-20","MONDAY","1200","CDT","0","V",2014,"SUBARU","OUTBACK","OUTBACK","4DR SPORT UTILITY","BLUE","MINOR DENT/SCRATCHES",,"WI","CT","YES","D",212235,"A","[PREMIUM]",0,"2.5L 4","ALL WHEEL DRIVE","AUTOMATIC","GAS",4,"Run & Drive Verified","On Approval","[PREMIUM]",,"FRANKLIN","WI","53132","USA","USD","[PREMIUM]","[PREMIUM]","1D040",false,"[PREMIUM]","2.5I LIMITED",false,false,"[PREMIUM]",,,,,,,,"[PREMIUM]"
"55655186","2026-07-15 21:01:07.234","2026-07-19 19:13:24.211","55655186","2026-07-15 16:39:24.000","[PREMIUM]","371","WI - MILWAUKEE SOUTH","2026-07-20","MONDAY","1200","CDT","0","V",2019,"TOYOTA","RAV4","RAV4","SPORT UTILITY VEHICLE","RED","REAR END","SIDE","WI","CT","YES","D",50260,"A","[PREMIUM]",16443.22,"2.5L 4","ALL WHEEL DRIVE","AUTOMATIC","GAS",4,"Run & Drive Verified","Pure Sale","[PREMIUM]",,"FRANKLIN","WI","53132","USA","USD","[PREMIUM]","[PREMIUM]","1F070",false,"[PREMIUM]","XLE PREMIUM",false,false,"[PREMIUM]",,,,,,,,"[PREMIUM]"
"55469066","2026-07-15 21:01:07.213","2026-07-19 19:13:24.159","55469066","2026-07-14 22:23:00.000","[PREMIUM]","371","WI - MILWAUKEE SOUTH","2026-07-20","MONDAY","1200","CDT","0","V",2006,"AUDI","A6","A6","SEDAN 4DR","BLACK","FRONT END",,"WI","BP","YES","D",115418,"E","[PREMIUM]",10862.99,"3.2L 6","ALL WHEEL DRIVE","AUTOMATIC","GAS",6,"Run & Drive Verified","Pure Sale","[PREMIUM]",,"FRANKLIN","WI","53132","USA","USD","[PREMIUM]","[PREMIUM]","P010",false,"[PREMIUM]","3.2 QUATTRO",false,false,"[PREMIUM]",,,,,,,,"[PREMIUM]"
"54866286","2026-07-15 21:01:07.125","2026-07-19 19:13:24.009","54866286","2026-07-17 20:38:16.000","[PREMIUM]","371","WI - MILWAUKEE SOUTH","2026-07-20","MONDAY","1200","CDT","0","V",2025,"TOYOTA","SIENNA PLA","SIENNA","MINI-VAN","SILVER","ALL OVER",,"WI","SC","YES","E",0,"N","[PREMIUM]",35020,"2.5L 4","ALL WHEEL DRIVE","AUTOMATIC","ELECTRIC AND GAS HYBRID",4,"DEFAULT","On Minimum Bid","[PREMIUM]",,"FRANKLIN","WI","53132","USA","USD","[PREMIUM]","[PREMIUM]","1C050",false,"[PREMIUM]","PLATINUM 7-PASSENGER",false,false,"[PREMIUM]",,,,,,,,"[PREMIUM]"
"54469646","2026-07-15 21:01:07.035","2026-07-19 19:13:23.956","54469646","2026-07-15 16:37:14.000","[PREMIUM]","371","WI - MILWAUKEE SOUTH","2026-07-20","MONDAY","1200","CDT","0","V",2025,"NISSAN","KICKS","KICKS","SPORT UTILITY VEHICLE","RED","FRONT END","SIDE","WI","SC","YES","S",8008,"A","[PREMIUM]",27277.36,"2.0L 4","ALL WHEEL DRIVE","AUTOMATIC","GAS",4,"Vehicle Starts","Pure Sale","[PREMIUM]",,"FRANKLIN","WI","53132","USA","USD","[PREMIUM]","[PREMIUM]","1F060",false,"[PREMIUM]","SR",false,false,"[PREMIUM]",,,,,,,,"[PREMIUM]"
"53910846","2026-07-15 21:01:06.946","2026-07-19 19:13:23.823","53910846","2026-07-15 15:48:14.000","[PREMIUM]","371","WI - MILWAUKEE SOUTH","2026-07-20","MONDAY","1200","CDT","0","V",2019,"DODGE","CARAVAN","GRAND CARAVAN","VAN PASSENGER","BURGUNDY","FRONT END","SIDE","WI","BP","YES","D",143552,"A","[PREMIUM]",10465,"3.6L 6","FRONT WHEEL DRIVE","AUTOMATIC","FLEXIBLE",6,"Run & Drive Verified","Pure Sale","[PREMIUM]",,"FRANKLIN","WI","53132","USA","USD","[PREMIUM]","[PREMIUM]","A020",false,"[PREMIUM]","SXT",false,false,"[PREMIUM]",,,,,,,,"[PREMIUM]"
"52382496","2026-07-15 21:01:06.852","2026-07-26 19:21:43.333","52382496","2026-07-23 01:09:06.000","[PREMIUM]","371","WI - MILWAUKEE SOUTH","2026-07-27","MONDAY","1200","CDT","0","V",2024,"MITSUBISHI","OUTLANDER","OUTLANDER","SPORT UTILITY VEHICLE","WHITE","FRONT END",,"WI","BP","YES",,1932,"A","[PREMIUM]",37056,"2.5L 4","ALL WHEEL DRIVE","AUTOMATIC","GAS",4,,"On Minimum Bid","[PREMIUM]",,"FRANKLIN","WI","53132","USA","USD","[PREMIUM]","[PREMIUM]","I040",false,"[PREMIUM]","ES",false,false,"[PREMIUM]",,,,,,,,"[PREMIUM]"
"51865656","2026-07-15 21:01:06.829","2026-07-23 19:15:17.465","51865656","2026-07-22 20:00:46.000","[PREMIUM]","855","WHOLESALE AUCTION","2026-07-23","THURSDAY","1200","EDT","4456","V",2021,"FORD","ESCAPE","ESCAPE","SPORT UTILITY VEHICLE","GRAY","HAIL",,"WI","CT","YES","D",126707,"A","[PREMIUM]",3602,"1.5L 3","FRONT WHEEL DRIVE","AUTOMATIC","GAS",3,"Run & Drive Verified","On Minimum Bid","[PREMIUM]",,"FRANKLIN","WI","53132","USA","USD","[PREMIUM]","[PREMIUM]","E110",false,"[PREMIUM]","SE",false,true,"[PREMIUM]",,,,,"RED LIGHT",4.1,,"[PREMIUM]"
"46407906","2026-07-15 21:01:06.692","2026-07-29 20:42:51.448","46407906","2026-07-23 13:47:22.000","[PREMIUM]","371","WI - MILWAUKEE SOUTH",,,,"CDT","0","V",2018,"NISSAN","MAXIMA","MAXIMA","SEDAN","RED","FRONT END","SIDE","WI","CT","YES","D",80443,"A","[PREMIUM]",11161.14,"3.5L 6","FRONT WHEEL DRIVE","AUTOMATIC","GAS",6,"Run & Drive Verified","Pure Sale","[PREMIUM]",,"FRANKLIN","WI","53132","USA","USD","[PREMIUM]","[PREMIUM]","H010",false,"[PREMIUM]","3.5 SL",false,false,"[PREMIUM]",,,,,,,,"[PREMIUM]"
"45524916","2026-07-15 21:01:06.600","2026-07-19 19:13:23.328","45524916","2026-07-14 18:14:42.000","[PREMIUM]","371","WI - MILWAUKEE SOUTH","2026-07-20","MONDAY","1200","CDT","0","V",2015,"GMC","ACADIA","ACADIA","4DR SPORT UTILITY","BURGUNDY","FRONT END","SIDE","WI","BP","YES","D",171828,"A","[PREMIUM]",1725.23,"3.6L 6","ALL WHEEL DRIVE","AUTOMATIC","GAS",6,"Run & Drive Verified","Pure Sale","[PREMIUM]",,"FRANKLIN","WI","53132","USA","USD","[PREMIUM]","[PREMIUM]","A020",false,"[PREMIUM]","SLT-1",false,false,"[PREMIUM]",,,,,,,,"[PREMIUM]"
"91209415","2026-07-15 21:01:06.451","2026-07-30 08:43:05.131","91209415","2026-07-14 22:21:09.000","[PREMIUM]","835","MEDIUM DUTY SPECIALTY SALE",,,,"CDT","0","K",2021,"FRHT - FREIGHTLINER","M2 106 MED","M2","STRAIGHT TRUCK","WHITE","ALL OVER",,"IL","SC","YES","E",0,"N","[PREMIUM]",54372.11,"6.7L 6","REAR WHEEL DRIVE","AUTOMATIC","DIESEL",6,"DEFAULT","On Approval","[PREMIUM]",,"DYER","IN","46311","USA","USD","[PREMIUM]","[PREMIUM]","M040",false,"[PREMIUM]","106 MEDIUM DUTY",false,false,"[PREMIUM]",,,,,,,,"[PREMIUM]"
"69196035","2026-07-15 21:01:06.049","2026-07-30 08:43:04.695","69196035","2026-07-15 16:38:30.000","[PREMIUM]","370","IN - DYER",,,,"CDT","0","V",2006,"LEXUS","GS300","GS",,"SILVER","NORMAL WEAR","FRONT END","IN","BP","YES","E",227455,"E","[PREMIUM]",0,"3.0L  6","ALL WHEEL DRIVE",,"GAS",6,"DEFAULT","On Approval","[PREMIUM]",,"DYER","IN","46311","USA","USD","[PREMIUM]","[PREMIUM]","E180",false,"[PREMIUM]","300",false,false,"[PREMIUM]",,,,,,,,"[PREMIUM]"
"69431175","2026-07-15 21:01:06.043","2026-07-26 19:21:43.324","69431175","2026-07-21 17:55:31.000","[PREMIUM]","370","IN - DYER","2026-07-27","MONDAY","1200","CDT","0","V",2021,"VOLVO","XC40","XC40",,"WHITE","SIDE",,"ID","SC","YES","D",43724,"A","[PREMIUM]",24340,"2.0L  4","ALL WHEEL DRIVE","AUTOMATIC","GAS",4,"Run & Drive Verified","Pure Sale","[PREMIUM]",,"DYER","IN","46311","USA","USD","[PREMIUM]","[PREMIUM]","G130",false,"[PREMIUM]","T5 R-DESIGN",false,false,"[PREMIUM]",,,,,,,,"[PREMIUM]"
"60893246","2026-07-15 21:01:06.021","2026-07-30 08:43:04.301","60893246","2026-07-30 01:48:24.000","[PREMIUM]","370","IN - DYER","2026-08-03","MONDAY","1200","CDT","0","U",2014,"VOLVO","VN","VN","TRACTOR TRUCK","WHITE","STRIPPED","FRONT END","IL","CT","EXM","E",0,"N","[PREMIUM]",0,"12.8L 6","REAR WHEEL DRIVE",,"DIESEL",6,"DEFAULT","On Approval","[PREMIUM]",,"DYER","IN","46311","USA","USD","[PREMIUM]","[PREMIUM]","HV004",false,"[PREMIUM]",,false,false,"[PREMIUM]",,,,,,,,"[PREMIUM]"
"60410956","2026-07-15 21:01:06.018","2026-07-30 08:43:04.155","60410956","2026-07-28 18:53:12.000","[PREMIUM]","835","MEDIUM DUTY SPECIALTY SALE","2026-08-05","WEDNESDAY","1100","CDT","0","K",2018,"RAM","PROMASTER","PROMASTER CITY","VAN PASSENGER","CHARCOAL","SIDE","MINOR DENT/SCRATCHES","IN","ST","YES","D",194665,"A","[PREMIUM]",5353.33,"2.4L 4","FRONT WHEEL DRIVE","AUTOMATIC","GAS",4,"Run & Drive Verified","Pure Sale","[PREMIUM]",,"DYER","IN","46311","USA","USD","[PREMIUM]","[PREMIUM]","SB004",false,"[PREMIUM]",,false,false,"[PREMIUM]",,,,,,,,"[PREMIUM]"
"60427166","2026-07-15 21:01:06.015","2026-07-19 19:13:22.604","60427166","2026-07-15 20:37:59.000","[PREMIUM]","370","IN - DYER","2026-07-20","MONDAY","1200","CDT","0","V",2018,"INFINITI","Q50 3.0T L","Q50","SEDAN","SILVER","FRONT END","SIDE","IN","CT","NO","E",0,"N","[PREMIUM]",0,"3.0L 6","ALL WHEEL DRIVE","AUTOMATIC","GAS",6,"DEFAULT","On Approval","[PREMIUM]",,"DYER","IN","46311","USA","USD","[PREMIUM]","[PREMIUM]","A110",false,"[PREMIUM]","3.0T LUXE",false,false,"[PREMIUM]",,,,,,,,"[PREMIUM]"
"60705826","2026-07-15 21:01:06.006","2026-07-30 08:43:04.248","60705826","2026-07-29 00:11:40.000","[PREMIUM]","370","IN - DYER","2026-08-03","MONDAY","1200","CDT","0","K",2015,"FORD","TRANSIT","TRANSIT","CARGO VAN","WHITE","HAIL","MINOR DENT/SCRATCHES","IL","SC","YES","D",227734,"A","[PREMIUM]",429,"3.7L 6","REAR WHEEL DRIVE","AUTOMATIC","GAS",6,"Run & Drive Verified","On Minimum Bid","[PREMIUM]",,"DYER","IN","46311","USA","USD","[PREMIUM]","[PREMIUM]","HV001",true,"[PREMIUM]","T-250",false,false,"[PREMIUM]",,,,,,,,"[PREMIUM]"
"60229436","2026-07-15 21:01:05.979","2026-07-30 08:43:04.157","60229436","2026-07-14 20:18:10.000","[PREMIUM]","370","IN - DYER",,,,"CDT","0","V",2008,"MERCURY","MARINER","MARINER","4DR SPORT UTILITY","BLUE","FRONT END",,"IN","ST","YES","E",0,"E","[PREMIUM]",0,"3.0L 6","4X4 W/FRONT WHL DRV","AUTOMATIC","GAS",6,"DEFAULT","Pure Sale","[PREMIUM]",,"DYER","IN","46311","USA","USD","[PREMIUM]","[PREMIUM]","D230",false,"[PREMIUM]",,false,false,"[PREMIUM]",,,,,,,,"[PREMIUM]"
"60071306","2026-07-15 21:01:05.978","2026-07-30 08:43:04.112","60071306","2026-07-20 14:53:16.000","[PREMIUM]","370","IN - DYER",,,,"CDT","0","V",2015,"HONDA","CIVIC","CIVIC","SEDAN 4DR","GRAY","FRONT END",,"IN","ST","YES","D",106117,"A","[PREMIUM]",10647,"1.8L 4","FRONT WHEEL DRIVE","AUTOMATIC","GAS",4,"Run & Drive Verified","Pure Sale","[PREMIUM]",,"DYER","IN","46311","USA","USD","[PREMIUM]","[PREMIUM]","C200",false,"[PREMIUM]","SE",false,false,"[PREMIUM]",,,,,,,,"[PREMIUM]"
"60144356","2026-07-15 21:01:05.975","2026-07-30 08:43:04.108","60144356","2026-07-27 14:04:22.000","[PREMIUM]","370","IN - DYER","2026-08-03","MONDAY","1200","CDT","0","V",2022,"CHEVROLET","EQUINOX","EQUINOX","SPORT UTILITY VEHICLE","SILVER","REAR END",,"IN","ST","YES","D",110173,"A","[PREMIUM]",11213.78,"1.5L 4","FRONT WHEEL DRIVE","AUTOMATIC","GAS",4,"Run & Drive Verified","Pure Sale","[PREMIUM]",,"DYER","IN","46311","USA","USD","[PREMIUM]","[PREMIUM]","SB001",false,"[PREMIUM]","LS",false,false,"[PREMIUM]",,,,,,,,"[PREMIUM]"
"60094646","2026-07-15 21:01:05.974","2026-07-19 19:13:22.582","60094646","2026-07-15 15:31:54.000","[PREMIUM]","370","IN - DYER","2026-07-20","MONDAY","1200","CDT","0","V",2014,"CHEVROLET","MALIBU","MALIBU","SEDAN 4DR","CREAM","FRONT END","ALL OVER","IN","ST","YES","E",146793,"A","[PREMIUM]",5258.1,"2.5L 4","FRONT WHEEL DRIVE","AUTOMATIC","GAS",4,"DEFAULT","Pure Sale","[PREMIUM]",,"DYER","IN","46311","USA","USD","[PREMIUM]","[PREMIUM]","C180",false,"[PREMIUM]","1LT",false,false,"[PREMIUM]",,,,,,,,"[PREMIUM]"
"59976866","2026-07-15 21:01:05.970","2026-07-30 08:43:04.047","59976866","2026-07-15 19:18:07.000","[PREMIUM]","370","IN - DYER",,,,"CDT","0","V",2018,"JEEP","GRAND CHER","CHEROKEE","SPORT UTILITY VEHICLE","BLACK","FRONT END",,"IN","ST","YES","D",180833,"A","[PREMIUM]",7695.07,"2.4L 4","FRONT WHEEL DRIVE","AUTOMATIC","GAS",4,"Run & Drive Verified","Pure Sale","[PREMIUM]",,"DYER","IN","46311","USA","USD","[PREMIUM]","[PREMIUM]","A100",false,"[PREMIUM]","LATITUDE",false,false,"[PREMIUM]",,,,,,,,"[PREMIUM]"
"60004356","2026-07-15 21:01:05.964","2026-07-23 07:14:36.525","60004356","2026-07-22 20:00:49.000","[PREMIUM]","855","WHOLESALE AUCTION","2026-07-23","THURSDAY","1200","EDT","6418","V",2017,"CHEVROLET","MALIBU","MALIBU","SEDAN 4DR","CHARCOAL","MECHANICAL","MINOR DENT/SCRATCHES","LA","CT","YES","E",138104,"A","[PREMIUM]",0,"1.8L 4","FRONT WHEEL DRIVE","AUTOMATIC","ELECTRIC AND GAS HYBRID",4,"DEFAULT","On Minimum Bid","[PREMIUM]",,"DYER","IN","46311","USA","USD","[PREMIUM]","[PREMIUM]","G090",false,"[PREMIUM]","HYBRID",false,true,"[PREMIUM]",,,,,"RED LIGHT",2.5,,"[PREMIUM]"
"60180096","2026-07-15 21:01:05.963","2026-07-30 08:43:04.137","60180096","2026-07-15 20:24:55.000","[PREMIUM]","370","IN - DYER",,,,"CDT","0","V",2015,"SUBARU","FORESTER","FORESTER","4DR SPORT UTILITY","SILVER","FRONT END","ALL OVER","IN","CT","YES","D",99260,"A","[PREMIUM]",8811.03,"2.5L 4","ALL WHEEL DRIVE","AUTOMATIC","GAS",4,"Run & Drive Verified","Pure Sale","[PREMIUM]",,"DYER","IN","46311","USA","USD","[PREMIUM]","[PREMIUM]","E200",false,"[PREMIUM]","2.5I LIMITED",false,false,"[PREMIUM]",,,,,,,,"[PREMIUM]"
"60143126","2026-07-15 21:01:05.959","2026-07-30 08:43:04.104","60143126","2026-07-20 14:52:57.000","[PREMIUM]","370","IN - DYER",,,,"CDT","0","V",2021,"TOYOTA","COROLLA","COROLLA","SEDAN","BLUE","REAR END","MINOR DENT/SCRATCHES","IN","ST","YES","D",69890,"A","[PREMIUM]",15353.93,"1.8L 4","FRONT WHEEL DRIVE","AUTOMATIC","ELECTRIC AND GAS HYBRID",4,"Run & Drive Verified","Pure Sale","[PREMIUM]",,"DYER","IN","46311","USA","USD","[PREMIUM]","[PREMIUM]","A170",false,"[PREMIUM]","LE",false,false,"[PREMIUM]",,,,,,,,"[PREMIUM]"
"59790066","2026-07-15 21:01:05.956","2026-07-30 08:43:03.992","59790066","2026-07-15 20:23:18.000","[PREMIUM]","370","IN - DYER",,,,"CDT","0","V",2017,"TOYOTA","COROLLA","COROLLA","SEDAN","BLUE","MINOR DENT/SCRATCHES",,"IN","ST","YES","D",58834,"A","[PREMIUM]",10057.29,"1.8L 4","FRONT WHEEL DRIVE","AUTOMATIC","GAS",4,"Run & Drive Verified","Pure Sale","[PREMIUM]",,"DYER","IN","46311","USA","USD","[PREMIUM]","[PREMIUM]","A180",false,"[PREMIUM]","LE",false,false,"[PREMIUM]",,,,,,,,"[PREMIUM]"
"59657896","2026-07-15 21:01:05.922","2026-07-30 08:43:03.949","59657896","2026-07-28 18:48:13.000","[PREMIUM]","370","IN - DYER","2026-08-03","MONDAY","1200","CDT","0","V",2019,"CHEVROLET","TRAX","TRAX","SPORT UTILITY VEHICLE","WHITE","TOP/ROOF","FRONT END","IN","ST","YES","D",100156,"A","[PREMIUM]",5905,"1.4L 4","FRONT WHEEL DRIVE","AUTOMATIC","GAS",4,"Run & Drive Verified","Pure Sale","[PREMIUM]",,"DYER","IN","46311","USA","USD","[PREMIUM]","[PREMIUM]","B120",false,"[PREMIUM]","1LT",false,false,"[PREMIUM]",,,,,,,,"[PREMIUM]"
"59779536","2026-07-15 21:01:05.919","2026-07-30 08:43:03.983","59779536","2026-07-14 20:31:02.000","[PREMIUM]","370","IN - DYER",,,,"CDT","0","V",2017,"ACURA","RDX","RDX","4DR SPORT UTILITY","SILVER","FRONT END",,"MI","ST","YES","D",130747,"A","[PREMIUM]",8782.39,"3.5L 6","ALL WHEEL DRIVE","AUTOMATIC","GAS",6,"Run & Drive Verified","Pure Sale","[PREMIUM]",,"DYER","IN","46311","USA","USD","[PREMIUM]","[PREMIUM]","G060",false,"[PREMIUM]",,false,false,"[PREMIUM]",,,,,,,,"[PREMIUM]"
"59588816","2026-07-15 21:01:05.886","2026-07-21 01:13:47.324","59588816","2026-07-14 18:14:08.000","[PREMIUM]","836","HEAVY TRUCK SPECIALTY SALE",,,,"CDT","0","R",2011,"JAYCO","JAY FEATHE","JAY FEATHE",,"WHITE","FRONT END","TOP/ROOF","IN","ST","EXM","E",0,"N","[PREMIUM]",15847.29,,,,,,"DEFAULT","Pure Sale","[PREMIUM]",,"DYER","IN","46311","USA","USD","[PREMIUM]","[PREMIUM]","M080",false,"[PREMIUM]",,false,false,"[PREMIUM]",,,,,,,,"[PREMIUM]"
"59370696","2026-07-15 21:01:05.884","2026-07-21 01:13:47.267","59370696","2026-07-14 21:45:09.000","[PREMIUM]","833","HEAVY-TRAILER-RV CLEAN SALE","2026-07-21","TUESDAY","1100","CDT","0","U",2019,"PETERBILT","ALL OTHER","579","TRACTOR TRUCK","GRAY","MECHANICAL","MINOR DENT/SCRATCHES","IL","CT","YES","E",547123,"N","[PREMIUM]",0,"12.9L 6","REAR WHEEL DRIVE","AUTOMATIC","DIESEL",6,"DEFAULT","On Approval","[PREMIUM]",,"DYER","IN","46311","USA","USD","[PREMIUM]","[PREMIUM]","HV003",false,"[PREMIUM]",,false,false,"[PREMIUM]",,,,,,,,"[PREMIUM]"
"59285176","2026-07-15 21:01:05.851","2026-07-30 08:43:03.847","59285176","2026-07-24 18:27:02.000","[PREMIUM]","370","IN - DYER",,,,"CDT","0","V",2014,"CHEVROLET","IMPALA","IMPALA","SEDAN 4DR","GOLD","FRONT END",,"IN","CT","YES","D",135823,"A","[PREMIUM]",7990,"3.6L 6","FRONT WHEEL DRIVE","AUTOMATIC","GAS",6,"Run & Drive Verified","On Minimum Bid","[PREMIUM]",,"DYER","IN","46311","USA","USD","[PREMIUM]","[PREMIUM]","B100",false,"[PREMIUM]","LT",false,false,"[PREMIUM]",,,,,,,,"[PREMIUM]"
"59116086","2026-07-15 21:01:05.850","2026-07-26 19:21:42.325","59116086","2026-07-22 15:12:57.000","[PREMIUM]","370","IN - DYER","2026-07-27","MONDAY","1200","CDT","0","V",2005,"HONDA","CIVIC","CIVIC","SEDAN 4DR","GRAY","FRONT END",,"IN","ST","YES","D",262701,"E","[PREMIUM]",3427.7,"1.7L 4","FRONT WHEEL DRIVE","AUTOMATIC","GAS",4,"Run & Drive Verified","Pure Sale","[PREMIUM]",,"DYER","IN","46311","USA","USD","[PREMIUM]","[PREMIUM]","D240",false,"[PREMIUM]","DX VP",false,false,"[PREMIUM]",,,,,,,,"[PREMIUM]"
"59227956","2026-07-15 21:01:05.842","2026-07-30 08:43:03.840","59227956","2026-07-28 18:05:18.000","[PREMIUM]","370","IN - DYER","2026-08-03","MONDAY","1200","CDT","0","V",2022,"TOYOTA","CAMRY","CAMRY","SEDAN","BLACK","SIDE","REAR END","IN","ST","YES","E",89120,"A","[PREMIUM]",13205.59,"2.5L 4","FRONT WHEEL DRIVE","AUTOMATIC","ELECTRIC AND GAS HYBRID",4,"DEFAULT","Pure Sale","[PREMIUM]",,"DYER","IN","46311","USA","USD","[PREMIUM]","[PREMIUM]","A070",false,"[PREMIUM]","LE",false,false,"[PREMIUM]",,,,,,,,"[PREMIUM]"
"58981126","2026-07-15 21:01:05.801","2026-07-30 08:43:03.768","58981126","2026-07-14 23:09:06.000","[PREMIUM]","370","IN - DYER",,,,"CDT","0","M",2004,"SYLVAN","BOAT","BOAT",,"TWO TONE","WATER/FLOOD",,"IN","WT","YES","E",0,"E","[PREMIUM]",3650.32,,,"AUTOMATIC",,,"DEFAULT","Pure Sale","[PREMIUM]",,"DYER","IN","46311","USA","USD","[PREMIUM]","[PREMIUM]","M190",false,"[PREMIUM]",,false,false,"[PREMIUM]",,,,,,,,"[PREMIUM]"
"58921576","2026-07-15 21:01:05.770","2026-07-30 08:43:03.731","58921576","2026-07-24 17:20:50.000","[PREMIUM]","370","IN - DYER",,,,"CDT","0","V",2024,"TOYOTA","VENZA","VENZA","WAGON","BLUE","ALL OVER",,"IN","ST","YES","D",17800,"A","[PREMIUM]",0,"2.5L 4","ALL WHEEL DRIVE","AUTOMATIC","ELECTRIC AND GAS HYBRID",4,"Run & Drive Verified","On Minimum Bid","[PREMIUM]",,"DYER","IN","46311","USA","USD","[PREMIUM]","[PREMIUM]","B200",false,"[PREMIUM]","LIMITED",false,false,"[PREMIUM]",,,,,,,,"[PREMIUM]"
"58652006","2026-07-15 21:01:05.710","2026-07-27 13:14:13.767","58652006","2026-07-27 11:00:12.000","[PREMIUM]","370","IN - DYER","2026-07-27","MONDAY","1200","CDT","2575","V",2012,"FORD","FOCUS","FOCUS","SEDAN 4DR","RED","FRONT END",,"IN","CT","YES","E",51134,"A","[PREMIUM]",0,"2.0L 4","FRONT WHEEL DRIVE","AUTOMATIC","GAS",4,"DEFAULT","On Minimum Bid","[PREMIUM]",,"DYER","IN","46311","USA","USD","[PREMIUM]","[PREMIUM]","B160",false,"[PREMIUM]","SE",false,false,"[PREMIUM]",,,,,,,,"[PREMIUM]"
"57846046","2026-07-15 21:01:05.688","2026-07-26 19:21:42.340","57846046","2026-07-16 15:39:14.000","[PREMIUM]","370","IN - DYER","2026-07-27","MONDAY","1200","CDT","0","V",2018,"FORD","FIESTA","FIESTA","HATCHBACK","WHITE","FRONT END","MINOR DENT/SCRATCHES","IN","ST","YES","E",105766,"A","[PREMIUM]",8365.26,"1.6L 4","FRONT WHEEL DRIVE","AUTOMATIC","GAS",4,"DEFAULT","Pure Sale","[PREMIUM]",,"DYER","IN","46311","USA","USD","[PREMIUM]","[PREMIUM]","A010",false,"[PREMIUM]","SE",false,false,"[PREMIUM]",,,,,,,,"[PREMIUM]"
"58351596","2026-07-15 21:01:05.657","2026-07-30 08:43:03.512","58351596","2026-07-23 14:41:39.000","[PREMIUM]","370","IN - DYER",,,,"CDT","0","V",2006,"HYUNDAI","ELANTRA","ELANTRA","SEDAN","GOLD","FRONT END",,"IN","CT","YES","E",0,"E","[PREMIUM]",9652.73,"2.0L 4","FRONT WHEEL DRIVE","AUTOMATIC","GAS",4,"DEFAULT","On Minimum Bid","[PREMIUM]",,"DYER","IN","46311","USA","USD","[PREMIUM]","[PREMIUM]","A030",false,"[PREMIUM]","GLS",false,false,"[PREMIUM]",,,,,,,,"[PREMIUM]"
"58202016","2026-07-15 21:01:05.588","2026-07-19 19:13:22.093","58202016","2026-07-15 15:16:26.000","[PREMIUM]","370","IN - DYER","2026-07-20","MONDAY","1200","CDT","0","V",1992,"CHEVROLET","GMT","GMT-400","PICKUP","GRAY","FRONT END",,"IN","ST","YES","E",246179,"A","[PREMIUM]",5389,"4.3L 6","4X4 W/REAR WHEEL DRV","MANUAL","GAS",6,"DEFAULT","Pure Sale","[PREMIUM]",,"DYER","IN","46311","USA","USD","[PREMIUM]","[PREMIUM]","C050",false,"[PREMIUM]","K1500",false,false,"[PREMIUM]",,,,,,,,"[PREMIUM]"
"58204766","2026-07-15 21:01:05.572","2026-07-30 08:43:03.408","58204766","2026-07-21 03:45:22.000","[PREMIUM]","370","IN - DYER",,,,"CDT","0","V",2011,"CHEVROLET","IMPALA","IMPALA","SEDAN 4DR","RED","FRONT END","MINOR DENT/SCRATCHES","IN","CT","YES","E",0,"N","[PREMIUM]",7140,"3.5L 6","FRONT WHEEL DRIVE","AUTOMATIC","FLEXIBLE",6,"DEFAULT","On Minimum Bid","[PREMIUM]",,"DYER","IN","46311","USA","USD","[PREMIUM]","[PREMIUM]","A230",false,"[PREMIUM]","LT",false,false,"[PREMIUM]",,,,,,,,"[PREMIUM]"
"58028036","2026-07-15 21:01:05.545","2026-07-30 08:43:03.279","58028036","2026-07-27 14:11:57.000","[PREMIUM]","370","IN - DYER","2026-08-03","MONDAY","1200","CDT","0","V",2023,"HONDA","ACCORD","ACCORD","SEDAN","RED","FRONT END","SIDE","WV","SC","YES","E",79887,"A","[PREMIUM]",18705.61,"2.0L 4","FRONT WHEEL DRIVE","AUTOMATIC","ELECTRIC AND GAS HYBRID",4,"DEFAULT","On Minimum Bid","[PREMIUM]",,"DYER","IN","46311","USA","USD","[PREMIUM]","[PREMIUM]","D180",false,"[PREMIUM]","HYBRID SPORT",false,false,"[PREMIUM]",,,,,,,,"[PREMIUM]"
"58017686","2026-07-15 21:01:05.533","2026-07-30 08:43:03.286","58017686","2026-07-28 18:26:23.000","[PREMIUM]","370","IN - DYER","2026-08-03","MONDAY","1200","CDT","0","V",2020,"FORD","ESCAPE","ESCAPE","SPORT UTILITY VEHICLE","BLUE","TOP/ROOF",,"IN","ST","YES","D",139906,"A","[PREMIUM]",0,"1.5L 3","4X4 W/FRONT WHL DRV","AUTOMATIC","GAS",3,"Run & Drive Verified","On Minimum Bid","[PREMIUM]",,"DYER","IN","46311","USA","USD","[PREMIUM]","[PREMIUM]","D230",false,"[PREMIUM]","SE",false,false,"[PREMIUM]",,,,,,,,"[PREMIUM]"
"57888226","2026-07-15 21:01:05.482","2026-07-19 19:13:21.967","57888226","2026-07-15 15:14:38.000","[PREMIUM]","370","IN - DYER","2026-07-20","MONDAY","1200","CDT","0","V",2005,"TOYOTA","PRIUS BASE","PRIUS","HATCHBACK","BLACK","FRONT END","SIDE","IN","ST","NO","E",0,"E","[PREMIUM]",0,"1.5L 4","FRONT WHEEL DRIVE","AUTOMATIC","ELECTRIC AND GAS HYBRID",4,"DEFAULT","Pure Sale","[PREMIUM]",,"DYER","IN","46311","USA","USD","[PREMIUM]","[PREMIUM]","G050",false,"[PREMIUM]","BASE",false,false,"[PREMIUM]",,,,,,,,"[PREMIUM]"
"57654616","2026-07-15 21:01:05.393","2026-07-30 08:43:03.115","57654616","2026-07-25 04:35:01.000","[PREMIUM]","370","IN - DYER",,,,"CDT","0","V",2010,"NISSAN","TITAN","TITAN","PICKUP","RED","FRONT END",,"IN","CT","YES","D",104316,"A","[PREMIUM]",12127,"5.6L 8","FOUR BY FOUR","AUTOMATIC","GAS",8,"Run & Drive Verified","On Minimum Bid","[PREMIUM]",,"DYER","IN","46311","USA","USD","[PREMIUM]","[PREMIUM]","C030",false,"[PREMIUM]","SE",false,false,"[PREMIUM]",,,,,,,,"[PREMIUM]"
"56694756","2026-07-15 21:01:05.358","2026-07-30 08:43:02.875","56694756","2026-07-14 20:19:59.000","[PREMIUM]","370","IN - DYER",,,,"CDT","0","V",2017,"JEEP","COMPASS","COMPASS","4DR SPORT UTILITY","SILVER","FRONT END","SIDE","IN","ST","YES","S",122444,"A","[PREMIUM]",7842.77,"2.4L 4","4X4 W/FRONT WHL DRV","AUTOMATIC","GAS",4,"Vehicle Starts","Pure Sale","[PREMIUM]",,"DYER","IN","46311","USA","USD","[PREMIUM]","[PREMIUM]","A050",false,"[PREMIUM]","LATITUDE",false,false,"[PREMIUM]",,,,,,,,"[PREMIUM]"
"57533806","2026-07-15 21:01:05.342","2026-07-30 08:43:03.056","57533806","2026-07-22 06:10:49.000","[PREMIUM]","370","IN - DYER",,,,"CDT","0","V",2021,"CHEVROLET","TRAX","TRAX","SPORT UTILITY VEHICLE","WHITE","REAR END",,"IN","ST","YES","D",25114,"A","[PREMIUM]",12904.83,"1.4L 4","ALL WHEEL DRIVE","AUTOMATIC","GAS",4,"Run & Drive Verified","Pure Sale","[PREMIUM]",,"DYER","IN","46311","USA","USD","[PREMIUM]","[PREMIUM]","E230",false,"[PREMIUM]","1LT",false,false,"[PREMIUM]",,,,,,,,"[PREMIUM]"
"57394546","2026-07-15 21:01:05.285","2026-07-30 08:43:03.022","57394546","2026-07-15 16:38:31.000","[PREMIUM]","370","IN - DYER",,,,"CDT","0","V",2017,"BUICK","ENCORE","ENCORE",,"BLACK","FRONT END",,"IN","BP","NO","E",146768,"N","[PREMIUM]",0,"1.4L  4","Front-wheel Drive","AUTOMATIC","GAS",4,"DEFAULT","On Approval","[PREMIUM]",,"DYER","IN","46311","USA","USD","[PREMIUM]","[PREMIUM]","A220",false,"[PREMIUM]","PREFERRED",false,false,"[PREMIUM]",,,,,,,,"[PREMIUM]"
"57247286","2026-07-15 21:01:05.256","2026-07-30 08:43:02.988","57247286","2026-07-24 04:25:32.000","[PREMIUM]","370","IN - DYER",,,,"CDT","0","V",2019,"CHEVROLET","TRAVERSE","TRAVERSE","SPORT UTILITY VEHICLE","BLACK","FRONT END","MINOR DENT/SCRATCHES","IN","CT","YES","D",148463,"A","[PREMIUM]",12274,"3.6L 6","FRONT WHEEL DRIVE","AUTOMATIC","GAS",6,"Run & Drive Verified","On Minimum Bid","[PREMIUM]",,"DYER","IN","46311","USA","USD","[PREMIUM]","[PREMIUM]","B240",false,"[PREMIUM]","LS",false,false,"[PREMIUM]",,,,,,,,"[PREMIUM]"
"57212576","2026-07-15 21:01:05.238","2026-07-30 08:43:02.984","57212576","2026-07-28 18:54:01.000","[PREMIUM]","370","IN - DYER","2026-08-03","MONDAY","1200","CDT","0","V",2019,"JEEP","CHEROKEE","CHEROKEE","SPORT UTILITY VEHICLE","WHITE","FRONT END",,"IN","ST","YES","D",103491,"A","[PREMIUM]",14158,"3.2L 6","4X4 W/FRONT WHL DRV","AUTOMATIC","FLEXIBLE",6,"Run & Drive Verified","Pure Sale","[PREMIUM]",,"DYER","IN","46311","USA","USD","[PREMIUM]","[PREMIUM]","G060",false,"[PREMIUM]","TRAILHAWK",false,false,"[PREMIUM]",,,,,,,,"[PREMIUM]"
"56945156","2026-07-15 21:01:05.198","2026-07-19 19:13:21.675","56945156","2026-07-15 15:43:10.000","[PREMIUM]","370","IN - DYER","2026-07-20","MONDAY","1200","CDT","0","V",2012,"MERCEDES-BENZ","E-CLASS","E","SEDAN 4DR","BLACK","SIDE","MINOR DENT/SCRATCHES","IN","ST","YES","D",178631,"N","[PREMIUM]",7619.88,"3.5L 6","ALL WHEEL DRIVE","AUTOMATIC","GAS",6,"Run & Drive Verified","Pure Sale","[PREMIUM]",,"DYER","IN","46311","USA","USD","[PREMIUM]","[PREMIUM]","D170",false,"[PREMIUM]","350 4MATIC",false,false,"[PREMIUM]",,,,,,,,"[PREMIUM]"
"57125266","2026-07-15 21:01:05.198","2026-07-30 08:43:02.958","57125266","2026-07-15 20:23:18.000","[PREMIUM]","370","IN - DYER",,,,"CDT","0","V",2020,"HYUNDAI","ELANTRA","ELANTRA","SEDAN","BLACK","FRONT END",,"IN","ST","NO","E",77640,"A","[PREMIUM]",9318.92,"2.0L 4","FRONT WHEEL DRIVE","AUTOMATIC","GAS",4,"DEFAULT","Pure Sale","[PREMIUM]",,"DYER","IN","46311","USA","USD","[PREMIUM]","[PREMIUM]","E170",false,"[PREMIUM]","SEL",false,false,"[PREMIUM]",,,,,,,,"[PREMIUM]"
"57072756","2026-07-15 21:01:05.188","2026-07-30 09:07:17.870","57072756","2026-07-15 16:38:30.000","[PREMIUM]","370","IN - DYER",,,,"CDT","0","V",2014,"NISSAN","ALTIMA","ALTIMA","SEDAN","BROWN","FRONT END",,"IN","BP","YES","S",186149,"N","[PREMIUM]",9819.93,"2.5L 4","FRONT WHEEL DRIVE","AUTOMATIC","GAS",4,"Vehicle Starts","On Approval","[PREMIUM]",,"DYER","IN","46311","USA","USD","[PREMIUM]","[PREMIUM]","A260",false,"[PREMIUM]","2.5 S",false,false,"[PREMIUM]",,,,,,,,"[PREMIUM]"
"56746946","2026-07-15 21:01:05.162","2026-07-19 19:13:21.619","56746946","2026-07-15 19:52:48.000","[PREMIUM]","370","IN - DYER","2026-07-20","MONDAY","1200","CDT","0","V",2019,"GMC","TERRAIN","TERRAIN","SPORT UTILITY VEHICLE","BLACK","FRONT END",,"IN","ST","YES","D",77463,"A","[PREMIUM]",0,"1.5L 4","FRONT WHEEL DRIVE","AUTOMATIC","GAS",4,"Run & Drive Verified","On Minimum Bid","[PREMIUM]",,"DYER","IN","46311","USA","USD","[PREMIUM]","[PREMIUM]","G030",false,"[PREMIUM]","SLE",false,false,"[PREMIUM]",,,,,,,,"[PREMIUM]"
"56838476","2026-07-15 21:01:05.157","2026-07-29 20:42:50.025","56838476","2026-07-29 15:31:50.000","[PREMIUM]","370","IN - DYER","2026-08-03","MONDAY","1200","CDT","0","V",2017,"RAM","1500","1500","PICKUP","WHITE","MINOR DENT/SCRATCHES",,"WV","CT","YES","E",0,"N","[PREMIUM]",0,"3.6L 6","REAR WHEEL DRIVE","AUTOMATIC","FLEXIBLE",6,"DEFAULT","On Minimum Bid","[PREMIUM]",,"DYER","IN","46311","USA","USD","[PREMIUM]","[PREMIUM]","C060",true,"[PREMIUM]","ST",false,false,"[PREMIUM]",,,,,,,,"[PREMIUM]"
"56825096","2026-07-15 21:01:05.157","2026-07-30 08:43:02.928","56825096","2026-07-28 18:27:05.000","[PREMIUM]","370","IN - DYER","2026-08-03","MONDAY","1200","CDT","0","V",2016,"HONDA","ACCORD","ACCORD","SEDAN 4DR","BLACK","FRONT END",,"IN","ST","YES","D",193876,"A","[PREMIUM]",8846,"2.4L 4","FRONT WHEEL DRIVE","AUTOMATIC","GAS",4,"Run & Drive Verified","Pure Sale","[PREMIUM]",,"DYER","IN","46311","USA","USD","[PREMIUM]","[PREMIUM]","D180",false,"[PREMIUM]","EXL",false,false,"[PREMIUM]",,,,,,,,"[PREMIUM]"
"56593046","2026-07-15 21:01:05.078","2026-07-30 08:43:02.777","56593046","2026-07-14 20:49:08.000","[PREMIUM]","370","IN - DYER",,,,"CDT","0","V",2014,"CHRYSLER","MINIVAN","TOWN & COUNTRY","SPORTS VAN","BLACK","SIDE","REAR END","IN","ST","YES","D",0,"N","[PREMIUM]",4567.83,"3.6L 6","FRONT WHEEL DRIVE","AUTOMATIC","FLEXIBLE",6,"Run & Drive Verified","Pure Sale","[PREMIUM]",,"DYER","IN","46311","USA","USD","[PREMIUM]","[PREMIUM]","C190",false,"[PREMIUM]","TOURING",false,false,"[PREMIUM]",,,,,,,,"[PREMIUM]"
"54912646","2026-07-15 21:01:05.053","2026-07-26 19:21:40.138","54912646","2026-07-16 15:40:10.000","[PREMIUM]","370","IN - DYER","2026-07-27","MONDAY","1200","CDT","0","V",2025,"KIA","ALL OTHER","K4","SEDAN","BLACK","SIDE","MINOR DENT/SCRATCHES","IN","ST","YES","D",24356,"A","[PREMIUM]",17388.03,"2.0L 4","FRONT WHEEL DRIVE","AUTOMATIC","GAS",4,"Run & Drive Verified","Pure Sale","[PREMIUM]",,"DYER","IN","46311","USA","USD","[PREMIUM]","[PREMIUM]","A100",false,"[PREMIUM]","GT LINE",false,false,"[PREMIUM]",,,,,,,,"[PREMIUM]"
"56134306","2026-07-15 21:01:05.012","2026-07-19 19:13:21.430","56134306","2026-07-15 15:43:23.000","[PREMIUM]","370","IN - DYER","2026-07-20","MONDAY","1200","CDT","0","V",2021,"HYUNDAI","SONATA","SONATA","SEDAN","CHARCOAL","FRONT END","SIDE","IN","ST","YES","S",82366,"A","[PREMIUM]",17342.36,"2.5L 4","FRONT WHEEL DRIVE","AUTOMATIC","GAS",4,"Vehicle Starts","Pure Sale","[PREMIUM]",,"DYER","IN","46311","USA","USD","[PREMIUM]","[PREMIUM]","A140",false,"[PREMIUM]","N LINE",false,false,"[PREMIUM]",,,,,,,,"[PREMIUM]"
"56028246","2026-07-15 21:01:04.960","2026-07-30 08:43:02.644","56028246","2026-07-28 18:25:36.000","[PREMIUM]","370","IN - DYER","2026-08-03","MONDAY","1200","CDT","0","V",2026,"HONDA","CRV","CR-V","SPORT UTILITY VEHICLE","WHITE","FRONT END","SIDE","IN","ST","YES","D",4073,"A","[PREMIUM]",23135.51,"1.5L 4","ALL WHEEL DRIVE","AUTOMATIC","GAS",4,"Run & Drive Verified","Pure Sale","[PREMIUM]",,"DYER","IN","46311","USA","USD","[PREMIUM]","[PREMIUM]","UN10",false,"[PREMIUM]","LX",false,false,"[PREMIUM]",,,,,,,,"[PREMIUM]"
"55751566","2026-07-15 21:01:04.894","2026-07-30 08:43:02.551","55751566","2026-07-28 18:42:39.000","[PREMIUM]","370","IN - DYER","2026-08-03","MONDAY","1200","CDT","0","V",2025,"CHEVROLET","TRAX","TRAX","SPORT UTILITY VEHICLE","GREEN","SIDE","MINOR DENT/SCRATCHES","IN","ST","YES","D",34145,"A","[PREMIUM]",16544.06,"1.2L 3","FRONT WHEEL DRIVE","AUTOMATIC","GAS",3,"Run & Drive Verified","Pure Sale","[PREMIUM]",,"DYER","IN","46311","USA","USD","[PREMIUM]","[PREMIUM]","B220",false,"[PREMIUM]","ACTIV",false,false,"[PREMIUM]",,,,,,,,"[PREMIUM]"
"55784756","2026-07-15 21:01:04.888","2026-07-19 19:13:21.330","55784756","2026-07-15 15:13:58.000","[PREMIUM]","370","IN - DYER","2026-07-20","MONDAY","1200","CDT","0","V",2020,"CHEVROLET","SILVERADO","SILVERADO","PICKUP","RED","FRONT END","MINOR DENT/SCRATCHES","IN","ST","YES","E",0,"N","[PREMIUM]",22438,"3.0L 6","4X4 W/REAR WHEEL DRV","AUTOMATIC","DIESEL",6,"DEFAULT","Pure Sale","[PREMIUM]",,"DYER","IN","46311","USA","USD","[PREMIUM]","[PREMIUM]","C020",false,"[PREMIUM]","K1500 RST",false,false,"[PREMIUM]",,,,,,,,"[PREMIUM]"
"55493226","2026-07-15 21:01:04.752","2026-07-19 19:13:21.223","55493226","2026-07-15 15:42:40.000","[PREMIUM]","370","IN - DYER","2026-07-20","MONDAY","1200","CDT","0","V",2014,"HYUNDAI","SANTA FE","SANTA FE","4DR SPORT UTILITY","WHITE","UNDERCARRIAGE","MINOR DENT/SCRATCHES","IN","ST","YES","D",135465,"A","[PREMIUM]",5521.03,"3.3L 6","ALL WHEEL DRIVE","AUTOMATIC","GAS",6,"Run & Drive Verified","Pure Sale","[PREMIUM]",,"DYER","IN","46311","USA","USD","[PREMIUM]","[PREMIUM]","A070",false,"[PREMIUM]","GLS",false,false,"[PREMIUM]",,,,,,,,"[PREMIUM]"
"55429716","2026-07-15 21:01:04.740","2026-07-30 08:43:02.441","55429716","2026-07-28 18:41:34.000","[PREMIUM]","835","MEDIUM DUTY SPECIALTY SALE","2026-08-05","WEDNESDAY","1100","CDT","0","K",2014,"FORD","F350","F350","CREW PICKUP","WHITE","SIDE",,"IN","ST","YES","D",229676,"A","[PREMIUM]",0,"6.7L 8","4X4 W/REAR WHEEL DRV","AUTOMATIC","DIESEL",8,"Run & Drive Verified","Pure Sale","[PREMIUM]",,"DYER","IN","46311","USA","USD","[PREMIUM]","[PREMIUM]","HV001",false,"[PREMIUM]","SUPER DUTY",false,false,"[PREMIUM]",,,,,,,,"[PREMIUM]"
"55035916","2026-07-15 21:01:04.628","2026-07-30 08:43:02.310","55035916","2026-07-27 14:01:40.000","[PREMIUM]","370","IN - DYER","2026-08-03","MONDAY","1200","CDT","0","V",2020,"FORD","EXPLORER","EXPLORER","SPORT UTILITY VEHICLE","BLUE","FRONT END","UNDERCARRIAGE","IN","ST","YES","D",63884,"A","[PREMIUM]",22990.52,"2.3L 4","4X4 W/REAR WHEEL DRV","AUTOMATIC","GAS",4,"Run & Drive Verified","Pure Sale","[PREMIUM]",,"DYER","IN","46311","USA","USD","[PREMIUM]","[PREMIUM]","B160",false,"[PREMIUM]","XLT",false,false,"[PREMIUM]",,,,,,,,"[PREMIUM]"
"55019256","2026-07-15 21:01:04.604","2026-07-19 19:13:21.053","55019256","2026-07-15 15:13:23.000","[PREMIUM]","370","IN - DYER","2026-07-20","MONDAY","1200","CDT","0","V",2014,"HYUNDAI","SONATA","SONATA","SEDAN","RED","FRONT END",,"IN","ST","YES","D",47172,"N","[PREMIUM]",5247.2,"2.4L 4","FRONT WHEEL DRIVE","AUTOMATIC","GAS",4,"Run & Drive Verified","Pure Sale","[PREMIUM]",,"DYER","IN","46311","USA","USD","[PREMIUM]","[PREMIUM]","C180",false,"[PREMIUM]","SE",false,false,"[PREMIUM]",,,,,,,,"[PREMIUM]"
"54455596","2026-07-15 21:01:04.456","2026-07-19 19:13:20.889","54455596","2026-07-15 15:32:16.000","[PREMIUM]","370","IN - DYER","2026-07-20","MONDAY","1200","CDT","0","V",2022,"MAZDA","CX-5","CX-5","SPORT UTILITY VEHICLE","WHITE","REAR END",,"IN","ST","YES","D",45200,"A","[PREMIUM]",20291.02,"2.5L 4","ALL WHEEL DRIVE","AUTOMATIC","GAS",4,"Run & Drive Verified","Pure Sale","[PREMIUM]",,"DYER","IN","46311","USA","USD","[PREMIUM]","[PREMIUM]","D170",false,"[PREMIUM]","PREMIUM PLUS",false,false,"[PREMIUM]",,,,,,,,"[PREMIUM]"
"54471006","2026-07-15 21:01:04.455","2026-07-19 19:13:20.875","54471006","2026-07-15 15:13:03.000","[PREMIUM]","370","IN - DYER","2026-07-20","MONDAY","1200","CDT","0","V",2022,"KIA","K5","K5","SEDAN","BLUE","FRONT END","REAR END","IN","ST","YES","D",59371,"A","[PREMIUM]",13652.76,"1.6L 4","FRONT WHEEL DRIVE","AUTOMATIC","GAS",4,"Run & Drive Verified","Pure Sale","[PREMIUM]",,"DYER","IN","46311","USA","USD","[PREMIUM]","[PREMIUM]","C200",false,"[PREMIUM]","GT LINE",false,false,"[PREMIUM]",,,,,,,,"[PREMIUM]"
"53776046","2026-07-15 21:01:04.076","2026-07-30 08:43:02.035","53776046","2026-07-15 16:31:41.000","[PREMIUM]","836","HEAVY TRUCK SPECIALTY SALE","2026-07-30","THURSDAY","1100","CDT","0","U",2016,"INTERNATIONAL","ALL OTHER","PROSTAR","TRACTOR TRUCK","SILVER","FRONT END","STRIPPED","IN","ST","NO","E",0,"N","[PREMIUM]",0,"15.0L 6","REAR WHEEL DRIVE",,"DIESEL",6,"DEFAULT","On Approval","[PREMIUM]",,"DYER","IN","46311","USA","USD","[PREMIUM]","[PREMIUM]","HV003",false,"[PREMIUM]",,false,false,"[PREMIUM]",,,,,,,,"[PREMIUM]"
"53579626","2026-07-15 21:01:04.031","2026-07-30 08:43:02.002","53579626","2026-07-15 20:23:18.000","[PREMIUM]","370","IN - DYER",,,,"CDT","0","V",2025,"LEXUS","RX 350H PR","RX 350H","SUV","WHITE","FRONT END","REAR END","IN","ST","YES","E",11748,"A","[PREMIUM]",37425.81,"2.5L 4","ALL WHEEL DRIVE","AUTOMATIC","ELECTRIC AND GAS HYBRID",4,"DEFAULT","Pure Sale","[PREMIUM]",,"DYER","IN","46311","USA","USD","[PREMIUM]","[PREMIUM]","C230",false,"[PREMIUM]","PREMIUM",false,false,"[PREMIUM]",,,,,,,,"[PREMIUM]"
"53407916","2026-07-15 21:01:03.969","2026-07-19 19:13:20.452","53407916","2026-07-15 15:12:52.000","[PREMIUM]","370","IN - DYER","2026-07-20","MONDAY","1200","CDT","0","V",2026,"TOYOTA","SIENNA","SIENNA","MINI-VAN","GRAY","FRONT END",,"IN","ST","YES","E",0,"N","[PREMIUM]",38327.22,"2.5L 4","ALL WHEEL DRIVE","AUTOMATIC","ELECTRIC AND GAS HYBRID",4,"DEFAULT","Pure Sale","[PREMIUM]",,"DYER","IN","46311","USA","USD","[PREMIUM]","[PREMIUM]","B110",false,"[PREMIUM]","LIMITED 7-PASSENGER",false,false,"[PREMIUM]",,,,,,,,"[PREMIUM]"
"52227756","2026-07-15 21:01:03.671","2026-07-30 08:43:01.629","52227756","2026-07-28 18:59:24.000","[PREMIUM]","370","IN - DYER","2026-08-03","MONDAY","1200","CDT","0","V",2017,"HONDA","CIVIC","CIVIC","SEDAN 4DR","BLUE","ALL OVER","FRONT END","TX","SV","NO","E",0,"N","[PREMIUM]",10255,"1.5L 4","FRONT WHEEL DRIVE","AUTOMATIC","GAS",4,"DEFAULT","Pure Sale","[PREMIUM]",,"DYER","IN","46311","USA","USD","[PREMIUM]","[PREMIUM]","A180",false,"[PREMIUM]","EX",false,false,"[PREMIUM]",,,,,,,,"[PREMIUM]"
"52076436","2026-07-15 21:01:03.651","2026-07-30 08:43:01.633","52076436","2026-07-14 20:49:07.000","[PREMIUM]","370","IN - DYER",,,,"CDT","0","V",2019,"FORD","ESCAPE","ESCAPE","SPORT UTILITY VEHICLE","BLACK","FRONT END","SIDE","IN","ST","YES","D",106509,"A","[PREMIUM]",8444.03,"1.5L 4","FRONT WHEEL DRIVE","AUTOMATIC","GAS",4,"Run & Drive Verified","Pure Sale","[PREMIUM]",,"DYER","IN","46311","USA","USD","[PREMIUM]","[PREMIUM]","B190",false,"[PREMIUM]","SE",false,false,"[PREMIUM]",,,,,,,,"[PREMIUM]"
"51066696","2026-07-15 21:01:03.648","2026-07-22 01:12:45.743","51066696","2026-07-21 19:34:59.000","[PREMIUM]","370","IN - DYER","2026-07-27","MONDAY","1200","CDT","0","V",2024,"FORD","ESCAPE","ESCAPE","SPORT UTILITY VEHICLE","CHARCOAL","REAR END","SIDE","IN","ST","YES","D",34096,"A","[PREMIUM]",21154.73,"1.5L 3","4X4 W/FRONT WHL DRV","AUTOMATIC","GAS",3,"Run & Drive Verified","On Minimum Bid","[PREMIUM]",,"DYER","IN","46311","USA","USD","[PREMIUM]","[PREMIUM]","A180",false,"[PREMIUM]","ST LINE",false,false,"[PREMIUM]",,,,,,,,"[PREMIUM]"
"51758986","2026-07-15 21:01:03.543","2026-07-30 08:43:01.552","51758986","2026-07-28 18:30:32.000","[PREMIUM]","370","IN - DYER","2026-08-03","MONDAY","1200","CDT","0","V",2016,"BMW","3 SERIES","328","STATION WAGON","BLACK","TOP/ROOF",,"IN","ST","YES","D",155399,"A","[PREMIUM]",9839.59,"2.0L 4","ALL WHEEL DRIVE","AUTOMATIC","GAS",4,"Run & Drive Verified","On Minimum Bid","[PREMIUM]",,"DYER","IN","46311","USA","USD","[PREMIUM]","[PREMIUM]","A180",false,"[PREMIUM]","XI",false,false,"[PREMIUM]",,,,,,,,"[PREMIUM]"
"50774896","2026-07-15 21:01:03.375","2026-07-30 08:43:01.464","50774896","2026-05-26 19:16:07.000","[PREMIUM]","370","IN - DYER",,,,"CDT","0","V",2016,"NISSAN","SENTRA","SENTRA","SEDAN","BLACK","REAR END",,"IN","ST","NO","E",0,"N","[PREMIUM]",0,"1.8L 4","FRONT WHEEL DRIVE","AUTOMATIC","GAS",4,"DEFAULT","Pure Sale","[PREMIUM]",,"DYER","IN","46311","USA","USD","[PREMIUM]","[PREMIUM]","A130",false,"[PREMIUM]","S",false,false,"[PREMIUM]",,,,,,,,"[PREMIUM]"
"47695716","2026-07-15 21:01:02.928","2026-07-30 08:43:01.166","47695716","2026-07-28 18:41:56.000","[PREMIUM]","370","IN - DYER","2026-08-03","MONDAY","1200","CDT","0","V",2021,"CHEVROLET","BLAZER","BLAZER","SPORT UTILITY VEHICLE","BLACK","SIDE",,"IN","ST","YES","E",0,"N","[PREMIUM]",16770.45,"2.0L 4","FRONT WHEEL DRIVE","AUTOMATIC","GAS",4,"DEFAULT","Pure Sale","[PREMIUM]",,"DYER","IN","46311","USA","USD","[PREMIUM]","[PREMIUM]","A070",false,"[PREMIUM]","2LT",false,false,"[PREMIUM]",,,,,,,,"[PREMIUM]"
"45626246","2026-07-15 21:01:02.347","2026-07-19 19:13:19.465","45626246","2026-07-15 16:43:07.000","[PREMIUM]","370","IN - DYER","2026-07-20","MONDAY","1200","CDT","0","V",2021,"CHEVROLET","TRAX","TRAX","SPORT UTILITY VEHICLE","BLACK","SIDE",,"IN","BP","YES","D",110822,"N","[PREMIUM]",9850,"1.4L 4","FRONT WHEEL DRIVE","AUTOMATIC","GAS",4,"Run & Drive Verified","Pure Sale","[PREMIUM]",,"DYER","IN","46311","USA","USD","[PREMIUM]","[PREMIUM]","SA004",false,"[PREMIUM]","LS",false,false,"[PREMIUM]",,,,,,,,"[PREMIUM]"
"95644145","2026-07-15 21:01:01.793","2026-07-30 08:43:00.856","95644145","2026-07-28 21:32:14.000","[PREMIUM]","369","KS - KANSAS CITY","2026-07-30","THURSDAY","1200","CDT","22","V",2020,"CHEVROLET","ALL Models","SILVERADO",,"SILVER","FRONT END","SIDE","MO","SC","YES","D",112188,"A","[PREMIUM]",34450,"5.3L  8","4x4 w/Rear Wheel Drv","AUTOMATIC","GAS",8,"Run & Drive Verified","Pure Sale","[PREMIUM]",,"KANSAS CITY","KS","66111 2629","USA","USD","[PREMIUM]","[PREMIUM]","M200",false,"[PREMIUM]","K1500 RST",false,false,"[PREMIUM]",,,,,,,,"[PREMIUM]"
"94186195","2026-07-15 21:01:01.764","2026-07-30 08:43:00.825","94186195","2026-07-29 13:22:11.000","[PREMIUM]","369","KS - KANSAS CITY","2026-08-04","TUESDAY","1200","CDT","0","V",1990,"DAIHATSU","ALL MODELS","CHARADE","HATCHBACK","WHITE","FRONT END",,"MO","SC","YES","D",57349,"E","[PREMIUM]",5020,"1.0L  3","Front-wheel Drive","MANUAL","GAS",3,"Run & Drive Verified","On Minimum Bid","[PREMIUM]",,"KANSAS CITY","KS","66111 2629","USA","USD","[PREMIUM]","[PREMIUM]","TLE",false,"[PREMIUM]","SE",false,false,"[PREMIUM]",,,,,,,,"[PREMIUM]"
"85771935","2026-07-15 21:01:01.641","2026-07-21 01:13:43.475","85771935","2026-07-17 19:09:02.000","[PREMIUM]","369","KS - KANSAS CITY","2026-07-21","TUESDAY","1200","CDT","2084","V",2012,"NISSAN","FRONTIER","FRONTIER","PICKUP","WHITE","MINOR DENT/SCRATCHES",,"MO","CT","YES","D",185292,"A","[PREMIUM]",0,"2.5L 4","4X2","AUTOMATIC","GAS",4,"Run & Drive Verified","On Approval","[PREMIUM]",,"KANSAS CITY","KS","66111 2629","USA","USD","[PREMIUM]","[PREMIUM]","G110",false,"[PREMIUM]","S",false,false,"[PREMIUM]",,,,,,,,"[PREMIUM]"
"79133355","2026-07-15 21:01:01.636","2026-07-15 21:01:01.636","79133355","2026-07-15 12:11:28.000","[PREMIUM]","369","KS - KANSAS CITY","2026-07-16","THURSDAY","1200","CDT","98","V",2017,"HONDA","CIVIC","CIVIC","SEDAN 4DR","BLUE","FRONT END","HAIL","OH","CT","YES","D",218781,"A","[PREMIUM]",0,"2.0L 4","FRONT WHEEL DRIVE","AUTOMATIC","GAS",4,"Run & Drive Verified","On Approval","[PREMIUM]",,"KANSAS CITY","KS","66111 2629","USA","USD","[PREMIUM]","[PREMIUM]","D160",false,"[PREMIUM]","EX",false,false,"[PREMIUM]",,,,,,,,"[PREMIUM]"
"79733265","2026-07-15 21:01:01.576","2026-07-27 13:17:49.670","79733265","2026-07-23 03:50:16.000","[PREMIUM]","369","KS - KANSAS CITY","2026-07-28","TUESDAY","1200","CDT","0","V",2012,"GMC","TERRAIN","TERRAIN SL",,"BLACK","REAR END","SIDE","ID","SC","YES","D",159156,"A","[PREMIUM]",4131,,,,,,"Run & Drive Verified","Pure Sale","[PREMIUM]",,"KANSAS CITY","KS","66111 2629","USA","USD","[PREMIUM]","[PREMIUM]","I120",false,"[PREMIUM]",,false,false,"[PREMIUM]",,,,,,,,"[PREMIUM]"
"81761515","2026-07-15 21:01:01.529","2026-07-30 08:43:00.622","81761515","2026-07-29 13:18:10.000","[PREMIUM]","369","KS - KANSAS CITY","2026-07-30","THURSDAY","1200","CDT","142","V",2010,"HONDA","FIT","FIT",,"BLACK","REAR END",,"KS","ST","YES","D",178065,"A","[PREMIUM]",0,"1.5L  4","Front-wheel Drive","AUTOMATIC","GAS",4,"Run & Drive Verified","Pure Sale","[PREMIUM]",,"KANSAS CITY","KS","66111 2629","USA","USD","[PREMIUM]","[PREMIUM]","I120",false,"[PREMIUM]","SPORT",false,false,"[PREMIUM]",,,,,,,,"[PREMIUM]"
"77132205","2026-07-15 21:01:01.500","2026-07-27 22:46:58.998","77132205","2026-07-27 22:00:55.000","[PREMIUM]","369","KS - KANSAS CITY","2026-07-28","TUESDAY","1200","CDT","147","V",2013,"HONDA","ACCORD","ACCORD","SEDAN 4D","BLUE","FRONT END",,"ID","SC","YES","D",123943,"A","[PREMIUM]",0,"2.4L  4","Front-wheel Drive",,"GAS",4,"Run & Drive Verified","Pure Sale","[PREMIUM]",,"KANSAS CITY","KS","66111 2629","USA","USD","[PREMIUM]","[PREMIUM]","L080",false,"[PREMIUM]","LX",false,false,"[PREMIUM]",,,,,,,,"[PREMIUM]"
"78672365","2026-07-15 21:01:01.359","2026-07-27 22:46:59.065","78672365","2026-07-27 22:00:56.000","[PREMIUM]","369","KS - KANSAS CITY","2026-07-28","TUESDAY","1200","CDT","3091","V",2014,"TOYOTA","CAMRY","CAMRY",,"RED","REAR END","FRONT END","ID","SC","YES","E",263306,"A","[PREMIUM]",0,"2.5L  4","Front-wheel Drive",,"GAS",4,"DEFAULT","Pure Sale","[PREMIUM]",,"KANSAS CITY","KS","66111 2629","USA","USD","[PREMIUM]","[PREMIUM]","1F020",false,"[PREMIUM]",,false,false,"[PREMIUM]",,,,,,,,"[PREMIUM]"
"78886175","2026-07-15 21:01:01.350","2026-07-30 08:43:00.550","78886175","2026-07-29 14:21:25.000","[PREMIUM]","369","KS - KANSAS CITY","2026-07-30","THURSDAY","1200","CDT","2044","V",2015,"CHEVROLET","SILVERADO","SILVERADO","4DR EXT CAB PICKUP","RED","FRONT END","MINOR DENT/SCRATCHES","KS","ST","YES","D",134488,"A","[PREMIUM]",24036.09,"5.3L 8","Rear Wheel Drive","AUTOMATIC","Gas",8,"Run & Drive Verified","Pure Sale","[PREMIUM]",,"KANSAS CITY","KS","66111 2629","USA","USD","[PREMIUM]","[PREMIUM]","H020",false,"[PREMIUM]","C1500 LT",false,false,"[PREMIUM]",,,,,,,,"[PREMIUM]"
"77863895","2026-07-15 21:01:01.313","2026-07-30 08:43:00.460","77863895","2026-07-28 21:32:26.000","[PREMIUM]","369","KS - KANSAS CITY","2026-07-30","THURSDAY","1200","CDT","2545","V",2021,"FORD","ALL Models","MUSTANG",,"SILVER","FRONT END","REAR END","MO","SC","YES","E",0,"N","[PREMIUM]",30758.25,"2.3L  4","Rear-wheel drive","AUTOMATIC","GAS",4,"DEFAULT","Pure Sale","[PREMIUM]",,"KANSAS CITY","KS","66111 2629","USA","USD","[PREMIUM]","[PREMIUM]","3E120",false,"[PREMIUM]",,false,false,"[PREMIUM]",,,,,,,,"[PREMIUM]"
"77205075","2026-07-15 21:01:01.288","2026-07-27 22:46:59.002","77205075","2026-07-27 22:00:55.000","[PREMIUM]","369","KS - KANSAS CITY","2026-07-28","TUESDAY","1200","CDT","2136","V",2013,"MERCEDES-BENZ","300-CLASS","300-CLASS",,"WHITE","NORMAL WEAR",,"ID","SC","YES","D",118502,"A","[PREMIUM]",0,"3.5L  6","ALL WHEEL DRIVE",,"GAS",6,"Run & Drive Verified","Pure Sale","[PREMIUM]",,"KANSAS CITY","KS","66111 2629","USA","USD","[PREMIUM]","[PREMIUM]","N160",false,"[PREMIUM]",,false,false,"[PREMIUM]",,,,,,,,"[PREMIUM]"
"77126785","2026-07-15 21:01:01.281","2026-07-30 08:43:00.471","77126785","2026-07-29 07:55:13.000","[PREMIUM]","369","KS - KANSAS CITY","2026-07-30","THURSDAY","1200","CDT","2047","V",2013,"NISSAN","VERSA","VERSA",,"BLACK","FRONT END",,"ID","SC","YES","D",126750,"A","[PREMIUM]",17514,"1.6L  4","Front-wheel Drive",,"GAS",4,"Run & Drive Verified","Pure Sale","[PREMIUM]",,"KANSAS CITY","KS","66111 2629","USA","USD","[PREMIUM]","[PREMIUM]","1B010",false,"[PREMIUM]","S",false,false,"[PREMIUM]",,,,,,,,"[PREMIUM]"
"77473555","2026-07-15 21:01:01.278","2026-07-23 07:14:30.415","77473555","2026-07-22 12:52:06.000","[PREMIUM]","369","KS - KANSAS CITY","2026-07-23","THURSDAY","1200","CDT","2542","V",2012,"TOYOTA","AVALON","AVALON","SEDAN 4D","SILVER","FRONT END","SIDE","ID","SC","YES","S",172615,"A","[PREMIUM]",0,"3.5L  6","Front-wheel Drive",,"GAS",6,"Vehicle Starts","Pure Sale","[PREMIUM]",,"KANSAS CITY","KS","66111 2629","USA","USD","[PREMIUM]","[PREMIUM]","1F010",false,"[PREMIUM]","BASE",false,false,"[PREMIUM]",,,,,,,,"[PREMIUM]"
"75414125","2026-07-15 21:01:01.236","2026-07-30 08:43:00.367","75414125","2026-07-29 12:20:42.000","[PREMIUM]","369","KS - KANSAS CITY","2026-08-04","TUESDAY","1200","CDT","0","V",2022,"RAM","1500","1500",,"SILVER","SIDE",,"MO","SC","YES","D",71589,"A","[PREMIUM]",25664,"5.7L  8","Rear-wheel drive","AUTOMATIC","GAS",8,"Run & Drive Verified","On Minimum Bid","[PREMIUM]",,"KANSAS CITY","KS","66111 2629","USA","USD","[PREMIUM]","[PREMIUM]","B120",false,"[PREMIUM]","LARAMIE",false,false,"[PREMIUM]",,,,,,,,"[PREMIUM]"
"74650585","2026-07-15 21:01:01.119","2026-07-30 08:43:00.337","74650585","2026-07-29 12:35:01.000","[PREMIUM]","369","KS - KANSAS CITY","2026-08-04","TUESDAY","1200","CDT","0","V",2019,"DODGE","JOURNEY","JOURNEY",,"GRAY","FRONT END",,"MO","SC","YES","D",62975,"A","[PREMIUM]",13772,"3.6L  6","Front-wheel Drive","AUTOMATIC","FLEXIBLE FUEL",6,"Run & Drive Verified","On Minimum Bid","[PREMIUM]",,"KANSAS CITY","KS","66111 2629","USA","USD","[PREMIUM]","[PREMIUM]","J040",false,"[PREMIUM]","SE",false,false,"[PREMIUM]",,,,,,,,"[PREMIUM]"
"74706395","2026-07-15 21:01:01.087","2026-07-27 22:46:58.864","74706395","2026-07-27 22:00:56.000","[PREMIUM]","369","KS - KANSAS CITY","2026-07-28","TUESDAY","1200","CDT","3070","V",2015,"DODGE","DART","DART",,"BLUE","FRONT END","SIDE","ID","SC","NO","E",0,"N","[PREMIUM]",10795,"2.4L  4","Front-wheel Drive",,"GAS",4,"DEFAULT","Pure Sale","[PREMIUM]",,"KANSAS CITY","KS","66111 2629","USA","USD","[PREMIUM]","[PREMIUM]","M160",false,"[PREMIUM]","GT",false,false,"[PREMIUM]",,,,,,,,"[PREMIUM]"
"74264105","2026-07-15 21:01:00.956","2026-07-27 22:46:58.741","74264105","2026-07-27 22:00:56.000","[PREMIUM]","369","KS - KANSAS CITY","2026-07-28","TUESDAY","1200","CDT","3109","V",2009,"FORD","EXPLORER","EXPLORER","4DR SPOR","BLACK","ALL OVER",,"ID","SC","YES","E",0,"E","[PREMIUM]",25000,"4.0L  6","4x4 w/Rear Wheel Drv",,"GAS",6,"DEFAULT","Pure Sale","[PREMIUM]",,"KANSAS CITY","KS","66111 2629","USA","USD","[PREMIUM]","[PREMIUM]","3D060",false,"[PREMIUM]","XLT",false,false,"[PREMIUM]",,,,,,,,"[PREMIUM]"
"73268015","2026-07-15 21:01:00.927","2026-07-23 07:14:29.618","73268015","2026-07-22 12:52:05.000","[PREMIUM]","369","KS - KANSAS CITY","2026-07-23","THURSDAY","1200","CDT","2059","V",2007,"SATURN","AURA","AURA",,"SILVER","REAR END",,"ID","SC","YES","D",117824,"E","[PREMIUM]",5471,"3.5L  6","Front-wheel Drive",,"GAS",6,"Run & Drive Verified","Pure Sale","[PREMIUM]",,"KANSAS CITY","KS","66111 2629","USA","USD","[PREMIUM]","[PREMIUM]","L080",false,"[PREMIUM]","XE",false,false,"[PREMIUM]",,,,,,,,"[PREMIUM]"
"73194595","2026-07-15 21:01:00.924","2026-07-23 07:14:29.613","73194595","2026-07-22 12:52:05.000","[PREMIUM]","369","KS - KANSAS CITY","2026-07-23","THURSDAY","1200","CDT","108","V",2016,"FORD","FOCUS","FOCUS",,"GRAY","SIDE",,"ID","SC","YES","D",89408,"A","[PREMIUM]",8500,"2.0L  4","Front-wheel Drive",,"GAS",4,"Run & Drive Verified","Pure Sale","[PREMIUM]",,"KANSAS CITY","KS","66111 2629","USA","USD","[PREMIUM]","[PREMIUM]","J130",false,"[PREMIUM]","SE",false,false,"[PREMIUM]",,,,,,,,"[PREMIUM]"
"73194445","2026-07-15 21:01:00.834","2026-07-27 13:17:50.271","73194445","2026-07-23 03:50:16.000","[PREMIUM]","369","KS - KANSAS CITY","2026-07-28","TUESDAY","1200","CDT","0","V",2012,"FORD","ESCAPE","ESCAPE","4DR SPOR","BLUE","WATER/FLOOD","MINOR DENT/SCRATCHES","ID","SC","YES","D",155252,"A","[PREMIUM]",290,"2.5L  4","Front-wheel Drive",,"GAS",4,"Run & Drive Verified","Pure Sale","[PREMIUM]",,"KANSAS CITY","KS","66111 2629","USA","USD","[PREMIUM]","[PREMIUM]","K150",false,"[PREMIUM]","LIMITED",false,false,"[PREMIUM]",,,,,,,,"[PREMIUM]"
"60503826","2026-07-15 21:01:00.608","2026-07-30 08:42:58.861","60503826","2026-07-28 21:32:23.000","[PREMIUM]","369","KS - KANSAS CITY","2026-07-30","THURSDAY","1200","CDT","2023","V",2016,"TOYOTA","SIENNA","SIENNA","MINI-VAN","WHITE","FRONT END","SIDE","MO","SC","YES","D",143160,"A","[PREMIUM]",9735.77,"3.5L 6","FRONT WHEEL DRIVE","AUTOMATIC","GAS",6,"Run & Drive Verified","Pure Sale","[PREMIUM]",,"KANSAS CITY","KS","66111 2629","USA","USD","[PREMIUM]","[PREMIUM]","D150",false,"[PREMIUM]","XLE 8-PASSENGER",false,false,"[PREMIUM]",,,,,,,,"[PREMIUM]"
"60985626","2026-07-15 21:01:00.509","2026-07-30 02:43:38.281","60985626","2026-07-29 23:25:49.000","[PREMIUM]","369","KS - KANSAS CITY","2026-08-04","TUESDAY","1200","CDT","0","K",2019,"CHEVROLET","EXPRESS","EXPRESS G2500","VAN PASSENGER","TAN","MECHANICAL",,"KS","ET","YES","E",298095,"A","[PREMIUM]",2000,"4.3L 6","REAR WHEEL DRIVE","AUTOMATIC","GAS",6,"DEFAULT","On Minimum Bid","[PREMIUM]",,"KANSAS CITY","KS","66111 2629","USA","USD","[PREMIUM]","[PREMIUM]","3BLU",true,"[PREMIUM]","LT",false,false,"[PREMIUM]",,,,,,,,"[PREMIUM]"
"61196366","2026-07-15 21:01:00.464","2026-07-27 22:46:58.007","61196366","2026-07-27 22:00:55.000","[PREMIUM]","369","KS - KANSAS CITY","2026-07-28","TUESDAY","1200","CDT","2082","V",2019,"DODGE","CARAVAN","GRAND CARAVAN","VAN PASSENGER","BURGUNDY","NORMAL WEAR",,"IL","CZ","YES","D",129308,"A","[PREMIUM]",0,"3.6L 6","FRONT WHEEL DRIVE","AUTOMATIC","FLEXIBLE",6,"Run & Drive Verified","On Approval","[PREMIUM]",,"KANSAS CITY","KS","66111 2629","USA","USD","[PREMIUM]","[PREMIUM]","M180",false,"[PREMIUM]","GT",false,false,"[PREMIUM]",,,,,,,,"[PREMIUM]"
"61183716","2026-07-15 21:01:00.459","2026-07-30 08:42:59.340","61183716","2026-07-28 19:04:31.000","[PREMIUM]","369","KS - KANSAS CITY","2026-08-04","TUESDAY","1200","CDT","0","V",2013,"SUBARU","OUTBACK","OUTBACK","4DR SPORT UTILITY","BLUE","FRONT END","SIDE","KS","CZ","YES","D",197025,"A","[PREMIUM]",0,"2.5L 4","ALL WHEEL DRIVE","AUTOMATIC","GAS",4,"Run & Drive Verified","On Minimum Bid","[PREMIUM]",,"KANSAS CITY","KS","66111 2629","USA","USD","[PREMIUM]","[PREMIUM]","3C110",true,"[PREMIUM]","2.5I LIMITED",false,false,"[PREMIUM]",,,,,,,,"[PREMIUM]"
"65364085","2026-07-15 21:01:00.448","2026-07-30 08:43:00.137","65364085","2026-07-14 23:24:59.000","[PREMIUM]","369","KS - KANSAS CITY",,,,"CDT","0","V",2020,"GMC","ACADIA","ACADIA",,"WHITE","FRONT END","SIDE","KS","ST","YES","D",69477,"A","[PREMIUM]",16988.71,"3.6L  6","Front-wheel Drive","AUTOMATIC","GAS",6,"Run & Drive Verified","On Approval","[PREMIUM]",,"KANSAS CITY","KS","66111 2629","USA","USD","[PREMIUM]","[PREMIUM]","N120",false,"[PREMIUM]","SLT",false,false,"[PREMIUM]",,,,,,,,"[PREMIUM]"
"63570615","2026-07-15 21:01:00.442","2026-07-30 08:43:00.054","63570615","2026-07-28 21:32:26.000","[PREMIUM]","369","KS - KANSAS CITY","2026-07-30","THURSDAY","1200","CDT","2546","V",2017,"DODGE","CARAVAN","GRAND CARAVAN","SPORTS V","RED","SIDE","FRONT END","MO","SC","NO",,145898,"A","[PREMIUM]",27031.89,"3.6L  6","Front-wheel Drive","AUTOMATIC","FLEXIBLE FUEL",6,,"Pure Sale","[PREMIUM]",,"KANSAS CITY","KS","66111 2629","USA","USD","[PREMIUM]","[PREMIUM]","C140",false,"[PREMIUM]","GT",false,false,"[PREMIUM]",,,,,,,,"[PREMIUM]"
"60748016","2026-07-15 21:01:00.427","2026-07-15 21:01:00.427","60748016","2026-07-15 18:10:26.000","[PREMIUM]","369","KS - KANSAS CITY","2026-07-16","THURSDAY","1200","CDT","67","V",2017,"FORD","F150","F150","CREW PICKUP","RED","FRONT END",,"KS","CZ","YES","D",164637,"A","[PREMIUM]",0,"3.5L 6","4X4 W/REAR WHEEL DRV","AUTOMATIC","GAS",6,"Run & Drive Verified","On Approval","[PREMIUM]",,"KANSAS CITY","KS","66111 2629","USA","USD","[PREMIUM]","[PREMIUM]","I070",false,"[PREMIUM]","SUPERCREW",false,false,"[PREMIUM]",,,,,,,,"[PREMIUM]"
"60831856","2026-07-15 21:01:00.414","2026-07-30 08:42:59.040","60831856","2026-07-28 13:50:14.000","[PREMIUM]","369","KS - KANSAS CITY","2026-08-04","TUESDAY","1200","CDT","0","V",2012,"INFINITI","QX56","QX56","SUV","TWO TONE","FRONT END","SIDE","MO","SC","YES","D",182721,"A","[PREMIUM]",11034.23,"5.6L 8","FOUR BY FOUR","AUTOMATIC","GAS",8,"Run & Drive Verified","Pure Sale","[PREMIUM]",,"KANSAS CITY","KS","66111 2629","USA","USD","[PREMIUM]","[PREMIUM]","I060",false,"[PREMIUM]","BASE",false,false,"[PREMIUM]",,,,,,,,"[PREMIUM]"
"61059426","2026-07-15 21:01:00.409","2026-07-21 01:13:42.379","61059426","2026-07-17 19:09:02.000","[PREMIUM]","369","KS - KANSAS CITY","2026-07-21","TUESDAY","1200","CDT","2068","V",2020,"JEEP","GRAND CHER","CHEROKEE","SPORT UTILITY VEHICLE","WHITE","MECHANICAL",,"KS","CZ","YES","D",128329,"A","[PREMIUM]",0,"2.4L 4","FRONT WHEEL DRIVE","AUTOMATIC","GAS",4,"Run & Drive Verified","On Minimum Bid","[PREMIUM]",,"KANSAS CITY","KS","66111 2629","USA","USD","[PREMIUM]","[PREMIUM]","3D080",true,"[PREMIUM]","LATITUDE PLUS",false,false,"[PREMIUM]",,,,,,,,"[PREMIUM]"
"60856156","2026-07-15 21:01:00.400","2026-07-26 19:21:36.803","60856156","2026-07-21 21:09:38.000","[PREMIUM]","369","KS - KANSAS CITY","2026-07-28","TUESDAY","1200","CDT","0","V",2019,"LINCOLN","NAVIGATOR","NAVIGATOR","SPORT UTILITY VEHICLE","BLACK","MECHANICAL",,"KS","RS","YES","E",0,"N","[PREMIUM]",0,"3.5L 6","4X4 W/REAR WHEEL DRV","AUTOMATIC","GAS",6,"DEFAULT","On Minimum Bid","[PREMIUM]",,"KANSAS CITY","KS","66111 2629","USA","USD","[PREMIUM]","[PREMIUM]","3E080",true,"[PREMIUM]","L RESERVE",false,false,"[PREMIUM]",,,,,,,,"[PREMIUM]"
"60575106","2026-07-15 21:01:00.382","2026-07-29 20:42:44.783","60575106","2026-07-29 18:01:14.000","[PREMIUM]","369","KS - KANSAS CITY","2026-08-04","TUESDAY","1200","CDT","0","V",1999,"CHEVROLET","SILVERADO","SILVERADO","PICKUP","BEIGE","VANDALISM","SIDE","KS","CZ","YES","D",0,"E","[PREMIUM]",0,"5.3L 8","REAR WHEEL DRIVE","AUTOMATIC","GAS",8,"Run & Drive Verified","On Minimum Bid","[PREMIUM]",,"KANSAS CITY","KS","66111 2629","USA","USD","[PREMIUM]","[PREMIUM]","3D080",true,"[PREMIUM]","C1500",false,false,"[PREMIUM]",,,,,,,,"[PREMIUM]"
"60477406","2026-07-15 21:01:00.361","2026-07-30 08:42:58.831","60477406","2026-07-14 22:24:16.000","[PREMIUM]","369","KS - KANSAS CITY",,,,"CDT","0","V",2007,"HYUNDAI","SANTA FE","SANTA FE","SUV","SILVER","FRONT END",,"KS","ST","YES","D",156368,"E","[PREMIUM]",12188.92,"3.3L 6","FRONT WHEEL DRIVE","AUTOMATIC","GAS",6,"Run & Drive Verified","Pure Sale","[PREMIUM]",,"KANSAS CITY","KS","66111 2629","USA","USD","[PREMIUM]","[PREMIUM]","K050",false,"[PREMIUM]","SE",false,false,"[PREMIUM]",,,,,,,,"[PREMIUM]"
"60433346","2026-07-15 21:01:00.328","2026-07-30 08:42:58.772","60433346","2026-07-30 01:16:33.000","[PREMIUM]","369","KS - KANSAS CITY","2026-08-04","TUESDAY","1200","CDT","0","V",2021,"TESLA","MODEL Y","MODEL Y","SPORT UTILITY VEHICLE","BLACK","ALL OVER",,"MN","CT","NO","E",0,"N","[PREMIUM]",0,,"ALL WHEEL DRIVE","AUTOMATIC","ELECTRIC",,"DEFAULT","On Minimum Bid","[PREMIUM]",,"KANSAS CITY","KS","66111 2629","USA","USD","[PREMIUM]","[PREMIUM]","3C120",true,"[PREMIUM]",,false,false,"[PREMIUM]",,,,,,,,"[PREMIUM]"
"60390386","2026-07-15 21:01:00.280","2026-07-30 08:42:58.737","60390386","2026-07-28 21:32:25.000","[PREMIUM]","369","KS - KANSAS CITY","2026-07-30","THURSDAY","1200","CDT","2505","V",2016,"HYUNDAI","ELANTRA","ELANTRA","SEDAN","BLUE","VANDALISM","SIDE","MO","SC","YES","E",115744,"N","[PREMIUM]",2484.76,"1.8L 4","FRONT WHEEL DRIVE","AUTOMATIC","GAS",4,"DEFAULT","Pure Sale","[PREMIUM]",,"KANSAS CITY","KS","66111 2629","USA","USD","[PREMIUM]","[PREMIUM]","J050",false,"[PREMIUM]","SE",false,false,"[PREMIUM]",,,,,,,,"[PREMIUM]"
"60304086","2026-07-15 21:01:00.269","2026-07-30 08:42:58.675","60304086","2026-07-14 23:24:58.000","[PREMIUM]","369","KS - KANSAS CITY",,,,"CDT","0","V",2012,"FORD","F-150","F150","CREW PICKUP","BLACK","MECHANICAL","FRONT END","KS","ST","YES",,179631,"A","[PREMIUM]",7816.04,"5.0L 8","4X4 W/REAR WHEEL DRV","AUTOMATIC","FLEXIBLE",8,,"Pure Sale","[PREMIUM]",,"KANSAS CITY","KS","66111 2629","USA","USD","[PREMIUM]","[PREMIUM]","E170",false,"[PREMIUM]","SUPERCREW",false,false,"[PREMIUM]",,,,,,,,"[PREMIUM]"
"60164016","2026-07-15 21:01:00.240","2026-07-30 08:42:58.607","60164016","2026-07-14 22:24:16.000","[PREMIUM]","369","KS - KANSAS CITY",,,,"CDT","0","V",2006,"FORD","F-150","F150","CREW PICKUP","BROWN","HAIL",,"KS","ST","YES","D",0,"E","[PREMIUM]",3043.01,"5.4L 8","4X4 W/REAR WHEEL DRV","AUTOMATIC","GAS",8,"Run & Drive Verified","Pure Sale","[PREMIUM]",,"KANSAS CITY","KS","66111 2629","USA","USD","[PREMIUM]","[PREMIUM]","M100",false,"[PREMIUM]","SUPERCREW",false,false,"[PREMIUM]",,,,,,,,"[PREMIUM]"
"60178696","2026-07-15 21:01:00.234","2026-07-30 08:42:58.609","60178696","2026-07-28 21:32:19.000","[PREMIUM]","369","KS - KANSAS CITY","2026-07-30","THURSDAY","1200","CDT","102","V",2019,"MITSUBISHI","OUTLANDER","OUTLANDER","SPORT UTILITY VEHICLE","BLACK","TOP/ROOF",,"MO","SC","YES","D",73442,"A","[PREMIUM]",7550.29,"2.4L 4","FRONT WHEEL DRIVE","AUTOMATIC","GAS",4,"Run & Drive Verified","On Minimum Bid","[PREMIUM]",,"KANSAS CITY","KS","66111 2629","USA","USD","[PREMIUM]","[PREMIUM]","3D120",false,"[PREMIUM]","ES",false,false,"[PREMIUM]",,,,,,,,"[PREMIUM]"
"60209256","2026-07-15 21:01:00.229","2026-07-30 08:42:58.641","60209256","2026-07-14 22:24:16.000","[PREMIUM]","369","KS - KANSAS CITY",,,,"CDT","0","V",2010,"MERCEDES-BENZ","GLK-CLASS","GLK","4DR SPORT UTILITY","RED","UNDERCARRIAGE",,"KS","ST","YES","D",144996,"E","[PREMIUM]",0,"3.5L 6","ALL WHEEL DRIVE","AUTOMATIC","GAS",6,"Run & Drive Verified","Pure Sale","[PREMIUM]",,"KANSAS CITY","KS","66111 2629","USA","USD","[PREMIUM]","[PREMIUM]","M130",false,"[PREMIUM]","350 4MATIC",false,false,"[PREMIUM]",,,,,,,,"[PREMIUM]"
"60045356","2026-07-15 21:01:00.185","2026-07-22 07:11:59.522","60045356","2026-07-21 20:07:31.000","[PREMIUM]","881","*NCS - CENTRAL REGION","2026-07-22","WEDNESDAY","2000","CDT","0","V",2019,"MERCEDES-BENZ","GLS-CLASS","GLS","SPORT UTILITY VEHICLE","BLACK","MINOR DENT/SCRATCHES",,"TX","CT","YES","D",89349,"A","[PREMIUM]",0,"3.0L 6","ALL WHEEL DRIVE","AUTOMATIC","GAS",6,"Run & Drive Verified","On Minimum Bid","[PREMIUM]",,"KANSAS CITY","KS","66111 2629","USA","USD","[PREMIUM]","[PREMIUM]","K100",true,"[PREMIUM]","450 4MATIC",false,false,"[PREMIUM]",,,,,,,,"[PREMIUM]"
"60072396","2026-07-15 21:01:00.175","2026-07-30 08:42:58.504","60072396","2026-07-14 22:24:16.000","[PREMIUM]","369","KS - KANSAS CITY",,,,"CDT","0","V",2017,"TOYOTA","COROLLA","COROLLA","SEDAN","BLACK","FRONT END","REAR END","KS","ST","YES","D",118693,"A","[PREMIUM]",11656,"1.8L 4","FRONT WHEEL DRIVE","AUTOMATIC","GAS",4,"Run & Drive Verified","Pure Sale","[PREMIUM]",,"KANSAS CITY","KS","66111 2629","USA","USD","[PREMIUM]","[PREMIUM]","C150",false,"[PREMIUM]","SE",false,false,"[PREMIUM]",,,,,,,,"[PREMIUM]"
"60053546","2026-07-15 21:01:00.114","2026-07-21 01:13:41.519","60053546","2026-07-14 21:51:24.000","[PREMIUM]","833","HEAVY-TRAILER-RV CLEAN SALE","2026-07-21","TUESDAY","1100","CDT","0","R",2012,"EAGLE","RECREATION","RECREATIONAL VEHICLE (RV)",,"WHITE","MINOR DENT/SCRATCHES",,"MO","CZ","EXM","E",0,"N","[PREMIUM]",0,,,"NONE",,,"DEFAULT","On Approval","[PREMIUM]",,"KANSAS CITY","KS","66111 2629","USA","USD","[PREMIUM]","[PREMIUM]","3SD07",false,"[PREMIUM]",,false,false,"[PREMIUM]",,,,,,,,"[PREMIUM]"
"59976536","2026-07-15 21:01:00.114","2026-07-25 01:39:45.775","59976536","2026-07-22 13:06:36.000","[PREMIUM]","369","KS - KANSAS CITY","2026-07-28","TUESDAY","1200","CDT","0","V",2017,"FORD","ESCAPE","ESCAPE","4DR SPORT UTILITY","BLUE","MINOR DENT/SCRATCHES",,"MO","CZ","YES","D",217636,"A","[PREMIUM]",0,"1.5L 4","FRONT WHEEL DRIVE","AUTOMATIC","GAS",4,"Run & Drive Verified","On Minimum Bid","[PREMIUM]",,"KANSAS CITY","KS","66111 2629","USA","USD","[PREMIUM]","[PREMIUM]","F120",true,"[PREMIUM]","SE",false,false,"[PREMIUM]",,,,,,,,"[PREMIUM]"
"60044516","2026-07-15 21:01:00.111","2026-07-30 08:42:58.496","60044516","2026-07-30 01:05:36.000","[PREMIUM]","369","KS - KANSAS CITY","2026-08-04","TUESDAY","1200","CDT","0","V",2020,"JEEP","CHEROKEE","GRAND CHEROKEE","SPORT UTILITY VEHICLE","BLUE","MINOR DENT/SCRATCHES",,"MI","CZ","YES","D",138106,"A","[PREMIUM]",0,"3.6L 6","4X4 W/REAR WHEEL DRV","AUTOMATIC","FLEXIBLE",6,"Run & Drive Verified","On Minimum Bid","[PREMIUM]",,"KANSAS CITY","KS","66111 2629","USA","USD","[PREMIUM]","[PREMIUM]","D120",true,"[PREMIUM]","TRAILHAWK",false,false,"[PREMIUM]",,,,,,,,"[PREMIUM]"
"59953516","2026-07-15 21:00:59.983","2026-07-15 21:00:59.983","59953516","2026-07-15 17:44:28.000","[PREMIUM]","855","WHOLESALE AUCTION","2026-07-21","TUESDAY","1200","EDT","0","V",2026,"FORD","TRANSIT","TRANSIT","VAN CARGO","WHITE","BURN",,"MO","CT","NO","E",0,"N","[PREMIUM]",36116,"3.5L 6","REAR WHEEL DRIVE","AUTOMATIC","GAS",6,"DEFAULT","On Approval","[PREMIUM]",,"KANSAS CITY","KS","66111 2629","USA","USD","[PREMIUM]","[PREMIUM]","YD017",false,"[PREMIUM]","T-250",false,true,"[PREMIUM]",,,,,"RED LIGHT",0,,"[PREMIUM]"
"59965766","2026-07-15 21:00:59.965","2026-07-30 08:42:58.394","59965766","2026-07-14 22:24:16.000","[PREMIUM]","369","KS - KANSAS CITY",,,,"CDT","0","V",2017,"HONDA","ACCORD","ACCORD","SEDAN 4DR","BEIGE","REAR END","HAIL","KS","ST","YES","D",105820,"A","[PREMIUM]",10575.45,"2.4L 4","FRONT WHEEL DRIVE","AUTOMATIC","GAS",4,"Run & Drive Verified","Pure Sale","[PREMIUM]",,"KANSAS CITY","KS","66111 2629","USA","USD","[PREMIUM]","[PREMIUM]","E100",false,"[PREMIUM]","LX",false,false,"[PREMIUM]",,,,,,,,"[PREMIUM]"
"59962556","2026-07-15 21:00:59.963","2026-07-30 08:42:58.412","59962556","2026-07-22 04:04:40.000","[PREMIUM]","369","KS - KANSAS CITY",,,,"CDT","0","V",2014,"GMC","SIERRA","SIERRA","4DR EXT CAB PICKUP","BLACK","FRONT END",,"KS","ST","YES","D",206462,"A","[PREMIUM]",11295.3,"5.3L 8","4X4 W/REAR WHEEL DRV","AUTOMATIC","GAS",8,"Run & Drive Verified","On Minimum Bid","[PREMIUM]",,"KANSAS CITY","KS","66111 2629","USA","USD","[PREMIUM]","[PREMIUM]","P190",false,"[PREMIUM]","K1500 SLE",false,false,"[PREMIUM]",,,,,,,,"[PREMIUM]"
"59950286","2026-07-15 21:00:59.958","2026-07-15 21:00:59.958","59950286","2026-07-15 15:13:21.000","[PREMIUM]","369","KS - KANSAS CITY","2026-07-16","THURSDAY","1200","CDT","61","V",2015,"HYUNDAI","SANTA FE","SANTA FE","SUV","CHARCOAL","FRONT END","MECHANICAL","OH","CT","YES","D",155236,"A","[PREMIUM]",0,"3.3L 6","ALL WHEEL DRIVE","AUTOMATIC","GAS",6,"Run & Drive Verified","On Approval","[PREMIUM]",,"KANSAS CITY","KS","66111 2629","USA","USD","[PREMIUM]","[PREMIUM]","K050",false,"[PREMIUM]","LIMITED",false,false,"[PREMIUM]",,,,,,,,"[PREMIUM]"
"59839206","2026-07-15 21:00:59.823","2026-07-30 08:42:58.323","59839206","2026-07-28 21:32:22.000","[PREMIUM]","369","KS - KANSAS CITY","2026-07-30","THURSDAY","1200","CDT","159","V",2007,"HONDA","CRV","CR-V","4DR SPORT UTILITY","WHITE","FRONT END",,"KS","ST","YES","D",165262,"E","[PREMIUM]",8442,"2.4L 4","ALL WHEEL DRIVE","AUTOMATIC","GAS",4,"Run & Drive Verified","Pure Sale","[PREMIUM]",,"KANSAS CITY","KS","66111 2629","USA","USD","[PREMIUM]","[PREMIUM]","SUN",false,"[PREMIUM]","EXL",false,false,"[PREMIUM]",,,,,,,,"[PREMIUM]"
"59735676","2026-07-15 21:00:59.672","2026-07-21 01:13:41.235","59735676","2026-07-17 19:09:02.000","[PREMIUM]","369","KS - KANSAS CITY","2026-07-21","TUESDAY","1200","CDT","601","C",1970,"HONDA","CUB","C70",,"RED","MINOR DENT/SCRATCHES",,"KS","CZ","NO","E",0,"E","[PREMIUM]",0,,,"AUTOMATIC",,,"DEFAULT","Pure Sale","[PREMIUM]",,"KANSAS CITY","KS","66111 2629","USA","USD","[PREMIUM]","[PREMIUM]","3MC1",false,"[PREMIUM]",,false,false,"[PREMIUM]",,,,,,,,"[PREMIUM]"
"59682636","2026-07-15 21:00:59.424","2026-07-30 08:42:58.205","59682636","2026-07-28 21:02:53.000","[PREMIUM]","369","KS - KANSAS CITY","2026-08-13","THURSDAY","1200","CDT","0","V",2013,"NISSAN","FRONTIER","FRONTIER","PICKUP","WHITE","MINOR DENT/SCRATCHES","NORMAL WEAR","MO","CT","YES","D",162656,"A","[PREMIUM]",0,"2.5L 4","4X2","AUTOMATIC","GAS",4,"Run & Drive Verified","On Minimum Bid","[PREMIUM]",,"KANSAS CITY","KS","66111 2629","USA","USD","[PREMIUM]","[PREMIUM]","O120",true,"[PREMIUM]","S",false,false,"[PREMIUM]",,,,,,,,"[PREMIUM]"
"59715826","2026-07-15 21:00:59.412","2026-07-27 22:46:56.419","59715826","2026-07-27 22:00:55.000","[PREMIUM]","369","KS - KANSAS CITY","2026-07-28","TUESDAY","1200","CDT","101","V",2010,"HYUNDAI","SONATA","SONATA","SEDAN 4DR","BLUE","MECHANICAL","SIDE","KS","CT","YES","D",216662,"E","[PREMIUM]",0,"2.4L 4","FRONT WHEEL DRIVE","AUTOMATIC","GAS",4,"Run & Drive Verified","On Minimum Bid","[PREMIUM]",,"KANSAS CITY","KS","66111 2629","USA","USD","[PREMIUM]","[PREMIUM]","J050",true,"[PREMIUM]","GLS",false,false,"[PREMIUM]",,,,,,,,"[PREMIUM]"
"59659496","2026-07-15 21:00:59.402","2026-07-30 08:42:58.186","59659496","2026-07-28 13:00:55.000","[PREMIUM]","836","HEAVY TRUCK SPECIALTY SALE","2026-08-06","THURSDAY","1100","CDT","0","U",2019,"PETERBILT","ALL OTHER","579","TRACTOR TRUCK","BLACK","FRONT END","SIDE","MO","SC","YES","E",0,"N","[PREMIUM]",50730.5,"15.0L 6","REAR WHEEL DRIVE","AUTOMATIC","DIESEL",6,"DEFAULT","Pure Sale","[PREMIUM]",,"KANSAS CITY","KS","66111 2629","USA","USD","[PREMIUM]","[PREMIUM]","3W020",false,"[PREMIUM]",,false,false,"[PREMIUM]",,,,,,,,"[PREMIUM]"
"59606856","2026-07-15 21:00:59.360","2026-07-30 08:42:58.162","59606856","2026-07-28 21:32:23.000","[PREMIUM]","369","KS - KANSAS CITY","2026-07-30","THURSDAY","1200","CDT","2029","V",2012,"TOYOTA","CAMRY SOLA","CAMRY HYBRID","SEDAN","WHITE","FRONT END",,"KS","ST","YES","D",211332,"A","[PREMIUM]",6260.29,"2.5L 4","FRONT WHEEL DRIVE","AUTOMATIC","ELECTRIC AND GAS HYBRID",4,"Run & Drive Verified","Pure Sale","[PREMIUM]",,"KANSAS CITY","KS","66111 2629","USA","USD","[PREMIUM]","[PREMIUM]","E120",false,"[PREMIUM]","XLE",false,false,"[PREMIUM]",,,,,,,,"[PREMIUM]"
"59315006","2026-07-15 21:00:59.325","2026-07-30 08:42:58.081","59315006","2026-07-21 14:04:36.000","[PREMIUM]","369","KS - KANSAS CITY",,,,"CDT","0","V",2022,"FORD","F150","F150","PICKUP","BLUE","FRONT END",,"KS","ST","YES","D",24035,"A","[PREMIUM]",0,"3.5L 6","4X4 W/REAR WHEEL DRV","AUTOMATIC","GAS",6,"Run & Drive Verified","On Minimum Bid","[PREMIUM]",,"KANSAS CITY","KS","66111 2629","USA","USD","[PREMIUM]","[PREMIUM]","M090",false,"[PREMIUM]","SUPERCREW",false,false,"[PREMIUM]",,,,,,,,"[PREMIUM]"
"59158636","2026-07-15 21:00:58.814","2026-07-30 08:42:58.022","59158636","2026-07-22 03:57:58.000","[PREMIUM]","369","KS - KANSAS CITY",,,,"CDT","0","V",2016,"TOYOTA","COROLLA","COROLLA","SEDAN","SILVER","FRONT END","MINOR DENT/SCRATCHES","KS","ST","YES","D",95155,"N","[PREMIUM]",0,"1.8L 4","FRONT WHEEL DRIVE","AUTOMATIC","GAS",4,"Run & Drive Verified","On Minimum Bid","[PREMIUM]",,"KANSAS CITY","KS","66111 2629","USA","USD","[PREMIUM]","[PREMIUM]","D120",false,"[PREMIUM]","LE",false,false,"[PREMIUM]",,,,,,,,"[PREMIUM]"
"58254866","2026-07-15 21:00:58.749","2026-07-30 08:42:57.388","58254866","2026-07-14 23:24:58.000","[PREMIUM]","369","KS - KANSAS CITY",,,,"CDT","0","V",2015,"FORD","EDGE","EDGE","4DR SPORT UTILITY","BURGUNDY","REAR END",,"KS","ST","YES","E",129988,"A","[PREMIUM]",5870.82,"3.5L 6","ALL WHEEL DRIVE","AUTOMATIC","GAS",6,"DEFAULT","Pure Sale","[PREMIUM]",,"KANSAS CITY","KS","66111 2629","USA","USD","[PREMIUM]","[PREMIUM]","H060",false,"[PREMIUM]","TITANIUM",false,false,"[PREMIUM]",,,,,,,,"[PREMIUM]"
"58993646","2026-07-15 21:00:58.746","2026-07-30 08:42:57.952","58993646","2026-07-28 13:48:39.000","[PREMIUM]","369","KS - KANSAS CITY","2026-08-04","TUESDAY","1200","CDT","0","V",2017,"JEEP","RENEGADE","RENEGADE","SPORT UTILITY VEHICLE","GRAY","REAR END","SIDE","MO","SC","YES","S",128366,"N","[PREMIUM]",11479.29,"2.4L 4","4X4 W/FRONT WHL DRV","AUTOMATIC","GAS",4,"Vehicle Starts","Pure Sale","[PREMIUM]",,"KANSAS CITY","KS","66111 2629","USA","USD","[PREMIUM]","[PREMIUM]","I030",false,"[PREMIUM]","LATITUDE",false,false,"[PREMIUM]",,,,,,,,"[PREMIUM]"
"58993086","2026-07-15 21:00:58.652","2026-07-30 08:42:57.935","58993086","2026-07-28 21:32:28.000","[PREMIUM]","369","KS - KANSAS CITY","2026-07-30","THURSDAY","1200","CDT","2589","V",2011,"CHEVROLET","CRUZE","CRUZE","SEDAN 4DR","RED","REAR END","SIDE","KS","ST","YES","S",183810,"N","[PREMIUM]",0,"1.4L 4","FRONT WHEEL DRIVE","AUTOMATIC","GAS",4,"Vehicle Starts","Pure Sale","[PREMIUM]",,"KANSAS CITY","KS","66111 2629","USA","USD","[PREMIUM]","[PREMIUM]","N070",false,"[PREMIUM]","LTZ",false,false,"[PREMIUM]",,,,,,,,"[PREMIUM]"
"58828746","2026-07-15 21:00:58.555","2026-07-30 08:42:57.803","58828746","2026-07-28 21:32:28.000","[PREMIUM]","369","KS - KANSAS CITY","2026-07-30","THURSDAY","1200","CDT","2599","V",2015,"CADILLAC","ATS","ATS","SEDAN 4DR","RED","FRONT END","UNDERCARRIAGE","KS","ST","YES",,0,"N","[PREMIUM]",11682.17,"2.0L 4","ALL WHEEL DRIVE","AUTOMATIC","GAS",4,,"Pure Sale","[PREMIUM]",,"KANSAS CITY","KS","66111 2629","USA","USD","[PREMIUM]","[PREMIUM]","C110",false,"[PREMIUM]","LUXURY",false,false,"[PREMIUM]",,,,,,,,"[PREMIUM]"
"58708916","2026-07-15 21:00:58.489","2026-07-29 04:47:12.788","58708916","2026-07-22 15:02:41.000","[PREMIUM]","835","MEDIUM DUTY SPECIALTY SALE","2026-07-29","WEDNESDAY","1100","CDT","0","K",2019,"FORD","TRANSIT","TRANSIT","VAN CARGO","WHITE","FRONT END","SIDE","WV","SC","YES","E",174030,"A","[PREMIUM]",0,"3.7L 6","REAR WHEEL DRIVE","AUTOMATIC","GAS",6,"DEFAULT","Pure Sale","[PREMIUM]",,"KANSAS CITY","KS","66111 2629","USA","USD","[PREMIUM]","[PREMIUM]","H170",false,"[PREMIUM]","T-250",false,false,"[PREMIUM]",,,,,,,,"[PREMIUM]"
"58723826","2026-07-15 21:00:58.473","2026-07-30 08:42:57.730","58723826","2026-07-28 21:32:21.000","[PREMIUM]","369","KS - KANSAS CITY","2026-07-30","THURSDAY","1200","CDT","153","V",2006,"TOYOTA","4RUNNER","4RUNNER","4DR SPORT UTILITY","SILVER","SIDE","TOP/ROOF","KS","ST","YES","D",212025,"A","[PREMIUM]",13855,"4.7L 8","ALL WHEEL DRIVE","AUTOMATIC","GAS",8,"Run & Drive Verified","Pure Sale","[PREMIUM]",,"KANSAS CITY","KS","66111 2629","USA","USD","[PREMIUM]","[PREMIUM]","D140",false,"[PREMIUM]","LIMITED",false,false,"[PREMIUM]",,,,,,,,"[PREMIUM]"
"58488666","2026-07-15 21:00:58.321","2026-07-21 01:13:40.155","58488666","2026-07-20 20:01:41.000","[PREMIUM]","855","WHOLESALE AUCTION","2026-07-21","TUESDAY","1200","EDT","8552","V",2018,"DODGE","CARAVAN","GRAND CARAVAN","VAN PASSENGER","WHITE","MECHANICAL",,"KS","CT","YES",,284715,"A","[PREMIUM]",4000,"3.6L 6","FRONT WHEEL DRIVE","AUTOMATIC","FLEXIBLE",6,,"On Approval","[PREMIUM]",,"KANSAS CITY","KS","66111 2629","USA","USD","[PREMIUM]","[PREMIUM]","3BLU",false,"[PREMIUM]","SXT",false,true,"[PREMIUM]",,,,,"RED LIGHT",2.5,,"[PREMIUM]"
"58452896","2026-07-15 21:00:58.263","2026-07-30 08:42:57.533","58452896","2026-07-28 21:32:18.000","[PREMIUM]","369","KS - KANSAS CITY","2026-07-30","THURSDAY","1200","CDT","96","V",2008,"LEXUS","IS","IS","SEDAN 4DR","SILVER","FRONT END",,"MO","SC","YES","D",210383,"E","[PREMIUM]",0,"2.5L 6","ALL WHEEL DRIVE","AUTOMATIC","GAS",6,"Run & Drive Verified","Pure Sale","[PREMIUM]",,"KANSAS CITY","KS","66111 2629","USA","USD","[PREMIUM]","[PREMIUM]","L070",false,"[PREMIUM]","250",false,false,"[PREMIUM]",,,,,,,,"[PREMIUM]"
"58447486","2026-07-15 21:00:58.256","2026-07-30 08:42:57.536","58447486","2026-07-28 13:44:38.000","[PREMIUM]","369","KS - KANSAS CITY","2026-08-04","TUESDAY","1200","CDT","0","V",2014,"DODGE","CHARGER","CHARGER","SEDAN 4DR","BURN","BURN",,"MO","JT","EXM","E",0,"N","[PREMIUM]",26138.52,"5.7L 8","ALL WHEEL DRIVE","AUTOMATIC","GAS",8,"DEFAULT","Pure Sale","[PREMIUM]",,"KANSAS CITY","KS","66111 2629","USA","USD","[PREMIUM]","[PREMIUM]","S200",false,"[PREMIUM]","POLICE",false,false,"[PREMIUM]",,,,,,,,"[PREMIUM]"
"58370456","2026-07-15 21:00:58.176","2026-07-30 02:43:35.648","58370456","2026-07-29 22:12:15.000","[PREMIUM]","369","KS - KANSAS CITY","2026-07-30","THURSDAY","1200","CDT","57","V",2018,"HYUNDAI","SANTA FE","SANTA FE SPORT","SUV","RED","SIDE","MECHANICAL","OH","CT","YES","E",163741,"A","[PREMIUM]",0,"2.4L 4","FRONT WHEEL DRIVE","AUTOMATIC","GAS",4,"DEFAULT","On Minimum Bid","[PREMIUM]",,"KANSAS CITY","KS","66111 2629","USA","USD","[PREMIUM]","[PREMIUM]","3D090",true,"[PREMIUM]","2.4L",false,false,"[PREMIUM]",,,,,,,,"[PREMIUM]"
"58389976","2026-07-15 21:00:58.171","2026-07-30 08:42:57.474","58389976","2026-07-14 21:55:40.000","[PREMIUM]","369","KS - KANSAS CITY",,,,"CDT","0","V",2010,"FORD","FUSION","FUSION","SEDAN 4DR","WHITE","SIDE","FRONT END","KS","ST","YES","D",142365,"E","[PREMIUM]",7962.47,"2.5L 4","FRONT WHEEL DRIVE","AUTOMATIC","GAS",4,"Run & Drive Verified","Pure Sale","[PREMIUM]",,"KANSAS CITY","KS","66111 2629","USA","USD","[PREMIUM]","[PREMIUM]","M120",false,"[PREMIUM]","SE",false,false,"[PREMIUM]",,,,,,,,"[PREMIUM]"
"58370386","2026-07-15 21:00:58.092","2026-07-15 21:00:58.092","58370386","2026-07-15 12:11:28.000","[PREMIUM]","369","KS - KANSAS CITY","2026-07-16","THURSDAY","1200","CDT","94","V",2019,"HYUNDAI","ELANTRA","ELANTRA","SEDAN","WHITE","FRONT END",,"OH","CT","YES","D",179597,"A","[PREMIUM]",0,"2.0L 4","FRONT WHEEL DRIVE","AUTOMATIC","GAS",4,"Run & Drive Verified","On Approval","[PREMIUM]",,"KANSAS CITY","KS","66111 2629","USA","USD","[PREMIUM]","[PREMIUM]","E080",false,"[PREMIUM]","SE",false,false,"[PREMIUM]",,,,,,,,"[PREMIUM]"
"58370156","2026-07-15 21:00:58.083","2026-07-23 07:14:24.385","58370156","2026-07-22 12:52:05.000","[PREMIUM]","369","KS - KANSAS CITY","2026-07-23","THURSDAY","1200","CDT","96","V",2020,"DODGE","JOURNEY","JOURNEY","SPORT UTILITY VEHICLE","BLACK","MECHANICAL","FRONT END","OH","CT","YES","E",127082,"A","[PREMIUM]",0,"2.4L 4","FRONT WHEEL DRIVE","AUTOMATIC","GAS",4,"DEFAULT","On Minimum Bid","[PREMIUM]",,"KANSAS CITY","KS","66111 2629","USA","USD","[PREMIUM]","[PREMIUM]","C040",true,"[PREMIUM]","CROSSROAD",false,false,"[PREMIUM]",,,,,,,,"[PREMIUM]"
"57785236","2026-07-15 21:00:57.574","2026-07-30 08:42:57.124","57785236","2026-07-29 21:06:13.000","[PREMIUM]","841","CRASHEDTOYS POWERSPORT AUCTION","2026-07-30","THURSDAY","1200","CDT","1010","C",2001,"HARLEY-DAVIDSON","FX","FXD","ROAD","BLACK","SIDE",,"MO","SC","NO","E",0,"E","[PREMIUM]",6495.11,"2",,"MANUAL",,2,"DEFAULT","Pure Sale","[PREMIUM]",,"KANSAS CITY","KS","66111 2629","USA","USD","[PREMIUM]","[PREMIUM]","MC",false,"[PREMIUM]",,false,false,"[PREMIUM]",,,,,,,,"[PREMIUM]"
"57670546","2026-07-15 21:00:57.436","2026-07-30 09:07:02.236","57670546","2026-07-15 16:59:11.000","[PREMIUM]","369","KS - KANSAS CITY",,,,"CDT","0","V",2020,"ACURA","RDX","RDX",,"GRAY","REAR END","SIDE","ID","SC","YES","D",52272,"A","[PREMIUM]",17585,"2.0L  4","ALL WHEEL DRIVE","AUTOMATIC","GAS",4,"Run & Drive Verified","On Approval","[PREMIUM]",,"KANSAS CITY","KS","66111 2629","USA","USD","[PREMIUM]","[PREMIUM]","3E080",false,"[PREMIUM]",,false,false,"[PREMIUM]",,,,,,,,"[PREMIUM]"
"57531386","2026-07-15 21:00:57.270","2026-07-15 21:00:57.270","57531386","2026-07-15 13:07:46.000","[PREMIUM]","369","KS - KANSAS CITY","2026-07-16","THURSDAY","1200","CDT","2592","V",2014,"HONDA","ACCORD","ACCORD","SEDAN 4DR","WHITE","MECHANICAL",,"MO","CZ","YES","S",241359,"A","[PREMIUM]",0,"2.4L 4","FRONT WHEEL DRIVE","AUTOMATIC","GAS",4,"Vehicle Starts","On Minimum Bid","[PREMIUM]",,"KANSAS CITY","KS","66111 2629","USA","USD","[PREMIUM]","[PREMIUM]","J150",false,"[PREMIUM]","LX",false,false,"[PREMIUM]",,,,,,,,"[PREMIUM]"
"57243606","2026-07-15 21:00:56.864","2026-07-27 22:46:54.122","57243606","2026-07-27 22:00:56.000","[PREMIUM]","369","KS - KANSAS CITY","2026-07-28","TUESDAY","1200","CDT","3061","V",2008,"MAZDA","3","3",,"BLACK","FRONT END",,"ID","SC","NO","E",247590,"E","[PREMIUM]",0,"2.0L  4","Front-wheel Drive","AUTOMATIC","GAS",4,"DEFAULT","Pure Sale","[PREMIUM]",,"KANSAS CITY","KS","66111 2629","USA","USD","[PREMIUM]","[PREMIUM]","F090",false,"[PREMIUM]","I",false,false,"[PREMIUM]",,,,,,,,"[PREMIUM]"
"57240096","2026-07-15 21:00:56.864","2026-07-21 01:13:39.057","57240096","2026-07-17 19:09:02.000","[PREMIUM]","369","KS - KANSAS CITY","2026-07-21","TUESDAY","1200","CDT","2076","V",2000,"HONDA","ACCORD","ACCORD","COUPE","BLACK","FRONT END",,"KS","ST","YES","D",280288,"E","[PREMIUM]",1930.98,"2.3L 4","FRONT WHEEL DRIVE","AUTOMATIC","GAS",4,"Run & Drive Verified","Pure Sale","[PREMIUM]",,"KANSAS CITY","KS","66111 2629","USA","USD","[PREMIUM]","[PREMIUM]","L160",false,"[PREMIUM]","EX",false,false,"[PREMIUM]",,,,,,,,"[PREMIUM]"
"57241416","2026-07-15 21:00:56.858","2026-07-27 22:46:54.134","57241416","2026-07-27 22:00:56.000","[PREMIUM]","369","KS - KANSAS CITY","2026-07-28","TUESDAY","1200","CDT","3103","V",2003,"TOYOTA","CELICA","CELICA GT","HATCHBACK","BLACK","FRONT END",,"ID","SC","NO","E",0,"E","[PREMIUM]",2620,"1.8L  4","Front-wheel Drive","AUTOMATIC","GAS",4,"DEFAULT","Pure Sale","[PREMIUM]",,"KANSAS CITY","KS","66111 2629","USA","USD","[PREMIUM]","[PREMIUM]","C090",false,"[PREMIUM]","GT",false,false,"[PREMIUM]",,,,,,,,"[PREMIUM]"
"57231286","2026-07-15 21:00:56.855","2026-07-30 08:42:56.782","57231286","2026-07-30 00:30:56.000","[PREMIUM]","369","KS - KANSAS CITY",,,,"CDT","0","V",2013,"HONDA","ACCORD","ACCORD","SEDAN 4DR","GOLD","HAIL","TOP/ROOF","KS","ST","YES","D",183627,"A","[PREMIUM]",5078.89,"2.4L 4","FRONT WHEEL DRIVE","AUTOMATIC","GAS",4,"Run & Drive Verified","On Minimum Bid","[PREMIUM]",,"KANSAS CITY","KS","66111 2629","USA","USD","[PREMIUM]","[PREMIUM]","3E080",false,"[PREMIUM]","LX",false,false,"[PREMIUM]",,,,,,,,"[PREMIUM]"
"56875576","2026-07-15 21:00:56.553","2026-07-30 08:42:56.553","56875576","2026-07-28 21:32:26.000","[PREMIUM]","369","KS - KANSAS CITY","2026-07-30","THURSDAY","1200","CDT","2516","V",2016,"SUBARU","FORESTER","FORESTER","4DR SPOR","SILVER","FRONT END",,"KS","ST","NO",,0,"N","[PREMIUM]",26222.71,,,"AUTOMATIC",,,,"Pure Sale","[PREMIUM]",,"KANSAS CITY","KS","66111 2629","USA","USD","[PREMIUM]","[PREMIUM]","L080",false,"[PREMIUM]",,false,false,"[PREMIUM]",,,,,,,,"[PREMIUM]"
"56866706","2026-07-15 21:00:56.541","2026-07-30 08:42:56.532","56866706","2026-07-28 21:32:28.000","[PREMIUM]","369","KS - KANSAS CITY","2026-07-30","THURSDAY","1200","CDT","2586","V",2010,"TOYOTA","RAV4","RAV4","4DR SPORT UTILITY","BLUE","REAR END",,"MO","SC","YES","E",158794,"E","[PREMIUM]",7915.7,"2.5L 4","FRONT WHEEL DRIVE","AUTOMATIC","GAS",4,"DEFAULT","Pure Sale","[PREMIUM]",,"KANSAS CITY","KS","66111 2629","USA","USD","[PREMIUM]","[PREMIUM]","K150",false,"[PREMIUM]","SPORT",false,false,"[PREMIUM]",,,,,,,,"[PREMIUM]"
"56864536","2026-07-15 21:00:56.486","2026-07-30 08:42:56.556","56864536","2026-07-12 20:51:52.000","[PREMIUM]","369","KS - KANSAS CITY",,,,"CDT","0","V",2004,"HONDA","CIVIC","CIVIC","SEDAN 4DR","GRAY","FRONT END",,"KS","ST","NO","E",0,"E","[PREMIUM]",9139,"1.7L 4","FRONT WHEEL DRIVE","AUTOMATIC","GAS",4,"DEFAULT","Pure Sale","[PREMIUM]",,"KANSAS CITY","KS","66111 2629","USA","USD","[PREMIUM]","[PREMIUM]","K130",false,"[PREMIUM]","LX",false,false,"[PREMIUM]",,,,,,,,"[PREMIUM]"
"56696726","2026-07-15 21:00:56.355","2026-07-30 08:42:56.318","56696726","2026-07-28 21:32:20.000","[PREMIUM]","369","KS - KANSAS CITY","2026-07-30","THURSDAY","1200","CDT","115","V",2022,"TOYOTA","COROLLA","COROLLA","SEDAN","BLACK","REAR END",,"KS","ST","YES","D",61694,"A","[PREMIUM]",13062,"1.8L 4","FRONT WHEEL DRIVE","AUTOMATIC","GAS",4,"Run & Drive Verified","On Minimum Bid","[PREMIUM]",,"KANSAS CITY","KS","66111 2629","USA","USD","[PREMIUM]","[PREMIUM]","K070",false,"[PREMIUM]","XLE",false,false,"[PREMIUM]",,,,,,,,"[PREMIUM]"
"56569866","2026-07-15 21:00:56.206","2026-07-27 22:46:53.556","56569866","2026-07-27 22:00:55.000","[PREMIUM]","369","KS - KANSAS CITY","2026-07-28","TUESDAY","1200","CDT","9","V",2001,"LEXUS","ES300","ES",,"CHARCOAL","FRONT END",,"ID","SC","YES","D",135100,"E","[PREMIUM]",3567,"3.0L  6","Front-wheel Drive","AUTOMATIC","GAS",6,"Run & Drive Verified","Pure Sale","[PREMIUM]",,"KANSAS CITY","KS","66111 2629","USA","USD","[PREMIUM]","[PREMIUM]","3CUB",false,"[PREMIUM]","300",false,false,"[PREMIUM]",,,,,,,,"[PREMIUM]"
"56570396","2026-07-15 21:00:56.205","2026-07-27 22:46:53.559","56570396","2026-07-27 22:00:56.000","[PREMIUM]","369","KS - KANSAS CITY","2026-07-28","TUESDAY","1200","CDT","3116","V",2011,"CHEVROLET","AVEO","AVEO",,"RED","FRONT END",,"ID","SC","YES","E",0,"N","[PREMIUM]",4360,"1.6L  4","Front-wheel Drive","MANUAL","GAS",4,"DEFAULT","Pure Sale","[PREMIUM]",,"KANSAS CITY","KS","66111 2629","USA","USD","[PREMIUM]","[PREMIUM]","OR",false,"[PREMIUM]","LS",false,false,"[PREMIUM]",,,,,,,,"[PREMIUM]"
"56570586","2026-07-15 21:00:56.181","2026-07-27 22:46:53.608","56570586","2026-07-27 22:00:56.000","[PREMIUM]","369","KS - KANSAS CITY","2026-07-28","TUESDAY","1200","CDT","3089","V",2016,"CADILLAC","XTS","XTS","SEDAN 4D","SILVER","FRONT END",,"ID","SC","YES","E",137880,"A","[PREMIUM]",9355,"3.6L  6","Front-wheel Drive","AUTOMATIC","GAS",6,"DEFAULT","Pure Sale","[PREMIUM]",,"KANSAS CITY","KS","66111 2629","USA","USD","[PREMIUM]","[PREMIUM]","A120",false,"[PREMIUM]","LUXURY COLLECTION",false,false,"[PREMIUM]",,,,,,,,"[PREMIUM]"
"56348696","2026-07-15 21:00:56.029","2026-07-30 08:42:56.075","56348696","2026-07-28 21:32:23.000","[PREMIUM]","369","KS - KANSAS CITY","2026-07-30","THURSDAY","1200","CDT","2012","V",2014,"BMW","5 SERIES","550","SEDAN 4DR","GRAY","FRONT END",,"MO","SC","YES","D",149771,"A","[PREMIUM]",6900,"4.4L 8","ALL WHEEL DRIVE","AUTOMATIC","GAS",8,"Run & Drive Verified","Pure Sale","[PREMIUM]",,"KANSAS CITY","KS","66111 2629","USA","USD","[PREMIUM]","[PREMIUM]","L140",false,"[PREMIUM]","XI",false,false,"[PREMIUM]",,,,,,,,"[PREMIUM]"
"56303096","2026-07-15 21:00:55.936","2026-07-27 22:46:53.395","56303096","2026-07-27 22:00:56.000","[PREMIUM]","369","KS - KANSAS CITY","2026-07-28","TUESDAY","1200","CDT","3004","V",2013,"SUBARU","IMPREZA","IMPREZA","STATION WAGON","WHITE","FRONT END",,"ID","SC","YES","E",0,"N","[PREMIUM]",9157,"2.0L 4","ALL WHEEL DRIVE","AUTOMATIC","GAS",4,"DEFAULT","Pure Sale","[PREMIUM]",,"KANSAS CITY","KS","66111 2629","USA","USD","[PREMIUM]","[PREMIUM]","SUN",false,"[PREMIUM]","PREMIUM",false,false,"[PREMIUM]",,,,,,,,"[PREMIUM]"
"56084836","2026-07-15 21:00:55.794","2026-07-30 08:42:55.969","56084836","2026-07-28 21:32:27.000","[PREMIUM]","369","KS - KANSAS CITY","2026-07-30","THURSDAY","1200","CDT","2554","V",2005,"CHEVROLET","SILVERADO","SILVERADO","PICKUP","WHITE","FRONT END","REAR END","MO","SC","NO","E",0,"E","[PREMIUM]",14216.46,"5.3L 8","4X4 W/REAR WHEEL DRV","AUTOMATIC","GAS",8,"DEFAULT","Pure Sale","[PREMIUM]",,"KANSAS CITY","KS","66111 2629","USA","USD","[PREMIUM]","[PREMIUM]","L050",false,"[PREMIUM]","K1500",false,false,"[PREMIUM]",,,,,,,,"[PREMIUM]"
"55873576","2026-07-15 21:00:55.728","2026-07-30 08:42:55.814","55873576","2026-07-28 21:32:23.000","[PREMIUM]","369","KS - KANSAS CITY","2026-07-30","THURSDAY","1200","CDT","2026","V",2017,"BUICK","ENVISION","ENVISION","4DR SPORT UTILITY","PURPLE","FRONT END",,"MO","SC","YES","D",139969,"A","[PREMIUM]",7929,"2.5L 4","FRONT WHEEL DRIVE","AUTOMATIC","GAS",4,"Run & Drive Verified","Pure Sale","[PREMIUM]",,"KANSAS CITY","KS","66111 2629","USA","USD","[PREMIUM]","[PREMIUM]","J130",false,"[PREMIUM]","ESSENCE",false,false,"[PREMIUM]",,,,,,,,"[PREMIUM]"
"55936836","2026-07-15 21:00:55.660","2026-07-30 08:42:55.854","55936836","2026-07-28 21:32:26.000","[PREMIUM]","369","KS - KANSAS CITY","2026-07-30","THURSDAY","1200","CDT","2530","V",2013,"HYUNDAI","SONATA","SONATA","SEDAN","GRAY","BURN",,"KS","ST","NO","E",0,"N","[PREMIUM]",4301,"2.4L 4","FRONT WHEEL DRIVE","AUTOMATIC","GAS",4,"DEFAULT","Pure Sale","[PREMIUM]",,"KANSAS CITY","KS","66111 2629","USA","USD","[PREMIUM]","[PREMIUM]","I020",false,"[PREMIUM]","LIMITED",false,false,"[PREMIUM]",,,,,,,,"[PREMIUM]"
"55912796","2026-07-15 21:00:55.578","2026-07-30 14:45:42.674","55912796","2026-07-28 21:32:27.000","[PREMIUM]","369","KS - KANSAS CITY","2026-07-30","THURSDAY","1200","CDT","2553","V",2013,"FIAT","500","500","HATCHBACK 2DR","GREEN","MECHANICAL",,"MO","CZ","YES","E",159749,"A","[PREMIUM]",0,"1.4L 4","FRONT WHEEL DRIVE","MANUAL","GAS",4,"DEFAULT","On Minimum Bid","[PREMIUM]",,"KANSAS CITY","KS","66111 2629","USA","USD","[PREMIUM]","[PREMIUM]","M130",false,"[PREMIUM]","POP",false,false,"[PREMIUM]",,,,,,,,"[PREMIUM]"
"55798276","2026-07-15 21:00:55.436","2026-07-30 08:42:55.754","55798276","2026-07-24 22:33:13.000","[PREMIUM]","369","KS - KANSAS CITY",,,,"CDT","0","V",2013,"CHRYSLER","SEBRING","SEBRING","SEDAN 4DR","SILVER","FRONT END",,"MO","SC","YES","E",0,"N","[PREMIUM]",0,"2.4L 4","FRONT WHEEL DRIVE","AUTOMATIC","GAS",4,"DEFAULT","Pure Sale","[PREMIUM]",,"KANSAS CITY","KS","66111 2629","USA","USD","[PREMIUM]","[PREMIUM]","E020",false,"[PREMIUM]",,false,false,"[PREMIUM]",,,,,,,,"[PREMIUM]"
"55160276","2026-07-15 21:00:55.176","2026-07-30 08:42:55.441","55160276","2026-07-28 21:32:21.000","[PREMIUM]","369","KS - KANSAS CITY","2026-07-30","THURSDAY","1200","CDT","137","V",2016,"NISSAN","MAXIMA","MAXIMA","SEDAN","BROWN","REAR END",,"MO","SC","YES","D",53204,"A","[PREMIUM]",0,"3.5L 6","FRONT WHEEL DRIVE","AUTOMATIC","GAS",6,"Run & Drive Verified","Pure Sale","[PREMIUM]",,"KANSAS CITY","KS","66111 2629","USA","USD","[PREMIUM]","[PREMIUM]","C100",false,"[PREMIUM]","3.5 SV",false,false,"[PREMIUM]",,,,,,,,"[PREMIUM]"
"55360276","2026-07-15 21:00:55.149","2026-07-30 08:42:55.689","55360276","2026-07-14 22:42:29.000","[PREMIUM]","369","KS - KANSAS CITY",,,,"CDT","0","V",2015,"DODGE","JOURNEY","JOURNEY","4DR SPORT UTILITY","GRAY","UNDERCARRIAGE","FRONT END","KS","ST","YES","E",103086,"A","[PREMIUM]",4579.05,"2.4L 4","FRONT WHEEL DRIVE","AUTOMATIC","GAS",4,"DEFAULT","Pure Sale","[PREMIUM]",,"KANSAS CITY","KS","66111 2629","USA","USD","[PREMIUM]","[PREMIUM]","G070",false,"[PREMIUM]","SE",false,false,"[PREMIUM]",,,,,,,,"[PREMIUM]"
"55354116","2026-07-15 21:00:55.141","2026-07-27 22:46:52.806","55354116","2026-07-27 22:00:56.000","[PREMIUM]","369","KS - KANSAS CITY","2026-07-28","TUESDAY","1200","CDT","3080","V",2012,"TOYOTA","SIENNA","SIENNA","MINI-VAN","WHITE","FRONT END",,"ID","SC","YES","E",0,"N","[PREMIUM]",1971,"3.5L 6","FRONT WHEEL DRIVE","AUTOMATIC","GAS",6,"DEFAULT","Pure Sale","[PREMIUM]",,"KANSAS CITY","KS","66111 2629","USA","USD","[PREMIUM]","[PREMIUM]","C080",false,"[PREMIUM]","XLE 8-PASSENGER",false,false,"[PREMIUM]",,,,,,,,"[PREMIUM]"
"55333956","2026-07-15 21:00:55.105","2026-07-30 08:42:55.554","55333956","2026-07-24 22:33:12.000","[PREMIUM]","369","KS - KANSAS CITY",,,,"CDT","0","V",2020,"HYUNDAI","ELANTRA","ELANTRA","SEDAN","WHITE","FRONT END",,"MO","SC","YES","D",83038,"A","[PREMIUM]",9480.36,"1.6L 4","FRONT WHEEL DRIVE","AUTOMATIC","GAS",4,"Run & Drive Verified","Pure Sale","[PREMIUM]",,"KANSAS CITY","KS","66111 2629","USA","USD","[PREMIUM]","[PREMIUM]","N170",false,"[PREMIUM]",,false,false,"[PREMIUM]",,,,,,,,"[PREMIUM]"
"54925966","2026-07-15 21:00:54.755","2026-07-30 08:42:55.319","54925966","2026-07-28 21:32:22.000","[PREMIUM]","369","KS - KANSAS CITY","2026-07-30","THURSDAY","1200","CDT","160","V",2021,"FORD","EDGE","EDGE","SPORT UTILITY VEHICLE","GRAY","REAR END",,"MO","SC","YES","D",44521,"A","[PREMIUM]",9202,"2.0L 4","ALL WHEEL DRIVE","AUTOMATIC","GAS",4,"Run & Drive Verified","On Minimum Bid","[PREMIUM]",,"KANSAS CITY","KS","66111 2629","USA","USD","[PREMIUM]","[PREMIUM]","3E100",false,"[PREMIUM]","SE",false,false,"[PREMIUM]",,,,,,,,"[PREMIUM]"
"54804656","2026-07-15 21:00:54.667","2026-07-23 07:14:18.790","54804656","2026-07-22 12:52:06.000","[PREMIUM]","369","KS - KANSAS CITY","2026-07-23","THURSDAY","1200","CDT","2535","V",2011,"AUDI","A4","A4",,"RED","MINOR DENT/SCRATCHES",,"ID","SC","YES","E",165228,"A","[PREMIUM]",0,"2.0L  4","ALL WHEEL DRIVE","AUTOMATIC","GAS",4,"DEFAULT","Pure Sale","[PREMIUM]",,"KANSAS CITY","KS","66111 2629","USA","USD","[PREMIUM]","[PREMIUM]","I070",false,"[PREMIUM]","PREMIUM PLUS",false,false,"[PREMIUM]",,,,,,,,"[PREMIUM]"
"54648726","2026-07-15 21:00:54.634","2026-07-15 21:00:54.634","54648726","2026-07-15 12:11:29.000","[PREMIUM]","369","KS - KANSAS CITY","2026-07-16","THURSDAY","1200","CDT","2097","V",2000,"CHEVROLET","SILVERADO","SILVERADO","3DR EXT CAB PICKUP","SILVER","FRONT END",,"MO","SC","YES","D",202705,"E","[PREMIUM]",5775,"5.3L 8","4X4 W/REAR WHEEL DRV","AUTOMATIC","GAS",8,"Run & Drive Verified","Pure Sale","[PREMIUM]",,"KANSAS CITY","KS","66111 2629","USA","USD","[PREMIUM]","[PREMIUM]","M150",false,"[PREMIUM]","K1500",false,false,"[PREMIUM]",,,,,,,,"[PREMIUM]"
"54585506","2026-07-15 21:00:54.595","2026-07-23 07:14:18.625","54585506","2026-07-22 12:52:06.000","[PREMIUM]","369","KS - KANSAS CITY","2026-07-23","THURSDAY","1200","CDT","2552","V",2001,"GMC","DENALI","DENALI","4DR SPORT UTILITY","WHITE","BURN","ALL OVER","ID","SC","EXM","E",0,"E","[PREMIUM]",8031,"6.0L 8","4X4 W/REAR WHEEL DRV","AUTOMATIC","GAS",8,"DEFAULT","Pure Sale","[PREMIUM]",,"KANSAS CITY","KS","66111 2629","USA","USD","[PREMIUM]","[PREMIUM]","P200",false,"[PREMIUM]","XL K1500",false,false,"[PREMIUM]",,,,,,,,"[PREMIUM]"
"54584956","2026-07-15 21:00:54.575","2026-07-27 13:17:47.439","54584956","2026-07-23 03:50:16.000","[PREMIUM]","369","KS - KANSAS CITY","2026-07-28","TUESDAY","1200","CDT","0","V",2011,"MITSUBISHI","OUTLANDER","OUTLANDER SPORT","4DR SPORT UTILITY","WHITE","FRONT END",,"ID","SC","YES","D",134530,"A","[PREMIUM]",5160,"2.0L 4","All Wheel Drive","AUTOMATIC","Gas",4,"Run & Drive Verified","Pure Sale","[PREMIUM]",,"KANSAS CITY","KS","66111 2629","USA","USD","[PREMIUM]","[PREMIUM]","K080",false,"[PREMIUM]","SE",false,false,"[PREMIUM]",,,,,,,,"[PREMIUM]"
"54545136","2026-07-15 21:00:54.524","2026-07-30 08:42:55.206","54545136","2026-07-28 19:50:34.000","[PREMIUM]","836","HEAVY TRUCK SPECIALTY SALE","2026-08-06","THURSDAY","1100","CDT","0","R",2024,"KEYSTONE","COLEMAN","COLEMAN",,"TWO TONE","HAIL",,"KS","ST","YES","E",0,"N","[PREMIUM]",12879.24,,,,,,"DEFAULT","Pure Sale","[PREMIUM]",,"KANSAS CITY","KS","66111 2629","USA","USD","[PREMIUM]","[PREMIUM]","3SD08",false,"[PREMIUM]",,false,false,"[PREMIUM]",,,,,,,,"[PREMIUM]"
"54444346","2026-07-15 21:00:54.435","2026-07-30 08:42:55.158","54444346","2026-07-28 21:32:25.000","[PREMIUM]","369","KS - KANSAS CITY","2026-07-30","THURSDAY","1200","CDT","2061","V",2018,"CHEVROLET","MALIBU","MALIBU","SEDAN","BLACK","FRONT END",,"MO","SC","YES","D",76399,"A","[PREMIUM]",7617.09,"1.5L 4","FRONT WHEEL DRIVE","AUTOMATIC","GAS",4,"Run & Drive Verified","Pure Sale","[PREMIUM]",,"KANSAS CITY","KS","66111 2629","USA","USD","[PREMIUM]","[PREMIUM]","J140",false,"[PREMIUM]","LT",false,false,"[PREMIUM]",,,,,,,,"[PREMIUM]"
"53390526","2026-07-15 21:00:53.925","2026-07-28 10:47:45.940","53390526","2026-07-27 22:00:55.000","[PREMIUM]","369","KS - KANSAS CITY","2026-07-28","TUESDAY","1200","CDT","2047","V",2004,"CHEVROLET","IMPALA","IMPALA",,"SILVER","SIDE","REAR END","ID","SC","YES","D",152953,"E","[PREMIUM]",0,"3.8L  6","Front-wheel Drive","AUTOMATIC","GAS",6,"Run & Drive Verified","Pure Sale","[PREMIUM]",,"KANSAS CITY","KS","66111 2629","USA","USD","[PREMIUM]","[PREMIUM]","3E080",false,"[PREMIUM]","LS",false,false,"[PREMIUM]",,,,,,,,"[PREMIUM]"
"53129926","2026-07-15 21:00:53.843","2026-07-30 08:42:54.652","53129926","2026-07-28 21:32:28.000","[PREMIUM]","369","KS - KANSAS CITY","2026-07-30","THURSDAY","1200","CDT","2600","V",2019,"HONDA","PILOT","PILOT","SPORT UTILITY VEHICLE","BLACK","FRONT END",,"MO","SC","YES","E",134576,"A","[PREMIUM]",17703,"3.5L 6","ALL WHEEL DRIVE","AUTOMATIC","GAS",6,"DEFAULT","Pure Sale","[PREMIUM]",,"KANSAS CITY","KS","66111 2629","USA","USD","[PREMIUM]","[PREMIUM]","I080",false,"[PREMIUM]","ELITE",false,false,"[PREMIUM]",,,,,,,,"[PREMIUM]"
"52870116","2026-07-15 21:00:53.581","2026-07-30 08:42:54.493","52870116","2026-07-19 13:53:09.000","[PREMIUM]","369","KS - KANSAS CITY",,,,"CDT","0","V",2010,"HONDA","PILOT","PILOT","4DR SPORT UTILITY","GRAY","HAIL",,"KS","ST","YES","D",219144,"E","[PREMIUM]",8135.78,"3.5L 6","ALL WHEEL DRIVE","AUTOMATIC","GAS",6,"Run & Drive Verified","On Minimum Bid","[PREMIUM]",,"KANSAS CITY","KS","66111 2629","USA","USD","[PREMIUM]","[PREMIUM]","D060",false,"[PREMIUM]","EXL",false,false,"[PREMIUM]",,,,,,,,"[PREMIUM]"
"52835686","2026-07-15 21:00:53.529","2026-07-27 22:46:51.634","52835686","2026-07-27 22:00:56.000","[PREMIUM]","369","KS - KANSAS CITY","2026-07-28","TUESDAY","1200","CDT","3075","V",2013,"FORD","FUSION","FUSION","SEDAN 4D","BURN","BURN",,"ID","SC","EXM","E",0,"N","[PREMIUM]",0,"1.6L  4","Front-wheel Drive",,"GAS",4,"DEFAULT","Pure Sale","[PREMIUM]",,"KANSAS CITY","KS","66111 2629","USA","USD","[PREMIUM]","[PREMIUM]","S200",false,"[PREMIUM]","SE",false,false,"[PREMIUM]",,,,,,,,"[PREMIUM]"
"52461766","2026-07-15 21:00:53.351","2026-07-30 08:42:54.218","52461766","2026-07-14 21:55:40.000","[PREMIUM]","369","KS - KANSAS CITY",,,,"CDT","0","R",2025,"JAYCO","ALL Models","JAY FLIGHT",,"WHITE","HAIL",,"KS","ST","EXM","E",0,"N","[PREMIUM]",17743.48,,,,,,"DEFAULT","On Minimum Bid","[PREMIUM]",,"KANSAS CITY","KS","66111 2629","USA","USD","[PREMIUM]","[PREMIUM]","3SD08",false,"[PREMIUM]",,false,false,"[PREMIUM]",,,,,,,,"[PREMIUM]"
"52297346","2026-07-15 21:00:53.290","2026-07-23 07:14:16.827","52297346","2026-07-22 12:52:06.000","[PREMIUM]","369","KS - KANSAS CITY","2026-07-23","THURSDAY","1200","CDT","2565","V",2004,"CADILLAC","ESCALADE","ESCALADE","SPORT PICKUP","WHITE","BURN - ENGINE",,"ID","SC","EXM","E",0,"E","[PREMIUM]",21417,"6.0L 8","ALL WHEEL DRIVE","AUTOMATIC","GAS",8,"DEFAULT","Pure Sale","[PREMIUM]",,"KANSAS CITY","KS","66111 2629","USA","USD","[PREMIUM]","[PREMIUM]","3G120",false,"[PREMIUM]",,false,false,"[PREMIUM]",,,,,,,,"[PREMIUM]"
"51991306","2026-07-15 21:00:53.265","2026-07-27 13:17:48.487","51991306","2026-07-23 03:50:16.000","[PREMIUM]","369","KS - KANSAS CITY","2026-07-28","TUESDAY","1200","CDT","0","V",2016,"JEEP","PATRIOT","PATRIOT","4DR SPORT UTILITY","BLACK","FRONT END","SIDE","ID","SC","YES","D",165706,"A","[PREMIUM]",0,"2.0L 4","FRONT WHEEL DRIVE","MANUAL","GAS",4,"Run & Drive Verified","Pure Sale","[PREMIUM]",,"KANSAS CITY","KS","66111 2629","USA","USD","[PREMIUM]","[PREMIUM]","H040",false,"[PREMIUM]","SPORT",false,false,"[PREMIUM]",,,,,,,,"[PREMIUM]"
"52274656","2026-07-15 21:00:53.262","2026-07-30 08:42:53.934","52274656","2026-07-14 23:27:28.000","[PREMIUM]","369","KS - KANSAS CITY",,,,"CDT","0","V",2018,"JEEP","GRAND CHER","GRAND CHEROKEE","SPORT UTILITY VEHICLE","BURGUNDY","FRONT END","SIDE","KS","ST","YES","D",125974,"A","[PREMIUM]",12982.06,"3.6L 6","4X4 W/REAR WHEEL DRV","AUTOMATIC","FLEXIBLE",6,"Run & Drive Verified","Pure Sale","[PREMIUM]",,"KANSAS CITY","KS","66111 2629","USA","USD","[PREMIUM]","[PREMIUM]","J160",false,"[PREMIUM]","LIMITED",false,false,"[PREMIUM]",,,,,,,,"[PREMIUM]"
"52010856","2026-07-15 21:00:53.064","2026-07-27 22:46:51.305","52010856","2026-07-27 22:00:56.000","[PREMIUM]","369","KS - KANSAS CITY","2026-07-28","TUESDAY","1200","CDT","3155","V",2016,"NISSAN","PATHFINDER","PATHFINDER","SUV","WHITE","FRONT END",,"ID","SC","YES","D",132202,"A","[PREMIUM]",6020,"3.5L 6","FOUR BY FOUR","AUTOMATIC","GAS",6,"Run & Drive Verified","Pure Sale","[PREMIUM]",,"KANSAS CITY","KS","66111 2629","USA","USD","[PREMIUM]","[PREMIUM]","E110",false,"[PREMIUM]","SV",false,false,"[PREMIUM]",,,,,,,,"[PREMIUM]"
"52012606","2026-07-15 21:00:53.047","2026-07-27 22:46:51.296","52012606","2026-07-27 22:00:55.000","[PREMIUM]","369","KS - KANSAS CITY","2026-07-28","TUESDAY","1200","CDT","2021","V",2005,"TOYOTA","PRIUS","PRIUS",,"BLUE","NORMAL WEAR",,"ID","SC","YES","D",299999,"E","[PREMIUM]",0,"1.5L  4","Front-wheel Drive","AUTOMATIC","HYBRID ENGINE",4,"Run & Drive Verified","Pure Sale","[PREMIUM]",,"KANSAS CITY","KS","66111 2629","USA","USD","[PREMIUM]","[PREMIUM]","C020",false,"[PREMIUM]",,false,false,"[PREMIUM]",,,,,,,,"[PREMIUM]"
"51171136","2026-07-15 21:00:52.821","2026-07-30 08:42:53.389","51171136","2026-07-28 21:32:26.000","[PREMIUM]","369","KS - KANSAS CITY","2026-07-30","THURSDAY","1200","CDT","2521","V",2012,"NISSAN","ALTIMA","ALTIMA","SEDAN 4DR","WHITE","SIDE",,"MO","SC","NO","E",0,"N","[PREMIUM]",9285.89,"3.5L 6","FRONT WHEEL DRIVE","AUTOMATIC","GAS",6,"DEFAULT","Pure Sale","[PREMIUM]",,"KANSAS CITY","KS","66111 2629","USA","USD","[PREMIUM]","[PREMIUM]","N120",false,"[PREMIUM]","SR",false,false,"[PREMIUM]",,,,,,,,"[PREMIUM]"
"51357966","2026-07-15 21:00:52.717","2026-07-30 08:42:53.438","51357966","2026-07-14 23:34:36.000","[PREMIUM]","369","KS - KANSAS CITY",,,,"CDT","0","V",2021,"RAM","1500","1500","PICKUP","BLACK","UNDERCARRIAGE","SIDE","KS","ST","YES","D",59970,"A","[PREMIUM]",39069.8,"6.2L 8","4X4 W/REAR WHEEL DRV","AUTOMATIC","GAS",8,"Run & Drive Verified","Pure Sale","[PREMIUM]",,"KANSAS CITY","KS","66111 2629","USA","USD","[PREMIUM]","[PREMIUM]","L160",false,"[PREMIUM]","TRX",false,false,"[PREMIUM]",,,,,,,,"[PREMIUM]"
"51042506","2026-07-15 21:00:52.555","2026-07-27 22:46:50.955","51042506","2026-07-27 22:00:56.000","[PREMIUM]","369","KS - KANSAS CITY","2026-07-28","TUESDAY","1200","CDT","3069","V",2024,"FORD","ESCAPE","ESCAPE","SPORT UTILITY VEHICLE","BLUE","FRONT END",,"WV","SC","YES","E",0,"N","[PREMIUM]",16579,"1.5L 3","FRONT WHEEL DRIVE","AUTOMATIC","GAS",3,"DEFAULT","On Minimum Bid","[PREMIUM]",,"KANSAS CITY","KS","66111 2629","USA","USD","[PREMIUM]","[PREMIUM]","G060",false,"[PREMIUM]","ST LINE",false,false,"[PREMIUM]",,,,,,,,"[PREMIUM]"
"50834926","2026-07-15 21:00:52.493","2026-07-30 09:06:58.356","50834926","2026-07-29 07:55:13.000","[PREMIUM]","369","KS - KANSAS CITY","2026-07-30","THURSDAY","1200","CDT","24","V",2020,"HONDA","CIVIC","CIVIC","HATCHBACK","WHITE","FRONT END",,"MO","SC","YES","D",75379,"A","[PREMIUM]",14111,"1.5L 4","FRONT WHEEL DRIVE","AUTOMATIC","GAS",4,"Run & Drive Verified","Pure Sale","[PREMIUM]",,"KANSAS CITY","KS","66111 2629","USA","USD","[PREMIUM]","[PREMIUM]","SUN",false,"[PREMIUM]","SPORT TOURING",false,false,"[PREMIUM]",,,,,,,,"[PREMIUM]"
"50767216","2026-07-15 21:00:52.481","2026-07-23 07:14:16.131","50767216","2026-07-22 12:52:06.000","[PREMIUM]","369","KS - KANSAS CITY","2026-07-23","THURSDAY","1200","CDT","2557","V",2012,"CHRYSLER","300","300","SEDAN 4DR","BLACK","FRONT END",,"ID","SC","YES","E",127981,"A","[PREMIUM]",17249,"3.6L 6","REAR WHEEL DRIVE","AUTOMATIC","FLEXIBLE",6,"DEFAULT","Pure Sale","[PREMIUM]",,"KANSAS CITY","KS","66111 2629","USA","USD","[PREMIUM]","[PREMIUM]","L130",false,"[PREMIUM]","LIMITED",false,false,"[PREMIUM]",,,,,,,,"[PREMIUM]"
"50725816","2026-07-15 21:00:52.442","2026-07-27 22:46:50.907","50725816","2026-07-27 22:00:56.000","[PREMIUM]","369","KS - KANSAS CITY","2026-07-28","TUESDAY","1200","CDT","3140","V",1995,"FORD","All Models","F150","PICKUP","TWO TONE","SIDE","VANDALISM","ID","SC","YES","E",0,"E","[PREMIUM]",1637,"4.9L  6","Rear-wheel drive","AUTOMATIC","GAS",6,"DEFAULT","Pure Sale","[PREMIUM]",,"KANSAS CITY","KS","66111 2629","USA","USD","[PREMIUM]","[PREMIUM]","3C060",false,"[PREMIUM]",,false,false,"[PREMIUM]",,,,,,,,"[PREMIUM]"
"50726546","2026-07-15 21:00:52.433","2026-07-27 13:17:45.128","50726546","2026-07-23 03:50:16.000","[PREMIUM]","369","KS - KANSAS CITY","2026-07-28","TUESDAY","1200","CDT","0","V",2012,"TOYOTA","RAV4","RAV4",,"BLUE","FRONT END","TOP/ROOF","ID","SC","EXM","E",0,"N","[PREMIUM]",15667,"2.5L  4","ALL WHEEL DRIVE","AUTOMATIC","GAS",4,"DEFAULT","Pure Sale","[PREMIUM]",,"KANSAS CITY","KS","66111 2629","USA","USD","[PREMIUM]","[PREMIUM]","L070",false,"[PREMIUM]",,false,false,"[PREMIUM]",,,,,,,,"[PREMIUM]"
"50252856","2026-07-15 21:00:52.346","2026-07-27 13:17:45.419","50252856","2026-07-23 03:50:16.000","[PREMIUM]","369","KS - KANSAS CITY","2026-07-28","TUESDAY","1200","CDT","0","V",2001,"MERCURY","VILLAGER","VILLAGER",,"BLACK","ALL OVER","UNDERCARRIAGE","ID","SC","YES","E",0,"E","[PREMIUM]",0,"3.3L  6","Front-wheel Drive","AUTOMATIC","GAS",6,"DEFAULT","Pure Sale","[PREMIUM]",,"KANSAS CITY","KS","66111 2629","USA","USD","[PREMIUM]","[PREMIUM]","C070",false,"[PREMIUM]","SPORT",false,false,"[PREMIUM]",,,,,,,,"[PREMIUM]"
"50230116","2026-07-15 21:00:52.323","2026-07-30 08:42:53.191","50230116","2026-07-29 12:33:46.000","[PREMIUM]","369","KS - KANSAS CITY","2026-08-04","TUESDAY","1200","CDT","0","V",2017,"SUBARU","LEGACY","LEGACY","SEDAN 4DR","BLUE","SIDE",,"MO","SC","YES","D",64445,"A","[PREMIUM]",11952,"2.5L 4","ALL WHEEL DRIVE","AUTOMATIC","GAS",4,"Run & Drive Verified","On Minimum Bid","[PREMIUM]",,"KANSAS CITY","KS","66111 2629","USA","USD","[PREMIUM]","[PREMIUM]","J090",false,"[PREMIUM]","2.5I PREMIUM",false,false,"[PREMIUM]",,,,,,,,"[PREMIUM]"
"50061466","2026-07-15 21:00:52.303","2026-07-27 22:46:50.748","50061466","2026-07-27 22:00:56.000","[PREMIUM]","369","KS - KANSAS CITY","2026-07-28","TUESDAY","1200","CDT","3112","V",2005,"KIA","SORENTO","SORENTO",,"BLUE","ALL OVER",,"ID","SC","EXM","E",0,"E","[PREMIUM]",9873,"3.5L  6","4x4 w/Rear Wheel Drv","AUTOMATIC","GAS",6,"DEFAULT","Pure Sale","[PREMIUM]",,"KANSAS CITY","KS","66111 2629","USA","USD","[PREMIUM]","[PREMIUM]","H130",false,"[PREMIUM]","EX",false,false,"[PREMIUM]",,,,,,,,"[PREMIUM]"
"50062116","2026-07-15 21:00:52.289","2026-07-27 13:17:45.122","50062116","2026-07-23 03:50:16.000","[PREMIUM]","369","KS - KANSAS CITY","2026-07-28","TUESDAY","1200","CDT","0","V",2018,"SUBARU","FORESTER","FORESTER","SPORT UTILITY VEHICLE","BLACK","BURN",,"ID","SC","EXM","E",0,"N","[PREMIUM]",29425,"2.5L 4","ALL WHEEL DRIVE","AUTOMATIC","GAS",4,"DEFAULT","Pure Sale","[PREMIUM]",,"KANSAS CITY","KS","66111 2629","USA","USD","[PREMIUM]","[PREMIUM]","C140",false,"[PREMIUM]","2.5I LIMITED",false,false,"[PREMIUM]",,,,,,,,"[PREMIUM]"
"48653656","2026-07-15 21:00:52.060","2026-07-27 22:46:50.523","48653656","2026-07-27 20:01:41.000","[PREMIUM]","855","WHOLESALE AUCTION","2026-07-28","TUESDAY","1200","EDT","4010","V",2025,"TOYOTA","COROLLA","COROLLA","SEDAN","WHITE","FRONT END",,"IN","CT","YES","S",6407,"A","[PREMIUM]",8248,"2.0L 4","FRONT WHEEL DRIVE","AUTOMATIC","GAS",4,"Vehicle Starts","On Minimum Bid","[PREMIUM]",,"KANSAS CITY","KS","66111 2629","USA","USD","[PREMIUM]","[PREMIUM]","3BLU",false,"[PREMIUM]","LE",false,true,"[PREMIUM]",,,,,"RED LIGHT",1.9,,"[PREMIUM]"
"48771006","2026-07-15 21:00:52.059","2026-07-27 22:46:50.511","48771006","2026-07-27 22:00:55.000","[PREMIUM]","369","KS - KANSAS CITY","2026-07-28","TUESDAY","1200","CDT","47","V",2004,"FORD","EXPLORER","EXPLORER SPORT TRAC",,"GREEN","REAR END",,"ID","SC","YES","D",0,"E","[PREMIUM]",0,"4.0L  6","Rear-wheel drive","AUTOMATIC","FLEXIBLE FUEL",6,"Run & Drive Verified","Pure Sale","[PREMIUM]",,"KANSAS CITY","KS","66111 2629","USA","USD","[PREMIUM]","[PREMIUM]","3E060",false,"[PREMIUM]",,false,false,"[PREMIUM]",,,,,,,,"[PREMIUM]"
"48769656","2026-07-15 21:00:52.059","2026-07-27 22:46:50.525","48769656","2026-07-27 22:00:55.000","[PREMIUM]","369","KS - KANSAS CITY","2026-07-28","TUESDAY","1200","CDT","2002","V",2016,"DODGE","CHARGER","CHARGER",,"SILVER","STRIPPED","VANDALISM","ID","SC","YES","D",141815,"A","[PREMIUM]",0,"5.7L  8","Rear-wheel drive","AUTOMATIC","GAS",8,"Run & Drive Verified","On Minimum Bid","[PREMIUM]",,"KANSAS CITY","KS","66111 2629","USA","USD","[PREMIUM]","[PREMIUM]","E070",true,"[PREMIUM]","R/T",false,false,"[PREMIUM]",,,,,,,,"[PREMIUM]"
"48240756","2026-07-15 21:00:51.977","2026-07-27 22:46:50.381","48240756","2026-07-27 22:00:56.000","[PREMIUM]","369","KS - KANSAS CITY","2026-07-28","TUESDAY","1200","CDT","3024","V",2004,"FORD","ESCAPE","ESCAPE",,"GRAY","UNDERCARRIAGE",,"ID","SC","YES","E",0,"E","[PREMIUM]",0,"3.0L  6","Front-wheel Drive","AUTOMATIC","GAS",6,"DEFAULT","Pure Sale","[PREMIUM]",,"KANSAS CITY","KS","66111 2629","USA","USD","[PREMIUM]","[PREMIUM]","G070",false,"[PREMIUM]","XLT",false,false,"[PREMIUM]",,,,,,,,"[PREMIUM]"
"47698466","2026-07-15 21:00:51.943","2026-07-27 22:46:50.339","47698466","2026-07-27 22:00:55.000","[PREMIUM]","369","KS - KANSAS CITY","2026-07-28","TUESDAY","1200","CDT","2084","V",2020,"CHRYSLER","PACIFICA","PACIFICA",,"CHARCOAL","FRONT END",,"ID","SC","YES","D",101040,"A","[PREMIUM]",15141,"3.6L  6","Front-wheel Drive","AUTOMATIC","FLEXIBLE FUEL",6,"Run & Drive Verified","On Minimum Bid","[PREMIUM]",,"KANSAS CITY","KS","66111 2629","USA","USD","[PREMIUM]","[PREMIUM]","3F080",true,"[PREMIUM]","LIMITED",false,false,"[PREMIUM]",,,,,,,,"[PREMIUM]"
"47785946","2026-07-15 21:00:51.941","2026-07-30 08:42:52.841","47785946","2026-07-28 21:32:23.000","[PREMIUM]","369","KS - KANSAS CITY","2026-07-30","THURSDAY","1200","CDT","2013","V",2022,"CADILLAC","XT4","XT4","SPORT UTILITY VEHICLE","BLACK","BURN",,"MO","SC","YES","D",31156,"A","[PREMIUM]",24808,"2.0L 4","ALL WHEEL DRIVE","AUTOMATIC","GAS",4,"Run & Drive Verified","Pure Sale","[PREMIUM]",,"KANSAS CITY","KS","66111 2629","USA","USD","[PREMIUM]","[PREMIUM]","M180",false,"[PREMIUM]","PREMIUM LUXURY",false,false,"[PREMIUM]",,,,,,,,"[PREMIUM]"
"47697866","2026-07-15 21:00:51.937","2026-07-27 13:17:45.138","47697866","2026-07-23 03:50:16.000","[PREMIUM]","369","KS - KANSAS CITY","2026-07-28","TUESDAY","1200","CDT","0","V",2004,"HONDA","CRV","CR-V",,"BLACK","FRONT END","UNDERCARRIAGE","ID","SC","YES","S",256560,"E","[PREMIUM]",15744,"2.4L  4","ALL WHEEL DRIVE","AUTOMATIC","GAS",4,"Vehicle Starts","Pure Sale","[PREMIUM]",,"KANSAS CITY","KS","66111 2629","USA","USD","[PREMIUM]","[PREMIUM]","1A020",false,"[PREMIUM]","EX",false,false,"[PREMIUM]",,,,,,,,"[PREMIUM]"
"47335566","2026-07-15 21:00:51.898","2026-07-23 07:14:15.187","47335566","2026-07-22 12:52:06.000","[PREMIUM]","369","KS - KANSAS CITY","2026-07-23","THURSDAY","1200","CDT","2573","V",2012,"CHEVROLET","MALIBU","MALIBU",,"RED","FRONT END","UNDERCARRIAGE","ID","SC","NO","E",108775,"A","[PREMIUM]",8459,"2.4L  4","Front-wheel Drive","AUTOMATIC","GAS",4,"DEFAULT","Pure Sale","[PREMIUM]",,"KANSAS CITY","KS","66111 2629","USA","USD","[PREMIUM]","[PREMIUM]","K150",false,"[PREMIUM]","1LT",false,false,"[PREMIUM]",,,,,,,,"[PREMIUM]"
"45922746","2026-07-15 21:00:51.650","2026-07-23 07:14:15.012","45922746","2026-07-22 12:52:05.000","[PREMIUM]","369","KS - KANSAS CITY","2026-07-23","THURSDAY","1200","CDT","113","V",2020,"FORD","FUSION","FUSION","SEDAN","WHITE","FRONT END","SIDE","ID","SC","YES","D",99097,"A","[PREMIUM]",10121,"2.5L 4","FRONT WHEEL DRIVE","AUTOMATIC","GAS",4,"Run & Drive Verified","Pure Sale","[PREMIUM]",,"KANSAS CITY","KS","66111 2629","USA","USD","[PREMIUM]","[PREMIUM]","G150",false,"[PREMIUM]","S",false,false,"[PREMIUM]",,,,,,,,"[PREMIUM]"
"60800446","2026-07-15 21:00:51.544","2026-07-24 13:13:48.841","60800446","2026-07-24 08:00:22.000","[PREMIUM]","368","NC - RALEIGH NORTH","2026-07-24","FRIDAY","1000","EDT","2565","V",2024,"TOYOTA","CAMRY","CAMRY","SEDAN","BLACK","SIDE",,"NC","SC","YES","S",29166,"A","[PREMIUM]",21202,"2.5L 4","FRONT WHEEL DRIVE","AUTOMATIC","GAS",4,"Vehicle Starts","Pure Sale","[PREMIUM]",,"KNIGHTDALE","NC","27545","USA","USD","[PREMIUM]","[PREMIUM]","H160",false,"[PREMIUM]","XSE",false,false,"[PREMIUM]",,,,,,,,"[PREMIUM]"
"60379476","2026-07-15 21:00:51.520","2026-07-30 08:42:51.578","60379476","2026-07-25 13:48:32.000","[PREMIUM]","368","NC - RALEIGH NORTH","2026-07-31","FRIDAY","1000","EDT","0","V",1976,"CHEVROLET","CORVETTE","CORVETTE",,"ORANGE","BURN",,"NC","SC","EXM","E",0,"E","[PREMIUM]",45000,,,"NONE",,,"DEFAULT","On Minimum Bid","[PREMIUM]",,"KNIGHTDALE","NC","27545","USA","USD","[PREMIUM]","[PREMIUM]","I200",false,"[PREMIUM]",,false,false,"[PREMIUM]",,,,,,,,"[PREMIUM]"
"85981075","2026-07-15 21:00:51.481","2026-07-24 13:13:49.219","85981075","2026-07-24 08:00:21.000","[PREMIUM]","368","NC - RALEIGH NORTH","2026-07-24","FRIDAY","1000","EDT","21","V",2009,"HONDA","ACCORD","ACCORD","SEDAN 4DR","GRAY","REAR END",,"NC","SC","YES","D",251963,"A","[PREMIUM]",10127,"2.4L 4","FRONT WHEEL DRIVE","AUTOMATIC","GAS",4,"Run & Drive Verified","Pure Sale","[PREMIUM]",,"KNIGHTDALE","NC","27545","USA","USD","[PREMIUM]","[PREMIUM]","D100",false,"[PREMIUM]","EX",false,false,"[PREMIUM]",,,,,,,,"[PREMIUM]"
"60507566","2026-07-15 21:00:51.324","2026-07-30 08:42:51.630","60507566","2026-07-28 21:22:50.000","[PREMIUM]","368","NC - RALEIGH NORTH","2026-07-31","FRIDAY","1000","EDT","0","V",2022,"TOYOTA","RAV4","RAV4","SUV","GRAY","SIDE",,"NC","SC","YES","D",67462,"A","[PREMIUM]",12899.49,"2.5L 4","ALL WHEEL DRIVE","AUTOMATIC","GAS",4,"Run & Drive Verified","Pure Sale","[PREMIUM]",,"KNIGHTDALE","NC","27545","USA","USD","[PREMIUM]","[PREMIUM]","SB010",false,"[PREMIUM]","XLE",false,false,"[PREMIUM]",,,,,,,,"[PREMIUM]"
"60900406","2026-07-15 21:00:51.318","2026-07-24 13:13:48.845","60900406","2026-07-24 08:00:21.000","[PREMIUM]","368","NC - RALEIGH NORTH","2026-07-24","FRIDAY","1000","EDT","147","V",2013,"SUBARU","OUTBACK","OUTBACK","4DR SPORT UTILITY","GREEN","MINOR DENT/SCRATCHES",,"NC","CZ","YES","D",188910,"N","[PREMIUM]",0,"2.5L 4","ALL WHEEL DRIVE","AUTOMATIC","GAS",4,"Run & Drive Verified","On Minimum Bid","[PREMIUM]",,"KNIGHTDALE","NC","27545","USA","USD","[PREMIUM]","[PREMIUM]","H150",true,"[PREMIUM]","2.5I LIMITED",false,false,"[PREMIUM]",,,,,,,,"[PREMIUM]"
"60351206","2026-07-15 21:00:51.310","2026-07-17 11:11:24.831","60351206","2026-07-17 08:00:11.000","[PREMIUM]","368","NC - RALEIGH NORTH","2026-07-17","FRIDAY","1000","EDT","6","V",2016,"TOYOTA","AVALON","AVALON","SEDAN","WHITE","FRONT END",,"NC","SC","YES","D",163478,"A","[PREMIUM]",7982.09,"3.5L 6","FRONT WHEEL DRIVE","AUTOMATIC","GAS",6,"Run & Drive Verified","Pure Sale","[PREMIUM]",,"KNIGHTDALE","NC","27545","USA","USD","[PREMIUM]","[PREMIUM]","G160",false,"[PREMIUM]","LIMITED",false,false,"[PREMIUM]",,,,,,,,"[PREMIUM]"
"60048986","2026-07-15 21:00:51.300","2026-07-30 08:42:51.507","60048986","2026-07-25 15:58:20.000","[PREMIUM]","368","NC - RALEIGH NORTH","2026-07-31","FRIDAY","1000","EDT","0","V",2005,"DODGE","MAGNUM","MAGNUM","4DR SPORT UTILITY","BLUE","UNDERCARRIAGE","FRONT END","NC","SC","YES","E",0,"E","[PREMIUM]",3801.35,"2.7L 6","REAR WHEEL DRIVE","AUTOMATIC","GAS",6,"DEFAULT","On Minimum Bid","[PREMIUM]",,"KNIGHTDALE","NC","27545","USA","USD","[PREMIUM]","[PREMIUM]","I180",false,"[PREMIUM]","SE",false,false,"[PREMIUM]",,,,,,,,"[PREMIUM]"
"60361796","2026-07-15 21:00:51.294","2026-07-19 19:13:10.951","60361796","2026-07-15 15:55:52.000","[PREMIUM]","838","RENTAL VEHICLE SALE","2026-07-20","MONDAY","1200","EDT","0","V",2021,"KIA","SPORTAGE","SPORTAGE","SPORT UTILITY VEHICLE","WHITE","UNDERCARRIAGE","MINOR DENT/SCRATCHES","FL","CZ","YES","D",128026,"A","[PREMIUM]",2736,"2.4L 4","FRONT WHEEL DRIVE","AUTOMATIC","GAS",4,"Run & Drive Verified","On Minimum Bid","[PREMIUM]",,"KNIGHTDALE","NC","27545","USA","USD","[PREMIUM]","[PREMIUM]","B070",false,"[PREMIUM]","LX",true,false,"[PREMIUM]",,,,,,,,"[PREMIUM]"
"60221056","2026-07-15 21:00:51.290","2026-07-30 08:42:51.533","60221056","2026-07-25 15:51:59.000","[PREMIUM]","368","NC - RALEIGH NORTH","2026-07-31","FRIDAY","1000","EDT","0","V",2023,"TESLA","MODEL Y","MODEL Y","SPORT UTILITY VEHICLE","BLUE","FRONT END",,"NC","SC","YES","E",0,"N","[PREMIUM]",17023,,"REAR WHEEL DRIVE","AUTOMATIC","ELECTRIC",,"DEFAULT","Pure Sale","[PREMIUM]",,"KNIGHTDALE","NC","27545","USA","USD","[PREMIUM]","[PREMIUM]","A030",false,"[PREMIUM]",,false,false,"[PREMIUM]",,,,,,,,"[PREMIUM]"
"60025396","2026-07-15 21:00:51.258","2026-07-30 08:42:51.463","60025396","2026-07-29 14:10:51.000","[PREMIUM]","368","NC - RALEIGH NORTH","2026-07-31","FRIDAY","1000","EDT","0","V",2015,"KIA","FORTE","FORTE","SEDAN 4DR","BLACK","SIDE",,"NC","SC","YES","D",174251,"A","[PREMIUM]",3450.39,"1.8L 4","FRONT WHEEL DRIVE","AUTOMATIC","GAS",4,"Run & Drive Verified","Pure Sale","[PREMIUM]",,"KNIGHTDALE","NC","27545","USA","USD","[PREMIUM]","[PREMIUM]","B110",false,"[PREMIUM]","LX",false,false,"[PREMIUM]",,,,,,,,"[PREMIUM]"
"59809556","2026-07-15 21:00:51.224","2026-07-19 19:13:10.834","59809556","2026-07-15 20:27:21.000","[PREMIUM]","838","RENTAL VEHICLE SALE","2026-07-20","MONDAY","1200","EDT","0","V",2026,"NISSAN","ALTIMA","ALTIMA","SEDAN","WHITE","FRONT END","MINOR DENT/SCRATCHES","IL","CZ","YES","D",11577,"A","[PREMIUM]",9604.88,"2.5L 4","FRONT WHEEL DRIVE","AUTOMATIC","GAS",4,"Run & Drive Verified","On Minimum Bid","[PREMIUM]",,"KNIGHTDALE","NC","27545","USA","USD","[PREMIUM]","[PREMIUM]","B070",false,"[PREMIUM]","SV",true,false,"[PREMIUM]",,,,,,,,"[PREMIUM]"
"59823876","2026-07-15 21:00:51.217","2026-07-30 08:42:51.365","59823876","2026-07-25 13:42:33.000","[PREMIUM]","368","NC - RALEIGH NORTH","2026-07-31","FRIDAY","1000","EDT","0","V",2015,"MERCEDES-BENZ","C-CLASS","C","SEDAN 4DR","BLACK","FRONT END",,"NC","SC","YES","D",165227,"A","[PREMIUM]",7218.15,"2.0L 4","ALL WHEEL DRIVE","AUTOMATIC","GAS",4,"Run & Drive Verified","Pure Sale","[PREMIUM]",,"KNIGHTDALE","NC","27545","USA","USD","[PREMIUM]","[PREMIUM]","E100",false,"[PREMIUM]","300 4MATIC",false,false,"[PREMIUM]",,,,,,,,"[PREMIUM]"
"59739636","2026-07-15 21:00:51.203","2026-07-17 11:11:22.684","59739636","2026-07-17 08:00:11.000","[PREMIUM]","368","NC - RALEIGH NORTH","2026-07-17","FRIDAY","1000","EDT","56","V",2015,"HYUNDAI","ELANTRA","ELANTRA","SEDAN","RED","SIDE","VANDALISM","NC","CZ","YES","E",0,"N","[PREMIUM]",0,"1.8L 4","FRONT WHEEL DRIVE","AUTOMATIC","GAS",4,"DEFAULT","On Approval","[PREMIUM]",,"KNIGHTDALE","NC","27545","USA","USD","[PREMIUM]","[PREMIUM]","A100",false,"[PREMIUM]","LIMITED",false,false,"[PREMIUM]",,,,,,,,"[PREMIUM]"
"59353586","2026-07-15 21:00:51.139","2026-07-30 08:42:51.235","59353586","2026-07-28 21:03:31.000","[PREMIUM]","368","NC - RALEIGH NORTH","2026-07-31","FRIDAY","1000","EDT","0","V",2024,"TOYOTA","RAV4","RAV4","SPORT UTILITY VEHICLE","BLACK","REAR END",,"NC","SC","YES","D",17216,"A","[PREMIUM]",29252.15,"2.5L 4","FRONT WHEEL DRIVE","AUTOMATIC","GAS",4,"Run & Drive Verified","Pure Sale","[PREMIUM]",,"KNIGHTDALE","NC","27545","USA","USD","[PREMIUM]","[PREMIUM]","SB010",false,"[PREMIUM]","XLE PREMIUM",false,false,"[PREMIUM]",,,,,,,,"[PREMIUM]"
"59386956","2026-07-15 21:00:51.128","2026-07-17 11:11:22.682","59386956","2026-07-17 08:00:12.000","[PREMIUM]","368","NC - RALEIGH NORTH","2026-07-17","FRIDAY","1000","EDT","2568","V",2020,"KIA","SPORTAGE","SPORTAGE","SPORT UTILITY VEHICLE","WHITE","FRONT END",,"PA","CZ","YES","E",152982,"A","[PREMIUM]",0,"2.4L 4","ALL WHEEL DRIVE","AUTOMATIC","GAS",4,"DEFAULT","On Approval","[PREMIUM]",,"KNIGHTDALE","NC","27545","USA","USD","[PREMIUM]","[PREMIUM]","H190",false,"[PREMIUM]","EX",false,false,"[PREMIUM]",,,,,,,,"[PREMIUM]"
"59168866","2026-07-15 21:00:51.053","2026-07-24 13:13:48.263","59168866","2026-07-24 08:00:21.000","[PREMIUM]","368","NC - RALEIGH NORTH","2026-07-24","FRIDAY","1000","EDT","63","V",2015,"CHRYSLER","MINIVAN","TOWN & COUNTRY","SPORTS VAN","BURGUNDY","MINOR DENT/SCRATCHES",,"NC","CZ","YES","D",152423,"A","[PREMIUM]",0,"3.6L 6","FRONT WHEEL DRIVE","AUTOMATIC","FLEXIBLE",6,"Run & Drive Verified","On Minimum Bid","[PREMIUM]",,"KNIGHTDALE","NC","27545","USA","USD","[PREMIUM]","[PREMIUM]","H180",true,"[PREMIUM]","TOURING",false,false,"[PREMIUM]",,,,,,,,"[PREMIUM]"
"59152756","2026-07-15 21:00:51.053","2026-07-30 08:42:51.047","59152756","2026-07-25 13:50:13.000","[PREMIUM]","368","NC - RALEIGH NORTH","2026-07-31","FRIDAY","1000","EDT","0","V",2018,"TOYOTA","RAV4","RAV4","SUV","BURGUNDY","REAR END",,"NC","SC","YES","S",260158,"A","[PREMIUM]",10447.33,"2.5L 4","FRONT WHEEL DRIVE","AUTOMATIC","GAS",4,"Vehicle Starts","Pure Sale","[PREMIUM]",,"KNIGHTDALE","NC","27545","USA","USD","[PREMIUM]","[PREMIUM]","G110",false,"[PREMIUM]","LIMITED",false,false,"[PREMIUM]",,,,,,,,"[PREMIUM]"
"59252686","2026-07-15 21:00:51.035","2026-07-24 13:13:48.255","59252686","2026-07-24 08:00:22.000","[PREMIUM]","368","NC - RALEIGH NORTH","2026-07-24","FRIDAY","1000","EDT","2506","V",2017,"DODGE","JOURNEY","JOURNEY","4DR SPORT UTILITY","WHITE","FRONT END",,"NC","SC","NO","E",119265,"A","[PREMIUM]",7793.32,"3.6L 6","FRONT WHEEL DRIVE","AUTOMATIC","FLEXIBLE",6,"DEFAULT","Pure Sale","[PREMIUM]",,"KNIGHTDALE","NC","27545","USA","USD","[PREMIUM]","[PREMIUM]","SB010",false,"[PREMIUM]","CROSSROAD",false,false,"[PREMIUM]",,,,,,,,"[PREMIUM]"
"59001016","2026-07-15 21:00:50.946","2026-07-17 11:11:20.200","59001016","2026-07-17 08:00:11.000","[PREMIUM]","368","NC - RALEIGH NORTH","2026-07-17","FRIDAY","1000","EDT","67","V",2013,"TOYOTA","PRIUS","PRIUS V","WAGON","WHITE","REAR END","MECHANICAL","NC","CZ","YES","D",169535,"N","[PREMIUM]",0,"1.8L 4","FRONT WHEEL DRIVE","AUTOMATIC","ELECTRIC AND GAS HYBRID",4,"Run & Drive Verified","On Approval","[PREMIUM]",,"KNIGHTDALE","NC","27545","USA","USD","[PREMIUM]","[PREMIUM]","D050",false,"[PREMIUM]",,false,false,"[PREMIUM]",,,,,,,,"[PREMIUM]"
"57860186","2026-07-15 21:00:50.850","2026-07-30 08:42:50.455","57860186","2026-07-24 10:33:41.000","[PREMIUM]","368","NC - RALEIGH NORTH","2026-07-31","FRIDAY","1000","EDT","7","V",2015,"AUDI","A4","A4","SEDAN 4DR","BLACK","SIDE",,"NC","SC","YES","D",106247,"A","[PREMIUM]",8546.78,"2.0L 4","FRONT WHEEL DRIVE","AUTOMATIC","FLEXIBLE",4,"Run & Drive Verified","Pure Sale","[PREMIUM]",,"KNIGHTDALE","NC","27545","USA","USD","[PREMIUM]","[PREMIUM]","F130",false,"[PREMIUM]","PREMIUM PLUS",false,false,"[PREMIUM]",,,,,,,,"[PREMIUM]"
"58718416","2026-07-15 21:00:50.841","2026-07-30 08:42:50.851","58718416","2026-07-28 14:00:41.000","[PREMIUM]","368","NC - RALEIGH NORTH","2026-07-31","FRIDAY","1000","EDT","0","V",2013,"CHEVROLET","MALIBU","MALIBU","SEDAN 4DR","GRAY","ALL OVER",,"NC","SC","YES","E",211990,"N","[PREMIUM]",0,"2.5L 4","FRONT WHEEL DRIVE","AUTOMATIC","GAS",4,"DEFAULT","Pure Sale","[PREMIUM]",,"KNIGHTDALE","NC","27545","USA","USD","[PREMIUM]","[PREMIUM]","E110",false,"[PREMIUM]","1LT",false,false,"[PREMIUM]",,,,,,,,"[PREMIUM]"
"58025636","2026-07-15 21:00:50.661","2026-07-24 13:13:47.703","58025636","2026-07-24 08:00:22.000","[PREMIUM]","368","NC - RALEIGH NORTH","2026-07-24","FRIDAY","1000","EDT","2550","V",2013,"TOYOTA","AVALON","AVALON","SEDAN","GRAY","FRONT END",,"NC","SC","YES","E",0,"N","[PREMIUM]",4797,"3.5L 6","FRONT WHEEL DRIVE","AUTOMATIC","GAS",6,"DEFAULT","Pure Sale","[PREMIUM]",,"KNIGHTDALE","NC","27545","USA","USD","[PREMIUM]","[PREMIUM]","G150",false,"[PREMIUM]","XLE PREMIUM",false,false,"[PREMIUM]",,,,,,,,"[PREMIUM]"
"57695316","2026-07-15 21:00:50.515","2026-07-27 22:46:48.395","57695316","2026-07-24 19:37:29.000","[PREMIUM]","880","*NCS - EASTERN REGION","2026-07-27","MONDAY","2100","EDT","2143","V",2011,"FORD","F350","F350","CREW PICKUP","BLUE","MINOR DENT/SCRATCHES","REAR END","VA","CT","YES","D",136007,"A","[PREMIUM]",0,"6.7L 8","4X4 W/REAR WHEEL DRV","AUTOMATIC","DIESEL",8,"Run & Drive Verified","On Minimum Bid","[PREMIUM]",,"KNIGHTDALE","NC","27545","USA","USD","[PREMIUM]","[PREMIUM]","HVY",true,"[PREMIUM]","SUPER DUTY",false,false,"[PREMIUM]",,,,,,,,"[PREMIUM]"
"57542806","2026-07-15 21:00:50.486","2026-07-30 08:42:50.368","57542806","2026-07-25 14:05:22.000","[PREMIUM]","368","NC - RALEIGH NORTH","2026-07-31","FRIDAY","1000","EDT","0","V",2023,"HYUNDAI","IONIQ","IONIQ 5","SPORT UTILITY VEHICLE","BLUE","SIDE","REAR END","NC","SC","YES","D",17273,"A","[PREMIUM]",18282,,"ALL WHEEL DRIVE","AUTOMATIC","ELECTRIC",,"Run & Drive Verified","Pure Sale","[PREMIUM]",,"KNIGHTDALE","NC","27545","USA","USD","[PREMIUM]","[PREMIUM]","G190",false,"[PREMIUM]","SEL",false,false,"[PREMIUM]",,,,,,,,"[PREMIUM]"
"57493906","2026-07-15 21:00:50.453","2026-07-24 13:13:47.452","57493906","2026-07-24 08:00:21.000","[PREMIUM]","368","NC - RALEIGH NORTH","2026-07-24","FRIDAY","1000","EDT","822","K",2012,"DODGE","RAM 2500","RAM 2500","CREW PICKUP","WHITE","REAR END","MINOR DENT/SCRATCHES","SC","CZ","YES","E",301799,"A","[PREMIUM]",0,"6.7L 6","4X4 W/REAR WHEEL DRV","AUTOMATIC","DIESEL",6,"DEFAULT","On Minimum Bid","[PREMIUM]",,"KNIGHTDALE","NC","27545","USA","USD","[PREMIUM]","[PREMIUM]","HVY",true,"[PREMIUM]","ST",false,false,"[PREMIUM]",,,,,,,,"[PREMIUM]"
"57471636","2026-07-15 21:00:50.451","2026-07-30 08:42:50.365","57471636","2026-07-25 12:39:22.000","[PREMIUM]","368","NC - RALEIGH NORTH","2026-07-31","FRIDAY","1000","EDT","0","V",2013,"HYUNDAI","SANTA FE","SANTA FE SPORT","SUV","BLACK","FRONT END",,"NC","SC","YES","E",149058,"A","[PREMIUM]",7908.92,"2.0L 4","ALL WHEEL DRIVE","AUTOMATIC","GAS",4,"DEFAULT","Pure Sale","[PREMIUM]",,"KNIGHTDALE","NC","27545","USA","USD","[PREMIUM]","[PREMIUM]","G140",false,"[PREMIUM]","2.0T",false,false,"[PREMIUM]",,,,,,,,"[PREMIUM]"
"57472226","2026-07-15 21:00:50.448","2026-07-24 13:13:47.446","57472226","2026-07-24 08:00:22.000","[PREMIUM]","368","NC - RALEIGH NORTH","2026-07-24","FRIDAY","1000","EDT","2036","V",2014,"BUICK","REGAL","REGAL","SEDAN 4DR","BLACK","SIDE",,"NC","SC","YES","D",110095,"A","[PREMIUM]",11507.94,"2.0L 4","FRONT WHEEL DRIVE","AUTOMATIC","GAS",4,"Run & Drive Verified","Pure Sale","[PREMIUM]",,"KNIGHTDALE","NC","27545","USA","USD","[PREMIUM]","[PREMIUM]","D070",false,"[PREMIUM]","PREMIUM",false,false,"[PREMIUM]",,,,,,,,"[PREMIUM]"
"57330006","2026-07-15 21:00:50.401","2026-07-29 04:47:06.562","57330006","2026-07-22 13:18:29.000","[PREMIUM]","835","MEDIUM DUTY SPECIALTY SALE","2026-07-29","WEDNESDAY","1100","CDT","0","K",2017,"RAM","PROMASTER","PROMASTER 3500","EXTENDED CARGO VAN","RED","FRONT END",,"NC","SC","YES","E",167341,"A","[PREMIUM]",13060,"3.6L 6","FRONT WHEEL DRIVE","AUTOMATIC","FLEXIBLE",6,"DEFAULT","On Minimum Bid","[PREMIUM]",,"KNIGHTDALE","NC","27545","USA","USD","[PREMIUM]","[PREMIUM]","HVY",false,"[PREMIUM]","3500 HIGH",false,false,"[PREMIUM]",,,,,,,,"[PREMIUM]"
"57373146","2026-07-15 21:00:50.391","2026-07-24 13:13:47.408","57373146","2026-07-24 08:00:22.000","[PREMIUM]","368","NC - RALEIGH NORTH","2026-07-24","FRIDAY","1000","EDT","2040","V",2017,"GMC","SIERRA","SIERRA","CREW PICKUP","BLACK","FRONT END","REAR END","NC","SC","YES","D",129741,"A","[PREMIUM]",22801.03,"5.3L 8","4X4 W/REAR WHEEL DRV","AUTOMATIC","GAS",8,"Run & Drive Verified","Pure Sale","[PREMIUM]",,"KNIGHTDALE","NC","27545","USA","USD","[PREMIUM]","[PREMIUM]","SB005",false,"[PREMIUM]","K1500 DENALI",false,false,"[PREMIUM]",,,,,,,,"[PREMIUM]"
"57119976","2026-07-15 21:00:50.284","2026-07-30 08:42:50.185","57119976","2026-07-25 13:19:40.000","[PREMIUM]","368","NC - RALEIGH NORTH","2026-07-31","FRIDAY","1000","EDT","0","V",2018,"KIA","RIO","RIO","SEDAN","RED","FRONT END",,"NC","SC","YES","D",167268,"A","[PREMIUM]",4333.49,"1.6L 4","FRONT WHEEL DRIVE","AUTOMATIC","GAS",4,"Run & Drive Verified","Pure Sale","[PREMIUM]",,"KNIGHTDALE","NC","27545","USA","USD","[PREMIUM]","[PREMIUM]","H160",false,"[PREMIUM]","S",false,false,"[PREMIUM]",,,,,,,,"[PREMIUM]"
"56848196","2026-07-15 21:00:50.215","2026-07-30 08:42:50.091","56848196","2026-07-20 17:53:50.000","[PREMIUM]","368","NC - RALEIGH NORTH",,,,"EDT","0","V",2018,"CADILLAC","CT6","CT6","SEDAN","BLACK","UNDERCARRIAGE",,"NC","SC","YES","D",57522,"A","[PREMIUM]",19873,"3.6L 6","ALL WHEEL DRIVE","AUTOMATIC","GAS",6,"Run & Drive Verified","Pure Sale","[PREMIUM]",,"KNIGHTDALE","NC","27545","USA","USD","[PREMIUM]","[PREMIUM]","SA002",false,"[PREMIUM]","LUXURY",false,false,"[PREMIUM]",,,,,,,,"[PREMIUM]"
"55619996","2026-07-15 21:00:49.514","2026-07-30 08:42:49.640","55619996","2026-07-17 20:09:13.000","[PREMIUM]","368","NC - RALEIGH NORTH",,,,"EDT","0","V",2012,"TOYOTA","All Models","SIENNA","SPORTS VAN","GRAY","FRONT END",,"NC","SC","YES","D",184480,"A","[PREMIUM]",6259.43,"3.5L 6","FRONT WHEEL DRIVE","AUTOMATIC","GAS",6,"Run & Drive Verified","Pure Sale","[PREMIUM]",,"KNIGHTDALE","NC","27545","USA","USD","[PREMIUM]","[PREMIUM]","F080",false,"[PREMIUM]","LE",false,false,"[PREMIUM]",,,,,,,,"[PREMIUM]"
"55495286","2026-07-15 21:00:49.429","2026-07-29 20:42:34.907","55495286","2026-07-25 15:55:12.000","[PREMIUM]","368","NC - RALEIGH NORTH","2026-07-31","FRIDAY","1000","EDT","0","V",2005,"HONDA","CIVIC","CIVIC","SEDAN 4DR","TAN","FRONT END",,"NC","SC","YES","S",217935,"E","[PREMIUM]",3077.1,"1.7L 4","FRONT WHEEL DRIVE","AUTOMATIC","GAS",4,"Vehicle Starts","Pure Sale","[PREMIUM]",,"KNIGHTDALE","NC","27545","USA","USD","[PREMIUM]","[PREMIUM]","A110",false,"[PREMIUM]","DX VP",false,false,"[PREMIUM]",,,,,,,,"[PREMIUM]"
"55095366","2026-07-15 21:00:49.315","2026-07-17 11:11:08.039","55095366","2026-07-17 08:00:11.000","[PREMIUM]","368","NC - RALEIGH NORTH","2026-07-17","FRIDAY","1000","EDT","18","V",2014,"HONDA","ODYSSEY","ODYSSEY","SPORTS VAN","SILVER","FRONT END",,"NC","SC","YES","D",84514,"A","[PREMIUM]",9569.79,"3.5L 6","FRONT WHEEL DRIVE","AUTOMATIC","GAS",6,"Run & Drive Verified","Pure Sale","[PREMIUM]",,"KNIGHTDALE","NC","27545","USA","USD","[PREMIUM]","[PREMIUM]","F090",false,"[PREMIUM]","EXL",false,false,"[PREMIUM]",,,,,,,,"[PREMIUM]"
"54760066","2026-07-15 21:00:49.153","2026-07-30 08:42:49.494","54760066","2026-07-25 13:49:34.000","[PREMIUM]","368","NC - RALEIGH NORTH","2026-07-31","FRIDAY","1000","EDT","0","V",2025,"FORD","ESCAPE","ESCAPE","SPORT UTILITY VEHICLE","RED","FRONT END",,"NC","SC","YES","D",11887,"A","[PREMIUM]",17136,"1.5L 3","FRONT WHEEL DRIVE","AUTOMATIC","GAS",3,"Run & Drive Verified","Pure Sale","[PREMIUM]",,"KNIGHTDALE","NC","27545","USA","USD","[PREMIUM]","[PREMIUM]","B100",false,"[PREMIUM]","ST LINE",false,false,"[PREMIUM]",,,,,,,,"[PREMIUM]"
"52735076","2026-07-15 21:00:48.627","2026-07-17 11:11:08.033","52735076","2026-07-17 08:00:12.000","[PREMIUM]","368","NC - RALEIGH NORTH","2026-07-17","FRIDAY","1000","EDT","2515","V",2018,"BMW","4 SERIES","430I","SEDAN","BLACK","FRONT END","REAR END","NC","SC","YES","E",137825,"A","[PREMIUM]",0,"2.0L 4","REAR WHEEL DRIVE","AUTOMATIC","GAS",4,"DEFAULT","Pure Sale","[PREMIUM]",,"KNIGHTDALE","NC","27545","USA","USD","[PREMIUM]","[PREMIUM]","A090",false,"[PREMIUM]","GRAN COUPE",false,false,"[PREMIUM]",,,,,,,,"[PREMIUM]"
"50905616","2026-07-15 21:00:48.292","2026-07-24 13:13:44.203","50905616","2026-07-24 08:00:22.000","[PREMIUM]","368","NC - RALEIGH NORTH","2026-07-24","FRIDAY","1000","EDT","2008","V",2015,"GMC","ACADIA","ACADIA","4DR SPORT UTILITY","GOLD","MINOR DENT/SCRATCHES",,"NC","SC","YES","D",171577,"A","[PREMIUM]",4312.97,"3.6L 6","FRONT WHEEL DRIVE","AUTOMATIC","GAS",6,"Run & Drive Verified","Pure Sale","[PREMIUM]",,"KNIGHTDALE","NC","27545","USA","USD","[PREMIUM]","[PREMIUM]","F170",false,"[PREMIUM]","SLT-1",false,false,"[PREMIUM]",,,,,,,,"[PREMIUM]"
"49914716","2026-07-15 21:00:48.209","2026-07-30 08:42:48.526","49914716","2026-07-17 20:09:13.000","[PREMIUM]","368","NC - RALEIGH NORTH",,,,"EDT","0","V",2025,"RAM","1500","1500","PICKUP","WHITE","UNDERCARRIAGE","SIDE","NC","SC","YES","D",42698,"A","[PREMIUM]",21353.74,"3.0L 6","4X4 W/REAR WHEEL DRV","AUTOMATIC","GAS",6,"Run & Drive Verified","Pure Sale","[PREMIUM]",,"KNIGHTDALE","NC","27545","USA","USD","[PREMIUM]","[PREMIUM]","F140",false,"[PREMIUM]","TRADESMAN",false,false,"[PREMIUM]",,,,,,,,"[PREMIUM]"
"59297206","2026-07-15 21:00:47.864","2026-07-22 07:11:46.361","59297206","2026-07-15 22:57:36.000","[PREMIUM]","367","CA - MENTONE","2026-07-22","WEDNESDAY","1200","PDT","0","V",2010,"MERCEDES-BENZ","M-CLASS","ML","4DR SPORT UTILITY","WHITE","VANDALISM","ALL OVER","CA","SC","YES","D",116629,"A","[PREMIUM]",19324.9,"3.5L 6","ALL WHEEL DRIVE","AUTOMATIC","GAS",6,"Run & Drive Verified","Pure Sale","[PREMIUM]",,"MENTONE","CA","92359","USA","USD","[PREMIUM]","[PREMIUM]","C070",false,"[PREMIUM]","350 4MATIC",false,false,"[PREMIUM]",,,,,,,,"[PREMIUM]"
"76829755","2026-07-15 21:00:47.797","2026-07-30 08:42:48.083","76829755","2026-07-15 22:41:23.000","[PREMIUM]","367","CA - MENTONE",,,,"PDT","0","V",2025,"FORD","F150 STX","F150",,"WHITE","ROLLOVER",,"CA","SC","YES","S",3740,"A","[PREMIUM]",49164,"2.7L  6","4x4 w/Rear Wheel Drv","AUTOMATIC","GAS",6,"Vehicle Starts","Pure Sale","[PREMIUM]",,"MENTONE","CA","92359","USA","USD","[PREMIUM]","[PREMIUM]","CONS",false,"[PREMIUM]","STX",false,false,"[PREMIUM]",,,,,,,,"[PREMIUM]"
"60493806","2026-07-15 21:00:47.739","2026-07-29 04:47:04.509","60493806","2026-07-23 21:01:21.000","[PREMIUM]","367","CA - MENTONE","2026-07-29","WEDNESDAY","1200","PDT","0","V",2014,"FORD","FLEX","FLEX","4DR SPORT UTILITY","WHITE","SIDE","FRONT END","CA","SC","YES","D",149874,"A","[PREMIUM]",5302.41,"3.5L 6","FRONT WHEEL DRIVE","AUTOMATIC","GAS",6,"Run & Drive Verified","Pure Sale","[PREMIUM]",,"MENTONE","CA","92359","USA","USD","[PREMIUM]","[PREMIUM]","E070",false,"[PREMIUM]","SEL",false,false,"[PREMIUM]",,,,,,,,"[PREMIUM]"
"60618966","2026-07-15 21:00:47.735","2026-07-22 07:11:46.578","60618966","2026-07-15 20:07:13.000","[PREMIUM]","367","CA - MENTONE","2026-07-22","WEDNESDAY","1200","PDT","0","V",2022,"MERCEDES-BENZ","GLB-CLASS","GLB","SPORT UTILITY VEHICLE","BLUE","REAR END","FRONT END","CA","SC","YES","D",42088,"A","[PREMIUM]",15835.47,"2.0L 4","FRONT WHEEL DRIVE","AUTOMATIC","GAS",4,"Run & Drive Verified","Pure Sale","[PREMIUM]",,"MENTONE","CA","92359","USA","USD","[PREMIUM]","[PREMIUM]","A010",false,"[PREMIUM]","250",false,false,"[PREMIUM]",,,,,,,,"[PREMIUM]"
"61061416","2026-07-15 21:00:47.734","2026-07-30 08:42:47.887","61061416","2026-07-29 19:51:55.000","[PREMIUM]","367","CA - MENTONE","2026-08-05","WEDNESDAY","1200","PDT","0","V",2011,"TOYOTA","CAMRY","CAMRY","SEDAN","SILVER","MECHANICAL",,"CA","DV","YES","D",238629,"A","[PREMIUM]",0,"2.5L 4","FRONT WHEEL DRIVE","AUTOMATIC","GAS",4,"Run & Drive Verified","On Minimum Bid","[PREMIUM]",,"MENTONE","CA","92359","USA","USD","[PREMIUM]","[PREMIUM]","F060",true,"[PREMIUM]","LE",false,false,"[PREMIUM]",,,,,,,,"[PREMIUM]"
"60597746","2026-07-15 21:00:47.730","2026-07-22 07:11:46.576","60597746","2026-07-16 23:30:56.000","[PREMIUM]","367","CA - MENTONE","2026-07-22","WEDNESDAY","1200","PDT","0","V",2018,"HONDA","CIVIC","CIVIC","HATCHBACK","WHITE","FRONT END",,"CA","SC","YES","D",115444,"A","[PREMIUM]",17844.51,"1.5L 4","FRONT WHEEL DRIVE","AUTOMATIC","GAS",4,"Run & Drive Verified","Pure Sale","[PREMIUM]",,"MENTONE","CA","92359","USA","USD","[PREMIUM]","[PREMIUM]","B040",false,"[PREMIUM]","EX",false,false,"[PREMIUM]",,,,,,,,"[PREMIUM]"
"61247366","2026-07-15 21:00:47.728","2026-07-30 08:42:47.956","61247366","2026-07-29 19:50:36.000","[PREMIUM]","367","CA - MENTONE","2026-08-05","WEDNESDAY","1200","PDT","0","V",2013,"MERCEDES-BENZ","E-CLASS","E","SEDAN 4DR","WHITE","MECHANICAL",,"CA","DV","YES","D",277805,"A","[PREMIUM]",0,"3.5L 6","REAR WHEEL DRIVE","AUTOMATIC","GAS",6,"Run & Drive Verified","On Minimum Bid","[PREMIUM]",,"MENTONE","CA","92359","USA","USD","[PREMIUM]","[PREMIUM]","F090",true,"[PREMIUM]","350",false,false,"[PREMIUM]",,,,,,,,"[PREMIUM]"
"60499196","2026-07-15 21:00:47.727","2026-07-29 04:47:04.526","60499196","2026-07-27 23:34:29.000","[PREMIUM]","367","CA - MENTONE","2026-07-29","WEDNESDAY","1200","PDT","0","V",2015,"CHEVROLET","TAHOE","TAHOE","4DR SPORT UTILITY","BLACK","MINOR DENT/SCRATCHES",,"CA","SC","YES","D",199579,"A","[PREMIUM]",11476.39,"5.3L 8","4X4 W/REAR WHEEL DRV","AUTOMATIC","GAS",8,"Run & Drive Verified","Pure Sale","[PREMIUM]",,"MENTONE","CA","92359","USA","USD","[PREMIUM]","[PREMIUM]","D040",false,"[PREMIUM]","K1500 LT",false,false,"[PREMIUM]",,,,,,,,"[PREMIUM]"
"60985416","2026-07-15 21:00:47.727","2026-07-22 07:11:46.611","60985416","2026-07-14 20:47:17.000","[PREMIUM]","367","CA - MENTONE","2026-07-22","WEDNESDAY","1200","PDT","0","V",2016,"KIA","SOUL","SOUL","WAGON","WHITE","MINOR DENT/SCRATCHES",,"CA","DA","YES",,198590,"A","[PREMIUM]",0,"1.6L 4","FRONT WHEEL DRIVE","AUTOMATIC","GAS",4,,"On Minimum Bid","[PREMIUM]",,"MENTONE","CA","92359","USA","USD","[PREMIUM]","[PREMIUM]","F070",true,"[PREMIUM]","BASE",false,false,"[PREMIUM]",,,,,,,,"[PREMIUM]"
"61011706","2026-07-15 21:00:47.726","2026-07-27 22:46:46.714","61011706","2026-07-22 20:51:42.000","[PREMIUM]","367","CA - MENTONE","2026-07-29","WEDNESDAY","1200","PDT","0","V",2009,"TOYOTA","CAMRY","CAMRY","SEDAN","SILVER","MINOR DENT/SCRATCHES",,"CA","DV","YES","E",137429,"E","[PREMIUM]",0,"2.4L 4","FRONT WHEEL DRIVE","AUTOMATIC","GAS",4,"DEFAULT","On Minimum Bid","[PREMIUM]",,"MENTONE","CA","92359","USA","USD","[PREMIUM]","[PREMIUM]","G050",true,"[PREMIUM]","LE",false,false,"[PREMIUM]",,,,,,,,"[PREMIUM]"
"60002256","2026-07-15 21:00:47.704","2026-07-29 04:47:04.412","60002256","2026-07-22 19:15:05.000","[PREMIUM]","367","CA - MENTONE","2026-07-29","WEDNESDAY","1200","PDT","0","V",2001,"HONDA","CIVIC","CIVIC","SEDAN 4DR","GRAY","REAR END","FRONT END","CA","SC","YES","D",0,"E","[PREMIUM]",4625,"1.7L 4","FRONT WHEEL DRIVE","AUTOMATIC","GAS",4,"Run & Drive Verified","On Minimum Bid","[PREMIUM]",,"MENTONE","CA","92359","USA","USD","[PREMIUM]","[PREMIUM]","E060",false,"[PREMIUM]","LX",false,false,"[PREMIUM]",,,,,,,,"[PREMIUM]"
"60462006","2026-07-15 21:00:47.700","2026-07-22 07:11:46.538","60462006","2026-07-14 19:03:51.000","[PREMIUM]","367","CA - MENTONE","2026-07-22","WEDNESDAY","1200","PDT","0","V",2016,"HONDA","CIVIC","CIVIC","SEDAN 4DR","BLACK","FRONT END",,"CA","DL","YES","D",91438,"N","[PREMIUM]",0,"2.0L 4","FRONT WHEEL DRIVE","AUTOMATIC","GAS",4,"Run & Drive Verified","On Approval","[PREMIUM]",,"MENTONE","CA","92359","USA","USD","[PREMIUM]","[PREMIUM]","F080",false,"[PREMIUM]","LX",false,false,"[PREMIUM]",,,,,,,,"[PREMIUM]"
"60431286","2026-07-15 21:00:47.688","2026-07-22 07:11:46.619","60431286","2026-07-15 22:57:16.000","[PREMIUM]","367","CA - MENTONE","2026-07-22","WEDNESDAY","1200","PDT","0","V",2017,"AUDI","A3","A3","SEDAN","WHITE","FRONT END",,"CA","SC","YES","D",142786,"A","[PREMIUM]",8000.31,"2.0L 4","FRONT WHEEL DRIVE","AUTOMATIC","GAS",4,"Run & Drive Verified","Pure Sale","[PREMIUM]",,"MENTONE","CA","92359","USA","USD","[PREMIUM]","[PREMIUM]","E040",false,"[PREMIUM]","PREMIUM",false,false,"[PREMIUM]",,,,,,,,"[PREMIUM]"
"60456596","2026-07-15 21:00:47.683","2026-07-28 16:49:37.147","60456596","2026-07-24 16:07:40.000","[PREMIUM]","367","CA - MENTONE","2026-07-29","WEDNESDAY","1200","PDT","0","V",2007,"ACURA","TL","TL","SEDAN 4DR","GRAY","FRONT END","REAR END","CA","LQ","YES","S",201158,"E","[PREMIUM]",0,"3.2L 6","FRONT WHEEL DRIVE","AUTOMATIC","GAS",6,"Vehicle Starts","On Minimum Bid","[PREMIUM]",,"MENTONE","CA","92359","USA","USD","[PREMIUM]","[PREMIUM]","F080",true,"[PREMIUM]",,false,false,"[PREMIUM]",,,,,,,,"[PREMIUM]"
"59317626","2026-07-15 21:00:47.656","2026-07-22 07:11:46.429","59317626","2026-07-15 20:02:11.000","[PREMIUM]","367","CA - MENTONE","2026-07-22","WEDNESDAY","1200","PDT","0","V",1992,"TOYOTA","4RUNNER","4RUNNER","4DR SPORT UTILITY","WHITE","BURN - ENGINE",,"CA","SC","YES","E",185094,"A","[PREMIUM]",9860.71,"3.0L 6","4X4 W/REAR WHEEL DRV","AUTOMATIC","GAS",6,"DEFAULT","Pure Sale","[PREMIUM]",,"MENTONE","CA","92359","USA","USD","[PREMIUM]","[PREMIUM]","E050",false,"[PREMIUM]","VN39 SR5",false,false,"[PREMIUM]",,,,,,,,"[PREMIUM]"
"59017696","2026-07-15 21:00:47.629","2026-07-22 07:11:46.367","59017696","2026-07-15 20:12:14.000","[PREMIUM]","367","CA - MENTONE","2026-07-22","WEDNESDAY","1200","PDT","0","V",2018,"VOLVO","V60","V60 CROSS COUNTRY","SPORT UTILITY VEHICLE","BROWN","WATER/FLOOD",,"CA","SC","YES","D",105754,"A","[PREMIUM]",9653,"2.0L 4","ALL WHEEL DRIVE","AUTOMATIC","GAS",4,"Run & Drive Verified","On Minimum Bid","[PREMIUM]",,"MENTONE","CA","92359","USA","USD","[PREMIUM]","[PREMIUM]","E070",false,"[PREMIUM]","PREMIER",false,false,"[PREMIUM]",,,,,,,,"[PREMIUM]"
"55380076","2026-07-15 21:00:47.624","2026-07-22 07:11:45.925","55380076","2026-07-15 19:59:12.000","[PREMIUM]","367","CA - MENTONE","2026-07-22","WEDNESDAY","1200","PDT","0","V",2019,"HYUNDAI","SONATA","SONATA","SEDAN","CHARCOAL","FRONT END",,"CA","SC","YES","D",84081,"A","[PREMIUM]",12093,"2.4L 4","FRONT WHEEL DRIVE","AUTOMATIC","GAS",4,"Run & Drive Verified","Pure Sale","[PREMIUM]",,"MENTONE","CA","92359","USA","USD","[PREMIUM]","[PREMIUM]","C040",false,"[PREMIUM]","SEL",false,false,"[PREMIUM]",,,,,,,,"[PREMIUM]"
"58506756","2026-07-15 21:00:47.605","2026-07-22 07:11:46.281","58506756","2026-07-15 20:08:10.000","[PREMIUM]","367","CA - MENTONE","2026-07-22","WEDNESDAY","1200","PDT","0","V",2021,"KIA","RIO","RIO","SEDAN","SILVER","REAR END",,"CA","SC","YES","D",70826,"A","[PREMIUM]",11953.71,"1.6L 4","FRONT WHEEL DRIVE","AUTOMATIC","GAS",4,"Run & Drive Verified","Pure Sale","[PREMIUM]",,"MENTONE","CA","92359","USA","USD","[PREMIUM]","[PREMIUM]","E090",false,"[PREMIUM]","S",false,false,"[PREMIUM]",,,,,,,,"[PREMIUM]"
"58470936","2026-07-15 21:00:47.603","2026-07-22 07:11:46.269","58470936","2026-07-15 20:31:46.000","[PREMIUM]","367","CA - MENTONE","2026-07-22","WEDNESDAY","1200","PDT","0","V",2003,"ACURA","RSX","RSX","HATCHBACK 2DR","WHITE","FRONT END","REAR END","CA","SC","YES","D",202677,"A","[PREMIUM]",6774.66,"2.0L 4","FRONT WHEEL DRIVE","AUTOMATIC","GAS",4,"Run & Drive Verified","Pure Sale","[PREMIUM]",,"MENTONE","CA","92359","USA","USD","[PREMIUM]","[PREMIUM]","H050",false,"[PREMIUM]",,false,false,"[PREMIUM]",,,,,,,,"[PREMIUM]"
"58787746","2026-07-15 21:00:47.590","2026-07-22 07:11:46.314","58787746","2026-07-15 22:52:18.000","[PREMIUM]","367","CA - MENTONE","2026-07-22","WEDNESDAY","1200","PDT","0","V",2016,"NISSAN","ROGUE","ROGUE","WAGON","BLACK","FRONT END","SIDE","CA","SC","YES","E",0,"N","[PREMIUM]",21041.48,"2.5L 4","FRONT WHEEL DRIVE","AUTOMATIC","GAS",4,"DEFAULT","Pure Sale","[PREMIUM]",,"MENTONE","CA","92359","USA","USD","[PREMIUM]","[PREMIUM]","G050",false,"[PREMIUM]","S",false,false,"[PREMIUM]",,,,,,,,"[PREMIUM]"
"58798796","2026-07-15 21:00:47.587","2026-07-22 07:11:46.316","58798796","2026-07-15 20:04:13.000","[PREMIUM]","367","CA - MENTONE","2026-07-22","WEDNESDAY","1200","PDT","0","V",2022,"HONDA","CIVIC","CIVIC","SEDAN","GRAY","FRONT END",,"CA","SC","YES","E",31853,"A","[PREMIUM]",27187.5,"1.5L 4","FRONT WHEEL DRIVE","AUTOMATIC","GAS",4,"DEFAULT","Pure Sale","[PREMIUM]",,"MENTONE","CA","92359","USA","USD","[PREMIUM]","[PREMIUM]","C090",false,"[PREMIUM]","TOURING",false,false,"[PREMIUM]",,,,,,,,"[PREMIUM]"
"57818296","2026-07-15 21:00:47.555","2026-07-28 16:49:36.621","57818296","2026-07-23 21:28:44.000","[PREMIUM]","367","CA - MENTONE","2026-07-29","WEDNESDAY","1200","PDT","0","V",2019,"DODGE","DURANGO","DURANGO","SPORT UTILITY VEHICLE","BLACK","REAR END",,"CA","SC","YES","S",130041,"A","[PREMIUM]",11025.65,"3.6L 6","REAR WHEEL DRIVE","AUTOMATIC","FLEXIBLE",6,"Vehicle Starts","On Minimum Bid","[PREMIUM]",,"MENTONE","CA","92359","USA","USD","[PREMIUM]","[PREMIUM]","A050",false,"[PREMIUM]","SXT",false,false,"[PREMIUM]",,,,,,,,"[PREMIUM]"
"58281246","2026-07-15 21:00:47.554","2026-07-29 04:47:04.126","58281246","2026-07-24 20:25:41.000","[PREMIUM]","367","CA - MENTONE","2026-07-29","WEDNESDAY","1200","PDT","0","V",2021,"MAZDA","CX-5","CX-5","SPORT UTILITY VEHICLE","WHITE","FRONT END",,"CA","SC","YES","D",16487,"A","[PREMIUM]",8051.31,"2.5L 4","ALL WHEEL DRIVE","AUTOMATIC","GAS",4,"Run & Drive Verified","Pure Sale","[PREMIUM]",,"MENTONE","CA","92359","USA","USD","[PREMIUM]","[PREMIUM]","G060",false,"[PREMIUM]","GRAND TOURING",false,false,"[PREMIUM]",,,,,,,,"[PREMIUM]"
"58328886","2026-07-15 21:00:47.549","2026-07-22 07:11:46.427","58328886","2026-07-15 22:51:41.000","[PREMIUM]","367","CA - MENTONE","2026-07-22","WEDNESDAY","1200","PDT","0","V",2019,"TESLA","MODEL 3","MODEL 3","SEDAN","WHITE","UNDERCARRIAGE",,"CA","SC","YES",,90518,"A","[PREMIUM]",15998.36,,"REAR WHEEL DRIVE","AUTOMATIC","ELECTRIC",,,"Pure Sale","[PREMIUM]",,"MENTONE","CA","92359","USA","USD","[PREMIUM]","[PREMIUM]","F050",false,"[PREMIUM]",,false,false,"[PREMIUM]",,,,,,,,"[PREMIUM]"
"56694496","2026-07-15 21:00:47.505","2026-07-21 01:13:29.770","56694496","2026-07-20 20:01:40.000","[PREMIUM]","855","WHOLESALE AUCTION","2026-07-21","TUESDAY","1200","EDT","8465","V",2025,"HONDA","CIVIC","CIVIC","SEDAN","GRAY","FRONT END","SIDE","CA","CT","YES","E",8387,"A","[PREMIUM]",31039,"2.0L 4","FRONT WHEEL DRIVE","AUTOMATIC","GAS",4,"DEFAULT","On Approval","[PREMIUM]",,"MENTONE","CA","92359","USA","USD","[PREMIUM]","[PREMIUM]","F050",false,"[PREMIUM]","SPORT",false,true,"[PREMIUM]",,,,,"RED LIGHT",0,,"[PREMIUM]"
"57088016","2026-07-15 21:00:47.504","2026-07-22 07:11:46.120","57088016","2026-07-15 22:55:02.000","[PREMIUM]","367","CA - MENTONE","2026-07-22","WEDNESDAY","1200","PDT","0","V",2017,"HONDA","CIVIC","CIVIC","HATCHBACK","WHITE","FRONT END",,"CA","SC","YES","D",104961,"A","[PREMIUM]",15619.68,"1.5L 4","FRONT WHEEL DRIVE","AUTOMATIC","GAS",4,"Run & Drive Verified","Pure Sale","[PREMIUM]",,"MENTONE","CA","92359","USA","USD","[PREMIUM]","[PREMIUM]","B040",false,"[PREMIUM]","SPORT",false,false,"[PREMIUM]",,,,,,,,"[PREMIUM]"
"57077206","2026-07-15 21:00:47.496","2026-07-22 07:11:46.113","57077206","2026-07-15 22:54:38.000","[PREMIUM]","367","CA - MENTONE","2026-07-22","WEDNESDAY","1200","PDT","0","V",2019,"HONDA","CRV","CR-V",,"CHARCOAL","REAR END","SIDE","CA","SC","YES","D",58737,"A","[PREMIUM]",8517.82,,,"AUTOMATIC",,,"Run & Drive Verified","Pure Sale","[PREMIUM]",,"MENTONE","CA","92359","USA","USD","[PREMIUM]","[PREMIUM]","H050",false,"[PREMIUM]",,false,false,"[PREMIUM]",,,,,,,,"[PREMIUM]"
"56327146","2026-07-15 21:00:47.467","2026-07-22 07:11:46.018","56327146","2026-07-16 03:31:54.000","[PREMIUM]","367","CA - MENTONE","2026-07-22","WEDNESDAY","1200","PDT","0","V",2019,"TOYOTA","TACOMA","TACOMA","PICKUP","BLACK","ROLLOVER",,"CA","SC","NO","E",52235,"A","[PREMIUM]",40089,"3.5L 6","FOUR BY FOUR","AUTOMATIC","GAS",6,"DEFAULT","On Minimum Bid","[PREMIUM]",,"MENTONE","CA","92359","USA","USD","[PREMIUM]","[PREMIUM]","E040",false,"[PREMIUM]","TRD PRO",false,false,"[PREMIUM]",,,,,,,,"[PREMIUM]"
"56151256","2026-07-15 21:00:47.467","2026-07-22 07:11:46.021","56151256","2026-07-15 22:53:59.000","[PREMIUM]","367","CA - MENTONE","2026-07-22","WEDNESDAY","1200","PDT","0","V",2017,"TOYOTA","YARIS","YARIS","HATCHBACK","BLACK","FRONT END",,"CA","SC","YES","D",113704,"A","[PREMIUM]",7248.88,"1.5L 4","FRONT WHEEL DRIVE","AUTOMATIC","GAS",4,"Run & Drive Verified","On Minimum Bid","[PREMIUM]",,"MENTONE","CA","92359","USA","USD","[PREMIUM]","[PREMIUM]","A020",false,"[PREMIUM]","5-DOOR SE",false,false,"[PREMIUM]",,,,,,,,"[PREMIUM]"
"56612876","2026-07-15 21:00:47.456","2026-07-22 07:11:46.071","56612876","2026-07-15 20:03:00.000","[PREMIUM]","367","CA - MENTONE","2026-07-22","WEDNESDAY","1200","PDT","0","V",2025,"JEEP","CHEROKEE","GRAND CHEROKEE","SPORT UTILITY VEHICLE","BLACK","ROLLOVER",,"CA","SC","YES","E",13015,"A","[PREMIUM]",33305,"3.6L 6","REAR WHEEL DRIVE","AUTOMATIC","GAS",6,"DEFAULT","Pure Sale","[PREMIUM]",,"MENTONE","CA","92359","USA","USD","[PREMIUM]","[PREMIUM]","E060",false,"[PREMIUM]","L LAREDO",false,false,"[PREMIUM]",,,,,,,,"[PREMIUM]"
"56601646","2026-07-15 21:00:47.451","2026-07-22 07:11:46.073","56601646","2026-07-16 22:39:52.000","[PREMIUM]","367","CA - MENTONE","2026-07-22","WEDNESDAY","1200","PDT","0","V",2012,"FORD","EXPLORER","EXPLORER","4DR SPORT UTILITY","WHITE","FRONT END",,"CA","SC","YES","D",205555,"A","[PREMIUM]",10944.1,"3.5L 6","4X4 W/FRONT WHL DRV","AUTOMATIC","GAS",6,"Run & Drive Verified","Pure Sale","[PREMIUM]",,"MENTONE","CA","92359","USA","USD","[PREMIUM]","[PREMIUM]","C080",false,"[PREMIUM]","LIMITED",false,false,"[PREMIUM]",,,,,,,,"[PREMIUM]"
"55377786","2026-07-15 21:00:47.414","2026-07-22 07:11:45.929","55377786","2026-07-15 19:32:28.000","[PREMIUM]","367","CA - MENTONE","2026-07-22","WEDNESDAY","1200","PDT","0","V",2015,"VOLKSWAGEN","BEETLE","BEETLE","CONVERTIBLE","GRAY","FRONT END","SIDE","CA","SC","YES","E",0,"N","[PREMIUM]",15568.3,"2L 4","FRONT WHEEL DRIVE","AUTOMATIC","DIESEL",4,"DEFAULT","Pure Sale","[PREMIUM]",,"MENTONE","CA","92359","USA","USD","[PREMIUM]","[PREMIUM]","B080",false,"[PREMIUM]","TDI",false,false,"[PREMIUM]",,,,,,,,"[PREMIUM]"
"55191966","2026-07-15 21:00:47.414","2026-07-22 07:11:45.924","55191966","2026-07-15 20:06:14.000","[PREMIUM]","367","CA - MENTONE","2026-07-22","WEDNESDAY","1200","PDT","0","V",2026,"HONDA","CIVIC","CIVIC","SEDAN","GRAY","FRONT END","SIDE","CA","SC","YES","S",18170,"A","[PREMIUM]",26103.08,"2.0L 4","FRONT WHEEL DRIVE","AUTOMATIC","GAS",4,"Vehicle Starts","Pure Sale","[PREMIUM]",,"MENTONE","CA","92359","USA","USD","[PREMIUM]","[PREMIUM]","C030",false,"[PREMIUM]","SPORT",false,false,"[PREMIUM]",,,,,,,,"[PREMIUM]"
"55761576","2026-07-15 21:00:47.413","2026-07-29 04:47:03.859","55761576","2026-07-21 15:12:15.000","[PREMIUM]","367","CA - MENTONE","2026-07-29","WEDNESDAY","1200","PDT","0","V",2020,"ACURA","RDX ADVANC","RDX",,"CHARCOAL","FRONT END",,"CA","SC","YES","D",61971,"A","[PREMIUM]",21731.42,,,"AUTOMATIC",,,"Run & Drive Verified","Pure Sale","[PREMIUM]",,"MENTONE","CA","92359","USA","USD","[PREMIUM]","[PREMIUM]","H050",false,"[PREMIUM]","ADVANCE",false,false,"[PREMIUM]",,,,,,,,"[PREMIUM]"
"55556736","2026-07-15 21:00:47.411","2026-07-22 07:11:45.956","55556736","2026-07-15 22:53:24.000","[PREMIUM]","367","CA - MENTONE","2026-07-22","WEDNESDAY","1200","PDT","0","V",2021,"TOYOTA","PRIUS","PRIUS PRIME","HATCHBACK","WHITE","FRONT END","SIDE","CA","SC","YES","D",145120,"A","[PREMIUM]",17451,"1.8L 4","FRONT WHEEL DRIVE","AUTOMATIC","ELECTRIC AND GAS HYBRID",4,"Run & Drive Verified","On Minimum Bid","[PREMIUM]",,"MENTONE","CA","92359","USA","USD","[PREMIUM]","[PREMIUM]","E050",false,"[PREMIUM]","LIMITED",false,false,"[PREMIUM]",,,,,,,,"[PREMIUM]"
"55723176","2026-07-15 21:00:47.406","2026-07-22 07:11:45.955","55723176","2026-07-15 20:00:14.000","[PREMIUM]","367","CA - MENTONE","2026-07-22","WEDNESDAY","1200","PDT","0","V",2024,"TESLA","MODEL Y","MODEL Y","SPORT UTILITY VEHICLE","BLUE","FRONT END","REAR END","CA","SC","YES","E",67382,"A","[PREMIUM]",26041.18,,"ALL WHEEL DRIVE","AUTOMATIC","ELECTRIC",,"DEFAULT","Pure Sale","[PREMIUM]",,"MENTONE","CA","92359","USA","USD","[PREMIUM]","[PREMIUM]","E050",false,"[PREMIUM]",,false,false,"[PREMIUM]",,,,,,,,"[PREMIUM]"
"54536216","2026-07-15 21:00:47.349","2026-07-22 07:11:45.879","54536216","2026-07-15 20:05:13.000","[PREMIUM]","367","CA - MENTONE","2026-07-22","WEDNESDAY","1200","PDT","0","V",2018,"TOYOTA","COROLLA","COROLLA","SEDAN","SILVER","FRONT END",,"CA","SC","NO","E",77144,"A","[PREMIUM]",8740.34,"1.8L 4","FRONT WHEEL DRIVE","AUTOMATIC","GAS",4,"DEFAULT","Pure Sale","[PREMIUM]",,"MENTONE","CA","92359","USA","USD","[PREMIUM]","[PREMIUM]","G050",false,"[PREMIUM]","XLE",false,false,"[PREMIUM]",,,,,,,,"[PREMIUM]"
"55061996","2026-07-15 21:00:47.334","2026-07-25 13:14:03.868","55061996","2026-07-22 23:49:13.000","[PREMIUM]","367","CA - MENTONE","2026-07-29","WEDNESDAY","1200","PDT","0","V",2016,"SUBARU","LEGACY","LEGACY","SEDAN 4DR","WHITE","ROLLOVER",,"CA","SC","YES","E",90195,"A","[PREMIUM]",0,"2.5L 4","ALL WHEEL DRIVE","AUTOMATIC","GAS",4,"DEFAULT","On Minimum Bid","[PREMIUM]",,"MENTONE","CA","92359","USA","USD","[PREMIUM]","[PREMIUM]","A070",false,"[PREMIUM]","2.5I LIMITED",false,false,"[PREMIUM]",,,,,,,,"[PREMIUM]"
"53965336","2026-07-15 21:00:47.258","2026-07-29 04:47:03.782","53965336","2026-07-28 13:52:30.000","[PREMIUM]","367","CA - MENTONE","2026-07-29","WEDNESDAY","1200","PDT","0","V",2014,"HONDA","CIVIC","CIVIC","SEDAN 4DR","SILVER","FRONT END","SIDE","CA","SC","YES","D",250637,"A","[PREMIUM]",4680.23,"1.8L 4","FRONT WHEEL DRIVE","AUTOMATIC","GAS",4,"Run & Drive Verified","Pure Sale","[PREMIUM]",,"MENTONE","CA","92359","USA","USD","[PREMIUM]","[PREMIUM]","A050",false,"[PREMIUM]","LX",false,false,"[PREMIUM]",,,,,,,,"[PREMIUM]"
"53314456","2026-07-15 21:00:47.251","2026-07-22 07:11:45.797","53314456","2026-07-16 23:29:59.000","[PREMIUM]","367","CA - MENTONE","2026-07-22","WEDNESDAY","1200","PDT","0","V",2016,"INFINITI","QX60","QX60","SUV","BLACK","FRONT END","SIDE","CA","SC","NO","E",57630,"A","[PREMIUM]",14443.92,"3.5L 6","FRONT WHEEL DRIVE","AUTOMATIC","GAS",6,"DEFAULT","Pure Sale","[PREMIUM]",,"MENTONE","CA","92359","USA","USD","[PREMIUM]","[PREMIUM]","A020",false,"[PREMIUM]","BASE",false,false,"[PREMIUM]",,,,,,,,"[PREMIUM]"
"53744046","2026-07-15 21:00:47.251","2026-07-22 07:11:45.843","53744046","2026-07-15 22:59:11.000","[PREMIUM]","367","CA - MENTONE","2026-07-22","WEDNESDAY","1200","PDT","0","V",2018,"NISSAN","ROGUE","ROGUE SPORT","WAGON","WHITE","FRONT END",,"CA","SC","YES","D",33965,"A","[PREMIUM]",10138.65,"2.0L 4","FRONT WHEEL DRIVE","AUTOMATIC","GAS",4,"Run & Drive Verified","On Minimum Bid","[PREMIUM]",,"MENTONE","CA","92359","USA","USD","[PREMIUM]","[PREMIUM]","B050",false,"[PREMIUM]","SV",false,false,"[PREMIUM]",,,,,,,,"[PREMIUM]"
"53003896","2026-07-15 21:00:47.234","2026-07-22 07:11:45.800","53003896","2026-07-16 23:27:50.000","[PREMIUM]","367","CA - MENTONE","2026-07-22","WEDNESDAY","1200","PDT","0","V",2026,"HONDA","CIVIC","CIVIC","SEDAN","BLUE","SIDE","FRONT END","CA","SC","YES","D",10342,"A","[PREMIUM]",26214.36,"2.0L 4","FRONT WHEEL DRIVE","AUTOMATIC","GAS",4,"Run & Drive Verified","Pure Sale","[PREMIUM]",,"MENTONE","CA","92359","USA","USD","[PREMIUM]","[PREMIUM]","E080",false,"[PREMIUM]","SPORT",false,false,"[PREMIUM]",,,,,,,,"[PREMIUM]"
"51911376","2026-07-15 21:00:47.221","2026-07-22 07:11:45.750","51911376","2026-07-15 22:58:38.000","[PREMIUM]","367","CA - MENTONE","2026-07-22","WEDNESDAY","1200","PDT","0","V",2012,"HONDA","PILOT","PILOT","4DR SPORT UTILITY","GRAY","REAR END",,"CA","SC","YES","D",137108,"A","[PREMIUM]",7132.36,"3.5L 6","FRONT WHEEL DRIVE","AUTOMATIC","GAS",6,"Run & Drive Verified","Pure Sale","[PREMIUM]",,"MENTONE","CA","92359","USA","USD","[PREMIUM]","[PREMIUM]","C050",false,"[PREMIUM]","LX",false,false,"[PREMIUM]",,,,,,,,"[PREMIUM]"
"49625796","2026-07-15 21:00:47.156","2026-07-22 07:11:45.681","49625796","2026-07-15 20:11:12.000","[PREMIUM]","367","CA - MENTONE","2026-07-22","WEDNESDAY","1200","PDT","0","V",2025,"TESLA","MODEL 3","MODEL 3","SEDAN","CHARCOAL","FRONT END","SIDE","CA","SC","NO","E",13596,"A","[PREMIUM]",37945,,"REAR WHEEL DRIVE","AUTOMATIC","ELECTRIC",,"DEFAULT","Pure Sale","[PREMIUM]",,"MENTONE","CA","92359","USA","USD","[PREMIUM]","[PREMIUM]","D120",false,"[PREMIUM]",,false,false,"[PREMIUM]",,,,,,,,"[PREMIUM]"
"49977686","2026-07-15 21:00:47.137","2026-07-22 07:11:45.689","49977686","2026-07-15 20:09:08.000","[PREMIUM]","367","CA - MENTONE","2026-07-22","WEDNESDAY","1200","PDT","0","V",2016,"DODGE","DURANGO","DURANGO","4DR SPORT UTILITY","WHITE","ROLLOVER",,"CA","SC","YES","E",113074,"A","[PREMIUM]",18532,"3.6L 6","REAR WHEEL DRIVE","AUTOMATIC","FLEXIBLE",6,"DEFAULT","Pure Sale","[PREMIUM]",,"MENTONE","CA","92359","USA","USD","[PREMIUM]","[PREMIUM]","C040",false,"[PREMIUM]","SXT",false,false,"[PREMIUM]",,,,,,,,"[PREMIUM]"
"46039476","2026-07-15 21:00:47.054","2026-07-22 07:11:45.583","46039476","2026-07-15 22:53:02.000","[PREMIUM]","367","CA - MENTONE","2026-07-22","WEDNESDAY","1200","PDT","0","V",2017,"TOYOTA","COROLLA","COROLLA","SEDAN","BLUE","FRONT END",,"CA","SC","YES","D",151815,"A","[PREMIUM]",8398.62,"1.8L 4","FRONT WHEEL DRIVE","AUTOMATIC","GAS",4,"Run & Drive Verified","On Minimum Bid","[PREMIUM]",,"MENTONE","CA","92359","USA","USD","[PREMIUM]","[PREMIUM]","I050",false,"[PREMIUM]","SE",false,false,"[PREMIUM]",,,,,,,,"[PREMIUM]"
"85993795","2026-07-15 21:00:46.881","2026-07-19 19:13:05.809","85993795","2026-07-16 16:18:49.000","[PREMIUM]","366","FL - CLEWISTON","2026-07-20","MONDAY","1000","EDT","0","V",2014,"NISSAN","VERSA","VERSA","SEDAN","WHITE","REAR END","FRONT END","FL","CD","YES","D",266188,"A","[PREMIUM]",6705.11,"1.6L 4","FRONT WHEEL DRIVE","AUTOMATIC","GAS",4,"Run & Drive Verified","Pure Sale","[PREMIUM]",,"CLEWISTON","FL","33440","USA","USD","[PREMIUM]","[PREMIUM]","M050",false,"[PREMIUM]","1.6 S PLUS",false,false,"[PREMIUM]",,,,,,,,"[PREMIUM]"
"80648375","2026-07-15 21:00:46.750","2026-07-19 19:13:05.737","80648375","2026-07-16 16:14:24.000","[PREMIUM]","366","FL - CLEWISTON","2026-07-20","MONDAY","1000","EDT","0","V",2024,"KIA","FORTE","FORTE",,"WHITE","FRONT END","SIDE","FL","CD","YES","D",17869,"N","[PREMIUM]",21952.55,"2  L  4","Front-wheel Drive","AUTOMATIC","GAS",4,"Run & Drive Verified","Pure Sale","[PREMIUM]",,"CLEWISTON","FL","33440","USA","USD","[PREMIUM]","[PREMIUM]","K060",false,"[PREMIUM]","LX",false,false,"[PREMIUM]",,,,,,,,"[PREMIUM]"
"75934085","2026-07-15 21:00:46.627","2026-07-26 19:21:25.100","75934085","2026-07-25 17:14:46.000","[PREMIUM]","366","FL - CLEWISTON","2026-07-27","MONDAY","1000","EDT","1112","V",2015,"DODGE","CARAVAN","GRAND CARAVAN","SPORTS V","SILVER","FRONT END","UNDERCARRIAGE","FL","RB","YES","E",189308,"N","[PREMIUM]",1226.44,"3.6L  6","Front-wheel Drive","AUTOMATIC","FLEXIBLE FUEL",6,"DEFAULT","On Minimum Bid","[PREMIUM]",,"CLEWISTON","FL","33440","USA","USD","[PREMIUM]","[PREMIUM]","J100",false,"[PREMIUM]","SXT",false,false,"[PREMIUM]",,,,,,,,"[PREMIUM]"
"60832316","2026-07-15 21:00:46.529","2026-07-19 19:13:05.392","60832316","2026-07-15 14:34:38.000","[PREMIUM]","366","FL - CLEWISTON","2026-07-20","MONDAY","1000","EDT","0","V",2026,"TOYOTA","COROLLA","COROLLA","SEDAN","BLACK","FRONT END","REAR END","FL","CT","YES","D",5515,"N","[PREMIUM]",0,"2.0L 4","FRONT WHEEL DRIVE","AUTOMATIC","GAS",4,"Run & Drive Verified","On Minimum Bid","[PREMIUM]",,"CLEWISTON","FL","33440","USA","USD","[PREMIUM]","[PREMIUM]","M080",true,"[PREMIUM]","LE",false,false,"[PREMIUM]",,,,,,,,"[PREMIUM]"
"60115556","2026-07-15 21:00:46.523","2026-07-19 19:13:05.366","60115556","2026-07-16 20:23:51.000","[PREMIUM]","366","FL - CLEWISTON","2026-07-20","MONDAY","1000","EDT","0","V",2023,"TOYOTA","ALL OTHER","GR 86","COUPE","GRAY","FRONT END","MINOR DENT/SCRATCHES","FL","RB","YES","D",22991,"A","[PREMIUM]",20915.2,"2.4L 4","REAR WHEEL DRIVE","AUTOMATIC","GAS",4,"Run & Drive Verified","Pure Sale","[PREMIUM]",,"CLEWISTON","FL","33440","USA","USD","[PREMIUM]","[PREMIUM]","M060",false,"[PREMIUM]","PREMIUM",false,false,"[PREMIUM]",,,,,,,,"[PREMIUM]"
"59910696","2026-07-15 21:00:46.509","2026-07-19 19:13:05.356","59910696","2026-07-16 19:56:38.000","[PREMIUM]","366","FL - CLEWISTON","2026-07-20","MONDAY","1000","EDT","0","V",2004,"TOYOTA","CAMRY","CAMRY","SEDAN","WHITE","FRONT END",,"FL","RB","YES","D",268689,"E","[PREMIUM]",1794.13,"2.4L 4","FRONT WHEEL DRIVE","AUTOMATIC","GAS",4,"Run & Drive Verified","Pure Sale","[PREMIUM]",,"CLEWISTON","FL","33440","USA","USD","[PREMIUM]","[PREMIUM]","L010",false,"[PREMIUM]","LE",false,false,"[PREMIUM]",,,,,,,,"[PREMIUM]"
"59124986","2026-07-15 21:00:46.488","2026-07-19 19:13:05.334","59124986","2026-07-15 18:35:54.000","[PREMIUM]","366","FL - CLEWISTON","2026-07-20","MONDAY","1000","EDT","0","V",2017,"CHEVROLET","SILVERADO","SILVERADO","4DR EXT CAB PICKUP","BLACK","FRONT END",,"FL","CT","YES","E",152563,"A","[PREMIUM]",0,"5.3L 8","REAR WHEEL DRIVE","AUTOMATIC","GAS",8,"DEFAULT","On Minimum Bid","[PREMIUM]",,"CLEWISTON","FL","33440","USA","USD","[PREMIUM]","[PREMIUM]",,true,"[PREMIUM]","C1500 LT",false,false,"[PREMIUM]",,,,,,,,"[PREMIUM]"
"57829136","2026-07-15 21:00:46.425","2026-07-19 19:13:05.274","57829136","2026-07-16 16:42:52.000","[PREMIUM]","366","FL - CLEWISTON","2026-07-20","MONDAY","1000","EDT","0","V",2020,"HONDA","CIVIC","CIVIC","SEDAN","MAROON","SIDE","FRONT END","FL","CD","YES","D",84789,"A","[PREMIUM]",17793.04,"2.0L 4","FRONT WHEEL DRIVE","AUTOMATIC","GAS",4,"Run & Drive Verified","Pure Sale","[PREMIUM]",,"CLEWISTON","FL","33440","USA","USD","[PREMIUM]","[PREMIUM]","M050",false,"[PREMIUM]","LX",false,false,"[PREMIUM]",,,,,,,,"[PREMIUM]"
"56004346","2026-07-15 21:00:46.303","2026-07-26 19:21:23.329","56004346","2026-07-25 17:14:46.000","[PREMIUM]","366","FL - CLEWISTON","2026-07-27","MONDAY","1000","EDT","59","V",2021,"NISSAN","ALTIMA","ALTIMA","SEDAN","GRAY","FRONT END",,"FL","CD","YES","D",168136,"A","[PREMIUM]",9954.17,"2.5L 4","FRONT WHEEL DRIVE","AUTOMATIC","GAS",4,"Run & Drive Verified","Pure Sale","[PREMIUM]",,"CLEWISTON","FL","33440","USA","USD","[PREMIUM]","[PREMIUM]","J100",false,"[PREMIUM]","SV",false,false,"[PREMIUM]",,,,,,,,"[PREMIUM]"
"55385686","2026-07-15 21:00:46.243","2026-07-19 19:13:05.088","55385686","2026-07-16 16:33:23.000","[PREMIUM]","366","FL - CLEWISTON","2026-07-20","MONDAY","1000","EDT","0","V",2024,"HONDA","CIVIC","CIVIC","SEDAN","GRAY","FRONT END","STRIPPED","FL","RB","YES","D",55561,"A","[PREMIUM]",8912.16,"2.0L 4","FRONT WHEEL DRIVE","AUTOMATIC","GAS",4,"Run & Drive Verified","Pure Sale","[PREMIUM]",,"CLEWISTON","FL","33440","USA","USD","[PREMIUM]","[PREMIUM]","M110",false,"[PREMIUM]","LX",false,false,"[PREMIUM]",,,,,,,,"[PREMIUM]"
"55207486","2026-07-15 21:00:46.230","2026-07-19 19:13:05.071","55207486","2026-07-17 03:51:40.000","[PREMIUM]","366","FL - CLEWISTON","2026-07-20","MONDAY","1000","EDT","0","V",2018,"FORD","FUSION","FUSION","SEDAN","BLACK","REAR END",,"FL","CD","YES","D",131555,"A","[PREMIUM]",19999,"2.0L 4","ALL WHEEL DRIVE","AUTOMATIC","GAS",4,"Run & Drive Verified","Pure Sale","[PREMIUM]",,"CLEWISTON","FL","33440","USA","USD","[PREMIUM]","[PREMIUM]","J010",false,"[PREMIUM]","TITANIUM/PLATINUM",false,false,"[PREMIUM]",,,,,,,,"[PREMIUM]"
"53245646","2026-07-15 21:00:46.109","2026-07-19 19:13:04.944","53245646","2026-07-16 17:18:05.000","[PREMIUM]","366","FL - CLEWISTON","2026-07-20","MONDAY","1000","EDT","0","V",2012,"NISSAN","SENTRA","SENTRA","SEDAN","BLUE","FRONT END",,"FL","RR","YES","E",0,"N","[PREMIUM]",1932.82,"2.0L 4","FRONT WHEEL DRIVE","AUTOMATIC","GAS",4,"DEFAULT","On Minimum Bid","[PREMIUM]",,"CLEWISTON","FL","33440","USA","USD","[PREMIUM]","[PREMIUM]","I070",false,"[PREMIUM]","2.0",false,false,"[PREMIUM]",,,,,,,,"[PREMIUM]"
"53091996","2026-07-15 21:00:46.107","2026-07-19 19:13:04.946","53091996","2026-07-16 16:18:22.000","[PREMIUM]","366","FL - CLEWISTON","2026-07-20","MONDAY","1000","EDT","0","V",2022,"KIA","FORTE","FORTE","SEDAN","BLACK","FRONT END","REAR END","FL","CD","YES","D",73952,"A","[PREMIUM]",12870,"2.0L 4","FRONT WHEEL DRIVE","AUTOMATIC","GAS",4,"Run & Drive Verified","Pure Sale","[PREMIUM]",,"CLEWISTON","FL","33440","USA","USD","[PREMIUM]","[PREMIUM]","I090",false,"[PREMIUM]","LXS",false,false,"[PREMIUM]",,,,,,,,"[PREMIUM]"
"52800006","2026-07-15 21:00:46.049","2026-07-19 19:13:04.915","52800006","2026-07-16 17:22:43.000","[PREMIUM]","366","FL - CLEWISTON","2026-07-20","MONDAY","1000","EDT","0","V",2013,"MINI","COOPER","COOPER","HATCHBACK 2DR","SILVER","FRONT END",,"FL","RB","YES","E",80849,"A","[PREMIUM]",0,"1.6L 4","FRONT WHEEL DRIVE","AUTOMATIC","GAS",4,"DEFAULT","Pure Sale","[PREMIUM]",,"CLEWISTON","FL","33440","USA","USD","[PREMIUM]","[PREMIUM]","J080",false,"[PREMIUM]",,false,false,"[PREMIUM]",,,,,,,,"[PREMIUM]"
"52941206","2026-07-15 21:00:46.044","2026-07-27 22:46:44.963","52941206","2026-07-27 16:36:07.000","[PREMIUM]","366","FL - CLEWISTON","2026-08-03","MONDAY","1000","EDT","0","V",2017,"INFINITI","Q50","Q50","SEDAN","WHITE","FRONT END","SIDE","FL","RB","NO","E",57563,"A","[PREMIUM]",10285,"2.0L 4","REAR WHEEL DRIVE","AUTOMATIC","GAS",4,"DEFAULT","On Minimum Bid","[PREMIUM]",,"CLEWISTON","FL","33440","USA","USD","[PREMIUM]","[PREMIUM]","J070",false,"[PREMIUM]","2.0T PREMIUM",false,false,"[PREMIUM]",,,,,,,,"[PREMIUM]"
"52760976","2026-07-15 21:00:46.031","2026-07-26 19:21:23.701","52760976","2026-07-25 17:14:46.000","[PREMIUM]","366","FL - CLEWISTON","2026-07-27","MONDAY","1000","EDT","23","V",2020,"MAZDA","CX-5","CX-5","SPORT UTILITY VEHICLE","RED","REAR END",,"FL","RB","YES","D",104086,"A","[PREMIUM]",12087.68,"2.5L 4","FRONT WHEEL DRIVE","AUTOMATIC","GAS",4,"Run & Drive Verified","Pure Sale","[PREMIUM]",,"CLEWISTON","FL","33440","USA","USD","[PREMIUM]","[PREMIUM]","M110",false,"[PREMIUM]","GRAND TOURING",false,false,"[PREMIUM]",,,,,,,,"[PREMIUM]"
"52133756","2026-07-15 21:00:45.975","2026-07-17 11:10:34.134","52133756","2026-07-16 20:31:13.000","[PREMIUM]","366","FL - CLEWISTON","2026-07-20","MONDAY","1000","EDT","0","V",2025,"HYUNDAI","TUCSON","TUCSON","SPORT UTILITY VEHICLE","PURPLE","FRONT END",,"FL","RB","YES","E",6321,"A","[PREMIUM]",22521.14,"2.5L 4","FRONT WHEEL DRIVE","AUTOMATIC","GAS",4,"DEFAULT","On Minimum Bid","[PREMIUM]",,"CLEWISTON","FL","33440","USA","USD","[PREMIUM]","[PREMIUM]","J080",false,"[PREMIUM]","SEL",false,false,"[PREMIUM]",,,,,,,,"[PREMIUM]"
"51039196","2026-07-15 21:00:45.894","2026-07-22 07:11:44.617","51039196","2026-07-20 15:57:34.000","[PREMIUM]","366","FL - CLEWISTON","2026-07-27","MONDAY","1000","EDT","0","V",2018,"HONDA","CIVIC","CIVIC","HATCHBACK","SILVER","FRONT END","UNDERCARRIAGE","FL","RB","YES","D",103311,"A","[PREMIUM]",13417,"1.5L 4","FRONT WHEEL DRIVE","AUTOMATIC","GAS",4,"Run & Drive Verified","On Minimum Bid","[PREMIUM]",,"CLEWISTON","FL","33440","USA","USD","[PREMIUM]","[PREMIUM]","I060",false,"[PREMIUM]","SPORT TOURING",false,false,"[PREMIUM]",,,,,,,,"[PREMIUM]"
"49994996","2026-07-15 21:00:45.824","2026-07-26 19:21:24.000","49994996","2026-07-25 17:14:46.000","[PREMIUM]","366","FL - CLEWISTON","2026-07-27","MONDAY","1000","EDT","78","V",2022,"HONDA","HR-V","HR-V","SPORT UTILITY VEHICLE","WHITE","FRONT END","SIDE","FL","CD","EXM","D",63602,"A","[PREMIUM]",13687.17,"1.8L 4","FRONT WHEEL DRIVE","AUTOMATIC","GAS",4,"Run & Drive Verified","Pure Sale","[PREMIUM]",,"CLEWISTON","FL","33440","USA","USD","[PREMIUM]","[PREMIUM]","J050",false,"[PREMIUM]","EX",false,false,"[PREMIUM]",,,,,,,,"[PREMIUM]"
"47659466","2026-07-15 21:00:45.753","2026-07-19 19:13:04.597","47659466","2026-07-16 20:10:02.000","[PREMIUM]","366","FL - CLEWISTON","2026-07-20","MONDAY","1000","EDT","0","V",2020,"VOLKSWAGEN","JETTA","JETTA","SEDAN","GRAY","FRONT END","SIDE","FL","RB","YES","D",140417,"A","[PREMIUM]",5968.81,"1.4L 4","FRONT WHEEL DRIVE","AUTOMATIC","GAS",4,"Run & Drive Verified","On Minimum Bid","[PREMIUM]",,"CLEWISTON","FL","33440","USA","USD","[PREMIUM]","[PREMIUM]","M050",false,"[PREMIUM]","S",false,false,"[PREMIUM]",,,,,,,,"[PREMIUM]"
"46272106","2026-07-15 21:00:45.730","2026-07-26 19:21:23.128","46272106","2026-07-25 17:14:46.000","[PREMIUM]","366","FL - CLEWISTON","2026-07-27","MONDAY","1000","EDT","1138","V",2012,"MAZDA","2","MAZDA2","HATCHBACK 4DR","SILVER","FRONT END","SIDE","FL","RB","YES","S",136516,"A","[PREMIUM]",6341.2,"1.5L 4","FRONT WHEEL DRIVE","AUTOMATIC","GAS",4,"Vehicle Starts","Pure Sale","[PREMIUM]",,"CLEWISTON","FL","33440","USA","USD","[PREMIUM]","[PREMIUM]","M060",false,"[PREMIUM]",,false,false,"[PREMIUM]",,,,,,,,"[PREMIUM]"
"60958526","2026-07-15 21:00:45.664","2026-07-30 08:42:45.100","60958526","2026-07-27 19:31:02.000","[PREMIUM]","363","ND - BISMARCK","2026-08-03","MONDAY","1400","CDT","0","V",2015,"CHEVROLET","CAPTIVA","CAPTIVA","4DR SPORT UTILITY","MAROON","HAIL","FRONT END","ND","CT","YES","D",163476,"A","[PREMIUM]",0,"2.4L 4","FRONT WHEEL DRIVE","AUTOMATIC","FLEXIBLE",4,"Run & Drive Verified","On Minimum Bid","[PREMIUM]",,"BISMARCK","ND","58504","USA","USD","[PREMIUM]","[PREMIUM]","B030",true,"[PREMIUM]","LTZ",false,false,"[PREMIUM]",,,,,,,,"[PREMIUM]"
"60942086","2026-07-15 21:00:45.639","2026-07-15 21:00:45.639","60942086","2026-07-15 15:30:03.000","[PREMIUM]","838","RENTAL VEHICLE SALE","2026-07-15","WEDNESDAY","1200","EDT","454","V",2025,"CHEVROLET","SILVERADO","SILVERADO","PICKUP","BLACK","SIDE",,"TX","CT","YES","D",46114,"A","[PREMIUM]",0,"5.3L 8","REAR WHEEL DRIVE","AUTOMATIC","GAS",8,"Run & Drive Verified","On Minimum Bid","[PREMIUM]",,"BISMARCK","ND","58504","USA","USD","[PREMIUM]","[PREMIUM]","E010",false,"[PREMIUM]","C1500 LT",false,false,"[PREMIUM]",,,,,,,,"[PREMIUM]"
"60178786","2026-07-15 21:00:45.635","2026-07-30 14:45:31.937","60178786","2026-07-25 00:17:32.000","[PREMIUM]","363","ND - BISMARCK","2026-08-03","MONDAY","1400","CDT","0","V",2015,"CHEVROLET","TRAVERSE","TRAVERSE","4DR SPORT UTILITY","BLACK","MINOR DENT/SCRATCHES",,"ND","CT","YES","E",115680,"A","[PREMIUM]",0,"3.6L 6","ALL WHEEL DRIVE","AUTOMATIC","GAS",6,"DEFAULT","On Approval","[PREMIUM]",,"BISMARCK","ND","58504","USA","USD","[PREMIUM]","[PREMIUM]","C030",false,"[PREMIUM]","LTZ",false,false,"[PREMIUM]",,,,,,,,"[PREMIUM]"
"60239446","2026-07-15 21:00:45.631","2026-07-30 02:43:22.990","60239446","2026-07-28 18:06:56.000","[PREMIUM]","363","ND - BISMARCK","2026-08-03","MONDAY","1400","CDT","0","V",2010,"CHEVROLET","MALIBU","MALIBU","SEDAN 4DR","TAN","MECHANICAL","REAR END","ND","CT","YES","D",218383,"E","[PREMIUM]",0,"2.4L 4","FRONT WHEEL DRIVE","AUTOMATIC","FLEXIBLE",4,"Run & Drive Verified","On Minimum Bid","[PREMIUM]",,"BISMARCK","ND","58504","USA","USD","[PREMIUM]","[PREMIUM]","C030",false,"[PREMIUM]","2LT",false,false,"[PREMIUM]",,,,,,,,"[PREMIUM]"
"59715596","2026-07-15 21:00:45.604","2026-07-19 19:13:04.398","59715596","2026-07-14 20:57:03.000","[PREMIUM]","363","ND - BISMARCK","2026-07-20","MONDAY","1400","CDT","0","V",2021,"FORD","F250","F250","PICKUP","WHITE","MINOR DENT/SCRATCHES",,"ND","CT","YES","D",224643,"N","[PREMIUM]",0,"6.2L 8","4X4 W/REAR WHEEL DRV","AUTOMATIC","GAS",8,"Run & Drive Verified","On Minimum Bid","[PREMIUM]",,"BISMARCK","ND","58504","USA","USD","[PREMIUM]","[PREMIUM]","D040",false,"[PREMIUM]","SUPER DUTY",false,false,"[PREMIUM]",,,,,,,,"[PREMIUM]"
"59091686","2026-07-15 21:00:45.598","2026-07-30 08:42:44.958","59091686","2026-07-14 21:38:38.000","[PREMIUM]","363","ND - BISMARCK",,,,"CDT","0","V",2002,"CHEVROLET","TAHOE","TAHOE","4DR SPORT UTILITY","BLUE","TOP/ROOF","SIDE","MN","RS","YES","D",168669,"A","[PREMIUM]",9709.92,"5.3L 8","4X4 W/REAR WHEEL DRV","AUTOMATIC","FLEXIBLE",8,"Run & Drive Verified","Pure Sale","[PREMIUM]",,"BISMARCK","ND","58504","USA","USD","[PREMIUM]","[PREMIUM]","B030",false,"[PREMIUM]","K1500",false,false,"[PREMIUM]",,,,,,,,"[PREMIUM]"
"59095236","2026-07-15 21:00:45.593","2026-07-30 08:42:44.943","59095236","2026-07-17 16:15:48.000","[PREMIUM]","363","ND - BISMARCK",,,,"CDT","0","V",2006,"TOYOTA","CAMRY","CAMRY","SEDAN","BURGUNDY","SIDE","FRONT END","MN","RS","YES","D",171951,"E","[PREMIUM]",4210,"2.4L 4","FRONT WHEEL DRIVE","AUTOMATIC","GAS",4,"Run & Drive Verified","On Minimum Bid","[PREMIUM]",,"BISMARCK","ND","58504","USA","USD","[PREMIUM]","[PREMIUM]","C010",false,"[PREMIUM]","SE",false,false,"[PREMIUM]",,,,,,,,"[PREMIUM]"
"58410096","2026-07-15 21:00:45.468","2026-07-15 21:00:45.468","58410096","2026-07-15 18:56:08.000","[PREMIUM]","833","HEAVY-TRAILER-RV CLEAN SALE","2026-07-21","TUESDAY","1100","CDT","0","U",2008,"CHEVROLET","C/K4500","C4500","CREW CHASSIS","WHITE","MINOR DENT/SCRATCHES",,"ND","CT","NO","E",38588,"E","[PREMIUM]",11913,"8","REAR WHEEL DRIVE","AUTOMATIC","GAS",8,"DEFAULT","On Approval","[PREMIUM]",,"BISMARCK","ND","58504","USA","USD","[PREMIUM]","[PREMIUM]","D020",false,"[PREMIUM]","C4E042",false,false,"[PREMIUM]",,,,,,,,"[PREMIUM]"
"58271496","2026-07-15 21:00:45.466","2026-07-30 08:42:44.829","58271496","2026-07-14 21:38:37.000","[PREMIUM]","363","ND - BISMARCK",,,,"CDT","0","V",2024,"HYUNDAI","TUCSON","TUCSON","SPORT UTILITY VEHICLE","RED","SIDE","DAMAGE HISTORY","MN","ST","YES","D",40566,"A","[PREMIUM]",13380,"2.5L 4","ALL WHEEL DRIVE","AUTOMATIC","GAS",4,"Run & Drive Verified","Pure Sale","[PREMIUM]",,"BISMARCK","ND","58504","USA","USD","[PREMIUM]","[PREMIUM]","C030",false,"[PREMIUM]","SE",false,false,"[PREMIUM]",,,,,,,,"[PREMIUM]"
"58410086","2026-07-15 21:00:45.464","2026-07-15 21:00:45.464","58410086","2026-07-14 21:21:40.000","[PREMIUM]","833","HEAVY-TRAILER-RV CLEAN SALE","2026-07-21","TUESDAY","1100","CDT","0","U",2008,"CHEVROLET","C/K4500","C4500","CREW CHASSIS","WHITE","MINOR DENT/SCRATCHES",,"ND","CT","NO","E",39491,"A","[PREMIUM]",14640,"8","REAR WHEEL DRIVE","AUTOMATIC","GAS",8,"DEFAULT","On Approval","[PREMIUM]","title branded EXEMPT  ( WITH MILEAGE )","BISMARCK","ND","58504","USA","USD","[PREMIUM]","[PREMIUM]","D020",false,"[PREMIUM]","C4E042",false,false,"[PREMIUM]",,,,,,,,"[PREMIUM]"
"57585526","2026-07-15 21:00:45.389","2026-07-30 08:42:44.695","57585526","2026-07-29 21:06:15.000","[PREMIUM]","841","CRASHEDTOYS POWERSPORT AUCTION","2026-07-30","THURSDAY","1200","CDT","5054","A",2023,"POLARIS","ATV","SPORTSMAN","ATV","RED","ROLLOVER",,"IA","RA","YES","D",0,"N","[PREMIUM]",9140.19,"1",,"MANUAL","GAS",1,"Run & Drive Verified","Pure Sale","[PREMIUM]",,"BISMARCK","ND","58504","USA","USD","[PREMIUM]","[PREMIUM]","MC01",false,"[PREMIUM]",,false,false,"[PREMIUM]",,,,,,,,"[PREMIUM]"
"57274516","2026-07-15 21:00:45.355","2026-07-30 08:42:44.557","57274516","2026-07-14 21:38:37.000","[PREMIUM]","363","ND - BISMARCK",,,,"CDT","0","V",2021,"HONDA","CRV","CR-V","SPORT UTILITY VEHICLE","BLUE","REAR END","FRONT END","MN","ST","YES","D",111842,"A","[PREMIUM]",14333.95,"1.5L 4","ALL WHEEL DRIVE","AUTOMATIC","GAS",4,"Run & Drive Verified","Pure Sale","[PREMIUM]",,"BISMARCK","ND","58504","USA","USD","[PREMIUM]","[PREMIUM]","C020",false,"[PREMIUM]","EX",false,false,"[PREMIUM]",,,,,,,,"[PREMIUM]"
"56768676","2026-07-15 21:00:45.314","2026-07-30 08:42:44.539","56768676","2026-07-14 21:38:37.000","[PREMIUM]","836","HEAVY TRUCK SPECIALTY SALE",,,,"CDT","0","R",2022,"KEYSTONE RV","TRAILERS","TRAILERS",,"WHITE","ROLLOVER",,"MN","ST","EXM","E",0,"N","[PREMIUM]",0,,,,,,"DEFAULT","Pure Sale","[PREMIUM]",,"BISMARCK","ND","58504","USA","USD","[PREMIUM]","[PREMIUM]","F020",false,"[PREMIUM]",,false,false,"[PREMIUM]",,,,,,,,"[PREMIUM]"
"56194006","2026-07-15 21:00:45.281","2026-07-30 08:42:44.494","56194006","2026-07-14 21:38:38.000","[PREMIUM]","835","MEDIUM DUTY SPECIALTY SALE",,,,"CDT","0","K",2016,"FORD","TRANSIT","TRANSIT","CARGO VAN","WHITE","FRONT END",,"MN","ST","YES","D",115811,"A","[PREMIUM]",0,"3.7L 6","REAR WHEEL DRIVE","AUTOMATIC","GAS",6,"Run & Drive Verified","On Minimum Bid","[PREMIUM]",,"BISMARCK","ND","58504","USA","USD","[PREMIUM]","[PREMIUM]","D030",false,"[PREMIUM]","T-250",false,false,"[PREMIUM]",,,,,,,,"[PREMIUM]"
"56519646","2026-07-15 21:00:45.269","2026-07-30 08:42:44.492","56519646","2026-07-14 21:38:38.000","[PREMIUM]","363","ND - BISMARCK",,,,"CDT","0","V",2016,"GMC","SIERRA","SIERRA","4DR EXT CAB PICKUP","BLACK","FRONT END",,"MN","ST","YES","E",128338,"A","[PREMIUM]",20000,"5.3L 8","4X4 W/REAR WHEEL DRV","AUTOMATIC","GAS",8,"DEFAULT","On Minimum Bid","[PREMIUM]",,"BISMARCK","ND","58504","USA","USD","[PREMIUM]","[PREMIUM]","A020",false,"[PREMIUM]","K1500 SLT",false,false,"[PREMIUM]",,,,,,,,"[PREMIUM]"
"54272196","2026-07-15 21:00:45.078","2026-07-30 08:42:44.431","54272196","2026-07-14 21:38:37.000","[PREMIUM]","363","ND - BISMARCK",,,,"CDT","0","V",2012,"FORD","F250","F250","CREW PICKUP","BROWN","ROLLOVER",,"MN","ST","YES","E",85668,"A","[PREMIUM]",25286.88,"6.7L 8","4X4 W/REAR WHEEL DRV","AUTOMATIC","DIESEL",8,"DEFAULT","Pure Sale","[PREMIUM]",,"BISMARCK","ND","58504","USA","USD","[PREMIUM]","[PREMIUM]","D040",false,"[PREMIUM]","SUPER DUTY",false,false,"[PREMIUM]",,,,,,,,"[PREMIUM]"
"52743036","2026-07-15 21:00:44.939","2026-07-30 08:42:44.378","52743036","2026-07-14 21:38:37.000","[PREMIUM]","363","ND - BISMARCK",,,,"CDT","0","V",2019,"FORD","F-150","F150","PICKUP","SILVER","FRONT END",,"MN","ST","YES","D",101450,"A","[PREMIUM]",19701.81,"2.7L 6","4X4 W/REAR WHEEL DRV","AUTOMATIC","GAS",6,"Run & Drive Verified","Pure Sale","[PREMIUM]",,"BISMARCK","ND","58504","USA","USD","[PREMIUM]","[PREMIUM]","A030",false,"[PREMIUM]","SUPERCREW",false,false,"[PREMIUM]",,,,,,,,"[PREMIUM]"
"52543146","2026-07-15 21:00:44.921","2026-07-30 08:42:44.350","52543146","2026-07-29 02:01:58.000","[PREMIUM]","363","ND - BISMARCK","2026-08-03","MONDAY","1400","CDT","0","V",2014,"MAZDA","3","3","SEDAN 4DR","SILVER","REAR END",,"MN","PO","YES","D",111886,"A","[PREMIUM]",8002.78,"2.0L 4","FRONT WHEEL DRIVE","MANUAL","GAS",4,"Run & Drive Verified","Pure Sale","[PREMIUM]",,"BISMARCK","ND","58504","USA","USD","[PREMIUM]","[PREMIUM]","C020",false,"[PREMIUM]","GRAND TOURING",false,false,"[PREMIUM]",,,,,,,,"[PREMIUM]"
"51472666","2026-07-15 21:00:44.837","2026-07-30 08:42:44.325","51472666","2026-07-14 21:38:39.000","[PREMIUM]","363","ND - BISMARCK",,,,"CDT","0","V",2023,"JEEP","RENEGADE","RENEGADE","SPORT UTILITY VEHICLE","GRAY","REAR END",,"MN","ST","YES","D",29824,"A","[PREMIUM]",11729.89,"1.3L 4","4X4 W/FRONT WHL DRV","AUTOMATIC","GAS",4,"Run & Drive Verified","Pure Sale","[PREMIUM]",,"BISMARCK","ND","58504","USA","USD","[PREMIUM]","[PREMIUM]","C020",false,"[PREMIUM]","LATITUDE",false,false,"[PREMIUM]",,,,,,,,"[PREMIUM]"
"60739306","2026-07-15 21:00:44.664","2026-07-15 21:00:44.664","60739306","2026-07-15 14:52:14.000","[PREMIUM]","362","AZ - PHOENIX NORTH","2026-07-16","THURSDAY","1200","PDT","52","V",2014,"FORD","FUSION","FUSION","SEDAN 4DR","GRAY","SIDE","MINOR DENT/SCRATCHES","AZ","CT","YES","D",218016,"A","[PREMIUM]",0,"2.0L 4","FRONT WHEEL DRIVE","AUTOMATIC","GAS",4,"Run & Drive Verified","On Approval","[PREMIUM]",,"PHOENIX","AZ","85085","USA","USD","[PREMIUM]","[PREMIUM]","J030",false,"[PREMIUM]","TITANIUM",false,false,"[PREMIUM]",,,,,,,,"[PREMIUM]"
"60848106","2026-07-15 21:00:44.652","2026-07-21 01:13:27.174","60848106","2026-07-20 14:07:48.000","[PREMIUM]","362","AZ - PHOENIX NORTH","2026-07-21","TUESDAY","1200","PDT","135","V",2015,"CHRYSLER","200","200","SEDAN 4DR","WHITE","MECHANICAL","MINOR DENT/SCRATCHES","AZ","CT","YES","D",91843,"A","[PREMIUM]",0,"3.6L 6","FRONT WHEEL DRIVE","AUTOMATIC","FLEXIBLE",6,"Run & Drive Verified","On Minimum Bid","[PREMIUM]",,"PHOENIX","AZ","85085","USA","USD","[PREMIUM]","[PREMIUM]","G040",true,"[PREMIUM]","C",false,false,"[PREMIUM]",,,,,,,,"[PREMIUM]"
"85457285","2026-07-15 21:00:44.598","2026-07-21 01:13:27.581","85457285","2026-07-20 20:08:01.000","[PREMIUM]","362","AZ - PHOENIX NORTH","2026-07-21","TUESDAY","1200","PDT","103","V",2024,"BMW","3 SERIES","330XI","SEDAN","BLUE","SIDE",,"AZ","SC","YES","D",13023,"A","[PREMIUM]",0,"2.0L 4","ALL WHEEL DRIVE","AUTOMATIC","GAS",4,"Run & Drive Verified","Pure Sale","[PREMIUM]",,"PHOENIX","AZ","85085","USA","USD","[PREMIUM]","[PREMIUM]","CD002",false,"[PREMIUM]",,false,false,"[PREMIUM]",,,,,,,,"[PREMIUM]"
"77139515","2026-07-15 21:00:44.560","2026-07-21 01:13:27.530","77139515","2026-07-20 14:07:47.000","[PREMIUM]","362","AZ - PHOENIX NORTH","2026-07-21","TUESDAY","1200","PDT","46","V",2023,"GMC","SIERRA","SIERRA",,"WHITE","FRONT END",,"AZ","SC","YES","D",36999,"A","[PREMIUM]",28000,"5.3L  8","4x4 w/Rear Wheel Drv","AUTOMATIC","GAS",8,"Run & Drive Verified","Pure Sale","[PREMIUM]",,"PHOENIX","AZ","85085","USA","USD","[PREMIUM]","[PREMIUM]","C150",false,"[PREMIUM]","K1500",false,false,"[PREMIUM]",,,,,,,,"[PREMIUM]"
"74105225","2026-07-15 21:00:44.556","2026-07-15 21:00:44.556","74105225","2026-07-15 14:52:14.000","[PREMIUM]","362","AZ - PHOENIX NORTH","2026-07-16","THURSDAY","1200","PDT","1","V",2020,"CHEVROLET","COLORADO","COLORADO",,"WHITE","MINOR DENT/SCRATCHES",,"IA","CT","YES","D",125661,"A","[PREMIUM]",0,"2.5L  4","4x4 w/Rear Wheel Drv","AUTOMATIC","GAS",4,"Run & Drive Verified","Pure Sale","[PREMIUM]",,"PHOENIX","AZ","85085","USA","USD","[PREMIUM]","[PREMIUM]","B170",false,"[PREMIUM]",,false,false,"[PREMIUM]",,,,,,,,"[PREMIUM]"
"61216216","2026-07-15 21:00:44.522","2026-07-21 07:11:46.144","61216216","2026-07-20 14:07:48.000","[PREMIUM]","362","AZ - PHOENIX NORTH","2026-07-21","TUESDAY","1200","PDT","2525","V",2013,"TOYOTA","TACOMA","TACOMA","PICKUP","BLACK","UNDERCARRIAGE","FRONT END","AZ","SC","YES","E",231729,"A","[PREMIUM]",21428.18,"2.7L 4","FOUR BY FOUR","MANUAL","GAS",4,"DEFAULT","On Minimum Bid","[PREMIUM]",,"PHOENIX","AZ","85085","USA","USD","[PREMIUM]","[PREMIUM]","C090",false,"[PREMIUM]","BASE",false,false,"[PREMIUM]",,,,,,,,"[PREMIUM]"
"61040366","2026-07-15 21:00:44.489","2026-07-21 01:13:27.313","61040366","2026-07-20 14:07:48.000","[PREMIUM]","362","AZ - PHOENIX NORTH","2026-07-21","TUESDAY","1200","PDT","119","V",2012,"KIA","FORTE","FORTE","SEDAN 4DR","GRAY","FRONT END","MINOR DENT/SCRATCHES","AZ","SC","YES","D",204460,"A","[PREMIUM]",3963.86,"2.0L 4","FRONT WHEEL DRIVE","AUTOMATIC","GAS",4,"Run & Drive Verified","Pure Sale","[PREMIUM]",,"PHOENIX","AZ","85085","USA","USD","[PREMIUM]","[PREMIUM]","M080",false,"[PREMIUM]","EX",false,false,"[PREMIUM]",,,,,,,,"[PREMIUM]"
"61016226","2026-07-15 21:00:44.487","2026-07-23 07:14:05.088","61016226","2026-07-22 13:46:02.000","[PREMIUM]","362","AZ - PHOENIX NORTH","2026-07-23","THURSDAY","1200","PDT","36","V",2013,"FORD","FIESTA","FIESTA","SEDAN 4DR","GRAY","REAR END","MINOR DENT/SCRATCHES","AZ","SC","YES","D",96696,"A","[PREMIUM]",4586.24,"1.6L 4","FRONT WHEEL DRIVE","AUTOMATIC","GAS",4,"Run & Drive Verified","Pure Sale","[PREMIUM]",,"PHOENIX","AZ","85085","USA","USD","[PREMIUM]","[PREMIUM]","J080",false,"[PREMIUM]","SE",false,false,"[PREMIUM]",,,,,,,,"[PREMIUM]"
"60974786","2026-07-15 21:00:44.479","2026-07-21 01:13:27.211","60974786","2026-07-20 14:07:47.000","[PREMIUM]","362","AZ - PHOENIX NORTH","2026-07-21","TUESDAY","1200","PDT","48","V",2022,"TESLA","MODEL 3","MODEL 3","SEDAN","GRAY","SIDE","REAR END","AZ","SC","YES","D",67723,"A","[PREMIUM]",19789.32,,"ALL WHEEL DRIVE","AUTOMATIC","ELECTRIC",,"Run & Drive Verified","Pure Sale","[PREMIUM]",,"PHOENIX","AZ","85085","USA","USD","[PREMIUM]","[PREMIUM]","F100",false,"[PREMIUM]",,false,false,"[PREMIUM]",,,,,,,,"[PREMIUM]"
"61221976","2026-07-15 21:00:44.474","2026-07-30 02:43:21.391","61221976","2026-07-29 21:59:16.000","[PREMIUM]","362","AZ - PHOENIX NORTH","2026-08-04","TUESDAY","1200","PDT","0","V",2014,"CHEVROLET","TRAVERSE","TRAVERSE","4DR SPORT UTILITY","BLACK","DAMAGE HISTORY",,"AZ","RS","YES","D",130425,"A","[PREMIUM]",0,"3.6L 6","ALL WHEEL DRIVE","AUTOMATIC","GAS",6,"Run & Drive Verified","On Minimum Bid","[PREMIUM]",,"PHOENIX","AZ","85085","USA","USD","[PREMIUM]","[PREMIUM]","H060",true,"[PREMIUM]","LTZ",false,false,"[PREMIUM]",,,,,,,,"[PREMIUM]"
"60839276","2026-07-15 21:00:44.449","2026-07-21 01:13:27.191","60839276","2026-07-20 14:07:48.000","[PREMIUM]","362","AZ - PHOENIX NORTH","2026-07-21","TUESDAY","1200","PDT","2007","V",2020,"CADILLAC","XT5","XT5","SPORT UTILITY VEHICLE","BLACK","FRONT END",,"AZ","SC","YES","D",71848,"A","[PREMIUM]",15271.99,"3.6L 6","FRONT WHEEL DRIVE","AUTOMATIC","GAS",6,"Run & Drive Verified","On Minimum Bid","[PREMIUM]",,"PHOENIX","AZ","85085","USA","USD","[PREMIUM]","[PREMIUM]","H160",false,"[PREMIUM]","PREMIUM LUXURY",false,false,"[PREMIUM]",,,,,,,,"[PREMIUM]"
"60823116","2026-07-15 21:00:44.446","2026-07-21 01:13:27.130","60823116","2026-07-20 14:07:48.000","[PREMIUM]","362","AZ - PHOENIX NORTH","2026-07-21","TUESDAY","1200","PDT","2566","V",2025,"TOYOTA","ALL OTHER","COROLLA CROSS","SPORT UTILITY VEHICLE","GRAY","FRONT END","SIDE","AZ","SC","YES","S",9351,"A","[PREMIUM]",20490.77,"2.0L 4","FRONT WHEEL DRIVE","AUTOMATIC","GAS",4,"Vehicle Starts","Pure Sale","[PREMIUM]",,"PHOENIX","AZ","85085","USA","USD","[PREMIUM]","[PREMIUM]","K110",false,"[PREMIUM]","LE",false,false,"[PREMIUM]",,,,,,,,"[PREMIUM]"
"60874296","2026-07-15 21:00:44.435","2026-07-21 01:13:27.174","60874296","2026-07-20 14:07:47.000","[PREMIUM]","362","AZ - PHOENIX NORTH","2026-07-21","TUESDAY","1200","PDT","17","V",2024,"NISSAN","SENTRA","SENTRA","SEDAN","ORANGE","FRONT END","MINOR DENT/SCRATCHES","AZ","SC","YES","D",16572,"A","[PREMIUM]",17571.93,"2.0L 4","FRONT WHEEL DRIVE","AUTOMATIC","GAS",4,"Run & Drive Verified","Pure Sale","[PREMIUM]",,"PHOENIX","AZ","85085","USA","USD","[PREMIUM]","[PREMIUM]","J090",false,"[PREMIUM]","SR",false,false,"[PREMIUM]",,,,,,,,"[PREMIUM]"
"60650666","2026-07-15 21:00:44.410","2026-07-23 07:14:04.870","60650666","2026-07-22 21:03:34.000","[PREMIUM]","841","CRASHEDTOYS POWERSPORT AUCTION","2026-07-23","THURSDAY","1200","CDT","1075","C",2017,"HARLEY-DAVIDSON","FL","FLHTCU","TOURING","BLACK","ALL OVER",,"AZ","SC","NO","E",0,"N","[PREMIUM]",0,"2",,"MANUAL","GAS",2,"DEFAULT","Pure Sale","[PREMIUM]",,"PHOENIX","AZ","85085","USA","USD","[PREMIUM]","[PREMIUM]","MC007",false,"[PREMIUM]","ULTRA CLASSIC ELECTRA GLIDE",false,false,"[PREMIUM]",,,,,,,,"[PREMIUM]"
"60635636","2026-07-15 21:00:44.405","2026-07-21 01:13:27.042","60635636","2026-07-20 14:07:47.000","[PREMIUM]","362","AZ - PHOENIX NORTH","2026-07-21","TUESDAY","1200","PDT","8","V",2004,"TOYOTA","COROLLA","COROLLA","SEDAN","TAN","FRONT END",,"AZ","SC","YES","D",93469,"A","[PREMIUM]",0,"1.8L 4","FRONT WHEEL DRIVE","AUTOMATIC","GAS",4,"Run & Drive Verified","Pure Sale","[PREMIUM]",,"PHOENIX","AZ","85085","USA","USD","[PREMIUM]","[PREMIUM]","L030",false,"[PREMIUM]","CE",false,false,"[PREMIUM]",,,,,,,,"[PREMIUM]"
"60116426","2026-07-15 21:00:44.400","2026-07-21 01:13:26.834","60116426","2026-07-20 14:07:48.000","[PREMIUM]","362","AZ - PHOENIX NORTH","2026-07-21","TUESDAY","1200","PDT","137","V",2009,"HONDA","ACCORD","ACCORD","SEDAN 4DR","GRAY","FRONT END",,"AZ","SC","YES","D",172592,"A","[PREMIUM]",3478.63,"2.4L 4","FRONT WHEEL DRIVE","AUTOMATIC","GAS",4,"Run & Drive Verified","Pure Sale","[PREMIUM]",,"PHOENIX","AZ","85085","USA","USD","[PREMIUM]","[PREMIUM]","CD002",false,"[PREMIUM]","LX",false,false,"[PREMIUM]",,,,,,,,"[PREMIUM]"
"60708176","2026-07-15 21:00:44.399","2026-07-21 01:13:27.107","60708176","2026-07-20 14:07:48.000","[PREMIUM]","362","AZ - PHOENIX NORTH","2026-07-21","TUESDAY","1200","PDT","2628","V",2011,"CHEVROLET","IMPALA","IMPALA","SEDAN 4DR","RED","FRONT END",,"AZ","SC","YES","S",138896,"A","[PREMIUM]",8726.46,"3.5L 6","FRONT WHEEL DRIVE","AUTOMATIC","FLEXIBLE",6,"Vehicle Starts","Pure Sale","[PREMIUM]",,"PHOENIX","AZ","85085","USA","USD","[PREMIUM]","[PREMIUM]","K090",false,"[PREMIUM]","LT",false,false,"[PREMIUM]",,,,,,,,"[PREMIUM]"
"60693186","2026-07-15 21:00:44.395","2026-07-30 02:43:21.170","60693186","2026-07-29 21:15:47.000","[PREMIUM]","882","*NCS - MOUNTAIN REGION","2026-07-30","THURSDAY","1900","MDT","0","V",2010,"TOYOTA","PRIUS","PRIUS","HATCHBACK","GRAY","MECHANICAL","MINOR DENT/SCRATCHES","MN","CT","YES","D",202096,"A","[PREMIUM]",0,"1.8L 4","FRONT WHEEL DRIVE","AUTOMATIC","ELECTRIC AND GAS HYBRID",4,"Run & Drive Verified","On Minimum Bid","[PREMIUM]",,"PHOENIX","AZ","85085","USA","USD","[PREMIUM]","[PREMIUM]","I080",true,"[PREMIUM]","II",false,false,"[PREMIUM]",,,,,,,,"[PREMIUM]"
"60699726","2026-07-15 21:00:44.385","2026-07-30 02:43:21.233","60699726","2026-07-29 23:15:03.000","[PREMIUM]","362","AZ - PHOENIX NORTH","2026-08-04","TUESDAY","1200","PDT","0","V",2022,"RAM","2500","2500","PICKUP","WHITE","FRONT END","SIDE","AZ","SC","YES","E",51142,"A","[PREMIUM]",0,"6.4L 8","4X4 W/REAR WHEEL DRV","AUTOMATIC","GAS",8,"DEFAULT","On Minimum Bid","[PREMIUM]",,"PHOENIX","AZ","85085","USA","USD","[PREMIUM]","[PREMIUM]","A160",true,"[PREMIUM]","BIG HORN/LONE STAR",false,false,"[PREMIUM]",,,,,,,,"[PREMIUM]"
"60491126","2026-07-15 21:00:44.348","2026-07-21 01:13:26.993","60491126","2026-07-20 14:07:48.000","[PREMIUM]","362","AZ - PHOENIX NORTH","2026-07-21","TUESDAY","1200","PDT","2580","V",2019,"NISSAN","ROGUE","ROGUE","WAGON","BLACK","FRONT END","SIDE","AZ","SC","YES","E",69899,"A","[PREMIUM]",10358.39,"2.5L 4","FRONT WHEEL DRIVE","AUTOMATIC","GAS",4,"DEFAULT","Pure Sale","[PREMIUM]",,"PHOENIX","AZ","85085","USA","USD","[PREMIUM]","[PREMIUM]","J100",false,"[PREMIUM]","SV",false,false,"[PREMIUM]",,,,,,,,"[PREMIUM]"
"60500456","2026-07-15 21:00:44.337","2026-07-30 08:42:43.484","60500456","2026-07-28 21:52:43.000","[PREMIUM]","362","AZ - PHOENIX NORTH","2026-08-04","TUESDAY","1200","PDT","0","V",2010,"TOYOTA","AVALON","AVALON","SEDAN","WHITE","FRONT END",,"AZ","SC","YES","D",99495,"A","[PREMIUM]",9978.39,"3.5L 6","FRONT WHEEL DRIVE","AUTOMATIC","GAS",6,"Run & Drive Verified","On Minimum Bid","[PREMIUM]",,"PHOENIX","AZ","85085","USA","USD","[PREMIUM]","[PREMIUM]","M080",false,"[PREMIUM]","LIMITED",false,false,"[PREMIUM]",,,,,,,,"[PREMIUM]"
"60414446","2026-07-15 21:00:44.266","2026-07-21 01:13:26.939","60414446","2026-07-20 14:07:48.000","[PREMIUM]","362","AZ - PHOENIX NORTH","2026-07-21","TUESDAY","1200","PDT","2550","V",2015,"LAND ROVER","RANGEROVER","RANGE ROVER SPORT","4DR SPORT UTILITY","BLACK","SIDE","REAR END","AZ","SC","YES","S",152545,"A","[PREMIUM]",0,"3.0L 6","4X4 W/REAR WHEEL DRV","AUTOMATIC","GAS",6,"Vehicle Starts","Pure Sale","[PREMIUM]",,"PHOENIX","AZ","85085","USA","USD","[PREMIUM]","[PREMIUM]","D160",false,"[PREMIUM]","HSE",false,false,"[PREMIUM]",,,,,,,,"[PREMIUM]"
"60276266","2026-07-15 21:00:44.263","2026-07-21 01:13:26.907","60276266","2026-07-20 21:57:49.000","[PREMIUM]","362","AZ - PHOENIX NORTH","2026-07-21","TUESDAY","1200","PDT","122","V",2024,"TOYOTA","TUNDRA","TUNDRA","PICKUP","GRAY","FRONT END","MINOR DENT/SCRATCHES","AZ","SC","YES","D",49514,"A","[PREMIUM]",30124,"3.4L 6","FOUR BY FOUR","AUTOMATIC","GAS",6,"Run & Drive Verified","Pure Sale","[PREMIUM]",,"PHOENIX","AZ","85085","USA","USD","[PREMIUM]","[PREMIUM]","CD002",false,"[PREMIUM]","SR5",false,false,"[PREMIUM]",,,,,,,,"[PREMIUM]"
"60212286","2026-07-15 21:00:44.261","2026-07-21 01:13:26.907","60212286","2026-07-20 17:35:43.000","[PREMIUM]","362","AZ - PHOENIX NORTH","2026-07-21","TUESDAY","1200","PDT","44","V",2003,"TOYOTA","CAMRY","CAMRY","SEDAN","WHITE","REAR END",,"AZ","SC","YES","D",182253,"A","[PREMIUM]",6114.34,"2.4L 4","FRONT WHEEL DRIVE","AUTOMATIC","GAS",4,"Run & Drive Verified","Pure Sale","[PREMIUM]",,"PHOENIX","AZ","85085","USA","USD","[PREMIUM]","[PREMIUM]","CD002",false,"[PREMIUM]","LE",false,false,"[PREMIUM]",,,,,,,,"[PREMIUM]"
"60171916","2026-07-15 21:00:44.223","2026-07-21 01:13:26.852","60171916","2026-07-20 14:07:47.000","[PREMIUM]","362","AZ - PHOENIX NORTH","2026-07-21","TUESDAY","1200","PDT","27","V",2018,"TOYOTA","CAMRY","CAMRY","SEDAN","BLUE","FRONT END","REAR END","AZ","SC","YES","D",89235,"A","[PREMIUM]",13940.09,"2.5L 4","FRONT WHEEL DRIVE","AUTOMATIC","GAS",4,"Run & Drive Verified","Pure Sale","[PREMIUM]",,"PHOENIX","AZ","85085","USA","USD","[PREMIUM]","[PREMIUM]","J060",false,"[PREMIUM]","LE",false,false,"[PREMIUM]",,,,,,,,"[PREMIUM]"
"60185926","2026-07-15 21:00:44.215","2026-07-21 01:13:26.877","60185926","2026-07-20 14:07:48.000","[PREMIUM]","362","AZ - PHOENIX NORTH","2026-07-21","TUESDAY","1200","PDT","130","V",2019,"TOYOTA","HIGHLANDER","HIGHLANDER","SUV","BLACK","FRONT END","SIDE","AZ","SC","YES","D",117972,"A","[PREMIUM]",16812.07,"3.5L 6","FRONT WHEEL DRIVE","AUTOMATIC","GAS",6,"Run & Drive Verified","Pure Sale","[PREMIUM]",,"PHOENIX","AZ","85085","USA","USD","[PREMIUM]","[PREMIUM]","L080",false,"[PREMIUM]","XLE",false,false,"[PREMIUM]",,,,,,,,"[PREMIUM]"
"60156966","2026-07-15 21:00:44.206","2026-07-21 01:13:26.874","60156966","2026-07-20 14:07:47.000","[PREMIUM]","362","AZ - PHOENIX NORTH","2026-07-21","TUESDAY","1200","PDT","21","V",2009,"INFINITI","EX35","EX35","STATION WAGON","BLACK","FRONT END",,"AZ","SC","YES","D",82273,"A","[PREMIUM]",0,"3.5L 6","REAR WHEEL DRIVE","AUTOMATIC","GAS",6,"Run & Drive Verified","Pure Sale","[PREMIUM]",,"PHOENIX","AZ","85085","USA","USD","[PREMIUM]","[PREMIUM]","G090",false,"[PREMIUM]","BASE/JOURNEY",false,false,"[PREMIUM]",,,,,,,,"[PREMIUM]"
"60122376","2026-07-15 21:00:44.179","2026-07-21 01:13:26.816","60122376","2026-07-20 14:07:47.000","[PREMIUM]","362","AZ - PHOENIX NORTH","2026-07-21","TUESDAY","1200","PDT","2","V",2010,"DODGE","CARAVAN","GRAND CARAVAN","SPORTS VAN","SILVER","FRONT END",,"AZ","SC","YES","D",158797,"A","[PREMIUM]",3930.73,"3.8L 6","FRONT WHEEL DRIVE","AUTOMATIC","GAS",6,"Run & Drive Verified","Pure Sale","[PREMIUM]",,"PHOENIX","AZ","85085","USA","USD","[PREMIUM]","[PREMIUM]","D120",false,"[PREMIUM]","HERO",false,false,"[PREMIUM]",,,,,,,,"[PREMIUM]"
"60077616","2026-07-15 21:00:44.172","2026-07-21 01:13:26.844","60077616","2026-07-20 20:49:39.000","[PREMIUM]","362","AZ - PHOENIX NORTH","2026-07-21","TUESDAY","1200","PDT","100","V",2023,"KIA","TELLURIDE","TELLURIDE","SPORT UTILITY VEHICLE","BLACK","FRONT END","MINOR DENT/SCRATCHES","AZ","SC","YES","D",28830,"A","[PREMIUM]",15100,"3.8L 6","FRONT WHEEL DRIVE","AUTOMATIC","GAS",6,"Run & Drive Verified","On Minimum Bid","[PREMIUM]",,"PHOENIX","AZ","85085","USA","USD","[PREMIUM]","[PREMIUM]","H100",false,"[PREMIUM]","S",false,false,"[PREMIUM]",,,,,,,,"[PREMIUM]"
"60088966","2026-07-15 21:00:44.170","2026-07-27 22:46:43.036","60088966","2026-07-27 14:55:28.000","[PREMIUM]","362","AZ - PHOENIX NORTH","2026-07-28","TUESDAY","1200","PDT","2517","V",2007,"LEXUS","RX350","RX","4DR SPORT UTILITY","BLACK","HAIL",,"AZ","CT","YES","E",193416,"A","[PREMIUM]",0,"3.5L 6","ALL WHEEL DRIVE","AUTOMATIC","GAS",6,"DEFAULT","On Minimum Bid","[PREMIUM]",,"PHOENIX","AZ","85085","USA","USD","[PREMIUM]","[PREMIUM]","M070",true,"[PREMIUM]","350",false,false,"[PREMIUM]",,,,,,,,"[PREMIUM]"
"60128376","2026-07-15 21:00:44.162","2026-07-30 08:42:43.397","60128376","2026-07-29 04:02:57.000","[PREMIUM]","362","AZ - PHOENIX NORTH","2026-08-04","TUESDAY","1200","PDT","0","V",2021,"KIA","FORTE","FORTE","SEDAN","WHITE","SIDE","FRONT END","AZ","SC","YES","D",54313,"A","[PREMIUM]",14803.39,"2.0L 4","FRONT WHEEL DRIVE","AUTOMATIC","GAS",4,"Run & Drive Verified","On Minimum Bid","[PREMIUM]",,"PHOENIX","AZ","85085","USA","USD","[PREMIUM]","[PREMIUM]","I090",false,"[PREMIUM]","FE",false,false,"[PREMIUM]",,,,,,,,"[PREMIUM]"
"60073886","2026-07-15 21:00:44.154","2026-07-21 01:13:26.836","60073886","2026-07-20 14:07:48.000","[PREMIUM]","362","AZ - PHOENIX NORTH","2026-07-21","TUESDAY","1200","PDT","2601","V",2025,"HYUNDAI","ELANTRA","ELANTRA N","SEDAN","RED","REAR END",,"AZ","SC","NO","E",3581,"A","[PREMIUM]",0,"2.0L 4","FRONT WHEEL DRIVE","AUTOMATIC","GAS",4,"DEFAULT","Pure Sale","[PREMIUM]",,"PHOENIX","AZ","85085","USA","USD","[PREMIUM]","[PREMIUM]","J030",false,"[PREMIUM]","BASE",false,false,"[PREMIUM]",,,,,,,,"[PREMIUM]"
"59921336","2026-07-15 21:00:44.088","2026-07-23 07:14:04.598","59921336","2026-07-22 13:46:02.000","[PREMIUM]","362","AZ - PHOENIX NORTH","2026-07-23","THURSDAY","1200","PDT","34","V",2016,"HONDA","CRV","CR-V","4DR SPORT UTILITY","BLUE","SIDE",,"AZ","SC","YES","D",131630,"N","[PREMIUM]",12251.89,"2.4L 4","FRONT WHEEL DRIVE","AUTOMATIC","GAS",4,"Run & Drive Verified","Pure Sale","[PREMIUM]",,"PHOENIX","AZ","85085","USA","USD","[PREMIUM]","[PREMIUM]","H100",false,"[PREMIUM]","EX",false,false,"[PREMIUM]",,,,,,,,"[PREMIUM]"
"60045046","2026-07-15 21:00:44.067","2026-07-21 01:13:26.775","60045046","2026-07-20 14:07:48.000","[PREMIUM]","362","AZ - PHOENIX NORTH","2026-07-21","TUESDAY","1200","PDT","2012","V",2007,"HUMMER","H3","H3","4DR SPORT UTILITY","SILVER","FRONT END",,"AZ","SC","YES","D",239910,"A","[PREMIUM]",3713.6,"3.7L 5","ALL WHEEL DRIVE","AUTOMATIC","GAS",5,"Run & Drive Verified","Pure Sale","[PREMIUM]",,"PHOENIX","AZ","85085","USA","USD","[PREMIUM]","[PREMIUM]","E140",false,"[PREMIUM]",,false,false,"[PREMIUM]",,,,,,,,"[PREMIUM]"
"59270806","2026-07-15 21:00:44.048","2026-07-21 01:13:26.533","59270806","2026-07-20 14:07:48.000","[PREMIUM]","362","AZ - PHOENIX NORTH","2026-07-21","TUESDAY","1200","PDT","2571","V",2016,"FORD","EXPLORER","EXPLORER","4DR SPORT UTILITY","RED","FRONT END","TOP/ROOF","AZ","SC","NO",,43572,"A","[PREMIUM]",21804.83,"2.3L 4","FRONT WHEEL DRIVE","AUTOMATIC","GAS",4,,"Pure Sale","[PREMIUM]",,"PHOENIX","AZ","85085","USA","USD","[PREMIUM]","[PREMIUM]","N090",false,"[PREMIUM]","LIMITED",false,false,"[PREMIUM]",,,,,,,,"[PREMIUM]"
"59906306","2026-07-15 21:00:44.023","2026-07-21 01:13:26.671","59906306","2026-07-20 14:07:47.000","[PREMIUM]","362","AZ - PHOENIX NORTH","2026-07-21","TUESDAY","1200","PDT","15","V",2010,"TOYOTA","PRIUS","PRIUS","HATCHBACK","WHITE","REAR END",,"AZ","SC","YES","D",239987,"A","[PREMIUM]",4323.8,"1.8L 4","FRONT WHEEL DRIVE","AUTOMATIC","ELECTRIC AND GAS HYBRID",4,"Run & Drive Verified","Pure Sale","[PREMIUM]",,"PHOENIX","AZ","85085","USA","USD","[PREMIUM]","[PREMIUM]","H100",false,"[PREMIUM]","II",false,false,"[PREMIUM]",,,,,,,,"[PREMIUM]"
"59917406","2026-07-15 21:00:44.016","2026-07-21 01:13:26.728","59917406","2026-07-20 14:07:47.000","[PREMIUM]","362","AZ - PHOENIX NORTH","2026-07-21","TUESDAY","1200","PDT","14","V",2015,"JEEP","CHEROKEE","CHEROKEE","4DR SPORT UTILITY","SILVER","REAR END","FRONT END","AZ","SC","YES","D",137266,"A","[PREMIUM]",9791.02,"2.4L 4","FRONT WHEEL DRIVE","AUTOMATIC","GAS",4,"Run & Drive Verified","Pure Sale","[PREMIUM]",,"PHOENIX","AZ","85085","USA","USD","[PREMIUM]","[PREMIUM]","D090",false,"[PREMIUM]","LATITUDE",false,false,"[PREMIUM]",,,,,,,,"[PREMIUM]"
"59870026","2026-07-15 21:00:44.016","2026-07-30 08:42:43.331","59870026","2026-07-28 21:09:05.000","[PREMIUM]","362","AZ - PHOENIX NORTH","2026-08-04","TUESDAY","1200","PDT","0","V",2015,"BMW","428 XI","428",,"SILVER","FRONT END",,"AZ","SC","YES","D",90349,"A","[PREMIUM]",7124,,,"AUTOMATIC",,,"Run & Drive Verified","On Minimum Bid","[PREMIUM]",,"PHOENIX","AZ","85085","USA","USD","[PREMIUM]","[PREMIUM]","D140",false,"[PREMIUM]","XI",false,false,"[PREMIUM]",,,,,,,,"[PREMIUM]"
"59715306","2026-07-15 21:00:43.958","2026-07-23 07:14:04.550","59715306","2026-07-22 13:46:03.000","[PREMIUM]","362","AZ - PHOENIX NORTH","2026-07-23","THURSDAY","1200","PDT","1160","V",2016,"AUDI","A3","A3","SEDAN 4DR","GRAY","FRONT END","MINOR DENT/SCRATCHES","AZ","SC","YES","E",154308,"A","[PREMIUM]",14014,"2.0L 4","ALL WHEEL DRIVE","AUTOMATIC","GAS",4,"DEFAULT","Pure Sale","[PREMIUM]",,"PHOENIX","AZ","85085","USA","USD","[PREMIUM]","[PREMIUM]","G100",false,"[PREMIUM]","PREMIUM",false,false,"[PREMIUM]",,,,,,,,"[PREMIUM]"
"59682206","2026-07-15 21:00:43.897","2026-07-21 01:13:26.635","59682206","2026-07-20 14:07:47.000","[PREMIUM]","362","AZ - PHOENIX NORTH","2026-07-21","TUESDAY","1200","PDT","42","V",2015,"FORD","FOCUS","FOCUS","HATCHBACK 4DR","RED","FRONT END","MINOR DENT/SCRATCHES","AZ","SC","YES","D",122807,"A","[PREMIUM]",0,"2.0L 4","FRONT WHEEL DRIVE","AUTOMATIC","GAS",4,"Run & Drive Verified","Pure Sale","[PREMIUM]",,"PHOENIX","AZ","85085","USA","USD","[PREMIUM]","[PREMIUM]","I050",false,"[PREMIUM]","SE",false,false,"[PREMIUM]",,,,,,,,"[PREMIUM]"
"59390126","2026-07-15 21:00:43.894","2026-07-21 01:13:26.590","59390126","2026-07-20 14:07:48.000","[PREMIUM]","362","AZ - PHOENIX NORTH","2026-07-21","TUESDAY","1200","PDT","2504","V",2007,"HONDA","CIVIC","CIVIC","SEDAN 4DR","BLUE","FRONT END","SIDE","AZ","SC","YES","S",217125,"A","[PREMIUM]",4702.57,"1.8L 4","FRONT WHEEL DRIVE","AUTOMATIC","GAS",4,"Vehicle Starts","Pure Sale","[PREMIUM]",,"PHOENIX","AZ","85085","USA","USD","[PREMIUM]","[PREMIUM]","M080",false,"[PREMIUM]","LX",false,false,"[PREMIUM]",,,,,,,,"[PREMIUM]"
"59687876","2026-07-15 21:00:43.893","2026-07-21 01:13:26.645","59687876","2026-07-20 14:07:48.000","[PREMIUM]","362","AZ - PHOENIX NORTH","2026-07-21","TUESDAY","1200","PDT","112","V",2012,"KIA","SORENTO","SORENTO","SUV","CHARCOAL","FRONT END","MINOR DENT/SCRATCHES","AZ","SC","YES","D",187199,"A","[PREMIUM]",11687.76,"2.4L 4","FRONT WHEEL DRIVE","AUTOMATIC","GAS",4,"Run & Drive Verified","Pure Sale","[PREMIUM]",,"PHOENIX","AZ","85085","USA","USD","[PREMIUM]","[PREMIUM]","L100",false,"[PREMIUM]","LX",false,false,"[PREMIUM]",,,,,,,,"[PREMIUM]"
"59322866","2026-07-15 21:00:43.843","2026-07-21 01:13:26.580","59322866","2026-07-20 14:07:48.000","[PREMIUM]","362","AZ - PHOENIX NORTH","2026-07-21","TUESDAY","1200","PDT","124","V",2013,"RAM","1500","1500","CREW PICKUP","MAROON","REAR END",,"AZ","SC","YES","D",84204,"A","[PREMIUM]",12361.61,"5.7L 8","4X4 W/REAR WHEEL DRV","AUTOMATIC","GAS",8,"Run & Drive Verified","Pure Sale","[PREMIUM]",,"PHOENIX","AZ","85085","USA","USD","[PREMIUM]","[PREMIUM]","B130",false,"[PREMIUM]","ST",false,false,"[PREMIUM]",,,,,,,,"[PREMIUM]"
"59321946","2026-07-15 21:00:43.835","2026-07-15 21:00:43.835","59321946","2026-07-15 15:51:05.000","[PREMIUM]","362","AZ - PHOENIX NORTH","2026-07-16","THURSDAY","1200","PDT","49","V",2016,"AUDI","S3","S3","SEDAN 4DR","BLUE","MINOR DENT/SCRATCHES",,"UT","CT","YES","D",84429,"A","[PREMIUM]",0,"2.0L 4","ALL WHEEL DRIVE","AUTOMATIC","GAS",4,"Run & Drive Verified","On Approval","[PREMIUM]",,"PHOENIX","AZ","85085","USA","USD","[PREMIUM]","[PREMIUM]","H040",false,"[PREMIUM]","PRESTIGE",false,false,"[PREMIUM]",,,,,,,,"[PREMIUM]"
"59339056","2026-07-15 21:00:43.827","2026-07-21 01:13:26.577","59339056","2026-07-20 14:07:47.000","[PREMIUM]","362","AZ - PHOENIX NORTH","2026-07-21","TUESDAY","1200","PDT","93","V",2022,"TESLA","MODEL Y","MODEL Y","SPORT UTILITY VEHICLE","BLUE","FRONT END","MINOR DENT/SCRATCHES","AZ","SC","YES","D",75640,"A","[PREMIUM]",0,,"ALL WHEEL DRIVE","AUTOMATIC","ELECTRIC",,"Run & Drive Verified","Pure Sale","[PREMIUM]",,"PHOENIX","AZ","85085","USA","USD","[PREMIUM]","[PREMIUM]","M080",false,"[PREMIUM]",,false,false,"[PREMIUM]",,,,,,,,"[PREMIUM]"
"59130546","2026-07-15 21:00:43.786","2026-07-21 01:13:26.513","59130546","2026-07-20 14:07:48.000","[PREMIUM]","362","AZ - PHOENIX NORTH","2026-07-21","TUESDAY","1200","PDT","102","V",2023,"LAND ROVER","RANGEROVER","RANGE ROVER EVOQUE","SPORT UTILITY VEHICLE","WHITE","SIDE",,"AZ","SC","YES","D",44218,"A","[PREMIUM]",20002,"2.0L 4","ALL WHEEL DRIVE","AUTOMATIC","GAS",4,"Run & Drive Verified","Pure Sale","[PREMIUM]",,"PHOENIX","AZ","85085","USA","USD","[PREMIUM]","[PREMIUM]","G090",false,"[PREMIUM]","SE",false,false,"[PREMIUM]",,,,,,,,"[PREMIUM]"
"59195586","2026-07-15 21:00:43.748","2026-07-21 01:13:26.532","59195586","2026-07-20 14:07:48.000","[PREMIUM]","362","AZ - PHOENIX NORTH","2026-07-21","TUESDAY","1200","PDT","2562","V",2015,"BMW","X3","X3","4DR SPORT UTILITY","SILVER","BURN - ENGINE",,"AZ","SC","EXM",,0,"N","[PREMIUM]",12652.85,"2.0L 4","ALL WHEEL DRIVE","AUTOMATIC","DIESEL",4,,"Pure Sale","[PREMIUM]",,"PHOENIX","AZ","85085","USA","USD","[PREMIUM]","[PREMIUM]","O030",false,"[PREMIUM]","XDRIVE28D",false,false,"[PREMIUM]",,,,,,,,"[PREMIUM]"
"58771686","2026-07-15 21:00:43.724","2026-07-23 07:14:04.382","58771686","2026-07-15 18:58:33.000","[PREMIUM]","836","HEAVY TRUCK SPECIALTY SALE","2026-07-23","THURSDAY","1100","CDT","0","U",2018,"INTERNATIONAL","ALL OTHER","LT625","TRACTOR TRUCK","WHITE","FRONT END","SIDE","AZ","SC","YES","E",666931,"N","[PREMIUM]",30000,"15.0L 6","REAR WHEEL DRIVE","AUTOMATIC","DIESEL",6,"DEFAULT","Pure Sale","[PREMIUM]",,"PHOENIX","AZ","85085","USA","USD","[PREMIUM]","[PREMIUM]","H050",false,"[PREMIUM]",,false,false,"[PREMIUM]",,,,,,,,"[PREMIUM]"
"57963916","2026-07-15 21:00:43.677","2026-07-22 07:11:42.357","57963916","2026-07-16 17:42:26.000","[PREMIUM]","835","MEDIUM DUTY SPECIALTY SALE","2026-07-22","WEDNESDAY","1100","CDT","0","K",2019,"NISSAN","NV","NV200","MINI-VAN","WHITE","FRONT END","SIDE","AZ","SC","YES","D",152242,"A","[PREMIUM]",8254.3,"2.0L 4","FRONT WHEEL DRIVE","AUTOMATIC","GAS",4,"Run & Drive Verified","Pure Sale","[PREMIUM]",,"PHOENIX","AZ","85085","USA","USD","[PREMIUM]","[PREMIUM]","F170",false,"[PREMIUM]","SV",false,false,"[PREMIUM]",,,,,,,,"[PREMIUM]"
"58812496","2026-07-15 21:00:43.548","2026-07-21 01:13:26.434","58812496","2026-07-20 14:07:48.000","[PREMIUM]","362","AZ - PHOENIX NORTH","2026-07-21","TUESDAY","1200","PDT","145","V",2022,"FORD","MUSTANG","MUSTANG MACH-E","SPORT UTILITY VEHICLE","MAROON","REAR END",,"AZ","SC","YES","D",37138,"A","[PREMIUM]",16674.47,,"REAR WHEEL DRIVE","AUTOMATIC","ELECTRIC",,"Run & Drive Verified","Pure Sale","[PREMIUM]",,"PHOENIX","AZ","85085","USA","USD","[PREMIUM]","[PREMIUM]","H050",false,"[PREMIUM]","PREMIUM",false,false,"[PREMIUM]",,,,,,,,"[PREMIUM]"
"56628786","2026-07-15 21:00:43.511","2026-07-21 01:13:25.839","56628786","2026-07-20 21:52:10.000","[PREMIUM]","362","AZ - PHOENIX NORTH","2026-07-21","TUESDAY","1200","PDT","83","V",2024,"CHEVROLET","TRAILBLAZE","TRAILBLAZER","SPORT UTILITY VEHICLE","MAROON","REAR END",,"AZ","SC","YES","D",40797,"A","[PREMIUM]",18516,"1.3L 3","FRONT WHEEL DRIVE","AUTOMATIC","GAS",3,"Run & Drive Verified","Pure Sale","[PREMIUM]",,"PHOENIX","AZ","85085","USA","USD","[PREMIUM]","[PREMIUM]","K060",false,"[PREMIUM]","RS",false,false,"[PREMIUM]",,,,,,,,"[PREMIUM]"
"58750236","2026-07-15 21:00:43.510","2026-07-21 01:13:26.393","58750236","2026-07-20 14:07:48.000","[PREMIUM]","362","AZ - PHOENIX NORTH","2026-07-21","TUESDAY","1200","PDT","129","V",2013,"FORD","EXPLORER","EXPLORER","4DR SPORT UTILITY","WHITE","FRONT END",,"AZ","SC","YES","D",198052,"A","[PREMIUM]",4092.05,"3.5L 6","FRONT WHEEL DRIVE","AUTOMATIC","GAS",6,"Run & Drive Verified","Pure Sale","[PREMIUM]",,"PHOENIX","AZ","85085","USA","USD","[PREMIUM]","[PREMIUM]","D140",false,"[PREMIUM]",,false,false,"[PREMIUM]",,,,,,,,"[PREMIUM]"
"58593866","2026-07-15 21:00:43.449","2026-07-27 22:46:42.618","58593866","2026-07-27 14:55:28.000","[PREMIUM]","362","AZ - PHOENIX NORTH","2026-07-28","TUESDAY","1200","PDT","2591","V",2010,"DODGE","CARAVAN","GRAND CARAVAN","SPORTS VAN","WHITE","SIDE","MINOR DENT/SCRATCHES","AZ","SC","YES","S",127182,"A","[PREMIUM]",6859,"3.8L 6","FRONT WHEEL DRIVE","AUTOMATIC","GAS",6,"Vehicle Starts","On Minimum Bid","[PREMIUM]",,"PHOENIX","AZ","85085","USA","USD","[PREMIUM]","[PREMIUM]","D140",false,"[PREMIUM]","HERO",false,false,"[PREMIUM]",,,,,,,,"[PREMIUM]"
"58590546","2026-07-15 21:00:43.434","2026-07-21 01:13:26.333","58590546","2026-07-20 18:59:09.000","[PREMIUM]","362","AZ - PHOENIX NORTH","2026-07-21","TUESDAY","1200","PDT","2507","V",2024,"BMW","X5","X5","SPORT UTILITY VEHICLE","GRAY","FRONT END","SIDE","AZ","SC","YES","E",27806,"A","[PREMIUM]",44714.63,"3.0L 6","ALL WHEEL DRIVE","AUTOMATIC","ELECTRIC AND GAS HYBRID",6,"DEFAULT","Pure Sale","[PREMIUM]",,"PHOENIX","AZ","85085","USA","USD","[PREMIUM]","[PREMIUM]","CD002",false,"[PREMIUM]","XDRIVE50E",false,false,"[PREMIUM]",,,,,,,,"[PREMIUM]"
"58526636","2026-07-15 21:00:43.403","2026-07-23 07:14:04.338","58526636","2026-07-22 13:46:02.000","[PREMIUM]","362","AZ - PHOENIX NORTH","2026-07-23","THURSDAY","1200","PDT","102","V",2018,"MAZDA","3","3","SEDAN","WHITE","SIDE",,"AZ","SC","YES","D",67318,"X","[PREMIUM]",8781.89,"2.5L 4","FRONT WHEEL DRIVE","AUTOMATIC","GAS",4,"Run & Drive Verified","Pure Sale","[PREMIUM]",,"PHOENIX","AZ","85085","USA","USD","[PREMIUM]","[PREMIUM]","K060",false,"[PREMIUM]","TOURING",false,false,"[PREMIUM]",,,,,,,,"[PREMIUM]"
"58268106","2026-07-15 21:00:43.344","2026-07-21 01:13:26.241","58268106","2026-07-20 14:07:48.000","[PREMIUM]","362","AZ - PHOENIX NORTH","2026-07-21","TUESDAY","1200","PDT","2632","V",2021,"FORD","ESCAPE","ESCAPE","SPORT UTILITY VEHICLE","WHITE","FRONT END",,"AZ","SC","YES","E",31949,"A","[PREMIUM]",18168.06,"1.5L 3","FRONT WHEEL DRIVE","AUTOMATIC","GAS",3,"DEFAULT","Pure Sale","[PREMIUM]",,"PHOENIX","AZ","85085","USA","USD","[PREMIUM]","[PREMIUM]","N060",false,"[PREMIUM]","SEL",false,false,"[PREMIUM]",,,,,,,,"[PREMIUM]"
"58311016","2026-07-15 21:00:43.327","2026-07-23 07:14:04.201","58311016","2026-07-22 13:46:03.000","[PREMIUM]","362","AZ - PHOENIX NORTH","2026-07-23","THURSDAY","1200","PDT","1143","V",2014,"CHEVROLET","SONIC","SONIC","SEDAN 4DR","GRAY","REAR END","FRONT END","AZ","SC","NO","E",265732,"A","[PREMIUM]",7959.01,"1.8L 4","FRONT WHEEL DRIVE","AUTOMATIC","GAS",4,"DEFAULT","Pure Sale","[PREMIUM]",,"PHOENIX","AZ","85085","USA","USD","[PREMIUM]","[PREMIUM]","I040",false,"[PREMIUM]","LTZ",false,false,"[PREMIUM]",,,,,,,,"[PREMIUM]"
"58116506","2026-07-15 21:00:43.258","2026-07-21 01:13:26.202","58116506","2026-07-20 14:07:48.000","[PREMIUM]","362","AZ - PHOENIX NORTH","2026-07-21","TUESDAY","1200","PDT","132","V",2001,"ISUZU","TROOPER","TROOPER","4DR SPORT UTILITY","TWO TONE","FRONT END",,"AZ","SC","YES","D",121734,"E","[PREMIUM]",11252,"3.5L 6","4X4 W/REAR WHEEL DRV","AUTOMATIC","GAS",6,"Run & Drive Verified","Pure Sale","[PREMIUM]",,"PHOENIX","AZ","85085","USA","USD","[PREMIUM]","[PREMIUM]","L070",false,"[PREMIUM]","S/LS/LIMITED",false,false,"[PREMIUM]",,,,,,,,"[PREMIUM]"
"58008586","2026-07-15 21:00:43.257","2026-07-27 22:46:42.402","58008586","2026-07-27 14:55:27.000","[PREMIUM]","362","AZ - PHOENIX NORTH","2026-07-28","TUESDAY","1200","PDT","19","V",2012,"HYUNDAI","VELOSTER","VELOSTER","COUPE","BLUE","MINOR DENT/SCRATCHES",,"AZ","CT","YES","D",217037,"A","[PREMIUM]",0,"1.6L 4","FRONT WHEEL DRIVE","MANUAL","GAS",4,"Run & Drive Verified","On Minimum Bid","[PREMIUM]",,"PHOENIX","AZ","85085","USA","USD","[PREMIUM]","[PREMIUM]","N090",true,"[PREMIUM]","BASE",false,false,"[PREMIUM]",,,,,,,,"[PREMIUM]"
"58132966","2026-07-15 21:00:43.256","2026-07-27 22:46:42.456","58132966","2026-07-27 14:55:27.000","[PREMIUM]","362","AZ - PHOENIX NORTH","2026-07-28","TUESDAY","1200","PDT","52","V",2002,"TOYOTA","TUNDRA","TUNDRA","PICKUP","RED","FRONT END","MINOR DENT/SCRATCHES","AZ","CT","YES","D",138885,"A","[PREMIUM]",0,"4.7L 8","FOUR BY FOUR","AUTOMATIC","GAS",8,"Run & Drive Verified","On Minimum Bid","[PREMIUM]",,"PHOENIX","AZ","85085","USA","USD","[PREMIUM]","[PREMIUM]","CD002",true,"[PREMIUM]","SR5 V8",false,false,"[PREMIUM]",,,,,,,,"[PREMIUM]"
"58130276","2026-07-15 21:00:43.255","2026-07-21 01:13:26.215","58130276","2026-07-20 22:12:54.000","[PREMIUM]","362","AZ - PHOENIX NORTH","2026-07-21","TUESDAY","1200","PDT","24","V",2019,"KIA","SORENTO","SORENTO","SUV","SILVER","REAR END","MINOR DENT/SCRATCHES","AZ","SC","YES","D",81071,"A","[PREMIUM]",13796.7,"3.3L 6","FRONT WHEEL DRIVE","AUTOMATIC","GAS",6,"Run & Drive Verified","Pure Sale","[PREMIUM]",,"PHOENIX","AZ","85085","USA","USD","[PREMIUM]","[PREMIUM]","CD002",false,"[PREMIUM]","SX LIMITED V6",false,false,"[PREMIUM]",,,,,,,,"[PREMIUM]"
"58110476","2026-07-15 21:00:43.247","2026-07-21 01:13:26.205","58110476","2026-07-20 14:07:47.000","[PREMIUM]","362","AZ - PHOENIX NORTH","2026-07-21","TUESDAY","1200","PDT","6","V",2011,"FORD","EDGE SEL","EDGE",,"BLACK","REAR END","MINOR DENT/SCRATCHES","AZ","SC","YES","D",165653,"A","[PREMIUM]",0,,,"AUTOMATIC",,,"Run & Drive Verified","Pure Sale","[PREMIUM]",,"PHOENIX","AZ","85085","USA","USD","[PREMIUM]","[PREMIUM]","G040",false,"[PREMIUM]","SEL",false,false,"[PREMIUM]",,,,,,,,"[PREMIUM]"
"58065656","2026-07-15 21:00:43.245","2026-07-21 01:13:26.292","58065656","2026-07-20 14:07:48.000","[PREMIUM]","362","AZ - PHOENIX NORTH","2026-07-21","TUESDAY","1200","PDT","141","V",2012,"SUBARU","FORESTER","FORESTER","4DR SPORT UTILITY","RED","FRONT END","MINOR DENT/SCRATCHES","AZ","SC","YES","D",103494,"A","[PREMIUM]",0,"2.5L 4","ALL WHEEL DRIVE","AUTOMATIC","GAS",4,"Run & Drive Verified","Pure Sale","[PREMIUM]",,"PHOENIX","AZ","85085","USA","USD","[PREMIUM]","[PREMIUM]","D100",false,"[PREMIUM]","TOURING",false,false,"[PREMIUM]",,,,,,,,"[PREMIUM]"
"57947256","2026-07-15 21:00:43.231","2026-07-21 01:13:26.153","57947256","2026-07-20 14:07:48.000","[PREMIUM]","362","AZ - PHOENIX NORTH","2026-07-21","TUESDAY","1200","PDT","2518","V",2016,"FORD","CMAX","C-MAX","HATCHBACK 4DR","CHARCOAL","FRONT END","MINOR DENT/SCRATCHES","AZ","SC","NO","E",79470,"A","[PREMIUM]",0,"2.0L 4","FRONT WHEEL DRIVE","AUTOMATIC","ELECTRIC AND GAS HYBRID",4,"DEFAULT","Pure Sale","[PREMIUM]",,"PHOENIX","AZ","85085","USA","USD","[PREMIUM]","[PREMIUM]","K080",false,"[PREMIUM]","SEL",false,false,"[PREMIUM]",,,,,,,,"[PREMIUM]"
"95589085","2026-07-15 21:00:43.202","2026-07-29 04:46:59.622","95589085","2026-07-28 20:58:33.000","[PREMIUM]","361","MA - FREETOWN","2026-07-29","WEDNESDAY","1000","EDT","2049","V",2020,"NISSAN","PATHFINDER","PATHFINDER","SPORT UTILITY VEHICLE","WHITE","FRONT END",,"MA","ST","YES","D",62813,"A","[PREMIUM]",14441,"3.5L 6","4X4 W/FRONT WHL DRV","AUTOMATIC","GAS",6,"Run & Drive Verified","On Minimum Bid","[PREMIUM]",,"ASSONET","MA","02702","USA","USD","[PREMIUM]","[PREMIUM]","G060",false,"[PREMIUM]","SL",false,false,"[PREMIUM]",,,,,,,,"[PREMIUM]"
"57905536","2026-07-15 21:00:43.188","2026-07-21 07:52:55.629","57905536","2026-07-18 17:41:08.000","[PREMIUM]","833","HEAVY-TRAILER-RV CLEAN SALE","2026-07-21","TUESDAY","1100","CDT","0","U",2017,"PETERBILT","ALL OTHER","579","TRACTOR TRUCK","WHITE","MINOR DENT/SCRATCHES",,"IN","CT","YES","D",843485,"N","[PREMIUM]",0,"15.0L 6","REAR WHEEL DRIVE","AUTOMATIC","DIESEL",6,"Run & Drive Verified","On Approval","[PREMIUM]","TITLE ODOM EXEMPT           ","PHOENIX","AZ","85085","USA","USD","[PREMIUM]","[PREMIUM]","HVY03",false,"[PREMIUM]",,false,false,"[PREMIUM]",,,,,,,,"[PREMIUM]"
"57588406","2026-07-15 21:00:43.122","2026-07-21 01:13:26.077","57588406","2026-07-20 14:07:48.000","[PREMIUM]","362","AZ - PHOENIX NORTH","2026-07-21","TUESDAY","1200","PDT","2513","V",2022,"CHEVROLET","BLAZER","BLAZER","SPORT UTILITY VEHICLE","GRAY","VANDALISM",,"AZ","SC","YES","S",170855,"A","[PREMIUM]",635.83,"2.0L 4","FRONT WHEEL DRIVE","AUTOMATIC","GAS",4,"Vehicle Starts","Pure Sale","[PREMIUM]",,"PHOENIX","AZ","85085","USA","USD","[PREMIUM]","[PREMIUM]","H160",false,"[PREMIUM]","2LT",false,false,"[PREMIUM]",,,,,,,,"[PREMIUM]"
"57654966","2026-07-15 21:00:43.116","2026-07-21 01:13:26.122","57654966","2026-07-20 20:48:52.000","[PREMIUM]","362","AZ - PHOENIX NORTH","2026-07-21","TUESDAY","1200","PDT","2609","V",2019,"HONDA","FIT","FIT","HATCHBACK","WHITE","UNDERCARRIAGE","MINOR DENT/SCRATCHES","AZ","SC","YES","S",69794,"A","[PREMIUM]",9061,"1.5L 4","FRONT WHEEL DRIVE","AUTOMATIC","GAS",4,"Vehicle Starts","On Minimum Bid","[PREMIUM]",,"PHOENIX","AZ","85085","USA","USD","[PREMIUM]","[PREMIUM]","H050",false,"[PREMIUM]","EX",false,false,"[PREMIUM]",,,,,,,,"[PREMIUM]"
"57611546","2026-07-15 21:00:43.115","2026-07-23 07:14:04.097","57611546","2026-07-22 13:46:02.000","[PREMIUM]","362","AZ - PHOENIX NORTH","2026-07-23","THURSDAY","1200","PDT","18","V",2017,"NISSAN","ROGUE","ROGUE","WAGON","WHITE","REAR END","MINOR DENT/SCRATCHES","AZ","SC","YES","D",134532,"A","[PREMIUM]",10003.11,"2.5L 4","ALL WHEEL DRIVE","AUTOMATIC","GAS",4,"Run & Drive Verified","Pure Sale","[PREMIUM]",,"PHOENIX","AZ","85085","USA","USD","[PREMIUM]","[PREMIUM]","I110",false,"[PREMIUM]","SV",false,false,"[PREMIUM]",,,,,,,,"[PREMIUM]"
"57628496","2026-07-15 21:00:43.109","2026-07-21 01:13:26.106","57628496","2026-07-20 14:07:48.000","[PREMIUM]","362","AZ - PHOENIX NORTH","2026-07-21","TUESDAY","1200","PDT","2555","V",2023,"TOYOTA","CAMRY","CAMRY","SEDAN","WHITE","FRONT END","SIDE","AZ","SC","YES","S",42130,"A","[PREMIUM]",18322.91,"2.5L 4","FRONT WHEEL DRIVE","AUTOMATIC","GAS",4,"Vehicle Starts","Pure Sale","[PREMIUM]",,"PHOENIX","AZ","85085","USA","USD","[PREMIUM]","[PREMIUM]","K030",false,"[PREMIUM]",,false,false,"[PREMIUM]",,,,,,,,"[PREMIUM]"
"57521586","2026-07-15 21:00:43.107","2026-07-21 01:13:26.088","57521586","2026-07-20 14:07:47.000","[PREMIUM]","362","AZ - PHOENIX NORTH","2026-07-21","TUESDAY","1200","PDT","94","V",2022,"HONDA","CIVIC","CIVIC","SEDAN","SILVER","FRONT END","MINOR DENT/SCRATCHES","AZ","SC","YES","D",66113,"N","[PREMIUM]",12139.93,"2.0L 4","FRONT WHEEL DRIVE","AUTOMATIC","GAS",4,"Run & Drive Verified","On Minimum Bid","[PREMIUM]",,"PHOENIX","AZ","85085","USA","USD","[PREMIUM]","[PREMIUM]","E090",false,"[PREMIUM]","SPORT",false,false,"[PREMIUM]",,,,,,,,"[PREMIUM]"
"57397396","2026-07-15 21:00:43.056","2026-07-21 01:13:26.053","57397396","2026-07-20 14:07:48.000","[PREMIUM]","362","AZ - PHOENIX NORTH","2026-07-21","TUESDAY","1200","PDT","2570","V",2016,"FORD","FUSION","FUSION","SEDAN 4DR","WHITE","FRONT END",,"AZ","SC","YES","E",129722,"A","[PREMIUM]",7986.35,"2.0L 4","FRONT WHEEL DRIVE","AUTOMATIC","GAS",4,"DEFAULT","On Minimum Bid","[PREMIUM]",,"PHOENIX","AZ","85085","USA","USD","[PREMIUM]","[PREMIUM]","J060",false,"[PREMIUM]","TITANIUM",false,false,"[PREMIUM]",,,,,,,,"[PREMIUM]"
"57256676","2026-07-15 21:00:42.973","2026-07-25 13:13:59.406","57256676","2026-07-21 21:40:52.000","[PREMIUM]","362","AZ - PHOENIX NORTH","2026-07-28","TUESDAY","1200","PDT","0","V",2023,"FORD","BRONCO","BRONCO SPORT","SPORT UTILITY VEHICLE","GRAY","FRONT END",,"AZ","SC","YES","D",32925,"A","[PREMIUM]",18700,"1.5L 3","4X4 W/FRONT WHL DRV","AUTOMATIC","GAS",3,"Run & Drive Verified","On Minimum Bid","[PREMIUM]",,"PHOENIX","AZ","85085","USA","USD","[PREMIUM]","[PREMIUM]","M070",false,"[PREMIUM]","OUTER BANKS",false,false,"[PREMIUM]",,,,,,,,"[PREMIUM]"
"56774696","2026-07-15 21:00:42.940","2026-07-23 07:14:03.826","56774696","2026-07-22 21:03:35.000","[PREMIUM]","841","CRASHEDTOYS POWERSPORT AUCTION","2026-07-23","THURSDAY","1200","CDT","5054","A",2022,"CAN-AM","SIDEBYSIDE","MAVERICK X3","SIDE BY SIDE","BLACK","FRONT END","SIDE","AZ","SC","YES","S",1180,"A","[PREMIUM]",15545.2,"3",,"AUTOMATIC","GAS",3,"Vehicle Starts","Pure Sale","[PREMIUM]",,"PHOENIX","AZ","85085","USA","USD","[PREMIUM]","[PREMIUM]","MC003",false,"[PREMIUM]",,false,false,"[PREMIUM]",,,,,,,,"[PREMIUM]"
"57028866","2026-07-15 21:00:42.937","2026-07-23 07:14:03.874","57028866","2026-07-17 15:28:27.000","[PREMIUM]","836","HEAVY TRUCK SPECIALTY SALE","2026-07-23","THURSDAY","1100","CDT","0","R",2011,"EVERGREEN","ALL Models","EVER LITE","M-35RL-DS-SLIDE 35'","GREEN","ALL OVER",,"AZ","SC","EXM","E",0,"N","[PREMIUM]",0,,"UNKNOWN","UNKNOWN","UNKNOWN",,"DEFAULT","Pure Sale","[PREMIUM]",,"PHOENIX","AZ","85085","USA","USD","[PREMIUM]","[PREMIUM]","HVY07",false,"[PREMIUM]",,false,false,"[PREMIUM]",,,,,,,,"[PREMIUM]"
"52956206","2026-07-15 21:00:42.917","2026-07-21 01:13:25.135","52956206","2026-07-20 14:07:48.000","[PREMIUM]","362","AZ - PHOENIX NORTH","2026-07-21","TUESDAY","1200","PDT","144","V",2015,"ACURA","MDX","MDX","4DR SPORT UTILITY","WHITE","FRONT END","MINOR DENT/SCRATCHES","AZ","SC","YES","D",151943,"A","[PREMIUM]",7241.43,"3.5L 6","FRONT WHEEL DRIVE","AUTOMATIC","GAS",6,"Run & Drive Verified","Pure Sale","[PREMIUM]",,"PHOENIX","AZ","85085","USA","USD","[PREMIUM]","[PREMIUM]","CD002",false,"[PREMIUM]",,false,false,"[PREMIUM]",,,,,,,,"[PREMIUM]"
"55740726","2026-07-15 21:00:42.917","2026-07-23 07:35:08.210","55740726","2026-07-16 15:35:43.000","[PREMIUM]","836","HEAVY TRUCK SPECIALTY SALE","2026-07-23","THURSDAY","1100","CDT","0","U",2000,"KENWORTH","ALL OTHER","CONSTRUCTION","TRACTOR TRUCK","RED","ALL OVER",,"AZ","SC","YES","E",67835,"E","[PREMIUM]",39306,"14.6L 6","REAR WHEEL DRIVE","MANUAL","DIESEL",6,"DEFAULT","Pure Sale","[PREMIUM]",,"PHOENIX","AZ","85085","USA","USD","[PREMIUM]","[PREMIUM]","HVY03",false,"[PREMIUM]","W900",false,false,"[PREMIUM]",,,,,,,,"[PREMIUM]"
"57039976","2026-07-15 21:00:42.917","2026-07-21 01:13:26.088","57039976","2026-07-20 17:27:15.000","[PREMIUM]","362","AZ - PHOENIX NORTH","2026-07-21","TUESDAY","1200","PDT","123","V",2014,"HONDA","ODYSSEY","ODYSSEY","SPORTS VAN","BLUE","REAR END","MINOR DENT/SCRATCHES","AZ","SC","YES","D",156435,"A","[PREMIUM]",5782.38,"3.5L 6","FRONT WHEEL DRIVE","AUTOMATIC","GAS",6,"Run & Drive Verified","Pure Sale","[PREMIUM]",,"PHOENIX","AZ","85085","USA","USD","[PREMIUM]","[PREMIUM]","CD002",false,"[PREMIUM]","EXL",false,false,"[PREMIUM]",,,,,,,,"[PREMIUM]"
"56773036","2026-07-15 21:00:42.916","2026-07-21 01:13:25.889","56773036","2026-07-20 14:07:48.000","[PREMIUM]","362","AZ - PHOENIX NORTH","2026-07-21","TUESDAY","1200","PDT","2581","V",2025,"NISSAN","ROGUE","ROGUE","SPORT UTILITY VEHICLE","WHITE","FRONT END","UNDERCARRIAGE","AZ","SC","YES","S",20933,"A","[PREMIUM]",26713.56,"1.5L 3","FRONT WHEEL DRIVE","AUTOMATIC","GAS",3,"Vehicle Starts","On Minimum Bid","[PREMIUM]",,"PHOENIX","AZ","85085","USA","USD","[PREMIUM]","[PREMIUM]","G110",false,"[PREMIUM]","SL",false,false,"[PREMIUM]",,,,,,,,"[PREMIUM]"
"57019486","2026-07-15 21:00:42.914","2026-07-21 01:13:26.175","57019486","2026-07-20 23:00:46.000","[PREMIUM]","362","AZ - PHOENIX NORTH","2026-07-21","TUESDAY","1200","PDT","115","V",2025,"CADILLAC","XT5","XT5","SPORT UTILITY VEHICLE","WHITE","SIDE","REAR END","AZ","SC","YES","D",6760,"A","[PREMIUM]",0,"2.0L 4","FRONT WHEEL DRIVE","AUTOMATIC","GAS",4,"Run & Drive Verified","Pure Sale","[PREMIUM]",,"PHOENIX","AZ","85085","USA","USD","[PREMIUM]","[PREMIUM]","CD002",false,"[PREMIUM]","PREMIUM LUXURY",false,false,"[PREMIUM]",,,,,,,,"[PREMIUM]"
"46933096","2026-07-15 21:00:42.888","2026-07-21 01:13:24.749","46933096","2026-07-20 14:07:47.000","[PREMIUM]","362","AZ - PHOENIX NORTH","2026-07-21","TUESDAY","1200","PDT","96","V",2015,"BMW","X1","X1","STATION WAGON","WHITE","MINOR DENT/SCRATCHES",,"AZ","CT","YES","D",159118,"A","[PREMIUM]",0,"2.0L 4","REAR WHEEL DRIVE","AUTOMATIC","GAS",4,"Run & Drive Verified","On Approval","[PREMIUM]",,"PHOENIX","AZ","85085","USA","USD","[PREMIUM]","[PREMIUM]","H060",false,"[PREMIUM]","SDRIVE28I",false,false,"[PREMIUM]",,,,,,,,"[PREMIUM]"
"56640896","2026-07-15 21:00:42.882","2026-07-21 01:13:25.889","56640896","2026-07-20 14:07:48.000","[PREMIUM]","362","AZ - PHOENIX NORTH","2026-07-21","TUESDAY","1200","PDT","2560","V",2021,"HYUNDAI","ELANTRA","ELANTRA","SEDAN","SILVER","FRONT END","SIDE","AZ","SC","YES","E",38835,"A","[PREMIUM]",17539.97,"2.0L 4","FRONT WHEEL DRIVE","AUTOMATIC","GAS",4,"DEFAULT","Pure Sale","[PREMIUM]",,"PHOENIX","AZ","85085","USA","USD","[PREMIUM]","[PREMIUM]","N040",false,"[PREMIUM]","SEL",false,false,"[PREMIUM]",,,,,,,,"[PREMIUM]"
"56609896","2026-07-15 21:00:42.868","2026-07-21 01:13:25.840","56609896","2026-07-20 14:07:48.000","[PREMIUM]","362","AZ - PHOENIX NORTH","2026-07-21","TUESDAY","1200","PDT","2532","V",2019,"NISSAN","ALTIMA","ALTIMA","SEDAN","BLACK","REAR END",,"AZ","SC","YES","E",97477,"A","[PREMIUM]",13493.87,"2.5L 4","FRONT WHEEL DRIVE","AUTOMATIC","GAS",4,"DEFAULT","Pure Sale","[PREMIUM]",,"PHOENIX","AZ","85085","USA","USD","[PREMIUM]","[PREMIUM]","N050",false,"[PREMIUM]","S",false,false,"[PREMIUM]",,,,,,,,"[PREMIUM]"
"51832196","2026-07-15 21:00:42.830","2026-07-27 22:46:41.546","51832196","2026-07-27 14:55:28.000","[PREMIUM]","362","AZ - PHOENIX NORTH","2026-07-28","TUESDAY","1200","PDT","2015","V",2025,"KIA","K5","K5","SEDAN","BLACK","FRONT END","MINOR DENT/SCRATCHES","ID","SC","YES","D",25504,"A","[PREMIUM]",17788,"2.5L 4","FRONT WHEEL DRIVE","AUTOMATIC","GAS",4,"Run & Drive Verified","Pure Sale","[PREMIUM]",,"PHOENIX","AZ","85085","USA","USD","[PREMIUM]","[PREMIUM]","L040",false,"[PREMIUM]","GT LINE",false,false,"[PREMIUM]",,,,,,,,"[PREMIUM]"
"56480176","2026-07-15 21:00:42.815","2026-07-23 07:14:03.761","56480176","2026-07-22 13:46:02.000","[PREMIUM]","362","AZ - PHOENIX NORTH","2026-07-23","THURSDAY","1200","PDT","121","V",2014,"MITSUBISHI","OUTLANDER","OUTLANDER SPORT","4DR SPORT UTILITY","RED","FRONT END","SIDE","AZ","SC","YES","D",108429,"A","[PREMIUM]",16531.92,"2.0L 4","FRONT WHEEL DRIVE","AUTOMATIC","GAS",4,"Run & Drive Verified","Pure Sale","[PREMIUM]",,"PHOENIX","AZ","85085","USA","USD","[PREMIUM]","[PREMIUM]","K060",false,"[PREMIUM]","ES",false,false,"[PREMIUM]",,,,,,,,"[PREMIUM]"
"56568346","2026-07-15 21:00:42.813","2026-07-30 08:42:42.747","56568346","2026-07-29 04:10:35.000","[PREMIUM]","362","AZ - PHOENIX NORTH","2026-08-04","TUESDAY","1200","PDT","0","V",2024,"KIA","FORTE","FORTE","SEDAN","GRAY","FRONT END",,"AZ","SC","YES","E",116139,"A","[PREMIUM]",21226.04,"2.0L 4","FRONT WHEEL DRIVE","AUTOMATIC","GAS",4,"DEFAULT","On Minimum Bid","[PREMIUM]",,"PHOENIX","AZ","85085","USA","USD","[PREMIUM]","[PREMIUM]","K040",false,"[PREMIUM]","LXS",false,false,"[PREMIUM]",,,,,,,,"[PREMIUM]"
"56489576","2026-07-15 21:00:42.812","2026-07-21 01:13:25.816","56489576","2026-07-20 14:07:48.000","[PREMIUM]","362","AZ - PHOENIX NORTH","2026-07-21","TUESDAY","1200","PDT","2505","V",2013,"SUBARU","BRZ","BRZ","COUPE","WHITE","REAR END",,"AZ","SC","YES","S",123397,"A","[PREMIUM]",9778.49,"2.0L 4","REAR WHEEL DRIVE","AUTOMATIC","GAS",4,"Vehicle Starts","Pure Sale","[PREMIUM]",,"PHOENIX","AZ","85085","USA","USD","[PREMIUM]","[PREMIUM]","CD002",false,"[PREMIUM]","2.0 LIMITED",false,false,"[PREMIUM]",,,,,,,,"[PREMIUM]"
"56538016","2026-07-15 21:00:42.811","2026-07-21 01:13:25.838","56538016","2026-07-20 14:07:48.000","[PREMIUM]","362","AZ - PHOENIX NORTH","2026-07-21","TUESDAY","1200","PDT","114","V",2021,"BMW","3 SERIES","330I","SEDAN","BLACK","FRONT END","MINOR DENT/SCRATCHES","AZ","SC","YES","D",49612,"A","[PREMIUM]",22406.38,"2.0L 4","REAR WHEEL DRIVE","AUTOMATIC","GAS",4,"Run & Drive Verified","On Minimum Bid","[PREMIUM]",,"PHOENIX","AZ","85085","USA","USD","[PREMIUM]","[PREMIUM]","K040",false,"[PREMIUM]",,false,false,"[PREMIUM]",,,,,,,,"[PREMIUM]"
"56067646","2026-07-15 21:00:42.752","2026-07-21 01:13:25.728","56067646","2026-07-20 14:07:47.000","[PREMIUM]","362","AZ - PHOENIX NORTH","2026-07-21","TUESDAY","1200","PDT","95","V",2010,"ACURA","TL","TL","SEDAN 4DR","WHITE","REAR END","MINOR DENT/SCRATCHES","AZ","SC","YES","D",130431,"A","[PREMIUM]",8166.77,"3.5L 6","FRONT WHEEL DRIVE","AUTOMATIC","GAS",6,"Run & Drive Verified","Pure Sale","[PREMIUM]",,"PHOENIX","AZ","85085","USA","USD","[PREMIUM]","[PREMIUM]","L030",false,"[PREMIUM]",,false,false,"[PREMIUM]",,,,,,,,"[PREMIUM]"
"55574586","2026-07-15 21:00:42.687","2026-07-21 01:13:25.562","55574586","2026-07-20 14:07:47.000","[PREMIUM]","362","AZ - PHOENIX NORTH","2026-07-21","TUESDAY","1200","PDT","39","V",2024,"HYUNDAI","ELANTRA","ELANTRA","SEDAN","GRAY","REAR END","MINOR DENT/SCRATCHES","AZ","SC","YES","D",132121,"A","[PREMIUM]",0,"1.6L 4","FRONT WHEEL DRIVE","AUTOMATIC","ELECTRIC AND GAS HYBRID",4,"Run & Drive Verified","Pure Sale","[PREMIUM]",,"PHOENIX","AZ","85085","USA","USD","[PREMIUM]","[PREMIUM]","N070",false,"[PREMIUM]","LIMITED",false,false,"[PREMIUM]",,,,,,,,"[PREMIUM]"
"55834636","2026-07-15 21:00:42.685","2026-07-26 19:21:20.925","55834636","2026-07-24 23:18:07.000","[PREMIUM]","362","AZ - PHOENIX NORTH","2026-07-28","TUESDAY","1200","PDT","0","V",2016,"TOYOTA","COROLLA","COROLLA","SEDAN","SILVER","REAR END",,"AZ","SC","YES","D",66050,"A","[PREMIUM]",8217,"1.8L 4","FRONT WHEEL DRIVE","AUTOMATIC","GAS",4,"Run & Drive Verified","On Minimum Bid","[PREMIUM]",,"PHOENIX","AZ","85085","USA","USD","[PREMIUM]","[PREMIUM]","I030",false,"[PREMIUM]","S PLUS",false,false,"[PREMIUM]",,,,,,,,"[PREMIUM]"
"55185476","2026-07-15 21:00:42.649","2026-07-23 07:14:03.424","55185476","2026-07-22 13:46:02.000","[PREMIUM]","362","AZ - PHOENIX NORTH","2026-07-23","THURSDAY","1200","PDT","2","V",2021,"HONDA","CIVIC","CIVIC","HATCHBACK","BLUE","FRONT END",,"AZ","SC","YES","D",80739,"A","[PREMIUM]",21324.1,"1.5L 4","FRONT WHEEL DRIVE","MANUAL","GAS",4,"Run & Drive Verified","Pure Sale","[PREMIUM]",,"PHOENIX","AZ","85085","USA","USD","[PREMIUM]","[PREMIUM]","H110",false,"[PREMIUM]","SPORT",false,false,"[PREMIUM]",,,,,,,,"[PREMIUM]"
"55284526","2026-07-15 21:00:42.645","2026-07-21 01:13:25.493","55284526","2026-07-20 14:07:47.000","[PREMIUM]","362","AZ - PHOENIX NORTH","2026-07-21","TUESDAY","1200","PDT","74","V",2022,"RAM","1500","1500","PICKUP","BLACK","ROLLOVER",,"AZ","SC","YES","D",92579,"A","[PREMIUM]",40729.73,"3.6L 6","4X4 W/REAR WHEEL DRV","AUTOMATIC","GAS",6,"Run & Drive Verified","Pure Sale","[PREMIUM]",,"PHOENIX","AZ","85085","USA","USD","[PREMIUM]","[PREMIUM]","B100",false,"[PREMIUM]","BIG HORN",false,false,"[PREMIUM]",,,,,,,,"[PREMIUM]"
"54864336","2026-07-15 21:00:42.618","2026-07-21 01:13:25.418","54864336","2026-07-20 14:07:48.000","[PREMIUM]","362","AZ - PHOENIX NORTH","2026-07-21","TUESDAY","1200","PDT","142","V",2012,"CHEVROLET","IMPALA","IMPALA","SEDAN 4DR","BLUE","FRONT END",,"AZ","SC","YES","D",178870,"A","[PREMIUM]",0,"3.6L 6","FRONT WHEEL DRIVE","AUTOMATIC","GAS",6,"Run & Drive Verified","Pure Sale","[PREMIUM]",,"PHOENIX","AZ","85085","USA","USD","[PREMIUM]","[PREMIUM]","J030",false,"[PREMIUM]","LT",false,false,"[PREMIUM]",,,,,,,,"[PREMIUM]"
"55039086","2026-07-15 21:00:42.614","2026-07-29 20:42:29.146","55039086","2026-07-29 20:00:05.000","[PREMIUM]","362","AZ - PHOENIX NORTH","2026-08-04","TUESDAY","1200","PDT","0","V",2018,"JEEP","CHEROKEE","CHEROKEE","SPORT UTILITY VEHICLE","BLUE","FRONT END",,"AZ","SC","YES","D",60098,"A","[PREMIUM]",0,"2.4L 4","4X4 W/FRONT WHL DRV","AUTOMATIC","GAS",4,"Run & Drive Verified","On Minimum Bid","[PREMIUM]",,"PHOENIX","AZ","85085","USA","USD","[PREMIUM]","[PREMIUM]","J060",false,"[PREMIUM]","TRAILHAWK",false,false,"[PREMIUM]",,,,,,,,"[PREMIUM]"
"54512856","2026-07-15 21:00:42.535","2026-07-23 07:14:03.361","54512856","2026-07-22 13:46:02.000","[PREMIUM]","362","AZ - PHOENIX NORTH","2026-07-23","THURSDAY","1200","PDT","1105","V",2018,"CHEVROLET","SILVERADO","SILVERADO","PICKUP","GRAY","FRONT END",,"AZ","SC","YES","E",168343,"A","[PREMIUM]",20394.41,"5.3L 8","4X4 W/REAR WHEEL DRV","AUTOMATIC","GAS",8,"DEFAULT","Pure Sale","[PREMIUM]",,"PHOENIX","AZ","85085","USA","USD","[PREMIUM]","[PREMIUM]","B140",false,"[PREMIUM]","K1500 LT",false,false,"[PREMIUM]",,,,,,,,"[PREMIUM]"
"54273636","2026-07-15 21:00:42.530","2026-07-30 08:42:42.501","54273636","2026-07-23 23:29:27.000","[PREMIUM]","836","HEAVY TRUCK SPECIALTY SALE","2026-07-30","THURSDAY","1100","CDT","0","R",2025,"FORESRIVER","GEO PRO","GEO PRO",,"WHITE","REAR END",,"AZ","SC","EXM","E",0,"N","[PREMIUM]",26347,,,,,,"DEFAULT","On Minimum Bid","[PREMIUM]",,"PHOENIX","AZ","85085","USA","USD","[PREMIUM]","[PREMIUM]","HVY08",false,"[PREMIUM]",,false,false,"[PREMIUM]",,,,,,,,"[PREMIUM]"
"53457086","2026-07-15 21:00:42.462","2026-07-21 01:13:25.250","53457086","2026-07-20 21:51:48.000","[PREMIUM]","362","AZ - PHOENIX NORTH","2026-07-21","TUESDAY","1200","PDT","20","V",2020,"HYUNDAI","PALISADE","PALISADE","SPORT UTILITY VEHICLE","CHARCOAL","FRONT END",,"AZ","SC","YES","D",30896,"A","[PREMIUM]",35091.3,"3.8L 6","FRONT WHEEL DRIVE","AUTOMATIC","GAS",6,"Run & Drive Verified","Pure Sale","[PREMIUM]",,"PHOENIX","AZ","85085","USA","USD","[PREMIUM]","[PREMIUM]","F120",false,"[PREMIUM]","LIMITED",false,false,"[PREMIUM]",,,,,,,,"[PREMIUM]"
"54146296","2026-07-15 21:00:42.455","2026-07-21 01:13:25.302","54146296","2026-07-20 14:07:48.000","[PREMIUM]","362","AZ - PHOENIX NORTH","2026-07-21","TUESDAY","1200","PDT","2527","V",2007,"TOYOTA","TACOMA","TACOMA","CREW PICKUP","BLACK","FRONT END","MINOR DENT/SCRATCHES","AZ","SC","YES","E",206046,"A","[PREMIUM]",11219.4,"4.0L 6","4X4 W/REAR WHEEL DRV","AUTOMATIC","GAS",6,"DEFAULT","Pure Sale","[PREMIUM]",,"PHOENIX","AZ","85085","USA","USD","[PREMIUM]","[PREMIUM]","B130",false,"[PREMIUM]","DOUBLE CAB",false,false,"[PREMIUM]",,,,,,,,"[PREMIUM]"
"54022846","2026-07-15 21:00:42.450","2026-07-21 01:13:25.301","54022846","2026-07-20 14:07:48.000","[PREMIUM]","362","AZ - PHOENIX NORTH","2026-07-21","TUESDAY","1200","PDT","2510","V",2020,"KIA","FORTE","FORTE","SEDAN","GRAY","REAR END",,"AZ","SC","YES","S",64092,"A","[PREMIUM]",12762.62,"2.0L 4","FRONT WHEEL DRIVE","AUTOMATIC","GAS",4,"Vehicle Starts","Pure Sale","[PREMIUM]",,"PHOENIX","AZ","85085","USA","USD","[PREMIUM]","[PREMIUM]","J030",false,"[PREMIUM]","LXS",false,false,"[PREMIUM]",,,,,,,,"[PREMIUM]"
"50690716","2026-07-15 21:00:42.364","2026-07-21 01:13:24.897","50690716","2026-07-20 14:07:48.000","[PREMIUM]","362","AZ - PHOENIX NORTH","2026-07-21","TUESDAY","1200","PDT","2509","V",2025,"KIA","K5","K5","SEDAN","CHARCOAL","FRONT END","UNDERCARRIAGE","AZ","SC","YES","S",17838,"A","[PREMIUM]",0,"2.5L 4","FRONT WHEEL DRIVE","AUTOMATIC","GAS",4,"Vehicle Starts","Pure Sale","[PREMIUM]",,"PHOENIX","AZ","85085","USA","USD","[PREMIUM]","[PREMIUM]","L060",false,"[PREMIUM]","LXS",false,false,"[PREMIUM]",,,,,,,,"[PREMIUM]"
"52577466","2026-07-15 21:00:42.326","2026-07-21 01:13:25.082","52577466","2026-07-20 14:07:48.000","[PREMIUM]","362","AZ - PHOENIX NORTH","2026-07-21","TUESDAY","1200","PDT","2573","V",2020,"JEEP","RENEGADE","RENEGADE","SPORT UTILITY VEHICLE","CHARCOAL","FRONT END",,"AZ","SC","NO","E",86195,"A","[PREMIUM]",24597.81,"2.4L 4","FRONT WHEEL DRIVE","AUTOMATIC","GAS",4,"DEFAULT","Pure Sale","[PREMIUM]",,"PHOENIX","AZ","85085","USA","USD","[PREMIUM]","[PREMIUM]","H090",false,"[PREMIUM]","LATITUDE",false,false,"[PREMIUM]",,,,,,,,"[PREMIUM]"
"52459866","2026-07-15 21:00:42.272","2026-07-23 07:14:03.082","52459866","2026-07-22 13:46:02.000","[PREMIUM]","362","AZ - PHOENIX NORTH","2026-07-23","THURSDAY","1200","PDT","1108","V",2022,"CHEVROLET","EQUINOX","EQUINOX","SPORT UTILITY VEHICLE","GRAY","FRONT END","REAR END","AZ","SC","YES","S",86975,"A","[PREMIUM]",13527.31,"1.5L 4","FRONT WHEEL DRIVE","AUTOMATIC","GAS",4,"Vehicle Starts","Pure Sale","[PREMIUM]",,"PHOENIX","AZ","85085","USA","USD","[PREMIUM]","[PREMIUM]","L110",false,"[PREMIUM]","LT",false,false,"[PREMIUM]",,,,,,,,"[PREMIUM]"
"52500166","2026-07-15 21:00:42.256","2026-07-21 01:13:25.065","52500166","2026-07-20 14:07:48.000","[PREMIUM]","362","AZ - PHOENIX NORTH","2026-07-21","TUESDAY","1200","PDT","2002","V",2015,"FORD","FOCUS","FOCUS","HATCHBACK 4DR","BLUE","FRONT END","MINOR DENT/SCRATCHES","AZ","SC","YES","D",126052,"A","[PREMIUM]",5960.23,"2.0L 4","FRONT WHEEL DRIVE","MANUAL","GAS",4,"Run & Drive Verified","Pure Sale","[PREMIUM]",,"PHOENIX","AZ","85085","USA","USD","[PREMIUM]","[PREMIUM]","E120",false,"[PREMIUM]","ST",false,false,"[PREMIUM]",,,,,,,,"[PREMIUM]"
"52344136","2026-07-15 21:00:42.252","2026-07-21 01:13:24.987","52344136","2026-07-20 14:07:48.000","[PREMIUM]","362","AZ - PHOENIX NORTH","2026-07-21","TUESDAY","1200","PDT","2607","V",2014,"LINCOLN","MKZ","MKZ","SEDAN 4DR","WHITE","ALL OVER","ROLLOVER","AZ","SC","NO","E",0,"N","[PREMIUM]",24737.84,"2.0L 4","FRONT WHEEL DRIVE","AUTOMATIC","ELECTRIC AND GAS HYBRID",4,"DEFAULT","Pure Sale","[PREMIUM]",,"PHOENIX","AZ","85085","USA","USD","[PREMIUM]","[PREMIUM]","M030",false,"[PREMIUM]","HYBRID",false,false,"[PREMIUM]",,,,,,,,"[PREMIUM]"
"51811386","2026-07-15 21:00:42.203","2026-07-21 01:13:24.934","51811386","2026-07-20 14:07:48.000","[PREMIUM]","362","AZ - PHOENIX NORTH","2026-07-21","TUESDAY","1200","PDT","118","V",2013,"BMW","X5","X5","4DR SPORT UTILITY","BLACK","MINOR DENT/SCRATCHES",,"AZ","CT","YES","D",89920,"A","[PREMIUM]",0,"3.0L 6","ALL WHEEL DRIVE","AUTOMATIC","GAS",6,"Run & Drive Verified","On Approval","[PREMIUM]",,"PHOENIX","AZ","85085","USA","USD","[PREMIUM]","[PREMIUM]","CD002",false,"[PREMIUM]",,false,false,"[PREMIUM]",,,,,,,,"[PREMIUM]"
"50967966","2026-07-15 21:00:42.151","2026-07-15 21:00:42.151","50967966","2026-07-15 14:52:15.000","[PREMIUM]","362","AZ - PHOENIX NORTH","2026-07-16","THURSDAY","1200","PDT","1105","V",2022,"CHRYSLER","PACIFICA","PACIFICA","VAN PASSENGER","WHITE","FRONT END","MINOR DENT/SCRATCHES","AZ","SC","NO",,101542,"A","[PREMIUM]",0,"3.6L 6","FRONT WHEEL DRIVE","AUTOMATIC","FLEXIBLE",6,,"Pure Sale","[PREMIUM]",,"PHOENIX","AZ","85085","USA","USD","[PREMIUM]","[PREMIUM]","F120",false,"[PREMIUM]","TOURING L",false,false,"[PREMIUM]",,,,,,,,"[PREMIUM]"
"51469386","2026-07-15 21:00:42.136","2026-07-23 07:14:03.040","51469386","2026-07-22 21:03:34.000","[PREMIUM]","841","CRASHEDTOYS POWERSPORT AUCTION","2026-07-23","THURSDAY","1200","CDT","2029","C",2024,"HARLEY-DAVIDSON","ALL OTHER","FXBBS","CRUISER","BLUE","SIDE",,"AZ","SC","NO",,0,"N","[PREMIUM]",13727.55,"2",,"MANUAL","GAS",2,,"Pure Sale","[PREMIUM]",,"PHOENIX","AZ","85085","USA","USD","[PREMIUM]","[PREMIUM]","MC007",false,"[PREMIUM]",,false,false,"[PREMIUM]",,,,,,,,"[PREMIUM]"
"45851646","2026-07-15 21:00:41.998","2026-07-21 01:13:24.742","45851646","2026-07-20 14:07:48.000","[PREMIUM]","362","AZ - PHOENIX NORTH","2026-07-21","TUESDAY","1200","PDT","140","V",2018,"NISSAN","SENTRA","SENTRA","SEDAN","WHITE","SIDE","MINOR DENT/SCRATCHES","AZ","SC","YES","D",111070,"A","[PREMIUM]",9250.21,"1.8L 4","FRONT WHEEL DRIVE","AUTOMATIC","GAS",4,"Run & Drive Verified","Pure Sale","[PREMIUM]",,"PHOENIX","AZ","85085","USA","USD","[PREMIUM]","[PREMIUM]","K060",false,"[PREMIUM]","S",false,false,"[PREMIUM]",,,,,,,,"[PREMIUM]"
"46100246","2026-07-15 21:00:41.988","2026-07-30 08:42:42.213","46100246","2026-07-28 19:54:39.000","[PREMIUM]","362","AZ - PHOENIX NORTH","2026-08-04","TUESDAY","1200","PDT","0","V",2019,"VOLKSWAGEN","ATLAS","ATLAS","SPORT UTILITY VEHICLE","BLACK","FRONT END","MINOR DENT/SCRATCHES","AZ","SC","NO","E",149291,"A","[PREMIUM]",13488,"3.6L 6","ALL WHEEL DRIVE","AUTOMATIC","GAS",6,"DEFAULT","On Minimum Bid","[PREMIUM]",,"PHOENIX","AZ","85085","USA","USD","[PREMIUM]","[PREMIUM]","D110",false,"[PREMIUM]","SE",false,false,"[PREMIUM]",,,,,,,,"[PREMIUM]"
"85616935","2026-07-15 21:00:41.829","2026-07-19 19:13:00.932","85616935","2026-07-15 15:40:19.000","[PREMIUM]","832","MEDIUM DUTY CLEAN TITLE SALE","2026-07-20","MONDAY","1100","CDT","0","K",2012,"FORD","F550","F550","CHASSIS AND CAB","WHITE","MINOR DENT/SCRATCHES",,"MA","RS","YES","D",375917,"A","[PREMIUM]",0,"6.7L 8","REAR WHEEL DRIVE","AUTOMATIC","DIESEL",8,"Run & Drive Verified","Pure Sale","[PREMIUM]",,"ASSONET","MA","02702","USA","USD","[PREMIUM]","[PREMIUM]","U080",false,"[PREMIUM]","SUPER DUTY",false,false,"[PREMIUM]",,,,,,,,"[PREMIUM]"
"60492186","2026-07-15 21:00:41.636","2026-07-22 07:11:40.680","60492186","2026-07-21 20:59:47.000","[PREMIUM]","361","MA - FREETOWN","2026-07-22","WEDNESDAY","1000","EDT","133","V",2018,"CHEVROLET","CRUZE","CRUZE","SEDAN","RED","SIDE",,"MA","CT","YES","D",34590,"A","[PREMIUM]",0,"1.4L 4","FRONT WHEEL DRIVE","AUTOMATIC","GAS",4,"Run & Drive Verified","On Minimum Bid","[PREMIUM]",,"ASSONET","MA","02702","USA","USD","[PREMIUM]","[PREMIUM]","A050",true,"[PREMIUM]","LS",false,false,"[PREMIUM]",,,,,,,,"[PREMIUM]"
"76445625","2026-07-15 21:00:41.564","2026-07-29 04:46:59.294","76445625","2026-07-28 20:58:25.000","[PREMIUM]","361","MA - FREETOWN","2026-07-29","WEDNESDAY","1000","EDT","19","V",2018,"AUDI","S4/RS4","S4",,"WHITE","FRONT END",,"MA","ST","YES","D",83515,"A","[PREMIUM]",24357,"3.0L  6","ALL WHEEL DRIVE","AUTOMATIC","GAS",6,"Run & Drive Verified","On Minimum Bid","[PREMIUM]",,"ASSONET","MA","02702","USA","USD","[PREMIUM]","[PREMIUM]","A020",false,"[PREMIUM]","PRESTIGE",false,false,"[PREMIUM]",,,,,,,,"[PREMIUM]"
"61187976","2026-07-15 21:00:41.537","2026-07-22 07:11:40.870","61187976","2026-07-21 20:59:47.000","[PREMIUM]","361","MA - FREETOWN","2026-07-22","WEDNESDAY","1000","EDT","2061","V",2008,"TOYOTA","RAV4","RAV4","SUV","BLACK","ALL OVER",,"MA","CT","YES","D",221539,"A","[PREMIUM]",0,"2.4L 4","FOUR BY FOUR","AUTOMATIC","GAS",4,"Run & Drive Verified","On Minimum Bid","[PREMIUM]",,"ASSONET","MA","02702","USA","USD","[PREMIUM]","[PREMIUM]","L070",true,"[PREMIUM]","BASE",false,false,"[PREMIUM]",,,,,,,,"[PREMIUM]"
"61317016","2026-07-15 21:00:41.533","2026-07-22 07:11:40.921","61317016","2026-07-21 20:59:47.000","[PREMIUM]","361","MA - FREETOWN","2026-07-22","WEDNESDAY","1000","EDT","2590","V",2011,"TOYOTA","RAV4","RAV4","SUV","BROWN","MINOR DENT/SCRATCHES",,"MA","CT","YES","E",231212,"A","[PREMIUM]",0,"2.5L 4","FOUR BY FOUR","AUTOMATIC","GAS",4,"DEFAULT","On Approval","[PREMIUM]",,"ASSONET","MA","02702","USA","USD","[PREMIUM]","[PREMIUM]","H100",false,"[PREMIUM]","BASE",false,false,"[PREMIUM]",,,,,,,,"[PREMIUM]"
"61455966","2026-07-15 21:00:41.526","2026-07-17 11:09:28.204","61455966","2026-07-16 18:06:46.000","[PREMIUM]","361","MA - FREETOWN","2026-07-22","WEDNESDAY","1000","EDT","0","V",2023,"KIA","SPORTAGE","SPORTAGE HYBRID","SUV","WHITE","MINOR DENT/SCRATCHES","NORMAL WEAR","ME","CT","YES","D",191613,"A","[PREMIUM]",0,"1.6L 4","ALL WHEEL DRIVE","AUTOMATIC","ELECTRIC AND GAS HYBRID",4,"Run & Drive Verified","On Minimum Bid","[PREMIUM]",,"ASSONET","MA","02702","USA","USD","[PREMIUM]","[PREMIUM]","*OFF",true,"[PREMIUM]","LX",false,false,"[PREMIUM]","170 S MAIN ST","MA","ASSONET","02702",,,,"[PREMIUM]"
"66715815","2026-07-15 21:00:41.521","2026-07-30 08:42:41.915","66715815","2026-07-14 18:14:05.000","[PREMIUM]","361","MA - FREETOWN",,,,"EDT","0","V",2011,"AUDI","A4","A4","SEDAN 4D","SILVER","FRONT END",,"MA","RS","YES","D",232172,"A","[PREMIUM]",4764,"2.0L  4","ALL WHEEL DRIVE","AUTOMATIC","GAS",4,"Run & Drive Verified","Pure Sale","[PREMIUM]",,"ASSONET","MA","02702","USA","USD","[PREMIUM]","[PREMIUM]","K070",false,"[PREMIUM]","PREMIUM PLUS",false,false,"[PREMIUM]",,,,,,,,"[PREMIUM]"
"61220876","2026-07-15 21:00:41.518","2026-07-22 07:11:40.929","61220876","2026-07-21 20:59:47.000","[PREMIUM]","361","MA - FREETOWN","2026-07-22","WEDNESDAY","1000","EDT","110","V",2015,"FORD","F150","F150","4DR EXT CAB PICKUP","GRAY","SIDE","REAR END","MA","RS","YES","D",6204,"N","[PREMIUM]",18186.72,"2.7L 6","4X4 W/REAR WHEEL DRV","AUTOMATIC","GAS",6,"Run & Drive Verified","Pure Sale","[PREMIUM]",,"ASSONET","MA","02702","USA","USD","[PREMIUM]","[PREMIUM]","I080",false,"[PREMIUM]","SUPER CAB",false,false,"[PREMIUM]",,,,,,,,"[PREMIUM]"
"60960496","2026-07-15 21:00:41.501","2026-07-28 16:49:29.064","60960496","2026-07-23 17:52:09.000","[PREMIUM]","361","MA - FREETOWN","2026-07-29","WEDNESDAY","1000","EDT","0","V",2013,"FORD","FLEX","FLEX","4DR SPORT UTILITY","WHITE","REAR END",,"MA","CT","YES","D",178643,"A","[PREMIUM]",0,"3.5L 6","ALL WHEEL DRIVE","AUTOMATIC","GAS",6,"Run & Drive Verified","On Minimum Bid","[PREMIUM]",,"ASSONET","MA","02702","USA","USD","[PREMIUM]","[PREMIUM]","L070",false,"[PREMIUM]","SEL",false,false,"[PREMIUM]",,,,,,,,"[PREMIUM]"
"60963186","2026-07-15 21:00:41.497","2026-07-22 07:11:40.815","60963186","2026-07-21 20:59:47.000","[PREMIUM]","361","MA - FREETOWN","2026-07-22","WEDNESDAY","1000","EDT","2063","V",2008,"NISSAN","SENTRA","SENTRA","SEDAN 4DR","BLUE","FRONT END",,"MA","RS","YES","D",180932,"A","[PREMIUM]",5305.4,"2.0L 4","FRONT WHEEL DRIVE","AUTOMATIC","GAS",4,"Run & Drive Verified","Pure Sale","[PREMIUM]",,"ASSONET","MA","02702","USA","USD","[PREMIUM]","[PREMIUM]","B030",false,"[PREMIUM]","2.0",false,false,"[PREMIUM]",,,,,,,,"[PREMIUM]"
"61116636","2026-07-15 21:00:41.494","2026-07-29 04:46:58.788","61116636","2026-07-28 20:58:27.000","[PREMIUM]","361","MA - FREETOWN","2026-07-29","WEDNESDAY","1000","EDT","79","V",2010,"TOYOTA","CAMRY","CAMRY","SEDAN","GRAY","MINOR DENT/SCRATCHES","MECHANICAL","MA","CT","YES","D",240598,"A","[PREMIUM]",0,"2.5L 4","FRONT WHEEL DRIVE","AUTOMATIC","GAS",4,"Run & Drive Verified","On Minimum Bid","[PREMIUM]",,"ASSONET","MA","02702","USA","USD","[PREMIUM]","[PREMIUM]","E020",true,"[PREMIUM]","LE",false,false,"[PREMIUM]",,,,,,,,"[PREMIUM]"
"61002786","2026-07-15 21:00:41.492","2026-07-19 19:13:00.589","61002786","2026-07-15 18:49:50.000","[PREMIUM]","838","RENTAL VEHICLE SALE","2026-07-20","MONDAY","1200","EDT","0","V",2024,"AUDI","Q5","Q5","SPORT UTILITY VEHICLE","BLACK","FRONT END",,"NY","CT","YES","D",35565,"A","[PREMIUM]",0,"2.0L 4","ALL WHEEL DRIVE","AUTOMATIC","GAS",4,"Run & Drive Verified","On Approval","[PREMIUM]",,"ASSONET","MA","02702","USA","USD","[PREMIUM]","[PREMIUM]","C010",false,"[PREMIUM]","PREMIUM PLUS 45",false,false,"[PREMIUM]",,,,,,,,"[PREMIUM]"
"61116166","2026-07-15 21:00:41.490","2026-07-19 19:13:00.646","61116166","2026-07-15 18:51:14.000","[PREMIUM]","838","RENTAL VEHICLE SALE","2026-07-20","MONDAY","1200","EDT","0","V",2025,"TOYOTA","COROLLA","COROLLA","SEDAN","SILVER","FRONT END",,"CT","CT","YES","E",26211,"A","[PREMIUM]",0,"2.0L 4","FRONT WHEEL DRIVE","AUTOMATIC","GAS",4,"DEFAULT","On Approval","[PREMIUM]",,"ASSONET","MA","02702","USA","USD","[PREMIUM]","[PREMIUM]","C030",false,"[PREMIUM]","LE",false,false,"[PREMIUM]",,,,,,,,"[PREMIUM]"
"61002546","2026-07-15 21:00:41.490","2026-07-19 19:13:00.622","61002546","2026-07-15 18:48:13.000","[PREMIUM]","838","RENTAL VEHICLE SALE","2026-07-20","MONDAY","1200","EDT","0","V",2024,"FORD","ESCAPE","ESCAPE","SPORT UTILITY VEHICLE","GRAY","FRONT END",,"MD","CT","YES","D",29482,"A","[PREMIUM]",0,"1.5L 3","4X4 W/FRONT WHL DRV","AUTOMATIC","GAS",3,"Run & Drive Verified","On Approval","[PREMIUM]",,"ASSONET","MA","02702","USA","USD","[PREMIUM]","[PREMIUM]","C010",false,"[PREMIUM]","ACTIVE",false,false,"[PREMIUM]",,,,,,,,"[PREMIUM]"
"60966306","2026-07-15 21:00:41.485","2026-07-28 16:49:29.066","60966306","2026-07-23 18:24:12.000","[PREMIUM]","361","MA - FREETOWN","2026-07-29","WEDNESDAY","1000","EDT","0","V",2026,"KIA","NIRO","NIRO","SPORT UTILITY VEHICLE","GRAY","FRONT END",,"MA","CT","YES","D",12354,"A","[PREMIUM]",0,"1.6L 4","FRONT WHEEL DRIVE","AUTOMATIC","ELECTRIC AND GAS HYBRID",4,"Run & Drive Verified","On Minimum Bid","[PREMIUM]",,"ASSONET","MA","02702","USA","USD","[PREMIUM]","[PREMIUM]","C010",true,"[PREMIUM]","LX",false,false,"[PREMIUM]",,,,,,,,"[PREMIUM]"
"61043736","2026-07-15 21:00:41.477","2026-07-28 16:49:29.063","61043736","2026-07-28 01:14:09.000","[PREMIUM]","361","MA - FREETOWN","2026-07-29","WEDNESDAY","1000","EDT","0","K",2020,"RAM","PROMASTER","PROMASTER 1500",,"BLUE","TOP/ROOF",,"MA","CT","YES","E",48794,"A","[PREMIUM]",0,,,"AUTOMATIC",,,"DEFAULT","On Minimum Bid","[PREMIUM]",,"ASSONET","MA","02702","USA","USD","[PREMIUM]","[PREMIUM]","W050",true,"[PREMIUM]","1500 HIGH",false,false,"[PREMIUM]",,,,,,,,"[PREMIUM]"
"60955926","2026-07-15 21:00:41.473","2026-07-19 19:13:00.553","60955926","2026-07-15 18:50:33.000","[PREMIUM]","838","RENTAL VEHICLE SALE","2026-07-20","MONDAY","1200","EDT","0","V",2025,"NISSAN","SENTRA","SENTRA","SEDAN","GRAY","REAR END",,"MA","CT","YES","D",35607,"A","[PREMIUM]",0,"2.0L 4","FRONT WHEEL DRIVE","AUTOMATIC","GAS",4,"Run & Drive Verified","On Approval","[PREMIUM]",,"ASSONET","MA","02702","USA","USD","[PREMIUM]","[PREMIUM]","C060",false,"[PREMIUM]","SV",false,false,"[PREMIUM]",,,,,,,,"[PREMIUM]"
"60942336","2026-07-15 21:00:41.463","2026-07-22 07:11:40.913","60942336","2026-07-20 17:01:29.000","[PREMIUM]","838","RENTAL VEHICLE SALE","2026-07-22","WEDNESDAY","1200","EDT","0","V",2025,"FORD","ESCAPE","ESCAPE","SPORT UTILITY VEHICLE","BLACK","FRONT END",,"IN","CT","YES","S",23636,"A","[PREMIUM]",0,"2.0L 4","4X4 W/FRONT WHL DRV","AUTOMATIC","GAS",4,"Vehicle Starts","On Minimum Bid","[PREMIUM]",,"ASSONET","MA","02702","USA","USD","[PREMIUM]","[PREMIUM]","C050",true,"[PREMIUM]","ST LINE SELECT",false,false,"[PREMIUM]",,,,,,,,"[PREMIUM]"
"60941326","2026-07-15 21:00:41.456","2026-07-19 19:13:00.558","60941326","2026-07-15 18:46:34.000","[PREMIUM]","838","RENTAL VEHICLE SALE","2026-07-20","MONDAY","1200","EDT","0","V",2026,"NISSAN","ROGUE","ROGUE","SPORT UTILITY VEHICLE","GRAY","FRONT END",,"NJ","CT","YES","D",13203,"A","[PREMIUM]",0,"1.5L 3","FRONT WHEEL DRIVE","AUTOMATIC","GAS",3,"Run & Drive Verified","On Approval","[PREMIUM]",,"ASSONET","MA","02702","USA","USD","[PREMIUM]","[PREMIUM]","C040",false,"[PREMIUM]","SL",false,false,"[PREMIUM]",,,,,,,,"[PREMIUM]"
"60568706","2026-07-15 21:00:41.451","2026-07-22 07:11:40.677","60568706","2026-07-21 20:59:46.000","[PREMIUM]","361","MA - FREETOWN","2026-07-22","WEDNESDAY","1000","EDT","49","V",2025,"HYUNDAI","ELANTRA","ELANTRA","SEDAN","RED","FRONT END",,"MA","ST","YES","D",685,"A","[PREMIUM]",16276.06,"2.0L 4","FRONT WHEEL DRIVE","AUTOMATIC","GAS",4,"Run & Drive Verified","Pure Sale","[PREMIUM]",,"ASSONET","MA","02702","USA","USD","[PREMIUM]","[PREMIUM]","D030",false,"[PREMIUM]","SE",false,false,"[PREMIUM]",,,,,,,,"[PREMIUM]"
"60660746","2026-07-15 21:00:41.445","2026-07-30 08:42:41.664","60660746","2026-07-29 17:15:39.000","[PREMIUM]","361","MA - FREETOWN","2026-08-05","WEDNESDAY","1000","EDT","0","V",2010,"TOYOTA","RAV4","RAV4","SUV","BLACK","MINOR DENT/SCRATCHES",,"MA","CT","YES","D",163626,"A","[PREMIUM]",0,"2.5L 4","FOUR BY FOUR","AUTOMATIC","GAS",4,"Run & Drive Verified","On Minimum Bid","[PREMIUM]",,"ASSONET","MA","02702","USA","USD","[PREMIUM]","[PREMIUM]","L060",true,"[PREMIUM]","BASE",false,false,"[PREMIUM]",,,,,,,,"[PREMIUM]"
"60918566","2026-07-15 21:00:41.443","2026-07-30 08:42:41.715","60918566","2026-07-29 17:28:22.000","[PREMIUM]","361","MA - FREETOWN","2026-08-05","WEDNESDAY","1000","EDT","0","V",2005,"HYUNDAI","SANTA FE","SANTA FE","SUV","GRAY","MINOR DENT/SCRATCHES",,"MA","CT","YES","S",143528,"A","[PREMIUM]",0,"2.7L 6","ALL WHEEL DRIVE","AUTOMATIC","GAS",6,"Vehicle Starts","On Minimum Bid","[PREMIUM]",,"ASSONET","MA","02702","USA","USD","[PREMIUM]","[PREMIUM]","H050",true,"[PREMIUM]","GLS",false,false,"[PREMIUM]",,,,,,,,"[PREMIUM]"
"60928366","2026-07-15 21:00:41.442","2026-07-15 21:00:41.442","60928366","2026-07-15 20:32:44.000","[PREMIUM]","361","MA - FREETOWN","2026-07-22","WEDNESDAY","1000","EDT","0","V",2010,"MERCEDES-BENZ","M-CLASS","ML","4DR SPORT UTILITY","SILVER","FRONT END",,"NY","CT","YES","D",97083,"E","[PREMIUM]",0,"3.5L 6","ALL WHEEL DRIVE","AUTOMATIC","GAS",6,"Run & Drive Verified","On Minimum Bid","[PREMIUM]",,"ASSONET","MA","02702","USA","USD","[PREMIUM]","[PREMIUM]","F040",true,"[PREMIUM]","350 4MATIC",false,false,"[PREMIUM]",,,,,,,,"[PREMIUM]"
"60656326","2026-07-15 21:00:41.441","2026-07-30 08:42:41.672","60656326","2026-07-29 14:58:35.000","[PREMIUM]","880","*NCS - EASTERN REGION","2026-07-30","THURSDAY","2100","EDT","0","V",2013,"CADILLAC","CTS","CTS","SEDAN 4DR","WHITE","MINOR DENT/SCRATCHES",,"MA","RS","YES","D",111363,"A","[PREMIUM]",0,"3.6L 6","ALL WHEEL DRIVE","AUTOMATIC","GAS",6,"Run & Drive Verified","On Approval","[PREMIUM]",,"ASSONET","MA","02702","USA","USD","[PREMIUM]","[PREMIUM]","B040",false,"[PREMIUM]","PERFORMANCE COLLECTION",false,false,"[PREMIUM]",,,,,,,,"[PREMIUM]"
"60465506","2026-07-15 21:00:41.415","2026-07-22 07:11:40.679","60465506","2026-07-21 20:59:47.000","[PREMIUM]","361","MA - FREETOWN","2026-07-22","WEDNESDAY","1000","EDT","2040","V",2021,"FORD","RANGER","RANGER","PICKUP","GRAY","FRONT END",,"MA","ST","YES","D",92740,"A","[PREMIUM]",16337.49,"2.3L 4","4X4 W/REAR WHEEL DRV","AUTOMATIC","GAS",4,"Run & Drive Verified","On Minimum Bid","[PREMIUM]",,"ASSONET","MA","02702","USA","USD","[PREMIUM]","[PREMIUM]","J090",false,"[PREMIUM]","XL",false,false,"[PREMIUM]",,,,,,,,"[PREMIUM]"
"60300676","2026-07-15 21:00:41.413","2026-07-22 07:11:40.856","60300676","2026-07-21 20:59:47.000","[PREMIUM]","361","MA - FREETOWN","2026-07-22","WEDNESDAY","1000","EDT","2539","V",2017,"VOLKSWAGEN","GOLF","GOLF ALLTRACK","WAGON","BLUE","FRONT END",,"MA","ST","YES","E",0,"N","[PREMIUM]",16022.73,"1.8L 4","ALL WHEEL DRIVE","AUTOMATIC","GAS",4,"DEFAULT","Pure Sale","[PREMIUM]",,"ASSONET","MA","02702","USA","USD","[PREMIUM]","[PREMIUM]","K070",false,"[PREMIUM]","S",false,false,"[PREMIUM]",,,,,,,,"[PREMIUM]"
"60447076","2026-07-15 21:00:41.413","2026-07-22 07:11:40.647","60447076","2026-07-21 20:59:47.000","[PREMIUM]","361","MA - FREETOWN","2026-07-22","WEDNESDAY","1000","EDT","2505","V",2013,"HONDA","PILOT","PILOT","4DR SPORT UTILITY","BLACK","FRONT END","SIDE","MA","RS","YES","E",0,"N","[PREMIUM]",0,"3.5L 6","ALL WHEEL DRIVE","AUTOMATIC","GAS",6,"DEFAULT","Pure Sale","[PREMIUM]",,"ASSONET","MA","02702","USA","USD","[PREMIUM]","[PREMIUM]","F030",false,"[PREMIUM]","EX",false,false,"[PREMIUM]",,,,,,,,"[PREMIUM]"
"60448076","2026-07-15 21:00:41.412","2026-07-30 08:42:41.634","60448076","2026-07-15 16:14:54.000","[PREMIUM]","361","MA - FREETOWN",,,,"EDT","0","V",2021,"SUBARU","IMPREZA","IMPREZA","WAGON","RED","SIDE","FRONT END","MA","ST","YES","D",20986,"A","[PREMIUM]",15185,"2.0L 4","ALL WHEEL DRIVE","AUTOMATIC","GAS",4,"Run & Drive Verified","On Minimum Bid","[PREMIUM]",,"ASSONET","MA","02702","USA","USD","[PREMIUM]","[PREMIUM]","E060",false,"[PREMIUM]","PREMIUM",false,false,"[PREMIUM]",,,,,,,,"[PREMIUM]"
"60511906","2026-07-15 21:00:41.405","2026-07-22 07:11:40.679","60511906","2026-07-21 20:59:47.000","[PREMIUM]","361","MA - FREETOWN","2026-07-22","WEDNESDAY","1000","EDT","145","V",2015,"SUBARU","OUTBACK","OUTBACK","4DR SPORT UTILITY","BLACK","FRONT END","SIDE","RI","RS","YES","D",92700,"A","[PREMIUM]",8871.74,"2.5L 4","ALL WHEEL DRIVE","AUTOMATIC","GAS",4,"Run & Drive Verified","Pure Sale","[PREMIUM]",,"ASSONET","MA","02702","USA","USD","[PREMIUM]","[PREMIUM]","G040",false,"[PREMIUM]","2.5I PREMIUM",false,false,"[PREMIUM]",,,,,,,,"[PREMIUM]"
"60315806","2026-07-15 21:00:41.403","2026-07-22 07:11:40.627","60315806","2026-07-21 20:59:47.000","[PREMIUM]","361","MA - FREETOWN","2026-07-22","WEDNESDAY","1000","EDT","2598","V",2012,"BUICK","ENCLAVE","ENCLAVE","4DR SPORT UTILITY","BLACK","BURN",,"MA","RS","NO","E",0,"N","[PREMIUM]",10795,"3.6L 6","ALL WHEEL DRIVE","AUTOMATIC","GAS",6,"DEFAULT","Pure Sale","[PREMIUM]",,"ASSONET","MA","02702","USA","USD","[PREMIUM]","[PREMIUM]","F060",false,"[PREMIUM]",,false,false,"[PREMIUM]",,,,,,,,"[PREMIUM]"
"60047296","2026-07-15 21:00:41.397","2026-07-29 04:46:58.477","60047296","2026-07-29 02:45:41.000","[PREMIUM]","838","RENTAL VEHICLE SALE","2026-07-29","WEDNESDAY","1200","EDT","0","V",2025,"GMC","YUKON","YUKON XL","SPORT UTILITY VEHICLE","WHITE","REAR END","FRONT END","FL","CT","YES","D",32500,"A","[PREMIUM]",15604,"6.2L 8","4X4 W/REAR WHEEL DRV","AUTOMATIC","GAS",8,"Run & Drive Verified","On Minimum Bid","[PREMIUM]",,"ASSONET","MA","02702","USA","USD","[PREMIUM]","[PREMIUM]","Q060",true,"[PREMIUM]","DENALI",false,false,"[PREMIUM]",,,,,,,,"[PREMIUM]"
"60028646","2026-07-15 21:00:41.379","2026-07-19 19:13:00.367","60028646","2026-07-15 17:06:46.000","[PREMIUM]","838","RENTAL VEHICLE SALE","2026-07-20","MONDAY","1200","EDT","0","V",2023,"NISSAN","ALTIMA","ALTIMA","SEDAN","SILVER","FRONT END","MINOR DENT/SCRATCHES","FL","CT","YES","D",121449,"A","[PREMIUM]",7011.29,"2.5L 4","FRONT WHEEL DRIVE","AUTOMATIC","GAS",4,"Run & Drive Verified","On Minimum Bid","[PREMIUM]",,"ASSONET","MA","02702","USA","USD","[PREMIUM]","[PREMIUM]","D010",false,"[PREMIUM]","SV",true,false,"[PREMIUM]",,,,,,,,"[PREMIUM]"
"59974896","2026-07-15 21:00:41.369","2026-07-19 19:13:00.319","59974896","2026-07-15 20:00:55.000","[PREMIUM]","838","RENTAL VEHICLE SALE","2026-07-20","MONDAY","1200","EDT","0","V",2021,"NISSAN","KICKS","KICKS","HATCHBACK","SILVER","MECHANICAL",,"FL","CT","YES","D",121641,"A","[PREMIUM]",5369.48,"1.6L 4","FRONT WHEEL DRIVE","AUTOMATIC","GAS",4,"Run & Drive Verified","On Minimum Bid","[PREMIUM]",,"ASSONET","MA","02702","USA","USD","[PREMIUM]","[PREMIUM]","A010",false,"[PREMIUM]","SV",true,false,"[PREMIUM]",,,,,,,,"[PREMIUM]"
"59977296","2026-07-15 21:00:41.365","2026-07-22 07:11:40.485","59977296","2026-07-21 20:59:47.000","[PREMIUM]","361","MA - FREETOWN","2026-07-22","WEDNESDAY","1000","EDT","2547","V",2010,"HYUNDAI","SONATA","SONATA","SEDAN 4DR","BLUE","FRONT END",,"MA","RS","YES","S",144468,"A","[PREMIUM]",20714.88,"2.4L 4","FRONT WHEEL DRIVE","AUTOMATIC","GAS",4,"Vehicle Starts","Pure Sale","[PREMIUM]",,"ASSONET","MA","02702","USA","USD","[PREMIUM]","[PREMIUM]","D020",false,"[PREMIUM]","GLS",false,false,"[PREMIUM]",,,,,,,,"[PREMIUM]"
"60046236","2026-07-15 21:00:41.363","2026-07-27 13:13:50.321","60046236","2026-07-27 10:00:41.000","[PREMIUM]","838","RENTAL VEHICLE SALE","2026-07-27","MONDAY","1200","EDT","14","V",2026,"TOYOTA","CAMRY","CAMRY","SEDAN","WHITE","FRONT END",,"ME","CT","YES","D",2812,"A","[PREMIUM]",11579,"2.5L 4","FRONT WHEEL DRIVE","AUTOMATIC","ELECTRIC AND GAS HYBRID",4,"Run & Drive Verified","On Minimum Bid","[PREMIUM]",,"ASSONET","MA","02702","USA","USD","[PREMIUM]","[PREMIUM]","C010",true,"[PREMIUM]","LE",false,false,"[PREMIUM]",,,,,,,,"[PREMIUM]"
"60057236","2026-07-15 21:00:41.359","2026-07-21 19:10:48.686","60057236","2026-07-21 13:19:21.000","[PREMIUM]","838","RENTAL VEHICLE SALE","2026-07-22","WEDNESDAY","1200","EDT","0","V",2021,"FORD","EDGE","EDGE","SPORT UTILITY VEHICLE","MAROON","FRONT END",,"FL","CT","YES","D",135043,"A","[PREMIUM]",4241.4,"2.0L 4","ALL WHEEL DRIVE","AUTOMATIC","GAS",4,"Run & Drive Verified","On Minimum Bid","[PREMIUM]",,"ASSONET","MA","02702","USA","USD","[PREMIUM]","[PREMIUM]","B010",false,"[PREMIUM]","TITANIUM",true,false,"[PREMIUM]",,,,,,,,"[PREMIUM]"
"59998506","2026-07-15 21:00:41.356","2026-07-22 07:11:40.496","59998506","2026-07-21 20:59:47.000","[PREMIUM]","361","MA - FREETOWN","2026-07-22","WEDNESDAY","1000","EDT","2016","V",2003,"MERCEDES-BENZ","CLK-CLASS","CLK","CONVERTIBLE","SILVER","REAR END",,"MA","RS","YES","D",124927,"A","[PREMIUM]",6535.08,"4.3L 8","REAR WHEEL DRIVE","AUTOMATIC","GAS",8,"Run & Drive Verified","Pure Sale","[PREMIUM]",,"ASSONET","MA","02702","USA","USD","[PREMIUM]","[PREMIUM]","A020",false,"[PREMIUM]","430",false,false,"[PREMIUM]",,,,,,,,"[PREMIUM]"
"60059676","2026-07-15 21:00:41.352","2026-07-29 04:46:58.468","60059676","2026-07-28 20:58:26.000","[PREMIUM]","361","MA - FREETOWN","2026-07-29","WEDNESDAY","1000","EDT","32","V",2017,"TOYOTA","RAV4","RAV4","4DR SPORT UTILITY","GRAY","FRONT END","SIDE","MA","ST","YES","D",88658,"A","[PREMIUM]",12204.88,"2.5L 4","ALL WHEEL DRIVE","AUTOMATIC","GAS",4,"Run & Drive Verified","On Minimum Bid","[PREMIUM]",,"ASSONET","MA","02702","USA","USD","[PREMIUM]","[PREMIUM]","J070",false,"[PREMIUM]","LE",false,false,"[PREMIUM]",,,,,,,,"[PREMIUM]"
"59976816","2026-07-15 21:00:41.341","2026-07-30 08:42:41.598","59976816","2026-07-15 19:01:42.000","[PREMIUM]","361","MA - FREETOWN",,,,"EDT","0","V",2017,"TOYOTA","COROLLA LE","COROLLA","SEDAN 4D","BLACK","FRONT END","SIDE","MA","ST","YES","D",85671,"A","[PREMIUM]",8996,,,"AUTOMATIC",,,"Run & Drive Verified","Pure Sale","[PREMIUM]",,"ASSONET","MA","02702","USA","USD","[PREMIUM]","[PREMIUM]","A040",false,"[PREMIUM]","LE",false,false,"[PREMIUM]",,,,,,,,"[PREMIUM]"
"59787496","2026-07-15 21:00:41.316","2026-07-19 19:13:00.268","59787496","2026-07-15 19:14:25.000","[PREMIUM]","838","RENTAL VEHICLE SALE","2026-07-20","MONDAY","1200","EDT","0","V",2024,"MITSUBISHI","MIRAGE","MIRAGE","HATCHBACK","SILVER","FRONT END",,"NJ","CT","YES","D",27618,"A","[PREMIUM]",0,"1.2L 3","FRONT WHEEL DRIVE","AUTOMATIC","GAS",3,"Run & Drive Verified","On Approval","[PREMIUM]",,"ASSONET","MA","02702","USA","USD","[PREMIUM]","[PREMIUM]",,false,"[PREMIUM]","ES",false,false,"[PREMIUM]",,,,,,,,"[PREMIUM]"
"59919056","2026-07-15 21:00:41.313","2026-07-30 08:42:41.539","59919056","2026-07-29 15:01:10.000","[PREMIUM]","880","*NCS - EASTERN REGION","2026-07-30","THURSDAY","2100","EDT","0","V",1964,"MERCEDES-BENZ","190-CLASS","190",,"WHITE","MINOR DENT/SCRATCHES",,"MA","CT","YES","D",75029,"A","[PREMIUM]",0,,,"MANUAL",,,"Run & Drive Verified","On Minimum Bid","[PREMIUM]",,"ASSONET","MA","02702","USA","USD","[PREMIUM]","[PREMIUM]","A090",true,"[PREMIUM]","D 2.5",false,false,"[PREMIUM]",,,,,,,,"[PREMIUM]"
"59968016","2026-07-15 21:00:41.302","2026-07-19 19:13:00.310","59968016","2026-07-15 10:00:48.000","[PREMIUM]","838","RENTAL VEHICLE SALE","2026-07-20","MONDAY","1200","EDT","0","V",2022,"KIA","NIRO EV S","NIRO EV","WAGON","BLUE","REAR END",,"NY","CT","YES","D",115405,"A","[PREMIUM]",3168.2,"0.0L 0","FRONT WHEEL DRIVE","AUTOMATIC","ELECTRIC",0,"Run & Drive Verified","On Minimum Bid","[PREMIUM]",,"ASSONET","MA","02702","USA","USD","[PREMIUM]","[PREMIUM]","A010",false,"[PREMIUM]","S",true,false,"[PREMIUM]",,,,,,,,"[PREMIUM]"
"59968086","2026-07-15 21:00:41.299","2026-07-19 19:13:00.310","59968086","2026-07-15 20:07:47.000","[PREMIUM]","838","RENTAL VEHICLE SALE","2026-07-20","MONDAY","1200","EDT","0","V",2023,"TOYOTA","COROLLA","COROLLA","SEDAN","WHITE","SIDE",,"IL","CT","YES","D",104885,"A","[PREMIUM]",3702,"2.0L 4","FRONT WHEEL DRIVE","AUTOMATIC","GAS",4,"Run & Drive Verified","On Minimum Bid","[PREMIUM]",,"ASSONET","MA","02702","USA","USD","[PREMIUM]","[PREMIUM]","B010",false,"[PREMIUM]","LE",true,false,"[PREMIUM]",,,,,,,,"[PREMIUM]"
"59952666","2026-07-15 21:00:41.295","2026-07-23 19:14:54.586","59952666","2026-07-23 18:13:53.000","[PREMIUM]","361","MA - FREETOWN","2026-07-29","WEDNESDAY","1000","EDT","0","V",2024,"MAZDA","MAZDA3","3","SEDAN","GRAY","REAR END",,"MA","ST","YES","D",27422,"A","[PREMIUM]",18405.91,"2.5L 4","FRONT WHEEL DRIVE","AUTOMATIC","GAS",4,"Run & Drive Verified","On Minimum Bid","[PREMIUM]",,"ASSONET","MA","02702","USA","USD","[PREMIUM]","[PREMIUM]","D050",false,"[PREMIUM]","SELECT SPORT",false,false,"[PREMIUM]",,,,,,,,"[PREMIUM]"
"59968036","2026-07-15 21:00:41.294","2026-07-19 19:13:00.307","59968036","2026-07-15 10:00:49.000","[PREMIUM]","838","RENTAL VEHICLE SALE","2026-07-20","MONDAY","1200","EDT","0","V",2024,"FORD","EXPLORER","EXPLORER","SPORT UTILITY VEHICLE","BLACK","FRONT END",,"GA","CT","YES","D",77085,"A","[PREMIUM]",8923,"2.3L 4","REAR WHEEL DRIVE","AUTOMATIC","GAS",4,"Run & Drive Verified","On Minimum Bid","[PREMIUM]",,"ASSONET","MA","02702","USA","USD","[PREMIUM]","[PREMIUM]","C010",false,"[PREMIUM]","XLT",true,false,"[PREMIUM]",,,,,,,,"[PREMIUM]"
"59889356","2026-07-15 21:00:41.292","2026-07-22 07:11:40.445","59889356","2026-07-21 20:59:47.000","[PREMIUM]","361","MA - FREETOWN","2026-07-22","WEDNESDAY","1000","EDT","2546","V",2009,"TOYOTA","CAMRY","CAMRY","SEDAN","TEAL","MINOR DENT/SCRATCHES",,"MA","RS","YES","E",249135,"A","[PREMIUM]",5018.57,"2.4L 4","FRONT WHEEL DRIVE","AUTOMATIC","GAS",4,"DEFAULT","Pure Sale","[PREMIUM]",,"ASSONET","MA","02702","USA","USD","[PREMIUM]","[PREMIUM]","D050",false,"[PREMIUM]","LE",false,false,"[PREMIUM]",,,,,,,,"[PREMIUM]"
"59787566","2026-07-15 21:00:41.290","2026-07-22 07:11:40.440","59787566","2026-07-21 20:59:47.000","[PREMIUM]","361","MA - FREETOWN","2026-07-22","WEDNESDAY","1000","EDT","2528","V",2004,"JEEP","CHEROKEE","GRAND CHEROKEE","4DR SPORT UTILITY","BLUE","SIDE","FRONT END","MA","RS","YES","E",0,"E","[PREMIUM]",11092.77,"4.0L 6","4X4 W/REAR WHEEL DRV","AUTOMATIC","GAS",6,"DEFAULT","On Minimum Bid","[PREMIUM]",,"ASSONET","MA","02702","USA","USD","[PREMIUM]","[PREMIUM]","J080",false,"[PREMIUM]","LAREDO",false,false,"[PREMIUM]",,,,,,,,"[PREMIUM]"
"59666056","2026-07-15 21:00:41.266","2026-07-19 19:13:00.220","59666056","2026-07-15 19:49:40.000","[PREMIUM]","838","RENTAL VEHICLE SALE","2026-07-20","MONDAY","1200","EDT","0","V",2025,"KIA","ALL OTHER","K4","SEDAN","TEAL","FRONT END",,"MA","CT","YES","D",26239,"A","[PREMIUM]",10154.55,"2.0L 4","FRONT WHEEL DRIVE","AUTOMATIC","GAS",4,"Run & Drive Verified","On Minimum Bid","[PREMIUM]",,"ASSONET","MA","02702","USA","USD","[PREMIUM]","[PREMIUM]","D010",false,"[PREMIUM]","LXS",true,false,"[PREMIUM]",,,,,,,,"[PREMIUM]"
"59717806","2026-07-15 21:00:41.259","2026-07-28 16:49:28.712","59717806","2026-07-28 01:36:13.000","[PREMIUM]","361","MA - FREETOWN","2026-07-29","WEDNESDAY","1000","EDT","0","V",2010,"HONDA","CIVIC","CIVIC","SEDAN 4DR","BLACK","REAR END",,"MA","RS","YES","D",252606,"A","[PREMIUM]",8607,"1.8L 4","FRONT WHEEL DRIVE","AUTOMATIC","GAS",4,"Run & Drive Verified","On Minimum Bid","[PREMIUM]",,"ASSONET","MA","02702","USA","USD","[PREMIUM]","[PREMIUM]","D030",false,"[PREMIUM]","EX",false,false,"[PREMIUM]",,,,,,,,"[PREMIUM]"
"59710816","2026-07-15 21:00:41.255","2026-07-22 07:11:40.392","59710816","2026-07-21 20:59:46.000","[PREMIUM]","361","MA - FREETOWN","2026-07-22","WEDNESDAY","1000","EDT","29","V",2007,"TOYOTA","CAMRY","CAMRY","SEDAN","SILVER","REAR END",,"MA","RS","YES","D",120559,"A","[PREMIUM]",6333.2,"2.4L 4","FRONT WHEEL DRIVE","AUTOMATIC","GAS",4,"Run & Drive Verified","Pure Sale","[PREMIUM]",,"ASSONET","MA","02702","USA","USD","[PREMIUM]","[PREMIUM]","B050",false,"[PREMIUM]","XLE",false,false,"[PREMIUM]",,,,,,,,"[PREMIUM]"
"59779946","2026-07-15 21:00:41.253","2026-07-19 19:13:00.230","59779946","2026-07-15 17:05:12.000","[PREMIUM]","838","RENTAL VEHICLE SALE","2026-07-20","MONDAY","1200","EDT","0","V",2022,"TOYOTA","COROLLA","COROLLA","SEDAN","BLUE","FRONT END",,"FL","CT","YES","D",120318,"A","[PREMIUM]",3195.9,"1.8L 4","FRONT WHEEL DRIVE","AUTOMATIC","GAS",4,"Run & Drive Verified","On Minimum Bid","[PREMIUM]",,"ASSONET","MA","02702","USA","USD","[PREMIUM]","[PREMIUM]","A010",false,"[PREMIUM]","LE",true,false,"[PREMIUM]",,,,,,,,"[PREMIUM]"
"59670736","2026-07-15 21:00:41.253","2026-07-29 04:46:58.380","59670736","2026-07-28 20:58:34.000","[PREMIUM]","361","MA - FREETOWN","2026-07-29","WEDNESDAY","1000","EDT","2082","V",2019,"JEEP","CHEROKEE","GRAND CHEROKEE","SPORT UTILITY VEHICLE","BLACK","REAR END",,"MA","ST","YES","D",201136,"A","[PREMIUM]",8284,"3.6L 6","4X4 W/REAR WHEEL DRV","AUTOMATIC","FLEXIBLE",6,"Run & Drive Verified","On Minimum Bid","[PREMIUM]",,"ASSONET","MA","02702","USA","USD","[PREMIUM]","[PREMIUM]","G070",false,"[PREMIUM]","LAREDO",false,false,"[PREMIUM]",,,,,,,,"[PREMIUM]"
"59665886","2026-07-15 21:00:41.252","2026-07-19 19:13:00.172","59665886","2026-07-15 17:07:54.000","[PREMIUM]","838","RENTAL VEHICLE SALE","2026-07-20","MONDAY","1200","EDT","0","V",2023,"POLESTAR","2","2","HATCHBACK","SILVER","REAR END",,"FL","CT","YES","D",57836,"A","[PREMIUM]",11624.09,,"FRONT WHEEL DRIVE","AUTOMATIC","ELECTRIC",,"Run & Drive Verified","On Minimum Bid","[PREMIUM]",,"ASSONET","MA","02702","USA","USD","[PREMIUM]","[PREMIUM]","D010",false,"[PREMIUM]",,true,false,"[PREMIUM]",,,,,,,,"[PREMIUM]"
"59682066","2026-07-15 21:00:41.249","2026-07-19 19:13:00.233","59682066","2026-07-15 10:00:49.000","[PREMIUM]","838","RENTAL VEHICLE SALE","2026-07-20","MONDAY","1200","EDT","0","V",2023,"NISSAN","ROGUE","ROGUE","SPORT UTILITY VEHICLE","BLACK","REAR END",,"NY","CT","YES","D",126194,"A","[PREMIUM]",5450,"1.5L 3","ALL WHEEL DRIVE","AUTOMATIC","GAS",3,"Run & Drive Verified","On Minimum Bid","[PREMIUM]",,"ASSONET","MA","02702","USA","USD","[PREMIUM]","[PREMIUM]","C010",false,"[PREMIUM]","S",true,false,"[PREMIUM]",,,,,,,,"[PREMIUM]"
"59775996","2026-07-15 21:00:41.246","2026-07-29 04:46:58.381","59775996","2026-07-28 20:58:32.000","[PREMIUM]","361","MA - FREETOWN","2026-07-29","WEDNESDAY","1000","EDT","2015","V",2017,"CHEVROLET","EQUINOX","EQUINOX","4DR SPORT UTILITY","BLACK","FRONT END","SIDE","MA","ST","YES","D",120644,"A","[PREMIUM]",9323.63,"2.4L 4","FRONT WHEEL DRIVE","AUTOMATIC","GAS",4,"Run & Drive Verified","On Minimum Bid","[PREMIUM]",,"ASSONET","MA","02702","USA","USD","[PREMIUM]","[PREMIUM]","J100",false,"[PREMIUM]","LS",false,false,"[PREMIUM]",,,,,,,,"[PREMIUM]"
"59657556","2026-07-15 21:00:41.226","2026-07-29 04:46:58.345","59657556","2026-07-28 20:58:26.000","[PREMIUM]","361","MA - FREETOWN","2026-07-29","WEDNESDAY","1000","EDT","40","V",2017,"LEXUS","ES350","ES","SEDAN 4DR","GRAY","REAR END",,"MA","ST","YES","D",95335,"A","[PREMIUM]",18856,"3.5L 6","FRONT WHEEL DRIVE","AUTOMATIC","GAS",6,"Run & Drive Verified","On Minimum Bid","[PREMIUM]",,"ASSONET","MA","02702","USA","USD","[PREMIUM]","[PREMIUM]","E040",false,"[PREMIUM]","350",false,false,"[PREMIUM]",,,,,,,,"[PREMIUM]"
"59582846","2026-07-15 21:00:41.221","2026-07-22 07:11:40.394","59582846","2026-07-21 20:59:47.000","[PREMIUM]","361","MA - FREETOWN","2026-07-22","WEDNESDAY","1000","EDT","2062","V",2012,"HONDA","PILOT","PILOT","4DR SPORT UTILITY","GRAY","REAR END",,"MA","RS","YES","D",202895,"A","[PREMIUM]",2096.66,"3.5L 6","ALL WHEEL DRIVE","AUTOMATIC","GAS",6,"Run & Drive Verified","Pure Sale","[PREMIUM]",,"ASSONET","MA","02702","USA","USD","[PREMIUM]","[PREMIUM]","G050",false,"[PREMIUM]","EXL",false,false,"[PREMIUM]",,,,,,,,"[PREMIUM]"
"59342616","2026-07-15 21:00:41.219","2026-07-19 19:13:00.152","59342616","2026-07-15 10:00:47.000","[PREMIUM]","838","RENTAL VEHICLE SALE","2026-07-20","MONDAY","1200","EDT","0","V",2023,"GMC","ACADIA","ACADIA","SPORT UTILITY VEHICLE","WHITE","MECHANICAL",,"MI","CT","YES","D",97962,"A","[PREMIUM]",11933,"2.0L 4","ALL WHEEL DRIVE","AUTOMATIC","GAS",4,"Run & Drive Verified","On Minimum Bid","[PREMIUM]",,"ASSONET","MA","02702","USA","USD","[PREMIUM]","[PREMIUM]","C010",false,"[PREMIUM]","SLT",true,false,"[PREMIUM]",,,,,,,,"[PREMIUM]"
"59541756","2026-07-15 21:00:41.212","2026-07-22 07:11:40.315","59541756","2026-07-21 20:59:47.000","[PREMIUM]","361","MA - FREETOWN","2026-07-22","WEDNESDAY","1000","EDT","2052","V",2005,"HONDA","CRV","CR-V","4DR SPORT UTILITY","SILVER","FRONT END",,"MA","RS","YES","D",178865,"A","[PREMIUM]",6278.91,"2.4L 4","ALL WHEEL DRIVE","AUTOMATIC","GAS",4,"Run & Drive Verified","Pure Sale","[PREMIUM]",,"ASSONET","MA","02702","USA","USD","[PREMIUM]","[PREMIUM]","H040",false,"[PREMIUM]","LX",false,false,"[PREMIUM]",,,,,,,,"[PREMIUM]"
"59621176","2026-07-15 21:00:41.207","2026-07-19 19:13:00.192","59621176","2026-07-15 10:00:49.000","[PREMIUM]","838","RENTAL VEHICLE SALE","2026-07-20","MONDAY","1200","EDT","0","V",2024,"KIA","FORTE LXS","FORTE","SEDAN","CHARCOAL","SIDE",,"MA","CT","YES","D",74404,"A","[PREMIUM]",4657,"2.0L 4","FRONT WHEEL DRIVE","AUTOMATIC","GAS",4,"Run & Drive Verified","On Minimum Bid","[PREMIUM]",,"ASSONET","MA","02702","USA","USD","[PREMIUM]","[PREMIUM]","C010",false,"[PREMIUM]","LXS",true,false,"[PREMIUM]",,,,,,,,"[PREMIUM]"
"59654076","2026-07-15 21:00:41.205","2026-07-19 19:13:00.179","59654076","2026-07-15 19:50:47.000","[PREMIUM]","838","RENTAL VEHICLE SALE","2026-07-20","MONDAY","1200","EDT","0","V",2026,"JEEP","WRANGLER","WRANGLER",,"BLACK","FRONT END",,"MA","CT","YES","D",5170,"A","[PREMIUM]",22618.47,,,"AUTOMATIC",,,"Run & Drive Verified","On Minimum Bid","[PREMIUM]",,"ASSONET","MA","02702","USA","USD","[PREMIUM]","[PREMIUM]","C010",false,"[PREMIUM]","SAHARA",true,false,"[PREMIUM]",,,,,,,,"[PREMIUM]"
"59269996","2026-07-15 21:00:41.186","2026-07-19 19:13:00.039","59269996","2026-07-15 10:00:47.000","[PREMIUM]","838","RENTAL VEHICLE SALE","2026-07-20","MONDAY","1200","EDT","0","V",2023,"KIA","ALL OTHER","EV6","WAGON","GRAY","FRONT END",,"NY","CT","YES","D",59704,"A","[PREMIUM]",14016,"0.0L 0","REAR WHEEL DRIVE","AUTOMATIC","ELECTRIC",0,"Run & Drive Verified","On Minimum Bid","[PREMIUM]",,"ASSONET","MA","02702","USA","USD","[PREMIUM]","[PREMIUM]","O060",false,"[PREMIUM]","WIND",true,false,"[PREMIUM]",,,,,,,,"[PREMIUM]"
"59293386","2026-07-15 21:00:41.184","2026-07-29 04:46:58.268","59293386","2026-07-28 20:58:34.000","[PREMIUM]","361","MA - FREETOWN","2026-07-29","WEDNESDAY","1000","EDT","2501","V",2012,"TOYOTA","RAV4","RAV4","SUV","TEAL","FRONT END","SIDE","MA","RS","YES","E",144852,"A","[PREMIUM]",7768,"2.5L 4","FOUR BY FOUR","AUTOMATIC","GAS",4,"DEFAULT","On Minimum Bid","[PREMIUM]",,"ASSONET","MA","02702","USA","USD","[PREMIUM]","[PREMIUM]","F070",false,"[PREMIUM]","BASE",false,false,"[PREMIUM]",,,,,,,,"[PREMIUM]"
"59239266","2026-07-15 21:00:41.175","2026-07-29 04:46:58.272","59239266","2026-07-28 20:58:28.000","[PREMIUM]","361","MA - FREETOWN","2026-07-29","WEDNESDAY","1000","EDT","102","V",2019,"HONDA","CIVIC","CIVIC","COUPE","BLACK","FRONT END",,"MA","ST","YES","D",100833,"A","[PREMIUM]",13662.2,"2.0L 4","FRONT WHEEL DRIVE","AUTOMATIC","GAS",4,"Run & Drive Verified","On Minimum Bid","[PREMIUM]",,"ASSONET","MA","02702","USA","USD","[PREMIUM]","[PREMIUM]","J050",false,"[PREMIUM]","LX",false,false,"[PREMIUM]",,,,,,,,"[PREMIUM]"
"59100956","2026-07-15 21:00:41.108","2026-07-22 07:11:40.201","59100956","2026-07-21 20:59:46.000","[PREMIUM]","361","MA - FREETOWN","2026-07-22","WEDNESDAY","1000","EDT","5","V",2012,"HONDA","PILOT","PILOT","4DR SPORT UTILITY","WHITE","FRONT END",,"MA","RS","YES","D",182911,"A","[PREMIUM]",7783,"3.5L 6","ALL WHEEL DRIVE","AUTOMATIC","GAS",6,"Run & Drive Verified","Pure Sale","[PREMIUM]",,"ASSONET","MA","02702","USA","USD","[PREMIUM]","[PREMIUM]","F050",false,"[PREMIUM]","EXL",false,false,"[PREMIUM]",,,,,,,,"[PREMIUM]"
"58969626","2026-07-15 21:00:41.105","2026-07-22 07:11:40.102","58969626","2026-07-21 20:59:47.000","[PREMIUM]","361","MA - FREETOWN","2026-07-22","WEDNESDAY","1000","EDT","2002","V",2012,"TOYOTA","COROLLA","COROLLA","SEDAN","GOLD","SIDE",,"MA","RS","YES","D",34674,"A","[PREMIUM]",8521,"1.8L 4","FRONT WHEEL DRIVE","AUTOMATIC","GAS",4,"Run & Drive Verified","On Minimum Bid","[PREMIUM]",,"ASSONET","MA","02702","USA","USD","[PREMIUM]","[PREMIUM]","D040",false,"[PREMIUM]","LE",false,false,"[PREMIUM]",,,,,,,,"[PREMIUM]"
"58773446","2026-07-15 21:00:41.104","2026-07-22 07:11:40.082","58773446","2026-07-21 20:59:46.000","[PREMIUM]","361","MA - FREETOWN","2026-07-22","WEDNESDAY","1000","EDT","47","V",2014,"TOYOTA","COROLLA","COROLLA","SEDAN","WHITE","FRONT END",,"MA","RS","YES","D",61223,"A","[PREMIUM]",0,"1.8L 4","FRONT WHEEL DRIVE","AUTOMATIC","GAS",4,"Run & Drive Verified","Pure Sale","[PREMIUM]",,"ASSONET","MA","02702","USA","USD","[PREMIUM]","[PREMIUM]","K070",false,"[PREMIUM]","LE",false,false,"[PREMIUM]",,,,,,,,"[PREMIUM]"
"59140346","2026-07-15 21:00:41.104","2026-07-29 04:46:58.224","59140346","2026-07-28 20:58:33.000","[PREMIUM]","361","MA - FREETOWN","2026-07-29","WEDNESDAY","1000","EDT","2046","V",2017,"MINI","COOPER","COOPER","WAGON","BLACK","FRONT END","SIDE","MA","ST","YES","D",125720,"A","[PREMIUM]",18542.62,"1.5L 3","ALL WHEEL DRIVE","AUTOMATIC","GAS",3,"Run & Drive Verified","Pure Sale","[PREMIUM]",,"ASSONET","MA","02702","USA","USD","[PREMIUM]","[PREMIUM]","L070",false,"[PREMIUM]","CLUBMAN ALL4",false,false,"[PREMIUM]",,,,,,,,"[PREMIUM]"
"58986086","2026-07-15 21:00:41.103","2026-07-22 07:11:40.124","58986086","2026-07-21 20:59:46.000","[PREMIUM]","361","MA - FREETOWN","2026-07-22","WEDNESDAY","1000","EDT","30","V",2018,"FORD","EXPLORER","EXPLORER","SPORT UTILITY VEHICLE","BROWN","SIDE",,"MA","ST","YES","D",92140,"A","[PREMIUM]",11245.85,"3.5L 6","4X4 W/FRONT WHL DRV","AUTOMATIC","GAS",6,"Run & Drive Verified","Pure Sale","[PREMIUM]",,"ASSONET","MA","02702","USA","USD","[PREMIUM]","[PREMIUM]","G040",false,"[PREMIUM]","LIMITED",false,false,"[PREMIUM]",,,,,,,,"[PREMIUM]"
"59121026","2026-07-15 21:00:41.103","2026-07-22 07:11:40.207","59121026","2026-07-21 20:59:47.000","[PREMIUM]","361","MA - FREETOWN","2026-07-22","WEDNESDAY","1000","EDT","2056","V",2009,"HONDA","ACCORD","ACCORD","SEDAN 4DR","BLUE","SIDE",,"MA","RS","YES","D",204791,"A","[PREMIUM]",2035.92,"2.4L 4","FRONT WHEEL DRIVE","AUTOMATIC","GAS",4,"Run & Drive Verified","Pure Sale","[PREMIUM]",,"ASSONET","MA","02702","USA","USD","[PREMIUM]","[PREMIUM]","K090",false,"[PREMIUM]","EXL",false,false,"[PREMIUM]",,,,,,,,"[PREMIUM]"
"58596856","2026-07-15 21:00:41.058","2026-07-29 04:46:58.138","58596856","2026-07-28 20:58:23.000","[PREMIUM]","361","MA - FREETOWN","2026-07-29","WEDNESDAY","1000","EDT","4","V",2017,"HONDA","CRV","CR-V","SPORT UTILITY VEHICLE","BLUE","SIDE",,"MA","ST","YES","D",133250,"A","[PREMIUM]",13250,"1.5L 4","ALL WHEEL DRIVE","AUTOMATIC","GAS",4,"Run & Drive Verified","On Minimum Bid","[PREMIUM]",,"ASSONET","MA","02702","USA","USD","[PREMIUM]","[PREMIUM]","H060",false,"[PREMIUM]","EX",false,false,"[PREMIUM]",,,,,,,,"[PREMIUM]"
"58747746","2026-07-15 21:00:41.053","2026-07-22 07:11:40.064","58747746","2026-07-21 20:59:47.000","[PREMIUM]","361","MA - FREETOWN","2026-07-22","WEDNESDAY","1000","EDT","2581","V",2012,"MAZDA","CX-9","CX-9","4DR SPORT UTILITY","BLUE","FRONT END","SIDE","MA","RS","YES","E",0,"N","[PREMIUM]",10762.63,"3.7L 6","ALL WHEEL DRIVE","AUTOMATIC","GAS",6,"DEFAULT","Pure Sale","[PREMIUM]",,"ASSONET","MA","02702","USA","USD","[PREMIUM]","[PREMIUM]","K070",false,"[PREMIUM]",,false,false,"[PREMIUM]",,,,,,,,"[PREMIUM]"
"58770936","2026-07-15 21:00:41.051","2026-07-22 07:11:40.070","58770936","2026-07-21 20:59:46.000","[PREMIUM]","361","MA - FREETOWN","2026-07-22","WEDNESDAY","1000","EDT","36","V",2012,"JEEP","CHEROKEE","GRAND CHEROKEE","4DR SPORT UTILITY","BLUE","TOP/ROOF",,"MA","RS","YES","D",161917,"A","[PREMIUM]",14373.54,"3.6L 6","4X4 W/REAR WHEEL DRV","AUTOMATIC","FLEXIBLE",6,"Run & Drive Verified","Pure Sale","[PREMIUM]",,"ASSONET","MA","02702","USA","USD","[PREMIUM]","[PREMIUM]","G080",false,"[PREMIUM]","LAREDO",false,false,"[PREMIUM]",,,,,,,,"[PREMIUM]"
"58498756","2026-07-15 21:00:41.022","2026-07-22 07:11:39.943","58498756","2026-07-21 20:59:47.000","[PREMIUM]","361","MA - FREETOWN","2026-07-22","WEDNESDAY","1000","EDT","2593","V",2012,"TOYOTA","SIENNA","SIENNA","MINI-VAN","GRAY","FRONT END",,"MA","RS","YES","E",0,"N","[PREMIUM]",9876.03,"3.5L 6","ALL WHEEL DRIVE","AUTOMATIC","GAS",6,"DEFAULT","Pure Sale","[PREMIUM]",,"ASSONET","MA","02702","USA","USD","[PREMIUM]","[PREMIUM]","E060",false,"[PREMIUM]","XLE 7-PASSENGER",false,false,"[PREMIUM]",,,,,,,,"[PREMIUM]"
"58591706","2026-07-15 21:00:41.019","2026-07-29 04:46:58.097","58591706","2026-07-28 20:58:37.000","[PREMIUM]","361","MA - FREETOWN","2026-07-29","WEDNESDAY","1000","EDT","2527","V",2017,"HONDA","CIVIC","CIVIC","SEDAN 4DR","GRAY","FRONT END",,"MA","ST","YES","E",0,"N","[PREMIUM]",19483,"2.0L 4","FRONT WHEEL DRIVE","AUTOMATIC","GAS",4,"DEFAULT","Pure Sale","[PREMIUM]",,"ASSONET","MA","02702","USA","USD","[PREMIUM]","[PREMIUM]","A060",false,"[PREMIUM]","EX",false,false,"[PREMIUM]",,,,,,,,"[PREMIUM]"
"58532466","2026-07-15 21:00:40.999","2026-07-29 04:46:58.093","58532466","2026-07-28 20:58:28.000","[PREMIUM]","361","MA - FREETOWN","2026-07-29","WEDNESDAY","1000","EDT","101","V",2025,"NISSAN","KICKS","KICKS","SPORT UTILITY VEHICLE","BLACK","FRONT END",,"MA","ST","YES","D",3348,"A","[PREMIUM]",5745.28,"2.0L 4","ALL WHEEL DRIVE","AUTOMATIC","GAS",4,"Run & Drive Verified","Pure Sale","[PREMIUM]",,"ASSONET","MA","02702","USA","USD","[PREMIUM]","[PREMIUM]","K060",false,"[PREMIUM]","SR",false,false,"[PREMIUM]",,,,,,,,"[PREMIUM]"
"57422526","2026-07-15 21:00:40.988","2026-07-29 04:46:57.914","57422526","2026-07-28 20:58:37.000","[PREMIUM]","361","MA - FREETOWN","2026-07-29","WEDNESDAY","1000","EDT","2530","V",2017,"TOYOTA","TACOMA","TACOMA","PICKUP","GRAY","FRONT END",,"MA","ST","YES","E",0,"N","[PREMIUM]",23375,"3.5L 6","FOUR BY FOUR","AUTOMATIC","GAS",6,"DEFAULT","On Minimum Bid","[PREMIUM]",,"ASSONET","MA","02702","USA","USD","[PREMIUM]","[PREMIUM]","I060",false,"[PREMIUM]","SR5 V6",false,false,"[PREMIUM]",,,,,,,,"[PREMIUM]"
"57610296","2026-07-15 21:00:40.965","2026-07-22 07:11:39.481","57610296","2026-07-21 20:59:46.000","[PREMIUM]","361","MA - FREETOWN","2026-07-22","WEDNESDAY","1000","EDT","37","V",2016,"TOYOTA","TUNDRA","TUNDRA","PICKUP","GRAY","SIDE","REAR END","MA","RS","YES","D",172140,"A","[PREMIUM]",3484.91,"5.7L 8","FOUR BY FOUR","AUTOMATIC","GAS",8,"Run & Drive Verified","Pure Sale","[PREMIUM]",,"ASSONET","MA","02702","USA","USD","[PREMIUM]","[PREMIUM]","I070",false,"[PREMIUM]","SR5",false,false,"[PREMIUM]",,,,,,,,"[PREMIUM]"
"58285066","2026-07-15 21:00:40.961","2026-07-22 07:11:39.668","58285066","2026-07-21 20:59:47.000","[PREMIUM]","361","MA - FREETOWN","2026-07-22","WEDNESDAY","1000","EDT","2540","V",2015,"SUBARU","FORESTER","FORESTER","4DR SPORT UTILITY","GRAY","FRONT END",,"MA","RS","YES","S",147101,"A","[PREMIUM]",16776,"2.5L 4","ALL WHEEL DRIVE","AUTOMATIC","GAS",4,"Vehicle Starts","On Minimum Bid","[PREMIUM]",,"ASSONET","MA","02702","USA","USD","[PREMIUM]","[PREMIUM]","G070",false,"[PREMIUM]","2.5I",false,false,"[PREMIUM]",,,,,,,,"[PREMIUM]"
"58444256","2026-07-15 21:00:40.954","2026-07-30 08:42:41.422","58444256","2026-07-15 14:24:50.000","[PREMIUM]","361","MA - FREETOWN",,,,"EDT","0","V",2018,"SUBARU","OUTBACK","OUTBACK","SPORT UTILITY VEHICLE","GRAY","FRONT END",,"MA","ST","YES","D",193701,"A","[PREMIUM]",5601,"2.5L 4","ALL WHEEL DRIVE","AUTOMATIC","GAS",4,"Run & Drive Verified","Pure Sale","[PREMIUM]",,"ASSONET","MA","02702","USA","USD","[PREMIUM]","[PREMIUM]","F070",false,"[PREMIUM]","2.5I PREMIUM",false,false,"[PREMIUM]",,,,,,,,"[PREMIUM]"
"58217206","2026-07-15 21:00:40.912","2026-07-22 07:11:39.651","58217206","2026-07-21 20:59:47.000","[PREMIUM]","361","MA - FREETOWN","2026-07-22","WEDNESDAY","1000","EDT","2588","V",2026,"KIA","SELTOS","SELTOS","SPORT UTILITY VEHICLE","BLUE","FRONT END",,"MA","ST","YES","S",9035,"A","[PREMIUM]",13194.76,"2.0L 4","ALL WHEEL DRIVE","AUTOMATIC","GAS",4,"Vehicle Starts","Pure Sale","[PREMIUM]",,"ASSONET","MA","02702","USA","USD","[PREMIUM]","[PREMIUM]","F040",false,"[PREMIUM]","LX",false,false,"[PREMIUM]",,,,,,,,"[PREMIUM]"
"58215336","2026-07-15 21:00:40.909","2026-07-22 07:11:39.652","58215336","2026-07-21 20:59:47.000","[PREMIUM]","361","MA - FREETOWN","2026-07-22","WEDNESDAY","1000","EDT","2525","V",2011,"BUICK","ENCLAVE","ENCLAVE","4DR SPORT UTILITY","GRAY","FRONT END","SIDE","MA","RS","YES","E",0,"N","[PREMIUM]",7984,"3.6L 6","ALL WHEEL DRIVE","AUTOMATIC","GAS",6,"DEFAULT","Pure Sale","[PREMIUM]",,"ASSONET","MA","02702","USA","USD","[PREMIUM]","[PREMIUM]","H060",false,"[PREMIUM]","CXL",false,false,"[PREMIUM]",,,,,,,,"[PREMIUM]"
"58244076","2026-07-15 21:00:40.903","2026-07-29 04:46:58.055","58244076","2026-07-28 20:58:33.000","[PREMIUM]","361","MA - FREETOWN","2026-07-29","WEDNESDAY","1000","EDT","2038","V",2019,"FORD","EDGE","EDGE","SPORT UTILITY VEHICLE","BLUE","FRONT END",,"MA","ST","YES","D",144093,"A","[PREMIUM]",10098.68,"2.0L 4","ALL WHEEL DRIVE","AUTOMATIC","GAS",4,"Run & Drive Verified","On Minimum Bid","[PREMIUM]",,"ASSONET","MA","02702","USA","USD","[PREMIUM]","[PREMIUM]","G070",false,"[PREMIUM]","TITANIUM",false,false,"[PREMIUM]",,,,,,,,"[PREMIUM]"
"58210946","2026-07-15 21:00:40.901","2026-07-29 04:46:58.072","58210946","2026-07-28 20:58:38.000","[PREMIUM]","361","MA - FREETOWN","2026-07-29","WEDNESDAY","1000","EDT","2554","V",2017,"GMC","SIERRA","SIERRA","4DR EXT CAB PICKUP","WHITE","FRONT END",,"MA","ST","YES","E",109980,"A","[PREMIUM]",24101.53,"5.3L 8","4X4 W/REAR WHEEL DRV","AUTOMATIC","GAS",8,"DEFAULT","On Minimum Bid","[PREMIUM]",,"ASSONET","MA","02702","USA","USD","[PREMIUM]","[PREMIUM]","I080",false,"[PREMIUM]","K1500 SLE",false,false,"[PREMIUM]",,,,,,,,"[PREMIUM]"
"58023266","2026-07-15 21:00:40.856","2026-07-22 07:11:39.584","58023266","2026-07-21 20:59:47.000","[PREMIUM]","361","MA - FREETOWN","2026-07-22","WEDNESDAY","1000","EDT","2556","V",2018,"TOYOTA","COROLLA","COROLLA","SEDAN","SILVER","FRONT END",,"MA","ST","YES","S",101824,"A","[PREMIUM]",8040.74,"1.8L 4","FRONT WHEEL DRIVE","AUTOMATIC","GAS",4,"Vehicle Starts","Pure Sale","[PREMIUM]",,"ASSONET","MA","02702","USA","USD","[PREMIUM]","[PREMIUM]","B050",false,"[PREMIUM]","XLE",false,false,"[PREMIUM]",,,,,,,,"[PREMIUM]"
"57854936","2026-07-15 21:00:40.854","2026-07-22 07:11:39.529","57854936","2026-07-21 20:59:47.000","[PREMIUM]","361","MA - FREETOWN","2026-07-22","WEDNESDAY","1000","EDT","139","V",2009,"HONDA","CRV","CR-V","4DR SPORT UTILITY","BLUE","FRONT END",,"MA","RS","YES","D",190880,"A","[PREMIUM]",7494,"2.4L 4","ALL WHEEL DRIVE","AUTOMATIC","GAS",4,"Run & Drive Verified","Pure Sale","[PREMIUM]",,"ASSONET","MA","02702","USA","USD","[PREMIUM]","[PREMIUM]","H040",false,"[PREMIUM]","EX",false,false,"[PREMIUM]",,,,,,,,"[PREMIUM]"
"58030556","2026-07-15 21:00:40.851","2026-07-22 07:11:39.564","58030556","2026-07-21 20:59:47.000","[PREMIUM]","361","MA - FREETOWN","2026-07-22","WEDNESDAY","1000","EDT","2059","V",2015,"TOYOTA","RAV4","RAV4","4DR SPORT UTILITY","BLACK","REAR END",,"MA","RS","YES","D",233278,"A","[PREMIUM]",7850.87,"2.5L 4","ALL WHEEL DRIVE","AUTOMATIC","GAS",4,"Run & Drive Verified","On Minimum Bid","[PREMIUM]",,"ASSONET","MA","02702","USA","USD","[PREMIUM]","[PREMIUM]","H080",false,"[PREMIUM]","LE",false,false,"[PREMIUM]",,,,,,,,"[PREMIUM]"
"57947466","2026-07-15 21:00:40.847","2026-07-22 07:11:39.574","57947466","2026-07-21 20:59:46.000","[PREMIUM]","361","MA - FREETOWN","2026-07-22","WEDNESDAY","1000","EDT","34","V",2023,"HYUNDAI","ELANTRA","ELANTRA","SEDAN","GRAY","REAR END",,"MA","ST","YES","D",68773,"A","[PREMIUM]",11697.7,"2.0L 4","FRONT WHEEL DRIVE","AUTOMATIC","GAS",4,"Run & Drive Verified","Pure Sale","[PREMIUM]",,"ASSONET","MA","02702","USA","USD","[PREMIUM]","[PREMIUM]","D030",false,"[PREMIUM]","SEL",false,false,"[PREMIUM]",,,,,,,,"[PREMIUM]"
"57812306","2026-07-15 21:00:40.816","2026-07-22 07:11:39.479","57812306","2026-07-21 20:59:47.000","[PREMIUM]","361","MA - FREETOWN","2026-07-22","WEDNESDAY","1000","EDT","2027","V",2014,"CHEVROLET","IMPALA","IMPALA","SEDAN 4DR","BLACK","SIDE",,"MA","RS","YES","D",137251,"A","[PREMIUM]",9001.72,"2.5L 4","FRONT WHEEL DRIVE","AUTOMATIC","GAS",4,"Run & Drive Verified","Pure Sale","[PREMIUM]",,"ASSONET","MA","02702","USA","USD","[PREMIUM]","[PREMIUM]","K080",false,"[PREMIUM]","LS",false,false,"[PREMIUM]",,,,,,,,"[PREMIUM]"
"57767106","2026-07-15 21:00:40.808","2026-07-29 04:46:57.981","57767106","2026-07-28 20:58:38.000","[PREMIUM]","361","MA - FREETOWN","2026-07-29","WEDNESDAY","1000","EDT","2565","V",2022,"JEEP","CHEROKEE","GRAND CHEROKEE","SPORT UTILITY VEHICLE","BLACK","FRONT END","SIDE","MA","ST","YES","S",56749,"A","[PREMIUM]",34154.98,"3.6L 6","4X4 W/REAR WHEEL DRV","AUTOMATIC","GAS",6,"Vehicle Starts","Pure Sale","[PREMIUM]",,"ASSONET","MA","02702","USA","USD","[PREMIUM]","[PREMIUM]","F030",false,"[PREMIUM]","LIMITED",false,false,"[PREMIUM]",,,,,,,,"[PREMIUM]"
"57703936","2026-07-15 21:00:40.803","2026-07-22 07:11:39.472","57703936","2026-07-21 20:59:46.000","[PREMIUM]","361","MA - FREETOWN","2026-07-22","WEDNESDAY","1000","EDT","40","V",2022,"JEEP","COMPASS","COMPASS","SPORT UTILITY VEHICLE","GRAY","REAR END",,"MA","ST","YES","D",50549,"A","[PREMIUM]",12726.21,"2.4L 4","4X4 W/FRONT WHL DRV","AUTOMATIC","GAS",4,"Run & Drive Verified","Pure Sale","[PREMIUM]",,"ASSONET","MA","02702","USA","USD","[PREMIUM]","[PREMIUM]","H090",false,"[PREMIUM]","LIMITED",false,false,"[PREMIUM]",,,,,,,,"[PREMIUM]"
"57394446","2026-07-15 21:00:40.784","2026-07-29 04:46:57.993","57394446","2026-07-28 20:58:35.000","[PREMIUM]","361","MA - FREETOWN","2026-07-29","WEDNESDAY","1000","EDT","2502","V",2023,"TOYOTA","RAV4","RAV4","SPORT UTILITY VEHICLE","GRAY","ALL OVER",,"MA","ST","YES","E",34036,"A","[PREMIUM]",48989,"2.5L 4","ALL WHEEL DRIVE","AUTOMATIC","ELECTRIC AND GAS HYBRID",4,"DEFAULT","On Minimum Bid","[PREMIUM]",,"ASSONET","MA","02702","USA","USD","[PREMIUM]","[PREMIUM]","G090",false,"[PREMIUM]","LIMITED",false,false,"[PREMIUM]",,,,,,,,"[PREMIUM]"
"57439676","2026-07-15 21:00:40.779","2026-07-22 07:11:39.433","57439676","2026-07-21 20:59:46.000","[PREMIUM]","361","MA - FREETOWN","2026-07-22","WEDNESDAY","1000","EDT","2","V",2023,"LEXUS","NX","NX","SPORT UTILITY VEHICLE","WHITE","FRONT END","SIDE","MA","ST","YES","D",27614,"A","[PREMIUM]",25099.27,"2.4L 4","ALL WHEEL DRIVE","AUTOMATIC","GAS",4,"Run & Drive Verified","Pure Sale","[PREMIUM]",,"ASSONET","MA","02702","USA","USD","[PREMIUM]","[PREMIUM]","A090",false,"[PREMIUM]","350",false,false,"[PREMIUM]",,,,,,,,"[PREMIUM]"
"57423866","2026-07-15 21:00:40.778","2026-07-21 01:13:23.090","57423866","2026-07-15 18:15:32.000","[PREMIUM]","833","HEAVY-TRAILER-RV CLEAN SALE","2026-07-21","TUESDAY","1100","CDT","0","R",2022,"SURVEYOR","SUEVEYOR","SUEVEYOR",,"WHITE","FRONT END","FRAME DAMAGE","MA","RS","NO","E",0,"N","[PREMIUM]",18509,,,,,,"DEFAULT","Pure Sale","[PREMIUM]",,"ASSONET","MA","02702","USA","USD","[PREMIUM]","[PREMIUM]","W090",false,"[PREMIUM]",,false,false,"[PREMIUM]",,,,,,,,"[PREMIUM]"
"57300646","2026-07-15 21:00:40.773","2026-07-29 04:46:57.901","57300646","2026-07-28 20:58:29.000","[PREMIUM]","361","MA - FREETOWN","2026-07-29","WEDNESDAY","1000","EDT","111","V",2018,"HONDA","PILOT","PILOT","SPORT UTILITY VEHICLE","SILVER","FRONT END","REAR END","MA","ST","YES","D",64354,"A","[PREMIUM]",17422.53,"3.5L 6","ALL WHEEL DRIVE","AUTOMATIC","GAS",6,"Run & Drive Verified","On Minimum Bid","[PREMIUM]",,"ASSONET","MA","02702","USA","USD","[PREMIUM]","[PREMIUM]","H110",false,"[PREMIUM]","EXL",false,false,"[PREMIUM]",,,,,,,,"[PREMIUM]"
"57257246","2026-07-15 21:00:40.770","2026-07-30 08:42:41.247","57257246","2026-07-29 14:54:34.000","[PREMIUM]","361","MA - FREETOWN","2026-08-05","WEDNESDAY","1000","EDT","0","V",2018,"VOLKSWAGEN","PASSAT","PASSAT","SEDAN","SILVER","TOP/ROOF","SIDE","MA","ST","YES","D",45795,"A","[PREMIUM]",13874,"2L 4","FRONT WHEEL DRIVE","AUTOMATIC","GAS",4,"Run & Drive Verified","On Minimum Bid","[PREMIUM]",,"ASSONET","MA","02702","USA","USD","[PREMIUM]","[PREMIUM]","A040",false,"[PREMIUM]","SE",false,false,"[PREMIUM]",,,,,,,,"[PREMIUM]"
"57486056","2026-07-15 21:00:40.756","2026-07-30 08:42:41.284","57486056","2026-07-15 17:21:37.000","[PREMIUM]","361","MA - FREETOWN",,,,"EDT","0","V",2021,"KIA","SELTOS","SELTOS","SPORT UTILITY VEHICLE","WHITE","FRONT END",,"MA","ST","YES","E",0,"N","[PREMIUM]",12162,"2.0L 4","ALL WHEEL DRIVE","AUTOMATIC","GAS",4,"DEFAULT","Pure Sale","[PREMIUM]",,"ASSONET","MA","02702","USA","USD","[PREMIUM]","[PREMIUM]","L090",false,"[PREMIUM]","S",false,false,"[PREMIUM]",,,,,,,,"[PREMIUM]"
"57208606","2026-07-15 21:00:40.721","2026-07-22 07:11:39.337","57208606","2026-07-21 20:59:47.000","[PREMIUM]","361","MA - FREETOWN","2026-07-22","WEDNESDAY","1000","EDT","140","V",2019,"HONDA","CIVIC","CIVIC","SEDAN","BLACK","FRONT END",,"MA","ST","YES","D",86742,"A","[PREMIUM]",13234.15,"1.5L 4","FRONT WHEEL DRIVE","AUTOMATIC","GAS",4,"Run & Drive Verified","Pure Sale","[PREMIUM]",,"ASSONET","MA","02702","USA","USD","[PREMIUM]","[PREMIUM]","B040",false,"[PREMIUM]","EX",false,false,"[PREMIUM]",,,,,,,,"[PREMIUM]"
"56983316","2026-07-15 21:00:40.718","2026-07-29 04:46:57.767","56983316","2026-07-28 20:58:33.000","[PREMIUM]","361","MA - FREETOWN","2026-07-29","WEDNESDAY","1000","EDT","2043","V",2021,"MERCEDES-BENZ","METRIS","METRIS","VAN PASSENGER","SILVER","FRONT END","REAR END","MA","ST","YES","D",53195,"A","[PREMIUM]",22708.63,"2.0L 4","REAR WHEEL DRIVE","AUTOMATIC","GAS",4,"Run & Drive Verified","Pure Sale","[PREMIUM]",,"ASSONET","MA","02702","USA","USD","[PREMIUM]","[PREMIUM]","HH030",false,"[PREMIUM]",,false,false,"[PREMIUM]",,,,,,,,"[PREMIUM]"
"56963786","2026-07-15 21:00:40.714","2026-07-22 07:11:39.295","56963786","2026-07-21 20:59:47.000","[PREMIUM]","361","MA - FREETOWN","2026-07-22","WEDNESDAY","1000","EDT","2538","V",2017,"MERCEDES-BENZ","GLE-CLASS","GLE COUPE","4DR SPORT UTILITY","BLUE","FRONT END","UNDERCARRIAGE","MA","ST","YES","S",112999,"A","[PREMIUM]",0,"3.0L 6","ALL WHEEL DRIVE","AUTOMATIC","GAS",6,"Vehicle Starts","Pure Sale","[PREMIUM]",,"ASSONET","MA","02702","USA","USD","[PREMIUM]","[PREMIUM]","G060",false,"[PREMIUM]","43 AMG",false,false,"[PREMIUM]",,,,,,,,"[PREMIUM]"
"56638556","2026-07-15 21:00:40.687","2026-07-22 07:11:39.255","56638556","2026-07-21 20:59:47.000","[PREMIUM]","361","MA - FREETOWN","2026-07-22","WEDNESDAY","1000","EDT","2549","V",2026,"TOYOTA","PRIUS","PRIUS","HATCHBACK","SILVER","FRONT END","SIDE","MA","ST","YES","E",14829,"A","[PREMIUM]",33172.06,"2.0L 4","ALL WHEEL DRIVE","AUTOMATIC","ELECTRIC AND GAS HYBRID",4,"DEFAULT","Pure Sale","[PREMIUM]",,"ASSONET","MA","02702","USA","USD","[PREMIUM]","[PREMIUM]","A070",false,"[PREMIUM]","LIMITED",false,false,"[PREMIUM]",,,,,,,,"[PREMIUM]"
"56754186","2026-07-15 21:00:40.685","2026-07-29 04:46:57.759","56754186","2026-07-28 20:58:28.000","[PREMIUM]","361","MA - FREETOWN","2026-07-29","WEDNESDAY","1000","EDT","92","V",2025,"FORD","BRONCO","BRONCO SPORT","SPORT UTILITY VEHICLE","WHITE","FRONT END",,"MA","ST","YES","D",3089,"A","[PREMIUM]",18716.85,"1.5L 3","4X4 W/FRONT WHL DRV","AUTOMATIC","GAS",3,"Run & Drive Verified","On Minimum Bid","[PREMIUM]",,"ASSONET","MA","02702","USA","USD","[PREMIUM]","[PREMIUM]","G070",false,"[PREMIUM]","BIG BEND",false,false,"[PREMIUM]",,,,,,,,"[PREMIUM]"
"56676616","2026-07-15 21:00:40.677","2026-07-29 04:46:57.756","56676616","2026-07-28 20:58:31.000","[PREMIUM]","361","MA - FREETOWN","2026-07-29","WEDNESDAY","1000","EDT","2002","V",2021,"BUICK","ENCORE","ENCORE GX","SPORT UTILITY VEHICLE","WHITE","FRONT END",,"MA","ST","YES","D",71412,"A","[PREMIUM]",12033.22,"1.3L 3","ALL WHEEL DRIVE","AUTOMATIC","GAS",3,"Run & Drive Verified","On Minimum Bid","[PREMIUM]",,"ASSONET","MA","02702","USA","USD","[PREMIUM]","[PREMIUM]","G050",false,"[PREMIUM]","SELECT",false,false,"[PREMIUM]",,,,,,,,"[PREMIUM]"
