"_primaryKey","_firstSeenAt","_lastSeenAt","lotId","updatedAt","vin","yardNumber","yardName","saleDate","saleDayOfWeek","saleTime","saleTimeZone","itemNumber","vehicleType","year","make","modelGroup","modelDetail","bodyStyle","exteriorColor","damageDescription","secondaryDamage","saleTitleState","saleTitleType","hasKeys","lotCondCode","mileage","odometerBrand","estRetailValue","repairCost","engine","drivetrain","transmission","fuelType","cylinders","runsDrives","saleStatus","highBid","specialNote","locationCity","locationState","locationZip","locationCountry","currencyCode","imageThumbnail","imageUrl","gridRow","makeOfferEligible","buyItNowPrice","trim","rentals","wholesale","sellerName","offsiteAddress1","offsiteState","offsiteCity","offsiteZip","saleLight","autoGrade","announcements","listingUrl"
"69252566","2026-09-16 23:15:47.258","2026-09-22 02:54:31.236","69252566","2026-09-16 21:12:07.000","[PREMIUM]","398","IA - CEDAR RAPIDS","2026-09-23","WEDNESDAY","1200","CDT","0","V",1999,"FORD","F250","F250","4DR EXT CAB PICKUP","BURGUNDY","SIDE",,"IA","CT","YES","D",148227,"E","[PREMIUM]",0,"5.4L 8","4X4 W/REAR WHEEL DRV","AUTOMATIC","GAS                           ",8,"Run & Drive Verified","On Minimum Bid","[PREMIUM]",,"CEDAR RAPIDS","IA","52404","USA","USD","[PREMIUM]","[PREMIUM]","E010",true,"[PREMIUM]","SUPER DUTY",false,false,"[PREMIUM]",,,,,,,,"[PREMIUM]"
"67219356","2026-09-16 23:15:46.569","2026-09-29 08:42:38.291","67219356","2026-09-16 21:37:14.000","[PREMIUM]","398","IA - CEDAR RAPIDS",,,,"CDT","0","V",2013,"TOYOTA","4RUNNER","4RUNNER","SUV","WHITE","FRONT END",,"IA","ST","YES","D",86987,"A","[PREMIUM]",10563,"4.0L 6","FOUR BY FOUR","AUTOMATIC","GAS",6,"Run & Drive Verified","Pure Sale","[PREMIUM]",,"CEDAR RAPIDS","IA","52404","USA","USD","[PREMIUM]","[PREMIUM]","E050",false,"[PREMIUM]","SR5",false,false,"[PREMIUM]",,,,,,,,"[PREMIUM]"
"66725426","2026-09-16 23:15:46.217","2026-09-29 08:42:37.856","66725426","2026-09-28 21:46:07.000","[PREMIUM]","398","IA - CEDAR RAPIDS","2026-10-14","WEDNESDAY","1200","CDT","0","V",2022,"HONDA","CRV","CR-V","SPORT UTILITY VEHICLE","BLUE","SIDE",,"IA","ST","YES","D",37279,"A","[PREMIUM]",19767.9,"1.5L 4","ALL WHEEL DRIVE","AUTOMATIC","GAS",4,"Run & Drive Verified","On Minimum Bid","[PREMIUM]",,"CEDAR RAPIDS","IA","52404","USA","USD","[PREMIUM]","[PREMIUM]","A030",false,"[PREMIUM]","TOURING",false,false,"[PREMIUM]",,,,,,,,"[PREMIUM]"
"66789076","2026-09-16 23:15:46.210","2026-09-29 08:42:37.842","66789076","2026-09-27 18:48:15.000","[PREMIUM]","398","IA - CEDAR RAPIDS",,,,"CDT","0","V",2016,"CHEVROLET","SILVERADO","SILVERADO","4DR EXT CAB PICKUP","WHITE","SIDE","FRONT END","IA","ST","YES","D",281858,"A","[PREMIUM]",11353.26,"6.0L 8","4X4 W/REAR WHEEL DRV","AUTOMATIC","FLEXIBLE",8,"Run & Drive Verified","Pure Sale","[PREMIUM]",,"CEDAR RAPIDS","IA","52404","USA","USD","[PREMIUM]","[PREMIUM]","E010",false,"[PREMIUM]","K2500 HEAVY DUTY",false,false,"[PREMIUM]",,,,,,,,"[PREMIUM]"
"65181446","2026-09-16 23:15:44.753","2026-09-29 08:42:36.268","65181446","2026-09-22 20:14:25.000","[PREMIUM]","398","IA - CEDAR RAPIDS",,,,"CDT","0","V",2008,"CHRYSLER","SEBRING","SEBRING","CONVERTIBLE","WHITE","SIDE","UNDERCARRIAGE","IA","ST","YES","D",170343,"E","[PREMIUM]",0,"2.4L 4","FRONT WHEEL DRIVE","AUTOMATIC","GAS",4,"Run & Drive Verified","Pure Sale","[PREMIUM]",,"CEDAR RAPIDS","IA","52404","USA","USD","[PREMIUM]","[PREMIUM]","A070",false,"[PREMIUM]",,false,false,"[PREMIUM]",,,,,,,,"[PREMIUM]"
"63261706","2026-09-16 23:15:43.058","2026-09-29 08:42:34.569","63261706","2026-09-16 21:29:42.000","[PREMIUM]","398","IA - CEDAR RAPIDS",,,,"CDT","0","V",2014,"CHEVROLET","IMPALA","IMPALA","SEDAN 4DR","BLACK","FRONT END",,"MN","RS","YES","D",143191,"A","[PREMIUM]",15157.33,"2.5L 4","FRONT WHEEL DRIVE","AUTOMATIC","GAS",4,"Run & Drive Verified","Pure Sale","[PREMIUM]",,"CEDAR RAPIDS","IA","52404","USA","USD","[PREMIUM]","[PREMIUM]","A040",false,"[PREMIUM]","LT",false,false,"[PREMIUM]",,,,,,,,"[PREMIUM]"
"58036936","2026-09-16 23:15:40.951","2026-09-29 08:42:32.700","58036936","2026-09-16 21:48:57.000","[PREMIUM]","398","IA - CEDAR RAPIDS",,,,"CDT","0","V",2023,"KIA","SPORTAGE X","SPORTAGE","SPORT UTILITY VEHICLE","BLUE","FRONT END","REAR END","IA","ST","YES","S",75850,"N","[PREMIUM]",22897,"2.5L 4","ALL WHEEL DRIVE","AUTOMATIC","GAS",4,"Vehicle Starts","Pure Sale","[PREMIUM]",,"CEDAR RAPIDS","IA","52404","USA","USD","[PREMIUM]","[PREMIUM]","A100",false,"[PREMIUM]","X LINE",false,false,"[PREMIUM]",,,,,,,,"[PREMIUM]"
"47981416","2026-09-16 23:15:40.066","2026-09-29 08:42:31.601","47981416","2026-09-28 21:49:38.000","[PREMIUM]","398","IA - CEDAR RAPIDS","2026-10-14","WEDNESDAY","1200","CDT","0","V",2012,"FORD","FUSION","FUSION","SEDAN 4DR","WHITE","FRONT END",,"IA","ST","YES","D",130537,"N","[PREMIUM]",5329,"3.5L 6","FRONT WHEEL DRIVE","AUTOMATIC","GAS",6,"Run & Drive Verified","On Minimum Bid","[PREMIUM]",,"CEDAR RAPIDS","IA","52404","USA","USD","[PREMIUM]","[PREMIUM]","D090",false,"[PREMIUM]","SPORT",false,false,"[PREMIUM]",,,,,,,,"[PREMIUM]"
"67932466","2026-09-16 23:15:39.960","2026-09-29 08:42:30.832","67932466","2026-09-16 21:24:33.000","[PREMIUM]","841","CRASHEDTOYS POWERSPORT AUCTION",,,,"CDT","0","C",2012,"HARLEY-DAVIDSON","FX","FXDWG","ROAD","RED","FRONT END","SIDE","SD","CT","YES","D",16485,"A","[PREMIUM]",10129.2,"2",,"MANUAL",,2,"Run & Drive Verified","Pure Sale","[PREMIUM]",,"RAPID CITY","SD","57701","USA","USD","[PREMIUM]","[PREMIUM]","D020",false,"[PREMIUM]","DYNA WIDE GLIDE",false,false,"[PREMIUM]",,,,,,,,"[PREMIUM]"
"67802436","2026-09-16 23:15:39.884","2026-09-29 08:42:30.663","67802436","2026-09-16 21:24:33.000","[PREMIUM]","396","SD - RAPID CITY",,,,"MDT","0","V",2015,"TOYOTA","HIGHLANDER","HIGHLANDER","SUV","MAROON","FRONT END","SIDE","SD","CT","YES","D",107306,"A","[PREMIUM]",0,"3.5L 6","ALL WHEEL DRIVE","AUTOMATIC","GAS",6,"Run & Drive Verified","Pure Sale","[PREMIUM]",,"RAPID CITY","SD","57701","USA","USD","[PREMIUM]","[PREMIUM]","B030",false,"[PREMIUM]","LIMITED PLATINUM",false,false,"[PREMIUM]",,,,,,,,"[PREMIUM]"
"66836206","2026-09-16 23:15:39.613","2026-09-29 08:42:30.062","66836206","2026-09-16 21:24:34.000","[PREMIUM]","396","SD - RAPID CITY",,,,"MDT","0","V",2019,"SUBARU","CROSSTREK","CROSSTREK","SPORT UTILITY VEHICLE","RED","FRONT END","SIDE","SD","ST","YES","D",41895,"A","[PREMIUM]",20389.6,"2.0L 4","ALL WHEEL DRIVE","AUTOMATIC","GAS",4,"Run & Drive Verified","Pure Sale","[PREMIUM]",,"RAPID CITY","SD","57701","USA","USD","[PREMIUM]","[PREMIUM]","D040",false,"[PREMIUM]","PREMIUM",false,false,"[PREMIUM]",,,,,,,,"[PREMIUM]"
"65348106","2026-09-16 23:15:38.959","2026-09-29 08:42:29.007","65348106","2026-09-16 21:24:33.000","[PREMIUM]","396","SD - RAPID CITY",,,,"MDT","0","V",2025,"NISSAN","PATHFINDER","PATHFINDER","SPORT UTILITY VEHICLE","WHITE","HAIL","MINOR DENT/SCRATCHES","SD","ST","YES","D",20578,"A","[PREMIUM]",21694,"3.5L 6","4X4 W/FRONT WHL DRV","AUTOMATIC","GAS",6,"Run & Drive Verified","Pure Sale","[PREMIUM]",,"RAPID CITY","SD","57701","USA","USD","[PREMIUM]","[PREMIUM]","D030",false,"[PREMIUM]","ROCK CREEK",false,false,"[PREMIUM]",,,,,,,,"[PREMIUM]"
"63852116","2026-09-16 23:15:38.385","2026-09-29 08:42:28.214","63852116","2026-09-16 21:24:34.000","[PREMIUM]","833","HEAVY-TRAILER-RV CLEAN SALE",,,,"CDT","0","R",2006,"PILGRIM","UNKNOWN","UNKNOWN",,"WHITE","HAIL",,"SD","CT","EXM","E",0,"E","[PREMIUM]",0,,,"NONE",,,"DEFAULT","On Minimum Bid","[PREMIUM]",,"RAPID CITY","SD","57701","USA","USD","[PREMIUM]","[PREMIUM]","HVY04",false,"[PREMIUM]",,false,false,"[PREMIUM]",,,,,,,,"[PREMIUM]"
"63851486","2026-09-16 23:15:38.357","2026-09-29 08:42:28.226","63851486","2026-09-16 21:24:34.000","[PREMIUM]","833","HEAVY-TRAILER-RV CLEAN SALE",,,,"CDT","0","R",2006,"JAYCO","UNKNOWN","UNKNOWN",,"WHITE","HAIL",,"SD","CT","EXM","E",0,"E","[PREMIUM]",0,,,"NONE",,,"DEFAULT","On Minimum Bid","[PREMIUM]",,"RAPID CITY","SD","57701","USA","USD","[PREMIUM]","[PREMIUM]","HVY04",false,"[PREMIUM]",,false,false,"[PREMIUM]",,,,,,,,"[PREMIUM]"
"63854676","2026-09-16 23:15:38.355","2026-09-29 08:42:28.223","63854676","2026-09-16 21:24:34.000","[PREMIUM]","833","HEAVY-TRAILER-RV CLEAN SALE",,,,"CDT","0","R",2011,"FOREST RIVER","PUMA","PUMA",,"WHITE","HAIL",,"SD","CT","EXM","E",0,"N","[PREMIUM]",0,,,"NONE",,,"DEFAULT","On Minimum Bid","[PREMIUM]",,"RAPID CITY","SD","57701","USA","USD","[PREMIUM]","[PREMIUM]","HVY04",false,"[PREMIUM]",,false,false,"[PREMIUM]",,,,,,,,"[PREMIUM]"
"63852926","2026-09-16 23:15:38.352","2026-09-29 08:42:28.223","63852926","2026-09-16 21:24:34.000","[PREMIUM]","833","HEAVY-TRAILER-RV CLEAN SALE",,,,"CDT","0","R",2011,"FORESRIVER","PUMA","PUMA",,"WHITE","HAIL",,"SD","CT","EXM","E",0,"N","[PREMIUM]",0,,,"NONE",,,"DEFAULT","On Minimum Bid","[PREMIUM]",,"RAPID CITY","SD","57701","USA","USD","[PREMIUM]","[PREMIUM]","HVY04",false,"[PREMIUM]",,false,false,"[PREMIUM]",,,,,,,,"[PREMIUM]"
"63855726","2026-09-16 23:15:38.348","2026-09-29 08:42:28.224","63855726","2026-09-16 21:24:34.000","[PREMIUM]","836","HEAVY TRUCK SPECIALTY SALE",,,,"CDT","0","R",2017,"FORESRIVER","ALL Models","WILDWOOD",,"WHITE","HAIL",,"SD","ST","EXM","E",0,"N","[PREMIUM]",0,,,"NONE",,,"DEFAULT","On Minimum Bid","[PREMIUM]",,"RAPID CITY","SD","57701","USA","USD","[PREMIUM]","[PREMIUM]","HVY04",false,"[PREMIUM]",,false,false,"[PREMIUM]",,,,,,,,"[PREMIUM]"
"63851146","2026-09-16 23:15:38.237","2026-09-29 08:42:28.213","63851146","2026-09-16 21:24:34.000","[PREMIUM]","833","HEAVY-TRAILER-RV CLEAN SALE",,,,"CDT","0","R",2006,"FORESRIVER","ALL Models","WILDWOOD",,"WHITE","HAIL",,"SD","CT","EXM","E",0,"E","[PREMIUM]",0,,,"NONE",,,"DEFAULT","On Minimum Bid","[PREMIUM]",,"RAPID CITY","SD","57701","USA","USD","[PREMIUM]","[PREMIUM]","HVY04",false,"[PREMIUM]",,false,false,"[PREMIUM]",,,,,,,,"[PREMIUM]"
"63850326","2026-09-16 23:15:38.232","2026-09-29 08:42:28.081","63850326","2026-09-16 21:24:34.000","[PREMIUM]","833","HEAVY-TRAILER-RV CLEAN SALE",,,,"CDT","0","R",2006,"FORESRIVER","ALL Models","WILDWOOD",,"WHITE","HAIL",,"SD","CT","EXM","E",0,"E","[PREMIUM]",0,,,"NONE",,,"DEFAULT","On Minimum Bid","[PREMIUM]",,"RAPID CITY","SD","57701","USA","USD","[PREMIUM]","[PREMIUM]","HVY04",false,"[PREMIUM]",,false,false,"[PREMIUM]",,,,,,,,"[PREMIUM]"
"68512806","2026-09-16 23:15:32.116","2026-09-29 05:23:16.753","68512806","2026-09-29 01:28:32.000","[PREMIUM]","394","TX - NORTH AUSTIN","2026-10-01","THURSDAY","1200","CDT","0","V",2005,"FORD","F250","F250","CREW PICKUP","SILVER","MECHANICAL",,"TX","CT","YES","E",455895,"A","[PREMIUM]",0,"6.0L 8","4X4 W/REAR WHEEL DRV","AUTOMATIC","DIESEL",8,"DEFAULT","On Minimum Bid","[PREMIUM]",,"TAYLOR","TX","76574","USA","USD","[PREMIUM]","[PREMIUM]","I150",false,"[PREMIUM]","SUPER DUTY",false,false,"[PREMIUM]",,,,,,,,"[PREMIUM]"
"61699666","2026-09-16 23:15:22.769","2026-09-24 03:40:38.784","61699666","2026-09-23 19:33:32.000","[PREMIUM]","394","TX - NORTH AUSTIN","2026-09-24","THURSDAY","1200","CDT","3074","V",2020,"NISSAN","VERSA","VERSA","SEDAN","BLUE","FRONT END","UNDERCARRIAGE","FL","CD","YES","S",106265,"A","[PREMIUM]",7116,"1.6L 4","FRONT WHEEL DRIVE","AUTOMATIC","GAS",4,"Vehicle Starts","Pure Sale","[PREMIUM]",,"TAYLOR","TX","76574","USA","USD","[PREMIUM]","[PREMIUM]","B010",false,"[PREMIUM]","SV",false,false,"[PREMIUM]",,,,,,,,"[PREMIUM]"
"68631206","2026-09-16 23:15:17.847","2026-09-28 07:05:14.906","68631206","2026-09-25 12:57:10.000","[PREMIUM]","386","LA - VINTON","2026-09-28","MONDAY","1200","CDT","26","V",2021,"CHEVROLET","SILVERADO","SILVERADO",,"GRAY","SIDE",,"LA","ST","YES","D",57125,"A","[PREMIUM]",0,,,"AUTOMATIC",,,"Run & Drive Verified","Pure Sale","[PREMIUM]",,"SULPHUR","LA","70663","USA","USD","[PREMIUM]","[PREMIUM]","C090",false,"[PREMIUM]","K1500 TRAIL BOSS CUSTOM",false,false,"[PREMIUM]",,,,,,,,"[PREMIUM]"
"67866896","2026-09-16 23:15:17.581","2026-09-21 02:43:37.448","67866896","2026-09-18 20:27:02.000","[PREMIUM]","386","LA - VINTON","2026-09-21","MONDAY","1200","CDT","0","V",2017,"CHEVROLET","SONIC","SONIC","SEDAN 4DR","WHITE","FRONT END",,"LA","ST","YES","D",80649,"A","[PREMIUM]",7584.62,"1.8L 4","FRONT WHEEL DRIVE","AUTOMATIC","GAS",4,"Run & Drive Verified","Pure Sale","[PREMIUM]",,"SULPHUR","LA","70663","USA","USD","[PREMIUM]","[PREMIUM]","A070",false,"[PREMIUM]","LT",false,false,"[PREMIUM]",,,,,,,,"[PREMIUM]"
"67431076","2026-09-16 23:15:17.388","2026-09-28 07:05:14.337","67431076","2026-09-25 12:57:10.000","[PREMIUM]","386","LA - VINTON","2026-09-28","MONDAY","1200","CDT","1144","V",2004,"TOYOTA","CAMRY","CAMRY",,"TAN","REAR END",,"LA","ST","YES","S",237654,"E","[PREMIUM]",479,,,"AUTOMATIC",,,"Vehicle Starts","Pure Sale","[PREMIUM]",,"SULPHUR","LA","70663","USA","USD","[PREMIUM]","[PREMIUM]","B040",false,"[PREMIUM]","LE",false,false,"[PREMIUM]",,,,,,,,"[PREMIUM]"
"67271736","2026-09-16 23:15:17.377","2026-09-28 07:05:14.185","67271736","2026-09-25 12:57:10.000","[PREMIUM]","386","LA - VINTON","2026-09-28","MONDAY","1200","CDT","49","V",2014,"FORD","TAURUS","TAURUS","SEDAN 4DR","SILVER","FRONT END",,"LA","ST","YES","D",98805,"A","[PREMIUM]",7997.98,"3.5L 6","FRONT WHEEL DRIVE","AUTOMATIC","GAS",6,"Run & Drive Verified","Pure Sale","[PREMIUM]",,"SULPHUR","LA","70663","USA","USD","[PREMIUM]","[PREMIUM]","B050",false,"[PREMIUM]","SEL",false,false,"[PREMIUM]",,,,,,,,"[PREMIUM]"
"66929976","2026-09-16 23:15:17.230","2026-09-28 07:05:14.023","66929976","2026-09-25 12:57:10.000","[PREMIUM]","386","LA - VINTON","2026-09-28","MONDAY","1200","CDT","1123","V",2022,"FORD","F-150","F150","PICKUP","WHITE","ALL OVER","MECHANICAL","LA","ST","NO","E",0,"N","[PREMIUM]",32437.1,"5.0L 8","4X4 W/REAR WHEEL DRV","AUTOMATIC","GAS",8,"DEFAULT","Pure Sale","[PREMIUM]",,"SULPHUR","LA","70663","USA","USD","[PREMIUM]","[PREMIUM]","A110",false,"[PREMIUM]","SUPERCREW",false,false,"[PREMIUM]",,,,,,,,"[PREMIUM]"
"67153606","2026-09-16 23:15:17.196","2026-09-28 07:05:14.183","67153606","2026-09-25 12:57:10.000","[PREMIUM]","386","LA - VINTON","2026-09-28","MONDAY","1200","CDT","1119","V",2012,"HONDA","CIVIC","CIVIC","SEDAN 4DR","GRAY","ROLLOVER",,"LA","ST","YES","E",0,"N","[PREMIUM]",23366.57,"1.8L 4","FRONT WHEEL DRIVE","AUTOMATIC","GAS",4,"DEFAULT","Pure Sale","[PREMIUM]",,"SULPHUR","LA","70663","USA","USD","[PREMIUM]","[PREMIUM]","B010",false,"[PREMIUM]","LX",false,false,"[PREMIUM]",,,,,,,,"[PREMIUM]"
"65325546","2026-09-16 23:15:16.614","2026-09-28 07:05:13.381","65325546","2026-09-25 12:57:10.000","[PREMIUM]","386","LA - VINTON","2026-09-28","MONDAY","1200","CDT","1141","V",2024,"FORD","EXPLORER","EXPLORER","SPORT UTILITY VEHICLE","BLUE","FRONT END",,"LA","ST","YES","S",36813,"A","[PREMIUM]",0,"2.3L 4","REAR WHEEL DRIVE","AUTOMATIC","GAS",4,"Vehicle Starts","Pure Sale","[PREMIUM]",,"SULPHUR","LA","70663","USA","USD","[PREMIUM]","[PREMIUM]","E080",false,"[PREMIUM]","XLT",false,false,"[PREMIUM]",,,,,,,,"[PREMIUM]"
"65857146","2026-09-16 23:15:16.560","2026-09-28 07:05:13.718","65857146","2026-09-25 12:57:10.000","[PREMIUM]","386","LA - VINTON","2026-09-28","MONDAY","1200","CDT","1132","V",2024,"KIA","SELTOS","SELTOS","SPORT UTILITY VEHICLE","WHITE","FRONT END",,"LA","ST","YES","E",26630,"A","[PREMIUM]",21289,"2.0L 4","ALL WHEEL DRIVE","AUTOMATIC","GAS",4,"DEFAULT","Pure Sale","[PREMIUM]",,"SULPHUR","LA","70663","USA","USD","[PREMIUM]","[PREMIUM]","A030",false,"[PREMIUM]","LX",false,false,"[PREMIUM]",,,,,,,,"[PREMIUM]"
"64850986","2026-09-16 23:15:16.298","2026-09-28 07:05:13.109","64850986","2026-09-25 12:57:10.000","[PREMIUM]","386","LA - VINTON","2026-09-28","MONDAY","1200","CDT","35","V",2018,"FORD","F150","F150","PICKUP","WHITE","SIDE","MINOR DENT/SCRATCHES","LA","ST","YES","D",108453,"A","[PREMIUM]",19276.67,"5.0L 8","4X4 W/REAR WHEEL DRV","AUTOMATIC","GAS",8,"Run & Drive Verified","Pure Sale","[PREMIUM]",,"SULPHUR","LA","70663","USA","USD","[PREMIUM]","[PREMIUM]","C110",false,"[PREMIUM]","SUPERCREW",false,false,"[PREMIUM]",,,,,,,,"[PREMIUM]"
"62286866","2026-09-16 23:15:15.492","2026-09-21 02:43:34.772","62286866","2026-09-18 20:26:04.000","[PREMIUM]","386","LA - VINTON","2026-09-21","MONDAY","1200","CDT","0","V",2025,"KIA","ALL OTHER","K4","SEDAN","WHITE","WATER/FLOOD",,"LA","FS","YES","E",34674,"A","[PREMIUM]",0,"2.0L 4","FRONT WHEEL DRIVE","AUTOMATIC","GAS",4,"DEFAULT","Pure Sale","[PREMIUM]",,"SULPHUR","LA","70663","USA","USD","[PREMIUM]","[PREMIUM]","F010",false,"[PREMIUM]","EX",false,false,"[PREMIUM]",,,,,,,,"[PREMIUM]"
"61754616","2026-09-16 23:15:15.361","2026-09-28 07:05:12.113","61754616","2026-09-25 12:57:10.000","[PREMIUM]","386","LA - VINTON","2026-09-28","MONDAY","1200","CDT","1161","V",2012,"HONDA","CIVIC","CIVIC","SEDAN 4DR","MAROON","FRONT END","SIDE","LA","ST","NO","E",150550,"A","[PREMIUM]",6413.83,"1.8L 4","FRONT WHEEL DRIVE","AUTOMATIC","GAS",4,"DEFAULT","Pure Sale","[PREMIUM]",,"SULPHUR","LA","70663","USA","USD","[PREMIUM]","[PREMIUM]","E080",false,"[PREMIUM]","LX",false,false,"[PREMIUM]",,,,,,,,"[PREMIUM]"
"61906446","2026-09-16 23:15:15.327","2026-09-28 07:05:12.254","61906446","2026-09-25 12:57:10.000","[PREMIUM]","386","LA - VINTON","2026-09-28","MONDAY","1200","CDT","20","V",2017,"TOYOTA","CAMRY","CAMRY","SEDAN","BLACK","FRONT END",,"LA","ST","YES","D",197165,"A","[PREMIUM]",16682.33,"2.5L 4","FRONT WHEEL DRIVE","AUTOMATIC","GAS",4,"Run & Drive Verified","Pure Sale","[PREMIUM]",,"SULPHUR","LA","70663","USA","USD","[PREMIUM]","[PREMIUM]","A040",false,"[PREMIUM]","XSE",false,false,"[PREMIUM]",,,,,,,,"[PREMIUM]"
"60496676","2026-09-16 23:15:15.063","2026-09-28 07:05:11.938","60496676","2026-09-25 12:57:10.000","[PREMIUM]","386","LA - VINTON","2026-09-28","MONDAY","1200","CDT","1122","V",1999,"FORD","All Models","F150","4DR EXT CAB PICKUP","GOLD","FRONT END","SIDE","LA","ST","YES","S",0,"E","[PREMIUM]",2165.6,"5.4L 8","REAR WHEEL DRIVE","AUTOMATIC","GAS",8,"Vehicle Starts","Pure Sale","[PREMIUM]",,"SULPHUR","LA","70663","USA","USD","[PREMIUM]","[PREMIUM]","STG",false,"[PREMIUM]",,false,false,"[PREMIUM]",,,,,,,,"[PREMIUM]"
"59681316","2026-09-16 23:15:14.789","2026-09-27 20:43:53.267","59681316","2026-09-25 12:57:10.000","[PREMIUM]","386","LA - VINTON","2026-09-28","MONDAY","1200","CDT","39","V",2024,"NISSAN","ALTIMA","ALTIMA","SEDAN","GRAY","FRONT END","SIDE","LA","ST","YES","D",32136,"A","[PREMIUM]",26960,"2.5L 4","FRONT WHEEL DRIVE","AUTOMATIC","GAS",4,"Run & Drive Verified","On Minimum Bid","[PREMIUM]",,"SULPHUR","LA","70663","USA","USD","[PREMIUM]","[PREMIUM]","C020",false,"[PREMIUM]","SR",false,false,"[PREMIUM]",,,,,,,,"[PREMIUM]"
"68244646","2026-09-16 23:15:12.631","2026-09-29 08:42:02.262","68244646","2026-09-16 21:28:16.000","[PREMIUM]","385","MI - WAYLAND",,,,"EDT","0","V",2015,"HONDA","CRV","CR-V","4DR SPORT UTILITY","BLACK","FRONT END",,"MI","CT","YES","D",161987,"A","[PREMIUM]",9433,"2.4L 4","ALL WHEEL DRIVE","AUTOMATIC","GAS                           ",4,"Run & Drive Verified","Pure Sale","[PREMIUM]",,"WAYLAND","MI","49348","USA","USD","[PREMIUM]","[PREMIUM]","G130",false,"[PREMIUM]","LX",false,false,"[PREMIUM]",,,,,,,,"[PREMIUM]"
"67182966","2026-09-16 23:15:11.396","2026-09-29 08:41:59.991","67182966","2026-09-16 21:28:17.000","[PREMIUM]","385","MI - WAYLAND",,,,"EDT","0","V",2022,"LUCID MOTORS","AIR","AIR","SEDAN","GRAY","MECHANICAL",,"MI","ST","NO","E",0,"N","[PREMIUM]",41685.43,,"ALL WHEEL DRIVE","AUTOMATIC","ELECTRIC",,"DEFAULT","Pure Sale","[PREMIUM]",,"WAYLAND","MI","49348","USA","USD","[PREMIUM]","[PREMIUM]","R120",false,"[PREMIUM]","GRAND TOURING",false,false,"[PREMIUM]",,,,,,,,"[PREMIUM]"
"65908446","2026-09-16 23:15:08.989","2026-09-29 08:41:58.062","65908446","2026-09-16 21:28:16.000","[PREMIUM]","385","MI - WAYLAND",,,,"EDT","0","V",2011,"DODGE","CARAVAN","GRAND CARAVAN","SPORTS VAN","SILVER","BURN - ENGINE",,"MI","CT","YES","E",206728,"A","[PREMIUM]",1667.5,"3.6L 6","FRONT WHEEL DRIVE","AUTOMATIC","FLEXIBLE",6,"DEFAULT","Pure Sale","[PREMIUM]",,"WAYLAND","MI","49348","USA","USD","[PREMIUM]","[PREMIUM]","B130",false,"[PREMIUM]","CREW",false,false,"[PREMIUM]",,,,,,,,"[PREMIUM]"
"62023666","2026-09-16 23:15:03.719","2026-09-29 08:41:54.408","62023666","2026-09-28 16:20:09.000","[PREMIUM]","385","MI - WAYLAND","2026-10-01","THURSDAY","1000","EDT","0","V",2015,"KIA","SOUL","SOUL","WAGON","SILVER","VANDALISM",,"MI","CT","NO","E",0,"N","[PREMIUM]",6456.99,"2.0L 4","FRONT WHEEL DRIVE","AUTOMATIC","GAS",4,"DEFAULT","Pure Sale","[PREMIUM]",,"WAYLAND","MI","49348","USA","USD","[PREMIUM]","[PREMIUM]","K130",false,"[PREMIUM]","+",false,false,"[PREMIUM]",,,,,,,,"[PREMIUM]"
"59307146","2026-09-16 23:15:02.048","2026-09-29 08:41:53.216","59307146","2026-09-16 21:28:16.000","[PREMIUM]","385","MI - WAYLAND",,,,"EDT","0","V",2013,"CHEVROLET","EQUINOX","EQUINOX","4DR SPORT UTILITY","RED","REAR END",,"MI","CT","YES","D",148805,"A","[PREMIUM]",12540.32,"3.6L 6","FRONT WHEEL DRIVE","AUTOMATIC","GAS",6,"Run & Drive Verified","Pure Sale","[PREMIUM]",,"WAYLAND","MI","49348","USA","USD","[PREMIUM]","[PREMIUM]","F130",false,"[PREMIUM]","LT",false,false,"[PREMIUM]",,,,,,,,"[PREMIUM]"
"65562186","2026-09-16 23:14:50.577","2026-09-29 08:41:38.724","65562186","2026-09-28 20:02:22.000","[PREMIUM]","855","WHOLESALE AUCTION","2026-09-29","TUESDAY","1200","EDT","5317","K",2021,"RAM","PROMASTER","PROMASTER 3500","VAN CARGO","BLUE","SIDE",,"OH","CT","YES","D",108651,"A","[PREMIUM]",14317,"3.6L 6","FRONT WHEEL DRIVE","AUTOMATIC","FLEXIBLE",6,"Run & Drive Verified","On Minimum Bid","[PREMIUM]",,"BARBERTON","OH","44203","USA","USD","[PREMIUM]","[PREMIUM]","H060",true,"[PREMIUM]",,false,true,"[PREMIUM]",,,,,"RED LIGHT",2.5,,"[PREMIUM]"
"69005836","2026-09-16 23:14:48.976","2026-09-29 08:41:36.576","69005836","2026-09-16 21:33:15.000","[PREMIUM]","373","NC - LAGRANGE",,,,"EDT","0","V",2016,"KIA","OPTIMA","OPTIMA","SEDAN 4DR","WHITE","SIDE",,"NC","SC","YES","D",143132,"A","[PREMIUM]",7930,"2.4L 4","FRONT WHEEL DRIVE","AUTOMATIC","GAS                           ",4,"Run & Drive Verified","Pure Sale","[PREMIUM]",,"LA GRANGE","NC","28551","USA","USD","[PREMIUM]","[PREMIUM]","D090",false,"[PREMIUM]","LX",false,false,"[PREMIUM]",,,,,,,,"[PREMIUM]"
"68648426","2026-09-16 23:14:48.965","2026-09-29 08:41:36.185","68648426","2026-09-16 22:05:47.000","[PREMIUM]","373","NC - LAGRANGE",,,,"EDT","0","V",2013,"CHEVROLET","CAMARO","CAMARO","COUPE","TWO TONE","SIDE","FRONT END","NC","SC","YES","D",127721,"A","[PREMIUM]",8515.66,"3.6L 6","REAR WHEEL DRIVE","AUTOMATIC","GAS",6,"Run & Drive Verified","Pure Sale","[PREMIUM]",,"LA GRANGE","NC","28551","USA","USD","[PREMIUM]","[PREMIUM]","H030",false,"[PREMIUM]","LS",false,false,"[PREMIUM]",,,,,,,,"[PREMIUM]"
"68614906","2026-09-16 23:14:48.938","2026-09-29 08:41:36.196","68614906","2026-09-16 21:47:27.000","[PREMIUM]","373","NC - LAGRANGE",,,,"EDT","0","V",2019,"JEEP","GRAND CHER","CHEROKEE","SPORT UTILITY VEHICLE","BURGUNDY","SIDE",,"NC","SC","YES","D",164573,"A","[PREMIUM]",4931,"2.4L 4","FRONT WHEEL DRIVE","AUTOMATIC","GAS",4,"Run & Drive Verified","Pure Sale","[PREMIUM]",,"LA GRANGE","NC","28551","USA","USD","[PREMIUM]","[PREMIUM]","A090",false,"[PREMIUM]","LATITUDE",false,false,"[PREMIUM]",,,,,,,,"[PREMIUM]"
"68382126","2026-09-16 23:14:48.819","2026-09-29 08:41:36.083","68382126","2026-09-16 21:03:42.000","[PREMIUM]","373","NC - LAGRANGE",,,,"EDT","0","V",2018,"FORD","ECOSPORT","ECOSPORT","SPORT UTILITY VEHICLE","BLACK","FRONT END","REAR END","NC","SC","YES","D",125355,"A","[PREMIUM]",12428.01,"1.0L 3","FRONT WHEEL DRIVE","AUTOMATIC","GAS",3,"Run & Drive Verified","Pure Sale","[PREMIUM]",,"LA GRANGE","NC","28551","USA","USD","[PREMIUM]","[PREMIUM]","S120",false,"[PREMIUM]","S",false,false,"[PREMIUM]",,,,,,,,"[PREMIUM]"
"67930106","2026-09-16 23:14:48.705","2026-09-29 08:41:35.596","67930106","2026-09-16 22:05:48.000","[PREMIUM]","373","NC - LAGRANGE",,,,"EDT","0","V",2017,"TOYOTA","RAV4","RAV4","4DR SPORT UTILITY","GRAY","ALL OVER",,"NC","SC","YES","E",0,"N","[PREMIUM]",18512,"2.5L 4","FRONT WHEEL DRIVE","AUTOMATIC","GAS",4,"DEFAULT","Pure Sale","[PREMIUM]",,"LA GRANGE","NC","28551","USA","USD","[PREMIUM]","[PREMIUM]","H080",false,"[PREMIUM]","LE",false,false,"[PREMIUM]",,,,,,,,"[PREMIUM]"
"67683236","2026-09-16 23:14:48.642","2026-09-29 08:41:35.290","67683236","2026-09-16 21:47:27.000","[PREMIUM]","373","NC - LAGRANGE",,,,"EDT","0","V",2005,"FORD","FREESTYLE","FREESTYLE","4DR SPORT UTILITY","GRAY","VANDALISM",,"NC","SC","YES","D",228279,"E","[PREMIUM]",4437.45,"3.0L 6","FRONT WHEEL DRIVE","AUTOMATIC","GAS",6,"Run & Drive Verified","Pure Sale","[PREMIUM]",,"LA GRANGE","NC","28551","USA","USD","[PREMIUM]","[PREMIUM]","E100",false,"[PREMIUM]","SEL",false,false,"[PREMIUM]",,,,,,,,"[PREMIUM]"
"66821576","2026-09-16 23:14:48.080","2026-09-29 08:41:34.514","66821576","2026-09-16 22:05:47.000","[PREMIUM]","373","NC - LAGRANGE",,,,"EDT","0","V",2009,"TOYOTA","COROLLA","COROLLA","SEDAN","SILVER","REAR END","FRONT END","NC","SC","YES","S",258057,"A","[PREMIUM]",2878,"1.8L 4","FRONT WHEEL DRIVE","AUTOMATIC","GAS",4,"Vehicle Starts","Pure Sale","[PREMIUM]",,"LA GRANGE","NC","28551","USA","USD","[PREMIUM]","[PREMIUM]","U110",false,"[PREMIUM]","LE",false,false,"[PREMIUM]",,,,,,,,"[PREMIUM]"
"66518026","2026-09-16 23:14:47.723","2026-09-29 08:41:34.063","66518026","2026-09-16 22:05:48.000","[PREMIUM]","373","NC - LAGRANGE",,,,"EDT","0","V",2020,"SUBARU","FORESTER","FORESTER","SPORT UTILITY VEHICLE","GRAY","ALL OVER",,"NC","SC","YES","D",28513,"A","[PREMIUM]",0,"2.5L 4","ALL WHEEL DRIVE","AUTOMATIC","GAS",4,"Run & Drive Verified","Pure Sale","[PREMIUM]",,"LA GRANGE","NC","28551","USA","USD","[PREMIUM]","[PREMIUM]","F070",false,"[PREMIUM]","SPORT",false,false,"[PREMIUM]",,,,,,,,"[PREMIUM]"
"64845226","2026-09-16 23:14:45.867","2026-09-29 08:41:31.864","64845226","2026-09-21 16:46:34.000","[PREMIUM]","373","NC - LAGRANGE",,,,"EDT","0","V",2015,"VOLKSWAGEN","GOLF","GOLF","HATCHBACK 4DR","BLACK","FRONT END",,"NC","SC","YES","D",158080,"A","[PREMIUM]",9173.31,"2L 4","FRONT WHEEL DRIVE","AUTOMATIC","DIESEL",4,"Run & Drive Verified","Pure Sale","[PREMIUM]",,"LA GRANGE","NC","28551","USA","USD","[PREMIUM]","[PREMIUM]","F080",false,"[PREMIUM]","TDI",false,false,"[PREMIUM]",,,,,,,,"[PREMIUM]"
"64120956","2026-09-16 23:14:45.020","2026-09-29 08:41:31.352","64120956","2026-09-16 21:03:42.000","[PREMIUM]","373","NC - LAGRANGE",,,,"EDT","0","V",2020,"SUBARU","FORESTER","FORESTER","SPORT UTILITY VEHICLE","WHITE","FRONT END",,"NC","SC","YES","D",106805,"A","[PREMIUM]",19091,"2.5L 4","ALL WHEEL DRIVE","AUTOMATIC","GAS",4,"Run & Drive Verified","Pure Sale","[PREMIUM]",,"LA GRANGE","NC","28551","USA","USD","[PREMIUM]","[PREMIUM]","A100",false,"[PREMIUM]","TOURING",false,false,"[PREMIUM]",,,,,,,,"[PREMIUM]"
"63446606","2026-09-16 23:14:44.486","2026-09-29 08:41:30.846","63446606","2026-09-16 22:05:47.000","[PREMIUM]","373","NC - LAGRANGE",,,,"EDT","0","V",2019,"DODGE","CHARGER","CHARGER","SEDAN","BLACK","BURN",,"NC","PO","EXM","E",0,"N","[PREMIUM]",12296,"3.6L 6","REAR WHEEL DRIVE","AUTOMATIC","FLEXIBLE",6,"DEFAULT","Pure Sale","[PREMIUM]",,"LA GRANGE","NC","28551","USA","USD","[PREMIUM]","[PREMIUM]","H060",false,"[PREMIUM]","SXT",false,false,"[PREMIUM]",,,,,,,,"[PREMIUM]"
"62800456","2026-09-16 23:14:44.208","2026-09-29 08:41:30.540","62800456","2026-09-16 21:38:31.000","[PREMIUM]","373","NC - LAGRANGE",,,,"EDT","0","V",2019,"NISSAN","SENTRA","SENTRA","SEDAN","GRAY","WATER/FLOOD",,"NC","WF","YES","E",126381,"A","[PREMIUM]",6131,"1.8L 4","FRONT WHEEL DRIVE","AUTOMATIC","GAS",4,"DEFAULT","Pure Sale","[PREMIUM]",,"LA GRANGE","NC","28551","USA","USD","[PREMIUM]","[PREMIUM]","E100",false,"[PREMIUM]","SV",false,false,"[PREMIUM]",,,,,,,,"[PREMIUM]"
"62650766","2026-09-16 23:14:44.053","2026-09-29 08:41:30.439","62650766","2026-09-16 21:47:27.000","[PREMIUM]","373","NC - LAGRANGE",,,,"EDT","0","V",2017,"FORD","TAURUS","TAURUS","SEDAN","RED","FRONT END","SIDE","NC","SC","YES","E",129320,"A","[PREMIUM]",19099,"3.5L 6","FRONT WHEEL DRIVE","AUTOMATIC","GAS",6,"DEFAULT","Pure Sale","[PREMIUM]",,"LA GRANGE","NC","28551","USA","USD","[PREMIUM]","[PREMIUM]","H060",false,"[PREMIUM]","LIMITED",false,false,"[PREMIUM]",,,,,,,,"[PREMIUM]"
"54252546","2026-09-16 23:14:42.189","2026-09-29 08:41:28.360","54252546","2026-09-16 21:47:28.000","[PREMIUM]","373","NC - LAGRANGE",,,,"EDT","0","V",2013,"HONDA","ACCORD","ACCORD","SEDAN 4DR","GRAY","FRONT END","SIDE","NC","SC","YES","E",0,"N","[PREMIUM]",6198.25,"2.4L 4","FRONT WHEEL DRIVE","AUTOMATIC","GAS",4,"DEFAULT","Pure Sale","[PREMIUM]",,"LA GRANGE","NC","28551","USA","USD","[PREMIUM]","[PREMIUM]","D100",false,"[PREMIUM]",,false,false,"[PREMIUM]",,,,,,,,"[PREMIUM]"
"69176966","2026-09-16 23:14:41.202","2026-09-21 02:42:57.419","69176966","2026-09-17 19:15:16.000","[PREMIUM]","371","WI - MILWAUKEE SOUTH","2026-09-21","MONDAY","1200","CDT","0","V",2005,"JEEP","LIBERTY","LIBERTY","4DR SPORT UTILITY","GREEN","FRONT END",,"WI","CT","YES","D",127495,"E","[PREMIUM]",3601,"3.7L 6","4X4 W/REAR WHEEL DRV","AUTOMATIC","GAS                           ",6,"Run & Drive Verified","Pure Sale","[PREMIUM]",,"FRANKLIN","WI","53132","USA","USD","[PREMIUM]","[PREMIUM]","1F060",false,"[PREMIUM]","RENEGADE",false,false,"[PREMIUM]",,,,,,,,"[PREMIUM]"
"69023266","2026-09-16 23:14:41.186","2026-09-21 17:22:24.162","69023266","2026-09-21 11:00:27.000","[PREMIUM]","371","WI - MILWAUKEE SOUTH","2026-09-21","MONDAY","1200","CDT","603","C",2014,"HARLEY-DAVIDSON","FL","FLHTCUTG","ROAD","BURN","BURN",,"WI","BP","EXM",,0,"N","[PREMIUM]",0,"2",,"MANUAL",,2,,"On Minimum Bid","[PREMIUM]",,"FRANKLIN","WI","53132","USA","USD","[PREMIUM]","[PREMIUM]","MC001",false,"[PREMIUM]","TRI GLIDE ULTRA",false,false,"[PREMIUM]",,,,,,,,"[PREMIUM]"
"68968586","2026-09-16 23:14:41.160","2026-09-21 15:39:59.201","68968586","2026-09-21 11:00:28.000","[PREMIUM]","371","WI - MILWAUKEE SOUTH","2026-09-21","MONDAY","1200","CDT","3088","V",2013,"HYUNDAI","ELANTRA","ELANTRA","SEDAN","GRAY","VANDALISM",,"WI","BP","YES","E",0,"N","[PREMIUM]",8113.93,"1.8L 4","FRONT WHEEL DRIVE","AUTOMATIC","GAS                           ",4,"DEFAULT","Pure Sale","[PREMIUM]",,"FRANKLIN","WI","53132","USA","USD","[PREMIUM]","[PREMIUM]","C100",false,"[PREMIUM]","LIMITED",false,false,"[PREMIUM]",,,,,,,,"[PREMIUM]"
"68839616","2026-09-16 23:14:41.089","2026-09-21 17:22:23.879","68839616","2026-09-21 11:00:28.000","[PREMIUM]","371","WI - MILWAUKEE SOUTH","2026-09-21","MONDAY","1200","CDT","2251","V",2012,"CHRYSLER","200","200","SEDAN 4DR","WHITE","HAIL",,"WI","BP","YES","D",171684,"A","[PREMIUM]",3580,"2.4L 4","FRONT WHEEL DRIVE","AUTOMATIC","GAS                           ",4,"Run & Drive Verified","Pure Sale","[PREMIUM]",,"FRANKLIN","WI","53132","USA","USD","[PREMIUM]","[PREMIUM]","D060",false,"[PREMIUM]","LX",false,false,"[PREMIUM]",,,,,,,,"[PREMIUM]"
"68644146","2026-09-16 23:14:41.039","2026-09-21 02:42:56.834","68644146","2026-09-17 15:05:38.000","[PREMIUM]","371","WI - MILWAUKEE SOUTH","2026-09-21","MONDAY","1200","CDT","0","V",2019,"HONDA","PILOT","PILOT","SPORT UTILITY VEHICLE","GRAY","SIDE","REAR END","WI","BP","NO","E",0,"N","[PREMIUM]",27711.31,"3.5L 6","ALL WHEEL DRIVE","AUTOMATIC","GAS",6,"DEFAULT","On Minimum Bid","[PREMIUM]",,"FRANKLIN","WI","53132","USA","USD","[PREMIUM]","[PREMIUM]","1F060",false,"[PREMIUM]","TOURING",false,false,"[PREMIUM]",,,,,,,,"[PREMIUM]"
"68929946","2026-09-16 23:14:41.037","2026-09-21 02:42:57.010","68929946","2026-09-17 19:15:36.000","[PREMIUM]","371","WI - MILWAUKEE SOUTH","2026-09-21","MONDAY","1200","CDT","0","V",2018,"CHEVROLET","MALIBU","MALIBU","SEDAN","BLACK","SIDE",,"WI","CT","YES","D",92288,"A","[PREMIUM]",7496,"1.5L 4","FRONT WHEEL DRIVE","AUTOMATIC","GAS",4,"Run & Drive Verified","On Minimum Bid","[PREMIUM]",,"FRANKLIN","WI","53132","USA","USD","[PREMIUM]","[PREMIUM]","1B060",false,"[PREMIUM]","LT",false,false,"[PREMIUM]",,,,,,,,"[PREMIUM]"
"68662376","2026-09-16 23:14:41.034","2026-09-21 15:39:58.929","68662376","2026-09-21 11:00:27.000","[PREMIUM]","371","WI - MILWAUKEE SOUTH","2026-09-21","MONDAY","1200","CDT","2006","V",2023,"HYUNDAI","TUCSON","TUCSON","SPORT UTILITY VEHICLE","BLUE","FRONT END","SIDE","WI","SC","YES","D",111607,"A","[PREMIUM]",16025,"2.5L 4","ALL WHEEL DRIVE","AUTOMATIC","GAS                           ",4,"Run & Drive Verified","On Minimum Bid","[PREMIUM]",,"FRANKLIN","WI","53132","USA","USD","[PREMIUM]","[PREMIUM]","G050",false,"[PREMIUM]","LIMITED",false,false,"[PREMIUM]",,,,,,,,"[PREMIUM]"
"68962076","2026-09-16 23:14:41.027","2026-09-27 20:43:14.035","68962076","2026-09-22 16:15:53.000","[PREMIUM]","371","WI - MILWAUKEE SOUTH","2026-09-28","MONDAY","1200","CDT","0","V",2020,"FORD","ESCAPE","ESCAPE","SPORT UTILITY VEHICLE","GRAY","SIDE",,"WI","SC","YES","D",58812,"A","[PREMIUM]",16996,"2.0L 4","4X4 W/FRONT WHL DRV","AUTOMATIC","GAS                           ",4,"Run & Drive Verified","On Minimum Bid","[PREMIUM]",,"FRANKLIN","WI","53132","USA","USD","[PREMIUM]","[PREMIUM]","E080",false,"[PREMIUM]","TITANIUM",false,false,"[PREMIUM]",,,,,,,,"[PREMIUM]"
"68661546","2026-09-16 23:14:41.021","2026-09-27 21:40:10.037","68661546","2026-09-22 18:56:50.000","[PREMIUM]","371","WI - MILWAUKEE SOUTH","2026-09-28","MONDAY","1200","CDT","0","C",2008,"HARLEY-DAVIDSON","FL","FLTR","ROAD","BLACK","FRONT END","SIDE","WI","CT","YES","D",17283,"E","[PREMIUM]",8160.44,"2",,"MANUAL",,2,"Run & Drive Verified","Pure Sale","[PREMIUM]",,"FRANKLIN","WI","53132","USA","USD","[PREMIUM]","[PREMIUM]","MC001",false,"[PREMIUM]",,false,false,"[PREMIUM]",,,,,,,,"[PREMIUM]"
"68349156","2026-09-16 23:14:40.885","2026-09-21 15:39:58.514","68349156","2026-09-21 11:00:28.000","[PREMIUM]","371","WI - MILWAUKEE SOUTH","2026-09-21","MONDAY","1200","CDT","3282","V",2015,"VOLKSWAGEN","PASSAT","PASSAT","SEDAN 4DR","WHITE","HAIL",,"WI","BP","YES","D",166277,"A","[PREMIUM]",10842.74,"2L 4","FRONT WHEEL DRIVE","AUTOMATIC","DIESEL                        ",4,"Run & Drive Verified","Pure Sale","[PREMIUM]",,"FRANKLIN","WI","53132","USA","USD","[PREMIUM]","[PREMIUM]","H010",false,"[PREMIUM]","SE",false,false,"[PREMIUM]",,,,,,,,"[PREMIUM]"
"68281426","2026-09-16 23:14:40.874","2026-09-21 14:43:48.449","68281426","2026-09-21 11:00:28.000","[PREMIUM]","371","WI - MILWAUKEE SOUTH","2026-09-21","MONDAY","1200","CDT","2321","V",2012,"CHRYSLER","200","200","SEDAN 4DR","WHITE","REAR END",,"WI","BP","YES","D",169663,"A","[PREMIUM]",7427.09,"2.4L 4","FRONT WHEEL DRIVE","AUTOMATIC","GAS                           ",4,"Run & Drive Verified","Pure Sale","[PREMIUM]",,"FRANKLIN","WI","53132","USA","USD","[PREMIUM]","[PREMIUM]","D060",false,"[PREMIUM]","LIMITED",false,false,"[PREMIUM]",,,,,,,,"[PREMIUM]"
"68388856","2026-09-16 23:14:40.857","2026-09-21 15:39:58.670","68388856","2026-09-21 11:00:28.000","[PREMIUM]","371","WI - MILWAUKEE SOUTH","2026-09-21","MONDAY","1200","CDT","3054","V",2014,"HONDA","CIVIC","CIVIC","SEDAN 4DR","BROWN","FRONT END",,"WI","BP","YES","E",161409,"A","[PREMIUM]",7710,"1.8L 4","FRONT WHEEL DRIVE","AUTOMATIC","GAS                           ",4,"DEFAULT","Pure Sale","[PREMIUM]",,"FRANKLIN","WI","53132","USA","USD","[PREMIUM]","[PREMIUM]","C030",false,"[PREMIUM]","LX",false,false,"[PREMIUM]",,,,,,,,"[PREMIUM]"
"68260416","2026-09-16 23:14:40.768","2026-09-22 17:20:17.891","68260416","2026-09-22 16:16:02.000","[PREMIUM]","371","WI - MILWAUKEE SOUTH","2026-09-28","MONDAY","1200","CDT","0","V",2020,"TOYOTA","CAMRY","CAMRY","SEDAN","BLACK","HAIL","SIDE","WI","MS","YES","D",95416,"A","[PREMIUM]",11855,"2.5L 4","FRONT WHEEL DRIVE","AUTOMATIC","GAS                           ",4,"Run & Drive Verified","On Minimum Bid","[PREMIUM]",,"FRANKLIN","WI","53132","USA","USD","[PREMIUM]","[PREMIUM]","C010",false,"[PREMIUM]","LE",false,false,"[PREMIUM]",,,,,,,,"[PREMIUM]"
"68255856","2026-09-16 23:14:40.747","2026-09-21 13:02:03.171","68255856","2026-09-21 11:00:28.000","[PREMIUM]","371","WI - MILWAUKEE SOUTH","2026-09-21","MONDAY","1200","CDT","2254","V",2015,"TOYOTA","HIGHLANDER","HIGHLANDER","4DR SPORT UTILITY","GRAY","FRONT END",,"WI","BP","YES","D",259306,"A","[PREMIUM]",11641.74,"3.5L 6","ALL WHEEL DRIVE","AUTOMATIC","GAS                           ",6,"Run & Drive Verified","Pure Sale","[PREMIUM]",,"FRANKLIN","WI","53132","USA","USD","[PREMIUM]","[PREMIUM]","I030",false,"[PREMIUM]","XLE",false,false,"[PREMIUM]",,,,,,,,"[PREMIUM]"
"68238916","2026-09-16 23:14:40.733","2026-09-20 18:59:55.740","68238916","2026-09-18 16:41:16.000","[PREMIUM]","371","WI - MILWAUKEE SOUTH","2026-09-21","MONDAY","1200","CDT","0","V",2016,"JEEP","COMPASS","COMPASS","4DR SPORT UTILITY","WHITE","SIDE","FRONT END","WI","BP","YES","E",86230,"A","[PREMIUM]",9321,"2.4L 4","4X4 W/FRONT WHL DRV","AUTOMATIC","GAS                           ",4,"DEFAULT","Pure Sale","[PREMIUM]",,"FRANKLIN","WI","53132","USA","USD","[PREMIUM]","[PREMIUM]","F060",false,"[PREMIUM]","LATITUDE",false,false,"[PREMIUM]",,,,,,,,"[PREMIUM]"
"68112466","2026-09-16 23:14:40.627","2026-09-21 17:22:23.026","68112466","2026-09-21 11:00:28.000","[PREMIUM]","371","WI - MILWAUKEE SOUTH","2026-09-21","MONDAY","1200","CDT","3311","V",2019,"TOYOTA","COROLLA","COROLLA HATCHBACK","HATCHBACK","BLUE","HAIL","FRONT END","WI","BP","YES","D",126032,"A","[PREMIUM]",9901.45,"2.0L 4","FRONT WHEEL DRIVE","AUTOMATIC","GAS                           ",4,"Run & Drive Verified","Pure Sale","[PREMIUM]",,"FRANKLIN","WI","53132","USA","USD","[PREMIUM]","[PREMIUM]","C020",false,"[PREMIUM]","SE",false,false,"[PREMIUM]",,,,,,,,"[PREMIUM]"
"67979486","2026-09-16 23:14:40.517","2026-09-29 23:22:00.105","67979486","2026-09-29 21:21:38.000","[PREMIUM]","371","WI - MILWAUKEE SOUTH","2026-10-05","MONDAY","1200","CDT","0","V",2006,"TOYOTA","AVALON","AVALON","SEDAN","TAN","FRONT END",,"WI","BP","YES","D",180215,"E","[PREMIUM]",8344.95,"3.5L 6","FRONT WHEEL DRIVE","AUTOMATIC","GAS",6,"Run & Drive Verified","On Minimum Bid","[PREMIUM]",,"FRANKLIN","WI","53132","USA","USD","[PREMIUM]","[PREMIUM]","A010",false,"[PREMIUM]","XL",false,false,"[PREMIUM]",,,,,,,,"[PREMIUM]"
"67931426","2026-09-16 23:14:40.497","2026-09-21 17:22:22.678","67931426","2026-09-21 11:00:28.000","[PREMIUM]","371","WI - MILWAUKEE SOUTH","2026-09-21","MONDAY","1200","CDT","3327","V",2008,"GMC","ENVOY","ENVOY","4DR SPORT UTILITY","GRAY","FRONT END","SIDE","WI","BP","YES","D",157912,"E","[PREMIUM]",5274.73,"4.2L 6","4X4 W/REAR WHEEL DRV","AUTOMATIC","GAS                           ",6,"Run & Drive Verified","Pure Sale","[PREMIUM]",,"FRANKLIN","WI","53132","USA","USD","[PREMIUM]","[PREMIUM]","D010",false,"[PREMIUM]",,false,false,"[PREMIUM]",,,,,,,,"[PREMIUM]"
"67603746","2026-09-16 23:14:40.221","2026-09-27 21:40:08.753","67603746","2026-09-22 16:06:09.000","[PREMIUM]","371","WI - MILWAUKEE SOUTH","2026-09-28","MONDAY","1200","CDT","0","R",1963,"AZXL","TRAVEL TRA","TRAVEL TRA",,"SILVER","TOP/ROOF","MISSING/ALTERED VIN","WI","BP","EXM","E",0,"E","[PREMIUM]",18352,,,,,,"DEFAULT","On Minimum Bid","[PREMIUM]",,"FRANKLIN","WI","53132","USA","USD","[PREMIUM]","[PREMIUM]","HV003",false,"[PREMIUM]",,false,false,"[PREMIUM]",,,,,,,,"[PREMIUM]"
"67537056","2026-09-16 23:14:40.203","2026-09-21 02:42:55.133","67537056","2026-09-17 14:43:37.000","[PREMIUM]","371","WI - MILWAUKEE SOUTH","2026-09-21","MONDAY","1200","CDT","0","V",2018,"CHRYSLER","PACIFICA","PACIFICA","VAN PASSENGER","GRAY","REAR END","SIDE","WI","BP","YES","D",184226,"A","[PREMIUM]",8584.69,"3.6L 6","FRONT WHEEL DRIVE","AUTOMATIC","FLEXIBLE",6,"Run & Drive Verified","Pure Sale","[PREMIUM]",,"FRANKLIN","WI","53132","USA","USD","[PREMIUM]","[PREMIUM]","1F060",false,"[PREMIUM]","TOURING L PLUS",false,false,"[PREMIUM]",,,,,,,,"[PREMIUM]"
"67542676","2026-09-16 23:14:40.191","2026-09-27 21:40:08.762","67542676","2026-09-22 18:57:20.000","[PREMIUM]","371","WI - MILWAUKEE SOUTH","2026-09-28","MONDAY","1200","CDT","0","V",2019,"GMC","ACADIA","ACADIA","SPORT UTILITY VEHICLE","BLACK","SIDE","FRONT END","WI","CT","YES","D",83137,"A","[PREMIUM]",15718.26,"3.6L 6","ALL WHEEL DRIVE","AUTOMATIC","GAS                           ",6,"Run & Drive Verified","On Minimum Bid","[PREMIUM]",,"FRANKLIN","WI","53132","USA","USD","[PREMIUM]","[PREMIUM]","E010",false,"[PREMIUM]","SLT-1",false,false,"[PREMIUM]",,,,,,,,"[PREMIUM]"
"67332906","2026-09-16 23:14:40.037","2026-09-21 14:43:46.992","67332906","2026-09-21 11:00:28.000","[PREMIUM]","371","WI - MILWAUKEE SOUTH","2026-09-21","MONDAY","1200","CDT","3518","V",2017,"SUBARU","FORESTER","FORESTER","4DR SPORT UTILITY","BURGUNDY","FRONT END","REAR END","WI","BP","YES","S",0,"N","[PREMIUM]",14098,"2.5L 4","ALL WHEEL DRIVE","AUTOMATIC","GAS                           ",4,"Vehicle Starts","Pure Sale","[PREMIUM]",,"FRANKLIN","WI","53132","USA","USD","[PREMIUM]","[PREMIUM]","G040",false,"[PREMIUM]","2.5I PREMIUM",false,false,"[PREMIUM]",,,,,,,,"[PREMIUM]"
"67304846","2026-09-16 23:14:39.902","2026-09-27 20:43:11.557","67304846","2026-09-23 22:42:24.000","[PREMIUM]","371","WI - MILWAUKEE SOUTH","2026-09-28","MONDAY","1200","CDT","0","V",2023,"KIA","NIRO","NIRO","SPORT UTILITY VEHICLE","WHITE","HAIL",,"WI","MS","YES","D",86448,"A","[PREMIUM]",14521.4,"1.6L 4","FRONT WHEEL DRIVE","AUTOMATIC","ELECTRIC AND GAS HYBRID       ",4,"Run & Drive Verified","On Minimum Bid","[PREMIUM]",,"FRANKLIN","WI","53132","USA","USD","[PREMIUM]","[PREMIUM]","J050",false,"[PREMIUM]","EX",false,false,"[PREMIUM]",,,,,,,,"[PREMIUM]"
"67115916","2026-09-16 23:14:39.723","2026-09-21 17:22:21.605","67115916","2026-09-21 11:00:27.000","[PREMIUM]","371","WI - MILWAUKEE SOUTH","2026-09-21","MONDAY","1200","CDT","145","V",2015,"SUBARU","OUTBACK","OUTBACK","4DR SPORT UTILITY","BURGUNDY","UNDERCARRIAGE","REAR END","WI","BP","YES","D",173747,"A","[PREMIUM]",4461,"2.5L 4","ALL WHEEL DRIVE","AUTOMATIC","GAS                           ",4,"Run & Drive Verified","Pure Sale","[PREMIUM]",,"FRANKLIN","WI","53132","USA","USD","[PREMIUM]","[PREMIUM]","C010",false,"[PREMIUM]","2.5I LIMITED",false,false,"[PREMIUM]",,,,,,,,"[PREMIUM]"
"66987176","2026-09-16 23:14:39.598","2026-09-21 19:02:33.683","66987176","2026-09-21 11:00:28.000","[PREMIUM]","371","WI - MILWAUKEE SOUTH","2026-09-21","MONDAY","1200","CDT","2082","V",2022,"NISSAN","ROGUE","ROGUE","SPORT UTILITY VEHICLE","SILVER","SIDE","FRONT END","WI","BP","YES","E",61355,"A","[PREMIUM]",29071,"1.5L 3","ALL WHEEL DRIVE","AUTOMATIC","GAS                           ",3,"DEFAULT","On Minimum Bid","[PREMIUM]",,"FRANKLIN","WI","53132","USA","USD","[PREMIUM]","[PREMIUM]","H040",false,"[PREMIUM]","SL",false,false,"[PREMIUM]",,,,,,,,"[PREMIUM]"
"66798416","2026-09-16 23:14:39.584","2026-09-27 21:40:07.704","66798416","2026-09-22 18:29:55.000","[PREMIUM]","371","WI - MILWAUKEE SOUTH","2026-09-28","MONDAY","1200","CDT","0","V",2014,"NISSAN","MURANO","MURANO","SUV","GRAY","SIDE","REAR END","WI","CT","YES","D",143796,"A","[PREMIUM]",4873.86,"3.5L 6","ALL WHEEL DRIVE","AUTOMATIC","GAS                           ",6,"Run & Drive Verified","Pure Sale","[PREMIUM]",,"FRANKLIN","WI","53132","USA","USD","[PREMIUM]","[PREMIUM]","E030",false,"[PREMIUM]","SL",false,false,"[PREMIUM]",,,,,,,,"[PREMIUM]"
"66792996","2026-09-16 23:14:39.451","2026-09-21 17:22:21.291","66792996","2026-09-21 11:00:28.000","[PREMIUM]","371","WI - MILWAUKEE SOUTH","2026-09-21","MONDAY","1200","CDT","2072","V",2022,"HYUNDAI","TUCSON","TUCSON","SPORT UTILITY VEHICLE","SILVER","REAR END",,"WI","BP","YES","D",135510,"A","[PREMIUM]",20847,"2.5L 4","FRONT WHEEL DRIVE","AUTOMATIC","GAS                           ",4,"Run & Drive Verified","Pure Sale","[PREMIUM]",,"FRANKLIN","WI","53132","USA","USD","[PREMIUM]","[PREMIUM]","C110",false,"[PREMIUM]","LIMITED",false,false,"[PREMIUM]",,,,,,,,"[PREMIUM]"
"66794736","2026-09-16 23:14:39.445","2026-09-21 02:42:54.153","66794736","2026-09-17 14:55:36.000","[PREMIUM]","371","WI - MILWAUKEE SOUTH","2026-09-21","MONDAY","1200","CDT","0","V",2010,"SUBARU","LEGACY","LEGACY","SEDAN 4DR","GRAY","FRONT END",,"WI","BP","NO","E",133642,"E","[PREMIUM]",7359.4,"2.5L 4","ALL WHEEL DRIVE","AUTOMATIC","GAS",4,"DEFAULT","Pure Sale","[PREMIUM]",,"FRANKLIN","WI","53132","USA","USD","[PREMIUM]","[PREMIUM]","1E080",false,"[PREMIUM]","2.5I PREMIUM",false,false,"[PREMIUM]",,,,,,,,"[PREMIUM]"
"66561666","2026-09-16 23:14:39.307","2026-09-27 20:43:10.638","66561666","2026-09-22 16:08:53.000","[PREMIUM]","371","WI - MILWAUKEE SOUTH","2026-09-28","MONDAY","1200","CDT","0","V",2017,"SUBARU","FORESTER","FORESTER","4DR SPORT UTILITY","GREEN","REAR END","SIDE","WI","BP","YES","D",55534,"A","[PREMIUM]",20711,"2.5L 4","ALL WHEEL DRIVE","AUTOMATIC","GAS                           ",4,"Run & Drive Verified","On Minimum Bid","[PREMIUM]",,"FRANKLIN","WI","53132","USA","USD","[PREMIUM]","[PREMIUM]","C020",false,"[PREMIUM]","2.5I PREMIUM",false,false,"[PREMIUM]",,,,,,,,"[PREMIUM]"
"66587396","2026-09-16 23:14:39.289","2026-09-21 15:39:56.190","66587396","2026-09-21 11:00:28.000","[PREMIUM]","371","WI - MILWAUKEE SOUTH","2026-09-21","MONDAY","1200","CDT","3047","V",2016,"SUBARU","IMPREZA","IMPREZA","STATION WAGON","MAROON","FRONT END",,"WI","BP","NO","E",0,"N","[PREMIUM]",14671.92,"2.0L 4","ALL WHEEL DRIVE","AUTOMATIC","GAS                           ",4,"DEFAULT","Pure Sale","[PREMIUM]",,"FRANKLIN","WI","53132","USA","USD","[PREMIUM]","[PREMIUM]","B020",false,"[PREMIUM]","SPORT LIMITED",false,false,"[PREMIUM]",,,,,,,,"[PREMIUM]"
"66598506","2026-09-16 23:14:39.277","2026-09-27 21:40:07.524","66598506","2026-09-22 18:58:20.000","[PREMIUM]","371","WI - MILWAUKEE SOUTH","2026-09-28","MONDAY","1200","CDT","0","V",2017,"CHEVROLET","MALIBU","MALIBU","SEDAN 4DR","BLUE","REAR END",,"WI","CT","YES","D",147788,"A","[PREMIUM]",6514.87,"1.5L 4","FRONT WHEEL DRIVE","AUTOMATIC","GAS                           ",4,"Run & Drive Verified","Pure Sale","[PREMIUM]",,"FRANKLIN","WI","53132","USA","USD","[PREMIUM]","[PREMIUM]","D020",false,"[PREMIUM]","LT",false,false,"[PREMIUM]",,,,,,,,"[PREMIUM]"
"66489856","2026-09-16 23:14:39.191","2026-09-21 13:02:00.845","66489856","2026-09-21 11:00:28.000","[PREMIUM]","371","WI - MILWAUKEE SOUTH","2026-09-21","MONDAY","1200","CDT","3021","V",2005,"TOYOTA","HIGHLANDER","HIGHLANDER","SUV","SILVER","BURN - INTERIOR","REAR END","WI","BP","YES","E",0,"E","[PREMIUM]",6254.41,"3.3L 6","ALL WHEEL DRIVE","AUTOMATIC","GAS                           ",6,"DEFAULT","Pure Sale","[PREMIUM]",,"FRANKLIN","WI","53132","USA","USD","[PREMIUM]","[PREMIUM]","F050",false,"[PREMIUM]","LIMITED",false,false,"[PREMIUM]",,,,,,,,"[PREMIUM]"
"66488826","2026-09-16 23:14:39.165","2026-09-21 01:05:06.096","66488826","2026-09-17 14:38:06.000","[PREMIUM]","371","WI - MILWAUKEE SOUTH","2026-09-21","MONDAY","1200","CDT","0","V",2016,"FORD","EDGE","EDGE","4DR SPORT UTILITY","BLUE","SIDE",,"WI","BP","YES","D",169918,"A","[PREMIUM]",8061,"2.7L 6","ALL WHEEL DRIVE","AUTOMATIC","GAS                           ",6,"Run & Drive Verified","Pure Sale","[PREMIUM]",,"FRANKLIN","WI","53132","USA","USD","[PREMIUM]","[PREMIUM]","C010",false,"[PREMIUM]","SPORT",false,false,"[PREMIUM]",,,,,,,,"[PREMIUM]"
"66419116","2026-09-16 23:14:39.152","2026-09-21 14:43:45.611","66419116","2026-09-21 11:00:28.000","[PREMIUM]","371","WI - MILWAUKEE SOUTH","2026-09-21","MONDAY","1200","CDT","3055","V",2015,"HONDA","PILOT","PILOT","4DR SPORT UTILITY","SILVER","FRONT END","SIDE","WI","BP","YES","E",122119,"A","[PREMIUM]",30370.56,"3.5L 6","ALL WHEEL DRIVE","AUTOMATIC","GAS                           ",6,"DEFAULT","Pure Sale","[PREMIUM]",,"FRANKLIN","WI","53132","USA","USD","[PREMIUM]","[PREMIUM]","C080",false,"[PREMIUM]","EXL",false,false,"[PREMIUM]",,,,,,,,"[PREMIUM]"
"66417066","2026-09-16 23:14:39.123","2026-09-21 14:43:45.595","66417066","2026-09-21 11:00:27.000","[PREMIUM]","371","WI - MILWAUKEE SOUTH","2026-09-21","MONDAY","1200","CDT","27","V",2014,"NISSAN","ROGUE","ROGUE SELECT","4DR SPORT UTILITY","SILVER","FRONT END","SIDE","WI","BP","YES","D",57027,"A","[PREMIUM]",8390,"2.5L 4","FRONT WHEEL DRIVE","AUTOMATIC","GAS                           ",4,"Run & Drive Verified","Pure Sale","[PREMIUM]",,"FRANKLIN","WI","53132","USA","USD","[PREMIUM]","[PREMIUM]","B040",false,"[PREMIUM]","S",false,false,"[PREMIUM]",,,,,,,,"[PREMIUM]"
"66204656","2026-09-16 23:14:38.836","2026-09-27 21:40:07.234","66204656","2026-09-22 18:58:50.000","[PREMIUM]","371","WI - MILWAUKEE SOUTH","2026-09-28","MONDAY","1200","CDT","0","V",2016,"JEEP","COMPASS","COMPASS","4DR SPORT UTILITY","BLUE","SIDE","FRONT END","WI","CT","YES","D",99111,"A","[PREMIUM]",4849.68,"2.4L 4","4X4 W/FRONT WHL DRV","AUTOMATIC","GAS                           ",4,"Run & Drive Verified","Pure Sale","[PREMIUM]",,"FRANKLIN","WI","53132","USA","USD","[PREMIUM]","[PREMIUM]","B020",false,"[PREMIUM]","SPORT",false,false,"[PREMIUM]",,,,,,,,"[PREMIUM]"
"66050396","2026-09-16 23:14:38.561","2026-09-21 02:42:52.808","66050396","2026-09-17 17:32:45.000","[PREMIUM]","371","WI - MILWAUKEE SOUTH","2026-09-21","MONDAY","1200","CDT","0","V",2014,"HONDA","ACCORD","ACCORD","SEDAN 4DR","SILVER","FRONT END",,"WI","CT","YES","D",82813,"A","[PREMIUM]",11218.28,"2.4L 4","FRONT WHEEL DRIVE","AUTOMATIC","GAS",4,"Run & Drive Verified","Pure Sale","[PREMIUM]",,"FRANKLIN","WI","53132","USA","USD","[PREMIUM]","[PREMIUM]","1C040",false,"[PREMIUM]","LX",false,false,"[PREMIUM]",,,,,,,,"[PREMIUM]"
"66068436","2026-09-16 23:14:38.554","2026-09-27 20:43:09.973","66068436","2026-09-23 17:59:52.000","[PREMIUM]","371","WI - MILWAUKEE SOUTH","2026-09-28","MONDAY","1200","CDT","0","V",2019,"DODGE","CHALLENGER","CHALLENGER","COUPE","WHITE","FRONT END",,"WI","CT","YES","E",79274,"A","[PREMIUM]",11800.11,"3.6L 6","ALL WHEEL DRIVE","AUTOMATIC","FLEXIBLE                      ",6,"DEFAULT","On Minimum Bid","[PREMIUM]",,"FRANKLIN","WI","53132","USA","USD","[PREMIUM]","[PREMIUM]","F030",false,"[PREMIUM]","GT",false,false,"[PREMIUM]",,,,,,,,"[PREMIUM]"
"65929136","2026-09-16 23:14:38.551","2026-09-21 15:39:55.035","65929136","2026-09-21 11:00:27.000","[PREMIUM]","371","WI - MILWAUKEE SOUTH","2026-09-21","MONDAY","1200","CDT","153","V",2026,"CHEVROLET","EQUINOX","EQUINOX","SPORT UTILITY VEHICLE","WHITE","REAR END",,"WI","SC","YES","D",3565,"A","[PREMIUM]",23833,"1.5L 4","ALL WHEEL DRIVE","AUTOMATIC","GAS                           ",4,"Run & Drive Verified","On Minimum Bid","[PREMIUM]",,"FRANKLIN","WI","53132","USA","USD","[PREMIUM]","[PREMIUM]","J020",false,"[PREMIUM]","LT",false,false,"[PREMIUM]",,,,,,,,"[PREMIUM]"
"65828626","2026-09-16 23:14:38.441","2026-09-27 20:43:09.691","65828626","2026-09-23 17:59:51.000","[PREMIUM]","371","WI - MILWAUKEE SOUTH","2026-09-28","MONDAY","1200","CDT","0","V",2015,"TOYOTA","SIENNA","SIENNA","MINI-VAN","SILVER","REAR END",,"WI","CT","YES","D",193828,"A","[PREMIUM]",7846.37,"3.5L 6","ALL WHEEL DRIVE","AUTOMATIC","GAS                           ",6,"Run & Drive Verified","Pure Sale","[PREMIUM]",,"FRANKLIN","WI","53132","USA","USD","[PREMIUM]","[PREMIUM]","G010",false,"[PREMIUM]","LIMITED PREMIUM 7-PASSENGER",false,false,"[PREMIUM]",,,,,,,,"[PREMIUM]"
"65488996","2026-09-16 23:14:38.248","2026-09-21 02:42:52.110","65488996","2026-09-17 16:09:08.000","[PREMIUM]","371","WI - MILWAUKEE SOUTH","2026-09-21","MONDAY","1200","CDT","0","V",2024,"GENESIS","ALL OTHER","GV70","SUV","WHITE","REAR END","FRONT END","WI","SC","YES","D",22856,"A","[PREMIUM]",28175.87,"2.5L 4","ALL WHEEL DRIVE","AUTOMATIC","GAS",4,"Run & Drive Verified","On Minimum Bid","[PREMIUM]",,"FRANKLIN","WI","53132","USA","USD","[PREMIUM]","[PREMIUM]","1F060",false,"[PREMIUM]","2.5T STANDARD",false,false,"[PREMIUM]",,,,,,,,"[PREMIUM]"
"65050576","2026-09-16 23:14:37.717","2026-09-21 02:42:51.390","65050576","2026-09-17 15:54:37.000","[PREMIUM]","371","WI - MILWAUKEE SOUTH","2026-09-21","MONDAY","1200","CDT","0","V",2022,"VOLKSWAGEN","TIGUAN","TIGUAN","SPORT UTILITY VEHICLE","GRAY","SIDE",,"WI","SC","YES","D",75928,"A","[PREMIUM]",15591.88,"2.0L 4","ALL WHEEL DRIVE","AUTOMATIC","GAS",4,"Run & Drive Verified","On Minimum Bid","[PREMIUM]",,"FRANKLIN","WI","53132","USA","USD","[PREMIUM]","[PREMIUM]","1B070",false,"[PREMIUM]","SE",false,false,"[PREMIUM]",,,,,,,,"[PREMIUM]"
"64941736","2026-09-16 23:14:37.579","2026-09-27 21:40:05.762","64941736","2026-09-22 18:59:50.000","[PREMIUM]","371","WI - MILWAUKEE SOUTH","2026-09-28","MONDAY","1200","CDT","0","V",2012,"FORD","F350","F350","CREW PICKUP","GREEN","FRONT END","SIDE","WI","CT","YES","E",194482,"A","[PREMIUM]",15043.15,"6.7L 8","4X4 W/REAR WHEEL DRV","AUTOMATIC","DIESEL                        ",8,"DEFAULT","On Minimum Bid","[PREMIUM]",,"FRANKLIN","WI","53132","USA","USD","[PREMIUM]","[PREMIUM]","B100",false,"[PREMIUM]","SUPER DUTY",false,false,"[PREMIUM]",,,,,,,,"[PREMIUM]"
"64923356","2026-09-16 23:14:37.574","2026-09-27 21:40:05.747","64923356","2026-09-22 18:56:20.000","[PREMIUM]","371","WI - MILWAUKEE SOUTH","2026-09-28","MONDAY","1200","CDT","0","V",2014,"SUBARU","XV","XV CROSSTREK","4DR SPORT UTILITY","GRAY","SIDE","UNDERCARRIAGE","WI","CT","YES","E",66313,"A","[PREMIUM]",6194.37,"2.0L 4","ALL WHEEL DRIVE","AUTOMATIC","GAS                           ",4,"DEFAULT","Pure Sale","[PREMIUM]",,"FRANKLIN","WI","53132","USA","USD","[PREMIUM]","[PREMIUM]","B030",false,"[PREMIUM]","2.0 LIMITED",false,false,"[PREMIUM]",,,,,,,,"[PREMIUM]"
"64824416","2026-09-16 23:14:37.537","2026-09-27 20:43:08.826","64824416","2026-09-22 16:16:27.000","[PREMIUM]","371","WI - MILWAUKEE SOUTH","2026-09-28","MONDAY","1200","CDT","0","V",2018,"ACURA","ILX","ILX","SEDAN","GRAY","SIDE","FRONT END","WI","BP","YES","D",70319,"A","[PREMIUM]",22365,"2.4L 4","FRONT WHEEL DRIVE","AUTOMATIC","GAS                           ",4,"Run & Drive Verified","On Minimum Bid","[PREMIUM]",,"FRANKLIN","WI","53132","USA","USD","[PREMIUM]","[PREMIUM]","C040",false,"[PREMIUM]","SPECIAL EDITION",false,false,"[PREMIUM]",,,,,,,,"[PREMIUM]"
"64613006","2026-09-16 23:14:37.233","2026-09-29 08:41:23.455","64613006","2026-09-27 18:36:49.000","[PREMIUM]","371","WI - MILWAUKEE SOUTH",,,,"CDT","0","V",2015,"HONDA","ACCORD","ACCORD","SEDAN 4DR","GRAY","FRONT END",,"IN","ST","YES","D",112669,"A","[PREMIUM]",11495.22,"2.4L 4","FRONT WHEEL DRIVE","AUTOMATIC","GAS",4,"Run & Drive Verified","Pure Sale","[PREMIUM]",,"FRANKLIN","WI","53132","USA","USD","[PREMIUM]","[PREMIUM]","A020",false,"[PREMIUM]","LX",false,false,"[PREMIUM]",,,,,,,,"[PREMIUM]"
"64491926","2026-09-16 23:14:37.103","2026-09-27 21:40:05.372","64491926","2026-09-23 22:58:37.000","[PREMIUM]","371","WI - MILWAUKEE SOUTH","2026-09-28","MONDAY","1200","CDT","0","V",2012,"FORD","EDGE","EDGE","4DR SPORT UTILITY","GRAY","FRONT END",,"WI","CT","YES","D",99173,"A","[PREMIUM]",5024.04,"3.5L 6","ALL WHEEL DRIVE","AUTOMATIC","GAS                           ",6,"Run & Drive Verified","Pure Sale","[PREMIUM]",,"FRANKLIN","WI","53132","USA","USD","[PREMIUM]","[PREMIUM]","D110",false,"[PREMIUM]","LIMITED",false,false,"[PREMIUM]",,,,,,,,"[PREMIUM]"
"64198826","2026-09-16 23:14:36.943","2026-09-27 20:43:08.233","64198826","2026-09-22 16:20:57.000","[PREMIUM]","371","WI - MILWAUKEE SOUTH","2026-09-28","MONDAY","1200","CDT","0","V",1999,"PONTIAC","TRANS AM T","FIREBIRD","HATCHBACK 2DR","RED","FRONT END","UNDERCARRIAGE","WI","CT","YES","E",80094,"E","[PREMIUM]",6000,"5.7L 8","REAR WHEEL DRIVE","AUTOMATIC","GAS                           ",8,"DEFAULT","On Minimum Bid","[PREMIUM]",,"FRANKLIN","WI","53132","USA","USD","[PREMIUM]","[PREMIUM]","I020",false,"[PREMIUM]","FORMULA",false,false,"[PREMIUM]",,,,,,,,"[PREMIUM]"
"64232706","2026-09-16 23:14:36.890","2026-09-27 21:40:05.166","64232706","2026-09-22 18:56:50.000","[PREMIUM]","371","WI - MILWAUKEE SOUTH","2026-09-28","MONDAY","1200","CDT","0","V",2013,"DODGE","CARAVAN","GRAND CARAVAN","SPORTS VAN","TAN","REAR END","SIDE","WI","CT","YES","D",158753,"A","[PREMIUM]",2205.21,"3.6L 6","FRONT WHEEL DRIVE","AUTOMATIC","FLEXIBLE                      ",6,"Run & Drive Verified","Pure Sale","[PREMIUM]",,"FRANKLIN","WI","53132","USA","USD","[PREMIUM]","[PREMIUM]","C090",false,"[PREMIUM]","CREW",false,false,"[PREMIUM]",,,,,,,,"[PREMIUM]"
"63781056","2026-09-16 23:14:36.477","2026-09-21 02:42:49.770","63781056","2026-09-18 20:28:53.000","[PREMIUM]","371","WI - MILWAUKEE SOUTH","2026-09-21","MONDAY","1200","CDT","0","V",2015,"GMC","TERRAIN","TERRAIN","4DR SPORT UTILITY","GRAY","FRONT END",,"WI","CT","YES","D",165418,"A","[PREMIUM]",4741.08,"3.6L 6","FRONT WHEEL DRIVE","AUTOMATIC","GAS",6,"Run & Drive Verified","Pure Sale","[PREMIUM]",,"FRANKLIN","WI","53132","USA","USD","[PREMIUM]","[PREMIUM]","1E050",false,"[PREMIUM]","SLE",false,false,"[PREMIUM]",,,,,,,,"[PREMIUM]"
"63755546","2026-09-16 23:14:36.350","2026-09-21 15:39:52.477","63755546","2026-09-21 11:00:28.000","[PREMIUM]","371","WI - MILWAUKEE SOUTH","2026-09-21","MONDAY","1200","CDT","3072","V",2012,"CHEVROLET","SONIC","SONIC","HATCHBACK 4DR","BLACK","REAR END",,"WI","BP","YES","E",132287,"A","[PREMIUM]",5483.25,"1.8L 4","FRONT WHEEL DRIVE","AUTOMATIC","GAS                           ",4,"DEFAULT","Pure Sale","[PREMIUM]",,"FRANKLIN","WI","53132","USA","USD","[PREMIUM]","[PREMIUM]","D010",false,"[PREMIUM]","LT",false,false,"[PREMIUM]",,,,,,,,"[PREMIUM]"
"63731876","2026-09-16 23:14:36.336","2026-09-21 17:22:17.463","63731876","2026-09-21 11:00:27.000","[PREMIUM]","371","WI - MILWAUKEE SOUTH","2026-09-21","MONDAY","1200","CDT","662","A",2013,"POLARIS","SIDEBYSIDE","RANGER","ALL TERRAIN","BLUE","BURN - ENGINE",,"WI","BS","YES",,0,"N","[PREMIUM]",6565.54,"2",,"AUTOMATIC",,2,,"Pure Sale","[PREMIUM]",,"FRANKLIN","WI","53132","USA","USD","[PREMIUM]","[PREMIUM]","MC001",false,"[PREMIUM]","800 CREW EPS",false,false,"[PREMIUM]",,,,,,,,"[PREMIUM]"
"63690726","2026-09-16 23:14:36.311","2026-09-21 02:42:49.609","63690726","2026-09-17 14:45:36.000","[PREMIUM]","371","WI - MILWAUKEE SOUTH","2026-09-21","MONDAY","1200","CDT","0","V",2006,"CHEVROLET","ALL Models","SILVERADO","4DR EXT CAB PICKUP","WHITE","FRONT END",,"WI","BP","YES","S",193068,"E","[PREMIUM]",5838.01,"5.3L 8","4X4 W/REAR WHEEL DRV","AUTOMATIC","GAS",8,"Vehicle Starts","Pure Sale","[PREMIUM]",,"FRANKLIN","WI","53132","USA","USD","[PREMIUM]","[PREMIUM]","1D010",false,"[PREMIUM]","K1500",false,false,"[PREMIUM]",,,,,,,,"[PREMIUM]"
"63699676","2026-09-16 23:14:36.311","2026-09-27 21:40:04.723","63699676","2026-09-22 18:59:51.000","[PREMIUM]","371","WI - MILWAUKEE SOUTH","2026-09-28","MONDAY","1200","CDT","0","V",2011,"KIA","OPTIMA","OPTIMA","SEDAN","SILVER","FRONT END","SIDE","WI","CT","YES","D",16875,"A","[PREMIUM]",1716.67,"2.4L 4","FRONT WHEEL DRIVE","AUTOMATIC","GAS                           ",4,"Run & Drive Verified","Pure Sale","[PREMIUM]",,"FRANKLIN","WI","53132","USA","USD","[PREMIUM]","[PREMIUM]","D090",false,"[PREMIUM]","LX",false,false,"[PREMIUM]",,,,,,,,"[PREMIUM]"
"63674306","2026-09-16 23:14:36.145","2026-09-28 19:03:39.289","63674306","2026-09-28 11:00:24.000","[PREMIUM]","371","WI - MILWAUKEE SOUTH","2026-09-28","MONDAY","1200","CDT","78","V",2018,"FORD","EDGE","EDGE","SPORT UTILITY VEHICLE","BURGUNDY","FRONT END","SIDE","IA","ST","YES","D",117456,"A","[PREMIUM]",11687,"2.0L 4","ALL WHEEL DRIVE","AUTOMATIC","GAS                           ",4,"Run & Drive Verified","Pure Sale","[PREMIUM]",,"FRANKLIN","WI","53132","USA","USD","[PREMIUM]","[PREMIUM]","D070",false,"[PREMIUM]","TITANIUM",false,false,"[PREMIUM]",,,,,,,,"[PREMIUM]"
"63595736","2026-09-16 23:14:36.144","2026-09-21 14:43:42.170","63595736","2026-09-21 11:00:27.000","[PREMIUM]","371","WI - MILWAUKEE SOUTH","2026-09-21","MONDAY","1200","CDT","2017","V",2023,"KIA","SORENTO","SORENTO","SPORT UTILITY VEHICLE","WHITE","FRONT END",,"WI","BP","YES","D",69230,"A","[PREMIUM]",33565,"1.6L 4","ALL WHEEL DRIVE","AUTOMATIC","ELECTRIC AND GAS HYBRID       ",4,"Run & Drive Verified","Pure Sale","[PREMIUM]",,"FRANKLIN","WI","53132","USA","USD","[PREMIUM]","[PREMIUM]","F030",false,"[PREMIUM]","SXP",false,false,"[PREMIUM]",,,,,,,,"[PREMIUM]"
"63244116","2026-09-16 23:14:35.906","2026-09-27 20:43:07.593","63244116","2026-09-19 15:52:16.000","[PREMIUM]","371","WI - MILWAUKEE SOUTH","2026-09-28","MONDAY","1200","CDT","0","V",2025,"KIA","TELLURIDE","TELLURIDE","SUV","BLACK","REAR END","FRONT END","WI","SC","YES","D",2787,"A","[PREMIUM]",38888.81,"3.8L 6","ALL WHEEL DRIVE","AUTOMATIC","GAS                           ",6,"Run & Drive Verified","On Minimum Bid","[PREMIUM]",,"FRANKLIN","WI","53132","USA","USD","[PREMIUM]","[PREMIUM]","I040",false,"[PREMIUM]","SX-PRESTIGE X-LINE",false,false,"[PREMIUM]",,,,,,,,"[PREMIUM]"
"62782316","2026-09-16 23:14:35.769","2026-09-21 02:42:48.849","62782316","2026-09-17 19:55:16.000","[PREMIUM]","371","WI - MILWAUKEE SOUTH","2026-09-21","MONDAY","1200","CDT","0","V",2017,"JEEP","GRAND CHER","GRAND CHEROKEE","4DR SPORT UTILITY","GRAY","FRONT END","MINOR DENT/SCRATCHES","WI","CT","YES","D",124831,"A","[PREMIUM]",9375.41,"3.6L 6","4X4 W/REAR WHEEL DRV","AUTOMATIC","FLEXIBLE",6,"Run & Drive Verified","Pure Sale","[PREMIUM]",,"FRANKLIN","WI","53132","USA","USD","[PREMIUM]","[PREMIUM]","1E050",false,"[PREMIUM]","LIMITED",false,false,"[PREMIUM]",,,,,,,,"[PREMIUM]"
"62326366","2026-09-16 23:14:35.440","2026-09-21 02:42:48.459","62326366","2026-09-17 15:18:12.000","[PREMIUM]","371","WI - MILWAUKEE SOUTH","2026-09-21","MONDAY","1200","CDT","0","V",2018,"FORD","F150","F150","PICKUP","WHITE","VANDALISM",,"WI","BP","YES","D",199369,"A","[PREMIUM]",16164.92,"3.5L 6","4X4 W/REAR WHEEL DRV","AUTOMATIC","GAS",6,"Run & Drive Verified","Pure Sale","[PREMIUM]",,"FRANKLIN","WI","53132","USA","USD","[PREMIUM]","[PREMIUM]","1D020",false,"[PREMIUM]","SUPERCREW",false,false,"[PREMIUM]",,,,,,,,"[PREMIUM]"
"62107296","2026-09-16 23:14:35.268","2026-09-27 20:43:06.990","62107296","2026-09-19 14:33:16.000","[PREMIUM]","371","WI - MILWAUKEE SOUTH","2026-09-28","MONDAY","1200","CDT","0","V",2026,"MERCEDES-BENZ","GLE-CLASS","GLE","SPORT UTILITY VEHICLE","BLUE","FRONT END","TOP/ROOF","FL","RB","YES","D",991,"A","[PREMIUM]",27332.53,"3.0L 6","ALL WHEEL DRIVE","AUTOMATIC","GAS                           ",6,"Run & Drive Verified","On Minimum Bid","[PREMIUM]",,"FRANKLIN","WI","53132","USA","USD","[PREMIUM]","[PREMIUM]","E020",false,"[PREMIUM]","450 4MATIC",false,false,"[PREMIUM]",,,,,,,,"[PREMIUM]"
"60638326","2026-09-16 23:14:34.766","2026-09-29 08:41:22.717","60638326","2026-09-16 22:07:03.000","[PREMIUM]","371","WI - MILWAUKEE SOUTH",,,,"CDT","0","V",2011,"NISSAN","PATHFINDER","PATHFINDER","SUV","SILVER","FRONT END","REAR END","IL","SC","YES","E",229326,"A","[PREMIUM]",2818,"4.0L 6","FOUR BY FOUR","AUTOMATIC","GAS",6,"DEFAULT","Pure Sale","[PREMIUM]",,"FRANKLIN","WI","53132","USA","USD","[PREMIUM]","[PREMIUM]","E010",false,"[PREMIUM]","S",false,false,"[PREMIUM]",,,,,,,,"[PREMIUM]"
"60603765","2026-09-16 23:14:34.745","2026-09-27 21:40:03.298","60603765","2026-09-22 16:05:53.000","[PREMIUM]","371","WI - MILWAUKEE SOUTH","2026-09-28","MONDAY","1200","CDT","0","U",2004,"INTERNATIONAL","4000 SERIE","4000","CONVENTIONAL CAB","RED","ROLLOVER",,"WI","BP","NO","E",0,"E","[PREMIUM]",23833,"6","REAR WHEEL DRIVE","AUTOMATIC","DIESEL                        ",6,"DEFAULT","On Minimum Bid","[PREMIUM]",,"FRANKLIN","WI","53132","USA","USD","[PREMIUM]","[PREMIUM]","HV004",false,"[PREMIUM]","4300",false,false,"[PREMIUM]",,,,,,,,"[PREMIUM]"
"60456536","2026-09-16 23:14:34.736","2026-09-28 15:40:54.095","60456536","2026-09-28 13:16:31.000","[PREMIUM]","371","WI - MILWAUKEE SOUTH","2026-09-28","MONDAY","1200","CDT","85","V",2021,"CHEVROLET","BLAZER","BLAZER","SPORT UTILITY VEHICLE","RED","SIDE","FRONT END","WI","SC","YES","D",89233,"A","[PREMIUM]",12136,"2.0L 4","FRONT WHEEL DRIVE","AUTOMATIC","GAS                           ",4,"Run & Drive Verified","On Minimum Bid","[PREMIUM]",,"FRANKLIN","WI","53132","USA","USD","[PREMIUM]","[PREMIUM]","D020",false,"[PREMIUM]","2LT",false,false,"[PREMIUM]",,,,,,,,"[PREMIUM]"
"60308806","2026-09-16 23:14:34.644","2026-09-21 17:22:15.110","60308806","2026-09-21 11:00:28.000","[PREMIUM]","371","WI - MILWAUKEE SOUTH","2026-09-21","MONDAY","1200","CDT","3032","V",2014,"BUICK","ENCORE","ENCORE","4DR SPORT UTILITY","BURGUNDY","FRONT END","REAR END","WI","BP","YES","E",83809,"A","[PREMIUM]",8720,"1.4L 4","FRONT WHEEL DRIVE","AUTOMATIC","GAS                           ",4,"DEFAULT","Pure Sale","[PREMIUM]",,"FRANKLIN","WI","53132","USA","USD","[PREMIUM]","[PREMIUM]","D020",false,"[PREMIUM]","CONVENIENCE",false,false,"[PREMIUM]",,,,,,,,"[PREMIUM]"
"59323726","2026-09-16 23:14:34.494","2026-09-21 13:01:54.876","59323726","2026-09-21 11:00:28.000","[PREMIUM]","371","WI - MILWAUKEE SOUTH","2026-09-21","MONDAY","1200","CDT","3089","V",2018,"CHEVROLET","MALIBU","MALIBU","SEDAN","SILVER","BURN - ENGINE",,"WI","BP","EXM","E",0,"N","[PREMIUM]",8842,"1.5L 4","FRONT WHEEL DRIVE","AUTOMATIC","GAS                           ",4,"DEFAULT","Pure Sale","[PREMIUM]",,"FRANKLIN","WI","53132","USA","USD","[PREMIUM]","[PREMIUM]","F110",false,"[PREMIUM]","LT",false,false,"[PREMIUM]",,,,,,,,"[PREMIUM]"
"58389526","2026-09-16 23:14:34.165","2026-09-21 19:02:28.449","58389526","2026-09-21 11:00:28.000","[PREMIUM]","371","WI - MILWAUKEE SOUTH","2026-09-21","MONDAY","1200","CDT","2327","V",2012,"DODGE","CARAVAN","GRAND CARAVAN","SPORTS VAN","WHITE","FRONT END",,"WI","BP","YES","D",184997,"A","[PREMIUM]",2778,"3.6L 6","FRONT WHEEL DRIVE","AUTOMATIC","FLEXIBLE                      ",6,"Run & Drive Verified","Pure Sale","[PREMIUM]",,"FRANKLIN","WI","53132","USA","USD","[PREMIUM]","[PREMIUM]","B030",false,"[PREMIUM]","SE",false,false,"[PREMIUM]",,,,,,,,"[PREMIUM]"
"56360156","2026-09-16 23:14:33.903","2026-09-27 20:43:05.312","56360156","2026-09-19 14:28:16.000","[PREMIUM]","371","WI - MILWAUKEE SOUTH","2026-09-28","MONDAY","1200","CDT","0","V",2005,"FORD","FOCUS","FOCUS","SEDAN 4DR","BEIGE","FRONT END",,"WI","BP","YES","E",88541,"E","[PREMIUM]",6745.63,"2.0L 4","FRONT WHEEL DRIVE","AUTOMATIC","GAS                           ",4,"DEFAULT","Pure Sale","[PREMIUM]",,"FRANKLIN","WI","53132","USA","USD","[PREMIUM]","[PREMIUM]","D010",false,"[PREMIUM]","ZX4",false,false,"[PREMIUM]",,,,,,,,"[PREMIUM]"
"56884886","2026-09-16 23:14:33.896","2026-09-21 02:42:45.972","56884886","2026-09-17 19:55:17.000","[PREMIUM]","371","WI - MILWAUKEE SOUTH","2026-09-21","MONDAY","1200","CDT","0","V",2017,"CHEVROLET","CRUZE","CRUZE","SEDAN 4DR","BLACK","UNDERCARRIAGE",,"WI","CT","YES","D",122349,"A","[PREMIUM]",2518.25,"1.4L 4","FRONT WHEEL DRIVE","AUTOMATIC","GAS",4,"Run & Drive Verified","Pure Sale","[PREMIUM]",,"FRANKLIN","WI","53132","USA","USD","[PREMIUM]","[PREMIUM]","A010",false,"[PREMIUM]","LT",false,false,"[PREMIUM]",,,,,,,,"[PREMIUM]"
"51764456","2026-09-16 23:14:33.460","2026-09-27 21:40:01.805","51764456","2026-09-22 18:21:20.000","[PREMIUM]","371","WI - MILWAUKEE SOUTH","2026-09-28","MONDAY","1200","CDT","0","V",2011,"FORD","EDGE","EDGE","4DR SPORT UTILITY","BROWN","REAR END",,"WI","BP","YES","E",256461,"N","[PREMIUM]",3483,"3.5L 6","FRONT WHEEL DRIVE","AUTOMATIC","GAS                           ",6,"DEFAULT","Pure Sale","[PREMIUM]",,"FRANKLIN","WI","53132","USA","USD","[PREMIUM]","[PREMIUM]","E030",false,"[PREMIUM]","SEL",false,false,"[PREMIUM]",,,,,,,,"[PREMIUM]"
"49261366","2026-09-16 23:14:33.214","2026-09-27 21:40:01.675","49261366","2026-09-22 18:57:20.000","[PREMIUM]","371","WI - MILWAUKEE SOUTH","2026-09-28","MONDAY","1200","CDT","0","V",2025,"JEEP","COMPASS","COMPASS","SPORT UTILITY VEHICLE","SILVER","SIDE","REAR END","WI","CT","YES","D",6723,"A","[PREMIUM]",5212.3,"2.0L 4","4X4 W/FRONT WHL DRV","AUTOMATIC","GAS                           ",4,"Run & Drive Verified","On Minimum Bid","[PREMIUM]",,"FRANKLIN","WI","53132","USA","USD","[PREMIUM]","[PREMIUM]","C080",false,"[PREMIUM]","LATITUDE",false,false,"[PREMIUM]",,,,,,,,"[PREMIUM]"
"46108546","2026-09-16 23:14:33.006","2026-09-21 17:22:12.608","46108546","2026-09-21 11:00:28.000","[PREMIUM]","371","WI - MILWAUKEE SOUTH","2026-09-21","MONDAY","1200","CDT","3329","V",2007,"CHRYSLER","MINIVAN","TOWN & COUNTRY","EXTENDED SPORT VAN","SILVER","REAR END","FRONT END","WI","BP","YES","D",267949,"E","[PREMIUM]",800,"3.3L 6","FRONT WHEEL DRIVE","AUTOMATIC","GAS                           ",6,"Run & Drive Verified","Pure Sale","[PREMIUM]",,"FRANKLIN","WI","53132","USA","USD","[PREMIUM]","[PREMIUM]","D030",false,"[PREMIUM]","LX",false,false,"[PREMIUM]",,,,,,,,"[PREMIUM]"
"46045846","2026-09-16 23:14:32.991","2026-09-29 08:41:21.468","46045846","2026-09-18 19:13:07.000","[PREMIUM]","371","WI - MILWAUKEE SOUTH",,,,"CDT","0","V",2014,"FORD","FUSION","FUSION","SEDAN 4DR","WHITE","FRONT END",,"WI","CT","YES","D",96391,"A","[PREMIUM]",4603.98,"2.5L 4","FRONT WHEEL DRIVE","AUTOMATIC","GAS",4,"Run & Drive Verified","Pure Sale","[PREMIUM]",,"FRANKLIN","WI","53132","USA","USD","[PREMIUM]","[PREMIUM]","F060",false,"[PREMIUM]","SE",false,false,"[PREMIUM]",,,,,,,,"[PREMIUM]"
"67802596","2026-09-16 23:14:31.590","2026-09-29 08:41:19.019","67802596","2026-09-16 22:09:56.000","[PREMIUM]","370","IN - DYER",,,,"CDT","0","V",2018,"MITSUBISHI","OUTLANDER","OUTLANDER SPORT","SPORT UTILITY VEHICLE","WHITE","FRONT END",,"IN","ST","YES","D",111003,"A","[PREMIUM]",7183.76,"2.0L 4","ALL WHEEL DRIVE","AUTOMATIC","GAS",4,"Run & Drive Verified","Pure Sale","[PREMIUM]",,"DYER","IN","46311","USA","USD","[PREMIUM]","[PREMIUM]","REC",false,"[PREMIUM]","ES",false,false,"[PREMIUM]",,,,,,,,"[PREMIUM]"
"64971626","2026-09-16 23:14:25.934","2026-09-24 03:39:37.404","64971626","2026-09-21 15:05:44.000","[PREMIUM]","836","HEAVY TRUCK SPECIALTY SALE","2026-09-24","THURSDAY","1100","CDT","0","R",2017,"JAYCO","ALL Models","JAY FLIGHT",,"WHITE","TOP/ROOF",,"FL","RB","NO","E",0,"N","[PREMIUM]",13017,,,,,,"DEFAULT","Pure Sale","[PREMIUM]",,"DYER","IN","46311","USA","USD","[PREMIUM]","[PREMIUM]","HV012",false,"[PREMIUM]",,false,false,"[PREMIUM]",,,,,,,,"[PREMIUM]"
"64820816","2026-09-16 23:14:25.927","2026-09-29 08:41:12.079","64820816","2026-09-16 21:56:39.000","[PREMIUM]","370","IN - DYER",,,,"CDT","0","V",2021,"KIA","TELLURIDE","TELLURIDE","SPORT UTILITY VEHICLE","CHARCOAL","FRONT END","SIDE","IN","ST","YES","S",53512,"A","[PREMIUM]",31580.98,"3.8L 6","ALL WHEEL DRIVE","AUTOMATIC","GAS",6,"Vehicle Starts","Pure Sale","[PREMIUM]",,"DYER","IN","46311","USA","USD","[PREMIUM]","[PREMIUM]","E190",false,"[PREMIUM]","S",false,false,"[PREMIUM]",,,,,,,,"[PREMIUM]"
"64628946","2026-09-16 23:14:25.646","2026-09-29 08:41:11.912","64628946","2026-09-16 22:09:56.000","[PREMIUM]","370","IN - DYER",,,,"CDT","0","V",2014,"CHEVROLET","EQUINOX","EQUINOX","4DR SPORT UTILITY","SILVER","FRONT END",,"IN","ST","YES","D",211050,"A","[PREMIUM]",0,"2.4L 4","FRONT WHEEL DRIVE","AUTOMATIC","FLEXIBLE",4,"Run & Drive Verified","Pure Sale","[PREMIUM]",,"DYER","IN","46311","USA","USD","[PREMIUM]","[PREMIUM]","E200",false,"[PREMIUM]","LS",false,false,"[PREMIUM]",,,,,,,,"[PREMIUM]"
"64059976","2026-09-16 23:14:24.971","2026-09-29 08:41:11.173","64059976","2026-09-16 21:56:39.000","[PREMIUM]","370","IN - DYER",,,,"CDT","0","V",2026,"DODGE","CHARGER","CHARGER",,"BLACK","FRONT END","SIDE","IN","ST","YES","E",49,"A","[PREMIUM]",34305.34,,,"AUTOMATIC",,,"DEFAULT","On Minimum Bid","[PREMIUM]",,"DYER","IN","46311","USA","USD","[PREMIUM]","[PREMIUM]","E190",false,"[PREMIUM]","SCAT PACK",false,false,"[PREMIUM]",,,,,,,,"[PREMIUM]"
"60169066","2026-09-16 23:14:20.305","2026-09-29 08:41:07.837","60169066","2026-09-16 22:05:37.000","[PREMIUM]","370","IN - DYER",,,,"CDT","0","V",2019,"HONDA","CIVIC","CIVIC","COUPE","BLACK","REAR END",,"IL","SC","YES","E",102459,"A","[PREMIUM]",0,"1.5L 4","FRONT WHEEL DRIVE","AUTOMATIC","GAS",4,"DEFAULT","On Minimum Bid","[PREMIUM]",,"DYER","IN","46311","USA","USD","[PREMIUM]","[PREMIUM]","A200",false,"[PREMIUM]","SI",false,false,"[PREMIUM]",,,,,,,,"[PREMIUM]"
"47130856","2026-09-16 23:14:13.954","2026-09-29 08:41:03.207","47130856","2026-09-16 22:05:19.000","[PREMIUM]","370","IN - DYER",,,,"CDT","0","V",2015,"BUICK","REGAL","REGAL","SEDAN 4DR","BLACK","FRONT END",,"IL","SC","YES","D",161521,"A","[PREMIUM]",6491.93,"2.0L 4","FRONT WHEEL DRIVE","AUTOMATIC","GAS",4,"Run & Drive Verified","Pure Sale","[PREMIUM]",,"DYER","IN","46311","USA","USD","[PREMIUM]","[PREMIUM]","G150",false,"[PREMIUM]",,false,false,"[PREMIUM]",,,,,,,,"[PREMIUM]"
"92257935","2026-09-16 23:14:13.422","2026-09-29 08:41:02.476","92257935","2026-09-16 21:56:08.000","[PREMIUM]","369","KS - KANSAS CITY",,,,"CDT","0","V",2015,"JEEP","GRAND CHER","GRAND CHEROKEE",,"CHARCOAL","FRONT END","MINOR DENT/SCRATCHES","MO","SC","YES","D",133490,"A","[PREMIUM]",11111.29,"3.6L  6","4x4 w/Rear Wheel Drv","AUTOMATIC","FLEXIBLE FUEL",6,"Run & Drive Verified","Pure Sale","[PREMIUM]",,"KANSAS CITY","KS","66111 2629","USA","USD","[PREMIUM]","[PREMIUM]","F140",false,"[PREMIUM]","LIMITED",false,false,"[PREMIUM]",,,,,,,,"[PREMIUM]"
"69257266","2026-09-16 23:14:12.028","2026-09-29 08:40:58.868","69257266","2026-09-16 21:56:08.000","[PREMIUM]","369","KS - KANSAS CITY",,,,"CDT","0","V",2012,"TOYOTA","RAV4 BASE","RAV4","SUV","WHITE","HAIL",,"MO","SC","YES","E",206472,"A","[PREMIUM]",7359.78,"2.5L 4","FRONT WHEEL DRIVE","AUTOMATIC","GAS                           ",4,"DEFAULT","Pure Sale","[PREMIUM]",,"KANSAS CITY","KS","66111 2629","USA","USD","[PREMIUM]","[PREMIUM]","K140",false,"[PREMIUM]","BASE",false,false,"[PREMIUM]",,,,,,,,"[PREMIUM]"
"68936546","2026-09-16 23:14:11.952","2026-09-29 08:40:57.882","68936546","2026-09-17 17:27:55.000","[PREMIUM]","369","KS - KANSAS CITY",,,,"CDT","0","V",2012,"KIA","OPTIMA","OPTIMA","SEDAN 4DR","BLACK","MECHANICAL","HAIL","KS","ST","YES","D",181904,"A","[PREMIUM]",0,"2.4L 4","FRONT WHEEL DRIVE","AUTOMATIC","GAS",4,"Run & Drive Verified","On Minimum Bid","[PREMIUM]",,"KANSAS CITY","KS","66111 2629","USA","USD","[PREMIUM]","[PREMIUM]","L130",false,"[PREMIUM]","EX",false,false,"[PREMIUM]",,,,,,,,"[PREMIUM]"
"69102476","2026-09-16 23:14:11.946","2026-09-29 08:40:58.480","69102476","2026-09-16 21:55:36.000","[PREMIUM]","369","KS - KANSAS CITY",,,,"CDT","0","V",2016,"HONDA","CRV","CR-V","4DR SPORT UTILITY","BLACK","HAIL",,"KS","ST","YES","D",135339,"A","[PREMIUM]",10043.24,"2.4L 4","ALL WHEEL DRIVE","AUTOMATIC","GAS                           ",4,"Run & Drive Verified","Pure Sale","[PREMIUM]",,"KANSAS CITY","KS","66111 2629","USA","USD","[PREMIUM]","[PREMIUM]","O110",false,"[PREMIUM]","LX",false,false,"[PREMIUM]",,,,,,,,"[PREMIUM]"
"68923806","2026-09-16 23:14:11.791","2026-09-29 08:40:57.865","68923806","2026-09-16 21:44:13.000","[PREMIUM]","369","KS - KANSAS CITY",,,,"CDT","0","V",2016,"NISSAN","MAXIMA","MAXIMA","SEDAN","BLACK","SIDE","REAR END","MO","SC","YES","D",134115,"A","[PREMIUM]",10375,"3.5L 6","FRONT WHEEL DRIVE","AUTOMATIC","GAS                           ",6,"Run & Drive Verified","Pure Sale","[PREMIUM]",,"KANSAS CITY","KS","66111 2629","USA","USD","[PREMIUM]","[PREMIUM]","O130",false,"[PREMIUM]","3.5 S",false,false,"[PREMIUM]",,,,,,,,"[PREMIUM]"
"68668676","2026-09-16 23:14:11.704","2026-09-29 08:40:57.147","68668676","2026-09-21 19:58:13.000","[PREMIUM]","369","KS - KANSAS CITY",,,,"CDT","0","V",2001,"FORD","MUSTANG","MUSTANG","CONVERTIBLE","SILVER","ROLLOVER",,"MO","SC","EXM",,0,"E","[PREMIUM]",7254.56,"4.6L 8","REAR WHEEL DRIVE","AUTOMATIC","GAS",8,,"Pure Sale","[PREMIUM]",,"KANSAS CITY","KS","66111 2629","USA","USD","[PREMIUM]","[PREMIUM]","H080",false,"[PREMIUM]","GT",false,false,"[PREMIUM]",,,,,,,,"[PREMIUM]"
"68646776","2026-09-16 23:14:11.673","2026-09-29 08:40:57.120","68646776","2026-09-16 21:44:13.000","[PREMIUM]","369","KS - KANSAS CITY",,,,"CDT","0","V",2014,"HONDA","CRV","CR-V","4DR SPORT UTILITY","WHITE","REAR END",,"MO","SC","YES","D",105038,"A","[PREMIUM]",9562,"2.4L 4","ALL WHEEL DRIVE","AUTOMATIC","GAS",4,"Run & Drive Verified","On Minimum Bid","[PREMIUM]",,"KANSAS CITY","KS","66111 2629","USA","USD","[PREMIUM]","[PREMIUM]","B100",false,"[PREMIUM]","EXL",false,false,"[PREMIUM]",,,,,,,,"[PREMIUM]"
"68775586","2026-09-16 23:14:11.658","2026-09-29 08:40:57.274","68775586","2026-09-16 21:39:24.000","[PREMIUM]","369","KS - KANSAS CITY",,,,"CDT","0","V",2024,"TOYOTA","COROLLA","COROLLA","SEDAN","BLACK","SIDE","FRONT END","MO","SC","YES",,0,"N","[PREMIUM]",18017.59,"2.0L 4","FRONT WHEEL DRIVE","AUTOMATIC","GAS",4,,"Pure Sale","[PREMIUM]",,"KANSAS CITY","KS","66111 2629","USA","USD","[PREMIUM]","[PREMIUM]","M140",false,"[PREMIUM]","NIGHT SHADE",false,false,"[PREMIUM]",,,,,,,,"[PREMIUM]"
"68671526","2026-09-16 23:14:11.649","2026-09-29 08:40:57.132","68671526","2026-09-16 21:54:54.000","[PREMIUM]","369","KS - KANSAS CITY",,,,"CDT","0","V",2014,"CHEVROLET","MALIBU","MALIBU","SEDAN 4DR","BLUE","HAIL",,"KS","ST","YES","D",124046,"A","[PREMIUM]",5125.73,"2.5L 4","FRONT WHEEL DRIVE","AUTOMATIC","GAS                           ",4,"Run & Drive Verified","Pure Sale","[PREMIUM]",,"KANSAS CITY","KS","66111 2629","USA","USD","[PREMIUM]","[PREMIUM]","K120",false,"[PREMIUM]","LS",false,false,"[PREMIUM]",,,,,,,,"[PREMIUM]"
"68593926","2026-09-16 23:14:11.514","2026-09-29 08:40:56.787","68593926","2026-09-17 11:44:14.000","[PREMIUM]","836","HEAVY TRUCK SPECIALTY SALE",,,,"CDT","0","R",2018,"FORESRIVER","VIKING","VIKING",,"BEIGE","HAIL",,"MO","SC","YES",,0,"N","[PREMIUM]",25000,,,"NONE",,,,"Pure Sale","[PREMIUM]",,"KANSAS CITY","KS","66111 2629","USA","USD","[PREMIUM]","[PREMIUM]","YD017",false,"[PREMIUM]",,false,false,"[PREMIUM]",,,,,,,,"[PREMIUM]"
"68603846","2026-09-16 23:14:11.494","2026-09-29 08:40:56.955","68603846","2026-09-16 21:54:54.000","[PREMIUM]","369","KS - KANSAS CITY",,,,"CDT","0","V",2022,"CHEVROLET","ALL Models","SILVERADO LTD","PICKUP","BLACK","SIDE",,"KS","ST","YES","D",93944,"A","[PREMIUM]",27862,"6.2L 8","4X4 W/REAR WHEEL DRV","AUTOMATIC","GAS                           ",8,"Run & Drive Verified","Pure Sale","[PREMIUM]",,"KANSAS CITY","KS","66111 2629","USA","USD","[PREMIUM]","[PREMIUM]","M200",false,"[PREMIUM]","K1500 LTZ",false,false,"[PREMIUM]",,,,,,,,"[PREMIUM]"
"68593596","2026-09-16 23:14:11.484","2026-09-29 08:40:56.792","68593596","2026-09-16 21:56:08.000","[PREMIUM]","369","KS - KANSAS CITY",,,,"CDT","0","V",2019,"TOYOTA","COROLLA","COROLLA","SEDAN","BLACK","FRONT END",,"MO","SC","YES","S",54657,"A","[PREMIUM]",14240,"1.8L 4","FRONT WHEEL DRIVE","AUTOMATIC","GAS",4,"Vehicle Starts","On Minimum Bid","[PREMIUM]",,"KANSAS CITY","KS","66111 2629","USA","USD","[PREMIUM]","[PREMIUM]","G110",false,"[PREMIUM]","LE",false,false,"[PREMIUM]",,,,,,,,"[PREMIUM]"
"68390146","2026-09-16 23:14:11.429","2026-09-29 08:40:56.161","68390146","2026-09-16 21:39:24.000","[PREMIUM]","369","KS - KANSAS CITY",,,,"CDT","0","V",2016,"HYUNDAI","VELOSTER","VELOSTER","COUPE","GRAY","FRONT END","SIDE","MO","SC","YES","D",215130,"A","[PREMIUM]",0,"1.6L 4","FRONT WHEEL DRIVE","MANUAL","GAS",4,"Run & Drive Verified","Pure Sale","[PREMIUM]",,"KANSAS CITY","KS","66111 2629","USA","USD","[PREMIUM]","[PREMIUM]","N190",false,"[PREMIUM]","BASE",false,false,"[PREMIUM]",,,,,,,,"[PREMIUM]"
"68368186","2026-09-16 23:14:11.199","2026-09-29 08:40:56.157","68368186","2026-09-16 21:54:54.000","[PREMIUM]","369","KS - KANSAS CITY",,,,"CDT","0","V",2007,"GMC","ACADIA","ACADIA","4DR SPORT UTILITY","GRAY","FRONT END",,"KS","ST","YES","D",222778,"A","[PREMIUM]",4717,"3.6L 6","ALL WHEEL DRIVE","AUTOMATIC","GAS",6,"Run & Drive Verified","Pure Sale","[PREMIUM]",,"KANSAS CITY","KS","66111 2629","USA","USD","[PREMIUM]","[PREMIUM]","G090",false,"[PREMIUM]","SLT-2",false,false,"[PREMIUM]",,,,,,,,"[PREMIUM]"
"68382326","2026-09-16 23:14:11.194","2026-09-29 08:40:56.151","68382326","2026-09-16 22:04:11.000","[PREMIUM]","369","KS - KANSAS CITY",,,,"CDT","0","V",2014,"KIA","SOUL","SOUL",,"SILVER","UNDERCARRIAGE","MECHANICAL","KS","ST","YES","S",90079,"A","[PREMIUM]",5888,,,"AUTOMATIC",,,"Vehicle Starts","Pure Sale","[PREMIUM]",,"KANSAS CITY","KS","66111 2629","USA","USD","[PREMIUM]","[PREMIUM]","L160",false,"[PREMIUM]","+",false,false,"[PREMIUM]",,,,,,,,"[PREMIUM]"
"68317806","2026-09-16 23:14:11.179","2026-09-29 08:40:56.017","68317806","2026-09-17 11:37:28.000","[PREMIUM]","369","KS - KANSAS CITY",,,,"CDT","0","V",2016,"DODGE","JOURNEY","JOURNEY","4DR SPORT UTILITY","GRAY","SIDE",,"MO","SC","YES","D",152694,"A","[PREMIUM]",11877.94,"3.6L 6","FRONT WHEEL DRIVE","AUTOMATIC","FLEXIBLE",6,"Run & Drive Verified","Pure Sale","[PREMIUM]",,"KANSAS CITY","KS","66111 2629","USA","USD","[PREMIUM]","[PREMIUM]","L170",false,"[PREMIUM]","SXT",false,false,"[PREMIUM]",,,,,,,,"[PREMIUM]"
"68331936","2026-09-16 23:14:11.143","2026-09-29 08:40:55.976","68331936","2026-09-16 21:39:24.000","[PREMIUM]","369","KS - KANSAS CITY",,,,"CDT","0","V",2012,"FORD","FOCUS","FOCUS","SEDAN 4DR","SILVER","FRONT END","TOP/ROOF","MO","SC","YES","E",130615,"A","[PREMIUM]",5700,"2.0L 4","FRONT WHEEL DRIVE","AUTOMATIC","GAS                           ",4,"DEFAULT","Pure Sale","[PREMIUM]",,"KANSAS CITY","KS","66111 2629","USA","USD","[PREMIUM]","[PREMIUM]","K140",false,"[PREMIUM]","TITANIUM",false,false,"[PREMIUM]",,,,,,,,"[PREMIUM]"
"68381206","2026-09-16 23:14:11.143","2026-09-29 08:40:56.153","68381206","2026-09-22 20:07:35.000","[PREMIUM]","369","KS - KANSAS CITY",,,,"CDT","0","V",2016,"AUDI","A6","A6","SEDAN 4DR","WHITE","FRONT END",,"KS","ST","YES","D",134113,"A","[PREMIUM]",0,"2.0L 4","ALL WHEEL DRIVE","AUTOMATIC","GAS",4,"Run & Drive Verified","Pure Sale","[PREMIUM]",,"KANSAS CITY","KS","66111 2629","USA","USD","[PREMIUM]","[PREMIUM]","L130",false,"[PREMIUM]","PREMIUM PLUS",false,false,"[PREMIUM]",,,,,,,,"[PREMIUM]"
"68272246","2026-09-16 23:14:11.018","2026-09-29 08:40:55.859","68272246","2026-09-16 21:45:58.000","[PREMIUM]","369","KS - KANSAS CITY",,,,"CDT","0","V",2023,"CHEVROLET","TRAILBLZR","TRAILBLAZER","SPORT UTILITY VEHICLE","WHITE","HAIL",,"KS","ST","YES","D",35884,"A","[PREMIUM]",14544,"1.2L 3","FRONT WHEEL DRIVE","AUTOMATIC","GAS",3,"Run & Drive Verified","Pure Sale","[PREMIUM]",,"KANSAS CITY","KS","66111 2629","USA","USD","[PREMIUM]","[PREMIUM]","J130",false,"[PREMIUM]","LS",false,false,"[PREMIUM]",,,,,,,,"[PREMIUM]"
"68201106","2026-09-16 23:14:10.993","2026-09-29 08:40:55.508","68201106","2026-09-16 21:57:06.000","[PREMIUM]","369","KS - KANSAS CITY",,,,"CDT","0","V",2013,"KIA","OPTIMA","OPTIMA","SEDAN 4DR","SILVER","UNDERCARRIAGE","FRONT END","MO","SC","YES","S",126569,"A","[PREMIUM]",6932.19,"2.4L 4","FRONT WHEEL DRIVE","AUTOMATIC","ELECTRIC AND GAS HYBRID",4,"Vehicle Starts","Pure Sale","[PREMIUM]",,"KANSAS CITY","KS","66111 2629","USA","USD","[PREMIUM]","[PREMIUM]","J050",false,"[PREMIUM]","HYBRID",false,false,"[PREMIUM]",,,,,,,,"[PREMIUM]"
"68020446","2026-09-16 23:14:10.717","2026-09-29 08:40:54.969","68020446","2026-09-16 21:54:54.000","[PREMIUM]","369","KS - KANSAS CITY",,,,"CDT","0","V",2016,"MAZDA","CX-5","CX-5","4DR SPORT UTILITY","BROWN","FRONT END",,"KS","ST","NO","E",0,"N","[PREMIUM]",13100.97,"2.5L 4","ALL WHEEL DRIVE","AUTOMATIC","GAS",4,"DEFAULT","Pure Sale","[PREMIUM]",,"KANSAS CITY","KS","66111 2629","USA","USD","[PREMIUM]","[PREMIUM]","N160",false,"[PREMIUM]","GT",false,false,"[PREMIUM]",,,,,,,,"[PREMIUM]"
"67820236","2026-09-16 23:14:10.260","2026-09-29 08:40:54.181","67820236","2026-09-16 21:42:56.000","[PREMIUM]","369","KS - KANSAS CITY",,,,"CDT","0","V",2014,"CHEVROLET","ALL Models","SILVERADO","CREW PICKUP","RED","HAIL",,"KS","ST","YES","D",139424,"A","[PREMIUM]",11279,"5.3L 8","4X4 W/REAR WHEEL DRV","AUTOMATIC","GAS",8,"Run & Drive Verified","On Minimum Bid","[PREMIUM]",,"KANSAS CITY","KS","66111 2629","USA","USD","[PREMIUM]","[PREMIUM]","H050",false,"[PREMIUM]","K1500 LTZ",false,false,"[PREMIUM]",,,,,,,,"[PREMIUM]"
"67850226","2026-09-16 23:14:10.243","2026-09-29 08:40:54.347","67850226","2026-09-16 21:57:06.000","[PREMIUM]","369","KS - KANSAS CITY",,,,"CDT","0","V",2010,"MAZDA","3","3","SEDAN 4DR","SILVER","FRONT END",,"MO","SC","YES","D",0,"E","[PREMIUM]",0,"2.0L 4","FRONT WHEEL DRIVE","AUTOMATIC","GAS",4,"Run & Drive Verified","Pure Sale","[PREMIUM]",,"KANSAS CITY","KS","66111 2629","USA","USD","[PREMIUM]","[PREMIUM]","N160",false,"[PREMIUM]","I",false,false,"[PREMIUM]",,,,,,,,"[PREMIUM]"
"67847626","2026-09-16 23:14:10.235","2026-09-29 08:40:54.370","67847626","2026-09-16 21:57:06.000","[PREMIUM]","369","KS - KANSAS CITY",,,,"CDT","0","V",2018,"TESLA","MODEL 3","MODEL 3","SEDAN","WHITE","FRONT END",,"MO","SC","YES","S",98783,"A","[PREMIUM]",15331.72,,"ALL WHEEL DRIVE","AUTOMATIC","ELECTRIC",,"Vehicle Starts","Pure Sale","[PREMIUM]",,"KANSAS CITY","KS","66111 2629","USA","USD","[PREMIUM]","[PREMIUM]","ATV",false,"[PREMIUM]",,false,false,"[PREMIUM]",,,,,,,,"[PREMIUM]"
"67552526","2026-09-16 23:14:09.595","2026-09-29 08:40:53.296","67552526","2026-09-16 21:54:54.000","[PREMIUM]","369","KS - KANSAS CITY",,,,"CDT","0","V",2021,"HONDA","CRV","CR-V",,"SILVER","ALL OVER",,"KS","ST","YES","D",63691,"A","[PREMIUM]",20897.54,,,"AUTOMATIC",,,"Run & Drive Verified","Pure Sale","[PREMIUM]",,"KANSAS CITY","KS","66111 2629","USA","USD","[PREMIUM]","[PREMIUM]","I090",false,"[PREMIUM]","EX",false,false,"[PREMIUM]",,,,,,,,"[PREMIUM]"
"67479046","2026-09-16 23:14:09.433","2026-09-29 08:40:52.991","67479046","2026-09-16 22:03:33.000","[PREMIUM]","369","KS - KANSAS CITY",,,,"CDT","0","V",2015,"FORD","ESCAPE","ESCAPE","4DR SPORT UTILITY","WHITE","FRONT END","UNDERCARRIAGE","MO","SC","NO","E",78762,"A","[PREMIUM]",15921.94,"1.6L 4","4X4 W/FRONT WHL DRV","AUTOMATIC","GAS",4,"DEFAULT","Pure Sale","[PREMIUM]",,"KANSAS CITY","KS","66111 2629","USA","USD","[PREMIUM]","[PREMIUM]","L170",false,"[PREMIUM]","SE",false,false,"[PREMIUM]",,,,,,,,"[PREMIUM]"
"67446996","2026-09-16 23:14:09.308","2026-09-29 08:40:52.851","67446996","2026-09-16 22:04:11.000","[PREMIUM]","369","KS - KANSAS CITY",,,,"CDT","0","V",2019,"HONDA","PILOT","PILOT","SPORT UTILITY VEHICLE","WHITE","HAIL",,"KS","ST","YES","D",87007,"A","[PREMIUM]",11517.03,"3.5L 6","ALL WHEEL DRIVE","AUTOMATIC","GAS",6,"Run & Drive Verified","Pure Sale","[PREMIUM]",,"KANSAS CITY","KS","66111 2629","USA","USD","[PREMIUM]","[PREMIUM]","K070",false,"[PREMIUM]","TOURING",false,false,"[PREMIUM]",,,,,,,,"[PREMIUM]"
"67415206","2026-09-16 23:14:09.173","2026-09-29 08:40:52.646","67415206","2026-09-16 21:54:54.000","[PREMIUM]","369","KS - KANSAS CITY",,,,"CDT","0","V",2018,"DODGE","DURANGO","DURANGO","SPORT UTILITY VEHICLE","BLACK","TOP/ROOF","SIDE","KS","ST","YES","D",80789,"A","[PREMIUM]",21989,"3.6L 6","ALL WHEEL DRIVE","AUTOMATIC","FLEXIBLE",6,"Run & Drive Verified","Pure Sale","[PREMIUM]",,"KANSAS CITY","KS","66111 2629","USA","USD","[PREMIUM]","[PREMIUM]","F140",false,"[PREMIUM]","GT",false,false,"[PREMIUM]",,,,,,,,"[PREMIUM]"
"67429036","2026-09-16 23:14:09.140","2026-09-29 08:40:52.720","67429036","2026-09-16 22:03:33.000","[PREMIUM]","835","MEDIUM DUTY SPECIALTY SALE",,,,"CDT","0","K",2020,"CHEVROLET","EXPRESS","EXPRESS G2500","VAN CARGO","WHITE","FRONT END","SIDE","MO","SC","EXM",,0,"N","[PREMIUM]",13345,"6.0L 8","REAR WHEEL DRIVE","NONE","FLEXIBLE",8,,"On Approval","[PREMIUM]",,"KANSAS CITY","KS","66111 2629","USA","USD","[PREMIUM]","[PREMIUM]","S200",false,"[PREMIUM]",,false,false,"[PREMIUM]",,,,,,,,"[PREMIUM]"
"67189116","2026-09-16 23:14:08.372","2026-09-29 08:40:51.766","67189116","2026-09-16 21:57:06.000","[PREMIUM]","369","KS - KANSAS CITY",,,,"CDT","0","V",2016,"MAZDA","CX-5","CX-5","4DR SPORT UTILITY","BLUE","REAR END",,"MO","SC","YES","D",93306,"A","[PREMIUM]",11255.49,"2.5L 4","ALL WHEEL DRIVE","AUTOMATIC","GAS",4,"Run & Drive Verified","Pure Sale","[PREMIUM]",,"KANSAS CITY","KS","66111 2629","USA","USD","[PREMIUM]","[PREMIUM]","L130",false,"[PREMIUM]","GT",false,false,"[PREMIUM]",,,,,,,,"[PREMIUM]"
"67194736","2026-09-16 23:14:08.363","2026-09-29 08:40:51.758","67194736","2026-09-16 22:03:33.000","[PREMIUM]","369","KS - KANSAS CITY",,,,"CDT","0","V",2020,"KIA","FORTE","FORTE","SEDAN","SILVER","HAIL",,"MO","SC","YES","D",98426,"A","[PREMIUM]",8913.37,"2.0L 4","FRONT WHEEL DRIVE","AUTOMATIC","GAS",4,"Run & Drive Verified","Pure Sale","[PREMIUM]",,"KANSAS CITY","KS","66111 2629","USA","USD","[PREMIUM]","[PREMIUM]","D010",false,"[PREMIUM]","EX",false,false,"[PREMIUM]",,,,,,,,"[PREMIUM]"
"67084256","2026-09-16 23:14:07.885","2026-09-29 08:40:51.124","67084256","2026-09-16 22:03:33.000","[PREMIUM]","369","KS - KANSAS CITY",,,,"CDT","0","V",2018,"JEEP","RENEGADE","RENEGADE","SPORT UTILITY VEHICLE","BLACK","FRONT END",,"MO","SC","YES","D",106735,"A","[PREMIUM]",11295,"2.4L 4","FRONT WHEEL DRIVE","AUTOMATIC","GAS",4,"Run & Drive Verified","Pure Sale","[PREMIUM]",,"KANSAS CITY","KS","66111 2629","USA","USD","[PREMIUM]","[PREMIUM]","F020",false,"[PREMIUM]","LATITUDE",false,false,"[PREMIUM]",,,,,,,,"[PREMIUM]"
"67076156","2026-09-16 23:14:07.876","2026-09-29 08:40:51.116","67076156","2026-09-16 21:44:13.000","[PREMIUM]","369","KS - KANSAS CITY",,,,"CDT","0","V",2011,"TOYOTA","CAMRY","CAMRY","SEDAN","GRAY","FRONT END",,"MO","SC","EXM",,115474,"A","[PREMIUM]",0,"3.5L 6","FRONT WHEEL DRIVE","AUTOMATIC","GAS",6,,"On Minimum Bid","[PREMIUM]",,"KANSAS CITY","KS","66111 2629","USA","USD","[PREMIUM]","[PREMIUM]","J070",false,"[PREMIUM]","SE V6",false,false,"[PREMIUM]",,,,,,,,"[PREMIUM]"
"66967806","2026-09-16 23:14:07.604","2026-09-29 08:40:50.643","66967806","2026-09-16 21:42:56.000","[PREMIUM]","369","KS - KANSAS CITY",,,,"CDT","0","V",2000,"CHEVROLET","TAHOE","TAHOE","4DR SPORT UTILITY","GRAY","HAIL","FRAME DAMAGE","KS","ST","NO","E",0,"E","[PREMIUM]",7136,"5.3L 8","4X4 W/REAR WHEEL DRV","AUTOMATIC","GAS",8,"DEFAULT","On Minimum Bid","[PREMIUM]",,"KANSAS CITY","KS","66111 2629","USA","USD","[PREMIUM]","[PREMIUM]","L080",false,"[PREMIUM]","K1500",false,false,"[PREMIUM]",,,,,,,,"[PREMIUM]"
"66822456","2026-09-16 23:14:07.096","2026-09-29 08:40:50.021","66822456","2026-09-16 21:57:06.000","[PREMIUM]","369","KS - KANSAS CITY",,,,"CDT","0","V",2015,"NISSAN","SENTRA","SENTRA","SEDAN 4D","BLACK","SIDE",,"MO","SC","YES","D",139771,"A","[PREMIUM]",0,,,"AUTOMATIC",,,"Run & Drive Verified","Pure Sale","[PREMIUM]",,"KANSAS CITY","KS","66111 2629","USA","USD","[PREMIUM]","[PREMIUM]","J060",false,"[PREMIUM]","SL",false,false,"[PREMIUM]",,,,,,,,"[PREMIUM]"
"66624876","2026-09-16 23:14:06.515","2026-09-29 08:40:49.579","66624876","2026-09-16 22:03:33.000","[PREMIUM]","369","KS - KANSAS CITY",,,,"CDT","0","V",2013,"CHEVROLET","EQUINOX","EQUINOX","4DR SPORT UTILITY","WHITE","FRONT END",,"MO","SC","YES","E",0,"N","[PREMIUM]",11936.02,"2.4L 4","FRONT WHEEL DRIVE","AUTOMATIC","GAS",4,"DEFAULT","Pure Sale","[PREMIUM]",,"KANSAS CITY","KS","66111 2629","USA","USD","[PREMIUM]","[PREMIUM]","D110",false,"[PREMIUM]","LT",false,false,"[PREMIUM]",,,,,,,,"[PREMIUM]"
"66613916","2026-09-16 23:14:06.442","2026-09-29 08:40:49.376","66613916","2026-09-16 22:03:33.000","[PREMIUM]","369","KS - KANSAS CITY",,,,"CDT","0","V",2015,"SUBARU","FORESTER","FORESTER","4DR SPORT UTILITY","GRAY","FRONT END",,"MO","SC","YES","D",66988,"X","[PREMIUM]",11500,"2.5L 4","ALL WHEEL DRIVE","AUTOMATIC","GAS",4,"Run & Drive Verified","Pure Sale","[PREMIUM]",,"KANSAS CITY","KS","66111 2629","USA","USD","[PREMIUM]","[PREMIUM]","N180",false,"[PREMIUM]","2.5I PREMIUM",false,false,"[PREMIUM]",,,,,,,,"[PREMIUM]"
"66472076","2026-09-16 23:14:06.007","2026-09-29 08:40:48.965","66472076","2026-09-16 21:44:14.000","[PREMIUM]","369","KS - KANSAS CITY",,,,"CDT","0","V",2022,"NISSAN","ALTIMA","ALTIMA","SEDAN","BLUE","REAR END",,"MO","SC","YES","D",39538,"A","[PREMIUM]",17987.96,"2.5L 4","FRONT WHEEL DRIVE","AUTOMATIC","GAS",4,"Run & Drive Verified","Pure Sale","[PREMIUM]",,"KANSAS CITY","KS","66111 2629","USA","USD","[PREMIUM]","[PREMIUM]","F120",false,"[PREMIUM]","SR",false,false,"[PREMIUM]",,,,,,,,"[PREMIUM]"
"66342636","2026-09-16 23:14:05.388","2026-09-29 08:40:48.264","66342636","2026-09-16 21:44:13.000","[PREMIUM]","369","KS - KANSAS CITY",,,,"CDT","0","V",2016,"RAM","1500","1500","CREW PICKUP","RED","FRONT END","REAR END","MO","SC","YES","D",107689,"A","[PREMIUM]",11882,"5.7L 8","4X4 W/REAR WHEEL DRV","AUTOMATIC","GAS",8,"Run & Drive Verified","On Minimum Bid","[PREMIUM]",,"KANSAS CITY","KS","66111 2629","USA","USD","[PREMIUM]","[PREMIUM]","B110",false,"[PREMIUM]","SPORT",false,false,"[PREMIUM]",,,,,,,,"[PREMIUM]"
"66271236","2026-09-16 23:14:05.235","2026-09-29 08:40:48.122","66271236","2026-09-16 21:57:06.000","[PREMIUM]","369","KS - KANSAS CITY",,,,"CDT","0","V",2022,"HONDA","INSIGHT","INSIGHT","SEDAN","BLACK","FRONT END",,"MO","SC","NO","E",0,"N","[PREMIUM]",0,"1.5L 4","FRONT WHEEL DRIVE","AUTOMATIC","ELECTRIC AND GAS HYBRID",4,"DEFAULT","Pure Sale","[PREMIUM]",,"KANSAS CITY","KS","66111 2629","USA","USD","[PREMIUM]","[PREMIUM]","L120",false,"[PREMIUM]","EX",false,false,"[PREMIUM]",,,,,,,,"[PREMIUM]"
"65755866","2026-09-16 23:14:03.806","2026-09-29 08:40:46.728","65755866","2026-09-16 21:45:57.000","[PREMIUM]","369","KS - KANSAS CITY",,,,"CDT","0","V",2016,"DODGE","JOURNEY","JOURNEY","4DR SPORT UTILITY","SILVER","FRONT END",,"KS","ST","YES","D",173213,"A","[PREMIUM]",4967.88,"2.4L 4","FRONT WHEEL DRIVE","AUTOMATIC","GAS",4,"Run & Drive Verified","Pure Sale","[PREMIUM]",,"KANSAS CITY","KS","66111 2629","USA","USD","[PREMIUM]","[PREMIUM]","I040",false,"[PREMIUM]","SE",false,false,"[PREMIUM]",,,,,,,,"[PREMIUM]"
"65702576","2026-09-16 23:14:03.492","2026-09-29 08:40:46.517","65702576","2026-09-27 05:12:00.000","[PREMIUM]","369","KS - KANSAS CITY",,,,"CDT","0","V",2022,"SUBARU","ASCENT","ASCENT","SPORT UTILITY VEHICLE","BLACK","FRONT END",,"MO","SC","YES","E",126971,"A","[PREMIUM]",0,"2.4L 4","ALL WHEEL DRIVE","AUTOMATIC","GAS",4,"DEFAULT","Pure Sale","[PREMIUM]",,"KANSAS CITY","KS","66111 2629","USA","USD","[PREMIUM]","[PREMIUM]","K110",false,"[PREMIUM]","TOURING",false,false,"[PREMIUM]",,,,,,,,"[PREMIUM]"
"65699646","2026-09-16 23:14:03.458","2026-09-29 08:40:46.528","65699646","2026-09-16 21:44:14.000","[PREMIUM]","369","KS - KANSAS CITY",,,,"CDT","0","V",2019,"FORD","F150","F150","PICKUP","BLUE","FRONT END",,"MO","SC","YES","D",48237,"A","[PREMIUM]",29033,"2.7L 6","4X4 W/REAR WHEEL DRV","AUTOMATIC","GAS",6,"Run & Drive Verified","Pure Sale","[PREMIUM]",,"KANSAS CITY","KS","66111 2629","USA","USD","[PREMIUM]","[PREMIUM]","3E110",false,"[PREMIUM]","SUPERCREW",false,false,"[PREMIUM]",,,,,,,,"[PREMIUM]"
"65587046","2026-09-16 23:14:03.146","2026-09-29 08:40:46.406","65587046","2026-09-16 21:44:14.000","[PREMIUM]","369","KS - KANSAS CITY",,,,"CDT","0","V",2024,"TOYOTA","CAMRY","CAMRY","SEDAN","GRAY","VANDALISM",,"MO","SC","YES","D",72181,"A","[PREMIUM]",0,"2.5L 4","FRONT WHEEL DRIVE","AUTOMATIC","GAS",4,"Run & Drive Verified","Pure Sale","[PREMIUM]",,"KANSAS CITY","KS","66111 2629","USA","USD","[PREMIUM]","[PREMIUM]","K050",false,"[PREMIUM]","SE",false,false,"[PREMIUM]",,,,,,,,"[PREMIUM]"
"65335616","2026-09-16 23:14:02.469","2026-09-29 08:40:45.799","65335616","2026-09-11 21:48:59.000","[PREMIUM]","369","KS - KANSAS CITY",,,,"CDT","0","V",2009,"HONDA","CRV","CR-V","4DR SPORT UTILITY","SILVER","HAIL",,"MO","SC","YES","D",270350,"A","[PREMIUM]",0,"2.4L 4","ALL WHEEL DRIVE","AUTOMATIC","GAS",4,"Run & Drive Verified","Pure Sale","[PREMIUM]",,"KANSAS CITY","KS","66111 2629","USA","USD","[PREMIUM]","[PREMIUM]","L180",false,"[PREMIUM]","EXL",false,false,"[PREMIUM]",,,,,,,,"[PREMIUM]"
"64624876","2026-09-16 23:14:00.897","2026-09-29 08:40:44.393","64624876","2026-09-16 21:45:58.000","[PREMIUM]","369","KS - KANSAS CITY",,,,"CDT","0","V",2021,"CHEVROLET","BLAZER","BLAZER","SPORT UTILITY VEHICLE","BLACK","REAR END","UNDERCARRIAGE","KS","ST","YES","D",65157,"A","[PREMIUM]",19881,"3.6L 6","FRONT WHEEL DRIVE","AUTOMATIC","GAS",6,"Run & Drive Verified","Pure Sale","[PREMIUM]",,"KANSAS CITY","KS","66111 2629","USA","USD","[PREMIUM]","[PREMIUM]","O180",false,"[PREMIUM]","2LT",false,false,"[PREMIUM]",,,,,,,,"[PREMIUM]"
"64482776","2026-09-16 23:14:00.654","2026-09-29 08:40:44.081","64482776","2026-09-16 21:45:58.000","[PREMIUM]","369","KS - KANSAS CITY",,,,"CDT","0","V",2018,"JEEP","COMPASS","COMPASS","SPORT UTILITY VEHICLE","WHITE","SIDE","REAR END","KS","ST","YES","D",166156,"A","[PREMIUM]",8813,"2.4L 4","4X4 W/FRONT WHL DRV","AUTOMATIC","GAS",4,"Run & Drive Verified","Pure Sale","[PREMIUM]",,"KANSAS CITY","KS","66111 2629","USA","USD","[PREMIUM]","[PREMIUM]","O110",false,"[PREMIUM]","LIMITED",false,false,"[PREMIUM]",,,,,,,,"[PREMIUM]"
"64474776","2026-09-16 23:14:00.502","2026-09-29 08:40:44.099","64474776","2026-09-16 22:02:44.000","[PREMIUM]","369","KS - KANSAS CITY",,,,"CDT","0","V",2021,"DODGE","CHARGER","CHARGER","SEDAN","GRAY","SIDE",,"MO","SC","YES","D",95207,"A","[PREMIUM]",20173,"3.6L 6","ALL WHEEL DRIVE","AUTOMATIC","FLEXIBLE",6,"Run & Drive Verified","Pure Sale","[PREMIUM]",,"KANSAS CITY","KS","66111 2629","USA","USD","[PREMIUM]","[PREMIUM]","3C110",false,"[PREMIUM]","SXT",false,false,"[PREMIUM]",,,,,,,,"[PREMIUM]"
"64379816","2026-09-16 23:14:00.376","2026-09-29 08:40:43.954","64379816","2026-09-16 21:45:58.000","[PREMIUM]","369","KS - KANSAS CITY",,,,"CDT","0","V",2018,"KIA","OPTIMA","OPTIMA","SEDAN","SILVER","SIDE","REAR END","KS","ST","YES","D",102355,"A","[PREMIUM]",0,"2.4L 4","FRONT WHEEL DRIVE","AUTOMATIC","GAS",4,"Run & Drive Verified","Pure Sale","[PREMIUM]",,"KANSAS CITY","KS","66111 2629","USA","USD","[PREMIUM]","[PREMIUM]","N100",false,"[PREMIUM]","EX",false,false,"[PREMIUM]",,,,,,,,"[PREMIUM]"
"64067686","2026-09-16 23:13:59.907","2026-09-29 08:40:43.356","64067686","2026-09-16 22:04:21.000","[PREMIUM]","369","KS - KANSAS CITY",,,,"CDT","0","V",2026,"HONDA","CIVIC","CIVIC","HATCHBACK","SILVER","FRONT END",,"KS","ST","YES","D",3832,"A","[PREMIUM]",21283,"2.0L 4","FRONT WHEEL DRIVE","AUTOMATIC","GAS",4,"Run & Drive Verified","Pure Sale","[PREMIUM]",,"KANSAS CITY","KS","66111 2629","USA","USD","[PREMIUM]","[PREMIUM]","F070",false,"[PREMIUM]","SPORT",false,false,"[PREMIUM]",,,,,,,,"[PREMIUM]"
"63647306","2026-09-16 23:13:59.078","2026-09-29 08:40:42.487","63647306","2026-09-16 21:56:00.000","[PREMIUM]","369","KS - KANSAS CITY",,,,"CDT","0","V",2013,"FORD","FOCUS","FOCUS","SEDAN 4DR","BLACK","FRONT END",,"KS","ST","YES","D",163008,"A","[PREMIUM]",0,"2.0L 4","FRONT WHEEL DRIVE","AUTOMATIC","GAS",4,"Run & Drive Verified","Pure Sale","[PREMIUM]",,"KANSAS CITY","KS","66111 2629","USA","USD","[PREMIUM]","[PREMIUM]","L140",false,"[PREMIUM]","SE",false,false,"[PREMIUM]",,,,,,,,"[PREMIUM]"
"63701186","2026-09-16 23:13:59.072","2026-09-29 08:40:42.642","63701186","2026-09-16 22:02:44.000","[PREMIUM]","369","KS - KANSAS CITY",,,,"CDT","0","V",2025,"FORD","BRONCO BIG","BRONCO","SPORT UTILITY VEHICLE","BEIGE","REAR END","SIDE","MO","SC","YES","D",5100,"A","[PREMIUM]",39764,"2.3L 4","4X4 W/REAR WHEEL DRV","AUTOMATIC","GAS",4,"Run & Drive Verified","Pure Sale","[PREMIUM]",,"KANSAS CITY","KS","66111 2629","USA","USD","[PREMIUM]","[PREMIUM]","C050",false,"[PREMIUM]","BIG BEND",false,false,"[PREMIUM]",,,,,,,,"[PREMIUM]"
"63600416","2026-09-16 23:13:58.945","2026-09-29 08:40:42.485","63600416","2026-09-16 21:45:58.000","[PREMIUM]","369","KS - KANSAS CITY",,,,"CDT","0","V",2021,"MITSUBISHI","OUTLANDER","OUTLANDER SPORT","SPORT UTILITY VEHICLE","SILVER","REAR END","SIDE","KS","ST","YES","D",70716,"A","[PREMIUM]",11643,"2.0L 4","FRONT WHEEL DRIVE","AUTOMATIC","GAS",4,"Run & Drive Verified","Pure Sale","[PREMIUM]",,"KANSAS CITY","KS","66111 2629","USA","USD","[PREMIUM]","[PREMIUM]","C130",false,"[PREMIUM]","SE",false,false,"[PREMIUM]",,,,,,,,"[PREMIUM]"
"63439606","2026-09-16 23:13:58.640","2026-09-29 08:40:42.166","63439606","2026-09-16 21:44:13.000","[PREMIUM]","369","KS - KANSAS CITY",,,,"CDT","0","V",2022,"GMC","YUKON","YUKON XL","SPORT UTILITY VEHICLE","WHITE","FRONT END",,"MO","SC","EXM","S",54669,"A","[PREMIUM]",0,"5.3L 8","4X4 W/REAR WHEEL DRV","AUTOMATIC","GAS",8,"Vehicle Starts","Pure Sale","[PREMIUM]",,"KANSAS CITY","KS","66111 2629","USA","USD","[PREMIUM]","[PREMIUM]","N070",false,"[PREMIUM]","K1500 SLE",false,false,"[PREMIUM]",,,,,,,,"[PREMIUM]"
"63335426","2026-09-16 23:13:58.484","2026-09-29 08:40:42.042","63335426","2026-09-16 21:57:06.000","[PREMIUM]","369","KS - KANSAS CITY",,,,"CDT","0","V",2010,"LINCOLN","MKT","MKT","4DR SPORT UTILITY","RED","TOP/ROOF",,"MO","SC","YES","D",215190,"E","[PREMIUM]",5836.57,"3.7L 6","FRONT WHEEL DRIVE","AUTOMATIC","GAS",6,"Run & Drive Verified","On Minimum Bid","[PREMIUM]",,"KANSAS CITY","KS","66111 2629","USA","USD","[PREMIUM]","[PREMIUM]","J040",false,"[PREMIUM]",,false,false,"[PREMIUM]",,,,,,,,"[PREMIUM]"
"63215596","2026-09-16 23:13:58.202","2026-09-23 03:38:15.610","63215596","2026-09-16 22:02:44.000","[PREMIUM]","835","MEDIUM DUTY SPECIALTY SALE",,,,"CDT","0","K",2024,"FORD","TRANSIT","TRANSIT","VAN CARGO","WHITE","FRONT END",,"MO","SC","YES","D",50146,"A","[PREMIUM]",18043.17,"3.5L 6","REAR WHEEL DRIVE","AUTOMATIC","GAS",6,"Run & Drive Verified","On Approval","[PREMIUM]",,"KANSAS CITY","KS","66111 2629","USA","USD","[PREMIUM]","[PREMIUM]","3SA02",false,"[PREMIUM]","T-250",false,false,"[PREMIUM]",,,,,,,,"[PREMIUM]"
"63103306","2026-09-16 23:13:57.881","2026-09-24 03:39:05.460","63103306","2026-09-23 13:59:21.000","[PREMIUM]","369","KS - KANSAS CITY","2026-09-24","THURSDAY","1200","CDT","128","V",2020,"CHEVROLET","TRAX","TRAX","SPORT UTILITY VEHICLE","BLACK","REAR END",,"FL","RB","YES","D",51975,"A","[PREMIUM]",8622.24,"1.4L 4","FRONT WHEEL DRIVE","AUTOMATIC","GAS",4,"Run & Drive Verified","Pure Sale","[PREMIUM]",,"KANSAS CITY","KS","66111 2629","USA","USD","[PREMIUM]","[PREMIUM]","C050",false,"[PREMIUM]","1LT",false,false,"[PREMIUM]",,,,,,,,"[PREMIUM]"
"63098936","2026-09-16 23:13:57.868","2026-09-29 08:40:41.578","63098936","2026-09-16 21:44:13.000","[PREMIUM]","369","KS - KANSAS CITY",,,,"CDT","0","V",2022,"CHRYSLER","PACIFICA","PACIFICA","VAN PASSENGER","WHITE","BURN - INTERIOR",,"MO","SC","YES","D",0,"N","[PREMIUM]",15883,"3.6L 6","FRONT WHEEL DRIVE","AUTOMATIC","FLEXIBLE",6,"Run & Drive Verified","Pure Sale","[PREMIUM]",,"KANSAS CITY","KS","66111 2629","USA","USD","[PREMIUM]","[PREMIUM]","C050",false,"[PREMIUM]","TOURING L",false,false,"[PREMIUM]",,,,,,,,"[PREMIUM]"
"62822956","2026-09-16 23:13:57.450","2026-09-29 08:40:41.162","62822956","2026-09-16 22:02:44.000","[PREMIUM]","369","KS - KANSAS CITY",,,,"CDT","0","V",2013,"VOLKSWAGEN","JETTA","JETTA","SEDAN 4DR","GRAY","FRONT END",,"MO","SC","NO","E",154320,"A","[PREMIUM]",17214,"2.0L 4","FRONT WHEEL DRIVE","AUTOMATIC","GAS",4,"DEFAULT","Pure Sale","[PREMIUM]",,"KANSAS CITY","KS","66111 2629","USA","USD","[PREMIUM]","[PREMIUM]","G120",false,"[PREMIUM]","BASE",false,false,"[PREMIUM]",,,,,,,,"[PREMIUM]"
"62546165","2026-09-16 23:13:57.062","2026-09-29 08:40:40.720","62546165","2026-09-16 21:39:43.000","[PREMIUM]","369","KS - KANSAS CITY",,,,"CDT","0","V",2023,"NISSAN","SENTRA","SENTRA",,"BLUE","FRONT END",,"MO","SC","YES","D",66347,"A","[PREMIUM]",17069,"2.0L  4","Front-wheel Drive","AUTOMATIC","GAS",4,"Run & Drive Verified","Pure Sale","[PREMIUM]",,"KANSAS CITY","KS","66111 2629","USA","USD","[PREMIUM]","[PREMIUM]","J050",false,"[PREMIUM]","SV",false,false,"[PREMIUM]",,,,,,,,"[PREMIUM]"
"62580566","2026-09-16 23:13:57.049","2026-09-29 08:40:40.694","62580566","2026-09-16 22:02:44.000","[PREMIUM]","369","KS - KANSAS CITY",,,,"CDT","0","V",2007,"FORD","EDGE","EDGE","4DR SPORT UTILITY","CREAM","SIDE",,"MO","SC","YES","D",203198,"E","[PREMIUM]",3339.41,"3.5L 6","FRONT WHEEL DRIVE","AUTOMATIC","GAS",6,"Run & Drive Verified","Pure Sale","[PREMIUM]",,"KANSAS CITY","KS","66111 2629","USA","USD","[PREMIUM]","[PREMIUM]","E130",false,"[PREMIUM]","SEL",false,false,"[PREMIUM]",,,,,,,,"[PREMIUM]"
"62422566","2026-09-16 23:13:56.915","2026-09-29 08:40:40.583","62422566","2026-09-16 21:56:01.000","[PREMIUM]","369","KS - KANSAS CITY",,,,"CDT","0","V",2017,"MERCEDES-BENZ","E-CLASS","E","SEDAN 4DR","SILVER","FRONT END","SIDE","KS","ST","YES","D",122379,"A","[PREMIUM]",17996.16,"2.0L 4","ALL WHEEL DRIVE","AUTOMATIC","GAS",4,"Run & Drive Verified","On Minimum Bid","[PREMIUM]",,"KANSAS CITY","KS","66111 2629","USA","USD","[PREMIUM]","[PREMIUM]","K040",false,"[PREMIUM]","300 4MATIC",false,false,"[PREMIUM]",,,,,,,,"[PREMIUM]"
"62418436","2026-09-16 23:13:56.838","2026-09-29 08:40:40.535","62418436","2026-09-16 21:44:14.000","[PREMIUM]","369","KS - KANSAS CITY",,,,"CDT","0","V",2008,"KIA","SPECTRA5","SPECTRA5","HATCHBACK 4DR","BLACK","SIDE",,"MO","SC","YES","D",243152,"E","[PREMIUM]",1960.45,"2.0L 4","FRONT WHEEL DRIVE","AUTOMATIC","GAS",4,"Run & Drive Verified","Pure Sale","[PREMIUM]",,"KANSAS CITY","KS","66111 2629","USA","USD","[PREMIUM]","[PREMIUM]","I050",false,"[PREMIUM]","5 SX",false,false,"[PREMIUM]",,,,,,,,"[PREMIUM]"
"62292416","2026-09-16 23:13:56.788","2026-09-22 02:52:39.891","62292416","2026-09-16 21:39:24.000","[PREMIUM]","369","KS - KANSAS CITY",,,,"CDT","0","V",2013,"TOYOTA","PRIUS","PRIUS C","HATCHBACK","GRAY","REAR END",,"MO","SC","NO",,0,"N","[PREMIUM]",8768.27,"1.5L 4","FRONT WHEEL DRIVE","AUTOMATIC","ELECTRIC AND GAS HYBRID",4,,"Pure Sale","[PREMIUM]",,"KANSAS CITY","KS","66111 2629","USA","USD","[PREMIUM]","[PREMIUM]","G040",false,"[PREMIUM]","FOUR",false,false,"[PREMIUM]",,,,,,,,"[PREMIUM]"
"61849035","2026-09-16 23:13:56.183","2026-09-29 08:40:39.747","61849035","2026-09-16 21:56:01.000","[PREMIUM]","369","KS - KANSAS CITY",,,,"CDT","0","V",2018,"HYUNDAI","SANTA FE","SANTA FE SPORT",,"ORANGE","FRONT END",,"KS","ST","YES","D",77407,"A","[PREMIUM]",10037.17,"2.4L  4","Front-wheel Drive","AUTOMATIC","GAS",4,"Run & Drive Verified","Pure Sale","[PREMIUM]",,"KANSAS CITY","KS","66111 2629","USA","USD","[PREMIUM]","[PREMIUM]","3E080",false,"[PREMIUM]",,false,false,"[PREMIUM]",,,,,,,,"[PREMIUM]"
"61754896","2026-09-16 23:13:56.078","2026-09-29 08:40:39.613","61754896","2026-09-16 21:45:57.000","[PREMIUM]","369","KS - KANSAS CITY",,,,"CDT","0","V",2015,"KIA","SPORTAGE","SPORTAGE","4DR SPORT UTILITY","RED","SIDE",,"KS","ST","YES","D",129113,"A","[PREMIUM]",11085,"2.4L 4","FRONT WHEEL DRIVE","AUTOMATIC","GAS",4,"Run & Drive Verified","Pure Sale","[PREMIUM]",,"KANSAS CITY","KS","66111 2629","USA","USD","[PREMIUM]","[PREMIUM]","M090",false,"[PREMIUM]","EX",false,false,"[PREMIUM]",,,,,,,,"[PREMIUM]"
"61562786","2026-09-16 23:13:55.832","2026-09-21 19:01:47.595","61562786","2026-09-18 17:49:18.000","[PREMIUM]","369","KS - KANSAS CITY","2026-09-22","TUESDAY","1200","CDT","1136","V",2025,"TOYOTA","TACOMA","TACOMA","PICKUP","ORANGE","FRONT END",,"FL","RB","YES","E",0,"N","[PREMIUM]",26068.74,"2.4L 4","FOUR BY FOUR","AUTOMATIC","GAS",4,"DEFAULT","Pure Sale","[PREMIUM]",,"KANSAS CITY","KS","66111 2629","USA","USD","[PREMIUM]","[PREMIUM]","H060",false,"[PREMIUM]","TRD OFF-ROAD",false,false,"[PREMIUM]",,,,,,,,"[PREMIUM]"
"61206816","2026-09-16 23:13:55.363","2026-09-29 08:40:38.952","61206816","2026-09-16 22:08:53.000","[PREMIUM]","369","KS - KANSAS CITY",,,,"CDT","0","V",2019,"FORD","MUSTANG","MUSTANG","COUPE","WHITE","FRONT END","SIDE","MO","SC","YES","D",112010,"A","[PREMIUM]",15880,"5.0L 8","REAR WHEEL DRIVE","AUTOMATIC","GAS",8,"Run & Drive Verified","Pure Sale","[PREMIUM]",,"KANSAS CITY","KS","66111 2629","USA","USD","[PREMIUM]","[PREMIUM]","F090",false,"[PREMIUM]","GT",false,false,"[PREMIUM]",,,,,,,,"[PREMIUM]"
"60703816","2026-09-16 23:13:54.686","2026-09-29 08:40:38.197","60703816","2026-09-16 21:39:43.000","[PREMIUM]","369","KS - KANSAS CITY",,,,"CDT","0","V",2017,"VOLKSWAGEN","PASSAT","PASSAT","SEDAN","BLACK","SIDE","REAR END","MO","SC","YES","D",162300,"A","[PREMIUM]",6495,"1.8L 4","FRONT WHEEL DRIVE","AUTOMATIC","GAS",4,"Run & Drive Verified","Pure Sale","[PREMIUM]",,"KANSAS CITY","KS","66111 2629","USA","USD","[PREMIUM]","[PREMIUM]","I090",false,"[PREMIUM]","SE",false,false,"[PREMIUM]",,,,,,,,"[PREMIUM]"
"60565076","2026-09-16 23:13:54.441","2026-09-29 08:40:38.067","60565076","2026-09-17 16:50:02.000","[PREMIUM]","369","KS - KANSAS CITY",,,,"CDT","0","V",2024,"HONDA","CRV","CR-V","SPORT UTILITY VEHICLE","CHARCOAL","FRONT END","REAR END","KS","ST","YES","D",7566,"A","[PREMIUM]",9565.99,"1.5L 4","ALL WHEEL DRIVE","AUTOMATIC","GAS",4,"Run & Drive Verified","Pure Sale","[PREMIUM]",,"KANSAS CITY","KS","66111 2629","USA","USD","[PREMIUM]","[PREMIUM]","N170",false,"[PREMIUM]","EXL",false,false,"[PREMIUM]",,,,,,,,"[PREMIUM]"
"60420446","2026-09-16 23:13:54.281","2026-09-29 08:40:37.918","60420446","2026-09-16 21:55:36.000","[PREMIUM]","369","KS - KANSAS CITY",,,,"CDT","0","V",2022,"CHEVROLET","ALL Models","SILVERADO","PICKUP","BLUE","REAR END",,"KS","ST","YES","D",79345,"A","[PREMIUM]",22647,"2.7L 4","4X4 W/REAR WHEEL DRV","AUTOMATIC","GAS",4,"Run & Drive Verified","On Minimum Bid","[PREMIUM]",,"KANSAS CITY","KS","66111 2629","USA","USD","[PREMIUM]","[PREMIUM]","M180",false,"[PREMIUM]","K1500 CUSTOM",false,false,"[PREMIUM]",,,,,,,,"[PREMIUM]"
"60060136","2026-09-16 23:13:53.808","2026-09-29 08:40:37.631","60060136","2026-09-16 21:39:24.000","[PREMIUM]","369","KS - KANSAS CITY",,,,"CDT","0","V",2004,"JEEP","GRAND CHER","GRAND CHEROKEE","4DR SPORT UTILITY","BLUE","FRONT END",,"MO","SC","YES","D",146177,"E","[PREMIUM]",6645.61,"4.0L 6","4X4 W/REAR WHEEL DRV","AUTOMATIC","GAS",6,"Run & Drive Verified","Pure Sale","[PREMIUM]",,"KANSAS CITY","KS","66111 2629","USA","USD","[PREMIUM]","[PREMIUM]","M190",false,"[PREMIUM]","LAREDO",false,false,"[PREMIUM]",,,,,,,,"[PREMIUM]"
"59594536","2026-09-16 23:13:53.555","2026-09-29 08:40:37.315","59594536","2026-09-16 21:56:08.000","[PREMIUM]","369","KS - KANSAS CITY",,,,"CDT","0","V",2014,"ACURA","MDX","MDX","4DR SPORT UTILITY","PURPLE","FRONT END","UNDERCARRIAGE","MO","SC","YES","D",215173,"A","[PREMIUM]",13267.43,"3.5L 6","ALL WHEEL DRIVE","AUTOMATIC","GAS",6,"Run & Drive Verified","On Minimum Bid","[PREMIUM]",,"KANSAS CITY","KS","66111 2629","USA","USD","[PREMIUM]","[PREMIUM]","L180",false,"[PREMIUM]","TECHNOLOGY",false,false,"[PREMIUM]",,,,,,,,"[PREMIUM]"
"58865016","2026-09-16 23:13:53.013","2026-09-29 08:40:36.963","58865016","2026-09-16 21:56:00.000","[PREMIUM]","369","KS - KANSAS CITY",,,,"CDT","0","V",2023,"CHEVROLET","TRAILBLAZE","TRAILBLAZER","SPORT UTILITY VEHICLE","BURGUNDY","BURN",,"KS","NR","EXM","E",0,"N","[PREMIUM]",0,"1.3L 3","FRONT WHEEL DRIVE","AUTOMATIC","GAS",3,"DEFAULT","Pure Sale","[PREMIUM]",,"KANSAS CITY","KS","66111 2629","USA","USD","[PREMIUM]","[PREMIUM]","I120",false,"[PREMIUM]","LT",false,false,"[PREMIUM]",,,,,,,,"[PREMIUM]"
"58513246","2026-09-16 23:13:52.748","2026-09-29 08:40:36.682","58513246","2026-09-25 17:36:14.000","[PREMIUM]","369","KS - KANSAS CITY","2026-09-29","TUESDAY","1200","CDT","2055","V",2019,"SUBARU","LEGACY","LEGACY","SEDAN","MAROON","HAIL",,"KS","ST","YES","D",126828,"A","[PREMIUM]",9612.34,"2.5L 4","ALL WHEEL DRIVE","AUTOMATIC","GAS",4,"Run & Drive Verified","Pure Sale","[PREMIUM]",,"KANSAS CITY","KS","66111 2629","USA","USD","[PREMIUM]","[PREMIUM]","N130",false,"[PREMIUM]","2.5I",false,false,"[PREMIUM]",,,,,,,,"[PREMIUM]"
"56396876","2026-09-16 23:13:51.255","2026-09-29 08:40:35.161","56396876","2026-09-28 12:54:39.000","[PREMIUM]","369","KS - KANSAS CITY","2026-09-29","TUESDAY","1200","CDT","2523","V",2008,"KIA","OPTIMA","OPTIMA","SEDAN","BLACK","FRONT END",,"KS","ST","YES","E",0,"E","[PREMIUM]",0,"2.4L 4","FRONT WHEEL DRIVE","AUTOMATIC","GAS",4,"DEFAULT","Pure Sale","[PREMIUM]",,"KANSAS CITY","KS","66111 2629","USA","USD","[PREMIUM]","[PREMIUM]","M150",false,"[PREMIUM]","LX",false,false,"[PREMIUM]",,,,,,,,"[PREMIUM]"
"56099776","2026-09-16 23:13:51.099","2026-09-29 08:40:35.024","56099776","2026-09-16 21:44:14.000","[PREMIUM]","835","MEDIUM DUTY SPECIALTY SALE",,,,"CDT","0","K",2022,"FORD","All Models","F150","PICKUP","WHITE","FRONT END","SIDE","MO","SC","YES","D",125191,"A","[PREMIUM]",14526,"5.0L 8","REAR WHEEL DRIVE","AUTOMATIC","GAS",8,"Run & Drive Verified","On Minimum Bid","[PREMIUM]",,"KANSAS CITY","KS","66111 2629","USA","USD","[PREMIUM]","[PREMIUM]","3SB04",false,"[PREMIUM]",,false,false,"[PREMIUM]",,,,,,,,"[PREMIUM]"
"55167444","2026-09-16 23:13:50.905","2026-09-29 08:40:34.705","55167444","2026-09-25 17:36:14.000","[PREMIUM]","369","KS - KANSAS CITY","2026-09-29","TUESDAY","1200","CDT","2543","V",2000,"GMC","SIERRA","NEW SIERRA",,"TAN","ALL OVER",,"KS","ST","YES","S",220988,"E","[PREMIUM]",4579.02,"4.3L  6","Rear-wheel drive","AUTOMATIC","GAS",6,"Vehicle Starts","Pure Sale","[PREMIUM]",,"KANSAS CITY","KS","66111 2629","USA","USD","[PREMIUM]","[PREMIUM]","INSP",false,"[PREMIUM]","C1500",false,false,"[PREMIUM]",,,,,,,,"[PREMIUM]"
"54554096","2026-09-16 23:13:50.608","2026-09-29 08:40:34.430","54554096","2026-09-27 18:43:16.000","[PREMIUM]","369","KS - KANSAS CITY",,,,"CDT","0","V",2014,"TOYOTA","CAMRY","CAMRY","SEDAN","BLACK","SIDE",,"MO","SC","YES","D",86011,"A","[PREMIUM]",14225,"2.5L 4","FRONT WHEEL DRIVE","AUTOMATIC","GAS",4,"Run & Drive Verified","Pure Sale","[PREMIUM]",,"KANSAS CITY","KS","66111 2629","USA","USD","[PREMIUM]","[PREMIUM]","L080",false,"[PREMIUM]","SE",false,false,"[PREMIUM]",,,,,,,,"[PREMIUM]"
"54316036","2026-09-16 23:13:50.506","2026-09-29 08:40:34.270","54316036","2026-09-16 21:39:24.000","[PREMIUM]","369","KS - KANSAS CITY",,,,"CDT","0","V",2016,"FORD","FUSION","FUSION","SEDAN 4DR","BLACK","FRONT END",,"MO","SC","YES","D",153263,"A","[PREMIUM]",15887,"2.0L 4","FRONT WHEEL DRIVE","AUTOMATIC","GAS",4,"Run & Drive Verified","Pure Sale","[PREMIUM]",,"KANSAS CITY","KS","66111 2629","USA","USD","[PREMIUM]","[PREMIUM]","F110",false,"[PREMIUM]","TITANIUM",false,false,"[PREMIUM]",,,,,,,,"[PREMIUM]"
"53328156","2026-09-16 23:13:50.206","2026-09-29 08:40:34.010","53328156","2026-09-16 21:57:00.000","[PREMIUM]","369","KS - KANSAS CITY",,,,"CDT","0","V",2019,"CHEVROLET","TRAVERSE","TRAVERSE","SPORT UTILITY VEHICLE","WHITE","UNDERCARRIAGE","SIDE","MO","SC","YES","D",167222,"A","[PREMIUM]",17570.36,"3.6L 6","FRONT WHEEL DRIVE","AUTOMATIC","GAS",6,"Run & Drive Verified","Pure Sale","[PREMIUM]",,"KANSAS CITY","KS","66111 2629","USA","USD","[PREMIUM]","[PREMIUM]","H010",false,"[PREMIUM]","LT",false,false,"[PREMIUM]",,,,,,,,"[PREMIUM]"
"52430936","2026-09-16 23:13:49.934","2026-09-29 08:40:33.653","52430936","2026-09-16 21:57:00.000","[PREMIUM]","369","KS - KANSAS CITY",,,,"CDT","0","V",2016,"KIA","SORENTO","SORENTO","SUV","WHITE","HAIL",,"MO","SC","YES","D",109746,"A","[PREMIUM]",4625.66,"2.4L 4","FRONT WHEEL DRIVE","AUTOMATIC","GAS",4,"Run & Drive Verified","Pure Sale","[PREMIUM]",,"KANSAS CITY","KS","66111 2629","USA","USD","[PREMIUM]","[PREMIUM]","C120",false,"[PREMIUM]","LX",false,false,"[PREMIUM]",,,,,,,,"[PREMIUM]"
"52153436","2026-09-16 23:13:49.803","2026-09-29 08:40:33.508","52153436","2026-09-16 21:39:24.000","[PREMIUM]","369","KS - KANSAS CITY",,,,"CDT","0","V",2016,"CHEVROLET","CAMARO","CAMARO","COUPE","BLACK","TOP/ROOF",,"MO","SC","YES","E",0,"N","[PREMIUM]",15867,"6.2L 8","REAR WHEEL DRIVE","AUTOMATIC","GAS",8,"DEFAULT","On Minimum Bid","[PREMIUM]",,"KANSAS CITY","KS","66111 2629","USA","USD","[PREMIUM]","[PREMIUM]","L100",false,"[PREMIUM]","SS",false,false,"[PREMIUM]",,,,,,,,"[PREMIUM]"
"51248266","2026-09-16 23:13:49.508","2026-09-29 08:40:33.233","51248266","2026-09-16 21:42:56.000","[PREMIUM]","369","KS - KANSAS CITY",,,,"CDT","0","V",2016,"GMC","ACADIA","ACADIA","4DR SPORT UTILITY","WHITE","HAIL",,"KS","ST","YES","D",103181,"A","[PREMIUM]",8653.52,"3.6L 6","FRONT WHEEL DRIVE","AUTOMATIC","GAS",6,"Run & Drive Verified","Pure Sale","[PREMIUM]",,"KANSAS CITY","KS","66111 2629","USA","USD","[PREMIUM]","[PREMIUM]","J150",false,"[PREMIUM]","SLT-1",false,false,"[PREMIUM]",,,,,,,,"[PREMIUM]"
"50526446","2026-09-16 23:13:49.322","2026-09-29 08:40:33.112","50526446","2026-09-25 17:36:14.000","[PREMIUM]","369","KS - KANSAS CITY","2026-09-29","TUESDAY","1200","CDT","2043","V",2017,"NISSAN","ALTIMA","ALTIMA","SEDAN","WHITE","FRONT END","SIDE","KS","ST","YES","D",82900,"A","[PREMIUM]",0,"2.5L 4","FRONT WHEEL DRIVE","AUTOMATIC","GAS",4,"Run & Drive Verified","Pure Sale","[PREMIUM]",,"KANSAS CITY","KS","66111 2629","USA","USD","[PREMIUM]","[PREMIUM]","INSP",false,"[PREMIUM]","2.5 SV",false,false,"[PREMIUM]",,,,,,,,"[PREMIUM]"
"48699716","2026-09-16 23:13:48.960","2026-09-29 08:40:32.827","48699716","2026-09-16 21:44:14.000","[PREMIUM]","369","KS - KANSAS CITY",,,,"CDT","0","V",2005,"CHEVROLET","TRAILBLZR","TRAILBLAZER","4DR SPORT UTILITY","GRAY","FRONT END","REAR END","MO","SC","YES","S",0,"E","[PREMIUM]",4000,"4.2L 6","REAR WHEEL DRIVE","AUTOMATIC","GAS",6,"Vehicle Starts","Pure Sale","[PREMIUM]",,"KANSAS CITY","KS","66111 2629","USA","USD","[PREMIUM]","[PREMIUM]","C170",false,"[PREMIUM]","LS",false,false,"[PREMIUM]",,,,,,,,"[PREMIUM]"
"68916686","2026-09-16 23:13:48.097","2026-09-29 08:40:30.423","68916686","2026-09-28 18:25:37.000","[PREMIUM]","368","NC - RALEIGH NORTH","2026-10-02","FRIDAY","1000","EDT","0","V",2019,"HONDA","INSIGHT","INSIGHT","SEDAN","BURGUNDY","FRONT END","MINOR DENT/SCRATCHES","NC","SC","YES","D",64218,"A","[PREMIUM]",13416,"1.5L 4","FRONT WHEEL DRIVE","AUTOMATIC","ELECTRIC AND GAS HYBRID",4,"Run & Drive Verified","Pure Sale","[PREMIUM]",,"KNIGHTDALE","NC","27545","USA","USD","[PREMIUM]","[PREMIUM]","F120",false,"[PREMIUM]","LX",false,false,"[PREMIUM]",,,,,,,,"[PREMIUM]"
"68319186","2026-09-16 23:13:47.779","2026-09-29 08:40:29.843","68319186","2026-09-25 15:15:21.000","[PREMIUM]","880","*NCS - EASTERN REGION","2026-09-29","TUESDAY","2100","EDT","0","V",2014,"SUBARU","BRZ","BRZ","COUPE","WHITE","FRONT END","REAR END","VA","CT","YES","S",164554,"A","[PREMIUM]",0,"2.0L 4","REAR WHEEL DRIVE","MANUAL","GAS",4,"Vehicle Starts","On Minimum Bid","[PREMIUM]",,"KNIGHTDALE","NC","27545","USA","USD","[PREMIUM]","[PREMIUM]","A100",true,"[PREMIUM]","2.0 LIMITED",false,false,"[PREMIUM]",,,,,,,,"[PREMIUM]"
"67472966","2026-09-16 23:13:47.120","2026-09-25 05:16:44.231","67472966","2026-09-16 21:13:30.000","[PREMIUM]","368","NC - RALEIGH NORTH","2026-09-25","FRIDAY","1000","EDT","0","V",2020,"TESLA","MODEL 3","MODEL 3","SEDAN","WHITE","SIDE","FRONT END","NC","SC","YES","S",162884,"A","[PREMIUM]",16039.85,,"ALL WHEEL DRIVE","AUTOMATIC","ELECTRIC",,"Vehicle Starts","Pure Sale","[PREMIUM]",,"KNIGHTDALE","NC","27545","USA","USD","[PREMIUM]","[PREMIUM]","A030",false,"[PREMIUM]",,false,false,"[PREMIUM]",,,,,,,,"[PREMIUM]"
"66611476","2026-09-16 23:13:45.877","2026-09-29 08:40:27.690","66611476","2026-09-28 18:41:06.000","[PREMIUM]","368","NC - RALEIGH NORTH","2026-10-02","FRIDAY","1000","EDT","0","V",2025,"HONDA","PILOT","PILOT","SPORT UTILITY VEHICLE","WHITE","SIDE","FRONT END","NC","SC","YES","D",17980,"A","[PREMIUM]",21869.21,"3.5L 6","ALL WHEEL DRIVE","AUTOMATIC","GAS",6,"Run & Drive Verified","Pure Sale","[PREMIUM]",,"KNIGHTDALE","NC","27545","USA","USD","[PREMIUM]","[PREMIUM]","SB008",false,"[PREMIUM]","TOURING",false,false,"[PREMIUM]",,,,,,,,"[PREMIUM]"
"63935686","2026-09-16 23:13:42.821","2026-09-29 08:40:25.630","63935686","2026-09-16 21:36:54.000","[PREMIUM]","368","NC - RALEIGH NORTH",,,,"EDT","0","V",2025,"TESLA","CYBERTRUCK","CYBERTRUCK","PICKUP","BURGUNDY","FRONT END","SIDE","NC","SC","YES","S",22611,"A","[PREMIUM]",50636.79,,"ALL WHEEL DRIVE","AUTOMATIC","ELECTRIC",,"Vehicle Starts","Pure Sale","[PREMIUM]",,"KNIGHTDALE","NC","27545","USA","USD","[PREMIUM]","[PREMIUM]","B030",false,"[PREMIUM]",,false,false,"[PREMIUM]",,,,,,,,"[PREMIUM]"
"62287236","2026-09-16 23:13:41.674","2026-09-29 08:40:24.935","62287236","2026-09-16 22:12:03.000","[PREMIUM]","368","NC - RALEIGH NORTH",,,,"EDT","0","V",2019,"AUDI","A6","A6","SEDAN","BLACK","ALL OVER",,"NC","SC","YES","D",86331,"A","[PREMIUM]",7333.22,"3.0L 6","ALL WHEEL DRIVE","AUTOMATIC","GAS",6,"Run & Drive Verified","Pure Sale","[PREMIUM]",,"KNIGHTDALE","NC","27545","USA","USD","[PREMIUM]","[PREMIUM]","SA002",false,"[PREMIUM]","PRESTIGE",false,false,"[PREMIUM]",,,,,,,,"[PREMIUM]"
"52536486","2026-09-16 23:13:39.543","2026-09-29 08:40:23.321","52536486","2026-09-16 21:30:56.000","[PREMIUM]","368","NC - RALEIGH NORTH",,,,"EDT","0","V",2019,"CHEVROLET","TRAVERSE","TRAVERSE","SPORT UTILITY VEHICLE","GRAY","FRONT END",,"NC","SC","YES","E",0,"N","[PREMIUM]",9544,"3.6L 6","FRONT WHEEL DRIVE","AUTOMATIC","GAS",6,"DEFAULT","Pure Sale","[PREMIUM]",,"KNIGHTDALE","NC","27545","USA","USD","[PREMIUM]","[PREMIUM]","A080",false,"[PREMIUM]","LS",false,false,"[PREMIUM]",,,,,,,,"[PREMIUM]"
"49234256","2026-09-16 23:13:39.385","2026-09-29 08:40:23.307","49234256","2026-09-16 21:30:56.000","[PREMIUM]","368","NC - RALEIGH NORTH",,,,"EDT","0","V",2023,"TESLA","MODEL Y","MODEL Y","SPORT UTILITY VEHICLE","BLACK","FRONT END","REAR END","NC","SC","YES","S",54284,"N","[PREMIUM]",17059.69,,"ALL WHEEL DRIVE","AUTOMATIC","ELECTRIC",,"Vehicle Starts","Pure Sale","[PREMIUM]",,"KNIGHTDALE","NC","27545","USA","USD","[PREMIUM]","[PREMIUM]","A010",false,"[PREMIUM]",,false,false,"[PREMIUM]",,,,,,,,"[PREMIUM]"
"68990226","2026-09-16 23:13:39.098","2026-09-23 03:37:55.174","68990226","2026-09-17 21:41:06.000","[PREMIUM]","367","CA - MENTONE","2026-09-23","WEDNESDAY","1200","PDT","0","V",2017,"HONDA","CRV","CR-V","SPORT UTILITY VEHICLE","BLUE","REAR END",,"CA","SC","YES","D",150506,"A","[PREMIUM]",9334.23,"1.5L 4","FRONT WHEEL DRIVE","AUTOMATIC","GAS                           ",4,"Run & Drive Verified","Pure Sale","[PREMIUM]",,"MENTONE","CA","92359","USA","USD","[PREMIUM]","[PREMIUM]","E090",false,"[PREMIUM]","TOURING",false,false,"[PREMIUM]",,,,,,,,"[PREMIUM]"
"69164246","2026-09-16 23:13:39.079","2026-09-23 03:37:55.302","69164246","2026-09-17 21:41:08.000","[PREMIUM]","367","CA - MENTONE","2026-09-23","WEDNESDAY","1200","PDT","0","V",2009,"SCION","TC","TC","HATCHBACK","BLACK","REAR END","FRONT END","CA","SC","YES","D",217630,"A","[PREMIUM]",2557,"2.4L 4","FRONT WHEEL DRIVE","AUTOMATIC","GAS                           ",4,"Run & Drive Verified","Pure Sale","[PREMIUM]",,"MENTONE","CA","92359","USA","USD","[PREMIUM]","[PREMIUM]","A010",false,"[PREMIUM]","BASE",false,false,"[PREMIUM]",,,,,,,,"[PREMIUM]"
"69052406","2026-09-16 23:13:39.065","2026-09-29 05:21:17.425","69052406","2026-09-24 23:22:19.000","[PREMIUM]","367","CA - MENTONE","2026-09-30","WEDNESDAY","1200","PDT","0","V",2003,"TOYOTA","COROLLA","COROLLA","SEDAN","WHITE","MECHANICAL","FRONT END","CA","DV","YES","D",189433,"E","[PREMIUM]",0,"1.8L 4","FRONT WHEEL DRIVE","AUTOMATIC","GAS",4,"Run & Drive Verified","On Minimum Bid","[PREMIUM]",,"MENTONE","CA","92359","USA","USD","[PREMIUM]","[PREMIUM]","F080",true,"[PREMIUM]","S",false,false,"[PREMIUM]",,,,,,,,"[PREMIUM]"
"68806516","2026-09-16 23:13:38.946","2026-09-23 03:37:55.016","68806516","2026-09-17 21:40:37.000","[PREMIUM]","367","CA - MENTONE","2026-09-23","WEDNESDAY","1200","PDT","0","V",2013,"TESLA","MODEL S","MODEL S","HATCHBACK 4DR","CHARCOAL","FRONT END","REAR END","CA","SC","YES","D",166706,"A","[PREMIUM]",9413.89,,"REAR WHEEL DRIVE","AUTOMATIC","ELECTRIC",,"Run & Drive Verified","Pure Sale","[PREMIUM]",,"MENTONE","CA","92359","USA","USD","[PREMIUM]","[PREMIUM]","E040",false,"[PREMIUM]",,false,false,"[PREMIUM]",,,,,,,,"[PREMIUM]"
"68694146","2026-09-16 23:13:38.939","2026-09-23 03:37:54.844","68694146","2026-09-17 21:40:35.000","[PREMIUM]","367","CA - MENTONE","2026-09-23","WEDNESDAY","1200","PDT","0","V",2008,"HONDA","CIVIC","CIVIC","SEDAN 4DR","GRAY","SIDE","REAR END","CA","SC","YES","D",155954,"A","[PREMIUM]",6541.83,"1.8L 4","FRONT WHEEL DRIVE","AUTOMATIC","GAS",4,"Run & Drive Verified","Pure Sale","[PREMIUM]",,"MENTONE","CA","92359","USA","USD","[PREMIUM]","[PREMIUM]","B050",false,"[PREMIUM]","EX",false,false,"[PREMIUM]",,,,,,,,"[PREMIUM]"
"65274996","2026-09-16 23:13:38.385","2026-09-28 23:24:09.040","65274996","2026-09-24 19:59:30.000","[PREMIUM]","367","CA - MENTONE","2026-09-30","WEDNESDAY","1200","PDT","0","V",2009,"HONDA","CIVIC","CIVIC","SEDAN 4DR","CHARCOAL","REAR END",,"CA","SC","YES","D",124395,"A","[PREMIUM]",9500.44,"1.8L 4","FRONT WHEEL DRIVE","AUTOMATIC","GAS",4,"Run & Drive Verified","On Minimum Bid","[PREMIUM]",,"MENTONE","CA","92359","USA","USD","[PREMIUM]","[PREMIUM]","D080",false,"[PREMIUM]","EX",false,false,"[PREMIUM]",,,,,,,,"[PREMIUM]"
"99648555","2026-09-16 23:13:37.453","2026-09-29 08:40:18.337","99648555","2026-09-28 18:48:12.000","[PREMIUM]","366","FL - CLEWISTON","2026-10-05","MONDAY","1000","EDT","0","V",2017,"MERCEDES-BENZ","CLA-CLASS","CLA",,"WHITE","FRONT END","UNDERCARRIAGE","FL","RB","YES","S",66820,"N","[PREMIUM]",2912.76,"2.0L  4","ALL WHEEL DRIVE","AUTOMATIC","GAS",4,"Vehicle Starts","On Minimum Bid","[PREMIUM]",,"CLEWISTON","FL","33440","USA","USD","[PREMIUM]","[PREMIUM]","N130",false,"[PREMIUM]","250 4MATIC",false,false,"[PREMIUM]",,,,,,,,"[PREMIUM]"
"85624535","2026-09-16 23:13:37.307","2026-09-28 07:03:21.175","85624535","2026-09-18 18:02:06.000","[PREMIUM]","366","FL - CLEWISTON","2026-09-28","MONDAY","1000","EDT","0","V",2015,"TOYOTA","CAMRY","CAMRY","SEDAN","GRAY","FRONT END",,"FL","RB","YES","D",158246,"A","[PREMIUM]",8131.22,"2.5L 4","FRONT WHEEL DRIVE","AUTOMATIC","GAS",4,"Run & Drive Verified","Pure Sale","[PREMIUM]",,"CLEWISTON","FL","33440","USA","USD","[PREMIUM]","[PREMIUM]","I070",false,"[PREMIUM]","SE",false,false,"[PREMIUM]",,,,,,,,"[PREMIUM]"
"79668545","2026-09-16 23:13:37.013","2026-09-28 07:03:20.996","79668545","2026-09-18 16:37:06.000","[PREMIUM]","366","FL - CLEWISTON","2026-09-28","MONDAY","1000","EDT","0","V",2025,"BMW","330XI","330XI","SEDAN","WHITE","FRONT END","REAR END","FL","RB","YES",,0,"N","[PREMIUM]",30664,"2.0L 4","ALL WHEEL DRIVE","AUTOMATIC","GAS",4,,"On Minimum Bid","[PREMIUM]",,"CLEWISTON","FL","33440","USA","USD","[PREMIUM]","[PREMIUM]","M060",false,"[PREMIUM]",,false,false,"[PREMIUM]",,,,,,,,"[PREMIUM]"
"77150895","2026-09-16 23:13:36.839","2026-09-28 07:03:20.837","77150895","2026-09-25 20:39:59.000","[PREMIUM]","366","FL - CLEWISTON","2026-09-28","MONDAY","1000","EDT","0","V",2022,"DODGE","CHARGER","CHARGER",,"WHITE","TOP/ROOF",,"FL","RB","YES","D",27641,"N","[PREMIUM]",20509.93,"3.6L  6","Rear-wheel drive","AUTOMATIC","FLEXIBLE FUEL",6,"Run & Drive Verified","On Minimum Bid","[PREMIUM]",,"CLEWISTON","FL","33440","USA","USD","[PREMIUM]","[PREMIUM]","I050",false,"[PREMIUM]","GT",false,false,"[PREMIUM]",,,,,,,,"[PREMIUM]"
"77265975","2026-09-16 23:13:36.804","2026-09-28 07:03:20.855","77265975","2026-09-18 16:29:07.000","[PREMIUM]","366","FL - CLEWISTON","2026-09-28","MONDAY","1000","EDT","0","V",2024,"TOYOTA","CAMRY","CAMRY",,"BLACK","REAR END","SIDE","FL","RB","YES","D",50743,"N","[PREMIUM]",14723.2,"2.5L  4","Front-wheel Drive","AUTOMATIC","GAS",4,"Run & Drive Verified","On Minimum Bid","[PREMIUM]",,"CLEWISTON","FL","33440","USA","USD","[PREMIUM]","[PREMIUM]","J010",false,"[PREMIUM]","SE NIGHT SHADE",false,false,"[PREMIUM]",,,,,,,,"[PREMIUM]"
"68309956","2026-09-16 23:13:36.680","2026-09-28 07:03:20.413","68309956","2026-09-18 16:58:35.000","[PREMIUM]","366","FL - CLEWISTON","2026-09-28","MONDAY","1000","EDT","0","V",2017,"HYUNDAI","ELANTRA","ELANTRA","SEDAN","SILVER","FRONT END",,"FL","RB","YES","D",60838,"A","[PREMIUM]",8676,"2.0L 4","FRONT WHEEL DRIVE","AUTOMATIC","GAS",4,"Run & Drive Verified","Pure Sale","[PREMIUM]",,"CLEWISTON","FL","33440","USA","USD","[PREMIUM]","[PREMIUM]","L010",false,"[PREMIUM]","SE",false,false,"[PREMIUM]",,,,,,,,"[PREMIUM]"
"68253306","2026-09-16 23:13:36.584","2026-09-28 07:03:20.251","68253306","2026-09-18 18:20:08.000","[PREMIUM]","366","FL - CLEWISTON","2026-09-28","MONDAY","1000","EDT","0","V",2014,"RAM","1500","1500","CREW PICKUP","BLACK","REAR END","FRONT END","FL","RB","YES","D",121250,"A","[PREMIUM]",4708.92,"5.7L 8","4X4 W/REAR WHEEL DRV","AUTOMATIC","GAS",8,"Run & Drive Verified","Pure Sale","[PREMIUM]",,"CLEWISTON","FL","33440","USA","USD","[PREMIUM]","[PREMIUM]","M130",false,"[PREMIUM]","ST",false,false,"[PREMIUM]",,,,,,,,"[PREMIUM]"
"68269856","2026-09-16 23:13:36.561","2026-09-28 07:03:20.390","68269856","2026-09-18 16:38:38.000","[PREMIUM]","366","FL - CLEWISTON","2026-09-28","MONDAY","1000","EDT","0","V",2020,"AUDI","A4","A4","SEDAN","BLACK","FRONT END","SIDE","FL","RB","YES","D",64011,"A","[PREMIUM]",16426.12,"2.0L 4","ALL WHEEL DRIVE","AUTOMATIC","GAS                           ",4,"Run & Drive Verified","Pure Sale","[PREMIUM]",,"CLEWISTON","FL","33440","USA","USD","[PREMIUM]","[PREMIUM]","L010",false,"[PREMIUM]","PREMIUM PLUS",false,false,"[PREMIUM]",,,,,,,,"[PREMIUM]"
"67418026","2026-09-16 23:13:36.417","2026-09-28 07:03:20.158","67418026","2026-09-18 16:35:16.000","[PREMIUM]","366","FL - CLEWISTON","2026-09-28","MONDAY","1000","EDT","0","V",2020,"TESLA","MODEL 3","MODEL 3","SEDAN","WHITE","FRONT END","REAR END","FL","CD","NO","E",59818,"A","[PREMIUM]",22396,,"REAR WHEEL DRIVE","AUTOMATIC","ELECTRIC",,"DEFAULT","Pure Sale","[PREMIUM]",,"CLEWISTON","FL","33440","USA","USD","[PREMIUM]","[PREMIUM]","N070",false,"[PREMIUM]",,false,false,"[PREMIUM]",,,,,,,,"[PREMIUM]"
"64386376","2026-09-16 23:13:35.988","2026-09-28 07:03:19.389","64386376","2026-09-18 14:03:07.000","[PREMIUM]","366","FL - CLEWISTON","2026-09-28","MONDAY","1000","EDT","0","V",2022,"MITSUBISHI","OUTLANDER","OUTLANDER","SPORT UTILITY VEHICLE","GRAY","FRONT END",,"FL","RB","YES","D",66812,"A","[PREMIUM]",13170.39,"2.5L 4","FRONT WHEEL DRIVE","AUTOMATIC","GAS",4,"Run & Drive Verified","Pure Sale","[PREMIUM]",,"CLEWISTON","FL","33440","USA","USD","[PREMIUM]","[PREMIUM]","M110",false,"[PREMIUM]","SE",false,false,"[PREMIUM]",,,,,,,,"[PREMIUM]"
"64006926","2026-09-16 23:13:35.919","2026-09-28 07:03:19.247","64006926","2026-09-26 12:38:38.000","[PREMIUM]","366","FL - CLEWISTON","2026-09-28","MONDAY","1000","EDT","0","V",2014,"KIA","OPTIMA","OPTIMA","SEDAN 4DR","WHITE","REAR END","SIDE","FL","CD","YES","E",131929,"N","[PREMIUM]",5000,"2.4L 4","FRONT WHEEL DRIVE","AUTOMATIC","GAS",4,"DEFAULT","On Minimum Bid","[PREMIUM]",,"CLEWISTON","FL","33440","USA","USD","[PREMIUM]","[PREMIUM]","I000",false,"[PREMIUM]","EX",false,false,"[PREMIUM]",,,,,,,,"[PREMIUM]"
"64021886","2026-09-16 23:13:35.568","2026-09-29 08:40:17.116","64021886","2026-09-16 21:39:53.000","[PREMIUM]","366","FL - CLEWISTON",,,,"EDT","0","V",2022,"MERCEDES-BENZ","CLA-CLASS","CLA","SEDAN","BLUE","REAR END","MINOR DENT/SCRATCHES","FL","CD","YES","S",55946,"A","[PREMIUM]",37947,"2.0L 4","ALL WHEEL DRIVE","AUTOMATIC","GAS",4,"Vehicle Starts","Pure Sale","[PREMIUM]",,"CLEWISTON","FL","33440","USA","USD","[PREMIUM]","[PREMIUM]","M120",false,"[PREMIUM]","AMG 35 4MATIC",false,false,"[PREMIUM]",,,,,,,,"[PREMIUM]"
"62939176","2026-09-16 23:13:35.432","2026-09-28 07:03:19.082","62939176","2026-09-26 12:41:38.000","[PREMIUM]","366","FL - CLEWISTON","2026-09-28","MONDAY","1000","EDT","0","V",2019,"HYUNDAI","ELANTRA","ELANTRA","SEDAN","SILVER","FRONT END",,"FL","RB","YES","D",126655,"A","[PREMIUM]",10302.56,"2.0L 4","FRONT WHEEL DRIVE","AUTOMATIC","GAS",4,"Run & Drive Verified","Pure Sale","[PREMIUM]",,"CLEWISTON","FL","33440","USA","USD","[PREMIUM]","[PREMIUM]","I060",false,"[PREMIUM]","SEL",false,false,"[PREMIUM]",,,,,,,,"[PREMIUM]"
"62673746","2026-09-16 23:13:35.424","2026-09-23 03:37:49.016","62673746","2026-09-18 13:56:36.000","[PREMIUM]","835","MEDIUM DUTY SPECIALTY SALE","2026-09-23","WEDNESDAY","1100","CDT","0","K",2023,"RAM","2500","2500","PICKUP","WHITE","FRONT END",,"FL","CD","YES","E",105805,"A","[PREMIUM]",28268.61,"6.7L 6","4X4 W/REAR WHEEL DRV","AUTOMATIC","DIESEL",6,"DEFAULT","Pure Sale","[PREMIUM]",,"CLEWISTON","FL","33440","USA","USD","[PREMIUM]","[PREMIUM]","X060",false,"[PREMIUM]","TRADESMAN",false,false,"[PREMIUM]",,,,,,,,"[PREMIUM]"
"62289096","2026-09-16 23:13:35.392","2026-09-28 07:03:18.849","62289096","2026-09-23 20:23:36.000","[PREMIUM]","366","FL - CLEWISTON","2026-09-28","MONDAY","1000","EDT","0","V",2003,"HONDA","ACCORD","ACCORD","SEDAN 4DR","BLACK","REAR END",,"FL","RB","YES","D",135051,"A","[PREMIUM]",8971.69,"3.0L 6","FRONT WHEEL DRIVE","AUTOMATIC","GAS",6,"Run & Drive Verified","Pure Sale","[PREMIUM]",,"CLEWISTON","FL","33440","USA","USD","[PREMIUM]","[PREMIUM]","J020",false,"[PREMIUM]","EX",false,false,"[PREMIUM]",,,,,,,,"[PREMIUM]"
"62034746","2026-09-16 23:13:35.213","2026-09-28 07:03:18.674","62034746","2026-09-18 14:03:38.000","[PREMIUM]","366","FL - CLEWISTON","2026-09-28","MONDAY","1000","EDT","0","V",2026,"TESLA","MODEL 3","MODEL 3","SEDAN","GRAY","ALL OVER",,"FL","RB","YES","E",153,"A","[PREMIUM]",35000,,"REAR WHEEL DRIVE","AUTOMATIC","ELECTRIC",,"DEFAULT","Pure Sale","[PREMIUM]",,"CLEWISTON","FL","33440","USA","USD","[PREMIUM]","[PREMIUM]","N090",false,"[PREMIUM]",,false,false,"[PREMIUM]",,,,,,,,"[PREMIUM]"
"61957086","2026-09-16 23:13:35.177","2026-09-28 07:03:18.671","61957086","2026-09-26 14:17:17.000","[PREMIUM]","366","FL - CLEWISTON","2026-09-28","MONDAY","1000","EDT","0","V",2020,"TOYOTA","COROLLA","COROLLA","SEDAN","SILVER","SIDE","FRONT END","FL","RB","YES","D",159515,"A","[PREMIUM]",705.55,"1.8L 4","FRONT WHEEL DRIVE","AUTOMATIC","ELECTRIC AND GAS HYBRID",4,"Run & Drive Verified","Pure Sale","[PREMIUM]",,"CLEWISTON","FL","33440","USA","USD","[PREMIUM]","[PREMIUM]","L090",false,"[PREMIUM]","LE",false,false,"[PREMIUM]",,,,,,,,"[PREMIUM]"
"61371536","2026-09-16 23:13:35.035","2026-09-29 08:40:16.839","61371536","2026-09-27 17:45:53.000","[PREMIUM]","366","FL - CLEWISTON",,,,"EDT","0","V",2026,"HYUNDAI","ELANTRA","ELANTRA","SEDAN","GRAY","FRONT END","SIDE","IN","ST","YES","D",3060,"A","[PREMIUM]",25126.54,"2.0L 4","FRONT WHEEL DRIVE","AUTOMATIC","GAS",4,"Run & Drive Verified","Pure Sale","[PREMIUM]",,"CLEWISTON","FL","33440","USA","USD","[PREMIUM]","[PREMIUM]","I070",false,"[PREMIUM]","SEL SPORT PREMIUM",false,false,"[PREMIUM]",,,,,,,,"[PREMIUM]"
"60994756","2026-09-16 23:13:34.903","2026-09-28 07:03:18.528","60994756","2026-09-18 16:49:37.000","[PREMIUM]","366","FL - CLEWISTON","2026-09-28","MONDAY","1000","EDT","0","V",2019,"MERCEDES-BENZ","C-CLASS","C","SEDAN","SILVER","FRONT END",,"FL","RB","YES","D",80058,"A","[PREMIUM]",12234.05,"2.0L 4","REAR WHEEL DRIVE","AUTOMATIC","GAS",4,"Run & Drive Verified","On Minimum Bid","[PREMIUM]",,"CLEWISTON","FL","33440","USA","USD","[PREMIUM]","[PREMIUM]","J050",false,"[PREMIUM]","300",false,false,"[PREMIUM]",,,,,,,,"[PREMIUM]"
"60924476","2026-09-16 23:13:34.896","2026-09-28 07:03:18.410","60924476","2026-09-18 14:03:37.000","[PREMIUM]","366","FL - CLEWISTON","2026-09-28","MONDAY","1000","EDT","0","V",2025,"CHEVROLET","EXPRESS","EXPRESS G2500","VAN CARGO","WHITE","REAR END",,"FL","RB","YES","D",8923,"N","[PREMIUM]",16000,"4.3L 6","REAR WHEEL DRIVE","AUTOMATIC","GAS",6,"Run & Drive Verified","Pure Sale","[PREMIUM]",,"CLEWISTON","FL","33440","USA","USD","[PREMIUM]","[PREMIUM]","W060",false,"[PREMIUM]",,false,false,"[PREMIUM]",,,,,,,,"[PREMIUM]"
"56562766","2026-09-16 23:13:34.358","2026-09-28 07:03:17.997","56562766","2026-09-26 13:59:17.000","[PREMIUM]","366","FL - CLEWISTON","2026-09-28","MONDAY","1000","EDT","0","V",2023,"TOYOTA","CAMRY","CAMRY","SEDAN","BLUE","ALL OVER",,"FL","CD","YES","S",49502,"N","[PREMIUM]",24632.32,"2.5L 4","FRONT WHEEL DRIVE","AUTOMATIC","GAS",4,"Vehicle Starts","Pure Sale","[PREMIUM]",,"CLEWISTON","FL","33440","USA","USD","[PREMIUM]","[PREMIUM]","N130",false,"[PREMIUM]","SE",false,false,"[PREMIUM]",,,,,,,,"[PREMIUM]"
"56843756","2026-09-16 23:13:34.343","2026-09-28 07:03:18.107","56843756","2026-09-18 13:45:36.000","[PREMIUM]","366","FL - CLEWISTON","2026-09-28","MONDAY","1000","EDT","0","V",2009,"HONDA","ACCORD","ACCORD",,"GREEN","FRONT END","MINOR DENT/SCRATCHES","FL","RB","NO","E",159862,"E","[PREMIUM]",0,,,"AUTOMATIC",,,"DEFAULT","Pure Sale","[PREMIUM]",,"CLEWISTON","FL","33440","USA","USD","[PREMIUM]","[PREMIUM]","M120",false,"[PREMIUM]",,false,false,"[PREMIUM]",,,,,,,,"[PREMIUM]"
"56390666","2026-09-16 23:13:34.330","2026-09-28 07:03:18.016","56390666","2026-09-26 13:03:00.000","[PREMIUM]","366","FL - CLEWISTON","2026-09-28","MONDAY","1000","EDT","0","V",2019,"KIA","OPTIMA","OPTIMA","SEDAN","WHITE","SIDE","REAR END","FL","RB","NO","E",47144,"N","[PREMIUM]",18346.77,"2.0L 4","FRONT WHEEL DRIVE","AUTOMATIC","GAS",4,"DEFAULT","Pure Sale","[PREMIUM]",,"CLEWISTON","FL","33440","USA","USD","[PREMIUM]","[PREMIUM]","J040",false,"[PREMIUM]","SXL",false,false,"[PREMIUM]",,,,,,,,"[PREMIUM]"
"53184116","2026-09-16 23:13:33.901","2026-09-18 00:54:32.776","53184116","2026-09-16 21:39:51.000","[PREMIUM]","366","FL - CLEWISTON",,,,"EDT","0","V",2021,"NISSAN","ALTIMA","ALTIMA","SEDAN","SILVER","SIDE",,"FL","CD","YES","D",105288,"N","[PREMIUM]",10874.92,"2.5L 4","FRONT WHEEL DRIVE","AUTOMATIC","GAS",4,"Run & Drive Verified","Pure Sale","[PREMIUM]",,"CLEWISTON","FL","33440","USA","USD","[PREMIUM]","[PREMIUM]","M110",false,"[PREMIUM]","SR",false,false,"[PREMIUM]",,,,,,,,"[PREMIUM]"
"51804186","2026-09-16 23:13:33.790","2026-09-18 00:54:32.630","51804186","2026-09-16 21:39:51.000","[PREMIUM]","366","FL - CLEWISTON",,,,"EDT","0","V",2026,"CHEVROLET","TRAX","TRAX","SPORT UTILITY VEHICLE","RED","FRONT END",,"FL","RB","YES","D",1386,"N","[PREMIUM]",14356.95,"1.2L 3","FRONT WHEEL DRIVE","AUTOMATIC","GAS",3,"Run & Drive Verified","Pure Sale","[PREMIUM]",,"CLEWISTON","FL","33440","USA","USD","[PREMIUM]","[PREMIUM]","J080",false,"[PREMIUM]","1LT",false,false,"[PREMIUM]",,,,,,,,"[PREMIUM]"
"41732586","2026-09-16 23:13:33.446","2026-09-28 07:03:17.542","41732586","2026-09-26 14:35:39.000","[PREMIUM]","366","FL - CLEWISTON","2026-09-28","MONDAY","1000","EDT","0","V",2025,"HONDA","ACCORD","ACCORD",,"GRAY","FRONT END",,"FL","RB","YES","E",8419,"A","[PREMIUM]",19684.38,,,"AUTOMATIC",,,"DEFAULT","On Minimum Bid","[PREMIUM]",,"CLEWISTON","FL","33440","USA","USD","[PREMIUM]","[PREMIUM]","I000",false,"[PREMIUM]",,false,false,"[PREMIUM]",,,,,,,,"[PREMIUM]"
"68575326","2026-09-16 23:13:33.385","2026-09-29 08:40:14.932","68575326","2026-09-28 06:54:44.000","[PREMIUM]","836","HEAVY TRUCK SPECIALTY SALE",,,,"CDT","0","R",2006,"UNKNOWN","UNKNOWN","UNKNOWN",,"WHITE","HAIL",,"ND","SB","YES","E",0,"E","[PREMIUM]",20776,,,"NONE",,,"DEFAULT","On Minimum Bid","[PREMIUM]",,"BISMARCK","ND","58504","USA","USD","[PREMIUM]","[PREMIUM]","F030",false,"[PREMIUM]",,false,false,"[PREMIUM]",,,,,,,,"[PREMIUM]"
"67917526","2026-09-16 23:13:33.339","2026-09-29 08:40:14.779","67917526","2026-09-17 18:40:45.000","[PREMIUM]","363","ND - BISMARCK",,,,"CDT","0","V",2007,"HYUNDAI","SANTA FE","SANTA FE","SUV","MAROON","FRONT END",,"ND","ST","YES","D",100905,"E","[PREMIUM]",8753,"3.3L 6","ALL WHEEL DRIVE","AUTOMATIC","GAS",6,"Run & Drive Verified","On Minimum Bid","[PREMIUM]",,"BISMARCK","ND","58504","USA","USD","[PREMIUM]","[PREMIUM]","C020",false,"[PREMIUM]","SE",false,false,"[PREMIUM]",,,,,,,,"[PREMIUM]"
"68508916","2026-09-16 23:13:33.323","2026-09-29 08:40:14.921","68508916","2026-09-25 09:36:33.000","[PREMIUM]","836","HEAVY TRUCK SPECIALTY SALE",,,,"CDT","0","R",2004,"KEYSTONE","ALL MODELS","COUGAR","TRAILER","WHITE","TOP/ROOF",,"ND","ST","YES","E",0,"E","[PREMIUM]",6541,,"UNKNOWN","NONE","UNKNOWN",,"DEFAULT","On Minimum Bid","[PREMIUM]",,"BISMARCK","ND","58504","USA","USD","[PREMIUM]","[PREMIUM]","E040",false,"[PREMIUM]",,false,false,"[PREMIUM]",,,,,,,,"[PREMIUM]"
"68566236","2026-09-16 23:13:33.316","2026-09-29 08:40:14.914","68566236","2026-09-22 19:32:43.000","[PREMIUM]","363","ND - BISMARCK",,,,"CDT","0","V",2012,"GMC","TERRAIN","TERRAIN","4DR SPORT UTILITY","BROWN","FRONT END","SIDE","ND","ST","YES","D",183622,"A","[PREMIUM]",5733,"2.4L 4","ALL WHEEL DRIVE","AUTOMATIC","FLEXIBLE",4,"Run & Drive Verified","On Minimum Bid","[PREMIUM]",,"BISMARCK","ND","58504","USA","USD","[PREMIUM]","[PREMIUM]","C030",false,"[PREMIUM]","SLT",false,false,"[PREMIUM]",,,,,,,,"[PREMIUM]"
"67563576","2026-09-16 23:13:33.308","2026-09-29 08:40:14.633","67563576","2026-09-16 21:23:36.000","[PREMIUM]","841","CRASHEDTOYS POWERSPORT AUCTION",,,,"CDT","0","A",2019,"CAN-AM","MAVERICK S","MAVERICK SPORT","SIDE BY SIDE","BLUE","ALL OVER",,"ND","SB","YES","E",0,"N","[PREMIUM]",10800,"2",,"AUTOMATIC","GAS",2,"DEFAULT","Pure Sale","[PREMIUM]",,"BISMARCK","ND","58504","USA","USD","[PREMIUM]","[PREMIUM]","MC01",false,"[PREMIUM]",,false,false,"[PREMIUM]",,,,,,,,"[PREMIUM]"
"67082736","2026-09-16 23:13:33.052","2026-09-29 08:40:14.333","67082736","2026-09-22 19:31:21.000","[PREMIUM]","363","ND - BISMARCK",,,,"CDT","0","V",2015,"CHEVROLET","ALL Models","SILVERADO","CREW PICKUP","BLACK","SIDE","FRONT END","ND","ST","YES","E",0,"N","[PREMIUM]",15476,"5.3L 8","4X4 W/REAR WHEEL DRV","AUTOMATIC","GAS",8,"DEFAULT","On Minimum Bid","[PREMIUM]",,"BISMARCK","ND","58504","USA","USD","[PREMIUM]","[PREMIUM]","A010",false,"[PREMIUM]","K1500 HIGH COUNTRY",false,false,"[PREMIUM]",,,,,,,,"[PREMIUM]"
"65341176","2026-09-16 23:13:32.460","2026-09-29 08:40:13.522","65341176","2026-09-16 21:23:36.000","[PREMIUM]","363","ND - BISMARCK",,,,"CDT","0","V",2011,"JEEP","GRAND CHER","GRAND CHEROKEE","4DR SPORT UTILITY","BURN","BURN",,"ND","ST","EXM",,0,"N","[PREMIUM]",28634.25,"3.6L 6","4X4 W/REAR WHEEL DRV","AUTOMATIC","FLEXIBLE",6,,"Pure Sale","[PREMIUM]",,"BISMARCK","ND","58504","USA","USD","[PREMIUM]","[PREMIUM]","BURN1",false,"[PREMIUM]","LIMITED",false,false,"[PREMIUM]",,,,,,,,"[PREMIUM]"
"64933556","2026-09-16 23:13:32.191","2026-09-29 08:40:13.238","64933556","2026-09-21 21:04:39.000","[PREMIUM]","363","ND - BISMARCK",,,,"CDT","0","V",2026,"CHEVROLET","TRAVERSE Z","TRAVERSE","SPORT UTILITY VEHICLE","GRAY","FRONT END",,"MN","ST","YES","D",7250,"A","[PREMIUM]",36956,"2.5L 4","ALL WHEEL DRIVE","AUTOMATIC","GAS",4,"Run & Drive Verified","On Approval","[PREMIUM]",,"BISMARCK","ND","58504","USA","USD","[PREMIUM]","[PREMIUM]","B030",false,"[PREMIUM]","Z71",false,false,"[PREMIUM]",,,,,,,,"[PREMIUM]"
"64789056","2026-09-16 23:13:32.021","2026-09-29 08:40:13.257","64789056","2026-09-17 22:47:01.000","[PREMIUM]","363","ND - BISMARCK",,,,"CDT","0","V",2022,"GMC","TERRAIN","TERRAIN","SPORT UTILITY VEHICLE","BLACK","FRONT END",,"MN","ST","YES","D",63898,"A","[PREMIUM]",24129,"1.5L 4","ALL WHEEL DRIVE","AUTOMATIC","GAS",4,"Run & Drive Verified","On Minimum Bid","[PREMIUM]",,"BISMARCK","ND","58504","USA","USD","[PREMIUM]","[PREMIUM]","C020",false,"[PREMIUM]","SLE",false,false,"[PREMIUM]",,,,,,,,"[PREMIUM]"
"63490506","2026-09-16 23:13:31.401","2026-09-29 08:40:12.645","63490506","2026-09-16 21:25:59.000","[PREMIUM]","363","ND - BISMARCK",,,,"CDT","0","R",2015,"UNKNOWN","ALL Models","UNKNOWN",,"TAN","SIDE",,"MN","ST","EXM","E",0,"N","[PREMIUM]",12205,,,,,,"DEFAULT","On Approval","[PREMIUM]",,"BISMARCK","ND","58504","USA","USD","[PREMIUM]","[PREMIUM]","F010",false,"[PREMIUM]",,false,false,"[PREMIUM]",,,,,,,,"[PREMIUM]"
"62492296","2026-09-16 23:13:30.976","2026-09-29 08:40:12.186","62492296","2026-09-28 18:16:53.000","[PREMIUM]","363","ND - BISMARCK",,,,"CDT","0","V",2017,"CHEVROLET","SILVERADO","SILVERADO","CREW PICKUP","BLACK","MINOR DENT/SCRATCHES",,"ND","ST","YES","D",129602,"A","[PREMIUM]",16448.04,"5.3L 8","4X4 W/REAR WHEEL DRV","AUTOMATIC","GAS",8,"Run & Drive Verified","Pure Sale","[PREMIUM]",,"BISMARCK","ND","58504","USA","USD","[PREMIUM]","[PREMIUM]","A040",false,"[PREMIUM]","K1500 LTZ",false,false,"[PREMIUM]",,,,,,,,"[PREMIUM]"
"61688676","2026-09-16 23:13:30.763","2026-09-29 08:40:11.952","61688676","2026-09-16 21:23:36.000","[PREMIUM]","363","ND - BISMARCK",,,,"CDT","0","V",2017,"TOYOTA","TACOMA","TACOMA","PICKUP","BLUE","FRONT END",,"ND","ST","YES","D",66144,"A","[PREMIUM]",23477.2,"3.5L 6","FOUR BY FOUR","AUTOMATIC","GAS",6,"Run & Drive Verified","Pure Sale","[PREMIUM]",,"BISMARCK","ND","58504","USA","USD","[PREMIUM]","[PREMIUM]","E040",false,"[PREMIUM]","TRD OFF-ROAD",false,false,"[PREMIUM]",,,,,,,,"[PREMIUM]"
"57684526","2026-09-16 23:13:30.015","2026-09-29 08:40:11.354","57684526","2026-09-16 21:23:36.000","[PREMIUM]","363","ND - BISMARCK",,,,"CDT","0","V",2009,"SUBARU","FORESTER","FORESTER","4DR SPORT UTILITY","GREEN","HAIL",,"ND","ST","YES","D",191614,"E","[PREMIUM]",0,"2.5L 4","ALL WHEEL DRIVE","AUTOMATIC","GAS",4,"Run & Drive Verified","Pure Sale","[PREMIUM]",,"BISMARCK","ND","58504","USA","USD","[PREMIUM]","[PREMIUM]","B040",false,"[PREMIUM]","2.5X PREMIUM",false,false,"[PREMIUM]",,,,,,,,"[PREMIUM]"
"68071456","2026-09-16 23:13:28.396","2026-09-22 02:52:08.869","68071456","2026-09-21 14:47:06.000","[PREMIUM]","362","AZ - PHOENIX NORTH","2026-09-22","TUESDAY","1200","PDT","28","V",2023,"FORD","F150","F150","PICKUP","WHITE","REAR END","FRONT END","AZ","SC","YES","D",166078,"A","[PREMIUM]",19665.93,"3.3L 6","REAR WHEEL DRIVE","AUTOMATIC","GAS",6,"Run & Drive Verified","Pure Sale","[PREMIUM]",,"PHOENIX","AZ","85085","USA","USD","[PREMIUM]","[PREMIUM]","B100",false,"[PREMIUM]",,false,false,"[PREMIUM]",,,,,,,,"[PREMIUM]"
"67920486","2026-09-16 23:13:28.124","2026-09-23 03:37:40.655","67920486","2026-09-18 15:16:07.000","[PREMIUM]","835","MEDIUM DUTY SPECIALTY SALE","2026-09-23","WEDNESDAY","1100","CDT","0","K",2011,"CHEVROLET","EXPRESS","EXPRESS G2500","EXTENDED CARGO VAN","WHITE","REAR END","MECHANICAL","AZ","SC","YES","E",281039,"A","[PREMIUM]",8204.93,"4.8L 8","REAR WHEEL DRIVE","AUTOMATIC","GAS",8,"DEFAULT","Pure Sale","[PREMIUM]",,"PHOENIX","AZ","85085","USA","USD","[PREMIUM]","[PREMIUM]","HVY01",false,"[PREMIUM]",,false,false,"[PREMIUM]",,,,,,,,"[PREMIUM]"
"65290976","2026-09-16 23:13:25.307","2026-09-22 02:52:05.004","65290976","2026-09-21 14:47:06.000","[PREMIUM]","362","AZ - PHOENIX NORTH","2026-09-22","TUESDAY","1200","PDT","164","V",2019,"SUBARU","CROSSTREK","CROSSTREK","SPORT UTILITY VEHICLE","WHITE","FRONT END",,"AZ","SC","YES","D",43125,"A","[PREMIUM]",13776.27,"2.0L 4","ALL WHEEL DRIVE","AUTOMATIC","GAS",4,"Run & Drive Verified","Pure Sale","[PREMIUM]",,"PHOENIX","AZ","85085","USA","USD","[PREMIUM]","[PREMIUM]","L070",false,"[PREMIUM]","PREMIUM",false,false,"[PREMIUM]",,,,,,,,"[PREMIUM]"
"65058906","2026-09-16 23:13:25.251","2026-09-22 02:52:04.667","65058906","2026-09-21 14:47:07.000","[PREMIUM]","362","AZ - PHOENIX NORTH","2026-09-22","TUESDAY","1200","PDT","2553","V",2023,"FORD","EXPEDITION","EXPEDITION","SPORT UTILITY VEHICLE","WHITE","FRONT END","SIDE","AZ","SC","NO","E",23731,"A","[PREMIUM]",50145.57,"3.5L 6","4X4 W/REAR WHEEL DRV","AUTOMATIC","GAS",6,"DEFAULT","Pure Sale","[PREMIUM]",,"PHOENIX","AZ","85085","USA","USD","[PREMIUM]","[PREMIUM]","E110",false,"[PREMIUM]","XLT",false,false,"[PREMIUM]",,,,,,,,"[PREMIUM]"
"64969486","2026-09-16 23:13:25.004","2026-09-22 02:52:04.654","64969486","2026-09-21 16:46:48.000","[PREMIUM]","362","AZ - PHOENIX NORTH","2026-09-22","TUESDAY","1200","PDT","163","V",2024,"TOYOTA","4RUNNER","4RUNNER","SUV","BLUE","FRONT END","SIDE","AZ","SC","YES","D",39580,"A","[PREMIUM]",17135.68,"4.0L 6","FOUR BY FOUR","AUTOMATIC","GAS",6,"Run & Drive Verified","Pure Sale","[PREMIUM]",,"PHOENIX","AZ","85085","USA","USD","[PREMIUM]","[PREMIUM]","CD002",false,"[PREMIUM]","TRD OFF-ROAD PREMIUM",false,false,"[PREMIUM]",,,,,,,,"[PREMIUM]"
"63785616","2026-09-16 23:13:24.399","2026-09-22 02:52:03.759","63785616","2026-09-21 14:47:07.000","[PREMIUM]","362","AZ - PHOENIX NORTH","2026-09-22","TUESDAY","1200","PDT","2586","V",2021,"TOYOTA","SIENNA","SIENNA","VAN PASSENGER","WHITE","FRONT END","SIDE","AZ","SC","YES","E",80879,"A","[PREMIUM]",0,"2.5L 4","ALL WHEEL DRIVE","AUTOMATIC","ELECTRIC AND GAS HYBRID",4,"DEFAULT","Pure Sale","[PREMIUM]",,"PHOENIX","AZ","85085","USA","USD","[PREMIUM]","[PREMIUM]","C100",false,"[PREMIUM]","XSE",false,false,"[PREMIUM]",,,,,,,,"[PREMIUM]"
"63450856","2026-09-16 23:13:24.279","2026-09-22 02:52:03.619","63450856","2026-09-21 14:47:07.000","[PREMIUM]","362","AZ - PHOENIX NORTH","2026-09-22","TUESDAY","1200","PDT","2625","V",2020,"TOYOTA","COROLLA","COROLLA HATCHBACK","HATCHBACK","BLUE","ALL OVER",,"AZ","SC","YES","S",53006,"A","[PREMIUM]",22638.26,"2.0L 4","FRONT WHEEL DRIVE","AUTOMATIC","GAS",4,"Vehicle Starts","Pure Sale","[PREMIUM]",,"PHOENIX","AZ","85085","USA","USD","[PREMIUM]","[PREMIUM]","J090",false,"[PREMIUM]","SE",false,false,"[PREMIUM]",,,,,,,,"[PREMIUM]"
"59704736","2026-09-16 23:13:22.985","2026-09-24 03:38:25.217","59704736","2026-09-23 14:22:19.000","[PREMIUM]","362","AZ - PHOENIX NORTH","2026-09-24","THURSDAY","1200","PDT","1125","V",2013,"BMW","7 SERIES","750","SEDAN 4DR","SILVER","UNDERCARRIAGE",,"AZ","SC","YES","E",137283,"A","[PREMIUM]",10790.59,"4.4L 8","ALL WHEEL DRIVE","AUTOMATIC","GAS",8,"DEFAULT","Pure Sale","[PREMIUM]",,"PHOENIX","AZ","85085","USA","USD","[PREMIUM]","[PREMIUM]","CD002",false,"[PREMIUM]","LXI",false,false,"[PREMIUM]",,,,,,,,"[PREMIUM]"
"59288856","2026-09-16 23:13:22.841","2026-09-29 21:36:36.209","59288856","2026-09-28 14:11:00.000","[PREMIUM]","362","AZ - PHOENIX NORTH","2026-09-29","TUESDAY","1200","PDT","2622","V",2018,"MASERATI","ALL OTHER","LEVANTE","SPORT UTILITY VEHICLE","BLACK","FRONT END",,"AZ","SC","YES","E",0,"N","[PREMIUM]",20254.31,"3.0L 6","ALL WHEEL DRIVE","AUTOMATIC","GAS",6,"DEFAULT","On Minimum Bid","[PREMIUM]",,"PHOENIX","AZ","85085","USA","USD","[PREMIUM]","[PREMIUM]","D110",false,"[PREMIUM]","LUXURY",false,false,"[PREMIUM]",,,,,,,,"[PREMIUM]"
"50522766","2026-09-16 23:13:21.776","2026-09-24 03:38:24.343","50522766","2026-09-23 14:22:19.000","[PREMIUM]","362","AZ - PHOENIX NORTH","2026-09-24","THURSDAY","1200","PDT","3","V",2014,"LEXUS","IS","IS","SEDAN 4DR","BLACK","REAR END","FRONT END","FL","RB","YES","D",166667,"N","[PREMIUM]",6292.56,"2.5L 6","REAR WHEEL DRIVE","AUTOMATIC","GAS",6,"Run & Drive Verified","Pure Sale","[PREMIUM]",,"PHOENIX","AZ","85085","USA","USD","[PREMIUM]","[PREMIUM]","H100",false,"[PREMIUM]","250",false,false,"[PREMIUM]",,,,,,,,"[PREMIUM]"
"46207186","2026-09-16 23:13:17.379","2026-09-22 02:51:53.326","46207186","2026-09-21 20:01:44.000","[PREMIUM]","855","WHOLESALE AUCTION","2026-09-22","TUESDAY","1200","EDT","3028","V",2016,"GMC","CANYON","CANYON","4DR EXT CAB PICKUP","WHITE","SIDE",,"CT","CT","YES","D",126651,"A","[PREMIUM]",4097,"3.6L 6","4X4 W/REAR WHEEL DRV","MANUAL","GAS",6,"Run & Drive Verified","On Minimum Bid","[PREMIUM]",,"ASSONET","MA","02702","USA","USD","[PREMIUM]","[PREMIUM]","E010",false,"[PREMIUM]",,false,true,"[PREMIUM]",,,,,"RED LIGHT",2.9,"Safety","[PREMIUM]"
"69284766","2026-09-16 23:13:17.097","2026-09-21 02:41:13.565","69284766","2026-09-16 21:00:08.000","[PREMIUM]","360","IN - FORT WAYNE","2026-09-21","MONDAY","1000","EDT","0","V",2012,"MAZDA","CX-9","CX-9","4DR SPORT UTILITY","WHITE","FRONT END","SIDE","IN","CT","YES","D",208581,"A","[PREMIUM]",0,"3.7L 6","ALL WHEEL DRIVE","AUTOMATIC","GAS                           ",6,"Run & Drive Verified","On Minimum Bid","[PREMIUM]",,"FORT WAYNE","IN","46803 1546","USA","USD","[PREMIUM]","[PREMIUM]","G030",true,"[PREMIUM]",,false,false,"[PREMIUM]",,,,,,,,"[PREMIUM]"
"68431816","2026-09-16 23:13:17.055","2026-09-29 08:39:49.842","68431816","2026-09-16 21:56:39.000","[PREMIUM]","360","IN - FORT WAYNE",,,,"EDT","0","V",2017,"NISSAN","SENTRA","SENTRA","SEDAN","BLUE","REAR END","SIDE","IN","ST","YES","D",107716,"A","[PREMIUM]",11028.46,"1.8L 4","FRONT WHEEL DRIVE","AUTOMATIC","GAS",4,"Run & Drive Verified","Pure Sale","[PREMIUM]",,"FORT WAYNE","IN","46803 1546","USA","USD","[PREMIUM]","[PREMIUM]","I120",false,"[PREMIUM]","SV",false,false,"[PREMIUM]",,,,,,,,"[PREMIUM]"
"66751486","2026-09-16 23:13:15.444","2026-09-29 08:39:47.736","66751486","2026-09-18 18:48:30.000","[PREMIUM]","360","IN - FORT WAYNE",,,,"EDT","0","V",2014,"TOYOTA","CAMRY","CAMRY","SEDAN","WHITE","FRONT END","SIDE","IN","ST","YES","D",163502,"A","[PREMIUM]",3701.8,"2.5L 4","FRONT WHEEL DRIVE","AUTOMATIC","GAS",4,"Run & Drive Verified","Pure Sale","[PREMIUM]",,"FORT WAYNE","IN","46803 1546","USA","USD","[PREMIUM]","[PREMIUM]","H040",false,"[PREMIUM]","SE",false,false,"[PREMIUM]",,,,,,,,"[PREMIUM]"
"63104936","2026-09-16 23:13:11.340","2026-09-28 07:02:43.977","63104936","2026-09-21 15:29:05.000","[PREMIUM]","360","IN - FORT WAYNE","2026-09-28","MONDAY","1000","EDT","0","V",1984,"CHEVROLET","CORVETTE","CORVETTE","COUPE","RED","MECHANICAL","NORMAL WEAR","OH","CT","YES","E",67758,"A","[PREMIUM]",0,"5.7L 8","REAR WHEEL DRIVE","AUTOMATIC","GAS",8,"DEFAULT","On Minimum Bid","[PREMIUM]",,"FORT WAYNE","IN","46803 1546","USA","USD","[PREMIUM]","[PREMIUM]","J170",false,"[PREMIUM]",,false,false,"[PREMIUM]",,,,,,,,"[PREMIUM]"
"62940066","2026-09-16 23:13:11.242","2026-09-29 08:39:43.850","62940066","2026-09-16 21:56:39.000","[PREMIUM]","836","HEAVY TRUCK SPECIALTY SALE",,,,"CDT","0","R",2026,"FORESRIVER","CHEROKEE T","CHEROKEE",,"TWO TONE","TOP/ROOF",,"IN","ST","EXM",,0,"N","[PREMIUM]",0,,,,,,,"On Approval","[PREMIUM]",,"FORT WAYNE","IN","46803 1546","USA","USD","[PREMIUM]","[PREMIUM]","E200",false,"[PREMIUM]",,false,false,"[PREMIUM]",,,,,,,,"[PREMIUM]"
"54135066","2026-09-16 23:13:06.734","2026-09-29 08:39:41.824","54135066","2026-09-16 22:06:54.000","[PREMIUM]","360","IN - FORT WAYNE",,,,"EDT","0","V",2015,"TOYOTA","CAMRY","CAMRY","SEDAN","BLACK","REAR END",,"IN","BP","YES","D",168454,"N","[PREMIUM]",7289.08,"2.5L 4","FRONT WHEEL DRIVE","AUTOMATIC","GAS",4,"Run & Drive Verified","Pure Sale","[PREMIUM]",,"FORT WAYNE","IN","46803 1546","USA","USD","[PREMIUM]","[PREMIUM]","E170",false,"[PREMIUM]","SE",false,false,"[PREMIUM]",,,,,,,,"[PREMIUM]"
"63512946","2026-09-16 23:13:03.404","2026-09-29 08:39:38.000","63512946","2026-09-16 20:52:09.000","[PREMIUM]","359","GA - AUGUSTA",,,,"EDT","0","V",2015,"GMC","ACADIA","ACADIA","4DR SPORT UTILITY","GRAY","FRONT END",,"GA","ST","YES","D",178497,"A","[PREMIUM]",4477,"3.6L 6","FRONT WHEEL DRIVE","AUTOMATIC","GAS",6,"Run & Drive Verified","Pure Sale","[PREMIUM]",,"AUGUSTA","GA","30906","USA","USD","[PREMIUM]","[PREMIUM]","E070",false,"[PREMIUM]","SLT-1",false,false,"[PREMIUM]",,,,,,,,"[PREMIUM]"
"58843976","2026-09-16 23:13:02.517","2026-09-29 08:39:36.849","58843976","2026-09-25 13:50:24.000","[PREMIUM]","359","GA - AUGUSTA","2026-09-29","TUESDAY","1000","EDT","0","V",2015,"CHEVROLET","EQUINOX","EQUINOX","4DR SPORT UTILITY","BLACK","REAR END","UNDERCARRIAGE","ID","SC","YES","D",120297,"A","[PREMIUM]",6410,"2.4L 4","FRONT WHEEL DRIVE","AUTOMATIC","FLEXIBLE",4,"Run & Drive Verified","Pure Sale","[PREMIUM]",,"AUGUSTA","GA","30906","USA","USD","[PREMIUM]","[PREMIUM]","SB004",false,"[PREMIUM]","LT",false,false,"[PREMIUM]",,,,,,,,"[PREMIUM]"
"44189764","2026-09-16 23:13:01.926","2026-09-22 02:51:37.366","44189764","2026-09-21 12:46:21.000","[PREMIUM]","359","GA - AUGUSTA","2026-09-22","TUESDAY","1000","EDT","0","V",2009,"VOLKSWAGEN","TOUAREG","TOUAREG 2",,"WHITE","FRONT END","MINOR DENT/SCRATCHES","FL","RB","YES","D",179563,"E","[PREMIUM]",6629.59,"3.0L  6","ALL WHEEL DRIVE","AUTOMATIC","DIESEL",6,"Run & Drive Verified","Pure Sale","[PREMIUM]",,"AUGUSTA","GA","30906","USA","USD","[PREMIUM]","[PREMIUM]","SC004",false,"[PREMIUM]","V6 TDI",false,false,"[PREMIUM]",,,,,,,,"[PREMIUM]"
"66636956","2026-09-16 23:12:59.800","2026-09-21 02:40:52.720","66636956","2026-09-17 13:24:31.000","[PREMIUM]","357","TX - HOUSTON EAST","2026-09-21","MONDAY","1200","CDT","1109","V",2015,"CADILLAC","ESCALADE","ESCALADE","4DR SPORT UTILITY","WHITE","FRONT END","SIDE","TX","SV","YES","S",39198,"A","[PREMIUM]",27696.81,"6.2L 8","REAR WHEEL DRIVE","AUTOMATIC","GAS",8,"Vehicle Starts","Pure Sale","[PREMIUM]",,"HOUSTON","TX","77049 1968","USA","USD","[PREMIUM]","[PREMIUM]","K120",false,"[PREMIUM]","ESV LUXURY",false,false,"[PREMIUM]",,,,,,,,"[PREMIUM]"
"54339326","2026-09-16 23:12:49.666","2026-09-21 02:40:43.113","54339326","2026-09-17 13:24:31.000","[PREMIUM]","357","TX - HOUSTON EAST","2026-09-21","MONDAY","1200","CDT","31","V",2014,"LEXUS","LS460","LS","SEDAN 4DR","BLACK","SIDE","FRONT END","TX","SV","YES","D",157840,"A","[PREMIUM]",11872,"4.6L 8","REAR WHEEL DRIVE","AUTOMATIC","GAS",8,"Run & Drive Verified","Pure Sale","[PREMIUM]",,"HOUSTON","TX","77049 1968","USA","USD","[PREMIUM]","[PREMIUM]","C060",false,"[PREMIUM]","460",false,false,"[PREMIUM]",,,,,,,,"[PREMIUM]"
"68916076","2026-09-16 23:12:48.773","2026-09-29 08:39:23.758","68916076","2026-09-29 01:15:48.000","[PREMIUM]","356","NC - CONCORD","2026-10-01","THURSDAY","1000","EDT","2020","V",2018,"HONDA","ACCORD","ACCORD","SEDAN","GRAY","FRONT END","SIDE","NC","SC","YES","D",128386,"A","[PREMIUM]",5823.33,"2.0L 4","FRONT WHEEL DRIVE","MANUAL","GAS                           ",4,"Run & Drive Verified","Pure Sale","[PREMIUM]",,"CONCORD","NC","28025 8271","USA","USD","[PREMIUM]","[PREMIUM]","E130",false,"[PREMIUM]","SPORT",false,false,"[PREMIUM]",,,,,,,,"[PREMIUM]"
"67902726","2026-09-16 23:12:48.417","2026-09-29 08:39:22.685","67902726","2026-09-16 21:47:27.000","[PREMIUM]","356","NC - CONCORD",,,,"EDT","0","V",2023,"JEEP","GRAND CHER","GRAND CHEROKEE","SPORT UTILITY VEHICLE","BLACK","FRONT END",,"NC","SC","YES","E",24698,"A","[PREMIUM]",18304,"3.6L 6","4X4 W/REAR WHEEL DRV","AUTOMATIC","GAS",6,"DEFAULT","Pure Sale","[PREMIUM]",,"CONCORD","NC","28025 8271","USA","USD","[PREMIUM]","[PREMIUM]","C190",false,"[PREMIUM]","LAREDO",false,false,"[PREMIUM]",,,,,,,,"[PREMIUM]"
"67294196","2026-09-16 23:12:47.921","2026-09-29 08:39:22.082","67294196","2026-09-23 15:36:27.000","[PREMIUM]","356","NC - CONCORD",,,,"EDT","0","K",2015,"RAM","PROMASTER","PROMASTER CITY","SPORTS VAN","BURN","BURN",,"NC","SC","EXM",,0,"N","[PREMIUM]",0,"2.4L 4","FRONT WHEEL DRIVE","AUTOMATIC","GAS",4,,"Pure Sale","[PREMIUM]",,"CONCORD","NC","28025 8271","USA","USD","[PREMIUM]","[PREMIUM]","G140",false,"[PREMIUM]",,false,false,"[PREMIUM]",,,,,,,,"[PREMIUM]"
"67173856","2026-09-16 23:12:47.825","2026-09-28 07:02:20.022","67173856","2026-09-19 14:00:48.000","[PREMIUM]","356","NC - CONCORD",,,,"EDT","0","V",2017,"TOYOTA","COROLLA","COROLLA","SEDAN","BLUE","REAR END","FRONT END","NC","SC","YES","D",196113,"A","[PREMIUM]",0,"1.8L 4","FRONT WHEEL DRIVE","AUTOMATIC","GAS                           ",4,"Run & Drive Verified","Pure Sale","[PREMIUM]",,"CONCORD","NC","28025 8271","USA","USD","[PREMIUM]","[PREMIUM]","C140",false,"[PREMIUM]","LE",false,false,"[PREMIUM]",,,,,,,,"[PREMIUM]"
"65525886","2026-09-16 23:12:45.697","2026-09-29 08:39:20.680","65525886","2026-09-16 21:41:53.000","[PREMIUM]","356","NC - CONCORD",,,,"EDT","0","V",2011,"TOYOTA","RAV4 BASE","RAV4","SUV","SILVER","FRONT END",,"NC","SC","YES","D",238223,"A","[PREMIUM]",4239,"2.5L 4","FRONT WHEEL DRIVE","AUTOMATIC","GAS",4,"Run & Drive Verified","On Minimum Bid","[PREMIUM]",,"CONCORD","NC","28025 8271","USA","USD","[PREMIUM]","[PREMIUM]","B060",false,"[PREMIUM]","BASE",false,false,"[PREMIUM]",,,,,,,,"[PREMIUM]"
"62775836","2026-09-16 23:12:42.328","2026-09-29 08:39:19.036","62775836","2026-09-16 22:05:47.000","[PREMIUM]","356","NC - CONCORD",,,,"EDT","0","V",2019,"MAZDA","CX-5","CX-5","SPORT UTILITY VEHICLE","RED","FRONT END","SIDE","NC","SC","YES","D",93658,"N","[PREMIUM]",3331,"2.5L 4","ALL WHEEL DRIVE","AUTOMATIC","GAS",4,"Run & Drive Verified","Pure Sale","[PREMIUM]",,"CONCORD","NC","28025 8271","USA","USD","[PREMIUM]","[PREMIUM]","C230",false,"[PREMIUM]","TOURING",false,false,"[PREMIUM]",,,,,,,,"[PREMIUM]"
"62503756","2026-09-16 23:12:41.993","2026-09-29 08:39:18.842","62503756","2026-09-16 22:05:47.000","[PREMIUM]","356","NC - CONCORD",,,,"EDT","0","V",2018,"SUBARU","CROSSTREK","CROSSTREK","SPORT UTILITY VEHICLE","BLUE","SIDE","FRONT END","NC","SC","YES","E",0,"N","[PREMIUM]",19633.27,"2.0L 4","ALL WHEEL DRIVE","AUTOMATIC","GAS",4,"DEFAULT","Pure Sale","[PREMIUM]",,"CONCORD","NC","28025 8271","USA","USD","[PREMIUM]","[PREMIUM]","C270",false,"[PREMIUM]","PREMIUM",false,false,"[PREMIUM]",,,,,,,,"[PREMIUM]"
"59323576","2026-09-16 23:12:40.158","2026-09-29 08:39:17.940","59323576","2026-09-16 22:05:47.000","[PREMIUM]","356","NC - CONCORD",,,,"EDT","0","V",2017,"FORD","FUSION","FUSION SE","SEDAN 4DR","RED","SIDE","REAR END","NC","SC","YES","S",150821,"N","[PREMIUM]",5171.53,"2.5L 4","FRONT WHEEL DRIVE","AUTOMATIC","GAS",4,"Vehicle Starts","Pure Sale","[PREMIUM]",,"CONCORD","NC","28025 8271","USA","USD","[PREMIUM]","[PREMIUM]","D120",false,"[PREMIUM]",,false,false,"[PREMIUM]",,,,,,,,"[PREMIUM]"
"69588196","2026-09-16 23:12:37.145","2026-09-28 07:02:11.947","69588196","2026-09-25 16:11:29.000","[PREMIUM]","880","*NCS - EASTERN REGION","2026-09-28","MONDAY","2100","EDT","3063","V",2011,"HYUNDAI","SONATA","SONATA","SEDAN","SILVER","MINOR DENT/SCRATCHES",,"OH","CT","YES","E",141255,"A","[PREMIUM]",0,"2.4L 4","FRONT WHEEL DRIVE","AUTOMATIC","GAS",4,"DEFAULT","On Minimum Bid","[PREMIUM]",,"EAST GRANBY","CT","06026 9765","USA","USD","[PREMIUM]","[PREMIUM]","N040",true,"[PREMIUM]","LIMITED",false,false,"[PREMIUM]",,,,,,,,"[PREMIUM]"
"69588456","2026-09-16 23:12:37.115","2026-09-28 07:02:12.098","69588456","2026-09-25 17:42:58.000","[PREMIUM]","880","*NCS - EASTERN REGION","2026-09-28","MONDAY","2100","EDT","3364","V",2017,"VOLVO","S60","S60","SEDAN","RED","MINOR DENT/SCRATCHES",,"AR","CT","YES","E",90998,"A","[PREMIUM]",0,"2.0L 4","ALL WHEEL DRIVE","AUTOMATIC","GAS",4,"DEFAULT","On Minimum Bid","[PREMIUM]","REPOSSESSION                ","EAST GRANBY","CT","06026 9765","USA","USD","[PREMIUM]","[PREMIUM]","D080",true,"[PREMIUM]","DYNAMIC",false,false,"[PREMIUM]",,,,,,,,"[PREMIUM]"
"69571626","2026-09-16 23:12:37.027","2026-09-29 17:16:56.376","69571626","2026-09-29 15:16:05.000","[PREMIUM]","350","CT - HARTFORD SPRINGFIELD","2026-10-01","THURSDAY","1000","EDT","0","V",2007,"CHEVROLET","SILVERADO","SILVERADO","PICKUP","BLUE","MINOR DENT/SCRATCHES",,"MA","CT","YES","D",78558,"A","[PREMIUM]",0,"4.3L 6","4X4 W/REAR WHEEL DRV","AUTOMATIC","GAS",6,"Run & Drive Verified","On Minimum Bid","[PREMIUM]",,"EAST GRANBY","CT","06026 9765","USA","USD","[PREMIUM]","[PREMIUM]","L040",true,"[PREMIUM]","K1500 CLASSIC",false,false,"[PREMIUM]",,,,,,,,"[PREMIUM]"
"69570696","2026-09-16 23:12:36.984","2026-09-29 17:16:56.267","69570696","2026-09-29 15:16:04.000","[PREMIUM]","350","CT - HARTFORD SPRINGFIELD","2026-10-01","THURSDAY","1000","EDT","0","V",2013,"AUDI","A4","A4","SEDAN 4DR","BLACK","FRONT END","MINOR DENT/SCRATCHES","CT","CT","YES","D",97296,"A","[PREMIUM]",0,"2.0L 4","ALL WHEEL DRIVE","AUTOMATIC","FLEXIBLE",4,"Run & Drive Verified","On Minimum Bid","[PREMIUM]",,"EAST GRANBY","CT","06026 9765","USA","USD","[PREMIUM]","[PREMIUM]","F040",true,"[PREMIUM]","PREMIUM",false,false,"[PREMIUM]",,,,,,,,"[PREMIUM]"
"69530296","2026-09-16 23:12:36.950","2026-09-16 23:12:36.950","69530296","2026-09-16 21:25:44.000","[PREMIUM]","350","CT - HARTFORD SPRINGFIELD","2026-09-24","THURSDAY","1000","EDT","0","V",2017,"NISSAN","ALTIMA","ALTIMA","SEDAN","WHITE","SIDE","MINOR DENT/SCRATCHES","MA","CT","YES","D",159492,"A","[PREMIUM]",0,"2.5L 4","FRONT WHEEL DRIVE","AUTOMATIC","GAS",4,"Run & Drive Verified","On Approval","[PREMIUM]",,"EAST GRANBY","CT","06026 9765","USA","USD","[PREMIUM]","[PREMIUM]",,false,"[PREMIUM]","2.5 SV",false,false,"[PREMIUM]",,,,,,,,"[PREMIUM]"
"69571456","2026-09-16 23:12:36.941","2026-09-22 02:51:15.960","69571456","2026-09-21 18:31:10.000","[PREMIUM]","880","*NCS - EASTERN REGION","2026-09-21","MONDAY","2100","EDT","385","V",2019,"CHEVROLET","CRUZE","CRUZE","SEDAN","WHITE","FRONT END","MINOR DENT/SCRATCHES","VA","CT","YES","E",0,"N","[PREMIUM]",0,"1.4L 4","FRONT WHEEL DRIVE","AUTOMATIC","GAS",4,"DEFAULT","On Minimum Bid","[PREMIUM]",,"EAST GRANBY","CT","06026 9765","USA","USD","[PREMIUM]","[PREMIUM]","C020",false,"[PREMIUM]","LT",false,false,"[PREMIUM]",,,,,,,,"[PREMIUM]"
"69530836","2026-09-16 23:12:36.939","2026-09-29 17:16:56.127","69530836","2026-09-29 15:09:22.000","[PREMIUM]","350","CT - HARTFORD SPRINGFIELD","2026-10-01","THURSDAY","1000","EDT","0","V",2011,"KIA","SORENTO","SORENTO","SUV","SILVER","SIDE","MECHANICAL","ME","CT","YES","D",181933,"A","[PREMIUM]",0,"2.4L 4","FRONT WHEEL DRIVE","AUTOMATIC","GAS",4,"Run & Drive Verified","On Minimum Bid","[PREMIUM]",,"EAST GRANBY","CT","06026 9765","USA","USD","[PREMIUM]","[PREMIUM]","H030",true,"[PREMIUM]","LX",false,false,"[PREMIUM]",,,,,,,,"[PREMIUM]"
"69289366","2026-09-16 23:12:36.663","2026-09-29 11:16:09.414","69289366","2026-09-29 02:00:01.000","[PREMIUM]","350","CT - HARTFORD SPRINGFIELD","2026-10-01","THURSDAY","1000","EDT","0","V",2021,"MERCEDES-BENZ","GLC-CLASS","GLC COUPE","SPORT UTILITY VEHICLE","WHITE","MINOR DENT/SCRATCHES",,"WA","CT","YES","D",118968,"A","[PREMIUM]",0,"2.0L 4","ALL WHEEL DRIVE","AUTOMATIC","GAS",4,"Run & Drive Verified","On Minimum Bid","[PREMIUM]",,"EAST GRANBY","CT","06026 9765","USA","USD","[PREMIUM]","[PREMIUM]","K040",true,"[PREMIUM]","300 4MATIC",false,false,"[PREMIUM]",,,,,,,,"[PREMIUM]"
"69218386","2026-09-16 23:12:36.647","2026-09-29 17:16:55.073","69218386","2026-09-29 15:15:48.000","[PREMIUM]","350","CT - HARTFORD SPRINGFIELD","2026-10-01","THURSDAY","1000","EDT","0","V",2013,"FORD","EDGE","EDGE","4DR SPORT UTILITY","BLACK","MINOR DENT/SCRATCHES",,"FL","CT","YES","D",145175,"A","[PREMIUM]",0,"3.5L 6","FRONT WHEEL DRIVE","AUTOMATIC","GAS",6,"Run & Drive Verified","On Minimum Bid","[PREMIUM]",,"EAST GRANBY","CT","06026 9765","USA","USD","[PREMIUM]","[PREMIUM]","H020",true,"[PREMIUM]","LIMITED",false,false,"[PREMIUM]",,,,,,,,"[PREMIUM]"
"69218636","2026-09-16 23:12:36.640","2026-09-29 18:55:58.032","69218636","2026-09-29 15:15:48.000","[PREMIUM]","350","CT - HARTFORD SPRINGFIELD","2026-10-01","THURSDAY","1000","EDT","0","V",2015,"JEEP","PATRIOT","PATRIOT","4DR SPORT UTILITY","BLUE","MINOR DENT/SCRATCHES",,"MA","CT","YES","D",145248,"A","[PREMIUM]",0,"2.4L 4","4X4 W/FRONT WHL DRV","AUTOMATIC","GAS",4,"Run & Drive Verified","On Minimum Bid","[PREMIUM]",,"EAST GRANBY","CT","06026 9765","USA","USD","[PREMIUM]","[PREMIUM]","GARG",true,"[PREMIUM]","SPORT",false,false,"[PREMIUM]",,,,,,,,"[PREMIUM]"
"69217926","2026-09-16 23:12:36.537","2026-09-22 02:51:14.893","69217926","2026-09-20 20:47:14.000","[PREMIUM]","880","*NCS - EASTERN REGION","2026-09-21","MONDAY","2100","EDT","423","V",2019,"GENESIS","G80","G80","SEDAN","BLACK","MINOR DENT/SCRATCHES",,"MI","CT","YES","D",128339,"A","[PREMIUM]",0,"3.3L 6","ALL WHEEL DRIVE","AUTOMATIC","GAS",6,"Run & Drive Verified","On Minimum Bid","[PREMIUM]","REPOSSESSION                ","EAST GRANBY","CT","06026 9765","USA","USD","[PREMIUM]","[PREMIUM]","F020",false,"[PREMIUM]","3.3T SPORT",false,false,"[PREMIUM]",,,,,,,,"[PREMIUM]"
"69216776","2026-09-16 23:12:36.506","2026-09-29 17:16:54.914","69216776","2026-09-29 15:15:47.000","[PREMIUM]","350","CT - HARTFORD SPRINGFIELD","2026-10-01","THURSDAY","1000","EDT","0","V",2017,"FORD","ESCAPE","ESCAPE","4DR SPORT UTILITY","WHITE","MINOR DENT/SCRATCHES",,"NY","CT","YES","D",87144,"A","[PREMIUM]",0,"1.5L 4","4X4 W/FRONT WHL DRV","AUTOMATIC","GAS",4,"Run & Drive Verified","On Minimum Bid","[PREMIUM]",,"EAST GRANBY","CT","06026 9765","USA","USD","[PREMIUM]","[PREMIUM]","H030",true,"[PREMIUM]","TITANIUM",false,false,"[PREMIUM]",,,,,,,,"[PREMIUM]"
"68744466","2026-09-16 23:12:35.412","2026-09-29 18:55:56.653","68744466","2026-09-29 15:17:52.000","[PREMIUM]","350","CT - HARTFORD SPRINGFIELD","2026-10-01","THURSDAY","1000","EDT","0","V",2019,"HYUNDAI","IONIQ","IONIQ","HATCHBACK","WHITE","MINOR DENT/SCRATCHES","MECHANICAL","CT","CT","YES","D",78786,"A","[PREMIUM]",0,"1.6L 4","FRONT WHEEL DRIVE","AUTOMATIC","ELECTRIC AND GAS HYBRID",4,"Run & Drive Verified","On Minimum Bid","[PREMIUM]","CORRECTION LETTER           ","EAST GRANBY","CT","06026 9765","USA","USD","[PREMIUM]","[PREMIUM]","F040",true,"[PREMIUM]","BLUE",false,false,"[PREMIUM]",,,,,,,,"[PREMIUM]"
"73777835","2026-09-16 23:12:12.004","2026-09-22 02:50:52.960","73777835","2026-09-18 18:10:08.000","[PREMIUM]","348","FL - PUNTA GORDA","2026-09-22","TUESDAY","1000","EDT","0","V",2018,"NISSAN","MURANO","MURANO","SUV","SILVER","FRONT END",,"FL","RB","YES","D",120743,"N","[PREMIUM]",6788.14,"3.5L 6","FRONT WHEEL DRIVE","AUTOMATIC","GAS",6,"Run & Drive Verified","Pure Sale","[PREMIUM]",,"ARCADIA","FL","34269","USA","USD","[PREMIUM]","[PREMIUM]","F050",false,"[PREMIUM]",,false,false,"[PREMIUM]",,,,,,,,"[PREMIUM]"
"69311556","2026-09-16 23:12:11.867","2026-09-25 05:15:09.438","69311556","2026-09-18 18:43:09.000","[PREMIUM]","348","FL - PUNTA GORDA","2026-09-25","FRIDAY","1000","EDT","0","V",2013,"HYUNDAI","SONATA","SONATA","SEDAN 4DR","BLUE","FRONT END",,"FL","RB","YES","D",161982,"A","[PREMIUM]",3979.14,"2.4L 4","FRONT WHEEL DRIVE","AUTOMATIC","GAS                           ",4,"Run & Drive Verified","Pure Sale","[PREMIUM]",,"ARCADIA","FL","34269","USA","USD","[PREMIUM]","[PREMIUM]","K020",false,"[PREMIUM]","GLS",false,false,"[PREMIUM]",,,,,,,,"[PREMIUM]"
"69062166","2026-09-16 23:12:11.844","2026-09-25 05:15:09.049","69062166","2026-09-18 18:25:36.000","[PREMIUM]","348","FL - PUNTA GORDA","2026-09-25","FRIDAY","1000","EDT","0","V",2017,"CHEVROLET","MALIBU","MALIBU","SEDAN 4DR","BLACK","FRONT END",,"FL","RB","YES","D",108201,"A","[PREMIUM]",12108.17,"1.5L 4","FRONT WHEEL DRIVE","AUTOMATIC","GAS                           ",4,"Run & Drive Verified","Pure Sale","[PREMIUM]",,"ARCADIA","FL","34269","USA","USD","[PREMIUM]","[PREMIUM]","L050",false,"[PREMIUM]","LT",false,false,"[PREMIUM]",,,,,,,,"[PREMIUM]"
"68959316","2026-09-16 23:12:11.841","2026-09-22 02:50:52.402","68959316","2026-09-18 18:10:37.000","[PREMIUM]","348","FL - PUNTA GORDA","2026-09-22","TUESDAY","1000","EDT","0","V",2012,"CHRYSLER","200","200","CONVERTIBLE","SILVER","FRONT END",,"FL","RB","YES","D",87711,"A","[PREMIUM]",3999.8,"2.4L 4","FRONT WHEEL DRIVE","AUTOMATIC","GAS                           ",4,"Run & Drive Verified","Pure Sale","[PREMIUM]",,"ARCADIA","FL","34269","USA","USD","[PREMIUM]","[PREMIUM]","D030",false,"[PREMIUM]","TOURING",false,false,"[PREMIUM]",,,,,,,,"[PREMIUM]"
"68954026","2026-09-16 23:12:11.674","2026-09-25 05:15:08.764","68954026","2026-09-18 18:35:10.000","[PREMIUM]","348","FL - PUNTA GORDA","2026-09-25","FRIDAY","1000","EDT","0","V",2016,"HYUNDAI","ELANTRA","ELANTRA","SEDAN","BURGUNDY","SIDE",,"FL","RB","YES","D",159605,"A","[PREMIUM]",11984.05,"1.8L 4","FRONT WHEEL DRIVE","AUTOMATIC","GAS                           ",4,"Run & Drive Verified","Pure Sale","[PREMIUM]",,"ARCADIA","FL","34269","USA","USD","[PREMIUM]","[PREMIUM]","I040",false,"[PREMIUM]","SE",false,false,"[PREMIUM]",,,,,,,,"[PREMIUM]"
"68822516","2026-09-16 23:12:11.642","2026-09-22 02:50:52.259","68822516","2026-09-18 18:00:05.000","[PREMIUM]","348","FL - PUNTA GORDA","2026-09-22","TUESDAY","1000","EDT","0","V",2016,"TOYOTA","COROLLA","COROLLA","SEDAN","BLACK","REAR END",,"FL","RB","YES","D",162139,"A","[PREMIUM]",6989.7,"1.8L 4","FRONT WHEEL DRIVE","AUTOMATIC","GAS",4,"Run & Drive Verified","Pure Sale","[PREMIUM]",,"ARCADIA","FL","34269","USA","USD","[PREMIUM]","[PREMIUM]","M020",false,"[PREMIUM]","LE",false,false,"[PREMIUM]",,,,,,,,"[PREMIUM]"
"68784076","2026-09-16 23:12:11.640","2026-09-25 05:15:08.609","68784076","2026-09-18 17:54:46.000","[PREMIUM]","348","FL - PUNTA GORDA","2026-09-25","FRIDAY","1000","EDT","0","V",2019,"FORD","FUSION","FUSION","SEDAN","SILVER","REAR END",,"FL","RB","YES","D",183536,"N","[PREMIUM]",15470.91,"2.0L 4","FRONT WHEEL DRIVE","AUTOMATIC","ELECTRIC AND GAS HYBRID",4,"Run & Drive Verified","Pure Sale","[PREMIUM]",,"ARCADIA","FL","34269","USA","USD","[PREMIUM]","[PREMIUM]","L030",false,"[PREMIUM]","SEL",false,false,"[PREMIUM]",,,,,,,,"[PREMIUM]"
"68848296","2026-09-16 23:12:11.637","2026-09-22 02:50:52.253","68848296","2026-09-18 18:31:36.000","[PREMIUM]","348","FL - PUNTA GORDA","2026-09-22","TUESDAY","1000","EDT","0","V",2020,"FORD","F150","F150","PICKUP","BLUE","FRONT END",,"FL","RB","YES","E",104199,"A","[PREMIUM]",12276,"2.7L 6","REAR WHEEL DRIVE","AUTOMATIC","GAS                           ",6,"DEFAULT","Pure Sale","[PREMIUM]",,"ARCADIA","FL","34269","USA","USD","[PREMIUM]","[PREMIUM]","D070",false,"[PREMIUM]","SUPERCREW",false,false,"[PREMIUM]",,,,,,,,"[PREMIUM]"
"68497566","2026-09-16 23:12:11.412","2026-09-25 05:15:08.180","68497566","2026-09-18 18:38:43.000","[PREMIUM]","348","FL - PUNTA GORDA","2026-09-25","FRIDAY","1000","EDT","0","V",2015,"HYUNDAI","GENESIS","GENESIS","SEDAN 4DR","WHITE","FRONT END","SIDE","FL","RB","YES",,292642,"A","[PREMIUM]",6402,"3.8L 6","REAR WHEEL DRIVE","AUTOMATIC","GAS                           ",6,,"Pure Sale","[PREMIUM]",,"ARCADIA","FL","34269","USA","USD","[PREMIUM]","[PREMIUM]","H030",false,"[PREMIUM]","3.8L",false,false,"[PREMIUM]",,,,,,,,"[PREMIUM]"
"68425476","2026-09-16 23:12:11.382","2026-09-22 02:50:51.681","68425476","2026-09-18 18:01:38.000","[PREMIUM]","348","FL - PUNTA GORDA","2026-09-22","TUESDAY","1000","EDT","0","V",2026,"BMW","X5","X5","SPORT UTILITY VEHICLE","CHARCOAL","SIDE",,"FL","RB","YES","D",8200,"A","[PREMIUM]",43920.15,"3.0L 6","ALL WHEEL DRIVE","AUTOMATIC","GAS",6,"Run & Drive Verified","Pure Sale","[PREMIUM]",,"ARCADIA","FL","34269","USA","USD","[PREMIUM]","[PREMIUM]","E080",false,"[PREMIUM]","XDRIVE40I",false,false,"[PREMIUM]",,,,,,,,"[PREMIUM]"
"68166466","2026-09-16 23:12:11.255","2026-09-25 05:15:07.608","68166466","2026-09-18 18:10:37.000","[PREMIUM]","348","FL - PUNTA GORDA","2026-09-25","FRIDAY","1000","EDT","0","V",2003,"BUICK","LESABRE","LESABRE","SEDAN 4DR","WHITE","FRONT END","SIDE","FL","RB","YES","D",276711,"A","[PREMIUM]",3660.23,"3.8L 6","FRONT WHEEL DRIVE","AUTOMATIC","GAS",6,"Run & Drive Verified","Pure Sale","[PREMIUM]",,"ARCADIA","FL","34269","USA","USD","[PREMIUM]","[PREMIUM]","SC020",false,"[PREMIUM]","CUSTOM",false,false,"[PREMIUM]",,,,,,,,"[PREMIUM]"
"68188366","2026-09-16 23:12:11.224","2026-09-25 05:15:07.735","68188366","2026-09-18 18:12:36.000","[PREMIUM]","348","FL - PUNTA GORDA","2026-09-25","FRIDAY","1000","EDT","0","V",2013,"FORD","TAURUS","TAURUS","SEDAN 4DR","WHITE","FRONT END",,"FL","RB","YES","E",110548,"A","[PREMIUM]",14037.85,"3.5L 6","FRONT WHEEL DRIVE","AUTOMATIC","GAS",6,"DEFAULT","Pure Sale","[PREMIUM]",,"ARCADIA","FL","34269","USA","USD","[PREMIUM]","[PREMIUM]","SC020",false,"[PREMIUM]","SEL",false,false,"[PREMIUM]",,,,,,,,"[PREMIUM]"
"68221646","2026-09-16 23:12:11.200","2026-09-25 05:15:07.762","68221646","2026-09-18 18:16:39.000","[PREMIUM]","348","FL - PUNTA GORDA","2026-09-25","FRIDAY","1000","EDT","0","V",2011,"MERCEDES-BENZ","M-CLASS","ML","4DR SPORT UTILITY","CHARCOAL","FRONT END",,"FL","RB","YES","D",123198,"A","[PREMIUM]",6602.05,"5.5L 8","ALL WHEEL DRIVE","AUTOMATIC","GAS                           ",8,"Run & Drive Verified","Pure Sale","[PREMIUM]",,"ARCADIA","FL","34269","USA","USD","[PREMIUM]","[PREMIUM]","J070",false,"[PREMIUM]","550 4MATIC",false,false,"[PREMIUM]",,,,,,,,"[PREMIUM]"
"68003216","2026-09-16 23:12:10.999","2026-09-22 02:50:51.190","68003216","2026-09-18 18:14:35.000","[PREMIUM]","348","FL - PUNTA GORDA","2026-09-22","TUESDAY","1000","EDT","0","V",2011,"FORD","FUSION","FUSION","SEDAN 4DR","GRAY","FRONT END",,"FL","RB","YES","D",274746,"A","[PREMIUM]",0,"3.0L 6","FRONT WHEEL DRIVE","AUTOMATIC","FLEXIBLE",6,"Run & Drive Verified","Pure Sale","[PREMIUM]",,"ARCADIA","FL","34269","USA","USD","[PREMIUM]","[PREMIUM]","G010",false,"[PREMIUM]","SE",false,false,"[PREMIUM]",,,,,,,,"[PREMIUM]"
"67750436","2026-09-16 23:12:10.682","2026-09-25 05:15:07.257","67750436","2026-09-18 13:48:37.000","[PREMIUM]","348","FL - PUNTA GORDA","2026-09-25","FRIDAY","1000","EDT","0","V",2012,"FORD","EDGE","EDGE","4DR SPORT UTILITY","BLACK","BURN",,"FL","CD","EXM","E",0,"N","[PREMIUM]",2666,"3.5L 6","FRONT WHEEL DRIVE","AUTOMATIC","GAS                           ",6,"DEFAULT","Pure Sale","[PREMIUM]",,"ARCADIA","FL","34269","USA","USD","[PREMIUM]","[PREMIUM]","A100",false,"[PREMIUM]","SEL",false,false,"[PREMIUM]",,,,,,,,"[PREMIUM]"
"67693136","2026-09-16 23:12:10.668","2026-09-22 02:50:50.897","67693136","2026-09-18 17:59:37.000","[PREMIUM]","348","FL - PUNTA GORDA","2026-09-22","TUESDAY","1000","EDT","0","V",2017,"CHEVROLET","CRUZE","CRUZE","SEDAN 4DR","WHITE","REAR END",,"FL","RB","YES","D",124683,"A","[PREMIUM]",5753.83,"1.4L 4","FRONT WHEEL DRIVE","AUTOMATIC","GAS",4,"Run & Drive Verified","Pure Sale","[PREMIUM]",,"ARCADIA","FL","34269","USA","USD","[PREMIUM]","[PREMIUM]","F030",false,"[PREMIUM]","LS",false,false,"[PREMIUM]",,,,,,,,"[PREMIUM]"
"67653096","2026-09-16 23:12:10.534","2026-09-25 05:15:07.257","67653096","2026-09-18 16:32:38.000","[PREMIUM]","348","FL - PUNTA GORDA","2026-09-25","FRIDAY","1000","EDT","0","V",2018,"HYUNDAI","TUCSON","TUCSON","SUV","BLUE","FRONT END",,"FL","RB","YES","D",60657,"A","[PREMIUM]",8515.66,"2.0L 4","FRONT WHEEL DRIVE","AUTOMATIC","GAS                           ",4,"Run & Drive Verified","Pure Sale","[PREMIUM]",,"ARCADIA","FL","34269","USA","USD","[PREMIUM]","[PREMIUM]","J010",false,"[PREMIUM]","SEL PLUS",false,false,"[PREMIUM]",,,,,,,,"[PREMIUM]"
"67100736","2026-09-16 23:12:09.838","2026-09-25 05:15:06.650","67100736","2026-09-18 18:33:09.000","[PREMIUM]","348","FL - PUNTA GORDA","2026-09-25","FRIDAY","1000","EDT","0","V",2004,"TOYOTA","PRIUS","PRIUS","HATCHBACK","SILVER","REAR END",,"FL","RB","YES","S",261472,"E","[PREMIUM]",2414.45,"1.5L 4","FRONT WHEEL DRIVE","AUTOMATIC","ELECTRIC AND GAS HYBRID       ",4,"Vehicle Starts","Pure Sale","[PREMIUM]",,"ARCADIA","FL","34269","USA","USD","[PREMIUM]","[PREMIUM]","J020",false,"[PREMIUM]","BASE",false,false,"[PREMIUM]",,,,,,,,"[PREMIUM]"
"66277446","2026-09-16 23:12:09.211","2026-09-22 02:50:49.651","66277446","2026-09-18 18:30:36.000","[PREMIUM]","348","FL - PUNTA GORDA","2026-09-22","TUESDAY","1000","EDT","0","V",2021,"KIA","K5","K5","SEDAN","GRAY","REAR END",,"FL","RB","YES","D",84667,"A","[PREMIUM]",10882.65,"1.6L 4","FRONT WHEEL DRIVE","AUTOMATIC","GAS",4,"Run & Drive Verified","On Minimum Bid","[PREMIUM]",,"ARCADIA","FL","34269","USA","USD","[PREMIUM]","[PREMIUM]","L030",false,"[PREMIUM]","LX",false,false,"[PREMIUM]",,,,,,,,"[PREMIUM]"
"65614476","2026-09-16 23:12:08.823","2026-09-22 02:50:49.221","65614476","2026-09-18 13:14:05.000","[PREMIUM]","348","FL - PUNTA GORDA","2026-09-22","TUESDAY","1000","EDT","0","V",2025,"GMC","SIERRA","SIERRA","PICKUP","GRAY","FRONT END",,"FL","CD","YES","D",25768,"A","[PREMIUM]",45263,"5.3L 8","4X4 W/REAR WHEEL DRV","AUTOMATIC","GAS",8,"Run & Drive Verified","Pure Sale","[PREMIUM]",,"ARCADIA","FL","34269","USA","USD","[PREMIUM]","[PREMIUM]","N100",false,"[PREMIUM]","K1500 SLT",false,false,"[PREMIUM]",,,,,,,,"[PREMIUM]"
"65714736","2026-09-16 23:12:08.814","2026-09-29 08:38:56.710","65714736","2026-09-25 14:13:01.000","[PREMIUM]","348","FL - PUNTA GORDA","2026-09-29","TUESDAY","1000","EDT","0","V",2024,"TESLA","MODEL 3","MODEL 3","SEDAN","BLACK","ALL OVER",,"FL","RB","YES","S",25157,"A","[PREMIUM]",19244,,"REAR WHEEL DRIVE","AUTOMATIC","ELECTRIC                      ",,"Vehicle Starts","On Minimum Bid","[PREMIUM]",,"ARCADIA","FL","34269","USA","USD","[PREMIUM]","[PREMIUM]","H020",false,"[PREMIUM]",,false,false,"[PREMIUM]",,,,,,,,"[PREMIUM]"
"65443106","2026-09-16 23:12:08.694","2026-09-22 02:50:49.032","65443106","2026-09-18 18:24:12.000","[PREMIUM]","348","FL - PUNTA GORDA","2026-09-22","TUESDAY","1000","EDT","0","V",2019,"TOYOTA","RAV4","RAV4","SUV","GRAY","FRONT END","REAR END","FL","RB","YES","D",143940,"A","[PREMIUM]",13949,"2.5L 4","FRONT WHEEL DRIVE","AUTOMATIC","GAS",4,"Run & Drive Verified","Pure Sale","[PREMIUM]",,"ARCADIA","FL","34269","USA","USD","[PREMIUM]","[PREMIUM]","E040",false,"[PREMIUM]","XLE",false,false,"[PREMIUM]",,,,,,,,"[PREMIUM]"
"65379246","2026-09-16 23:12:08.555","2026-09-22 02:50:48.864","65379246","2026-09-18 18:10:37.000","[PREMIUM]","348","FL - PUNTA GORDA","2026-09-22","TUESDAY","1000","EDT","0","V",2012,"NISSAN","ARMADA","ARMADA","SUV","BLACK","FRONT END","REAR END","FL","RB","YES","D",199756,"A","[PREMIUM]",4048,"5.6L 8","4X2","AUTOMATIC","FLEXIBLE",8,"Run & Drive Verified","Pure Sale","[PREMIUM]",,"ARCADIA","FL","34269","USA","USD","[PREMIUM]","[PREMIUM]","RECA",false,"[PREMIUM]","SV",false,false,"[PREMIUM]",,,,,,,,"[PREMIUM]"
"65289686","2026-09-16 23:12:08.553","2026-09-22 02:50:48.855","65289686","2026-09-18 18:24:40.000","[PREMIUM]","348","FL - PUNTA GORDA","2026-09-22","TUESDAY","1000","EDT","0","V",2021,"TOYOTA","COROLLA","COROLLA HATCHBACK","HATCHBACK","SILVER","REAR END",,"FL","RB","YES","D",39637,"A","[PREMIUM]",15861.76,"2.0L 4","FRONT WHEEL DRIVE","AUTOMATIC","GAS",4,"Run & Drive Verified","Pure Sale","[PREMIUM]",,"ARCADIA","FL","34269","USA","USD","[PREMIUM]","[PREMIUM]","F100",false,"[PREMIUM]","SE",false,false,"[PREMIUM]",,,,,,,,"[PREMIUM]"
"65369766","2026-09-16 23:12:08.546","2026-09-25 05:15:05.397","65369766","2026-09-18 14:19:07.000","[PREMIUM]","348","FL - PUNTA GORDA","2026-09-25","FRIDAY","1000","EDT","0","V",2020,"ACURA","ILX","ILX","SEDAN","WHITE","FRONT END",,"FL","CD","YES","E",69442,"N","[PREMIUM]",21663.14,"2.4L 4","FRONT WHEEL DRIVE","AUTOMATIC","GAS",4,"DEFAULT","Pure Sale","[PREMIUM]",,"ARCADIA","FL","34269","USA","USD","[PREMIUM]","[PREMIUM]","L030",false,"[PREMIUM]","PREMIUM",false,false,"[PREMIUM]",,,,,,,,"[PREMIUM]"
"64731546","2026-09-16 23:12:08.084","2026-09-23 03:36:21.562","64731546","2026-09-18 16:07:09.000","[PREMIUM]","835","MEDIUM DUTY SPECIALTY SALE","2026-09-23","WEDNESDAY","1100","CDT","0","K",2023,"RAM","PROMASTER","PROMASTER 2500","VAN CARGO","WHITE","REAR END",,"FL","RB","YES","E",60602,"A","[PREMIUM]",21719.77,"3.6L 6","FRONT WHEEL DRIVE","AUTOMATIC","FLEXIBLE",6,"DEFAULT","Pure Sale","[PREMIUM]",,"ARCADIA","FL","34269","USA","USD","[PREMIUM]","[PREMIUM]","O030",false,"[PREMIUM]","2500 HIGH",false,false,"[PREMIUM]",,,,,,,,"[PREMIUM]"
"64760376","2026-09-16 23:12:08.069","2026-09-29 08:38:55.844","64760376","2026-09-28 17:49:44.000","[PREMIUM]","348","FL - PUNTA GORDA","2026-09-29","TUESDAY","1000","EDT","0","V",2021,"CHEVROLET","SILVERADO","SILVERADO","PICKUP","WHITE","FRONT END",,"FL","CD","YES","D",134394,"A","[PREMIUM]",19385,"5.3L 8","4X4 W/REAR WHEEL DRV","AUTOMATIC","GAS                           ",8,"Run & Drive Verified","On Minimum Bid","[PREMIUM]",,"ARCADIA","FL","34269","USA","USD","[PREMIUM]","[PREMIUM]","K100",false,"[PREMIUM]","K1500",false,false,"[PREMIUM]",,,,,,,,"[PREMIUM]"
"64608556","2026-09-16 23:12:07.945","2026-09-29 08:38:55.699","64608556","2026-09-25 14:41:56.000","[PREMIUM]","348","FL - PUNTA GORDA","2026-09-29","TUESDAY","1000","EDT","0","V",2024,"MAZDA","CX-5","CX-5","SPORT UTILITY VEHICLE","GRAY","FRONT END","SIDE","FL","RB","YES","D",28605,"A","[PREMIUM]",21029,"2.5L 4","ALL WHEEL DRIVE","AUTOMATIC","GAS                           ",4,"Run & Drive Verified","On Minimum Bid","[PREMIUM]",,"ARCADIA","FL","34269","USA","USD","[PREMIUM]","[PREMIUM]","K040",false,"[PREMIUM]","PREFERRED",false,false,"[PREMIUM]",,,,,,,,"[PREMIUM]"
"64571296","2026-09-16 23:12:07.911","2026-09-22 02:50:48.221","64571296","2026-09-18 18:15:36.000","[PREMIUM]","348","FL - PUNTA GORDA","2026-09-22","TUESDAY","1000","EDT","0","V",2021,"BMW","M3","M340I","SEDAN","BLUE","REAR END","SIDE","FL","RB","YES","E",67687,"A","[PREMIUM]",24614.31,"3.0L 6","REAR WHEEL DRIVE","AUTOMATIC","GAS",6,"DEFAULT","Pure Sale","[PREMIUM]",,"ARCADIA","FL","34269","USA","USD","[PREMIUM]","[PREMIUM]","L030",false,"[PREMIUM]",,false,false,"[PREMIUM]",,,,,,,,"[PREMIUM]"
"64427156","2026-09-16 23:12:07.905","2026-09-22 02:50:48.080","64427156","2026-09-18 16:48:35.000","[PREMIUM]","348","FL - PUNTA GORDA","2026-09-22","TUESDAY","1000","EDT","0","V",2014,"GMC","SIERRA","SIERRA","CREW PICKUP","GRAY","FRONT END",,"FL","RB","YES","D",239077,"A","[PREMIUM]",6821,"5.3L 8","4X4 W/REAR WHEEL DRV","AUTOMATIC","GAS",8,"Run & Drive Verified","Pure Sale","[PREMIUM]",,"ARCADIA","FL","34269","USA","USD","[PREMIUM]","[PREMIUM]","E090",false,"[PREMIUM]","K1500 SLT",false,false,"[PREMIUM]",,,,,,,,"[PREMIUM]"
"64232776","2026-09-16 23:12:07.819","2026-09-22 02:50:47.924","64232776","2026-09-18 18:01:36.000","[PREMIUM]","348","FL - PUNTA GORDA","2026-09-22","TUESDAY","1000","EDT","0","V",2014,"TOYOTA","CAMRY","CAMRY","SEDAN","BLACK","REAR END","FRONT END","FL","RB","YES","D",183248,"A","[PREMIUM]",6652,"2.5L 4","FRONT WHEEL DRIVE","AUTOMATIC","GAS",4,"Run & Drive Verified","Pure Sale","[PREMIUM]",,"ARCADIA","FL","34269","USA","USD","[PREMIUM]","[PREMIUM]","L040",false,"[PREMIUM]","SE",false,false,"[PREMIUM]",,,,,,,,"[PREMIUM]"
"64341256","2026-09-16 23:12:07.802","2026-09-29 08:38:55.691","64341256","2026-09-22 14:33:21.000","[PREMIUM]","348","FL - PUNTA GORDA","2026-09-29","TUESDAY","1000","EDT","0","V",2017,"CHEVROLET","EQUINOX","EQUINOX","4DR SPORT UTILITY","SILVER","REAR END","FRONT END","FL","RB","YES","D",122514,"A","[PREMIUM]",2610.1,"2.4L 4","FRONT WHEEL DRIVE","AUTOMATIC","GAS",4,"Run & Drive Verified","On Minimum Bid","[PREMIUM]",,"ARCADIA","FL","34269","USA","USD","[PREMIUM]","[PREMIUM]","G010",false,"[PREMIUM]","LS",false,false,"[PREMIUM]",,,,,,,,"[PREMIUM]"
"64085526","2026-09-16 23:12:07.617","2026-09-22 02:50:47.750","64085526","2026-09-18 16:53:44.000","[PREMIUM]","348","FL - PUNTA GORDA","2026-09-22","TUESDAY","1000","EDT","0","V",2016,"HONDA","CIVIC","CIVIC","SEDAN 4DR","BLUE","SIDE",,"FL","RB","YES","S",83258,"A","[PREMIUM]",14744,"1.5L 4","FRONT WHEEL DRIVE","AUTOMATIC","GAS",4,"Vehicle Starts","Pure Sale","[PREMIUM]",,"ARCADIA","FL","34269","USA","USD","[PREMIUM]","[PREMIUM]","L100",false,"[PREMIUM]","TOURING",false,false,"[PREMIUM]",,,,,,,,"[PREMIUM]"
"63674236","2026-09-16 23:12:07.334","2026-09-22 02:50:47.472","63674236","2026-09-18 14:24:06.000","[PREMIUM]","348","FL - PUNTA GORDA","2026-09-22","TUESDAY","1000","EDT","0","V",2020,"HYUNDAI","SONATA","SONATA","SEDAN","RED","REAR END",,"FL","CD","YES","D",75234,"N","[PREMIUM]",15061.82,"2.5L 4","FRONT WHEEL DRIVE","AUTOMATIC","GAS",4,"Run & Drive Verified","Pure Sale","[PREMIUM]",,"ARCADIA","FL","34269","USA","USD","[PREMIUM]","[PREMIUM]","L040",false,"[PREMIUM]","SEL",false,false,"[PREMIUM]",,,,,,,,"[PREMIUM]"
"63337316","2026-09-16 23:12:07.140","2026-09-22 02:50:47.329","63337316","2026-09-18 17:55:35.000","[PREMIUM]","348","FL - PUNTA GORDA","2026-09-22","TUESDAY","1000","EDT","0","V",2019,"HONDA","CRV","CR-V","SPORT UTILITY VEHICLE","SILVER","REAR END",,"FL","RB","YES","D",35455,"A","[PREMIUM]",14865.98,"1.5L 4","FRONT WHEEL DRIVE","AUTOMATIC","GAS",4,"Run & Drive Verified","Pure Sale","[PREMIUM]",,"ARCADIA","FL","34269","USA","USD","[PREMIUM]","[PREMIUM]","D040",false,"[PREMIUM]","EXL",false,false,"[PREMIUM]",,,,,,,,"[PREMIUM]"
"62926076","2026-09-16 23:12:06.852","2026-09-22 02:50:47.072","62926076","2026-09-18 16:56:37.000","[PREMIUM]","348","FL - PUNTA GORDA","2026-09-22","TUESDAY","1000","EDT","0","V",2019,"HONDA","CRV","CR-V","SPORT UTILITY VEHICLE","WHITE","BURN - ENGINE","MECHANICAL","FL","RB","YES","E",88144,"A","[PREMIUM]",19000,"1.5L 4","ALL WHEEL DRIVE","AUTOMATIC","GAS",4,"DEFAULT","Pure Sale","[PREMIUM]",,"ARCADIA","FL","34269","USA","USD","[PREMIUM]","[PREMIUM]","N060",false,"[PREMIUM]","TOURING",false,false,"[PREMIUM]",,,,,,,,"[PREMIUM]"
"62603856","2026-09-16 23:12:06.846","2026-09-23 03:36:20.603","62603856","2026-09-18 13:48:07.000","[PREMIUM]","835","MEDIUM DUTY SPECIALTY SALE","2026-09-23","WEDNESDAY","1100","CDT","0","K",2024,"RAM","PROMASTER","PROMASTER 2500","VAN CARGO","WHITE","FRONT END",,"FL","CD","YES","S",29592,"A","[PREMIUM]",46768.24,"3.6L 6","FRONT WHEEL DRIVE","AUTOMATIC","GAS",6,"Vehicle Starts","On Minimum Bid","[PREMIUM]",,"ARCADIA","FL","34269","USA","USD","[PREMIUM]","[PREMIUM]","O030",false,"[PREMIUM]","2500 HIGH",false,false,"[PREMIUM]",,,,,,,,"[PREMIUM]"
"62394276","2026-09-16 23:12:06.684","2026-09-25 05:15:03.415","62394276","2026-09-18 17:02:06.000","[PREMIUM]","348","FL - PUNTA GORDA","2026-09-25","FRIDAY","1000","EDT","0","V",2015,"TOYOTA","COROLLA","COROLLA","SEDAN","BLACK","REAR END",,"FL","RB","YES","D",248367,"A","[PREMIUM]",8711.67,"1.8L 4","FRONT WHEEL DRIVE","AUTOMATIC","GAS",4,"Run & Drive Verified","Pure Sale","[PREMIUM]",,"ARCADIA","FL","34269","USA","USD","[PREMIUM]","[PREMIUM]","L020",false,"[PREMIUM]","LE",false,false,"[PREMIUM]",,,,,,,,"[PREMIUM]"
"62431736","2026-09-16 23:12:06.641","2026-09-22 02:50:46.906","62431736","2026-09-18 14:23:06.000","[PREMIUM]","348","FL - PUNTA GORDA","2026-09-22","TUESDAY","1000","EDT","0","V",2022,"TOYOTA","COROLLA","COROLLA","SEDAN","BLACK","FRONT END",,"FL","CD","NO","E",58330,"A","[PREMIUM]",15600,"1.8L 4","FRONT WHEEL DRIVE","AUTOMATIC","GAS",4,"DEFAULT","Pure Sale","[PREMIUM]",,"ARCADIA","FL","34269","USA","USD","[PREMIUM]","[PREMIUM]","G070",false,"[PREMIUM]","LE",false,false,"[PREMIUM]",,,,,,,,"[PREMIUM]"
"61631846","2026-09-16 23:12:06.488","2026-09-25 05:15:03.100","61631846","2026-09-18 16:46:36.000","[PREMIUM]","348","FL - PUNTA GORDA","2026-09-25","FRIDAY","1000","EDT","0","V",2015,"CADILLAC","ESCALADE","ESCALADE","4DR SPORT UTILITY","BLACK","FRONT END",,"FL","RB","YES","D",183249,"A","[PREMIUM]",17077.17,"6.2L 8","REAR WHEEL DRIVE","AUTOMATIC","GAS",8,"Run & Drive Verified","Pure Sale","[PREMIUM]",,"ARCADIA","FL","34269","USA","USD","[PREMIUM]","[PREMIUM]","G050",false,"[PREMIUM]","ESV PREMIUM",false,false,"[PREMIUM]",,,,,,,,"[PREMIUM]"
"61971236","2026-09-16 23:12:06.473","2026-09-22 02:50:46.575","61971236","2026-09-18 16:40:35.000","[PREMIUM]","348","FL - PUNTA GORDA","2026-09-22","TUESDAY","1000","EDT","0","V",2025,"TOYOTA","COROLLA","COROLLA","SEDAN","BLUE","FRONT END","REAR END","FL","RB","YES","D",98487,"A","[PREMIUM]",17254.48,"2.0L 4","FRONT WHEEL DRIVE","AUTOMATIC","GAS",4,"Run & Drive Verified","On Minimum Bid","[PREMIUM]",,"ARCADIA","FL","34269","USA","USD","[PREMIUM]","[PREMIUM]","C030",false,"[PREMIUM]","LE",false,false,"[PREMIUM]",,,,,,,,"[PREMIUM]"
"61997976","2026-09-16 23:12:06.472","2026-09-25 05:15:03.251","61997976","2026-09-18 14:24:37.000","[PREMIUM]","348","FL - PUNTA GORDA","2026-09-25","FRIDAY","1000","EDT","0","V",2022,"MAZDA","CX-9","CX-9","SPORT UTILITY VEHICLE","BLUE","FRONT END",,"FL","CD","YES","S",47115,"A","[PREMIUM]",19587.62,"2.5L 4","ALL WHEEL DRIVE","AUTOMATIC","GAS",4,"Vehicle Starts","Pure Sale","[PREMIUM]",,"ARCADIA","FL","34269","USA","USD","[PREMIUM]","[PREMIUM]","E040",false,"[PREMIUM]","GRAND TOURING",false,false,"[PREMIUM]",,,,,,,,"[PREMIUM]"
"58636036","2026-09-16 23:12:05.418","2026-09-22 02:50:45.764","58636036","2026-09-18 17:57:35.000","[PREMIUM]","348","FL - PUNTA GORDA","2026-09-22","TUESDAY","1000","EDT","0","V",2015,"RAM","1500","1500","CREW PICKUP","WHITE","REAR END",,"FL","RB","YES","D",162906,"A","[PREMIUM]",7882,"5.7L 8","REAR WHEEL DRIVE","AUTOMATIC","GAS",8,"Run & Drive Verified","Pure Sale","[PREMIUM]",,"ARCADIA","FL","34269","USA","USD","[PREMIUM]","[PREMIUM]","G100",false,"[PREMIUM]","ST",false,false,"[PREMIUM]",,,,,,,,"[PREMIUM]"
"58356466","2026-09-16 23:12:05.309","2026-09-25 05:15:02.410","58356466","2026-09-18 18:18:40.000","[PREMIUM]","348","FL - PUNTA GORDA","2026-09-25","FRIDAY","1000","EDT","0","C",1985,"HONDA","CM CYCLE","CMX250","ROAD","RED","FRONT END",,"FL","RB","YES","D",12738,"A","[PREMIUM]",1304,"2",,"MANUAL",,2,"Run & Drive Verified","Pure Sale","[PREMIUM]",,"ARCADIA","FL","34269","USA","USD","[PREMIUM]","[PREMIUM]","MC006",false,"[PREMIUM]","C",false,false,"[PREMIUM]",,,,,,,,"[PREMIUM]"
"58238126","2026-09-16 23:12:05.251","2026-09-22 02:50:45.592","58238126","2026-09-18 14:08:07.000","[PREMIUM]","348","FL - PUNTA GORDA","2026-09-22","TUESDAY","1000","EDT","0","V",2021,"SUBARU","OUTBACK","OUTBACK","SPORT UTILITY VEHICLE","SILVER","FRONT END",,"FL","CD","YES","D",83444,"A","[PREMIUM]",17266.33,"2.4L 4","ALL WHEEL DRIVE","AUTOMATIC","GAS",4,"Run & Drive Verified","On Minimum Bid","[PREMIUM]",,"ARCADIA","FL","34269","USA","USD","[PREMIUM]","[PREMIUM]","N010",false,"[PREMIUM]","LIMITED XT",false,false,"[PREMIUM]",,,,,,,,"[PREMIUM]"
"55694946","2026-09-16 23:12:04.923","2026-09-25 05:15:02.111","55694946","2026-09-18 18:18:40.000","[PREMIUM]","348","FL - PUNTA GORDA","2026-09-25","FRIDAY","1000","EDT","0","V",2017,"TOYOTA","CAMRY","CAMRY","SEDAN","SILVER","REAR END",,"FL","RB","YES","D",155593,"N","[PREMIUM]",6446.24,"2.5L 4","FRONT WHEEL DRIVE","AUTOMATIC","GAS                           ",4,"Run & Drive Verified","Pure Sale","[PREMIUM]",,"ARCADIA","FL","34269","USA","USD","[PREMIUM]","[PREMIUM]","SD020",false,"[PREMIUM]","LE",false,false,"[PREMIUM]",,,,,,,,"[PREMIUM]"
"68368196","2026-09-16 23:12:04.309","2026-09-29 08:38:51.338","68368196","2026-09-28 19:57:38.000","[PREMIUM]","345","KY - EARLINGTON","2026-10-01","THURSDAY","1200","CDT","0","V",2020,"HONDA","CRV","CR-V","SPORT UTILITY VEHICLE","WHITE","FRONT END","REAR END","TN","SC","YES","E",0,"N","[PREMIUM]",23667.28,"1.5L 4","FRONT WHEEL DRIVE","AUTOMATIC","GAS",4,"DEFAULT","On Minimum Bid","[PREMIUM]",,"EARLINGTON","KY","42410","USA","USD","[PREMIUM]","[PREMIUM]","C090",false,"[PREMIUM]","EX",false,false,"[PREMIUM]",,,,,,,,"[PREMIUM]"
"67851986","2026-09-16 23:12:04.171","2026-09-29 08:38:50.797","67851986","2026-09-16 22:08:01.000","[PREMIUM]","345","KY - EARLINGTON",,,,"CDT","0","V",2012,"NISSAN","ALTIMA","ALTIMA","SEDAN","SILVER","FRONT END",,"IL","SC","YES","D",163496,"A","[PREMIUM]",4764.21,"2.5L 4","FRONT WHEEL DRIVE","AUTOMATIC","GAS                           ",4,"Run & Drive Verified","Pure Sale","[PREMIUM]",,"EARLINGTON","KY","42410","USA","USD","[PREMIUM]","[PREMIUM]","B030",false,"[PREMIUM]","2.5",false,false,"[PREMIUM]",,,,,,,,"[PREMIUM]"
"65042896","2026-09-16 23:12:01.672","2026-09-29 08:38:47.613","65042896","2026-09-16 21:44:15.000","[PREMIUM]","345","KY - EARLINGTON",,,,"CDT","0","V",2023,"NISSAN","ROGUE","ROGUE","SPORT UTILITY VEHICLE","CHARCOAL","FRONT END","SIDE","TN","SC","YES","D",123870,"A","[PREMIUM]",12960,"1.5L 3","FRONT WHEEL DRIVE","AUTOMATIC","GAS",3,"Run & Drive Verified","On Approval","[PREMIUM]",,"EARLINGTON","KY","42410","USA","USD","[PREMIUM]","[PREMIUM]","G070",false,"[PREMIUM]","S",false,false,"[PREMIUM]",,,,,,,,"[PREMIUM]"
"63999806","2026-09-16 23:12:00.630","2026-09-24 03:37:03.297","63999806","2026-09-21 21:04:16.000","[PREMIUM]","345","KY - EARLINGTON","2026-09-24","THURSDAY","1200","CDT","0","V",2018,"HYUNDAI","SANTA FE","SANTA FE SPORT","SUV","BLUE","BURN","SIDE","TN","SC","YES","D",174095,"A","[PREMIUM]",0,"2.4L 4","FRONT WHEEL DRIVE","AUTOMATIC","GAS",4,"Run & Drive Verified","Pure Sale","[PREMIUM]",,"EARLINGTON","KY","42410","USA","USD","[PREMIUM]","[PREMIUM]","G070",false,"[PREMIUM]","2.4L",false,false,"[PREMIUM]",,,,,,,,"[PREMIUM]"
"57572156","2026-09-16 23:11:57.003","2026-09-29 08:38:43.196","57572156","2026-09-16 21:45:57.000","[PREMIUM]","345","KY - EARLINGTON",,,,"CDT","0","V",2025,"RAM","1500","1500","PICKUP","WHITE","FRONT END","SIDE","KS","ST","YES","S",35740,"A","[PREMIUM]",25594,"3.0L 6","4X4 W/REAR WHEEL DRV","AUTOMATIC","GAS",6,"Vehicle Starts","Pure Sale","[PREMIUM]",,"EARLINGTON","KY","42410","USA","USD","[PREMIUM]","[PREMIUM]","I080",false,"[PREMIUM]","BIG HORN/LONE STAR",false,false,"[PREMIUM]",,,,,,,,"[PREMIUM]"
"68612896","2026-09-16 23:11:55.477","2026-09-21 02:39:51.524","68612896","2026-09-18 20:30:41.000","[PREMIUM]","344","NY - BUFFALO","2026-09-21","MONDAY","1000","EDT","2026","V",2008,"MERCEDES-BENZ","R-CLASS","R","4DR SPORT UTILITY","BLACK","WATER/FLOOD","MECHANICAL","NY","FS","YES","E",192242,"E","[PREMIUM]",22820.75,"3.0L 6","ALL WHEEL DRIVE","AUTOMATIC","DIESEL",6,"DEFAULT","Pure Sale","[PREMIUM]",,"ANGOLA","NY","14006 9726","USA","USD","[PREMIUM]","[PREMIUM]","1G040",false,"[PREMIUM]","320 CDI",false,false,"[PREMIUM]",,,,,,,,"[PREMIUM]"
"69349716","2026-09-16 23:11:52.018","2026-09-28 23:22:20.350","69349716","2026-09-28 21:35:38.000","[PREMIUM]","343","CA - REDDING","2026-10-02","FRIDAY","1200","PDT","0","V",1999,"FORD","F150","F150","4DR EXT CAB PICKUP","BLACK","MECHANICAL",,"CA","DV","YES",,262608,"A","[PREMIUM]",0,"5.4L 8","4X4 W/REAR WHEEL DRV","AUTOMATIC","GAS                           ",8,,"On Minimum Bid","[PREMIUM]",,"ANDERSON","CA","96007 8706","USA","USD","[PREMIUM]","[PREMIUM]","C090",true,"[PREMIUM]",,false,false,"[PREMIUM]",,,,,,,,"[PREMIUM]"
"69344316","2026-09-16 23:11:52.006","2026-09-22 03:37:04.235","69344316","2026-09-22 02:45:25.000","[PREMIUM]","883","*NCS - PACIFIC REGION","2026-09-22","TUESDAY","1800","PDT","0","V",2025,"TOYOTA",,"GR86","COUPE","GRAY","FRONT END","REAR END","CA","AC","NO","E",0,"N","[PREMIUM]",0,"2.4L 4","REAR WHEEL DRIVE","AUTOMATIC","GAS",4,"DEFAULT","On Approval","[PREMIUM]",,"ANDERSON","CA","96007 8706","USA","USD","[PREMIUM]","[PREMIUM]","C050",false,"[PREMIUM]","BASE",false,false,"[PREMIUM]",,,,,,,,"[PREMIUM]"
"69000596","2026-09-16 23:11:51.995","2026-09-29 20:36:30.869","69000596","2026-09-28 17:47:11.000","[PREMIUM]","343","CA - REDDING","2026-10-02","FRIDAY","1200","PDT","0","V",2010,"TOYOTA","COROLLA","COROLLA","SEDAN","GRAY","FRONT END",,"CA","AC","YES","S",372332,"A","[PREMIUM]",0,"1.8L 4","FRONT WHEEL DRIVE","AUTOMATIC","GAS                           ",4,"Vehicle Starts","On Minimum Bid","[PREMIUM]",,"ANDERSON","CA","96007 8706","USA","USD","[PREMIUM]","[PREMIUM]","A060",false,"[PREMIUM]","LE",false,false,"[PREMIUM]",,,,,,,,"[PREMIUM]"
"68703446","2026-09-16 23:11:51.880","2026-09-29 21:35:05.904","68703446","2026-09-29 19:00:07.000","[PREMIUM]","883","*NCS - PACIFIC REGION","2026-09-29","TUESDAY","1800","PDT","13","V",2007,"FORD","FUSION","FUSION","SEDAN 4DR","SILVER","REAR END",,"CA","DV","YES","D",158521,"A","[PREMIUM]",0,"3.0L 6","ALL WHEEL DRIVE","AUTOMATIC","GAS",6,"Run & Drive Verified","On Minimum Bid","[PREMIUM]",,"ANDERSON","CA","96007 8706","USA","USD","[PREMIUM]","[PREMIUM]","C020",true,"[PREMIUM]","SEL",false,false,"[PREMIUM]",,,,,,,,"[PREMIUM]"
"68703086","2026-09-16 23:11:51.879","2026-09-29 03:36:26.957","68703086","2026-09-29 02:45:13.000","[PREMIUM]","883","*NCS - PACIFIC REGION","2026-09-29","TUESDAY","1800","PDT","0","V",2013,"FORD","ESCAPE","ESCAPE","4DR SPORT UTILITY","WHITE","VANDALISM",,"CA","DV","YES","D",108014,"A","[PREMIUM]",0,"1.6L 4","4X4 W/FRONT WHL DRV","AUTOMATIC","GAS",4,"Run & Drive Verified","On Minimum Bid","[PREMIUM]",,"ANDERSON","CA","96007 8706","USA","USD","[PREMIUM]","[PREMIUM]","D040",true,"[PREMIUM]","SE",false,false,"[PREMIUM]",,,,,,,,"[PREMIUM]"
"68187166","2026-09-16 23:11:51.693","2026-09-18 00:52:59.324","68187166","2026-09-16 23:52:50.000","[PREMIUM]","343","CA - REDDING","2026-09-18","FRIDAY","1200","PDT","220","V",2012,"DODGE","RAM 1500","RAM 1500","PICKUP","WHITE","SIDE","REAR END","CA","DV","YES","S",192956,"A","[PREMIUM]",0,"4.7L 8","REAR WHEEL DRIVE","AUTOMATIC","GAS",8,"Vehicle Starts","On Minimum Bid","[PREMIUM]",,"ANDERSON","CA","96007 8706","USA","USD","[PREMIUM]","[PREMIUM]","G070",true,"[PREMIUM]","ST",false,false,"[PREMIUM]",,,,,,,,"[PREMIUM]"
"66306726","2026-09-16 23:11:50.959","2026-09-25 08:36:52.541","66306726","2026-09-22 03:33:00.000","[PREMIUM]","343","CA - REDDING","2026-09-25","FRIDAY","1200","PDT","0","V",2025,"TOYOTA","4RUNNER","4RUNNER","SUV","GRAY","FRONT END",,"FL","RB","YES","S",16205,"A","[PREMIUM]",44310.76,"2.4L 4","ALL WHEEL DRIVE","AUTOMATIC","GAS",4,"Vehicle Starts","Pure Sale","[PREMIUM]",,"ANDERSON","CA","96007 8706","USA","USD","[PREMIUM]","[PREMIUM]","C080",false,"[PREMIUM]","LIMITED",false,false,"[PREMIUM]",,,,,,,,"[PREMIUM]"
"64162376","2026-09-16 23:11:50.378","2026-09-28 23:22:18.561","64162376","2026-09-28 21:53:42.000","[PREMIUM]","343","CA - REDDING","2026-10-02","FRIDAY","1200","PDT","0","V",2015,"NISSAN","ALTIMA","ALTIMA",,"GRAY","MINOR DENT/SCRATCHES",,"CA","DV","YES","D",218593,"A","[PREMIUM]",0,,,"AUTOMATIC",,,"Run & Drive Verified","On Minimum Bid","[PREMIUM]",,"ANDERSON","CA","96007 8706","USA","USD","[PREMIUM]","[PREMIUM]","B020",false,"[PREMIUM]","2.5 S",false,false,"[PREMIUM]",,,,,,,,"[PREMIUM]"
"63035676","2026-09-16 23:11:49.848","2026-09-29 20:36:28.758","63035676","2026-09-28 17:52:34.000","[PREMIUM]","343","CA - REDDING","2026-10-02","FRIDAY","1200","PDT","0","V",2014,"MITSUBISHI","OUTLANDER","OUTLANDER","4DR SPORT UTILITY","WHITE","MECHANICAL",,"CA","DV","YES","E",224376,"A","[PREMIUM]",0,"2.4L 4","FRONT WHEEL DRIVE","AUTOMATIC","GAS",4,"DEFAULT","On Minimum Bid","[PREMIUM]",,"ANDERSON","CA","96007 8706","USA","USD","[PREMIUM]","[PREMIUM]","F010",false,"[PREMIUM]","SE",false,false,"[PREMIUM]",,,,,,,,"[PREMIUM]"
"97154525","2026-09-16 23:11:48.802","2026-09-29 08:38:36.950","97154525","2026-09-16 20:57:02.000","[PREMIUM]","342","MD - BALTIMORE EAST",,,,"EDT","0","V",2022,"TOYOTA","COROLLA","COROLLA",,"BLUE","FRONT END",,"MD","S1","YES","E",55260,"A","[PREMIUM]",17182.98,"2.0L  4","Front-wheel Drive","AUTOMATIC","GAS",4,"DEFAULT","Pure Sale","[PREMIUM]",,"BALTIMORE","MD","21225","USA","USD","[PREMIUM]","[PREMIUM]","I010",false,"[PREMIUM]","SE",false,false,"[PREMIUM]",,,,,,,,"[PREMIUM]"
"68925276","2026-09-16 23:11:47.919","2026-09-22 02:50:30.193","68925276","2026-09-17 11:32:49.000","[PREMIUM]","342","MD - BALTIMORE EAST","2026-09-22","TUESDAY","1000","EDT","49","V",2017,"FORD","EXPLORER","EXPLORER","4DR SPORT UTILITY","BROWN","REAR END","FRONT END","MD","S1","YES","D",197567,"A","[PREMIUM]",7466.88,"3.7L 6","4X4 W/FRONT WHL DRV","AUTOMATIC","GAS                           ",6,"Run & Drive Verified","Pure Sale","[PREMIUM]",,"BALTIMORE","MD","21225","USA","USD","[PREMIUM]","[PREMIUM]","F030",false,"[PREMIUM]","POLICE INTERCEPTOR",false,false,"[PREMIUM]",,,,,,,,"[PREMIUM]"
"68789446","2026-09-16 23:11:47.795","2026-09-22 02:50:29.931","68789446","2026-09-17 11:32:49.000","[PREMIUM]","342","MD - BALTIMORE EAST","2026-09-22","TUESDAY","1000","EDT","31","V",2017,"HONDA","CIVIC","CIVIC","SEDAN 4DR","GRAY","SIDE","REAR END","MD","S1","YES","D",39182,"A","[PREMIUM]",16845.33,"1.5L 4","FRONT WHEEL DRIVE","AUTOMATIC","GAS",4,"Run & Drive Verified","Pure Sale","[PREMIUM]",,"BALTIMORE","MD","21225","USA","USD","[PREMIUM]","[PREMIUM]","FF010",false,"[PREMIUM]","TOURING",false,false,"[PREMIUM]",,,,,,,,"[PREMIUM]"
"68758556","2026-09-16 23:11:47.772","2026-09-29 08:38:32.991","68758556","2026-09-24 13:14:07.000","[PREMIUM]","342","MD - BALTIMORE EAST","2026-09-29","TUESDAY","1000","EDT","0","V",2012,"HONDA","CRV","CR-V","4DR SPORT UTILITY","GRAY","REAR END","SIDE","MD","S1","YES","D",292362,"A","[PREMIUM]",0,"2.4L 4","ALL WHEEL DRIVE","AUTOMATIC","GAS                           ",4,"Run & Drive Verified","Pure Sale","[PREMIUM]",,"BALTIMORE","MD","21225","USA","USD","[PREMIUM]","[PREMIUM]","G030",false,"[PREMIUM]","LX",false,false,"[PREMIUM]",,,,,,,,"[PREMIUM]"
"68663786","2026-09-16 23:11:47.592","2026-09-29 08:38:32.701","68663786","2026-09-23 18:59:37.000","[PREMIUM]","342","MD - BALTIMORE EAST","2026-09-29","TUESDAY","1000","EDT","0","V",2011,"KIA","SORENTO","SORENTO","SUV","RED","FRONT END",,"MD","S1","YES","D",192361,"A","[PREMIUM]",4337.82,"3.5L 6","ALL WHEEL DRIVE","AUTOMATIC","GAS",6,"Run & Drive Verified","Pure Sale","[PREMIUM]",,"BALTIMORE","MD","21225","USA","USD","[PREMIUM]","[PREMIUM]","3F010",false,"[PREMIUM]","LX",false,false,"[PREMIUM]",,,,,,,,"[PREMIUM]"
"68671296","2026-09-16 23:11:47.575","2026-09-29 08:38:32.809","68671296","2026-09-23 18:54:37.000","[PREMIUM]","342","MD - BALTIMORE EAST","2026-09-29","TUESDAY","1000","EDT","0","V",2013,"FORD","F150","F150","4DR EXT CAB PICKUP","GRAY","FRONT END","SIDE","MD","S1","YES","D",176665,"A","[PREMIUM]",7902.71,"5.0L 8","4X4 W/REAR WHEEL DRV","AUTOMATIC","FLEXIBLE",8,"Run & Drive Verified","Pure Sale","[PREMIUM]",,"BALTIMORE","MD","21225","USA","USD","[PREMIUM]","[PREMIUM]","3B030",false,"[PREMIUM]","SUPER CAB",false,false,"[PREMIUM]",,,,,,,,"[PREMIUM]"
"68378246","2026-09-16 23:11:47.276","2026-09-22 02:50:29.199","68378246","2026-09-17 11:32:50.000","[PREMIUM]","342","MD - BALTIMORE EAST","2026-09-22","TUESDAY","1000","EDT","2575","V",2014,"HONDA","ACCORD","ACCORD","SEDAN 4DR","SILVER","FRONT END","SIDE","MD","S1","YES",,0,"N","[PREMIUM]",10425.09,"3.5L 6","FRONT WHEEL DRIVE","AUTOMATIC","GAS",6,,"Pure Sale","[PREMIUM]",,"BALTIMORE","MD","21225","USA","USD","[PREMIUM]","[PREMIUM]","3G010",false,"[PREMIUM]","TOURING",false,false,"[PREMIUM]",,,,,,,,"[PREMIUM]"
"68309246","2026-09-16 23:11:47.197","2026-09-29 08:38:31.694","68309246","2026-09-23 19:05:08.000","[PREMIUM]","835","MEDIUM DUTY SPECIALTY SALE","2026-09-30","WEDNESDAY","1100","CDT","0","K",2002,"FORD","All Models","E250","CARGO VAN","WHITE","REAR END",,"MD","S1","NO","E",230638,"E","[PREMIUM]",2962,"5.4L 8","REAR WHEEL DRIVE","AUTOMATIC","GAS",8,"DEFAULT","Pure Sale","[PREMIUM]",,"BALTIMORE","MD","21225","USA","USD","[PREMIUM]","[PREMIUM]","TT010",false,"[PREMIUM]",,false,false,"[PREMIUM]",,,,,,,,"[PREMIUM]"
"68286656","2026-09-16 23:11:47.196","2026-09-29 08:38:31.694","68286656","2026-09-24 13:15:37.000","[PREMIUM]","342","MD - BALTIMORE EAST","2026-09-29","TUESDAY","1000","EDT","0","V",2012,"HONDA","CIVIC","CIVIC","SEDAN 4DR","BLACK","FRONT END","MINOR DENT/SCRATCHES","MD","S2","YES","D",107447,"A","[PREMIUM]",5976.5,"1.8L 4","FRONT WHEEL DRIVE","MANUAL","GAS",4,"Run & Drive Verified","On Minimum Bid","[PREMIUM]",,"BALTIMORE","MD","21225","USA","USD","[PREMIUM]","[PREMIUM]","BB020",false,"[PREMIUM]","LX",false,false,"[PREMIUM]",,,,,,,,"[PREMIUM]"
"68150756","2026-09-16 23:11:47.170","2026-09-29 08:38:31.270","68150756","2026-09-24 13:12:37.000","[PREMIUM]","342","MD - BALTIMORE EAST","2026-09-29","TUESDAY","1000","EDT","0","V",2020,"HONDA","ODYSSEY","ODYSSEY","VAN PASSENGER","BLUE","REAR END","SIDE","MD","S1","YES","D",63059,"A","[PREMIUM]",7835.23,"3.5L 6","FRONT WHEEL DRIVE","AUTOMATIC","GAS                           ",6,"Run & Drive Verified","Pure Sale","[PREMIUM]",,"BALTIMORE","MD","21225","USA","USD","[PREMIUM]","[PREMIUM]","BB050",false,"[PREMIUM]","EXL",false,false,"[PREMIUM]",,,,,,,,"[PREMIUM]"
"68130296","2026-09-16 23:11:47.164","2026-09-29 08:38:31.100","68130296","2026-09-24 13:13:07.000","[PREMIUM]","342","MD - BALTIMORE EAST","2026-09-29","TUESDAY","1000","EDT","0","V",2020,"KIA","SOUL","SOUL","WAGON","SILVER","VANDALISM","FRONT END","MD","S1","EXM",,92571,"A","[PREMIUM]",0,"2.0L 4","FRONT WHEEL DRIVE","AUTOMATIC","GAS",4,,"Pure Sale","[PREMIUM]",,"BALTIMORE","MD","21225","USA","USD","[PREMIUM]","[PREMIUM]","G070",false,"[PREMIUM]","S",false,false,"[PREMIUM]",,,,,,,,"[PREMIUM]"
"68146016","2026-09-16 23:11:47.163","2026-09-29 08:38:31.265","68146016","2026-09-24 13:12:39.000","[PREMIUM]","342","MD - BALTIMORE EAST","2026-09-29","TUESDAY","1000","EDT","0","V",2012,"MAZDA","3","3","SEDAN 4DR","BLUE","FRONT END","REAR END","MD","S2","YES","D",150250,"A","[PREMIUM]",2866.09,"2.0L 4","FRONT WHEEL DRIVE","AUTOMATIC","GAS",4,"Run & Drive Verified","Pure Sale","[PREMIUM]",,"BALTIMORE","MD","21225","USA","USD","[PREMIUM]","[PREMIUM]","3E050",false,"[PREMIUM]","I",false,false,"[PREMIUM]",,,,,,,,"[PREMIUM]"
"68015386","2026-09-16 23:11:46.549","2026-09-29 08:38:30.779","68015386","2026-09-24 13:11:38.000","[PREMIUM]","342","MD - BALTIMORE EAST","2026-09-29","TUESDAY","1000","EDT","0","V",2019,"TOYOTA","CAMRY","CAMRY","SEDAN","WHITE","SIDE","FRONT END","MD","S1","YES","D",290627,"A","[PREMIUM]",11059,"2.5L 4","FRONT WHEEL DRIVE","AUTOMATIC","GAS",4,"Run & Drive Verified","On Minimum Bid","[PREMIUM]",,"BALTIMORE","MD","21225","USA","USD","[PREMIUM]","[PREMIUM]","WW010",false,"[PREMIUM]","SE",false,false,"[PREMIUM]",,,,,,,,"[PREMIUM]"
"67827416","2026-09-16 23:11:46.346","2026-09-29 08:38:30.600","67827416","2026-09-23 18:55:37.000","[PREMIUM]","342","MD - BALTIMORE EAST","2026-09-29","TUESDAY","1000","EDT","0","V",2014,"NISSAN","ALTIMA","ALTIMA","SEDAN","GRAY","FRONT END","REAR END","MD","S1","YES","D",242850,"A","[PREMIUM]",4561.15,"2.5L 4","FRONT WHEEL DRIVE","AUTOMATIC","GAS",4,"Run & Drive Verified","Pure Sale","[PREMIUM]",,"BALTIMORE","MD","21225","USA","USD","[PREMIUM]","[PREMIUM]","C090",false,"[PREMIUM]","2.5 S",false,false,"[PREMIUM]",,,,,,,,"[PREMIUM]"
"67774676","2026-09-16 23:11:46.336","2026-09-29 05:19:25.629","67774676","2026-09-22 20:48:40.000","[PREMIUM]","342","MD - BALTIMORE EAST",,,,"EDT","0","V",2016,"FORD","ESCAPE","ESCAPE","4DR SPORT UTILITY","WHITE","UNDERCARRIAGE","SIDE","MD","S1","YES","S",213011,"A","[PREMIUM]",7993.88,"2.0L 4","FRONT WHEEL DRIVE","AUTOMATIC","GAS",4,"Vehicle Starts","Pure Sale","[PREMIUM]",,"BALTIMORE","MD","21225","USA","USD","[PREMIUM]","[PREMIUM]","GG020",false,"[PREMIUM]","SE",false,false,"[PREMIUM]",,,,,,,,"[PREMIUM]"
"67714626","2026-09-16 23:11:46.075","2026-09-29 08:38:30.115","67714626","2026-09-23 18:52:08.000","[PREMIUM]","342","MD - BALTIMORE EAST","2026-09-29","TUESDAY","1000","EDT","0","V",2006,"FORD","FOCUS","FOCUS","SEDAN 4DR","BLACK","FRONT END","SIDE","MD","S1","YES","D",65893,"A","[PREMIUM]",3027.43,"2.0L 4","FRONT WHEEL DRIVE","AUTOMATIC","GAS",4,"Run & Drive Verified","Pure Sale","[PREMIUM]",,"BALTIMORE","MD","21225","USA","USD","[PREMIUM]","[PREMIUM]","DD020",false,"[PREMIUM]","ZX4",false,false,"[PREMIUM]",,,,,,,,"[PREMIUM]"
"67308686","2026-09-16 23:11:45.302","2026-09-29 08:38:29.267","67308686","2026-09-24 13:10:07.000","[PREMIUM]","342","MD - BALTIMORE EAST","2026-09-29","TUESDAY","1000","EDT","0","V",2004,"FORD","All Models","F150","4DR EXT CAB PICKUP","BLUE","SIDE","REAR END","MD","S1","YES","D",146857,"A","[PREMIUM]",0,"4.6L 8","REAR WHEEL DRIVE","AUTOMATIC","GAS",8,"Run & Drive Verified","Pure Sale","[PREMIUM]",,"BALTIMORE","MD","21225","USA","USD","[PREMIUM]","[PREMIUM]","SA004",false,"[PREMIUM]",,false,false,"[PREMIUM]",,,,,,,,"[PREMIUM]"
"67114286","2026-09-16 23:11:45.032","2026-09-22 02:50:26.157","67114286","2026-09-17 11:32:50.000","[PREMIUM]","342","MD - BALTIMORE EAST","2026-09-22","TUESDAY","1000","EDT","2551","V",2010,"NISSAN","ALTIMA","ALTIMA","SEDAN","BLUE","FRONT END","UNDERCARRIAGE","MD","S1","YES","S",150275,"A","[PREMIUM]",5212.65,"2.5L 4","FRONT WHEEL DRIVE","AUTOMATIC","GAS",4,"Vehicle Starts","Pure Sale","[PREMIUM]",,"BALTIMORE","MD","21225","USA","USD","[PREMIUM]","[PREMIUM]","HH020",false,"[PREMIUM]","2.5",false,false,"[PREMIUM]",,,,,,,,"[PREMIUM]"
"66936296","2026-09-16 23:11:44.837","2026-09-22 02:50:25.868","66936296","2026-09-17 11:32:50.000","[PREMIUM]","342","MD - BALTIMORE EAST","2026-09-22","TUESDAY","1000","EDT","2558","V",2003,"CHEVROLET","TAHOE","TAHOE","4DR SPORT UTILITY","BURGUNDY","ROLLOVER",,"MD","S2","YES","S",188459,"A","[PREMIUM]",10238.33,"5.3L 8","4X4 W/REAR WHEEL DRV","AUTOMATIC","FLEXIBLE",8,"Vehicle Starts","Pure Sale","[PREMIUM]",,"BALTIMORE","MD","21225","USA","USD","[PREMIUM]","[PREMIUM]","AA070",false,"[PREMIUM]","K1500",false,false,"[PREMIUM]",,,,,,,,"[PREMIUM]"
"66928496","2026-09-16 23:11:44.716","2026-09-29 08:38:28.469","66928496","2026-09-23 18:58:09.000","[PREMIUM]","342","MD - BALTIMORE EAST","2026-09-29","TUESDAY","1000","EDT","0","V",2017,"HONDA","CIVIC","CIVIC","SEDAN 4DR","SILVER","FRONT END","MECHANICAL","MD","S1","YES","E",129974,"A","[PREMIUM]",10744.58,"1.5L 4","FRONT WHEEL DRIVE","MANUAL","GAS",4,"DEFAULT","Pure Sale","[PREMIUM]",,"BALTIMORE","MD","21225","USA","USD","[PREMIUM]","[PREMIUM]","AA050",false,"[PREMIUM]","EX",false,false,"[PREMIUM]",,,,,,,,"[PREMIUM]"
"66809596","2026-09-16 23:11:44.422","2026-09-29 08:38:28.168","66809596","2026-09-24 13:09:50.000","[PREMIUM]","342","MD - BALTIMORE EAST","2026-09-29","TUESDAY","1000","EDT","0","V",2017,"NISSAN","ROGUE","ROGUE","WAGON","GRAY","UNDERCARRIAGE","FRONT END","MD","S1","YES","D",150245,"A","[PREMIUM]",7141.91,"2.5L 4","ALL WHEEL DRIVE","AUTOMATIC","GAS",4,"Run & Drive Verified","Pure Sale","[PREMIUM]",,"BALTIMORE","MD","21225","USA","USD","[PREMIUM]","[PREMIUM]","F030",false,"[PREMIUM]","S",false,false,"[PREMIUM]",,,,,,,,"[PREMIUM]"
"66508506","2026-09-16 23:11:43.874","2026-09-22 02:50:24.670","66508506","2026-09-17 11:32:50.000","[PREMIUM]","342","MD - BALTIMORE EAST","2026-09-22","TUESDAY","1000","EDT","2524","V",2013,"MAZDA","3","3","HATCHBACK 4DR","SILVER","FRONT END","MINOR DENT/SCRATCHES","MD","S1","YES","E",161114,"A","[PREMIUM]",7734.18,"2.0L 4","FRONT WHEEL DRIVE","AUTOMATIC","GAS",4,"DEFAULT","Pure Sale","[PREMIUM]",,"BALTIMORE","MD","21225","USA","USD","[PREMIUM]","[PREMIUM]","C090",false,"[PREMIUM]","I",false,false,"[PREMIUM]",,,,,,,,"[PREMIUM]"
"66452936","2026-09-16 23:11:43.864","2026-09-29 08:38:27.918","66452936","2026-09-24 13:11:07.000","[PREMIUM]","342","MD - BALTIMORE EAST","2026-09-29","TUESDAY","1000","EDT","0","V",2014,"HONDA","CROSSTOUR","CROSSTOUR","4DR SPORT UTILITY","BROWN","SIDE","REAR END","MD","S1","YES","D",151302,"A","[PREMIUM]",9753.3,"3.5L 6","ALL WHEEL DRIVE","AUTOMATIC","GAS",6,"Run & Drive Verified","Pure Sale","[PREMIUM]",,"BALTIMORE","MD","21225","USA","USD","[PREMIUM]","[PREMIUM]","EE020",false,"[PREMIUM]","EXL",false,false,"[PREMIUM]",,,,,,,,"[PREMIUM]"
"66427256","2026-09-16 23:11:43.754","2026-09-29 08:38:27.888","66427256","2026-09-23 18:56:36.000","[PREMIUM]","342","MD - BALTIMORE EAST","2026-09-29","TUESDAY","1000","EDT","0","V",2014,"NISSAN","MAXIMA","MAXIMA","SEDAN","PURPLE","FRONT END","MINOR DENT/SCRATCHES","MD","S1","YES","D",94017,"A","[PREMIUM]",7620.09,"3.5L 6","FRONT WHEEL DRIVE","AUTOMATIC","GAS",6,"Run & Drive Verified","Pure Sale","[PREMIUM]",,"BALTIMORE","MD","21225","USA","USD","[PREMIUM]","[PREMIUM]","HH010",false,"[PREMIUM]","3.5 SV",false,false,"[PREMIUM]",,,,,,,,"[PREMIUM]"
"65983326","2026-09-16 23:11:43.023","2026-09-22 02:50:23.743","65983326","2026-09-17 11:32:49.000","[PREMIUM]","342","MD - BALTIMORE EAST","2026-09-22","TUESDAY","1000","EDT","41","V",2008,"LEXUS","ES","ES","SEDAN 4DR","GRAY","FRONT END","MINOR DENT/SCRATCHES","MD","S1","YES","D",156499,"A","[PREMIUM]",6751.03,"3.5L 6","FRONT WHEEL DRIVE","AUTOMATIC","GAS",6,"Run & Drive Verified","Pure Sale","[PREMIUM]",,"BALTIMORE","MD","21225","USA","USD","[PREMIUM]","[PREMIUM]","CC050",false,"[PREMIUM]","350",false,false,"[PREMIUM]",,,,,,,,"[PREMIUM]"
"65837726","2026-09-16 23:11:42.906","2026-09-29 21:34:56.240","65837726","2026-09-29 20:13:37.000","[PREMIUM]","342","MD - BALTIMORE EAST","2026-10-01","THURSDAY","1000","EDT","0","V",2023,"CADILLAC","XT6","XT6","SPORT UTILITY VEHICLE","GRAY","FRONT END",,"MD","S1","YES","S",12201,"A","[PREMIUM]",5367.74,"3.6L 6","ALL WHEEL DRIVE","AUTOMATIC","GAS",6,"Vehicle Starts","Pure Sale","[PREMIUM]",,"BALTIMORE","MD","21225","USA","USD","[PREMIUM]","[PREMIUM]","II030",false,"[PREMIUM]","PREMIUM LUXURY",false,false,"[PREMIUM]",,,,,,,,"[PREMIUM]"
"65342566","2026-09-16 23:11:42.162","2026-09-29 08:38:25.948","65342566","2026-09-16 20:57:02.000","[PREMIUM]","342","MD - BALTIMORE EAST",,,,"EDT","0","V",2021,"JEEP","COMPASS","COMPASS","SPORT UTILITY VEHICLE","GRAY","ROLLOVER",,"MD","S1","YES","E",68795,"A","[PREMIUM]",15152.66,"2.4L 4","FRONT WHEEL DRIVE","AUTOMATIC","GAS",4,"DEFAULT","Pure Sale","[PREMIUM]",,"BALTIMORE","MD","21225","USA","USD","[PREMIUM]","[PREMIUM]","E010",false,"[PREMIUM]","LATITUDE",false,false,"[PREMIUM]",,,,,,,,"[PREMIUM]"
"65307916","2026-09-16 23:11:42.067","2026-09-28 19:00:43.907","65307916","2026-09-25 16:44:12.000","[PREMIUM]","342","MD - BALTIMORE EAST","2026-09-29","TUESDAY","1000","EDT","0","V",2015,"HONDA","CIVIC","CIVIC","SEDAN 4DR","BLUE","FRONT END","SIDE","MD","S1","YES","E",98890,"N","[PREMIUM]",0,"1.8L 4","FRONT WHEEL DRIVE","AUTOMATIC","GAS",4,"DEFAULT","Pure Sale","[PREMIUM]",,"BALTIMORE","MD","21225","USA","USD","[PREMIUM]","[PREMIUM]","3E070",false,"[PREMIUM]","LX",false,false,"[PREMIUM]",,,,,,,,"[PREMIUM]"
"65195906","2026-09-16 23:11:42.066","2026-09-29 08:38:25.966","65195906","2026-09-16 20:57:02.000","[PREMIUM]","342","MD - BALTIMORE EAST",,,,"EDT","0","V",2011,"TOYOTA","CAMRY","CAMRY","SEDAN","RED","REAR END",,"MD","S1","YES","D",83531,"A","[PREMIUM]",8576.31,"2.5L 4","FRONT WHEEL DRIVE","AUTOMATIC","GAS",4,"Run & Drive Verified","Pure Sale","[PREMIUM]",,"BALTIMORE","MD","21225","USA","USD","[PREMIUM]","[PREMIUM]","FF040",false,"[PREMIUM]","XLE",false,false,"[PREMIUM]",,,,,,,,"[PREMIUM]"
"65083086","2026-09-16 23:11:41.765","2026-09-29 08:38:25.798","65083086","2026-09-23 19:04:07.000","[PREMIUM]","835","MEDIUM DUTY SPECIALTY SALE","2026-09-30","WEDNESDAY","1100","CDT","0","K",2018,"CHEVROLET","EXPRESS","EXPRESS G3500","VAN CARGO","WHITE","FRONT END","MINOR DENT/SCRATCHES","MD","S1","YES","E",0,"N","[PREMIUM]",17804.74,"6.0L 8","REAR WHEEL DRIVE","AUTOMATIC","FLEXIBLE",8,"DEFAULT","Pure Sale","[PREMIUM]",,"BALTIMORE","MD","21225","USA","USD","[PREMIUM]","[PREMIUM]","TT010",false,"[PREMIUM]",,false,false,"[PREMIUM]",,,,,,,,"[PREMIUM]"
"64934946","2026-09-16 23:11:41.370","2026-09-29 11:15:22.008","64934946","2026-09-29 08:00:47.000","[PREMIUM]","342","MD - BALTIMORE EAST","2026-09-29","TUESDAY","1000","EDT","15","V",2019,"JAGUAR","F-PACE","F-PACE","SPORT UTILITY VEHICLE","WHITE","MECHANICAL","MINOR DENT/SCRATCHES","MD","CT","YES","D",53093,"A","[PREMIUM]",0,"2.0L 4","ALL WHEEL DRIVE","AUTOMATIC","GAS",4,"Run & Drive Verified","On Minimum Bid","[PREMIUM]",,"BALTIMORE","MD","21225","USA","USD","[PREMIUM]","[PREMIUM]","3G050",true,"[PREMIUM]","PRESTIGE",false,false,"[PREMIUM]",,,,,,,,"[PREMIUM]"
"63816946","2026-09-16 23:11:39.651","2026-09-29 08:38:23.849","63816946","2026-09-24 13:12:09.000","[PREMIUM]","342","MD - BALTIMORE EAST","2026-09-29","TUESDAY","1000","EDT","0","V",2020,"HONDA","CIVIC","CIVIC","SEDAN","GRAY","HAIL","MINOR DENT/SCRATCHES","MD","S2","YES","D",82455,"A","[PREMIUM]",2216.29,"2.0L 4","FRONT WHEEL DRIVE","AUTOMATIC","GAS",4,"Run & Drive Verified","Pure Sale","[PREMIUM]",,"BALTIMORE","MD","21225","USA","USD","[PREMIUM]","[PREMIUM]","H030",false,"[PREMIUM]","SPORT",false,false,"[PREMIUM]",,,,,,,,"[PREMIUM]"
"63345206","2026-09-16 23:11:39.019","2026-09-29 08:38:23.223","63345206","2026-09-23 18:55:09.000","[PREMIUM]","342","MD - BALTIMORE EAST","2026-09-29","TUESDAY","1000","EDT","0","V",2026,"HONDA","HR-V","HR-V","SPORT UTILITY VEHICLE","TURQUOISE","FRONT END","UNDERCARRIAGE","MD","S1","YES","S",3310,"A","[PREMIUM]",43284.88,"2.0L 4","ALL WHEEL DRIVE","AUTOMATIC","GAS",4,"Vehicle Starts","Pure Sale","[PREMIUM]",,"BALTIMORE","MD","21225","USA","USD","[PREMIUM]","[PREMIUM]","II030",false,"[PREMIUM]","SPORT",false,false,"[PREMIUM]",,,,,,,,"[PREMIUM]"
"63256266","2026-09-16 23:11:38.837","2026-09-25 05:14:33.076","63256266","2026-09-24 13:17:38.000","[PREMIUM]","342","MD - BALTIMORE EAST","2026-09-29","TUESDAY","1000","EDT","0","V",2022,"TESLA","MODEL 3","MODEL 3","SEDAN","BLACK","TOP/ROOF",,"MD","S2","YES","D",95370,"A","[PREMIUM]",7761.03,,"REAR WHEEL DRIVE","AUTOMATIC","ELECTRIC",,"Run & Drive Verified","On Minimum Bid","[PREMIUM]",,"BALTIMORE","MD","21225","USA","USD","[PREMIUM]","[PREMIUM]","L010",false,"[PREMIUM]",,false,false,"[PREMIUM]",,,,,,,,"[PREMIUM]"
"62321126","2026-09-16 23:11:37.695","2026-09-29 08:38:21.917","62321126","2026-09-24 13:14:37.000","[PREMIUM]","342","MD - BALTIMORE EAST","2026-09-29","TUESDAY","1000","EDT","0","V",2023,"TESLA","MODEL Y","MODEL Y","SPORT UTILITY VEHICLE","WHITE","REAR END",,"MD","S2","YES","D",35029,"A","[PREMIUM]",17833.53,,"ALL WHEEL DRIVE","MANUAL","ELECTRIC",,"Run & Drive Verified","Pure Sale","[PREMIUM]",,"BALTIMORE","MD","21225","USA","USD","[PREMIUM]","[PREMIUM]","G010",false,"[PREMIUM]",,false,false,"[PREMIUM]",,,,,,,,"[PREMIUM]"
"61538456","2026-09-16 23:11:36.586","2026-09-29 08:38:20.668","61538456","2026-09-16 20:50:49.000","[PREMIUM]","342","MD - BALTIMORE EAST",,,,"EDT","0","V",2018,"TOYOTA","CAMRY","CAMRY","SEDAN","BLUE","REAR END","SIDE","MD","S1","YES","D",94605,"A","[PREMIUM]",12733.23,"2.5L 4","FRONT WHEEL DRIVE","AUTOMATIC","GAS",4,"Run & Drive Verified","Pure Sale","[PREMIUM]",,"BALTIMORE","MD","21225","USA","USD","[PREMIUM]","[PREMIUM]","I050",false,"[PREMIUM]","SE",false,false,"[PREMIUM]",,,,,,,,"[PREMIUM]"
"60605416","2026-09-16 23:11:35.650","2026-09-18 00:52:43.844","60605416","2026-09-16 20:50:49.000","[PREMIUM]","342","MD - BALTIMORE EAST",,,,"EDT","0","V",2017,"HYUNDAI","TUCSON","TUCSON","SUV","BURGUNDY","VANDALISM","MINOR DENT/SCRATCHES","MD","S2","EXM","D",111394,"A","[PREMIUM]",6853.86,"2.0L 4","FRONT WHEEL DRIVE","AUTOMATIC","GAS",4,"Run & Drive Verified","Pure Sale","[PREMIUM]",,"BALTIMORE","MD","21225","USA","USD","[PREMIUM]","[PREMIUM]","3D020",false,"[PREMIUM]","SE",false,false,"[PREMIUM]",,,,,,,,"[PREMIUM]"
"59785556","2026-09-16 23:11:34.491","2026-09-29 08:38:18.558","59785556","2026-09-23 18:57:38.000","[PREMIUM]","342","MD - BALTIMORE EAST","2026-09-29","TUESDAY","1000","EDT","0","V",2014,"TOYOTA","SEQUOIA","SEQUOIA","4DR SPORT UTILITY","BLACK","FRONT END","MINOR DENT/SCRATCHES","MD","S1","YES","D",145549,"A","[PREMIUM]",14447,"5.7L 8","4X4 W/REAR WHEEL DRV","AUTOMATIC","GAS",8,"Run & Drive Verified","Pure Sale","[PREMIUM]",,"BALTIMORE","MD","21225","USA","USD","[PREMIUM]","[PREMIUM]","EE020",false,"[PREMIUM]","LIMITED",false,false,"[PREMIUM]",,,,,,,,"[PREMIUM]"
"56808986","2026-09-16 23:11:31.211","2026-09-29 08:38:15.719","56808986","2026-09-24 13:13:36.000","[PREMIUM]","342","MD - BALTIMORE EAST","2026-09-29","TUESDAY","1000","EDT","0","V",2016,"NISSAN","VERSA","VERSA","SEDAN","BLACK","FRONT END","REAR END","MD","S1","NO","E",0,"N","[PREMIUM]",23627.87,"1.6L 4","FRONT WHEEL DRIVE","AUTOMATIC","GAS",4,"DEFAULT","Pure Sale","[PREMIUM]",,"BALTIMORE","MD","21225","USA","USD","[PREMIUM]","[PREMIUM]","3G060",false,"[PREMIUM]","1.6 S PLUS",false,false,"[PREMIUM]",,,,,,,,"[PREMIUM]"
"56419466","2026-09-16 23:11:30.800","2026-09-29 08:38:15.342","56419466","2026-09-24 13:18:09.000","[PREMIUM]","342","MD - BALTIMORE EAST","2026-09-29","TUESDAY","1000","EDT","0","V",2024,"TOYOTA","RAV4","RAV 4 XSE HYBIRD","SUV","BLACK","REAR END","SIDE","MD","S1","YES","D",44200,"A","[PREMIUM]",22483.71,"2.5L 4","ALL WHEEL DRIVE","AUTOMATIC","ELECTRIC AND GAS HYBRID",4,"Run & Drive Verified","On Minimum Bid","[PREMIUM]",,"BALTIMORE","MD","21225","USA","USD","[PREMIUM]","[PREMIUM]","3D010",false,"[PREMIUM]",,false,false,"[PREMIUM]",,,,,,,,"[PREMIUM]"
"56243326","2026-09-16 23:11:30.719","2026-09-29 08:38:15.151","56243326","2026-09-16 20:57:01.000","[PREMIUM]","342","MD - BALTIMORE EAST",,,,"EDT","0","V",2014,"LEXUS","GS","GS","SEDAN 4DR","GRAY","FRONT END","SIDE","MD","S1","YES","D",170669,"A","[PREMIUM]",9790.78,"3.5L 6","ALL WHEEL DRIVE","AUTOMATIC","GAS",6,"Run & Drive Verified","Pure Sale","[PREMIUM]",,"BALTIMORE","MD","21225","USA","USD","[PREMIUM]","[PREMIUM]","3F040",false,"[PREMIUM]","350",false,false,"[PREMIUM]",,,,,,,,"[PREMIUM]"
"52526736","2026-09-16 23:11:29.219","2026-09-22 02:50:08.384","52526736","2026-09-17 11:32:49.000","[PREMIUM]","342","MD - BALTIMORE EAST","2026-09-22","TUESDAY","1000","EDT","91","V",2015,"HONDA","ACCORD","ACCORD","COUPE","BLACK","FRONT END","SIDE","MD","S1","YES","D",166184,"A","[PREMIUM]",9384.83,"3.5L 6","FRONT WHEEL DRIVE","AUTOMATIC","GAS",6,"Run & Drive Verified","Pure Sale","[PREMIUM]",,"BALTIMORE","MD","21225","USA","USD","[PREMIUM]","[PREMIUM]","C050",false,"[PREMIUM]",,false,false,"[PREMIUM]",,,,,,,,"[PREMIUM]"
"69086986","2026-09-16 23:11:27.555","2026-09-16 23:11:27.555","69086986","2026-09-16 22:04:12.000","[PREMIUM]","341","AL - DOTHAN","2026-09-24","THURSDAY","1200","CDT","0","V",2011,"CHEVROLET","TAHOE","TAHOE","4DR SPORT UTILITY","WHITE","FRONT END",,"AL","ST","YES","D",205057,"A","[PREMIUM]",6286.5,"5.3L 8","REAR WHEEL DRIVE","AUTOMATIC","FLEXIBLE                      ",8,"Run & Drive Verified","Pure Sale","[PREMIUM]",,"NEWTON","AL","36352 8228","USA","USD","[PREMIUM]","[PREMIUM]","REC",false,"[PREMIUM]","C1500 LTZ",false,false,"[PREMIUM]",,,,,,,,"[PREMIUM]"
"68662916","2026-09-16 23:11:27.475","2026-09-29 08:38:11.047","68662916","2026-09-22 20:07:25.000","[PREMIUM]","341","AL - DOTHAN",,,,"CDT","0","V",2017,"JEEP","RENEGADE","RENEGADE TRAILHAWK 4","SPORT UTILITY VEHICLE","WHITE","FRONT END",,"AL","ST","YES","D",52589,"A","[PREMIUM]",14276.39,"2.4L 4","4X4 W/FRONT WHL DRV","AUTOMATIC","GAS",4,"Run & Drive Verified","Pure Sale","[PREMIUM]",,"NEWTON","AL","36352 8228","USA","USD","[PREMIUM]","[PREMIUM]","B040",false,"[PREMIUM]","TRAILHAWK",false,false,"[PREMIUM]",,,,,,,,"[PREMIUM]"
"68754246","2026-09-16 23:11:27.434","2026-09-29 08:38:11.056","68754246","2026-09-28 15:32:09.000","[PREMIUM]","341","AL - DOTHAN","2026-10-01","THURSDAY","1200","CDT","0","V",1997,"JAGUAR","XK8","XK8","COUPE","BLUE","FRONT END",,"FL","RB","YES","D",100650,"E","[PREMIUM]",6823.45,"4.0L 8","REAR WHEEL DRIVE","AUTOMATIC","GAS",8,"Run & Drive Verified","On Minimum Bid","[PREMIUM]",,"NEWTON","AL","36352 8228","USA","USD","[PREMIUM]","[PREMIUM]","A080",false,"[PREMIUM]",,false,false,"[PREMIUM]",,,,,,,,"[PREMIUM]"
"68496826","2026-09-16 23:11:27.344","2026-09-24 03:36:27.531","68496826","2026-09-24 01:59:07.000","[PREMIUM]","841","CRASHEDTOYS POWERSPORT AUCTION","2026-09-24","THURSDAY","1200","CDT","5017","A",2017,"POLARIS","SIDEBYSIDE","RANGER","SIDE BY SIDE","GRAY","FRONT END",,"FL","CV","YES","D",3823,"N","[PREMIUM]",20405.38,"2",,"AUTOMATIC","GAS",2,"Run & Drive Verified","Pure Sale","[PREMIUM]",,"NEWTON","AL","36352 8228","USA","USD","[PREMIUM]","[PREMIUM]","MC",false,"[PREMIUM]",,false,false,"[PREMIUM]",,,,,,,,"[PREMIUM]"
"68531966","2026-09-16 23:11:27.301","2026-09-24 03:36:27.542","68531966","2026-09-23 12:36:37.000","[PREMIUM]","341","AL - DOTHAN","2026-09-24","THURSDAY","1200","CDT","4","V",2009,"HONDA","ACCORD","ACCORD","SEDAN 4DR","BLACK","FRONT END",,"FL","RB","YES","D",265185,"A","[PREMIUM]",0,"2.4L 4","FRONT WHEEL DRIVE","AUTOMATIC","GAS",4,"Run & Drive Verified","Pure Sale","[PREMIUM]",,"NEWTON","AL","36352 8228","USA","USD","[PREMIUM]","[PREMIUM]","A020",false,"[PREMIUM]","EXL",false,false,"[PREMIUM]",,,,,,,,"[PREMIUM]"
"68270416","2026-09-16 23:11:27.168","2026-09-16 23:11:27.168","68270416","2026-09-16 22:05:03.000","[PREMIUM]","341","AL - DOTHAN","2026-09-24","THURSDAY","1200","CDT","0","V",2013,"NISSAN","ROGUE","ROGUE","WAGON","WHITE","SIDE",,"FL","RB","YES","D",196030,"A","[PREMIUM]",5705.96,"2.5L 4","FRONT WHEEL DRIVE","AUTOMATIC","GAS                           ",4,"Run & Drive Verified","Pure Sale","[PREMIUM]",,"NEWTON","AL","36352 8228","USA","USD","[PREMIUM]","[PREMIUM]","REC",false,"[PREMIUM]","S",false,false,"[PREMIUM]",,,,,,,,"[PREMIUM]"
"68173726","2026-09-16 23:11:27.166","2026-09-29 08:38:10.783","68173726","2026-09-16 22:03:34.000","[PREMIUM]","341","AL - DOTHAN",,,,"CDT","0","V",2017,"NISSAN","ALTIMA","ALTIMA","SEDAN","SILVER","FRONT END","SIDE","AL","ST","YES","D",189589,"A","[PREMIUM]",4773.11,"2.5L 4","FRONT WHEEL DRIVE","AUTOMATIC","GAS",4,"Run & Drive Verified","Pure Sale","[PREMIUM]",,"NEWTON","AL","36352 8228","USA","USD","[PREMIUM]","[PREMIUM]","A090",false,"[PREMIUM]","2.5 SR",false,false,"[PREMIUM]",,,,,,,,"[PREMIUM]"
"68112256","2026-09-16 23:11:26.989","2026-09-16 23:11:26.989","68112256","2026-09-16 22:00:37.000","[PREMIUM]","341","AL - DOTHAN","2026-09-24","THURSDAY","1200","CDT","0","V",1997,"TOYOTA","CAMRY","CAMRY","SEDAN","SILVER","FRONT END","SIDE","AL","ST","YES","E",0,"E","[PREMIUM]",10093.78,"2.2L 4","FRONT WHEEL DRIVE","AUTOMATIC","GAS",4,"DEFAULT","Pure Sale","[PREMIUM]",,"NEWTON","AL","36352 8228","USA","USD","[PREMIUM]","[PREMIUM]","REC",false,"[PREMIUM]","LE",false,false,"[PREMIUM]",,,,,,,,"[PREMIUM]"
"67639386","2026-09-16 23:11:26.807","2026-09-29 08:38:10.454","67639386","2026-09-16 22:03:34.000","[PREMIUM]","341","AL - DOTHAN",,,,"CDT","0","V",2017,"KIA","All Models","SEDONA","SPORTS VAN","BLACK","WATER/FLOOD",,"AL","FS","YES","D",212341,"A","[PREMIUM]",1137.61,"3.3L 6","FRONT WHEEL DRIVE","AUTOMATIC","GAS",6,"Run & Drive Verified","Pure Sale","[PREMIUM]",,"NEWTON","AL","36352 8228","USA","USD","[PREMIUM]","[PREMIUM]","B030",false,"[PREMIUM]","LX",false,false,"[PREMIUM]",,,,,,,,"[PREMIUM]"
"67513176","2026-09-16 23:11:26.671","2026-09-29 21:34:43.479","67513176","2026-09-18 15:48:58.000","[PREMIUM]","341","AL - DOTHAN",,,,"CDT","0","V",2026,"HYUNDAI","TUCSON","TUCSON","SPORT UTILITY VEHICLE","RED","ALL OVER",,"AL","ST","EXM","E",6868,"A","[PREMIUM]",0,"2.5L 4","FRONT WHEEL DRIVE","AUTOMATIC","GAS",4,"DEFAULT","Pure Sale","[PREMIUM]",,"NEWTON","AL","36352 8228","USA","USD","[PREMIUM]","[PREMIUM]","E010",false,"[PREMIUM]","LIMITED",false,false,"[PREMIUM]",,,,,,,,"[PREMIUM]"
"67241596","2026-09-16 23:11:26.519","2026-09-16 23:11:26.519","67241596","2026-09-16 22:00:37.000","[PREMIUM]","341","AL - DOTHAN","2026-09-24","THURSDAY","1200","CDT","0","V",2013,"GMC","SIERRA","SIERRA","4DR EXT CAB PICKUP","SILVER","SIDE","REAR END","AL","ST","YES","D",212886,"A","[PREMIUM]",12677.67,"5.3L 8","REAR WHEEL DRIVE","AUTOMATIC","FLEXIBLE",8,"Run & Drive Verified","Pure Sale","[PREMIUM]",,"NEWTON","AL","36352 8228","USA","USD","[PREMIUM]","[PREMIUM]","B070",false,"[PREMIUM]","C1500 SLE",false,false,"[PREMIUM]",,,,,,,,"[PREMIUM]"
"66783896","2026-09-16 23:11:26.024","2026-09-29 08:38:09.874","66783896","2026-09-28 14:35:10.000","[PREMIUM]","341","AL - DOTHAN","2026-10-01","THURSDAY","1200","CDT","0","V",2015,"CHEVROLET","CRUZE 4D L","CRUZE 4D LS",,"WHITE","FRONT END","SIDE","AL","ST","YES","D",152158,"A","[PREMIUM]",9381.17,,,"AUTOMATIC",,,"Run & Drive Verified","Pure Sale","[PREMIUM]",,"NEWTON","AL","36352 8228","USA","USD","[PREMIUM]","[PREMIUM]","C080",false,"[PREMIUM]",,false,false,"[PREMIUM]",,,,,,,,"[PREMIUM]"
"66307536","2026-09-16 23:11:25.666","2026-09-29 08:38:09.769","66307536","2026-09-16 22:03:34.000","[PREMIUM]","341","AL - DOTHAN",,,,"CDT","0","V",2016,"VOLKSWAGEN","PASSAT","PASSAT","SEDAN 4DR","GRAY","FRONT END",,"AL","ST","YES","D",149321,"A","[PREMIUM]",6263.53,"1.8L 4","FRONT WHEEL DRIVE","AUTOMATIC","GAS",4,"Run & Drive Verified","Pure Sale","[PREMIUM]",,"NEWTON","AL","36352 8228","USA","USD","[PREMIUM]","[PREMIUM]","A070",false,"[PREMIUM]","SE",false,false,"[PREMIUM]",,,,,,,,"[PREMIUM]"
"66004306","2026-09-16 23:11:25.397","2026-09-16 23:11:25.397","66004306","2026-09-16 22:04:12.000","[PREMIUM]","341","AL - DOTHAN","2026-09-24","THURSDAY","1200","CDT","0","V",2016,"CHEVROLET","TRAX","TRAX","4DR SPORT UTILITY","GRAY","FRONT END","REAR END","AL","ST","YES","D",73173,"A","[PREMIUM]",9844.6,"1.4L 4","FRONT WHEEL DRIVE","AUTOMATIC","GAS",4,"Run & Drive Verified","Pure Sale","[PREMIUM]",,"NEWTON","AL","36352 8228","USA","USD","[PREMIUM]","[PREMIUM]","D010",false,"[PREMIUM]","LS",false,false,"[PREMIUM]",,,,,,,,"[PREMIUM]"
"65812196","2026-09-16 23:11:25.343","2026-09-29 08:38:09.581","65812196","2026-09-16 22:03:34.000","[PREMIUM]","341","AL - DOTHAN",,,,"CDT","0","V",2017,"NISSAN","ALTIMA","ALTIMA","SEDAN","GRAY","FRONT END","UNDERCARRIAGE","AL","ST","YES","D",33634,"A","[PREMIUM]",13700,"2.5L 4","FRONT WHEEL DRIVE","AUTOMATIC","GAS",4,"Run & Drive Verified","Pure Sale","[PREMIUM]",,"NEWTON","AL","36352 8228","USA","USD","[PREMIUM]","[PREMIUM]","B030",false,"[PREMIUM]","2.5 S",false,false,"[PREMIUM]",,,,,,,,"[PREMIUM]"
"65501236","2026-09-16 23:11:25.218","2026-09-24 03:36:25.454","65501236","2026-09-23 12:36:38.000","[PREMIUM]","341","AL - DOTHAN","2026-09-24","THURSDAY","1200","CDT","77","V",2016,"JEEP","PATRIOT","PATRIOT","4DR SPORT UTILITY","GRAY","FRONT END","SIDE","WV","SC","YES","D",275650,"A","[PREMIUM]",2949.7,"2.0L 4","FRONT WHEEL DRIVE","AUTOMATIC","GAS",4,"Run & Drive Verified","Pure Sale","[PREMIUM]",,"NEWTON","AL","36352 8228","USA","USD","[PREMIUM]","[PREMIUM]","B100",false,"[PREMIUM]","LATITUDE",false,false,"[PREMIUM]",,,,,,,,"[PREMIUM]"
"64763556","2026-09-16 23:11:24.719","2026-09-29 08:38:09.066","64763556","2026-09-28 15:32:36.000","[PREMIUM]","341","AL - DOTHAN","2026-10-01","THURSDAY","1200","CDT","0","V",2022,"JEEP","WAGONEER","WAGONEER","SPORT UTILITY VEHICLE","GRAY","FRONT END",,"FL","RB","YES","D",111838,"A","[PREMIUM]",20200.64,"5.7L 8","4X4 W/REAR WHEEL DRV","AUTOMATIC","GAS",8,"Run & Drive Verified","Pure Sale","[PREMIUM]",,"NEWTON","AL","36352 8228","USA","USD","[PREMIUM]","[PREMIUM]","C060",false,"[PREMIUM]","SERIES III",false,false,"[PREMIUM]",,,,,,,,"[PREMIUM]"
"64485816","2026-09-16 23:11:24.579","2026-09-29 08:38:09.006","64485816","2026-09-28 14:50:10.000","[PREMIUM]","341","AL - DOTHAN","2026-10-01","THURSDAY","1200","CDT","0","V",2021,"FORD","EXPEDITION","EXPEDITION","SPORT UTILITY VEHICLE","SILVER","SIDE","REAR END","AL","ST","YES","E",98388,"A","[PREMIUM]",30740.89,"3.5L 6","REAR WHEEL DRIVE","AUTOMATIC","GAS",6,"DEFAULT","On Minimum Bid","[PREMIUM]",,"NEWTON","AL","36352 8228","USA","USD","[PREMIUM]","[PREMIUM]","D020",false,"[PREMIUM]","MAX LIMITED",false,false,"[PREMIUM]",,,,,,,,"[PREMIUM]"
"63822356","2026-09-16 23:11:24.180","2026-09-29 08:38:08.861","63822356","2026-09-28 14:32:37.000","[PREMIUM]","341","AL - DOTHAN","2026-10-01","THURSDAY","1200","CDT","0","V",2014,"CHEVROLET","SILVERADO","SILVERADO","CREW PICKUP","TAN","FRONT END","SIDE","AL","ST","YES","E",178613,"A","[PREMIUM]",7144,"4.3L 6","4X4 W/REAR WHEEL DRV","AUTOMATIC","GAS",6,"DEFAULT","Pure Sale","[PREMIUM]",,"NEWTON","AL","36352 8228","USA","USD","[PREMIUM]","[PREMIUM]","A090",false,"[PREMIUM]","K1500 LT",false,false,"[PREMIUM]",,,,,,,,"[PREMIUM]"
"62824046","2026-09-16 23:11:23.909","2026-09-29 08:38:08.536","62824046","2026-09-16 22:03:34.000","[PREMIUM]","341","AL - DOTHAN",,,,"CDT","0","V",2006,"DODGE","RAM 1500","RAM 1500",,"BLUE","SIDE","FRONT END","AL","ST","YES","D",207493,"E","[PREMIUM]",6871,,,"AUTOMATIC",,,"Run & Drive Verified","Pure Sale","[PREMIUM]",,"NEWTON","AL","36352 8228","USA","USD","[PREMIUM]","[PREMIUM]","B090",false,"[PREMIUM]","ST",false,false,"[PREMIUM]",,,,,,,,"[PREMIUM]"
"60894676","2026-09-16 23:11:23.345","2026-09-29 08:38:08.210","60894676","2026-09-16 22:03:34.000","[PREMIUM]","341","AL - DOTHAN",,,,"CDT","0","V",2019,"KIA","SORENTO","SORENTO","SUV","WHITE","FRONT END",,"AL","ST","YES","D",113971,"A","[PREMIUM]",7823,"2.4L 4","FRONT WHEEL DRIVE","AUTOMATIC","GAS",4,"Run & Drive Verified","On Minimum Bid","[PREMIUM]",,"NEWTON","AL","36352 8228","USA","USD","[PREMIUM]","[PREMIUM]","C100",false,"[PREMIUM]","LX",false,false,"[PREMIUM]",,,,,,,,"[PREMIUM]"
"55069586","2026-09-16 23:11:22.448","2026-09-29 08:38:07.649","55069586","2026-09-16 22:03:34.000","[PREMIUM]","341","AL - DOTHAN",,,,"CDT","0","V",2016,"JEEP","GRAND CHER","CHEROKEE","4DR SPORT UTILITY","BLACK","FRONT END","REAR END","AL","ST","YES","D",148429,"A","[PREMIUM]",7803.75,"2.4L 4","FRONT WHEEL DRIVE","AUTOMATIC","GAS",4,"Run & Drive Verified","Pure Sale","[PREMIUM]",,"NEWTON","AL","36352 8228","USA","USD","[PREMIUM]","[PREMIUM]","B080",false,"[PREMIUM]","LIMITED",false,false,"[PREMIUM]",,,,,,,,"[PREMIUM]"
"69299966","2026-09-16 23:11:21.782","2026-09-29 21:34:39.033","69299966","2026-09-29 01:01:01.000","[PREMIUM]","340","NC - GASTONIA","2026-09-30","WEDNESDAY","1000","EDT","0","V",2009,"TOYOTA","MATRIX","MATRIX","WAGON","WHITE","MECHANICAL","MINOR DENT/SCRATCHES","VA","CZ","YES","D",151322,"E","[PREMIUM]",0,"1.8L 4","FRONT WHEEL DRIVE","AUTOMATIC","GAS",4,"Run & Drive Verified","On Minimum Bid","[PREMIUM]",,"GASTONIA","NC","28052","USA","USD","[PREMIUM]","[PREMIUM]","SJ002",true,"[PREMIUM]","BASE",false,false,"[PREMIUM]",,,,,,,,"[PREMIUM]"
"69587226","2026-09-16 23:11:21.763","2026-09-29 21:34:39.462","69587226","2026-09-29 13:41:07.000","[PREMIUM]","340","NC - GASTONIA","2026-09-30","WEDNESDAY","1000","EDT","0","V",2011,"TOYOTA","SIENNA","SIENNA","SPORTS VAN","CHARCOAL","FRONT END",,"MO","SQ","YES","S",121339,"N","[PREMIUM]",0,"3.5L 6","FRONT WHEEL DRIVE","AUTOMATIC","GAS",6,"Vehicle Starts","On Minimum Bid","[PREMIUM]",,"GASTONIA","NC","28052","USA","USD","[PREMIUM]","[PREMIUM]","SJ004",true,"[PREMIUM]","LE",false,false,"[PREMIUM]",,,,,,,,"[PREMIUM]"
"69301036","2026-09-16 23:11:21.738","2026-09-29 21:34:39.032","69301036","2026-09-29 02:38:10.000","[PREMIUM]","340","NC - GASTONIA","2026-09-30","WEDNESDAY","1000","EDT","0","V",2015,"CHEVROLET","COLORADO","COLORADO","CREW PICKUP","BLACK","FRONT END","SIDE","NC","SQ","YES","E",0,"N","[PREMIUM]",0,"3.6L 6","4X4 W/REAR WHEEL DRV","AUTOMATIC","GAS",6,"DEFAULT","On Minimum Bid","[PREMIUM]",,"GASTONIA","NC","28052","USA","USD","[PREMIUM]","[PREMIUM]","J140",true,"[PREMIUM]","Z71",false,false,"[PREMIUM]",,,,,,,,"[PREMIUM]"
"68359946","2026-09-16 23:11:21.334","2026-09-29 08:38:04.102","68359946","2026-09-16 21:01:37.000","[PREMIUM]","340","NC - GASTONIA",,,,"EDT","0","V",2018,"SUBARU","OUTBACK","OUTBACK","SPORT UTILITY VEHICLE","WHITE","FRONT END","REAR END","NC","SC","YES","E",0,"N","[PREMIUM]",17146.25,"2.5L 4","ALL WHEEL DRIVE","AUTOMATIC","GAS",4,"DEFAULT","Pure Sale","[PREMIUM]",,"GASTONIA","NC","28052","USA","USD","[PREMIUM]","[PREMIUM]","D050",false,"[PREMIUM]","2.5I LIMITED",false,false,"[PREMIUM]",,,,,,,,"[PREMIUM]"
"67512026","2026-09-16 23:11:20.724","2026-09-23 03:35:34.689","67512026","2026-09-17 17:00:37.000","[PREMIUM]","340","NC - GASTONIA","2026-09-23","WEDNESDAY","1000","EDT","2012","V",2004,"NISSAN","XTERRA","XTERRA","SUV","BLACK","FRONT END","SIDE","NC","SC","YES","D",258385,"E","[PREMIUM]",2747.25,"3.3L 6","REAR WHEEL DRIVE","AUTOMATIC","GAS",6,"Run & Drive Verified","Pure Sale","[PREMIUM]",,"GASTONIA","NC","28052","USA","USD","[PREMIUM]","[PREMIUM]","M090",false,"[PREMIUM]","XE",false,false,"[PREMIUM]",,,,,,,,"[PREMIUM]"
"67415816","2026-09-16 23:11:20.377","2026-09-29 08:38:02.672","67415816","2026-09-16 21:03:42.000","[PREMIUM]","340","NC - GASTONIA",,,,"EDT","0","V",2012,"MAZDA","5","5","STATION WAGON","SILVER","SIDE","UNDERCARRIAGE","NC","SC","YES","D",157863,"A","[PREMIUM]",10086.73,"2.5L 4","FRONT WHEEL DRIVE","AUTOMATIC","GAS",4,"Run & Drive Verified","Pure Sale","[PREMIUM]",,"GASTONIA","NC","28052","USA","USD","[PREMIUM]","[PREMIUM]","N110",false,"[PREMIUM]",,false,false,"[PREMIUM]",,,,,,,,"[PREMIUM]"
"67106656","2026-09-16 23:11:19.890","2026-09-23 03:35:33.820","67106656","2026-09-17 17:00:37.000","[PREMIUM]","340","NC - GASTONIA","2026-09-23","WEDNESDAY","1000","EDT","2020","V",2008,"HONDA","ACCORD","ACCORD","COUPE","BLUE","FRONT END","SIDE","NC","SC","YES","D",134636,"E","[PREMIUM]",10268.46,"2.4L 4","FRONT WHEEL DRIVE","AUTOMATIC","GAS",4,"Run & Drive Verified","Pure Sale","[PREMIUM]",,"GASTONIA","NC","28052","USA","USD","[PREMIUM]","[PREMIUM]","N100",false,"[PREMIUM]","EXL",false,false,"[PREMIUM]",,,,,,,,"[PREMIUM]"
"66418466","2026-09-16 23:11:19.010","2026-09-23 03:35:32.463","66418466","2026-09-22 15:00:49.000","[PREMIUM]","340","NC - GASTONIA","2026-09-23","WEDNESDAY","1000","EDT","66","V",2019,"KIA","OPTIMA","OPTIMA","SEDAN","GRAY","FRONT END",,"NC","SC","YES","D",147260,"A","[PREMIUM]",4677,"2.4L 4","FRONT WHEEL DRIVE","AUTOMATIC","GAS",4,"Run & Drive Verified","Pure Sale","[PREMIUM]",,"GASTONIA","NC","28052","USA","USD","[PREMIUM]","[PREMIUM]","C030",false,"[PREMIUM]","LX",false,false,"[PREMIUM]",,,,,,,,"[PREMIUM]"
"65441036","2026-09-16 23:11:17.583","2026-09-29 08:37:59.532","65441036","2026-09-16 22:05:47.000","[PREMIUM]","340","NC - GASTONIA",,,,"EDT","0","V",2010,"INFINITI","G37","G37 SEDAN","SEDAN","SILVER","REAR END",,"NC","SC","YES","D",191448,"A","[PREMIUM]",5761.07,"3.7L 6","ALL WHEEL DRIVE","AUTOMATIC","GAS",6,"Run & Drive Verified","Pure Sale","[PREMIUM]",,"GASTONIA","NC","28052","USA","USD","[PREMIUM]","[PREMIUM]","C050",false,"[PREMIUM]","X",false,false,"[PREMIUM]",,,,,,,,"[PREMIUM]"
"64579566","2026-09-16 23:11:16.477","2026-09-29 08:37:58.376","64579566","2026-09-28 16:52:16.000","[PREMIUM]","340","NC - GASTONIA","2026-09-30","WEDNESDAY","1000","EDT","2044","V",2008,"TOYOTA","PRIUS","PRIUS","HATCHBACK","GRAY","FRONT END","REAR END","NC","SC","YES","D",97546,"E","[PREMIUM]",6499.77,"1.5L 4","FRONT WHEEL DRIVE","AUTOMATIC","ELECTRIC AND GAS HYBRID",4,"Run & Drive Verified","On Minimum Bid","[PREMIUM]",,"GASTONIA","NC","28052","USA","USD","[PREMIUM]","[PREMIUM]","A050",false,"[PREMIUM]","BASE",false,false,"[PREMIUM]",,,,,,,,"[PREMIUM]"
"60934776","2026-09-16 23:11:14.021","2026-09-29 08:37:56.122","60934776","2026-09-14 22:33:02.000","[PREMIUM]","340","NC - GASTONIA",,,,"EDT","0","V",2021,"HYUNDAI","ELANTRA","ELANTRA","SEDAN","BLUE","ALL OVER",,"NC","SC","YES","D",69118,"A","[PREMIUM]",6740.78,"2.0L 4","FRONT WHEEL DRIVE","AUTOMATIC","GAS",4,"Run & Drive Verified","Pure Sale","[PREMIUM]",,"GASTONIA","NC","28052","USA","USD","[PREMIUM]","[PREMIUM]","L110",false,"[PREMIUM]","SEL",false,false,"[PREMIUM]",,,,,,,,"[PREMIUM]"
"57720186","2026-09-16 23:11:12.886","2026-09-29 08:37:55.052","57720186","2026-09-16 21:47:27.000","[PREMIUM]","340","NC - GASTONIA",,,,"EDT","0","V",2015,"TOYOTA","PRIUS","PRIUS","HATCHBACK","WHITE","SIDE",,"NC","SC","YES","D",377608,"N","[PREMIUM]",7703.78,"1.8L 4","FRONT WHEEL DRIVE","AUTOMATIC","ELECTRIC AND GAS HYBRID",4,"Run & Drive Verified","Pure Sale","[PREMIUM]",,"GASTONIA","NC","28052","USA","USD","[PREMIUM]","[PREMIUM]","M070",false,"[PREMIUM]","FOUR",false,false,"[PREMIUM]",,,,,,,,"[PREMIUM]"
"54969806","2026-09-16 23:11:12.368","2026-09-29 08:37:54.459","54969806","2026-09-16 21:47:27.000","[PREMIUM]","340","NC - GASTONIA",,,,"EDT","0","V",2008,"FORD","EXPEDITION","EXPEDITION","4DR SPORT UTILITY","BLUE","SIDE","REAR END","NC","SC","YES","D",189757,"E","[PREMIUM]",0,"5.4L 8","4X4 W/REAR WHEEL DRV","AUTOMATIC","GAS",8,"Run & Drive Verified","Pure Sale","[PREMIUM]",,"GASTONIA","NC","28052","USA","USD","[PREMIUM]","[PREMIUM]","J110",false,"[PREMIUM]","EDDIE BAUER",false,false,"[PREMIUM]",,,,,,,,"[PREMIUM]"
"49622146","2026-09-16 23:11:11.867","2026-09-29 08:37:53.893","49622146","2026-09-16 21:47:27.000","[PREMIUM]","340","NC - GASTONIA",,,,"EDT","0","V",2025,"KIA","CARNIVAL H","CARNIVAL HYBRID","MINI-VAN","RED","FRONT END",,"NC","SC","YES","S",48034,"N","[PREMIUM]",19181,"1.6L 4","FRONT WHEEL DRIVE","AUTOMATIC","ELECTRIC AND GAS HYBRID",4,"Vehicle Starts","Pure Sale","[PREMIUM]",,"GASTONIA","NC","28052","USA","USD","[PREMIUM]","[PREMIUM]","K140",false,"[PREMIUM]","EX",false,false,"[PREMIUM]",,,,,,,,"[PREMIUM]"
"68808876","2026-09-16 23:11:11.649","2026-09-23 03:35:22.917","68808876","2026-09-17 18:45:05.000","[PREMIUM]","339","WI - MILWAUKEE NORTH","2026-09-23","WEDNESDAY","1200","CDT","0","V",2010,"DODGE","CHARGER","CHARGER","SEDAN 4DR","SILVER","FRONT END","REAR END","WI","CT","YES","D",163308,"E","[PREMIUM]",2179.92,"3.5L 6","REAR WHEEL DRIVE","AUTOMATIC","GAS",6,"Run & Drive Verified","Pure Sale","[PREMIUM]",,"MILWAUKEE","WI","53224","USA","USD","[PREMIUM]","[PREMIUM]","D020",false,"[PREMIUM]","SXT",false,false,"[PREMIUM]",,,,,,,,"[PREMIUM]"
"68621966","2026-09-16 23:11:11.552","2026-09-23 03:35:22.780","68621966","2026-09-17 14:05:08.000","[PREMIUM]","339","WI - MILWAUKEE NORTH","2026-09-23","WEDNESDAY","1200","CDT","0","V",2016,"KIA","SORENTO","SORENTO","SUV","BLUE","VANDALISM",,"WI","BP","YES","D",180111,"A","[PREMIUM]",8799.6,"2.4L 4","ALL WHEEL DRIVE","AUTOMATIC","GAS",4,"Run & Drive Verified","Pure Sale","[PREMIUM]",,"MILWAUKEE","WI","53224","USA","USD","[PREMIUM]","[PREMIUM]","A030",false,"[PREMIUM]","LX",false,false,"[PREMIUM]",,,,,,,,"[PREMIUM]"
"68616916","2026-09-16 23:11:11.552","2026-09-29 08:37:52.754","68616916","2026-09-23 22:07:07.000","[PREMIUM]","339","WI - MILWAUKEE NORTH","2026-09-30","WEDNESDAY","1200","CDT","0","V",2012,"CADILLAC","CTS","CTS","SEDAN 4DR","BLACK","FRONT END","SIDE","WI","BP","YES","E",0,"N","[PREMIUM]",12563.21,"3.0L 6","ALL WHEEL DRIVE","AUTOMATIC","GAS",6,"DEFAULT","On Minimum Bid","[PREMIUM]",,"MILWAUKEE","WI","53224","USA","USD","[PREMIUM]","[PREMIUM]","C070",false,"[PREMIUM]","LUXURY COLLECTION",false,false,"[PREMIUM]",,,,,,,,"[PREMIUM]"
"67926066","2026-09-16 23:11:11.412","2026-09-23 03:35:22.347","67926066","2026-09-17 13:32:06.000","[PREMIUM]","339","WI - MILWAUKEE NORTH","2026-09-23","WEDNESDAY","1200","CDT","0","V",2013,"DODGE","CARAVAN","GRAND CARAVAN","SPORTS VAN","BLUE","SIDE","FRONT END","WI","BP","YES","D",137735,"A","[PREMIUM]",7513.78,"3.6L 6","FRONT WHEEL DRIVE","AUTOMATIC","FLEXIBLE",6,"Run & Drive Verified","Pure Sale","[PREMIUM]",,"MILWAUKEE","WI","53224","USA","USD","[PREMIUM]","[PREMIUM]","C040",false,"[PREMIUM]","SXT",false,false,"[PREMIUM]",,,,,,,,"[PREMIUM]"
"68048786","2026-09-16 23:11:11.395","2026-09-23 03:35:22.348","68048786","2026-09-17 15:01:35.000","[PREMIUM]","339","WI - MILWAUKEE NORTH","2026-09-23","WEDNESDAY","1200","CDT","0","V",2017,"DODGE","DURANGO","DURANGO","4DR SPORT UTILITY","BLACK","MECHANICAL","SIDE","WI","BP","YES",,143188,"A","[PREMIUM]",14532,"5.7L 8","ALL WHEEL DRIVE","AUTOMATIC","GAS",8,,"Pure Sale","[PREMIUM]",,"MILWAUKEE","WI","53224","USA","USD","[PREMIUM]","[PREMIUM]","A040",false,"[PREMIUM]","R/T",false,false,"[PREMIUM]",,,,,,,,"[PREMIUM]"
"67453826","2026-09-16 23:11:11.314","2026-09-23 03:35:22.016","67453826","2026-09-17 14:01:40.000","[PREMIUM]","339","WI - MILWAUKEE NORTH","2026-09-23","WEDNESDAY","1200","CDT","0","V",2011,"GMC","ACADIA DEN","ACADIA","4DR SPORT UTILITY","BLACK","FRONT END",,"WI","BP","YES","D",211252,"A","[PREMIUM]",5497.57,"3.6L 6","ALL WHEEL DRIVE","AUTOMATIC","GAS",6,"Run & Drive Verified","Pure Sale","[PREMIUM]",,"MILWAUKEE","WI","53224","USA","USD","[PREMIUM]","[PREMIUM]","C050",false,"[PREMIUM]","DENALI",false,false,"[PREMIUM]",,,,,,,,"[PREMIUM]"
"67655356","2026-09-16 23:11:11.294","2026-09-23 03:35:22.178","67655356","2026-09-17 20:07:37.000","[PREMIUM]","339","WI - MILWAUKEE NORTH","2026-09-23","WEDNESDAY","1200","CDT","0","V",2015,"VOLKSWAGEN","PASSAT","PASSAT","SEDAN 4DR","BLACK","FRONT END","SIDE","WI","CT","YES","D",99538,"A","[PREMIUM]",8717,"2L 4","FRONT WHEEL DRIVE","AUTOMATIC","DIESEL",4,"Run & Drive Verified","Pure Sale","[PREMIUM]",,"MILWAUKEE","WI","53224","USA","USD","[PREMIUM]","[PREMIUM]","D060",false,"[PREMIUM]","SEL",false,false,"[PREMIUM]",,,,,,,,"[PREMIUM]"
"67722806","2026-09-16 23:11:11.290","2026-09-23 03:35:22.181","67722806","2026-09-17 18:44:07.000","[PREMIUM]","339","WI - MILWAUKEE NORTH","2026-09-23","WEDNESDAY","1200","CDT","0","V",2016,"FORD","ALL Models","MUSTANG","COUPE","RED","SIDE",,"WI","CT","YES","D",73692,"A","[PREMIUM]",11155.44,"2.3L 4","REAR WHEEL DRIVE","AUTOMATIC","GAS",4,"Run & Drive Verified","Pure Sale","[PREMIUM]",,"MILWAUKEE","WI","53224","USA","USD","[PREMIUM]","[PREMIUM]","A080",false,"[PREMIUM]",,false,false,"[PREMIUM]",,,,,,,,"[PREMIUM]"
"66885686","2026-09-16 23:11:11.096","2026-09-23 03:35:21.705","66885686","2026-09-17 14:44:16.000","[PREMIUM]","339","WI - MILWAUKEE NORTH","2026-09-23","WEDNESDAY","1200","CDT","0","V",2016,"CHRYSLER","MINIVAN","TOWN & COUNTRY","SPORTS VAN","GRAY","REAR END",,"WI","BP","YES","D",127435,"A","[PREMIUM]",6115.08,"3.6L 6","FRONT WHEEL DRIVE","AUTOMATIC","FLEXIBLE",6,"Run & Drive Verified","Pure Sale","[PREMIUM]",,"MILWAUKEE","WI","53224","USA","USD","[PREMIUM]","[PREMIUM]","D070",false,"[PREMIUM]","TOURING",false,false,"[PREMIUM]",,,,,,,,"[PREMIUM]"
"66279556","2026-09-16 23:11:10.839","2026-09-23 03:35:21.418","66279556","2026-09-17 15:59:06.000","[PREMIUM]","339","WI - MILWAUKEE NORTH","2026-09-23","WEDNESDAY","1200","CDT","0","V",2015,"TOYOTA","PRIUS C TH","PRIUS C","HATCHBACK","RED","FRONT END",,"WI","CT","YES","D",101889,"A","[PREMIUM]",11654,"1.5L 4","FRONT WHEEL DRIVE","AUTOMATIC","ELECTRIC AND GAS HYBRID",4,"Run & Drive Verified","Pure Sale","[PREMIUM]",,"MILWAUKEE","WI","53224","USA","USD","[PREMIUM]","[PREMIUM]","C070",false,"[PREMIUM]","THREE",false,false,"[PREMIUM]",,,,,,,,"[PREMIUM]"
"65923316","2026-09-16 23:11:10.799","2026-09-23 03:35:21.275","65923316","2026-09-17 18:47:35.000","[PREMIUM]","339","WI - MILWAUKEE NORTH","2026-09-23","WEDNESDAY","1200","CDT","0","V",2021,"CHEVROLET","TRAVERSE","TRAVERSE","SPORT UTILITY VEHICLE","RED","REAR END","SIDE","WI","SC","YES","D",105970,"A","[PREMIUM]",16197.47,"3.6L 6","FRONT WHEEL DRIVE","AUTOMATIC","GAS",6,"Run & Drive Verified","Pure Sale","[PREMIUM]",,"MILWAUKEE","WI","53224","USA","USD","[PREMIUM]","[PREMIUM]","A070",false,"[PREMIUM]","LT",false,false,"[PREMIUM]",,,,,,,,"[PREMIUM]"
"65489666","2026-09-16 23:11:10.702","2026-09-29 21:34:23.933","65489666","2026-09-24 16:27:01.000","[PREMIUM]","339","WI - MILWAUKEE NORTH","2026-10-21","WEDNESDAY","1200","CDT","0","C",2007,"HONDA","VT CYCLE","VT600","ROAD","BLACK","BURN",,"WI","BP","EXM","E",0,"E","[PREMIUM]",2881,"2",,"MANUAL",,2,"DEFAULT","Pure Sale","[PREMIUM]",,"MILWAUKEE","WI","53224","USA","USD","[PREMIUM]","[PREMIUM]","SA010",false,"[PREMIUM]","C",false,false,"[PREMIUM]",,,,,,,,"[PREMIUM]"
"64160516","2026-09-16 23:11:10.476","2026-09-23 03:35:20.727","64160516","2026-09-17 14:27:37.000","[PREMIUM]","339","WI - MILWAUKEE NORTH","2026-09-23","WEDNESDAY","1200","CDT","0","V",2012,"HONDA","PILOT","PILOT","4DR SPORT UTILITY","GRAY","FRONT END","REAR END","WI","BP","YES","D",213951,"A","[PREMIUM]",11265.48,"3.5L 6","ALL WHEEL DRIVE","AUTOMATIC","GAS",6,"Run & Drive Verified","Pure Sale","[PREMIUM]",,"MILWAUKEE","WI","53224","USA","USD","[PREMIUM]","[PREMIUM]","D030",false,"[PREMIUM]","EXL",false,false,"[PREMIUM]",,,,,,,,"[PREMIUM]"
"63752096","2026-09-16 23:11:10.409","2026-09-23 03:35:20.589","63752096","2026-09-21 20:53:46.000","[PREMIUM]","339","WI - MILWAUKEE NORTH","2026-09-23","WEDNESDAY","1200","CDT","0","V",2002,"CHEVROLET","CORVETTE","CORVETTE","COUPE","SILVER","WATER/FLOOD",,"TN","FS","YES","E",99391,"A","[PREMIUM]",18729.02,"5.7L 8","REAR WHEEL DRIVE","AUTOMATIC","GAS",8,"DEFAULT","Pure Sale","[PREMIUM]",,"MILWAUKEE","WI","53224","USA","USD","[PREMIUM]","[PREMIUM]","A010",false,"[PREMIUM]",,false,false,"[PREMIUM]",,,,,,,,"[PREMIUM]"
"60869096","2026-09-16 23:11:10.105","2026-09-23 03:35:20.060","60869096","2026-09-17 14:04:36.000","[PREMIUM]","339","WI - MILWAUKEE NORTH","2026-09-23","WEDNESDAY","1200","CDT","0","V",2011,"CADILLAC","SRX","SRX","4DR SPORT UTILITY","GRAY","FRONT END","SIDE","WI","BP","YES","S",122989,"A","[PREMIUM]",0,"3.0L 6","ALL WHEEL DRIVE","AUTOMATIC","GAS",6,"Vehicle Starts","Pure Sale","[PREMIUM]",,"MILWAUKEE","WI","53224","USA","USD","[PREMIUM]","[PREMIUM]","D030",false,"[PREMIUM]","LUXURY COLLECTION",false,false,"[PREMIUM]",,,,,,,,"[PREMIUM]"
"61238716","2026-09-16 23:11:10.062","2026-09-23 03:35:20.191","61238716","2026-09-17 18:48:07.000","[PREMIUM]","339","WI - MILWAUKEE NORTH","2026-09-23","WEDNESDAY","1200","CDT","0","V",2026,"TESLA","MODEL Y","MODEL Y","SPORT UTILITY VEHICLE","CHARCOAL","FRONT END","SIDE","WI","IC","NO","E",26335,"A","[PREMIUM]",22837.9,,"ALL WHEEL DRIVE","AUTOMATIC","ELECTRIC",,"DEFAULT","Pure Sale","[PREMIUM]",,"MILWAUKEE","WI","53224","USA","USD","[PREMIUM]","[PREMIUM]","SHOP",false,"[PREMIUM]",,false,false,"[PREMIUM]",,,,,,,,"[PREMIUM]"
"68371926","2026-09-16 23:11:09.411","2026-09-29 08:37:48.208","68371926","2026-09-16 21:03:42.000","[PREMIUM]","338","NC - LUMBERTON",,,,"EDT","0","V",2016,"FORD","FOCUS","FOCUS","HATCHBACK 4DR","RED","SIDE",,"NC","SC","YES","S",81025,"A","[PREMIUM]",5465,"2.0L 4","FRONT WHEEL DRIVE","AUTOMATIC","GAS",4,"Vehicle Starts","Pure Sale","[PREMIUM]",,"LUMBERTON","NC","28360 5075","USA","USD","[PREMIUM]","[PREMIUM]","JJ110",false,"[PREMIUM]","SE",false,false,"[PREMIUM]",,,,,,,,"[PREMIUM]"
"68132576","2026-09-16 23:11:09.222","2026-09-29 08:37:47.908","68132576","2026-09-16 20:56:44.000","[PREMIUM]","835","MEDIUM DUTY SPECIALTY SALE",,,,"CDT","0","K",2019,"NISSAN","NV 2500 HD","NV","FULL-SIZE","WHITE","FRONT END",,"SC","ST","YES","D",111070,"A","[PREMIUM]",16487,"4.0L 6","REAR WHEEL DRIVE","AUTOMATIC","GAS",6,"Run & Drive Verified","Pure Sale","[PREMIUM]",,"LUMBERTON","NC","28360 5075","USA","USD","[PREMIUM]","[PREMIUM]","HVY",false,"[PREMIUM]","2500 HD SV",false,false,"[PREMIUM]",,,,,,,,"[PREMIUM]"
"65377556","2026-09-16 23:11:05.559","2026-09-29 08:37:43.935","65377556","2026-09-28 20:01:38.000","[PREMIUM]","855","WHOLESALE AUCTION","2026-09-29","TUESDAY","1200","EDT","214","V",2024,"CHEVROLET","COLORADO","COLORADO","PICKUP","WHITE","NORMAL WEAR",,"NC","CZ","YES","D",16921,"A","[PREMIUM]",0,"2.7L 4","4X4 W/REAR WHEEL DRV","AUTOMATIC","GAS",4,"Run & Drive Verified","On Minimum Bid","[PREMIUM]",,"LUMBERTON","NC","28360 5075","USA","USD","[PREMIUM]","[PREMIUM]","LL070",false,"[PREMIUM]","Z71",false,true,"[PREMIUM]",,,,,"GREEN LIGHT",4.5,,"[PREMIUM]"
"61580446","2026-09-16 23:11:00.862","2026-09-29 08:37:41.349","61580446","2026-09-16 21:03:42.000","[PREMIUM]","338","NC - LUMBERTON",,,,"EDT","0","V",2024,"HYUNDAI","SONATA","SONATA HYBRID","SEDAN","WHITE","FRONT END",,"NC","SC","YES","E",0,"N","[PREMIUM]",18081.19,"2.0L 4","FRONT WHEEL DRIVE","AUTOMATIC","ELECTRIC AND GAS HYBRID",4,"DEFAULT","Pure Sale","[PREMIUM]",,"LUMBERTON","NC","28360 5075","USA","USD","[PREMIUM]","[PREMIUM]","A030",false,"[PREMIUM]","LIMITED",false,false,"[PREMIUM]",,,,,,,,"[PREMIUM]"
"55546246","2026-09-16 23:10:58.564","2026-09-29 08:37:40.073","55546246","2026-09-16 20:59:21.000","[PREMIUM]","841","CRASHEDTOYS POWERSPORT AUCTION",,,,"CDT","0","C",1993,"HARLEY-DAVIDSON","FL","FLSTC","ROAD","BLACK","FRONT END",,"SC","ST","NO","E",12642,"E","[PREMIUM]",7541,"2",,"MANUAL",,2,"DEFAULT","Pure Sale","[PREMIUM]",,"LUMBERTON","NC","28360 5075","USA","USD","[PREMIUM]","[PREMIUM]","MCI",false,"[PREMIUM]",,false,false,"[PREMIUM]",,,,,,,,"[PREMIUM]"
"69095196","2026-09-16 23:10:57.136","2026-09-18 00:52:06.450","69095196","2026-09-16 21:26:06.000","[PREMIUM]","337","WA - SPANAWAY","2026-09-18","FRIDAY","1200","PDT","0","V",2001,"VOLVO","C70","C70","CONVERTIBLE","SILVER","FRONT END",,"WA","CT","YES","E",0,"E","[PREMIUM]",0,"2.3L 5","FRONT WHEEL DRIVE","AUTOMATIC","GAS                           ",5,"DEFAULT","On Minimum Bid","[PREMIUM]",,"SPANAWAY","WA","98387","USA","USD","[PREMIUM]","[PREMIUM]","B190",true,"[PREMIUM]","TURBO",false,false,"[PREMIUM]",,,,,,,,"[PREMIUM]"
"69089066","2026-09-16 23:10:57.086","2026-09-22 02:49:33.391","69089066","2026-09-16 21:52:03.000","[PREMIUM]","337","WA - SPANAWAY","2026-09-22","TUESDAY","1200","PDT","0","V",2015,"NISSAN","MURANO","MURANO","SUV","BLUE","FRONT END","SIDE","WA","BS","YES","S",72726,"A","[PREMIUM]",24469.08,"3.5L 6","ALL WHEEL DRIVE","AUTOMATIC","GAS                           ",6,"Vehicle Starts","Pure Sale","[PREMIUM]",,"SPANAWAY","WA","98387","USA","USD","[PREMIUM]","[PREMIUM]","D210",false,"[PREMIUM]","SL",false,false,"[PREMIUM]",,,,,,,,"[PREMIUM]"
"69248436","2026-09-16 23:10:57.086","2026-09-29 05:18:32.400","69248436","2026-09-25 20:32:27.000","[PREMIUM]","337","WA - SPANAWAY","2026-09-29","TUESDAY","1200","PDT","0","V",2017,"FORD","ESCAPE","ESCAPE","4DR SPORT UTILITY","GRAY","MECHANICAL","MINOR DENT/SCRATCHES","WA","CT","YES","D",75515,"A","[PREMIUM]",0,"2.0L 4","4X4 W/FRONT WHL DRV","AUTOMATIC","GAS                           ",4,"Run & Drive Verified","On Minimum Bid","[PREMIUM]",,"SPANAWAY","WA","98387","USA","USD","[PREMIUM]","[PREMIUM]","D320",true,"[PREMIUM]","SE",false,false,"[PREMIUM]",,,,,,,,"[PREMIUM]"
"69037596","2026-09-16 23:10:56.938","2026-09-25 17:15:21.502","69037596","2026-09-25 13:00:26.000","[PREMIUM]","337","WA - SPANAWAY","2026-09-25","FRIDAY","1200","PDT","3099","V",2016,"HONDA","CIVIC","CIVIC","COUPE","BLUE","MECHANICAL",,"WA","CT","YES","E",161053,"A","[PREMIUM]",0,"2.0L 4","FRONT WHEEL DRIVE","AUTOMATIC","GAS                           ",4,"DEFAULT","On Minimum Bid","[PREMIUM]",,"SPANAWAY","WA","98387","USA","USD","[PREMIUM]","[PREMIUM]","B240",true,"[PREMIUM]","LX",false,false,"[PREMIUM]",,,,,,,,"[PREMIUM]"
"68810546","2026-09-16 23:10:56.768","2026-09-18 00:52:06.023","68810546","2026-09-16 21:16:56.000","[PREMIUM]","337","WA - SPANAWAY","2026-09-18","FRIDAY","1200","PDT","0","V",2020,"TOYOTA","COROLLA","COROLLA","SEDAN","WHITE","MINOR DENT/SCRATCHES",,"WA","CT","NO","E",0,"N","[PREMIUM]",0,"1.8L 4","FRONT WHEEL DRIVE","AUTOMATIC","GAS",4,"DEFAULT","On Approval","[PREMIUM]",,"SPANAWAY","WA","98387","USA","USD","[PREMIUM]","[PREMIUM]","B290",false,"[PREMIUM]","XLE",false,false,"[PREMIUM]",,,,,,,,"[PREMIUM]"
"68785526","2026-09-16 23:10:56.610","2026-09-22 02:49:32.656","68785526","2026-09-16 21:49:04.000","[PREMIUM]","337","WA - SPANAWAY","2026-09-22","TUESDAY","1200","PDT","0","V",2022,"ACURA","MDX","MDX","SPORT UTILITY VEHICLE","WHITE","REAR END","SIDE","WA","BS","YES","D",81141,"A","[PREMIUM]",16670.46,"3.5L 6","ALL WHEEL DRIVE","AUTOMATIC","GAS",6,"Run & Drive Verified","Pure Sale","[PREMIUM]",,"SPANAWAY","WA","98387","USA","USD","[PREMIUM]","[PREMIUM]","D300",false,"[PREMIUM]","TECHNOLOGY",false,false,"[PREMIUM]",,,,,,,,"[PREMIUM]"
"68626726","2026-09-16 23:10:56.461","2026-09-22 02:49:32.125","68626726","2026-09-17 11:38:42.000","[PREMIUM]","337","WA - SPANAWAY","2026-09-22","TUESDAY","1200","PDT","0","V",2015,"HONDA","FIT","FIT","HATCHBACK 4DR","YELLOW","FRONT END","SIDE","WA","BS","YES","D",72390,"A","[PREMIUM]",15333.75,"1.5L 4","FRONT WHEEL DRIVE","AUTOMATIC","GAS",4,"Run & Drive Verified","Pure Sale","[PREMIUM]",,"SPANAWAY","WA","98387","USA","USD","[PREMIUM]","[PREMIUM]","D250",false,"[PREMIUM]","LX",false,false,"[PREMIUM]",,,,,,,,"[PREMIUM]"
"68576916","2026-09-16 23:10:56.347","2026-09-29 14:35:02.470","68576916","2026-09-28 12:33:28.000","[PREMIUM]","337","WA - SPANAWAY","2026-10-02","FRIDAY","1200","PDT","0","V",2008,"CHEVROLET","TAHOE","TAHOE","4DR SPORT UTILITY","BLACK","MECHANICAL",,"WA","CT","YES","E",177956,"A","[PREMIUM]",0,"5.3L 8","4X4 W/REAR WHEEL DRV","AUTOMATIC","FLEXIBLE                      ",8,"DEFAULT","On Minimum Bid","[PREMIUM]",,"SPANAWAY","WA","98387","USA","USD","[PREMIUM]","[PREMIUM]","A280",true,"[PREMIUM]","K1500",false,false,"[PREMIUM]",,,,,,,,"[PREMIUM]"
"67740016","2026-09-16 23:10:55.655","2026-09-22 02:49:30.778","67740016","2026-09-21 21:22:48.000","[PREMIUM]","337","WA - SPANAWAY","2026-09-22","TUESDAY","1200","PDT","0","V",2021,"TESLA","MODEL 3","MODEL 3","SEDAN","WHITE","FRONT END","REAR END","WA","BS","YES","D",46072,"A","[PREMIUM]",18602.22,,"REAR WHEEL DRIVE","AUTOMATIC","ELECTRIC",,"Run & Drive Verified","Pure Sale","[PREMIUM]",,"SPANAWAY","WA","98387","USA","USD","[PREMIUM]","[PREMIUM]","A130",false,"[PREMIUM]",,false,false,"[PREMIUM]",,,,,,,,"[PREMIUM]"
"67704516","2026-09-16 23:10:55.515","2026-09-18 00:52:03.734","67704516","2026-09-16 21:27:20.000","[PREMIUM]","337","WA - SPANAWAY","2026-09-18","FRIDAY","1200","PDT","0","V",2008,"TOYOTA","PRIUS","PRIUS","HATCHBACK","BLACK","FRONT END",,"WA","BS","YES","D",99903,"E","[PREMIUM]",0,"1.5L 4","FRONT WHEEL DRIVE","AUTOMATIC","ELECTRIC AND GAS HYBRID       ",4,"Run & Drive Verified","Pure Sale","[PREMIUM]",,"SPANAWAY","WA","98387","USA","USD","[PREMIUM]","[PREMIUM]","B280",false,"[PREMIUM]","BASE",false,false,"[PREMIUM]",,,,,,,,"[PREMIUM]"
"67715716","2026-09-16 23:10:55.505","2026-09-18 00:52:03.875","67715716","2026-09-16 22:06:24.000","[PREMIUM]","337","WA - SPANAWAY","2026-09-18","FRIDAY","1200","PDT","0","V",2014,"TOYOTA","COROLLA","COROLLA","SEDAN","BLUE","ROLLOVER",,"WA","BS","YES","D",14361,"A","[PREMIUM]",0,"1.8L 4","FRONT WHEEL DRIVE","AUTOMATIC","GAS",4,"Run & Drive Verified","Pure Sale","[PREMIUM]",,"SPANAWAY","WA","98387","USA","USD","[PREMIUM]","[PREMIUM]","C180",false,"[PREMIUM]","S PLUS",false,false,"[PREMIUM]",,,,,,,,"[PREMIUM]"
"67557296","2026-09-16 23:10:55.376","2026-09-22 02:49:30.648","67557296","2026-09-16 22:02:54.000","[PREMIUM]","337","WA - SPANAWAY","2026-09-22","TUESDAY","1200","PDT","0","V",2024,"LEXUS","ES350","ES 350","SEDAN","BLUE","FRONT END",,"WA","BS","NO","E",0,"N","[PREMIUM]",33522.28,"3.5L 6","FRONT WHEEL DRIVE","AUTOMATIC","GAS",6,"DEFAULT","Pure Sale","[PREMIUM]",,"SPANAWAY","WA","98387","USA","USD","[PREMIUM]","[PREMIUM]","B290",false,"[PREMIUM]","BASE",false,false,"[PREMIUM]",,,,,,,,"[PREMIUM]"
"67518606","2026-09-16 23:10:55.290","2026-09-22 02:49:30.650","67518606","2026-09-16 21:47:02.000","[PREMIUM]","337","WA - SPANAWAY","2026-09-22","TUESDAY","1200","PDT","0","V",2021,"KIA","FORTE","FORTE","SEDAN","BLUE","REAR END","FRONT END","WA","BS","YES","D",64122,"A","[PREMIUM]",14987.07,"2.0L 4","FRONT WHEEL DRIVE","AUTOMATIC","GAS",4,"Run & Drive Verified","Pure Sale","[PREMIUM]",,"SPANAWAY","WA","98387","USA","USD","[PREMIUM]","[PREMIUM]","D260",false,"[PREMIUM]","LXS",false,false,"[PREMIUM]",,,,,,,,"[PREMIUM]"
"66460766","2026-09-16 23:10:54.015","2026-09-22 02:49:29.489","66460766","2026-09-16 21:54:38.000","[PREMIUM]","337","WA - SPANAWAY","2026-09-22","TUESDAY","1200","PDT","0","V",2017,"AUDI","Q5","Q5","4DR SPORT UTILITY","GRAY","REAR END",,"WA","BS","YES","D",121200,"A","[PREMIUM]",8619.44,"2.0L 4","ALL WHEEL DRIVE","AUTOMATIC","FLEXIBLE",4,"Run & Drive Verified","Pure Sale","[PREMIUM]",,"SPANAWAY","WA","98387","USA","USD","[PREMIUM]","[PREMIUM]","1SA16",false,"[PREMIUM]","PREMIUM PLUS",false,false,"[PREMIUM]",,,,,,,,"[PREMIUM]"
"66194366","2026-09-16 23:10:53.910","2026-09-22 02:49:29.376","66194366","2026-09-16 21:55:20.000","[PREMIUM]","337","WA - SPANAWAY","2026-09-22","TUESDAY","1200","PDT","0","V",2022,"KIA","FORTE","FORTE","SEDAN","BLACK","SIDE","FRONT END","WA","BS","YES","D",79057,"A","[PREMIUM]",8076.68,"2.0L 4","FRONT WHEEL DRIVE","AUTOMATIC","GAS",4,"Run & Drive Verified","Pure Sale","[PREMIUM]",,"SPANAWAY","WA","98387","USA","USD","[PREMIUM]","[PREMIUM]","B160",false,"[PREMIUM]","FE",false,false,"[PREMIUM]",,,,,,,,"[PREMIUM]"
"69143886","2026-09-16 23:10:50.558","2026-09-18 00:51:56.886","69143886","2026-09-16 22:03:08.000","[PREMIUM]","336","UT - SALT LAKE CITY","2026-09-18","FRIDAY","1200","MDT","0","V",1997,"FORD","F150","F150","3DR EXT CAB PICKUP","BLUE","SIDE",,"UT","CT","YES","D",255100,"E","[PREMIUM]",0,"5.4L 8","4X4 W/REAR WHEEL DRV","AUTOMATIC","GAS                           ",8,"Run & Drive Verified","On Minimum Bid","[PREMIUM]",,"MAGNA","UT","84044 1470","USA","USD","[PREMIUM]","[PREMIUM]","Q090",true,"[PREMIUM]",,false,false,"[PREMIUM]",,,,,,,,"[PREMIUM]"
"69127486","2026-09-16 23:10:50.448","2026-09-18 00:51:56.880","69127486","2026-09-16 21:57:48.000","[PREMIUM]","336","UT - SALT LAKE CITY","2026-09-18","FRIDAY","1200","MDT","0","V",2004,"HUMMER","H2","H2","4DR SPORT UTILITY","BURGUNDY","MECHANICAL",,"UT","CT","YES","D",145019,"A","[PREMIUM]",0,"6.0L 8","ALL WHEEL DRIVE","AUTOMATIC","GAS                           ",8,"Run & Drive Verified","On Minimum Bid","[PREMIUM]",,"MAGNA","UT","84044 1470","USA","USD","[PREMIUM]","[PREMIUM]","F060",true,"[PREMIUM]",,false,false,"[PREMIUM]",,,,,,,,"[PREMIUM]"
"69032086","2026-09-16 23:10:50.279","2026-09-29 05:18:21.324","69032086","2026-09-25 20:58:26.000","[PREMIUM]","336","UT - SALT LAKE CITY","2026-10-02","FRIDAY","1200","MDT","0","V",2000,"CHEVROLET","BLAZER","BLAZER","2DR SPORT UTILITY","BLACK","MINOR DENT/SCRATCHES",,"UT","CT","YES",,86824,"E","[PREMIUM]",0,"4.3L 6","4X4 W/REAR WHEEL DRV","AUTOMATIC","GAS                           ",6,,"On Minimum Bid","[PREMIUM]",,"MAGNA","UT","84044 1470","USA","USD","[PREMIUM]","[PREMIUM]","D060",true,"[PREMIUM]",,false,false,"[PREMIUM]",,,,,,,,"[PREMIUM]"
"68792946","2026-09-16 23:10:49.974","2026-09-18 00:51:56.423","68792946","2026-09-16 21:47:55.000","[PREMIUM]","336","UT - SALT LAKE CITY","2026-09-18","FRIDAY","1200","MDT","0","C",2005,"YAMAHA","YP400","YP400","MOTOR SCOOTER","BLACK","NORMAL WEAR",,"UT","CT","YES","E",0,"E","[PREMIUM]",0,"1",,"AUTOMATIC",,1,"DEFAULT","On Approval","[PREMIUM]",,"MAGNA","UT","84044 1470","USA","USD","[PREMIUM]","[PREMIUM]","MC003",false,"[PREMIUM]",,false,false,"[PREMIUM]",,,,,,,,"[PREMIUM]"
"68777456","2026-09-16 23:10:49.951","2026-09-29 08:37:24.922","68777456","2026-09-28 21:39:36.000","[PREMIUM]","336","UT - SALT LAKE CITY","2026-10-02","FRIDAY","1200","MDT","0","V",2024,"NISSAN","SENTRA","SENTRA","SEDAN","WHITE","FRONT END",,"UT","SC","YES","E",15561,"A","[PREMIUM]",28361.41,"2.0L 4","FRONT WHEEL DRIVE","AUTOMATIC","GAS",4,"DEFAULT","Pure Sale","[PREMIUM]",,"MAGNA","UT","84044 1470","USA","USD","[PREMIUM]","[PREMIUM]","A010",false,"[PREMIUM]","SR",false,false,"[PREMIUM]",,,,,,,,"[PREMIUM]"
"68710086","2026-09-16 23:10:49.944","2026-09-25 03:02:25.148","68710086","2026-09-22 18:33:38.000","[PREMIUM]","336","UT - SALT LAKE CITY","2026-09-25","FRIDAY","1200","MDT","0","V",2022,"JEEP","WRANGLER","WRANGLER UNLIMITED","SPORT UTILITY VEHICLE","WHITE","SIDE",,"UT","SC","YES","D",41760,"A","[PREMIUM]",28429.91,"3.0L 6","4X4 W/REAR WHEEL DRV","AUTOMATIC","DIESEL                        ",6,"Run & Drive Verified","Pure Sale","[PREMIUM]",,"MAGNA","UT","84044 1470","USA","USD","[PREMIUM]","[PREMIUM]","C010",false,"[PREMIUM]","SAHARA",false,false,"[PREMIUM]",,,,,,,,"[PREMIUM]"
"68588926","2026-09-16 23:10:49.740","2026-09-22 02:49:23.747","68588926","2026-09-18 22:10:35.000","[PREMIUM]","336","UT - SALT LAKE CITY","2026-09-22","TUESDAY","1200","MDT","0","V",2020,"MERCEDES-BENZ","GLE-CLASS","GLE","SPORT UTILITY VEHICLE","TAN","MINOR DENT/SCRATCHES",,"UT","CT","YES","D",43872,"N","[PREMIUM]",0,"3.0L 6","ALL WHEEL DRIVE","AUTOMATIC","GAS",6,"Run & Drive Verified","On Approval","[PREMIUM]",,"MAGNA","UT","84044 1470","USA","USD","[PREMIUM]","[PREMIUM]","C050",false,"[PREMIUM]","450 4MATIC",false,false,"[PREMIUM]",,,,,,,,"[PREMIUM]"
"68614456","2026-09-16 23:10:49.736","2026-09-29 08:37:24.217","68614456","2026-09-24 23:36:58.000","[PREMIUM]","336","UT - SALT LAKE CITY",,,,"MDT","0","V",2009,"TOYOTA","CAMRY","CAMRY","SEDAN","SILVER","FRONT END",,"UT","SC","YES","D",204287,"E","[PREMIUM]",4905.23,"2.4L 4","FRONT WHEEL DRIVE","AUTOMATIC","GAS                           ",4,"Run & Drive Verified","Pure Sale","[PREMIUM]",,"MAGNA","UT","84044 1470","USA","USD","[PREMIUM]","[PREMIUM]","H010",false,"[PREMIUM]","LE",false,false,"[PREMIUM]",,,,,,,,"[PREMIUM]"
"66308036","2026-09-16 23:10:42.916","2026-09-18 00:51:47.521","66308036","2026-09-16 21:10:27.000","[PREMIUM]","336","UT - SALT LAKE CITY","2026-09-18","FRIDAY","1200","MDT","0","V",2011,"FORD","F150","F150","CREW PICKUP","RED","NORMAL WEAR",,"UT","CT","YES","D",212788,"A","[PREMIUM]",0,"5.0L 8","4X4 W/REAR WHEEL DRV","AUTOMATIC","FLEXIBLE                      ",8,"Run & Drive Verified","On Approval","[PREMIUM]",,"MAGNA","UT","84044 1470","USA","USD","[PREMIUM]","[PREMIUM]","D040",false,"[PREMIUM]","SUPERCREW",false,false,"[PREMIUM]",,,,,,,,"[PREMIUM]"
"69200466","2026-09-16 23:10:30.903","2026-09-25 05:13:18.940","69200466","2026-09-24 11:13:10.000","[PREMIUM]","335","FL - TAMPA NORTH","2026-09-25","FRIDAY","1000","EDT","77","V",2019,"RAM","1500","1500 CLASSIC","PICKUP","GRAY","FRONT END",,"FL","RB","YES","D",159562,"A","[PREMIUM]",16352.65,"3.6L 6","REAR WHEEL DRIVE","AUTOMATIC","FLEXIBLE                      ",6,"Run & Drive Verified","Pure Sale","[PREMIUM]",,"THONOTOSASSA","FL","33592","USA","USD","[PREMIUM]","[PREMIUM]","M030",false,"[PREMIUM]","SLT",false,false,"[PREMIUM]",,,,,,,,"[PREMIUM]"
"69042286","2026-09-16 23:10:30.879","2026-09-22 02:49:06.683","69042286","2026-09-21 22:00:26.000","[PREMIUM]","335","FL - TAMPA NORTH","2026-09-22","TUESDAY","1000","EDT","0","V",2018,"TESLA","MODEL 3","MODEL 3","SEDAN","SILVER","SIDE",,"FL","CT","YES","E",38641,"A","[PREMIUM]",0,,"ALL WHEEL DRIVE","AUTOMATIC","ELECTRIC",,"DEFAULT","On Approval","[PREMIUM]",,"THONOTOSASSA","FL","33592","USA","USD","[PREMIUM]","[PREMIUM]","F090",false,"[PREMIUM]",,false,false,"[PREMIUM]",,,,,,,,"[PREMIUM]"
"68958496","2026-09-16 23:10:30.862","2026-09-22 02:49:06.516","68958496","2026-09-18 18:14:17.000","[PREMIUM]","335","FL - TAMPA NORTH","2026-09-22","TUESDAY","1000","EDT","0","V",2015,"HYUNDAI","ELANTRA","ELANTRA","SEDAN","GRAY","SIDE","REAR END","FL","RB","YES","D",125022,"A","[PREMIUM]",6419.86,"1.8L 4","FRONT WHEEL DRIVE","AUTOMATIC","GAS",4,"Run & Drive Verified","Pure Sale","[PREMIUM]",,"THONOTOSASSA","FL","33592","USA","USD","[PREMIUM]","[PREMIUM]","E060",false,"[PREMIUM]","SE",false,false,"[PREMIUM]",,,,,,,,"[PREMIUM]"
"68831936","2026-09-16 23:10:30.766","2026-09-22 02:49:06.373","68831936","2026-09-18 18:27:36.000","[PREMIUM]","335","FL - TAMPA NORTH","2026-09-22","TUESDAY","1000","EDT","0","V",2014,"JEEP","CHEROKEE","GRAND CHEROKEE","4DR SPORT UTILITY","TAN","REAR END",,"FL","RB","YES","D",144321,"A","[PREMIUM]",4989.14,"3.6L 6","REAR WHEEL DRIVE","AUTOMATIC","FLEXIBLE                      ",6,"Run & Drive Verified","Pure Sale","[PREMIUM]",,"THONOTOSASSA","FL","33592","USA","USD","[PREMIUM]","[PREMIUM]","H040",false,"[PREMIUM]","LAREDO",false,false,"[PREMIUM]",,,,,,,,"[PREMIUM]"
"68821626","2026-09-16 23:10:30.705","2026-09-25 05:13:18.144","68821626","2026-09-24 11:13:10.000","[PREMIUM]","335","FL - TAMPA NORTH","2026-09-25","FRIDAY","1000","EDT","6","V",2023,"FORD","MUSTANG","MUSTANG","CONVERTIBLE","RED","REAR END","FRONT END","FL","RB","YES","D",20880,"N","[PREMIUM]",17239.66,"2.3L 4","REAR WHEEL DRIVE","AUTOMATIC","GAS",4,"Run & Drive Verified","Pure Sale","[PREMIUM]",,"THONOTOSASSA","FL","33592","USA","USD","[PREMIUM]","[PREMIUM]","L090",false,"[PREMIUM]",,false,false,"[PREMIUM]",,,,,,,,"[PREMIUM]"
"68746466","2026-09-16 23:10:30.556","2026-09-25 05:13:18.151","68746466","2026-09-24 11:13:10.000","[PREMIUM]","335","FL - TAMPA NORTH","2026-09-25","FRIDAY","1000","EDT","98","V",2005,"TOYOTA","SIENNA","SIENNA","MINI-VAN","CREAM","SIDE",,"FL","RB","YES","D",202857,"E","[PREMIUM]",2692.79,"3.3L 6","FRONT WHEEL DRIVE","AUTOMATIC","GAS                           ",6,"Run & Drive Verified","Pure Sale","[PREMIUM]",,"THONOTOSASSA","FL","33592","USA","USD","[PREMIUM]","[PREMIUM]","I040",false,"[PREMIUM]","CE 7 PASSENGER",false,false,"[PREMIUM]",,,,,,,,"[PREMIUM]"
"68614226","2026-09-16 23:10:30.487","2026-09-22 02:49:06.209","68614226","2026-09-18 18:27:36.000","[PREMIUM]","335","FL - TAMPA NORTH","2026-09-22","TUESDAY","1000","EDT","0","V",2006,"ACURA","TSX","TSX","SEDAN 4DR","SILVER","FRONT END",,"FL","RB","YES","D",170127,"E","[PREMIUM]",4184.88,"2.4L 4","FRONT WHEEL DRIVE","AUTOMATIC","GAS                           ",4,"Run & Drive Verified","On Minimum Bid","[PREMIUM]",,"THONOTOSASSA","FL","33592","USA","USD","[PREMIUM]","[PREMIUM]","H090",false,"[PREMIUM]",,false,false,"[PREMIUM]",,,,,,,,"[PREMIUM]"
"68565146","2026-09-16 23:10:30.468","2026-09-25 05:13:18.033","68565146","2026-09-24 11:13:10.000","[PREMIUM]","335","FL - TAMPA NORTH","2026-09-25","FRIDAY","1000","EDT","2026","V",2017,"HYUNDAI","ACCENT","ACCENT","SEDAN","WHITE","WATER/FLOOD",,"FL","R1","YES","E",127448,"A","[PREMIUM]",4108.83,"1.6L 4","FRONT WHEEL DRIVE","AUTOMATIC","GAS",4,"DEFAULT","Pure Sale","[PREMIUM]",,"THONOTOSASSA","FL","33592","USA","USD","[PREMIUM]","[PREMIUM]","RECA",false,"[PREMIUM]","SE",false,false,"[PREMIUM]",,,,,,,,"[PREMIUM]"
"68575776","2026-09-16 23:10:30.444","2026-09-22 02:49:06.080","68575776","2026-09-18 16:08:06.000","[PREMIUM]","335","FL - TAMPA NORTH","2026-09-22","TUESDAY","1000","EDT","0","V",2011,"CHEVROLET","TRAVERSE","TRAVERSE","4DR SPORT UTILITY","RED","FRONT END",,"FL","RB","YES","E",108568,"A","[PREMIUM]",4453.69,"3.6L 6","FRONT WHEEL DRIVE","AUTOMATIC","GAS",6,"DEFAULT","Pure Sale","[PREMIUM]",,"THONOTOSASSA","FL","33592","USA","USD","[PREMIUM]","[PREMIUM]","J050",false,"[PREMIUM]","LT",false,false,"[PREMIUM]",,,,,,,,"[PREMIUM]"
"68479086","2026-09-16 23:10:30.336","2026-09-25 05:13:17.867","68479086","2026-09-24 11:13:10.000","[PREMIUM]","335","FL - TAMPA NORTH","2026-09-25","FRIDAY","1000","EDT","111","V",2018,"CHEVROLET","COLORADO","COLORADO","PICKUP","SILVER","REAR END","FRONT END","FL","RB","YES","D",225415,"A","[PREMIUM]",8682.42,"2.5L 4","REAR WHEEL DRIVE","AUTOMATIC","GAS",4,"Run & Drive Verified","Pure Sale","[PREMIUM]",,"THONOTOSASSA","FL","33592","USA","USD","[PREMIUM]","[PREMIUM]","M050",false,"[PREMIUM]",,false,false,"[PREMIUM]",,,,,,,,"[PREMIUM]"
"68400096","2026-09-16 23:10:30.308","2026-09-22 02:49:05.879","68400096","2026-09-18 16:34:05.000","[PREMIUM]","335","FL - TAMPA NORTH","2026-09-22","TUESDAY","1000","EDT","0","V",2012,"TOYOTA","CAMRY","CAMRY","SEDAN","GRAY","FRONT END","REAR END","FL","RB","YES","D",185099,"A","[PREMIUM]",4594.71,"2.5L 4","FRONT WHEEL DRIVE","AUTOMATIC","GAS",4,"Run & Drive Verified","Pure Sale","[PREMIUM]",,"THONOTOSASSA","FL","33592","USA","USD","[PREMIUM]","[PREMIUM]","C010",false,"[PREMIUM]","LE",false,false,"[PREMIUM]",,,,,,,,"[PREMIUM]"
"68292266","2026-09-16 23:10:30.282","2026-09-22 02:49:05.698","68292266","2026-09-18 18:17:05.000","[PREMIUM]","335","FL - TAMPA NORTH","2026-09-22","TUESDAY","1000","EDT","0","V",2012,"CHEVROLET","SILVERADO","SILVERADO","4DR EXT CAB PICKUP","WHITE","FRONT END","REAR END","FL","RB","NO","E",192625,"A","[PREMIUM]",5565,"5.3L 8","REAR WHEEL DRIVE","AUTOMATIC","FLEXIBLE",8,"DEFAULT","Pure Sale","[PREMIUM]",,"THONOTOSASSA","FL","33592","USA","USD","[PREMIUM]","[PREMIUM]","P040",false,"[PREMIUM]","C1500 LT",false,false,"[PREMIUM]",,,,,,,,"[PREMIUM]"
"68201476","2026-09-16 23:10:30.236","2026-09-23 03:34:43.382","68201476","2026-09-18 16:08:35.000","[PREMIUM]","835","MEDIUM DUTY SPECIALTY SALE","2026-09-23","WEDNESDAY","1100","CDT","0","K",2016,"NISSAN","NV","NV","FULL-SIZE","WHITE","REAR END",,"FL","RB","YES","D",240884,"A","[PREMIUM]",11227.37,"4.0L 6","REAR WHEEL DRIVE","AUTOMATIC","GAS",6,"Run & Drive Verified","Pure Sale","[PREMIUM]",,"THONOTOSASSA","FL","33592","USA","USD","[PREMIUM]","[PREMIUM]","HV002",false,"[PREMIUM]","2500 HD SV",false,false,"[PREMIUM]",,,,,,,,"[PREMIUM]"
"68106176","2026-09-16 23:10:30.026","2026-09-22 02:49:05.535","68106176","2026-09-18 18:09:36.000","[PREMIUM]","335","FL - TAMPA NORTH","2026-09-22","TUESDAY","1000","EDT","0","V",2002,"LEXUS","IS","IS 300","SEDAN","SILVER","FRONT END",,"FL","RB","YES","D",151848,"E","[PREMIUM]",6257,"3.0L 6","REAR WHEEL DRIVE","MANUAL","GAS",6,"Run & Drive Verified","Pure Sale","[PREMIUM]",,"THONOTOSASSA","FL","33592","USA","USD","[PREMIUM]","[PREMIUM]","E090",false,"[PREMIUM]","BASE",false,false,"[PREMIUM]",,,,,,,,"[PREMIUM]"
"68015276","2026-09-16 23:10:29.933","2026-09-22 02:49:05.381","68015276","2026-09-18 16:19:35.000","[PREMIUM]","335","FL - TAMPA NORTH","2026-09-22","TUESDAY","1000","EDT","0","V",2015,"LEXUS","GX","GX","4DR SPORT UTILITY","SILVER","FRONT END",,"FL","RB","YES","D",186233,"A","[PREMIUM]",15368,"4.6L 8","ALL WHEEL DRIVE","AUTOMATIC","GAS",8,"Run & Drive Verified","Pure Sale","[PREMIUM]",,"THONOTOSASSA","FL","33592","USA","USD","[PREMIUM]","[PREMIUM]","F050",false,"[PREMIUM]","460 PREMIUM",false,false,"[PREMIUM]",,,,,,,,"[PREMIUM]"
"67975456","2026-09-16 23:10:29.895","2026-09-25 05:13:17.235","67975456","2026-09-24 11:13:10.000","[PREMIUM]","335","FL - TAMPA NORTH","2026-09-25","FRIDAY","1000","EDT","83","V",2014,"MAZDA","CX-9","CX-9","4DR SPORT UTILITY","BLUE","FRONT END",,"FL","RB","YES","D",186264,"N","[PREMIUM]",5421.05,"3.7L 6","FRONT WHEEL DRIVE","AUTOMATIC","GAS",6,"Run & Drive Verified","Pure Sale","[PREMIUM]",,"THONOTOSASSA","FL","33592","USA","USD","[PREMIUM]","[PREMIUM]","G040",false,"[PREMIUM]","TOURING",false,false,"[PREMIUM]",,,,,,,,"[PREMIUM]"
"67843456","2026-09-16 23:10:29.674","2026-09-25 05:13:17.098","67843456","2026-09-24 11:13:10.000","[PREMIUM]","335","FL - TAMPA NORTH","2026-09-25","FRIDAY","1000","EDT","70","V",2018,"DODGE","CHALLENGER","CHALLENGER","COUPE","RED","FRONT END",,"FL","RB","YES","D",72976,"N","[PREMIUM]",5459.6,"3.6L 6","REAR WHEEL DRIVE","AUTOMATIC","FLEXIBLE",6,"Run & Drive Verified","Pure Sale","[PREMIUM]",,"THONOTOSASSA","FL","33592","USA","USD","[PREMIUM]","[PREMIUM]","I050",false,"[PREMIUM]","SXT",false,false,"[PREMIUM]",,,,,,,,"[PREMIUM]"
"67736386","2026-09-16 23:10:29.580","2026-09-23 03:34:43.090","67736386","2026-09-18 16:00:10.000","[PREMIUM]","835","MEDIUM DUTY SPECIALTY SALE","2026-09-23","WEDNESDAY","1100","CDT","0","K",2015,"RAM","3500","3500","CREW PICKUP","BROWN","FRONT END",,"FL","RB","YES","E",170561,"A","[PREMIUM]",12939.39,"6.7L 6","4X4 W/REAR WHEEL DRV","AUTOMATIC","DIESEL",6,"DEFAULT","Pure Sale","[PREMIUM]",,"THONOTOSASSA","FL","33592","USA","USD","[PREMIUM]","[PREMIUM]","P020",false,"[PREMIUM]","LONGHORN",false,false,"[PREMIUM]",,,,,,,,"[PREMIUM]"
"67630876","2026-09-16 23:10:29.453","2026-09-25 01:03:03.491","67630876","2026-09-24 11:13:11.000","[PREMIUM]","335","FL - TAMPA NORTH","2026-09-25","FRIDAY","1000","EDT","2057","V",2013,"HYUNDAI","SONATA","SONATA","SEDAN 4DR","SILVER","REAR END",,"FL","CD","YES","E",124954,"A","[PREMIUM]",6514,"2.4L 4","FRONT WHEEL DRIVE","AUTOMATIC","ELECTRIC AND GAS HYBRID",4,"DEFAULT","Pure Sale","[PREMIUM]",,"THONOTOSASSA","FL","33592","USA","USD","[PREMIUM]","[PREMIUM]","D090",false,"[PREMIUM]","HYBRID",false,false,"[PREMIUM]",,,,,,,,"[PREMIUM]"
"67616616","2026-09-16 23:10:29.339","2026-09-22 02:49:04.858","67616616","2026-09-18 13:36:06.000","[PREMIUM]","335","FL - TAMPA NORTH","2026-09-22","TUESDAY","1000","EDT","0","V",2015,"FORD","F150","F150","CREW PICKUP","SILVER","FRONT END","UNDERCARRIAGE","FL","CD","YES","E",148318,"A","[PREMIUM]",18923.23,"2.7L 6","4X4 W/REAR WHEEL DRV","AUTOMATIC","GAS",6,"DEFAULT","Pure Sale","[PREMIUM]",,"THONOTOSASSA","FL","33592","USA","USD","[PREMIUM]","[PREMIUM]","M090",false,"[PREMIUM]","SUPERCREW",false,false,"[PREMIUM]",,,,,,,,"[PREMIUM]"
"67284876","2026-09-16 23:10:29.038","2026-09-22 02:49:04.448","67284876","2026-09-18 14:02:38.000","[PREMIUM]","335","FL - TAMPA NORTH","2026-09-22","TUESDAY","1000","EDT","0","V",2012,"TOYOTA","TACOMA","TACOMA","PICKUP","GRAY","FRONT END",,"FL","RB","YES","D",246963,"A","[PREMIUM]",11187.09,,,"AUTOMATIC",,,"Run & Drive Verified","Pure Sale","[PREMIUM]",,"THONOTOSASSA","FL","33592","USA","USD","[PREMIUM]","[PREMIUM]","E100",false,"[PREMIUM]","BASE",false,false,"[PREMIUM]",,,,,,,,"[PREMIUM]"
"67171546","2026-09-16 23:10:28.831","2026-09-22 02:49:04.455","67171546","2026-09-18 16:38:37.000","[PREMIUM]","335","FL - TAMPA NORTH","2026-09-22","TUESDAY","1000","EDT","0","V",2018,"FORD","F150","F150",,"BLACK","FRONT END",,"FL","RB","YES","E",192888,"A","[PREMIUM]",9984,,,"AUTOMATIC",,,"DEFAULT","Pure Sale","[PREMIUM]",,"THONOTOSASSA","FL","33592","USA","USD","[PREMIUM]","[PREMIUM]","O050",false,"[PREMIUM]","SUPERCREW",false,false,"[PREMIUM]",,,,,,,,"[PREMIUM]"
"66742496","2026-09-16 23:10:28.674","2026-09-22 02:49:04.276","66742496","2026-09-18 16:31:37.000","[PREMIUM]","335","FL - TAMPA NORTH","2026-09-22","TUESDAY","1000","EDT","0","V",2014,"MAZDA","3","3","SEDAN 4DR","SILVER","FRONT END","MINOR DENT/SCRATCHES","FL","RB","YES","D",217401,"A","[PREMIUM]",4711.79,"2.0L 4","FRONT WHEEL DRIVE","AUTOMATIC","GAS",4,"Run & Drive Verified","On Minimum Bid","[PREMIUM]",,"THONOTOSASSA","FL","33592","USA","USD","[PREMIUM]","[PREMIUM]","G040",false,"[PREMIUM]","GRAND TOURING",false,false,"[PREMIUM]",,,,,,,,"[PREMIUM]"
"66423886","2026-09-16 23:10:28.533","2026-09-25 05:13:16.314","66423886","2026-09-24 11:13:10.000","[PREMIUM]","335","FL - TAMPA NORTH","2026-09-25","FRIDAY","1000","EDT","91","V",2019,"TOYOTA","CAMRY","CAMRY","SEDAN","BLACK","REAR END",,"FL","RB","YES","D",114616,"A","[PREMIUM]",12255.73,"2.5L 4","FRONT WHEEL DRIVE","AUTOMATIC","GAS",4,"Run & Drive Verified","On Minimum Bid","[PREMIUM]",,"THONOTOSASSA","FL","33592","USA","USD","[PREMIUM]","[PREMIUM]","C030",false,"[PREMIUM]","SE",false,false,"[PREMIUM]",,,,,,,,"[PREMIUM]"
"66620006","2026-09-16 23:10:28.507","2026-09-25 05:13:16.460","66620006","2026-09-24 11:13:11.000","[PREMIUM]","335","FL - TAMPA NORTH","2026-09-25","FRIDAY","1000","EDT","2506","V",2018,"FORD","ESCAPE","ESCAPE",,"BLACK","WATER/FLOOD",,"FL","R1","YES","S",49410,"A","[PREMIUM]",9400.38,,,"AUTOMATIC",,,"Vehicle Starts","Pure Sale","[PREMIUM]",,"THONOTOSASSA","FL","33592","USA","USD","[PREMIUM]","[PREMIUM]","M060",false,"[PREMIUM]","SE",false,false,"[PREMIUM]",,,,,,,,"[PREMIUM]"
"66134296","2026-09-16 23:10:28.374","2026-09-25 05:13:16.151","66134296","2026-09-24 11:13:10.000","[PREMIUM]","335","FL - TAMPA NORTH","2026-09-25","FRIDAY","1000","EDT","108","V",2017,"HYUNDAI","ELANTRA","ELANTRA","SEDAN","SILVER","REAR END",,"FL","RB","YES","D",88659,"A","[PREMIUM]",6697.33,"2.0L 4","FRONT WHEEL DRIVE","AUTOMATIC","GAS",4,"Run & Drive Verified","Pure Sale","[PREMIUM]",,"THONOTOSASSA","FL","33592","USA","USD","[PREMIUM]","[PREMIUM]","F060",false,"[PREMIUM]","VALUE EDITION",false,false,"[PREMIUM]",,,,,,,,"[PREMIUM]"
"66163416","2026-09-16 23:10:28.356","2026-09-22 02:49:03.932","66163416","2026-09-18 16:45:35.000","[PREMIUM]","335","FL - TAMPA NORTH","2026-09-22","TUESDAY","1000","EDT","0","V",2021,"GMC","SIERRA","SIERRA","PICKUP","GRAY","FRONT END",,"FL","RB","YES","D",52552,"A","[PREMIUM]",11781.74,"3.0L 6","4X4 W/REAR WHEEL DRV","AUTOMATIC","DIESEL",6,"Run & Drive Verified","Pure Sale","[PREMIUM]",,"THONOTOSASSA","FL","33592","USA","USD","[PREMIUM]","[PREMIUM]","N030",false,"[PREMIUM]","K1500 SLT",false,false,"[PREMIUM]",,,,,,,,"[PREMIUM]"
"65792066","2026-09-16 23:10:28.211","2026-09-25 05:13:16.005","65792066","2026-09-24 11:13:11.000","[PREMIUM]","335","FL - TAMPA NORTH","2026-09-25","FRIDAY","1000","EDT","2513","V",2014,"NISSAN","SENTRA","SENTRA","SEDAN","GRAY","FRONT END",,"FL","RB","YES","S",140048,"N","[PREMIUM]",4357.04,"1.8L 4","FRONT WHEEL DRIVE","AUTOMATIC","GAS",4,"Vehicle Starts","Pure Sale","[PREMIUM]",,"THONOTOSASSA","FL","33592","USA","USD","[PREMIUM]","[PREMIUM]","H100",false,"[PREMIUM]","SR",false,false,"[PREMIUM]",,,,,,,,"[PREMIUM]"
"65265546","2026-09-16 23:10:28.075","2026-09-22 02:49:03.569","65265546","2026-09-18 16:45:36.000","[PREMIUM]","335","FL - TAMPA NORTH","2026-09-22","TUESDAY","1000","EDT","0","V",2015,"HONDA","ACCORD","ACCORD","SEDAN 4DR","GRAY","FRONT END","REAR END","FL","RB","YES","D",73441,"A","[PREMIUM]",8287.01,"3.5L 6","FRONT WHEEL DRIVE","AUTOMATIC","GAS",6,"Run & Drive Verified","Pure Sale","[PREMIUM]",,"THONOTOSASSA","FL","33592","USA","USD","[PREMIUM]","[PREMIUM]","F080",false,"[PREMIUM]","EXL",false,false,"[PREMIUM]",,,,,,,,"[PREMIUM]"
"65516866","2026-09-16 23:10:28.068","2026-09-22 02:49:03.618","65516866","2026-09-18 16:39:05.000","[PREMIUM]","335","FL - TAMPA NORTH","2026-09-22","TUESDAY","1000","EDT","0","V",2018,"KIA","SOUL","SOUL","SPORT UTILITY VEHICLE","GRAY","ROLLOVER",,"FL","RB","YES","E",80216,"A","[PREMIUM]",8894,"2.0L 4","FRONT WHEEL DRIVE","AUTOMATIC","GAS",4,"DEFAULT","Pure Sale","[PREMIUM]",,"THONOTOSASSA","FL","33592","USA","USD","[PREMIUM]","[PREMIUM]","D090",false,"[PREMIUM]","+",false,false,"[PREMIUM]",,,,,,,,"[PREMIUM]"
"65205916","2026-09-16 23:10:27.985","2026-09-23 03:34:42.031","65205916","2026-09-18 16:09:05.000","[PREMIUM]","835","MEDIUM DUTY SPECIALTY SALE","2026-09-23","WEDNESDAY","1100","CDT","0","K",2015,"FORD","TRANSIT","TRANSIT","CARGO VAN","WHITE","REAR END",,"FL","RB","YES","D",385817,"A","[PREMIUM]",10488.82,"3.7L 6","REAR WHEEL DRIVE","AUTOMATIC","GAS",6,"Run & Drive Verified","Pure Sale","[PREMIUM]",,"THONOTOSASSA","FL","33592","USA","USD","[PREMIUM]","[PREMIUM]","O050",false,"[PREMIUM]","T-250",false,false,"[PREMIUM]",,,,,,,,"[PREMIUM]"
"65196866","2026-09-16 23:10:27.925","2026-09-25 05:13:15.734","65196866","2026-09-24 11:13:11.000","[PREMIUM]","335","FL - TAMPA NORTH","2026-09-25","FRIDAY","1000","EDT","2253","V",2019,"HONDA","ODYSSEY","ODYSSEY","VAN PASSENGER","BROWN","FRONT END",,"FL","RB","YES","D",128193,"A","[PREMIUM]",11927,"3.5L 6","FRONT WHEEL DRIVE","AUTOMATIC","GAS",6,"Run & Drive Verified","On Minimum Bid","[PREMIUM]",,"THONOTOSASSA","FL","33592","USA","USD","[PREMIUM]","[PREMIUM]","J040",false,"[PREMIUM]","EX",false,false,"[PREMIUM]",,,,,,,,"[PREMIUM]"
"65101706","2026-09-16 23:10:27.923","2026-09-25 05:13:15.593","65101706","2026-09-24 11:13:10.000","[PREMIUM]","335","FL - TAMPA NORTH","2026-09-25","FRIDAY","1000","EDT","1","V",2020,"GMC","SIERRA","SIERRA","PICKUP","BLACK","FRONT END",,"FL","CD","YES","D",166336,"A","[PREMIUM]",26352.32,"3.0L 6","4X4 W/REAR WHEEL DRV","AUTOMATIC","DIESEL",6,"Run & Drive Verified","Pure Sale","[PREMIUM]",,"THONOTOSASSA","FL","33592","USA","USD","[PREMIUM]","[PREMIUM]","P050",false,"[PREMIUM]","K1500 SLT",false,false,"[PREMIUM]",,,,,,,,"[PREMIUM]"
"64967116","2026-09-16 23:10:27.869","2026-09-22 02:49:03.260","64967116","2026-09-18 13:36:35.000","[PREMIUM]","335","FL - TAMPA NORTH","2026-09-22","TUESDAY","1000","EDT","0","V",2015,"TOYOTA","RAV4","RAV4","4DR SPORT UTILITY","TAN","FRONT END",,"FL","CD","YES","E",150969,"A","[PREMIUM]",9709.59,"2.5L 4","FRONT WHEEL DRIVE","AUTOMATIC","GAS",4,"DEFAULT","Pure Sale","[PREMIUM]",,"THONOTOSASSA","FL","33592","USA","USD","[PREMIUM]","[PREMIUM]","J010",false,"[PREMIUM]","LIMITED",false,false,"[PREMIUM]",,,,,,,,"[PREMIUM]"
"64943166","2026-09-16 23:10:27.775","2026-09-22 02:49:03.285","64943166","2026-09-18 16:07:38.000","[PREMIUM]","335","FL - TAMPA NORTH","2026-09-22","TUESDAY","1000","EDT","0","V",2026,"TOYOTA","COROLLA","COROLLA","SEDAN","WHITE","FRONT END",,"FL","RB","YES","D",7920,"A","[PREMIUM]",13472.22,"2.0L 4","FRONT WHEEL DRIVE","AUTOMATIC","GAS",4,"Run & Drive Verified","Pure Sale","[PREMIUM]",,"THONOTOSASSA","FL","33592","USA","USD","[PREMIUM]","[PREMIUM]","F020",false,"[PREMIUM]","LE",false,false,"[PREMIUM]",,,,,,,,"[PREMIUM]"
"65085716","2026-09-16 23:10:27.761","2026-09-25 05:13:15.594","65085716","2026-09-24 11:13:10.000","[PREMIUM]","335","FL - TAMPA NORTH","2026-09-25","FRIDAY","1000","EDT","17","V",2017,"KIA","OPTIMA","OPTIMA","SEDAN 4DR","WHITE","FRONT END",,"FL","RB","YES","D",103137,"A","[PREMIUM]",6395.68,"2.4L 4","FRONT WHEEL DRIVE","AUTOMATIC","GAS",4,"Run & Drive Verified","Pure Sale","[PREMIUM]",,"THONOTOSASSA","FL","33592","USA","USD","[PREMIUM]","[PREMIUM]","F030",false,"[PREMIUM]","EX",false,false,"[PREMIUM]",,,,,,,,"[PREMIUM]"
"64805956","2026-09-16 23:10:27.680","2026-09-22 02:49:03.103","64805956","2026-09-18 16:32:35.000","[PREMIUM]","335","FL - TAMPA NORTH","2026-09-22","TUESDAY","1000","EDT","0","V",2021,"CADILLAC","XT5","XT5","SPORT UTILITY VEHICLE","BLACK","FRONT END",,"FL","RB","YES","D",54953,"A","[PREMIUM]",17639.27,"3.6L 6","FRONT WHEEL DRIVE","AUTOMATIC","GAS",6,"Run & Drive Verified","Pure Sale","[PREMIUM]",,"THONOTOSASSA","FL","33592","USA","USD","[PREMIUM]","[PREMIUM]","E060",false,"[PREMIUM]","PREMIUM LUXURY",false,false,"[PREMIUM]",,,,,,,,"[PREMIUM]"
"64695256","2026-09-16 23:10:27.666","2026-09-22 02:49:03.102","64695256","2026-09-18 13:36:06.000","[PREMIUM]","335","FL - TAMPA NORTH","2026-09-22","TUESDAY","1000","EDT","0","V",2024,"CHEVROLET","EQUINOX","EQUINOX","SPORT UTILITY VEHICLE","BLUE","FRONT END",,"FL","CD","NO","E",0,"N","[PREMIUM]",20197,"1.5L 4","FRONT WHEEL DRIVE","AUTOMATIC","GAS",4,"DEFAULT","Pure Sale","[PREMIUM]",,"THONOTOSASSA","FL","33592","USA","USD","[PREMIUM]","[PREMIUM]","N060",false,"[PREMIUM]","LS",false,false,"[PREMIUM]",,,,,,,,"[PREMIUM]"
"64532536","2026-09-16 23:10:27.528","2026-09-24 15:34:43.475","64532536","2026-09-24 11:13:11.000","[PREMIUM]","335","FL - TAMPA NORTH","2026-09-25","FRIDAY","1000","EDT","2285","V",2012,"FORD","FOCUS","FOCUS","SEDAN 4DR","SILVER","WATER/FLOOD","FRONT END","FL","RB","YES","D",0,"N","[PREMIUM]",4429.67,"2.0L 4","FRONT WHEEL DRIVE","MANUAL","GAS",4,"Run & Drive Verified","On Minimum Bid","[PREMIUM]",,"THONOTOSASSA","FL","33592","USA","USD","[PREMIUM]","[PREMIUM]","G070",false,"[PREMIUM]","S",false,false,"[PREMIUM]",,,,,,,,"[PREMIUM]"
"64248626","2026-09-16 23:10:27.206","2026-09-22 02:49:02.780","64248626","2026-09-18 16:29:05.000","[PREMIUM]","335","FL - TAMPA NORTH","2026-09-22","TUESDAY","1000","EDT","0","V",2023,"LEXUS","RX350","RX 350","SUV","RED","FRONT END",,"FL","RB","YES","D",41592,"A","[PREMIUM]",36571.74,"2.4L 4","FRONT WHEEL DRIVE","AUTOMATIC","GAS",4,"Run & Drive Verified","Pure Sale","[PREMIUM]",,"THONOTOSASSA","FL","33592","USA","USD","[PREMIUM]","[PREMIUM]","J060",false,"[PREMIUM]","PREMIUM+",false,false,"[PREMIUM]",,,,,,,,"[PREMIUM]"
"64207726","2026-09-16 23:10:27.200","2026-09-22 02:49:02.565","64207726","2026-09-18 18:37:07.000","[PREMIUM]","335","FL - TAMPA NORTH","2026-09-22","TUESDAY","1000","EDT","0","V",2014,"CHEVROLET","CRUZE","CRUZE","SEDAN 4DR","GREEN","FRONT END",,"FL","RB","YES","D",170737,"A","[PREMIUM]",3690,"1.4L 4","FRONT WHEEL DRIVE","AUTOMATIC","GAS",4,"Run & Drive Verified","Pure Sale","[PREMIUM]",,"THONOTOSASSA","FL","33592","USA","USD","[PREMIUM]","[PREMIUM]","I060",false,"[PREMIUM]","LT",false,false,"[PREMIUM]",,,,,,,,"[PREMIUM]"
"64242996","2026-09-16 23:10:27.198","2026-09-22 02:49:02.572","64242996","2026-09-18 16:31:06.000","[PREMIUM]","335","FL - TAMPA NORTH","2026-09-22","TUESDAY","1000","EDT","0","V",2017,"BUICK","ENCLAVE","ENCLAVE","4DR SPORT UTILITY","SILVER","FRONT END",,"FL","RB","YES","E",0,"N","[PREMIUM]",17106.9,"3.6L 6","FRONT WHEEL DRIVE","AUTOMATIC","GAS",6,"DEFAULT","Pure Sale","[PREMIUM]",,"THONOTOSASSA","FL","33592","USA","USD","[PREMIUM]","[PREMIUM]","D010",false,"[PREMIUM]",,false,false,"[PREMIUM]",,,,,,,,"[PREMIUM]"
"63966656","2026-09-16 23:10:27.057","2026-09-25 05:13:14.731","63966656","2026-09-24 11:13:11.000","[PREMIUM]","335","FL - TAMPA NORTH","2026-09-25","FRIDAY","1000","EDT","2258","V",2018,"CHEVROLET","CRUZE","CRUZE","SEDAN","SILVER","FRONT END",,"FL","RB","YES","D",130992,"A","[PREMIUM]",8142.66,"1.4L 4","FRONT WHEEL DRIVE","AUTOMATIC","GAS",4,"Run & Drive Verified","Pure Sale","[PREMIUM]",,"THONOTOSASSA","FL","33592","USA","USD","[PREMIUM]","[PREMIUM]","E010",false,"[PREMIUM]","LS",false,false,"[PREMIUM]",,,,,,,,"[PREMIUM]"
"63951046","2026-09-16 23:10:27.031","2026-09-22 02:49:02.396","63951046","2026-09-18 13:37:06.000","[PREMIUM]","335","FL - TAMPA NORTH","2026-09-22","TUESDAY","1000","EDT","0","V",2015,"NISSAN","SENTRA","SENTRA","SEDAN","SILVER","REAR END",,"FL","CD","YES","D",137387,"A","[PREMIUM]",4399.84,"1.8L 4","FRONT WHEEL DRIVE","AUTOMATIC","GAS",4,"Run & Drive Verified","Pure Sale","[PREMIUM]",,"THONOTOSASSA","FL","33592","USA","USD","[PREMIUM]","[PREMIUM]","E050",false,"[PREMIUM]","SV",false,false,"[PREMIUM]",,,,,,,,"[PREMIUM]"
"63483026","2026-09-16 23:10:26.739","2026-09-22 02:49:02.030","63483026","2026-09-18 13:38:05.000","[PREMIUM]","335","FL - TAMPA NORTH","2026-09-22","TUESDAY","1000","EDT","0","V",2023,"NISSAN","SENTRA","SENTRA","SEDAN","BLACK","FRONT END",,"FL","CD","NO","E",93936,"N","[PREMIUM]",12960,"2.0L 4","FRONT WHEEL DRIVE","AUTOMATIC","GAS",4,"DEFAULT","Pure Sale","[PREMIUM]",,"THONOTOSASSA","FL","33592","USA","USD","[PREMIUM]","[PREMIUM]","I040",false,"[PREMIUM]","SV",false,false,"[PREMIUM]",,,,,,,,"[PREMIUM]"
"63175486","2026-09-16 23:10:26.642","2026-09-28 05:16:50.167","63175486","2026-09-25 02:45:18.000","[PREMIUM]","881","*NCS - CENTRAL REGION","2026-09-28","MONDAY","2000","CDT","0","K",2022,"FORD","ECONOLINE","ECONOLINE","CUTAWAY","WHITE","FRONT END",,"FL","CD","YES","D",216753,"A","[PREMIUM]",46834.48,"7.3L 8","REAR WHEEL DRIVE","AUTOMATIC","GAS",8,"Run & Drive Verified","On Minimum Bid","[PREMIUM]",,"THONOTOSASSA","FL","33592","USA","USD","[PREMIUM]","[PREMIUM]","HV004",false,"[PREMIUM]","E350 SUPER DUTY CUTAWAY VAN",false,false,"[PREMIUM]",,,,,,,,"[PREMIUM]"
"63083116","2026-09-16 23:10:26.612","2026-09-25 05:13:13.826","63083116","2026-09-24 11:13:10.000","[PREMIUM]","335","FL - TAMPA NORTH","2026-09-25","FRIDAY","1000","EDT","2004","V",2019,"GMC","ACADIA","ACADIA","SPORT UTILITY VEHICLE","WHITE","WATER/FLOOD",,"FL","RB","YES","E",135989,"A","[PREMIUM]",11378.84,"2.5L 4","FRONT WHEEL DRIVE","AUTOMATIC","GAS",4,"DEFAULT","Pure Sale","[PREMIUM]",,"THONOTOSASSA","FL","33592","USA","USD","[PREMIUM]","[PREMIUM]","G020",false,"[PREMIUM]","SLE",false,false,"[PREMIUM]",,,,,,,,"[PREMIUM]"
"62940136","2026-09-16 23:10:26.590","2026-09-25 05:13:13.705","62940136","2026-09-24 11:13:11.000","[PREMIUM]","335","FL - TAMPA NORTH","2026-09-25","FRIDAY","1000","EDT","2267","V",2017,"CHEVROLET","EQUINOX","EQUINOX","4DR SPORT UTILITY","RED","FRONT END",,"FL","RB","YES","D",135941,"A","[PREMIUM]",7981.72,"2.4L 4","FRONT WHEEL DRIVE","AUTOMATIC","GAS",4,"Run & Drive Verified","Pure Sale","[PREMIUM]",,"THONOTOSASSA","FL","33592","USA","USD","[PREMIUM]","[PREMIUM]","H040",false,"[PREMIUM]","LT",false,false,"[PREMIUM]",,,,,,,,"[PREMIUM]"
"62689726","2026-09-16 23:10:26.430","2026-09-22 02:49:01.554","62689726","2026-09-18 16:36:37.000","[PREMIUM]","335","FL - TAMPA NORTH","2026-09-22","TUESDAY","1000","EDT","0","V",2016,"LAND ROVER","RANGEROVER","RANGE ROVER EVOQUE","UTILITY","BLACK","FRONT END",,"FL","RB","YES","D",86863,"A","[PREMIUM]",9487,"2.0L 4","ALL WHEEL DRIVE","AUTOMATIC","GAS",4,"Run & Drive Verified","Pure Sale","[PREMIUM]",,"THONOTOSASSA","FL","33592","USA","USD","[PREMIUM]","[PREMIUM]","H020",false,"[PREMIUM]","SE",false,false,"[PREMIUM]",,,,,,,,"[PREMIUM]"
"62640936","2026-09-16 23:10:26.297","2026-09-22 02:49:01.472","62640936","2026-09-18 16:46:06.000","[PREMIUM]","335","FL - TAMPA NORTH","2026-09-22","TUESDAY","1000","EDT","0","V",2017,"BMW","3 SERIES","320","SEDAN 4DR","WHITE","FRONT END",,"FL","RB","YES","D",87095,"A","[PREMIUM]",8292,"2.0L 4","REAR WHEEL DRIVE","AUTOMATIC","GAS",4,"Run & Drive Verified","Pure Sale","[PREMIUM]",,"THONOTOSASSA","FL","33592","USA","USD","[PREMIUM]","[PREMIUM]","J040",false,"[PREMIUM]","I",false,false,"[PREMIUM]",,,,,,,,"[PREMIUM]"
"62345886","2026-09-16 23:10:26.288","2026-09-25 05:13:13.558","62345886","2026-09-24 11:13:10.000","[PREMIUM]","335","FL - TAMPA NORTH","2026-09-25","FRIDAY","1000","EDT","58","V",2015,"INFINITI","Q50","Q50","SEDAN","GRAY","FRONT END",,"FL","RB","YES","D",145902,"N","[PREMIUM]",8820,"3.7L 6","ALL WHEEL DRIVE","AUTOMATIC","GAS",6,"Run & Drive Verified","Pure Sale","[PREMIUM]",,"THONOTOSASSA","FL","33592","USA","USD","[PREMIUM]","[PREMIUM]","B030",false,"[PREMIUM]","SPORT",false,false,"[PREMIUM]",,,,,,,,"[PREMIUM]"
"62642636","2026-09-16 23:10:26.287","2026-09-22 02:49:01.413","62642636","2026-09-18 16:49:08.000","[PREMIUM]","335","FL - TAMPA NORTH","2026-09-22","TUESDAY","1000","EDT","0","V",2016,"NISSAN","ALTIMA","ALTIMA","SEDAN","BLACK","REAR END",,"FL","RB","YES","D",153947,"A","[PREMIUM]",2096.32,"2.5L 4","FRONT WHEEL DRIVE","AUTOMATIC","GAS",4,"Run & Drive Verified","Pure Sale","[PREMIUM]",,"THONOTOSASSA","FL","33592","USA","USD","[PREMIUM]","[PREMIUM]","H040",false,"[PREMIUM]","2.5 S",false,false,"[PREMIUM]",,,,,,,,"[PREMIUM]"
"62270456","2026-09-16 23:10:26.275","2026-09-25 05:13:13.543","62270456","2026-09-24 11:13:11.000","[PREMIUM]","335","FL - TAMPA NORTH","2026-09-25","FRIDAY","1000","EDT","2280","V",2017,"MERCEDES-BENZ","C-CLASS","C","SEDAN","WHITE","FRONT END","REAR END","FL","RB","YES","D",55569,"A","[PREMIUM]",13873.11,"2.0L 4","ALL WHEEL DRIVE","AUTOMATIC","GAS",4,"Run & Drive Verified","Pure Sale","[PREMIUM]",,"THONOTOSASSA","FL","33592","USA","USD","[PREMIUM]","[PREMIUM]","I020",false,"[PREMIUM]","300 4MATIC",false,false,"[PREMIUM]",,,,,,,,"[PREMIUM]"
"62103516","2026-09-16 23:10:26.182","2026-09-25 05:13:13.407","62103516","2026-09-24 11:13:10.000","[PREMIUM]","335","FL - TAMPA NORTH","2026-09-25","FRIDAY","1000","EDT","7","V",2016,"FORD","F150","F150","CREW PICKUP","BLUE","FRONT END",,"FL","RB","YES","D",232924,"A","[PREMIUM]",17283.76,"5.0L 8","REAR WHEEL DRIVE","AUTOMATIC","GAS",8,"Run & Drive Verified","Pure Sale","[PREMIUM]",,"THONOTOSASSA","FL","33592","USA","USD","[PREMIUM]","[PREMIUM]","Q020",false,"[PREMIUM]","SUPERCREW",false,false,"[PREMIUM]",,,,,,,,"[PREMIUM]"
"61707726","2026-09-16 23:10:25.873","2026-09-28 03:35:43.038","61707726","2026-09-28 02:00:10.000","[PREMIUM]","335","FL - TAMPA NORTH","2026-09-29","TUESDAY","1000","EDT","0","V",2017,"TOYOTA","RAV4","RAV4","4DR SPORT UTILITY","GRAY","REAR END","MINOR DENT/SCRATCHES","FL","RB","YES","D",108466,"A","[PREMIUM]",9881.44,"2.5L 4","FRONT WHEEL DRIVE","AUTOMATIC","GAS",4,"Run & Drive Verified","On Minimum Bid","[PREMIUM]",,"THONOTOSASSA","FL","33592","USA","USD","[PREMIUM]","[PREMIUM]","H090",false,"[PREMIUM]","LE",false,false,"[PREMIUM]",,,,,,,,"[PREMIUM]"
"61726056","2026-09-16 23:10:25.868","2026-09-25 05:13:13.100","61726056","2026-09-24 11:13:10.000","[PREMIUM]","335","FL - TAMPA NORTH","2026-09-25","FRIDAY","1000","EDT","116","V",2020,"NISSAN","PATHFINDER","PATHFINDER","SPORT UTILITY VEHICLE","BLACK","REAR END","MINOR DENT/SCRATCHES","FL","CD","YES","D",184637,"A","[PREMIUM]",12708.25,"3.5L 6","FRONT WHEEL DRIVE","AUTOMATIC","GAS",6,"Run & Drive Verified","Pure Sale","[PREMIUM]",,"THONOTOSASSA","FL","33592","USA","USD","[PREMIUM]","[PREMIUM]","D070",false,"[PREMIUM]","PLATINUM",false,false,"[PREMIUM]",,,,,,,,"[PREMIUM]"
"61198666","2026-09-16 23:10:25.699","2026-09-25 05:13:12.912","61198666","2026-09-24 11:13:10.000","[PREMIUM]","335","FL - TAMPA NORTH","2026-09-25","FRIDAY","1000","EDT","2014","V",2013,"NISSAN","ROGUE","ROGUE","4DR SPOR","SILVER","FRONT END","SIDE","FL","RB","YES","E",132948,"A","[PREMIUM]",2711.97,,,"AUTOMATIC",,,"DEFAULT","Pure Sale","[PREMIUM]",,"THONOTOSASSA","FL","33592","USA","USD","[PREMIUM]","[PREMIUM]","L080",false,"[PREMIUM]",,false,false,"[PREMIUM]",,,,,,,,"[PREMIUM]"
"60796036","2026-09-16 23:10:25.610","2026-09-25 05:13:12.740","60796036","2026-09-24 11:13:11.000","[PREMIUM]","335","FL - TAMPA NORTH","2026-09-25","FRIDAY","1000","EDT","2514","V",2017,"HYUNDAI","SONATA","SONATA","SEDAN 4DR","GRAY","FRONT END",,"FL","RB","YES","S",87200,"A","[PREMIUM]",5857,"2.4L 4","FRONT WHEEL DRIVE","AUTOMATIC","GAS",4,"Vehicle Starts","Pure Sale","[PREMIUM]",,"THONOTOSASSA","FL","33592","USA","USD","[PREMIUM]","[PREMIUM]","G080",false,"[PREMIUM]",,false,false,"[PREMIUM]",,,,,,,,"[PREMIUM]"
"59327906","2026-09-16 23:10:25.154","2026-09-22 02:49:00.234","59327906","2026-09-18 18:11:07.000","[PREMIUM]","335","FL - TAMPA NORTH","2026-09-22","TUESDAY","1000","EDT","0","V",2019,"AUDI","RS3","RS3","SEDAN","BEIGE","REAR END",,"FL","RB","YES","D",63493,"A","[PREMIUM]",21206.61,"2.5L 5","ALL WHEEL DRIVE","AUTOMATIC","GAS",5,"Run & Drive Verified","On Minimum Bid","[PREMIUM]",,"THONOTOSASSA","FL","33592","USA","USD","[PREMIUM]","[PREMIUM]","B010",false,"[PREMIUM]",,false,false,"[PREMIUM]",,,,,,,,"[PREMIUM]"
"59074776","2026-09-16 23:10:25.130","2026-09-22 02:49:00.216","59074776","2026-09-18 13:37:36.000","[PREMIUM]","335","FL - TAMPA NORTH","2026-09-22","TUESDAY","1000","EDT","0","V",2021,"MERCEDES-BENZ","GLC-CLASS","GLC","SPORT UTILITY VEHICLE","BLACK","FRONT END",,"FL","CD","YES","D",99538,"A","[PREMIUM]",16257.82,"2.0L 4","REAR WHEEL DRIVE","AUTOMATIC","GAS",4,"Run & Drive Verified","Pure Sale","[PREMIUM]",,"THONOTOSASSA","FL","33592","USA","USD","[PREMIUM]","[PREMIUM]","J020",false,"[PREMIUM]","300",false,false,"[PREMIUM]",,,,,,,,"[PREMIUM]"
"57696956","2026-09-16 23:10:24.853","2026-09-25 05:13:12.403","57696956","2026-09-24 11:13:10.000","[PREMIUM]","335","FL - TAMPA NORTH","2026-09-25","FRIDAY","1000","EDT","63","V",2025,"KIA","NIRO","NIRO","SPORT UTILITY VEHICLE","WHITE","SIDE",,"FL","CD","YES","D",11449,"A","[PREMIUM]",31009.37,"0","FRONT WHEEL DRIVE","AUTOMATIC","ELECTRIC",0,"Run & Drive Verified","Pure Sale","[PREMIUM]",,"THONOTOSASSA","FL","33592","USA","USD","[PREMIUM]","[PREMIUM]","H020",false,"[PREMIUM]","WIND",false,false,"[PREMIUM]",,,,,,,,"[PREMIUM]"
"56171716","2026-09-16 23:10:24.737","2026-09-22 02:48:59.929","56171716","2026-09-18 16:20:05.000","[PREMIUM]","335","FL - TAMPA NORTH","2026-09-22","TUESDAY","1000","EDT","0","V",2017,"NISSAN","ROGUE","ROGUE","WAGON","WHITE","MECHANICAL",,"FL","RB","YES","D",103757,"A","[PREMIUM]",6602.74,"2.5L 4","FRONT WHEEL DRIVE","AUTOMATIC","GAS",4,"Run & Drive Verified","Pure Sale","[PREMIUM]",,"THONOTOSASSA","FL","33592","USA","USD","[PREMIUM]","[PREMIUM]","G070",false,"[PREMIUM]","SV",false,false,"[PREMIUM]",,,,,,,,"[PREMIUM]"
"52121416","2026-09-16 23:10:24.466","2026-09-18 00:51:26.503","52121416","2026-09-16 21:34:05.000","[PREMIUM]","335","FL - TAMPA NORTH",,,,"EDT","0","V",2023,"CHEVROLET","MALIBU","MALIBU","SEDAN","TAN","FRONT END",,"FL","RB","YES","D",100554,"A","[PREMIUM]",8626.81,"1.5L 4","FRONT WHEEL DRIVE","AUTOMATIC","GAS",4,"Run & Drive Verified","Pure Sale","[PREMIUM]",,"THONOTOSASSA","FL","33592","USA","USD","[PREMIUM]","[PREMIUM]","C020",false,"[PREMIUM]","LT",false,false,"[PREMIUM]",,,,,,,,"[PREMIUM]"
"46537986","2026-09-16 23:10:24.344","2026-09-29 08:37:02.415","46537986","2026-09-28 20:52:48.000","[PREMIUM]","335","FL - TAMPA NORTH",,,,"EDT","0","V",2025,"CHEVROLET","EQUINOX","EQUINOX","SPORT UTILITY VEHICLE","BLACK","SIDE","FRONT END","FL","CD","YES","D",9814,"N","[PREMIUM]",44687.3,"1.5L 4","FRONT WHEEL DRIVE","AUTOMATIC","GAS",4,"Run & Drive Verified","Pure Sale","[PREMIUM]",,"THONOTOSASSA","FL","33592","USA","USD","[PREMIUM]","[PREMIUM]","K060",false,"[PREMIUM]",,false,false,"[PREMIUM]",,,,,,,,"[PREMIUM]"
"65853396","2026-09-16 23:10:23.399","2026-09-29 08:37:00.676","65853396","2026-09-16 21:51:26.000","[PREMIUM]","328","WY - CASPER",,,,"MDT","0","V",2006,"FORD","All Models","F150","CREW PICKUP","RED","ROLLOVER",,"ID","SC","YES","S",0,"E","[PREMIUM]",8822,"5.4L 8","4X4 W/REAR WHEEL DRV","AUTOMATIC","FLEXIBLE",8,"Vehicle Starts","Pure Sale","[PREMIUM]",,"CASPER","WY","82601","USA","USD","[PREMIUM]","[PREMIUM]","B040",false,"[PREMIUM]","SUPERCREW",false,false,"[PREMIUM]",,,,,,,,"[PREMIUM]"
"68627806","2026-09-16 23:10:21.890","2026-09-29 08:36:57.964","68627806","2026-09-16 22:05:07.000","[PREMIUM]","326","MS - GRENADA",,,,"CDT","0","V",2022,"RAM","1500","1500","PICKUP","BLACK","REAR END",,"MS","ST","YES","D",108644,"A","[PREMIUM]",21595.98,"5.7L 8","4X4 W/REAR WHEEL DRV","AUTOMATIC","GAS                           ",8,"Run & Drive Verified","Pure Sale","[PREMIUM]",,"GRENADA","MS","38901","USA","USD","[PREMIUM]","[PREMIUM]","H040",false,"[PREMIUM]","LARAMIE",false,false,"[PREMIUM]",,,,,,,,"[PREMIUM]"
"67839396","2026-09-16 23:10:21.757","2026-09-23 03:34:35.155","67839396","2026-09-16 21:43:58.000","[PREMIUM]","326","MS - GRENADA","2026-09-23","WEDNESDAY","1200","CDT","0","V",2010,"MAZDA","6","6","SEDAN 4DR","SILVER","FRONT END",,"MS","ST","YES","D",191546,"A","[PREMIUM]",6057.75,"2.5L 4","FRONT WHEEL DRIVE","AUTOMATIC","GAS",4,"Run & Drive Verified","Pure Sale","[PREMIUM]",,"GRENADA","MS","38901","USA","USD","[PREMIUM]","[PREMIUM]","C070",false,"[PREMIUM]","I",false,false,"[PREMIUM]",,,,,,,,"[PREMIUM]"
"62899326","2026-09-16 23:10:21.012","2026-09-29 08:36:56.506","62899326","2026-09-18 18:43:35.000","[PREMIUM]","326","MS - GRENADA",,,,"CDT","0","V",2020,"JEEP","GRAND CHER","CHEROKEE","SPORT UTILITY VEHICLE","MAROON","FRONT END",,"MS","ST","YES","E",76280,"A","[PREMIUM]",0,"2.4L 4","FRONT WHEEL DRIVE","AUTOMATIC","GAS",4,"DEFAULT","Pure Sale","[PREMIUM]",,"GRENADA","MS","38901","USA","USD","[PREMIUM]","[PREMIUM]","B010",false,"[PREMIUM]","LATITUDE",false,false,"[PREMIUM]",,,,,,,,"[PREMIUM]"
"62739516","2026-09-16 23:10:21.006","2026-09-23 03:34:33.897","62739516","2026-09-16 22:05:22.000","[PREMIUM]","326","MS - GRENADA","2026-09-23","WEDNESDAY","1200","CDT","0","V",2025,"HONDA","ACCORD","ACCORD","SEDAN","GRAY","FRONT END",,"MS","ST","YES","D",18587,"A","[PREMIUM]",21132.01,"2.0L 4","FRONT WHEEL DRIVE","AUTOMATIC","ELECTRIC AND GAS HYBRID",4,"Run & Drive Verified","Pure Sale","[PREMIUM]",,"GRENADA","MS","38901","USA","USD","[PREMIUM]","[PREMIUM]","H030",false,"[PREMIUM]","HYBRID SPORT-L",false,false,"[PREMIUM]",,,,,,,,"[PREMIUM]"
"68870146","2026-09-16 23:10:19.961","2026-09-28 06:59:52.366","68870146","2026-09-18 17:42:47.000","[PREMIUM]","309","CA - ADELANTO","2026-09-28","MONDAY","1200","PDT","0","V",2020,"JEEP","CHEROKEE","CHEROKEE","SPORT UTILITY VEHICLE","CHARCOAL","FRONT END","SIDE","CA","SC","YES",,97820,"A","[PREMIUM]",14507,"2.0L 4","4X4 W/FRONT WHL DRV","AUTOMATIC","GAS                           ",4,,"On Minimum Bid","[PREMIUM]",,"ADELANTO","CA","92301","USA","USD","[PREMIUM]","[PREMIUM]","D020",false,"[PREMIUM]","TRAILHAWK",false,false,"[PREMIUM]",,,,,,,,"[PREMIUM]"
"60684816","2026-09-16 23:10:18.380","2026-09-28 06:59:49.853","60684816","2026-09-17 22:03:05.000","[PREMIUM]","309","CA - ADELANTO","2026-09-28","MONDAY","1200","PDT","0","V",2020,"NISSAN","ALTIMA","ALTIMA","SEDAN","SILVER","FRONT END",,"CA","SC","YES","D",169208,"A","[PREMIUM]",11306,"2.5L 4","FRONT WHEEL DRIVE","AUTOMATIC","GAS",4,"Run & Drive Verified","Pure Sale","[PREMIUM]",,"ADELANTO","CA","92301","USA","USD","[PREMIUM]","[PREMIUM]","D040",false,"[PREMIUM]","S",false,false,"[PREMIUM]",,,,,,,,"[PREMIUM]"
"69168116","2026-09-16 23:10:17.664","2026-09-23 23:15:49.268","69168116","2026-09-23 21:48:19.000","[PREMIUM]","308","WI - MADISON SOUTH","2026-09-29","TUESDAY","1200","CDT","0","V",2016,"KIA","SORENTO","SORENTO","SUV","RED","FRONT END",,"WI","CT","YES","D",158739,"A","[PREMIUM]",0,"3.3L 6","ALL WHEEL DRIVE","AUTOMATIC","GAS                           ",6,"Run & Drive Verified","On Minimum Bid","[PREMIUM]",,"MCFARLAND","WI","53558","USA","USD","[PREMIUM]","[PREMIUM]","E020",true,"[PREMIUM]","LX V6",false,false,"[PREMIUM]",,,,,,,,"[PREMIUM]"
"69005166","2026-09-16 23:10:17.543","2026-09-22 02:48:49.237","69005166","2026-09-17 19:16:24.000","[PREMIUM]","308","WI - MADISON SOUTH","2026-09-22","TUESDAY","1200","CDT","0","V",2023,"CHEVROLET","EQUINOX","EQUINOX","SPORT UTILITY VEHICLE","WHITE","FRONT END",,"WI","IC","YES","D",34712,"A","[PREMIUM]",15686,"1.5L 4","ALL WHEEL DRIVE","AUTOMATIC","GAS                           ",4,"Run & Drive Verified","On Minimum Bid","[PREMIUM]",,"MCFARLAND","WI","53558","USA","USD","[PREMIUM]","[PREMIUM]","D040",false,"[PREMIUM]","RS",false,false,"[PREMIUM]",,,,,,,,"[PREMIUM]"
"69008966","2026-09-16 23:10:17.522","2026-09-22 02:48:49.246","69008966","2026-09-21 20:06:02.000","[PREMIUM]","308","WI - MADISON SOUTH","2026-09-22","TUESDAY","1200","CDT","0","V",2013,"HYUNDAI","ELANTRA","ELANTRA","SEDAN","SILVER","FRONT END","SIDE","WI","CT","YES","D",66738,"A","[PREMIUM]",7180,"1.8L 4","FRONT WHEEL DRIVE","AUTOMATIC","GAS                           ",4,"Run & Drive Verified","Pure Sale","[PREMIUM]",,"MCFARLAND","WI","53558","USA","USD","[PREMIUM]","[PREMIUM]","A010",false,"[PREMIUM]","GLS",false,false,"[PREMIUM]",,,,,,,,"[PREMIUM]"
"68753386","2026-09-16 23:10:17.499","2026-09-22 02:48:49.080","68753386","2026-09-17 19:05:06.000","[PREMIUM]","308","WI - MADISON SOUTH","2026-09-22","TUESDAY","1200","CDT","0","V",2015,"FORD","EXPLORER","EXPLORER","4DR SPORT UTILITY","WHITE","FRONT END",,"WI","CT","YES","D",157255,"A","[PREMIUM]",6474,"3.5L 6","4X4 W/FRONT WHL DRV","AUTOMATIC","GAS",6,"Run & Drive Verified","Pure Sale","[PREMIUM]",,"MCFARLAND","WI","53558","USA","USD","[PREMIUM]","[PREMIUM]","D040",false,"[PREMIUM]","XLT",false,false,"[PREMIUM]",,,,,,,,"[PREMIUM]"
"68611996","2026-09-16 23:10:17.359","2026-09-22 02:48:48.973","68611996","2026-09-17 19:07:08.000","[PREMIUM]","308","WI - MADISON SOUTH","2026-09-22","TUESDAY","1200","CDT","0","V",2019,"HONDA","CRV","CR-V","SPORT UTILITY VEHICLE","WHITE","FRONT END","SIDE","WI","CT","YES","D",123613,"A","[PREMIUM]",14606,"1.5L 4","ALL WHEEL DRIVE","AUTOMATIC","GAS",4,"Run & Drive Verified","On Minimum Bid","[PREMIUM]",,"MCFARLAND","WI","53558","USA","USD","[PREMIUM]","[PREMIUM]","A060",false,"[PREMIUM]","EXL",false,false,"[PREMIUM]",,,,,,,,"[PREMIUM]"
"68356526","2026-09-16 23:10:17.339","2026-09-29 05:17:47.739","68356526","2026-09-23 20:53:21.000","[PREMIUM]","308","WI - MADISON SOUTH","2026-09-29","TUESDAY","1200","CDT","0","V",2017,"FORD","FUSION","FUSION","SEDAN 4DR","RED","SIDE","REAR END","WI","BP","YES","S",57399,"A","[PREMIUM]",14839.92,"2.7L 6","ALL WHEEL DRIVE","AUTOMATIC","GAS",6,"Vehicle Starts","On Minimum Bid","[PREMIUM]",,"MCFARLAND","WI","53558","USA","USD","[PREMIUM]","[PREMIUM]","A010",false,"[PREMIUM]","SPORT",false,false,"[PREMIUM]",,,,,,,,"[PREMIUM]"
"68155936","2026-09-16 23:10:17.206","2026-09-22 02:48:48.775","68155936","2026-09-17 14:27:06.000","[PREMIUM]","308","WI - MADISON SOUTH","2026-09-22","TUESDAY","1200","CDT","0","V",2007,"TOYOTA","CAMRY","CAMRY","SEDAN","BLACK","FRONT END",,"WI","BP","YES","E",0,"E","[PREMIUM]",12057,"2.4L 4","FRONT WHEEL DRIVE","AUTOMATIC","GAS",4,"DEFAULT","Pure Sale","[PREMIUM]",,"MCFARLAND","WI","53558","USA","USD","[PREMIUM]","[PREMIUM]","A060",false,"[PREMIUM]","XLE",false,false,"[PREMIUM]",,,,,,,,"[PREMIUM]"
"68352116","2026-09-16 23:10:17.198","2026-09-22 02:48:48.815","68352116","2026-09-17 17:38:07.000","[PREMIUM]","308","WI - MADISON SOUTH","2026-09-22","TUESDAY","1200","CDT","0","V",2019,"HYUNDAI","ELANTRA","ELANTRA","SEDAN","RED","REAR END","SIDE","WI","CT","YES","D",49655,"A","[PREMIUM]",12037.26,"2.0L 4","FRONT WHEEL DRIVE","AUTOMATIC","GAS",4,"Run & Drive Verified","Pure Sale","[PREMIUM]",,"MCFARLAND","WI","53558","USA","USD","[PREMIUM]","[PREMIUM]","A060",false,"[PREMIUM]","LIMITED",false,false,"[PREMIUM]",,,,,,,,"[PREMIUM]"
"68338906","2026-09-16 23:10:17.197","2026-09-22 02:48:48.772","68338906","2026-09-17 14:28:09.000","[PREMIUM]","308","WI - MADISON SOUTH","2026-09-22","TUESDAY","1200","CDT","0","V",2002,"GMC","1500","NEW SIERRA","PICKUP","BLUE","FRONT END","REAR END","WI","BP","YES","D",153273,"E","[PREMIUM]",10547.28,"4.8L 8","REAR WHEEL DRIVE","AUTOMATIC","GAS",8,"Run & Drive Verified","Pure Sale","[PREMIUM]",,"MCFARLAND","WI","53558","USA","USD","[PREMIUM]","[PREMIUM]","C010",false,"[PREMIUM]","C1500",false,false,"[PREMIUM]",,,,,,,,"[PREMIUM]"
"68158846","2026-09-16 23:10:17.190","2026-09-22 02:48:48.769","68158846","2026-09-17 17:31:36.000","[PREMIUM]","308","WI - MADISON SOUTH","2026-09-22","TUESDAY","1200","CDT","0","V",2018,"GMC","SIERRA","SIERRA","PICKUP","SILVER","FRONT END","SIDE","WI","CT","YES","D",86692,"A","[PREMIUM]",17666,"5.3L 8","4X4 W/REAR WHEEL DRV","AUTOMATIC","GAS",8,"Run & Drive Verified","On Minimum Bid","[PREMIUM]",,"MCFARLAND","WI","53558","USA","USD","[PREMIUM]","[PREMIUM]","G070",false,"[PREMIUM]","K1500 SLT",false,false,"[PREMIUM]",,,,,,,,"[PREMIUM]"
"68151786","2026-09-16 23:10:17.190","2026-09-22 02:48:48.765","68151786","2026-09-17 13:50:37.000","[PREMIUM]","308","WI - MADISON SOUTH","2026-09-22","TUESDAY","1200","CDT","0","V",2015,"TOYOTA","HIGHLANDER","HIGHLANDER","4DR SPORT UTILITY","BLUE","FRONT END","SIDE","WI","BP","YES","D",126428,"A","[PREMIUM]",17061,"3.5L 6","ALL WHEEL DRIVE","AUTOMATIC","GAS",6,"Run & Drive Verified","Pure Sale","[PREMIUM]",,"MCFARLAND","WI","53558","USA","USD","[PREMIUM]","[PREMIUM]","B050",false,"[PREMIUM]","XLE",false,false,"[PREMIUM]",,,,,,,,"[PREMIUM]"
"68198706","2026-09-16 23:10:17.148","2026-09-22 02:48:48.808","68198706","2026-09-17 14:10:39.000","[PREMIUM]","308","WI - MADISON SOUTH","2026-09-22","TUESDAY","1200","CDT","0","V",2017,"HYUNDAI","ELANTRA","ELANTRA","SEDAN","CREAM","FRONT END","SIDE","WI","BP","YES","D",49852,"A","[PREMIUM]",13676.34,"2.0L 4","FRONT WHEEL DRIVE","AUTOMATIC","GAS",4,"Run & Drive Verified","Pure Sale","[PREMIUM]",,"MCFARLAND","WI","53558","USA","USD","[PREMIUM]","[PREMIUM]","A040",false,"[PREMIUM]","LIMITED",false,false,"[PREMIUM]",,,,,,,,"[PREMIUM]"
"68040046","2026-09-16 23:10:17.115","2026-09-23 03:34:29.187","68040046","2026-09-17 14:44:38.000","[PREMIUM]","835","MEDIUM DUTY SPECIALTY SALE","2026-09-23","WEDNESDAY","1100","CDT","0","K",2014,"CHEVROLET","EXPRESS","EXPRESS G2500","EXTENDED CARGO VAN","WHITE","FRONT END",,"WI","BP","YES","D",221850,"N","[PREMIUM]",8388,"4.8L 8","REAR WHEEL DRIVE","AUTOMATIC","FLEXIBLE",8,"Run & Drive Verified","Pure Sale","[PREMIUM]",,"MCFARLAND","WI","53558","USA","USD","[PREMIUM]","[PREMIUM]","I070",false,"[PREMIUM]",,false,false,"[PREMIUM]",,,,,,,,"[PREMIUM]"
"67840206","2026-09-16 23:10:17.106","2026-09-22 02:48:48.760","67840206","2026-09-17 15:55:05.000","[PREMIUM]","308","WI - MADISON SOUTH","2026-09-22","TUESDAY","1200","CDT","0","V",2009,"TOYOTA","CAMRY","CAMRY","SEDAN","BLACK","FRONT END","SIDE","WI","BP","YES","D",218649,"E","[PREMIUM]",4933.42,"2.4L 4","FRONT WHEEL DRIVE","AUTOMATIC","GAS",4,"Run & Drive Verified","Pure Sale","[PREMIUM]",,"MCFARLAND","WI","53558","USA","USD","[PREMIUM]","[PREMIUM]","E020",false,"[PREMIUM]","LE",false,false,"[PREMIUM]",,,,,,,,"[PREMIUM]"
"67822146","2026-09-16 23:10:17.106","2026-09-22 02:48:48.761","67822146","2026-09-17 14:31:07.000","[PREMIUM]","308","WI - MADISON SOUTH","2026-09-22","TUESDAY","1200","CDT","0","V",2014,"FORD","ESCAPE","ESCAPE","4DR SPORT UTILITY","RED","REAR END",,"WI","BP","YES","D",109153,"A","[PREMIUM]",11273.29,"2.0L 4","4X4 W/FRONT WHL DRV","AUTOMATIC","GAS",4,"Run & Drive Verified","Pure Sale","[PREMIUM]",,"MCFARLAND","WI","53558","USA","USD","[PREMIUM]","[PREMIUM]","C060",false,"[PREMIUM]","SE",false,false,"[PREMIUM]",,,,,,,,"[PREMIUM]"
"67938916","2026-09-16 23:10:17.106","2026-09-22 02:48:48.768","67938916","2026-09-17 16:38:36.000","[PREMIUM]","308","WI - MADISON SOUTH","2026-09-22","TUESDAY","1200","CDT","0","V",2015,"HONDA","PILOT","PILOT","4DR SPORT UTILITY","BURGUNDY","FRONT END",,"WI","CT","YES","D",165037,"A","[PREMIUM]",2249.71,"3.5L 6","ALL WHEEL DRIVE","AUTOMATIC","GAS",6,"Run & Drive Verified","Pure Sale","[PREMIUM]",,"MCFARLAND","WI","53558","USA","USD","[PREMIUM]","[PREMIUM]","A060",false,"[PREMIUM]","EXLN",false,false,"[PREMIUM]",,,,,,,,"[PREMIUM]"
"67832456","2026-09-16 23:10:17.094","2026-09-22 02:48:48.768","67832456","2026-09-18 19:28:06.000","[PREMIUM]","308","WI - MADISON SOUTH","2026-09-22","TUESDAY","1200","CDT","0","V",2015,"HONDA","CRV","CR-V","4DR SPORT UTILITY","GRAY","REAR END",,"WI","CT","YES","D",215379,"A","[PREMIUM]",5656,"2.4L 4","ALL WHEEL DRIVE","AUTOMATIC","GAS",4,"Run & Drive Verified","On Minimum Bid","[PREMIUM]",,"MCFARLAND","WI","53558","USA","USD","[PREMIUM]","[PREMIUM]","C020",false,"[PREMIUM]","TOURING",false,false,"[PREMIUM]",,,,,,,,"[PREMIUM]"
"67835306","2026-09-16 23:10:17.088","2026-09-22 02:48:48.767","67835306","2026-09-17 19:57:40.000","[PREMIUM]","308","WI - MADISON SOUTH","2026-09-22","TUESDAY","1200","CDT","0","V",2017,"KIA","SEDONA","SEDONA","MINI-VAN","BLACK","FRONT END","SIDE","WI","CT","YES","D",113431,"A","[PREMIUM]",1990.33,"3.3L 6","FRONT WHEEL DRIVE","AUTOMATIC","GAS",6,"Run & Drive Verified","Pure Sale","[PREMIUM]",,"MCFARLAND","WI","53558","USA","USD","[PREMIUM]","[PREMIUM]","C060",false,"[PREMIUM]","EX",false,false,"[PREMIUM]",,,,,,,,"[PREMIUM]"
"67502266","2026-09-16 23:10:17.080","2026-09-22 02:48:48.088","67502266","2026-09-17 13:50:06.000","[PREMIUM]","308","WI - MADISON SOUTH","2026-09-22","TUESDAY","1200","CDT","0","V",2015,"KIA","OPTIMA","OPTIMA","SEDAN","BLACK","FRONT END","REAR END","WI","BP","YES","D",152805,"A","[PREMIUM]",9966.35,"2.4L 4","FRONT WHEEL DRIVE","AUTOMATIC","GAS",4,"Run & Drive Verified","Pure Sale","[PREMIUM]",,"MCFARLAND","WI","53558","USA","USD","[PREMIUM]","[PREMIUM]","E030",false,"[PREMIUM]","LX",false,false,"[PREMIUM]",,,,,,,,"[PREMIUM]"
"67221656","2026-09-16 23:10:16.579","2026-09-22 02:48:47.981","67221656","2026-09-17 14:30:35.000","[PREMIUM]","308","WI - MADISON SOUTH","2026-09-22","TUESDAY","1200","CDT","0","V",2010,"SUBARU","FORESTER","FORESTER","4DR SPORT UTILITY","BLUE","FRONT END","SIDE","WI","BP","YES","E",0,"E","[PREMIUM]",9255.05,"2.5L 4","ALL WHEEL DRIVE","AUTOMATIC","GAS",4,"DEFAULT","Pure Sale","[PREMIUM]",,"MCFARLAND","WI","53558","USA","USD","[PREMIUM]","[PREMIUM]","F050",false,"[PREMIUM]","2.5X PREMIUM",false,false,"[PREMIUM]",,,,,,,,"[PREMIUM]"
"66842256","2026-09-16 23:10:16.540","2026-09-22 02:48:47.831","66842256","2026-09-17 14:41:39.000","[PREMIUM]","308","WI - MADISON SOUTH","2026-09-22","TUESDAY","1200","CDT","0","V",2020,"FORD","EDGE","EDGE","SPORT UTILITY VEHICLE","SILVER","FRONT END","REAR END","WI","BP","YES","E",0,"N","[PREMIUM]",21039.78,"2.0L 4","ALL WHEEL DRIVE","AUTOMATIC","GAS",4,"DEFAULT","Pure Sale","[PREMIUM]",,"MCFARLAND","WI","53558","USA","USD","[PREMIUM]","[PREMIUM]","F050",false,"[PREMIUM]","SEL",false,false,"[PREMIUM]",,,,,,,,"[PREMIUM]"
"66103536","2026-09-16 23:10:16.247","2026-09-29 08:36:51.615","66103536","2026-09-22 19:19:52.000","[PREMIUM]","308","WI - MADISON SOUTH","2026-09-29","TUESDAY","1200","CDT","0","V",2017,"HYUNDAI","ACCENT","ACCENT","HATCHBACK","BLUE","FRONT END",,"MO","RS","YES","E",0,"N","[PREMIUM]",0,"1.6L 4","FRONT WHEEL DRIVE","AUTOMATIC","GAS",4,"DEFAULT","On Minimum Bid","[PREMIUM]",,"MCFARLAND","WI","53558","USA","USD","[PREMIUM]","[PREMIUM]","C020",true,"[PREMIUM]","SE",false,false,"[PREMIUM]",,,,,,,,"[PREMIUM]"
"65491516","2026-09-16 23:10:16.109","2026-09-22 02:48:47.223","65491516","2026-09-17 16:33:07.000","[PREMIUM]","308","WI - MADISON SOUTH","2026-09-22","TUESDAY","1200","CDT","0","V",2020,"HONDA","CIVIC","CIVIC","SEDAN","BLACK","SIDE",,"WI","SC","YES","D",78887,"A","[PREMIUM]",11789.63,"2.0L 4","FRONT WHEEL DRIVE","AUTOMATIC","GAS",4,"Run & Drive Verified","On Minimum Bid","[PREMIUM]",,"MCFARLAND","WI","53558","USA","USD","[PREMIUM]","[PREMIUM]","D060",false,"[PREMIUM]","LX",false,false,"[PREMIUM]",,,,,,,,"[PREMIUM]"
"65334486","2026-09-16 23:10:15.990","2026-09-22 02:48:47.084","65334486","2026-09-17 14:43:08.000","[PREMIUM]","308","WI - MADISON SOUTH","2026-09-22","TUESDAY","1200","CDT","0","V",2000,"HONDA","CIVIC","CIVIC","HATCHBACK 2DR","SILVER","REAR END","SIDE","WI","BP","YES","D",181885,"E","[PREMIUM]",10961.99,"1.6L 4","FRONT WHEEL DRIVE","AUTOMATIC","GAS",4,"Run & Drive Verified","Pure Sale","[PREMIUM]",,"MCFARLAND","WI","53558","USA","USD","[PREMIUM]","[PREMIUM]","C070",false,"[PREMIUM]","DX",false,false,"[PREMIUM]",,,,,,,,"[PREMIUM]"
"63872886","2026-09-16 23:10:15.701","2026-09-23 03:34:28.487","63872886","2026-09-17 14:30:06.000","[PREMIUM]","835","MEDIUM DUTY SPECIALTY SALE","2026-09-23","WEDNESDAY","1100","CDT","0","K",2020,"NISSAN","NV","NV","FULL-SIZE","WHITE","FRONT END",,"WI","BP","YES","S",147261,"A","[PREMIUM]",16231.27,"4.0L 6","REAR WHEEL DRIVE","AUTOMATIC","GAS",6,"Vehicle Starts","On Approval","[PREMIUM]",,"MCFARLAND","WI","53558","USA","USD","[PREMIUM]","[PREMIUM]","K070",false,"[PREMIUM]","1500 SV",false,false,"[PREMIUM]",,,,,,,,"[PREMIUM]"
"62892246","2026-09-16 23:10:15.581","2026-09-22 02:48:46.439","62892246","2026-09-17 18:53:10.000","[PREMIUM]","308","WI - MADISON SOUTH","2026-09-22","TUESDAY","1200","CDT","0","V",2023,"KIA","FORTE","FORTE","SEDAN","GRAY","FRONT END","SIDE","WI","SC","YES","D",45968,"A","[PREMIUM]",12922.12,"1.6L 4","FRONT WHEEL DRIVE","AUTOMATIC","GAS",4,"Run & Drive Verified","Pure Sale","[PREMIUM]",,"MCFARLAND","WI","53558","USA","USD","[PREMIUM]","[PREMIUM]","C060",false,"[PREMIUM]","GT",false,false,"[PREMIUM]",,,,,,,,"[PREMIUM]"
"63398886","2026-09-16 23:10:15.573","2026-09-22 02:48:46.615","63398886","2026-09-18 19:21:38.000","[PREMIUM]","308","WI - MADISON SOUTH","2026-09-22","TUESDAY","1200","CDT","0","V",2022,"BUICK","ENCORE","ENCORE GX","SPORT UTILITY VEHICLE","BLACK","FRONT END",,"WI","IC","YES","D",62218,"A","[PREMIUM]",11996.87,"1.3L 3","FRONT WHEEL DRIVE","AUTOMATIC","GAS",3,"Run & Drive Verified","On Minimum Bid","[PREMIUM]",,"MCFARLAND","WI","53558","USA","USD","[PREMIUM]","[PREMIUM]","A040",false,"[PREMIUM]","ESSENCE",false,false,"[PREMIUM]",,,,,,,,"[PREMIUM]"
"62849296","2026-09-16 23:10:15.560","2026-09-22 02:48:46.461","62849296","2026-09-17 15:55:05.000","[PREMIUM]","308","WI - MADISON SOUTH","2026-09-22","TUESDAY","1200","CDT","0","V",2012,"SUBARU","OUTBACK","OUTBACK","4DR SPORT UTILITY","MAROON","FRONT END","SIDE","WI","BP","YES","D",165245,"A","[PREMIUM]",4688.24,"2.5L 4","ALL WHEEL DRIVE","MANUAL","GAS",4,"Run & Drive Verified","Pure Sale","[PREMIUM]",,"MCFARLAND","WI","53558","USA","USD","[PREMIUM]","[PREMIUM]","C050",false,"[PREMIUM]","2.5I PREMIUM",false,false,"[PREMIUM]",,,,,,,,"[PREMIUM]"
"60765076","2026-09-16 23:10:15.339","2026-09-22 02:48:46.085","60765076","2026-09-21 13:38:29.000","[PREMIUM]","308","WI - MADISON SOUTH","2026-09-22","TUESDAY","1200","CDT","0","V",2019,"HONDA","FIT","FIT","HATCHBACK","SILVER","UNDERCARRIAGE",,"WI","CT","YES","D",34077,"A","[PREMIUM]",14407.68,"1.5L 4","FRONT WHEEL DRIVE","AUTOMATIC","GAS",4,"Run & Drive Verified","Pure Sale","[PREMIUM]",,"MCFARLAND","WI","53558","USA","USD","[PREMIUM]","[PREMIUM]","A010",false,"[PREMIUM]","EX",false,false,"[PREMIUM]",,,,,,,,"[PREMIUM]"
"61555276","2026-09-16 23:10:15.331","2026-09-16 23:10:15.331","61555276","2026-09-16 21:27:26.000","[PREMIUM]","308","WI - MADISON SOUTH",,,,"CDT","0","V",2017,"KIA","SPORTAGE","SPORTAGE","4DR SPORT UTILITY","BLACK","REAR END",,"WI","CT","YES","D",139098,"A","[PREMIUM]",3824.28,"2.4L 4","ALL WHEEL DRIVE","AUTOMATIC","GAS",4,"Run & Drive Verified","Pure Sale","[PREMIUM]",,"MCFARLAND","WI","53558","USA","USD","[PREMIUM]","[PREMIUM]","E060",false,"[PREMIUM]","EX",false,false,"[PREMIUM]",,,,,,,,"[PREMIUM]"
"56343685","2026-09-16 23:10:15.198","2026-09-22 02:48:45.949","56343685","2026-09-17 16:39:38.000","[PREMIUM]","308","WI - MADISON SOUTH","2026-09-22","TUESDAY","1200","CDT","0","V",2019,"CHEVROLET","ALL Models","SILVERADO",,"RED","FRONT END",,"WI","IC","YES","D",79422,"A","[PREMIUM]",20666.2,"5.3L  8","4x4 w/Rear Wheel Drv","AUTOMATIC","GAS",8,"Run & Drive Verified","Pure Sale","[PREMIUM]",,"MCFARLAND","WI","53558","USA","USD","[PREMIUM]","[PREMIUM]","E080",false,"[PREMIUM]","K1500 RST",false,false,"[PREMIUM]",,,,,,,,"[PREMIUM]"
"57992026","2026-09-16 23:10:15.195","2026-09-22 02:48:45.963","57992026","2026-09-21 16:31:03.000","[PREMIUM]","308","WI - MADISON SOUTH","2026-09-22","TUESDAY","1200","CDT","0","V",2026,"FORD","MAVERICK","MAVERICK","PICKUP","WHITE","HAIL",,"WI","IC","YES","D",2968,"A","[PREMIUM]",15859.94,"2.0L 4","FRONT WHEEL DRIVE","AUTOMATIC","GAS",4,"Run & Drive Verified","Pure Sale","[PREMIUM]",,"MCFARLAND","WI","53558","USA","USD","[PREMIUM]","[PREMIUM]","A010",false,"[PREMIUM]","XL",false,false,"[PREMIUM]",,,,,,,,"[PREMIUM]"
"46172016","2026-09-16 23:10:14.808","2026-09-24 03:35:08.352","46172016","2026-09-24 01:59:07.000","[PREMIUM]","841","CRASHEDTOYS POWERSPORT AUCTION","2026-09-24","THURSDAY","1200","CDT","4062","C",2021,"KAWASAKI","NINJA 600","ZX636","SPORT","GREEN","SIDE","FRONT END","WI","SC","NO","E",0,"N","[PREMIUM]",8048.96,"4",,"MANUAL","GAS",4,"DEFAULT","Pure Sale","[PREMIUM]",,"MCFARLAND","WI","53558","USA","USD","[PREMIUM]","[PREMIUM]","MC030",false,"[PREMIUM]","K",false,false,"[PREMIUM]",,,,,,,,"[PREMIUM]"
"67635956","2026-09-16 23:10:06.488","2026-09-29 08:36:38.723","67635956","2026-09-16 21:21:00.000","[PREMIUM]","295","ATLANTIC CANADA AUCTION",,,,"AKST","0","V",2007,"TOYOTA","COROLLA","COROLLA","SEDAN","SILVER","FRONT END","SIDE","NS","ST","YES","D",154008,"A","[PREMIUM]",7561.57,"1.8L 4","FRONT WHEEL DRIVE","AUTOMATIC","GAS",4,"Run & Drive Verified","Pure Sale","[PREMIUM]",,"ELMSDALE","NS","B2S 2L2","CAN","CAD","[PREMIUM]","[PREMIUM]","B070",false,"[PREMIUM]","CE",false,false,"[PREMIUM]",,,,,,,,"[PREMIUM]"
"69409016","2026-09-16 23:09:53.465","2026-09-16 23:09:53.465","69409016","2026-09-16 22:15:37.000","[PREMIUM]","204","AB - EDMONTON","2026-09-17","THURSDAY","1200","MDT","0","V",2014,"CHEVROLET","SILVERADO","SILVERADO","CREW PICKUP","BLUE","SIDE","FRONT END","AB","BS","YES","D",321954,"N","[PREMIUM]",0,"5.3L 8","4X4 W/REAR WHEEL DRV","AUTOMATIC","GAS",8,"Run & Drive Verified","On Minimum Bid","[PREMIUM]",,"NISKU","AB","T9E 8L1","CAN","CAD","[PREMIUM]","[PREMIUM]","C010",false,"[PREMIUM]","K1500 LT",false,false,"[PREMIUM]",,,,,,,,"[PREMIUM]"
"69409656","2026-09-16 23:09:53.459","2026-09-16 23:09:53.459","69409656","2026-09-16 22:06:31.000","[PREMIUM]","204","AB - EDMONTON","2026-09-17","THURSDAY","1200","MDT","0","V",2008,"TOYOTA","CAMRY","CAMRY","SEDAN","RED","FRONT END","REAR END","AB","BS","YES","D",308276,"E","[PREMIUM]",0,"3.5L 6","FRONT WHEEL DRIVE","AUTOMATIC","GAS",6,"Run & Drive Verified","On Minimum Bid","[PREMIUM]","True mileage unknown. ","NISKU","AB","T9E 8L1","CAN","CAD","[PREMIUM]","[PREMIUM]","F020",false,"[PREMIUM]","LE V6",false,false,"[PREMIUM]",,,,,,,,"[PREMIUM]"
"69507336","2026-09-16 23:09:53.448","2026-09-16 23:09:53.448","69507336","2026-09-16 22:15:38.000","[PREMIUM]","204","AB - EDMONTON","2026-09-17","THURSDAY","1200","MDT","0","V",2019,"NISSAN","MAXIMA","MAXIMA","SEDAN","WHITE","WATER/FLOOD","FRONT END","AB","BR","NO","E",247607,"A","[PREMIUM]",0,"3.5L 6","FRONT WHEEL DRIVE","AUTOMATIC","GAS",6,"DEFAULT","On Approval","[PREMIUM]","Rear damage","NISKU","AB","T9E 8L1","CAN","CAD","[PREMIUM]","[PREMIUM]","F020",false,"[PREMIUM]","3.5 S",false,false,"[PREMIUM]",,,,,,,,"[PREMIUM]"
"69165596","2026-09-16 23:09:53.338","2026-09-24 03:34:44.114","69165596","2026-09-16 21:30:24.000","[PREMIUM]","204","AB - EDMONTON","2026-09-24","THURSDAY","1200","MDT","0","V",2011,"TOYOTA","SIENNA","SIENNA","MINI-VAN","SILVER","REAR END","SIDE","AB","BV","YES","D",224741,"N","[PREMIUM]",15233.99,"3.5L 6","FRONT WHEEL DRIVE","AUTOMATIC","GAS                           ",6,"Run & Drive Verified","Pure Sale","[PREMIUM]","True mileage unknown. ","NISKU","AB","T9E 8L1","CAN","CAD","[PREMIUM]","[PREMIUM]","H040",false,"[PREMIUM]","XLE 8-PASSENGER",false,false,"[PREMIUM]",,,,,,,,"[PREMIUM]"
"69032296","2026-09-16 23:09:53.326","2026-09-29 05:17:18.360","69032296","2026-09-26 02:45:34.000","[PREMIUM]","204","AB - EDMONTON","2026-10-01","THURSDAY","1200","MDT","0","V",2011,"BMW","3 SERIES","323","SEDAN 4DR","BLACK","MECHANICAL","MINOR DENT/SCRATCHES","AB","BS","YES","D",264207,"N","[PREMIUM]",0,"2.5L 6","REAR WHEEL DRIVE","AUTOMATIC","GAS                           ",6,"Run & Drive Verified","On Minimum Bid","[PREMIUM]","True mileage unknown. ","NISKU","AB","T9E 8L1","CAN","CAD","[PREMIUM]","[PREMIUM]","A020",true,"[PREMIUM]","I",false,false,"[PREMIUM]",,,,,,,,"[PREMIUM]"
"69039046","2026-09-16 23:09:53.303","2026-09-23 21:32:46.193","69039046","2026-09-18 18:41:14.000","[PREMIUM]","204","AB - EDMONTON","2026-09-24","THURSDAY","1200","MDT","0","R",1996,"FORD","ECONOLINE","ECONOLINE","MOTORIZED HOME","BEIGE","TOP/ROOF","SIDE","AB","BS","YES","D",95108,"E","[PREMIUM]",0,"7.5L 8","REAR WHEEL DRIVE","AUTOMATIC","GAS",8,"Run & Drive Verified","On Minimum Bid","[PREMIUM]","True mileage unknown. ","NISKU","AB","T9E 8L1","CAN","CAD","[PREMIUM]","[PREMIUM]","HV001",true,"[PREMIUM]","E350 CUTAWAY VAN",false,false,"[PREMIUM]",,,,,,,,"[PREMIUM]"
"68897736","2026-09-16 23:09:53.216","2026-09-29 05:17:18.360","68897736","2026-09-25 02:45:24.000","[PREMIUM]","292","WHOLESALE AUCTION CANADA","2026-09-30","WEDNESDAY","1300","EDT","0","V",2012,"FORD","FIESTA","FIESTA","SEDAN 4DR","BLUE","MINOR DENT/SCRATCHES","NORMAL WEAR","AB","BS","YES","D",108045,"N","[PREMIUM]",0,"1.6L 4","FRONT WHEEL DRIVE","AUTOMATIC","GAS",4,"Run & Drive Verified","On Approval","[PREMIUM]","True mileage unknown. ","NISKU","AB","T9E 8L1","CAN","CAD","[PREMIUM]","[PREMIUM]","A010",false,"[PREMIUM]","SE",false,false,"[PREMIUM]",,,,,,,,"[PREMIUM]"
"68874396","2026-09-16 23:09:53.214","2026-09-24 03:34:43.917","68874396","2026-09-21 01:40:41.000","[PREMIUM]","204","AB - EDMONTON","2026-09-24","THURSDAY","1200","MDT","0","V",2014,"GMC","TERRAIN","TERRAIN","4DR SPORT UTILITY","BLUE","SIDE","REAR END","AB","BV","YES","D",216650,"N","[PREMIUM]",7433.02,"2.4L 4","ALL WHEEL DRIVE","AUTOMATIC","FLEXIBLE                      ",4,"Run & Drive Verified","Pure Sale","[PREMIUM]",,"NISKU","AB","T9E 8L1","CAN","CAD","[PREMIUM]","[PREMIUM]","H040",false,"[PREMIUM]","SLE",false,false,"[PREMIUM]",,,,,,,,"[PREMIUM]"
"68347946","2026-09-16 23:09:53.072","2026-09-24 03:34:43.530","68347946","2026-09-16 20:56:25.000","[PREMIUM]","204","AB - EDMONTON","2026-09-24","THURSDAY","1200","MDT","0","V",2005,"TOYOTA","SIENNA","SIENNA","SPORTS VAN","BLUE","FRONT END","REAR END","AB","BV","YES","D",311213,"E","[PREMIUM]",3648.83,"3.3L 6","FRONT WHEEL DRIVE","AUTOMATIC","GAS",6,"Run & Drive Verified","Pure Sale","[PREMIUM]","Side damage Minor dents & Scratches True mileage unknown. ","NISKU","AB","T9E 8L1","CAN","CAD","[PREMIUM]","[PREMIUM]","G050",false,"[PREMIUM]","LE",false,false,"[PREMIUM]",,,,,,,,"[PREMIUM]"
"68212376","2026-09-16 23:09:52.908","2026-09-24 03:34:43.514","68212376","2026-09-16 21:36:59.000","[PREMIUM]","204","AB - EDMONTON","2026-09-24","THURSDAY","1200","MDT","0","V",2010,"TOYOTA","COROLLA","COROLLA","SEDAN","GRAY","FRONT END","REAR END","AB","BV","YES","D",266531,"E","[PREMIUM]",5789.56,"1.8L 4","FRONT WHEEL DRIVE","AUTOMATIC","GAS                           ",4,"Run & Drive Verified","Pure Sale","[PREMIUM]","Side damage True mileage unknown. ","NISKU","AB","T9E 8L1","CAN","CAD","[PREMIUM]","[PREMIUM]","H010",false,"[PREMIUM]","BASE",false,false,"[PREMIUM]",,,,,,,,"[PREMIUM]"
"67812876","2026-09-16 23:09:52.542","2026-09-24 03:34:43.108","67812876","2026-09-16 22:02:27.000","[PREMIUM]","204","AB - EDMONTON","2026-09-24","THURSDAY","1200","MDT","0","V",2017,"HONDA","CRV","CR-V","SPORT UTILITY VEHICLE","PURPLE","FRONT END","SIDE","AB","BV","NO","E",1,"N","[PREMIUM]",21308.48,"1.5L 4","ALL WHEEL DRIVE","AUTOMATIC","GAS",4,"DEFAULT","Pure Sale","[PREMIUM]","Vehicle located at affiliate yard in Clairmont Alberta. True mileage unknown. ","NISKU","AB","T9E 8L1","CAN","CAD","[PREMIUM]","[PREMIUM]","CURRY",false,"[PREMIUM]","TOURING",false,false,"[PREMIUM]",,,,,,,,"[PREMIUM]"
"67802236","2026-09-16 23:09:52.512","2026-09-29 05:17:17.819","67802236","2026-09-26 02:45:33.000","[PREMIUM]","204","AB - EDMONTON","2026-10-01","THURSDAY","1200","MDT","0","V",2026,"HONDA","CIVIC","CIVIC","SEDAN","BLACK","SIDE","REAR END","AB","BV","YES","E",33309,"N","[PREMIUM]",33670,"2.0L 4","FRONT WHEEL DRIVE","AUTOMATIC","ELECTRIC AND GAS HYBRID       ",4,"DEFAULT","On Minimum Bid","[PREMIUM]",,"NISKU","AB","T9E 8L1","CAN","CAD","[PREMIUM]","[PREMIUM]","H020",false,"[PREMIUM]","SPORT",false,false,"[PREMIUM]",,,,,,,,"[PREMIUM]"
"67756206","2026-09-16 23:09:52.510","2026-09-24 03:34:43.099","67756206","2026-09-16 21:34:15.000","[PREMIUM]","204","AB - EDMONTON","2026-09-24","THURSDAY","1200","MDT","0","V",2008,"NISSAN","SENTRA","SENTRA","SEDAN","BLUE","FRONT END","MINOR DENT/SCRATCHES","AB","BV","YES","D",267410,"E","[PREMIUM]",3281.54,"2.0L 4","FRONT WHEEL DRIVE","AUTOMATIC","GAS",4,"Run & Drive Verified","Pure Sale","[PREMIUM]","True mileage unknown. ","NISKU","AB","T9E 8L1","CAN","CAD","[PREMIUM]","[PREMIUM]","H010",false,"[PREMIUM]","2.0",false,false,"[PREMIUM]",,,,,,,,"[PREMIUM]"
"66361556","2026-09-16 23:09:51.699","2026-09-24 03:34:42.240","66361556","2026-09-23 20:59:30.000","[PREMIUM]","204","AB - EDMONTON","2026-09-24","THURSDAY","1200","MDT","0","V",2018,"FORD","EDGE","EDGE","SPORT UTILITY VEHICLE","BLUE","HAIL","FRONT END","AB","BS","YES","D",148573,"N","[PREMIUM]",17957,"2.0L 4","ALL WHEEL DRIVE","AUTOMATIC","GAS",4,"Run & Drive Verified","On Minimum Bid","[PREMIUM]",,"NISKU","AB","T9E 8L1","CAN","CAD","[PREMIUM]","[PREMIUM]","G030",false,"[PREMIUM]","TITANIUM",false,false,"[PREMIUM]",,,,,,,,"[PREMIUM]"
"59406266","2026-09-16 23:09:50.094","2026-09-29 08:36:21.039","59406266","2026-09-24 23:33:05.000","[PREMIUM]","204","AB - EDMONTON","2026-10-01","THURSDAY","1200","MDT","0","V",2007,"LEXUS","ES350","ES","SEDAN 4DR","SILVER","SIDE","TOP/ROOF","AB","BV","YES","D",179661,"E","[PREMIUM]",9766.59,"3.5L 6","FRONT WHEEL DRIVE","AUTOMATIC","GAS",6,"Run & Drive Verified","Pure Sale","[PREMIUM]","Front Undercarriage & Rear damage True mileage unknown. ","NISKU","AB","T9E 8L1","CAN","CAD","[PREMIUM]","[PREMIUM]","PREV",false,"[PREMIUM]","350",false,false,"[PREMIUM]",,,,,,,,"[PREMIUM]"
"47319626","2026-09-16 23:09:49.733","2026-09-24 03:34:40.199","47319626","2026-09-18 15:28:38.000","[PREMIUM]","204","AB - EDMONTON","2026-09-24","THURSDAY","1200","MDT","0","V",2018,"RAM","1500","1500","PICKUP","WHITE","FRONT END","SIDE","AB","BV","YES","D",140616,"N","[PREMIUM]",15719,"5.7L 8","4X4 W/REAR WHEEL DRV","AUTOMATIC","GAS",8,"Run & Drive Verified","On Minimum Bid","[PREMIUM]",,"NISKU","AB","T9E 8L1","CAN","CAD","[PREMIUM]","[PREMIUM]","C040",false,"[PREMIUM]","SPORT",false,false,"[PREMIUM]",,,,,,,,"[PREMIUM]"
"69341876","2026-09-16 23:09:49.681","2026-09-22 02:48:11.977","69341876","2026-09-16 21:22:18.000","[PREMIUM]","203","AB - CALGARY","2026-09-22","TUESDAY","1200","MDT","0","V",2007,"TOYOTA","CAMRY LE V","CAMRY","SEDAN","GRAY","REAR END","HAIL","AB","BV","YES","D",510959,"E","[PREMIUM]",6315.54,"3.5L 6","FRONT WHEEL DRIVE","AUTOMATIC","GAS                           ",6,"Run & Drive Verified","Pure Sale","[PREMIUM]",,"ROCKY VIEW COUNTY","AB","T1X 0K2","CAN","CAD","[PREMIUM]","[PREMIUM]","D060",false,"[PREMIUM]","LE V6",false,false,"[PREMIUM]",,,,,,,,"[PREMIUM]"
"68953226","2026-09-16 23:09:49.581","2026-09-22 02:48:11.822","68953226","2026-09-17 16:40:24.000","[PREMIUM]","203","AB - CALGARY","2026-09-22","TUESDAY","1200","MDT","0","V",2019,"MERCEDES-BENZ","GLC-CLASS","GLC","SPORT UTILITY VEHICLE","SILVER","HAIL","REAR END","AB","BS","YES","D",143744,"N","[PREMIUM]",15415.11,"2.0L 4","ALL WHEEL DRIVE","AUTOMATIC","GAS                           ",4,"Run & Drive Verified","Pure Sale","[PREMIUM]","Mechanical damage","ROCKY VIEW COUNTY","AB","T1X 0K2","CAN","CAD","[PREMIUM]","[PREMIUM]","E090",false,"[PREMIUM]","300 4MATIC",false,false,"[PREMIUM]",,,,,,,,"[PREMIUM]"
"68161586","2026-09-16 23:09:49.308","2026-09-22 02:48:11.203","68161586","2026-09-16 21:37:29.000","[PREMIUM]","203","AB - CALGARY","2026-09-22","TUESDAY","1200","MDT","0","V",2007,"TOYOTA","COROLLA","COROLLA","SEDAN","GRAY","FRONT END","HAIL","AB","BV","YES","D",299999,"E","[PREMIUM]",4016.66,"1.8L 4","FRONT WHEEL DRIVE","AUTOMATIC","GAS",4,"Run & Drive Verified","Pure Sale","[PREMIUM]","Undercarriage damage.","ROCKY VIEW COUNTY","AB","T1X 0K2","CAN","CAD","[PREMIUM]","[PREMIUM]","E050",false,"[PREMIUM]","CE",false,false,"[PREMIUM]",,,,,,,,"[PREMIUM]"
"68281476","2026-09-16 23:09:49.271","2026-09-22 02:48:11.367","68281476","2026-09-17 16:39:28.000","[PREMIUM]","203","AB - CALGARY","2026-09-22","TUESDAY","1200","MDT","0","V",2019,"BUICK","ENCLAVE","ENCLAVE","SPORT UTILITY VEHICLE","SILVER","FRONT END","UNDERCARRIAGE","AB","BS","YES","D",137962,"N","[PREMIUM]",0,"3.6L 6","ALL WHEEL DRIVE","AUTOMATIC","GAS",6,"Run & Drive Verified","On Minimum Bid","[PREMIUM]","Side damage","ROCKY VIEW COUNTY","AB","T1X 0K2","CAN","CAD","[PREMIUM]","[PREMIUM]","E090",false,"[PREMIUM]","AVENIR",false,false,"[PREMIUM]",,,,,,,,"[PREMIUM]"
"68052616","2026-09-16 23:09:49.143","2026-09-22 02:48:11.045","68052616","2026-09-17 16:35:28.000","[PREMIUM]","203","AB - CALGARY","2026-09-22","TUESDAY","1200","MDT","0","V",2007,"TOYOTA","RAV4","RAV4","SUV","GRAY","TOP/ROOF","FRONT END","AB","BV","YES","D",327715,"E","[PREMIUM]",6730.99,"3.5L 6","FOUR BY FOUR","AUTOMATIC","GAS",6,"Run & Drive Verified","Pure Sale","[PREMIUM]","Side and rear damage","ROCKY VIEW COUNTY","AB","T1X 0K2","CAN","CAD","[PREMIUM]","[PREMIUM]","D090",false,"[PREMIUM]","SPORT",false,false,"[PREMIUM]",,,,,,,,"[PREMIUM]"
"67708646","2026-09-16 23:09:49.020","2026-09-22 02:48:10.887","67708646","2026-09-16 21:16:20.000","[PREMIUM]","203","AB - CALGARY","2026-09-22","TUESDAY","1200","MDT","0","V",2006,"HONDA","CIVIC","CIVIC","SEDAN 4DR","BLUE","HAIL","REAR END","AB","BS","YES","D",351769,"E","[PREMIUM]",3230.75,"1.8L 4","FRONT WHEEL DRIVE","AUTOMATIC","GAS",4,"Run & Drive Verified","Pure Sale","[PREMIUM]","Front undercarriage and side damage","ROCKY VIEW COUNTY","AB","T1X 0K2","CAN","CAD","[PREMIUM]","[PREMIUM]","J060",false,"[PREMIUM]","DX VP",false,false,"[PREMIUM]",,,,,,,,"[PREMIUM]"
"67534766","2026-09-16 23:09:49.013","2026-09-22 02:48:10.863","67534766","2026-09-16 21:12:04.000","[PREMIUM]","203","AB - CALGARY","2026-09-22","TUESDAY","1200","MDT","0","V",2015,"HONDA","ACCORD","ACCORD","SEDAN 4DR","GRAY","REAR END","MINOR DENT/SCRATCHES","AB","BV","YES","D",216153,"N","[PREMIUM]",11197.25,"2.4L 4","FRONT WHEEL DRIVE","AUTOMATIC","GAS",4,"Run & Drive Verified","Pure Sale","[PREMIUM]",,"ROCKY VIEW COUNTY","AB","T1X 0K2","CAN","CAD","[PREMIUM]","[PREMIUM]","D090",false,"[PREMIUM]","EXL",false,false,"[PREMIUM]",,,,,,,,"[PREMIUM]"
"67507346","2026-09-16 23:09:48.891","2026-09-22 02:48:10.741","67507346","2026-09-16 21:12:22.000","[PREMIUM]","203","AB - CALGARY","2026-09-22","TUESDAY","1200","MDT","0","V",2013,"LAND ROVER","RANGEROVER","RANGE ROVER SPORT","4DR SPORT UTILITY","RED","BURN","REAR END","AB","BR","YES","E",0,"N","[PREMIUM]",13751,"5.0L 8","4X4 W/REAR WHEEL DRV","AUTOMATIC","GAS",8,"DEFAULT","Pure Sale","[PREMIUM]",,"ROCKY VIEW COUNTY","AB","T1X 0K2","CAN","CAD","[PREMIUM]","[PREMIUM]","B040",false,"[PREMIUM]","SC",false,false,"[PREMIUM]",,,,,,,,"[PREMIUM]"
"66708686","2026-09-16 23:09:48.706","2026-09-22 02:48:10.282","66708686","2026-09-16 21:31:37.000","[PREMIUM]","203","AB - CALGARY","2026-09-22","TUESDAY","1200","MDT","0","V",2016,"HONDA","CIVIC","CIVIC","SEDAN 4DR","BLACK","REAR END","SIDE","AB","BV","YES","D",187422,"N","[PREMIUM]",4638,"2.0L 4","FRONT WHEEL DRIVE","AUTOMATIC","GAS",4,"Run & Drive Verified","Pure Sale","[PREMIUM]",,"ROCKY VIEW COUNTY","AB","T1X 0K2","CAN","CAD","[PREMIUM]","[PREMIUM]","J100",false,"[PREMIUM]","LX",false,false,"[PREMIUM]",,,,,,,,"[PREMIUM]"
"66923096","2026-09-16 23:09:48.675","2026-09-22 02:48:10.428","66923096","2026-09-16 21:28:59.000","[PREMIUM]","203","AB - CALGARY","2026-09-22","TUESDAY","1200","MDT","0","V",2013,"HONDA","CIVIC","CIVIC","SEDAN 4DR","BROWN","FRAME DAMAGE","FRONT END","AB","BV","YES","D",201952,"N","[PREMIUM]",9120.2,"1.8L 4","FRONT WHEEL DRIVE","AUTOMATIC","GAS",4,"Run & Drive Verified","Pure Sale","[PREMIUM]",,"ROCKY VIEW COUNTY","AB","T1X 0K2","CAN","CAD","[PREMIUM]","[PREMIUM]","L080",false,"[PREMIUM]","LX",false,false,"[PREMIUM]",,,,,,,,"[PREMIUM]"
"66517756","2026-09-16 23:09:48.551","2026-09-22 02:48:10.120","66517756","2026-09-16 21:23:03.000","[PREMIUM]","203","AB - CALGARY","2026-09-22","TUESDAY","1200","MDT","0","V",2011,"MITSUBISHI","OUTLANDER","RVR","4DR SPORT UTILITY","RED","SIDE","TOP/ROOF","AB","BV","YES","D",245019,"N","[PREMIUM]",17317.09,"2.0L 4","ALL WHEEL DRIVE","AUTOMATIC","GAS",4,"Run & Drive Verified","Pure Sale","[PREMIUM]",,"ROCKY VIEW COUNTY","AB","T1X 0K2","CAN","CAD","[PREMIUM]","[PREMIUM]","F060",false,"[PREMIUM]","SE",false,false,"[PREMIUM]",,,,,,,,"[PREMIUM]"
"66389786","2026-09-16 23:09:48.514","2026-09-22 02:48:09.952","66389786","2026-09-17 17:26:19.000","[PREMIUM]","203","AB - CALGARY","2026-09-22","TUESDAY","1200","MDT","0","V",2025,"LEXUS","NX","NX 350H","WAGON","WHITE","REAR END","UNDERCARRIAGE","AB","BV","YES","D",23263,"A","[PREMIUM]",40794,"2.5L 4","ALL WHEEL DRIVE","AUTOMATIC","ELECTRIC AND GAS HYBRID",4,"Run & Drive Verified","On Minimum Bid","[PREMIUM]","Mechanical & exhaust damage.","ROCKY VIEW COUNTY","AB","T1X 0K2","CAN","CAD","[PREMIUM]","[PREMIUM]","L060",false,"[PREMIUM]","PREMIUM",false,false,"[PREMIUM]",,,,,,,,"[PREMIUM]"
"66038666","2026-09-16 23:09:48.409","2026-09-22 02:48:09.800","66038666","2026-09-16 21:44:47.000","[PREMIUM]","203","AB - CALGARY","2026-09-22","TUESDAY","1200","MDT","0","V",1994,"FORD","RANGER","RANGER","CLUB CAB PICKUP","GREEN","ALL OVER","SIDE","AB","BR","NO","E",7761233,"E","[PREMIUM]",13224.75,"4.0L 6","4X4 W/REAR WHEEL DRV","AUTOMATIC","GAS",6,"DEFAULT","Pure Sale","[PREMIUM]",,"ROCKY VIEW COUNTY","AB","T1X 0K2","CAN","CAD","[PREMIUM]","[PREMIUM]","B070",false,"[PREMIUM]","SUPER CAB",false,false,"[PREMIUM]",,,,,,,,"[PREMIUM]"
"60224346","2026-09-16 23:09:47.824","2026-09-22 02:48:08.276","60224346","2026-09-16 22:10:56.000","[PREMIUM]","203","AB - CALGARY","2026-09-22","TUESDAY","1200","MDT","0","V",2020,"CHEVROLET","EQUINOX","EQUINOX","SPORT UTILITY VEHICLE","CHARCOAL","FRONT END","REAR END","AB","BV","YES","D",97874,"N","[PREMIUM]",13115.1,"1.5L 4","ALL WHEEL DRIVE","AUTOMATIC","GAS",4,"Run & Drive Verified","Pure Sale","[PREMIUM]","Side hail and mechanical damage","ROCKY VIEW COUNTY","AB","T1X 0K2","CAN","CAD","[PREMIUM]","[PREMIUM]","G080",false,"[PREMIUM]","LT",false,false,"[PREMIUM]",,,,,,,,"[PREMIUM]"
"55452616","2026-09-16 23:09:47.790","2026-09-22 02:48:08.078","55452616","2026-09-16 21:46:49.000","[PREMIUM]","203","AB - CALGARY","2026-09-22","TUESDAY","1200","MDT","0","V",2018,"MERCEDES-BENZ","CLA-CLASS","CLA","SEDAN","WHITE","FRONT END","SIDE","AB","BV","YES","D",107927,"N","[PREMIUM]",21779.62,"2.0L 4","ALL WHEEL DRIVE","AUTOMATIC","GAS",4,"Run & Drive Verified","Pure Sale","[PREMIUM]",,"ROCKY VIEW COUNTY","AB","T1X 0K2","CAN","CAD","[PREMIUM]","[PREMIUM]","D010",false,"[PREMIUM]","250 4MATIC",false,false,"[PREMIUM]",,,,,,,,"[PREMIUM]"
"68929106","2026-09-16 23:09:47.469","2026-09-29 08:36:15.234","68929106","2026-09-23 22:03:07.000","[PREMIUM]","292","WHOLESALE AUCTION CANADA","2026-09-30","WEDNESDAY","1300","EDT","0","V",2006,"TOYOTA","TUNDRA","TUNDRA","CREW PICKUP","BLACK","MINOR DENT/SCRATCHES","REAR END","ON","NU","YES","D",572662,"A","[PREMIUM]",0,"4.7L 8","4X4 W/REAR WHEEL DRV","AUTOMATIC","GAS",8,"Run & Drive Verified","On Minimum Bid","[PREMIUM]","Rust ","LONDON","ON","N5W 6C8","CAN","CAD","[PREMIUM]","[PREMIUM]","SA002",false,"[PREMIUM]","DOUBLE CAB LIMITED",false,false,"[PREMIUM]",,,,,,,,"[PREMIUM]"
"68998386","2026-09-16 23:09:47.454","2026-09-24 03:34:36.557","68998386","2026-09-22 17:55:09.000","[PREMIUM]","294","ONTARIO AUCTION","2026-09-24","THURSDAY","1000","EDT","0","V",2015,"HYUNDAI","ELANTRA","ELANTRA","SEDAN","BLACK","MECHANICAL",,"ON","NU","YES","S",278263,"A","[PREMIUM]",0,"2.0L 4","FRONT WHEEL DRIVE","AUTOMATIC","GAS                           ",4,"Vehicle Starts","On Minimum Bid","[PREMIUM]",,"LONDON","ON","N5W 6C8","CAN","CAD","[PREMIUM]","[PREMIUM]","B020",false,"[PREMIUM]","SPORT",false,false,"[PREMIUM]",,,,,,,,"[PREMIUM]"
"68860166","2026-09-16 23:09:47.450","2026-09-27 05:15:03.558","68860166","2026-09-26 02:45:18.000","[PREMIUM]","294","ONTARIO AUCTION","2026-10-01","THURSDAY","1000","EDT","0","V",2018,"FORD","ECOSPORT","ECOSPORT","SPORT UTILITY VEHICLE","GRAY","MECHANICAL","FRONT END","ON","NU","YES","E",72492,"A","[PREMIUM]",0,"1.0L 3","FRONT WHEEL DRIVE","AUTOMATIC","GAS                           ",3,"DEFAULT","On Minimum Bid","[PREMIUM]","Side damage ","LONDON","ON","N5W 6C8","CAN","CAD","[PREMIUM]","[PREMIUM]","A070",true,"[PREMIUM]","SE",false,false,"[PREMIUM]",,,,,,,,"[PREMIUM]"
"68775836","2026-09-16 23:09:47.432","2026-09-24 03:34:36.228","68775836","2026-09-23 14:39:35.000","[PREMIUM]","294","ONTARIO AUCTION","2026-09-24","THURSDAY","1000","EDT","0","V",2018,"CHEVROLET","COLORADO","COLORADO","PICKUP","BLACK","FRONT END",,"ON","NU","YES","D",208559,"A","[PREMIUM]",8320.83,"2.5L 4","REAR WHEEL DRIVE","AUTOMATIC","GAS",4,"Run & Drive Verified","Pure Sale","[PREMIUM]",,"LONDON","ON","N5W 6C8","CAN","CAD","[PREMIUM]","[PREMIUM]","HVY",false,"[PREMIUM]",,false,false,"[PREMIUM]",,,,,,,,"[PREMIUM]"
"68570396","2026-09-16 23:09:47.356","2026-09-24 03:34:36.114","68570396","2026-09-23 14:39:34.000","[PREMIUM]","294","ONTARIO AUCTION","2026-09-24","THURSDAY","1000","EDT","0","V",2016,"TOYOTA","IM","SCION IM","HATCHBACK","WHITE","FRONT END","SIDE","ON","NU","YES","D",61070,"A","[PREMIUM]",17877.96,"1.8L 4","FRONT WHEEL DRIVE","AUTOMATIC","GAS",4,"Run & Drive Verified","Pure Sale","[PREMIUM]",,"LONDON","ON","N5W 6C8","CAN","CAD","[PREMIUM]","[PREMIUM]","A060",false,"[PREMIUM]","BASE",false,false,"[PREMIUM]",,,,,,,,"[PREMIUM]"
"68660006","2026-09-16 23:09:47.321","2026-09-24 03:34:36.104","68660006","2026-09-23 21:44:30.000","[PREMIUM]","294","ONTARIO AUCTION","2026-09-24","THURSDAY","1000","EDT","0","V",2016,"HONDA","CIVIC","CIVIC","SEDAN 4DR","WHITE","FRONT END","SIDE","ON","ST","YES","D",183945,"A","[PREMIUM]",12149.27,"1.5L 4","FRONT WHEEL DRIVE","AUTOMATIC","GAS",4,"Run & Drive Verified","Pure Sale","[PREMIUM]","Possible mechanical damage","LONDON","ON","N5W 6C8","CAN","CAD","[PREMIUM]","[PREMIUM]","D060",false,"[PREMIUM]","TOURING",false,false,"[PREMIUM]",,,,,,,,"[PREMIUM]"
"68681536","2026-09-16 23:09:47.318","2026-09-29 08:36:14.940","68681536","2026-09-23 22:00:05.000","[PREMIUM]","292","WHOLESALE AUCTION CANADA","2026-09-30","WEDNESDAY","1300","EDT","0","V",2015,"CHEVROLET","CRUZE","CRUZE","SEDAN 4DR","SILVER","MINOR DENT/SCRATCHES",,"ON","NU","YES","D",237481,"A","[PREMIUM]",0,"1.4L 4","FRONT WHEEL DRIVE","AUTOMATIC","GAS",4,"Run & Drive Verified","On Minimum Bid","[PREMIUM]","Rust Possible mechanical damage Leaks coolant from turbo hose.","LONDON","ON","N5W 6C8","CAN","CAD","[PREMIUM]","[PREMIUM]","A050",false,"[PREMIUM]","LT",false,false,"[PREMIUM]",,,,,,,,"[PREMIUM]"
"68496926","2026-09-16 23:09:47.317","2026-09-24 03:34:35.951","68496926","2026-09-23 14:39:33.000","[PREMIUM]","294","ONTARIO AUCTION","2026-09-24","THURSDAY","1000","EDT","0","V",2013,"HONDA","CIVIC","CIVIC","SEDAN 4DR","BLACK","UNDERCARRIAGE","FRONT END","ON","ST","YES","E",0,"N","[PREMIUM]",22478.37,"1.8L 4","FRONT WHEEL DRIVE","AUTOMATIC","GAS",4,"DEFAULT","Pure Sale","[PREMIUM]",,"LONDON","ON","N5W 6C8","CAN","CAD","[PREMIUM]","[PREMIUM]","A020",false,"[PREMIUM]","LX",false,false,"[PREMIUM]",,,,,,,,"[PREMIUM]"
"68673076","2026-09-16 23:09:47.307","2026-09-24 03:34:36.085","68673076","2026-09-22 17:47:08.000","[PREMIUM]","294","ONTARIO AUCTION","2026-09-24","THURSDAY","1000","EDT","0","V",2014,"JEEP","WRANGLER","WRANGLER UNLIMITED","4DR SPORT UTILITY","BLACK","MECHANICAL",,"ON","NU","YES","D",280648,"A","[PREMIUM]",0,"3.6L 6","4X4 W/REAR WHEEL DRV","MANUAL","FLEXIBLE",6,"Run & Drive Verified","On Minimum Bid","[PREMIUM]",,"LONDON","ON","N5W 6C8","CAN","CAD","[PREMIUM]","[PREMIUM]","E130",false,"[PREMIUM]","SAHARA",false,false,"[PREMIUM]",,,,,,,,"[PREMIUM]"
"68701416","2026-09-16 23:09:47.303","2026-09-29 05:17:10.180","68701416","2026-09-28 14:50:59.000","[PREMIUM]","294","ONTARIO AUCTION","2026-09-29","TUESDAY","1000","EDT","0","V",2015,"NISSAN","PATHFINDER","PATHFINDER","SUV","BLUE","UNDERCARRIAGE","FRONT END","ON","NU","YES","E",0,"N","[PREMIUM]",0,"3.5L 6","FOUR BY FOUR","AUTOMATIC","GAS                           ",6,"DEFAULT","On Minimum Bid","[PREMIUM]","Biohazard Side and rear damage ","LONDON","ON","N5W 6C8","CAN","CAD","[PREMIUM]","[PREMIUM]","D010",true,"[PREMIUM]","S",false,false,"[PREMIUM]",,,,,,,,"[PREMIUM]"
"68562586","2026-09-16 23:09:47.301","2026-09-24 03:34:36.095","68562586","2026-09-23 14:39:34.000","[PREMIUM]","294","ONTARIO AUCTION","2026-09-24","THURSDAY","1000","EDT","0","V",2016,"DODGE","CARAVAN","GRAND CARAVAN","SPORTS VAN","GRAY","FRONT END",,"ON","NU","YES","D",243940,"A","[PREMIUM]",7284.11,"3.6L 6","FRONT WHEEL DRIVE","AUTOMATIC","FLEXIBLE",6,"Run & Drive Verified","Pure Sale","[PREMIUM]",,"LONDON","ON","N5W 6C8","CAN","CAD","[PREMIUM]","[PREMIUM]","B020",false,"[PREMIUM]","SE",false,false,"[PREMIUM]",,,,,,,,"[PREMIUM]"
"68409476","2026-09-16 23:09:47.218","2026-09-29 08:36:14.676","68409476","2026-09-28 14:50:43.000","[PREMIUM]","294","ONTARIO AUCTION","2026-09-29","TUESDAY","1000","EDT","0","V",2015,"KIA","SOUL","SOUL","WAGON","GRAY","MECHANICAL",,"ON","NU","YES","E",175884,"A","[PREMIUM]",0,"2.0L 4","FRONT WHEEL DRIVE","AUTOMATIC","GAS",4,"DEFAULT","On Minimum Bid","[PREMIUM]","Previous repair over $3000.00 Previous accident","LONDON","ON","N5W 6C8","CAN","CAD","[PREMIUM]","[PREMIUM]","E130",true,"[PREMIUM]","+",false,false,"[PREMIUM]",,,,,,,,"[PREMIUM]"
"68221466","2026-09-16 23:09:47.169","2026-09-24 03:34:35.618","68221466","2026-09-23 14:39:32.000","[PREMIUM]","294","ONTARIO AUCTION","2026-09-24","THURSDAY","1000","EDT","0","V",2020,"HYUNDAI","ELANTRA","ELANTRA","SEDAN","GRAY","FRONT END",,"ON","ST","YES","D",129217,"A","[PREMIUM]",8959.88,"2.0L 4","FRONT WHEEL DRIVE","AUTOMATIC","GAS",4,"Run & Drive Verified","Pure Sale","[PREMIUM]",,"LONDON","ON","N5W 6C8","CAN","CAD","[PREMIUM]","[PREMIUM]","B030",false,"[PREMIUM]","SEL",false,false,"[PREMIUM]",,,,,,,,"[PREMIUM]"
"68048176","2026-09-16 23:09:47.084","2026-09-24 03:34:35.492","68048176","2026-09-23 14:39:31.000","[PREMIUM]","294","ONTARIO AUCTION","2026-09-24","THURSDAY","1000","EDT","0","R",2004,"JAYCO","ALL Models","JAYFLT27BH",,"WHITE","WATER/FLOOD","TOP/ROOF","ON","NU","EXM","E",0,"E","[PREMIUM]",7893.23,,,,,,"DEFAULT","Pure Sale","[PREMIUM]",,"LONDON","ON","N5W 6C8","CAN","CAD","[PREMIUM]","[PREMIUM]","BURN2",false,"[PREMIUM]",,false,false,"[PREMIUM]",,,,,,,,"[PREMIUM]"
"68004656","2026-09-16 23:09:47.047","2026-09-24 03:34:35.470","68004656","2026-09-23 22:08:09.000","[PREMIUM]","294","ONTARIO AUCTION","2026-09-24","THURSDAY","1000","EDT","0","V",2014,"TOYOTA","HIGHLANDER","HIGHLANDER","SUV","GRAY","UNDERCARRIAGE","SIDE","ON","NU","YES","D",233522,"A","[PREMIUM]",16761.87,"3.5L 6","ALL WHEEL DRIVE","AUTOMATIC","GAS",6,"Run & Drive Verified","Pure Sale","[PREMIUM]","Rear damage Possible mechanical damage ","LONDON","ON","N5W 6C8","CAN","CAD","[PREMIUM]","[PREMIUM]","A030",false,"[PREMIUM]","LE",false,false,"[PREMIUM]",,,,,,,,"[PREMIUM]"
"67818356","2026-09-16 23:09:47.018","2026-09-24 03:34:35.320","67818356","2026-09-23 14:38:50.000","[PREMIUM]","294","ONTARIO AUCTION","2026-09-24","THURSDAY","1000","EDT","0","V",2019,"HONDA","PILOT","PILOT","SPORT UTILITY VEHICLE","BLACK","SIDE","FRONT END","ON","NU","YES","D",198703,"A","[PREMIUM]",22487.22,"3.5L 6","ALL WHEEL DRIVE","AUTOMATIC","GAS",6,"Run & Drive Verified","Pure Sale","[PREMIUM]",,"LONDON","ON","N5W 6C8","CAN","CAD","[PREMIUM]","[PREMIUM]","B070",false,"[PREMIUM]","EX",false,false,"[PREMIUM]",,,,,,,,"[PREMIUM]"
"67738086","2026-09-16 23:09:47.006","2026-09-24 03:34:35.202","67738086","2026-09-23 22:08:35.000","[PREMIUM]","294","ONTARIO AUCTION","2026-09-24","THURSDAY","1000","EDT","0","V",2014,"HYUNDAI","ACCENT","ACCENT","HATCHBACK","BLACK","UNDERCARRIAGE","FRONT END","ON","ST","YES","D",260381,"A","[PREMIUM]",10057.37,"1.6L 4","FRONT WHEEL DRIVE","AUTOMATIC","GAS",4,"Run & Drive Verified","Pure Sale","[PREMIUM]","Side damage  Dents and scratches","LONDON","ON","N5W 6C8","CAN","CAD","[PREMIUM]","[PREMIUM]","D030",false,"[PREMIUM]","GS",false,false,"[PREMIUM]",,,,,,,,"[PREMIUM]"
"67513626","2026-09-16 23:09:46.609","2026-09-29 21:33:00.962","67513626","2026-09-16 20:53:54.000","[PREMIUM]","294","ONTARIO AUCTION",,,,"EDT","0","V",2013,"HYUNDAI","ELANTRA","ELANTRA","SEDAN","BROWN","FRONT END","SIDE","ON","ST","YES","D",230029,"A","[PREMIUM]",3557.07,"1.8L 4","FRONT WHEEL DRIVE","AUTOMATIC","GAS",4,"Run & Drive Verified","Pure Sale","[PREMIUM]",,"LONDON","ON","N5W 6C8","CAN","CAD","[PREMIUM]","[PREMIUM]","I090",false,"[PREMIUM]","GLS",false,false,"[PREMIUM]",,,,,,,,"[PREMIUM]"
"67628766","2026-09-16 23:09:46.571","2026-09-24 03:34:35.217","67628766","2026-09-22 14:49:14.000","[PREMIUM]","294","ONTARIO AUCTION","2026-09-24","THURSDAY","1000","EDT","0","K",2018,"FORD","TRANSIT","TRANSIT","VAN CARGO","WHITE","REAR END","SIDE","ON","NU","YES","D",109558,"A","[PREMIUM]",16531.13,"3.7L 6","REAR WHEEL DRIVE","AUTOMATIC","GAS",6,"Run & Drive Verified","Pure Sale","[PREMIUM]",,"LONDON","ON","N5W 6C8","CAN","CAD","[PREMIUM]","[PREMIUM]","HVY",false,"[PREMIUM]","T-250",false,false,"[PREMIUM]",,,,,,,,"[PREMIUM]"
"67446986","2026-09-16 23:09:46.442","2026-09-24 03:34:35.075","67446986","2026-09-22 14:50:39.000","[PREMIUM]","294","ONTARIO AUCTION","2026-09-24","THURSDAY","1000","EDT","0","V",2011,"DODGE","JOURNEY","JOURNEY","4DR SPORT UTILITY","RED","REAR END","SIDE","ON","NU","YES","D",190531,"A","[PREMIUM]",4675.58,"3.6L 6","FRONT WHEEL DRIVE","AUTOMATIC","FLEXIBLE",6,"Run & Drive Verified","Pure Sale","[PREMIUM]",,"LONDON","ON","N5W 6C8","CAN","CAD","[PREMIUM]","[PREMIUM]","D010",false,"[PREMIUM]","SXT",false,false,"[PREMIUM]",,,,,,,,"[PREMIUM]"
"67469956","2026-09-16 23:09:46.436","2026-09-24 03:34:35.064","67469956","2026-09-23 14:38:48.000","[PREMIUM]","294","ONTARIO AUCTION","2026-09-24","THURSDAY","1000","EDT","0","V",2019,"HYUNDAI","KONA","KONA","SPORT UTILITY VEHICLE","BLACK","UNDERCARRIAGE","FRONT END","ON","ST","YES","D",186761,"A","[PREMIUM]",12148.26,"2.0L 4","ALL WHEEL DRIVE","AUTOMATIC","GAS",4,"Run & Drive Verified","Pure Sale","[PREMIUM]",,"LONDON","ON","N5W 6C8","CAN","CAD","[PREMIUM]","[PREMIUM]","I080",false,"[PREMIUM]","SE",false,false,"[PREMIUM]",,,,,,,,"[PREMIUM]"
"67356496","2026-09-16 23:09:46.301","2026-09-24 03:34:34.934","67356496","2026-09-22 14:40:10.000","[PREMIUM]","294","ONTARIO AUCTION","2026-09-24","THURSDAY","1000","EDT","0","V",2016,"VOLVO","XC90","XC90","4DR SPORT UTILITY","RED","BURN - ENGINE","BURN - INTERIOR","ON","ST","EXM","E",0,"N","[PREMIUM]",25798.75,"2.0L 4","ALL WHEEL DRIVE","AUTOMATIC","GAS",4,"DEFAULT","Pure Sale","[PREMIUM]",,"LONDON","ON","N5W 6C8","CAN","CAD","[PREMIUM]","[PREMIUM]","BURN1",false,"[PREMIUM]","T6",false,false,"[PREMIUM]",,,,,,,,"[PREMIUM]"
"67291396","2026-09-16 23:09:46.182","2026-09-24 03:34:34.915","67291396","2026-09-23 14:38:47.000","[PREMIUM]","294","ONTARIO AUCTION","2026-09-24","THURSDAY","1000","EDT","0","V",2016,"KIA","FORTE","FORTE","SEDAN","WHITE","SIDE","FRONT END","ON","ST","NO","E",0,"N","[PREMIUM]",11383.92,"1.8L 4","FRONT WHEEL DRIVE","AUTOMATIC","GAS",4,"DEFAULT","Pure Sale","[PREMIUM]",,"LONDON","ON","N5W 6C8","CAN","CAD","[PREMIUM]","[PREMIUM]","C030",false,"[PREMIUM]","LX",false,false,"[PREMIUM]",,,,,,,,"[PREMIUM]"
"65856076","2026-09-16 23:09:45.172","2026-09-24 03:34:34.197","65856076","2026-09-23 21:54:05.000","[PREMIUM]","294","ONTARIO AUCTION","2026-09-24","THURSDAY","1000","EDT","0","V",2014,"VOLKSWAGEN","JETTA","JETTA","SEDAN 4DR","BLACK","SIDE","FRONT END","ON","ST","NO","E",0,"N","[PREMIUM]",15448.47,"2.0L 4","FRONT WHEEL DRIVE","AUTOMATIC","GAS",4,"DEFAULT","Pure Sale","[PREMIUM]","Rust Rear damage Airbags deployed","LONDON","ON","N5W 6C8","CAN","CAD","[PREMIUM]","[PREMIUM]","A020",false,"[PREMIUM]","BASE",false,false,"[PREMIUM]",,,,,,,,"[PREMIUM]"
"65893816","2026-09-16 23:09:45.123","2026-09-24 03:34:34.208","65893816","2026-09-23 14:38:42.000","[PREMIUM]","294","ONTARIO AUCTION","2026-09-24","THURSDAY","1000","EDT","0","V",2018,"TOYOTA","COROLLA","COROLLA","SEDAN","GRAY","FRONT END","SIDE","ON","ST","YES","E",121528,"A","[PREMIUM]",15557.45,"1.8L 4","FRONT WHEEL DRIVE","AUTOMATIC","GAS",4,"DEFAULT","Pure Sale","[PREMIUM]",,"LONDON","ON","N5W 6C8","CAN","CAD","[PREMIUM]","[PREMIUM]","G130",false,"[PREMIUM]","L",false,false,"[PREMIUM]",,,,,,,,"[PREMIUM]"
"65019116","2026-09-16 23:09:44.652","2026-09-23 03:33:58.797","65019116","2026-09-18 15:06:01.000","[PREMIUM]","292","WHOLESALE AUCTION CANADA","2026-09-23","WEDNESDAY","1300","EDT","0","V",2026,"CHRYSLER","PACIFICA","PACIFICA","VAN PASSENGER","BLACK","UNDERCARRIAGE","FRONT END","ON","ST","YES","E",29325,"A","[PREMIUM]",0,"3.6L 6","FRONT WHEEL DRIVE","AUTOMATIC","GAS",6,"DEFAULT","On Minimum Bid","[PREMIUM]","PREVIOUS FLEET","LONDON","ON","N5W 6C8","CAN","CAD","[PREMIUM]","[PREMIUM]","SA004",false,"[PREMIUM]","LIMITED",false,false,"[PREMIUM]",,,,,,,,"[PREMIUM]"
"64949586","2026-09-16 23:09:44.445","2026-09-24 03:34:33.757","64949586","2026-09-23 22:09:10.000","[PREMIUM]","294","ONTARIO AUCTION","2026-09-24","THURSDAY","1000","EDT","0","V",2022,"NISSAN","FRONTIER","FRONTIER","PICKUP","GRAY","FRONT END","SIDE","ON","ST","YES","D",76546,"N","[PREMIUM]",26915,"3.8L 6","FOUR BY FOUR","AUTOMATIC","GAS",6,"Run & Drive Verified","Pure Sale","[PREMIUM]","Possible undercarriage damage Possible mechanical damage","LONDON","ON","N5W 6C8","CAN","CAD","[PREMIUM]","[PREMIUM]","M100",false,"[PREMIUM]","S",false,false,"[PREMIUM]",,,,,,,,"[PREMIUM]"
"63764866","2026-09-16 23:09:43.924","2026-09-24 03:34:33.563","63764866","2026-09-23 14:37:58.000","[PREMIUM]","294","ONTARIO AUCTION","2026-09-24","THURSDAY","1000","EDT","0","V",2026,"KIA","SPORTAGE","SPORTAGE","SPORT UTILITY VEHICLE","GRAY","FRONT END","SIDE","ON","ST","YES","D",810,"A","[PREMIUM]",28218,"2.5L 4","ALL WHEEL DRIVE","AUTOMATIC","GAS",4,"Run & Drive Verified","Pure Sale","[PREMIUM]",,"LONDON","ON","N5W 6C8","CAN","CAD","[PREMIUM]","[PREMIUM]","A020",false,"[PREMIUM]","LX",false,false,"[PREMIUM]",,,,,,,,"[PREMIUM]"
"62989606","2026-09-16 23:09:43.622","2026-09-24 03:34:33.222","62989606","2026-09-23 14:37:57.000","[PREMIUM]","294","ONTARIO AUCTION","2026-09-24","THURSDAY","1000","EDT","0","V",2026,"HONDA","CIVIC","CIVIC","SEDAN","WHITE","UNDERCARRIAGE","SIDE","ON","ST","YES","E",9100,"A","[PREMIUM]",27341.34,"2.0L 4","FRONT WHEEL DRIVE","AUTOMATIC","ELECTRIC AND GAS HYBRID",4,"DEFAULT","Pure Sale","[PREMIUM]",,"LONDON","ON","N5W 6C8","CAN","CAD","[PREMIUM]","[PREMIUM]","C030",false,"[PREMIUM]","SPORT",false,false,"[PREMIUM]",,,,,,,,"[PREMIUM]"
"62644996","2026-09-16 23:09:43.611","2026-09-24 03:34:33.222","62644996","2026-09-23 21:55:00.000","[PREMIUM]","294","ONTARIO AUCTION","2026-09-24","THURSDAY","1000","EDT","0","V",2022,"MAZDA","CX-9","CX-9","SPORT UTILITY VEHICLE","BLUE","REAR END","SIDE","ON","NU","YES","D",123015,"A","[PREMIUM]",16471.03,"2.5L 4","ALL WHEEL DRIVE","AUTOMATIC","GAS",4,"Run & Drive Verified","Pure Sale","[PREMIUM]","Undercarriage damage","LONDON","ON","N5W 6C8","CAN","CAD","[PREMIUM]","[PREMIUM]","C020",false,"[PREMIUM]",,false,false,"[PREMIUM]",,,,,,,,"[PREMIUM]"
"61034256","2026-09-16 23:09:43.332","2026-09-29 08:36:11.846","61034256","2026-09-16 20:53:54.000","[PREMIUM]","294","ONTARIO AUCTION",,,,"EDT","0","V",2020,"BMW","X3","X3","SPORT UTILITY VEHICLE","BLACK","FRONT END","SIDE","ON","ST","YES","D",42666,"A","[PREMIUM]",42186.62,"2.0L 4","ALL WHEEL DRIVE","AUTOMATIC","GAS",4,"Run & Drive Verified","Pure Sale","[PREMIUM]",,"LONDON","ON","N5W 6C8","CAN","CAD","[PREMIUM]","[PREMIUM]","B010",false,"[PREMIUM]","XDRIVE30I",false,false,"[PREMIUM]",,,,,,,,"[PREMIUM]"
"57488536","2026-09-16 23:09:42.883","2026-09-24 03:34:32.661","57488536","2026-09-23 21:09:34.000","[PREMIUM]","294","ONTARIO AUCTION","2026-09-24","THURSDAY","1000","EDT","0","V",2007,"TOYOTA","RAV4","RAV4","SUV","SILVER","UNDERCARRIAGE","FRONT END","ON","ST","YES","D",135118,"A","[PREMIUM]",8595.06,"2.4L 4","FOUR BY FOUR","AUTOMATIC","GAS",4,"Run & Drive Verified","Pure Sale","[PREMIUM]","Side damage Rust Dents and scratches","LONDON","ON","N5W 6C8","CAN","CAD","[PREMIUM]","[PREMIUM]","A070",false,"[PREMIUM]","BASE",false,false,"[PREMIUM]",,,,,,,,"[PREMIUM]"
"50692796","2026-09-16 23:09:42.751","2026-09-24 03:34:32.659","50692796","2026-09-22 17:07:10.000","[PREMIUM]","294","ONTARIO AUCTION","2026-09-24","THURSDAY","1000","EDT","0","V",2015,"LINCOLN","MKZ","MKC","4DR SPORT UTILITY","WHITE","FRONT END",,"ON","ST","YES","D",171558,"A","[PREMIUM]",8497.65,"2.3L 4","ALL WHEEL DRIVE","AUTOMATIC","GAS",4,"Run & Drive Verified","Pure Sale","[PREMIUM]",,"LONDON","ON","N5W 6C8","CAN","CAD","[PREMIUM]","[PREMIUM]","A030",false,"[PREMIUM]",,false,false,"[PREMIUM]",,,,,,,,"[PREMIUM]"
"48390906","2026-09-16 23:09:42.731","2026-09-24 03:34:32.673","48390906","2026-09-22 14:53:41.000","[PREMIUM]","294","ONTARIO AUCTION","2026-09-24","THURSDAY","1000","EDT","0","V",2018,"FORD","FUSION","FUSION","SEDAN","BLACK","FRONT END","SIDE","ON","ST","YES","D",99222,"A","[PREMIUM]",10101.06,"2.0L 4","FRONT WHEEL DRIVE","AUTOMATIC","ELECTRIC AND GAS HYBRID",4,"Run & Drive Verified","Pure Sale","[PREMIUM]",,"LONDON","ON","N5W 6C8","CAN","CAD","[PREMIUM]","[PREMIUM]","H110",false,"[PREMIUM]",,false,false,"[PREMIUM]",,,,,,,,"[PREMIUM]"
"45770236","2026-09-16 23:09:42.588","2026-09-24 03:34:32.530","45770236","2026-09-23 21:28:39.000","[PREMIUM]","294","ONTARIO AUCTION","2026-09-24","THURSDAY","1000","EDT","0","V",2023,"NISSAN","KICKS","KICKS","WAGON","BLACK","FRONT END","SIDE","ON","NU","YES","D",106312,"A","[PREMIUM]",20062.61,"1.6L 4","FRONT WHEEL DRIVE","AUTOMATIC","GAS",4,"Run & Drive Verified","Pure Sale","[PREMIUM]","Possible undercarriage damage Airbags deployed","LONDON","ON","N5W 6C8","CAN","CAD","[PREMIUM]","[PREMIUM]","F130",false,"[PREMIUM]","S",false,false,"[PREMIUM]",,,,,,,,"[PREMIUM]"
"69012486","2026-09-16 23:09:42.377","2026-09-24 03:34:31.813","69012486","2026-09-22 19:13:11.000","[PREMIUM]","294","ONTARIO AUCTION","2026-09-24","THURSDAY","1000","EDT","0","V",2020,"FORD","ESCAPE","ESCAPE","SPORT UTILITY VEHICLE","CHARCOAL","NORMAL WEAR",,"ON","NU","YES","D",146621,"N","[PREMIUM]",14043.55,"2.0L 4","4X4 W/FRONT WHL DRV","AUTOMATIC","GAS                           ",4,"Run & Drive Verified","Pure Sale","[PREMIUM]",,"BOWMANVILLE","ON","L1E 0L1","CAN","CAD","[PREMIUM]","[PREMIUM]","G090",false,"[PREMIUM]","SEL",false,false,"[PREMIUM]",,,,,,,,"[PREMIUM]"
"68956286","2026-09-16 23:09:42.342","2026-09-24 03:34:31.676","68956286","2026-09-22 18:46:37.000","[PREMIUM]","294","ONTARIO AUCTION","2026-09-24","THURSDAY","1000","EDT","0","V",2018,"HONDA","CIVIC","CIVIC","SEDAN","RED","WATER/FLOOD",,"ON","IR","YES","D",175996,"N","[PREMIUM]",14724.01,"1.5L 4","FRONT WHEEL DRIVE","AUTOMATIC","GAS                           ",4,"Run & Drive Verified","Pure Sale","[PREMIUM]",,"BOWMANVILLE","ON","L1E 0L1","CAN","CAD","[PREMIUM]","[PREMIUM]","B060",false,"[PREMIUM]","EX",false,false,"[PREMIUM]",,,,,,,,"[PREMIUM]"
"68937056","2026-09-16 23:09:42.337","2026-09-22 02:48:01.657","68937056","2026-09-16 21:15:12.000","[PREMIUM]","294","ONTARIO AUCTION","2026-09-22","TUESDAY","1000","EDT","0","V",2011,"MERCEDES-BENZ","E-CLASS","E","CONVERTIBLE","BLACK","SIDE","FRONT END","ON","NU","YES","D",242229,"A","[PREMIUM]",0,"3.5L 6","REAR WHEEL DRIVE","AUTOMATIC","GAS",6,"Run & Drive Verified","On Approval","[PREMIUM]","PREVIOUS REPAIRS EXCEEDING $3000 ( 2026MAY15 ESTIMATE DATE 2026MAY27$13737.86) PREVIOUS FLEET","BOWMANVILLE","ON","L1E 0L1","CAN","CAD","[PREMIUM]","[PREMIUM]","E090",false,"[PREMIUM]","350",false,false,"[PREMIUM]",,,,,,,,"[PREMIUM]"
"68377076","2026-09-16 23:09:42.160","2026-09-24 03:34:31.047","68377076","2026-09-22 18:47:11.000","[PREMIUM]","294","ONTARIO AUCTION","2026-09-24","THURSDAY","1000","EDT","0","V",2014,"AUDI","A6","A6","SEDAN 4DR","GRAY","WATER/FLOOD",,"ON","IR","YES","S",161916,"N","[PREMIUM]",11405.09,"3.0L 6","ALL WHEEL DRIVE","AUTOMATIC","GAS",6,"Vehicle Starts","Pure Sale","[PREMIUM]",,"BOWMANVILLE","ON","L1E 0L1","CAN","CAD","[PREMIUM]","[PREMIUM]","B050",false,"[PREMIUM]","PREMIUM PLUS",false,false,"[PREMIUM]",,,,,,,,"[PREMIUM]"
"68746636","2026-09-16 23:09:42.154","2026-09-24 03:34:31.498","68746636","2026-09-22 20:57:37.000","[PREMIUM]","294","ONTARIO AUCTION","2026-09-24","THURSDAY","1000","EDT","0","V",2013,"HONDA","ACCORD","ACCORD","SEDAN 4DR","BLACK","REAR END",,"ON","ST","NO","E",190620,"N","[PREMIUM]",15678.16,"2.4L 4","FRONT WHEEL DRIVE","AUTOMATIC","GAS",4,"DEFAULT","Pure Sale","[PREMIUM]",,"BOWMANVILLE","ON","L1E 0L1","CAN","CAD","[PREMIUM]","[PREMIUM]","E010",false,"[PREMIUM]","EXL",false,false,"[PREMIUM]",,,,,,,,"[PREMIUM]"
"68278236","2026-09-16 23:09:42.001","2026-09-24 03:34:30.908","68278236","2026-09-22 18:45:37.000","[PREMIUM]","294","ONTARIO AUCTION","2026-09-24","THURSDAY","1000","EDT","0","V",2020,"BMW","3 SERIES","330XI","SEDAN","WHITE","UNDERCARRIAGE","MECHANICAL","ON","IR","YES","E",107138,"N","[PREMIUM]",36837.72,"2.0L 4","ALL WHEEL DRIVE","AUTOMATIC","GAS",4,"DEFAULT","Pure Sale","[PREMIUM]",,"BOWMANVILLE","ON","L1E 0L1","CAN","CAD","[PREMIUM]","[PREMIUM]","E060",false,"[PREMIUM]",,false,false,"[PREMIUM]",,,,,,,,"[PREMIUM]"
"68061456","2026-09-16 23:09:41.985","2026-09-24 03:34:30.642","68061456","2026-09-22 18:50:40.000","[PREMIUM]","294","ONTARIO AUCTION","2026-09-24","THURSDAY","1000","EDT","0","V",2015,"CHRYSLER","200","200","SEDAN 4DR","BLACK","WATER/FLOOD","TOP/ROOF","ON","IR","YES","E",67412,"N","[PREMIUM]",13037.45,"3.6L 6","ALL WHEEL DRIVE","AUTOMATIC","FLEXIBLE",6,"DEFAULT","Pure Sale","[PREMIUM]",,"BOWMANVILLE","ON","L1E 0L1","CAN","CAD","[PREMIUM]","[PREMIUM]","B050",false,"[PREMIUM]","C",false,false,"[PREMIUM]",,,,,,,,"[PREMIUM]"
"68210446","2026-09-16 23:09:41.984","2026-09-24 03:34:30.915","68210446","2026-09-22 19:12:07.000","[PREMIUM]","294","ONTARIO AUCTION","2026-09-24","THURSDAY","1000","EDT","0","V",2012,"TOYOTA","COROLLA","COROLLA","SEDAN","SILVER","REAR END",,"ON","NU","YES","S",215252,"N","[PREMIUM]",7671.38,"1.8L 4","FRONT WHEEL DRIVE","AUTOMATIC","GAS",4,"Vehicle Starts","Pure Sale","[PREMIUM]",,"BOWMANVILLE","ON","L1E 0L1","CAN","CAD","[PREMIUM]","[PREMIUM]","E070",false,"[PREMIUM]","BASE",false,false,"[PREMIUM]",,,,,,,,"[PREMIUM]"
"68027166","2026-09-16 23:09:41.868","2026-09-24 03:34:30.644","68027166","2026-09-22 18:08:10.000","[PREMIUM]","294","ONTARIO AUCTION","2026-09-24","THURSDAY","1000","EDT","0","V",2018,"HONDA","FIT","FIT","HATCHBACK","BLACK","REAR END",,"ON","NU","YES","D",137100,"A","[PREMIUM]",10483.33,"1.5L 4","FRONT WHEEL DRIVE","AUTOMATIC","GAS",4,"Run & Drive Verified","Pure Sale","[PREMIUM]",,"BOWMANVILLE","ON","L1E 0L1","CAN","CAD","[PREMIUM]","[PREMIUM]","F070",false,"[PREMIUM]","SPORT",false,false,"[PREMIUM]",,,,,,,,"[PREMIUM]"
"67932416","2026-09-16 23:09:41.854","2026-09-24 03:34:30.361","67932416","2026-09-22 20:58:37.000","[PREMIUM]","294","ONTARIO AUCTION","2026-09-24","THURSDAY","1000","EDT","0","V",2015,"TOYOTA","COROLLA","COROLLA","SEDAN","WHITE","SIDE",,"ON","ST","YES","D",191756,"N","[PREMIUM]",11573.28,"1.8L 4","FRONT WHEEL DRIVE","AUTOMATIC","GAS",4,"Run & Drive Verified","Pure Sale","[PREMIUM]",,"BOWMANVILLE","ON","L1E 0L1","CAN","CAD","[PREMIUM]","[PREMIUM]","F080",false,"[PREMIUM]","L",false,false,"[PREMIUM]",,,,,,,,"[PREMIUM]"
"67321106","2026-09-16 23:09:41.314","2026-09-16 23:09:41.314","67321106","2026-09-16 20:52:20.000","[PREMIUM]","294","ONTARIO AUCTION","2026-09-17","THURSDAY","1000","EDT","0","V",2019,"DODGE","DURANGO","DURANGO","SPORT UTILITY VEHICLE","GRAY","FRONT END",,"ON","NU","YES","D",125361,"A","[PREMIUM]",13100.18,"5.7L 8","ALL WHEEL DRIVE","AUTOMATIC","GAS",8,"Run & Drive Verified","Pure Sale","[PREMIUM]",,"BOWMANVILLE","ON","L1E 0L1","CAN","CAD","[PREMIUM]","[PREMIUM]","E080",false,"[PREMIUM]","R/T",false,false,"[PREMIUM]",,,,,,,,"[PREMIUM]"
"67177486","2026-09-16 23:09:41.178","2026-09-29 08:36:07.267","67177486","2026-09-18 19:34:24.000","[PREMIUM]","294","ONTARIO AUCTION",,,,"EDT","0","V",2010,"HONDA","CIVIC","CIVIC","SEDAN 4DR","SILVER","FRONT END",,"ON","NU","YES","D",159518,"E","[PREMIUM]",4666.6,"1.8L 4","FRONT WHEEL DRIVE","AUTOMATIC","GAS",4,"Run & Drive Verified","Pure Sale","[PREMIUM]",,"BOWMANVILLE","ON","L1E 0L1","CAN","CAD","[PREMIUM]","[PREMIUM]","G100",false,"[PREMIUM]","DX",false,false,"[PREMIUM]",,,,,,,,"[PREMIUM]"
"66380816","2026-09-16 23:09:40.549","2026-09-24 03:34:29.083","66380816","2026-09-23 03:26:10.000","[PREMIUM]","294","ONTARIO AUCTION","2026-09-24","THURSDAY","1000","EDT","0","V",2025,"HYUNDAI","SANTA FE","SANTA FE","SPORT UTILITY VEHICLE","GRAY","SIDE","REAR END","ON","ST","NO","E",40934,"N","[PREMIUM]",35052,"2.5L 4","ALL WHEEL DRIVE","AUTOMATIC","GAS",4,"DEFAULT","Pure Sale","[PREMIUM]",,"BOWMANVILLE","ON","L1E 0L1","CAN","CAD","[PREMIUM]","[PREMIUM]","E070",false,"[PREMIUM]","LIMITED",false,false,"[PREMIUM]",,,,,,,,"[PREMIUM]"
"66428616","2026-09-16 23:09:40.535","2026-09-29 05:17:01.968","66428616","2026-09-24 00:12:22.000","[PREMIUM]","294","ONTARIO AUCTION","2026-09-29","TUESDAY","1000","EDT","0","V",2017,"LEXUS","NX","NX","WAGON","GRAY","REAR END","MECHANICAL","ON","NU","YES","D",107199,"A","[PREMIUM]",0,"2.0L 4","ALL WHEEL DRIVE","AUTOMATIC","GAS",4,"Run & Drive Verified","On Minimum Bid","[PREMIUM]","MECHANICAL DAMAGE PREVIOUS REPAIRS EXCEEDING $3000 (ESTIMATE DATE 2026MAR13 $19765.26)","BOWMANVILLE","ON","L1E 0L1","CAN","CAD","[PREMIUM]","[PREMIUM]","E090",false,"[PREMIUM]","200T BASE",false,false,"[PREMIUM]",,,,,,,,"[PREMIUM]"
"65760906","2026-09-16 23:09:39.965","2026-09-22 02:47:58.616","65760906","2026-09-16 20:51:29.000","[PREMIUM]","294","ONTARIO AUCTION","2026-09-22","TUESDAY","1000","EDT","0","V",2011,"TOYOTA","VENZA","VENZA","WAGON","SILVER","REAR END",,"ON","NU","YES","D",218183,"N","[PREMIUM]",9237,"3.5L 6","ALL WHEEL DRIVE","AUTOMATIC","GAS",6,"Run & Drive Verified","Pure Sale","[PREMIUM]",,"BOWMANVILLE","ON","L1E 0L1","CAN","CAD","[PREMIUM]","[PREMIUM]","F030",false,"[PREMIUM]",,false,false,"[PREMIUM]",,,,,,,,"[PREMIUM]"
"64389106","2026-09-16 23:09:39.113","2026-09-24 03:34:28.109","64389106","2026-09-22 20:01:09.000","[PREMIUM]","294","ONTARIO AUCTION","2026-09-24","THURSDAY","1000","EDT","0","V",2018,"GMC","SIERRA","SIERRA",,"BLACK","SIDE",,"ON","ST","YES","D",181006,"A","[PREMIUM]",29011.67,,,"AUTOMATIC",,,"Run & Drive Verified","Pure Sale","[PREMIUM]","PREVIOUS FLEET","BOWMANVILLE","ON","L1E 0L1","CAN","CAD","[PREMIUM]","[PREMIUM]","J060",false,"[PREMIUM]","K2500 HEAVY DUTY",false,false,"[PREMIUM]",,,,,,,,"[PREMIUM]"
"62838016","2026-09-16 23:09:38.493","2026-09-24 03:34:27.677","62838016","2026-09-22 21:00:07.000","[PREMIUM]","294","ONTARIO AUCTION","2026-09-24","THURSDAY","1000","EDT","0","V",2023,"NISSAN","ROGUE","ROGUE","SPORT UTILITY VEHICLE","WHITE","FRONT END",,"ON","ST","YES","D",39489,"N","[PREMIUM]",18771.03,"1.5L 3","ALL WHEEL DRIVE","AUTOMATIC","GAS",3,"Run & Drive Verified","Pure Sale","[PREMIUM]",,"BOWMANVILLE","ON","L1E 0L1","CAN","CAD","[PREMIUM]","[PREMIUM]","E090",false,"[PREMIUM]","SL",false,false,"[PREMIUM]",,,,,,,,"[PREMIUM]"
"62386526","2026-09-16 23:09:38.326","2026-09-24 03:34:27.533","62386526","2026-09-22 14:31:11.000","[PREMIUM]","294","ONTARIO AUCTION","2026-09-24","THURSDAY","1000","EDT","0","V",2026,"VOLKSWAGEN","TIGUAN","TIGUAN","SPORT UTILITY VEHICLE","BLACK","FRONT END",,"ON","ST","YES","E",8504,"N","[PREMIUM]",32328.4,"2.0L 4","ALL WHEEL DRIVE","AUTOMATIC","GAS",4,"DEFAULT","Pure Sale","[PREMIUM]",,"BOWMANVILLE","ON","L1E 0L1","CAN","CAD","[PREMIUM]","[PREMIUM]","D080",false,"[PREMIUM]","SE R-LINE BLACK",false,false,"[PREMIUM]",,,,,,,,"[PREMIUM]"
"60869016","2026-09-16 23:09:38.055","2026-09-24 03:34:27.234","60869016","2026-09-22 20:56:10.000","[PREMIUM]","294","ONTARIO AUCTION","2026-09-24","THURSDAY","1000","EDT","0","V",1988,"BMW","3 SERIES","325","CONVERTIBLE","GREEN","BURN - ENGINE","FRONT END","ON","ST","YES","E",323147,"E","[PREMIUM]",22841.95,"2.5L 6","REAR WHEEL DRIVE","AUTOMATIC","GAS",6,"DEFAULT","Pure Sale","[PREMIUM]",,"BOWMANVILLE","ON","L1E 0L1","CAN","CAD","[PREMIUM]","[PREMIUM]","D060",false,"[PREMIUM]","I AUTOMATIC",false,false,"[PREMIUM]",,,,,,,,"[PREMIUM]"
"60815206","2026-09-16 23:09:37.935","2026-09-24 03:34:27.245","60815206","2026-09-22 20:52:11.000","[PREMIUM]","294","ONTARIO AUCTION","2026-09-24","THURSDAY","1000","EDT","0","V",2022,"TOYOTA","COROLLA","COROLLA","SEDAN","GRAY","FRONT END","MECHANICAL","ON","ST","YES","E",64360,"N","[PREMIUM]",24287.45,"1.8L 4","FRONT WHEEL DRIVE","AUTOMATIC","GAS",4,"DEFAULT","Pure Sale","[PREMIUM]",,"BOWMANVILLE","ON","L1E 0L1","CAN","CAD","[PREMIUM]","[PREMIUM]","G050",false,"[PREMIUM]","LE",false,false,"[PREMIUM]",,,,,,,,"[PREMIUM]"
"58831066","2026-09-16 23:09:37.802","2026-09-24 03:34:27.114","58831066","2026-09-23 03:19:26.000","[PREMIUM]","294","ONTARIO AUCTION","2026-09-24","THURSDAY","1000","EDT","0","V",2023,"BMW","4 SERIES","430XI","COUPE","BURN","BURN",,"ON","IR","EXM","E",0,"N","[PREMIUM]",75710,"2.0L 4","ALL WHEEL DRIVE","AUTOMATIC","GAS",4,"DEFAULT","Pure Sale","[PREMIUM]",,"BOWMANVILLE","ON","L1E 0L1","CAN","CAD","[PREMIUM]","[PREMIUM]","J020",false,"[PREMIUM]",,false,false,"[PREMIUM]",,,,,,,,"[PREMIUM]"
"57294446","2026-09-16 23:09:37.641","2026-09-24 03:34:26.919","57294446","2026-09-23 13:28:32.000","[PREMIUM]","294","ONTARIO AUCTION","2026-09-24","THURSDAY","1000","EDT","0","V",2021,"MERCEDES-BENZ","GLE-CLASS","GLE",,"BLACK","WATER/FLOOD",,"ON","IR","YES","E",0,"N","[PREMIUM]",75886,,,"AUTOMATIC",,,"DEFAULT","On Minimum Bid","[PREMIUM]",,"BOWMANVILLE","ON","L1E 0L1","CAN","CAD","[PREMIUM]","[PREMIUM]","C060",false,"[PREMIUM]","63 AMG 4MATIC",false,false,"[PREMIUM]",,,,,,,,"[PREMIUM]"
"69126636","2026-09-16 23:09:36.991","2026-09-16 23:09:36.991","69126636","2026-09-16 21:37:14.000","[PREMIUM]","199","RI - EXETER","2026-09-17","THURSDAY","1000","EDT","0","V",2019,"NISSAN","ROGUE","ROGUE","WAGON","BLACK","FRONT END",,"RI","SC","YES","D",32574,"A","[PREMIUM]",19359.62,"2.5L 4","ALL WHEEL DRIVE","AUTOMATIC","GAS                           ",4,"Run & Drive Verified","Pure Sale","[PREMIUM]",,"EXETER","RI","02822 2000","USA","USD","[PREMIUM]","[PREMIUM]","I080",false,"[PREMIUM]","SV",false,false,"[PREMIUM]",,,,,,,,"[PREMIUM]"
"68205496","2026-09-16 23:09:36.715","2026-09-29 08:36:01.784","68205496","2026-09-16 20:51:45.000","[PREMIUM]","199","RI - EXETER",,,,"EDT","0","V",2017,"FORD","ESCAPE","ESCAPE","4DR SPORT UTILITY","WHITE","STRIPPED","FRONT END","RI","SC","YES","D",95261,"A","[PREMIUM]",8493.61,"2.0L 4","4X4 W/FRONT WHL DRV","AUTOMATIC","GAS                           ",4,"Run & Drive Verified","Pure Sale","[PREMIUM]",,"EXETER","RI","02822 2000","USA","USD","[PREMIUM]","[PREMIUM]","O020",false,"[PREMIUM]","TITANIUM",false,false,"[PREMIUM]",,,,,,,,"[PREMIUM]"
"67682626","2026-09-16 23:09:36.404","2026-09-29 08:36:01.657","67682626","2026-09-16 20:51:45.000","[PREMIUM]","199","RI - EXETER",,,,"EDT","0","V",2008,"TOYOTA","PRIUS BASE","PRIUS","HATCHBACK","GREEN","REAR END","SIDE","RI","SC","YES","D",210732,"A","[PREMIUM]",7694.57,"1.5L 4","FRONT WHEEL DRIVE","AUTOMATIC","ELECTRIC AND GAS HYBRID       ",4,"Run & Drive Verified","Pure Sale","[PREMIUM]",,"EXETER","RI","02822 2000","USA","USD","[PREMIUM]","[PREMIUM]","E040",false,"[PREMIUM]","BASE",false,false,"[PREMIUM]",,,,,,,,"[PREMIUM]"
"66892386","2026-09-16 23:09:35.681","2026-09-29 08:36:00.768","66892386","2026-09-16 20:51:45.000","[PREMIUM]","199","RI - EXETER",,,,"EDT","0","V",2021,"HONDA","ACCORD","ACCORD","SEDAN","WHITE","UNDERCARRIAGE","SIDE","RI","SC","YES","S",62029,"A","[PREMIUM]",20620.51,"1.5L 4","FRONT WHEEL DRIVE","AUTOMATIC","GAS",4,"Vehicle Starts","Pure Sale","[PREMIUM]",,"EXETER","RI","02822 2000","USA","USD","[PREMIUM]","[PREMIUM]","II010",false,"[PREMIUM]","EXL",false,false,"[PREMIUM]",,,,,,,,"[PREMIUM]"
"68092776","2026-09-16 23:09:29.299","2026-09-29 08:35:54.186","68092776","2026-09-16 20:59:21.000","[PREMIUM]","197","SC - NORTH CHARLESTON",,,,"EDT","0","V",2019,"CHEVROLET","IMPALA","IMPALA","SEDAN","SILVER","FRONT END","REAR END","SC","ST","YES","E",0,"N","[PREMIUM]",13142.91,"3.6L 6","FRONT WHEEL DRIVE","AUTOMATIC","GAS",6,"DEFAULT","Pure Sale","[PREMIUM]",,"HARLEYVILLE","SC","29448 4205","USA","USD","[PREMIUM]","[PREMIUM]","G0080",false,"[PREMIUM]","LT",false,false,"[PREMIUM]",,,,,,,,"[PREMIUM]"
"67721406","2026-09-16 23:09:29.083","2026-09-29 08:35:53.607","67721406","2026-09-16 20:56:43.000","[PREMIUM]","197","SC - NORTH CHARLESTON",,,,"EDT","0","V",2022,"NISSAN","SENTRA","SENTRA","SEDAN","WHITE","MECHANICAL",,"SC","ST","YES","S",76436,"A","[PREMIUM]",15790.66,"2.0L 4","FRONT WHEEL DRIVE","AUTOMATIC","GAS",4,"Vehicle Starts","Pure Sale","[PREMIUM]",,"HARLEYVILLE","SC","29448 4205","USA","USD","[PREMIUM]","[PREMIUM]","A0020",false,"[PREMIUM]","SV",false,false,"[PREMIUM]",,,,,,,,"[PREMIUM]"
"67725176","2026-09-16 23:09:29.076","2026-09-29 15:33:21.032","67725176","2026-09-29 14:47:06.000","[PREMIUM]","197","SC - NORTH CHARLESTON","2026-10-05","MONDAY","1000","EDT","0","V",2016,"HONDA","HR-V","HR-V","4DR SPORT UTILITY","BLUE","WATER/FLOOD",,"GA","FS","YES",,146129,"A","[PREMIUM]",8961,"1.8L 4","FRONT WHEEL DRIVE","AUTOMATIC","GAS                           ",4,,"Pure Sale","[PREMIUM]",,"HARLEYVILLE","SC","29448 4205","USA","USD","[PREMIUM]","[PREMIUM]","K0120",false,"[PREMIUM]","EX",false,false,"[PREMIUM]",,,,,,,,"[PREMIUM]"
"67102646","2026-09-16 23:09:28.093","2026-09-29 08:35:52.601","67102646","2026-09-16 20:56:43.000","[PREMIUM]","197","SC - NORTH CHARLESTON",,,,"EDT","0","V",2019,"FORD","F-150","F150","PICKUP","WHITE","FRONT END","SIDE","SC","ST","YES","D",113893,"A","[PREMIUM]",21421.64,"5.0L 8","4X4 W/REAR WHEEL DRV","AUTOMATIC","GAS",8,"Run & Drive Verified","Pure Sale","[PREMIUM]",,"HARLEYVILLE","SC","29448 4205","USA","USD","[PREMIUM]","[PREMIUM]","B0030",false,"[PREMIUM]","SUPERCREW",false,false,"[PREMIUM]",,,,,,,,"[PREMIUM]"
"66603306","2026-09-16 23:09:27.402","2026-09-29 08:35:51.557","66603306","2026-09-16 20:56:44.000","[PREMIUM]","197","SC - NORTH CHARLESTON",,,,"EDT","0","V",2019,"NISSAN","SENTRA","SENTRA","SEDAN","BLACK","FRONT END",,"SC","ST","YES","D",113620,"A","[PREMIUM]",7211.88,"1.8L 4","FRONT WHEEL DRIVE","AUTOMATIC","GAS",4,"Run & Drive Verified","Pure Sale","[PREMIUM]",,"HARLEYVILLE","SC","29448 4205","USA","USD","[PREMIUM]","[PREMIUM]","A0030",false,"[PREMIUM]","S",false,false,"[PREMIUM]",,,,,,,,"[PREMIUM]"
"66181016","2026-09-16 23:09:26.557","2026-09-29 08:35:50.869","66181016","2026-09-16 20:56:43.000","[PREMIUM]","197","SC - NORTH CHARLESTON",,,,"EDT","0","V",2026,"TOYOTA","CAMRY","CAMRY","SEDAN","WHITE","FRONT END","TOP/ROOF","SC","ST","YES","D",22422,"A","[PREMIUM]",18804.6,"2.5L 4","FRONT WHEEL DRIVE","AUTOMATIC","ELECTRIC AND GAS HYBRID",4,"Run & Drive Verified","Pure Sale","[PREMIUM]",,"HARLEYVILLE","SC","29448 4205","USA","USD","[PREMIUM]","[PREMIUM]","A0080",false,"[PREMIUM]","SE",false,false,"[PREMIUM]",,,,,,,,"[PREMIUM]"
"65820266","2026-09-16 23:09:26.026","2026-09-29 08:35:50.349","65820266","2026-09-16 20:56:44.000","[PREMIUM]","197","SC - NORTH CHARLESTON",,,,"EDT","0","V",2006,"SCION","XB BASE","XB","WAGON","BURGUNDY","REAR END",,"SC","ST","YES","D",113771,"A","[PREMIUM]",2277,"1.5L 4","FRONT WHEEL DRIVE","AUTOMATIC","GAS",4,"Run & Drive Verified","Pure Sale","[PREMIUM]",,"HARLEYVILLE","SC","29448 4205","USA","USD","[PREMIUM]","[PREMIUM]","F0080",false,"[PREMIUM]","BASE",false,false,"[PREMIUM]",,,,,,,,"[PREMIUM]"
"64984456","2026-09-16 23:09:24.519","2026-09-29 08:35:48.912","64984456","2026-09-16 20:59:21.000","[PREMIUM]","197","SC - NORTH CHARLESTON",,,,"EDT","0","V",2014,"BMW","2 SERIES","228","COUPE","WHITE","FRONT END",,"SC","ST","YES",,157423,"A","[PREMIUM]",6833,"2.0L 4","REAR WHEEL DRIVE","AUTOMATIC","GAS",4,,"Pure Sale","[PREMIUM]",,"HARLEYVILLE","SC","29448 4205","USA","USD","[PREMIUM]","[PREMIUM]","B0040",false,"[PREMIUM]","I",false,false,"[PREMIUM]",,,,,,,,"[PREMIUM]"
"64252036","2026-09-16 23:09:23.336","2026-09-29 08:35:48.115","64252036","2026-09-16 20:59:20.000","[PREMIUM]","197","SC - NORTH CHARLESTON",,,,"EDT","0","V",2016,"GMC","YUKON","YUKON XL","4DR SPORT UTILITY","WHITE","FRONT END","SIDE","SC","ST","YES","S",115682,"A","[PREMIUM]",20803,"6.2L 8","4X4 W/REAR WHEEL DRV","AUTOMATIC","GAS",8,"Vehicle Starts","Pure Sale","[PREMIUM]",,"HARLEYVILLE","SC","29448 4205","USA","USD","[PREMIUM]","[PREMIUM]","R0120",false,"[PREMIUM]","DENALI",false,false,"[PREMIUM]",,,,,,,,"[PREMIUM]"
"59637576","2026-09-16 23:09:12.459","2026-09-29 08:35:36.738","59637576","2026-09-16 22:05:47.000","[PREMIUM]","196","NC - MOCKSVILLE",,,,"EDT","0","V",2017,"DODGE","DURANGO","DURANGO","4DR SPORT UTILITY","WHITE","VANDALISM","SIDE","NC","SC","YES","E",0,"N","[PREMIUM]",0,"5.7L 8","ALL WHEEL DRIVE","AUTOMATIC","GAS",8,"DEFAULT","Pure Sale","[PREMIUM]",,"MOCKSVILLE","NC","27028 6910","USA","USD","[PREMIUM]","[PREMIUM]","INSP",false,"[PREMIUM]","R/T",false,false,"[PREMIUM]",,,,,,,,"[PREMIUM]"
"65562116","2026-09-16 23:09:04.958","2026-09-29 08:35:24.560","65562116","2026-09-28 20:02:22.000","[PREMIUM]","855","WHOLESALE AUCTION","2026-09-29","TUESDAY","1200","EDT","5073","K",2020,"FORD","TRANSIT","TRANSIT","VAN CARGO","BLUE","SIDE","REAR END","NV","CT","YES","D",114562,"A","[PREMIUM]",5442,"3.5L 6","REAR WHEEL DRIVE","AUTOMATIC","GAS",6,"Run & Drive Verified","On Minimum Bid","[PREMIUM]",,"FREDERICKSBURG","VA","22408 8751","USA","USD","[PREMIUM]","[PREMIUM]","HVY50",true,"[PREMIUM]","T-250",false,true,"[PREMIUM]",,,,,"RED LIGHT",2.1,,"[PREMIUM]"
"67888786","2026-09-16 23:08:58.098","2026-09-21 02:36:28.716","67888786","2026-09-16 21:24:48.000","[PREMIUM]","193","CO - DENVER SOUTH","2026-09-21","MONDAY","1200","MDT","0","V",2015,"NISSAN","SENTRA","SENTRA","SEDAN","BLACK","FRONT END","HAIL","CO","PS","NO","E",129871,"A","[PREMIUM]",3231.46,"1.8L 4","FRONT WHEEL DRIVE","AUTOMATIC","GAS",4,"DEFAULT","Pure Sale","[PREMIUM]",,"LITTLETON","CO","80125 9741","USA","USD","[PREMIUM]","[PREMIUM]","B020",false,"[PREMIUM]","S",false,false,"[PREMIUM]",,,,,,,,"[PREMIUM]"
"67751136","2026-09-16 23:08:57.769","2026-09-21 02:36:28.457","67751136","2026-09-16 21:24:47.000","[PREMIUM]","193","CO - DENVER SOUTH","2026-09-21","MONDAY","1200","MDT","0","V",2024,"HYUNDAI","TUCSON","TUCSON","SPORT UTILITY VEHICLE","GRAY","REAR END",,"CO","PS","YES","D",62627,"A","[PREMIUM]",15449.86,"2.5L 4","ALL WHEEL DRIVE","AUTOMATIC","GAS",4,"Run & Drive Verified","Pure Sale","[PREMIUM]",,"LITTLETON","CO","80125 9741","USA","USD","[PREMIUM]","[PREMIUM]","D010",false,"[PREMIUM]","SEL",false,false,"[PREMIUM]",,,,,,,,"[PREMIUM]"
"65552716","2026-09-16 23:08:53.395","2026-09-21 02:36:22.206","65552716","2026-09-16 21:24:47.000","[PREMIUM]","193","CO - DENVER SOUTH","2026-09-21","MONDAY","1200","MDT","0","V",2023,"FORD","BRONCO","BRONCO SPORT","SPORT UTILITY VEHICLE","BLUE","FRONT END","MECHANICAL","CO","PS","YES","D",26466,"A","[PREMIUM]",19603.04,"1.5L 3","4X4 W/FRONT WHL DRV","AUTOMATIC","GAS",3,"Run & Drive Verified","Pure Sale","[PREMIUM]",,"LITTLETON","CO","80125 9741","USA","USD","[PREMIUM]","[PREMIUM]","C020",false,"[PREMIUM]","BIG BEND",false,false,"[PREMIUM]",,,,,,,,"[PREMIUM]"
"74852055","2026-09-16 23:08:46.201","2026-09-28 06:57:55.308","74852055","2026-09-18 19:31:05.000","[PREMIUM]","191","WI - APPLETON","2026-09-28","MONDAY","1200","CDT","0","V",2017,"RAM","1500","1500",,"BLUE","FRONT END",,"WI","CT","YES","E",78680,"A","[PREMIUM]",21956.66,"5.7L  8","4x4 w/Rear Wheel Drv","AUTOMATIC","GAS",8,"DEFAULT","Pure Sale","[PREMIUM]",,"APPLETON","WI","54914 9012","USA","USD","[PREMIUM]","[PREMIUM]","A070",false,"[PREMIUM]","SLT",false,false,"[PREMIUM]",,,,,,,,"[PREMIUM]"
"68800556","2026-09-16 23:08:46.065","2026-09-23 20:31:37.689","68800556","2026-09-21 15:46:40.000","[PREMIUM]","841","CRASHEDTOYS POWERSPORT AUCTION","2026-09-24","THURSDAY","1200","CDT","0","C",1999,"HARLEY-DAVIDSON","FL","FLSTF","ROAD","TWO TONE","FRONT END",,"WI","CT","YES","E",0,"E","[PREMIUM]",3970.15,"2",,"MANUAL",,2,"DEFAULT","On Minimum Bid","[PREMIUM]",,"APPLETON","WI","54914 9012","USA","USD","[PREMIUM]","[PREMIUM]","MC010",false,"[PREMIUM]",,false,false,"[PREMIUM]",,,,,,,,"[PREMIUM]"
"68930276","2026-09-16 23:08:46.059","2026-09-29 08:35:01.754","68930276","2026-09-16 21:20:30.000","[PREMIUM]","191","WI - APPLETON",,,,"CDT","0","V",2015,"GMC","ACADIA","ACADIA","4DR SPORT UTILITY","GRAY","SIDE",,"WI","CT","YES","D",166069,"A","[PREMIUM]",5438,"3.6L 6","ALL WHEEL DRIVE","AUTOMATIC","GAS                           ",6,"Run & Drive Verified","Pure Sale","[PREMIUM]",,"APPLETON","WI","54914 9012","USA","USD","[PREMIUM]","[PREMIUM]","B050",false,"[PREMIUM]","SLT-1",false,false,"[PREMIUM]",,,,,,,,"[PREMIUM]"
"68972456","2026-09-16 23:08:46.053","2026-09-21 02:36:12.820","68972456","2026-09-17 14:35:41.000","[PREMIUM]","191","WI - APPLETON","2026-09-21","MONDAY","1200","CDT","0","V",2019,"CHEVROLET","TRAVERSE","TRAVERSE","SPORT UTILITY VEHICLE","RED","FRONT END","SIDE","WI","BP","YES","D",128781,"A","[PREMIUM]",21209,"3.6L 6","ALL WHEEL DRIVE","AUTOMATIC","GAS                           ",6,"Run & Drive Verified","Pure Sale","[PREMIUM]",,"APPLETON","WI","54914 9012","USA","USD","[PREMIUM]","[PREMIUM]","D030",false,"[PREMIUM]","LT",false,false,"[PREMIUM]",,,,,,,,"[PREMIUM]"
"69005656","2026-09-16 23:08:46.051","2026-09-21 02:36:12.830","69005656","2026-09-17 16:40:36.000","[PREMIUM]","191","WI - APPLETON","2026-09-21","MONDAY","1200","CDT","0","V",2022,"CHEVROLET","TAHOE","TAHOE","SPORT UTILITY VEHICLE","BLACK","FRONT END","SIDE","WI","IC","YES","D",39409,"A","[PREMIUM]",27591.64,"5.3L 8","4X4 W/REAR WHEEL DRV","AUTOMATIC","GAS                           ",8,"Run & Drive Verified","Pure Sale","[PREMIUM]",,"APPLETON","WI","54914 9012","USA","USD","[PREMIUM]","[PREMIUM]","D090",false,"[PREMIUM]","K1500 PREMIER",false,false,"[PREMIUM]",,,,,,,,"[PREMIUM]"
"68673316","2026-09-16 23:08:45.939","2026-09-28 06:57:53.697","68673316","2026-09-17 15:02:37.000","[PREMIUM]","191","WI - APPLETON","2026-09-28","MONDAY","1200","CDT","0","V",2016,"JEEP","WRANGLER","WRANGLER UNLIMITED","4DR SPORT UTILITY","CHARCOAL","WATER/FLOOD",,"WI","BP","YES",,152286,"A","[PREMIUM]",21772.03,"3.6L 6","4X4 W/REAR WHEEL DRV","AUTOMATIC","FLEXIBLE",6,,"Pure Sale","[PREMIUM]",,"APPLETON","WI","54914 9012","USA","USD","[PREMIUM]","[PREMIUM]","D080",false,"[PREMIUM]","SPORT",false,false,"[PREMIUM]",,,,,,,,"[PREMIUM]"
"68785116","2026-09-16 23:08:45.936","2026-09-21 02:36:12.646","68785116","2026-09-17 14:50:28.000","[PREMIUM]","191","WI - APPLETON","2026-09-21","MONDAY","1200","CDT","0","V",2005,"GMC","YUKON","YUKON","4DR SPORT UTILITY","BLACK","FRONT END","REAR END","WI","BP","YES",,0,"E","[PREMIUM]",8500,"5.3L 8","4X4 W/REAR WHEEL DRV","AUTOMATIC","GAS",8,,"Pure Sale","[PREMIUM]",,"APPLETON","WI","54914 9012","USA","USD","[PREMIUM]","[PREMIUM]","A010",false,"[PREMIUM]",,false,false,"[PREMIUM]",,,,,,,,"[PREMIUM]"
"68773376","2026-09-16 23:08:45.914","2026-09-21 02:36:12.633","68773376","2026-09-17 14:26:37.000","[PREMIUM]","191","WI - APPLETON","2026-09-21","MONDAY","1200","CDT","0","V",2009,"LEXUS","RX","RX","4DR SPORT UTILITY","SILVER","UNDERCARRIAGE","FRONT END","WI","BP","NO","E",0,"E","[PREMIUM]",7114.08,"3.5L 6","ALL WHEEL DRIVE","AUTOMATIC","GAS",6,"DEFAULT","Pure Sale","[PREMIUM]",,"APPLETON","WI","54914 9012","USA","USD","[PREMIUM]","[PREMIUM]","D040",false,"[PREMIUM]","350",false,false,"[PREMIUM]",,,,,,,,"[PREMIUM]"
"68601476","2026-09-16 23:08:45.823","2026-09-21 02:36:12.462","68601476","2026-09-17 16:27:07.000","[PREMIUM]","191","WI - APPLETON","2026-09-21","MONDAY","1200","CDT","0","V",2007,"GMC","SIERRA","SIERRA","PICKUP","RED","FRONT END",,"WI","CT","YES","D",227165,"E","[PREMIUM]",6950,"6.0L 8","REAR WHEEL DRIVE","AUTOMATIC","GAS",8,"Run & Drive Verified","Pure Sale","[PREMIUM]",,"APPLETON","WI","54914 9012","USA","USD","[PREMIUM]","[PREMIUM]","B080",false,"[PREMIUM]","C2500 HEAVY DUTY",false,false,"[PREMIUM]",,,,,,,,"[PREMIUM]"
"68589906","2026-09-16 23:08:45.780","2026-09-21 02:36:12.471","68589906","2026-09-18 20:38:43.000","[PREMIUM]","191","WI - APPLETON","2026-09-21","MONDAY","1200","CDT","0","V",2007,"FORD","EDGE","EDGE","4DR SPORT UTILITY","BLACK","REAR END",,"WI","BP","YES","D",216752,"E","[PREMIUM]",5680.57,"3.5L 6","ALL WHEEL DRIVE","AUTOMATIC","GAS",6,"Run & Drive Verified","Pure Sale","[PREMIUM]",,"APPLETON","WI","54914 9012","USA","USD","[PREMIUM]","[PREMIUM]","B090",false,"[PREMIUM]","SEL",false,false,"[PREMIUM]",,,,,,,,"[PREMIUM]"
"68370816","2026-09-16 23:08:45.773","2026-09-28 06:57:53.547","68370816","2026-09-17 14:31:37.000","[PREMIUM]","191","WI - APPLETON","2026-09-28","MONDAY","1200","CDT","0","V",2014,"CHEVROLET","SONIC","SONIC","HATCHBACK 4DR","WHITE","SIDE",,"WI","BP","YES","E",159871,"A","[PREMIUM]",8141.19,"1.4L 4","FRONT WHEEL DRIVE","AUTOMATIC","GAS",4,"DEFAULT","Pure Sale","[PREMIUM]",,"APPLETON","WI","54914 9012","USA","USD","[PREMIUM]","[PREMIUM]","D010",false,"[PREMIUM]","RS",false,false,"[PREMIUM]",,,,,,,,"[PREMIUM]"
"68269156","2026-09-16 23:08:45.595","2026-09-28 06:57:53.373","68269156","2026-09-25 19:49:18.000","[PREMIUM]","191","WI - APPLETON","2026-09-28","MONDAY","1200","CDT","0","V",2014,"FORD","FIESTA","FIESTA","HATCHBACK 4DR","WHITE","REAR END",,"WI","CT","YES","D",140758,"A","[PREMIUM]",4329.55,"1.6L 4","FRONT WHEEL DRIVE","AUTOMATIC","GAS",4,"Run & Drive Verified","Pure Sale","[PREMIUM]",,"APPLETON","WI","54914 9012","USA","USD","[PREMIUM]","[PREMIUM]","A050",false,"[PREMIUM]","TITANIUM",false,false,"[PREMIUM]",,,,,,,,"[PREMIUM]"
"68243076","2026-09-16 23:08:45.593","2026-09-21 02:36:12.123","68243076","2026-09-16 21:35:16.000","[PREMIUM]","855","WHOLESALE AUCTION",,,,"EDT","0","V",2014,"FORD","FLEX","FLEX","4DR SPORT UTILITY","SILVER","SIDE",,"WV","CT","YES","D",157076,"A","[PREMIUM]",0,"3.5L 6","ALL WHEEL DRIVE","AUTOMATIC","GAS",6,"Run & Drive Verified","On Approval","[PREMIUM]",,"APPLETON","WI","54914 9012","USA","USD","[PREMIUM]","[PREMIUM]","C070",false,"[PREMIUM]","LIMITED",false,true,"[PREMIUM]",,,,,,3,"Other,Emission","[PREMIUM]"
"67860086","2026-09-16 23:08:45.426","2026-09-21 02:36:11.960","67860086","2026-09-17 15:56:07.000","[PREMIUM]","191","WI - APPLETON","2026-09-21","MONDAY","1200","CDT","0","V",2018,"TOYOTA","RAV4","RAV4","SPORT UTILITY VEHICLE","PURPLE","FRONT END",,"WI","CT","YES","D",163589,"A","[PREMIUM]",8168.42,"2.5L 4","ALL WHEEL DRIVE","AUTOMATIC","GAS",4,"Run & Drive Verified","Pure Sale","[PREMIUM]",,"APPLETON","WI","54914 9012","USA","USD","[PREMIUM]","[PREMIUM]","B050",false,"[PREMIUM]","LE",false,false,"[PREMIUM]",,,,,,,,"[PREMIUM]"
"67868466","2026-09-16 23:08:45.398","2026-09-27 20:36:25.719","67868466","2026-09-24 13:36:29.000","[PREMIUM]","191","WI - APPLETON","2026-09-28","MONDAY","1200","CDT","0","V",2015,"AUDI","A4","A4","SEDAN 4DR","BLACK","REAR END","SIDE","WI","BP","YES","S",149708,"A","[PREMIUM]",13000,"2.0L 4","ALL WHEEL DRIVE","AUTOMATIC","FLEXIBLE                      ",4,"Vehicle Starts","Pure Sale","[PREMIUM]",,"APPLETON","WI","54914 9012","USA","USD","[PREMIUM]","[PREMIUM]","C040",false,"[PREMIUM]","PREMIUM",false,false,"[PREMIUM]",,,,,,,,"[PREMIUM]"
"67657286","2026-09-16 23:08:45.266","2026-09-21 02:36:11.808","67657286","2026-09-17 16:11:07.000","[PREMIUM]","191","WI - APPLETON","2026-09-21","MONDAY","1200","CDT","0","V",2014,"SUBARU","XV","XV CROSSTREK","4DR SPORT UTILITY","ORANGE","FRONT END",,"WI","CT","YES","D",145232,"A","[PREMIUM]",6797,"2.0L 4","ALL WHEEL DRIVE","AUTOMATIC","GAS",4,"Run & Drive Verified","Pure Sale","[PREMIUM]",,"APPLETON","WI","54914 9012","USA","USD","[PREMIUM]","[PREMIUM]","E010",false,"[PREMIUM]","2.0 PREMIUM",false,false,"[PREMIUM]",,,,,,,,"[PREMIUM]"
"67675466","2026-09-16 23:08:45.239","2026-09-21 02:36:11.793","67675466","2026-09-17 16:24:38.000","[PREMIUM]","191","WI - APPLETON","2026-09-21","MONDAY","1200","CDT","0","V",2017,"SUBARU","OUTBACK","OUTBACK","SPORT UTILITY VEHICLE","BLACK","FRONT END",,"WI","CT","YES","D",97751,"A","[PREMIUM]",11444,"2.5L 4","ALL WHEEL DRIVE","AUTOMATIC","GAS",4,"Run & Drive Verified","Pure Sale","[PREMIUM]",,"APPLETON","WI","54914 9012","USA","USD","[PREMIUM]","[PREMIUM]","A050",false,"[PREMIUM]","2.5I LIMITED",false,false,"[PREMIUM]",,,,,,,,"[PREMIUM]"
"67447126","2026-09-16 23:08:45.128","2026-09-21 02:36:11.635","67447126","2026-09-17 14:28:37.000","[PREMIUM]","191","WI - APPLETON","2026-09-21","MONDAY","1200","CDT","0","V",2015,"CHEVROLET","MALIBU","MALIBU","SEDAN 4DR","SILVER","FRONT END",,"WI","BP","YES","D",196701,"A","[PREMIUM]",7109.01,"2.5L 4","FRONT WHEEL DRIVE","AUTOMATIC","GAS",4,"Run & Drive Verified","Pure Sale","[PREMIUM]",,"APPLETON","WI","54914 9012","USA","USD","[PREMIUM]","[PREMIUM]","D070",false,"[PREMIUM]","2LT",false,false,"[PREMIUM]",,,,,,,,"[PREMIUM]"
"67331826","2026-09-16 23:08:45.033","2026-09-21 02:36:11.473","67331826","2026-09-17 13:32:36.000","[PREMIUM]","191","WI - APPLETON","2026-09-21","MONDAY","1200","CDT","0","V",2005,"LEXUS","ES","ES",,"WHITE","FRONT END",,"WI","BP","YES","D",165785,"E","[PREMIUM]",7904,,,"AUTOMATIC",,,"Run & Drive Verified","Pure Sale","[PREMIUM]",,"APPLETON","WI","54914 9012","USA","USD","[PREMIUM]","[PREMIUM]","A050",false,"[PREMIUM]","330",false,false,"[PREMIUM]",,,,,,,,"[PREMIUM]"
"66991406","2026-09-16 23:08:44.863","2026-09-21 02:36:11.144","66991406","2026-09-17 15:02:06.000","[PREMIUM]","191","WI - APPLETON","2026-09-21","MONDAY","1200","CDT","0","V",2014,"CHEVROLET","ALL Models","SILVERADO","4DR EXT CAB PICKUP","BURGUNDY","REAR END","FRONT END","WI","BP","YES","D",35754,"A","[PREMIUM]",30000,"5.3L 8","4X4 W/REAR WHEEL DRV","AUTOMATIC","GAS",8,"Run & Drive Verified","Pure Sale","[PREMIUM]",,"APPLETON","WI","54914 9012","USA","USD","[PREMIUM]","[PREMIUM]","A040",false,"[PREMIUM]","K1500 LTZ",false,false,"[PREMIUM]",,,,,,,,"[PREMIUM]"
"67003146","2026-09-16 23:08:44.860","2026-09-28 06:57:52.475","67003146","2026-09-17 18:51:39.000","[PREMIUM]","191","WI - APPLETON","2026-09-28","MONDAY","1200","CDT","0","V",2014,"CHEVROLET","IMPALA","IMPALA","SEDAN 4DR","BLACK","FRONT END",,"WI","CT","YES","D",107007,"A","[PREMIUM]",7858.13,"3.6L 6","FRONT WHEEL DRIVE","AUTOMATIC","GAS",6,"Run & Drive Verified","Pure Sale","[PREMIUM]",,"APPLETON","WI","54914 9012","USA","USD","[PREMIUM]","[PREMIUM]","C080",false,"[PREMIUM]","LT",false,false,"[PREMIUM]",,,,,,,,"[PREMIUM]"
"66970946","2026-09-16 23:08:44.848","2026-09-21 02:36:11.170","66970946","2026-09-17 13:22:36.000","[PREMIUM]","191","WI - APPLETON","2026-09-21","MONDAY","1200","CDT","0","V",2011,"FORD","TAURUS","TAURUS","SEDAN 4DR","SILVER","FRONT END",,"WI","BP","YES","D",213324,"A","[PREMIUM]",7197,"3.5L 6","FRONT WHEEL DRIVE","AUTOMATIC","GAS",6,"Run & Drive Verified","Pure Sale","[PREMIUM]",,"APPLETON","WI","54914 9012","USA","USD","[PREMIUM]","[PREMIUM]","C100",false,"[PREMIUM]","SEL",false,false,"[PREMIUM]",,,,,,,,"[PREMIUM]"
"66356286","2026-09-16 23:08:44.301","2026-09-21 02:36:10.722","66356286","2026-09-17 13:49:43.000","[PREMIUM]","191","WI - APPLETON","2026-09-21","MONDAY","1200","CDT","0","V",2014,"KIA","OPTIMA","OPTIMA","SEDAN","GRAY","MINOR DENT/SCRATCHES",,"WI","BP","YES","D",149291,"A","[PREMIUM]",9970,"2.4L 4","FRONT WHEEL DRIVE","AUTOMATIC","GAS",4,"Run & Drive Verified","Pure Sale","[PREMIUM]",,"APPLETON","WI","54914 9012","USA","USD","[PREMIUM]","[PREMIUM]","B020",false,"[PREMIUM]","LX",false,false,"[PREMIUM]",,,,,,,,"[PREMIUM]"
"66278976","2026-09-16 23:08:44.282","2026-09-28 06:57:52.137","66278976","2026-09-18 19:24:10.000","[PREMIUM]","191","WI - APPLETON","2026-09-28","MONDAY","1200","CDT","0","V",2019,"JEEP","COMPASS","COMPASS","SPORT UTILITY VEHICLE","BLACK","SIDE",,"WI","CT","YES","D",136863,"A","[PREMIUM]",10425.71,"2.4L 4","4X4 W/FRONT WHL DRV","AUTOMATIC","GAS",4,"Run & Drive Verified","Pure Sale","[PREMIUM]",,"APPLETON","WI","54914 9012","USA","USD","[PREMIUM]","[PREMIUM]","B080",false,"[PREMIUM]","LATITUDE",false,false,"[PREMIUM]",,,,,,,,"[PREMIUM]"
"65695296","2026-09-16 23:08:44.000","2026-09-21 02:36:10.396","65695296","2026-09-17 16:25:38.000","[PREMIUM]","191","WI - APPLETON","2026-09-21","MONDAY","1200","CDT","0","V",2021,"HONDA","ACCORD","ACCORD","SEDAN","GRAY","FRONT END",,"WI","SC","YES","E",0,"N","[PREMIUM]",18854.06,"2.0L 4","FRONT WHEEL DRIVE","AUTOMATIC","ELECTRIC AND GAS HYBRID",4,"DEFAULT","Pure Sale","[PREMIUM]",,"APPLETON","WI","54914 9012","USA","USD","[PREMIUM]","[PREMIUM]","D010",false,"[PREMIUM]","TOURING HYBRID",false,false,"[PREMIUM]",,,,,,,,"[PREMIUM]"
"65125426","2026-09-16 23:08:43.875","2026-09-21 02:36:10.074","65125426","2026-09-17 14:00:38.000","[PREMIUM]","191","WI - APPLETON","2026-09-21","MONDAY","1200","CDT","0","V",2013,"CADILLAC","ESCALADE","ESCALADE","4DR SPORT UTILITY","WHITE","FRONT END",,"WI","BP","YES","D",145165,"A","[PREMIUM]",10400,"6.2L 8","ALL WHEEL DRIVE","AUTOMATIC","FLEXIBLE",8,"Run & Drive Verified","Pure Sale","[PREMIUM]",,"APPLETON","WI","54914 9012","USA","USD","[PREMIUM]","[PREMIUM]","B080",false,"[PREMIUM]","PREMIUM",false,false,"[PREMIUM]",,,,,,,,"[PREMIUM]"
"65161276","2026-09-16 23:08:43.872","2026-09-28 06:57:51.890","65161276","2026-09-17 17:10:06.000","[PREMIUM]","191","WI - APPLETON","2026-09-28","MONDAY","1200","CDT","0","V",2024,"BUICK","ALL OTHER","ENVISTA","SPORT UTILITY VEHICLE","GRAY","VANDALISM",,"WI","SC","YES","D",0,"N","[PREMIUM]",18790.31,"1.2L 3","FRONT WHEEL DRIVE","AUTOMATIC","GAS",3,"Run & Drive Verified","Pure Sale","[PREMIUM]",,"APPLETON","WI","54914 9012","USA","USD","[PREMIUM]","[PREMIUM]","C010",false,"[PREMIUM]","AVENIR",false,false,"[PREMIUM]",,,,,,,,"[PREMIUM]"
"65105976","2026-09-16 23:08:43.779","2026-09-23 03:32:43.232","65105976","2026-09-17 16:04:10.000","[PREMIUM]","835","MEDIUM DUTY SPECIALTY SALE","2026-09-23","WEDNESDAY","1100","CDT","0","K",2024,"FORD","TRANSIT","TRANSIT","VAN CARGO","WHITE","SIDE",,"WI","SC","YES","D",25290,"A","[PREMIUM]",37092.17,"3.5L 6","ALL WHEEL DRIVE","AUTOMATIC","GAS",6,"Run & Drive Verified","Pure Sale","[PREMIUM]",,"APPLETON","WI","54914 9012","USA","USD","[PREMIUM]","[PREMIUM]","HV020",false,"[PREMIUM]","T-250",false,false,"[PREMIUM]",,,,,,,,"[PREMIUM]"
"64995406","2026-09-16 23:08:43.732","2026-09-21 02:36:09.896","64995406","2026-09-17 13:56:06.000","[PREMIUM]","191","WI - APPLETON","2026-09-21","MONDAY","1200","CDT","0","V",2020,"TOYOTA","COROLLA","COROLLA","SEDAN","BLUE","FRONT END",,"WI","BP","YES","D",142929,"A","[PREMIUM]",7249.1,"1.8L 4","FRONT WHEEL DRIVE","AUTOMATIC","GAS",4,"Run & Drive Verified","Pure Sale","[PREMIUM]",,"APPLETON","WI","54914 9012","USA","USD","[PREMIUM]","[PREMIUM]","C030",false,"[PREMIUM]","LE",false,false,"[PREMIUM]",,,,,,,,"[PREMIUM]"
"63781706","2026-09-16 23:08:43.169","2026-09-28 06:57:51.009","63781706","2026-09-23 21:37:28.000","[PREMIUM]","191","WI - APPLETON","2026-09-28","MONDAY","1200","CDT","0","V",2017,"TOYOTA","CAMRY","CAMRY","SEDAN","GRAY","SIDE","REAR END","WI","CT","YES","D",138064,"A","[PREMIUM]",10677.36,"2.5L 4","FRONT WHEEL DRIVE","AUTOMATIC","GAS",4,"Run & Drive Verified","Pure Sale","[PREMIUM]",,"APPLETON","WI","54914 9012","USA","USD","[PREMIUM]","[PREMIUM]","B050",false,"[PREMIUM]","SE",false,false,"[PREMIUM]",,,,,,,,"[PREMIUM]"
"63534606","2026-09-16 23:08:42.955","2026-09-28 06:57:50.904","63534606","2026-09-23 21:40:04.000","[PREMIUM]","191","WI - APPLETON","2026-09-28","MONDAY","1200","CDT","0","V",2010,"MAZDA","6","6","SEDAN 4DR","BLACK","TOP/ROOF","FRONT END","WI","CT","YES","D",113262,"E","[PREMIUM]",5233.91,"2.5L 4","FRONT WHEEL DRIVE","AUTOMATIC","GAS",4,"Run & Drive Verified","Pure Sale","[PREMIUM]",,"APPLETON","WI","54914 9012","USA","USD","[PREMIUM]","[PREMIUM]","A050",false,"[PREMIUM]","I",false,false,"[PREMIUM]",,,,,,,,"[PREMIUM]"
"62208606","2026-09-16 23:08:42.701","2026-09-21 02:36:08.592","62208606","2026-09-17 16:01:06.000","[PREMIUM]","191","WI - APPLETON","2026-09-21","MONDAY","1200","CDT","0","V",2017,"FORD","ESCAPE","ESCAPE","4DR SPORT UTILITY","BLUE","FRONT END",,"WI","CT","YES","D",87559,"A","[PREMIUM]",7201.62,"2.5L 4","FRONT WHEEL DRIVE","AUTOMATIC","GAS",4,"Run & Drive Verified","Pure Sale","[PREMIUM]",,"APPLETON","WI","54914 9012","USA","USD","[PREMIUM]","[PREMIUM]","A040",false,"[PREMIUM]","S",false,false,"[PREMIUM]",,,,,,,,"[PREMIUM]"
"59785276","2026-09-16 23:08:42.365","2026-09-21 02:36:08.137","59785276","2026-09-17 16:34:08.000","[PREMIUM]","191","WI - APPLETON","2026-09-21","MONDAY","1200","CDT","0","V",2020,"CHEVROLET","SILVERADO","SILVERADO","PICKUP","WHITE","FRONT END",,"WI","SC","YES","D",164834,"A","[PREMIUM]",20186.42,"5.3L 8","4X4 W/REAR WHEEL DRV","AUTOMATIC","GAS",8,"Run & Drive Verified","On Minimum Bid","[PREMIUM]",,"APPLETON","WI","54914 9012","USA","USD","[PREMIUM]","[PREMIUM]","B100",false,"[PREMIUM]","C1500 HEAVY DUTY",false,false,"[PREMIUM]",,,,,,,,"[PREMIUM]"
"69250466","2026-09-16 23:08:41.627","2026-09-29 08:34:57.928","69250466","2026-09-28 19:59:03.000","[PREMIUM]","190","CA - NAPA","2026-10-05","MONDAY","1200","PDT","0","V",2014,"CHEVROLET","EQUINOX","EQUINOX","4DR SPORT UTILITY","WHITE","MECHANICAL",,"CA","DV","YES","E",169095,"A","[PREMIUM]",0,"2.4L 4","FRONT WHEEL DRIVE","AUTOMATIC","FLEXIBLE                      ",4,"DEFAULT","On Minimum Bid","[PREMIUM]",,"AMERICAN CANYON","CA","94503","USA","USD","[PREMIUM]","[PREMIUM]","J080",true,"[PREMIUM]","LTZ",false,false,"[PREMIUM]",,,,,,,,"[PREMIUM]"
"68713676","2026-09-16 23:08:41.402","2026-09-29 03:32:53.259","68713676","2026-09-29 02:28:05.000","[PREMIUM]","190","CA - NAPA","2026-10-05","MONDAY","1200","PDT","0","K",1982,"VOLKSWAGEN","MINIVAN","VANAGON","SPORTS VAN","TAN","REAR END","SIDE","CA","DL","NO",,83165,"E","[PREMIUM]",0,"2.0L 4","REAR WHEEL DRIVE","AUTOMATIC","GAS",4,,"On Approval","[PREMIUM]",,"AMERICAN CANYON","CA","94503","USA","USD","[PREMIUM]","[PREMIUM]","I070",false,"[PREMIUM]","CAMPMOBILE",false,false,"[PREMIUM]",,,,,,,,"[PREMIUM]"
"68686646","2026-09-16 23:08:41.356","2026-09-21 02:36:06.471","68686646","2026-09-17 21:27:11.000","[PREMIUM]","190","CA - NAPA","2026-09-21","MONDAY","1200","PDT","0","V",2017,"TESLA","MODEL S","MODEL S","HATCHBACK","SILVER","FRONT END",,"CA","SC","YES","D",115825,"A","[PREMIUM]",0,,"REAR WHEEL DRIVE","AUTOMATIC","ELECTRIC",,"Run & Drive Verified","On Approval","[PREMIUM]",,"AMERICAN CANYON","CA","94503","USA","USD","[PREMIUM]","[PREMIUM]","F110",false,"[PREMIUM]",,false,false,"[PREMIUM]",,,,,,,,"[PREMIUM]"
"68713896","2026-09-16 23:08:41.326","2026-09-29 08:34:57.620","68713896","2026-09-29 02:41:20.000","[PREMIUM]","190","CA - NAPA","2026-10-08","THURSDAY","1200","PDT","0","V",2017,"HYUNDAI","ELANTRA","ELANTRA","SEDAN","BLUE","FRONT END","REAR END","CA","LQ","NO","E",0,"N","[PREMIUM]",0,"2.0L 4","FRONT WHEEL DRIVE","AUTOMATIC","GAS",4,"DEFAULT","On Minimum Bid","[PREMIUM]",,"AMERICAN CANYON","CA","94503","USA","USD","[PREMIUM]","[PREMIUM]","SHOP1",true,"[PREMIUM]","SE",false,false,"[PREMIUM]",,,,,,,,"[PREMIUM]"
"67739716","2026-09-16 23:08:40.618","2026-09-21 02:36:05.544","67739716","2026-09-17 21:27:08.000","[PREMIUM]","190","CA - NAPA","2026-09-21","MONDAY","1200","PDT","0","V",2011,"TOYOTA","PRIUS THRE","PRIUS","HATCHBACK","GRAY","FRONT END","SIDE","CA","SC","YES","E",160386,"A","[PREMIUM]",0,"1.8L 4","FRONT WHEEL DRIVE","AUTOMATIC","ELECTRIC AND GAS HYBRID",4,"DEFAULT","Pure Sale","[PREMIUM]",,"AMERICAN CANYON","CA","94503","USA","USD","[PREMIUM]","[PREMIUM]","L110",false,"[PREMIUM]","THREE",false,false,"[PREMIUM]",,,,,,,,"[PREMIUM]"
"67834126","2026-09-16 23:08:40.591","2026-09-21 02:36:05.666","67834126","2026-09-17 21:34:34.000","[PREMIUM]","190","CA - NAPA","2026-09-21","MONDAY","1200","PDT","0","V",2013,"HONDA","CIVIC","CIVIC","SEDAN 4DR","CHARCOAL","FRONT END",,"CA","SC","YES","D",136079,"A","[PREMIUM]",0,"1.8L 4","FRONT WHEEL DRIVE","AUTOMATIC","GAS",4,"Run & Drive Verified","Pure Sale","[PREMIUM]",,"AMERICAN CANYON","CA","94503","USA","USD","[PREMIUM]","[PREMIUM]","E110",false,"[PREMIUM]","LX",false,false,"[PREMIUM]",,,,,,,,"[PREMIUM]"
"67347036","2026-09-16 23:08:40.097","2026-09-24 02:46:58.462","67347036","2026-09-21 23:18:41.000","[PREMIUM]","190","CA - NAPA","2026-09-24","THURSDAY","1200","PDT","0","V",2019,"FORD","FUSION","FUSION","SEDAN","WHITE","FRONT END","SIDE","CA","SC","YES","S",96696,"N","[PREMIUM]",0,"2.0L 4","FRONT WHEEL DRIVE","AUTOMATIC","ELECTRIC AND GAS HYBRID",4,"Vehicle Starts","Pure Sale","[PREMIUM]",,"AMERICAN CANYON","CA","94503","USA","USD","[PREMIUM]","[PREMIUM]","J110",false,"[PREMIUM]","SE",false,false,"[PREMIUM]",,,,,,,,"[PREMIUM]"
"66769456","2026-09-16 23:08:39.638","2026-09-16 23:08:39.638","66769456","2026-09-16 21:34:11.000","[PREMIUM]","190","CA - NAPA",,,,"PDT","0","V",2018,"HONDA","CLARITY","CLARITY","SEDAN","GRAY","REAR END",,"CA","SC","YES","D",109259,"N","[PREMIUM]",0,"1.5L 4","FRONT WHEEL DRIVE","AUTOMATIC","ELECTRIC AND GAS HYBRID",4,"Run & Drive Verified","Pure Sale","[PREMIUM]",,"AMERICAN CANYON","CA","94503","USA","USD","[PREMIUM]","[PREMIUM]","C020",false,"[PREMIUM]",,false,false,"[PREMIUM]",,,,,,,,"[PREMIUM]"
"65932586","2026-09-16 23:08:39.251","2026-09-21 02:36:03.786","65932586","2026-09-17 21:26:43.000","[PREMIUM]","190","CA - NAPA","2026-09-21","MONDAY","1200","PDT","0","V",2009,"TOYOTA","SIENNA","SIENNA","MINI-VAN","SILVER","FRONT END",,"CA","SC","YES","D",190589,"A","[PREMIUM]",0,"3.5L 6","FRONT WHEEL DRIVE","AUTOMATIC","GAS",6,"Run & Drive Verified","Pure Sale","[PREMIUM]",,"AMERICAN CANYON","CA","94503","USA","USD","[PREMIUM]","[PREMIUM]","I080",false,"[PREMIUM]","LE 8-PASSENGER",false,false,"[PREMIUM]",,,,,,,,"[PREMIUM]"
"65571106","2026-09-16 23:08:38.747","2026-09-21 02:36:03.616","65571106","2026-09-17 21:26:35.000","[PREMIUM]","190","CA - NAPA","2026-09-21","MONDAY","1200","PDT","0","V",2018,"NISSAN","ALTIMA","ALTIMA","SEDAN","GRAY","REAR END","FRONT END","CA","SC","YES","D",110037,"A","[PREMIUM]",0,"2.5L 4","FRONT WHEEL DRIVE","AUTOMATIC","GAS",4,"Run & Drive Verified","Pure Sale","[PREMIUM]",,"AMERICAN CANYON","CA","94503","USA","USD","[PREMIUM]","[PREMIUM]","C100",false,"[PREMIUM]","2.5 S",false,false,"[PREMIUM]",,,,,,,,"[PREMIUM]"
"64595176","2026-09-16 23:08:38.219","2026-09-24 03:33:21.412","64595176","2026-09-23 20:41:07.000","[PREMIUM]","190","CA - NAPA","2026-09-24","THURSDAY","1200","PDT","0","V",2007,"DODGE","CHARGER SE","CHARGER",,"WHITE","FRONT END",,"CA","SC","YES","D",173089,"A","[PREMIUM]",3238,,,"AUTOMATIC",,,"Run & Drive Verified","On Minimum Bid","[PREMIUM]",,"AMERICAN CANYON","CA","94503","USA","USD","[PREMIUM]","[PREMIUM]","L060",false,"[PREMIUM]","SE",false,false,"[PREMIUM]",,,,,,,,"[PREMIUM]"
"59738846","2026-09-16 23:08:36.694","2026-09-24 02:46:54.863","59738846","2026-09-23 20:51:07.000","[PREMIUM]","190","CA - NAPA","2026-09-24","THURSDAY","1200","PDT","0","V",2012,"HONDA","ACCORD","ACCORD","SEDAN 4DR","SILVER","REAR END",,"CA","SC","YES","D",122302,"A","[PREMIUM]",0,"2.4L 4","FRONT WHEEL DRIVE","AUTOMATIC","GAS",4,"Run & Drive Verified","Pure Sale","[PREMIUM]",,"AMERICAN CANYON","CA","94503","USA","USD","[PREMIUM]","[PREMIUM]","C60",false,"[PREMIUM]","SE",false,false,"[PREMIUM]",,,,,,,,"[PREMIUM]"
"76606565","2026-09-16 23:08:35.443","2026-09-29 08:34:53.617","76606565","2026-09-27 17:57:35.000","[PREMIUM]","189","IL - SOUTHERN ILLINOIS",,,,"CDT","0","V",2015,"NISSAN","NV","NV","FULL-SIZE","BLACK","FRONT END",,"MO","SC","YES","D",211793,"A","[PREMIUM]",10815.48,"5.6L 8","4X2","AUTOMATIC","GAS",8,"Run & Drive Verified","Pure Sale","[PREMIUM]",,"CAHOKIA HEIGHTS","IL","62205 1001","USA","USD","[PREMIUM]","[PREMIUM]","SEMI8",false,"[PREMIUM]","2500 HD S",false,false,"[PREMIUM]",,,,,,,,"[PREMIUM]"
"69009566","2026-09-16 23:08:35.139","2026-09-29 08:34:51.720","69009566","2026-09-16 22:08:22.000","[PREMIUM]","189","IL - SOUTHERN ILLINOIS",,,,"CDT","0","V",2001,"LINCOLN","TOWNCAR","TOWN CAR","SEDAN 4DR","TAN","FRONT END","SIDE","IL","SC","YES","D",188174,"E","[PREMIUM]",8902.62,"4.6L 8","REAR WHEEL DRIVE","AUTOMATIC","GAS                           ",8,"Run & Drive Verified","Pure Sale","[PREMIUM]",,"CAHOKIA HEIGHTS","IL","62205 1001","USA","USD","[PREMIUM]","[PREMIUM]","F130",false,"[PREMIUM]","EXECUTIVE",false,false,"[PREMIUM]",,,,,,,,"[PREMIUM]"
"68803826","2026-09-16 23:08:35.126","2026-09-29 08:34:51.389","68803826","2026-09-16 22:08:09.000","[PREMIUM]","189","IL - SOUTHERN ILLINOIS",,,,"CDT","0","V",2011,"BUICK","REGAL","REGAL","SEDAN 4DR","BLACK","UNDERCARRIAGE","FRONT END","IL","SC","YES","D",168454,"A","[PREMIUM]",2692,"2.4L 4","FRONT WHEEL DRIVE","AUTOMATIC","GAS",4,"Run & Drive Verified","Pure Sale","[PREMIUM]",,"CAHOKIA HEIGHTS","IL","62205 1001","USA","USD","[PREMIUM]","[PREMIUM]","I090",false,"[PREMIUM]","CXL",false,false,"[PREMIUM]",,,,,,,,"[PREMIUM]"
"68795156","2026-09-16 23:08:35.123","2026-09-29 08:34:51.386","68795156","2026-09-23 22:36:51.000","[PREMIUM]","189","IL - SOUTHERN ILLINOIS",,,,"CDT","0","V",2009,"FORD","All Models","F150","4DR EXT CAB PICKUP","BLUE","FRONT END",,"IL","SC","YES","D",162076,"A","[PREMIUM]",5096.5,"4.6L 8","4X4 W/REAR WHEEL DRV","AUTOMATIC","GAS                           ",8,"Run & Drive Verified","Pure Sale","[PREMIUM]",,"CAHOKIA HEIGHTS","IL","62205 1001","USA","USD","[PREMIUM]","[PREMIUM]","U130",false,"[PREMIUM]","SUPER CAB",false,false,"[PREMIUM]",,,,,,,,"[PREMIUM]"
"69002156","2026-09-16 23:08:35.116","2026-09-28 06:57:39.957","69002156","2026-09-23 20:36:37.000","[PREMIUM]","189","IL - SOUTHERN ILLINOIS","2026-09-28","MONDAY","1200","CDT","0","V",2020,"CHEVROLET","BLAZER","BLAZER","SPORT UTILITY VEHICLE","BLUE","UNDERCARRIAGE",,"WV","SC","YES","S",90400,"A","[PREMIUM]",9565.03,"3.6L 6","FRONT WHEEL DRIVE","AUTOMATIC","GAS                           ",6,"Vehicle Starts","On Minimum Bid","[PREMIUM]",,"CAHOKIA HEIGHTS","IL","62205 1001","USA","USD","[PREMIUM]","[PREMIUM]","E060",false,"[PREMIUM]","RS",false,false,"[PREMIUM]",,,,,,,,"[PREMIUM]"
"68787626","2026-09-16 23:08:35.115","2026-09-29 08:34:51.422","68787626","2026-09-16 22:07:42.000","[PREMIUM]","189","IL - SOUTHERN ILLINOIS",,,,"CDT","0","V",2011,"CHEVROLET","SILVERADO","SILVERADO","CREW PICKUP","BLACK","FRONT END",,"IL","SC","YES","S",249590,"A","[PREMIUM]",4588.55,"4.8L 8","REAR WHEEL DRIVE","AUTOMATIC","GAS",8,"Vehicle Starts","Pure Sale","[PREMIUM]",,"CAHOKIA HEIGHTS","IL","62205 1001","USA","USD","[PREMIUM]","[PREMIUM]","N100",false,"[PREMIUM]","C1500 LS",false,false,"[PREMIUM]",,,,,,,,"[PREMIUM]"
"68878256","2026-09-16 23:08:35.113","2026-09-29 08:34:51.690","68878256","2026-09-16 22:08:01.000","[PREMIUM]","189","IL - SOUTHERN ILLINOIS",,,,"CDT","0","V",2020,"NISSAN","ALTIMA","ALTIMA","SEDAN","GRAY","HAIL",,"IL","SC","YES","D",90178,"A","[PREMIUM]",9588.7,"2.5L 4","FRONT WHEEL DRIVE","AUTOMATIC","GAS                           ",4,"Run & Drive Verified","Pure Sale","[PREMIUM]",,"CAHOKIA HEIGHTS","IL","62205 1001","USA","USD","[PREMIUM]","[PREMIUM]","H110",false,"[PREMIUM]","S",false,false,"[PREMIUM]",,,,,,,,"[PREMIUM]"
"68974166","2026-09-16 23:08:35.106","2026-09-29 08:34:51.685","68974166","2026-09-16 22:08:23.000","[PREMIUM]","189","IL - SOUTHERN ILLINOIS",,,,"CDT","0","V",2016,"GMC","YUKON","YUKON","4DR SPORT UTILITY","BLACK","FRONT END",,"IL","SC","YES","D",139886,"A","[PREMIUM]",17028,"6.2L 8","4X4 W/REAR WHEEL DRV","AUTOMATIC","GAS                           ",8,"Run & Drive Verified","Pure Sale","[PREMIUM]",,"CAHOKIA HEIGHTS","IL","62205 1001","USA","USD","[PREMIUM]","[PREMIUM]","V140",false,"[PREMIUM]","DENALI",false,false,"[PREMIUM]",,,,,,,,"[PREMIUM]"
"68683146","2026-09-16 23:08:35.004","2026-09-29 08:34:51.223","68683146","2026-09-16 22:08:08.000","[PREMIUM]","189","IL - SOUTHERN ILLINOIS",,,,"CDT","0","V",2017,"TOYOTA","All Models","SIENNA","MINI-VAN","BLACK","FRONT END","REAR END","IL","SC","YES","D",179330,"A","[PREMIUM]",8826.77,"3.5L 6","FRONT WHEEL DRIVE","AUTOMATIC","GAS                           ",6,"Run & Drive Verified","Pure Sale","[PREMIUM]",,"CAHOKIA HEIGHTS","IL","62205 1001","USA","USD","[PREMIUM]","[PREMIUM]","H100",false,"[PREMIUM]","XLE 8-PASSENGER",false,false,"[PREMIUM]",,,,,,,,"[PREMIUM]"
"68670556","2026-09-16 23:08:34.961","2026-09-28 06:57:39.554","68670556","2026-09-24 13:48:36.000","[PREMIUM]","189","IL - SOUTHERN ILLINOIS","2026-09-28","MONDAY","1200","CDT","0","V",2018,"SUBARU","FORESTER","FORESTER","SPORT UTILITY VEHICLE","BLACK","FRONT END",,"ID","SC","YES","D",105066,"A","[PREMIUM]",7989,"2.5L 4","ALL WHEEL DRIVE","AUTOMATIC","GAS",4,"Run & Drive Verified","On Minimum Bid","[PREMIUM]",,"CAHOKIA HEIGHTS","IL","62205 1001","USA","USD","[PREMIUM]","[PREMIUM]","J090",false,"[PREMIUM]","2.5I PREMIUM",false,false,"[PREMIUM]",,,,,,,,"[PREMIUM]"
"68619076","2026-09-16 23:08:34.961","2026-09-29 08:34:51.067","68619076","2026-09-23 22:37:19.000","[PREMIUM]","189","IL - SOUTHERN ILLINOIS",,,,"CDT","0","V",2003,"SUBARU","IMPREZA","IMPREZA","SEDAN 4DR","BLUE","FRONT END",,"IL","SC","YES",,171951,"A","[PREMIUM]",6010.68,"2.0L 4","ALL WHEEL DRIVE","AUTOMATIC","GAS                           ",4,,"Pure Sale","[PREMIUM]",,"CAHOKIA HEIGHTS","IL","62205 1001","USA","USD","[PREMIUM]","[PREMIUM]","U110",false,"[PREMIUM]","WRX",false,false,"[PREMIUM]",,,,,,,,"[PREMIUM]"
"68664976","2026-09-16 23:08:34.958","2026-09-29 08:34:51.239","68664976","2026-09-23 22:31:19.000","[PREMIUM]","189","IL - SOUTHERN ILLINOIS",,,,"CDT","0","V",2013,"VOLKSWAGEN","JETTA","JETTA","SEDAN 4DR","SILVER","FRONT END","SIDE","IL","SC","YES","D",141238,"A","[PREMIUM]",8078.01,"2.0L 4","FRONT WHEEL DRIVE","AUTOMATIC","GAS                           ",4,"Run & Drive Verified","Pure Sale","[PREMIUM]",,"CAHOKIA HEIGHTS","IL","62205 1001","USA","USD","[PREMIUM]","[PREMIUM]","H100",false,"[PREMIUM]","BASE",false,false,"[PREMIUM]",,,,,,,,"[PREMIUM]"
"68432376","2026-09-16 23:08:34.835","2026-09-29 08:34:50.925","68432376","2026-09-16 22:08:01.000","[PREMIUM]","189","IL - SOUTHERN ILLINOIS",,,,"CDT","0","V",2019,"BUICK","REGAL","REGAL","HATCHBACK","RED","SIDE","FRONT END","IL","SC","YES","D",73865,"A","[PREMIUM]",17704.29,"3.6L 6","ALL WHEEL DRIVE","AUTOMATIC","GAS                           ",6,"Run & Drive Verified","Pure Sale","[PREMIUM]",,"CAHOKIA HEIGHTS","IL","62205 1001","USA","USD","[PREMIUM]","[PREMIUM]","H090",false,"[PREMIUM]","GS",false,false,"[PREMIUM]",,,,,,,,"[PREMIUM]"
"68222756","2026-09-16 23:08:34.780","2026-09-29 08:34:50.641","68222756","2026-09-23 22:39:40.000","[PREMIUM]","189","IL - SOUTHERN ILLINOIS",,,,"CDT","0","V",2017,"HYUNDAI","TUCSON","TUCSON","SUV","BLACK","FRONT END",,"IL","SC","YES","D",161891,"A","[PREMIUM]",14726.59,"1.6L 4","ALL WHEEL DRIVE","AUTOMATIC","GAS                           ",4,"Run & Drive Verified","Pure Sale","[PREMIUM]",,"CAHOKIA HEIGHTS","IL","62205 1001","USA","USD","[PREMIUM]","[PREMIUM]","G110",false,"[PREMIUM]","SPORT",false,false,"[PREMIUM]",,,,,,,,"[PREMIUM]"
"68058666","2026-09-16 23:08:34.703","2026-09-29 08:34:50.264","68058666","2026-09-16 22:08:03.000","[PREMIUM]","189","IL - SOUTHERN ILLINOIS",,,,"CDT","0","V",2001,"FORD","ESCAPE","ESCAPE","4DR SPORT UTILITY","BLACK","FRONT END",,"IL","SC","YES","D",154263,"E","[PREMIUM]",3426.91,"3.0L 6","FRONT WHEEL DRIVE","AUTOMATIC","GAS",6,"Run & Drive Verified","Pure Sale","[PREMIUM]",,"CAHOKIA HEIGHTS","IL","62205 1001","USA","USD","[PREMIUM]","[PREMIUM]","M050",false,"[PREMIUM]","XLT",false,false,"[PREMIUM]",,,,,,,,"[PREMIUM]"
"68165576","2026-09-16 23:08:34.688","2026-09-29 08:34:50.504","68165576","2026-09-28 20:24:33.000","[PREMIUM]","189","IL - SOUTHERN ILLINOIS","2026-10-05","MONDAY","1200","CDT","0","V",2016,"HONDA","CIVIC","CIVIC","SEDAN 4DR","WHITE","SIDE","REAR END","WV","SC","YES","D",42026,"A","[PREMIUM]",15911,"2.0L 4","FRONT WHEEL DRIVE","AUTOMATIC","GAS",4,"Run & Drive Verified","On Minimum Bid","[PREMIUM]",,"CAHOKIA HEIGHTS","IL","62205 1001","USA","USD","[PREMIUM]","[PREMIUM]","N090",false,"[PREMIUM]","LX",false,false,"[PREMIUM]",,,,,,,,"[PREMIUM]"
"68052226","2026-09-16 23:08:34.673","2026-09-29 08:34:50.258","68052226","2026-09-16 22:08:22.000","[PREMIUM]","189","IL - SOUTHERN ILLINOIS",,,,"CDT","0","V",2019,"BUICK","ENCORE","ENCORE","SPORT UTILITY VEHICLE","WHITE","FRONT END","REAR END","IL","SC","YES","D",121649,"A","[PREMIUM]",20459,"1.4L 4","FRONT WHEEL DRIVE","AUTOMATIC","GAS",4,"Run & Drive Verified","Pure Sale","[PREMIUM]",,"CAHOKIA HEIGHTS","IL","62205 1001","USA","USD","[PREMIUM]","[PREMIUM]","H080",false,"[PREMIUM]","PREFERRED",false,false,"[PREMIUM]",,,,,,,,"[PREMIUM]"
"68085836","2026-09-16 23:08:34.669","2026-09-29 08:34:50.380","68085836","2026-09-16 22:08:09.000","[PREMIUM]","189","IL - SOUTHERN ILLINOIS",,,,"CDT","0","V",2017,"GMC","ACADIA DEN","ACADIA","4DR SPORT UTILITY","WHITE","FRONT END","SIDE","IL","SC","YES","D",145488,"A","[PREMIUM]",9327.79,"3.6L 6","ALL WHEEL DRIVE","AUTOMATIC","GAS",6,"Run & Drive Verified","Pure Sale","[PREMIUM]",,"CAHOKIA HEIGHTS","IL","62205 1001","USA","USD","[PREMIUM]","[PREMIUM]","F020",false,"[PREMIUM]","DENALI",false,false,"[PREMIUM]",,,,,,,,"[PREMIUM]"
"67909116","2026-09-16 23:08:34.574","2026-09-29 08:34:49.964","67909116","2026-09-16 22:07:01.000","[PREMIUM]","189","IL - SOUTHERN ILLINOIS",,,,"CDT","0","V",2016,"NISSAN","MAXIMA","MAXIMA","SEDAN","GRAY","WATER/FLOOD",,"IL","FS","YES","D",163072,"A","[PREMIUM]",20850,"3.5L 6","FRONT WHEEL DRIVE","AUTOMATIC","GAS",6,"Run & Drive Verified","Pure Sale","[PREMIUM]",,"CAHOKIA HEIGHTS","IL","62205 1001","USA","USD","[PREMIUM]","[PREMIUM]","H070",false,"[PREMIUM]","3.5 SL",false,false,"[PREMIUM]",,,,,,,,"[PREMIUM]"
"67857726","2026-09-16 23:08:34.437","2026-09-29 08:34:49.969","67857726","2026-09-16 22:08:07.000","[PREMIUM]","189","IL - SOUTHERN ILLINOIS",,,,"CDT","0","V",2016,"DODGE","CARAVAN","GRAND CARAVAN","SPORTS VAN","MAROON","SIDE","FRONT END","IL","SC","YES","S",227694,"A","[PREMIUM]",0,"3.6L 6","FRONT WHEEL DRIVE","AUTOMATIC","FLEXIBLE                      ",6,"Vehicle Starts","Pure Sale","[PREMIUM]",,"CAHOKIA HEIGHTS","IL","62205 1001","USA","USD","[PREMIUM]","[PREMIUM]","G110",false,"[PREMIUM]","SXT",false,false,"[PREMIUM]",,,,,,,,"[PREMIUM]"
"67836336","2026-09-16 23:08:34.423","2026-09-29 20:32:54.587","67836336","2026-09-24 16:08:53.000","[PREMIUM]","189","IL - SOUTHERN ILLINOIS","2026-09-30","WEDNESDAY","1200","CDT","0","V",2013,"FORD","EDGE","EDGE","4DR SPORT UTILITY","BURGUNDY","UNDERCARRIAGE",,"TN","SC","YES","S",259270,"A","[PREMIUM]",4790,"3.5L 6","FRONT WHEEL DRIVE","AUTOMATIC","GAS                           ",6,"Vehicle Starts","Pure Sale","[PREMIUM]",,"CAHOKIA HEIGHTS","IL","62205 1001","USA","USD","[PREMIUM]","[PREMIUM]","H110",false,"[PREMIUM]","SEL",false,false,"[PREMIUM]",,,,,,,,"[PREMIUM]"
"67755846","2026-09-16 23:08:34.278","2026-09-29 08:34:49.639","67755846","2026-09-16 22:06:32.000","[PREMIUM]","189","IL - SOUTHERN ILLINOIS",,,,"CDT","0","V",2012,"KIA","All Models","SEDONA","SPORTS VAN","GRAY","SIDE",,"IL","SC","YES","D",145534,"A","[PREMIUM]",5394,"3.5L 6","FRONT WHEEL DRIVE","AUTOMATIC","GAS",6,"Run & Drive Verified","Pure Sale","[PREMIUM]",,"CAHOKIA HEIGHTS","IL","62205 1001","USA","USD","[PREMIUM]","[PREMIUM]","U110",false,"[PREMIUM]","LX",false,false,"[PREMIUM]",,,,,,,,"[PREMIUM]"
"67515296","2026-09-16 23:08:33.779","2026-09-29 08:34:48.989","67515296","2026-09-16 22:08:02.000","[PREMIUM]","189","IL - SOUTHERN ILLINOIS",,,,"CDT","0","V",2014,"GMC","ACADIA DEN","ACADIA","4DR SPORT UTILITY","BEIGE","SIDE","FRONT END","IL","SC","YES","D",183348,"A","[PREMIUM]",7094.18,"3.6L 6","ALL WHEEL DRIVE","AUTOMATIC","GAS                           ",6,"Run & Drive Verified","Pure Sale","[PREMIUM]",,"CAHOKIA HEIGHTS","IL","62205 1001","USA","USD","[PREMIUM]","[PREMIUM]","V110",false,"[PREMIUM]","DENALI",false,false,"[PREMIUM]",,,,,,,,"[PREMIUM]"
"67445086","2026-09-16 23:08:33.639","2026-09-29 08:34:48.705","67445086","2026-09-16 22:07:00.000","[PREMIUM]","189","IL - SOUTHERN ILLINOIS",,,,"CDT","0","V",2001,"FORD","RANGER","RANGER","CLUB CAB PICKUP","RED","FRONT END",,"IL","SC","YES","D",113906,"A","[PREMIUM]",3814.05,"4.0L 6","REAR WHEEL DRIVE","AUTOMATIC","GAS",6,"Run & Drive Verified","Pure Sale","[PREMIUM]",,"CAHOKIA HEIGHTS","IL","62205 1001","USA","USD","[PREMIUM]","[PREMIUM]","N140",false,"[PREMIUM]","SUPER CAB",false,false,"[PREMIUM]",,,,,,,,"[PREMIUM]"
"67464216","2026-09-16 23:08:33.634","2026-09-29 08:34:48.824","67464216","2026-09-25 15:45:04.000","[PREMIUM]","189","IL - SOUTHERN ILLINOIS","2026-09-30","WEDNESDAY","1200","CDT","0","V",2024,"NISSAN","ALTIMA","ALTIMA",,"WHITE","REAR END",,"IL","JT","YES","D",69379,"A","[PREMIUM]",28267,,,"AUTOMATIC",,,"Run & Drive Verified","Pure Sale","[PREMIUM]",,"CAHOKIA HEIGHTS","IL","62205 1001","USA","USD","[PREMIUM]","[PREMIUM]","M160",false,"[PREMIUM]","SV",false,false,"[PREMIUM]",,,,,,,,"[PREMIUM]"
"67476986","2026-09-16 23:08:33.625","2026-09-29 08:34:48.831","67476986","2026-09-16 22:07:02.000","[PREMIUM]","189","IL - SOUTHERN ILLINOIS",,,,"CDT","0","V",2017,"LINCOLN","MKZ","MKZ","SEDAN 4DR","BLACK","FRONT END","SIDE","IL","SC","YES","S",80284,"A","[PREMIUM]",14578,"2.0L 4","FRONT WHEEL DRIVE","AUTOMATIC","ELECTRIC AND GAS HYBRID",4,"Vehicle Starts","Pure Sale","[PREMIUM]",,"CAHOKIA HEIGHTS","IL","62205 1001","USA","USD","[PREMIUM]","[PREMIUM]","I140",false,"[PREMIUM]","HYBRID RESERVE",false,false,"[PREMIUM]",,,,,,,,"[PREMIUM]"
"66974766","2026-09-16 23:08:32.776","2026-09-29 08:34:47.715","66974766","2026-09-16 22:07:03.000","[PREMIUM]","189","IL - SOUTHERN ILLINOIS",,,,"CDT","0","V",2004,"TOYOTA","COROLLA","COROLLA","SEDAN","GRAY","FRONT END","SIDE","IL","SC","YES","D",264626,"A","[PREMIUM]",2661,"1.8L 4","FRONT WHEEL DRIVE","AUTOMATIC","GAS",4,"Run & Drive Verified","Pure Sale","[PREMIUM]",,"CAHOKIA HEIGHTS","IL","62205 1001","USA","USD","[PREMIUM]","[PREMIUM]","T170",false,"[PREMIUM]","LE",false,false,"[PREMIUM]",,,,,,,,"[PREMIUM]"
"66965996","2026-09-16 23:08:32.642","2026-09-29 08:34:47.693","66965996","2026-09-16 22:07:00.000","[PREMIUM]","189","IL - SOUTHERN ILLINOIS",,,,"CDT","0","V",2013,"FORD","F-150","F150","CREW PICKUP","WHITE","REAR END","SIDE","IL","SC","YES","D",312077,"A","[PREMIUM]",7065.02,"5.0L 8","4X4 W/REAR WHEEL DRV","AUTOMATIC","FLEXIBLE",8,"Run & Drive Verified","Pure Sale","[PREMIUM]",,"CAHOKIA HEIGHTS","IL","62205 1001","USA","USD","[PREMIUM]","[PREMIUM]","N140",false,"[PREMIUM]","SUPERCREW",false,false,"[PREMIUM]",,,,,,,,"[PREMIUM]"
"66857266","2026-09-16 23:08:32.468","2026-09-29 08:34:47.385","66857266","2026-09-28 17:51:54.000","[PREMIUM]","189","IL - SOUTHERN ILLINOIS","2026-10-05","MONDAY","1200","CDT","0","V",2006,"SCION","XB","XB","WAGON","GREEN","FRONT END",,"MO","CT","YES","E",198201,"E","[PREMIUM]",0,"1.5L 4","FRONT WHEEL DRIVE","AUTOMATIC","GAS                           ",4,"DEFAULT","On Minimum Bid","[PREMIUM]",,"CAHOKIA HEIGHTS","IL","62205 1001","USA","USD","[PREMIUM]","[PREMIUM]","D010",true,"[PREMIUM]","BASE",false,false,"[PREMIUM]",,,,,,,,"[PREMIUM]"
"66643146","2026-09-16 23:08:32.252","2026-09-29 08:34:47.102","66643146","2026-09-16 22:07:00.000","[PREMIUM]","189","IL - SOUTHERN ILLINOIS",,,,"CDT","0","V",2015,"GMC","ACADIA","ACADIA","4DR SPORT UTILITY","BURGUNDY","SIDE","REAR END","IL","SC","YES","D",226373,"A","[PREMIUM]",5132.64,"3.6L 6","ALL WHEEL DRIVE","AUTOMATIC","GAS",6,"Run & Drive Verified","Pure Sale","[PREMIUM]",,"CAHOKIA HEIGHTS","IL","62205 1001","USA","USD","[PREMIUM]","[PREMIUM]","L110",false,"[PREMIUM]","SLT-1",false,false,"[PREMIUM]",,,,,,,,"[PREMIUM]"
"66689576","2026-09-16 23:08:32.184","2026-09-29 08:34:47.132","66689576","2026-09-16 22:06:32.000","[PREMIUM]","189","IL - SOUTHERN ILLINOIS",,,,"CDT","0","V",2012,"HONDA","CIVIC","CIVIC","COUPE","BLACK","SIDE","REAR END","IL","SC","YES","D",388966,"A","[PREMIUM]",6424.71,"1.8L 4","FRONT WHEEL DRIVE","AUTOMATIC","GAS                           ",4,"Run & Drive Verified","Pure Sale","[PREMIUM]",,"CAHOKIA HEIGHTS","IL","62205 1001","USA","USD","[PREMIUM]","[PREMIUM]","F010",false,"[PREMIUM]","LX",false,false,"[PREMIUM]",,,,,,,,"[PREMIUM]"
"66589886","2026-09-16 23:08:32.030","2026-09-29 08:34:46.953","66589886","2026-09-16 22:08:06.000","[PREMIUM]","189","IL - SOUTHERN ILLINOIS",,,,"CDT","0","V",2014,"CHRYSLER","MINIVAN","TOWN & COUNTRY","SPORTS VAN","GRAY","FRONT END",,"IL","SC","YES","D",152029,"A","[PREMIUM]",4916.22,"3.6L 6","FRONT WHEEL DRIVE","AUTOMATIC","FLEXIBLE",6,"Run & Drive Verified","Pure Sale","[PREMIUM]",,"CAHOKIA HEIGHTS","IL","62205 1001","USA","USD","[PREMIUM]","[PREMIUM]","H010",false,"[PREMIUM]","TOURING",false,false,"[PREMIUM]",,,,,,,,"[PREMIUM]"
"66539806","2026-09-16 23:08:31.890","2026-09-29 08:34:46.839","66539806","2026-09-16 22:08:09.000","[PREMIUM]","189","IL - SOUTHERN ILLINOIS",,,,"CDT","0","V",2022,"CHRYSLER","PACIFICA","PACIFICA","VAN PASSENGER","BLACK","FRONT END",,"IL","SC","YES","D",87007,"A","[PREMIUM]",22072.54,"3.6L 6","FRONT WHEEL DRIVE","AUTOMATIC","FLEXIBLE",6,"Run & Drive Verified","Pure Sale","[PREMIUM]",,"CAHOKIA HEIGHTS","IL","62205 1001","USA","USD","[PREMIUM]","[PREMIUM]","J040",false,"[PREMIUM]","LIMITED",false,false,"[PREMIUM]",,,,,,,,"[PREMIUM]"
"66362476","2026-09-16 23:08:31.446","2026-09-29 08:34:46.444","66362476","2026-09-16 22:05:38.000","[PREMIUM]","189","IL - SOUTHERN ILLINOIS",,,,"CDT","0","V",2025,"TOYOTA","All Models","SIENNA",,"BLUE","ALL OVER",,"IL","SC","YES","E",38460,"A","[PREMIUM]",38686.01,,,"AUTOMATIC",,,"DEFAULT","Pure Sale","[PREMIUM]",,"CAHOKIA HEIGHTS","IL","62205 1001","USA","USD","[PREMIUM]","[PREMIUM]","J060",false,"[PREMIUM]","XLE",false,false,"[PREMIUM]",,,,,,,,"[PREMIUM]"
"66365346","2026-09-16 23:08:31.432","2026-09-29 08:34:46.448","66365346","2026-09-16 22:07:03.000","[PREMIUM]","189","IL - SOUTHERN ILLINOIS",,,,"CDT","0","V",2021,"NISSAN","ROGUE","ROGUE","SPORT UTILITY VEHICLE","BLUE","FRONT END",,"IL","SC","YES","D",93479,"A","[PREMIUM]",0,"2.5L 4","FRONT WHEEL DRIVE","AUTOMATIC","GAS",4,"Run & Drive Verified","Pure Sale","[PREMIUM]",,"CAHOKIA HEIGHTS","IL","62205 1001","USA","USD","[PREMIUM]","[PREMIUM]","M130",false,"[PREMIUM]","SL",false,false,"[PREMIUM]",,,,,,,,"[PREMIUM]"
"66277096","2026-09-16 23:08:31.212","2026-09-29 08:34:46.294","66277096","2026-09-16 22:02:58.000","[PREMIUM]","189","IL - SOUTHERN ILLINOIS",,,,"CDT","0","V",2022,"CHEVROLET","EQUINOX","EQUINOX","SPORT UTILITY VEHICLE","BLUE","REAR END",,"MO","SC","YES","D",87926,"A","[PREMIUM]",11990.46,"1.5L 4","ALL WHEEL DRIVE","AUTOMATIC","GAS",4,"Run & Drive Verified","Pure Sale","[PREMIUM]",,"CAHOKIA HEIGHTS","IL","62205 1001","USA","USD","[PREMIUM]","[PREMIUM]","M060",false,"[PREMIUM]","LT",false,false,"[PREMIUM]",,,,,,,,"[PREMIUM]"
"65898486","2026-09-16 23:08:30.163","2026-09-29 08:34:45.315","65898486","2026-09-16 22:07:02.000","[PREMIUM]","189","IL - SOUTHERN ILLINOIS",,,,"CDT","0","V",2015,"AUDI","A8","A8","SEDAN 4DR","BLACK","HAIL",,"IL","SC","YES","D",114836,"A","[PREMIUM]",3532.5,"3.0L 6","ALL WHEEL DRIVE","AUTOMATIC","GAS",6,"Run & Drive Verified","Pure Sale","[PREMIUM]",,"CAHOKIA HEIGHTS","IL","62205 1001","USA","USD","[PREMIUM]","[PREMIUM]","M120",false,"[PREMIUM]","L QUATTRO",false,false,"[PREMIUM]",,,,,,,,"[PREMIUM]"
"65802726","2026-09-16 23:08:29.680","2026-09-29 08:34:45.175","65802726","2026-09-16 22:07:02.000","[PREMIUM]","189","IL - SOUTHERN ILLINOIS",,,,"CDT","0","V",2016,"KIA","OPTIMA","OPTIMA","SEDAN 4DR","CHARCOAL","FRONT END",,"IL","SC","YES","D",114444,"A","[PREMIUM]",7960,"2.4L 4","FRONT WHEEL DRIVE","AUTOMATIC","GAS",4,"Run & Drive Verified","On Approval","[PREMIUM]",,"CAHOKIA HEIGHTS","IL","62205 1001","USA","USD","[PREMIUM]","[PREMIUM]","O010",false,"[PREMIUM]","LX",false,false,"[PREMIUM]",,,,,,,,"[PREMIUM]"
"65703456","2026-09-16 23:08:29.674","2026-09-29 08:34:44.868","65703456","2026-09-16 22:07:01.000","[PREMIUM]","189","IL - SOUTHERN ILLINOIS",,,,"CDT","0","V",2016,"CHEVROLET","ALL Models","SILVERADO","4DR EXT CAB PICKUP","RED","FRONT END","SIDE","IL","SC","YES","S",86209,"A","[PREMIUM]",13031.51,"4.3L 6","4X4 W/REAR WHEEL DRV","AUTOMATIC","GAS",6,"Vehicle Starts","Pure Sale","[PREMIUM]",,"CAHOKIA HEIGHTS","IL","62205 1001","USA","USD","[PREMIUM]","[PREMIUM]","J030",false,"[PREMIUM]","K1500",false,false,"[PREMIUM]",,,,,,,,"[PREMIUM]"
"65631356","2026-09-16 23:08:29.445","2026-09-29 08:34:44.737","65631356","2026-09-16 22:08:02.000","[PREMIUM]","189","IL - SOUTHERN ILLINOIS",,,,"CDT","0","V",2020,"FORD","ECOSPORT","ECOSPORT","SPORT UTILITY VEHICLE","RED","FRONT END",,"IL","SC","YES","D",65732,"A","[PREMIUM]",9681.25,"1.0L 3","FRONT WHEEL DRIVE","AUTOMATIC","GAS",3,"Run & Drive Verified","Pure Sale","[PREMIUM]",,"CAHOKIA HEIGHTS","IL","62205 1001","USA","USD","[PREMIUM]","[PREMIUM]","I030",false,"[PREMIUM]","SE",false,false,"[PREMIUM]",,,,,,,,"[PREMIUM]"
"65508826","2026-09-16 23:08:29.131","2026-09-29 08:34:44.412","65508826","2026-09-16 22:07:02.000","[PREMIUM]","189","IL - SOUTHERN ILLINOIS",,,,"CDT","0","V",2025,"KIA","TELLURIDE","TELLURIDE","SPORT UTILITY VEHICLE","BLACK","SIDE",,"IL","SC","YES","D",18809,"A","[PREMIUM]",23886.9,"3.8L 6","ALL WHEEL DRIVE","AUTOMATIC","GAS",6,"Run & Drive Verified","Pure Sale","[PREMIUM]",,"CAHOKIA HEIGHTS","IL","62205 1001","USA","USD","[PREMIUM]","[PREMIUM]","I120",false,"[PREMIUM]","S",false,false,"[PREMIUM]",,,,,,,,"[PREMIUM]"
"64259166","2026-09-16 23:08:26.482","2026-09-29 08:34:42.524","64259166","2026-09-16 22:08:02.000","[PREMIUM]","189","IL - SOUTHERN ILLINOIS",,,,"CDT","0","V",2020,"TOYOTA","CAMRY","CAMRY","SEDAN","TEAL","REAR END",,"IL","SC","YES","D",125650,"A","[PREMIUM]",10547.34,"2.5L 4","FRONT WHEEL DRIVE","AUTOMATIC","GAS",4,"Run & Drive Verified","Pure Sale","[PREMIUM]",,"CAHOKIA HEIGHTS","IL","62205 1001","USA","USD","[PREMIUM]","[PREMIUM]","H080",false,"[PREMIUM]","SE",false,false,"[PREMIUM]",,,,,,,,"[PREMIUM]"
"63622706","2026-09-16 23:08:25.290","2026-09-29 08:34:41.868","63622706","2026-09-16 22:08:22.000","[PREMIUM]","189","IL - SOUTHERN ILLINOIS",,,,"CDT","0","V",2017,"HYUNDAI","TUCSON","TUCSON","SUV","GRAY","VANDALISM",,"IL","SC","YES","D",141244,"A","[PREMIUM]",4000,"2.0L 4","ALL WHEEL DRIVE","AUTOMATIC","GAS",4,"Run & Drive Verified","Pure Sale","[PREMIUM]",,"CAHOKIA HEIGHTS","IL","62205 1001","USA","USD","[PREMIUM]","[PREMIUM]","M070",false,"[PREMIUM]","SE",false,false,"[PREMIUM]",,,,,,,,"[PREMIUM]"
"62347286","2026-09-16 23:08:23.590","2026-09-29 08:34:40.530","62347286","2026-09-16 22:08:05.000","[PREMIUM]","189","IL - SOUTHERN ILLINOIS",,,,"CDT","0","V",2015,"LINCOLN","MKZ","MKZ","SEDAN 4DR","BEIGE","UNDERCARRIAGE","MINOR DENT/SCRATCHES","IL","SC","YES","D",138768,"A","[PREMIUM]",6813.23,"2.0L 4","ALL WHEEL DRIVE","AUTOMATIC","GAS",4,"Run & Drive Verified","Pure Sale","[PREMIUM]",,"CAHOKIA HEIGHTS","IL","62205 1001","USA","USD","[PREMIUM]","[PREMIUM]","H140",false,"[PREMIUM]",,false,false,"[PREMIUM]",,,,,,,,"[PREMIUM]"
"62324956","2026-09-16 23:08:23.475","2026-09-29 08:34:40.538","62324956","2026-09-16 22:08:23.000","[PREMIUM]","189","IL - SOUTHERN ILLINOIS",,,,"CDT","0","V",2023,"TOYOTA","4RUNNER","4RUNNER","SUV","GRAY","WATER/FLOOD",,"IL","FS","YES","E",37718,"A","[PREMIUM]",43348,"4.0L 6","FOUR BY FOUR","AUTOMATIC","GAS",6,"DEFAULT","Pure Sale","[PREMIUM]",,"CAHOKIA HEIGHTS","IL","62205 1001","USA","USD","[PREMIUM]","[PREMIUM]","N110",false,"[PREMIUM]","TRD OFF-ROAD PREMIUM",false,false,"[PREMIUM]",,,,,,,,"[PREMIUM]"
"60791646","2026-09-16 23:08:21.967","2026-09-29 08:34:39.651","60791646","2026-09-18 22:24:30.000","[PREMIUM]","189","IL - SOUTHERN ILLINOIS",,,,"CDT","0","V",2008,"CHEVROLET","UPLANDER","UPLANDER","EXTENDED SPORT VAN","MAROON","FRONT END","SIDE","IL","SC","YES","E",0,"E","[PREMIUM]",0,"3.9L 6","FRONT WHEEL DRIVE","AUTOMATIC","FLEXIBLE",6,"DEFAULT","Pure Sale","[PREMIUM]",,"CAHOKIA HEIGHTS","IL","62205 1001","USA","USD","[PREMIUM]","[PREMIUM]","J060",false,"[PREMIUM]",,false,false,"[PREMIUM]",,,,,,,,"[PREMIUM]"
"59291786","2026-09-16 23:08:20.974","2026-09-29 08:34:39.047","59291786","2026-09-16 22:05:37.000","[PREMIUM]","189","IL - SOUTHERN ILLINOIS",,,,"CDT","0","V",2025,"VOLKSWAGEN","TAOS SE","TAOS","SPORT UTILITY VEHICLE","WHITE","UNDERCARRIAGE","REAR END","IL","SC","YES","D",2689,"A","[PREMIUM]",19393.65,"1.5L 4","ALL WHEEL DRIVE","AUTOMATIC","GAS",4,"Run & Drive Verified","Pure Sale","[PREMIUM]",,"CAHOKIA HEIGHTS","IL","62205 1001","USA","USD","[PREMIUM]","[PREMIUM]","E050",false,"[PREMIUM]","SE",false,false,"[PREMIUM]",,,,,,,,"[PREMIUM]"
"57332756","2026-09-16 23:08:19.989","2026-09-29 08:34:38.360","57332756","2026-09-16 22:08:03.000","[PREMIUM]","189","IL - SOUTHERN ILLINOIS",,,,"CDT","0","R",2015,"JAY","WHITE HAWK","WHITE HAWK",,"TAN","HAIL",,"IL","SC","EXM","E",0,"N","[PREMIUM]",19171,,,,,,"DEFAULT","Pure Sale","[PREMIUM]",,"CAHOKIA HEIGHTS","IL","62205 1001","USA","USD","[PREMIUM]","[PREMIUM]","CAMP4",false,"[PREMIUM]",,false,false,"[PREMIUM]",,,,,,,,"[PREMIUM]"
"57336646","2026-09-16 23:08:19.955","2026-09-29 08:34:38.359","57336646","2026-09-16 22:06:33.000","[PREMIUM]","189","IL - SOUTHERN ILLINOIS",,,,"CDT","0","V",2013,"CHRYSLER","MINIVAN","TOWN & COUNTRY","SPORTS VAN","BLUE","FRONT END",,"IL","SC","YES","D",171527,"A","[PREMIUM]",0,"3.6L 6","FRONT WHEEL DRIVE","AUTOMATIC","FLEXIBLE",6,"Run & Drive Verified","Pure Sale","[PREMIUM]",,"CAHOKIA HEIGHTS","IL","62205 1001","USA","USD","[PREMIUM]","[PREMIUM]","T160",false,"[PREMIUM]","TOURING L",false,false,"[PREMIUM]",,,,,,,,"[PREMIUM]"
"53971686","2026-09-16 23:08:18.978","2026-09-29 08:34:37.627","53971686","2026-09-16 22:08:21.000","[PREMIUM]","189","IL - SOUTHERN ILLINOIS",,,,"CDT","0","V",2011,"GMC","SIERRA","SIERRA","4DR EXT CAB PICKUP","GRAY","ROLLOVER","UNDERCARRIAGE","IL","SC","NO",,0,"N","[PREMIUM]",0,"6.0L 8","4X4 W/REAR WHEEL DRV","AUTOMATIC","FLEXIBLE",8,,"Pure Sale","[PREMIUM]",,"CAHOKIA HEIGHTS","IL","62205 1001","USA","USD","[PREMIUM]","[PREMIUM]","Q030",false,"[PREMIUM]","K2500 SLE",false,false,"[PREMIUM]",,,,,,,,"[PREMIUM]"
"53765556","2026-09-16 23:08:18.942","2026-09-29 08:34:37.649","53765556","2026-09-16 22:05:19.000","[PREMIUM]","189","IL - SOUTHERN ILLINOIS",,,,"CDT","0","V",2013,"DODGE","DURANGO R","DURANGO","4DR SPORT UTILITY","CHARCOAL","FRONT END","SIDE","IL","SC","YES","D",190030,"A","[PREMIUM]",8615,"5.7L 8","ALL WHEEL DRIVE","AUTOMATIC","GAS",8,"Run & Drive Verified","Pure Sale","[PREMIUM]",,"CAHOKIA HEIGHTS","IL","62205 1001","USA","USD","[PREMIUM]","[PREMIUM]","O070",false,"[PREMIUM]","R",false,false,"[PREMIUM]",,,,,,,,"[PREMIUM]"
"52752256","2026-09-16 23:08:18.702","2026-09-29 08:34:37.493","52752256","2026-09-16 22:08:07.000","[PREMIUM]","189","IL - SOUTHERN ILLINOIS",,,,"CDT","0","V",2016,"FORD","EXPLORER","EXPLORER","4DR SPORT UTILITY","SILVER","FRONT END",,"IL","SC","YES","D",183331,"A","[PREMIUM]",7174,"3.5L 6","4X4 W/FRONT WHL DRV","AUTOMATIC","GAS",6,"Run & Drive Verified","Pure Sale","[PREMIUM]",,"CAHOKIA HEIGHTS","IL","62205 1001","USA","USD","[PREMIUM]","[PREMIUM]","U150",false,"[PREMIUM]","LIMITED",false,false,"[PREMIUM]",,,,,,,,"[PREMIUM]"
"49472126","2026-09-16 23:08:18.234","2026-09-29 08:34:37.015","49472126","2026-09-16 22:08:02.000","[PREMIUM]","189","IL - SOUTHERN ILLINOIS",,,,"CDT","0","V",2016,"CHEVROLET","TRAVERSE","TRAVERSE","4DR SPORT UTILITY","WHITE","FRONT END","REAR END","IL","SC","YES","S",120263,"N","[PREMIUM]",8572.92,"3.6L 6","FRONT WHEEL DRIVE","AUTOMATIC","GAS",6,"Vehicle Starts","Pure Sale","[PREMIUM]",,"CAHOKIA HEIGHTS","IL","62205 1001","USA","USD","[PREMIUM]","[PREMIUM]","J110",false,"[PREMIUM]","LS",false,false,"[PREMIUM]",,,,,,,,"[PREMIUM]"
"49842636","2026-09-16 23:08:18.167","2026-09-29 08:34:37.191","49842636","2026-09-16 22:05:19.000","[PREMIUM]","189","IL - SOUTHERN ILLINOIS",,,,"CDT","0","V",2015,"CHEVROLET","MALIBU","MALIBU","SEDAN 4DR","CHARCOAL","REAR END","HAIL","IL","SC","YES","D",203735,"A","[PREMIUM]",4917,"2.5L 4","FRONT WHEEL DRIVE","AUTOMATIC","GAS",4,"Run & Drive Verified","Pure Sale","[PREMIUM]",,"CAHOKIA HEIGHTS","IL","62205 1001","USA","USD","[PREMIUM]","[PREMIUM]","U150",false,"[PREMIUM]","LTZ",false,false,"[PREMIUM]",,,,,,,,"[PREMIUM]"
"69032466","2026-09-16 23:08:02.903","2026-09-18 00:49:09.493","69032466","2026-09-16 21:14:28.000","[PREMIUM]","186","CA - LONG BEACH","2026-09-18","FRIDAY","1200","PDT","0","V",2018,"FORD","F150","F150","PICKUP","WHITE","ALL OVER",,"TX","DV","YES","D",80367,"A","[PREMIUM]",0,"3.5L 6","REAR WHEEL DRIVE","AUTOMATIC","GAS",6,"Run & Drive Verified","On Minimum Bid","[PREMIUM]",,"WILMINGTON","CA","90744 1609","USA","USD","[PREMIUM]","[PREMIUM]","*OFF",true,"[PREMIUM]","SUPERCREW",false,false,"[PREMIUM]","1000 E. LOMITA BLVD.","CA","WILMINGTON","90744",,,,"[PREMIUM]"
"69031296","2026-09-16 23:08:02.773","2026-09-29 21:31:03.742","69031296","2026-09-29 19:00:07.000","[PREMIUM]","883","*NCS - PACIFIC REGION","2026-09-29","TUESDAY","1800","PDT","44","V",2026,"FORD","MUSTANG","MUSTANG","CONVERTIBLE","SILVER","ALL OVER",,"CA","DV","YES","D",5230,"A","[PREMIUM]",0,"2.3L 4","REAR WHEEL DRIVE","AUTOMATIC","GAS",4,"Run & Drive Verified","On Minimum Bid","[PREMIUM]",,"WILMINGTON","CA","90744 1609","USA","USD","[PREMIUM]","[PREMIUM]","*OFF",true,"[PREMIUM]",,false,false,"[PREMIUM]","1000 E. LOMITA BLVD.","CA","WILMINGTON","90744",,,,"[PREMIUM]"
"67936216","2026-09-16 23:08:02.527","2026-09-23 03:31:59.229","67936216","2026-09-17 22:36:35.000","[PREMIUM]","186","CA - LONG BEACH","2026-09-23","WEDNESDAY","1200","PDT","0","V",2017,"NISSAN","SENTRA","SENTRA","SEDAN","BLUE","SIDE",,"CA","SC","YES","D",99188,"A","[PREMIUM]",6712.89,"1.8L 4","FRONT WHEEL DRIVE","AUTOMATIC","GAS",4,"Run & Drive Verified","Pure Sale","[PREMIUM]",,"WILMINGTON","CA","90744 1609","USA","USD","[PREMIUM]","[PREMIUM]","E040",false,"[PREMIUM]","S",false,false,"[PREMIUM]",,,,,,,,"[PREMIUM]"
"66811306","2026-09-16 23:08:02.214","2026-09-23 03:31:58.525","66811306","2026-09-17 20:38:40.000","[PREMIUM]","186","CA - LONG BEACH","2026-09-23","WEDNESDAY","1200","PDT","0","V",2015,"HONDA","CIVIC","CIVIC","SEDAN 4DR","SILVER","FRONT END","SIDE","CA","SC","YES","D",98888,"A","[PREMIUM]",13002,"1.8L 4","FRONT WHEEL DRIVE","AUTOMATIC","GAS",4,"Run & Drive Verified","Pure Sale","[PREMIUM]",,"WILMINGTON","CA","90744 1609","USA","USD","[PREMIUM]","[PREMIUM]","B030",false,"[PREMIUM]","LX",false,false,"[PREMIUM]",,,,,,,,"[PREMIUM]"
"65359826","2026-09-16 23:08:01.771","2026-09-23 03:31:57.670","65359826","2026-09-17 20:38:05.000","[PREMIUM]","186","CA - LONG BEACH","2026-09-23","WEDNESDAY","1200","PDT","0","V",2021,"PORSCHE","MACAN","MACAN","SPORT UTILITY VEHICLE","WHITE","MINOR DENT/SCRATCHES",,"CA","SC","YES","D",55207,"A","[PREMIUM]",31962.23,"2.0L 4","ALL WHEEL DRIVE","AUTOMATIC","GAS",4,"Run & Drive Verified","Pure Sale","[PREMIUM]",,"WILMINGTON","CA","90744 1609","USA","USD","[PREMIUM]","[PREMIUM]","F020",false,"[PREMIUM]",,false,false,"[PREMIUM]",,,,,,,,"[PREMIUM]"
"64825426","2026-09-16 23:08:01.690","2026-09-23 03:31:57.348","64825426","2026-09-21 15:18:34.000","[PREMIUM]","186","CA - LONG BEACH","2026-09-23","WEDNESDAY","1200","PDT","0","V",2024,"TOYOTA","COROLLA","COROLLA HYBRID","SEDAN","BLUE","UNDERCARRIAGE",,"CA","SC","YES","D",47202,"A","[PREMIUM]",13367.48,"1.8L 4","FRONT WHEEL DRIVE","AUTOMATIC","ELECTRIC AND GAS HYBRID",4,"Run & Drive Verified","Pure Sale","[PREMIUM]",,"WILMINGTON","CA","90744 1609","USA","USD","[PREMIUM]","[PREMIUM]","K080",false,"[PREMIUM]","LE",false,false,"[PREMIUM]",,,,,,,,"[PREMIUM]"
"63750636","2026-09-16 23:08:01.536","2026-09-23 03:31:56.943","63750636","2026-09-17 20:39:05.000","[PREMIUM]","186","CA - LONG BEACH","2026-09-23","WEDNESDAY","1200","PDT","0","V",2020,"KIA","SPORTAGE","SPORTAGE","SPORT UTILITY VEHICLE","WHITE","STRIPPED","FRONT END","CA","SC","EXM","D",45825,"A","[PREMIUM]",13246,"2.4L 4","FRONT WHEEL DRIVE","AUTOMATIC","GAS",4,"Run & Drive Verified","On Minimum Bid","[PREMIUM]",,"WILMINGTON","CA","90744 1609","USA","USD","[PREMIUM]","[PREMIUM]","J040",false,"[PREMIUM]","S",false,false,"[PREMIUM]",,,,,,,,"[PREMIUM]"
"63439126","2026-09-16 23:08:01.411","2026-09-23 03:31:56.940","63439126","2026-09-17 20:39:13.000","[PREMIUM]","186","CA - LONG BEACH","2026-09-23","WEDNESDAY","1200","PDT","0","V",2020,"KIA","SOUL S","SOUL",,"WHITE","SIDE",,"CA","SC","YES","D",75008,"A","[PREMIUM]",13964.61,,,,,,"Run & Drive Verified","On Minimum Bid","[PREMIUM]",,"WILMINGTON","CA","90744 1609","USA","USD","[PREMIUM]","[PREMIUM]","G040",false,"[PREMIUM]","S",false,false,"[PREMIUM]",,,,,,,,"[PREMIUM]"
"62171656","2026-09-16 23:08:01.294","2026-09-23 03:31:56.644","62171656","2026-09-17 20:39:36.000","[PREMIUM]","186","CA - LONG BEACH","2026-09-23","WEDNESDAY","1200","PDT","0","V",2023,"TESLA","MODEL Y","MODEL Y","SPORT UTILITY VEHICLE","BLUE","REAR END","FRONT END","CA","SC","YES","S",101909,"A","[PREMIUM]",34636.56,,"ALL WHEEL DRIVE","AUTOMATIC","ELECTRIC",,"Vehicle Starts","Pure Sale","[PREMIUM]",,"WILMINGTON","CA","90744 1609","USA","USD","[PREMIUM]","[PREMIUM]","G010",false,"[PREMIUM]",,false,false,"[PREMIUM]",,,,,,,,"[PREMIUM]"
"69092446","2026-09-16 23:07:56.372","2026-09-28 17:16:22.212","69092446","2026-09-23 12:39:06.000","[PREMIUM]","184","AL - MOBILE SOUTH","2026-09-29","TUESDAY","1200","CDT","0","V",2011,"CADILLAC","CTS","CTS","SEDAN 4DR","CREAM","FRONT END",,"AL","CT","NO","E",0,"N","[PREMIUM]",0,"3.0L 6","REAR WHEEL DRIVE","AUTOMATIC","GAS                           ",6,"DEFAULT","On Minimum Bid","[PREMIUM]",,"THEODORE","AL","36582","USA","USD","[PREMIUM]","[PREMIUM]","I010",true,"[PREMIUM]","PERFORMANCE COLLECTION",false,false,"[PREMIUM]",,,,,,,,"[PREMIUM]"
"69073506","2026-09-16 23:07:56.367","2026-09-22 02:46:02.970","69073506","2026-09-18 13:07:14.000","[PREMIUM]","184","AL - MOBILE SOUTH","2026-09-22","TUESDAY","1200","CDT","0","V",2006,"BMW","7 SERIES","750","SEDAN 4DR","BLACK","NORMAL WEAR",,"AL","CT","YES","D",31264,"E","[PREMIUM]",0,"4.8L 8","REAR WHEEL DRIVE","AUTOMATIC","GAS                           ",8,"Run & Drive Verified","On Minimum Bid","[PREMIUM]",,"THEODORE","AL","36582","USA","USD","[PREMIUM]","[PREMIUM]","G060",false,"[PREMIUM]","LI",false,false,"[PREMIUM]",,,,,,,,"[PREMIUM]"
"68497766","2026-09-16 23:07:56.247","2026-09-22 02:46:02.661","68497766","2026-09-16 21:04:18.000","[PREMIUM]","184","AL - MOBILE SOUTH","2026-09-22","TUESDAY","1200","CDT","0","V",2004,"FORD","F150","F150","CREW PICKUP","WHITE","MECHANICAL","MINOR DENT/SCRATCHES","AL","CT","YES","D",166573,"E","[PREMIUM]",0,"5.4L 8","REAR WHEEL DRIVE","AUTOMATIC","GAS",8,"Run & Drive Verified","On Minimum Bid","[PREMIUM]",,"THEODORE","AL","36582","USA","USD","[PREMIUM]","[PREMIUM]","I020",true,"[PREMIUM]","SUPERCREW",false,false,"[PREMIUM]",,,,,,,,"[PREMIUM]"
"68615846","2026-09-16 23:07:56.224","2026-09-29 08:34:10.947","68615846","2026-09-16 22:03:34.000","[PREMIUM]","184","AL - MOBILE SOUTH",,,,"CDT","0","V",2008,"TOYOTA","All Models","SIENNA","MINI-VAN","GOLD","REAR END",,"AL","ST","YES","D",131373,"A","[PREMIUM]",3769.82,"3.5L 6","FRONT WHEEL DRIVE","AUTOMATIC","GAS",6,"Run & Drive Verified","Pure Sale","[PREMIUM]",,"THEODORE","AL","36582","USA","USD","[PREMIUM]","[PREMIUM]","G080",false,"[PREMIUM]","LE 7-PASSENGER",false,false,"[PREMIUM]",,,,,,,,"[PREMIUM]"
"67912476","2026-09-16 23:07:56.060","2026-09-29 08:34:10.631","67912476","2026-09-16 22:03:34.000","[PREMIUM]","184","AL - MOBILE SOUTH",,,,"CDT","0","V",2014,"JEEP","GRAND CHER","GRAND CHEROKEE","4DR SPORT UTILITY","BLACK","MINOR DENT/SCRATCHES",,"AL","ST","YES","E",0,"N","[PREMIUM]",235.4,"5.7L 8","4X4 W/REAR WHEEL DRV","AUTOMATIC","GAS",8,"DEFAULT","Pure Sale","[PREMIUM]",,"THEODORE","AL","36582","USA","USD","[PREMIUM]","[PREMIUM]","G070",false,"[PREMIUM]","OVERLAND",false,false,"[PREMIUM]",,,,,,,,"[PREMIUM]"
"67672666","2026-09-16 23:07:55.965","2026-09-29 08:34:10.347","67672666","2026-09-16 22:03:34.000","[PREMIUM]","184","AL - MOBILE SOUTH",,,,"CDT","0","V",2020,"SUBARU","FORESTER","FORESTER","SPORT UTILITY VEHICLE","WHITE","FRONT END","REAR END","AL","ST","YES","D",75899,"A","[PREMIUM]",16410.14,"2.5L 4","ALL WHEEL DRIVE","AUTOMATIC","GAS",4,"Run & Drive Verified","Pure Sale","[PREMIUM]",,"THEODORE","AL","36582","USA","USD","[PREMIUM]","[PREMIUM]","K060",false,"[PREMIUM]","LIMITED",false,false,"[PREMIUM]",,,,,,,,"[PREMIUM]"
"67434016","2026-09-16 23:07:55.799","2026-09-22 02:46:02.063","67434016","2026-09-21 17:11:59.000","[PREMIUM]","833","HEAVY-TRAILER-RV CLEAN SALE","2026-09-22","TUESDAY","1100","CDT","0","R",2019,"HEARTLAND RV'S","RECREATION","RECREATIONAL VEHICLE (RV)",,"TWO TONE","MINOR DENT/SCRATCHES",,"FL","CT","NO","E",0,"N","[PREMIUM]",0,,,"NONE",,,"DEFAULT","On Approval","[PREMIUM]",,"THEODORE","AL","36582","USA","USD","[PREMIUM]","[PREMIUM]",,false,"[PREMIUM]",,false,false,"[PREMIUM]",,,,,,,,"[PREMIUM]"
"67417486","2026-09-16 23:07:55.740","2026-09-29 08:34:10.009","67417486","2026-09-16 22:04:52.000","[PREMIUM]","184","AL - MOBILE SOUTH",,,,"CDT","0","V",2010,"CHEVROLET","SILVERADO","SILVERADO","4DR EXT CAB PICKUP","RED","ALL OVER",,"FL","RB","YES","E",254679,"A","[PREMIUM]",11312.26,"4.8L 8","REAR WHEEL DRIVE","AUTOMATIC","FLEXIBLE",8,"DEFAULT","Pure Sale","[PREMIUM]",,"THEODORE","AL","36582","USA","USD","[PREMIUM]","[PREMIUM]","J030",false,"[PREMIUM]","C1500 LT",false,false,"[PREMIUM]",,,,,,,,"[PREMIUM]"
"64461776","2026-09-16 23:07:54.143","2026-09-22 02:45:59.779","64461776","2026-09-16 22:04:12.000","[PREMIUM]","184","AL - MOBILE SOUTH","2026-09-22","TUESDAY","1200","CDT","0","V",2023,"KIA","SOUL","SOUL","WAGON","CHARCOAL","FRONT END",,"AL","ST","YES","D",54732,"A","[PREMIUM]",12270.05,"2.0L 4","FRONT WHEEL DRIVE","AUTOMATIC","GAS",4,"Run & Drive Verified","Pure Sale","[PREMIUM]",,"THEODORE","AL","36582","USA","USD","[PREMIUM]","[PREMIUM]","K040",false,"[PREMIUM]","LX",false,false,"[PREMIUM]",,,,,,,,"[PREMIUM]"
"63935746","2026-09-16 23:07:53.858","2026-09-29 08:34:07.921","63935746","2026-09-18 14:38:03.000","[PREMIUM]","184","AL - MOBILE SOUTH",,,,"CDT","0","V",2022,"TOYOTA","4RUNNER","4RUNNER","SUV","WHITE","FRONT END","UNDERCARRIAGE","AL","ST","YES","D",111789,"A","[PREMIUM]",28689.84,"4.0L 6","4X2","AUTOMATIC","GAS",6,"Run & Drive Verified","Pure Sale","[PREMIUM]",,"THEODORE","AL","36582","USA","USD","[PREMIUM]","[PREMIUM]","G080",false,"[PREMIUM]","TRD SPORT",false,false,"[PREMIUM]",,,,,,,,"[PREMIUM]"
"64108416","2026-09-16 23:07:53.796","2026-09-29 08:34:08.116","64108416","2026-09-28 20:31:56.000","[PREMIUM]","184","AL - MOBILE SOUTH","2026-09-29","TUESDAY","1200","CDT","32","V",2012,"CADILLAC","CTS","CTS","COUPE","BLACK","FRONT END",,"FL","RB","YES","D",96781,"A","[PREMIUM]",11327.45,"3.6L 6","REAR WHEEL DRIVE","AUTOMATIC","GAS",6,"Run & Drive Verified","Pure Sale","[PREMIUM]",,"THEODORE","AL","36582","USA","USD","[PREMIUM]","[PREMIUM]","G060",false,"[PREMIUM]","PERFORMANCE COLLECTION",false,false,"[PREMIUM]",,,,,,,,"[PREMIUM]"
"63799646","2026-09-16 23:07:53.634","2026-09-22 02:45:59.246","63799646","2026-09-18 18:32:14.000","[PREMIUM]","184","AL - MOBILE SOUTH","2026-09-22","TUESDAY","1200","CDT","0","V",2018,"JEEP","COMPASS","COMPASS","SPORT UTILITY VEHICLE","BLUE","FRONT END","SIDE","FL","RB","YES","E",0,"N","[PREMIUM]",0,"2.4L 4","FRONT WHEEL DRIVE","AUTOMATIC","GAS",4,"DEFAULT","Pure Sale","[PREMIUM]",,"THEODORE","AL","36582","USA","USD","[PREMIUM]","[PREMIUM]","G090",false,"[PREMIUM]","LATITUDE",false,false,"[PREMIUM]",,,,,,,,"[PREMIUM]"
"63378266","2026-09-16 23:07:53.436","2026-09-29 08:34:07.751","63378266","2026-09-18 14:38:07.000","[PREMIUM]","184","AL - MOBILE SOUTH",,,,"CDT","0","V",2013,"CHEVROLET","TAHOE","TAHOE","4DR SPORT UTILITY","SILVER","FRONT END",,"AL","ST","YES","D",178393,"A","[PREMIUM]",8185,"5.3L 8","REAR WHEEL DRIVE","AUTOMATIC","FLEXIBLE",8,"Run & Drive Verified","Pure Sale","[PREMIUM]",,"THEODORE","AL","36582","USA","USD","[PREMIUM]","[PREMIUM]","H090",false,"[PREMIUM]","C1500 LT",false,false,"[PREMIUM]",,,,,,,,"[PREMIUM]"
"62937436","2026-09-16 23:07:53.298","2026-09-29 08:34:07.559","62937436","2026-09-28 20:31:56.000","[PREMIUM]","184","AL - MOBILE SOUTH","2026-09-29","TUESDAY","1200","CDT","42","V",2008,"DODGE","DAKOTA","DAKOTA","4DR EXT CAB PICKUP","WHITE","FRONT END","SIDE","FL","RB","YES","D",172703,"A","[PREMIUM]",5739.03,"3.7L 6","REAR WHEEL DRIVE","AUTOMATIC","GAS",6,"Run & Drive Verified","Pure Sale","[PREMIUM]",,"THEODORE","AL","36582","USA","USD","[PREMIUM]","[PREMIUM]","I060",false,"[PREMIUM]","SLT",false,false,"[PREMIUM]",,,,,,,,"[PREMIUM]"
"61932946","2026-09-16 23:07:52.671","2026-09-29 08:34:07.016","61932946","2026-09-16 22:03:34.000","[PREMIUM]","184","AL - MOBILE SOUTH",,,,"CDT","0","V",2015,"MERCEDES-BENZ","GLK-CLASS","GLK","4DR SPORT UTILITY","WHITE","FRONT END",,"AL","ST","YES","D",137710,"A","[PREMIUM]",7965,"3.5L 6","REAR WHEEL DRIVE","AUTOMATIC","GAS",6,"Run & Drive Verified","Pure Sale","[PREMIUM]",,"THEODORE","AL","36582","USA","USD","[PREMIUM]","[PREMIUM]","K050",false,"[PREMIUM]","350",false,false,"[PREMIUM]",,,,,,,,"[PREMIUM]"
"61633976","2026-09-16 23:07:52.657","2026-09-29 08:34:06.843","61633976","2026-09-18 14:38:11.000","[PREMIUM]","184","AL - MOBILE SOUTH",,,,"CDT","0","V",2020,"RAM","1500","1500 CLASSIC","PICKUP","SILVER","SIDE",,"AL","ST","YES","D",69694,"A","[PREMIUM]",21783.72,"3.6L 6","REAR WHEEL DRIVE","AUTOMATIC","FLEXIBLE",6,"Run & Drive Verified","Pure Sale","[PREMIUM]",,"THEODORE","AL","36582","USA","USD","[PREMIUM]","[PREMIUM]","G090",false,"[PREMIUM]","WARLOCK",false,false,"[PREMIUM]",,,,,,,,"[PREMIUM]"
"61411536","2026-09-16 23:07:52.516","2026-09-29 08:34:06.836","61411536","2026-09-16 22:03:34.000","[PREMIUM]","184","AL - MOBILE SOUTH",,,,"CDT","0","V",2016,"HYUNDAI","ACCENT","ACCENT",,"WHITE","REAR END","FRONT END","AL","ST","YES","D",114781,"A","[PREMIUM]",5979.08,"1.6L  4","Front-wheel Drive","AUTOMATIC","GAS",4,"Run & Drive Verified","Pure Sale","[PREMIUM]",,"THEODORE","AL","36582","USA","USD","[PREMIUM]","[PREMIUM]","I010",false,"[PREMIUM]","SE",false,false,"[PREMIUM]",,,,,,,,"[PREMIUM]"
"59371846","2026-09-16 23:07:51.915","2026-09-22 02:45:57.126","59371846","2026-09-18 13:18:37.000","[PREMIUM]","184","AL - MOBILE SOUTH","2026-09-22","TUESDAY","1200","CDT","0","V",2002,"FORD","F150","F150","PICKUP","RED","FRONT END",,"FL","CD","YES","D",164189,"E","[PREMIUM]",10395.98,"4.2L 6","REAR WHEEL DRIVE","MANUAL","GAS",6,"Run & Drive Verified","Pure Sale","[PREMIUM]",,"THEODORE","AL","36582","USA","USD","[PREMIUM]","[PREMIUM]","H100",false,"[PREMIUM]",,false,false,"[PREMIUM]",,,,,,,,"[PREMIUM]"
"58200426","2026-09-16 23:07:51.462","2026-09-22 02:45:56.695","58200426","2026-09-18 13:18:10.000","[PREMIUM]","184","AL - MOBILE SOUTH","2026-09-22","TUESDAY","1200","CDT","0","V",2022,"NISSAN","KICKS","KICKS","HATCHBACK","WHITE","FRONT END",,"FL","CD","YES","E",73669,"A","[PREMIUM]",15580.74,"1.6L 4","FRONT WHEEL DRIVE","AUTOMATIC","GAS",4,"DEFAULT","Pure Sale","[PREMIUM]",,"THEODORE","AL","36582","USA","USD","[PREMIUM]","[PREMIUM]","H020",false,"[PREMIUM]","SR",false,false,"[PREMIUM]",,,,,,,,"[PREMIUM]"
"56117766","2026-09-16 23:07:51.202","2026-09-29 08:34:05.673","56117766","2026-09-16 22:03:34.000","[PREMIUM]","184","AL - MOBILE SOUTH",,,,"CDT","0","V",2023,"RAM","1500","1500","PICKUP","WHITE","FRONT END",,"AL","ST","YES","E",0,"N","[PREMIUM]",0,"5.7L 8","REAR WHEEL DRIVE","AUTOMATIC","GAS",8,"DEFAULT","Pure Sale","[PREMIUM]",,"THEODORE","AL","36582","USA","USD","[PREMIUM]","[PREMIUM]","SB002",false,"[PREMIUM]","BIG HORN",false,false,"[PREMIUM]",,,,,,,,"[PREMIUM]"
"69441116","2026-09-16 23:07:50.428","2026-09-23 03:31:43.362","69441116","2026-09-22 20:44:38.000","[PREMIUM]","182","TX - WACO","2026-09-23","WEDNESDAY","1200","CDT","52","V",2014,"CHRYSLER","300","300","SEDAN 4DR","WHITE","NORMAL WEAR",,"TX","CT","YES","D",193837,"A","[PREMIUM]",0,"3.6L 6","REAR WHEEL DRIVE","AUTOMATIC","FLEXIBLE                      ",6,"Run & Drive Verified","On Approval","[PREMIUM]",,"TEMPLE","TX","76501 6617","USA","USD","[PREMIUM]","[PREMIUM]","F030",false,"[PREMIUM]","S",false,false,"[PREMIUM]",,,,,,,,"[PREMIUM]"
"69413926","2026-09-16 23:07:46.981","2026-09-16 23:07:46.981","69413926","2026-09-16 21:49:52.000","[PREMIUM]","181","TX - DALLAS SOUTH","2026-09-17","THURSDAY","1200","CDT","0","V",2026,"HYUNDAI","TUCSON","TUCSON","SUV","BLUE","SIDE","MINOR DENT/SCRATCHES","TX","NX","YES","E",7885,"A","[PREMIUM]",3741,"2.5L 4","ALL WHEEL DRIVE","AUTOMATIC","GAS",4,"DEFAULT","On Approval","[PREMIUM]",,"WILMER","TX","75172 1528","USA","USD","[PREMIUM]","[PREMIUM]","GBLU5",false,"[PREMIUM]","SEL",false,false,"[PREMIUM]",,,,,,,,"[PREMIUM]"
"68823416","2026-09-16 23:07:46.970","2026-09-21 18:55:14.032","68823416","2026-09-18 17:16:02.000","[PREMIUM]","881","*NCS - CENTRAL REGION","2026-09-21","MONDAY","2000","CDT","0","V",2021,"TESLA","MODEL 3","MODEL 3","SEDAN","WHITE","MINOR DENT/SCRATCHES",,"TX","CT","YES","D",151272,"A","[PREMIUM]",0,,"REAR WHEEL DRIVE","AUTOMATIC","ELECTRIC",,"Run & Drive Verified","On Minimum Bid","[PREMIUM]",,"WILMER","TX","75172 1528","USA","USD","[PREMIUM]","[PREMIUM]","C040",true,"[PREMIUM]",,false,false,"[PREMIUM]",,,,,,,,"[PREMIUM]"
"68713366","2026-09-16 23:07:46.636","2026-09-16 23:07:46.636","68713366","2026-09-16 22:06:21.000","[PREMIUM]","181","TX - DALLAS SOUTH","2026-09-17","THURSDAY","1200","CDT","0","V",2017,"HYUNDAI","ELANTRA","ELANTRA","SEDAN","WHITE","MINOR DENT/SCRATCHES",,"TX","CT","YES","D",142253,"A","[PREMIUM]",0,"2.0L 4","FRONT WHEEL DRIVE","AUTOMATIC","GAS                           ",4,"Run & Drive Verified","On Minimum Bid","[PREMIUM]",,"WILMER","TX","75172 1528","USA","USD","[PREMIUM]","[PREMIUM]","REC",true,"[PREMIUM]","LIMITED",false,false,"[PREMIUM]",,,,,,,,"[PREMIUM]"
"65801396","2026-09-16 23:07:41.673","2026-09-21 02:34:54.391","65801396","2026-09-16 21:43:17.000","[PREMIUM]","181","TX - DALLAS SOUTH","2026-09-21","MONDAY","1200","CDT","0","M",2007,"TAHOE","DECK BOAT","DECK BOAT",,"TWO TONE","MINOR DENT/SCRATCHES",,"VA","WT","YES","E",0,"E","[PREMIUM]",0,,,"AUTOMATIC",,,"DEFAULT","On Minimum Bid","[PREMIUM]",,"WILMER","TX","75172 1528","USA","USD","[PREMIUM]","[PREMIUM]","HVY01",true,"[PREMIUM]",,false,false,"[PREMIUM]",,,,,,,,"[PREMIUM]"
"65842106","2026-09-16 23:07:41.616","2026-09-29 08:33:53.350","65842106","2026-09-15 15:05:29.000","[PREMIUM]","832","MEDIUM DUTY CLEAN TITLE SALE",,,,"CDT","0","K",2025,"FORD","TRANSIT","TRANSIT","VAN CARGO","WHITE","HAIL",,"TX","CT","YES","D",13029,"A","[PREMIUM]",23724.83,"3.5L 6","REAR WHEEL DRIVE","AUTOMATIC","GAS",6,"Run & Drive Verified","Pure Sale","[PREMIUM]",,"WILMER","TX","75172 1528","USA","USD","[PREMIUM]","[PREMIUM]","U120",false,"[PREMIUM]","T-250",false,false,"[PREMIUM]",,,,,,,,"[PREMIUM]"
"65391886","2026-09-16 23:07:40.768","2026-09-22 02:45:45.598","65391886","2026-09-21 20:01:47.000","[PREMIUM]","855","WHOLESALE AUCTION","2026-09-22","TUESDAY","1200","EDT","6623","K",2021,"RAM","PROMASTER","PROMASTER 3500","VAN CARGO","BLUE","MINOR DENT/SCRATCHES",,"TX","CT","YES","D",54432,"A","[PREMIUM]",7568,"3.6L 6","FRONT WHEEL DRIVE","AUTOMATIC","FLEXIBLE",6,"Run & Drive Verified","On Approval","[PREMIUM]",,"WILMER","TX","75172 1528","USA","USD","[PREMIUM]","[PREMIUM]","R120",false,"[PREMIUM]",,false,true,"[PREMIUM]",,,,,"RED LIGHT",3.5,,"[PREMIUM]"
"64142766","2026-09-16 23:07:39.043","2026-09-24 03:32:15.251","64142766","2026-09-23 20:24:13.000","[PREMIUM]","181","TX - DALLAS SOUTH","2026-09-24","THURSDAY","1200","CDT","0","V",2013,"KIA","OPTIMA","OPTIMA","SEDAN 4DR","BURGUNDY","REAR END",,"ID","SC","YES","D",198593,"A","[PREMIUM]",5349,"2.4L 4","FRONT WHEEL DRIVE","AUTOMATIC","GAS",4,"Run & Drive Verified","Pure Sale","[PREMIUM]",,"WILMER","TX","75172 1528","USA","USD","[PREMIUM]","[PREMIUM]","E040",false,"[PREMIUM]","EX",false,false,"[PREMIUM]",,,,,,,,"[PREMIUM]"
"61037636","2026-09-16 23:07:33.808","2026-09-22 02:45:39.925","61037636","2026-09-21 15:12:22.000","[PREMIUM]","833","HEAVY-TRAILER-RV CLEAN SALE","2026-09-22","TUESDAY","1100","CDT","0","U",2021,"INTERNATIONAL","ALL OTHER","LT625","TRACTOR TRUCK","WHITE","NORMAL WEAR",,"UT","CT","YES","E",0,"N","[PREMIUM]",0,"15.0L 6","REAR WHEEL DRIVE","AUTOMATIC","DIESEL",6,"DEFAULT","On Approval","[PREMIUM]",,"WILMER","TX","75172 1528","USA","USD","[PREMIUM]","[PREMIUM]","HVY06",false,"[PREMIUM]",,false,false,"[PREMIUM]",,,,,,,,"[PREMIUM]"
"59410036","2026-09-16 23:07:31.966","2026-09-28 06:56:33.549","59410036","2026-09-24 01:38:58.000","[PREMIUM]","181","TX - DALLAS SOUTH","2026-09-28","MONDAY","1200","CDT","0","V",2014,"CADILLAC","CTS","CTS","SEDAN 4DR","BLACK","MECHANICAL","UNDERCARRIAGE","TX","CT","YES","D",113813,"A","[PREMIUM]",0,"2.0L 4","REAR WHEEL DRIVE","AUTOMATIC","GAS",4,"Run & Drive Verified","On Minimum Bid","[PREMIUM]",,"WILMER","TX","75172 1528","USA","USD","[PREMIUM]","[PREMIUM]","I050",true,"[PREMIUM]","LUXURY COLLECTION",false,false,"[PREMIUM]",,,,,,,,"[PREMIUM]"
"69379616","2026-09-16 23:07:27.748","2026-09-29 08:33:41.230","69379616","2026-09-28 23:16:42.000","[PREMIUM]","180","CA - SUN VALLEY","2026-10-05","MONDAY","1200","PDT","0","V",1999,"MERCEDES-BENZ","S-CLASS","S","SEDAN 4DR","BLACK","MINOR DENT/SCRATCHES",,"CA","DV","YES","D",135582,"E","[PREMIUM]",0,"6.0L 12","REAR WHEEL DRIVE","AUTOMATIC","GAS",12,"Run & Drive Verified","On Minimum Bid","[PREMIUM]",,"SUN VALLEY","CA","91352 3922","USA","USD","[PREMIUM]","[PREMIUM]","SHOP",false,"[PREMIUM]","600",false,false,"[PREMIUM]",,,,,,,,"[PREMIUM]"
"69372946","2026-09-16 23:07:27.708","2026-09-29 08:33:41.119","69372946","2026-09-29 02:33:59.000","[PREMIUM]","180","CA - SUN VALLEY","2026-10-05","MONDAY","1200","PDT","0","V",2025,"JEEP","WRANGLER","WRANGLER","SPORT UTILITY VEHICLE","CHARCOAL","FRONT END","SIDE","CA","SC","YES","D",35404,"A","[PREMIUM]",25213,"2.0L 4","4X4 W/REAR WHEEL DRV","AUTOMATIC","GAS",4,"Run & Drive Verified","On Minimum Bid","[PREMIUM]",,"SUN VALLEY","CA","91352 3922","USA","USD","[PREMIUM]","[PREMIUM]","C060",true,"[PREMIUM]","SPORT",false,false,"[PREMIUM]",,,,,,,,"[PREMIUM]"
"69060056","2026-09-16 23:07:27.706","2026-09-28 23:17:32.009","69060056","2026-09-26 17:40:41.000","[PREMIUM]","180","CA - SUN VALLEY","2026-09-30","WEDNESDAY","1200","PDT","0","V",2012,"TOYOTA","COROLLA","COROLLA","SEDAN","WHITE","FRONT END",,"CA","DV","YES","D",218500,"A","[PREMIUM]",0,"1.8L 4","FRONT WHEEL DRIVE","AUTOMATIC","GAS",4,"Run & Drive Verified","On Approval","[PREMIUM]",,"SUN VALLEY","CA","91352 3922","USA","USD","[PREMIUM]","[PREMIUM]","C100",false,"[PREMIUM]","LE",false,false,"[PREMIUM]",,,,,,,,"[PREMIUM]"
"69373936","2026-09-16 23:07:27.701","2026-09-21 02:34:40.534","69373936","2026-09-16 21:45:15.000","[PREMIUM]","180","CA - SUN VALLEY","2026-09-21","MONDAY","1200","PDT","0","V",2025,"HONDA","CIVIC","CIVIC","HATCHBACK","BLACK","FRONT END",,"CA","SC","YES","D",8297,"A","[PREMIUM]",17543,"2.0L 4","FRONT WHEEL DRIVE","AUTOMATIC","GAS",4,"Run & Drive Verified","On Approval","[PREMIUM]",,"SUN VALLEY","CA","91352 3922","USA","USD","[PREMIUM]","[PREMIUM]","A070",false,"[PREMIUM]","SPORT",false,false,"[PREMIUM]",,,,,,,,"[PREMIUM]"
"68976756","2026-09-16 23:07:27.562","2026-09-29 08:33:40.950","68976756","2026-09-16 21:15:34.000","[PREMIUM]","841","CRASHEDTOYS POWERSPORT AUCTION",,,,"CDT","0","A",2021,"CFMOTO","CFORCE 500","CFORCE 500",,"BLUE","FRONT END",,"CA","SC","YES","E",0,"N","[PREMIUM]",0,,,"AUTOMATIC",,,"DEFAULT","On Minimum Bid","[PREMIUM]",,"SUN VALLEY","CA","91352 3922","USA","USD","[PREMIUM]","[PREMIUM]","MC1",false,"[PREMIUM]",,false,false,"[PREMIUM]",,,,,,,,"[PREMIUM]"
"68879556","2026-09-16 23:07:27.544","2026-09-21 02:34:39.826","68879556","2026-09-16 21:32:09.000","[PREMIUM]","180","CA - SUN VALLEY","2026-09-21","MONDAY","1200","PDT","0","V",2008,"TOYOTA","TUNDRA GRA","TUNDRA","PICKUP","RED","REAR END","FRONT END","CA","DV","NO",,0,"E","[PREMIUM]",0,"4.0L 6","4X2","AUTOMATIC","GAS                           ",6,,"On Minimum Bid","[PREMIUM]",,"SUN VALLEY","CA","91352 3922","USA","USD","[PREMIUM]","[PREMIUM]","D110",true,"[PREMIUM]","GRADE",false,false,"[PREMIUM]",,,,,,,,"[PREMIUM]"
"68678526","2026-09-16 23:07:27.209","2026-09-23 03:31:15.429","68678526","2026-09-21 23:49:08.000","[PREMIUM]","180","CA - SUN VALLEY","2026-09-23","WEDNESDAY","1200","PDT","0","V",2016,"NISSAN","ALTIMA","ALTIMA","SEDAN","WHITE","SIDE","REAR END","CA","SC","YES","D",104671,"A","[PREMIUM]",8981.35,"2.5L 4","FRONT WHEEL DRIVE","AUTOMATIC","GAS",4,"Run & Drive Verified","Pure Sale","[PREMIUM]",,"SUN VALLEY","CA","91352 3922","USA","USD","[PREMIUM]","[PREMIUM]","D070",false,"[PREMIUM]","2.5 S",false,false,"[PREMIUM]",,,,,,,,"[PREMIUM]"
"68598396","2026-09-16 23:07:27.201","2026-09-21 02:34:39.367","68598396","2026-09-17 22:45:35.000","[PREMIUM]","180","CA - SUN VALLEY","2026-09-21","MONDAY","1200","PDT","0","V",2001,"ACURA","TL","3.2TL","SEDAN 4DR","SILVER","VANDALISM","FRONT END","CA","SC","YES","S",324334,"A","[PREMIUM]",3823.46,"3.2L 6","FRONT WHEEL DRIVE","AUTOMATIC","GAS",6,"Vehicle Starts","Pure Sale","[PREMIUM]",,"SUN VALLEY","CA","91352 3922","USA","USD","[PREMIUM]","[PREMIUM]","E010",false,"[PREMIUM]",,false,false,"[PREMIUM]",,,,,,,,"[PREMIUM]"
"68680596","2026-09-16 23:07:27.190","2026-09-28 20:36:50.799","68680596","2026-09-28 13:00:29.000","[PREMIUM]","180","CA - SUN VALLEY","2026-09-28","MONDAY","1200","PDT","3054","V",2012,"CHEVROLET","VOLT","VOLT","HATCHBACK 4DR","SILVER","MECHANICAL","MINOR DENT/SCRATCHES","CA","DV","YES","E",167544,"N","[PREMIUM]",0,"1.4L 4","FRONT WHEEL DRIVE","AUTOMATIC","ELECTRIC AND GAS HYBRID",4,"DEFAULT","On Minimum Bid","[PREMIUM]",,"SUN VALLEY","CA","91352 3922","USA","USD","[PREMIUM]","[PREMIUM]","I100",false,"[PREMIUM]",,false,false,"[PREMIUM]",,,,,,,,"[PREMIUM]"
"68280906","2026-09-16 23:07:27.093","2026-09-21 02:34:38.937","68280906","2026-09-17 22:53:37.000","[PREMIUM]","180","CA - SUN VALLEY","2026-09-21","MONDAY","1200","PDT","0","V",2014,"BMW","4 SERIES","435","COUPE","GRAY","FRONT END","REAR END","CA","SC","NO",,78282,"A","[PREMIUM]",15312.08,"3.0L 6","REAR WHEEL DRIVE","AUTOMATIC","GAS",6,,"Pure Sale","[PREMIUM]",,"SUN VALLEY","CA","91352 3922","USA","USD","[PREMIUM]","[PREMIUM]","I090",false,"[PREMIUM]","I",false,false,"[PREMIUM]",,,,,,,,"[PREMIUM]"
"67816486","2026-09-16 23:07:26.806","2026-09-21 02:34:38.349","67816486","2026-09-17 22:55:07.000","[PREMIUM]","180","CA - SUN VALLEY","2026-09-21","MONDAY","1200","PDT","0","V",2012,"HYUNDAI","SONATA","SONATA","SEDAN","BURGUNDY","SIDE",,"CA","SC","YES","D",149879,"A","[PREMIUM]",0,"2.4L 4","FRONT WHEEL DRIVE","AUTOMATIC","GAS",4,"Run & Drive Verified","Pure Sale","[PREMIUM]",,"SUN VALLEY","CA","91352 3922","USA","USD","[PREMIUM]","[PREMIUM]","H050",false,"[PREMIUM]","LIMITED",false,false,"[PREMIUM]",,,,,,,,"[PREMIUM]"
"67667796","2026-09-16 23:07:26.603","2026-09-21 02:34:38.200","67667796","2026-09-17 22:41:05.000","[PREMIUM]","180","CA - SUN VALLEY","2026-09-21","MONDAY","1200","PDT","0","V",2019,"TOYOTA","PRIUS","PRIUS PRIME","HATCHBACK","GRAY","FRONT END",,"CA","SC","NO","E",100510,"A","[PREMIUM]",18942.26,"1.8L 4","FRONT WHEEL DRIVE","AUTOMATIC","ELECTRIC AND GAS HYBRID",4,"DEFAULT","Pure Sale","[PREMIUM]",,"SUN VALLEY","CA","91352 3922","USA","USD","[PREMIUM]","[PREMIUM]","B030",false,"[PREMIUM]","PREMIUM",false,false,"[PREMIUM]",,,,,,,,"[PREMIUM]"
"67322946","2026-09-16 23:07:26.268","2026-09-23 03:31:13.801","67322946","2026-09-21 15:25:43.000","[PREMIUM]","180","CA - SUN VALLEY","2026-09-23","WEDNESDAY","1200","PDT","0","V",2014,"PORSCHE","CAYENNE","CAYENNE","4DR SPORT UTILITY","BLACK","REAR END","SIDE","CA","SC","YES",,0,"N","[PREMIUM]",5641.04,"3.0L 6","ALL WHEEL DRIVE","AUTOMATIC","ELECTRIC AND GAS HYBRID",6,,"Pure Sale","[PREMIUM]",,"SUN VALLEY","CA","91352 3922","USA","USD","[PREMIUM]","[PREMIUM]","I010",false,"[PREMIUM]","S HYBRID",false,false,"[PREMIUM]",,,,,,,,"[PREMIUM]"
"66849346","2026-09-16 23:07:26.008","2026-09-21 02:34:37.055","66849346","2026-09-17 20:25:08.000","[PREMIUM]","180","CA - SUN VALLEY","2026-09-21","MONDAY","1200","PDT","0","V",1997,"HONDA","ODYSSEY","ODYSSEY","SPORTS VAN","GREEN","SIDE",,"CA","SC","YES","D",192875,"A","[PREMIUM]",3689.74,"2.2L 4","FRONT WHEEL DRIVE","AUTOMATIC","GAS",4,"Run & Drive Verified","Pure Sale","[PREMIUM]",,"SUN VALLEY","CA","91352 3922","USA","USD","[PREMIUM]","[PREMIUM]","I050",false,"[PREMIUM]","BASE",false,false,"[PREMIUM]",,,,,,,,"[PREMIUM]"
"66380216","2026-09-16 23:07:25.725","2026-09-29 21:30:23.583","66380216","2026-09-29 20:24:27.000","[PREMIUM]","883","*NCS - PACIFIC REGION","2026-09-30","WEDNESDAY","1800","PDT","0","V",2019,"BMW","X5","X5","SPORT UTILITY VEHICLE","CHARCOAL","MINOR DENT/SCRATCHES",,"CA","DV","YES","D",124241,"A","[PREMIUM]",0,"3.0L 6","ALL WHEEL DRIVE","AUTOMATIC","GAS",6,"Run & Drive Verified","On Minimum Bid","[PREMIUM]",,"SUN VALLEY","CA","91352 3922","USA","USD","[PREMIUM]","[PREMIUM]","J030",true,"[PREMIUM]","XDRIVE40I",false,false,"[PREMIUM]",,,,,,,,"[PREMIUM]"
"65300276","2026-09-16 23:07:25.150","2026-09-21 02:34:35.057","65300276","2026-09-17 22:41:35.000","[PREMIUM]","180","CA - SUN VALLEY","2026-09-21","MONDAY","1200","PDT","0","V",2025,"HONDA","CIVIC","CIVIC","HATCHBACK","BLUE","FRONT END",,"CA","SC","YES","S",19982,"A","[PREMIUM]",23133.68,"2.0L 4","FRONT WHEEL DRIVE","AUTOMATIC","ELECTRIC AND GAS HYBRID",4,"Vehicle Starts","Pure Sale","[PREMIUM]",,"SUN VALLEY","CA","91352 3922","USA","USD","[PREMIUM]","[PREMIUM]","J060",false,"[PREMIUM]","SPORT TOURING",false,false,"[PREMIUM]",,,,,,,,"[PREMIUM]"
"64763516","2026-09-16 23:07:24.996","2026-09-21 02:34:34.439","64763516","2026-09-17 20:22:08.000","[PREMIUM]","180","CA - SUN VALLEY","2026-09-21","MONDAY","1200","PDT","0","V",2019,"CADILLAC","XT5","XT5","SPORT UTILITY VEHICLE","BLACK","SIDE","FRONT END","CA","SC","YES","S",113111,"A","[PREMIUM]",0,"3.6L 6","FRONT WHEEL DRIVE","AUTOMATIC","GAS",6,"Vehicle Starts","Pure Sale","[PREMIUM]",,"SUN VALLEY","CA","91352 3922","USA","USD","[PREMIUM]","[PREMIUM]","H060",false,"[PREMIUM]","PREMIUM LUXURY",false,false,"[PREMIUM]",,,,,,,,"[PREMIUM]"
"65047316","2026-09-16 23:07:24.989","2026-09-29 08:33:37.629","65047316","2026-09-28 23:10:17.000","[PREMIUM]","180","CA - SUN VALLEY","2026-09-30","WEDNESDAY","1200","PDT","0","V",2015,"JEEP","CHEROKEE","CHEROKEE","4DR SPORT UTILITY","SILVER","FRONT END",,"FL","RB","YES","D",168300,"A","[PREMIUM]",6525,"2.4L 4","4X4 W/FRONT WHL DRV","AUTOMATIC","GAS",4,"Run & Drive Verified","On Minimum Bid","[PREMIUM]",,"SUN VALLEY","CA","91352 3922","USA","USD","[PREMIUM]","[PREMIUM]","F030",false,"[PREMIUM]","LATITUDE",false,false,"[PREMIUM]",,,,,,,,"[PREMIUM]"
"65048216","2026-09-16 23:07:24.968","2026-09-21 02:34:34.760","65048216","2026-09-17 20:25:12.000","[PREMIUM]","180","CA - SUN VALLEY","2026-09-21","MONDAY","1200","PDT","0","V",2026,"TOYOTA","CAMRY","CAMRY",,"GRAY","REAR END",,"CA","SC","YES","D",1357,"A","[PREMIUM]",26388.48,,,"AUTOMATIC",,,"Run & Drive Verified","Pure Sale","[PREMIUM]",,"SUN VALLEY","CA","91352 3922","USA","USD","[PREMIUM]","[PREMIUM]","I080",false,"[PREMIUM]","SE",false,false,"[PREMIUM]",,,,,,,,"[PREMIUM]"
"64136256","2026-09-16 23:07:24.682","2026-09-21 02:34:33.866","64136256","2026-09-17 22:54:05.000","[PREMIUM]","180","CA - SUN VALLEY","2026-09-21","MONDAY","1200","PDT","0","V",2014,"MINI","COOPER","COOPER","STATION WAGON","CREAM","MECHANICAL",,"CA","SC","YES",,121906,"A","[PREMIUM]",6615.12,"1.6L 4","FRONT WHEEL DRIVE","AUTOMATIC","GAS",4,,"Pure Sale","[PREMIUM]",,"SUN VALLEY","CA","91352 3922","USA","USD","[PREMIUM]","[PREMIUM]","I040",false,"[PREMIUM]","S CLUBMAN",false,false,"[PREMIUM]",,,,,,,,"[PREMIUM]"
"63611516","2026-09-16 23:07:24.523","2026-09-23 20:30:10.629","63611516","2026-09-23 13:00:27.000","[PREMIUM]","180","CA - SUN VALLEY","2026-09-23","WEDNESDAY","1200","PDT","2514","V",2026,"TESLA","MODEL 3","MODEL 3","SEDAN","WHITE","SIDE","REAR END","CA","SC","YES","S",11518,"A","[PREMIUM]",34657.05,,"ALL WHEEL DRIVE","AUTOMATIC","ELECTRIC",,"Vehicle Starts","Pure Sale","[PREMIUM]",,"SUN VALLEY","CA","91352 3922","USA","USD","[PREMIUM]","[PREMIUM]","G060",false,"[PREMIUM]",,false,false,"[PREMIUM]",,,,,,,,"[PREMIUM]"
"62892216","2026-09-16 23:07:24.181","2026-09-21 02:34:32.663","62892216","2026-09-17 20:25:13.000","[PREMIUM]","180","CA - SUN VALLEY","2026-09-21","MONDAY","1200","PDT","0","V",2014,"LEXUS","RX350","RX 350","SUV","BURGUNDY","REAR END",,"CA","SC","YES","D",79383,"A","[PREMIUM]",0,"3.5L 6","ALL WHEEL DRIVE","AUTOMATIC","GAS",6,"Run & Drive Verified","Pure Sale","[PREMIUM]",,"SUN VALLEY","CA","91352 3922","USA","USD","[PREMIUM]","[PREMIUM]","F060",false,"[PREMIUM]","BASE",false,false,"[PREMIUM]",,,,,,,,"[PREMIUM]"
"60647636","2026-09-16 23:07:23.589","2026-09-21 02:34:31.792","60647636","2026-09-17 22:54:35.000","[PREMIUM]","180","CA - SUN VALLEY","2026-09-21","MONDAY","1200","PDT","0","V",2020,"TOYOTA","CAMRY","CAMRY","SEDAN","GRAY","REAR END",,"CA","SC","YES","D",157993,"A","[PREMIUM]",17900,"2.5L 4","FRONT WHEEL DRIVE","AUTOMATIC","ELECTRIC AND GAS HYBRID",4,"Run & Drive Verified","Pure Sale","[PREMIUM]",,"SUN VALLEY","CA","91352 3922","USA","USD","[PREMIUM]","[PREMIUM]","C030",false,"[PREMIUM]","XLE",false,false,"[PREMIUM]",,,,,,,,"[PREMIUM]"
"60505686","2026-09-16 23:07:23.414","2026-09-22 02:45:28.250","60505686","2026-09-18 22:17:13.000","[PREMIUM]","180","CA - SUN VALLEY",,,,"PDT","0","V",2021,"KIA","FORTE LXS","FORTE","SEDAN","RED","REAR END",,"FL","CD","YES","D",94095,"N","[PREMIUM]",11431.92,"2.0L 4","FRONT WHEEL DRIVE","AUTOMATIC","GAS",4,"Run & Drive Verified","Pure Sale","[PREMIUM]",,"SUN VALLEY","CA","91352 3922","USA","USD","[PREMIUM]","[PREMIUM]","B010",false,"[PREMIUM]","LXS",false,false,"[PREMIUM]",,,,,,,,"[PREMIUM]"
"59344436","2026-09-16 23:07:23.211","2026-09-21 02:34:31.158","59344436","2026-09-18 22:11:33.000","[PREMIUM]","180","CA - SUN VALLEY","2026-09-21","MONDAY","1200","PDT","0","V",2021,"NISSAN","ALTIMA","ALTIMA","SEDAN","WHITE","FRONT END",,"CA","SC","YES","D",93028,"A","[PREMIUM]",0,"2.5L 4","FRONT WHEEL DRIVE","AUTOMATIC","GAS",4,"Run & Drive Verified","On Minimum Bid","[PREMIUM]",,"SUN VALLEY","CA","91352 3922","USA","USD","[PREMIUM]","[PREMIUM]","I080",false,"[PREMIUM]","SR",false,false,"[PREMIUM]",,,,,,,,"[PREMIUM]"
"58995806","2026-09-16 23:07:23.175","2026-09-21 02:34:31.140","58995806","2026-09-17 22:42:07.000","[PREMIUM]","180","CA - SUN VALLEY","2026-09-21","MONDAY","1200","PDT","0","V",2022,"BMW","5 SERIES","530E","SEDAN","GRAY","REAR END",,"CA","SC","YES","D",22514,"A","[PREMIUM]",25626.82,"2.0L 4","REAR WHEEL DRIVE","AUTOMATIC","ELECTRIC AND GAS HYBRID",4,"Run & Drive Verified","On Minimum Bid","[PREMIUM]",,"SUN VALLEY","CA","91352 3922","USA","USD","[PREMIUM]","[PREMIUM]","C100",false,"[PREMIUM]",,false,false,"[PREMIUM]",,,,,,,,"[PREMIUM]"
"57165086","2026-09-16 23:07:22.872","2026-09-21 02:34:30.555","57165086","2026-09-17 22:54:35.000","[PREMIUM]","180","CA - SUN VALLEY","2026-09-21","MONDAY","1200","PDT","0","V",2020,"MAZDA","CX-9","CX-9","SPORT UTILITY VEHICLE","GRAY","FRONT END","REAR END","CA","SC","YES","S",68299,"A","[PREMIUM]",17661.93,"2.5L 4","ALL WHEEL DRIVE","AUTOMATIC","GAS",4,"Vehicle Starts","Pure Sale","[PREMIUM]",,"SUN VALLEY","CA","91352 3922","USA","USD","[PREMIUM]","[PREMIUM]","A090",false,"[PREMIUM]","SIGNATURE",false,false,"[PREMIUM]",,,,,,,,"[PREMIUM]"
"67535396","2026-09-16 23:07:20.733","2026-09-29 08:33:31.504","67535396","2026-09-16 21:00:03.000","[PREMIUM]","175","GA - CARTERSVILLE",,,,"EDT","0","V",2008,"HONDA","ACCORD","ACCORD","SEDAN 4DR","SILVER","FRONT END",,"GA","ST","YES","D",142059,"A","[PREMIUM]",8235.78,"2.4L 4","FRONT WHEEL DRIVE","AUTOMATIC","GAS",4,"Run & Drive Verified","Pure Sale","[PREMIUM]",,"CARTERSVILLE","GA","30120","USA","USD","[PREMIUM]","[PREMIUM]","Y010",false,"[PREMIUM]","EXL",false,false,"[PREMIUM]",,,,,,,,"[PREMIUM]"
"67472586","2026-09-16 23:07:20.561","2026-09-29 08:33:31.509","67472586","2026-09-16 21:15:07.000","[PREMIUM]","175","GA - CARTERSVILLE",,,,"EDT","0","V",2012,"GMC","YUKON","YUKON XL","4DR SPORT UTILITY","BLACK","REAR END","FRONT END","TN","SC","YES","D",317245,"A","[PREMIUM]",4783.62,"5.3L 8","4X4 W/REAR WHEEL DRV","AUTOMATIC","FLEXIBLE",8,"Run & Drive Verified","Pure Sale","[PREMIUM]",,"CARTERSVILLE","GA","30120","USA","USD","[PREMIUM]","[PREMIUM]","C040",false,"[PREMIUM]","K1500 SLT",false,false,"[PREMIUM]",,,,,,,,"[PREMIUM]"
"66858606","2026-09-16 23:07:19.678","2026-09-28 23:17:22.442","66858606","2026-09-25 19:56:30.000","[PREMIUM]","841","CRASHEDTOYS POWERSPORT AUCTION","2026-10-01","THURSDAY","1200","CDT","0","C",2007,"HARLEY-DAVIDSON","SPRTSTR120","XL1200","ROAD","BLUE","SIDE",,"FL","RB","YES","E",0,"E","[PREMIUM]",7899.77,"2",,"MANUAL",,2,"DEFAULT","Pure Sale","[PREMIUM]",,"CARTERSVILLE","GA","30120","USA","USD","[PREMIUM]","[PREMIUM]","SHP1",false,"[PREMIUM]","N",false,false,"[PREMIUM]",,,,,,,,"[PREMIUM]"
"64197316","2026-09-16 23:07:16.109","2026-09-29 08:33:28.483","64197316","2026-09-16 20:49:42.000","[PREMIUM]","175","GA - CARTERSVILLE",,,,"EDT","0","V",2020,"GMC","SIERRA","SIERRA","PICKUP","WHITE","FRONT END","REAR END","GA","ST","YES","D",93129,"A","[PREMIUM]",46683,"6.6L 8","4X4 W/REAR WHEEL DRV","AUTOMATIC","DIESEL",8,"Run & Drive Verified","Pure Sale","[PREMIUM]",,"CARTERSVILLE","GA","30120","USA","USD","[PREMIUM]","[PREMIUM]","HVY01",false,"[PREMIUM]","K3500 DENALI",false,false,"[PREMIUM]",,,,,,,,"[PREMIUM]"
"64101796","2026-09-16 23:07:16.018","2026-09-29 08:33:28.448","64101796","2026-09-16 20:57:16.000","[PREMIUM]","175","GA - CARTERSVILLE",,,,"EDT","0","V",2022,"TOYOTA","CAMRY","CAMRY","SEDAN","WHITE","REAR END",,"GA","ST","YES","D",140152,"A","[PREMIUM]",18767.25,"2.5L 4","FRONT WHEEL DRIVE","AUTOMATIC","ELECTRIC AND GAS HYBRID",4,"Run & Drive Verified","Pure Sale","[PREMIUM]",,"CARTERSVILLE","GA","30120","USA","USD","[PREMIUM]","[PREMIUM]","P060",false,"[PREMIUM]","XSE",false,false,"[PREMIUM]",,,,,,,,"[PREMIUM]"
"59998826","2026-09-16 23:07:13.358","2026-09-29 08:33:26.925","59998826","2026-09-16 20:53:42.000","[PREMIUM]","175","GA - CARTERSVILLE",,,,"EDT","0","V",2023,"LINCOLN","AVIATOR","AVIATOR","SPORT UTILITY VEHICLE","WHITE","REAR END",,"GA","ST","YES","D",36404,"A","[PREMIUM]",37901.69,"3.0L 6","ALL WHEEL DRIVE","AUTOMATIC","GAS",6,"Run & Drive Verified","On Approval","[PREMIUM]",,"CARTERSVILLE","GA","30120","USA","USD","[PREMIUM]","[PREMIUM]","T050",false,"[PREMIUM]","BLACK LABEL",false,false,"[PREMIUM]",,,,,,,,"[PREMIUM]"
"68382576","2026-09-16 23:07:11.253","2026-09-29 08:33:22.673","68382576","2026-09-16 21:03:42.000","[PREMIUM]","174","PA - PITTSBURGH WEST",,,,"EDT","0","V",2012,"VOLVO","S60","S60","SEDAN 4DR","BLACK","REAR END","FRONT END","NC","SC","YES","D",125763,"A","[PREMIUM]",5319.01,"2.4L 5","FRONT WHEEL DRIVE","AUTOMATIC","GAS",5,"Run & Drive Verified","Pure Sale","[PREMIUM]",,"WEST MIFFLIN","PA","15122 3431","USA","USD","[PREMIUM]","[PREMIUM]","B130",false,"[PREMIUM]","T5",false,false,"[PREMIUM]",,,,,,,,"[PREMIUM]"
"68987666","2026-09-16 23:07:02.416","2026-09-29 08:33:11.502","68987666","2026-09-22 19:10:50.000","[PREMIUM]","170","IN - CICERO",,,,"EDT","0","V",2018,"NISSAN","ARMADA","ARMADA","SPORT UTILITY VEHICLE","BROWN","WATER/FLOOD","SIDE","IN","FS","YES","D",107367,"A","[PREMIUM]",17872.27,"5.6L 8","ALL WHEEL DRIVE","AUTOMATIC","GAS                           ",8,"Run & Drive Verified","Pure Sale","[PREMIUM]",,"CICERO","IN","46034 9514","USA","USD","[PREMIUM]","[PREMIUM]","B060",false,"[PREMIUM]","PLATINUM",false,false,"[PREMIUM]",,,,,,,,"[PREMIUM]"
"68636916","2026-09-16 23:07:02.216","2026-09-29 08:33:11.055","68636916","2026-09-16 21:56:39.000","[PREMIUM]","170","IN - CICERO",,,,"EDT","0","V",2004,"CHRYSLER","SEBRING","SEBRING","SEDAN 4DR","SILVER","FRONT END","SIDE","IN","ST","YES","E",178810,"E","[PREMIUM]",0,"2.7L 6","FRONT WHEEL DRIVE","AUTOMATIC","GAS",6,"DEFAULT","Pure Sale","[PREMIUM]",,"CICERO","IN","46034 9514","USA","USD","[PREMIUM]","[PREMIUM]","B050",false,"[PREMIUM]","LXI",false,false,"[PREMIUM]",,,,,,,,"[PREMIUM]"
"68210726","2026-09-16 23:07:02.044","2026-09-29 08:33:10.595","68210726","2026-09-25 14:33:52.000","[PREMIUM]","170","IN - CICERO",,,,"EDT","0","V",2014,"CHEVROLET","CAMARO","CAMARO","COUPE","SILVER","FRONT END","SIDE","IN","ST","YES","E",108557,"A","[PREMIUM]",10715.08,"3.6L 6","REAR WHEEL DRIVE","AUTOMATIC","GAS",6,"DEFAULT","Pure Sale","[PREMIUM]",,"CICERO","IN","46034 9514","USA","USD","[PREMIUM]","[PREMIUM]","I100",false,"[PREMIUM]","LS",false,false,"[PREMIUM]",,,,,,,,"[PREMIUM]"
"67640506","2026-09-16 23:07:01.747","2026-09-29 08:33:09.894","67640506","2026-09-25 18:19:17.000","[PREMIUM]","170","IN - CICERO",,,,"EDT","0","V",2011,"JEEP","GRAND CHER","GRAND CHEROKEE","4DR SPORT UTILITY","CHARCOAL","SIDE","FRONT END","IN","ST","YES","D",211559,"A","[PREMIUM]",5831.54,"3.6L 6","4X4 W/REAR WHEEL DRV","AUTOMATIC","FLEXIBLE",6,"Run & Drive Verified","Pure Sale","[PREMIUM]",,"CICERO","IN","46034 9514","USA","USD","[PREMIUM]","[PREMIUM]","J100",false,"[PREMIUM]","LAREDO",false,false,"[PREMIUM]",,,,,,,,"[PREMIUM]"
"67650696","2026-09-16 23:07:01.713","2026-09-29 08:33:09.910","67650696","2026-09-27 17:47:29.000","[PREMIUM]","170","IN - CICERO",,,,"EDT","0","V",2011,"FORD","EXPLORER","EXPLORER","4DR SPORT UTILITY","RED","REAR END","FRONT END","IN","ST","YES","D",232067,"A","[PREMIUM]",14887.75,"3.5L 6","4X4 W/FRONT WHL DRV","AUTOMATIC","GAS",6,"Run & Drive Verified","Pure Sale","[PREMIUM]",,"CICERO","IN","46034 9514","USA","USD","[PREMIUM]","[PREMIUM]","I060",false,"[PREMIUM]","XLT",false,false,"[PREMIUM]",,,,,,,,"[PREMIUM]"
"63225286","2026-09-16 23:06:56.995","2026-09-23 03:30:35.255","63225286","2026-09-17 11:39:10.000","[PREMIUM]","835","MEDIUM DUTY SPECIALTY SALE","2026-09-23","WEDNESDAY","1100","CDT","0","K",2023,"RAM","PROMASTER","PROMASTER 3500","VAN CARGO","WHITE","FRONT END","REAR END","IN","ST","EXM","E",0,"N","[PREMIUM]",0,"3.6L 6","FRONT WHEEL DRIVE","AUTOMATIC","FLEXIBLE",6,"DEFAULT","Pure Sale","[PREMIUM]",,"CICERO","IN","46034 9514","USA","USD","[PREMIUM]","[PREMIUM]","HV002",false,"[PREMIUM]",,false,false,"[PREMIUM]",,,,,,,,"[PREMIUM]"
"63122946","2026-09-16 23:06:56.905","2026-09-29 08:33:03.415","63122946","2026-09-28 20:59:59.000","[PREMIUM]","170","IN - CICERO",,,,"EDT","0","V",2016,"FORD","F150","F150","CREW PICKUP","BLACK","SIDE","FRONT END","IN","ST","YES","D",118680,"A","[PREMIUM]",5823.08,"2.7L 6","4X4 W/REAR WHEEL DRV","AUTOMATIC","GAS",6,"Run & Drive Verified","Pure Sale","[PREMIUM]",,"CICERO","IN","46034 9514","USA","USD","[PREMIUM]","[PREMIUM]","H110",false,"[PREMIUM]","SUPERCREW",false,false,"[PREMIUM]",,,,,,,,"[PREMIUM]"
"55147536","2026-09-16 23:06:53.796","2026-09-29 08:33:01.691","55147536","2026-09-24 22:04:12.000","[PREMIUM]","170","IN - CICERO",,,,"EDT","0","V",2021,"TOYOTA","HIGHLANDER","HIGHLANDER","SUV","BLACK","SIDE","FRONT END","IN","ST","YES","D",95378,"A","[PREMIUM]",20510.39,"3.5L 6","ALL WHEEL DRIVE","AUTOMATIC","GAS",6,"Run & Drive Verified","Pure Sale","[PREMIUM]",,"CICERO","IN","46034 9514","USA","USD","[PREMIUM]","[PREMIUM]","J070",false,"[PREMIUM]","LE",false,false,"[PREMIUM]",,,,,,,,"[PREMIUM]"
"50360636","2026-09-16 23:06:53.297","2026-09-29 08:33:01.290","50360636","2026-09-24 16:22:31.000","[PREMIUM]","170","IN - CICERO",,,,"EDT","0","V",2021,"GMC","ACADIA","ACADIA","SPORT UTILITY VEHICLE","BLACK","SIDE","HAIL","IN","ST","YES","D",85700,"A","[PREMIUM]",18831.21,"3.6L 6","FRONT WHEEL DRIVE","AUTOMATIC","GAS",6,"Run & Drive Verified","Pure Sale","[PREMIUM]",,"CICERO","IN","46034 9514","USA","USD","[PREMIUM]","[PREMIUM]","I040",false,"[PREMIUM]","SLE",false,false,"[PREMIUM]",,,,,,,,"[PREMIUM]"
"66267816","2026-09-16 23:06:52.039","2026-09-29 08:32:58.865","66267816","2026-09-16 21:43:19.000","[PREMIUM]","169","IA - DAVENPORT",,,,"CDT","0","V",2006,"DODGE","CARAVAN","GRAND CARAVAN","EXTENDED SPORT VAN","GOLD","FRONT END","SIDE","IL","SC","YES","E",235018,"E","[PREMIUM]",230,"3.3L 6","FRONT WHEEL DRIVE","AUTOMATIC","GAS",6,"DEFAULT","On Approval","[PREMIUM]",,"ELDRIDGE","IA","52748 9307","USA","USD","[PREMIUM]","[PREMIUM]","J050",false,"[PREMIUM]","SE",false,false,"[PREMIUM]",,,,,,,,"[PREMIUM]"
"69192096","2026-09-16 23:06:49.709","2026-09-23 03:30:27.298","69192096","2026-09-18 15:49:39.000","[PREMIUM]","166","OH - DAYTON","2026-09-23","WEDNESDAY","1000","EDT","0","V",2004,"CHEVROLET","IMPALA","IMPALA","SEDAN 4DR","WHITE","REAR END","SIDE","OH","ST","YES","D",116262,"A","[PREMIUM]",2092,"3.8L 6","FRONT WHEEL DRIVE","AUTOMATIC","GAS                           ",6,"Run & Drive Verified","Pure Sale","[PREMIUM]",,"MORAINE","OH","45439 1950","USA","USD","[PREMIUM]","[PREMIUM]","C090",false,"[PREMIUM]","LS",false,false,"[PREMIUM]",,,,,,,,"[PREMIUM]"
"69061076","2026-09-16 23:06:49.706","2026-09-21 02:33:51.457","69061076","2026-09-18 15:32:37.000","[PREMIUM]","166","OH - DAYTON","2026-09-23","WEDNESDAY","1000","EDT","0","V",2010,"TOYOTA","COROLLA","COROLLA","SEDAN","BLACK","MECHANICAL","MINOR DENT/SCRATCHES","OH","CT","YES","D",184228,"A","[PREMIUM]",0,"1.8L 4","FRONT WHEEL DRIVE","AUTOMATIC","GAS                           ",4,"Run & Drive Verified","On Minimum Bid","[PREMIUM]",,"MORAINE","OH","45439 1950","USA","USD","[PREMIUM]","[PREMIUM]","E080",true,"[PREMIUM]","BASE",false,false,"[PREMIUM]",,,,,,,,"[PREMIUM]"
"69327976","2026-09-16 23:06:49.685","2026-09-23 03:30:27.471","69327976","2026-09-18 15:32:36.000","[PREMIUM]","166","OH - DAYTON","2026-09-23","WEDNESDAY","1000","EDT","0","V",2014,"JEEP","CHEROKEE","GRAND CHEROKEE","4DR SPORT UTILITY","BLACK","FRONT END","SIDE","OH","RS","YES","D",163991,"A","[PREMIUM]",0,"3.6L 6","4X4 W/REAR WHEEL DRV","AUTOMATIC","FLEXIBLE                      ",6,"Run & Drive Verified","On Minimum Bid","[PREMIUM]",,"MORAINE","OH","45439 1950","USA","USD","[PREMIUM]","[PREMIUM]","PERSO",true,"[PREMIUM]","LAREDO",false,false,"[PREMIUM]",,,,,,,,"[PREMIUM]"
"68850716","2026-09-16 23:06:49.533","2026-09-23 03:30:26.727","68850716","2026-09-18 15:33:08.000","[PREMIUM]","166","OH - DAYTON","2026-09-23","WEDNESDAY","1000","EDT","0","V",2005,"ACURA","TL","TL","SEDAN 4DR","WHITE","FRONT END","SIDE","OH","ST","YES","D",220531,"A","[PREMIUM]",0,"3.2L 6","FRONT WHEEL DRIVE","AUTOMATIC","GAS",6,"Run & Drive Verified","Pure Sale","[PREMIUM]",,"MORAINE","OH","45439 1950","USA","USD","[PREMIUM]","[PREMIUM]","E100",false,"[PREMIUM]",,false,false,"[PREMIUM]",,,,,,,,"[PREMIUM]"
"68557646","2026-09-16 23:06:49.323","2026-09-23 03:30:25.915","68557646","2026-09-18 15:48:06.000","[PREMIUM]","166","OH - DAYTON","2026-09-23","WEDNESDAY","1000","EDT","0","V",2013,"MAZDA","3","3","SEDAN 4DR","RED","FRONT END",,"OH","ST","YES","D",123977,"A","[PREMIUM]",5633.21,"2.0L 4","FRONT WHEEL DRIVE","AUTOMATIC","GAS",4,"Run & Drive Verified","Pure Sale","[PREMIUM]",,"MORAINE","OH","45439 1950","USA","USD","[PREMIUM]","[PREMIUM]","C080",false,"[PREMIUM]","I",false,false,"[PREMIUM]",,,,,,,,"[PREMIUM]"
"68368686","2026-09-16 23:06:49.016","2026-09-29 21:29:38.269","68368686","2026-09-24 17:37:51.000","[PREMIUM]","166","OH - DAYTON","2026-09-30","WEDNESDAY","1000","EDT","0","V",2020,"FORD","F-150","F150","PICKUP","GRAY","MECHANICAL","MINOR DENT/SCRATCHES","OH","CT","YES","E",66363,"N","[PREMIUM]",0,"5.0L 8","4X4 W/REAR WHEEL DRV","AUTOMATIC","GAS",8,"DEFAULT","On Minimum Bid","[PREMIUM]",,"MORAINE","OH","45439 1950","USA","USD","[PREMIUM]","[PREMIUM]","J060",true,"[PREMIUM]","SUPERCREW",false,false,"[PREMIUM]",,,,,,,,"[PREMIUM]"
"68263216","2026-09-16 23:06:48.833","2026-09-29 08:32:52.595","68263216","2026-09-16 20:56:18.000","[PREMIUM]","166","OH - DAYTON",,,,"EDT","0","V",2019,"CHEVROLET","TRAVERSE","TRAVERSE","SPORT UTILITY VEHICLE","RED","FRONT END",,"OH","ST","YES","D",31482,"A","[PREMIUM]",15668.11,"3.6L 6","FRONT WHEEL DRIVE","AUTOMATIC","GAS",6,"Run & Drive Verified","Pure Sale","[PREMIUM]",,"MORAINE","OH","45439 1950","USA","USD","[PREMIUM]","[PREMIUM]","E070",false,"[PREMIUM]","LT",false,false,"[PREMIUM]",,,,,,,,"[PREMIUM]"
"67142796","2026-09-16 23:06:47.543","2026-09-23 03:30:24.016","67142796","2026-09-18 15:50:07.000","[PREMIUM]","166","OH - DAYTON","2026-09-23","WEDNESDAY","1000","EDT","0","V",2007,"FORD","FIVE HUNDR","FIVE HUNDRED","SEDAN 4DR","SILVER","MINOR DENT/SCRATCHES",,"OH","ST","YES","D",0,"N","[PREMIUM]",871,"3.0L 6","FRONT WHEEL DRIVE","AUTOMATIC","GAS",6,"Run & Drive Verified","Pure Sale","[PREMIUM]",,"MORAINE","OH","45439 1950","USA","USD","[PREMIUM]","[PREMIUM]","E080",false,"[PREMIUM]","SEL",false,false,"[PREMIUM]",,,,,,,,"[PREMIUM]"
"66526126","2026-09-16 23:06:47.071","2026-09-29 08:32:50.328","66526126","2026-09-23 14:40:40.000","[PREMIUM]","166","OH - DAYTON","2026-09-30","WEDNESDAY","1000","EDT","0","V",2015,"BUICK","ENCLAVE","ENCLAVE","4DR SPORT UTILITY","BLUE","FRONT END","REAR END","OH","ST","YES","E",0,"N","[PREMIUM]",15184.39,"3.6L 6","ALL WHEEL DRIVE","AUTOMATIC","GAS",6,"DEFAULT","On Minimum Bid","[PREMIUM]",,"MORAINE","OH","45439 1950","USA","USD","[PREMIUM]","[PREMIUM]","C080",false,"[PREMIUM]",,false,false,"[PREMIUM]",,,,,,,,"[PREMIUM]"
"63921006","2026-09-16 23:06:44.445","2026-09-29 08:32:48.253","63921006","2026-09-16 21:56:39.000","[PREMIUM]","166","OH - DAYTON",,,,"EDT","0","V",2026,"NISSAN","SENTRA","SENTRA","SEDAN","WHITE","FRONT END",,"IN","ST","YES","D",2029,"A","[PREMIUM]",16700,"2.0L 4","FRONT WHEEL DRIVE","AUTOMATIC","GAS",4,"Run & Drive Verified","Pure Sale","[PREMIUM]",,"MORAINE","OH","45439 1950","USA","USD","[PREMIUM]","[PREMIUM]","E120",false,"[PREMIUM]","SV",false,false,"[PREMIUM]",,,,,,,,"[PREMIUM]"
"63837866","2026-09-16 23:06:38.621","2026-09-28 06:55:27.293","63837866","2026-09-25 11:47:54.000","[PREMIUM]","164","PA - PHILADELPHIA EAST-SUBLOT","2026-09-28","MONDAY","1000","EDT","84","V",2023,"GMC","SIERRA","SIERRA","PICKUP","RED","REAR END","SIDE","MD","S2","YES","D",10114,"A","[PREMIUM]",30625.35,"5.3L 8","4X4 W/REAR WHEEL DRV","AUTOMATIC","GAS",8,"Run & Drive Verified","Pure Sale","[PREMIUM]",,"CHALFONT","PA","18914 3201","USA","USD","[PREMIUM]","[PREMIUM]","A100",false,"[PREMIUM]","K1500 DENALI",false,false,"[PREMIUM]",,,,,,,,"[PREMIUM]"
"84263355","2026-09-16 23:06:36.982","2026-09-23 03:30:09.756","84263355","2026-09-22 12:21:59.000","[PREMIUM]","163","FL - JACKSONVILLE NORTH","2026-09-23","WEDNESDAY","1000","EDT","65","V",2015,"CHRYSLER","MINIVAN","TOWN & COUNTRY","SPORTS V","BLACK","FRONT END",,"FL","RB","YES","D",164821,"N","[PREMIUM]",0,"3.6L  6","Front-wheel Drive","AUTOMATIC","FLEXIBLE FUEL",6,"Run & Drive Verified","Pure Sale","[PREMIUM]",,"JACKSONVILLE","FL","32218 5527","USA","USD","[PREMIUM]","[PREMIUM]","J090",false,"[PREMIUM]","TOURING L",false,false,"[PREMIUM]",,,,,,,,"[PREMIUM]"
"77679905","2026-09-16 23:06:36.866","2026-09-23 03:30:09.757","77679905","2026-09-22 12:21:59.000","[PREMIUM]","163","FL - JACKSONVILLE NORTH","2026-09-23","WEDNESDAY","1000","EDT","2501","V",2024,"RAM","3500","3500",,"BLACK","FRONT END","UNDERCARRIAGE","FL","RB","YES","S",25139,"N","[PREMIUM]",53137.76,"6.7L  6","4x4 w/Rear Wheel Drv","AUTOMATIC","DIESEL",6,"Vehicle Starts","Pure Sale","[PREMIUM]",,"JACKSONVILLE","FL","32218 5527","USA","USD","[PREMIUM]","[PREMIUM]","I110",false,"[PREMIUM]","LARAMIE",false,false,"[PREMIUM]",,,,,,,,"[PREMIUM]"
"69251686","2026-09-16 23:06:36.692","2026-09-23 03:30:08.810","69251686","2026-09-22 12:21:59.000","[PREMIUM]","163","FL - JACKSONVILLE NORTH","2026-09-23","WEDNESDAY","1000","EDT","36","V",2017,"TOYOTA","SIENNA","SIENNA","MINI-VAN","GRAY","REAR END",,"FL","RB","YES","D",110509,"A","[PREMIUM]",8543.5,"3.5L 6","FRONT WHEEL DRIVE","AUTOMATIC","GAS                           ",6,"Run & Drive Verified","Pure Sale","[PREMIUM]",,"JACKSONVILLE","FL","32218 5527","USA","USD","[PREMIUM]","[PREMIUM]","J020",false,"[PREMIUM]","XLE 8-PASSENGER",false,false,"[PREMIUM]",,,,,,,,"[PREMIUM]"
"69086516","2026-09-16 23:06:36.667","2026-09-23 03:30:08.489","69086516","2026-09-22 12:21:59.000","[PREMIUM]","163","FL - JACKSONVILLE NORTH","2026-09-23","WEDNESDAY","1000","EDT","83","V",2013,"VOLKSWAGEN","GOLF","GOLF R","HATCHBACK 4DR","WHITE","REAR END",,"FL","RR","YES","D",91924,"A","[PREMIUM]",13041.34,"2.0L 4","All Wheel Drive","MANUAL","Gas",4,"Run & Drive Verified","Pure Sale","[PREMIUM]",,"JACKSONVILLE","FL","32218 5527","USA","USD","[PREMIUM]","[PREMIUM]","F130",false,"[PREMIUM]",,false,false,"[PREMIUM]",,,,,,,,"[PREMIUM]"
"68992606","2026-09-16 23:06:36.577","2026-09-23 03:30:08.297","68992606","2026-09-22 12:21:59.000","[PREMIUM]","163","FL - JACKSONVILLE NORTH","2026-09-23","WEDNESDAY","1000","EDT","17","V",2018,"SUBARU","FORESTER","FORESTER","SPORT UTILITY VEHICLE","CHARCOAL","FRONT END",,"FL","RB","YES","D",63136,"A","[PREMIUM]",9279.33,"2.5L 4","ALL WHEEL DRIVE","AUTOMATIC","GAS                           ",4,"Run & Drive Verified","Pure Sale","[PREMIUM]",,"JACKSONVILLE","FL","32218 5527","USA","USD","[PREMIUM]","[PREMIUM]","G120",false,"[PREMIUM]","2.5I LIMITED",false,false,"[PREMIUM]",,,,,,,,"[PREMIUM]"
"69014086","2026-09-16 23:06:36.571","2026-09-28 06:55:22.547","69014086","2026-09-24 13:02:30.000","[PREMIUM]","163","FL - JACKSONVILLE NORTH","2026-09-28","MONDAY","1000","EDT","2026","V",2010,"KIA","FORTE","FORTE","SEDAN","SILVER","FRONT END","REAR END","FL","RB","YES","E",163074,"E","[PREMIUM]",3702.38,"2.4L 4","FRONT WHEEL DRIVE","AUTOMATIC","GAS                           ",4,"DEFAULT","On Minimum Bid","[PREMIUM]",,"JACKSONVILLE","FL","32218 5527","USA","USD","[PREMIUM]","[PREMIUM]","H070",false,"[PREMIUM]","SX",false,false,"[PREMIUM]",,,,,,,,"[PREMIUM]"
"68797686","2026-09-16 23:06:36.367","2026-09-29 08:32:36.542","68797686","2026-09-23 16:44:44.000","[PREMIUM]","163","FL - JACKSONVILLE NORTH","2026-09-30","WEDNESDAY","1000","EDT","0","V",2002,"FORD","ALL Models","MUSTANG","CONVERTIBLE","WHITE","FRONT END",,"FL","RB","YES","D",220716,"E","[PREMIUM]",5380.99,"3.8L 6","REAR WHEEL DRIVE","AUTOMATIC","GAS                           ",6,"Run & Drive Verified","On Minimum Bid","[PREMIUM]",,"JACKSONVILLE","FL","32218 5527","USA","USD","[PREMIUM]","[PREMIUM]","G160",false,"[PREMIUM]",,false,false,"[PREMIUM]",,,,,,,,"[PREMIUM]"
"68932906","2026-09-16 23:06:36.349","2026-09-23 03:30:08.293","68932906","2026-09-22 12:21:59.000","[PREMIUM]","163","FL - JACKSONVILLE NORTH","2026-09-23","WEDNESDAY","1000","EDT","2275","V",2013,"MAZDA","3","3","SEDAN 4DR","BLACK","FRONT END",,"FL","RB","YES","D",228027,"A","[PREMIUM]",5759.22,"2.0L 4","FRONT WHEEL DRIVE","AUTOMATIC","GAS                           ",4,"Run & Drive Verified","Pure Sale","[PREMIUM]",,"JACKSONVILLE","FL","32218 5527","USA","USD","[PREMIUM]","[PREMIUM]","H090",false,"[PREMIUM]","I",false,false,"[PREMIUM]",,,,,,,,"[PREMIUM]"
"68804156","2026-09-16 23:06:36.346","2026-09-23 03:30:08.002","68804156","2026-09-22 12:21:59.000","[PREMIUM]","163","FL - JACKSONVILLE NORTH","2026-09-23","WEDNESDAY","1000","EDT","2045","V",2003,"CHRYSLER","PT CRUISER","PT CRUISER","SPORTS VAN","BLACK","FRONT END",,"FL","RB","YES","E",0,"E","[PREMIUM]",4995.22,"2.4L 4","FRONT WHEEL DRIVE","AUTOMATIC","GAS                           ",4,"DEFAULT","Pure Sale","[PREMIUM]",,"JACKSONVILLE","FL","32218 5527","USA","USD","[PREMIUM]","[PREMIUM]","A170",false,"[PREMIUM]","CLASSIC",false,false,"[PREMIUM]",,,,,,,,"[PREMIUM]"
"68740976","2026-09-16 23:06:36.254","2026-09-23 03:30:07.879","68740976","2026-09-22 12:21:59.000","[PREMIUM]","163","FL - JACKSONVILLE NORTH","2026-09-23","WEDNESDAY","1000","EDT","90","V",2017,"LEXUS","RC350","RC","COUPE","SILVER","FRONT END",,"FL","RB","YES","D",155017,"N","[PREMIUM]",14120.71,"3.5L 6","REAR WHEEL DRIVE","AUTOMATIC","GAS                           ",6,"Run & Drive Verified","Pure Sale","[PREMIUM]",,"JACKSONVILLE","FL","32218 5527","USA","USD","[PREMIUM]","[PREMIUM]","G110",false,"[PREMIUM]","350",false,false,"[PREMIUM]",,,,,,,,"[PREMIUM]"
"68666296","2026-09-16 23:06:36.208","2026-09-23 03:30:07.717","68666296","2026-09-22 12:21:59.000","[PREMIUM]","163","FL - JACKSONVILLE NORTH","2026-09-23","WEDNESDAY","1000","EDT","81","V",2017,"FORD","EXPLORER","EXPLORER","4DR SPORT UTILITY","BLACK","REAR END",,"FL","RB","YES","D",90078,"A","[PREMIUM]",11615.93,"3.5L 6","4X4 W/FRONT WHL DRV","AUTOMATIC","GAS",6,"Run & Drive Verified","Pure Sale","[PREMIUM]",,"JACKSONVILLE","FL","32218 5527","USA","USD","[PREMIUM]","[PREMIUM]","F140",false,"[PREMIUM]","SPORT",false,false,"[PREMIUM]",,,,,,,,"[PREMIUM]"
"68618256","2026-09-16 23:06:36.109","2026-09-23 03:30:07.719","68618256","2026-09-22 12:21:59.000","[PREMIUM]","163","FL - JACKSONVILLE NORTH","2026-09-23","WEDNESDAY","1000","EDT","2506","V",2010,"FORD","F150","F150","CREW PICKUP","WHITE","FRONT END",,"FL","RB","YES","S",283063,"A","[PREMIUM]",2244.82,"4.6L 8","4X4 W/REAR WHEEL DRV","AUTOMATIC","GAS",8,"Vehicle Starts","On Minimum Bid","[PREMIUM]",,"JACKSONVILLE","FL","32218 5527","USA","USD","[PREMIUM]","[PREMIUM]","K090",false,"[PREMIUM]","SUPERCREW",false,false,"[PREMIUM]",,,,,,,,"[PREMIUM]"
"68495436","2026-09-16 23:06:36.064","2026-09-23 03:30:07.537","68495436","2026-09-22 12:21:59.000","[PREMIUM]","163","FL - JACKSONVILLE NORTH","2026-09-23","WEDNESDAY","1000","EDT","2509","V",2007,"TOYOTA","4RUNNER","4RUNNER","SUV","SILVER","SIDE",,"FL","RB","YES","S",275647,"E","[PREMIUM]",4845,"4.0L 6","REAR WHEEL DRIVE","AUTOMATIC","GAS                           ",6,"Vehicle Starts","Pure Sale","[PREMIUM]",,"JACKSONVILLE","FL","32218 5527","USA","USD","[PREMIUM]","[PREMIUM]","D160",false,"[PREMIUM]","SPORT EDITION",false,false,"[PREMIUM]",,,,,,,,"[PREMIUM]"
"68400926","2026-09-16 23:06:35.973","2026-09-23 03:30:07.365","68400926","2026-09-22 12:21:59.000","[PREMIUM]","163","FL - JACKSONVILLE NORTH","2026-09-23","WEDNESDAY","1000","EDT","29","V",2010,"TOYOTA","COROLLA","COROLLA","SEDAN","GOLD","REAR END","FRONT END","FL","RB","YES","D",186250,"A","[PREMIUM]",5566.91,"1.8L 4","FRONT WHEEL DRIVE","AUTOMATIC","GAS",4,"Run & Drive Verified","Pure Sale","[PREMIUM]",,"JACKSONVILLE","FL","32218 5527","USA","USD","[PREMIUM]","[PREMIUM]","F120",false,"[PREMIUM]","LE",false,false,"[PREMIUM]",,,,,,,,"[PREMIUM]"
"68257926","2026-09-16 23:06:35.813","2026-09-23 03:30:07.067","68257926","2026-09-22 12:21:59.000","[PREMIUM]","163","FL - JACKSONVILLE NORTH","2026-09-23","WEDNESDAY","1000","EDT","2022","V",2011,"VOLKSWAGEN","TOUAREG","TOUAREG","4DR SPORT UTILITY","GRAY","FRONT END",,"FL","RB","YES","E",141570,"A","[PREMIUM]",12968.39,"3.0L 6","ALL WHEEL DRIVE","AUTOMATIC","DIESEL                        ",6,"DEFAULT","Pure Sale","[PREMIUM]",,"JACKSONVILLE","FL","32218 5527","USA","USD","[PREMIUM]","[PREMIUM]","E110",false,"[PREMIUM]","V6 TDI",false,false,"[PREMIUM]",,,,,,,,"[PREMIUM]"
"68156126","2026-09-16 23:06:35.733","2026-09-23 03:30:06.935","68156126","2026-09-22 12:21:59.000","[PREMIUM]","163","FL - JACKSONVILLE NORTH","2026-09-23","WEDNESDAY","1000","EDT","45","V",2015,"NISSAN","ALTIMA","ALTIMA","SEDAN","RED","FRONT END",,"FL","RB","YES","D",191440,"A","[PREMIUM]",3324.05,"2.5L 4","FRONT WHEEL DRIVE","AUTOMATIC","GAS",4,"Run & Drive Verified","Pure Sale","[PREMIUM]",,"JACKSONVILLE","FL","32218 5527","USA","USD","[PREMIUM]","[PREMIUM]","J090",false,"[PREMIUM]","2.5 S",false,false,"[PREMIUM]",,,,,,,,"[PREMIUM]"
"68097886","2026-09-16 23:06:35.591","2026-09-23 03:30:06.951","68097886","2026-09-22 12:21:59.000","[PREMIUM]","163","FL - JACKSONVILLE NORTH","2026-09-23","WEDNESDAY","1000","EDT","2254","V",2004,"JEEP","CHEROKEE","GRAND CHEROKEE","4DR SPORT UTILITY","CHARCOAL","FRONT END",,"FL","RB","YES","D",208680,"E","[PREMIUM]",4655.71,"4.7L 8","REAR WHEEL DRIVE","AUTOMATIC","GAS                           ",8,"Run & Drive Verified","Pure Sale","[PREMIUM]",,"JACKSONVILLE","FL","32218 5527","USA","USD","[PREMIUM]","[PREMIUM]","G080",false,"[PREMIUM]","LIMITED",false,false,"[PREMIUM]",,,,,,,,"[PREMIUM]"
"67958976","2026-09-16 23:06:35.501","2026-09-23 03:30:06.622","67958976","2026-09-22 12:21:59.000","[PREMIUM]","163","FL - JACKSONVILLE NORTH","2026-09-23","WEDNESDAY","1000","EDT","6","V",2012,"FORD","FUSION","FUSION","SEDAN 4DR","SILVER","FRONT END",,"FL","RB","YES","D",170604,"A","[PREMIUM]",5210.58,"3.0L 6","FRONT WHEEL DRIVE","AUTOMATIC","FLEXIBLE",6,"Run & Drive Verified","Pure Sale","[PREMIUM]",,"JACKSONVILLE","FL","32218 5527","USA","USD","[PREMIUM]","[PREMIUM]","F100",false,"[PREMIUM]","SEL",false,false,"[PREMIUM]",,,,,,,,"[PREMIUM]"
"67873636","2026-09-16 23:06:35.326","2026-09-21 02:33:31.442","67873636","2026-09-18 15:17:58.000","[PREMIUM]","163","FL - JACKSONVILLE NORTH","2026-09-21","MONDAY","1000","EDT","3250","V",2026,"NISSAN","ALTIMA","ALTIMA","SEDAN","WHITE","SIDE",,"FL","CD","YES","D",12957,"A","[PREMIUM]",29552.51,"2.5L 4","FRONT WHEEL DRIVE","AUTOMATIC","GAS",4,"Run & Drive Verified","On Minimum Bid","[PREMIUM]",,"JACKSONVILLE","FL","32218 5527","USA","USD","[PREMIUM]","[PREMIUM]","SA011",false,"[PREMIUM]","SV",true,false,"[PREMIUM]",,,,,,,,"[PREMIUM]"
"67480446","2026-09-16 23:06:34.874","2026-09-23 03:30:06.156","67480446","2026-09-22 12:21:59.000","[PREMIUM]","163","FL - JACKSONVILLE NORTH","2026-09-23","WEDNESDAY","1000","EDT","2279","V",2005,"FORD","FOCUS","FOCUS","SEDAN 4DR","BURGUNDY","SIDE","REAR END","FL","RB","YES","D",111842,"E","[PREMIUM]",1223.65,"2.0L 4","FRONT WHEEL DRIVE","AUTOMATIC","GAS                           ",4,"Run & Drive Verified","Pure Sale","[PREMIUM]",,"JACKSONVILLE","FL","32218 5527","USA","USD","[PREMIUM]","[PREMIUM]","A140",false,"[PREMIUM]","ZX4",false,false,"[PREMIUM]",,,,,,,,"[PREMIUM]"
"67372416","2026-09-16 23:06:34.756","2026-09-23 03:30:06.001","67372416","2026-09-22 12:21:59.000","[PREMIUM]","163","FL - JACKSONVILLE NORTH","2026-09-23","WEDNESDAY","1000","EDT","37","V",2010,"CADILLAC","SRX","SRX","4DR SPORT UTILITY","BLACK","FRONT END",,"FL","RB","YES","D",0,"E","[PREMIUM]",0,"3.0L 6","FRONT WHEEL DRIVE","AUTOMATIC","GAS",6,"Run & Drive Verified","Pure Sale","[PREMIUM]",,"JACKSONVILLE","FL","32218 5527","USA","USD","[PREMIUM]","[PREMIUM]","G100",false,"[PREMIUM]","LUXURY COLLECTION",false,false,"[PREMIUM]",,,,,,,,"[PREMIUM]"
"66906746","2026-09-16 23:06:34.307","2026-09-23 03:30:05.709","66906746","2026-09-22 12:21:59.000","[PREMIUM]","163","FL - JACKSONVILLE NORTH","2026-09-23","WEDNESDAY","1000","EDT","2508","V",2013,"NISSAN","MAXIMA","MAXIMA","SEDAN","WHITE","FRONT END","SIDE","FL","RB","YES","S",117186,"A","[PREMIUM]",7425,"3.5L 6","FRONT WHEEL DRIVE","AUTOMATIC","GAS                           ",6,"Vehicle Starts","Pure Sale","[PREMIUM]",,"JACKSONVILLE","FL","32218 5527","USA","USD","[PREMIUM]","[PREMIUM]","A160",false,"[PREMIUM]","3.5 S",false,false,"[PREMIUM]",,,,,,,,"[PREMIUM]"
"66743926","2026-09-16 23:06:34.173","2026-09-23 03:30:05.398","66743926","2026-09-22 12:21:59.000","[PREMIUM]","163","FL - JACKSONVILLE NORTH","2026-09-23","WEDNESDAY","1000","EDT","72","V",2007,"FORD","FOCUS","FOCUS","HATCHBACK 2DR","BLUE","FRONT END",,"FL","RB","YES","D",124335,"A","[PREMIUM]",2170,"2.0L 4","FRONT WHEEL DRIVE","AUTOMATIC","GAS",4,"Run & Drive Verified","Pure Sale","[PREMIUM]",,"JACKSONVILLE","FL","32218 5527","USA","USD","[PREMIUM]","[PREMIUM]","H140",false,"[PREMIUM]","ZX3",false,false,"[PREMIUM]",,,,,,,,"[PREMIUM]"
"66368726","2026-09-16 23:06:33.875","2026-09-23 03:30:05.076","66368726","2026-09-22 12:21:59.000","[PREMIUM]","163","FL - JACKSONVILLE NORTH","2026-09-23","WEDNESDAY","1000","EDT","24","V",2016,"LAND ROVER","RANGEROVER","RANGE ROVER EVOQUE","UTILITY","WHITE","REAR END","SIDE","FL","CD","YES","D",70449,"A","[PREMIUM]",15907.2,"2.0L 4","ALL WHEEL DRIVE","AUTOMATIC","GAS",4,"Run & Drive Verified","Pure Sale","[PREMIUM]",,"JACKSONVILLE","FL","32218 5527","USA","USD","[PREMIUM]","[PREMIUM]","H040",false,"[PREMIUM]","SE",false,false,"[PREMIUM]",,,,,,,,"[PREMIUM]"
"66205166","2026-09-16 23:06:33.742","2026-09-23 03:30:04.961","66205166","2026-09-22 12:21:59.000","[PREMIUM]","163","FL - JACKSONVILLE NORTH","2026-09-23","WEDNESDAY","1000","EDT","2253","V",2018,"CHEVROLET","EQUINOX","EQUINOX","SPORT UTILITY VEHICLE","BLUE","FRONT END",,"FL","RB","YES","D",106551,"A","[PREMIUM]",9177.96,"1.5L 4","FRONT WHEEL DRIVE","AUTOMATIC","GAS",4,"Run & Drive Verified","Pure Sale","[PREMIUM]",,"JACKSONVILLE","FL","32218 5527","USA","USD","[PREMIUM]","[PREMIUM]","G130",false,"[PREMIUM]","LT",false,false,"[PREMIUM]",,,,,,,,"[PREMIUM]"
"65867546","2026-09-16 23:06:33.587","2026-09-23 03:30:04.789","65867546","2026-09-22 12:21:59.000","[PREMIUM]","163","FL - JACKSONVILLE NORTH","2026-09-23","WEDNESDAY","1000","EDT","2054","V",2025,"CHEVROLET","EQUINOX","EQUINOX","SPORT UTILITY VEHICLE","GRAY","REAR END","SIDE","FL","RB","YES",,19523,"A","[PREMIUM]",24367.95,,"FRONT WHEEL DRIVE","AUTOMATIC","ELECTRIC",,,"Pure Sale","[PREMIUM]",,"JACKSONVILLE","FL","32218 5527","USA","USD","[PREMIUM]","[PREMIUM]","G140",false,"[PREMIUM]","RS",false,false,"[PREMIUM]",,,,,,,,"[PREMIUM]"
"65761236","2026-09-16 23:06:33.466","2026-09-23 03:30:04.788","65761236","2026-09-22 12:21:59.000","[PREMIUM]","163","FL - JACKSONVILLE NORTH","2026-09-23","WEDNESDAY","1000","EDT","2274","V",2019,"BMW","X2","X2","SPORT UTILITY VEHICLE","BLACK","FRONT END",,"FL","RB","YES","D",78543,"A","[PREMIUM]",8095.61,"2.0L 4","FRONT WHEEL DRIVE","AUTOMATIC","GAS",4,"Run & Drive Verified","Pure Sale","[PREMIUM]",,"JACKSONVILLE","FL","32218 5527","USA","USD","[PREMIUM]","[PREMIUM]","H110",false,"[PREMIUM]","SDRIVE28I",false,false,"[PREMIUM]",,,,,,,,"[PREMIUM]"
"64628076","2026-09-16 23:06:32.784","2026-09-23 03:30:03.689","64628076","2026-09-22 12:21:59.000","[PREMIUM]","163","FL - JACKSONVILLE NORTH","2026-09-23","WEDNESDAY","1000","EDT","2284","V",2020,"HYUNDAI","SONATA","SONATA","SEDAN","RED","REAR END",,"FL","CD","YES","D",136887,"A","[PREMIUM]",10216.08,"2.5L 4","FRONT WHEEL DRIVE","AUTOMATIC","GAS",4,"Run & Drive Verified","Pure Sale","[PREMIUM]",,"JACKSONVILLE","FL","32218 5527","USA","USD","[PREMIUM]","[PREMIUM]","H140",false,"[PREMIUM]","SEL",false,false,"[PREMIUM]",,,,,,,,"[PREMIUM]"
"64470796","2026-09-16 23:06:32.726","2026-09-23 03:30:03.550","64470796","2026-09-22 12:21:59.000","[PREMIUM]","163","FL - JACKSONVILLE NORTH","2026-09-23","WEDNESDAY","1000","EDT","2014","V",2021,"TESLA","MODEL Y","MODEL Y","SPORT UTILITY VEHICLE","CHARCOAL","REAR END",,"FL","CD","YES","E",36837,"N","[PREMIUM]",30685,,"ALL WHEEL DRIVE","AUTOMATIC","ELECTRIC                      ",,"DEFAULT","On Minimum Bid","[PREMIUM]",,"JACKSONVILLE","FL","32218 5527","USA","USD","[PREMIUM]","[PREMIUM]","C150",false,"[PREMIUM]",,false,false,"[PREMIUM]",,,,,,,,"[PREMIUM]"
"64389576","2026-09-16 23:06:32.662","2026-09-23 03:30:03.551","64389576","2026-09-22 12:21:59.000","[PREMIUM]","163","FL - JACKSONVILLE NORTH","2026-09-23","WEDNESDAY","1000","EDT","78","V",2023,"HYUNDAI","ELANTRA","ELANTRA","SEDAN","CHARCOAL","FRONT END",,"FL","RB","YES","D",36519,"A","[PREMIUM]",15802.74,"2.0L 4","FRONT WHEEL DRIVE","AUTOMATIC","GAS",4,"Run & Drive Verified","Pure Sale","[PREMIUM]",,"JACKSONVILLE","FL","32218 5527","USA","USD","[PREMIUM]","[PREMIUM]","H130",false,"[PREMIUM]","SEL",false,false,"[PREMIUM]",,,,,,,,"[PREMIUM]"
"63999486","2026-09-16 23:06:32.499","2026-09-23 03:30:03.265","63999486","2026-09-22 12:21:59.000","[PREMIUM]","163","FL - JACKSONVILLE NORTH","2026-09-23","WEDNESDAY","1000","EDT","74","V",2018,"TOYOTA","CAMRY","CAMRY","SEDAN","BLUE","REAR END",,"FL","RB","YES","D",170130,"A","[PREMIUM]",10912.76,"2.5L 4","FRONT WHEEL DRIVE","AUTOMATIC","GAS",4,"Run & Drive Verified","Pure Sale","[PREMIUM]",,"JACKSONVILLE","FL","32218 5527","USA","USD","[PREMIUM]","[PREMIUM]","G070",false,"[PREMIUM]","SE",false,false,"[PREMIUM]",,,,,,,,"[PREMIUM]"
"63369736","2026-09-16 23:06:32.229","2026-09-23 03:30:02.739","63369736","2026-09-22 12:21:59.000","[PREMIUM]","163","FL - JACKSONVILLE NORTH","2026-09-23","WEDNESDAY","1000","EDT","2042","V",2017,"NISSAN","ROGUE","ROGUE","WAGON","WHITE","FRONT END",,"FL","RB","YES","E",236462,"A","[PREMIUM]",4999.95,"2.5L 4","FRONT WHEEL DRIVE","AUTOMATIC","GAS",4,"DEFAULT","Pure Sale","[PREMIUM]",,"JACKSONVILLE","FL","32218 5527","USA","USD","[PREMIUM]","[PREMIUM]","E060",false,"[PREMIUM]","SV",false,false,"[PREMIUM]",,,,,,,,"[PREMIUM]"
"63056836","2026-09-16 23:06:32.059","2026-09-23 03:30:02.629","63056836","2026-09-22 12:21:59.000","[PREMIUM]","163","FL - JACKSONVILLE NORTH","2026-09-23","WEDNESDAY","1000","EDT","23","V",2017,"FORD","FOCUS","FOCUS","SEDAN","SILVER","FRONT END",,"FL","RB","YES","D",125786,"A","[PREMIUM]",4480,"2.0L 4","FRONT WHEEL DRIVE","AUTOMATIC","GAS                           ",4,"Run & Drive Verified","Pure Sale","[PREMIUM]",,"JACKSONVILLE","FL","32218 5527","USA","USD","[PREMIUM]","[PREMIUM]","A150",false,"[PREMIUM]","SE",false,false,"[PREMIUM]",,,,,,,,"[PREMIUM]"
"63073926","2026-09-16 23:06:32.056","2026-09-23 03:30:02.606","63073926","2026-09-22 12:21:59.000","[PREMIUM]","163","FL - JACKSONVILLE NORTH","2026-09-23","WEDNESDAY","1000","EDT","1","V",2024,"KIA","SPORTAGE","SPORTAGE","SPORT UTILITY VEHICLE","WHITE","BURN",,"FL","CD","EXM","D",12031,"A","[PREMIUM]",25256,"2.5L 4","FRONT WHEEL DRIVE","AUTOMATIC","GAS",4,"Run & Drive Verified","Pure Sale","[PREMIUM]",,"JACKSONVILLE","FL","32218 5527","USA","USD","[PREMIUM]","[PREMIUM]","J100",false,"[PREMIUM]","EX",false,false,"[PREMIUM]",,,,,,,,"[PREMIUM]"
"62955346","2026-09-16 23:06:31.942","2026-09-28 06:55:16.147","62955346","2026-09-24 13:02:30.000","[PREMIUM]","163","FL - JACKSONVILLE NORTH","2026-09-28","MONDAY","1000","EDT","104","V",2019,"VOLKSWAGEN","ARTEON","ARTEON","SEDAN","SILVER","FRONT END",,"FL","RB","YES","D",52978,"A","[PREMIUM]",14870.45,"2.0L 4","ALL WHEEL DRIVE","AUTOMATIC","GAS",4,"Run & Drive Verified","Pure Sale","[PREMIUM]",,"JACKSONVILLE","FL","32218 5527","USA","USD","[PREMIUM]","[PREMIUM]","K030",false,"[PREMIUM]","SEL",false,false,"[PREMIUM]",,,,,,,,"[PREMIUM]"
"61564046","2026-09-16 23:06:31.505","2026-09-23 03:30:01.860","61564046","2026-09-22 12:21:59.000","[PREMIUM]","163","FL - JACKSONVILLE NORTH","2026-09-23","WEDNESDAY","1000","EDT","2032","V",2015,"INFINITI","Q50","Q50","SEDAN","RED","ROLLOVER",,"FL","RB","EXM","E",0,"N","[PREMIUM]",21193.54,"3.7L 6","REAR WHEEL DRIVE","AUTOMATIC","GAS",6,"DEFAULT","Pure Sale","[PREMIUM]",,"JACKSONVILLE","FL","32218 5527","USA","USD","[PREMIUM]","[PREMIUM]","F140",false,"[PREMIUM]","BASE",false,false,"[PREMIUM]",,,,,,,,"[PREMIUM]"
"61932686","2026-09-16 23:06:31.453","2026-09-23 03:30:01.850","61932686","2026-09-22 12:21:59.000","[PREMIUM]","163","FL - JACKSONVILLE NORTH","2026-09-23","WEDNESDAY","1000","EDT","2048","V",2016,"HONDA","PILOT","PILOT","4DR SPORT UTILITY","WHITE","FRONT END","SIDE","FL","RB","YES",,97176,"A","[PREMIUM]",17957.35,"3.5L 6","ALL WHEEL DRIVE","AUTOMATIC","GAS                           ",6,,"Pure Sale","[PREMIUM]",,"JACKSONVILLE","FL","32218 5527","USA","USD","[PREMIUM]","[PREMIUM]","B140",false,"[PREMIUM]","EX",false,false,"[PREMIUM]",,,,,,,,"[PREMIUM]"
"60165416","2026-09-16 23:06:30.904","2026-09-28 06:55:15.067","60165416","2026-09-24 13:02:30.000","[PREMIUM]","163","FL - JACKSONVILLE NORTH","2026-09-28","MONDAY","1000","EDT","8","V",2017,"FORD","ESCAPE","ESCAPE","4DR SPORT UTILITY","BLACK","SIDE","FRONT END","FL","RB","YES","D",154830,"N","[PREMIUM]",6032.38,"2.5L 4","FRONT WHEEL DRIVE","AUTOMATIC","GAS",4,"Run & Drive Verified","Pure Sale","[PREMIUM]",,"JACKSONVILLE","FL","32218 5527","USA","USD","[PREMIUM]","[PREMIUM]","H130",false,"[PREMIUM]","S",false,false,"[PREMIUM]",,,,,,,,"[PREMIUM]"
"59060566","2026-09-16 23:06:30.673","2026-09-29 08:32:31.804","59060566","2026-09-23 16:51:18.000","[PREMIUM]","163","FL - JACKSONVILLE NORTH","2026-09-30","WEDNESDAY","1000","EDT","0","V",2014,"BUICK","LACROSSE","LACROSSE","SEDAN 4DR","BLACK","FRONT END",,"FL","RB","YES","D",71101,"A","[PREMIUM]",6318.26,"3.6L 6","FRONT WHEEL DRIVE","AUTOMATIC","GAS",6,"Run & Drive Verified","On Minimum Bid","[PREMIUM]",,"JACKSONVILLE","FL","32218 5527","USA","USD","[PREMIUM]","[PREMIUM]","H140",false,"[PREMIUM]","PREMIUM",false,false,"[PREMIUM]",,,,,,,,"[PREMIUM]"
"57382065","2026-09-16 23:06:30.530","2026-09-29 08:32:31.496","57382065","2026-09-21 12:41:18.000","[PREMIUM]","163","FL - JACKSONVILLE NORTH","2026-09-30","WEDNESDAY","1000","EDT","0","V",2023,"SUBARU","FORESTER","FORESTER","SPORT UTILITY VEHICLE","SILVER","FRONT END",,"FL","CD","YES","E",32445,"A","[PREMIUM]",37497.6,"2.5L 4","ALL WHEEL DRIVE","AUTOMATIC","GAS                           ",4,"DEFAULT","On Minimum Bid","[PREMIUM]",,"JACKSONVILLE","FL","32218 5527","USA","USD","[PREMIUM]","[PREMIUM]","B140",false,"[PREMIUM]","LIMITED",false,false,"[PREMIUM]",,,,,,,,"[PREMIUM]"
"57842716","2026-09-16 23:06:30.479","2026-09-23 03:30:01.242","57842716","2026-09-22 12:21:59.000","[PREMIUM]","163","FL - JACKSONVILLE NORTH","2026-09-23","WEDNESDAY","1000","EDT","2019","V",2020,"MITSUBISHI","OUTLANDER","OUTLANDER","SPORT UTILITY VEHICLE","BLACK","REAR END","FRONT END","FL","CD","YES","E",0,"N","[PREMIUM]",9815,"2.4L 4","FRONT WHEEL DRIVE","AUTOMATIC","GAS",4,"DEFAULT","Pure Sale","[PREMIUM]",,"JACKSONVILLE","FL","32218 5527","USA","USD","[PREMIUM]","[PREMIUM]","F070",false,"[PREMIUM]","SE",false,false,"[PREMIUM]",,,,,,,,"[PREMIUM]"
"57679006","2026-09-16 23:06:30.473","2026-09-23 03:30:01.093","57679006","2026-09-22 12:21:59.000","[PREMIUM]","163","FL - JACKSONVILLE NORTH","2026-09-23","WEDNESDAY","1000","EDT","22","V",2007,"TOYOTA","TACOMA","TACOMA","CREW PICKUP","BLACK","REAR END","SIDE","FL","RB","YES","D",209469,"A","[PREMIUM]",8720,"4.0L 6","REAR WHEEL DRIVE","AUTOMATIC","GAS                           ",6,"Run & Drive Verified","Pure Sale","[PREMIUM]",,"JACKSONVILLE","FL","32218 5527","USA","USD","[PREMIUM]","[PREMIUM]","REC3",false,"[PREMIUM]","DOUBLE CAB PRERUNNER",false,false,"[PREMIUM]",,,,,,,,"[PREMIUM]"
"57069086","2026-09-16 23:06:30.385","2026-09-27 20:33:41.639","57069086","2026-09-24 13:02:30.000","[PREMIUM]","163","FL - JACKSONVILLE NORTH","2026-09-28","MONDAY","1000","EDT","2014","V",2023,"CHEVROLET","TRAILBLAZE","TRAILBLAZER","SPORT UTILITY VEHICLE","SILVER","BURN",,"FL","VD","EXM","E",0,"N","[PREMIUM]",50288,"1.3L 3","FRONT WHEEL DRIVE","AUTOMATIC","GAS",3,"DEFAULT","On Minimum Bid","[PREMIUM]",,"JACKSONVILLE","FL","32218 5527","USA","USD","[PREMIUM]","[PREMIUM]","G020",false,"[PREMIUM]","LT",false,false,"[PREMIUM]",,,,,,,,"[PREMIUM]"
"56062106","2026-09-16 23:06:30.320","2026-09-23 03:30:00.946","56062106","2026-09-22 12:21:59.000","[PREMIUM]","163","FL - JACKSONVILLE NORTH","2026-09-23","WEDNESDAY","1000","EDT","43","V",2021,"TOYOTA","COROLLA","COROLLA","SEDAN","SILVER","FRONT END",,"FL","CD","YES","D",104757,"A","[PREMIUM]",11768.01,"1.8L 4","FRONT WHEEL DRIVE","AUTOMATIC","GAS                           ",4,"Run & Drive Verified","Pure Sale","[PREMIUM]",,"JACKSONVILLE","FL","32218 5527","USA","USD","[PREMIUM]","[PREMIUM]","A170",false,"[PREMIUM]","LE",false,false,"[PREMIUM]",,,,,,,,"[PREMIUM]"
"55516896","2026-09-16 23:06:30.176","2026-09-23 03:30:00.947","55516896","2026-09-22 12:21:59.000","[PREMIUM]","163","FL - JACKSONVILLE NORTH","2026-09-23","WEDNESDAY","1000","EDT","2503","V",2008,"CHEVROLET","SILVERADO","SILVERADO","CREW PICKUP","BLUE","FRONT END","SIDE","FL","RB","YES","S",515663,"E","[PREMIUM]",0,"6.6L 8","4X4 W/REAR WHEEL DRV","AUTOMATIC","DIESEL                        ",8,"Vehicle Starts","Pure Sale","[PREMIUM]",,"JACKSONVILLE","FL","32218 5527","USA","USD","[PREMIUM]","[PREMIUM]","E170",false,"[PREMIUM]","K2500 HEAVY DUTY",false,false,"[PREMIUM]",,,,,,,,"[PREMIUM]"
"54470536","2026-09-16 23:06:29.972","2026-09-23 03:30:00.628","54470536","2026-09-22 12:21:59.000","[PREMIUM]","163","FL - JACKSONVILLE NORTH","2026-09-23","WEDNESDAY","1000","EDT","85","V",2023,"DODGE","CHARGER","CHARGER","SEDAN","PURPLE","FRONT END",,"FL","RB","YES","D",73503,"N","[PREMIUM]",15665.36,"3.6L 6","REAR WHEEL DRIVE","AUTOMATIC","FLEXIBLE",6,"Run & Drive Verified","Pure Sale","[PREMIUM]",,"JACKSONVILLE","FL","32218 5527","USA","USD","[PREMIUM]","[PREMIUM]","H140",false,"[PREMIUM]","GT",false,false,"[PREMIUM]",,,,,,,,"[PREMIUM]"
"51995186","2026-09-16 23:06:29.824","2026-09-23 03:30:00.495","51995186","2026-09-22 12:21:59.000","[PREMIUM]","163","FL - JACKSONVILLE NORTH","2026-09-23","WEDNESDAY","1000","EDT","27","V",2019,"HONDA","CRV","CR-V","SPORT UTILITY VEHICLE","BLUE","FRONT END",,"FL","RB","YES","D",121774,"A","[PREMIUM]",10169.57,"2.4L 4","FRONT WHEEL DRIVE","AUTOMATIC","GAS",4,"Run & Drive Verified","Pure Sale","[PREMIUM]",,"JACKSONVILLE","FL","32218 5527","USA","USD","[PREMIUM]","[PREMIUM]","H140",false,"[PREMIUM]","LX",false,false,"[PREMIUM]",,,,,,,,"[PREMIUM]"
"68188826","2026-09-16 23:06:28.826","2026-09-29 08:32:26.509","68188826","2026-09-25 01:56:27.000","[PREMIUM]","162","VA - HAMPTON","2026-09-29","TUESDAY","1000","EDT","0","V",2020,"KIA","OPTIMA","OPTIMA","SEDAN","MAROON","FRONT END","SIDE","VA","CT","YES","D",167802,"A","[PREMIUM]",0,"2.4L 4","FRONT WHEEL DRIVE","AUTOMATIC","GAS",4,"Run & Drive Verified","On Minimum Bid","[PREMIUM]",,"HAMPTON","VA","23666 1525","USA","USD","[PREMIUM]","[PREMIUM]","A050",true,"[PREMIUM]","LX",false,false,"[PREMIUM]",,,,,,,,"[PREMIUM]"
"67983086","2026-09-16 23:06:28.527","2026-09-22 02:44:21.305","67983086","2026-09-21 19:14:01.000","[PREMIUM]","162","VA - HAMPTON","2026-09-22","TUESDAY","1000","EDT","3015","V",2017,"NISSAN","ROGUE","ROGUE","WAGON","GRAY","SIDE",,"VA","ST","NO","E",96153,"A","[PREMIUM]",0,"2.5L 4","FRONT WHEEL DRIVE","AUTOMATIC","GAS",4,"DEFAULT","On Approval","[PREMIUM]",,"HAMPTON","VA","23666 1525","USA","USD","[PREMIUM]","[PREMIUM]","C060",false,"[PREMIUM]","SV",false,false,"[PREMIUM]",,,,,,,,"[PREMIUM]"
"66892176","2026-09-16 23:06:27.192","2026-09-22 02:44:18.799","66892176","2026-09-21 19:14:01.000","[PREMIUM]","162","VA - HAMPTON","2026-09-22","TUESDAY","1000","EDT","2084","V",2012,"TOYOTA","COROLLA","COROLLA","SEDAN","GRAY","REAR END",,"VA","ST","YES","D",203337,"A","[PREMIUM]",4750,"1.8L 4","FRONT WHEEL DRIVE","AUTOMATIC","GAS",4,"Run & Drive Verified","Pure Sale","[PREMIUM]",,"HAMPTON","VA","23666 1525","USA","USD","[PREMIUM]","[PREMIUM]","F050",false,"[PREMIUM]","L",false,false,"[PREMIUM]",,,,,,,,"[PREMIUM]"
"45798156","2026-09-16 23:06:19.096","2026-09-29 17:10:06.023","45798156","2026-09-29 16:16:07.000","[PREMIUM]","161","MI - KINCHELOE","2026-10-07","WEDNESDAY","1000","EDT","0","V",2017,"SUBARU","OUTBACK","OUTBACK","SPORT UTILITY VEHICLE","WHITE","WATER/FLOOD","MINOR DENT/SCRATCHES","MI","FC","YES","E",228818,"A","[PREMIUM]",7381,"3.6L 6","ALL WHEEL DRIVE","AUTOMATIC","GAS                           ",6,"DEFAULT","Pure Sale","[PREMIUM]",,"KINCHELOE","MI","49788 1914","USA","USD","[PREMIUM]","[PREMIUM]","J040",false,"[PREMIUM]","3.6R LIMITED",false,false,"[PREMIUM]",,,,,,,,"[PREMIUM]"
"68610176","2026-09-16 23:06:16.260","2026-09-29 08:32:07.309","68610176","2026-09-23 22:35:03.000","[PREMIUM]","159","MI - FLINT",,,,"EDT","0","V",2020,"FORD","FUSION","FUSION","SEDAN","BLACK","SIDE","REAR END","MI","CT","YES","D",194228,"A","[PREMIUM]",4175.47,"1.5L 4","FRONT WHEEL DRIVE","AUTOMATIC","GAS                           ",4,"Run & Drive Verified","Pure Sale","[PREMIUM]",,"DAVISON","MI","48423 8502","USA","USD","[PREMIUM]","[PREMIUM]","M080",false,"[PREMIUM]","SE",false,false,"[PREMIUM]",,,,,,,,"[PREMIUM]"
"67427666","2026-09-16 23:06:15.439","2026-09-29 08:32:05.192","67427666","2026-09-16 21:28:16.000","[PREMIUM]","159","MI - FLINT",,,,"EDT","0","V",2016,"FORD","EXPLORER","EXPLORER","4DR SPORT UTILITY","WHITE","FRONT END","UNDERCARRIAGE","MI","ST","YES","S",115808,"A","[PREMIUM]",6203.59,"3.5L 6","FRONT WHEEL DRIVE","AUTOMATIC","GAS",6,"Vehicle Starts","Pure Sale","[PREMIUM]",,"DAVISON","MI","48423 8502","USA","USD","[PREMIUM]","[PREMIUM]","F070",false,"[PREMIUM]","XLT",false,false,"[PREMIUM]",,,,,,,,"[PREMIUM]"
"64955196","2026-09-16 23:06:11.991","2026-09-29 08:32:00.658","64955196","2026-09-16 21:28:16.000","[PREMIUM]","159","MI - FLINT",,,,"EDT","0","V",2008,"JEEP","CHEROKEE","GRAND CHEROKEE","4DR SPORT UTILITY","BLACK","BURN - INTERIOR",,"MI","ST","EXM","E",0,"E","[PREMIUM]",19081.61,"5.7L 8","4X4 W/REAR WHEEL DRV","AUTOMATIC","GAS",8,"DEFAULT","Pure Sale","[PREMIUM]",,"DAVISON","MI","48423 8502","USA","USD","[PREMIUM]","[PREMIUM]","K100",false,"[PREMIUM]","OVERLAND",false,false,"[PREMIUM]",,,,,,,,"[PREMIUM]"
"57918496","2026-09-16 23:06:04.051","2026-09-29 08:31:53.255","57918496","2026-09-16 21:28:16.000","[PREMIUM]","159","MI - FLINT",,,,"EDT","0","V",2024,"FORD","BRONCO","BRONCO SPORT","SPORT UTILITY VEHICLE","BEIGE","REAR END","MINOR DENT/SCRATCHES","MI","ST","YES","D",22326,"A","[PREMIUM]",18946,"1.5L 3","4X4 W/FRONT WHL DRV","AUTOMATIC","GAS",3,"Run & Drive Verified","Pure Sale","[PREMIUM]",,"DAVISON","MI","48423 8502","USA","USD","[PREMIUM]","[PREMIUM]","A080",false,"[PREMIUM]","OUTER BANKS",false,false,"[PREMIUM]",,,,,,,,"[PREMIUM]"
"56974056","2026-09-16 23:06:03.291","2026-09-23 03:29:26.692","56974056","2026-09-22 13:04:52.000","[PREMIUM]","159","MI - FLINT","2026-09-23","WEDNESDAY","1000","EDT","4019","V",2009,"AUDI","TTS","TTS","COUPE","WHITE","FRONT END","SIDE","FL","CD","YES","E",0,"E","[PREMIUM]",20653.78,"2.0L 4","ALL WHEEL DRIVE","AUTOMATIC","GAS",4,"DEFAULT","Pure Sale","[PREMIUM]",,"DAVISON","MI","48423 8502","USA","USD","[PREMIUM]","[PREMIUM]","F090",false,"[PREMIUM]",,false,false,"[PREMIUM]",,,,,,,,"[PREMIUM]"
"45528556","2026-09-16 23:06:00.896","2026-09-29 08:31:50.749","45528556","2026-09-16 21:28:16.000","[PREMIUM]","159","MI - FLINT",,,,"EDT","0","V",2023,"FORD","EXPEDITION","EXPEDITION","SPORT UTILITY VEHICLE","BLACK","FRONT END","MINOR DENT/SCRATCHES","MI","CT","YES","D",33092,"A","[PREMIUM]",34577.73,"3.5L 6","4X4 W/REAR WHEEL DRV","AUTOMATIC","GAS",6,"Run & Drive Verified","Pure Sale","[PREMIUM]",,"DAVISON","MI","48423 8502","USA","USD","[PREMIUM]","[PREMIUM]","P010",false,"[PREMIUM]","MAX LIMITED",false,false,"[PREMIUM]",,,,,,,,"[PREMIUM]"
"78584705","2026-09-16 23:06:00.721","2026-09-21 02:32:44.330","78584705","2026-09-18 20:14:18.000","[PREMIUM]","157","GA - ATLANTA NORTH",,,,"EDT","0","V",2010,"TOYOTA","CAMRY","CAMRY","SEDAN","GRAY","FRONT END",,"WV","SC","YES","D",140754,"A","[PREMIUM]",0,"2.5L 4","FRONT WHEEL DRIVE","AUTOMATIC","GAS",4,"Run & Drive Verified","Pure Sale","[PREMIUM]",,"GAINESVILLE","GA","30507 7306","USA","USD","[PREMIUM]","[PREMIUM]","AA020",false,"[PREMIUM]",,false,false,"[PREMIUM]",,,,,,,,"[PREMIUM]"
"67738286","2026-09-16 23:05:56.524","2026-09-29 08:31:43.163","67738286","2026-09-16 22:08:08.000","[PREMIUM]","156","IL - WHEELING",,,,"CDT","0","V",2026,"INFINITI","QX60","QX60","SPORT UTILITY VEHICLE","BLUE","REAR END","FRONT END","IL","SC","YES","D",19747,"A","[PREMIUM]",42781.22,"2.0L 4","ALL WHEEL DRIVE","AUTOMATIC","GAS",4,"Run & Drive Verified","Pure Sale","[PREMIUM]",,"WHEELING","IL","60090 6528","USA","USD","[PREMIUM]","[PREMIUM]","FBLU3",false,"[PREMIUM]","LUXE",true,false,"[PREMIUM]",,,,,,,,"[PREMIUM]"
"68070356","2026-09-16 23:05:56.522","2026-09-29 08:31:43.310","68070356","2026-09-16 22:08:07.000","[PREMIUM]","838","RENTAL VEHICLE SALE",,,,"EDT","0","V",2021,"NISSAN","ALTIMA","ALTIMA","SEDAN","SILVER","MECHANICAL",,"IL","SC","YES","D",158642,"A","[PREMIUM]",8580.59,"2.5L 4","ALL WHEEL DRIVE","AUTOMATIC","GAS",4,"Run & Drive Verified","Pure Sale","[PREMIUM]",,"WHEELING","IL","60090 6528","USA","USD","[PREMIUM]","[PREMIUM]","BBLU3",false,"[PREMIUM]","PLATINUM",true,false,"[PREMIUM]",,,,,,,,"[PREMIUM]"
"68106026","2026-09-16 23:05:53.028","2026-09-22 02:43:32.517","68106026","2026-09-21 12:37:05.000","[PREMIUM]","155","NH - CANDIA","2026-09-22","TUESDAY","1000","EDT","137","V",2009,"TOYOTA","4RUNNER","4RUNNER","SUV","BLACK","SIDE",,"NH","CT","YES","E",219307,"A","[PREMIUM]",0,"4.0L 6","FOUR BY FOUR","AUTOMATIC","GAS",6,"DEFAULT","On Approval","[PREMIUM]",,"CANDIA","NH","03034 2111","USA","USD","[PREMIUM]","[PREMIUM]","H120",false,"[PREMIUM]","SPORT EDITION",false,false,"[PREMIUM]",,,,,,,,"[PREMIUM]"
"68647796","2026-09-16 23:05:37.989","2026-09-23 03:28:57.097","68647796","2026-09-16 21:06:57.000","[PREMIUM]","154","NC - MEBANE","2026-09-23","WEDNESDAY","1000","EDT","0","V",2013,"NISSAN","ROGUE","ROGUE","WAGON","GOLD","MECHANICAL","MINOR DENT/SCRATCHES","NC","CZ","YES","E",151219,"A","[PREMIUM]",0,"2.5L 4","FRONT WHEEL DRIVE","AUTOMATIC","GAS",4,"DEFAULT","On Minimum Bid","[PREMIUM]",,"MEBANE","NC","27302 9437","USA","USD","[PREMIUM]","[PREMIUM]","G120",true,"[PREMIUM]","S",false,false,"[PREMIUM]",,,,,,,,"[PREMIUM]"
"67921176","2026-09-16 23:05:37.688","2026-09-23 03:28:56.282","67921176","2026-09-16 21:06:57.000","[PREMIUM]","154","NC - MEBANE","2026-09-23","WEDNESDAY","1000","EDT","0","V",2000,"TOYOTA","TUNDRA","TUNDRA","4DR EXT CAB PICKUP","GRAY","MECHANICAL","MINOR DENT/SCRATCHES","NC","CZ","YES","E",235857,"E","[PREMIUM]",0,"4.7L 8","4X4 W/REAR WHEEL DRV","AUTOMATIC","GAS",8,"DEFAULT","On Minimum Bid","[PREMIUM]",,"MEBANE","NC","27302 9437","USA","USD","[PREMIUM]","[PREMIUM]","AA025",true,"[PREMIUM]","ACCESS CAB LIMITED",false,false,"[PREMIUM]",,,,,,,,"[PREMIUM]"
"55090236","2026-09-16 23:05:31.884","2026-09-29 08:31:13.328","55090236","2026-09-16 22:05:47.000","[PREMIUM]","154","NC - MEBANE",,,,"EDT","0","V",2012,"TOYOTA","CAMRY","CAMRY","SEDAN","SILVER","SIDE","FRONT END","NC","SC","YES","D",227977,"N","[PREMIUM]",5514.41,"2.5L 4","FRONT WHEEL DRIVE","AUTOMATIC","GAS",4,"Run & Drive Verified","Pure Sale","[PREMIUM]",,"MEBANE","NC","27302 9437","USA","USD","[PREMIUM]","[PREMIUM]","G100",false,"[PREMIUM]","LE",false,false,"[PREMIUM]",,,,,,,,"[PREMIUM]"
"69294816","2026-09-16 23:05:31.278","2026-09-24 03:29:51.304","69294816","2026-09-24 01:59:07.000","[PREMIUM]","841","CRASHEDTOYS POWERSPORT AUCTION","2026-09-24","THURSDAY","1200","CDT","4123","C",2025,"YAMAHA","ALL OTHER","MTM690","TRADITIONAL","BLACK","MINOR DENT/SCRATCHES",,"FL","RB","YES","D",4602,"A","[PREMIUM]",7299.33,"2",,"MANUAL","GAS                           ",2,"Run & Drive Verified","Pure Sale","[PREMIUM]",,"APOPKA","FL","32712 5870","USA","USD","[PREMIUM]","[PREMIUM]","MC002",false,"[PREMIUM]",,false,false,"[PREMIUM]",,,,,,,,"[PREMIUM]"
"69306486","2026-09-16 23:05:31.244","2026-09-23 03:28:47.116","69306486","2026-09-18 17:22:28.000","[PREMIUM]","153","FL - ORLANDO NORTH","2026-09-23","WEDNESDAY","1000","EDT","41","V",2015,"BMW","X1","X1","STATION WAGON","TAN","MINOR DENT/SCRATCHES",,"FL","RB","YES","D",114147,"A","[PREMIUM]",5045.95,"2.0L 4","ALL WHEEL DRIVE","AUTOMATIC","GAS                           ",4,"Run & Drive Verified","Pure Sale","[PREMIUM]",,"APOPKA","FL","32712 5870","USA","USD","[PREMIUM]","[PREMIUM]","C170",false,"[PREMIUM]","XDRIVE28I",false,false,"[PREMIUM]",,,,,,,,"[PREMIUM]"
"69014256","2026-09-16 23:05:31.151","2026-09-23 03:28:46.671","69014256","2026-09-18 17:22:28.000","[PREMIUM]","153","FL - ORLANDO NORTH","2026-09-23","WEDNESDAY","1000","EDT","15","V",2012,"HONDA","CIVIC","CIVIC","SEDAN 4DR","BLUE","REAR END",,"FL","RB","YES","D",0,"N","[PREMIUM]",7737.37,"1.8L 4","FRONT WHEEL DRIVE","AUTOMATIC","GAS                           ",4,"Run & Drive Verified","Pure Sale","[PREMIUM]",,"APOPKA","FL","32712 5870","USA","USD","[PREMIUM]","[PREMIUM]","F080",false,"[PREMIUM]","LX",false,false,"[PREMIUM]",,,,,,,,"[PREMIUM]"
"69090316","2026-09-16 23:05:31.144","2026-09-23 03:28:46.811","69090316","2026-09-18 18:17:36.000","[PREMIUM]","153","FL - ORLANDO NORTH","2026-09-23","WEDNESDAY","1000","EDT","0","V",2017,"TOYOTA","CAMRY","CAMRY","SEDAN","SILVER","REAR END",,"FL","RB","YES","D",168458,"N","[PREMIUM]",10131.29,"2.5L 4","FRONT WHEEL DRIVE","AUTOMATIC","GAS                           ",4,"Run & Drive Verified","Pure Sale","[PREMIUM]",,"APOPKA","FL","32712 5870","USA","USD","[PREMIUM]","[PREMIUM]","C170",false,"[PREMIUM]","SE",false,false,"[PREMIUM]",,,,,,,,"[PREMIUM]"
"69027936","2026-09-16 23:05:31.113","2026-09-23 03:28:46.814","69027936","2026-09-18 17:22:28.000","[PREMIUM]","153","FL - ORLANDO NORTH","2026-09-23","WEDNESDAY","1000","EDT","32","V",2015,"CHEVROLET","TRAX","TRAX","4DR SPORT UTILITY","BLUE","REAR END","MINOR DENT/SCRATCHES","FL","RB","YES","D",113393,"A","[PREMIUM]",5438.57,"1.4L 4","FRONT WHEEL DRIVE","AUTOMATIC","GAS                           ",4,"Run & Drive Verified","Pure Sale","[PREMIUM]",,"APOPKA","FL","32712 5870","USA","USD","[PREMIUM]","[PREMIUM]","K090",false,"[PREMIUM]","LS",false,false,"[PREMIUM]",,,,,,,,"[PREMIUM]"
"68938766","2026-09-16 23:05:31.030","2026-09-23 03:28:46.554","68938766","2026-09-18 18:28:52.000","[PREMIUM]","153","FL - ORLANDO NORTH","2026-09-23","WEDNESDAY","1000","EDT","0","V",2001,"MERCEDES-BENZ","C-CLASS","C","SEDAN 4DR","SILVER","FRONT END",,"FL","RB","YES","E",102994,"E","[PREMIUM]",0,"2.6L 6","REAR WHEEL DRIVE","MANUAL","GAS                           ",6,"DEFAULT","Pure Sale","[PREMIUM]",,"APOPKA","FL","32712 5870","USA","USD","[PREMIUM]","[PREMIUM]","H120",false,"[PREMIUM]","240",false,false,"[PREMIUM]",,,,,,,,"[PREMIUM]"
"68986946","2026-09-16 23:05:30.998","2026-09-23 03:28:46.677","68986946","2026-09-18 17:22:28.000","[PREMIUM]","153","FL - ORLANDO NORTH","2026-09-23","WEDNESDAY","1000","EDT","34","V",2007,"SCION","TC","TC","HATCHBACK","BURGUNDY","SIDE",,"FL","RB","YES","D",234161,"E","[PREMIUM]",3831.37,"2.4L 4","FRONT WHEEL DRIVE","AUTOMATIC","GAS",4,"Run & Drive Verified","Pure Sale","[PREMIUM]",,"APOPKA","FL","32712 5870","USA","USD","[PREMIUM]","[PREMIUM]","E080",false,"[PREMIUM]","BASE",false,false,"[PREMIUM]",,,,,,,,"[PREMIUM]"
"68966066","2026-09-16 23:05:30.973","2026-09-23 03:28:46.677","68966066","2026-09-18 17:22:28.000","[PREMIUM]","153","FL - ORLANDO NORTH","2026-09-23","WEDNESDAY","1000","EDT","3","V",2015,"MASERATI","ALL OTHER","GHIBLI","SEDAN 4DR","BLACK","FRONT END","SIDE","FL","RB","YES","D",55851,"A","[PREMIUM]",8798.46,"3.0L 6","REAR WHEEL DRIVE","AUTOMATIC","GAS                           ",6,"Run & Drive Verified","Pure Sale","[PREMIUM]",,"APOPKA","FL","32712 5870","USA","USD","[PREMIUM]","[PREMIUM]","H140",false,"[PREMIUM]",,false,false,"[PREMIUM]",,,,,,,,"[PREMIUM]"
"68843136","2026-09-16 23:05:30.971","2026-09-23 03:28:46.403","68843136","2026-09-18 18:38:07.000","[PREMIUM]","153","FL - ORLANDO NORTH","2026-09-23","WEDNESDAY","1000","EDT","0","V",2012,"FORD","EXPLORER","EXPLORER","4DR SPORT UTILITY","WHITE","SIDE","REAR END","FL","RB","YES","D",282729,"N","[PREMIUM]",5651.86,"2.0L 4","FRONT WHEEL DRIVE","AUTOMATIC","GAS                           ",4,"Run & Drive Verified","Pure Sale","[PREMIUM]",,"APOPKA","FL","32712 5870","USA","USD","[PREMIUM]","[PREMIUM]","C050",false,"[PREMIUM]","XLT",false,false,"[PREMIUM]",,,,,,,,"[PREMIUM]"
"68758576","2026-09-16 23:05:30.897","2026-09-23 03:28:46.245","68758576","2026-09-18 18:37:11.000","[PREMIUM]","153","FL - ORLANDO NORTH","2026-09-23","WEDNESDAY","1000","EDT","0","V",2011,"CADILLAC","SRX","SRX","4DR SPORT UTILITY","GRAY","FRONT END","SIDE","FL","RB","YES","D",85320,"A","[PREMIUM]",6298.91,"3.0L 6","FRONT WHEEL DRIVE","AUTOMATIC","GAS                           ",6,"Run & Drive Verified","Pure Sale","[PREMIUM]",,"APOPKA","FL","32712 5870","USA","USD","[PREMIUM]","[PREMIUM]","M160",false,"[PREMIUM]","LUXURY COLLECTION",false,false,"[PREMIUM]",,,,,,,,"[PREMIUM]"
"68585576","2026-09-16 23:05:30.746","2026-09-23 03:28:46.129","68585576","2026-09-18 17:22:28.000","[PREMIUM]","153","FL - ORLANDO NORTH","2026-09-23","WEDNESDAY","1000","EDT","71","V",2013,"HYUNDAI","ACCENT","ACCENT","HATCHBACK","SILVER","WATER/FLOOD","MINOR DENT/SCRATCHES","FL","R1","YES","E",135824,"A","[PREMIUM]",3687.58,"1.6L 4","FRONT WHEEL DRIVE","AUTOMATIC","GAS",4,"DEFAULT","Pure Sale","[PREMIUM]",,"APOPKA","FL","32712 5870","USA","USD","[PREMIUM]","[PREMIUM]","G150",false,"[PREMIUM]","GS",false,false,"[PREMIUM]",,,,,,,,"[PREMIUM]"
"68511836","2026-09-16 23:05:30.716","2026-09-23 03:28:45.969","68511836","2026-09-18 18:18:40.000","[PREMIUM]","153","FL - ORLANDO NORTH","2026-09-23","WEDNESDAY","1000","EDT","0","V",2008,"ACURA","TSX","TSX","SEDAN 4DR","WHITE","FRONT END","REAR END","FL","RB","YES","D",168946,"A","[PREMIUM]",6771.73,"2.4L 4","FRONT WHEEL DRIVE","AUTOMATIC","GAS                           ",4,"Run & Drive Verified","Pure Sale","[PREMIUM]",,"APOPKA","FL","32712 5870","USA","USD","[PREMIUM]","[PREMIUM]","J140",false,"[PREMIUM]",,false,false,"[PREMIUM]",,,,,,,,"[PREMIUM]"
"68419926","2026-09-16 23:05:30.647","2026-09-23 03:28:45.852","68419926","2026-09-18 18:04:38.000","[PREMIUM]","153","FL - ORLANDO NORTH","2026-09-23","WEDNESDAY","1000","EDT","0","V",2005,"HYUNDAI","GRANDEUR","XG","SEDAN 4DR","WHITE","FRONT END","SIDE","FL","RB","YES","D",92183,"E","[PREMIUM]",4742,"3.5L 6","FRONT WHEEL DRIVE","AUTOMATIC","GAS                           ",6,"Run & Drive Verified","Pure Sale","[PREMIUM]",,"APOPKA","FL","32712 5870","USA","USD","[PREMIUM]","[PREMIUM]","M080",false,"[PREMIUM]","350",false,false,"[PREMIUM]",,,,,,,,"[PREMIUM]"
"68464326","2026-09-16 23:05:30.596","2026-09-23 03:28:45.959","68464326","2026-09-18 18:11:37.000","[PREMIUM]","153","FL - ORLANDO NORTH","2026-09-23","WEDNESDAY","1000","EDT","0","V",2012,"HYUNDAI","VELOSTER","VELOSTER","COUPE","BLACK","SIDE","FRONT END","FL","RB","YES","D",198626,"N","[PREMIUM]",4574.11,"1.6L 4","FRONT WHEEL DRIVE","AUTOMATIC","GAS",4,"Run & Drive Verified","Pure Sale","[PREMIUM]",,"APOPKA","FL","32712 5870","USA","USD","[PREMIUM]","[PREMIUM]","E080",false,"[PREMIUM]","BASE",false,false,"[PREMIUM]",,,,,,,,"[PREMIUM]"
"68353466","2026-09-16 23:05:30.451","2026-09-23 03:28:45.799","68353466","2026-09-18 18:31:36.000","[PREMIUM]","153","FL - ORLANDO NORTH","2026-09-23","WEDNESDAY","1000","EDT","0","V",2019,"TOYOTA","4RUNNER","4RUNNER","SUV","GRAY","FRONT END","REAR END","FL","RB","YES","E",71384,"A","[PREMIUM]",0,"4.0L 6","4X2","AUTOMATIC","GAS",6,"DEFAULT","Pure Sale","[PREMIUM]",,"APOPKA","FL","32712 5870","USA","USD","[PREMIUM]","[PREMIUM]","G150",false,"[PREMIUM]","SR5",false,false,"[PREMIUM]",,,,,,,,"[PREMIUM]"
"68269626","2026-09-16 23:05:30.316","2026-09-23 03:28:45.650","68269626","2026-09-18 18:28:05.000","[PREMIUM]","153","FL - ORLANDO NORTH","2026-09-23","WEDNESDAY","1000","EDT","0","V",2017,"CHEVROLET","TRAX","TRAX","4DR SPORT UTILITY","WHITE","FRONT END",,"FL","RB","YES","D",157517,"A","[PREMIUM]",0,"1.4L 4","FRONT WHEEL DRIVE","AUTOMATIC","GAS",4,"Run & Drive Verified","Pure Sale","[PREMIUM]",,"APOPKA","FL","32712 5870","USA","USD","[PREMIUM]","[PREMIUM]","I150",false,"[PREMIUM]","LS",false,false,"[PREMIUM]",,,,,,,,"[PREMIUM]"
"68089596","2026-09-16 23:05:30.125","2026-09-23 03:28:45.424","68089596","2026-09-18 18:37:09.000","[PREMIUM]","153","FL - ORLANDO NORTH","2026-09-23","WEDNESDAY","1000","EDT","0","V",2019,"HYUNDAI","TUCSON","TUCSON","SPORT UTILITY VEHICLE","WHITE","REAR END","MINOR DENT/SCRATCHES","FL","RB","YES","D",118325,"A","[PREMIUM]",1888.38,"2.0L 4","FRONT WHEEL DRIVE","AUTOMATIC","GAS                           ",4,"Run & Drive Verified","Pure Sale","[PREMIUM]",,"APOPKA","FL","32712 5870","USA","USD","[PREMIUM]","[PREMIUM]","N080",false,"[PREMIUM]","SE",false,false,"[PREMIUM]",,,,,,,,"[PREMIUM]"
"68024386","2026-09-16 23:05:30.014","2026-09-23 03:28:45.424","68024386","2026-09-18 18:00:40.000","[PREMIUM]","153","FL - ORLANDO NORTH","2026-09-23","WEDNESDAY","1000","EDT","0","V",2010,"HONDA","CIVIC","CIVIC","SEDAN 4DR","GRAY","FRONT END",,"FL","RB","YES","D",156276,"A","[PREMIUM]",5345,"1.8L 4","FRONT WHEEL DRIVE","AUTOMATIC","GAS                           ",4,"Run & Drive Verified","Pure Sale","[PREMIUM]",,"APOPKA","FL","32712 5870","USA","USD","[PREMIUM]","[PREMIUM]","J100",false,"[PREMIUM]","LX-S",false,false,"[PREMIUM]",,,,,,,,"[PREMIUM]"
"68031066","2026-09-16 23:05:29.996","2026-09-23 03:28:45.421","68031066","2026-09-18 18:34:17.000","[PREMIUM]","153","FL - ORLANDO NORTH","2026-09-23","WEDNESDAY","1000","EDT","0","V",2002,"TOYOTA","RAV4","RAV4","SUV","BEIGE","REAR END","MINOR DENT/SCRATCHES","FL","RB","YES","D",171032,"E","[PREMIUM]",4047.65,"2.0L 4","FRONT WHEEL DRIVE","AUTOMATIC","GAS",4,"Run & Drive Verified","Pure Sale","[PREMIUM]",,"APOPKA","FL","32712 5870","USA","USD","[PREMIUM]","[PREMIUM]","C050",false,"[PREMIUM]","BASE",false,false,"[PREMIUM]",,,,,,,,"[PREMIUM]"
"67870756","2026-09-16 23:05:29.854","2026-09-23 03:28:45.292","67870756","2026-09-18 17:22:28.000","[PREMIUM]","153","FL - ORLANDO NORTH","2026-09-23","WEDNESDAY","1000","EDT","69","V",2017,"NISSAN","PATHFINDER","PATHFINDER","SUV","BLACK","FRONT END",,"FL","RB","NO","E",169275,"N","[PREMIUM]",5752.32,"3.5L 6","FRONT WHEEL DRIVE","AUTOMATIC","GAS",6,"DEFAULT","Pure Sale","[PREMIUM]",,"APOPKA","FL","32712 5870","USA","USD","[PREMIUM]","[PREMIUM]","D130",false,"[PREMIUM]","SV",false,false,"[PREMIUM]",,,,,,,,"[PREMIUM]"
"67871776","2026-09-16 23:05:29.852","2026-09-23 03:28:45.287","67871776","2026-09-18 17:22:28.000","[PREMIUM]","153","FL - ORLANDO NORTH","2026-09-23","WEDNESDAY","1000","EDT","28","V",2016,"HONDA","ACCORD","ACCORD","SEDAN 4DR","SILVER","FRONT END",,"FL","RB","YES","D",116422,"A","[PREMIUM]",9426,"2.4L 4","FRONT WHEEL DRIVE","AUTOMATIC","GAS",4,"Run & Drive Verified","On Minimum Bid","[PREMIUM]",,"APOPKA","FL","32712 5870","USA","USD","[PREMIUM]","[PREMIUM]","E110",false,"[PREMIUM]","LX",false,false,"[PREMIUM]",,,,,,,,"[PREMIUM]"
"67861666","2026-09-16 23:05:29.817","2026-09-23 03:28:45.299","67861666","2026-09-18 17:22:28.000","[PREMIUM]","153","FL - ORLANDO NORTH","2026-09-23","WEDNESDAY","1000","EDT","66","V",2016,"CHEVROLET","SILVERADO","SILVERADO","4DR EXT CAB PICKUP","BLACK","FRONT END","SIDE","FL","RB","YES","E",213013,"N","[PREMIUM]",16871.55,"4.3L 6","REAR WHEEL DRIVE","AUTOMATIC","GAS",6,"DEFAULT","Pure Sale","[PREMIUM]",,"APOPKA","FL","32712 5870","USA","USD","[PREMIUM]","[PREMIUM]","A020",false,"[PREMIUM]","C1500",false,false,"[PREMIUM]",,,,,,,,"[PREMIUM]"
"67683946","2026-09-16 23:05:29.593","2026-09-23 03:28:45.037","67683946","2026-09-18 18:14:07.000","[PREMIUM]","153","FL - ORLANDO NORTH","2026-09-23","WEDNESDAY","1000","EDT","0","V",2020,"VOLKSWAGEN","ATLAS","ATLAS CROSS SPORT","SPORT UTILITY VEHICLE","WHITE","REAR END",,"FL","RB","YES","D",117136,"N","[PREMIUM]",13628.81,"2.0L 4","ALL WHEEL DRIVE","AUTOMATIC","GAS",4,"Run & Drive Verified","Pure Sale","[PREMIUM]",,"APOPKA","FL","32712 5870","USA","USD","[PREMIUM]","[PREMIUM]","G110",false,"[PREMIUM]","SEL",false,false,"[PREMIUM]",,,,,,,,"[PREMIUM]"
"67597486","2026-09-16 23:05:29.473","2026-09-23 03:28:45.036","67597486","2026-09-18 17:22:28.000","[PREMIUM]","153","FL - ORLANDO NORTH","2026-09-23","WEDNESDAY","1000","EDT","55","V",2019,"CHEVROLET","SPARK","SPARK","HATCHBACK","TEAL","REAR END","FRONT END","FL","RB","YES","D",124193,"N","[PREMIUM]",0,"1.4L 4","FRONT WHEEL DRIVE","AUTOMATIC","GAS",4,"Run & Drive Verified","On Minimum Bid","[PREMIUM]",,"APOPKA","FL","32712 5870","USA","USD","[PREMIUM]","[PREMIUM]","F100",false,"[PREMIUM]","1LT",false,false,"[PREMIUM]",,,,,,,,"[PREMIUM]"
"67615876","2026-09-16 23:05:29.470","2026-09-23 03:28:45.013","67615876","2026-09-18 18:38:44.000","[PREMIUM]","153","FL - ORLANDO NORTH","2026-09-23","WEDNESDAY","1000","EDT","0","V",2012,"CHEVROLET","SONIC","SONIC","HATCHBACK 4DR","RED","FRONT END","SIDE","FL","RB","YES","D",129322,"A","[PREMIUM]",8160.42,"1.8L 4","FRONT WHEEL DRIVE","AUTOMATIC","GAS                           ",4,"Run & Drive Verified","Pure Sale","[PREMIUM]",,"APOPKA","FL","32712 5870","USA","USD","[PREMIUM]","[PREMIUM]","J140",false,"[PREMIUM]","LT",false,false,"[PREMIUM]",,,,,,,,"[PREMIUM]"
"67492576","2026-09-16 23:05:29.369","2026-09-28 06:53:51.853","67492576","2026-09-21 13:02:11.000","[PREMIUM]","153","FL - ORLANDO NORTH","2026-09-28","MONDAY","1000","EDT","0","V",2014,"FORD","EXPLORER X","EXPLORER","4DR SPOR","BLACK","SIDE","UNDERCARRIAGE","FL","RB","YES","D",137616,"N","[PREMIUM]",11195.91,,,"AUTOMATIC",,,"Run & Drive Verified","Pure Sale","[PREMIUM]",,"APOPKA","FL","32712 5870","USA","USD","[PREMIUM]","[PREMIUM]","C070",false,"[PREMIUM]","XLT",false,false,"[PREMIUM]",,,,,,,,"[PREMIUM]"
"67419976","2026-09-16 23:05:29.230","2026-09-23 03:28:44.696","67419976","2026-09-18 17:22:28.000","[PREMIUM]","153","FL - ORLANDO NORTH","2026-09-23","WEDNESDAY","1000","EDT","7","V",2015,"LEXUS","CT 200","CT","HATCHBACK 4DR","GRAY","FRONT END",,"FL","RB","YES","D",209605,"N","[PREMIUM]",9884.35,"1.8L 4","FRONT WHEEL DRIVE","AUTOMATIC","ELECTRIC AND GAS HYBRID",4,"Run & Drive Verified","Pure Sale","[PREMIUM]",,"APOPKA","FL","32712 5870","USA","USD","[PREMIUM]","[PREMIUM]","G100",false,"[PREMIUM]","200",false,false,"[PREMIUM]",,,,,,,,"[PREMIUM]"
"67456506","2026-09-16 23:05:29.221","2026-09-23 03:28:44.878","67456506","2026-09-18 17:22:28.000","[PREMIUM]","153","FL - ORLANDO NORTH","2026-09-23","WEDNESDAY","1000","EDT","43","V",2013,"NISSAN","ALTIMA","ALTIMA","SEDAN","RED","REAR END","FRONT END","FL","RB","YES","D",141151,"N","[PREMIUM]",5552.25,"2.5L 4","FRONT WHEEL DRIVE","AUTOMATIC","GAS",4,"Run & Drive Verified","Pure Sale","[PREMIUM]",,"APOPKA","FL","32712 5870","USA","USD","[PREMIUM]","[PREMIUM]","B050",false,"[PREMIUM]","2.5 S",false,false,"[PREMIUM]",,,,,,,,"[PREMIUM]"
"67437226","2026-09-16 23:05:29.216","2026-09-23 03:28:44.733","67437226","2026-09-21 13:22:02.000","[PREMIUM]","153","FL - ORLANDO NORTH","2026-09-23","WEDNESDAY","1000","EDT","73","V",2015,"BMW","X6","X6","4DR SPORT UTILITY","BLACK","FRONT END","SIDE","FL","RB","YES","E",138284,"A","[PREMIUM]",11077.74,"3.0L 6","REAR WHEEL DRIVE","AUTOMATIC","GAS",6,"DEFAULT","On Approval","[PREMIUM]",,"APOPKA","FL","32712 5870","USA","USD","[PREMIUM]","[PREMIUM]","B040",false,"[PREMIUM]","SDRIVE35I",false,false,"[PREMIUM]",,,,,,,,"[PREMIUM]"
"67444766","2026-09-16 23:05:29.200","2026-09-23 03:28:44.737","67444766","2026-09-21 14:30:18.000","[PREMIUM]","153","FL - ORLANDO NORTH","2026-09-23","WEDNESDAY","1000","EDT","0","V",2015,"HONDA","FIT","FIT","HATCHBACK 4DR","BLUE","ALL OVER",,"FL","RB","YES","E",82365,"A","[PREMIUM]",18021.32,"1.5L 4","FRONT WHEEL DRIVE","AUTOMATIC","GAS",4,"DEFAULT","Pure Sale","[PREMIUM]",,"APOPKA","FL","32712 5870","USA","USD","[PREMIUM]","[PREMIUM]","F100",false,"[PREMIUM]","LX",false,false,"[PREMIUM]",,,,,,,,"[PREMIUM]"
"67407616","2026-09-16 23:05:29.106","2026-09-23 03:28:44.561","67407616","2026-09-18 17:22:28.000","[PREMIUM]","153","FL - ORLANDO NORTH","2026-09-23","WEDNESDAY","1000","EDT","70","V",2010,"HONDA","CIVIC","CIVIC","SEDAN 4DR","BLACK","FRONT END","REAR END","FL","RR","YES","E",253669,"E","[PREMIUM]",5969.56,"1.8L 4","FRONT WHEEL DRIVE","AUTOMATIC","GAS",4,"DEFAULT","Pure Sale","[PREMIUM]",,"APOPKA","FL","32712 5870","USA","USD","[PREMIUM]","[PREMIUM]","C050",false,"[PREMIUM]","LX",false,false,"[PREMIUM]",,,,,,,,"[PREMIUM]"
"67395076","2026-09-16 23:05:29.093","2026-09-23 03:28:44.583","67395076","2026-09-19 15:27:46.000","[PREMIUM]","153","FL - ORLANDO NORTH","2026-09-23","WEDNESDAY","1000","EDT","0","V",2017,"HONDA","HR-V","HR-V","4DR SPORT UTILITY","CHARCOAL","FRONT END","SIDE","FL","RB","YES","D",143129,"A","[PREMIUM]",0,"1.8L 4","FRONT WHEEL DRIVE","AUTOMATIC","GAS                           ",4,"Run & Drive Verified","Pure Sale","[PREMIUM]",,"APOPKA","FL","32712 5870","USA","USD","[PREMIUM]","[PREMIUM]","M090",false,"[PREMIUM]","EX",false,false,"[PREMIUM]",,,,,,,,"[PREMIUM]"
