"_primaryKey","_firstSeenAt","_lastSeenAt","lotId","updatedAt","vin","yardNumber","yardName","saleDate","saleDayOfWeek","saleTime","saleTimeZone","itemNumber","vehicleType","year","make","modelGroup","modelDetail","bodyStyle","exteriorColor","damageDescription","secondaryDamage","saleTitleState","saleTitleType","hasKeys","lotCondCode","mileage","odometerBrand","estRetailValue","repairCost","engine","drivetrain","transmission","fuelType","cylinders","runsDrives","saleStatus","highBid","specialNote","locationCity","locationState","locationZip","locationCountry","currencyCode","imageThumbnail","imageUrl","gridRow","makeOfferEligible","buyItNowPrice","trim","rentals","wholesale","sellerName","offsiteAddress1","offsiteState","offsiteCity","offsiteZip","saleLight","autoGrade","announcements","listingUrl"
"67129736","2026-09-03 18:31:49.348","2026-09-15 23:17:41.666","67129736","2026-09-11 19:57:02.000","[PREMIUM]","398","IA - CEDAR RAPIDS","2026-09-23","WEDNESDAY","1200","CDT","0","V",2019,"FORD","FIESTA","FIESTA","HATCHBACK","GRAY","FRONT END",,"IA","ST","YES","S",96492,"A","[PREMIUM]",9719.39,"1.6L 4","FRONT WHEEL DRIVE","AUTOMATIC","GAS",4,"Vehicle Starts","Pure Sale","[PREMIUM]",,"CEDAR RAPIDS","IA","52404","USA","USD","[PREMIUM]","[PREMIUM]","C050",false,"[PREMIUM]","SE",false,false,"[PREMIUM]",,,,,,,,"[PREMIUM]"
"66250306","2026-09-03 18:31:45.749","2026-09-15 23:17:30.151","66250306","2026-09-12 13:04:31.000","[PREMIUM]","395","VT - RUTLAND",,,,"EDT","0","V",2020,"HONDA","FIT","FIT","HATCHBACK","WHITE","FRONT END","MINOR DENT/SCRATCHES","VT","ST","YES","D",44534,"A","[PREMIUM]",15089.9,"1.5L 4","FRONT WHEEL DRIVE","AUTOMATIC","GAS",4,"Run & Drive Verified","Pure Sale","[PREMIUM]",,"CENTER RUTLAND","VT","05736","USA","USD","[PREMIUM]","[PREMIUM]","F020",false,"[PREMIUM]","EX",false,false,"[PREMIUM]",,,,,,,,"[PREMIUM]"
"64819446","2026-09-03 18:31:45.602","2026-09-15 23:17:29.718","64819446","2026-09-12 13:11:16.000","[PREMIUM]","395","VT - RUTLAND",,,,"EDT","0","V",2023,"BUICK","ENVISION","ENVISION","SPORT UTILITY VEHICLE","BLACK","FRONT END","MINOR DENT/SCRATCHES","VT","ST","YES","E",40264,"A","[PREMIUM]",33755,"2.0L 4","ALL WHEEL DRIVE","AUTOMATIC","GAS",4,"DEFAULT","Pure Sale","[PREMIUM]",,"CENTER RUTLAND","VT","05736","USA","USD","[PREMIUM]","[PREMIUM]","F020",false,"[PREMIUM]","AVENIR",false,false,"[PREMIUM]",,,,,,,,"[PREMIUM]"
"57515766","2026-09-03 18:31:44.796","2026-09-15 23:17:28.017","57515766","2026-09-15 19:24:15.000","[PREMIUM]","395","VT - RUTLAND","2026-09-21","MONDAY","1000","EDT","0","V",2023,"MITSUBISHI","OUTLANDER","OUTLANDER SPORT","SPORT UTILITY VEHICLE","SILVER","FRONT END","SIDE","WV","SC","NO","E",69815,"A","[PREMIUM]",14055,"2.0L 4","ALL WHEEL DRIVE","AUTOMATIC","GAS",4,"DEFAULT","On Minimum Bid","[PREMIUM]",,"CENTER RUTLAND","VT","05736","USA","USD","[PREMIUM]","[PREMIUM]","Y010",false,"[PREMIUM]","S",false,false,"[PREMIUM]",,,,,,,,"[PREMIUM]"
"66749926","2026-09-03 18:31:40.328","2026-09-15 23:17:06.777","66749926","2026-09-11 09:59:20.000","[PREMIUM]","385","MI - WAYLAND","2026-09-17","THURSDAY","1000","EDT","0","V",2016,"FORD","FUSION","FUSION","SEDAN 4DR","BLUE","REAR END","FRONT END","MI","CT","YES","D",117068,"A","[PREMIUM]",12512.28,"2.0L 4","FRONT WHEEL DRIVE","AUTOMATIC","ELECTRIC AND GAS HYBRID",4,"Run & Drive Verified","On Minimum Bid","[PREMIUM]",,"WAYLAND","MI","49348","USA","USD","[PREMIUM]","[PREMIUM]","P160",false,"[PREMIUM]","SE HYBRID",false,false,"[PREMIUM]",,,,,,,,"[PREMIUM]"
"65391916","2026-09-03 18:31:40.071","2026-09-15 02:47:00.972","65391916","2026-09-14 20:01:56.000","[PREMIUM]","855","WHOLESALE AUCTION","2026-09-15","TUESDAY","1200","EDT","8502","K",2021,"FORD","TRANSIT","TRANSIT","CUTAWAY","BLUE","NORMAL WEAR",,"MI","CT","NO","E",0,"N","[PREMIUM]",1962,"3.5L 6","REAR WHEEL DRIVE","AUTOMATIC","GAS",6,"DEFAULT","On Minimum Bid","[PREMIUM]",,"WAYLAND","MI","49348","USA","USD","[PREMIUM]","[PREMIUM]","HVY",true,"[PREMIUM]",,false,true,"[PREMIUM]",,,,,"RED LIGHT",3.5,,"[PREMIUM]"
"61469276","2026-09-03 18:31:38.920","2026-09-10 02:56:20.926","61469276","2026-09-03 17:23:10.000","[PREMIUM]","385","MI - WAYLAND","2026-09-10","THURSDAY","1000","EDT","0","V",2022,"TOYOTA","PRIUS","PRIUS",,"SILVER","SIDE","REAR END","MI","PO","NO","E",0,"N","[PREMIUM]",20169.75,,,"AUTOMATIC",,,"DEFAULT","Pure Sale","[PREMIUM]",,"WAYLAND","MI","49348","USA","USD","[PREMIUM]","[PREMIUM]","M210",false,"[PREMIUM]","LE AWD-E",false,false,"[PREMIUM]",,,,,,,,"[PREMIUM]"
"65689096","2026-09-03 18:31:35.437","2026-09-11 17:33:02.993","65689096","2026-09-10 14:06:25.000","[PREMIUM]","376","OH - AKRON","2026-09-11","FRIDAY","1000","EDT","1147","V",2016,"HONDA","CIVIC","CIVIC","SEDAN 4DR","SILVER","FRONT END",,"OH","ST","NO","E",0,"N","[PREMIUM]",0,"2.0L 4","FRONT WHEEL DRIVE","AUTOMATIC","GAS",4,"DEFAULT","Pure Sale","[PREMIUM]",,"BARBERTON","OH","44203","USA","USD","[PREMIUM]","[PREMIUM]","E060",false,"[PREMIUM]","EX",false,false,"[PREMIUM]",,,,,,,,"[PREMIUM]"
"65440916","2026-09-03 18:31:35.400","2026-09-10 15:01:52.491","65440916","2026-09-08 13:50:42.000","[PREMIUM]","376","OH - AKRON","2026-09-11","FRIDAY","1000","EDT","0","V",2012,"FORD","FOCUS","FOCUS","SEDAN 4DR","RED","SIDE",,"OH","ST","YES","D",128207,"A","[PREMIUM]",5753.7,"2.0L 4","FRONT WHEEL DRIVE","AUTOMATIC","GAS",4,"Run & Drive Verified","Pure Sale","[PREMIUM]",,"BARBERTON","OH","44203","USA","USD","[PREMIUM]","[PREMIUM]","E050",false,"[PREMIUM]","TITANIUM",false,false,"[PREMIUM]",,,,,,,,"[PREMIUM]"
"64944106","2026-09-03 18:31:35.290","2026-09-16 21:35:08.930","64944106","2026-09-14 17:16:53.000","[PREMIUM]","376","OH - AKRON","2026-09-18","FRIDAY","1000","EDT","0","V",2017,"ACURA","ILX","ILX","SEDAN 4DR","BLACK","FRONT END","SIDE","OH","ST","YES","E",0,"N","[PREMIUM]",13267.98,"2.4L 4","FRONT WHEEL DRIVE","AUTOMATIC","GAS",4,"DEFAULT","On Minimum Bid","[PREMIUM]",,"BARBERTON","OH","44203","USA","USD","[PREMIUM]","[PREMIUM]","B010",false,"[PREMIUM]","BASE WATCH PLUS",false,false,"[PREMIUM]",,,,,,,,"[PREMIUM]"
"65391556","2026-09-03 18:31:32.151","2026-09-08 08:24:52.326","65391556","2026-09-07 20:15:29.000","[PREMIUM]","855","WHOLESALE AUCTION","2026-09-08","TUESDAY","1200","EDT","4061","K",2020,"RAM","PROMASTER","PROMASTER 3500","VAN CARGO","BLUE","REAR END","SIDE","WI","CT","YES","D",89249,"A","[PREMIUM]",9409,"3.6L 6","FRONT WHEEL DRIVE","AUTOMATIC","FLEXIBLE",6,"Run & Drive Verified","On Approval","[PREMIUM]",,"FRANKLIN","WI","53132","USA","USD","[PREMIUM]","[PREMIUM]","1A070",false,"[PREMIUM]","3500 HIGH",false,true,"[PREMIUM]",,,,,"RED LIGHT",2.2,,"[PREMIUM]"
"66529346","2026-09-03 18:31:24.791","2026-09-15 14:37:48.965","66529346","2026-09-14 20:01:57.000","[PREMIUM]","855","WHOLESALE AUCTION","2026-09-15","TUESDAY","1200","EDT","6456","V",2025,"TOYOTA","RAV4","RAV4","SPORT UTILITY VEHICLE","SILVER","FRONT END","MECHANICAL","KS","CT","YES","S",9511,"A","[PREMIUM]",0,"2.5L 4","ALL WHEEL DRIVE","AUTOMATIC","ELECTRIC AND GAS HYBRID",4,"Vehicle Starts","On Minimum Bid","[PREMIUM]",,"KANSAS CITY","KS","66111 2629","USA","USD","[PREMIUM]","[PREMIUM]","3BLU",true,"[PREMIUM]","LE",false,true,"[PREMIUM]",,,,,"RED LIGHT",0,"Safety,Other","[PREMIUM]"
"57335526","2026-09-03 18:31:20.868","2026-09-14 21:35:30.735","57335526","2026-09-14 15:33:54.000","[PREMIUM]","369","KS - KANSAS CITY","2026-09-15","TUESDAY","1200","CDT","2542","V",2020,"MITSUBISHI","OUTLANDER","OUTLANDER","SPORT UTILITY VEHICLE","SILVER","SIDE",,"ID","SC","YES","E",87788,"A","[PREMIUM]",20967,"2.4L 4","ALL WHEEL DRIVE","AUTOMATIC","GAS",4,"DEFAULT","Pure Sale","[PREMIUM]",,"KANSAS CITY","KS","66111 2629","USA","USD","[PREMIUM]","[PREMIUM]","C110",false,"[PREMIUM]","SE/SEL/LE",false,false,"[PREMIUM]",,,,,,,,"[PREMIUM]"
"66948716","2026-09-03 18:31:15.184","2026-09-09 20:55:08.818","66948716","2026-09-09 13:59:38.000","[PREMIUM]","362","AZ - PHOENIX NORTH","2026-09-10","THURSDAY","1200","PDT","125","V",2009,"LEXUS","IS","IS 250","SEDAN","SILVER","SIDE","FRONT END","AZ","SC","YES","D",226181,"A","[PREMIUM]",4694.08,"2.5L 6","REAR WHEEL DRIVE","AUTOMATIC","GAS",6,"Run & Drive Verified","Pure Sale","[PREMIUM]",,"PHOENIX","AZ","85085","USA","USD","[PREMIUM]","[PREMIUM]","M080",false,"[PREMIUM]","BASE",false,false,"[PREMIUM]",,,,,,,,"[PREMIUM]"
"66364466","2026-09-03 18:31:15.066","2026-09-14 21:35:07.043","66364466","2026-09-14 14:30:31.000","[PREMIUM]","362","AZ - PHOENIX NORTH","2026-09-15","TUESDAY","1200","PDT","2580","V",2020,"NISSAN","PATHFINDER","PATHFINDER","SPORT UTILITY VEHICLE","GRAY","FRONT END",,"AZ","SC","YES","E",88820,"A","[PREMIUM]",12020.07,"3.5L 6","FRONT WHEEL DRIVE","AUTOMATIC","GAS",6,"DEFAULT","Pure Sale","[PREMIUM]",,"PHOENIX","AZ","85085","USA","USD","[PREMIUM]","[PREMIUM]","D120",false,"[PREMIUM]","SV",false,false,"[PREMIUM]",,,,,,,,"[PREMIUM]"
"63323146","2026-09-03 18:31:14.579","2026-09-14 21:35:04.702","63323146","2026-09-14 14:30:30.000","[PREMIUM]","362","AZ - PHOENIX NORTH","2026-09-15","TUESDAY","1200","PDT","70","V",2018,"FORD","F150","F150","PICKUP","WHITE","REAR END","SIDE","AZ","SC","YES","D",141339,"A","[PREMIUM]",10472.86,"2.7L 6","REAR WHEEL DRIVE","AUTOMATIC","GAS",6,"Run & Drive Verified","Pure Sale","[PREMIUM]",,"PHOENIX","AZ","85085","USA","USD","[PREMIUM]","[PREMIUM]","B160",false,"[PREMIUM]","SUPERCREW",false,false,"[PREMIUM]",,,,,,,,"[PREMIUM]"
"62907436","2026-09-03 18:31:14.509","2026-09-14 21:35:04.521","62907436","2026-09-14 14:30:31.000","[PREMIUM]","362","AZ - PHOENIX NORTH","2026-09-15","TUESDAY","1200","PDT","2528","V",2026,"TOYOTA","CAMRY","CAMRY","SEDAN","CHARCOAL","REAR END","SIDE","AZ","SC","YES","S",5761,"N","[PREMIUM]",31665.85,"2.5L 4","FRONT WHEEL DRIVE","AUTOMATIC","ELECTRIC AND GAS HYBRID",4,"Vehicle Starts","Pure Sale","[PREMIUM]",,"PHOENIX","AZ","85085","USA","USD","[PREMIUM]","[PREMIUM]","J060",false,"[PREMIUM]","XLE",false,false,"[PREMIUM]",,,,,,,,"[PREMIUM]"
"54854736","2026-09-03 18:31:14.027","2026-09-14 21:35:02.465","54854736","2026-09-14 14:30:30.000","[PREMIUM]","362","AZ - PHOENIX NORTH","2026-09-15","TUESDAY","1200","PDT","35","V",2026,"FORD","MUSTANG","MUSTANG","COUPE","GRAY","REAR END",,"AZ","SC","YES","D",1035,"A","[PREMIUM]",35572.33,"2.3L 4","REAR WHEEL DRIVE","AUTOMATIC","GAS",4,"Run & Drive Verified","Pure Sale","[PREMIUM]",,"PHOENIX","AZ","85085","USA","USD","[PREMIUM]","[PREMIUM]","CD002",false,"[PREMIUM]",,false,false,"[PREMIUM]",,,,,,,,"[PREMIUM]"
"66941606","2026-09-03 18:31:13.787","2026-09-09 08:54:17.989","66941606","2026-09-09 08:00:22.000","[PREMIUM]","361","MA - FREETOWN","2026-09-09","WEDNESDAY","1000","EDT","108","V",2010,"VOLVO","XC90","XC90","4DR SPORT UTILITY","WHITE","FRONT END","REAR END","MA","RS","YES","D",172749,"A","[PREMIUM]",5352.42,"4.4L 8","ALL WHEEL DRIVE","AUTOMATIC","GAS",8,"Run & Drive Verified","On Minimum Bid","[PREMIUM]",,"ASSONET","MA","02702","USA","USD","[PREMIUM]","[PREMIUM]","J070",false,"[PREMIUM]","V8",false,false,"[PREMIUM]",,,,,,,,"[PREMIUM]"
"67071616","2026-09-03 18:31:13.785","2026-09-09 08:54:18.160","67071616","2026-09-09 08:00:23.000","[PREMIUM]","361","MA - FREETOWN","2026-09-09","WEDNESDAY","1000","EDT","2008","V",2016,"BMW","X1","X1","4DR SPORT UTILITY","BLACK","FRONT END",,"MA","RS","YES","D",168420,"A","[PREMIUM]",5858,"2.0L 4","ALL WHEEL DRIVE","AUTOMATIC","GAS",4,"Run & Drive Verified","Pure Sale","[PREMIUM]",,"ASSONET","MA","02702","USA","USD","[PREMIUM]","[PREMIUM]","F060",false,"[PREMIUM]","XDRIVE28I",false,false,"[PREMIUM]",,,,,,,,"[PREMIUM]"
"67517526","2026-09-03 18:31:13.776","2026-09-15 23:15:18.275","67517526","2026-09-15 20:26:01.000","[PREMIUM]","361","MA - FREETOWN","2026-09-16","WEDNESDAY","1000","EDT","115","V",2018,"TOYOTA","RAV4","RAV4","SUV","BURGUNDY","REAR END",,"MA","ST","YES","D",75687,"A","[PREMIUM]",13109,"2.5L 4","ALL WHEEL DRIVE","AUTOMATIC","GAS",4,"Run & Drive Verified","On Minimum Bid","[PREMIUM]",,"ASSONET","MA","02702","USA","USD","[PREMIUM]","[PREMIUM]","F040",false,"[PREMIUM]","XLE",false,false,"[PREMIUM]",,,,,,,,"[PREMIUM]"
"66717626","2026-09-03 18:31:13.740","2026-09-09 08:54:17.794","66717626","2026-09-09 08:00:22.000","[PREMIUM]","361","MA - FREETOWN","2026-09-09","WEDNESDAY","1000","EDT","123","V",1990,"NISSAN","300ZX","300ZX","HATCHBACK","BLACK","REAR END",,"MA","RS","YES","D",92544,"A","[PREMIUM]",13530,"3.0L 6","REAR WHEEL DRIVE","MANUAL","GAS",6,"Run & Drive Verified","Pure Sale","[PREMIUM]",,"ASSONET","MA","02702","USA","USD","[PREMIUM]","[PREMIUM]","M080",false,"[PREMIUM]","TURBO",false,false,"[PREMIUM]",,,,,,,,"[PREMIUM]"
"66634046","2026-09-03 18:31:13.739","2026-09-08 08:23:51.714","66634046","2026-09-03 18:58:39.000","[PREMIUM]","361","MA - FREETOWN","2026-09-09","WEDNESDAY","1000","EDT","0","V",2012,"FORD","F-150","F150","CREW PICKUP","WHITE","MECHANICAL",,"MA","CT","YES","D",207696,"A","[PREMIUM]",0,"3.5L 6","4X4 W/REAR WHEEL DRV","AUTOMATIC","GAS",6,"Run & Drive Verified","On Minimum Bid","[PREMIUM]",,"ASSONET","MA","02702","USA","USD","[PREMIUM]","[PREMIUM]","HH030",true,"[PREMIUM]","SUPERCREW",false,false,"[PREMIUM]",,,,,,,,"[PREMIUM]"
"66701746","2026-09-03 18:31:13.734","2026-09-09 08:54:17.804","66701746","2026-09-09 08:00:23.000","[PREMIUM]","361","MA - FREETOWN","2026-09-09","WEDNESDAY","1000","EDT","2558","V",2013,"TOYOTA","HIGHLANDER","HIGHLANDER","4DR SPORT UTILITY","WHITE","MECHANICAL",,"MA","RS","YES","E",111181,"A","[PREMIUM]",10055,"3.5L 6","ALL WHEEL DRIVE","AUTOMATIC","GAS",6,"DEFAULT","On Minimum Bid","[PREMIUM]",,"ASSONET","MA","02702","USA","USD","[PREMIUM]","[PREMIUM]","E060",false,"[PREMIUM]","LIMITED",false,false,"[PREMIUM]",,,,,,,,"[PREMIUM]"
"66449086","2026-09-03 18:31:13.706","2026-09-15 23:15:17.242","66449086","2026-09-15 20:26:01.000","[PREMIUM]","361","MA - FREETOWN","2026-09-16","WEDNESDAY","1000","EDT","2008","V",2019,"LAND ROVER","DISCOVERY","DISCOVERY SPORT","SPORT UTILITY VEHICLE","BLACK","FRONT END",,"MA","ST","YES","D",88995,"A","[PREMIUM]",13505,"2.0L 4","ALL WHEEL DRIVE","AUTOMATIC","GAS",4,"Run & Drive Verified","On Minimum Bid","[PREMIUM]",,"ASSONET","MA","02702","USA","USD","[PREMIUM]","[PREMIUM]","E060",false,"[PREMIUM]","HSE",false,false,"[PREMIUM]",,,,,,,,"[PREMIUM]"
"66477516","2026-09-03 18:31:13.700","2026-09-09 08:54:17.567","66477516","2026-09-09 08:00:22.000","[PREMIUM]","361","MA - FREETOWN","2026-09-09","WEDNESDAY","1000","EDT","7","V",2007,"TOYOTA","COROLLA","COROLLA","SEDAN","SILVER","FRONT END",,"MA","RS","YES","D",164573,"A","[PREMIUM]",6075.93,"1.8L 4","FRONT WHEEL DRIVE","AUTOMATIC","GAS",4,"Run & Drive Verified","Pure Sale","[PREMIUM]",,"ASSONET","MA","02702","USA","USD","[PREMIUM]","[PREMIUM]","D030",false,"[PREMIUM]","LE",false,false,"[PREMIUM]",,,,,,,,"[PREMIUM]"
"65677536","2026-09-03 18:31:13.614","2026-09-09 08:54:16.809","65677536","2026-09-09 08:00:22.000","[PREMIUM]","361","MA - FREETOWN","2026-09-09","WEDNESDAY","1000","EDT","11","V",2016,"SUBARU","FORESTER","FORESTER","4DR SPORT UTILITY","RED","REAR END","SIDE","MA","RS","YES","D",232752,"A","[PREMIUM]",10224,"2.5L 4","ALL WHEEL DRIVE","AUTOMATIC","GAS",4,"Run & Drive Verified","Pure Sale","[PREMIUM]",,"ASSONET","MA","02702","USA","USD","[PREMIUM]","[PREMIUM]","H110",false,"[PREMIUM]","2.5I LIMITED",false,false,"[PREMIUM]",,,,,,,,"[PREMIUM]"
"65452456","2026-09-03 18:31:13.558","2026-09-09 08:54:16.575","65452456","2026-09-09 08:00:23.000","[PREMIUM]","361","MA - FREETOWN","2026-09-09","WEDNESDAY","1000","EDT","2067","V",2015,"TOYOTA","COROLLA","COROLLA","SEDAN","BLACK","FRONT END",,"MA","RS","YES","D",209357,"A","[PREMIUM]",6364,"1.8L 4","FRONT WHEEL DRIVE","AUTOMATIC","GAS",4,"Run & Drive Verified","Pure Sale","[PREMIUM]",,"ASSONET","MA","02702","USA","USD","[PREMIUM]","[PREMIUM]","D070",false,"[PREMIUM]","LE",false,false,"[PREMIUM]",,,,,,,,"[PREMIUM]"
"64693276","2026-09-03 18:31:13.392","2026-09-09 08:54:15.953","64693276","2026-09-09 08:00:23.000","[PREMIUM]","361","MA - FREETOWN","2026-09-09","WEDNESDAY","1000","EDT","2072","V",2013,"NISSAN","ROGUE","ROGUE","WAGON","RED","MINOR DENT/SCRATCHES",,"CT","CT","YES","D",202191,"A","[PREMIUM]",0,"2.5L 4","ALL WHEEL DRIVE","AUTOMATIC","GAS",4,"Run & Drive Verified","On Minimum Bid","[PREMIUM]",,"ASSONET","MA","02702","USA","USD","[PREMIUM]","[PREMIUM]","F040",true,"[PREMIUM]","S",false,false,"[PREMIUM]",,,,,,,,"[PREMIUM]"
"64544306","2026-09-03 18:31:13.384","2026-09-09 08:54:15.791","64544306","2026-09-09 08:00:22.000","[PREMIUM]","361","MA - FREETOWN","2026-09-09","WEDNESDAY","1000","EDT","45","V",2011,"HONDA","PILOT","PILOT","4DR SPORT UTILITY","SILVER","FRAME DAMAGE","SIDE","MA","RS","YES","D",172364,"A","[PREMIUM]",1482.12,"3.5L 6","ALL WHEEL DRIVE","AUTOMATIC","GAS",6,"Run & Drive Verified","Pure Sale","[PREMIUM]",,"ASSONET","MA","02702","USA","USD","[PREMIUM]","[PREMIUM]","H060",false,"[PREMIUM]","EXLN",false,false,"[PREMIUM]",,,,,,,,"[PREMIUM]"
"63653806","2026-09-03 18:31:13.290","2026-09-15 23:15:15.003","63653806","2026-09-15 20:26:01.000","[PREMIUM]","361","MA - FREETOWN","2026-09-16","WEDNESDAY","1000","EDT","110","V",2019,"HONDA","HR-V","HR-V","SPORT UTILITY VEHICLE","GRAY","REAR END",,"MA","ST","YES","D",114919,"A","[PREMIUM]",15323,"1.8L 4","ALL WHEEL DRIVE","AUTOMATIC","GAS",4,"Run & Drive Verified","On Minimum Bid","[PREMIUM]",,"ASSONET","MA","02702","USA","USD","[PREMIUM]","[PREMIUM]","H040",false,"[PREMIUM]","EX",false,false,"[PREMIUM]",,,,,,,,"[PREMIUM]"
"62388716","2026-09-03 18:31:13.177","2026-09-09 08:54:14.090","62388716","2026-09-09 08:00:23.000","[PREMIUM]","361","MA - FREETOWN","2026-09-09","WEDNESDAY","1000","EDT","2045","V",2016,"HONDA","CIVIC","CIVIC","SEDAN 4DR","SILVER","FRONT END",,"MA","RS","YES","D",198519,"A","[PREMIUM]",7521.21,"2.0L 4","FRONT WHEEL DRIVE","AUTOMATIC","GAS",4,"Run & Drive Verified","Pure Sale","[PREMIUM]",,"ASSONET","MA","02702","USA","USD","[PREMIUM]","[PREMIUM]","B060",false,"[PREMIUM]","EX",false,false,"[PREMIUM]",,,,,,,,"[PREMIUM]"
"63190206","2026-09-03 18:31:13.163","2026-09-15 23:15:14.697","63190206","2026-09-15 20:26:01.000","[PREMIUM]","361","MA - FREETOWN","2026-09-16","WEDNESDAY","1000","EDT","2048","V",2019,"BUICK","CASCADA","CASCADA","CONVERTIBLE","RED","WATER/FLOOD",,"MA","FS","YES","D",93847,"A","[PREMIUM]",11879,"1.6L 4","FRONT WHEEL DRIVE","AUTOMATIC","GAS",4,"Run & Drive Verified","On Minimum Bid","[PREMIUM]",,"ASSONET","MA","02702","USA","USD","[PREMIUM]","[PREMIUM]","B030",false,"[PREMIUM]","PREMIUM",false,false,"[PREMIUM]",,,,,,,,"[PREMIUM]"
"62812096","2026-09-03 18:31:13.155","2026-09-15 23:15:14.540","62812096","2026-09-10 12:45:04.000","[PREMIUM]","361","MA - FREETOWN","2026-09-16","WEDNESDAY","1000","EDT","1113","V",2021,"HYUNDAI","KONA","KONA","SPORT UTILITY VEHICLE","SILVER","FRONT END","REAR END","ID","SC","YES","E",0,"A","[PREMIUM]",19333,"2.0L 4","FRONT WHEEL DRIVE","AUTOMATIC","GAS",4,"DEFAULT","Pure Sale","[PREMIUM]",,"ASSONET","MA","02702","USA","USD","[PREMIUM]","[PREMIUM]","G080",false,"[PREMIUM]","SEL",false,false,"[PREMIUM]",,,,,,,,"[PREMIUM]"
"62226136","2026-09-03 18:31:13.132","2026-09-09 08:54:13.987","62226136","2026-09-09 08:00:23.000","[PREMIUM]","361","MA - FREETOWN","2026-09-09","WEDNESDAY","1000","EDT","2042","V",2010,"NISSAN","ROGUE","ROGUE","WAGON","BLACK","FRONT END","REAR END","MA","RS","YES","D",241052,"A","[PREMIUM]",10881.93,"2.5L 4","ALL WHEEL DRIVE","AUTOMATIC","GAS",4,"Run & Drive Verified","Pure Sale","[PREMIUM]",,"ASSONET","MA","02702","USA","USD","[PREMIUM]","[PREMIUM]","G050",false,"[PREMIUM]","S",false,false,"[PREMIUM]",,,,,,,,"[PREMIUM]"
"60560886","2026-09-03 18:31:13.098","2026-09-09 08:54:13.288","60560886","2026-09-09 08:00:23.000","[PREMIUM]","361","MA - FREETOWN","2026-09-09","WEDNESDAY","1000","EDT","2517","V",2014,"NISSAN","ALTIMA","ALTIMA","SEDAN","BROWN","FRONT END","TOP/ROOF","MA","RS","YES","E",0,"N","[PREMIUM]",21680.65,"2.5L 4","FRONT WHEEL DRIVE","AUTOMATIC","GAS",4,"DEFAULT","Pure Sale","[PREMIUM]",,"ASSONET","MA","02702","USA","USD","[PREMIUM]","[PREMIUM]","B030",false,"[PREMIUM]","2.5 SL",false,false,"[PREMIUM]",,,,,,,,"[PREMIUM]"
"60282266","2026-09-03 18:31:13.091","2026-09-09 08:54:13.147","60282266","2026-09-09 08:00:22.000","[PREMIUM]","361","MA - FREETOWN","2026-09-09","WEDNESDAY","1000","EDT","36","V",2009,"HYUNDAI","ELANTRA","ELANTRA","SEDAN","SILVER","SIDE",,"MA","RS","YES","D",108838,"A","[PREMIUM]",3414.48,"2.0L 4","FRONT WHEEL DRIVE","AUTOMATIC","GAS",4,"Run & Drive Verified","Pure Sale","[PREMIUM]",,"ASSONET","MA","02702","USA","USD","[PREMIUM]","[PREMIUM]","A040",false,"[PREMIUM]","GLS",false,false,"[PREMIUM]",,,,,,,,"[PREMIUM]"
"53973876","2026-09-03 18:31:12.561","2026-09-09 08:54:11.837","53973876","2026-09-09 08:00:23.000","[PREMIUM]","361","MA - FREETOWN","2026-09-09","WEDNESDAY","1000","EDT","2568","V",2015,"HONDA","CIVIC","CIVIC","SEDAN 4DR","BLACK","FRONT END",,"MA","RS","YES","E",0,"N","[PREMIUM]",18060,"1.8L 4","FRONT WHEEL DRIVE","AUTOMATIC","GAS",4,"DEFAULT","Pure Sale","[PREMIUM]",,"ASSONET","MA","02702","USA","USD","[PREMIUM]","[PREMIUM]","A020",false,"[PREMIUM]","LX",false,false,"[PREMIUM]",,,,,,,,"[PREMIUM]"
"51238956","2026-09-03 18:31:12.376","2026-09-15 23:15:11.960","51238956","2026-09-15 20:26:00.000","[PREMIUM]","361","MA - FREETOWN","2026-09-16","WEDNESDAY","1000","EDT","76","V",2026,"KIA","SPORTAGE","SPORTAGE","SPORT UTILITY VEHICLE","BLUE","FRONT END",,"MA","ST","YES","D",13181,"A","[PREMIUM]",25492,"2.5L 4","ALL WHEEL DRIVE","AUTOMATIC","GAS",4,"Run & Drive Verified","On Minimum Bid","[PREMIUM]",,"ASSONET","MA","02702","USA","USD","[PREMIUM]","[PREMIUM]","F060",false,"[PREMIUM]","EX",false,false,"[PREMIUM]",,,,,,,,"[PREMIUM]"
"65392016","2026-09-03 18:31:11.749","2026-09-16 18:49:22.722","65392016","2026-09-16 17:20:37.000","[PREMIUM]","855","WHOLESALE AUCTION","2026-09-22","TUESDAY","1200","EDT","0","K",2021,"RAM","PROMASTER","PROMASTER 3500","VAN CARGO","BLUE","SIDE",,"IN","CT","YES","E",67390,"A","[PREMIUM]",8727,"3.6L 6","FRONT WHEEL DRIVE","AUTOMATIC","FLEXIBLE",6,"DEFAULT","On Minimum Bid","[PREMIUM]",,"FORT WAYNE","IN","46803 1546","USA","USD","[PREMIUM]","[PREMIUM]","HVY50",true,"[PREMIUM]",,false,true,"[PREMIUM]",,,,,"RED LIGHT",2.5,,"[PREMIUM]"
"66456226","2026-09-03 18:31:03.432","2026-09-15 23:14:43.596","66456226","2026-09-15 17:13:02.000","[PREMIUM]","356","NC - CONCORD","2026-09-17","THURSDAY","1000","EDT","2566","V",2014,"VOLKSWAGEN","JETTA","JETTA","SEDAN 4DR","GRAY","FRONT END","SIDE","NC","SC","YES","S",153391,"A","[PREMIUM]",5151.05,"2.0L 4","FRONT WHEEL DRIVE","AUTOMATIC","GAS",4,"Vehicle Starts","Pure Sale","[PREMIUM]",,"CONCORD","NC","28025 8271","USA","USD","[PREMIUM]","[PREMIUM]","D130",false,"[PREMIUM]","BASE",false,false,"[PREMIUM]",,,,,,,,"[PREMIUM]"
"64191916","2026-09-03 18:31:03.022","2026-09-16 12:49:22.434","64191916","2026-09-14 21:31:58.000","[PREMIUM]","356","NC - CONCORD","2026-09-17","THURSDAY","1000","EDT","74","V",2016,"INFINITI","QX50","QX50","WAGON","WHITE","FRONT END",,"NC","SC","YES","D",215707,"A","[PREMIUM]",4834.65,"3.7L 6","REAR WHEEL DRIVE","AUTOMATIC","GAS",6,"Run & Drive Verified","Pure Sale","[PREMIUM]",,"CONCORD","NC","28025 8271","USA","USD","[PREMIUM]","[PREMIUM]","C140",false,"[PREMIUM]","BASE",false,false,"[PREMIUM]",,,,,,,,"[PREMIUM]"
"54193326","2026-09-03 18:31:01.872","2026-09-09 08:53:40.184","54193326","2026-09-03 20:35:41.000","[PREMIUM]","356","NC - CONCORD","2026-09-10","THURSDAY","1000","EDT","18","V",2011,"JEEP","PATRIOT","PATRIOT","4DR SPORT UTILITY","SILVER","NORMAL WEAR",,"NC","BD","YES","D",124765,"A","[PREMIUM]",0,"2.4L 4","4X4 W/FRONT WHL DRV","AUTOMATIC","GAS",4,"Run & Drive Verified","On Minimum Bid","[PREMIUM]",,"CONCORD","NC","28025 8271","USA","USD","[PREMIUM]","[PREMIUM]","Y010",false,"[PREMIUM]","SPORT",false,false,"[PREMIUM]",,,,,,,,"[PREMIUM]"
"67616526","2026-09-03 18:31:01.266","2026-09-08 08:23:12.473","67616526","2026-09-04 21:31:05.000","[PREMIUM]","880","*NCS - EASTERN REGION","2026-09-08","TUESDAY","2100","EDT","5046","V",2024,"MERCEDES-BENZ","GLE-CLASS","GLE COUPE","SPORT UTILITY VEHICLE","BLACK","REAR END","MINOR DENT/SCRATCHES","NY","CT","YES","D",62476,"A","[PREMIUM]",0,"3.0L 6","ALL WHEEL DRIVE","AUTOMATIC","GAS",6,"Run & Drive Verified","On Minimum Bid","[PREMIUM]",,"EAST GRANBY","CT","06026 9765","USA","USD","[PREMIUM]","[PREMIUM]","Q100",true,"[PREMIUM]","AMG 53 4MATIC",false,false,"[PREMIUM]",,,,,,,,"[PREMIUM]"
"66554116","2026-09-03 18:31:00.951","2026-09-15 23:14:26.056","66554116","2026-09-14 16:59:46.000","[PREMIUM]","880","*NCS - EASTERN REGION","2026-09-15","TUESDAY","2100","EDT","385","V",2015,"CHEVROLET","TRAVERSE","TRAVERSE","4DR SPORT UTILITY","WHITE","FRONT END","MINOR DENT/SCRATCHES","WV","CT","YES","S",167652,"A","[PREMIUM]",0,"3.6L 6","ALL WHEEL DRIVE","AUTOMATIC","GAS",6,"Vehicle Starts","On Minimum Bid","[PREMIUM]","REPOSSESSION SHIFTER CABLE ","EAST GRANBY","CT","06026 9765","USA","USD","[PREMIUM]","[PREMIUM]","K030",true,"[PREMIUM]","LTZ",false,false,"[PREMIUM]",,,,,,,,"[PREMIUM]"
"66059796","2026-09-03 18:31:00.645","2026-09-10 14:59:23.789","66059796","2026-09-09 20:28:54.000","[PREMIUM]","350","CT - HARTFORD SPRINGFIELD","2026-09-10","THURSDAY","1000","EDT","3379","V",2014,"SUBARU","OUTBACK","OUTBACK","4DR SPORT UTILITY","RED","REAR END","MINOR DENT/SCRATCHES","CT","ST","YES","D",183048,"A","[PREMIUM]",5046,"2.5L 4","ALL WHEEL DRIVE","MANUAL","GAS",4,"Run & Drive Verified","Pure Sale","[PREMIUM]",,"EAST GRANBY","CT","06026 9765","USA","USD","[PREMIUM]","[PREMIUM]","A010",false,"[PREMIUM]","2.5I PREMIUM",false,false,"[PREMIUM]",,,,,,,,"[PREMIUM]"
"64589626","2026-09-03 18:30:59.891","2026-09-10 14:59:19.455","64589626","2026-09-09 20:14:15.000","[PREMIUM]","350","CT - HARTFORD SPRINGFIELD","2026-09-10","THURSDAY","1000","EDT","52","V",2011,"BUICK","LACROSSE","LACROSSE","SEDAN 4DR","SILVER","WATER/FLOOD","MINOR DENT/SCRATCHES","MA","ST","YES","E",52178,"A","[PREMIUM]",11590,"3.6L 6","FRONT WHEEL DRIVE","AUTOMATIC","GAS",6,"DEFAULT","Pure Sale","[PREMIUM]",,"EAST GRANBY","CT","06026 9765","USA","USD","[PREMIUM]","[PREMIUM]","O020",false,"[PREMIUM]","CX",false,false,"[PREMIUM]",,,,,,,,"[PREMIUM]"
"64645496","2026-09-03 18:30:59.883","2026-09-10 14:59:19.538","64645496","2026-09-09 20:28:55.000","[PREMIUM]","350","CT - HARTFORD SPRINGFIELD","2026-09-10","THURSDAY","1000","EDT","3091","V",2020,"SUBARU","FORESTER","FORESTER","SPORT UTILITY VEHICLE","GRAY","WATER/FLOOD","MINOR DENT/SCRATCHES","MA","ST","YES","D",141914,"A","[PREMIUM]",7819,"2.5L 4","ALL WHEEL DRIVE","AUTOMATIC","GAS",4,"Run & Drive Verified","On Minimum Bid","[PREMIUM]",,"EAST GRANBY","CT","06026 9765","USA","USD","[PREMIUM]","[PREMIUM]","H020",false,"[PREMIUM]","LIMITED",false,false,"[PREMIUM]",,,,,,,,"[PREMIUM]"
"64125206","2026-09-03 18:30:59.653","2026-09-10 14:59:18.475","64125206","2026-09-09 20:28:54.000","[PREMIUM]","350","CT - HARTFORD SPRINGFIELD","2026-09-10","THURSDAY","1000","EDT","3401","V",2018,"HONDA","CRV","CR-V","SPORT UTILITY VEHICLE","BLUE","FRONT END","MINOR DENT/SCRATCHES","MA","ST","YES","D",137377,"A","[PREMIUM]",11615,"1.5L 4","ALL WHEEL DRIVE","AUTOMATIC","GAS",4,"Run & Drive Verified","Pure Sale","[PREMIUM]",,"EAST GRANBY","CT","06026 9765","USA","USD","[PREMIUM]","[PREMIUM]","I040",false,"[PREMIUM]","EX",false,false,"[PREMIUM]",,,,,,,,"[PREMIUM]"
"63981666","2026-09-03 18:30:59.605","2026-09-10 14:59:18.112","63981666","2026-09-09 20:20:23.000","[PREMIUM]","350","CT - HARTFORD SPRINGFIELD","2026-09-10","THURSDAY","1000","EDT","3489","V",2024,"NISSAN","ALTIMA","ALTIMA","SEDAN","GRAY","FRONT END","MINOR DENT/SCRATCHES","CT","ST","YES","D",52770,"A","[PREMIUM]",20793,"2.5L 4","FRONT WHEEL DRIVE","AUTOMATIC","GAS",4,"Run & Drive Verified","Pure Sale","[PREMIUM]",,"EAST GRANBY","CT","06026 9765","USA","USD","[PREMIUM]","[PREMIUM]","C030",false,"[PREMIUM]","SR",false,false,"[PREMIUM]",,,,,,,,"[PREMIUM]"
"63478446","2026-09-03 18:30:59.386","2026-09-10 14:59:17.596","63478446","2026-09-09 20:28:54.000","[PREMIUM]","350","CT - HARTFORD SPRINGFIELD","2026-09-10","THURSDAY","1000","EDT","3297","V",2017,"TOYOTA","COROLLA","COROLLA","SEDAN","BLUE","FRONT END","MINOR DENT/SCRATCHES","CT","ST","YES","D",70672,"A","[PREMIUM]",5559.6,"1.8L 4","FRONT WHEEL DRIVE","AUTOMATIC","GAS",4,"Run & Drive Verified","Pure Sale","[PREMIUM]",,"EAST GRANBY","CT","06026 9765","USA","USD","[PREMIUM]","[PREMIUM]","N010",false,"[PREMIUM]","LE",false,false,"[PREMIUM]",,,,,,,,"[PREMIUM]"
"61665546","2026-09-03 18:30:58.604","2026-09-10 14:59:14.410","61665546","2026-09-09 20:28:54.000","[PREMIUM]","350","CT - HARTFORD SPRINGFIELD","2026-09-10","THURSDAY","1000","EDT","3339","V",2019,"HYUNDAI","ELANTRA","ELANTRA","SEDAN","SILVER","SIDE","REAR END","MA","ST","YES","D",22078,"A","[PREMIUM]",11841,"2.0L 4","FRONT WHEEL DRIVE","AUTOMATIC","GAS",4,"Run & Drive Verified","On Minimum Bid","[PREMIUM]",,"EAST GRANBY","CT","06026 9765","USA","USD","[PREMIUM]","[PREMIUM]","J020",false,"[PREMIUM]","SE",false,false,"[PREMIUM]",,,,,,,,"[PREMIUM]"
"66549586","2026-09-03 18:30:55.905","2026-09-08 08:22:52.043","66549586","2026-09-07 20:15:29.000","[PREMIUM]","855","WHOLESALE AUCTION","2026-09-08","TUESDAY","1200","EDT","4101","K",2020,"FORD","TRANSIT","TRANSIT","VAN CARGO","BLUE","NORMAL WEAR",,"FL","CT","YES","D",134299,"A","[PREMIUM]",600,"3.5L 6","REAR WHEEL DRIVE","AUTOMATIC","GAS",6,"Run & Drive Verified","On Approval","[PREMIUM]",,"ARCADIA","FL","34269","USA","USD","[PREMIUM]","[PREMIUM]","HV010",false,"[PREMIUM]","T-250",false,true,"[PREMIUM]",,,,,"RED LIGHT",4.6,,"[PREMIUM]"
"66018536","2026-09-03 18:30:55.802","2026-09-15 14:35:57.350","66018536","2026-09-14 20:15:45.000","[PREMIUM]","855","WHOLESALE AUCTION","2026-09-15","TUESDAY","1200","EDT","4049","K",2021,"FORD","TRANSIT","TRANSIT","CUTAWAY","GRAY","NORMAL WEAR",,"FL","CT","YES","D",112285,"A","[PREMIUM]",2259,"3.5L 6","REAR WHEEL DRIVE","AUTOMATIC","GAS",6,"Run & Drive Verified","On Minimum Bid","[PREMIUM]",,"ARCADIA","FL","34269","USA","USD","[PREMIUM]","[PREMIUM]","HV010",true,"[PREMIUM]",,false,true,"[PREMIUM]",,,,,"RED LIGHT",3.6,"Other","[PREMIUM]"
"65391636","2026-09-03 18:30:55.675","2026-09-08 08:22:51.128","65391636","2026-09-07 20:01:21.000","[PREMIUM]","855","WHOLESALE AUCTION","2026-09-08","TUESDAY","1200","EDT","8409","K",2020,"FORD","TRANSIT","TRANSIT","VAN CARGO","BLUE","MECHANICAL",,"FL","CT","YES","E",92952,"A","[PREMIUM]",3171,"3.5L 6","REAR WHEEL DRIVE","AUTOMATIC","GAS",6,"DEFAULT","On Approval","[PREMIUM]",,"ARCADIA","FL","34269","USA","USD","[PREMIUM]","[PREMIUM]","P120",false,"[PREMIUM]","T-250",false,true,"[PREMIUM]",,,,,"RED LIGHT",2.8,,"[PREMIUM]"
"65554496","2026-09-03 18:30:54.451","2026-09-15 23:14:01.044","65554496","2026-09-14 13:40:32.000","[PREMIUM]","345","KY - EARLINGTON","2026-09-17","THURSDAY","1200","CDT","0","V",2018,"FORD","F150","F150","PICKUP","GRAY","FRONT END","SIDE","IA","ST","YES","D",98653,"A","[PREMIUM]",22218.63,"5.0L 8","4X4 W/REAR WHEEL DRV","AUTOMATIC","GAS",8,"Run & Drive Verified","On Minimum Bid","[PREMIUM]",,"EARLINGTON","KY","42410","USA","USD","[PREMIUM]","[PREMIUM]","H100",false,"[PREMIUM]","SUPERCREW",false,false,"[PREMIUM]",,,,,,,,"[PREMIUM]"
"59388616","2026-09-03 18:30:53.213","2026-09-13 20:33:23.912","59388616","2026-09-10 17:38:56.000","[PREMIUM]","345","KY - EARLINGTON","2026-09-17","THURSDAY","1200","CDT","0","V",2004,"TOYOTA","CAMRY","CAMRY","SEDAN","BLUE","HAIL","FRONT END","TX","SV","YES","D",328970,"E","[PREMIUM]",0,"2.4L 4","FRONT WHEEL DRIVE","AUTOMATIC","GAS",4,"Run & Drive Verified","On Minimum Bid","[PREMIUM]",,"EARLINGTON","KY","42410","USA","USD","[PREMIUM]","[PREMIUM]","G030",true,"[PREMIUM]","LE",false,false,"[PREMIUM]",,,,,,,,"[PREMIUM]"
"66974296","2026-09-03 18:30:50.697","2026-09-10 14:58:39.471","66974296","2026-09-10 08:00:12.000","[PREMIUM]","342","MD - BALTIMORE EAST","2026-09-10","THURSDAY","1000","EDT","142","V",2008,"HONDA","ACCORD","ACCORD","SEDAN 4DR","WHITE","FRONT END","SIDE","MD","S1","YES","D",218403,"A","[PREMIUM]",4028.79,"3.5L 6","FRONT WHEEL DRIVE","AUTOMATIC","GAS",6,"Run & Drive Verified","Pure Sale","[PREMIUM]",,"BALTIMORE","MD","21225","USA","USD","[PREMIUM]","[PREMIUM]","E010",false,"[PREMIUM]","EXL",false,false,"[PREMIUM]",,,,,,,,"[PREMIUM]"
"66895296","2026-09-03 18:30:50.650","2026-09-15 23:13:46.127","66895296","2026-09-15 18:36:37.000","[PREMIUM]","880","*NCS - EASTERN REGION","2026-09-17","THURSDAY","2100","EDT","0","V",2017,"FORD","F150","F150","PICKUP","WHITE","MECHANICAL","MINOR DENT/SCRATCHES","MI","CT","YES","E",200631,"N","[PREMIUM]",0,"3.5L 6","REAR WHEEL DRIVE","AUTOMATIC","GAS",6,"DEFAULT","On Minimum Bid","[PREMIUM]",,"BALTIMORE","MD","21225","USA","USD","[PREMIUM]","[PREMIUM]","TT010",true,"[PREMIUM]",,false,false,"[PREMIUM]",,,,,,,,"[PREMIUM]"
"66356876","2026-09-03 18:30:50.534","2026-09-15 23:13:45.268","66356876","2026-09-15 18:34:17.000","[PREMIUM]","880","*NCS - EASTERN REGION","2026-09-17","THURSDAY","2100","EDT","0","V",2018,"FORD","MUSTANG","MUSTANG","CONVERTIBLE","RED","MINOR DENT/SCRATCHES",,"WV","CT","YES","D",82065,"A","[PREMIUM]",0,"2.3L 4","REAR WHEEL DRIVE","AUTOMATIC","GAS",4,"Run & Drive Verified","On Minimum Bid","[PREMIUM]",,"BALTIMORE","MD","21225","USA","USD","[PREMIUM]","[PREMIUM]","3E010",true,"[PREMIUM]",,false,false,"[PREMIUM]",,,,,,,,"[PREMIUM]"
"65878036","2026-09-03 18:30:50.434","2026-09-15 02:43:40.824","65878036","2026-09-11 21:15:31.000","[PREMIUM]","342","MD - BALTIMORE EAST","2026-09-15","TUESDAY","1000","EDT","0","V",2020,"MERCEDES-BENZ","E-CLASS","E","SEDAN","BLACK","MECHANICAL",,"VA","CT","YES","E",0,"N","[PREMIUM]",0,"2.0L 4","ALL WHEEL DRIVE","AUTOMATIC","GAS",4,"DEFAULT","On Minimum Bid","[PREMIUM]",,"BALTIMORE","MD","21225","USA","USD","[PREMIUM]","[PREMIUM]","SA002",true,"[PREMIUM]","350 4MATIC",false,false,"[PREMIUM]",,,,,,,,"[PREMIUM]"
"65632386","2026-09-03 18:30:50.125","2026-09-10 14:58:36.559","65632386","2026-09-10 08:00:12.000","[PREMIUM]","342","MD - BALTIMORE EAST","2026-09-10","THURSDAY","1000","EDT","2072","V",2018,"TOYOTA","CAMRY","CAMRY","SEDAN","GRAY","SIDE","MINOR DENT/SCRATCHES","MD","S1","YES","D",103280,"A","[PREMIUM]",13937.54,"2.5L 4","FRONT WHEEL DRIVE","AUTOMATIC","GAS",4,"Run & Drive Verified","Pure Sale","[PREMIUM]",,"BALTIMORE","MD","21225","USA","USD","[PREMIUM]","[PREMIUM]","G080",false,"[PREMIUM]","XLE",false,false,"[PREMIUM]",,,,,,,,"[PREMIUM]"
"65359916","2026-09-03 18:30:49.866","2026-09-15 23:13:43.598","65359916","2026-09-03 17:57:32.000","[PREMIUM]","342","MD - BALTIMORE EAST",,,,"EDT","0","V",2022,"KIA","SPORTAGE","SPORTAGE","SPORT UTILITY VEHICLE","WHITE","VANDALISM","FRONT END","MD","S1","EXM","D",39955,"A","[PREMIUM]",15216.35,"2.4L 4","FRONT WHEEL DRIVE","AUTOMATIC","GAS",4,"Run & Drive Verified","Pure Sale","[PREMIUM]",,"BALTIMORE","MD","21225","USA","USD","[PREMIUM]","[PREMIUM]","3E050",false,"[PREMIUM]","LX",false,false,"[PREMIUM]",,,,,,,,"[PREMIUM]"
"63903446","2026-09-03 18:30:48.091","2026-09-08 08:22:31.712","63903446","2026-09-03 17:16:10.000","[PREMIUM]","342","MD - BALTIMORE EAST","2026-09-08","TUESDAY","1000","EDT","0","V",2011,"HONDA","ACCORD","ACCORD","SEDAN 4DR","SILVER","REAR END","MINOR DENT/SCRATCHES","PA","SC","NO","E",77899,"A","[PREMIUM]",0,"2.4L 4","FRONT WHEEL DRIVE","AUTOMATIC","GAS",4,"DEFAULT","Pure Sale","[PREMIUM]",,"BALTIMORE","MD","21225","USA","USD","[PREMIUM]","[PREMIUM]","G050",false,"[PREMIUM]","LX",false,false,"[PREMIUM]",,,,,,,,"[PREMIUM]"
"62905546","2026-09-03 18:30:47.593","2026-09-08 08:22:30.421","62905546","2026-09-03 17:16:10.000","[PREMIUM]","342","MD - BALTIMORE EAST","2026-09-08","TUESDAY","1000","EDT","0","V",2019,"VOLKSWAGEN","JETTA","JETTA","SEDAN","GRAY","SIDE","FRONT END","MD","S1","NO","E",67373,"A","[PREMIUM]",10374,"1.4L 4","FRONT WHEEL DRIVE","AUTOMATIC","GAS",4,"DEFAULT","On Minimum Bid","[PREMIUM]",,"BALTIMORE","MD","21225","USA","USD","[PREMIUM]","[PREMIUM]","D060",false,"[PREMIUM]","S",false,false,"[PREMIUM]",,,,,,,,"[PREMIUM]"
"64556396","2026-09-03 18:30:39.495","2026-09-15 23:12:59.891","64556396","2026-09-15 11:33:06.000","[PREMIUM]","338","NC - LUMBERTON","2026-09-21","MONDAY","1000","EDT","0","V",2018,"TESLA","MODEL 3","MODEL 3","SEDAN","RED","WATER/FLOOD",,"NC","WF","YES","D",127109,"A","[PREMIUM]",13427.19,,"REAR WHEEL DRIVE","AUTOMATIC","ELECTRIC",,"Run & Drive Verified","Pure Sale","[PREMIUM]",,"LUMBERTON","NC","28360 5075","USA","USD","[PREMIUM]","[PREMIUM]","RR070",false,"[PREMIUM]",,false,false,"[PREMIUM]",,,,,,,,"[PREMIUM]"
"67226486","2026-09-03 18:30:38.461","2026-09-15 23:13:07.498","67226486","2026-09-15 11:49:40.000","[PREMIUM]","339","WI - MILWAUKEE NORTH","2026-09-16","WEDNESDAY","1200","CDT","0","V",2020,"HYUNDAI","KONA","KONA","SPORT UTILITY VEHICLE","BLACK","FRONT END","SIDE","WI","CT","YES","D",160030,"A","[PREMIUM]",0,"2.0L 4","FRONT WHEEL DRIVE","AUTOMATIC","GAS",4,"Run & Drive Verified","On Minimum Bid","[PREMIUM]",,"MILWAUKEE","WI","53224","USA","USD","[PREMIUM]","[PREMIUM]","C030",true,"[PREMIUM]","SE",false,false,"[PREMIUM]",,,,,,,,"[PREMIUM]"
"81990474","2026-09-03 18:30:37.999","2026-09-13 20:32:30.627","81990474","2026-09-03 17:21:55.000","[PREMIUM]","338","NC - LUMBERTON","2026-09-14","MONDAY","1000","EDT","0","V",2018,"HYUNDAI","ELANTRA","ELANTRA",,"WHITE","FRONT END",,"SC","ST","YES","D",104050,"A","[PREMIUM]",0,"2.0L  4","Front-wheel Drive","AUTOMATIC","GAS",4,"Run & Drive Verified","Pure Sale","[PREMIUM]",,"LUMBERTON","NC","28360 5075","USA","USD","[PREMIUM]","[PREMIUM]","II110",false,"[PREMIUM]","SE",false,false,"[PREMIUM]",,,,,,,,"[PREMIUM]"
"64889004","2026-09-03 18:30:37.431","2026-09-13 20:32:26.308","64889004","2026-09-03 17:22:38.000","[PREMIUM]","338","NC - LUMBERTON","2026-09-14","MONDAY","1000","EDT","0","V",2021,"NISSAN","ROGUE","ROGUE",,"WHITE","FRONT END",,"NC","SC","YES","S",41199,"A","[PREMIUM]",17775.37,"2.5L  4","Front-wheel Drive","AUTOMATIC","GAS",4,"Vehicle Starts","Pure Sale","[PREMIUM]",,"LUMBERTON","NC","28360 5075","USA","USD","[PREMIUM]","[PREMIUM]","II070",false,"[PREMIUM]","SL",false,false,"[PREMIUM]",,,,,,,,"[PREMIUM]"
"58361155","2026-09-03 18:30:35.239","2026-09-13 20:32:20.205","58361155","2026-09-03 17:22:08.000","[PREMIUM]","338","NC - LUMBERTON","2026-09-14","MONDAY","1000","EDT","0","V",2012,"KIA","SORENTO","SORENTO",,"PURPLE","FRONT END",,"NC","SC","YES","E",85211,"A","[PREMIUM]",7691.21,"3.5L  6","Front-wheel Drive","AUTOMATIC","GAS",6,"DEFAULT","Pure Sale","[PREMIUM]",,"LUMBERTON","NC","28360 5075","USA","USD","[PREMIUM]","[PREMIUM]","II110",false,"[PREMIUM]","BASE",false,false,"[PREMIUM]",,,,,,,,"[PREMIUM]"
"55377626","2026-09-03 18:30:34.884","2026-09-15 23:12:54.498","55377626","2026-09-03 17:12:25.000","[PREMIUM]","338","NC - LUMBERTON",,,,"EDT","0","V",2023,"HONDA","CIVIC","CIVIC","SEDAN","BLUE","FRONT END",,"SC","ST","YES","D",133589,"A","[PREMIUM]",13259,"2.0L 4","FRONT WHEEL DRIVE","AUTOMATIC","GAS",4,"Run & Drive Verified","Pure Sale","[PREMIUM]",,"LUMBERTON","NC","28360 5075","USA","USD","[PREMIUM]","[PREMIUM]","GG110",false,"[PREMIUM]","SPORT",false,false,"[PREMIUM]",,,,,,,,"[PREMIUM]"
"67711746","2026-09-03 18:30:34.176","2026-09-15 23:12:51.835","67711746","2026-09-15 21:35:43.000","[PREMIUM]","883","*NCS - PACIFIC REGION","2026-09-17","THURSDAY","1800","PDT","0","V",2016,"TOYOTA","SIENNA","SIENNA","MINI-VAN","WHITE","FRONT END","REAR END","WA","CT","YES","S",237655,"A","[PREMIUM]",0,"3.5L 6","FRONT WHEEL DRIVE","AUTOMATIC","GAS",6,"Vehicle Starts","On Minimum Bid","[PREMIUM]",,"SPANAWAY","WA","98387","USA","USD","[PREMIUM]","[PREMIUM]","C320",true,"[PREMIUM]","L 7-PASSENGER",false,false,"[PREMIUM]",,,,,,,,"[PREMIUM]"
"45364285","2026-09-03 18:30:34.120","2026-09-13 20:32:17.634","45364285","2026-09-03 17:21:39.000","[PREMIUM]","338","NC - LUMBERTON","2026-09-14","MONDAY","1000","EDT","0","V",2024,"FORD","EXPEDITION","EXPEDITION",,"BLACK","FRONT END",,"FL","CD","YES","E",0,"N","[PREMIUM]",63724.42,"3.5L  6","4x4 w/Rear Wheel Drv","AUTOMATIC","GAS",6,"DEFAULT","Pure Sale","[PREMIUM]",,"LUMBERTON","NC","28360 5075","USA","USD","[PREMIUM]","[PREMIUM]","QQ080",false,"[PREMIUM]","LIMITED",false,false,"[PREMIUM]",,,,,,,,"[PREMIUM]"
"67691536","2026-09-03 18:30:33.988","2026-09-15 23:12:51.834","67691536","2026-09-15 21:34:57.000","[PREMIUM]","883","*NCS - PACIFIC REGION","2026-09-17","THURSDAY","1800","PDT","0","V",2017,"DODGE","CHARGER","CHARGER","SEDAN","GRAY","SIDE","FRONT END","WA","CT","NO","E",124569,"A","[PREMIUM]",0,"5.7L 8","REAR WHEEL DRIVE","AUTOMATIC","GAS",8,"DEFAULT","On Minimum Bid","[PREMIUM]",,"SPANAWAY","WA","98387","USA","USD","[PREMIUM]","[PREMIUM]","C220",true,"[PREMIUM]","R/T",false,false,"[PREMIUM]",,,,,,,,"[PREMIUM]"
"67198426","2026-09-03 18:30:33.979","2026-09-08 08:21:52.475","67198426","2026-09-03 17:49:38.000","[PREMIUM]","337","WA - SPANAWAY","2026-09-08","TUESDAY","1200","PDT","0","V",2012,"TOYOTA","CAMRY","CAMRY","SEDAN","SILVER","REAR END","UNDERCARRIAGE","WA","BS","YES","D",128813,"A","[PREMIUM]",6293,"2.5L 4","FRONT WHEEL DRIVE","AUTOMATIC","GAS",4,"Run & Drive Verified","Pure Sale","[PREMIUM]",,"SPANAWAY","WA","98387","USA","USD","[PREMIUM]","[PREMIUM]","D250",false,"[PREMIUM]","LE",false,false,"[PREMIUM]",,,,,,,,"[PREMIUM]"
"67383016","2026-09-03 18:30:33.974","2026-09-13 20:32:16.183","67383016","2026-09-11 19:40:11.000","[PREMIUM]","832","MEDIUM DUTY CLEAN TITLE SALE","2026-09-14","MONDAY","1100","CDT","0","K",2018,"FORD","TRANSIT","TRANSIT","VAN CARGO","WHITE","MECHANICAL","MINOR DENT/SCRATCHES","OR","CT","YES","D",261739,"A","[PREMIUM]",0,"3.5L 6","REAR WHEEL DRIVE","AUTOMATIC","GAS",6,"Run & Drive Verified","On Minimum Bid","[PREMIUM]",,"SPANAWAY","WA","98387","USA","USD","[PREMIUM]","[PREMIUM]","HV001",true,"[PREMIUM]","T-250",false,false,"[PREMIUM]",,,,,,,,"[PREMIUM]"
"67675326","2026-09-03 18:30:33.971","2026-09-08 08:21:53.045","67675326","2026-09-03 17:18:27.000","[PREMIUM]","337","WA - SPANAWAY","2026-09-08","TUESDAY","1200","PDT","0","V",2019,"NISSAN","VERSA","VERSA","SEDAN","RED","REAR END","FRONT END","WA","RT","YES","D",81377,"A","[PREMIUM]",0,"1.6L 4","FRONT WHEEL DRIVE","AUTOMATIC","GAS",4,"Run & Drive Verified","On Minimum Bid","[PREMIUM]",,"SPANAWAY","WA","98387","USA","USD","[PREMIUM]","[PREMIUM]","C300",true,"[PREMIUM]","SV",false,false,"[PREMIUM]",,,,,,,,"[PREMIUM]"
"67192626","2026-09-03 18:30:33.967","2026-09-08 08:21:52.488","67192626","2026-09-03 17:31:25.000","[PREMIUM]","337","WA - SPANAWAY","2026-09-08","TUESDAY","1200","PDT","0","V",2023,"NISSAN","ROGUE","ROGUE","SPORT UTILITY VEHICLE","BLACK","FRONT END",,"WA","BS","YES","D",13237,"A","[PREMIUM]",17484.93,"1.5L 3","ALL WHEEL DRIVE","AUTOMATIC","GAS",3,"Run & Drive Verified","Pure Sale","[PREMIUM]",,"SPANAWAY","WA","98387","USA","USD","[PREMIUM]","[PREMIUM]","C320",false,"[PREMIUM]","SL",false,false,"[PREMIUM]",,,,,,,,"[PREMIUM]"
"64100416","2026-09-03 18:30:30.116","2026-09-15 23:12:36.099","64100416","2026-09-03 17:28:02.000","[PREMIUM]","336","UT - SALT LAKE CITY",,,,"MDT","0","V",2023,"TESLA","MODEL Y","MODEL Y","SPORT UTILITY VEHICLE","BLACK","FRONT END","REAR END","WY","SC","NO","E",43743,"A","[PREMIUM]",26682.58,,"ALL WHEEL DRIVE","AUTOMATIC","ELECTRIC",,"DEFAULT","Pure Sale","[PREMIUM]",,"MAGNA","UT","84044 1470","USA","USD","[PREMIUM]","[PREMIUM]","I030",false,"[PREMIUM]",,false,false,"[PREMIUM]",,,,,,,,"[PREMIUM]"
"62343016","2026-09-03 18:30:29.056","2026-09-08 08:21:38.142","62343016","2026-09-03 17:21:13.000","[PREMIUM]","336","UT - SALT LAKE CITY","2026-09-08","TUESDAY","1200","MDT","0","V",2020,"HONDA","PILOT","PILOT","SPORT UTILITY VEHICLE","WHITE","MINOR DENT/SCRATCHES",,"NV","SC","YES","D",49267,"N","[PREMIUM]",0,"3.5L 6","FRONT WHEEL DRIVE","AUTOMATIC","GAS",6,"Run & Drive Verified","On Approval","[PREMIUM]",,"MAGNA","UT","84044 1470","USA","USD","[PREMIUM]","[PREMIUM]","F030",false,"[PREMIUM]","LX",false,false,"[PREMIUM]",,,,,,,,"[PREMIUM]"
"62341876","2026-09-03 18:30:29.050","2026-09-08 08:21:38.145","62341876","2026-09-03 17:16:03.000","[PREMIUM]","336","UT - SALT LAKE CITY","2026-09-08","TUESDAY","1200","MDT","0","V",2015,"KIA","OPTIMA","OPTIMA","SEDAN 4DR","BLUE","MINOR DENT/SCRATCHES",,"CA","CT","NO","E",0,"N","[PREMIUM]",0,"2.4L 4","FRONT WHEEL DRIVE","AUTOMATIC","ELECTRIC AND GAS HYBRID",4,"DEFAULT","On Approval","[PREMIUM]",,"MAGNA","UT","84044 1470","USA","USD","[PREMIUM]","[PREMIUM]","L100",false,"[PREMIUM]","HYBRID",false,false,"[PREMIUM]",,,,,,,,"[PREMIUM]"
"67693556","2026-09-03 18:30:26.741","2026-09-08 08:21:33.003","67693556","2026-09-04 18:49:16.000","[PREMIUM]","335","FL - TAMPA NORTH","2026-09-08","TUESDAY","1000","EDT","78","V",2011,"HONDA","CRV","CR-V","4DR SPORT UTILITY","WHITE","MECHANICAL",,"FL","CT","YES","E",182992,"A","[PREMIUM]",0,"2.4L 4","FRONT WHEEL DRIVE","AUTOMATIC","GAS",4,"DEFAULT","On Minimum Bid","[PREMIUM]",,"THONOTOSASSA","FL","33592","USA","USD","[PREMIUM]","[PREMIUM]","RECA",true,"[PREMIUM]","EXL",false,false,"[PREMIUM]",,,,,,,,"[PREMIUM]"
"67517806","2026-09-03 18:30:26.699","2026-09-08 08:21:32.919","67517806","2026-09-04 18:49:16.000","[PREMIUM]","335","FL - TAMPA NORTH","2026-09-08","TUESDAY","1000","EDT","84","V",2019,"HYUNDAI","ACCENT","ACCENT","SEDAN","BLUE","MECHANICAL",,"FL","CT","YES","E",104503,"A","[PREMIUM]",0,"1.6L 4","FRONT WHEEL DRIVE","AUTOMATIC","GAS",4,"DEFAULT","On Minimum Bid","[PREMIUM]",,"THONOTOSASSA","FL","33592","USA","USD","[PREMIUM]","[PREMIUM]","F100",true,"[PREMIUM]","SE",false,false,"[PREMIUM]",,,,,,,,"[PREMIUM]"
"66253636","2026-09-03 18:30:26.579","2026-09-15 02:42:22.082","66253636","2026-09-14 11:10:25.000","[PREMIUM]","335","FL - TAMPA NORTH","2026-09-15","TUESDAY","1000","EDT","129","V",2014,"FORD","EXPLORER","EXPLORER","4DR SPORT UTILITY","GRAY","MECHANICAL",,"FL","CT","YES","E",165758,"A","[PREMIUM]",0,"3.5L 6","4X4 W/FRONT WHL DRV","AUTOMATIC","GAS",6,"DEFAULT","On Minimum Bid","[PREMIUM]",,"THONOTOSASSA","FL","33592","USA","USD","[PREMIUM]","[PREMIUM]","L040",true,"[PREMIUM]","XLT",false,false,"[PREMIUM]",,,,,,,,"[PREMIUM]"
"66628256","2026-09-03 18:30:25.203","2026-09-15 23:12:23.307","66628256","2026-09-04 15:05:57.000","[PREMIUM]","328","WY - CASPER",,,,"MDT","0","V",2006,"DODGE","RAM 2500","RAM 2500","CREW PICKUP","SILVER","FRONT END","SIDE","WY","CT","YES","D",187927,"E","[PREMIUM]",14781.59,"5.9L 6","4X4 W/REAR WHEEL DRV","AUTOMATIC","DIESEL",6,"Run & Drive Verified","Pure Sale","[PREMIUM]",,"CASPER","WY","82601","USA","USD","[PREMIUM]","[PREMIUM]","F040",false,"[PREMIUM]","ST",false,false,"[PREMIUM]",,,,,,,,"[PREMIUM]"
"67166096","2026-09-03 18:30:25.115","2026-09-15 23:12:23.470","67166096","2026-09-03 17:11:29.000","[PREMIUM]","328","WY - CASPER",,,,"MDT","0","V",2019,"GMC","TERRAIN","TERRAIN","SPORT UTILITY VEHICLE","BROWN","HAIL",,"WY","SC","YES","D",74201,"A","[PREMIUM]",11663.94,"1.5L 4","ALL WHEEL DRIVE","AUTOMATIC","GAS",4,"Run & Drive Verified","Pure Sale","[PREMIUM]",,"CASPER","WY","82601","USA","USD","[PREMIUM]","[PREMIUM]","F070",false,"[PREMIUM]","SLE",false,false,"[PREMIUM]",,,,,,,,"[PREMIUM]"
"58986166","2026-09-03 18:30:24.544","2026-09-15 23:12:21.003","58986166","2026-09-03 17:20:33.000","[PREMIUM]","328","WY - CASPER",,,,"MDT","0","V",2024,"RAM","All Models","3500","CAB CHASSIS","WHITE","VANDALISM","FRONT END","WY","SC","YES","S",49306,"A","[PREMIUM]",53691,"6.7L 6","4X4 W/REAR WHEEL DRV","AUTOMATIC","DIESEL",6,"Vehicle Starts","On Minimum Bid","[PREMIUM]",,"CASPER","WY","82601","USA","USD","[PREMIUM]","[PREMIUM]","G020",false,"[PREMIUM]",,false,false,"[PREMIUM]",,,,,,,,"[PREMIUM]"
"67207096","2026-09-03 18:30:23.632","2026-09-15 23:12:16.881","67207096","2026-09-14 19:42:25.000","[PREMIUM]","883","*NCS - PACIFIC REGION","2026-09-16","WEDNESDAY","1800","PDT","0","V",1997,"FORD","F350","F350","CREW PICKUP","BLACK","MINOR DENT/SCRATCHES",,"CA","DV","YES","E",218716,"A","[PREMIUM]",0,"7.5L 8","REAR WHEEL DRIVE","AUTOMATIC","GAS",8,"DEFAULT","On Minimum Bid","[PREMIUM]",,"ADELANTO","CA","92301","USA","USD","[PREMIUM]","[PREMIUM]","N060",true,"[PREMIUM]",,false,false,"[PREMIUM]",,,,,,,,"[PREMIUM]"
"64433506","2026-09-03 18:30:21.819","2026-09-08 08:21:15.249","64433506","2026-09-03 17:39:26.000","[PREMIUM]","294","ONTARIO AUCTION","2026-09-08","TUESDAY","1000","EDT","0","V",2014,"NISSAN","SENTRA","SENTRA","SEDAN","SILVER","SIDE",,"ON","NU","YES","D",188019,"N","[PREMIUM]",5225.34,"1.8L 4","FRONT WHEEL DRIVE","AUTOMATIC","GAS",4,"Run & Drive Verified","Pure Sale","[PREMIUM]",,"COOKSTOWN","ON","L0L 1L0","CAN","CAD","[PREMIUM]","[PREMIUM]","E180",false,"[PREMIUM]","S",false,false,"[PREMIUM]",,,,,,,,"[PREMIUM]"
"62256216","2026-09-03 18:30:21.688","2026-09-08 08:21:14.674","62256216","2026-09-03 17:44:41.000","[PREMIUM]","294","ONTARIO AUCTION","2026-09-08","TUESDAY","1000","EDT","0","V",2019,"FORD","ALL Models","MUSTANG","COUPE","BLACK","FRONT END","MINOR DENT/SCRATCHES","ON","ST","NO","E",0,"N","[PREMIUM]",33875.5,"2.3L 4","REAR WHEEL DRIVE","AUTOMATIC","GAS",4,"DEFAULT","Pure Sale","[PREMIUM]",,"COOKSTOWN","ON","L0L 1L0","CAN","CAD","[PREMIUM]","[PREMIUM]","F160",false,"[PREMIUM]",,false,false,"[PREMIUM]",,,,,,,,"[PREMIUM]"
"59685246","2026-09-03 18:30:21.608","2026-09-08 08:21:14.019","59685246","2026-09-03 17:48:22.000","[PREMIUM]","294","ONTARIO AUCTION","2026-09-08","TUESDAY","1000","EDT","0","V",2024,"KIA","FORTE","FORTE","SEDAN","WHITE","REAR END","SIDE","ON","ST","YES","D",32149,"N","[PREMIUM]",26141.21,"2L 4","FRONT WHEEL DRIVE","AUTOMATIC","GAS",4,"Run & Drive Verified","Pure Sale","[PREMIUM]",,"COOKSTOWN","ON","L0L 1L0","CAN","CAD","[PREMIUM]","[PREMIUM]","A150",false,"[PREMIUM]","EX",false,false,"[PREMIUM]",,,,,,,,"[PREMIUM]"
"56400946","2026-09-03 18:30:21.532","2026-09-08 08:21:13.833","56400946","2026-09-04 18:12:30.000","[PREMIUM]","294","ONTARIO AUCTION","2026-09-08","TUESDAY","1000","EDT","0","V",2007,"TOYOTA","TUNDRA","TUNDRA","CREW PICKUP","GRAY","FRONT END","MINOR DENT/SCRATCHES","ON","ST","YES","D",336162,"E","[PREMIUM]",40668,"4.7L 8","4X4 W/REAR WHEEL DRV","AUTOMATIC","GAS",8,"Run & Drive Verified","On Minimum Bid","[PREMIUM]",,"COOKSTOWN","ON","L0L 1L0","CAN","CAD","[PREMIUM]","[PREMIUM]","G090",false,"[PREMIUM]","DOUBLE CAB SR5",false,false,"[PREMIUM]",,,,,,,,"[PREMIUM]"
"66068156","2026-09-03 18:30:21.367","2026-09-08 08:21:12.573","66068156","2026-09-03 17:44:03.000","[PREMIUM]","294","ONTARIO AUCTION","2026-09-08","TUESDAY","1000","EDT","0","V",2010,"HONDA","ACCORD","ACCORD","SEDAN 4DR","SILVER","SIDE","FRONT END","ON","NU","YES","D",228987,"E","[PREMIUM]",4431.61,"2.4L 4","FRONT WHEEL DRIVE","AUTOMATIC","GAS",4,"Run & Drive Verified","Pure Sale","[PREMIUM]",,"OTTAWA","ON","K1G 6Y7","CAN","CAD","[PREMIUM]","[PREMIUM]","E010",false,"[PREMIUM]","EX",false,false,"[PREMIUM]",,,,,,,,"[PREMIUM]"
"64803456","2026-09-03 18:30:21.300","2026-09-08 08:21:11.971","64803456","2026-09-03 17:31:33.000","[PREMIUM]","294","ONTARIO AUCTION","2026-09-08","TUESDAY","1000","EDT","0","V",2018,"HONDA","CIVIC","CIVIC","SEDAN","BLACK","SIDE","FRONT END","ON","ST","YES","D",399578,"N","[PREMIUM]",12208.58,"2.0L 4","FRONT WHEEL DRIVE","AUTOMATIC","GAS",4,"Run & Drive Verified","Pure Sale","[PREMIUM]",,"OTTAWA","ON","K1G 6Y7","CAN","CAD","[PREMIUM]","[PREMIUM]","E030",false,"[PREMIUM]","EX",false,false,"[PREMIUM]",,,,,,,,"[PREMIUM]"
"63744276","2026-09-03 18:30:21.176","2026-09-08 08:21:11.786","63744276","2026-09-03 17:20:17.000","[PREMIUM]","294","ONTARIO AUCTION","2026-09-08","TUESDAY","1000","EDT","0","V",2015,"CHEVROLET","EQUINOX","EQUINOX","4DR SPORT UTILITY","BLACK","SIDE","UNDERCARRIAGE","ON","NU","YES","D",179811,"N","[PREMIUM]",9250.39,"3.6L 6","FRONT WHEEL DRIVE","AUTOMATIC","GAS",6,"Run & Drive Verified","Pure Sale","[PREMIUM]","Tow out required(bent wheel)","OTTAWA","ON","K1G 6Y7","CAN","CAD","[PREMIUM]","[PREMIUM]","B040",false,"[PREMIUM]","LT",false,false,"[PREMIUM]",,,,,,,,"[PREMIUM]"
"63672566","2026-09-03 18:30:21.156","2026-09-08 08:21:11.689","63672566","2026-09-03 17:42:27.000","[PREMIUM]","294","ONTARIO AUCTION","2026-09-08","TUESDAY","1000","EDT","0","V",2014,"FORD","FUSION","FUSION","SEDAN 4DR","GRAY","FRONT END","SIDE","ON","ST","YES","D",183235,"N","[PREMIUM]",16664.64,"2.5L 4","FRONT WHEEL DRIVE","AUTOMATIC","GAS",4,"Run & Drive Verified","Pure Sale","[PREMIUM]",,"OTTAWA","ON","K1G 6Y7","CAN","CAD","[PREMIUM]","[PREMIUM]","H030",false,"[PREMIUM]","SE",false,false,"[PREMIUM]",,,,,,,,"[PREMIUM]"
"62378726","2026-09-03 18:30:21.134","2026-09-08 08:21:11.298","62378726","2026-09-03 17:45:27.000","[PREMIUM]","294","ONTARIO AUCTION","2026-09-08","TUESDAY","1000","EDT","0","V",2020,"NISSAN","MURANO","MURANO","SPORT UTILITY VEHICLE","BLACK","FRONT END","SIDE","ON","NU","YES","D",166929,"N","[PREMIUM]",20197.8,"3.5L 6","ALL WHEEL DRIVE","AUTOMATIC","GAS",6,"Run & Drive Verified","Pure Sale","[PREMIUM]","airbags deployed Tow out required(front driver flat tire)","OTTAWA","ON","K1G 6Y7","CAN","CAD","[PREMIUM]","[PREMIUM]","A030",false,"[PREMIUM]","PLATINUM",false,false,"[PREMIUM]",,,,,,,,"[PREMIUM]"
"61313436","2026-09-03 18:30:21.057","2026-09-08 08:21:11.171","61313436","2026-09-03 17:29:53.000","[PREMIUM]","294","ONTARIO AUCTION","2026-09-08","TUESDAY","1000","EDT","0","V",2008,"HYUNDAI","SONATA","SONATA","SEDAN 4DR","SILVER","FRONT END","MINOR DENT/SCRATCHES","ON","NU","YES","D",174242,"E","[PREMIUM]",6374.01,"3.3L 6","FRONT WHEEL DRIVE","AUTOMATIC","GAS",6,"Run & Drive Verified","Pure Sale","[PREMIUM]","ront passenger window does not work","OTTAWA","ON","K1G 6Y7","CAN","CAD","[PREMIUM]","[PREMIUM]","E040",false,"[PREMIUM]","GLS",false,false,"[PREMIUM]",,,,,,,,"[PREMIUM]"
"58693446","2026-09-03 18:30:21.029","2026-09-08 08:21:10.951","58693446","2026-09-03 17:52:06.000","[PREMIUM]","294","ONTARIO AUCTION","2026-09-08","TUESDAY","1000","EDT","0","V",2018,"TOYOTA","RAV4","RAV4","SPORT UTILITY VEHICLE","BLACK","FRONT END","SIDE","ON","IR","YES","E",328731,"N","[PREMIUM]",45239.18,"2.5L 4","ALL WHEEL DRIVE","AUTOMATIC","GAS",4,"DEFAULT","Pure Sale","[PREMIUM]","Airbags deployed","OTTAWA","ON","K1G 6Y7","CAN","CAD","[PREMIUM]","[PREMIUM]","G060",false,"[PREMIUM]","LE",false,false,"[PREMIUM]",,,,,,,,"[PREMIUM]"
"64045286","2026-09-03 18:30:20.837","2026-09-16 08:24:20.499","64045286","2026-09-14 21:23:14.000","[PREMIUM]","295","ATLANTIC CANADA AUCTION","2026-09-17","THURSDAY","700","AKST","0","K",2017,"CHEVROLET","EXPRESS","EXPRESS G3500","CARGO VAN","WHITE","NORMAL WEAR","MECHANICAL","NL","NB","YES","E",148463,"A","[PREMIUM]",0,"6.0L 8","REAR WHEEL DRIVE","AUTOMATIC","FLEXIBLE",8,"DEFAULT","On Minimum Bid","[PREMIUM]","PREVIOUS FLEET // PREVIOUS ONTARIO HISTORY","ST. JOHN'S","NL","A1A 1A2","CAN","CAD","[PREMIUM]","[PREMIUM]","A1TOW",false,"[PREMIUM]",,false,false,"[PREMIUM]",,,,,,,,"[PREMIUM]"
"64045256","2026-09-03 18:30:20.809","2026-09-16 12:46:49.308","64045256","2026-09-16 11:00:04.000","[PREMIUM]","292","WHOLESALE AUCTION CANADA","2026-09-16","WEDNESDAY","1300","EDT","3066","V",2016,"FORD","F350","F350","4DR EXT CAB PICKUP","WHITE","NORMAL WEAR","MECHANICAL","NL","NB","YES","D",177182,"A","[PREMIUM]",0,"6.7L 8","4X4 W/REAR WHEEL DRV","AUTOMATIC","DIESEL",8,"Run & Drive Verified","On Approval","[PREMIUM]","PREVIOUS FLEET // PREVIOUS ONTARIO HISTORY","ELMSDALE","NS","B2S 2L2","CAN","CAD","[PREMIUM]","[PREMIUM]","A1TOW",false,"[PREMIUM]","SUPER DUTY",false,false,"[PREMIUM]",,,,,,,,"[PREMIUM]"
"64045266","2026-09-03 18:30:20.805","2026-09-16 12:46:49.286","64045266","2026-09-16 11:00:04.000","[PREMIUM]","292","WHOLESALE AUCTION CANADA","2026-09-16","WEDNESDAY","1300","EDT","4030","V",2016,"FORD","F250","F250","PICKUP","WHITE","NORMAL WEAR","MECHANICAL","NL","NB","YES","E",315580,"A","[PREMIUM]",0,"6.2L 8","4X4 W/REAR WHEEL DRV","AUTOMATIC","GAS",8,"DEFAULT","On Minimum Bid","[PREMIUM]","PREVIOUS FLEET // PREVIOUS ONTARIO HISTORY","ELMSDALE","NS","B2S 2L2","CAN","CAD","[PREMIUM]","[PREMIUM]","A1TOW",false,"[PREMIUM]","SUPER DUTY",false,false,"[PREMIUM]",,,,,,,,"[PREMIUM]"
"60112246","2026-09-03 18:30:20.774","2026-09-16 12:46:48.699","60112246","2026-09-16 11:00:04.000","[PREMIUM]","292","WHOLESALE AUCTION CANADA","2026-09-16","WEDNESDAY","1300","EDT","4029","V",2019,"CHEVROLET","SILVERADO","SILVERADO","PICKUP","WHITE","FRONT END",,"ON","NU","YES","E",0,"N","[PREMIUM]",0,"5.3L 8","4X4 W/REAR WHEEL DRV","AUTOMATIC","GAS",8,"DEFAULT","On Minimum Bid","[PREMIUM]","PREVIOUS NEWFOUNDLAND HISTORY // PREVIOUS FLEET","ELMSDALE","NS","B2S 2L2","CAN","CAD","[PREMIUM]","[PREMIUM]","A1TOW",false,"[PREMIUM]","K1500 LT",false,false,"[PREMIUM]",,,,,,,,"[PREMIUM]"
"66278986","2026-09-03 18:30:17.833","2026-09-10 14:56:32.797","66278986","2026-09-10 12:00:06.000","[PREMIUM]","204","AB - EDMONTON","2026-09-10","THURSDAY","1200","MDT","71","V",2014,"TOYOTA","SIENNA","SIENNA","SPORTS VAN","GRAY","FRONT END","SIDE","AB","BV","YES","D",552028,"N","[PREMIUM]",7489.89,"3.5L 6","FRONT WHEEL DRIVE","AUTOMATIC","GAS",6,"Run & Drive Verified","Pure Sale","[PREMIUM]","Rear damage.","NISKU","AB","T9E 8L1","CAN","CAD","[PREMIUM]","[PREMIUM]","H020",false,"[PREMIUM]","SPORT",false,false,"[PREMIUM]",,,,,,,,"[PREMIUM]"
"65887626","2026-09-03 18:30:17.771","2026-09-10 14:56:32.503","65887626","2026-09-10 12:00:06.000","[PREMIUM]","204","AB - EDMONTON","2026-09-10","THURSDAY","1200","MDT","28","V",2010,"KIA","SOUL","SOUL","WAGON","CREAM","REAR END","SIDE","AB","BV","YES","D",262480,"E","[PREMIUM]",14213.07,"2.0L 4","FRONT WHEEL DRIVE","MANUAL","GAS",4,"Run & Drive Verified","Pure Sale","[PREMIUM]","Top/Roof and undercarriage damage True mileage unknown.","NISKU","AB","T9E 8L1","CAN","CAD","[PREMIUM]","[PREMIUM]","D060",false,"[PREMIUM]","+",false,false,"[PREMIUM]",,,,,,,,"[PREMIUM]"
"65739746","2026-09-03 18:30:17.474","2026-09-10 02:51:44.608","65739746","2026-09-03 17:35:20.000","[PREMIUM]","204","AB - EDMONTON","2026-09-10","THURSDAY","1200","MDT","0","V",2007,"TOYOTA","RAV4","RAV4","SUV","BLUE","FRONT END","MINOR DENT/SCRATCHES","AB","BV","YES","D",289873,"E","[PREMIUM]",4753.7,"3.5L 6","FOUR BY FOUR","AUTOMATIC","GAS",6,"Run & Drive Verified","Pure Sale","[PREMIUM]","True mileage unknown.","NISKU","AB","T9E 8L1","CAN","CAD","[PREMIUM]","[PREMIUM]","D050",false,"[PREMIUM]","BASE",false,false,"[PREMIUM]",,,,,,,,"[PREMIUM]"
"67455396","2026-09-03 18:30:15.050","2026-09-10 14:56:41.601","67455396","2026-09-10 08:00:02.000","[PREMIUM]","199","RI - EXETER","2026-09-10","THURSDAY","1000","EDT","57","V",2013,"NISSAN","ALTIMA","ALTIMA","SEDAN","BLACK","REAR END",,"CT","ST","YES","D",189566,"A","[PREMIUM]",6242.86,"2.5L 4","FRONT WHEEL DRIVE","AUTOMATIC","GAS",4,"Run & Drive Verified","Pure Sale","[PREMIUM]",,"EXETER","RI","02822 2000","USA","USD","[PREMIUM]","[PREMIUM]","I050",false,"[PREMIUM]","2.5",false,false,"[PREMIUM]",,,,,,,,"[PREMIUM]"
"65291476","2026-09-03 18:30:14.862","2026-09-16 23:09:34.138","65291476","2026-09-14 20:28:34.000","[PREMIUM]","199","RI - EXETER","2026-09-17","THURSDAY","1000","EDT","0","V",2012,"VOLVO","XC60","XC60","4DR SPORT UTILITY","BLACK","REAR END",,"WV","SC","YES","E",112099,"A","[PREMIUM]",0,"3.0L 6","ALL WHEEL DRIVE","AUTOMATIC","GAS",6,"DEFAULT","Pure Sale","[PREMIUM]",,"EXETER","RI","02822 2000","USA","USD","[PREMIUM]","[PREMIUM]","K020",false,"[PREMIUM]","T6",false,false,"[PREMIUM]",,,,,,,,"[PREMIUM]"
"63273856","2026-09-03 18:30:14.484","2026-09-08 08:20:39.837","63273856","2026-09-03 17:08:32.000","[PREMIUM]","199","RI - EXETER","2026-09-08","TUESDAY","1000","EDT","0","V",2024,"NISSAN","SENTRA","SENTRA","SEDAN","GRAY","FRONT END",,"CT","ST","YES","D",16980,"A","[PREMIUM]",13504,"2.0L 4","FRONT WHEEL DRIVE","AUTOMATIC","GAS",4,"Run & Drive Verified","On Minimum Bid","[PREMIUM]",,"EXETER","RI","02822 2000","USA","USD","[PREMIUM]","[PREMIUM]","D050",false,"[PREMIUM]","SV",false,false,"[PREMIUM]",,,,,,,,"[PREMIUM]"
"62908816","2026-09-03 18:30:14.399","2026-09-08 08:20:39.577","62908816","2026-09-03 17:39:02.000","[PREMIUM]","199","RI - EXETER","2026-09-08","TUESDAY","1000","EDT","0","V",2014,"JEEP","PATRIOT","PATRIOT","4DR SPORT UTILITY","BLACK","MINOR DENT/SCRATCHES",,"CT","CT","YES","D",240985,"A","[PREMIUM]",0,"2.0L 4","FRONT WHEEL DRIVE","AUTOMATIC","GAS",4,"Run & Drive Verified","On Approval","[PREMIUM]",,"EXETER","RI","02822 2000","USA","USD","[PREMIUM]","[PREMIUM]","F050",false,"[PREMIUM]",,false,false,"[PREMIUM]",,,,,,,,"[PREMIUM]"
"60003926","2026-09-03 18:30:13.816","2026-09-10 14:56:10.976","60003926","2026-09-10 08:00:02.000","[PREMIUM]","199","RI - EXETER","2026-09-10","THURSDAY","1000","EDT","1117","V",2012,"HYUNDAI","SONATA","SONATA","SEDAN 4DR","RED","FRONT END","REAR END","CT","ST","YES","E",160208,"A","[PREMIUM]",8138.09,"2.4L 4","FRONT WHEEL DRIVE","AUTOMATIC","GAS",4,"DEFAULT","Pure Sale","[PREMIUM]",,"EXETER","RI","02822 2000","USA","USD","[PREMIUM]","[PREMIUM]","H040",false,"[PREMIUM]","GLS",false,false,"[PREMIUM]",,,,,,,,"[PREMIUM]"
"66911596","2026-09-03 18:30:09.293","2026-09-16 03:30:46.322","66911596","2026-09-15 11:43:43.000","[PREMIUM]","835","MEDIUM DUTY SPECIALTY SALE","2026-09-16","WEDNESDAY","1100","CDT","0","K",2025,"RAM","PROMASTER","PROMASTER 3500","VAN CARGO","WHITE","REAR END","SIDE","FL","CF","YES","E",0,"N","[PREMIUM]",0,"3.6L 6","FRONT WHEEL DRIVE","AUTOMATIC","GAS",6,"DEFAULT","On Minimum Bid","[PREMIUM]",,"MOCKSVILLE","NC","27028 6910","USA","USD","[PREMIUM]","[PREMIUM]","HV002",true,"[PREMIUM]","3500 HIGH",false,false,"[PREMIUM]",,,,,,,,"[PREMIUM]"
"66911066","2026-09-03 18:30:09.283","2026-09-16 23:09:16.935","66911066","2026-09-16 18:13:16.000","[PREMIUM]","880","*NCS - EASTERN REGION","2026-09-21","MONDAY","2100","EDT","0","V",2026,"HYUNDAI","ELANTRA","ELANTRA","SEDAN","WHITE","REAR END","SIDE","FL","CF","YES","D",640,"A","[PREMIUM]",0,"2.0L 4","FRONT WHEEL DRIVE","AUTOMATIC","GAS",4,"Run & Drive Verified","On Minimum Bid","[PREMIUM]",,"MOCKSVILLE","NC","27028 6910","USA","USD","[PREMIUM]","[PREMIUM]","K030",true,"[PREMIUM]","SEL SPORT",false,false,"[PREMIUM]",,,,,,,,"[PREMIUM]"
"65920336","2026-09-03 18:30:06.628","2026-09-09 08:50:50.171","65920336","2026-09-09 00:39:33.000","[PREMIUM]","855","WHOLESALE AUCTION","2026-09-15","TUESDAY","1200","EDT","0","K",2021,"FORD","TRANSIT","TRANSIT","CUTAWAY","BLUE","SIDE",,"VA","CT","YES","D",75976,"A","[PREMIUM]",4443,"3.5L 6","REAR WHEEL DRIVE","AUTOMATIC","GAS",6,"Run & Drive Verified","On Approval","[PREMIUM]",,"FREDERICKSBURG","VA","22408 8751","USA","USD","[PREMIUM]","[PREMIUM]","HVY50",false,"[PREMIUM]",,false,true,"[PREMIUM]",,,,,"RED LIGHT",3.7,,"[PREMIUM]"
"65203726","2026-09-03 18:30:03.727","2026-09-16 23:08:52.694","65203726","2026-09-11 15:44:25.000","[PREMIUM]","193","CO - DENVER SOUTH","2026-09-21","MONDAY","1200","MDT","0","V",2020,"HONDA","CRV","CR-V","SPORT UTILITY VEHICLE","SILVER","FRONT END","SIDE","OH","ST","YES","D",38194,"A","[PREMIUM]",18125,"1.5L 4","ALL WHEEL DRIVE","AUTOMATIC","GAS",4,"Run & Drive Verified","On Minimum Bid","[PREMIUM]",,"LITTLETON","CO","80125 9741","USA","USD","[PREMIUM]","[PREMIUM]","H010",false,"[PREMIUM]","EX",false,false,"[PREMIUM]",,,,,,,,"[PREMIUM]"
"55949696","2026-09-03 18:29:52.432","2026-09-13 20:29:24.976","55949696","2026-09-09 20:18:40.000","[PREMIUM]","189","IL - SOUTHERN ILLINOIS","2026-09-14","MONDAY","1200","CDT","0","V",2013,"CHEVROLET","CRUZE","CRUZE","SEDAN 4DR","WHITE","FRONT END","UNDERCARRIAGE","ID","SC","YES","E",127387,"A","[PREMIUM]",8037,"1.8L 4","FRONT WHEEL DRIVE","AUTOMATIC","GAS",4,"DEFAULT","Pure Sale","[PREMIUM]",,"CAHOKIA HEIGHTS","IL","62205 1001","USA","USD","[PREMIUM]","[PREMIUM]","L170",false,"[PREMIUM]","LS",false,false,"[PREMIUM]",,,,,,,,"[PREMIUM]"
"67215096","2026-09-03 18:29:49.306","2026-09-15 23:10:01.885","67215096","2026-09-14 14:33:56.000","[PREMIUM]","187","GA - MACON",,,,"EDT","0","V",2018,"HONDA","CRV","CR-V","SPORT UTILITY VEHICLE","WHITE","SIDE",,"GA","ST","YES","D",87544,"A","[PREMIUM]",6260.39,"1.5L 4","FRONT WHEEL DRIVE","AUTOMATIC","GAS",4,"Run & Drive Verified","Pure Sale","[PREMIUM]",,"BYRON","GA","31008","USA","USD","[PREMIUM]","[PREMIUM]","B0030",false,"[PREMIUM]","EX",false,false,"[PREMIUM]",,,,,,,,"[PREMIUM]"
"59638366","2026-09-03 18:29:47.324","2026-09-11 17:26:05.041","59638366","2026-09-11 13:00:11.000","[PREMIUM]","186","CA - LONG BEACH","2026-09-11","FRIDAY","1200","PDT","80","V",2012,"HONDA","CIVIC","CIVIC","SEDAN 4DR","BLACK","FRONT END",,"CA","SC","YES","D",127027,"A","[PREMIUM]",10592.36,"1.8L 4","FRONT WHEEL DRIVE","AUTOMATIC","GAS",4,"Run & Drive Verified","Pure Sale","[PREMIUM]",,"WILMINGTON","CA","90744 1609","USA","USD","[PREMIUM]","[PREMIUM]","G030",false,"[PREMIUM]","EX",false,false,"[PREMIUM]",,,,,,,,"[PREMIUM]"
"58316736","2026-09-03 18:29:47.200","2026-09-15 23:09:52.522","58316736","2026-09-14 21:44:59.000","[PREMIUM]","186","CA - LONG BEACH","2026-09-16","WEDNESDAY","1200","PDT","0","V",2021,"MAZDA","CX30","CX-30","SPORT UTILITY VEHICLE","BLACK","FRONT END",,"ID","SC","YES","E",82362,"A","[PREMIUM]",14590,"2.5L 4","ALL WHEEL DRIVE","AUTOMATIC","GAS",4,"DEFAULT","Pure Sale","[PREMIUM]",,"WILMINGTON","CA","90744 1609","USA","USD","[PREMIUM]","[PREMIUM]","K020",false,"[PREMIUM]","SELECT",false,false,"[PREMIUM]",,,,,,,,"[PREMIUM]"
"57264866","2026-09-03 18:29:47.071","2026-09-09 08:49:44.164","57264866","2026-09-04 22:57:54.000","[PREMIUM]","186","CA - LONG BEACH","2026-09-09","WEDNESDAY","1200","PDT","0","V",2017,"TOYOTA","COROLLA","COROLLA","SEDAN","WHITE","FRONT END","REAR END","CA","SC","YES","D",144926,"N","[PREMIUM]",6033.15,"1.8L 4","FRONT WHEEL DRIVE","AUTOMATIC","GAS",4,"Run & Drive Verified","Pure Sale","[PREMIUM]",,"WILMINGTON","CA","90744 1609","USA","USD","[PREMIUM]","[PREMIUM]","C030",false,"[PREMIUM]","LE",false,false,"[PREMIUM]",,,,,,,,"[PREMIUM]"
"84445665","2026-09-03 18:29:46.780","2026-09-09 08:49:43.382","84445665","2026-09-03 17:48:02.000","[PREMIUM]","185","TX - ANDREWS","2026-09-09","WEDNESDAY","1200","CDT","0","V",2023,"FORD","F250","F250",,"WHITE","FRONT END","REAR END","TX","SV","NO",,0,"N","[PREMIUM]",46078,"6.7L  8","4x4 w/Rear Wheel Drv","AUTOMATIC","DIESEL",8,,"On Approval","[PREMIUM]",,"ANDREWS","TX","79714 5041","USA","USD","[PREMIUM]","[PREMIUM]","J110",false,"[PREMIUM]","SUPER DUTY",false,false,"[PREMIUM]",,,,,,,,"[PREMIUM]"
"59359266","2026-09-03 18:29:43.368","2026-09-08 08:19:11.772","59359266","2026-09-04 21:06:00.000","[PREMIUM]","184","AL - MOBILE SOUTH","2026-09-08","TUESDAY","1200","CDT","40","V",2016,"FORD","F150","F150","CREW PICKUP","CHARCOAL","FRONT END",,"AL","ST","YES","D",130883,"A","[PREMIUM]",15730,"3.5L 6","REAR WHEEL DRIVE","AUTOMATIC","GAS",6,"Run & Drive Verified","Pure Sale","[PREMIUM]",,"THEODORE","AL","36582","USA","USD","[PREMIUM]","[PREMIUM]","I100",false,"[PREMIUM]","SUPERCREW",false,false,"[PREMIUM]",,,,,,,,"[PREMIUM]"
"64491616","2026-09-03 18:29:42.120","2026-09-15 23:09:39.449","64491616","2026-09-15 20:12:47.000","[PREMIUM]","182","TX - WACO","2026-09-16","WEDNESDAY","1200","CDT","49","V",2019,"GMC","SIERRA","SIERRA","PICKUP","BLACK","FRONT END",,"IA","ST","YES","D",47249,"A","[PREMIUM]",28594.07,"5.3L 8","4X4 W/REAR WHEEL DRV","AUTOMATIC","GAS",8,"Run & Drive Verified","On Minimum Bid","[PREMIUM]",,"TEMPLE","TX","76501 6617","USA","USD","[PREMIUM]","[PREMIUM]","BB010",false,"[PREMIUM]","K1500 DENALI",false,false,"[PREMIUM]",,,,,,,,"[PREMIUM]"
"73077885","2026-09-03 18:29:41.076","2026-09-08 08:19:05.241","73077885","2026-09-03 17:27:54.000","[PREMIUM]","181","TX - DALLAS SOUTH","2026-09-08","TUESDAY","1200","CDT","0","V",2012,"KIA","SPORTAGE","SPORTAGE","SUV","RED","MINOR DENT/SCRATCHES",,"CA","CT","YES","S",124127,"A","[PREMIUM]",0,"2.4L 4","FRONT WHEEL DRIVE","AUTOMATIC","GAS",4,"Vehicle Starts","On Approval","[PREMIUM]",,"WILMER","TX","75172 1528","USA","USD","[PREMIUM]","[PREMIUM]","C050",false,"[PREMIUM]","LX",false,false,"[PREMIUM]",,,,,,,,"[PREMIUM]"
"67382916","2026-09-03 18:29:41.036","2026-09-08 08:19:04.887","67382916","2026-09-03 17:57:01.000","[PREMIUM]","181","TX - DALLAS SOUTH","2026-09-08","TUESDAY","1200","CDT","0","V",2007,"TOYOTA","CAMRY","CAMRY","SEDAN","BLUE","REAR END",,"TX","CT","YES","D",193511,"E","[PREMIUM]",0,"3.5L 6","FRONT WHEEL DRIVE","AUTOMATIC","GAS",6,"Run & Drive Verified","On Minimum Bid","[PREMIUM]",,"WILMER","TX","75172 1528","USA","USD","[PREMIUM]","[PREMIUM]","C120",true,"[PREMIUM]","SE V6",false,false,"[PREMIUM]",,,,,,,,"[PREMIUM]"
"62057666","2026-09-03 18:29:38.856","2026-09-14 02:27:10.653","62057666","2026-09-11 17:05:46.000","[PREMIUM]","181","TX - DALLAS SOUTH","2026-09-14","MONDAY","1200","CDT","0","V",2016,"HYUNDAI","VELOSTER","VELOSTER","COUPE","BLUE","FRONT END",,"TX","CT","NO","E",0,"N","[PREMIUM]",0,"1.6L 4","FRONT WHEEL DRIVE","AUTOMATIC","GAS",4,"DEFAULT","On Minimum Bid","[PREMIUM]",,"WILMER","TX","75172 1528","USA","USD","[PREMIUM]","[PREMIUM]","G050",false,"[PREMIUM]","BASE",false,false,"[PREMIUM]",,,,,,,,"[PREMIUM]"
"67019416","2026-09-03 18:29:33.486","2026-09-09 08:49:12.946","67019416","2026-09-08 22:57:24.000","[PREMIUM]","180","CA - SUN VALLEY","2026-09-09","WEDNESDAY","1200","PDT","0","V",2006,"NISSAN","MURANO","MURANO","SUV","SILVER","VANDALISM",,"CA","SC","YES",,134658,"A","[PREMIUM]",5612.7,"3.5L 6","ALL WHEEL DRIVE","AUTOMATIC","GAS",6,,"Pure Sale","[PREMIUM]",,"SUN VALLEY","CA","91352 3922","USA","USD","[PREMIUM]","[PREMIUM]","A110",false,"[PREMIUM]","S",false,false,"[PREMIUM]",,,,,,,,"[PREMIUM]"
"57157346","2026-09-03 18:29:32.184","2026-09-09 08:49:07.834","57157346","2026-09-08 23:03:29.000","[PREMIUM]","180","CA - SUN VALLEY","2026-09-14","MONDAY","1200","PDT","0","V",2017,"HYUNDAI","IONIQ","IONIQ","HATCHBACK","BLUE","FRONT END","SIDE","CA","SC","YES","S",149641,"A","[PREMIUM]",5724.53,"1.6L 4","FRONT WHEEL DRIVE","AUTOMATIC","ELECTRIC AND GAS HYBRID",4,"Vehicle Starts","Pure Sale","[PREMIUM]",,"SUN VALLEY","CA","91352 3922","USA","USD","[PREMIUM]","[PREMIUM]","H040",false,"[PREMIUM]","BLUE",false,false,"[PREMIUM]",,,,,,,,"[PREMIUM]"
"67035946","2026-09-03 18:29:31.840","2026-09-10 14:53:48.099","67035946","2026-09-09 15:30:28.000","[PREMIUM]","175","GA - CARTERSVILLE","2026-09-10","THURSDAY","1000","EDT","2024","V",2016,"NISSAN","ALTIMA","ALTIMA","SEDAN","BLACK","REAR END",,"GA","ST","YES","D",173436,"A","[PREMIUM]",13146,"2.5L 4","FRONT WHEEL DRIVE","AUTOMATIC","GAS",4,"Run & Drive Verified","Pure Sale","[PREMIUM]",,"CARTERSVILLE","GA","30120","USA","USD","[PREMIUM]","[PREMIUM]","W030",false,"[PREMIUM]","2.5 S",false,false,"[PREMIUM]",,,,,,,,"[PREMIUM]"
"66955816","2026-09-03 18:29:31.798","2026-09-15 23:09:07.642","66955816","2026-09-03 17:12:16.000","[PREMIUM]","175","GA - CARTERSVILLE",,,,"EDT","0","V",2021,"CHEVROLET","CORVETTE","CORVETTE","COUPE","GRAY","FRONT END","SIDE","GA","ST","YES","D",47837,"A","[PREMIUM]",17937.71,"6.2L 8","REAR WHEEL DRIVE","AUTOMATIC","GAS",8,"Run & Drive Verified","Pure Sale","[PREMIUM]",,"CARTERSVILLE","GA","30120","USA","USD","[PREMIUM]","[PREMIUM]","P020",false,"[PREMIUM]","STINGRAY 1LT",false,false,"[PREMIUM]",,,,,,,,"[PREMIUM]"
"66457906","2026-09-03 18:29:31.756","2026-09-15 23:09:07.027","66457906","2026-09-03 17:30:40.000","[PREMIUM]","175","GA - CARTERSVILLE",,,,"EDT","0","V",2016,"TOYOTA","SIENNA","SIENNA","SPORTS VAN","GRAY","WATER/FLOOD","ROLLOVER","GA","ST","YES","E",139688,"A","[PREMIUM]",0,"3.5L 6","FRONT WHEEL DRIVE","AUTOMATIC","GAS",6,"DEFAULT","Pure Sale","[PREMIUM]",,"CARTERSVILLE","GA","30120","USA","USD","[PREMIUM]","[PREMIUM]","W040",false,"[PREMIUM]","SE",false,false,"[PREMIUM]",,,,,,,,"[PREMIUM]"
"64808946","2026-09-03 18:29:31.349","2026-09-15 23:09:04.855","64808946","2026-09-15 14:22:51.000","[PREMIUM]","175","GA - CARTERSVILLE","2026-09-17","THURSDAY","1000","EDT","0","V",2005,"TOYOTA","SIENNA","SIENNA","MINI-VAN","GOLD","REAR END",,"GA","ST","YES","D",157642,"E","[PREMIUM]",2573,"3.3L 6","FRONT WHEEL DRIVE","AUTOMATIC","GAS",6,"Run & Drive Verified","Pure Sale","[PREMIUM]",,"CARTERSVILLE","GA","30120","USA","USD","[PREMIUM]","[PREMIUM]","Q050",false,"[PREMIUM]","LE 7 PASSENGER",false,false,"[PREMIUM]",,,,,,,,"[PREMIUM]"
"66012496","2026-09-03 18:29:28.719","2026-09-15 23:08:50.687","66012496","2026-09-14 18:09:36.000","[PREMIUM]","880","*NCS - EASTERN REGION","2026-09-16","WEDNESDAY","2100","EDT","0","V",2026,"FORD","F150","F150","PICKUP","BLACK","REAR END",,"MI","ST","YES","D",86,"A","[PREMIUM]",0,"5.0L 8","4X4 W/REAR WHEEL DRV","AUTOMATIC","GAS",8,"Run & Drive Verified","On Minimum Bid","[PREMIUM]",,"FAIRBURN","GA","30213 2834","USA","USD","[PREMIUM]","[PREMIUM]","A020",true,"[PREMIUM]","XLT",false,false,"[PREMIUM]",,,,,,,,"[PREMIUM]"
"65061516","2026-09-03 18:29:26.427","2026-09-16 12:43:21.414","65061516","2026-09-16 10:00:46.000","[PREMIUM]","835","MEDIUM DUTY SPECIALTY SALE","2026-09-16","WEDNESDAY","1100","CDT","3251","K",2020,"RAM","PROMASTER","PROMASTER 3500","VAN CARGO","BLUE","FRONT END","REAR END","VA","ST","EXM","E",0,"N","[PREMIUM]",22290,"3.6L 6","FRONT WHEEL DRIVE","AUTOMATIC","FLEXIBLE",6,"DEFAULT","On Minimum Bid","[PREMIUM]",,"CICERO","IN","46034 9514","USA","USD","[PREMIUM]","[PREMIUM]","B080",true,"[PREMIUM]",,false,false,"[PREMIUM]",,,,,,,,"[PREMIUM]"
"67402966","2026-09-03 18:29:23.349","2026-09-09 08:48:42.859","67402966","2026-09-08 20:33:13.000","[PREMIUM]","169","IA - DAVENPORT","2026-09-09","WEDNESDAY","1200","CDT","34","V",2010,"TOYOTA","PRIUS","PRIUS","HATCHBACK","WHITE","FRONT END","MINOR DENT/SCRATCHES","IA","CT","YES","D",184793,"E","[PREMIUM]",0,"1.8L 4","FRONT WHEEL DRIVE","AUTOMATIC","ELECTRIC AND GAS HYBRID",4,"Run & Drive Verified","On Minimum Bid","[PREMIUM]",,"ELDRIDGE","IA","52748 9307","USA","USD","[PREMIUM]","[PREMIUM]","SC002",true,"[PREMIUM]","III",false,false,"[PREMIUM]",,,,,,,,"[PREMIUM]"
"67790536","2026-09-03 18:29:19.452","2026-09-15 23:08:20.722","67790536","2026-09-15 21:20:49.000","[PREMIUM]","164","PA - PHILADELPHIA EAST-SUBLOT","2026-09-16","WEDNESDAY","1000","EDT","2032","V",2005,"TOYOTA","SIENNA","SIENNA","MINI-VAN","GOLD","SIDE","MINOR DENT/SCRATCHES","PA","CT","YES","D",273396,"A","[PREMIUM]",0,"3.3L 6","FRONT WHEEL DRIVE","AUTOMATIC","GAS",6,"Run & Drive Verified","On Minimum Bid","[PREMIUM]",,"CHALFONT","PA","18914 3201","USA","USD","[PREMIUM]","[PREMIUM]","A080",true,"[PREMIUM]","LE 8 PASSENGER",false,false,"[PREMIUM]",,,,,,,,"[PREMIUM]"
"67294306","2026-09-03 18:29:18.715","2026-09-15 23:08:13.335","67294306","2026-09-03 17:14:22.000","[PREMIUM]","163","FL - JACKSONVILLE NORTH",,,,"EDT","0","V",2014,"FORD","ESCAPE","ESCAPE","4DR SPORT UTILITY","GRAY","FRONT END",,"GA","ST","YES","D",95997,"A","[PREMIUM]",6217.81,"2.0L 4","FRONT WHEEL DRIVE","AUTOMATIC","GAS",4,"Run & Drive Verified","Pure Sale","[PREMIUM]",,"JACKSONVILLE","FL","32218 5527","USA","USD","[PREMIUM]","[PREMIUM]","C170",false,"[PREMIUM]","TITANIUM",false,false,"[PREMIUM]",,,,,,,,"[PREMIUM]"
"60954586","2026-09-03 18:29:17.278","2026-09-15 23:08:08.403","60954586","2026-09-03 17:43:36.000","[PREMIUM]","163","FL - JACKSONVILLE NORTH",,,,"EDT","0","V",2018,"CHEVROLET","CRUZE","CRUZE","SEDAN","RED","FRONT END","REAR END","GA","ST","YES","D",43396,"A","[PREMIUM]",9113,"1.4L 4","FRONT WHEEL DRIVE","AUTOMATIC","GAS",4,"Run & Drive Verified","Pure Sale","[PREMIUM]",,"JACKSONVILLE","FL","32218 5527","USA","USD","[PREMIUM]","[PREMIUM]","B130",false,"[PREMIUM]","LS",false,false,"[PREMIUM]",,,,,,,,"[PREMIUM]"
"59778436","2026-09-03 18:29:17.134","2026-09-15 23:08:08.209","59778436","2026-09-03 17:52:00.000","[PREMIUM]","163","FL - JACKSONVILLE NORTH",,,,"EDT","0","V",2025,"CHEVROLET","TRAX","TRAX","SPORT UTILITY VEHICLE","BLACK","TOP/ROOF","REAR END","GA","ST","YES","D",20605,"A","[PREMIUM]",15286.77,"1.2L 3","FRONT WHEEL DRIVE","AUTOMATIC","GAS",3,"Run & Drive Verified","Pure Sale","[PREMIUM]",,"JACKSONVILLE","FL","32218 5527","USA","USD","[PREMIUM]","[PREMIUM]","D150",false,"[PREMIUM]","LS",false,false,"[PREMIUM]",,,,,,,,"[PREMIUM]"
"66913406","2026-09-03 18:29:16.595","2026-09-08 08:17:57.498","66913406","2026-09-03 17:04:46.000","[PREMIUM]","162","VA - HAMPTON","2026-09-08","TUESDAY","1000","EDT","0","V",2010,"TOYOTA","CAMRY","CAMRY","SEDAN","BLUE","FRONT END","REAR END","MT","CZ","NO","E",248290,"A","[PREMIUM]",0,"2.5L 4","FRONT WHEEL DRIVE","AUTOMATIC","GAS",4,"DEFAULT","On Approval","[PREMIUM]",,"HAMPTON","VA","23666 1525","USA","USD","[PREMIUM]","[PREMIUM]","B140",false,"[PREMIUM]","XLE",false,false,"[PREMIUM]",,,,,,,,"[PREMIUM]"
"66650126","2026-09-03 18:29:16.553","2026-09-15 23:08:04.399","66650126","2026-09-03 11:38:38.000","[PREMIUM]","162","VA - HAMPTON",,,,"EDT","0","V",2015,"TOYOTA","AVALON","AVALON","SEDAN","BLACK","WATER/FLOOD",,"VA","FS","YES","E",130347,"A","[PREMIUM]",4034.91,"3.5L 6","FRONT WHEEL DRIVE","AUTOMATIC","GAS",6,"DEFAULT","Pure Sale","[PREMIUM]",,"HAMPTON","VA","23666 1525","USA","USD","[PREMIUM]","[PREMIUM]","C070",false,"[PREMIUM]","XLE TOURING SPORT EDITION",false,false,"[PREMIUM]",,,,,,,,"[PREMIUM]"
"66904186","2026-09-03 18:29:16.552","2026-09-08 08:17:57.507","66904186","2026-09-03 17:11:24.000","[PREMIUM]","162","VA - HAMPTON","2026-09-08","TUESDAY","1000","EDT","0","V",2008,"LEXUS","RX350","RX","4DR SPORT UTILITY","SILVER","FRONT END","REAR END","MT","CZ","YES","D",287620,"A","[PREMIUM]",0,"3.5L 6","ALL WHEEL DRIVE","AUTOMATIC","GAS",6,"Run & Drive Verified","On Approval","[PREMIUM]",,"HAMPTON","VA","23666 1525","USA","USD","[PREMIUM]","[PREMIUM]","F100",false,"[PREMIUM]","350",false,false,"[PREMIUM]",,,,,,,,"[PREMIUM]"
"63875466","2026-09-03 18:29:15.582","2026-09-10 14:52:48.982","63875466","2026-09-09 20:00:52.000","[PREMIUM]","855","WHOLESALE AUCTION","2026-09-10","THURSDAY","1200","EDT","6134","V",2019,"HONDA","ACCORD","ACCORD","SEDAN","BLACK","FRONT END","SIDE","WV","CT","YES","E",95860,"A","[PREMIUM]",0,"1.5L 4","FRONT WHEEL DRIVE","AUTOMATIC","GAS",4,"DEFAULT","On Minimum Bid","[PREMIUM]",,"HAMPTON","VA","23666 1525","USA","USD","[PREMIUM]","[PREMIUM]","F100",false,"[PREMIUM]","EX",false,true,"[PREMIUM]",,,,,"RED LIGHT",0,,"[PREMIUM]"
"62802706","2026-09-03 18:29:15.218","2026-09-10 14:52:48.477","62802706","2026-09-10 00:58:38.000","[PREMIUM]","855","WHOLESALE AUCTION","2026-09-10","THURSDAY","1200","EDT","3148","V",2019,"HYUNDAI","ELANTRA","ELANTRA","SEDAN","GRAY","FRONT END",,"WV","CT","YES","D",82053,"A","[PREMIUM]",0,"2.0L 4","FRONT WHEEL DRIVE","AUTOMATIC","GAS",4,"Run & Drive Verified","On Minimum Bid","[PREMIUM]",,"HAMPTON","VA","23666 1525","USA","USD","[PREMIUM]","[PREMIUM]","B130",false,"[PREMIUM]","SEL",false,true,"[PREMIUM]",,,,,"RED LIGHT",2.1,,"[PREMIUM]"
"52297236","2026-09-03 18:29:13.373","2026-09-09 08:48:07.991","52297236","2026-09-08 12:01:01.000","[PREMIUM]","161","MI - KINCHELOE","2026-09-09","WEDNESDAY","1000","EDT","84","V",2019,"FORD","ECOSPORT","ECOSPORT","SPORT UTILITY VEHICLE","WHITE","FRONT END","MECHANICAL","MI","CT","YES","E",123923,"N","[PREMIUM]",10518.38,"2.0L 4","4X4 W/FRONT WHL DRV","AUTOMATIC","GAS",4,"DEFAULT","Pure Sale","[PREMIUM]",,"KINCHELOE","MI","49788 1914","USA","USD","[PREMIUM]","[PREMIUM]","C020",false,"[PREMIUM]","SE",false,false,"[PREMIUM]",,,,,,,,"[PREMIUM]"
"67211036","2026-09-03 18:29:12.357","2026-09-15 23:07:51.134","67211036","2026-09-09 18:53:33.000","[PREMIUM]","159","MI - FLINT","2026-09-16","WEDNESDAY","1000","EDT","0","V",2004,"TOYOTA","RAV4 BASE","RAV4","SUV","SILVER","MECHANICAL",,"MI","CZ","YES","D",187988,"E","[PREMIUM]",0,"2.4L 4","ALL WHEEL DRIVE","AUTOMATIC","GAS",4,"Run & Drive Verified","On Minimum Bid","[PREMIUM]",,"DAVISON","MI","48423 8502","USA","USD","[PREMIUM]","[PREMIUM]","K080",true,"[PREMIUM]","BASE",false,false,"[PREMIUM]",,,,,,,,"[PREMIUM]"
"66731156","2026-09-03 18:29:12.315","2026-09-15 23:07:50.158","66731156","2026-09-08 02:39:21.000","[PREMIUM]","159","MI - FLINT","2026-09-16","WEDNESDAY","1000","EDT","0","V",2013,"FORD","FLEX","FLEX","4DR SPORT UTILITY","BLACK","FRONT END","TOP/ROOF","MI","CT","YES","D",184680,"A","[PREMIUM]",4700,"3.5L 6","ALL WHEEL DRIVE","AUTOMATIC","GAS",6,"Run & Drive Verified","On Minimum Bid","[PREMIUM]",,"DAVISON","MI","48423 8502","USA","USD","[PREMIUM]","[PREMIUM]","B030",false,"[PREMIUM]","SEL",false,false,"[PREMIUM]",,,,,,,,"[PREMIUM]"
"65264586","2026-09-03 18:29:11.954","2026-09-09 08:48:02.808","65264586","2026-09-08 16:34:58.000","[PREMIUM]","159","MI - FLINT","2026-09-09","WEDNESDAY","1000","EDT","71","V",2020,"FORD","EXPLORER","EXPLORER","SPORT UTILITY VEHICLE","GRAY","SIDE","REAR END","MI","CZ","YES","D",92087,"A","[PREMIUM]",0,"2.3L 4","4X4 W/REAR WHEEL DRV","AUTOMATIC","GAS",4,"Run & Drive Verified","On Minimum Bid","[PREMIUM]",,"DAVISON","MI","48423 8502","USA","USD","[PREMIUM]","[PREMIUM]","G030",true,"[PREMIUM]","XLT",false,false,"[PREMIUM]",,,,,,,,"[PREMIUM]"
"65264296","2026-09-03 18:29:11.951","2026-09-15 23:07:47.465","65264296","2026-09-15 11:21:07.000","[PREMIUM]","159","MI - FLINT","2026-09-16","WEDNESDAY","1000","EDT","0","V",2014,"DODGE","DURANGO","DURANGO","4DR SPORT UTILITY","SILVER","FRONT END","SIDE","MI","CZ","YES","S",189726,"A","[PREMIUM]",0,"3.6L 6","ALL WHEEL DRIVE","AUTOMATIC","FLEXIBLE",6,"Vehicle Starts","On Minimum Bid","[PREMIUM]",,"DAVISON","MI","48423 8502","USA","USD","[PREMIUM]","[PREMIUM]","H070",true,"[PREMIUM]","LIMITED",false,false,"[PREMIUM]",,,,,,,,"[PREMIUM]"
"65263936","2026-09-03 18:29:11.946","2026-09-15 23:07:47.502","65263936","2026-09-15 11:20:48.000","[PREMIUM]","159","MI - FLINT","2026-09-16","WEDNESDAY","1000","EDT","0","V",2013,"FORD","F150","F150","4DR EXT CAB PICKUP","WHITE","MECHANICAL","MINOR DENT/SCRATCHES","MI","CZ","YES","E",189361,"A","[PREMIUM]",0,"3.5L 6","4X4 W/REAR WHEEL DRV","AUTOMATIC","GAS",6,"DEFAULT","On Minimum Bid","[PREMIUM]",,"DAVISON","MI","48423 8502","USA","USD","[PREMIUM]","[PREMIUM]","P070",true,"[PREMIUM]","SUPER CAB",false,false,"[PREMIUM]",,,,,,,,"[PREMIUM]"
"65264056","2026-09-03 18:29:11.945","2026-09-15 23:07:47.459","65264056","2026-09-15 11:21:00.000","[PREMIUM]","159","MI - FLINT","2026-09-16","WEDNESDAY","1000","EDT","0","V",2017,"DODGE","DURANGO","DURANGO","4DR SPORT UTILITY","BLACK","SIDE",,"MI","CZ","NO","E",0,"N","[PREMIUM]",0,"5.7L 8","ALL WHEEL DRIVE","AUTOMATIC","GAS",8,"DEFAULT","On Minimum Bid","[PREMIUM]",,"DAVISON","MI","48423 8502","USA","USD","[PREMIUM]","[PREMIUM]","H070",true,"[PREMIUM]","R/T",false,false,"[PREMIUM]",,,,,,,,"[PREMIUM]"
"65265036","2026-09-03 18:29:11.942","2026-09-15 23:07:47.485","65265036","2026-09-15 11:21:12.000","[PREMIUM]","159","MI - FLINT","2026-09-16","WEDNESDAY","1000","EDT","0","V",2016,"BMW","X3","X3","4DR SPORT UTILITY","SILVER","MECHANICAL","MINOR DENT/SCRATCHES","MI","CZ","YES","E",86774,"A","[PREMIUM]",0,"2.0L 4","ALL WHEEL DRIVE","AUTOMATIC","GAS",4,"DEFAULT","On Minimum Bid","[PREMIUM]",,"DAVISON","MI","48423 8502","USA","USD","[PREMIUM]","[PREMIUM]","F040",true,"[PREMIUM]","XDRIVE28I",false,false,"[PREMIUM]",,,,,,,,"[PREMIUM]"
"65263676","2026-09-03 18:29:11.938","2026-09-15 23:07:47.454","65263676","2026-09-15 11:20:32.000","[PREMIUM]","159","MI - FLINT","2026-09-16","WEDNESDAY","1000","EDT","0","V",2018,"LAND ROVER","DISCOVERY","DISCOVERY","SPORT UTILITY VEHICLE","GRAY","MINOR DENT/SCRATCHES",,"MI","CZ","NO","E",93142,"A","[PREMIUM]",0,"3.0L 6","ALL WHEEL DRIVE","AUTOMATIC","GAS",6,"DEFAULT","On Minimum Bid","[PREMIUM]",,"DAVISON","MI","48423 8502","USA","USD","[PREMIUM]","[PREMIUM]","K030",true,"[PREMIUM]","HSE",false,false,"[PREMIUM]",,,,,,,,"[PREMIUM]"
"62861136","2026-09-03 18:29:10.817","2026-09-15 23:07:42.536","62861136","2026-09-04 20:04:11.000","[PREMIUM]","159","MI - FLINT","2026-09-16","WEDNESDAY","1000","EDT","0","V",2019,"JEEP","CHEROKEE","GRAND CHEROKEE","SPORT UTILITY VEHICLE","SILVER","REAR END","FRONT END","MI","CT","YES","D",87796,"A","[PREMIUM]",26703,"3.6L 6","4X4 W/REAR WHEEL DRV","AUTOMATIC","FLEXIBLE",6,"Run & Drive Verified","On Minimum Bid","[PREMIUM]",,"DAVISON","MI","48423 8502","USA","USD","[PREMIUM]","[PREMIUM]","J090",false,"[PREMIUM]","LIMITED",false,false,"[PREMIUM]",,,,,,,,"[PREMIUM]"
"48577256","2026-09-03 18:29:07.514","2026-09-15 23:07:32.360","48577256","2026-09-04 20:03:46.000","[PREMIUM]","159","MI - FLINT","2026-09-16","WEDNESDAY","1000","EDT","0","V",2011,"TOYOTA","CAMRY","CAMRY","SEDAN","WHITE","SIDE","REAR END","MI","CT","YES","D",180546,"A","[PREMIUM]",5148.92,"2.5L 4","FRONT WHEEL DRIVE","AUTOMATIC","GAS",4,"Run & Drive Verified","Pure Sale","[PREMIUM]",,"DAVISON","MI","48423 8502","USA","USD","[PREMIUM]","[PREMIUM]","D050",false,"[PREMIUM]","LE",false,false,"[PREMIUM]",,,,,,,,"[PREMIUM]"
"67559956","2026-09-03 18:29:05.162","2026-09-10 14:52:14.386","67559956","2026-09-09 14:09:51.000","[PREMIUM]","155","NH - CANDIA","2026-09-10","THURSDAY","1000","EDT","57","V",2012,"TOYOTA","RAV4","RAV4","SUV","GOLD","SIDE","REAR END","NH","CT","YES","D",213418,"A","[PREMIUM]",0,"2.5L 4","FOUR BY FOUR","AUTOMATIC","GAS",4,"Run & Drive Verified","On Minimum Bid","[PREMIUM]",,"CANDIA","NH","03034 2111","USA","USD","[PREMIUM]","[PREMIUM]","I020",false,"[PREMIUM]","BASE",false,false,"[PREMIUM]",,,,,,,,"[PREMIUM]"
"67254386","2026-09-03 18:29:05.126","2026-09-11 17:23:37.666","67254386","2026-09-11 12:14:56.000","[PREMIUM]","155","NH - CANDIA","2026-09-17","THURSDAY","1000","EDT","0","V",2012,"BMW","3 SERIES","328","COUPE","GRAY","MECHANICAL",,"NH","CT","YES","D",168097,"A","[PREMIUM]",0,"3.0L 6","ALL WHEEL DRIVE","AUTOMATIC","GAS",6,"Run & Drive Verified","On Minimum Bid","[PREMIUM]",,"CANDIA","NH","03034 2111","USA","USD","[PREMIUM]","[PREMIUM]","J020",true,"[PREMIUM]","XI",false,false,"[PREMIUM]",,,,,,,,"[PREMIUM]"
"63141026","2026-09-03 18:28:59.158","2026-09-15 23:07:01.876","63141026","2026-09-15 12:04:52.000","[PREMIUM]","154","NC - MEBANE","2026-09-23","WEDNESDAY","1000","EDT","0","V",2019,"FORD","EDGE","EDGE","SPORT UTILITY VEHICLE","WHITE","FRONT END","SIDE","NC","SC","YES","D",132816,"A","[PREMIUM]",9823.55,"2.0L 4","FRONT WHEEL DRIVE","AUTOMATIC","GAS",4,"Run & Drive Verified","Pure Sale","[PREMIUM]",,"MEBANE","NC","27302 9437","USA","USD","[PREMIUM]","[PREMIUM]","2SA50",false,"[PREMIUM]","SEL",false,false,"[PREMIUM]",,,,,,,,"[PREMIUM]"
"62207006","2026-09-03 18:28:58.870","2026-09-15 23:07:01.014","62207006","2026-09-15 12:39:49.000","[PREMIUM]","154","NC - MEBANE","2026-09-23","WEDNESDAY","1000","EDT","0","V",2015,"NISSAN","ROGUE","ROGUE","WAGON","WHITE","SIDE","MINOR DENT/SCRATCHES","NC","SC","YES","D",150833,"A","[PREMIUM]",6306,"2.5L 4","ALL WHEEL DRIVE","AUTOMATIC","GAS",4,"Run & Drive Verified","Pure Sale","[PREMIUM]",,"MEBANE","NC","27302 9437","USA","USD","[PREMIUM]","[PREMIUM]","E110",false,"[PREMIUM]","SV",false,false,"[PREMIUM]",,,,,,,,"[PREMIUM]"
"53688406","2026-09-03 18:28:57.971","2026-09-15 23:06:58.142","53688406","2026-09-14 19:49:52.000","[PREMIUM]","154","NC - MEBANE","2026-09-16","WEDNESDAY","1000","EDT","0","V",2019,"TOYOTA","HIGHLANDER","HIGHLANDER","SUV","BLACK","SIDE","FRONT END","WV","SC","YES","D",93411,"N","[PREMIUM]",14309,"3.5L 6","FRONT WHEEL DRIVE","AUTOMATIC","GAS",6,"Run & Drive Verified","Pure Sale","[PREMIUM]",,"MEBANE","NC","27302 9437","USA","USD","[PREMIUM]","[PREMIUM]","G110",false,"[PREMIUM]","XLE",false,false,"[PREMIUM]",,,,,,,,"[PREMIUM]"
"67495046","2026-09-03 18:28:57.562","2026-09-14 09:28:21.123","67495046","2026-09-14 08:00:18.000","[PREMIUM]","153","FL - ORLANDO NORTH","2026-09-14","MONDAY","1000","EDT","2327","V",2026,"NISSAN","SENTRA","SENTRA","SEDAN","BLACK","FRONT END",,"TN","CT","YES","D",1751,"A","[PREMIUM]",0,"2.0L 4","FRONT WHEEL DRIVE","AUTOMATIC","GAS",4,"Run & Drive Verified","On Minimum Bid","[PREMIUM]",,"APOPKA","FL","32712 5870","USA","USD","[PREMIUM]","[PREMIUM]","C140",true,"[PREMIUM]","SR",false,false,"[PREMIUM]",,,,,,,,"[PREMIUM]"
"67170316","2026-09-03 18:28:54.585","2026-09-10 14:51:40.333","67170316","2026-09-10 13:00:10.000","[PREMIUM]","151","CA - ANTELOPE","2026-09-10","THURSDAY","1200","PDT","105","V",2017,"INFINITI","QX60","QX60","SUV","WHITE","SIDE","REAR END","CA","SC","YES","D",127434,"A","[PREMIUM]",9355.29,"3.5L 6","ALL WHEEL DRIVE","AUTOMATIC","GAS",6,"Run & Drive Verified","Pure Sale","[PREMIUM]",,"ANTELOPE","CA","95843 3930","USA","USD","[PREMIUM]","[PREMIUM]","B001",false,"[PREMIUM]","BASE",false,false,"[PREMIUM]",,,,,,,,"[PREMIUM]"
"65273176","2026-09-03 18:28:53.983","2026-09-04 18:32:08.816","65273176","2026-09-03 17:33:29.000","[PREMIUM]","151","CA - ANTELOPE","2026-09-08","TUESDAY","1200","PDT","0","V",2021,"DODGE","CHALLENGER","CHALLENGER","COUPE","BLACK","MINOR DENT/SCRATCHES",,"CA","DV","YES","E",76244,"A","[PREMIUM]",0,"5.7L 8","REAR WHEEL DRIVE","AUTOMATIC","GAS",8,"DEFAULT","On Minimum Bid","[PREMIUM]",,"ANTELOPE","CA","95843 3930","USA","USD","[PREMIUM]","[PREMIUM]","C006",true,"[PREMIUM]","R/T",false,false,"[PREMIUM]",,,,,,,,"[PREMIUM]"
"74595275","2026-09-03 18:28:52.170","2026-09-15 14:28:06.964","74595275","2026-09-14 20:01:57.000","[PREMIUM]","855","WHOLESALE AUCTION","2026-09-15","TUESDAY","1200","EDT","6594","K",2020,"RAM","PROMASTER","PROMASTER 3500","VAN CARGO","BLUE","TOP/ROOF","FRONT END","CT","CT","YES","D",72709,"A","[PREMIUM]",3329,"3.6L 6","FRONT WHEEL DRIVE","AUTOMATIC","FLEXIBLE",6,"Run & Drive Verified","On Minimum Bid","[PREMIUM]",,"WEST WARREN","MA","01092","USA","USD","[PREMIUM]","[PREMIUM]","FL050",true,"[PREMIUM]",,false,true,"[PREMIUM]",,,,,"RED LIGHT",2.3,"Maintenance,Safety,Other,Emission","[PREMIUM]"
"66893126","2026-09-03 18:28:52.112","2026-09-09 08:47:02.642","66893126","2026-09-08 14:20:04.000","[PREMIUM]","149","MA - WEST WARREN","2026-09-09","WEDNESDAY","1000","EDT","2007","V",2012,"CHEVROLET","TRAVERSE","TRAVERSE","4DR SPORT UTILITY","BLUE","REAR END",,"MA","RS","YES","D",0,"N","[PREMIUM]",4897.91,"3.6L 6","ALL WHEEL DRIVE","AUTOMATIC","GAS",6,"Run & Drive Verified","Pure Sale","[PREMIUM]",,"WEST WARREN","MA","01092","USA","USD","[PREMIUM]","[PREMIUM]","D020",false,"[PREMIUM]","LS",false,false,"[PREMIUM]",,,,,,,,"[PREMIUM]"
"66395676","2026-09-03 18:28:52.019","2026-09-09 08:47:02.402","66395676","2026-09-08 14:20:04.000","[PREMIUM]","149","MA - WEST WARREN","2026-09-09","WEDNESDAY","1000","EDT","15","V",2013,"VOLVO","S60","S60","SEDAN 4DR","GRAY","FRONT END",,"MA","RS","YES","D",158025,"A","[PREMIUM]",4751,"2.5L 5","FRONT WHEEL DRIVE","AUTOMATIC","GAS",5,"Run & Drive Verified","Pure Sale","[PREMIUM]",,"WEST WARREN","MA","01092","USA","USD","[PREMIUM]","[PREMIUM]","A020",false,"[PREMIUM]","T5",false,false,"[PREMIUM]",,,,,,,,"[PREMIUM]"
"66191836","2026-09-03 18:28:51.984","2026-09-09 08:47:02.165","66191836","2026-09-08 14:20:04.000","[PREMIUM]","149","MA - WEST WARREN","2026-09-09","WEDNESDAY","1000","EDT","2001","V",2011,"HONDA","CRV","CR-V","4DR SPORT UTILITY","BLUE","REAR END","FRONT END","MA","RS","YES","D",245459,"A","[PREMIUM]",13183,"2.4L 4","ALL WHEEL DRIVE","AUTOMATIC","GAS",4,"Run & Drive Verified","Pure Sale","[PREMIUM]",,"WEST WARREN","MA","01092","USA","USD","[PREMIUM]","[PREMIUM]","C030",false,"[PREMIUM]","SE",false,false,"[PREMIUM]",,,,,,,,"[PREMIUM]"
"66018466","2026-09-03 18:28:51.938","2026-09-15 14:28:04.618","66018466","2026-09-14 20:01:56.000","[PREMIUM]","855","WHOLESALE AUCTION","2026-09-15","TUESDAY","1200","EDT","6533","K",2020,"FORD","TRANSIT","TRANSIT","VAN CARGO","BLUE","REAR END","SIDE","CT","CT","YES","D",130292,"A","[PREMIUM]",13424,"3.5L 6","REAR WHEEL DRIVE","AUTOMATIC","GAS",6,"Run & Drive Verified","On Minimum Bid","[PREMIUM]",,"WEST WARREN","MA","01092","USA","USD","[PREMIUM]","[PREMIUM]","B060",true,"[PREMIUM]","T-250",false,true,"[PREMIUM]",,,,,"RED LIGHT",1.8,,"[PREMIUM]"
"65391976","2026-09-03 18:28:51.814","2026-09-15 14:28:04.117","65391976","2026-09-14 20:15:45.000","[PREMIUM]","855","WHOLESALE AUCTION","2026-09-15","TUESDAY","1200","EDT","4197","K",2021,"RAM","PROMASTER","PROMASTER 3500","VAN CARGO","BLUE","SIDE",,"NH","CT","YES","D",75925,"A","[PREMIUM]",9818,"3.6L 6","FRONT WHEEL DRIVE","AUTOMATIC","FLEXIBLE",6,"Run & Drive Verified","On Minimum Bid","[PREMIUM]",,"WEST WARREN","MA","01092","USA","USD","[PREMIUM]","[PREMIUM]","F050",true,"[PREMIUM]",,false,true,"[PREMIUM]",,,,,"RED LIGHT",2.9,,"[PREMIUM]"
"63837066","2026-09-03 18:28:51.522","2026-09-09 08:47:00.653","63837066","2026-09-08 14:20:04.000","[PREMIUM]","149","MA - WEST WARREN","2026-09-09","WEDNESDAY","1000","EDT","16","V",2013,"HYUNDAI","SONATA","SONATA","SEDAN 4DR","GRAY","SIDE",,"MA","RS","YES","D",69555,"A","[PREMIUM]",6079,"2.4L 4","FRONT WHEEL DRIVE","AUTOMATIC","GAS",4,"Run & Drive Verified","Pure Sale","[PREMIUM]",,"WEST WARREN","MA","01092","USA","USD","[PREMIUM]","[PREMIUM]","B020",false,"[PREMIUM]","GLS",false,false,"[PREMIUM]",,,,,,,,"[PREMIUM]"
"59683476","2026-09-03 18:28:51.146","2026-09-09 08:46:58.835","59683476","2026-09-08 14:20:04.000","[PREMIUM]","149","MA - WEST WARREN","2026-09-09","WEDNESDAY","1000","EDT","24","V",2014,"TOYOTA","CAMRY","CAMRY","SEDAN","SILVER","FRONT END",,"MA","RS","YES","D",229360,"A","[PREMIUM]",5847.06,"2.5L 4","FRONT WHEEL DRIVE","AUTOMATIC","GAS",4,"Run & Drive Verified","Pure Sale","[PREMIUM]",,"WEST WARREN","MA","01092","USA","USD","[PREMIUM]","[PREMIUM]","A010",false,"[PREMIUM]","XLE",false,false,"[PREMIUM]",,,,,,,,"[PREMIUM]"
"55024346","2026-09-03 18:28:50.866","2026-09-15 23:06:35.556","55024346","2026-09-15 18:05:06.000","[PREMIUM]","149","MA - WEST WARREN","2026-09-16","WEDNESDAY","1000","EDT","2026","V",2024,"HYUNDAI","VENUE","VENUE","WAGON","RED","MECHANICAL",,"MA","ST","YES","D",3925,"A","[PREMIUM]",15118,"1.6L 4","FRONT WHEEL DRIVE","AUTOMATIC","GAS",4,"Run & Drive Verified","On Minimum Bid","[PREMIUM]",,"WEST WARREN","MA","01092","USA","USD","[PREMIUM]","[PREMIUM]","E010",false,"[PREMIUM]","SEL",false,false,"[PREMIUM]",,,,,,,,"[PREMIUM]"
"66007016","2026-09-03 18:28:50.353","2026-09-08 08:16:39.721","66007016","2026-09-07 20:01:21.000","[PREMIUM]","855","WHOLESALE AUCTION","2026-09-08","TUESDAY","1200","EDT","6452","V",2017,"HYUNDAI","SANTA FE","SANTA FE SPORT","SUV","WHITE","MECHANICAL","MINOR DENT/SCRATCHES","FL","CT","YES","D",187388,"A","[PREMIUM]",0,"2.0L 4","FRONT WHEEL DRIVE","AUTOMATIC","GAS",4,"Run & Drive Verified","On Approval","[PREMIUM]",,"HOMESTEAD","FL","33032 3801","USA","USD","[PREMIUM]","[PREMIUM]","FF060",false,"[PREMIUM]","2.0T",false,true,"[PREMIUM]",,,,,"RED LIGHT",3.5,"Safety,Other,Emission","[PREMIUM]"
"66684626","2026-09-03 18:28:49.037","2026-09-15 23:06:25.553","66684626","2026-09-14 19:52:31.000","[PREMIUM]","146","GA - ATLANTA SOUTH","2026-09-17","THURSDAY","1000","EDT","0","V",2016,"HONDA","ACCORD","ACCORD","COUPE","RED","FRONT END","SIDE","GA","ST","YES","D",197707,"A","[PREMIUM]",8894.82,"2.4L 4","FRONT WHEEL DRIVE","AUTOMATIC","GAS",4,"Run & Drive Verified","Pure Sale","[PREMIUM]",,"ELLENWOOD","GA","30294 2655","USA","USD","[PREMIUM]","[PREMIUM]","J060",false,"[PREMIUM]","EXL",false,false,"[PREMIUM]",,,,,,,,"[PREMIUM]"
"66783806","2026-09-03 18:28:48.957","2026-09-10 14:51:21.944","66783806","2026-09-10 13:37:14.000","[PREMIUM]","146","GA - ATLANTA SOUTH","2026-09-10","THURSDAY","1000","EDT","114","V",2006,"TOYOTA","AVALON","AVALON","SEDAN","GRAY","FRONT END",,"MT","CT","YES","D",196355,"E","[PREMIUM]",0,"3.5L 6","FRONT WHEEL DRIVE","AUTOMATIC","GAS",6,"Run & Drive Verified","On Minimum Bid","[PREMIUM]",,"ELLENWOOD","GA","30294 2655","USA","USD","[PREMIUM]","[PREMIUM]","E060",false,"[PREMIUM]","LIMITED",false,false,"[PREMIUM]",,,,,,,,"[PREMIUM]"
"66311856","2026-09-03 18:28:48.848","2026-09-10 14:51:21.188","66311856","2026-09-08 17:18:04.000","[PREMIUM]","146","GA - ATLANTA SOUTH","2026-09-10","THURSDAY","1000","EDT","51","V",2019,"HYUNDAI","ACCENT","ACCENT","SEDAN","BLACK","MECHANICAL",,"MT","CT","YES","E",139190,"A","[PREMIUM]",0,"1.6L 4","FRONT WHEEL DRIVE","AUTOMATIC","GAS",4,"DEFAULT","On Minimum Bid","[PREMIUM]",,"ELLENWOOD","GA","30294 2655","USA","USD","[PREMIUM]","[PREMIUM]","M050",false,"[PREMIUM]","SEL",false,false,"[PREMIUM]",,,,,,,,"[PREMIUM]"
"66112616","2026-09-03 18:28:48.797","2026-09-08 08:16:33.110","66112616","2026-09-07 20:15:29.000","[PREMIUM]","855","WHOLESALE AUCTION","2026-09-08","TUESDAY","1200","EDT","4219","V",2023,"FORD","F150","F150","PICKUP","WHITE","FRONT END","MECHANICAL","GA","CT","YES","D",61410,"A","[PREMIUM]",7695,"3.3L 6","REAR WHEEL DRIVE","AUTOMATIC","GAS",6,"Run & Drive Verified","On Approval","[PREMIUM]",,"ELLENWOOD","GA","30294 2655","USA","USD","[PREMIUM]","[PREMIUM]","F110",false,"[PREMIUM]",,false,true,"[PREMIUM]",,,,,"RED LIGHT",2.7,"Safety,Other","[PREMIUM]"
"58808166","2026-09-03 18:28:45.609","2026-09-15 23:06:17.970","58808166","2026-09-14 17:44:16.000","[PREMIUM]","146","GA - ATLANTA SOUTH","2026-09-17","THURSDAY","1000","EDT","49","V",2021,"HYUNDAI","SONATA","SONATA","SEDAN","SILVER","FRONT END","SIDE","GA","ST","YES","D",31291,"A","[PREMIUM]",0,"2.5L 4","FRONT WHEEL DRIVE","AUTOMATIC","GAS",4,"Run & Drive Verified","Pure Sale","[PREMIUM]",,"ELLENWOOD","GA","30294 2655","USA","USD","[PREMIUM]","[PREMIUM]","F020",false,"[PREMIUM]","SEL",false,false,"[PREMIUM]",,,,,,,,"[PREMIUM]"
"67157916","2026-09-03 18:28:44.304","2026-09-11 17:22:29.621","67157916","2026-09-10 21:18:20.000","[PREMIUM]","145","AL - MONTGOMERY","2026-09-17","THURSDAY","1200","CDT","0","V",2007,"TOYOTA","YARIS","YARIS","HATCHBACK","WHITE","MINOR DENT/SCRATCHES",,"GA","CT","YES","S",656339,"A","[PREMIUM]",0,"1.5L 4","FRONT WHEEL DRIVE","AUTOMATIC","GAS",4,"Vehicle Starts","On Minimum Bid","[PREMIUM]",,"MONTGOMERY","AL","36116 6553","USA","USD","[PREMIUM]","[PREMIUM]","B060",true,"[PREMIUM]","BASE",false,false,"[PREMIUM]",,,,,,,,"[PREMIUM]"
"65214076","2026-09-03 18:28:39.603","2026-09-16 20:18:32.285","65214076","2026-09-16 19:00:32.000","[PREMIUM]","855","WHOLESALE AUCTION","2026-09-22","TUESDAY","1200","EDT","0","K",2020,"FORD","TRANSIT","TRANSIT 250","VAN CARGO","BLUE","REAR END",,"NC","CT","YES","D",185136,"A","[PREMIUM]",6312,"3.5L 6","REAR WHEEL DRIVE","AUTOMATIC","GAS",6,"Run & Drive Verified","On Approval","[PREMIUM]",,"SPARTANBURG","SC","29301 5944","USA","USD","[PREMIUM]","[PREMIUM]","Z010",false,"[PREMIUM]",,false,true,"[PREMIUM]",,,,,"RED LIGHT",2.9,"Emission","[PREMIUM]"
"63936936","2026-09-03 18:28:38.343","2026-09-03 18:28:38.343","63936936","2026-09-03 17:12:25.000","[PREMIUM]","144","SC - SPARTANBURG",,,,"EDT","0","V",2020,"NISSAN","ALTIMA","ALTIMA",,"WHITE","FRONT END","UNDERCARRIAGE","SC","ST","YES","S",122820,"A","[PREMIUM]",12204.4,"2.5L  4","Front-wheel Drive",,"GAS",4,"Vehicle Starts","On Approval","[PREMIUM]",,"SPARTANBURG","SC","29301 5944","USA","USD","[PREMIUM]","[PREMIUM]","E110",false,"[PREMIUM]","S",false,false,"[PREMIUM]",,,,,,,,"[PREMIUM]"
"63488116","2026-09-03 18:28:37.933","2026-09-15 23:05:53.747","63488116","2026-09-03 17:12:25.000","[PREMIUM]","144","SC - SPARTANBURG",,,,"EDT","0","V",2016,"FORD","ESCAPE","ESCAPE","4DR SPORT UTILITY","BLACK","FRONT END","SIDE","SC","ST","EXM","E",0,"N","[PREMIUM]",7285,"2.5L 4","FRONT WHEEL DRIVE","AUTOMATIC","GAS",4,"DEFAULT","On Approval","[PREMIUM]",,"SPARTANBURG","SC","29301 5944","USA","USD","[PREMIUM]","[PREMIUM]","J110",false,"[PREMIUM]","S",false,false,"[PREMIUM]",,,,,,,,"[PREMIUM]"
"58947856","2026-09-03 18:28:36.231","2026-09-15 23:05:49.729","58947856","2026-09-03 17:12:25.000","[PREMIUM]","144","SC - SPARTANBURG",,,,"EDT","0","V",2008,"CHRYSLER","300","300",,"SILVER","SIDE",,"SC","ST","NO","E",0,"E","[PREMIUM]",3152.47,"3.5L  6","Rear-wheel drive","AUTOMATIC","GAS",6,"DEFAULT","On Approval","[PREMIUM]",,"SPARTANBURG","SC","29301 5944","USA","USD","[PREMIUM]","[PREMIUM]","J080",false,"[PREMIUM]","TOURING",false,false,"[PREMIUM]",,,,,,,,"[PREMIUM]"
"66648036","2026-09-03 18:28:31.115","2026-09-09 08:46:01.918","66648036","2026-09-08 11:42:42.000","[PREMIUM]","142","PA - SCRANTON","2026-09-09","WEDNESDAY","1000","EDT","2059","V",2019,"VOLVO","XC90","XC90","SPORT UTILITY VEHICLE","BLACK","FRONT END","REAR END","PA","SC","YES","E",0,"N","[PREMIUM]",28824.18,"2.0L 4","ALL WHEEL DRIVE","AUTOMATIC","GAS",4,"DEFAULT","Pure Sale","[PREMIUM]",,"DURYEA","PA","18642 1922","USA","USD","[PREMIUM]","[PREMIUM]","E020",false,"[PREMIUM]","T6 MOMENTUM",false,false,"[PREMIUM]",,,,,,,,"[PREMIUM]"
"65347066","2026-09-03 18:28:30.907","2026-09-09 08:46:00.956","65347066","2026-09-08 11:42:41.000","[PREMIUM]","142","PA - SCRANTON","2026-09-09","WEDNESDAY","1000","EDT","80","V",2011,"JEEP","CHEROKEE","GRAND CHEROKEE","4DR SPORT UTILITY","CHARCOAL","FRONT END","SIDE","PA","SC","YES","D",163352,"A","[PREMIUM]",5772.21,"3.6L 6","4X4 W/REAR WHEEL DRV","AUTOMATIC","FLEXIBLE",6,"Run & Drive Verified","Pure Sale","[PREMIUM]",,"DURYEA","PA","18642 1922","USA","USD","[PREMIUM]","[PREMIUM]","E020",false,"[PREMIUM]","LAREDO",false,false,"[PREMIUM]",,,,,,,,"[PREMIUM]"
"64795406","2026-09-03 18:28:30.808","2026-09-16 03:25:00.577","64795406","2026-09-15 14:53:41.000","[PREMIUM]","142","PA - SCRANTON",,,,"EDT","0","V",2018,"FORD","TAURUS","TAURUS","SEDAN","BLACK","FRONT END",,"PA","SC","NO","E",0,"N","[PREMIUM]",10703.26,"3.7L 6","ALL WHEEL DRIVE","AUTOMATIC","GAS",6,"DEFAULT","Pure Sale","[PREMIUM]",,"DURYEA","PA","18642 1922","USA","USD","[PREMIUM]","[PREMIUM]","D010",false,"[PREMIUM]","POLICE INTERCEPTOR",false,false,"[PREMIUM]",,,,,,,,"[PREMIUM]"
"64857376","2026-09-03 18:28:17.838","2026-09-15 23:04:54.876","64857376","2026-09-09 18:27:17.000","[PREMIUM]","835","MEDIUM DUTY SPECIALTY SALE","2026-09-16","WEDNESDAY","1100","CDT","0","K",2021,"FORD","ALL Models","TRANSIT","CUTAWAY","BLUE","FRONT END","SIDE","AL","ST","YES","E",109615,"A","[PREMIUM]",31382,"3.5L 6","REAR WHEEL DRIVE","AUTOMATIC","GAS",6,"DEFAULT","On Minimum Bid","[PREMIUM]",,"HUEYTOWN","AL","35023 2868","USA","USD","[PREMIUM]","[PREMIUM]","1HVY6",true,"[PREMIUM]",,false,false,"[PREMIUM]",,,,,,,,"[PREMIUM]"
"65830456","2026-09-03 18:28:02.685","2026-09-08 08:14:42.016","65830456","2026-09-07 20:01:21.000","[PREMIUM]","855","WHOLESALE AUCTION","2026-09-08","TUESDAY","1200","EDT","189","V",2020,"CHEVROLET","MALIBU","MALIBU","SEDAN","BLACK","MINOR DENT/SCRATCHES",,"CA","DV","YES","D",59905,"A","[PREMIUM]",0,"1.5L 4","FRONT WHEEL DRIVE","AUTOMATIC","GAS",4,"Run & Drive Verified","Pure Sale","[PREMIUM]",,"NORTH LAS VEGAS","NV","89032","USA","USD","[PREMIUM]","[PREMIUM]","F010",false,"[PREMIUM]","LS",false,true,"[PREMIUM]",,,,,"GREEN LIGHT",3.8,,"[PREMIUM]"
"61301826","2026-09-03 18:27:58.455","2026-09-16 02:31:12.812","61301826","2026-09-14 22:33:42.000","[PREMIUM]","130","DE - SEAFORD","2026-09-22","TUESDAY","1000","EDT","0","V",2020,"MERCEDES-BENZ","GLE-CLASS","GLE","SPORT UTILITY VEHICLE","GRAY","FRONT END",,"ID","SC","YES","E",55247,"A","[PREMIUM]",31510,"2.0L 4","ALL WHEEL DRIVE","AUTOMATIC","GAS",4,"DEFAULT","Pure Sale","[PREMIUM]",,"SEAFORD","DE","19973 6329","USA","USD","[PREMIUM]","[PREMIUM]","E010",false,"[PREMIUM]","350 4MATIC",false,false,"[PREMIUM]",,,,,,,,"[PREMIUM]"
"58305366","2026-09-03 18:27:57.674","2026-09-16 23:02:39.124","58305366","2026-09-11 19:58:32.000","[PREMIUM]","130","DE - SEAFORD","2026-09-22","TUESDAY","1000","EDT","0","V",2016,"NISSAN","ALTIMA","ALTIMA","SEDAN","BROWN","REAR END","SIDE","ID","SC","YES","D",189203,"A","[PREMIUM]",5992,"2.5L 4","FRONT WHEEL DRIVE","AUTOMATIC","GAS",4,"Run & Drive Verified","Pure Sale","[PREMIUM]",,"SEAFORD","DE","19973 6329","USA","USD","[PREMIUM]","[PREMIUM]","G100",false,"[PREMIUM]","2.5 S",false,false,"[PREMIUM]",,,,,,,,"[PREMIUM]"
"67834226","2026-09-03 18:27:54.325","2026-09-08 08:14:18.717","67834226","2026-09-04 20:01:28.000","[PREMIUM]","127","PA - YORK HAVEN","2026-09-08","TUESDAY","1000","EDT","2502","V",2023,"KIA","FORTE","FORTE","SEDAN","WHITE","FRONT END","TOP/ROOF","PA","SD","YES","S",77279,"A","[PREMIUM]",0,"2L 4","FRONT WHEEL DRIVE","AUTOMATIC","GAS",4,"Vehicle Starts","On Approval","[PREMIUM]",,"YORK HAVEN","PA","17370 9787","USA","USD","[PREMIUM]","[PREMIUM]","G050",false,"[PREMIUM]","GT LINE",false,false,"[PREMIUM]",,,,,,,,"[PREMIUM]"
"67428116","2026-09-03 18:27:54.305","2026-09-08 08:14:18.584","67428116","2026-09-04 20:01:28.000","[PREMIUM]","127","PA - YORK HAVEN","2026-09-08","TUESDAY","1000","EDT","2257","V",2010,"CHEVROLET","TAHOE","TAHOE","4DR SPORT UTILITY","BURGUNDY","UNDERCARRIAGE",,"PA","CT","YES","D",284852,"A","[PREMIUM]",0,"5.3L 8","4X4 W/REAR WHEEL DRV","AUTOMATIC","FLEXIBLE",8,"Run & Drive Verified","On Minimum Bid","[PREMIUM]",,"YORK HAVEN","PA","17370 9787","USA","USD","[PREMIUM]","[PREMIUM]","H030",true,"[PREMIUM]","K1500 LTZ",false,false,"[PREMIUM]",,,,,,,,"[PREMIUM]"
"66394436","2026-09-03 18:27:54.089","2026-09-08 08:14:17.505","66394436","2026-09-04 20:01:28.000","[PREMIUM]","127","PA - YORK HAVEN","2026-09-08","TUESDAY","1000","EDT","2275","V",2016,"HYUNDAI","TUCSON","TUCSON","SUV","ORANGE","MECHANICAL",,"PA","CT","YES","D",119205,"A","[PREMIUM]",0,"1.6L 4","ALL WHEEL DRIVE","AUTOMATIC","GAS",4,"Run & Drive Verified","On Approval","[PREMIUM]",,"YORK HAVEN","PA","17370 9787","USA","USD","[PREMIUM]","[PREMIUM]","H050",false,"[PREMIUM]","SPORT",false,false,"[PREMIUM]",,,,,,,,"[PREMIUM]"
"66230716","2026-09-03 18:27:53.980","2026-09-08 08:14:17.212","66230716","2026-09-04 20:02:19.000","[PREMIUM]","127","PA - YORK HAVEN","2026-09-08","TUESDAY","1000","EDT","2017","V",2009,"HONDA","ACCORD","ACCORD","SEDAN 4DR","GREEN","MINOR DENT/SCRATCHES",,"MT","CT","YES","E",219807,"E","[PREMIUM]",0,"2.4L 4","FRONT WHEEL DRIVE","AUTOMATIC","GAS",4,"DEFAULT","On Approval","[PREMIUM]",,"YORK HAVEN","PA","17370 9787","USA","USD","[PREMIUM]","[PREMIUM]","H020",false,"[PREMIUM]","EX",false,false,"[PREMIUM]",,,,,,,,"[PREMIUM]"
"66130036","2026-09-03 18:27:53.972","2026-09-15 14:24:54.575","66130036","2026-09-14 20:15:45.000","[PREMIUM]","855","WHOLESALE AUCTION","2026-09-15","TUESDAY","1200","EDT","4220","K",2020,"RAM","PROMASTER","PROMASTER 3500","VAN CARGO","BLUE","FRONT END",,"PA","CT","YES","D",46464,"A","[PREMIUM]",15997,"3.6L 6","FRONT WHEEL DRIVE","AUTOMATIC","FLEXIBLE",6,"Run & Drive Verified","On Minimum Bid","[PREMIUM]",,"YORK HAVEN","PA","17370 9787","USA","USD","[PREMIUM]","[PREMIUM]","Q040",true,"[PREMIUM]","3500 HIGH",false,true,"[PREMIUM]",,,,,"RED LIGHT",2.1,,"[PREMIUM]"
"65213916","2026-09-03 18:27:53.854","2026-09-16 08:15:39.686","65213916","2026-09-12 02:46:27.000","[PREMIUM]","855","WHOLESALE AUCTION","2026-09-17","THURSDAY","1200","EDT","0","K",2020,"RAM","PROMASTER","PROMASTER 3500","VAN CARGO","BLUE","TOP/ROOF","SIDE","PA","CT","YES","D",44636,"A","[PREMIUM]",24459,"3.6L 6","FRONT WHEEL DRIVE","AUTOMATIC","FLEXIBLE",6,"Run & Drive Verified","On Minimum Bid","[PREMIUM]",,"YORK HAVEN","PA","17370 9787","USA","USD","[PREMIUM]","[PREMIUM]","I040",true,"[PREMIUM]","3500 HIGH",false,true,"[PREMIUM]",,,,,"RED LIGHT",1.6,,"[PREMIUM]"
"67643106","2026-09-03 18:27:52.891","2026-09-15 14:24:51.010","67643106","2026-09-11 12:51:44.000","[PREMIUM]","125","MO - COLUMBIA","2026-09-15","TUESDAY","1200","CDT","1149","V",2013,"DODGE","CARAVAN","GRAND CARAVAN","SPORTS VAN","WHITE","MINOR DENT/SCRATCHES",,"MO","CT","YES","E",162493,"A","[PREMIUM]",0,"3.6L 6","FRONT WHEEL DRIVE","AUTOMATIC","FLEXIBLE",6,"DEFAULT","On Minimum Bid","[PREMIUM]",,"COLUMBIA","MO","65201 8826","USA","USD","[PREMIUM]","[PREMIUM]","E030",true,"[PREMIUM]","SE",false,false,"[PREMIUM]",,,,,,,,"[PREMIUM]"
"64333606","2026-09-03 18:27:49.598","2026-09-14 20:22:25.138","64333606","2026-09-10 20:24:48.000","[PREMIUM]","123","NE - LINCOLN","2026-09-15","TUESDAY","1200","CDT","0","V",2015,"JEEP","RENEGADE","RENEGADE","4DR SPORT UTILITY","WHITE","REAR END","FRONT END","IA","ST","YES","E",165080,"A","[PREMIUM]",8892.46,"2.4L 4","4X4 W/FRONT WHL DRV","AUTOMATIC","GAS",4,"DEFAULT","Pure Sale","[PREMIUM]",,"GREENWOOD","NE","68366 1607","USA","USD","[PREMIUM]","[PREMIUM]","GG060",false,"[PREMIUM]","LIMITED",false,false,"[PREMIUM]",,,,,,,,"[PREMIUM]"
"63694696","2026-09-03 18:27:49.329","2026-09-14 20:22:24.463","63694696","2026-09-10 20:22:15.000","[PREMIUM]","123","NE - LINCOLN","2026-09-15","TUESDAY","1200","CDT","0","V",2013,"RAM","1500","1500","CREW PICKUP","BLUE","FRONT END",,"IA","ST","YES","D",123422,"A","[PREMIUM]",13172.38,"5.7L 8","4X4 W/REAR WHEEL DRV","AUTOMATIC","GAS",8,"Run & Drive Verified","Pure Sale","[PREMIUM]",,"GREENWOOD","NE","68366 1607","USA","USD","[PREMIUM]","[PREMIUM]","BB110",false,"[PREMIUM]","SLT",false,false,"[PREMIUM]",,,,,,,,"[PREMIUM]"
"52945546","2026-09-03 18:27:47.319","2026-09-16 23:02:04.142","52945546","2026-09-11 16:59:25.000","[PREMIUM]","122","MT - BILLINGS","2026-09-21","MONDAY","1200","MDT","0","V",2017,"FORD","F150","F150","CREW PICKUP","WHITE","FRONT END","MECHANICAL","WV","SC","YES","D",134615,"A","[PREMIUM]",5128.31,"2.7L 6","4X4 W/REAR WHEEL DRV","AUTOMATIC","GAS",6,"Run & Drive Verified","Pure Sale","[PREMIUM]",,"BILLINGS","MT","59101 7318","USA","USD","[PREMIUM]","[PREMIUM]","D040",false,"[PREMIUM]","SUPERCREW",false,false,"[PREMIUM]",,,,,,,,"[PREMIUM]"
"63864656","2026-09-03 18:27:39.688","2026-09-16 15:22:42.891","63864656","2026-09-15 13:37:49.000","[PREMIUM]","117","FL - TALLAHASSEE","2026-09-18","FRIDAY","1000","EDT","0","V",2025,"TOYOTA","CAMRY","CAMRY","SEDAN","WHITE","REAR END",,"GA","ST","YES","D",62677,"A","[PREMIUM]",27264,"2.5L 4","FRONT WHEEL DRIVE","AUTOMATIC","ELECTRIC AND GAS HYBRID       ",4,"Run & Drive Verified","On Minimum Bid","[PREMIUM]",,"MIDWAY","FL","32343 6677","USA","USD","[PREMIUM]","[PREMIUM]","SA008",false,"[PREMIUM]","SE",false,false,"[PREMIUM]",,,,,,,,"[PREMIUM]"
"62043666","2026-09-03 18:27:39.449","2026-09-16 23:01:44.583","62043666","2026-09-15 14:23:20.000","[PREMIUM]","117","FL - TALLAHASSEE","2026-09-18","FRIDAY","1000","EDT","0","V",2014,"FORD","FUSION","FUSION","SEDAN 4DR","GRAY","FRONT END",,"GA","ST","YES","E",0,"N","[PREMIUM]",4519.11,"2.5L 4","FRONT WHEEL DRIVE","AUTOMATIC","GAS",4,"DEFAULT","Pure Sale","[PREMIUM]",,"MIDWAY","FL","32343 6677","USA","USD","[PREMIUM]","[PREMIUM]","G060",false,"[PREMIUM]","SE",false,false,"[PREMIUM]",,,,,,,,"[PREMIUM]"
"44253645","2026-09-03 18:27:37.924","2026-09-09 08:43:51.644","44253645","2026-09-08 16:19:13.000","[PREMIUM]","116","WA - SPOKANE","2026-09-09","WEDNESDAY","1200","PDT","2529","V",2018,"HONDA","CRV","CR-V",,"WHITE","ALL OVER",,"ID","SC","NO","E",0,"N","[PREMIUM]",19458.75,"1.5L  4","ALL WHEEL DRIVE","AUTOMATIC","GAS",4,"DEFAULT","Pure Sale","[PREMIUM]",,"AIRWAY HEIGHTS","WA","99001 9029","USA","USD","[PREMIUM]","[PREMIUM]","H050",false,"[PREMIUM]","TOURING",false,false,"[PREMIUM]",,,,,,,,"[PREMIUM]"
"66966036","2026-09-03 18:27:37.833","2026-09-16 23:01:40.071","66966036","2026-09-03 17:17:08.000","[PREMIUM]","115","KY - LEXINGTON EAST",,,,"EDT","0","V",2014,"NISSAN","MURANO","MURANO","SUV","GRAY","MINOR DENT/SCRATCHES",,"KY","CT","YES","D",166070,"A","[PREMIUM]",0,"3.5L 6","FRONT WHEEL DRIVE","AUTOMATIC","GAS",6,"Run & Drive Verified","On Minimum Bid","[PREMIUM]",,"LEXINGTON","KY","40509 9458","USA","USD","[PREMIUM]","[PREMIUM]","SU001",false,"[PREMIUM]","S",false,false,"[PREMIUM]",,,,,,,,"[PREMIUM]"
"67918026","2026-09-03 18:27:35.508","2026-09-15 11:01:39.789","67918026","2026-09-15 08:00:15.000","[PREMIUM]","114","TN - KNOXVILLE","2026-09-15","TUESDAY","1000","EDT","822","K",2019,"CHEVROLET","EXPRESS","EXPRESS G2500","VAN CARGO","WHITE","FRONT END",,"TN","SC","YES","E",198776,"A","[PREMIUM]",0,"6.0L 8","REAR WHEEL DRIVE","AUTOMATIC","FLEXIBLE",8,"DEFAULT","On Minimum Bid","[PREMIUM]",,"MADISONVILLE","TN","37354 6763","USA","USD","[PREMIUM]","[PREMIUM]","AA210",true,"[PREMIUM]",,false,false,"[PREMIUM]",,,,,,,,"[PREMIUM]"
"63733126","2026-09-03 18:27:31.675","2026-09-16 23:01:19.920","63733126","2026-09-11 20:24:05.000","[PREMIUM]","113","AK - ANCHORAGE",,,,"AKDT","0","V",2025,"FORD","EXPEDITION","EXPEDITION","SPORT UTILITY VEHICLE","GRAY","FRONT END","SIDE","AK","SB","YES","E",0,"N","[PREMIUM]",61047.21,"3.5L 6","4X4 W/REAR WHEEL DRV","AUTOMATIC","GAS",6,"DEFAULT","Pure Sale","[PREMIUM]",,"ANCHORAGE","AK","99501 3007","USA","USD","[PREMIUM]","[PREMIUM]","H060",false,"[PREMIUM]","TREMOR",false,false,"[PREMIUM]",,,,,,,,"[PREMIUM]"
"67649376","2026-09-03 18:27:31.251","2026-09-10 14:47:19.016","67649376","2026-09-09 17:05:42.000","[PREMIUM]","112","OH - CLEVELAND WEST","2026-09-10","THURSDAY","1000","EDT","38","V",2014,"TOYOTA","AVALON","AVALON","SEDAN","BLACK","REAR END",,"OH","ST","YES","D",119752,"A","[PREMIUM]",3126.7,"3.5L 6","FRONT WHEEL DRIVE","AUTOMATIC","GAS",6,"Run & Drive Verified","Pure Sale","[PREMIUM]",,"COLUMBIA STATION","OH","44028 9176","USA","USD","[PREMIUM]","[PREMIUM]","L110",false,"[PREMIUM]","XLE TOURING",false,false,"[PREMIUM]",,,,,,,,"[PREMIUM]"
"67647936","2026-09-03 18:27:31.235","2026-09-10 14:47:18.961","67647936","2026-09-09 17:05:42.000","[PREMIUM]","112","OH - CLEVELAND WEST","2026-09-10","THURSDAY","1000","EDT","11","V",2004,"HONDA","CRV","CR-V","4DR SPORT UTILITY","SILVER","REAR END","SIDE","OH","ST","YES","D",231285,"A","[PREMIUM]",7659.99,"2.4L 4","ALL WHEEL DRIVE","AUTOMATIC","GAS",4,"Run & Drive Verified","Pure Sale","[PREMIUM]",,"COLUMBIA STATION","OH","44028 9176","USA","USD","[PREMIUM]","[PREMIUM]","R100",false,"[PREMIUM]","EX",false,false,"[PREMIUM]",,,,,,,,"[PREMIUM]"
"66703046","2026-09-03 18:27:31.115","2026-09-10 14:47:18.155","66703046","2026-09-09 17:05:42.000","[PREMIUM]","112","OH - CLEVELAND WEST","2026-09-10","THURSDAY","1000","EDT","1104","V",2014,"CHEVROLET","MALIBU","MALIBU","SEDAN 4DR","CHARCOAL","FRONT END","REAR END","OH","ST","YES","E",25126,"A","[PREMIUM]",12905.41,"2.5L 4","FRONT WHEEL DRIVE","AUTOMATIC","GAS",4,"DEFAULT","Pure Sale","[PREMIUM]",,"COLUMBIA STATION","OH","44028 9176","USA","USD","[PREMIUM]","[PREMIUM]","J060",false,"[PREMIUM]","1LT",false,false,"[PREMIUM]",,,,,,,,"[PREMIUM]"
"64755246","2026-09-03 18:27:30.566","2026-09-14 05:01:39.164","64755246","2026-09-12 03:00:01.000","[PREMIUM]","855","WHOLESALE AUCTION","2026-09-15","TUESDAY","1200","EDT","0","V",2019,"CHEVROLET","ALL Models","SILVERADO LD","PICKUP","MAROON","MECHANICAL","MINOR DENT/SCRATCHES","WV","CT","YES","E",140776,"A","[PREMIUM]",0,"5.3L 8","4X4 W/REAR WHEEL DRV","AUTOMATIC","GAS",8,"DEFAULT","On Minimum Bid","[PREMIUM]",,"COLUMBIA STATION","OH","44028 9176","USA","USD","[PREMIUM]","[PREMIUM]","G110",true,"[PREMIUM]","K1500 LT",false,true,"[PREMIUM]",,,,,"RED LIGHT",3.6,,"[PREMIUM]"
"60273646","2026-09-03 18:27:30.192","2026-09-10 14:47:15.305","60273646","2026-09-09 17:05:42.000","[PREMIUM]","112","OH - CLEVELAND WEST","2026-09-10","THURSDAY","1000","EDT","76","V",2020,"GMC","TERRAIN","TERRAIN","SPORT UTILITY VEHICLE","GRAY","FRONT END","REAR END","OH","ST","YES","D",97954,"A","[PREMIUM]",10613.17,"1.5L 4","FRONT WHEEL DRIVE","AUTOMATIC","GAS",4,"Run & Drive Verified","On Minimum Bid","[PREMIUM]",,"COLUMBIA STATION","OH","44028 9176","USA","USD","[PREMIUM]","[PREMIUM]","G070",false,"[PREMIUM]","SLE",false,false,"[PREMIUM]",,,,,,,,"[PREMIUM]"
"67103896","2026-09-03 18:27:29.839","2026-09-15 21:22:43.718","67103896","2026-09-14 20:06:06.000","[PREMIUM]","111","OH - CLEVELAND EAST","2026-09-16","WEDNESDAY","1000","EDT","0","V",2016,"HONDA","PILOT","PILOT","4DR SPORT UTILITY","GRAY","FRONT END","SIDE","OH","ST","YES","D",186741,"A","[PREMIUM]",10250,"3.5L 6","ALL WHEEL DRIVE","AUTOMATIC","GAS",6,"Run & Drive Verified","Pure Sale","[PREMIUM]",,"NORTHFIELD","OH","44067 2881","USA","USD","[PREMIUM]","[PREMIUM]","A080",false,"[PREMIUM]","EXL",false,false,"[PREMIUM]",,,,,,,,"[PREMIUM]"
"66822876","2026-09-03 18:27:29.795","2026-09-15 21:22:43.578","66822876","2026-09-14 20:00:39.000","[PREMIUM]","111","OH - CLEVELAND EAST","2026-09-16","WEDNESDAY","1000","EDT","0","V",2009,"FORD","EDGE","EDGE","4DR SPORT UTILITY","WHITE","FRONT END",,"OH","ST","YES","D",227111,"A","[PREMIUM]",1311.2,"3.5L 6","ALL WHEEL DRIVE","AUTOMATIC","GAS",6,"Run & Drive Verified","Pure Sale","[PREMIUM]",,"NORTHFIELD","OH","44067 2881","USA","USD","[PREMIUM]","[PREMIUM]","B030",false,"[PREMIUM]","LIMITED",false,false,"[PREMIUM]",,,,,,,,"[PREMIUM]"
"66371176","2026-09-03 18:27:29.760","2026-09-15 21:22:43.283","66371176","2026-09-14 19:54:57.000","[PREMIUM]","111","OH - CLEVELAND EAST","2026-09-16","WEDNESDAY","1000","EDT","0","V",2014,"NISSAN","MAXIMA","MAXIMA","SEDAN","BLACK","FRONT END","REAR END","OH","ST","YES","D",102860,"A","[PREMIUM]",4786.31,"3.5L 6","FRONT WHEEL DRIVE","AUTOMATIC","GAS",6,"Run & Drive Verified","Pure Sale","[PREMIUM]",,"NORTHFIELD","OH","44067 2881","USA","USD","[PREMIUM]","[PREMIUM]","A090",false,"[PREMIUM]","3.5 S",false,false,"[PREMIUM]",,,,,,,,"[PREMIUM]"
"66058306","2026-09-03 18:27:29.711","2026-09-15 21:22:43.306","66058306","2026-09-14 12:49:13.000","[PREMIUM]","111","OH - CLEVELAND EAST","2026-09-16","WEDNESDAY","1000","EDT","0","V",2023,"TESLA","MODEL Y","MODEL Y","SPORT UTILITY VEHICLE","WHITE","SIDE","REAR END","OH","ST","YES","D",18771,"A","[PREMIUM]",16461.53,,"ALL WHEEL DRIVE","AUTOMATIC","ELECTRIC",,"Run & Drive Verified","Pure Sale","[PREMIUM]",,"NORTHFIELD","OH","44067 2881","USA","USD","[PREMIUM]","[PREMIUM]","A010",false,"[PREMIUM]",,false,false,"[PREMIUM]",,,,,,,,"[PREMIUM]"
"65920246","2026-09-03 18:27:24.281","2026-09-08 08:12:56.321","65920246","2026-09-07 20:15:29.000","[PREMIUM]","855","WHOLESALE AUCTION","2026-09-08","TUESDAY","1200","EDT","4088","K",2020,"FORD","TRANSIT","TRANSIT","VAN CARGO","BLUE","ROLLOVER",,"FL","CT","YES","D",132987,"A","[PREMIUM]",12872,"3.5L 6","REAR WHEEL DRIVE","AUTOMATIC","GAS",6,"Run & Drive Verified","On Approval","[PREMIUM]",,"OCALA","FL","34482","USA","USD","[PREMIUM]","[PREMIUM]","HVY1",false,"[PREMIUM]","T-250",false,true,"[PREMIUM]",,,,,"RED LIGHT",2.1,"Other","[PREMIUM]"
"65902016","2026-09-03 18:27:22.546","2026-09-09 08:43:05.801","65902016","2026-09-09 08:00:04.000","[PREMIUM]","107","GA - ATLANTA EAST","2026-09-09","WEDNESDAY","1000","EDT","63","V",2012,"BMW","X5","X5","4DR SPORT UTILITY","GRAY","TOP/ROOF","FRONT END","GA","ST","YES","D",127082,"A","[PREMIUM]",27072,"4.4L 8","ALL WHEEL DRIVE","AUTOMATIC","GAS",8,"Run & Drive Verified","Pure Sale","[PREMIUM]",,"LOGANVILLE","GA","30052 4625","USA","USD","[PREMIUM]","[PREMIUM]","P040",false,"[PREMIUM]","XDRIVE50I",false,false,"[PREMIUM]",,,,,,,,"[PREMIUM]"
"65584136","2026-09-03 18:27:22.365","2026-09-16 23:00:47.750","65584136","2026-09-15 13:03:52.000","[PREMIUM]","107","GA - ATLANTA EAST","2026-09-21","MONDAY","1000","EDT","0","V",2012,"TOYOTA","CAMRY","CAMRY","SEDAN 4D","BLACK","FRONT END","SIDE","GA","ST","YES","D",221746,"A","[PREMIUM]",7589,,,"AUTOMATIC",,,"Run & Drive Verified","On Minimum Bid","[PREMIUM]",,"LOGANVILLE","GA","30052 4625","USA","USD","[PREMIUM]","[PREMIUM]","X090",false,"[PREMIUM]","SE",false,false,"[PREMIUM]",,,,,,,,"[PREMIUM]"
"65441956","2026-09-03 18:27:22.303","2026-09-16 23:00:47.564","65441956","2026-09-03 18:04:00.000","[PREMIUM]","835","MEDIUM DUTY SPECIALTY SALE",,,,"CDT","0","K",2019,"FORD","TRANSIT","TRANSIT","VAN CARGO","WHITE","FRONT END",,"GA","ST","YES","D",142939,"A","[PREMIUM]",14441.23,"3.7L 6","REAR WHEEL DRIVE","AUTOMATIC","GAS",6,"Run & Drive Verified","Pure Sale","[PREMIUM]",,"LOGANVILLE","GA","30052 4625","USA","USD","[PREMIUM]","[PREMIUM]","MED1",false,"[PREMIUM]","T-250",false,false,"[PREMIUM]",,,,,,,,"[PREMIUM]"
"64471396","2026-09-03 18:27:21.928","2026-09-16 23:00:46.530","64471396","2026-09-03 17:59:11.000","[PREMIUM]","107","GA - ATLANTA EAST",,,,"EDT","0","V",2025,"TOYOTA","RAV4","RAV4 HYBRID","SUV","SILVER","FRONT END",,"GA","ST","YES","E",25621,"A","[PREMIUM]",0,"2.5L 4","ALL WHEEL DRIVE","AUTOMATIC","ELECTRIC AND GAS HYBRID",4,"DEFAULT","Pure Sale","[PREMIUM]",,"LOGANVILLE","GA","30052 4625","USA","USD","[PREMIUM]","[PREMIUM]","W120",false,"[PREMIUM]","XLE",false,false,"[PREMIUM]",,,,,,,,"[PREMIUM]"
"64218066","2026-09-03 18:27:21.808","2026-09-15 21:22:18.783","64218066","2026-09-14 16:49:55.000","[PREMIUM]","107","GA - ATLANTA EAST","2026-09-16","WEDNESDAY","1000","EDT","0","V",2017,"ACURA","MDX","MDX","4DR SPORT UTILITY","BLACK","FRONT END",,"GA","ST","YES","D",62882,"A","[PREMIUM]",14488.43,"3.5L 6","ALL WHEEL DRIVE","AUTOMATIC","GAS",6,"Run & Drive Verified","On Minimum Bid","[PREMIUM]",,"LOGANVILLE","GA","30052 4625","USA","USD","[PREMIUM]","[PREMIUM]","Y100",false,"[PREMIUM]","TECHNOLOGY",false,false,"[PREMIUM]",,,,,,,,"[PREMIUM]"
"60568656","2026-09-03 18:27:20.832","2026-09-16 23:00:44.340","60568656","2026-09-03 17:49:18.000","[PREMIUM]","107","GA - ATLANTA EAST",,,,"EDT","0","V",2022,"NISSAN","ROGUE","ROGUE SPORT","WAGON","BLUE","FRONT END","SIDE","GA","ST","YES","D",91188,"A","[PREMIUM]",9459.75,"2.0L 4","ALL WHEEL DRIVE","AUTOMATIC","GAS",4,"Run & Drive Verified","Pure Sale","[PREMIUM]",,"LOGANVILLE","GA","30052 4625","USA","USD","[PREMIUM]","[PREMIUM]","V060",false,"[PREMIUM]","S",false,false,"[PREMIUM]",,,,,,,,"[PREMIUM]"
"65445246","2026-09-03 18:27:17.597","2026-09-03 18:27:17.597","65445246","2026-09-01 22:05:29.000","[PREMIUM]","105","FL - MIAMI CENTRAL",,,,"EDT","0","V",2009,"HYUNDAI","SONATA","SONATA",,"BURGUNDY","REAR END","SIDE","FL","RB","NO","E",103425,"E","[PREMIUM]",4942.5,,,"AUTOMATIC",,,"DEFAULT","Pure Sale","[PREMIUM]",,"MIAMI","FL","33167 2916","USA","USD","[PREMIUM]","[PREMIUM]","B090",false,"[PREMIUM]","GLS",false,false,"[PREMIUM]",,,,,,,,"[PREMIUM]"
"66586346","2026-09-03 18:27:12.335","2026-09-16 23:00:19.157","66586346","2026-09-11 21:31:53.000","[PREMIUM]","103","MI - LANSING","2026-09-18","FRIDAY","1000","EDT","0","V",2017,"CHEVROLET","CRUZE","CRUZE","SEDAN 4DR","RED","FRONT END","SIDE","MI","CT","YES","D",180870,"A","[PREMIUM]",12969,"1.4L 4","FRONT WHEEL DRIVE","AUTOMATIC","GAS",4,"Run & Drive Verified","On Minimum Bid","[PREMIUM]",,"LANSING","MI","48917 9540","USA","USD","[PREMIUM]","[PREMIUM]","E070",false,"[PREMIUM]","LS",false,false,"[PREMIUM]",,,,,,,,"[PREMIUM]"
"67675806","2026-09-03 18:27:01.071","2026-09-08 08:12:05.544","67675806","2026-09-03 17:34:22.000","[PREMIUM]","98","TX - FT. WORTH","2026-09-08","TUESDAY","1200","CDT","0","V",2015,"CHEVROLET","MALIBU","MALIBU","SEDAN 4DR","BLACK","NORMAL WEAR",,"TX","CT","YES","D",136666,"A","[PREMIUM]",0,"2.5L 4","FRONT WHEEL DRIVE","AUTOMATIC","GAS",4,"Run & Drive Verified","On Minimum Bid","[PREMIUM]",,"HASLET","TX","76052 3840","USA","USD","[PREMIUM]","[PREMIUM]","F040",true,"[PREMIUM]","1LT",false,false,"[PREMIUM]",,,,,,,,"[PREMIUM]"
"66952446","2026-09-03 18:27:00.850","2026-09-08 08:12:04.837","66952446","2026-09-03 17:40:27.000","[PREMIUM]","98","TX - FT. WORTH","2026-09-08","TUESDAY","1200","CDT","0","V",2014,"MINI","COOPER","COOPER","HATCHBACK 2DR","SILVER","FRONT END","REAR END","TX","CT","YES","D",152158,"A","[PREMIUM]",0,"1.5L 3","FRONT WHEEL DRIVE","AUTOMATIC","GAS",3,"Run & Drive Verified","On Minimum Bid","[PREMIUM]",,"HASLET","TX","76052 3840","USA","USD","[PREMIUM]","[PREMIUM]","F040",true,"[PREMIUM]",,false,false,"[PREMIUM]",,,,,,,,"[PREMIUM]"
"66833636","2026-09-03 18:27:00.831","2026-09-08 08:12:04.709","66833636","2026-09-03 17:51:05.000","[PREMIUM]","98","TX - FT. WORTH","2026-09-08","TUESDAY","1200","CDT","0","V",2014,"HYUNDAI","ELANTRA","ELANTRA GT","HATCHBACK","BLACK","FRONT END",,"TX","CT","YES","D",243693,"A","[PREMIUM]",0,"2.0L 4","FRONT WHEEL DRIVE","AUTOMATIC","GAS",4,"Run & Drive Verified","On Minimum Bid","[PREMIUM]",,"HASLET","TX","76052 3840","USA","USD","[PREMIUM]","[PREMIUM]","D240",true,"[PREMIUM]","BASE",false,false,"[PREMIUM]",,,,,,,,"[PREMIUM]"
"67036136","2026-09-03 18:26:50.030","2026-09-15 23:01:02.694","67036136","2026-09-15 21:46:50.000","[PREMIUM]","97","CA - RANCHO CUCAMONGA","2026-09-22","TUESDAY","1200","PDT","0","V",2015,"AUDI","Q7","Q7","4DR SPORT UTILITY","GRAY","MECHANICAL",,"CA","DV","YES","D",100222,"A","[PREMIUM]",0,"3.0L 6","ALL WHEEL DRIVE","AUTOMATIC","GAS",6,"Run & Drive Verified","On Minimum Bid","[PREMIUM]",,"RANCHO CUCAMONGA","CA","91739 9601","USA","USD","[PREMIUM]","[PREMIUM]","SH006",true,"[PREMIUM]","PREMIUM PLUS",false,false,"[PREMIUM]",,,,,,,,"[PREMIUM]"
"61561956","2026-09-03 18:26:31.949","2026-09-16 22:58:41.762","61561956","2026-09-11 01:08:19.000","[PREMIUM]","91","NJ - SOMERVILLE","2026-09-18","FRIDAY","1000","EDT","0","V",2014,"AUDI","SQ5","SQ5","4DR SPORT UTILITY","BLUE","SIDE","MINOR DENT/SCRATCHES","FL","CT","YES","D",0,"N","[PREMIUM]",0,"3.0L 6","ALL WHEEL DRIVE","AUTOMATIC","GAS",6,"Run & Drive Verified","On Minimum Bid","[PREMIUM]",,"HILLSBOROUGH","NJ","08844 4662","USA","USD","[PREMIUM]","[PREMIUM]","I070",true,"[PREMIUM]","PREMIUM PLUS",false,false,"[PREMIUM]",,,,,,,,"[PREMIUM]"
"67920246","2026-09-03 18:26:29.643","2026-09-16 22:58:37.710","67920246","2026-09-16 18:37:50.000","[PREMIUM]","90","ME - LYMAN","2026-09-17","THURSDAY","1000","EDT","52","V",2005,"TOYOTA","COROLLA","COROLLA","SEDAN","SILVER","SIDE","MINOR DENT/SCRATCHES","ME","CT","YES","E",135960,"A","[PREMIUM]",0,"1.8L 4","FRONT WHEEL DRIVE","AUTOMATIC","GAS",4,"DEFAULT","On Minimum Bid","[PREMIUM]",,"LYMAN","ME","04002 7719","USA","USD","[PREMIUM]","[PREMIUM]","C030",true,"[PREMIUM]","CE",false,false,"[PREMIUM]",,,,,,,,"[PREMIUM]"
"67013566","2026-09-03 18:26:28.340","2026-09-16 22:58:33.243","67013566","2026-09-14 19:44:34.000","[PREMIUM]","89","WV - CHARLESTON","2026-09-17","THURSDAY","1000","EDT","0","V",2002,"FORD","ESCORT","ESCORT","SEDAN 4DR","SILVER","FRONT END","TOP/ROOF","OH","ST","YES","E",90812,"N","[PREMIUM]",5481,"2.0L 4","FRONT WHEEL DRIVE","AUTOMATIC","GAS",4,"DEFAULT","Pure Sale","[PREMIUM]",,"HURRICANE","WV","25526 7634","USA","USD","[PREMIUM]","[PREMIUM]","B050",false,"[PREMIUM]",,false,false,"[PREMIUM]",,,,,,,,"[PREMIUM]"
"66518296","2026-09-03 18:26:28.303","2026-09-16 22:58:32.832","66518296","2026-09-15 17:14:47.000","[PREMIUM]","89","WV - CHARLESTON","2026-09-17","THURSDAY","1000","EDT","0","V",2011,"CHEVROLET","SILVERADO","SILVERADO","CREW PICKUP","SILVER","FRONT END","TOP/ROOF","WV","SC","YES","S",146227,"N","[PREMIUM]",9255.09,"4.8L 8","4X4 W/REAR WHEEL DRV","AUTOMATIC","GAS",8,"Vehicle Starts","On Minimum Bid","[PREMIUM]",,"HURRICANE","WV","25526 7634","USA","USD","[PREMIUM]","[PREMIUM]","A040",false,"[PREMIUM]","K1500 LS",false,false,"[PREMIUM]",,,,,,,,"[PREMIUM]"
"65305166","2026-09-03 18:26:28.117","2026-09-16 22:58:31.930","65305166","2026-09-14 19:36:18.000","[PREMIUM]","89","WV - CHARLESTON","2026-09-17","THURSDAY","1000","EDT","0","V",2017,"TOYOTA","COROLLA","COROLLA","SEDAN 4D","RED","FRONT END","SIDE","WV","SC","YES","D",134911,"A","[PREMIUM]",19560.9,,,"AUTOMATIC",,,"Run & Drive Verified","Pure Sale","[PREMIUM]",,"HURRICANE","WV","25526 7634","USA","USD","[PREMIUM]","[PREMIUM]","B010",false,"[PREMIUM]","LE",false,false,"[PREMIUM]",,,,,,,,"[PREMIUM]"
"64976866","2026-09-03 18:26:28.019","2026-09-16 22:58:31.626","64976866","2026-09-15 18:45:16.000","[PREMIUM]","89","WV - CHARLESTON","2026-09-17","THURSDAY","1000","EDT","0","V",2015,"KIA","OPTIMA","OPTIMA","SEDAN 4DR","WHITE","FRONT END",,"WV","SC","YES","D",138229,"A","[PREMIUM]",4767.7,"2.4L 4","FRONT WHEEL DRIVE","AUTOMATIC","GAS",4,"Run & Drive Verified","Pure Sale","[PREMIUM]",,"HURRICANE","WV","25526 7634","USA","USD","[PREMIUM]","[PREMIUM]","G050",false,"[PREMIUM]","EX",false,false,"[PREMIUM]",,,,,,,,"[PREMIUM]"
"64218986","2026-09-03 18:26:27.773","2026-09-16 22:58:31.133","64218986","2026-09-03 17:27:23.000","[PREMIUM]","89","WV - CHARLESTON",,,,"EDT","0","V",2008,"AUDI","A4","A4","SEDAN 4DR","BLUE","WATER/FLOOD","FRONT END","WV","FS","NO","E",0,"E","[PREMIUM]",19791.36,"2.0L 4","ALL WHEEL DRIVE","AUTOMATIC","GAS",4,"DEFAULT","Pure Sale","[PREMIUM]",,"HURRICANE","WV","25526 7634","USA","USD","[PREMIUM]","[PREMIUM]","B060",false,"[PREMIUM]","2.0T QUATTRO",false,false,"[PREMIUM]",,,,,,,,"[PREMIUM]"
"63959856","2026-09-03 18:26:27.716","2026-09-16 22:58:30.880","63959856","2026-09-14 19:17:53.000","[PREMIUM]","89","WV - CHARLESTON","2026-09-17","THURSDAY","1000","EDT","0","V",2023,"HYUNDAI","SONATA","SONATA","SEDAN","BLACK","FRONT END","SIDE","WV","SC","YES","D",44291,"A","[PREMIUM]",15763,"2.5L 4","FRONT WHEEL DRIVE","AUTOMATIC","GAS",4,"Run & Drive Verified","Pure Sale","[PREMIUM]",,"HURRICANE","WV","25526 7634","USA","USD","[PREMIUM]","[PREMIUM]","H020",false,"[PREMIUM]","SEL",false,false,"[PREMIUM]",,,,,,,,"[PREMIUM]"
"62918446","2026-09-03 18:26:27.346","2026-09-16 22:58:30.069","62918446","2026-09-15 16:54:05.000","[PREMIUM]","89","WV - CHARLESTON","2026-09-17","THURSDAY","1000","EDT","0","V",2024,"GMC","SIERRA","SIERRA","PICKUP","BLACK","WATER/FLOOD",,"WV","FS","NO","E",0,"N","[PREMIUM]",0,"6.6L 8","4X4 W/REAR WHEEL DRV","AUTOMATIC","DIESEL",8,"DEFAULT","On Minimum Bid","[PREMIUM]",,"HURRICANE","WV","25526 7634","USA","USD","[PREMIUM]","[PREMIUM]","HVY",false,"[PREMIUM]","K2500 AT4",false,false,"[PREMIUM]",,,,,,,,"[PREMIUM]"
"62304076","2026-09-03 18:26:27.115","2026-09-16 22:58:29.719","62304076","2026-09-16 14:09:43.000","[PREMIUM]","89","WV - CHARLESTON","2026-09-24","THURSDAY","1000","EDT","0","V",2015,"JEEP","CHEROKEE","CHEROKEE","4DR SPORT UTILITY","BLACK","UNDERCARRIAGE","FRONT END","OH","ST","YES","D",133755,"A","[PREMIUM]",3154.61,"2.4L 4","FRONT WHEEL DRIVE","AUTOMATIC","GAS",4,"Run & Drive Verified","On Minimum Bid","[PREMIUM]",,"HURRICANE","WV","25526 7634","USA","USD","[PREMIUM]","[PREMIUM]","B050",false,"[PREMIUM]","LATITUDE",false,false,"[PREMIUM]",,,,,,,,"[PREMIUM]"
"66714446","2026-09-03 18:26:26.612","2026-09-16 22:58:26.710","66714446","2026-09-08 12:48:25.000","[PREMIUM]","88","GA - TIFTON",,,,"EDT","0","V",2015,"GMC","All Models","SIERRA","CREW PICKUP","BLACK","FRONT END","SIDE","GA","ST","YES","E",224911,"A","[PREMIUM]",11170,"5.3L 8","REAR WHEEL DRIVE","AUTOMATIC","GAS",8,"DEFAULT","Pure Sale","[PREMIUM]",,"TIFTON","GA","31794 8897","USA","USD","[PREMIUM]","[PREMIUM]","CC070",false,"[PREMIUM]","C1500 SLE",false,false,"[PREMIUM]",,,,,,,,"[PREMIUM]"
"64551376","2026-09-03 18:26:26.247","2026-09-16 22:58:25.383","64551376","2026-09-03 17:54:17.000","[PREMIUM]","88","GA - TIFTON",,,,"EDT","0","V",2009,"GMC","SIERRA","SIERRA","CREW PICKUP","BLUE","FRONT END","REAR END","GA","ST","YES","D",278814,"E","[PREMIUM]",4663.69,"5.3L 8","4X4 W/REAR WHEEL DRV","AUTOMATIC","FLEXIBLE",8,"Run & Drive Verified","Pure Sale","[PREMIUM]",,"TIFTON","GA","31794 8897","USA","USD","[PREMIUM]","[PREMIUM]","D110",false,"[PREMIUM]","K1500 SLE",false,false,"[PREMIUM]",,,,,,,,"[PREMIUM]"
"55518856","2026-09-03 18:26:25.234","2026-09-16 22:58:23.702","55518856","2026-09-14 19:05:01.000","[PREMIUM]","88","GA - TIFTON","2026-09-22","TUESDAY","1000","EDT","36","V",2008,"HONDA","ACCORD","ACCORD","SEDAN 4DR","GRAY","ALL OVER",,"GA","ST","YES","D",222882,"E","[PREMIUM]",3887.72,"2.4L 4","FRONT WHEEL DRIVE","AUTOMATIC","GAS",4,"Run & Drive Verified","Pure Sale","[PREMIUM]",,"TIFTON","GA","31794 8897","USA","USD","[PREMIUM]","[PREMIUM]","A050",false,"[PREMIUM]","EXL",false,false,"[PREMIUM]",,,,,,,,"[PREMIUM]"
"67269856","2026-09-03 18:26:24.901","2026-09-10 14:44:08.148","67269856","2026-09-10 11:35:19.000","[PREMIUM]","87","GA - SAVANNAH","2026-09-10","THURSDAY","1000","EDT","32","V",2017,"HONDA","ACCORD","ACCORD","SEDAN 4DR","WHITE","TOP/ROOF",,"GA","ST","YES","D",168969,"A","[PREMIUM]",10558.78,"2.4L 4","FRONT WHEEL DRIVE","AUTOMATIC","GAS",4,"Run & Drive Verified","Pure Sale","[PREMIUM]",,"SAVANNAH","GA","31405 9301","USA","USD","[PREMIUM]","[PREMIUM]","J070",false,"[PREMIUM]","SPORT SPECIAL EDITION",false,false,"[PREMIUM]",,,,,,,,"[PREMIUM]"
"67621816","2026-09-03 18:26:24.900","2026-09-16 22:58:22.302","67621816","2026-09-16 11:26:50.000","[PREMIUM]","87","GA - SAVANNAH","2026-09-17","THURSDAY","1000","EDT","44","V",2013,"CADILLAC","SRX","SRX","4DR SPORT UTILITY","WHITE","FRONT END",,"GA","ST","YES","D",170078,"A","[PREMIUM]",4648.67,"3.6L 6","FRONT WHEEL DRIVE","AUTOMATIC","GAS",6,"Run & Drive Verified","Pure Sale","[PREMIUM]",,"SAVANNAH","GA","31405 9301","USA","USD","[PREMIUM]","[PREMIUM]","J100",false,"[PREMIUM]","PERFORMANCE COLLECTION",false,false,"[PREMIUM]",,,,,,,,"[PREMIUM]"
"66291746","2026-09-03 18:26:24.800","2026-09-16 22:58:20.437","66291746","2026-09-03 17:17:42.000","[PREMIUM]","87","GA - SAVANNAH",,,,"EDT","0","V",2019,"FORD","ESCAPE","ESCAPE","SPORT UTILITY VEHICLE","GRAY","ALL OVER",,"GA","ST","YES","E",0,"N","[PREMIUM]",13279.71,"1.5L 4","FRONT WHEEL DRIVE","AUTOMATIC","GAS",4,"DEFAULT","Pure Sale","[PREMIUM]",,"SAVANNAH","GA","31405 9301","USA","USD","[PREMIUM]","[PREMIUM]","G210",false,"[PREMIUM]","SE",false,false,"[PREMIUM]",,,,,,,,"[PREMIUM]"
"67632696","2026-09-03 18:26:22.446","2026-09-16 00:42:30.942","67632696","2026-09-15 23:06:51.000","[PREMIUM]","86","FL - FT. PIERCE","2026-09-16","WEDNESDAY","1000","EDT","2017","V",2020,"CHEVROLET","COLORADO","COLORADO","PICKUP","BLACK","MECHANICAL","MINOR DENT/SCRATCHES","FL","RT","YES",,64232,"A","[PREMIUM]",0,"3.6L 6","4X4 W/REAR WHEEL DRV","AUTOMATIC","GAS",6,,"On Minimum Bid","[PREMIUM]",,"FORT PIERCE","FL","34946 7502","USA","USD","[PREMIUM]","[PREMIUM]","CD003",true,"[PREMIUM]",,false,false,"[PREMIUM]",,,,,,,,"[PREMIUM]"
"67701196","2026-09-03 18:26:22.430","2026-09-16 22:58:14.078","67701196","2026-09-16 16:57:00.000","[PREMIUM]","86","FL - FT. PIERCE","2026-09-23","WEDNESDAY","1000","EDT","0","V",2012,"CHEVROLET","EQUINOX","EQUINOX","4DR SPORT UTILITY","GRAY","FRONT END",,"FL","CT","YES","D",211654,"A","[PREMIUM]",0,"2.4L 4","FRONT WHEEL DRIVE","AUTOMATIC","FLEXIBLE",4,"Run & Drive Verified","On Minimum Bid","[PREMIUM]",,"FORT PIERCE","FL","34946 7502","USA","USD","[PREMIUM]","[PREMIUM]","CD006",true,"[PREMIUM]","LS",false,false,"[PREMIUM]",,,,,,,,"[PREMIUM]"
"98946845","2026-09-03 18:26:21.305","2026-09-10 14:43:55.656","98946845","2026-09-10 11:00:08.000","[PREMIUM]","84","LA - SHREVEPORT","2026-09-10","THURSDAY","1200","CDT","113","V",2020,"JEEP","GRAND CHER","GRAND CHEROKEE",,"GRAY","FRONT END",,"LA","ST","YES","D",89019,"A","[PREMIUM]",0,"3.6L  6","Rear-wheel drive","AUTOMATIC","FLEXIBLE FUEL",6,"Run & Drive Verified","Pure Sale","[PREMIUM]",,"SHREVEPORT","LA","71109 5405","USA","USD","[PREMIUM]","[PREMIUM]","B180",false,"[PREMIUM]","LAREDO",false,false,"[PREMIUM]",,,,,,,,"[PREMIUM]"
"67032566","2026-09-03 18:26:21.143","2026-09-10 14:43:54.517","67032566","2026-09-10 11:00:08.000","[PREMIUM]","84","LA - SHREVEPORT","2026-09-10","THURSDAY","1200","CDT","2007","V",2021,"AUDI","A5","A5","HATCHBACK","GREEN","REAR END",,"LA","ST","YES","E",35335,"A","[PREMIUM]",14226,"2.0L 4","ALL WHEEL DRIVE","AUTOMATIC","GAS",4,"DEFAULT","On Minimum Bid","[PREMIUM]",,"SHREVEPORT","LA","71109 5405","USA","USD","[PREMIUM]","[PREMIUM]","D060",false,"[PREMIUM]","PREMIUM PLUS 45",false,false,"[PREMIUM]",,,,,,,,"[PREMIUM]"
"62116836","2026-09-03 18:26:20.275","2026-09-10 14:43:50.917","62116836","2026-09-10 11:00:08.000","[PREMIUM]","84","LA - SHREVEPORT","2026-09-10","THURSDAY","1200","CDT","2053","V",2011,"CHEVROLET","CAMARO","CAMARO","CONVERTIBLE","YELLOW","FRONT END","SIDE","LA","ST","YES","E",123385,"A","[PREMIUM]",13038,"3.6L 6","REAR WHEEL DRIVE","AUTOMATIC","GAS",6,"DEFAULT","Pure Sale","[PREMIUM]",,"SHREVEPORT","LA","71109 5405","USA","USD","[PREMIUM]","[PREMIUM]","D140",false,"[PREMIUM]","LT",false,false,"[PREMIUM]",,,,,,,,"[PREMIUM]"
"55894396","2026-09-03 18:26:19.629","2026-09-09 08:40:35.947","55894396","2026-09-03 17:20:34.000","[PREMIUM]","835","MEDIUM DUTY SPECIALTY SALE","2026-09-09","WEDNESDAY","1100","CDT","0","K",2024,"CHEVROLET","SILVERADO","SILVERADO","CAB CHASSIS","WHITE","FRONT END","REAR END","LA","ST","YES","D",116381,"A","[PREMIUM]",33053.94,"6.6L 8","4X4 W/REAR WHEEL DRV","AUTOMATIC","DIESEL",8,"Run & Drive Verified","On Approval","[PREMIUM]",,"SHREVEPORT","LA","71109 5405","USA","USD","[PREMIUM]","[PREMIUM]","HVY",false,"[PREMIUM]","K3500",false,false,"[PREMIUM]",,,,,,,,"[PREMIUM]"
"57030536","2026-09-03 18:26:17.628","2026-09-11 17:15:15.625","57030536","2026-09-03 17:43:04.000","[PREMIUM]","83","KY - LEXINGTON WEST",,,,"EDT","0","V",2005,"PONTIAC","VIBE","VIBE","HATCHBACK 4DR","SILVER","FRONT END",,"KY","BS","YES","D",299877,"N","[PREMIUM]",3813.27,"1.8L 4","FRONT WHEEL DRIVE","AUTOMATIC","GAS",4,"Run & Drive Verified","Pure Sale","[PREMIUM]",,"LAWRENCEBURG","KY","40342 9225","USA","USD","[PREMIUM]","[PREMIUM]","B010",false,"[PREMIUM]",,false,false,"[PREMIUM]",,,,,,,,"[PREMIUM]"
"64062476","2026-09-03 18:26:11.877","2026-09-16 22:57:38.649","64062476","2026-09-16 14:46:27.000","[PREMIUM]","81","IL - CHICAGO SOUTH","2026-09-18","FRIDAY","1200","CDT","0","V",2021,"JEEP","WRANGLER","WRANGLER UNLIMITED",,"YELLOW","FRONT END",,"WV","SC","YES","E",38806,"A","[PREMIUM]",28130,,,"AUTOMATIC",,,"DEFAULT","On Minimum Bid","[PREMIUM]",,"CHICAGO HEIGHTS","IL","60411 5546","USA","USD","[PREMIUM]","[PREMIUM]","E060",false,"[PREMIUM]","SAHARA 4XE",false,false,"[PREMIUM]",,,,,,,,"[PREMIUM]"
"67814556","2026-09-03 18:26:05.369","2026-09-10 14:43:06.511","67814556","2026-09-09 14:03:04.000","[PREMIUM]","80","MN - MINNEAPOLIS NORTH","2026-09-10","THURSDAY","1200","CDT","116","V",2009,"FORD","ESCAPE","ESCAPE","4DR SPORT UTILITY","BURGUNDY","FRONT END",,"MN","RS","YES","D",76847,"E","[PREMIUM]",3892.35,"2.5L 4","FRONT WHEEL DRIVE","AUTOMATIC","GAS",4,"Run & Drive Verified","Pure Sale","[PREMIUM]","VEH LOC @ BUNKER SUBLOT     ","HAM LAKE","MN","55304 6921","USA","USD","[PREMIUM]","[PREMIUM]","CS110",false,"[PREMIUM]","XLT",false,false,"[PREMIUM]",,,,,,,,"[PREMIUM]"
"67405686","2026-09-03 18:26:05.326","2026-09-08 08:09:50.638","67405686","2026-09-04 15:01:36.000","[PREMIUM]","80","MN - MINNEAPOLIS NORTH","2026-09-08","TUESDAY","1200","CDT","0","V",2003,"TOYOTA","COROLLA","COROLLA","SEDAN","TAN","MECHANICAL","HAIL","MN","CT","YES","E",180890,"E","[PREMIUM]",0,"1.8L 4","FRONT WHEEL DRIVE","AUTOMATIC","GAS",4,"DEFAULT","On Minimum Bid","[PREMIUM]","VEH LOC @ HAM LAKE SUBLOT   ","HAM LAKE","MN","55304 6921","USA","USD","[PREMIUM]","[PREMIUM]","B4",true,"[PREMIUM]","LE",false,false,"[PREMIUM]",,,,,,,,"[PREMIUM]"
"67147496","2026-09-03 18:26:05.260","2026-09-08 08:09:50.184","67147496","2026-09-03 17:40:22.000","[PREMIUM]","80","MN - MINNEAPOLIS NORTH","2026-09-08","TUESDAY","1200","CDT","0","V",2021,"FORD","BRONCO","BRONCO SPORT","SPORT UTILITY VEHICLE","BLUE","FRONT END",,"MN","ST","YES","D",50372,"A","[PREMIUM]",18880.73,"1.5L 3","4X4 W/FRONT WHL DRV","AUTOMATIC","GAS",3,"Run & Drive Verified","Pure Sale","[PREMIUM]","VEH LOC @ BUNKER SUBLOT     ","HAM LAKE","MN","55304 6921","USA","USD","[PREMIUM]","[PREMIUM]","BJ020",false,"[PREMIUM]","OUTER BANKS",false,false,"[PREMIUM]",,,,,,,,"[PREMIUM]"
"67097366","2026-09-03 18:26:05.230","2026-09-08 08:09:50.041","67097366","2026-09-03 17:08:38.000","[PREMIUM]","80","MN - MINNEAPOLIS NORTH","2026-09-08","TUESDAY","1200","CDT","0","V",2016,"TOYOTA","RAV4","RAV4","4DR SPORT UTILITY","RED","SIDE",,"MN","ST","YES","D",150010,"A","[PREMIUM]",7061.17,"2.5L 4","FRONT WHEEL DRIVE","AUTOMATIC","GAS",4,"Run & Drive Verified","Pure Sale","[PREMIUM]","VEH LOC @ BUNKER SUBLOT     ","HAM LAKE","MN","55304 6921","USA","USD","[PREMIUM]","[PREMIUM]","AS100",false,"[PREMIUM]","LIMITED",false,false,"[PREMIUM]",,,,,,,,"[PREMIUM]"
"67084386","2026-09-03 18:26:05.223","2026-09-08 08:09:49.920","67084386","2026-09-03 17:35:19.000","[PREMIUM]","80","MN - MINNEAPOLIS NORTH","2026-09-08","TUESDAY","1200","CDT","0","V",2016,"HONDA","ACCORD","ACCORD","SEDAN 4DR","SILVER","FRONT END","SIDE","MN","ST","YES","E",56845,"A","[PREMIUM]",16084.65,"2.4L 4","FRONT WHEEL DRIVE","AUTOMATIC","GAS",4,"DEFAULT","Pure Sale","[PREMIUM]","VEH LOC @ BUNKER SUBLOT     ","HAM LAKE","MN","55304 6921","USA","USD","[PREMIUM]","[PREMIUM]","BG010",false,"[PREMIUM]","EXL",false,false,"[PREMIUM]",,,,,,,,"[PREMIUM]"
"66846986","2026-09-03 18:26:05.187","2026-09-08 08:09:49.682","66846986","2026-09-03 17:24:55.000","[PREMIUM]","80","MN - MINNEAPOLIS NORTH","2026-09-08","TUESDAY","1200","CDT","0","V",2007,"JEEP","LIBERTY","LIBERTY","4DR SPORT UTILITY","BLACK","MINOR DENT/SCRATCHES",,"MN","CT","YES","D",199144,"E","[PREMIUM]",0,"3.7L 6","4X4 W/REAR WHEEL DRV","AUTOMATIC","GAS",6,"Run & Drive Verified","On Minimum Bid","[PREMIUM]",,"HAM LAKE","MN","55304 6921","USA","USD","[PREMIUM]","[PREMIUM]","6BS20",true,"[PREMIUM]","LIMITED",false,false,"[PREMIUM]",,,,,,,,"[PREMIUM]"
"66748636","2026-09-03 18:26:05.156","2026-09-08 08:09:49.434","66748636","2026-09-04 21:13:03.000","[PREMIUM]","80","MN - MINNEAPOLIS NORTH","2026-09-08","TUESDAY","1200","CDT","0","V",2015,"BMW","X5","X5","4DR SPORT UTILITY","BLACK","MECHANICAL",,"MN","CT","YES","E",193662,"A","[PREMIUM]",0,"3.0L 6","ALL WHEEL DRIVE","AUTOMATIC","GAS",6,"DEFAULT","On Minimum Bid","[PREMIUM]","VEH LOC @ BUNKER SUBLOT     ","HAM LAKE","MN","55304 6921","USA","USD","[PREMIUM]","[PREMIUM]","BH050",true,"[PREMIUM]","XDRIVE35I",false,false,"[PREMIUM]",,,,,,,,"[PREMIUM]"
"65998966","2026-09-03 18:26:04.428","2026-09-08 08:09:47.157","65998966","2026-09-03 17:37:50.000","[PREMIUM]","80","MN - MINNEAPOLIS NORTH","2026-09-08","TUESDAY","1200","CDT","0","V",2015,"NISSAN","ALTIMA","ALTIMA","SEDAN","BLACK","FRONT END",,"MN","RS","YES","D",129184,"A","[PREMIUM]",8544.8,"2.5L 4","FRONT WHEEL DRIVE","AUTOMATIC","GAS",4,"Run & Drive Verified","Pure Sale","[PREMIUM]","VEH LOC @ BUNKER SUBLOT     ","HAM LAKE","MN","55304 6921","USA","USD","[PREMIUM]","[PREMIUM]","BE010",false,"[PREMIUM]","2.5 S",false,false,"[PREMIUM]",,,,,,,,"[PREMIUM]"
"67862696","2026-09-03 18:25:47.046","2026-09-16 08:09:30.535","67862696","2026-09-12 02:45:15.000","[PREMIUM]","78","CA - MARTINEZ","2026-09-16","WEDNESDAY","1200","PDT","0","V",2016,"SUBARU","CROSSTREK","CROSSTREK","4DR SPORT UTILITY","SILVER","MECHANICAL",,"CA","DV","YES","D",149044,"A","[PREMIUM]",100,"2.0L 4","ALL WHEEL DRIVE","AUTOMATIC","GAS",4,"Run & Drive Verified","On Minimum Bid","[PREMIUM]",,"MARTINEZ","CA","94553 1450","USA","USD","[PREMIUM]","[PREMIUM]","PERS",false,"[PREMIUM]","LIMITED",false,false,"[PREMIUM]",,,,,,,,"[PREMIUM]"
"67876546","2026-09-03 18:25:47.044","2026-09-14 14:17:18.957","67876546","2026-09-14 13:00:11.000","[PREMIUM]","78","CA - MARTINEZ","2026-09-14","MONDAY","1200","PDT","101","V",2015,"HYUNDAI","ELANTRA","ELANTRA","SEDAN","RED","FRONT END","SIDE","CA","SC","YES","D",215894,"A","[PREMIUM]",4484.97,"1.8L 4","FRONT WHEEL DRIVE","AUTOMATIC","GAS",4,"Run & Drive Verified","Pure Sale","[PREMIUM]",,"MARTINEZ","CA","94553 1450","USA","USD","[PREMIUM]","[PREMIUM]","M030",false,"[PREMIUM]","SE",false,false,"[PREMIUM]",,,,,,,,"[PREMIUM]"
"67204636","2026-09-03 18:25:46.955","2026-09-09 08:39:06.019","67204636","2026-09-03 17:52:39.000","[PREMIUM]","78","CA - MARTINEZ","2026-09-09","WEDNESDAY","1200","PDT","0","V",1989,"CHEVROLET","CORVETTE","CORVETTE","HATCHBACK 2DR","TURQUOISE","MINOR DENT/SCRATCHES",,"CA","DV","YES","E",131282,"E","[PREMIUM]",0,"5.7L 8","REAR WHEEL DRIVE","AUTOMATIC","GAS",8,"DEFAULT","On Approval","[PREMIUM]",,"MARTINEZ","CA","94553 1450","USA","USD","[PREMIUM]","[PREMIUM]","H100",false,"[PREMIUM]",,false,false,"[PREMIUM]",,,,,,,,"[PREMIUM]"
"64129326","2026-09-03 18:25:46.021","2026-09-14 14:17:14.262","64129326","2026-09-14 13:00:12.000","[PREMIUM]","78","CA - MARTINEZ","2026-09-14","MONDAY","1200","PDT","2570","V",2024,"HONDA","CRV","CR-V","SPORT UTILITY VEHICLE","BLACK","VANDALISM","STRIPPED","CA","SC","EXM","E",0,"N","[PREMIUM]",32526.71,"1.5L 4","FRONT WHEEL DRIVE","AUTOMATIC","GAS",4,"DEFAULT","Pure Sale","[PREMIUM]",,"MARTINEZ","CA","94553 1450","USA","USD","[PREMIUM]","[PREMIUM]","C160",false,"[PREMIUM]","EXL",false,false,"[PREMIUM]",,,,,,,,"[PREMIUM]"
"63378746","2026-09-03 18:25:45.869","2026-09-14 14:17:13.693","63378746","2026-09-14 13:00:12.000","[PREMIUM]","78","CA - MARTINEZ","2026-09-14","MONDAY","1200","PDT","2600","V",2023,"HONDA","PASSPORT","PASSPORT","SPORT UTILITY VEHICLE","BLACK","VANDALISM",,"CA","SC","YES","E",0,"N","[PREMIUM]",33565,"3.5L 6","ALL WHEEL DRIVE","AUTOMATIC","GAS",6,"DEFAULT","On Minimum Bid","[PREMIUM]",,"MARTINEZ","CA","94553 1450","USA","USD","[PREMIUM]","[PREMIUM]","N40",false,"[PREMIUM]","TRAIL SPORT",false,false,"[PREMIUM]",,,,,,,,"[PREMIUM]"
"60832466","2026-09-03 18:25:45.521","2026-09-14 14:17:12.406","60832466","2026-09-14 13:00:12.000","[PREMIUM]","78","CA - MARTINEZ","2026-09-14","MONDAY","1200","PDT","2510","V",2008,"HONDA","ACCORD","ACCORD","SEDAN 4DR","SILVER","FRONT END",,"CA","SC","YES","E",120375,"A","[PREMIUM]",4702,"2.4L 4","FRONT WHEEL DRIVE","AUTOMATIC","GAS",4,"DEFAULT","Pure Sale","[PREMIUM]",,"MARTINEZ","CA","94553 1450","USA","USD","[PREMIUM]","[PREMIUM]","D060",false,"[PREMIUM]","EXL",false,false,"[PREMIUM]",,,,,,,,"[PREMIUM]"
"58592276","2026-09-03 18:25:45.371","2026-09-14 14:17:11.661","58592276","2026-09-14 13:00:12.000","[PREMIUM]","78","CA - MARTINEZ","2026-09-14","MONDAY","1200","PDT","2618","V",2024,"TESLA","MODEL Y","MODEL Y","SPORT UTILITY VEHICLE","BLACK","ROLLOVER",,"CA","SC","NO","E",0,"N","[PREMIUM]",33358,,"ALL WHEEL DRIVE","AUTOMATIC","ELECTRIC",,"DEFAULT","Pure Sale","[PREMIUM]",,"MARTINEZ","CA","94553 1450","USA","USD","[PREMIUM]","[PREMIUM]","E100",false,"[PREMIUM]",,false,false,"[PREMIUM]",,,,,,,,"[PREMIUM]"
"57862346","2026-09-03 18:25:45.339","2026-09-16 15:17:35.329","57862346","2026-09-03 18:04:31.000","[PREMIUM]","78","CA - MARTINEZ",,,,"PDT","0","V",2018,"HONDA","CIVIC","CIVIC","HATCHBACK","SILVER","VANDALISM","FRONT END","CA","SC","YES","D",49139,"A","[PREMIUM]",0,"1.5L 4","FRONT WHEEL DRIVE","AUTOMATIC","GAS",4,"Run & Drive Verified","Pure Sale","[PREMIUM]",,"MARTINEZ","CA","94553 1450","USA","USD","[PREMIUM]","[PREMIUM]","A120",false,"[PREMIUM]",,false,false,"[PREMIUM]",,,,,,,,"[PREMIUM]"
"58472546","2026-09-03 18:25:45.325","2026-09-14 14:17:11.661","58472546","2026-09-14 13:00:12.000","[PREMIUM]","78","CA - MARTINEZ","2026-09-14","MONDAY","1200","PDT","132","V",2020,"HONDA","INSIGHT","INSIGHT","SEDAN","WHITE","SIDE",,"CA","SC","YES","D",96875,"A","[PREMIUM]",13387.77,"1.5L 4","FRONT WHEEL DRIVE","AUTOMATIC","ELECTRIC AND GAS HYBRID",4,"Run & Drive Verified","Pure Sale","[PREMIUM]",,"MARTINEZ","CA","94553 1450","USA","USD","[PREMIUM]","[PREMIUM]","K020",false,"[PREMIUM]","TOURING",false,false,"[PREMIUM]",,,,,,,,"[PREMIUM]"
"66933136","2026-09-03 18:25:44.908","2026-09-10 08:39:05.535","66933136","2026-09-10 02:45:14.000","[PREMIUM]","880","*NCS - EASTERN REGION","2026-09-10","THURSDAY","2100","EDT","0","V",2018,"CHEVROLET","MALIBU","MALIBU","SEDAN","WHITE","SIDE","REAR END","PA","SD","YES","E",127785,"A","[PREMIUM]",0,"1.5L 4","FRONT WHEEL DRIVE","AUTOMATIC","GAS",4,"DEFAULT","On Approval","[PREMIUM]",,"GRANTVILLE","PA","17028 8210","USA","USD","[PREMIUM]","[PREMIUM]","H040",false,"[PREMIUM]","LT",false,false,"[PREMIUM]",,,,,,,,"[PREMIUM]"
"64071256","2026-09-03 18:25:42.127","2026-09-16 15:17:23.622","64071256","2026-09-15 22:07:31.000","[PREMIUM]","75","NM - ALBUQUERQUE","2026-09-17","THURSDAY","1200","MDT","0","V",2015,"JEEP","CHEROKEE","GRAND CHEROKEE","4DR SPORT UTILITY","WHITE","FRONT END",,"NM","ST","NO","E",159545,"A","[PREMIUM]",17958,"3.6L 6","4X4 W/REAR WHEEL DRV","AUTOMATIC","FLEXIBLE",6,"DEFAULT","On Minimum Bid","[PREMIUM]",,"ALBUQUERQUE","NM","87105 4755","USA","USD","[PREMIUM]","[PREMIUM]","E040",false,"[PREMIUM]","LAREDO",false,false,"[PREMIUM]",,,,,,,,"[PREMIUM]"
"67507796","2026-09-03 18:25:37.534","2026-09-16 22:56:06.079","67507796","2026-09-11 13:47:48.000","[PREMIUM]","74","TX - SAN ANTONIO","2026-09-17","THURSDAY","1200","CDT","0","V",2015,"MITSUBISHI","LANCER","LANCER","SEDAN 4DR","WHITE","MINOR DENT/SCRATCHES","MECHANICAL","TX","CT","YES","E",235593,"A","[PREMIUM]",0,"2.0L 4","FRONT WHEEL DRIVE","MANUAL","GAS",4,"DEFAULT","On Minimum Bid","[PREMIUM]",,"SAN ANTONIO","TX","78224 3051","USA","USD","[PREMIUM]","[PREMIUM]","N170",true,"[PREMIUM]","ES",false,false,"[PREMIUM]",,,,,,,,"[PREMIUM]"
"67631456","2026-09-03 18:25:37.533","2026-09-10 08:38:47.229","67631456","2026-09-03 23:05:26.000","[PREMIUM]","74","TX - SAN ANTONIO","2026-09-10","THURSDAY","1200","CDT","0","V",2013,"FORD","EDGE","EDGE","4DR SPORT UTILITY","BLACK","MINOR DENT/SCRATCHES",,"WV","SC","YES","D",151810,"A","[PREMIUM]",0,"3.5L 6","FRONT WHEEL DRIVE","AUTOMATIC","GAS",6,"Run & Drive Verified","On Minimum Bid","[PREMIUM]",,"SAN ANTONIO","TX","78224 3051","USA","USD","[PREMIUM]","[PREMIUM]","K090",true,"[PREMIUM]","LIMITED",false,false,"[PREMIUM]",,,,,,,,"[PREMIUM]"
"67631876","2026-09-03 18:25:37.487","2026-09-04 18:27:30.802","67631876","2026-09-03 22:45:10.000","[PREMIUM]","74","TX - SAN ANTONIO","2026-09-10","THURSDAY","1200","CDT","0","V",2014,"CHEVROLET","SPARK","SPARK","HATCHBACK 4DR","WHITE","MINOR DENT/SCRATCHES",,"TX","CT","YES","D",144248,"A","[PREMIUM]",0,"1.2L 4","FRONT WHEEL DRIVE","AUTOMATIC","GAS",4,"Run & Drive Verified","On Minimum Bid","[PREMIUM]",,"SAN ANTONIO","TX","78224 3051","USA","USD","[PREMIUM]","[PREMIUM]","S100",true,"[PREMIUM]","1LT",false,false,"[PREMIUM]",,,,,,,,"[PREMIUM]"
"67433756","2026-09-03 18:25:37.484","2026-09-14 20:16:05.783","67433756","2026-09-14 19:00:54.000","[PREMIUM]","881","*NCS - CENTRAL REGION","2026-09-14","MONDAY","2000","CDT","2010","V",2005,"TOYOTA","TACOMA","TACOMA","CREW PICKUP","SILVER","REAR END","MINOR DENT/SCRATCHES","TX","CT","YES","D",278907,"E","[PREMIUM]",0,"4.0L 6","REAR WHEEL DRIVE","AUTOMATIC","GAS",6,"Run & Drive Verified","On Minimum Bid","[PREMIUM]",,"SAN ANTONIO","TX","78224 3051","USA","USD","[PREMIUM]","[PREMIUM]","E140",true,"[PREMIUM]","DOUBLE CAB PRERUNNER LONG BED",false,false,"[PREMIUM]",,,,,,,,"[PREMIUM]"
"67216296","2026-09-03 18:25:37.353","2026-09-16 06:31:16.777","67216296","2026-09-12 00:39:32.000","[PREMIUM]","74","TX - SAN ANTONIO","2026-09-17","THURSDAY","1200","CDT","0","V",2008,"CHEVROLET","SILVERADO","SILVERADO","4DR EXT CAB PICKUP","GRAY","MINOR DENT/SCRATCHES",,"TX","CT","YES","E",157142,"A","[PREMIUM]",0,"5.3L 8","4X4 W/REAR WHEEL DRV","AUTOMATIC","GAS",8,"DEFAULT","On Minimum Bid","[PREMIUM]",,"SAN ANTONIO","TX","78224 3051","USA","USD","[PREMIUM]","[PREMIUM]","O190",true,"[PREMIUM]","K1500",false,false,"[PREMIUM]",,,,,,,,"[PREMIUM]"
"67429666","2026-09-03 18:25:32.148","2026-09-13 14:13:32.318","67429666","2026-09-11 21:13:10.000","[PREMIUM]","73","TX - ABILENE","2026-09-18","FRIDAY","1200","CDT","0","V",2013,"TOYOTA","TACOMA","TACOMA",,"GRAY","FRONT END","HAIL","TX","CT","YES","D",295137,"A","[PREMIUM]",0,,,"AUTOMATIC",,,"Run & Drive Verified","On Minimum Bid","[PREMIUM]",,"ABILENE","TX","79601","USA","USD","[PREMIUM]","[PREMIUM]","B070",true,"[PREMIUM]","DOUBLE CAB",false,false,"[PREMIUM]",,,,,,,,"[PREMIUM]"
"67100966","2026-09-03 18:25:32.145","2026-09-16 15:16:57.894","67100966","2026-09-16 10:00:46.000","[PREMIUM]","835","MEDIUM DUTY SPECIALTY SALE","2026-09-16","WEDNESDAY","1100","CDT","5425","K",2024,"FORD","TRANSIT","TRANSIT","VAN CARGO","WHITE","SIDE","MINOR DENT/SCRATCHES","TX","SV","YES","D",44809,"A","[PREMIUM]",0,"3.5L 6","REAR WHEEL DRIVE","AUTOMATIC","GAS",6,"Run & Drive Verified","On Approval","[PREMIUM]",,"ABILENE","TX","79601","USA","USD","[PREMIUM]","[PREMIUM]","F020",false,"[PREMIUM]","T-250",false,false,"[PREMIUM]",,,,,,,,"[PREMIUM]"
"67710946","2026-09-03 18:25:30.828","2026-09-16 15:16:54.244","67710946","2026-09-10 21:05:05.000","[PREMIUM]","72","ID - BOISE","2026-09-17","THURSDAY","1200","MDT","0","V",2016,"DODGE","JOURNEY","JOURNEY","4DR SPORT UTILITY","WHITE","MECHANICAL",,"ID","CT","YES","S",177695,"A","[PREMIUM]",0,"3.6L 6","ALL WHEEL DRIVE","AUTOMATIC","FLEXIBLE",6,"Vehicle Starts","On Minimum Bid","[PREMIUM]",,"NAMPA","ID","83687","USA","USD","[PREMIUM]","[PREMIUM]","C010",true,"[PREMIUM]","R/T",false,false,"[PREMIUM]",,,,,,,,"[PREMIUM]"
"66603346","2026-09-03 18:25:30.778","2026-09-14 02:13:46.732","66603346","2026-09-11 23:34:32.000","[PREMIUM]","72","ID - BOISE","2026-09-17","THURSDAY","1200","MDT","0","V",2011,"BMW","3 SERIES","335","SEDAN 4DR","WHITE","FRONT END","SIDE","ID","CT","YES","E",147840,"A","[PREMIUM]",0,"3.0L 6","REAR WHEEL DRIVE","AUTOMATIC","DIESEL",6,"DEFAULT","On Minimum Bid","[PREMIUM]",,"NAMPA","ID","83687","USA","USD","[PREMIUM]","[PREMIUM]","A040",true,"[PREMIUM]","D",false,false,"[PREMIUM]",,,,,,,,"[PREMIUM]"
"66602796","2026-09-03 18:25:30.776","2026-09-16 08:08:41.435","66602796","2026-09-14 15:15:26.000","[PREMIUM]","72","ID - BOISE","2026-09-17","THURSDAY","1200","MDT","0","V",2011,"BMW","3 SERIES","335","SEDAN 4DR","WHITE","MECHANICAL",,"NV","CT","YES","E",134813,"A","[PREMIUM]",0,"3.0L 6","REAR WHEEL DRIVE","AUTOMATIC","DIESEL",6,"DEFAULT","On Approval","[PREMIUM]",,"NAMPA","ID","83687","USA","USD","[PREMIUM]","[PREMIUM]","F030",false,"[PREMIUM]","D",false,false,"[PREMIUM]",,,,,,,,"[PREMIUM]"
"66106446","2026-09-03 18:25:30.592","2026-09-10 02:39:02.967","66106446","2026-09-09 20:08:24.000","[PREMIUM]","72","ID - BOISE","2026-09-10","THURSDAY","1200","MDT","0","K",2021,"RAM","PROMASTER","PROMASTER 2500","VAN CARGO","WHITE","FRONT END",,"ID","SC","YES","D",100248,"A","[PREMIUM]",0,"3.6L 6","FRONT WHEEL DRIVE","AUTOMATIC","FLEXIBLE",6,"Run & Drive Verified","On Minimum Bid","[PREMIUM]",,"NAMPA","ID","83687","USA","USD","[PREMIUM]","[PREMIUM]","SC003",true,"[PREMIUM]","2500 HIGH",false,false,"[PREMIUM]",,,,,,,,"[PREMIUM]"
"66612156","2026-09-03 18:25:28.038","2026-09-11 11:12:58.861","66612156","2026-09-03 17:53:36.000","[PREMIUM]","71","WA - PASCO","2026-09-11","FRIDAY","1200","PDT","0","V",2015,"AUDI","A3","A3","SEDAN 4DR","SILVER","FRONT END","REAR END","WA","BS","YES","D",121892,"A","[PREMIUM]",0,"2.0L 4","ALL WHEEL DRIVE","AUTOMATIC","FLEXIBLE",4,"Run & Drive Verified","Pure Sale","[PREMIUM]",,"PASCO","WA","99301 9394","USA","USD","[PREMIUM]","[PREMIUM]","E020",false,"[PREMIUM]","PREMIUM",false,false,"[PREMIUM]",,,,,,,,"[PREMIUM]"
"67894546","2026-09-03 18:25:27.458","2026-09-16 21:16:39.710","67894546","2026-09-16 19:59:49.000","[PREMIUM]","70","FL - WEST PALM BEACH","2026-09-22","TUESDAY","1000","EDT","0","V",2016,"HONDA","CRV","CR-V","4DR SPORT UTILITY","BROWN","MINOR DENT/SCRATCHES",,"NY","CT","YES","D",80095,"N","[PREMIUM]",0,"2.4L 4","ALL WHEEL DRIVE","AUTOMATIC","GAS",4,"Run & Drive Verified","On Approval","[PREMIUM]",,"WEST PALM BEACH","FL","33411 3823","USA","USD","[PREMIUM]","[PREMIUM]","SD003",false,"[PREMIUM]","EXL",false,false,"[PREMIUM]",,,,,,,,"[PREMIUM]"
"67886406","2026-09-03 18:25:27.442","2026-09-16 21:16:39.716","67886406","2026-09-16 19:59:39.000","[PREMIUM]","70","FL - WEST PALM BEACH","2026-09-22","TUESDAY","1000","EDT","0","V",2016,"HONDA","CRV","CR-V","4DR SPORT UTILITY","MAROON","MECHANICAL",,"PA","CT","YES","D",208733,"A","[PREMIUM]",0,"2.4L 4","ALL WHEEL DRIVE","AUTOMATIC","GAS",4,"Run & Drive Verified","On Approval","[PREMIUM]",,"WEST PALM BEACH","FL","33411 3823","USA","USD","[PREMIUM]","[PREMIUM]","SB001",false,"[PREMIUM]","EX",false,false,"[PREMIUM]",,,,,,,,"[PREMIUM]"
"67429726","2026-09-03 18:25:27.412","2026-09-16 16:53:42.489","67429726","2026-09-16 14:59:04.000","[PREMIUM]","70","FL - WEST PALM BEACH","2026-09-22","TUESDAY","1000","EDT","0","V",2006,"HONDA","ACCORD","ACCORD","SEDAN 4DR","BLUE","STRIPPED",,"FL","CT","YES","E",258291,"A","[PREMIUM]",0,"2.4L 4","FRONT WHEEL DRIVE","AUTOMATIC","GAS",4,"DEFAULT","On Minimum Bid","[PREMIUM]",,"WEST PALM BEACH","FL","33411 3823","USA","USD","[PREMIUM]","[PREMIUM]","SB003",true,"[PREMIUM]","SE",false,false,"[PREMIUM]",,,,,,,,"[PREMIUM]"
"67393276","2026-09-03 18:25:27.410","2026-09-16 22:55:35.524","67393276","2026-09-15 20:37:56.000","[PREMIUM]","880","*NCS - EASTERN REGION","2026-09-17","THURSDAY","2100","EDT","0","V",2025,"NISSAN","SENTRA","SENTRA","SEDAN","WHITE","FRONT END",,"FL","RT","YES","D",11932,"A","[PREMIUM]",0,"2.0L 4","FRONT WHEEL DRIVE","AUTOMATIC","GAS",4,"Run & Drive Verified","On Minimum Bid","[PREMIUM]",,"WEST PALM BEACH","FL","33411 3823","USA","USD","[PREMIUM]","[PREMIUM]","SB004",true,"[PREMIUM]","SV",false,false,"[PREMIUM]",,,,,,,,"[PREMIUM]"
"66598716","2026-09-03 18:25:27.244","2026-09-14 14:16:20.631","66598716","2026-09-11 11:33:20.000","[PREMIUM]","70","FL - WEST PALM BEACH","2026-09-15","TUESDAY","1000","EDT","2313","V",2014,"PORSCHE","CAYENNE","CAYENNE","4DR SPORT UTILITY","WHITE","MECHANICAL",,"FL","CT","YES","D",137137,"A","[PREMIUM]",0,"3.0L 6","ALL WHEEL DRIVE","AUTOMATIC","ELECTRIC AND GAS HYBRID",6,"Run & Drive Verified","On Minimum Bid","[PREMIUM]",,"WEST PALM BEACH","FL","33411 3823","USA","USD","[PREMIUM]","[PREMIUM]","G050",true,"[PREMIUM]","S HYBRID",false,false,"[PREMIUM]",,,,,,,,"[PREMIUM]"
"66548996","2026-09-03 18:25:25.292","2026-09-11 05:10:52.022","66548996","2026-09-09 01:32:26.000","[PREMIUM]","855","WHOLESALE AUCTION","2026-09-15","TUESDAY","1200","EDT","0","K",2020,"RAM","PROMASTER","PROMASTER 3500","VAN CARGO","BLUE","NORMAL WEAR",,"NJ","CT","YES","D",129819,"A","[PREMIUM]",6344,"3.6L 6","FRONT WHEEL DRIVE","AUTOMATIC","FLEXIBLE",6,"Run & Drive Verified","On Approval","[PREMIUM]",,"GLASSBORO","NJ","08028 3273","USA","USD","[PREMIUM]","[PREMIUM]","GBLU3",false,"[PREMIUM]",,false,true,"[PREMIUM]",,,,,"RED LIGHT",2.7,,"[PREMIUM]"
"66937396","2026-09-03 18:25:25.291","2026-09-15 14:17:07.720","66937396","2026-09-14 20:15:45.000","[PREMIUM]","855","WHOLESALE AUCTION","2026-09-15","TUESDAY","1200","EDT","4060","K",2020,"RAM","PROMASTER","PROMASTER 3500","VAN CARGO","BLUE","MINOR DENT/SCRATCHES",,"NY","CT","YES","D",73897,"A","[PREMIUM]",6410,"3.6L 6","FRONT WHEEL DRIVE","AUTOMATIC","FLEXIBLE",6,"Run & Drive Verified","On Minimum Bid","[PREMIUM]",,"GLASSBORO","NJ","08028 3273","USA","USD","[PREMIUM]","[PREMIUM]","GBLU3",true,"[PREMIUM]","UNKNOWN",false,true,"[PREMIUM]",,,,,"RED LIGHT",3,,"[PREMIUM]"
"65562066","2026-09-03 18:25:25.222","2026-09-16 18:31:23.904","65562066","2026-09-16 17:29:08.000","[PREMIUM]","855","WHOLESALE AUCTION","2026-09-22","TUESDAY","1200","EDT","0","K",2020,"RAM","PROMASTER","PROMASTER 3500","VAN CARGO","BLUE","MINOR DENT/SCRATCHES",,"PA","CT","YES","S",99714,"A","[PREMIUM]",5360,"3.6L 6","FRONT WHEEL DRIVE","AUTOMATIC","FLEXIBLE",6,"Vehicle Starts","On Minimum Bid","[PREMIUM]",,"GLASSBORO","NJ","08028 3273","USA","USD","[PREMIUM]","[PREMIUM]","GBLU4",true,"[PREMIUM]","3500 HIGH",false,true,"[PREMIUM]",,,,,"RED LIGHT",2.4,,"[PREMIUM]"
"65480486","2026-09-03 18:25:25.211","2026-09-15 14:17:07.030","65480486","2026-09-14 20:01:56.000","[PREMIUM]","855","WHOLESALE AUCTION","2026-09-15","TUESDAY","1200","EDT","6630","K",2020,"FORD","TRANSIT","TRANSIT","VAN CARGO","BLUE","MINOR DENT/SCRATCHES",,"MD","CT","YES","D",95752,"A","[PREMIUM]",22696,"3.5L 6","REAR WHEEL DRIVE","AUTOMATIC","GAS",6,"Run & Drive Verified","On Minimum Bid","[PREMIUM]",,"GLASSBORO","NJ","08028 3273","USA","USD","[PREMIUM]","[PREMIUM]","GBLU3",true,"[PREMIUM]","T-250",false,true,"[PREMIUM]",,,,,"RED LIGHT",1.5,,"[PREMIUM]"
"65450426","2026-09-03 18:25:25.210","2026-09-15 14:17:07.019","65450426","2026-09-14 20:01:56.000","[PREMIUM]","855","WHOLESALE AUCTION","2026-09-15","TUESDAY","1200","EDT","8567","K",2020,"FORD","TRANSIT","TRANSIT","VAN CARGO","BLUE","MECHANICAL",,"PA","CT","YES","E",115589,"A","[PREMIUM]",8545,"3.5L 6","REAR WHEEL DRIVE","AUTOMATIC","GAS",6,"DEFAULT","On Minimum Bid","[PREMIUM]",,"GLASSBORO","NJ","08028 3273","USA","USD","[PREMIUM]","[PREMIUM]","GBLU5",true,"[PREMIUM]","T-250",false,true,"[PREMIUM]",,,,,"RED LIGHT",2.4,,"[PREMIUM]"
"65391206","2026-09-03 18:25:25.189","2026-09-16 18:31:23.720","65391206","2026-09-16 17:22:01.000","[PREMIUM]","855","WHOLESALE AUCTION","2026-09-22","TUESDAY","1200","EDT","0","K",2020,"RAM","PROMASTER","PROMASTER 3500","VAN CARGO","BLUE","MINOR DENT/SCRATCHES",,"NJ","CT","YES","D",66210,"A","[PREMIUM]",3425,"3.6L 6","FRONT WHEEL DRIVE","AUTOMATIC","FLEXIBLE",6,"Run & Drive Verified","On Minimum Bid","[PREMIUM]",,"GLASSBORO","NJ","08028 3273","USA","USD","[PREMIUM]","[PREMIUM]","GBLU3",true,"[PREMIUM]","3500 HIGH",false,true,"[PREMIUM]",,,,,"RED LIGHT",3,,"[PREMIUM]"
"65391296","2026-09-03 18:25:25.185","2026-09-15 14:17:06.907","65391296","2026-09-14 20:15:45.000","[PREMIUM]","855","WHOLESALE AUCTION","2026-09-15","TUESDAY","1200","EDT","8607","K",2020,"RAM","PROMASTER","PROMASTER 3500","VAN CARGO","BLUE","MECHANICAL",,"NJ","CT","YES","E",112063,"A","[PREMIUM]",13983,"3.6L 6","FRONT WHEEL DRIVE","AUTOMATIC","FLEXIBLE",6,"DEFAULT","On Minimum Bid","[PREMIUM]",,"GLASSBORO","NJ","08028 3273","USA","USD","[PREMIUM]","[PREMIUM]","GBLU1",true,"[PREMIUM]",,false,true,"[PREMIUM]",,,,,"RED LIGHT",2,,"[PREMIUM]"
"71356915","2026-09-03 18:25:24.318","2026-09-08 08:08:02.453","71356915","2026-09-03 17:44:33.000","[PREMIUM]","68","CO - DENVER","2026-09-08","TUESDAY","1200","MDT","0","V",2004,"BMW","3 SERIES","330",,"RED","UNDERCARRIAGE",,"CO","ST","YES","D",76505,"A","[PREMIUM]",9541.77,"3.0L  6","Rear-wheel drive","MANUAL","GAS",6,"Run & Drive Verified","Pure Sale","[PREMIUM]",,"BRIGHTON","CO","80603 9337","USA","USD","[PREMIUM]","[PREMIUM]","F100",false,"[PREMIUM]","CI",false,false,"[PREMIUM]",,,,,,,,"[PREMIUM]"
"67525556","2026-09-03 18:25:24.266","2026-09-16 15:16:34.619","67525556","2026-09-16 10:00:47.000","[PREMIUM]","835","MEDIUM DUTY SPECIALTY SALE","2026-09-16","WEDNESDAY","1100","CDT","5606","K",2014,"FORD","TRANSIT","TRANSIT CONNECT","CARGO VAN","WHITE","SIDE",,"CO","BS","YES","D",127517,"A","[PREMIUM]",0,"1.6L 4","FRONT WHEEL DRIVE","AUTOMATIC","GAS",4,"Run & Drive Verified","On Minimum Bid","[PREMIUM]",,"BRIGHTON","CO","80603 9337","USA","USD","[PREMIUM]","[PREMIUM]","C130",true,"[PREMIUM]","XL",false,false,"[PREMIUM]",,,,,,,,"[PREMIUM]"
"67129986","2026-09-03 18:25:24.225","2026-09-14 20:15:27.006","67129986","2026-09-09 12:18:28.000","[PREMIUM]","68","CO - DENVER","2026-09-15","TUESDAY","1200","MDT","0","V",2006,"FORD","F-150","F150","CREW PICKUP","WHITE","SIDE",,"AZ","DV","YES","D",239595,"A","[PREMIUM]",0,"5.4L 8","4X4 W/REAR WHEEL DRV","AUTOMATIC","GAS",8,"Run & Drive Verified","On Minimum Bid","[PREMIUM]",,"BRIGHTON","CO","80603 9337","USA","USD","[PREMIUM]","[PREMIUM]","C170",true,"[PREMIUM]","SUPERCREW",false,false,"[PREMIUM]",,,,,,,,"[PREMIUM]"
"66556956","2026-09-03 18:25:24.116","2026-09-08 08:08:01.001","66556956","2026-09-03 19:55:49.000","[PREMIUM]","68","CO - DENVER","2026-09-08","TUESDAY","1200","MDT","0","V",2013,"TOYOTA","4RUNNER","4RUNNER","SUV","WHITE","FRONT END",,"CO","PS","YES","D",245350,"A","[PREMIUM]",14015.76,"4.0L 6","ALL WHEEL DRIVE","AUTOMATIC","GAS",6,"Run & Drive Verified","On Minimum Bid","[PREMIUM]",,"BRIGHTON","CO","80603 9337","USA","USD","[PREMIUM]","[PREMIUM]","G150",false,"[PREMIUM]","LIMITED",false,false,"[PREMIUM]",,,,,,,,"[PREMIUM]"
"59660644","2026-09-03 18:25:13.706","2026-09-16 15:16:03.291","59660644","2026-09-15 21:58:26.000","[PREMIUM]","66","AL - TANNER","2026-09-16","WEDNESDAY","1200","CDT","2273","V",2016,"DODGE","CHARGER","CHARGER","SEDAN 4D","BLUE","FRONT END",,"AL","ST","YES","D",162310,"A","[PREMIUM]",13463,"3.6L  6","Rear-wheel drive","AUTOMATIC","FLEXIBLE FUEL",6,"Run & Drive Verified","On Minimum Bid","[PREMIUM]",,"TANNER","AL","35671 4027","USA","USD","[PREMIUM]","[PREMIUM]","M120",true,"[PREMIUM]","SXT",false,false,"[PREMIUM]",,,,,,,,"[PREMIUM]"
"67463876","2026-09-03 18:25:11.580","2026-09-16 15:15:52.257","67463876","2026-09-14 22:09:24.000","[PREMIUM]","881","*NCS - CENTRAL REGION","2026-09-16","WEDNESDAY","2000","CDT","0","V",2018,"FORD","EXPEDITION","EXPEDITION","SPORT UTILITY VEHICLE","BLACK","FRONT END","MECHANICAL","MS","ST","YES","D",49371,"A","[PREMIUM]",0,"3.5L 6","4X4 W/REAR WHEEL DRV","AUTOMATIC","GAS",6,"Run & Drive Verified","On Minimum Bid","[PREMIUM]",,"LEBANON","TN","37090","USA","USD","[PREMIUM]","[PREMIUM]","M040",true,"[PREMIUM]","XLT",false,false,"[PREMIUM]",,,,,,,,"[PREMIUM]"
"66937876","2026-09-03 18:25:11.504","2026-09-15 14:16:16.706","66937876","2026-09-14 20:01:57.000","[PREMIUM]","855","WHOLESALE AUCTION","2026-09-15","TUESDAY","1200","EDT","6621","K",2021,"RAM","PROMASTER","PROMASTER 3500","VAN CARGO","BLUE","SIDE",,"FL","CT","YES","S",90507,"A","[PREMIUM]",10188,"3.6L 6","FRONT WHEEL DRIVE","AUTOMATIC","FLEXIBLE",6,"Vehicle Starts","On Minimum Bid","[PREMIUM]",,"LEBANON","TN","37090","USA","USD","[PREMIUM]","[PREMIUM]","Q200",true,"[PREMIUM]",,false,true,"[PREMIUM]",,,,,"RED LIGHT",2.8,,"[PREMIUM]"
"65516936","2026-09-03 18:25:10.256","2026-09-14 14:15:16.413","65516936","2026-09-09 20:33:57.000","[PREMIUM]","881","*NCS - CENTRAL REGION","2026-09-14","MONDAY","2000","CDT","0","V",2023,"FORD","F-150","F150","PICKUP","WHITE","BURN - INTERIOR",,"IN","ST","EXM","E",0,"N","[PREMIUM]",0,"3.5L 6","4X4 W/REAR WHEEL DRV","AUTOMATIC","ELECTRIC AND GAS HYBRID",6,"DEFAULT","On Minimum Bid","[PREMIUM]",,"LEBANON","TN","37090","USA","USD","[PREMIUM]","[PREMIUM]","L170",true,"[PREMIUM]","SUPERCREW",false,false,"[PREMIUM]",,,,,,,,"[PREMIUM]"
"56675806","2026-09-03 18:25:06.156","2026-09-16 15:15:39.931","56675806","2026-09-15 18:49:15.000","[PREMIUM]","63","TN - NASHVILLE","2026-09-16","WEDNESDAY","1200","CDT","2502","V",2024,"JEEP","WAGONEER","WAGONEER S","SPORT UTILITY VEHICLE","BLACK","FRONT END",,"ID","SC","YES","S",10442,"A","[PREMIUM]",17683,,"ALL WHEEL DRIVE","AUTOMATIC","ELECTRIC",,"Vehicle Starts","Pure Sale","[PREMIUM]",,"LEBANON","TN","37090","USA","USD","[PREMIUM]","[PREMIUM]","Q070",false,"[PREMIUM]","LAUNCH EDITION",false,false,"[PREMIUM]",,,,,,,,"[PREMIUM]"
"65562196","2026-09-03 18:25:05.306","2026-09-08 08:07:08.698","65562196","2026-09-07 20:01:21.000","[PREMIUM]","855","WHOLESALE AUCTION","2026-09-08","TUESDAY","1200","EDT","8230","K",2021,"FORD","TRANSIT","TRANSIT","CUTAWAY","BLUE","MECHANICAL","MINOR DENT/SCRATCHES","TX","CT","YES","E",81028,"A","[PREMIUM]",6035,"3.5L 6","REAR WHEEL DRIVE","AUTOMATIC","GAS",6,"DEFAULT","On Approval","[PREMIUM]",,"NEW BRAUNFELS","TX","78130 7208","USA","USD","[PREMIUM]","[PREMIUM]","Y010",false,"[PREMIUM]",,false,true,"[PREMIUM]",,,,,"RED LIGHT",3.5,"Maintenance,Safety,Other,Emission","[PREMIUM]"
"65214316","2026-09-03 18:25:05.260","2026-09-10 08:37:20.142","65214316","2026-09-10 02:46:46.000","[PREMIUM]","855","WHOLESALE AUCTION","2026-09-15","TUESDAY","1200","EDT","0","K",2021,"FORD","TRANSIT","TRANSIT","CUTAWAY","BLUE","MINOR DENT/SCRATCHES","MECHANICAL","TX","CT","YES","D",160093,"A","[PREMIUM]",7126,"3.5L 6","REAR WHEEL DRIVE","AUTOMATIC","GAS",6,"Run & Drive Verified","On Minimum Bid","[PREMIUM]",,"NEW BRAUNFELS","TX","78130 7208","USA","USD","[PREMIUM]","[PREMIUM]","Y010",true,"[PREMIUM]","T-350 HD",false,true,"[PREMIUM]",,,,,"RED LIGHT",2.1,"Maintenance,Safety,Other,Emission","[PREMIUM]"
"65214396","2026-09-03 18:25:05.257","2026-09-16 20:08:30.700","65214396","2026-09-16 18:04:56.000","[PREMIUM]","855","WHOLESALE AUCTION","2026-09-22","TUESDAY","1200","EDT","0","K",2021,"FORD","TRANSIT","TRANSIT","CUTAWAY","BLUE","MINOR DENT/SCRATCHES",,"TX","CT","YES","D",92886,"A","[PREMIUM]",800,"3.5L 6","REAR WHEEL DRIVE","AUTOMATIC","GAS",6,"Run & Drive Verified","On Minimum Bid","[PREMIUM]",,"NEW BRAUNFELS","TX","78130 7208","USA","USD","[PREMIUM]","[PREMIUM]","V070",true,"[PREMIUM]",,false,true,"[PREMIUM]",,,,,"RED LIGHT",3.7,"Maintenance,Safety,Other,Emission","[PREMIUM]"
"67450176","2026-09-03 18:25:03.522","2026-09-08 08:07:03.885","67450176","2026-09-03 17:51:43.000","[PREMIUM]","61","MI - DETROIT","2026-09-08","TUESDAY","1000","EDT","0","V",2012,"FORD","FOCUS","FOCUS","SEDAN 4DR","SILVER","FRONT END",,"MI","CT","YES","D",63473,"A","[PREMIUM]",8651,"2.0L 4","FRONT WHEEL DRIVE","AUTOMATIC","GAS",4,"Run & Drive Verified","Pure Sale","[PREMIUM]",,"WOODHAVEN","MI","48183 4366","USA","USD","[PREMIUM]","[PREMIUM]","E160",false,"[PREMIUM]","SE",false,false,"[PREMIUM]",,,,,,,,"[PREMIUM]"
"67088546","2026-09-03 18:25:03.409","2026-09-15 09:16:13.849","67088546","2026-09-15 08:00:27.000","[PREMIUM]","61","MI - DETROIT","2026-09-15","TUESDAY","1000","EDT","2333","V",2018,"FORD","ESCAPE","ESCAPE","SPORT UTILITY VEHICLE","SILVER","MINOR DENT/SCRATCHES",,"MI","CT","YES","D",187700,"A","[PREMIUM]",0,"1.5L 4","4X4 W/FRONT WHL DRV","AUTOMATIC","GAS",4,"Run & Drive Verified","On Approval","[PREMIUM]",,"WOODHAVEN","MI","48183 4366","USA","USD","[PREMIUM]","[PREMIUM]","FF090",false,"[PREMIUM]","SE",false,false,"[PREMIUM]",,,,,,,,"[PREMIUM]"
"66072686","2026-09-03 18:25:02.783","2026-09-15 14:15:49.478","66072686","2026-09-15 08:00:27.000","[PREMIUM]","61","MI - DETROIT","2026-09-15","TUESDAY","1000","EDT","4099","V",2015,"MERCEDES-BENZ","C-CLASS","C","SEDAN 4DR","BLUE","MINOR DENT/SCRATCHES",,"VA","CT","YES","E",0,"N","[PREMIUM]",15420,"2.0L 4","ALL WHEEL DRIVE","AUTOMATIC","GAS",4,"DEFAULT","On Minimum Bid","[PREMIUM]",,"WOODHAVEN","MI","48183 4366","USA","USD","[PREMIUM]","[PREMIUM]","FF100",false,"[PREMIUM]","300 4MATIC",false,false,"[PREMIUM]",,,,,,,,"[PREMIUM]"
"65391366","2026-09-03 18:25:02.052","2026-09-16 08:07:09.325","65391366","2026-09-12 02:46:29.000","[PREMIUM]","855","WHOLESALE AUCTION","2026-09-17","THURSDAY","1200","EDT","0","K",2020,"RAM","PROMASTER","PROMASTER 3500","VAN CARGO","BLUE","SIDE",,"MI","CT","YES","D",116415,"A","[PREMIUM]",9830,"3.6L 6","FRONT WHEEL DRIVE","AUTOMATIC","FLEXIBLE",6,"Run & Drive Verified","On Minimum Bid","[PREMIUM]",,"WOODHAVEN","MI","48183 4366","USA","USD","[PREMIUM]","[PREMIUM]","HV012",true,"[PREMIUM]",,false,true,"[PREMIUM]",,,,,"RED LIGHT",2.2,,"[PREMIUM]"
"65214356","2026-09-03 18:25:01.716","2026-09-15 14:15:46.847","65214356","2026-09-14 20:01:56.000","[PREMIUM]","855","WHOLESALE AUCTION","2026-09-15","TUESDAY","1200","EDT","6346","K",2021,"RAM","PROMASTER","PROMASTER 3500","VAN CARGO","BLUE","FRONT END",,"MI","CT","YES","D",64157,"A","[PREMIUM]",5243,"3.6L 6","FRONT WHEEL DRIVE","AUTOMATIC","FLEXIBLE",6,"Run & Drive Verified","On Minimum Bid","[PREMIUM]",,"WOODHAVEN","MI","48183 4366","USA","USD","[PREMIUM]","[PREMIUM]","HV011",true,"[PREMIUM]",,false,true,"[PREMIUM]",,,,,"RED LIGHT",3.8,,"[PREMIUM]"
"65061476","2026-09-03 18:25:01.532","2026-09-08 14:06:30.881","65061476","2026-09-07 20:01:21.000","[PREMIUM]","855","WHOLESALE AUCTION","2026-09-08","TUESDAY","1200","EDT","6584","K",2021,"RAM","PROMASTER","PROMASTER 3500","VAN CARGO","BLUE","TOP/ROOF","MECHANICAL","MI","CT","YES","D",71723,"A","[PREMIUM]",5319,"3.6L 6","FRONT WHEEL DRIVE","AUTOMATIC","FLEXIBLE",6,"Run & Drive Verified","On Approval","[PREMIUM]",,"WOODHAVEN","MI","48183 4366","USA","USD","[PREMIUM]","[PREMIUM]","HV027",false,"[PREMIUM]",,false,true,"[PREMIUM]",,,,,"RED LIGHT",3.8,,"[PREMIUM]"
"62359326","2026-09-03 18:24:58.625","2026-09-08 08:06:52.643","62359326","2026-09-03 17:59:16.000","[PREMIUM]","61","MI - DETROIT","2026-09-08","TUESDAY","1000","EDT","0","V",2019,"DODGE","CHARGER","CHARGER","SEDAN","BLACK","FRONT END","SIDE","MI","CT","YES","D",52616,"A","[PREMIUM]",21977.21,"3.6L 6","ALL WHEEL DRIVE","AUTOMATIC","FLEXIBLE",6,"Run & Drive Verified","Pure Sale","[PREMIUM]",,"WOODHAVEN","MI","48183 4366","USA","USD","[PREMIUM]","[PREMIUM]","M070",false,"[PREMIUM]","SXT",false,false,"[PREMIUM]",,,,,,,,"[PREMIUM]"
"67693726","2026-09-03 18:24:53.194","2026-09-11 11:11:11.601","67693726","2026-09-10 12:28:40.000","[PREMIUM]","60","IA - DES MOINES","2026-09-11","FRIDAY","1200","CDT","2061","V",2022,"CHEVROLET","SILVERADO","SILVERADO LTD","PICKUP","BLACK","NORMAL WEAR",,"IA","SH","YES","D",52286,"A","[PREMIUM]",0,"6.2L 8","4X4 W/REAR WHEEL DRV","AUTOMATIC","GAS",8,"Run & Drive Verified","On Minimum Bid","[PREMIUM]",,"DES MOINES","IA","50317","USA","USD","[PREMIUM]","[PREMIUM]","B050",true,"[PREMIUM]","K1500 LT TRAIL BOSS",false,false,"[PREMIUM]",,,,,,,,"[PREMIUM]"
"66538076","2026-09-03 18:24:52.981","2026-09-16 15:15:07.950","66538076","2026-09-10 21:35:39.000","[PREMIUM]","60","IA - DES MOINES","2026-09-18","FRIDAY","1200","CDT","0","V",2010,"BUICK","ENCLAVE","ENCLAVE","4DR SPORT UTILITY","MAROON","REAR END","MINOR DENT/SCRATCHES","IA","ST","YES","D",198453,"E","[PREMIUM]",5823.79,"3.6L 6","FRONT WHEEL DRIVE","AUTOMATIC","GAS",6,"Run & Drive Verified","Pure Sale","[PREMIUM]",,"DES MOINES","IA","50317","USA","USD","[PREMIUM]","[PREMIUM]","J010",false,"[PREMIUM]","CXL",false,false,"[PREMIUM]",,,,,,,,"[PREMIUM]"
"65391986","2026-09-03 18:24:51.708","2026-09-15 10:53:33.862","65391986","2026-09-14 20:15:45.000","[PREMIUM]","855","WHOLESALE AUCTION","2026-09-15","TUESDAY","1200","EDT","4203","K",2021,"RAM","PROMASTER","PROMASTER 3500 3500","VAN CARGO","BLUE","MECHANICAL",,"IA","CT","YES","S",57187,"A","[PREMIUM]",10353,"3.6L 6","FRONT WHEEL DRIVE","AUTOMATIC","FLEXIBLE",6,"Vehicle Starts","On Minimum Bid","[PREMIUM]",,"DES MOINES","IA","50317","USA","USD","[PREMIUM]","[PREMIUM]","2G050",true,"[PREMIUM]",,false,true,"[PREMIUM]",,,,,"RED LIGHT",2.6,,"[PREMIUM]"
"67403656","2026-09-03 18:24:48.080","2026-09-16 15:14:58.606","67403656","2026-09-11 22:18:39.000","[PREMIUM]","59","CA - SAN DIEGO","2026-09-18","FRIDAY","1200","PDT","0","V",2006,"TOYOTA","CAMRY","CAMRY","SEDAN","WHITE","MINOR DENT/SCRATCHES",,"CA","DV","YES","E",158015,"E","[PREMIUM]",0,"2.4L 4","FRONT WHEEL DRIVE","AUTOMATIC","GAS",4,"DEFAULT","On Minimum Bid","[PREMIUM]",,"SAN DIEGO","CA","92154 8309","USA","USD","[PREMIUM]","[PREMIUM]","D005",true,"[PREMIUM]","LE",false,false,"[PREMIUM]",,,,,,,,"[PREMIUM]"
"67692596","2026-09-03 18:24:43.716","2026-09-16 15:14:52.773","67692596","2026-09-14 22:46:32.000","[PREMIUM]","58","AL - MOBILE","2026-09-21","MONDAY","1200","CDT","0","V",2001,"HONDA","ACCORD","ACCORD","SEDAN 4DR","TAN","MINOR DENT/SCRATCHES",,"AL","CT","YES","E",149579,"E","[PREMIUM]",0,"3.0L 6","FRONT WHEEL DRIVE","AUTOMATIC","GAS",6,"DEFAULT","On Minimum Bid","[PREMIUM]",,"EIGHT MILE","AL","36613 8901","USA","USD","[PREMIUM]","[PREMIUM]","E080",true,"[PREMIUM]","EX",false,false,"[PREMIUM]",,,,,,,,"[PREMIUM]"
"67708176","2026-09-03 18:24:43.690","2026-09-14 14:14:14.844","67708176","2026-09-14 11:00:06.000","[PREMIUM]","58","AL - MOBILE","2026-09-14","MONDAY","1200","CDT","46","V",2016,"MERCEDES-BENZ","E-CLASS","E","CONVERTIBLE","TAN","MINOR DENT/SCRATCHES",,"AL","CR","YES","D",104642,"A","[PREMIUM]",0,"3.0L 6","Rear Wheel Drive","AUTOMATIC","Gas",6,"Run & Drive Verified","On Approval","[PREMIUM]",,"EIGHT MILE","AL","36613 8901","USA","USD","[PREMIUM]","[PREMIUM]","F060",false,"[PREMIUM]","400",false,false,"[PREMIUM]",,,,,,,,"[PREMIUM]"
"67476556","2026-09-03 18:24:35.812","2026-09-16 15:14:36.411","67476556","2026-09-11 21:44:25.000","[PREMIUM]","56","SC - COLUMBIA","2026-09-18","FRIDAY","1000","EDT","0","V",2010,"CHEVROLET","TAHOE","TAHOE","4DR SPORT UTILITY","BLACK","MINOR DENT/SCRATCHES",,"SC","CT","YES","D",306843,"A","[PREMIUM]",0,"5.3L 8","REAR WHEEL DRIVE","AUTOMATIC","FLEXIBLE",8,"Run & Drive Verified","On Minimum Bid","[PREMIUM]",,"GASTON","SC","29053","USA","USD","[PREMIUM]","[PREMIUM]","E070",true,"[PREMIUM]","C1500 LT",false,false,"[PREMIUM]",,,,,,,,"[PREMIUM]"
"60245716","2026-09-03 18:24:32.659","2026-09-16 15:14:30.333","60245716","2026-09-03 17:12:25.000","[PREMIUM]","56","SC - COLUMBIA",,,,"EDT","0","V",2021,"HYUNDAI","PALISADE","PALISADE SE","SPORT UTILITY VEHICLE","WHITE","FRONT END",,"SC","ST","YES","D",44569,"A","[PREMIUM]",23332.58,"3.8L 6","ALL WHEEL DRIVE","AUTOMATIC","GAS",6,"Run & Drive Verified","Pure Sale","[PREMIUM]",,"GASTON","SC","29053","USA","USD","[PREMIUM]","[PREMIUM]","C050",false,"[PREMIUM]",,false,false,"[PREMIUM]",,,,,,,,"[PREMIUM]"
"67087806","2026-09-03 18:24:31.350","2026-09-09 08:35:54.328","67087806","2026-09-03 17:33:29.000","[PREMIUM]","838","RENTAL VEHICLE SALE","2026-09-09","WEDNESDAY","1200","EDT","0","V",2024,"JEEP","WAGONEER","WAGONEER","SPORT UTILITY VEHICLE","BLACK","REAR END","FRONT END","FL","RB","YES","D",57915,"A","[PREMIUM]",0,"3.0L 6","REAR WHEEL DRIVE","AUTOMATIC","GAS",6,"Run & Drive Verified","On Approval","[PREMIUM]",,"ORLANDO","FL","32824 7826","USA","USD","[PREMIUM]","[PREMIUM]","DBLU6",false,"[PREMIUM]","SERIES II",false,false,"[PREMIUM]",,,,,,,,"[PREMIUM]"
"67195816","2026-09-03 18:24:31.344","2026-09-14 20:13:16.439","67195816","2026-09-10 14:45:24.000","[PREMIUM]","55","FL - ORLANDO SOUTH","2026-09-15","TUESDAY","1000","EDT","0","V",2017,"CHEVROLET","IMPALA","IMPALA","SEDAN 4DR","SILVER","MINOR DENT/SCRATCHES",,"FL","CT","YES","D",99825,"A","[PREMIUM]",0,"3.6L 6","FRONT WHEEL DRIVE","AUTOMATIC","GAS",6,"Run & Drive Verified","On Minimum Bid","[PREMIUM]",,"ORLANDO","FL","32824 7826","USA","USD","[PREMIUM]","[PREMIUM]","B040",true,"[PREMIUM]","PREMIER",false,false,"[PREMIUM]",,,,,,,,"[PREMIUM]"
"67195496","2026-09-03 18:24:31.334","2026-09-08 08:06:00.670","67195496","2026-09-03 17:56:31.000","[PREMIUM]","55","FL - ORLANDO SOUTH","2026-09-08","TUESDAY","1000","EDT","0","V",2013,"CHEVROLET","CAMARO","CAMARO","COUPE","BLACK","UNDERCARRIAGE",,"FL","CT","YES","D",75390,"A","[PREMIUM]",0,"3.6L 6","REAR WHEEL DRIVE","AUTOMATIC","GAS",6,"Run & Drive Verified","On Approval","[PREMIUM]",,"ORLANDO","FL","32824 7826","USA","USD","[PREMIUM]","[PREMIUM]","UB10",false,"[PREMIUM]","LS",false,false,"[PREMIUM]",,,,,,,,"[PREMIUM]"
"66711836","2026-09-03 18:24:31.230","2026-09-09 08:35:53.944","66711836","2026-09-03 17:51:53.000","[PREMIUM]","838","RENTAL VEHICLE SALE","2026-09-09","WEDNESDAY","1200","EDT","0","V",2024,"NISSAN","ROGUE","ROGUE","SPORT UTILITY VEHICLE","SILVER","FRONT END","SIDE","FL","RB","YES","D",65102,"A","[PREMIUM]",0,"1.5L 3","FRONT WHEEL DRIVE","AUTOMATIC","GAS",3,"Run & Drive Verified","On Approval","[PREMIUM]",,"ORLANDO","FL","32824 7826","USA","USD","[PREMIUM]","[PREMIUM]","DBLU4",false,"[PREMIUM]","S",false,false,"[PREMIUM]",,,,,,,,"[PREMIUM]"
"64553766","2026-09-03 18:24:30.676","2026-09-16 15:14:23.686","64553766","2026-09-15 18:34:00.000","[PREMIUM]","880","*NCS - EASTERN REGION","2026-09-17","THURSDAY","2100","EDT","0","V",2010,"MERCEDES-BENZ","C-CLASS","C","SEDAN 4DR","BLACK","MINOR DENT/SCRATCHES","STRIPPED","FL","CT","NO","E",120022,"E","[PREMIUM]",0,"6.2L 8","REAR WHEEL DRIVE","AUTOMATIC","GAS",8,"DEFAULT","On Minimum Bid","[PREMIUM]",,"ORLANDO","FL","32824 7826","USA","USD","[PREMIUM]","[PREMIUM]","AA060",true,"[PREMIUM]","63 AMG",false,false,"[PREMIUM]",,,,,,,,"[PREMIUM]"
"65547076","2026-09-03 18:24:28.572","2026-09-16 15:14:16.016","65547076","2026-09-15 12:57:24.000","[PREMIUM]","54","NC - RALEIGH","2026-09-17","THURSDAY","1000","EDT","0","V",2014,"JEEP","COMPASS","COMPASS","4DR SPORT UTILITY","BLUE","ROLLOVER","FRAME DAMAGE","NC","SC","YES","E",0,"N","[PREMIUM]",18191.68,"2.0L 4","FRONT WHEEL DRIVE","AUTOMATIC","GAS",4,"DEFAULT","Pure Sale","[PREMIUM]",,"DUNN","NC","28334 5446","USA","USD","[PREMIUM]","[PREMIUM]","E050",false,"[PREMIUM]","SPORT",false,false,"[PREMIUM]",,,,,,,,"[PREMIUM]"
"68036296","2026-09-03 18:24:25.391","2026-09-16 15:14:04.984","68036296","2026-09-16 01:53:22.000","[PREMIUM]","53","MA - NORTH BOSTON","2026-09-18","FRIDAY","1000","EDT","0","V",2012,"TOYOTA","TUNDRA","TUNDRA","CREW PICKUP","CHARCOAL","NORMAL WEAR",,"MA","CT","YES","D",190199,"A","[PREMIUM]",0,"4.6L 8","4X4 W/REAR WHEEL DRV","AUTOMATIC","GAS",8,"Run & Drive Verified","On Minimum Bid","[PREMIUM]",,"NORTH BILLERICA","MA","01862 1632","USA","USD","[PREMIUM]","[PREMIUM]","*OFF",true,"[PREMIUM]","DOUBLE CAB SR5",false,false,"[PREMIUM]","55R HIGH STREET","MA","NORTH BILLERICA","01862",,,,"[PREMIUM]"
"68037026","2026-09-03 18:24:25.249","2026-09-16 15:14:04.976","68037026","2026-09-14 13:21:47.000","[PREMIUM]","53","MA - NORTH BOSTON","2026-09-18","FRIDAY","1000","EDT","0","V",2022,"GMC","YUKON","YUKON","SPORT UTILITY VEHICLE","BLACK","NORMAL WEAR",,"TX","CT","YES","D",188857,"A","[PREMIUM]",0,"3.0L 6","4X4 W/REAR WHEEL DRV","AUTOMATIC","DIESEL",6,"Run & Drive Verified","On Minimum Bid","[PREMIUM]",,"NORTH BILLERICA","MA","01862 1632","USA","USD","[PREMIUM]","[PREMIUM]","*OFF",true,"[PREMIUM]","SLT",false,false,"[PREMIUM]","55R HIGH STREET","MA","NORTH BILLERICA","01862",,,,"[PREMIUM]"
"68037956","2026-09-03 18:24:25.248","2026-09-16 15:14:05.094","68037956","2026-09-16 01:07:45.000","[PREMIUM]","53","MA - NORTH BOSTON","2026-09-18","FRIDAY","1000","EDT","0","V",2024,"FORD","EDGE","EDGE","SPORT UTILITY VEHICLE","CHARCOAL","NORMAL WEAR","MINOR DENT/SCRATCHES","TX","CT","YES","D",12085,"A","[PREMIUM]",0,"2.0L 4","ALL WHEEL DRIVE","AUTOMATIC","GAS",4,"Run & Drive Verified","On Minimum Bid","[PREMIUM]",,"NORTH BILLERICA","MA","01862 1632","USA","USD","[PREMIUM]","[PREMIUM]","*OFF",true,"[PREMIUM]","SEL",false,false,"[PREMIUM]","55R HIGH STREET","MA","NORTH BILLERICA","01862",,,,"[PREMIUM]"
"67999396","2026-09-03 18:24:25.244","2026-09-16 15:14:04.558","67999396","2026-09-16 12:28:14.000","[PREMIUM]","53","MA - NORTH BOSTON","2026-09-16","WEDNESDAY","1000","EDT","77","V",2023,"LAND ROVER","RANGEROVER","RANGE ROVER","SPORT UTILITY VEHICLE","WHITE","MINOR DENT/SCRATCHES",,"GA","CT","YES","D",87714,"A","[PREMIUM]",0,"3.0L 6","ALL WHEEL DRIVE","AUTOMATIC","GAS",6,"Run & Drive Verified","On Approval","[PREMIUM]",,"NORTH BILLERICA","MA","01862 1632","USA","USD","[PREMIUM]","[PREMIUM]","*OFF",false,"[PREMIUM]","SE",false,false,"[PREMIUM]","55R HIGH STREET","MA","NORTH BILLERICA","01862",,,,"[PREMIUM]"
"67024746","2026-09-03 18:24:24.801","2026-09-10 08:35:47.423","67024746","2026-09-09 12:03:26.000","[PREMIUM]","53","MA - NORTH BOSTON","2026-09-10","THURSDAY","1000","EDT","2384","V",2015,"MITSUBISHI","LANCER","LANCER","SEDAN 4DR","SILVER","SIDE","FRONT END","MA","RS","YES","D",107312,"A","[PREMIUM]",10090,"2.0L 4","FRONT WHEEL DRIVE","AUTOMATIC","GAS",4,"Run & Drive Verified","Pure Sale","[PREMIUM]",,"NORTH BILLERICA","MA","01862 1632","USA","USD","[PREMIUM]","[PREMIUM]","G040",false,"[PREMIUM]","ES",false,false,"[PREMIUM]",,,,,,,,"[PREMIUM]"
"66904826","2026-09-03 18:24:24.647","2026-09-10 08:35:46.974","66904826","2026-09-09 12:03:25.000","[PREMIUM]","53","MA - NORTH BOSTON","2026-09-10","THURSDAY","1000","EDT","195","V",2012,"HONDA","CIVIC","CIVIC","SEDAN 4DR","GRAY","SIDE","FRONT END","MA","RS","YES","D",110868,"A","[PREMIUM]",8414,"1.8L 4","FRONT WHEEL DRIVE","AUTOMATIC","GAS",4,"Run & Drive Verified","Pure Sale","[PREMIUM]",,"NORTH BILLERICA","MA","01862 1632","USA","USD","[PREMIUM]","[PREMIUM]","E050",false,"[PREMIUM]","EX",false,false,"[PREMIUM]",,,,,,,,"[PREMIUM]"
"66009366","2026-09-03 18:24:23.940","2026-09-10 08:35:44.762","66009366","2026-09-09 12:03:26.000","[PREMIUM]","53","MA - NORTH BOSTON","2026-09-10","THURSDAY","1000","EDT","3010","V",2011,"MERCEDES-BENZ","C-CLASS","C","SEDAN 4DR","BLACK","WATER/FLOOD",,"MA","RF","YES","E",149595,"A","[PREMIUM]",3450,"3.0L 6","ALL WHEEL DRIVE","AUTOMATIC","GAS",6,"DEFAULT","Pure Sale","[PREMIUM]",,"NORTH BILLERICA","MA","01862 1632","USA","USD","[PREMIUM]","[PREMIUM]","D040",false,"[PREMIUM]","300 4MATIC",false,false,"[PREMIUM]",,,,,,,,"[PREMIUM]"
"65810266","2026-09-03 18:24:23.568","2026-09-10 08:35:44.112","65810266","2026-09-09 12:03:26.000","[PREMIUM]","53","MA - NORTH BOSTON","2026-09-10","THURSDAY","1000","EDT","2374","V",2014,"CADILLAC","SRX","SRX","4DR SPORT UTILITY","GRAY","FRONT END",,"MA","RS","YES","D",118868,"A","[PREMIUM]",5321,"3.6L 6","FRONT WHEEL DRIVE","AUTOMATIC","GAS",6,"Run & Drive Verified","Pure Sale","[PREMIUM]",,"NORTH BILLERICA","MA","01862 1632","USA","USD","[PREMIUM]","[PREMIUM]","E010",false,"[PREMIUM]","LUXURY COLLECTION",false,false,"[PREMIUM]",,,,,,,,"[PREMIUM]"
"65796606","2026-09-03 18:24:23.568","2026-09-10 08:35:43.983","65796606","2026-09-09 12:03:25.000","[PREMIUM]","53","MA - NORTH BOSTON","2026-09-10","THURSDAY","1000","EDT","183","V",2010,"MERCEDES-BENZ","C-CLASS","C","SEDAN 4DR","SILVER","WATER/FLOOD","MINOR DENT/SCRATCHES","MA","RF","YES","D",97949,"A","[PREMIUM]",7465,"3.0L 6","ALL WHEEL DRIVE","AUTOMATIC","GAS",6,"Run & Drive Verified","Pure Sale","[PREMIUM]",,"NORTH BILLERICA","MA","01862 1632","USA","USD","[PREMIUM]","[PREMIUM]","1I030",false,"[PREMIUM]","300 4MATIC",false,false,"[PREMIUM]",,,,,,,,"[PREMIUM]"
"65580926","2026-09-03 18:24:23.395","2026-09-10 08:35:43.588","65580926","2026-09-09 12:03:26.000","[PREMIUM]","53","MA - NORTH BOSTON","2026-09-10","THURSDAY","1000","EDT","2420","V",2011,"MERCEDES-BENZ","C-CLASS","C","SEDAN 4DR","GRAY","REAR END","MINOR DENT/SCRATCHES","MA","RS","YES","D",106708,"A","[PREMIUM]",10422,"3.0L 6","ALL WHEEL DRIVE","AUTOMATIC","GAS",6,"Run & Drive Verified","Pure Sale","[PREMIUM]","COPART-HUDSON               ","NORTH BILLERICA","MA","01862 1632","USA","USD","[PREMIUM]","[PREMIUM]","1L080",false,"[PREMIUM]","300 4MATIC",false,false,"[PREMIUM]",,,,,,,,"[PREMIUM]"
"65292406","2026-09-03 18:24:23.320","2026-09-10 08:35:43.007","65292406","2026-09-09 12:03:26.000","[PREMIUM]","53","MA - NORTH BOSTON","2026-09-10","THURSDAY","1000","EDT","3267","V",2013,"SUBARU","IMPREZA","IMPREZA","SEDAN 4DR","BLACK","FRONT END","SIDE","MA","RS","YES","D",137863,"A","[PREMIUM]",3843,"2.0L 4","ALL WHEEL DRIVE","AUTOMATIC","GAS",4,"Run & Drive Verified","Pure Sale","[PREMIUM]",,"NORTH BILLERICA","MA","01862 1632","USA","USD","[PREMIUM]","[PREMIUM]","C060",false,"[PREMIUM]","PREMIUM",false,false,"[PREMIUM]",,,,,,,,"[PREMIUM]"
"64750926","2026-09-03 18:24:22.913","2026-09-10 08:35:41.887","64750926","2026-09-09 12:03:25.000","[PREMIUM]","53","MA - NORTH BOSTON","2026-09-10","THURSDAY","1000","EDT","2278","V",2014,"JEEP","CHEROKEE","CHEROKEE","4DR SPORT UTILITY","GRAY","FRONT END",,"MA","RS","YES","D",143500,"A","[PREMIUM]",2333,"2.4L 4","4X4 W/FRONT WHL DRV","AUTOMATIC","GAS",4,"Run & Drive Verified","Pure Sale","[PREMIUM]",,"NORTH BILLERICA","MA","01862 1632","USA","USD","[PREMIUM]","[PREMIUM]","K040",false,"[PREMIUM]","LATITUDE",false,false,"[PREMIUM]",,,,,,,,"[PREMIUM]"
"64629546","2026-09-03 18:24:22.856","2026-09-10 08:35:41.704","64629546","2026-09-09 12:03:26.000","[PREMIUM]","53","MA - NORTH BOSTON","2026-09-10","THURSDAY","1000","EDT","3114","V",2014,"MERCEDES-BENZ","S-CLASS","S","SEDAN 4DR","BLACK","MINOR DENT/SCRATCHES",,"MA","RS","YES","E",126765,"A","[PREMIUM]",17407,"4.6L 8","ALL WHEEL DRIVE","AUTOMATIC","GAS",8,"DEFAULT","On Minimum Bid","[PREMIUM]",,"NORTH BILLERICA","MA","01862 1632","USA","USD","[PREMIUM]","[PREMIUM]","D100",false,"[PREMIUM]","550 4MATIC",false,false,"[PREMIUM]",,,,,,,,"[PREMIUM]"
"64464356","2026-09-03 18:24:22.791","2026-09-09 08:35:27.159","64464356","2026-09-08 17:46:16.000","[PREMIUM]","53","MA - NORTH BOSTON","2026-09-09","WEDNESDAY","1000","EDT","30","V",2015,"HONDA","CRV","CR-V","4DR SPORT UTILITY","BLACK","SIDE","FRONT END","MA","RS","YES","D",103913,"A","[PREMIUM]",17457,"2.4L 4","ALL WHEEL DRIVE","AUTOMATIC","GAS",4,"Run & Drive Verified","On Minimum Bid","[PREMIUM]",,"NORTH BILLERICA","MA","01862 1632","USA","USD","[PREMIUM]","[PREMIUM]","1C010",false,"[PREMIUM]","EXL",false,false,"[PREMIUM]",,,,,,,,"[PREMIUM]"
"64378166","2026-09-03 18:24:22.780","2026-09-10 08:35:41.257","64378166","2026-09-09 12:03:25.000","[PREMIUM]","53","MA - NORTH BOSTON","2026-09-10","THURSDAY","1000","EDT","127","V",2014,"BMW","X6","X6","4DR SPORT UTILITY","WHITE","WATER/FLOOD",,"MA","RF","YES","D",157884,"A","[PREMIUM]",7123,"3.0L 6","ALL WHEEL DRIVE","AUTOMATIC","GAS",6,"Run & Drive Verified","Pure Sale","[PREMIUM]",,"NORTH BILLERICA","MA","01862 1632","USA","USD","[PREMIUM]","[PREMIUM]","K050",false,"[PREMIUM]","XDRIVE35I",false,false,"[PREMIUM]",,,,,,,,"[PREMIUM]"
"64366896","2026-09-03 18:24:22.770","2026-09-10 08:35:41.248","64366896","2026-09-09 12:03:25.000","[PREMIUM]","53","MA - NORTH BOSTON","2026-09-10","THURSDAY","1000","EDT","174","V",2014,"HONDA","CIVIC","CIVIC","SEDAN 4DR","GRAY","REAR END","TOP/ROOF","MA","RS","YES","D",155554,"A","[PREMIUM]",6679,"1.5L 4","FRONT WHEEL DRIVE","AUTOMATIC","ELECTRIC AND GAS HYBRID",4,"Run & Drive Verified","Pure Sale","[PREMIUM]","COPART-HUDSON               ","NORTH BILLERICA","MA","01862 1632","USA","USD","[PREMIUM]","[PREMIUM]","1C040",false,"[PREMIUM]","HYBRID",false,false,"[PREMIUM]",,,,,,,,"[PREMIUM]"
"63994146","2026-09-03 18:24:22.567","2026-09-10 08:35:40.822","63994146","2026-09-09 12:03:25.000","[PREMIUM]","53","MA - NORTH BOSTON","2026-09-10","THURSDAY","1000","EDT","2315","V",2014,"HYUNDAI","SANTA FE","SANTA FE SPORT","SUV","ORANGE","FRONT END",,"MA","RS","YES","D",96720,"A","[PREMIUM]",6997,"2.4L 4","ALL WHEEL DRIVE","AUTOMATIC","GAS",4,"Run & Drive Verified","Pure Sale","[PREMIUM]",,"NORTH BILLERICA","MA","01862 1632","USA","USD","[PREMIUM]","[PREMIUM]","D150",false,"[PREMIUM]","2.4L",false,false,"[PREMIUM]",,,,,,,,"[PREMIUM]"
"63297836","2026-09-03 18:24:22.221","2026-09-09 08:35:25.187","63297836","2026-09-08 17:46:16.000","[PREMIUM]","53","MA - NORTH BOSTON","2026-09-09","WEDNESDAY","1000","EDT","40","V",2022,"HONDA","HR-V","HR-V","SPORT UTILITY VEHICLE","BLACK","SIDE",,"MA","ST","YES","D",70318,"A","[PREMIUM]",19814.48,"1.8L 4","ALL WHEEL DRIVE","AUTOMATIC","GAS",4,"Run & Drive Verified","Pure Sale","[PREMIUM]",,"NORTH BILLERICA","MA","01862 1632","USA","USD","[PREMIUM]","[PREMIUM]","H050",false,"[PREMIUM]","EX",false,false,"[PREMIUM]",,,,,,,,"[PREMIUM]"
"62836966","2026-09-03 18:24:22.082","2026-09-10 08:35:39.373","62836966","2026-09-09 12:03:25.000","[PREMIUM]","53","MA - NORTH BOSTON","2026-09-10","THURSDAY","1000","EDT","2305","V",2013,"KIA","SORENTO","SORENTO","4DR SPORT UTILITY","GRAY","SIDE","MINOR DENT/SCRATCHES","MA","RS","YES","D",89891,"A","[PREMIUM]",4125,"3.5L 6","ALL WHEEL DRIVE","AUTOMATIC","GAS",6,"Run & Drive Verified","Pure Sale","[PREMIUM]",,"NORTH BILLERICA","MA","01862 1632","USA","USD","[PREMIUM]","[PREMIUM]","E120",false,"[PREMIUM]","SX",false,false,"[PREMIUM]",,,,,,,,"[PREMIUM]"
"62672646","2026-09-03 18:24:22.022","2026-09-10 08:35:39.234","62672646","2026-09-09 12:03:25.000","[PREMIUM]","53","MA - NORTH BOSTON","2026-09-10","THURSDAY","1000","EDT","136","V",2015,"CHEVROLET","SILVERADO","SILVERADO","CREW PICKUP","BLUE","REAR END","FRONT END","NH","RT","YES","D",103727,"A","[PREMIUM]",16862,"5.3L 8","4X4 W/REAR WHEEL DRV","AUTOMATIC","GAS",8,"Run & Drive Verified","On Minimum Bid","[PREMIUM]",,"NORTH BILLERICA","MA","01862 1632","USA","USD","[PREMIUM]","[PREMIUM]","I070",false,"[PREMIUM]","K1500 HIGH COUNTRY",false,false,"[PREMIUM]",,,,,,,,"[PREMIUM]"
"65061486","2026-09-03 18:24:10.048","2026-09-15 14:13:26.927","65061486","2026-09-14 20:15:45.000","[PREMIUM]","855","WHOLESALE AUCTION","2026-09-15","TUESDAY","1200","EDT","4036","K",2021,"RAM","PROMASTER","PROMASTER 3500","VAN CARGO","BLUE","MINOR DENT/SCRATCHES",,"LA","CT","YES","D",85603,"A","[PREMIUM]",7538,"3.6L 6","FRONT WHEEL DRIVE","AUTOMATIC","FLEXIBLE",6,"Run & Drive Verified","On Minimum Bid","[PREMIUM]",,"GREENWELL SPRINGS","LA","70739 5532","USA","USD","[PREMIUM]","[PREMIUM]","J440",true,"[PREMIUM]",,false,true,"[PREMIUM]",,,,,"RED LIGHT",2.8,,"[PREMIUM]"
"67427416","2026-09-03 18:24:08.502","2026-09-14 14:12:25.704","67427416","2026-09-14 13:00:15.000","[PREMIUM]","48","WA - NORTH SEATTLE","2026-09-14","MONDAY","1200","PDT","2076","V",2013,"SUBARU","OUTBACK","OUTBACK","4DR SPORT UTILITY","GRAY","FRONT END","SIDE","WA","BS","YES","D",122090,"A","[PREMIUM]",7163.97,"2.5L 4","ALL WHEEL DRIVE","AUTOMATIC","GAS",4,"Run & Drive Verified","Pure Sale","[PREMIUM]",,"ARLINGTON","WA","98223 6428","USA","USD","[PREMIUM]","[PREMIUM]","SE014",false,"[PREMIUM]","2.5I PREMIUM",false,false,"[PREMIUM]",,,,,,,,"[PREMIUM]"
"67342336","2026-09-03 18:24:08.439","2026-09-14 14:12:25.470","67342336","2026-09-14 13:00:14.000","[PREMIUM]","48","WA - NORTH SEATTLE","2026-09-14","MONDAY","1200","PDT","4","V",2022,"FORD","ESCAPE","ESCAPE","SPORT UTILITY VEHICLE","WHITE","FRONT END","REAR END","WA","BS","YES","D",5918,"A","[PREMIUM]",21840.13,"1.5L 3","FRONT WHEEL DRIVE","AUTOMATIC","GAS",3,"Run & Drive Verified","Pure Sale","[PREMIUM]",,"ARLINGTON","WA","98223 6428","USA","USD","[PREMIUM]","[PREMIUM]","B090",false,"[PREMIUM]","SEL",false,false,"[PREMIUM]",,,,,,,,"[PREMIUM]"
"66604326","2026-09-03 18:24:08.113","2026-09-14 14:12:24.168","66604326","2026-09-14 13:00:15.000","[PREMIUM]","48","WA - NORTH SEATTLE","2026-09-14","MONDAY","1200","PDT","2020","V",2019,"FORD","ESCAPE","ESCAPE","SPORT UTILITY VEHICLE","BLACK","FRONT END","SIDE","WA","BS","YES","D",60794,"A","[PREMIUM]",10804.8,"1.5L 4","4X4 W/FRONT WHL DRV","AUTOMATIC","GAS",4,"Run & Drive Verified","Pure Sale","[PREMIUM]",,"ARLINGTON","WA","98223 6428","USA","USD","[PREMIUM]","[PREMIUM]","SD008",false,"[PREMIUM]","SE",false,false,"[PREMIUM]",,,,,,,,"[PREMIUM]"
"65897426","2026-09-03 18:24:07.823","2026-09-14 14:12:23.319","65897426","2026-09-14 13:00:15.000","[PREMIUM]","48","WA - NORTH SEATTLE","2026-09-14","MONDAY","1200","PDT","3068","V",2025,"SUBARU","FORESTER","FORESTER","SPORT UTILITY VEHICLE","BLUE","FRONT END","SIDE","WA","BS","YES","E",14752,"A","[PREMIUM]",29942.98,"2.5L 4","ALL WHEEL DRIVE","AUTOMATIC","GAS",4,"DEFAULT","Pure Sale","[PREMIUM]",,"ARLINGTON","WA","98223 6428","USA","USD","[PREMIUM]","[PREMIUM]","SD012",false,"[PREMIUM]","LIMITED",false,false,"[PREMIUM]",,,,,,,,"[PREMIUM]"
"65939746","2026-09-03 18:24:07.815","2026-09-14 14:12:23.320","65939746","2026-09-14 13:00:15.000","[PREMIUM]","48","WA - NORTH SEATTLE","2026-09-14","MONDAY","1200","PDT","3084","V",2000,"FORD","F250","F250","CREW PICKUP","TAN","WATER/FLOOD","REAR END","WA","BS","YES","E",160232,"E","[PREMIUM]",9952.69,"6.8L 10","4X4 W/REAR WHEEL DRV","AUTOMATIC","GAS",10,"DEFAULT","Pure Sale","[PREMIUM]",,"ARLINGTON","WA","98223 6428","USA","USD","[PREMIUM]","[PREMIUM]","ZBULL",false,"[PREMIUM]","SUPER DUTY",false,false,"[PREMIUM]",,,,,,,,"[PREMIUM]"
"63475476","2026-09-03 18:24:07.393","2026-09-14 14:12:22.066","63475476","2026-09-14 13:00:15.000","[PREMIUM]","48","WA - NORTH SEATTLE","2026-09-14","MONDAY","1200","PDT","2051","V",2015,"VOLKSWAGEN","PASSAT","PASSAT","SEDAN 4DR","GRAY","REAR END",,"WA","BS","YES","D",150090,"A","[PREMIUM]",8925.29,"1.8L 4","FRONT WHEEL DRIVE","AUTOMATIC","GAS",4,"Run & Drive Verified","Pure Sale","[PREMIUM]",,"ARLINGTON","WA","98223 6428","USA","USD","[PREMIUM]","[PREMIUM]","E100",false,"[PREMIUM]","SE",false,false,"[PREMIUM]",,,,,,,,"[PREMIUM]"
"63252396","2026-09-03 18:24:07.127","2026-09-14 14:12:21.943","63252396","2026-09-14 13:00:15.000","[PREMIUM]","48","WA - NORTH SEATTLE","2026-09-14","MONDAY","1200","PDT","3035","V",2012,"SUBARU","IMPREZA","IMPREZA","STATION WAGON","SILVER","ALL OVER",,"WA","BS","YES","E",0,"N","[PREMIUM]",22344.23,"2.0L 4","ALL WHEEL DRIVE","AUTOMATIC","GAS",4,"DEFAULT","Pure Sale","[PREMIUM]",,"ARLINGTON","WA","98223 6428","USA","USD","[PREMIUM]","[PREMIUM]","L160",false,"[PREMIUM]","PREMIUM",false,false,"[PREMIUM]",,,,,,,,"[PREMIUM]"
"63310056","2026-09-03 18:24:07.123","2026-09-14 14:12:22.064","63310056","2026-09-14 13:00:14.000","[PREMIUM]","48","WA - NORTH SEATTLE","2026-09-14","MONDAY","1200","PDT","99","V",2003,"FORD","RANGER","RANGER","4DR EXT CAB PICKUP","SILVER","FRONT END","SIDE","WA","BS","YES","D",186665,"E","[PREMIUM]",5229.18,"4.0L 6","4X4 W/REAR WHEEL DRV","AUTOMATIC","GAS",6,"Run & Drive Verified","Pure Sale","[PREMIUM]",,"ARLINGTON","WA","98223 6428","USA","USD","[PREMIUM]","[PREMIUM]","C100",false,"[PREMIUM]","SUPER CAB",false,false,"[PREMIUM]",,,,,,,,"[PREMIUM]"
"63215016","2026-09-03 18:24:07.068","2026-09-14 14:12:21.967","63215016","2026-09-14 13:00:14.000","[PREMIUM]","48","WA - NORTH SEATTLE","2026-09-14","MONDAY","1200","PDT","23","V",2016,"NISSAN","VERSA","VERSA","SEDAN","SILVER","FRONT END",,"WA","BS","YES","D",106517,"A","[PREMIUM]",5839.88,"1.6L 4","FRONT WHEEL DRIVE","AUTOMATIC","GAS",4,"Run & Drive Verified","Pure Sale","[PREMIUM]",,"ARLINGTON","WA","98223 6428","USA","USD","[PREMIUM]","[PREMIUM]","REC",false,"[PREMIUM]","1.6 S PLUS",false,false,"[PREMIUM]",,,,,,,,"[PREMIUM]"
"67437106","2026-09-03 18:24:06.536","2026-09-16 15:13:12.548","67437106","2026-09-15 14:24:13.000","[PREMIUM]","47","AZ - PHOENIX","2026-09-16","WEDNESDAY","1200","PDT","2538","V",2011,"FORD","FOCUS","FOCUS","SEDAN 4DR","SILVER","FRONT END",,"AZ","CT","YES","E",158061,"N","[PREMIUM]",0,"2.0L 4","FRONT WHEEL DRIVE","AUTOMATIC","GAS",4,"DEFAULT","On Approval","[PREMIUM]",,"PHOENIX","AZ","85043 4706","USA","USD","[PREMIUM]","[PREMIUM]","B300",false,"[PREMIUM]","SE",false,false,"[PREMIUM]",,,,,,,,"[PREMIUM]"
"67036566","2026-09-03 18:24:06.504","2026-09-16 03:13:00.937","67036566","2026-09-10 20:34:29.000","[PREMIUM]","835","MEDIUM DUTY SPECIALTY SALE","2026-09-16","WEDNESDAY","1100","CDT","0","K",2016,"GMC","SIERRA","SIERRA","4DR EXT CAB PICKUP","WHITE","MECHANICAL",,"UT","SC","NO","E",0,"N","[PREMIUM]",0,"6.0L 8","REAR WHEEL DRIVE","NONE","FLEXIBLE",8,"DEFAULT","On Approval","[PREMIUM]",,"PHOENIX","AZ","85043 4706","USA","USD","[PREMIUM]","[PREMIUM]","A110",false,"[PREMIUM]","C2500 HEAVY DUTY",false,false,"[PREMIUM]",,,,,,,,"[PREMIUM]"
"66903746","2026-09-03 18:24:06.380","2026-09-14 14:12:15.141","66903746","2026-09-11 14:57:53.000","[PREMIUM]","47","AZ - PHOENIX","2026-09-14","MONDAY","1200","PDT","2051","V",2016,"NISSAN","SENTRA","SENTRA","SEDAN","BLACK","REAR END",,"AZ","SC","YES","D",167754,"A","[PREMIUM]",5878,"1.8L 4","FRONT WHEEL DRIVE","AUTOMATIC","GAS",4,"Run & Drive Verified","Pure Sale","[PREMIUM]",,"PHOENIX","AZ","85043 4706","USA","USD","[PREMIUM]","[PREMIUM]","T280",false,"[PREMIUM]","S",false,false,"[PREMIUM]",,,,,,,,"[PREMIUM]"
"66269566","2026-09-03 18:24:06.016","2026-09-16 15:13:10.299","66269566","2026-09-15 14:24:14.000","[PREMIUM]","47","AZ - PHOENIX","2026-09-16","WEDNESDAY","1200","PDT","3101","V",1976,"FORD","RANCHERO","RANCHERO",,"GREEN","ALL OVER",,"AZ","CT","NO","E",0,"E","[PREMIUM]",0,,,"AUTOMATIC",,,"DEFAULT","On Minimum Bid","[PREMIUM]",,"PHOENIX","AZ","85043 4706","USA","USD","[PREMIUM]","[PREMIUM]","D300",true,"[PREMIUM]",,false,false,"[PREMIUM]",,,,,,,,"[PREMIUM]"
"65061546","2026-09-03 18:24:05.385","2026-09-08 08:04:53.747","65061546","2026-09-07 20:15:29.000","[PREMIUM]","855","WHOLESALE AUCTION","2026-09-08","TUESDAY","1200","EDT","4092","K",2020,"FORD","TRANSIT","TRANSIT","VAN CARGO","BLUE","SIDE","TOP/ROOF","AZ","CT","YES","D",70675,"A","[PREMIUM]",6836,"3.5L 6","REAR WHEEL DRIVE","AUTOMATIC","GAS",6,"Run & Drive Verified","On Approval","[PREMIUM]",,"PHOENIX","AZ","85043 4706","USA","USD","[PREMIUM]","[PREMIUM]","HVY3",false,"[PREMIUM]","T-250",false,true,"[PREMIUM]",,,,,"RED LIGHT",2.5,,"[PREMIUM]"
"64045916","2026-09-03 18:24:05.026","2026-09-08 20:38:40.242","64045916","2026-09-03 17:54:45.000","[PREMIUM]","838","RENTAL VEHICLE SALE","2026-09-09","WEDNESDAY","1200","EDT","0","V",2024,"KIA","NIRO WIND","NIRO","SPORT UTILITY VEHICLE","GREEN","FRONT END",,"AZ","SC","YES","D",56834,"A","[PREMIUM]",18265.15,"0","FRONT WHEEL DRIVE","AUTOMATIC","ELECTRIC",0,"Run & Drive Verified","On Minimum Bid","[PREMIUM]",,"PHOENIX","AZ","85043 4706","USA","USD","[PREMIUM]","[PREMIUM]","BBLU2",false,"[PREMIUM]","WIND",true,false,"[PREMIUM]",,,,,,,,"[PREMIUM]"
"67899516","2026-09-03 18:24:01.980","2026-09-09 14:34:25.433","67899516","2026-09-08 20:09:36.000","[PREMIUM]","45","TX - EL PASO","2026-09-11","FRIDAY","1200","MDT","0","V",2019,"GMC","ACADIA","ACADIA","SPORT UTILITY VEHICLE","GRAY","MINOR DENT/SCRATCHES",,"NM","CT","YES","D",183855,"A","[PREMIUM]",0,"3.6L 6","FRONT WHEEL DRIVE","AUTOMATIC","GAS",6,"Run & Drive Verified","On Minimum Bid","[PREMIUM]",,"ANTHONY","TX","79821 9305","USA","USD","[PREMIUM]","[PREMIUM]","B040",true,"[PREMIUM]","SLT-1",false,false,"[PREMIUM]",,,,,,,,"[PREMIUM]"
"65087666","2026-09-03 18:24:01.581","2026-09-16 15:12:58.060","65087666","2026-09-16 11:19:33.000","[PREMIUM]","45","TX - EL PASO","2026-09-18","FRIDAY","1200","MDT","0","V",2019,"FORD","F150","F150","PICKUP","WHITE","FRONT END","SIDE","TX","CT","NO","E",134310,"A","[PREMIUM]",0,"2.7L 6","REAR WHEEL DRIVE","AUTOMATIC","GAS",6,"DEFAULT","On Minimum Bid","[PREMIUM]",,"ANTHONY","TX","79821 9305","USA","USD","[PREMIUM]","[PREMIUM]","B040",true,"[PREMIUM]","SUPERCREW",false,false,"[PREMIUM]",,,,,,,,"[PREMIUM]"
"66310456","2026-09-03 18:23:59.356","2026-09-15 09:13:27.763","66310456","2026-09-14 20:01:57.000","[PREMIUM]","855","WHOLESALE AUCTION","2026-09-15","TUESDAY","1200","EDT","8265","K",2022,"RAM","PROMASTER","PROMASTER 3500",,"BLUE","FRONT END","STRIPPED","NC","CT","YES","E",29562,"A","[PREMIUM]",9292,,,,,,"DEFAULT","On Minimum Bid","[PREMIUM]",,"INDIANAPOLIS","IN","46254 2452","USA","USD","[PREMIUM]","[PREMIUM]","HV001",true,"[PREMIUM]",,false,true,"[PREMIUM]",,,,,"RED LIGHT",1.9,,"[PREMIUM]"
"65809286","2026-09-03 18:23:59.105","2026-09-15 21:13:32.954","65809286","2026-09-11 21:51:34.000","[PREMIUM]","835","MEDIUM DUTY SPECIALTY SALE","2026-09-16","WEDNESDAY","1100","CDT","0","K",2020,"FORD","TRANSIT","TRANSIT","VAN CARGO","BLUE","FRONT END","SIDE","VA","ST","YES","E",0,"N","[PREMIUM]",23815,"3.5L 6","REAR WHEEL DRIVE","AUTOMATIC","GAS",6,"DEFAULT","On Minimum Bid","[PREMIUM]",,"INDIANAPOLIS","IN","46254 2452","USA","USD","[PREMIUM]","[PREMIUM]","HV002",false,"[PREMIUM]","T-250",false,false,"[PREMIUM]",,,,,,,,"[PREMIUM]"
"65809326","2026-09-03 18:23:59.096","2026-09-16 15:12:48.887","65809326","2026-09-15 13:50:25.000","[PREMIUM]","835","MEDIUM DUTY SPECIALTY SALE","2026-09-23","WEDNESDAY","1100","CDT","0","K",2022,"RAM","PROMASTER","PROMASTER 3500","CUTAWAY","BLUE","FRONT END","REAR END","VA","ST","YES","E",40628,"A","[PREMIUM]",26662,"3.6L 6","FRONT WHEEL DRIVE","AUTOMATIC","FLEXIBLE",6,"DEFAULT","On Approval","[PREMIUM]",,"INDIANAPOLIS","IN","46254 2452","USA","USD","[PREMIUM]","[PREMIUM]","HV001",false,"[PREMIUM]",,false,false,"[PREMIUM]",,,,,,,,"[PREMIUM]"
"84602075","2026-09-03 18:23:53.438","2026-09-11 11:08:19.810","84602075","2026-09-10 23:49:18.000","[PREMIUM]","43","CA - VAN NUYS","2026-09-11","FRIDAY","1200","PDT","2591","V",2016,"BMW","3 SERIES","328","SEDAN 4D","BLACK","FRONT END","SIDE","CA","SC","YES","S",118100,"A","[PREMIUM]",0,"2.0L  4","Rear-wheel drive","AUTOMATIC","GAS",4,"Vehicle Starts","Pure Sale","[PREMIUM]",,"VAN NUYS","CA","91405 1509","USA","USD","[PREMIUM]","[PREMIUM]","H180",false,"[PREMIUM]","I SULEV",false,false,"[PREMIUM]",,,,,,,,"[PREMIUM]"
"67654706","2026-09-03 18:23:52.797","2026-09-10 14:36:32.391","67654706","2026-09-09 13:47:35.000","[PREMIUM]","883","*NCS - PACIFIC REGION","2026-09-10","THURSDAY","1800","PDT","0","V",2005,"GMC","SIERRA","NEW SIERRA","4DR EXT CAB PICKUP","SILVER","MECHANICAL",,"CA","DV","YES",,93333,"A","[PREMIUM]",0,"5.3L 8","4X4 W/REAR WHEEL DRV","AUTOMATIC","GAS",8,,"On Approval","[PREMIUM]",,"VAN NUYS","CA","91405 1509","USA","USD","[PREMIUM]","[PREMIUM]","SD018",false,"[PREMIUM]","K1500",false,false,"[PREMIUM]",,,,,,,,"[PREMIUM]"
"66319436","2026-09-03 18:23:52.090","2026-09-15 02:21:36.855","66319436","2026-09-10 23:14:46.000","[PREMIUM]","43","CA - VAN NUYS","2026-09-15","TUESDAY","1200","PDT","0","V",2015,"NISSAN","ALTIMA","ALTIMA","SEDAN","SILVER","REAR END",,"CA","SC","YES","D",170027,"N","[PREMIUM]",5276.36,"2.5L 4","FRONT WHEEL DRIVE","AUTOMATIC","GAS",4,"Run & Drive Verified","Pure Sale","[PREMIUM]",,"VAN NUYS","CA","91405 1509","USA","USD","[PREMIUM]","[PREMIUM]","K170",false,"[PREMIUM]","2.5 S",false,false,"[PREMIUM]",,,,,,,,"[PREMIUM]"
"66105086","2026-09-03 18:23:52.013","2026-09-08 08:04:21.438","66105086","2026-09-04 18:21:03.000","[PREMIUM]","43","CA - VAN NUYS","2026-09-08","TUESDAY","1200","PDT","42","V",2005,"TOYOTA","All Models","SIENNA","MINI-VAN","GRAY","SIDE",,"CA","DV","YES","D",280477,"A","[PREMIUM]",0,"3.3L 6","FRONT WHEEL DRIVE","AUTOMATIC","GAS",6,"Run & Drive Verified","On Minimum Bid","[PREMIUM]",,"VAN NUYS","CA","91405 1509","USA","USD","[PREMIUM]","[PREMIUM]","EE020",true,"[PREMIUM]","LE 7 PASSENGER",false,false,"[PREMIUM]",,,,,,,,"[PREMIUM]"
"65931366","2026-09-03 18:23:51.792","2026-09-08 08:04:21.144","65931366","2026-09-07 20:15:29.000","[PREMIUM]","855","WHOLESALE AUCTION","2026-09-08","TUESDAY","1200","EDT","4100","K",2020,"FORD","TRANSIT","TRANSIT","VAN CARGO","BLUE","MINOR DENT/SCRATCHES",,"CA","DV","YES","D",51502,"A","[PREMIUM]",856,"3.5L 6","REAR WHEEL DRIVE","AUTOMATIC","GAS",6,"Run & Drive Verified","On Approval","[PREMIUM]",,"VAN NUYS","CA","91405 1509","USA","USD","[PREMIUM]","[PREMIUM]","SPS16",false,"[PREMIUM]","T-250",false,true,"[PREMIUM]",,,,,"RED LIGHT",3.4,,"[PREMIUM]"
"63167366","2026-09-03 18:23:50.659","2026-09-11 11:08:11.964","63167366","2026-09-10 23:49:18.000","[PREMIUM]","43","CA - VAN NUYS","2026-09-11","FRIDAY","1200","PDT","2540","V",2026,"BMW","3 SERIES","330XI","SEDAN","GRAY","FRONT END",,"CA","SC","NO","E",0,"N","[PREMIUM]",36584,"2.0L 4","ALL WHEEL DRIVE","AUTOMATIC","GAS",4,"DEFAULT","On Minimum Bid","[PREMIUM]",,"VAN NUYS","CA","91405 1509","USA","USD","[PREMIUM]","[PREMIUM]","SPS25",false,"[PREMIUM]",,false,false,"[PREMIUM]",,,,,,,,"[PREMIUM]"
"62992646","2026-09-03 18:23:50.624","2026-09-15 21:13:14.852","62992646","2026-09-15 20:05:05.000","[PREMIUM]","838","RENTAL VEHICLE SALE","2026-09-16","WEDNESDAY","1200","EDT","0","V",2022,"DODGE","CHARGER","CHARGER","SEDAN","WHITE","FRONT END",,"CA","SC","YES","S",131480,"A","[PREMIUM]",18123,"3.6L 6","REAR WHEEL DRIVE","AUTOMATIC","FLEXIBLE",6,"Vehicle Starts","On Minimum Bid","[PREMIUM]",,"VAN NUYS","CA","91405 1509","USA","USD","[PREMIUM]","[PREMIUM]","B180",false,"[PREMIUM]","SXT",true,false,"[PREMIUM]",,,,,,,,"[PREMIUM]"
"62990336","2026-09-03 18:23:50.624","2026-09-15 14:12:29.612","62990336","2026-09-15 13:00:25.000","[PREMIUM]","43","CA - VAN NUYS","2026-09-15","TUESDAY","1200","PDT","2639","V",2019,"CHEVROLET","COLORADO","COLORADO","PICKUP","GRAY","FRONT END",,"CA","SC","YES","S",122886,"A","[PREMIUM]",12293,"2.5L 4","REAR WHEEL DRIVE","AUTOMATIC","GAS",4,"Vehicle Starts","Pure Sale","[PREMIUM]",,"VAN NUYS","CA","91405 1509","USA","USD","[PREMIUM]","[PREMIUM]","M170",false,"[PREMIUM]",,false,false,"[PREMIUM]",,,,,,,,"[PREMIUM]"
"61778996","2026-09-03 18:23:50.347","2026-09-09 20:34:37.689","61778996","2026-09-09 20:00:51.000","[PREMIUM]","855","WHOLESALE AUCTION","2026-09-10","THURSDAY","1200","EDT","2079","V",2021,"CHEVROLET","MALIBU","MALIBU","SEDAN","WHITE","MINOR DENT/SCRATCHES",,"CA","CT","YES","D",94614,"A","[PREMIUM]",0,"1.5L 4","FRONT WHEEL DRIVE","AUTOMATIC","GAS",4,"Run & Drive Verified","On Minimum Bid","[PREMIUM]",,"VAN NUYS","CA","91405 1509","USA","USD","[PREMIUM]","[PREMIUM]","EBLU5",true,"[PREMIUM]","LT",false,true,"[PREMIUM]",,,,,"YELLOW LIGHT",3.2,"Maintenance,Other","[PREMIUM]"
"66549246","2026-09-03 18:23:48.539","2026-09-15 14:12:22.759","66549246","2026-09-14 20:15:45.000","[PREMIUM]","855","WHOLESALE AUCTION","2026-09-15","TUESDAY","1200","EDT","4183","K",2021,"RAM","PROMASTER","PROMASTER 3500","VAN CARGO","BLUE","REAR END","FRONT END","NC","CZ","YES","D",112350,"A","[PREMIUM]",7673,"3.6L 6","FRONT WHEEL DRIVE","AUTOMATIC","FLEXIBLE",6,"Run & Drive Verified","On Minimum Bid","[PREMIUM]",,"CHINA GROVE","NC","28023 9223","USA","USD","[PREMIUM]","[PREMIUM]","HVY30",true,"[PREMIUM]","3500 HIGH",false,true,"[PREMIUM]",,,,,"RED LIGHT",2.5,,"[PREMIUM]"
"65563806","2026-09-03 18:23:48.320","2026-09-08 08:04:11.667","65563806","2026-09-07 20:01:21.000","[PREMIUM]","855","WHOLESALE AUCTION","2026-09-08","TUESDAY","1200","EDT","7068","V",2024,"TOYOTA","COROLLA","COROLLA","SEDAN","GRAY","WATER/FLOOD","FRONT END","NC","DC","YES",,99999,"N","[PREMIUM]",0,"2.0L 4","FRONT WHEEL DRIVE","AUTOMATIC","GAS",4,,"On Minimum Bid","[PREMIUM]",,"CHINA GROVE","NC","28023 9223","USA","USD","[PREMIUM]","[PREMIUM]","NWIDE",false,"[PREMIUM]","LE",false,true,"[PREMIUM]",,,,,"RED LIGHT",1.9,,"[PREMIUM]"
"64393166","2026-09-03 18:23:47.885","2026-09-08 08:04:10.636","64393166","2026-09-07 22:19:18.000","[PREMIUM]","855","WHOLESALE AUCTION","2026-09-08","TUESDAY","1200","EDT","3159","V",2016,"BMW","3 SERIES","328","SEDAN 4DR","BLACK","MINOR DENT/SCRATCHES",,"VA","CT","YES","D",184620,"A","[PREMIUM]",0,"2.0L 4","ALL WHEEL DRIVE","AUTOMATIC","GAS",4,"Run & Drive Verified","On Minimum Bid","[PREMIUM]",,"CHINA GROVE","NC","28023 9223","USA","USD","[PREMIUM]","[PREMIUM]","CD017",false,"[PREMIUM]","XI SULEV",false,true,"[PREMIUM]",,,,,"RED LIGHT",2.4,"Safety,Other,Emission","[PREMIUM]"
"66996096","2026-09-03 18:23:35.693","2026-09-16 15:11:50.959","66996096","2026-09-15 19:33:31.000","[PREMIUM]","36","IL - CHICAGO NORTH","2026-09-17","THURSDAY","1200","CDT","0","V",2012,"SUBARU","FORESTER","FORESTER","4DR SPORT UTILITY","BLACK","SIDE",,"IL","CT","YES","E",138906,"A","[PREMIUM]",211,"2.5L 4","ALL WHEEL DRIVE","AUTOMATIC","GAS",4,"DEFAULT","On Minimum Bid","[PREMIUM]",,"ELGIN","IL","60120 7419","USA","USD","[PREMIUM]","[PREMIUM]","G180",true,"[PREMIUM]","2.5X PREMIUM",false,false,"[PREMIUM]",,,,,,,,"[PREMIUM]"
"63854836","2026-09-03 18:23:25.516","2026-09-16 03:11:16.829","63854836","2026-09-16 02:45:30.000","[PREMIUM]","881","*NCS - CENTRAL REGION","2026-09-16","WEDNESDAY","2000","CDT","0","K",2009,"FORD","ECONOLINE","ECONOLINE","CARGO VAN","BLACK","NORMAL WEAR",,"IL","CT","YES","E",0,"E","[PREMIUM]",0,"6.0L 8","REAR WHEEL DRIVE","NONE","DIESEL",8,"DEFAULT","On Minimum Bid","[PREMIUM]","VEH LOC @ BARTLETT SUBLOT   ","ELGIN","IL","60120 7419","USA","USD","[PREMIUM]","[PREMIUM]","1C070",true,"[PREMIUM]","E350 SUPER DUTY VAN",false,false,"[PREMIUM]",,,,,,,,"[PREMIUM]"
"67654876","2026-09-03 18:23:09.315","2026-09-16 15:11:01.869","67654876","2026-09-14 21:22:23.000","[PREMIUM]","35","NY - ROCHESTER","2026-09-21","MONDAY","1000","EDT","0","V",2011,"HONDA","ACCORD","ACCORD","SEDAN 4DR","GRAY","NORMAL WEAR",,"PA","CT","YES","D",192677,"A","[PREMIUM]",0,"3.5L 6","FRONT WHEEL DRIVE","AUTOMATIC","GAS",6,"Run & Drive Verified","On Minimum Bid","[PREMIUM]",,"LEROY","NY","14482 1366","USA","USD","[PREMIUM]","[PREMIUM]","A010",true,"[PREMIUM]","EXL",false,false,"[PREMIUM]",,,,,,,,"[PREMIUM]"
"67624806","2026-09-03 18:23:00.172","2026-09-16 18:25:01.540","67624806","2026-09-16 17:51:37.000","[PREMIUM]","32","DC - WASHINGTON DC","2026-09-22","TUESDAY","1000","EDT","0","V",2008,"HYUNDAI","VERACRUZ","VERACRUZ","4DR SPOR","SILVER","MINOR DENT/SCRATCHES","WATER/FLOOD","MD","CT","YES","D",200229,"A","[PREMIUM]",0,,,"AUTOMATIC",,,"Run & Drive Verified","On Minimum Bid","[PREMIUM]",,"WALDORF","MD","20602 3455","USA","USD","[PREMIUM]","[PREMIUM]","SA002",false,"[PREMIUM]","GLS",false,false,"[PREMIUM]",,,,,,,,"[PREMIUM]"
"66885756","2026-09-03 18:23:00.041","2026-09-16 18:25:00.417","66885756","2026-09-16 17:49:21.000","[PREMIUM]","32","DC - WASHINGTON DC","2026-09-22","TUESDAY","1000","EDT","0","V",2007,"CHEVROLET","TAHOE","TAHOE","4DR SPORT UTILITY","WHITE","MINOR DENT/SCRATCHES",,"MD","CT","YES","D",256551,"N","[PREMIUM]",0,"5.3L 8","4X4 W/REAR WHEEL DRV","AUTOMATIC","FLEXIBLE",8,"Run & Drive Verified","On Minimum Bid","[PREMIUM]",,"WALDORF","MD","20602 3455","USA","USD","[PREMIUM]","[PREMIUM]","H120",false,"[PREMIUM]","K1500",false,false,"[PREMIUM]",,,,,,,,"[PREMIUM]"
"66653846","2026-09-03 18:22:49.291","2026-09-09 08:31:37.292","66653846","2026-09-09 08:00:27.000","[PREMIUM]","30","NY - LONG ISLAND","2026-09-09","WEDNESDAY","1000","EDT","152","V",2019,"LAND ROVER","RANGEROVER","RANGE ROVER VELAR","SPORT UTILITY VEHICLE","SILVER","WATER/FLOOD",,"NY","FS","YES","D",77836,"A","[PREMIUM]",1093,"2.0L 4","ALL WHEEL DRIVE","AUTOMATIC","GAS",4,"Run & Drive Verified","Pure Sale","[PREMIUM]",,"BROOKHAVEN","NY","11719 9203","USA","USD","[PREMIUM]","[PREMIUM]","E070",false,"[PREMIUM]",,false,false,"[PREMIUM]",,,,,,,,"[PREMIUM]"
"60422916","2026-09-03 18:22:47.600","2026-09-09 02:31:32.460","60422916","2026-09-03 17:19:35.000","[PREMIUM]","30","NY - LONG ISLAND","2026-09-09","WEDNESDAY","1000","EDT","0","V",2012,"TOYOTA","TACOMA","TACOMA","PICKUP","BLACK","FRONT END","UNDERCARRIAGE","NY","SM","YES","S",93435,"A","[PREMIUM]",17795.21,"4.0L 6","FOUR BY FOUR","AUTOMATIC","GAS",6,"Vehicle Starts","Pure Sale","[PREMIUM]",,"BROOKHAVEN","NY","11719 9203","USA","USD","[PREMIUM]","[PREMIUM]","F130",false,"[PREMIUM]","V6",false,false,"[PREMIUM]",,,,,,,,"[PREMIUM]"
"59147066","2026-09-03 18:22:43.126","2026-09-15 14:09:27.270","59147066","2026-09-14 20:03:47.000","[PREMIUM]","29","OH - COLUMBUS","2026-09-15","TUESDAY","1000","EDT","38","V",2020,"KIA","SPORTAGE","SPORTAGE","SPORT UTILITY VEHICLE","SILVER","REAR END",,"ID","SC","YES","D",76083,"A","[PREMIUM]",11800,"2.4L 4","FRONT WHEEL DRIVE","AUTOMATIC","GAS",4,"Run & Drive Verified","Pure Sale","[PREMIUM]",,"COLUMBUS","OH","43207 5111","USA","USD","[PREMIUM]","[PREMIUM]","N080",false,"[PREMIUM]","LX",false,false,"[PREMIUM]",,,,,,,,"[PREMIUM]"
"67663926","2026-09-03 18:22:42.443","2026-09-16 15:09:59.918","67663926","2026-09-15 02:25:11.000","[PREMIUM]","28","PA - PITTSBURGH NORTH","2026-09-17","THURSDAY","1000","EDT","0","V",2019,"SUBARU","FORESTER","FORESTER","SPORT UTILITY VEHICLE","GRAY","MECHANICAL","REAR END","MD","CT","YES","E",90537,"N","[PREMIUM]",0,"2.5L 4","ALL WHEEL DRIVE","AUTOMATIC","GAS",4,"DEFAULT","On Minimum Bid","[PREMIUM]",,"ELLWOOD CITY","PA","16117 3772","USA","USD","[PREMIUM]","[PREMIUM]","SR005",true,"[PREMIUM]",,false,false,"[PREMIUM]",,,,,,,,"[PREMIUM]"
"60382206","2026-09-03 18:22:41.669","2026-09-16 03:09:42.385","60382206","2026-09-11 15:19:03.000","[PREMIUM]","28","PA - PITTSBURGH NORTH","2026-09-17","THURSDAY","1000","EDT","0","V",2018,"FORD","ESCAPE","ESCAPE","SPORT UTILITY VEHICLE","BLUE","MECHANICAL",,"PA","CT","YES","D",90195,"A","[PREMIUM]",0,"1.5L 4","4X4 W/FRONT WHL DRV","AUTOMATIC","GAS",4,"Run & Drive Verified","On Minimum Bid","[PREMIUM]",,"ELLWOOD CITY","PA","16117 3772","USA","USD","[PREMIUM]","[PREMIUM]","SN007",false,"[PREMIUM]","SE",false,false,"[PREMIUM]",,,,,,,,"[PREMIUM]"
"78072175","2026-09-03 18:22:41.414","2026-09-16 15:09:54.429","78072175","2026-09-16 10:00:47.000","[PREMIUM]","835","MEDIUM DUTY SPECIALTY SALE","2026-09-16","WEDNESDAY","1100","CDT","5029","K",2025,"CHEVROLET","EXPRESS","EXPRESS G2500",,"WHITE","FRONT END",,"MA","ST","YES","E",0,"N","[PREMIUM]",23898.23,"4.3L  6","Rear-wheel drive","AUTOMATIC","GAS",6,"DEFAULT","On Minimum Bid","[PREMIUM]",,"MENDON","MA","01756 1102","USA","USD","[PREMIUM]","[PREMIUM]","C030",false,"[PREMIUM]",,false,false,"[PREMIUM]",,,,,,,,"[PREMIUM]"
"76292265","2026-09-03 18:22:41.410","2026-09-16 15:09:54.449","76292265","2026-09-16 12:11:12.000","[PREMIUM]","27","MA - SOUTH BOSTON","2026-09-17","THURSDAY","1000","EDT","2020","V",2016,"TOYOTA","COROLLA","COROLLA","SEDAN","GRAY","REAR END","FRONT END","ID","SC","YES","D",92338,"A","[PREMIUM]",11001,"1.8L 4","FRONT WHEEL DRIVE","AUTOMATIC","GAS",4,"Run & Drive Verified","Pure Sale","[PREMIUM]",,"MENDON","MA","01756 1102","USA","USD","[PREMIUM]","[PREMIUM]","H090",false,"[PREMIUM]","S PLUS",false,false,"[PREMIUM]",,,,,,,,"[PREMIUM]"
"67654526","2026-09-03 18:22:41.350","2026-09-08 08:01:32.462","67654526","2026-09-03 18:40:18.000","[PREMIUM]","27","MA - SOUTH BOSTON","2026-09-08","TUESDAY","1000","EDT","1123","V",2015,"FORD","FOCUS","FOCUS","SEDAN 4DR","RED","FRONT END",,"MA","RS","YES","E",121845,"A","[PREMIUM]",7809,"2.0L 4","FRONT WHEEL DRIVE","AUTOMATIC","GAS",4,"DEFAULT","Pure Sale","[PREMIUM]",,"MENDON","MA","01756 1102","USA","USD","[PREMIUM]","[PREMIUM]","M080",false,"[PREMIUM]","SE",false,false,"[PREMIUM]",,,,,,,,"[PREMIUM]"
"67649146","2026-09-03 18:22:41.346","2026-09-16 15:09:53.218","67649146","2026-09-16 12:11:12.000","[PREMIUM]","27","MA - SOUTH BOSTON","2026-09-17","THURSDAY","1000","EDT","2005","V",2021,"AUDI","Q7","Q7","SPORT UTILITY VEHICLE","WHITE","REAR END",,"MA","ST","YES","D",31821,"A","[PREMIUM]",22307,"2.0L 4","ALL WHEEL DRIVE","AUTOMATIC","GAS",4,"Run & Drive Verified","On Approval","[PREMIUM]",,"MENDON","MA","01756 1102","USA","USD","[PREMIUM]","[PREMIUM]","C120",false,"[PREMIUM]","PREMIUM PLUS",false,false,"[PREMIUM]",,,,,,,,"[PREMIUM]"
"67889476","2026-09-03 18:22:41.340","2026-09-08 08:01:32.618","67889476","2026-09-03 18:40:18.000","[PREMIUM]","27","MA - SOUTH BOSTON","2026-09-08","TUESDAY","1000","EDT","106","V",2007,"TOYOTA","FJ CRUISER","FJ CRUISER","SUV","SILVER","TOP/ROOF",,"RI","CT","YES","D",194801,"A","[PREMIUM]",0,"4.0L 6","FOUR BY FOUR","MANUAL","GAS",6,"Run & Drive Verified","On Approval","[PREMIUM]",,"MENDON","MA","01756 1102","USA","USD","[PREMIUM]","[PREMIUM]","G100",false,"[PREMIUM]","BASE",false,false,"[PREMIUM]",,,,,,,,"[PREMIUM]"
"67134676","2026-09-03 18:22:41.261","2026-09-08 08:01:31.942","67134676","2026-09-04 12:16:32.000","[PREMIUM]","27","MA - SOUTH BOSTON","2026-09-08","TUESDAY","1000","EDT","134","V",2016,"NISSAN","ALTIMA","ALTIMA","SEDAN","BLACK","SIDE",,"MA","RS","YES","D",166520,"A","[PREMIUM]",4838,"2.5L 4","FRONT WHEEL DRIVE","AUTOMATIC","GAS",4,"Run & Drive Verified","On Minimum Bid","[PREMIUM]",,"MENDON","MA","01756 1102","USA","USD","[PREMIUM]","[PREMIUM]","L140",false,"[PREMIUM]","2.5 SV",false,false,"[PREMIUM]",,,,,,,,"[PREMIUM]"
"66654006","2026-09-03 18:22:40.300","2026-09-16 15:09:52.211","66654006","2026-09-16 12:11:12.000","[PREMIUM]","27","MA - SOUTH BOSTON","2026-09-17","THURSDAY","1000","EDT","2015","V",2018,"VOLVO","XC90","XC90","SPORT UTILITY VEHICLE","SILVER","REAR END",,"MA","ST","YES","D",141085,"A","[PREMIUM]",0,"2.0L 4","ALL WHEEL DRIVE","AUTOMATIC","GAS",4,"Run & Drive Verified","Pure Sale","[PREMIUM]",,"MENDON","MA","01756 1102","USA","USD","[PREMIUM]","[PREMIUM]","D040",false,"[PREMIUM]","T6",false,false,"[PREMIUM]",,,,,,,,"[PREMIUM]"
"66427496","2026-09-03 18:22:40.239","2026-09-08 08:01:31.341","66427496","2026-09-03 18:40:18.000","[PREMIUM]","27","MA - SOUTH BOSTON","2026-09-08","TUESDAY","1000","EDT","141","V",2015,"CHEVROLET","SILVERADO","SILVERADO","CREW PICKUP","WHITE","FRONT END","MINOR DENT/SCRATCHES","MA","RS","YES","D",167742,"A","[PREMIUM]",15495.98,"6.6L 8","4X4 W/REAR WHEEL DRV","AUTOMATIC","DIESEL",8,"Run & Drive Verified","Pure Sale","[PREMIUM]",,"MENDON","MA","01756 1102","USA","USD","[PREMIUM]","[PREMIUM]","E050",false,"[PREMIUM]","K2500 HIGH COUNTRY",false,false,"[PREMIUM]",,,,,,,,"[PREMIUM]"
"65804266","2026-09-03 18:22:40.140","2026-09-16 15:09:51.736","65804266","2026-09-16 12:11:12.000","[PREMIUM]","27","MA - SOUTH BOSTON","2026-09-17","THURSDAY","1000","EDT","2050","V",2019,"CHEVROLET","EQUINOX","EQUINOX","SPORT UTILITY VEHICLE","WHITE","REAR END","FRONT END","MA","ST","YES","D",49026,"A","[PREMIUM]",20380.08,"1.5L 4","ALL WHEEL DRIVE","AUTOMATIC","GAS",4,"Run & Drive Verified","Pure Sale","[PREMIUM]",,"MENDON","MA","01756 1102","USA","USD","[PREMIUM]","[PREMIUM]","G130",false,"[PREMIUM]","LS",false,false,"[PREMIUM]",,,,,,,,"[PREMIUM]"
"56303426","2026-09-03 18:22:38.978","2026-09-16 12:24:00.309","56303426","2026-09-14 18:26:52.000","[PREMIUM]","27","MA - SOUTH BOSTON","2026-09-17","THURSDAY","1000","EDT","0","V",2025,"JEEP","CHEROKEE","GRAND CHEROKEE","SPORT UTILITY VEHICLE","SILVER","FRONT END",,"MA","ST","YES","D",718,"A","[PREMIUM]",25724,"3.6L 6","4X4 W/REAR WHEEL DRV","AUTOMATIC","GAS",6,"Run & Drive Verified","Pure Sale","[PREMIUM]",,"MENDON","MA","01756 1102","USA","USD","[PREMIUM]","[PREMIUM]","H100",false,"[PREMIUM]","L LAREDO",false,false,"[PREMIUM]",,,,,,,,"[PREMIUM]"
"66930596","2026-09-03 18:22:38.236","2026-09-11 11:05:06.664","66930596","2026-09-09 12:06:58.000","[PREMIUM]","26","PA - PHILADELPHIA","2026-09-11","FRIDAY","1000","EDT","2304","V",2011,"NISSAN","VERSA","VERSA","HATCHBACK","GRAY","REAR END","FRONT END","PA","SC","YES","D",109072,"A","[PREMIUM]",0,"1.8L 4","FRONT WHEEL DRIVE","AUTOMATIC","GAS",4,"Run & Drive Verified","Pure Sale","[PREMIUM]",,"PENNSBURG","PA","18073 2303","USA","USD","[PREMIUM]","[PREMIUM]","SJ004",false,"[PREMIUM]","1.8 S",false,false,"[PREMIUM]",,,,,,,,"[PREMIUM]"
"67308306","2026-09-03 18:22:34.368","2026-09-09 08:30:55.843","67308306","2026-09-08 12:31:56.000","[PREMIUM]","25","NY - SYRACUSE","2026-09-09","WEDNESDAY","1000","EDT","2297","V",2003,"CHEVROLET","SILVERADO","SILVERADO","4DR EXT CAB PICKUP","CHARCOAL","UNDERCARRIAGE",,"NY","CT","YES","D",122820,"A","[PREMIUM]",0,"4.8L 8","4X4 W/REAR WHEEL DRV","AUTOMATIC","GAS",8,"Run & Drive Verified","On Minimum Bid","[PREMIUM]",,"CENTRAL SQUARE","NY","13036 2415","USA","USD","[PREMIUM]","[PREMIUM]","HVY30",true,"[PREMIUM]","K1500",false,false,"[PREMIUM]",,,,,,,,"[PREMIUM]"
"67302056","2026-09-03 18:22:34.320","2026-09-09 08:30:55.832","67302056","2026-09-08 12:31:56.000","[PREMIUM]","25","NY - SYRACUSE","2026-09-09","WEDNESDAY","1000","EDT","2283","V",2010,"DODGE","CARAVAN","GRAND CARAVAN","SPORTS VAN","WHITE","FRONT END",,"NY","CT","YES","D",256187,"E","[PREMIUM]",0,"3.8L 6","FRONT WHEEL DRIVE","AUTOMATIC","GAS",6,"Run & Drive Verified","On Approval","[PREMIUM]",,"CENTRAL SQUARE","NY","13036 2415","USA","USD","[PREMIUM]","[PREMIUM]","E040",false,"[PREMIUM]","SXT",false,false,"[PREMIUM]",,,,,,,,"[PREMIUM]"
"66730256","2026-09-03 18:22:31.880","2026-09-10 08:31:08.792","66730256","2026-09-09 20:45:28.000","[PREMIUM]","24","NY - NEWBURGH","2026-09-10","THURSDAY","1000","EDT","2240","V",2017,"AUDI","A4","A4","SEDAN 4DR","BLUE","MINOR DENT/SCRATCHES",,"MD","CT","YES","D",261579,"A","[PREMIUM]",0,"2.0L 4","ALL WHEEL DRIVE","AUTOMATIC","GAS",4,"Run & Drive Verified","On Minimum Bid","[PREMIUM]",,"MARLBORO","NY","12542","USA","USD","[PREMIUM]","[PREMIUM]","NO020",false,"[PREMIUM]","PREMIUM",false,false,"[PREMIUM]",,,,,,,,"[PREMIUM]"
"59581846","2026-09-03 18:22:29.560","2026-09-08 08:00:56.237","59581846","2026-09-03 17:10:12.000","[PREMIUM]","24","NY - NEWBURGH","2026-09-08","TUESDAY","1000","EDT","0","V",2020,"MERCEDES-BENZ","GLE-CLASS","GLE","SPORT UTILITY VEHICLE","BLACK","FRONT END","SIDE","CT","ST","YES","E",85645,"A","[PREMIUM]",12459.63,"3.0L 6","ALL WHEEL DRIVE","AUTOMATIC","GAS",6,"DEFAULT","On Minimum Bid","[PREMIUM]",,"MARLBORO","NY","12542","USA","USD","[PREMIUM]","[PREMIUM]","NR050",false,"[PREMIUM]","450 4MATIC",false,false,"[PREMIUM]",,,,,,,,"[PREMIUM]"
"66780716","2026-09-03 18:22:28.476","2026-09-11 11:04:32.047","66780716","2026-09-10 21:09:49.000","[PREMIUM]","23","CT - HARTFORD","2026-09-11","FRIDAY","1000","EDT","11","V",2016,"BMW","X5","X5","4DR SPORT UTILITY","BLUE","FRONT END",,"CT","ST","YES","D",105174,"A","[PREMIUM]",8807.49,"3.0L 6","ALL WHEEL DRIVE","AUTOMATIC","GAS",6,"Run & Drive Verified","Pure Sale","[PREMIUM]",,"NEW BRITAIN","CT","06051 4123","USA","USD","[PREMIUM]","[PREMIUM]","C020",false,"[PREMIUM]","XDRIVE35I",false,false,"[PREMIUM]",,,,,,,,"[PREMIUM]"
"66632486","2026-09-03 18:22:28.308","2026-09-11 11:04:31.618","66632486","2026-09-10 21:09:50.000","[PREMIUM]","23","CT - HARTFORD","2026-09-11","FRIDAY","1000","EDT","3518","V",2017,"KIA","FORTE","FORTE","SEDAN","WHITE","SIDE","FRONT END","CT","ST","YES","S",92034,"A","[PREMIUM]",8584.7,"2.0L 4","FRONT WHEEL DRIVE","AUTOMATIC","GAS",4,"Vehicle Starts","Pure Sale","[PREMIUM]","PREV RBLT SLVG/ W CORR LTR  ","NEW BRITAIN","CT","06051 4123","USA","USD","[PREMIUM]","[PREMIUM]","AA050",false,"[PREMIUM]","LX",false,false,"[PREMIUM]",,,,,,,,"[PREMIUM]"
"66587216","2026-09-03 18:22:28.277","2026-09-11 11:04:31.461","66587216","2026-09-10 21:09:50.000","[PREMIUM]","23","CT - HARTFORD","2026-09-11","FRIDAY","1000","EDT","3046","V",2013,"HYUNDAI","SONATA","SONATA","SEDAN 4DR","GRAY","FRONT END",,"CT","ST","YES","E",193885,"A","[PREMIUM]",4484.14,"2.4L 4","FRONT WHEEL DRIVE","AUTOMATIC","GAS",4,"DEFAULT","Pure Sale","[PREMIUM]","with correction letter      ","NEW BRITAIN","CT","06051 4123","USA","USD","[PREMIUM]","[PREMIUM]","P070",false,"[PREMIUM]","GLS",false,false,"[PREMIUM]",,,,,,,,"[PREMIUM]"
"65188636","2026-09-03 18:22:27.254","2026-09-08 08:00:50.331","65188636","2026-09-04 21:03:18.000","[PREMIUM]","23","CT - HARTFORD","2026-09-08","TUESDAY","1000","EDT","87","V",2025,"NISSAN","SENTRA","SENTRA","SEDAN","BLACK","FRONT END",,"CT","ST","YES","D",14670,"A","[PREMIUM]",17403.28,"2.0L 4","FRONT WHEEL DRIVE","AUTOMATIC","GAS",4,"Run & Drive Verified","On Minimum Bid","[PREMIUM]",,"NEW BRITAIN","CT","06051 4123","USA","USD","[PREMIUM]","[PREMIUM]","S040",false,"[PREMIUM]","SV",false,false,"[PREMIUM]",,,,,,,,"[PREMIUM]"
"64972196","2026-09-03 18:22:27.093","2026-09-11 11:04:28.743","64972196","2026-09-10 21:09:49.000","[PREMIUM]","23","CT - HARTFORD","2026-09-11","FRIDAY","1000","EDT","2308","V",2012,"ACURA","TSX","TSX","SEDAN 4DR","BLACK","REAR END",,"CT","ST","YES","D",156666,"A","[PREMIUM]",5921.25,"2.4L 4","FRONT WHEEL DRIVE","AUTOMATIC","GAS",4,"Run & Drive Verified","Pure Sale","[PREMIUM]","PREVIOUS REBUILT            ","NEW BRITAIN","CT","06051 4123","USA","USD","[PREMIUM]","[PREMIUM]","D020",false,"[PREMIUM]","TECH",false,false,"[PREMIUM]",,,,,,,,"[PREMIUM]"
"63817796","2026-09-03 18:22:26.517","2026-09-08 08:00:49.003","63817796","2026-09-04 21:03:18.000","[PREMIUM]","23","CT - HARTFORD","2026-09-08","TUESDAY","1000","EDT","85","V",2018,"HONDA","ACCORD","ACCORD","SEDAN","GRAY","FRONT END",,"CT","ST","YES","D",195336,"A","[PREMIUM]",4190,"1.5L 4","FRONT WHEEL DRIVE","AUTOMATIC","GAS",4,"Run & Drive Verified","On Minimum Bid","[PREMIUM]",,"NEW BRITAIN","CT","06051 4123","USA","USD","[PREMIUM]","[PREMIUM]","NB350",false,"[PREMIUM]","LX",false,false,"[PREMIUM]",,,,,,,,"[PREMIUM]"
"63344316","2026-09-03 18:22:26.277","2026-09-08 08:00:48.595","63344316","2026-09-04 21:03:18.000","[PREMIUM]","23","CT - HARTFORD","2026-09-08","TUESDAY","1000","EDT","2254","V",2019,"KIA","RIO","RIO","SEDAN","BLACK","REAR END",,"CT","ST","YES","D",148184,"A","[PREMIUM]",4959,"1.6L 4","FRONT WHEEL DRIVE","AUTOMATIC","GAS",4,"Run & Drive Verified","Pure Sale","[PREMIUM]",,"NEW BRITAIN","CT","06051 4123","USA","USD","[PREMIUM]","[PREMIUM]","T070",false,"[PREMIUM]","S",false,false,"[PREMIUM]",,,,,,,,"[PREMIUM]"
"62740926","2026-09-03 18:22:25.842","2026-09-08 08:00:48.062","62740926","2026-09-04 21:03:18.000","[PREMIUM]","23","CT - HARTFORD","2026-09-08","TUESDAY","1000","EDT","2038","V",2018,"INFINITI","Q50","Q50","SEDAN","BROWN","WATER/FLOOD","FRONT END","CT","FL","YES","E",133736,"A","[PREMIUM]",12402.5,"3.0L 6","ALL WHEEL DRIVE","AUTOMATIC","GAS",6,"DEFAULT","Pure Sale","[PREMIUM]",,"NEW BRITAIN","CT","06051 4123","USA","USD","[PREMIUM]","[PREMIUM]","U050",false,"[PREMIUM]","3.0T LUXE",false,false,"[PREMIUM]",,,,,,,,"[PREMIUM]"
"56594736","2026-09-03 18:22:24.538","2026-09-11 11:04:23.789","56594736","2026-09-10 21:09:49.000","[PREMIUM]","23","CT - HARTFORD","2026-09-11","FRIDAY","1000","EDT","2336","V",2020,"NISSAN","ALTIMA","ALTIMA","SEDAN","WHITE","REAR END",,"CT","ST","YES","D",88881,"A","[PREMIUM]",5433.25,"2.5L 4","FRONT WHEEL DRIVE","AUTOMATIC","GAS",4,"Run & Drive Verified","Pure Sale","[PREMIUM]",,"NEW BRITAIN","CT","06051 4123","USA","USD","[PREMIUM]","[PREMIUM]","Y020",false,"[PREMIUM]","SR",false,false,"[PREMIUM]",,,,,,,,"[PREMIUM]"
"65302726","2026-09-03 18:22:16.389","2026-09-14 14:07:16.945","65302726","2026-09-14 11:00:03.000","[PREMIUM]","21","AR - LITTLE ROCK","2026-09-14","MONDAY","1200","CDT","37","V",2014,"HONDA","CRV","CR-V","4DR SPORT UTILITY","WHITE","MINOR DENT/SCRATCHES",,"MS","CT","YES","D",205283,"A","[PREMIUM]",0,"2.4L 4","FRONT WHEEL DRIVE","AUTOMATIC","GAS",4,"Run & Drive Verified","On Minimum Bid","[PREMIUM]",,"CONWAY","AR","72032","USA","USD","[PREMIUM]","[PREMIUM]","R110",true,"[PREMIUM]","LX",false,false,"[PREMIUM]",,,,,,,,"[PREMIUM]"
"67661056","2026-09-03 18:22:07.067","2026-09-09 08:29:49.960","67661056","2026-09-08 15:47:41.000","[PREMIUM]","19","OK - TULSA","2026-09-09","WEDNESDAY","1200","CDT","34","V",2012,"CHEVROLET","CAPTIVA","CAPTIVA","4DR SPORT UTILITY","RED","FRONT END","MECHANICAL","OK","CT","YES","D",184124,"A","[PREMIUM]",0,"2.4L 4","FRONT WHEEL DRIVE","AUTOMATIC","FLEXIBLE",4,"Run & Drive Verified","On Minimum Bid","[PREMIUM]",,"TULSA","OK","74107 3402","USA","USD","[PREMIUM]","[PREMIUM]","SA005",true,"[PREMIUM]","SPORT",false,false,"[PREMIUM]",,,,,,,,"[PREMIUM]"
"65476496","2026-09-03 18:22:03.420","2026-09-10 08:29:57.941","65476496","2026-09-03 17:13:39.000","[PREMIUM]","18","OK - OKLAHOMA CITY","2026-09-10","THURSDAY","1200","CDT","0","V",2019,"KIA","OPTIMA","OPTIMA","SEDAN","GRAY","MINOR DENT/SCRATCHES",,"AZ","SC","NO","E",0,"N","[PREMIUM]",1118.05,"2.4L 4","FRONT WHEEL DRIVE","AUTOMATIC","GAS",4,"DEFAULT","Pure Sale","[PREMIUM]","salvage recovered theft     ","OKLAHOMA CITY","OK","73129 8450","USA","USD","[PREMIUM]","[PREMIUM]","EE040",false,"[PREMIUM]","LX",false,false,"[PREMIUM]",,,,,,,,"[PREMIUM]"
"81443315","2026-09-03 18:21:57.613","2026-09-16 15:08:07.574","81443315","2026-09-03 17:46:26.000","[PREMIUM]","15","GA - ATLANTA WEST",,,,"EDT","0","V",2013,"TOYOTA","COROLLA","COROLLA","SEDAN","CHARCOAL","SIDE",,"GA","ST","YES","D",165871,"A","[PREMIUM]",5081,"1.8L 4","FRONT WHEEL DRIVE","AUTOMATIC","GAS",4,"Run & Drive Verified","Pure Sale","[PREMIUM]",,"AUSTELL","GA","30168","USA","USD","[PREMIUM]","[PREMIUM]","F040",false,"[PREMIUM]","LE",false,false,"[PREMIUM]",,,,,,,,"[PREMIUM]"
"67414886","2026-09-03 18:21:57.503","2026-09-16 15:08:05.632","67414886","2026-09-15 13:15:29.000","[PREMIUM]","15","GA - ATLANTA WEST","2026-09-18","FRIDAY","1000","EDT","0","V",2015,"LEXUS","IS","IS","SEDAN 4DR","BLACK","FRONT END",,"GA","ST","YES","D",88141,"A","[PREMIUM]",19220.88,"2.5L 6","REAR WHEEL DRIVE","AUTOMATIC","GAS",6,"Run & Drive Verified","Pure Sale","[PREMIUM]",,"AUSTELL","GA","30168","USA","USD","[PREMIUM]","[PREMIUM]","D150",false,"[PREMIUM]","250",false,false,"[PREMIUM]",,,,,,,,"[PREMIUM]"
"67021426","2026-09-03 18:21:57.365","2026-09-16 21:08:02.345","67021426","2026-09-14 16:27:03.000","[PREMIUM]","15","GA - ATLANTA WEST",,,,"EDT","0","V",2014,"CHEVROLET","SPARK","SPARK","HATCHBACK 4DR","RED","SIDE","FRONT END","GA","ST","YES","E",86847,"A","[PREMIUM]",5905.26,"1.2L 4","FRONT WHEEL DRIVE","AUTOMATIC","GAS",4,"DEFAULT","Pure Sale","[PREMIUM]",,"AUSTELL","GA","30168","USA","USD","[PREMIUM]","[PREMIUM]","B120",false,"[PREMIUM]","2LT",false,false,"[PREMIUM]",,,,,,,,"[PREMIUM]"
"66715946","2026-09-03 18:21:57.131","2026-09-16 15:08:04.025","66715946","2026-09-03 17:23:50.000","[PREMIUM]","15","GA - ATLANTA WEST",,,,"EDT","0","V",2009,"BMW","X5","X5","4DR SPORT UTILITY","BLUE","UNDERCARRIAGE","FRONT END","GA","ST","YES","D",127358,"E","[PREMIUM]",6544,"3.0L 6","ALL WHEEL DRIVE","AUTOMATIC","GAS",6,"Run & Drive Verified","Pure Sale","[PREMIUM]",,"AUSTELL","GA","30168","USA","USD","[PREMIUM]","[PREMIUM]","G010",false,"[PREMIUM]","XDRIVE30I",false,false,"[PREMIUM]",,,,,,,,"[PREMIUM]"
"66354296","2026-09-03 18:21:56.927","2026-09-08 07:59:47.433","66354296","2026-09-03 17:48:55.000","[PREMIUM]","15","GA - ATLANTA WEST",,,,"EDT","0","V",2022,"TOYOTA","CAMRY","CAMRY","SEDAN","WHITE","REAR END","FRONT END","GA","ST","NO","E",0,"N","[PREMIUM]",21627.06,"2.5L 4","FRONT WHEEL DRIVE","AUTOMATIC","GAS",4,"DEFAULT","Pure Sale","[PREMIUM]",,"AUSTELL","GA","30168","USA","USD","[PREMIUM]","[PREMIUM]","E080",false,"[PREMIUM]","SE",false,false,"[PREMIUM]",,,,,,,,"[PREMIUM]"
"66193786","2026-09-03 18:21:56.809","2026-09-16 15:08:03.214","66193786","2026-09-14 18:52:27.000","[PREMIUM]","15","GA - ATLANTA WEST","2026-09-18","FRIDAY","1000","EDT","0","V",2013,"RAM","1500","1500","CREW PICKUP","BLACK","FRONT END",,"GA","ST","NO","E",174469,"A","[PREMIUM]",0,"4.7L 8","4X4 W/REAR WHEEL DRV","AUTOMATIC","GAS",8,"DEFAULT","Pure Sale","[PREMIUM]",,"AUSTELL","GA","30168","USA","USD","[PREMIUM]","[PREMIUM]","SC090",false,"[PREMIUM]","SLT",false,false,"[PREMIUM]",,,,,,,,"[PREMIUM]"
"65832866","2026-09-03 18:21:56.540","2026-09-16 15:08:02.459","65832866","2026-09-14 19:43:52.000","[PREMIUM]","15","GA - ATLANTA WEST","2026-09-18","FRIDAY","1000","EDT","0","V",2020,"MERCEDES-BENZ","GLE-CLASS","GLE","SPORT UTILITY VEHICLE","SILVER","REAR END",,"GA","ST","YES","D",92363,"A","[PREMIUM]",14928.88,"2.0L 4","REAR WHEEL DRIVE","AUTOMATIC","GAS",4,"Run & Drive Verified","Pure Sale","[PREMIUM]",,"AUSTELL","GA","30168","USA","USD","[PREMIUM]","[PREMIUM]","SE050",false,"[PREMIUM]","350",false,false,"[PREMIUM]",,,,,,,,"[PREMIUM]"
"65461266","2026-09-03 18:21:56.323","2026-09-16 15:08:01.827","65461266","2026-09-03 17:45:29.000","[PREMIUM]","15","GA - ATLANTA WEST",,,,"EDT","0","V",2023,"JEEP","RENEGADE","RENEGADE","SPORT UTILITY VEHICLE","BLACK","FRONT END",,"GA","ST","YES","E",33436,"A","[PREMIUM]",14593.87,"1.3L 4","4X4 W/FRONT WHL DRV","AUTOMATIC","GAS",4,"DEFAULT","Pure Sale","[PREMIUM]",,"AUSTELL","GA","30168","USA","USD","[PREMIUM]","[PREMIUM]","I005",false,"[PREMIUM]","LATITUDE",false,false,"[PREMIUM]",,,,,,,,"[PREMIUM]"
"64964846","2026-09-03 18:21:55.858","2026-09-14 14:06:22.419","64964846","2026-09-11 17:10:51.000","[PREMIUM]","15","GA - ATLANTA WEST","2026-09-18","FRIDAY","1000","EDT","0","V",2016,"FORD","F250","F250","CREW PICKUP","BURGUNDY","FRONT END",,"GA","ST","YES","E",237499,"A","[PREMIUM]",26692,"6.7L 8","4X4 W/REAR WHEEL DRV","AUTOMATIC","DIESEL",8,"DEFAULT","On Minimum Bid","[PREMIUM]",,"AUSTELL","GA","30168","USA","USD","[PREMIUM]","[PREMIUM]","SB110",false,"[PREMIUM]","SUPER DUTY",false,false,"[PREMIUM]",,,,,,,,"[PREMIUM]"
"61929836","2026-09-03 18:21:52.979","2026-09-16 03:07:48.315","61929836","2026-09-16 02:45:24.000","[PREMIUM]","835","MEDIUM DUTY SPECIALTY SALE","2026-09-16","WEDNESDAY","1100","CDT","0","K",2025,"RAM","PROMASTER","PROMASTER 1500","VAN CARGO","WHITE","FRONT END",,"GA","ST","YES",,26786,"A","[PREMIUM]",24255.16,"3.6L 6","FRONT WHEEL DRIVE","AUTOMATIC","GAS",6,,"On Minimum Bid","[PREMIUM]",,"AUSTELL","GA","30168","USA","USD","[PREMIUM]","[PREMIUM]","SH070",false,"[PREMIUM]","1500 STANDARD",false,false,"[PREMIUM]",,,,,,,,"[PREMIUM]"
"67617026","2026-09-03 18:21:30.637","2026-09-08 07:59:03.922","67617026","2026-09-06 21:07:33.000","[PREMIUM]","11","TX - HOUSTON","2026-09-08","TUESDAY","1200","CDT","81","V",2021,"TOYOTA","HIGHLANDER","HIGHLANDER","SPORT UTILITY VEHICLE","BLUE","FRONT END","SIDE","TX","CT","YES","E",0,"N","[PREMIUM]",0,"2.5L 4","FRONT WHEEL DRIVE","AUTOMATIC","ELECTRIC AND GAS HYBRID",4,"DEFAULT","On Approval","[PREMIUM]",,"HOUSTON","TX","77073 4903","USA","USD","[PREMIUM]","[PREMIUM]","B070",false,"[PREMIUM]","HYBRID PLATINUM",false,false,"[PREMIUM]",,,,,,,,"[PREMIUM]"
"67517926","2026-09-03 18:21:30.576","2026-09-08 07:59:03.779","67517926","2026-09-06 21:07:34.000","[PREMIUM]","11","TX - HOUSTON","2026-09-08","TUESDAY","1200","CDT","4309","V",2016,"FORD","FUSION","FUSION","SEDAN 4DR","BLACK","REAR END",,"TX","CT","YES","D",130767,"A","[PREMIUM]",0,"1.5L 4","FRONT WHEEL DRIVE","AUTOMATIC","GAS",4,"Run & Drive Verified","On Minimum Bid","[PREMIUM]",,"HOUSTON","TX","77073 4903","USA","USD","[PREMIUM]","[PREMIUM]","C180",true,"[PREMIUM]","SE",false,false,"[PREMIUM]",,,,,,,,"[PREMIUM]"
"67567446","2026-09-03 18:21:30.572","2026-09-08 07:59:03.919","67567446","2026-09-06 21:07:34.000","[PREMIUM]","11","TX - HOUSTON","2026-09-08","TUESDAY","1200","CDT","6087","V",2012,"TOYOTA","CAMRY","CAMRY","SEDAN","SILVER","MECHANICAL",,"TX","CT","YES","E",160471,"A","[PREMIUM]",0,"2.5L 4","FRONT WHEEL DRIVE","AUTOMATIC","GAS",4,"DEFAULT","On Minimum Bid","[PREMIUM]",,"HOUSTON","TX","77073 4903","USA","USD","[PREMIUM]","[PREMIUM]","AB130",true,"[PREMIUM]","LE",false,false,"[PREMIUM]",,,,,,,,"[PREMIUM]"
"67205896","2026-09-03 18:21:29.865","2026-09-08 07:59:02.850","67205896","2026-09-06 21:07:34.000","[PREMIUM]","11","TX - HOUSTON","2026-09-08","TUESDAY","1200","CDT","6020","V",2004,"TOYOTA","4RUNNER","4RUNNER","SUV","SILVER","MECHANICAL","DAMAGE HISTORY","TX","CT","YES",,281748,"E","[PREMIUM]",0,"4.0L 6","REAR WHEEL DRIVE","AUTOMATIC","GAS",6,,"On Approval","[PREMIUM]",,"HOUSTON","TX","77073 4903","USA","USD","[PREMIUM]","[PREMIUM]","C160",false,"[PREMIUM]","SPORT EDITION",false,false,"[PREMIUM]",,,,,,,,"[PREMIUM]"
"65002936","2026-09-03 18:21:07.794","2026-09-08 07:58:25.101","65002936","2026-09-04 23:58:06.000","[PREMIUM]","10","CA - LOS ANGELES","2026-09-08","TUESDAY","1200","PDT","3075","V",2007,"MERCEDES-BENZ","E-CLASS","E","SEDAN 4DR","GRAY","STRIPPED",,"CA","DL","NO","E",0,"E","[PREMIUM]",0,"3.5L 6","REAR WHEEL DRIVE","AUTOMATIC","GAS",6,"DEFAULT","On Approval","[PREMIUM]",,"LOS ANGELES","CA","90001 4111","USA","USD","[PREMIUM]","[PREMIUM]","C080",false,"[PREMIUM]","350",false,false,"[PREMIUM]",,,,,,,,"[PREMIUM]"
"65004866","2026-09-03 18:21:07.769","2026-09-16 07:58:06.734","65004866","2026-09-14 21:03:10.000","[PREMIUM]","883","*NCS - PACIFIC REGION","2026-09-16","WEDNESDAY","1800","PDT","0","V",2015,"KIA","OPTIMA","OPTIMA","SEDAN","WHITE","STRIPPED",,"CA","LS","EXM","E",78012,"A","[PREMIUM]",0,"2.4L 4","FRONT WHEEL DRIVE","AUTOMATIC","GAS",4,"DEFAULT","On Minimum Bid","[PREMIUM]",,"LOS ANGELES","CA","90001 4111","USA","USD","[PREMIUM]","[PREMIUM]","E070",true,"[PREMIUM]","LX",false,false,"[PREMIUM]",,,,,,,,"[PREMIUM]"
"65004386","2026-09-03 18:21:07.769","2026-09-08 07:58:25.099","65004386","2026-09-04 23:58:06.000","[PREMIUM]","10","CA - LOS ANGELES","2026-09-08","TUESDAY","1200","PDT","42","V",2015,"KIA","OPTIMA","OPTIMA","SEDAN","BLACK","NORMAL WEAR",,"CA","DL","YES","D",96605,"A","[PREMIUM]",0,"2.4L 4","FRONT WHEEL DRIVE","AUTOMATIC","GAS",4,"Run & Drive Verified","On Approval","[PREMIUM]",,"LOS ANGELES","CA","90001 4111","USA","USD","[PREMIUM]","[PREMIUM]","H010",false,"[PREMIUM]","LX",false,false,"[PREMIUM]",,,,,,,,"[PREMIUM]"
"67653386","2026-09-03 18:20:54.168","2026-09-14 14:04:26.825","67653386","2026-09-14 13:00:11.000","[PREMIUM]","7","CA - SAN BERNARDINO","2026-09-14","MONDAY","1200","PDT","71","V",2016,"CHEVROLET","EQUINOX","EQUINOX","4DR SPORT UTILITY","GRAY","MINOR DENT/SCRATCHES",,"CA","SC","YES","D",166746,"A","[PREMIUM]",5400.95,"2.4L 4","FRONT WHEEL DRIVE","AUTOMATIC","GAS",4,"Run & Drive Verified","Pure Sale","[PREMIUM]",,"COLTON","CA","92324 3342","USA","USD","[PREMIUM]","[PREMIUM]","I080",false,"[PREMIUM]","LT",false,false,"[PREMIUM]",,,,,,,,"[PREMIUM]"
"67362106","2026-09-03 18:20:54.105","2026-09-14 14:04:26.372","67362106","2026-09-14 13:00:11.000","[PREMIUM]","7","CA - SAN BERNARDINO","2026-09-14","MONDAY","1200","PDT","30","V",2007,"FORD","F150","F150","CREW PICKUP","GRAY","VANDALISM","REAR END","CA","SC","YES","D",236263,"A","[PREMIUM]",5514.18,"5.4L 8","REAR WHEEL DRIVE","AUTOMATIC","GAS",8,"Run & Drive Verified","Pure Sale","[PREMIUM]",,"COLTON","CA","92324 3342","USA","USD","[PREMIUM]","[PREMIUM]","E050",false,"[PREMIUM]","SUPERCREW",false,false,"[PREMIUM]",,,,,,,,"[PREMIUM]"
"66608056","2026-09-03 18:20:53.849","2026-09-14 14:04:25.621","66608056","2026-09-14 13:00:11.000","[PREMIUM]","7","CA - SAN BERNARDINO","2026-09-14","MONDAY","1200","PDT","2020","V",2008,"HONDA","CRV","CR-V","4DR SPORT UTILITY","GREEN","REAR END",,"CA","SC","YES","D",181114,"A","[PREMIUM]",6693,"2.4L 4","FRONT WHEEL DRIVE","AUTOMATIC","GAS",4,"Run & Drive Verified","On Minimum Bid","[PREMIUM]",,"COLTON","CA","92324 3342","USA","USD","[PREMIUM]","[PREMIUM]","G060",false,"[PREMIUM]","LX",false,false,"[PREMIUM]",,,,,,,,"[PREMIUM]"
"64534816","2026-09-03 18:20:52.921","2026-09-10 08:27:45.521","64534816","2026-09-08 21:03:48.000","[PREMIUM]","7","CA - SAN BERNARDINO","2026-09-10","THURSDAY","1200","PDT","0","V",2018,"BMW","X1","X1","SPORT UTILITY VEHICLE","WHITE","REAR END",,"CA","SC","YES","D",85566,"A","[PREMIUM]",0,"2.0L 4","FRONT WHEEL DRIVE","AUTOMATIC","GAS",4,"Run & Drive Verified","Pure Sale","[PREMIUM]",,"COLTON","CA","92324 3342","USA","USD","[PREMIUM]","[PREMIUM]","J050",false,"[PREMIUM]","SDRIVE28I",false,false,"[PREMIUM]",,,,,,,,"[PREMIUM]"
"61204396","2026-09-03 18:20:51.426","2026-09-10 08:27:42.692","61204396","2026-09-08 21:23:05.000","[PREMIUM]","7","CA - SAN BERNARDINO","2026-09-10","THURSDAY","1200","PDT","0","V",2011,"TOYOTA","CAMRY","CAMRY","SEDAN","WHITE","FRONT END","REAR END","CA","SC","YES","D",177106,"A","[PREMIUM]",5433,"2.5L 4","FRONT WHEEL DRIVE","AUTOMATIC","GAS",4,"Run & Drive Verified","Pure Sale","[PREMIUM]",,"COLTON","CA","92324 3342","USA","USD","[PREMIUM]","[PREMIUM]","SA001",false,"[PREMIUM]","LE",false,false,"[PREMIUM]",,,,,,,,"[PREMIUM]"
"59299276","2026-09-03 18:20:51.162","2026-09-10 08:27:42.055","59299276","2026-09-08 21:23:24.000","[PREMIUM]","7","CA - SAN BERNARDINO","2026-09-10","THURSDAY","1200","PDT","0","V",2012,"ACURA","TL","TL","SEDAN 4DR","SILVER","SIDE",,"CA","SC","YES","D",187870,"A","[PREMIUM]",10828.81,"3.5L 6","FRONT WHEEL DRIVE","AUTOMATIC","GAS",6,"Run & Drive Verified","Pure Sale","[PREMIUM]",,"COLTON","CA","92324 3342","USA","USD","[PREMIUM]","[PREMIUM]","E070",false,"[PREMIUM]",,false,false,"[PREMIUM]",,,,,,,,"[PREMIUM]"
"67019376","2026-09-03 18:20:49.985","2026-09-10 08:27:37.987","67019376","2026-09-08 22:28:14.000","[PREMIUM]","6","CA - SAN JOSE","2026-09-10","THURSDAY","1200","PDT","0","V",2012,"NISSAN","ROGUE","ROGUE","WAGON","WHITE","FRONT END","SIDE","CA","SC","YES","D",98708,"A","[PREMIUM]",5107.54,"2.5L 4","ALL WHEEL DRIVE","AUTOMATIC","GAS",4,"Run & Drive Verified","Pure Sale","[PREMIUM]","VEH LOC @ SAN MARTIN SUBLOT ","SAN MARTIN","CA","95046 9564","USA","USD","[PREMIUM]","[PREMIUM]","FF110",false,"[PREMIUM]","S",false,false,"[PREMIUM]",,,,,,,,"[PREMIUM]"
"66928176","2026-09-03 18:20:49.098","2026-09-10 08:27:37.875","66928176","2026-09-09 20:52:18.000","[PREMIUM]","6","CA - SAN JOSE","2026-09-10","THURSDAY","1200","PDT","0","V",2018,"CHEVROLET","MALIBU","MALIBU","SEDAN","BLACK","FRONT END","SIDE","CA","SC","YES","D",143347,"A","[PREMIUM]",8139,"1.5L 4","FRONT WHEEL DRIVE","AUTOMATIC","GAS",4,"Run & Drive Verified","Pure Sale","[PREMIUM]","VEH LOC @ SAN MARTIN SUBLOT ","SAN MARTIN","CA","95046 9564","USA","USD","[PREMIUM]","[PREMIUM]","GG080",false,"[PREMIUM]","LT",false,false,"[PREMIUM]",,,,,,,,"[PREMIUM]"
"66781906","2026-09-03 18:20:49.057","2026-09-14 14:04:15.643","66781906","2026-09-11 15:43:04.000","[PREMIUM]","6","CA - SAN JOSE","2026-09-15","TUESDAY","1200","PDT","0","V",2016,"DODGE","CHARGER","CHARGER","SEDAN 4DR","BLACK","SIDE","UNDERCARRIAGE","CA","SC","YES","E",209379,"A","[PREMIUM]",9367,"5.7L 8","REAR WHEEL DRIVE","AUTOMATIC","GAS",8,"DEFAULT","On Minimum Bid","[PREMIUM]","VEH LOC @ SAN MARTIN SUBLOT ","SAN MARTIN","CA","95046 9564","USA","USD","[PREMIUM]","[PREMIUM]","AA010",false,"[PREMIUM]","R/T",false,false,"[PREMIUM]",,,,,,,,"[PREMIUM]"
"66141996","2026-09-03 18:20:48.691","2026-09-15 14:05:09.258","66141996","2026-09-15 13:00:23.000","[PREMIUM]","6","CA - SAN JOSE","2026-09-15","TUESDAY","1200","PDT","3114","V",2017,"LINCOLN","MKZ","MKZ","SEDAN 4DR","SILVER","REAR END",,"CA","SC","YES","D",94127,"A","[PREMIUM]",0,"2.0L 4","FRONT WHEEL DRIVE","AUTOMATIC","ELECTRIC AND GAS HYBRID",4,"Run & Drive Verified","On Minimum Bid","[PREMIUM]","VEH LOC @ SAN MARTIN SUBLOT ","SAN MARTIN","CA","95046 9564","USA","USD","[PREMIUM]","[PREMIUM]","EE080",false,"[PREMIUM]","HYBRID RESERVE",false,false,"[PREMIUM]",,,,,,,,"[PREMIUM]"
"66091826","2026-09-03 18:20:48.629","2026-09-10 08:27:37.047","66091826","2026-09-08 23:41:20.000","[PREMIUM]","6","CA - SAN JOSE","2026-09-10","THURSDAY","1200","PDT","0","V",2017,"TOYOTA","CAMRY","CAMRY","SEDAN","SILVER","FRONT END",,"CA","SC","YES","E",116780,"A","[PREMIUM]",0,"2.5L 4","FRONT WHEEL DRIVE","AUTOMATIC","GAS",4,"DEFAULT","Pure Sale","[PREMIUM]",,"SAN MARTIN","CA","95046 9564","USA","USD","[PREMIUM]","[PREMIUM]","F030",false,"[PREMIUM]","LE",false,false,"[PREMIUM]",,,,,,,,"[PREMIUM]"
"65910236","2026-09-03 18:20:48.580","2026-09-10 08:27:36.738","65910236","2026-09-09 20:52:14.000","[PREMIUM]","6","CA - SAN JOSE","2026-09-10","THURSDAY","1200","PDT","0","V",2015,"BMW","3 SERIES","328","SEDAN 4DR","BLUE","FRONT END","SIDE","CA","SC","YES","D",126596,"A","[PREMIUM]",9305.48,"2.0L 4","ALL WHEEL DRIVE","AUTOMATIC","GAS",4,"Run & Drive Verified","Pure Sale","[PREMIUM]","VEH LOC @ SAN MARTIN SUBLOT ","SAN MARTIN","CA","95046 9564","USA","USD","[PREMIUM]","[PREMIUM]","GG080",false,"[PREMIUM]","XI",false,false,"[PREMIUM]",,,,,,,,"[PREMIUM]"
"65318776","2026-09-03 18:20:48.339","2026-09-10 08:27:36.208","65318776","2026-09-08 23:39:46.000","[PREMIUM]","6","CA - SAN JOSE","2026-09-10","THURSDAY","1200","PDT","0","V",2016,"HONDA","CRV","CR-V","4DR SPORT UTILITY","SILVER","FRONT END","SIDE","CA","SC","YES","D",106384,"A","[PREMIUM]",0,"2.4L 4","FRONT WHEEL DRIVE","AUTOMATIC","GAS",4,"Run & Drive Verified","On Approval","[PREMIUM]",,"SAN MARTIN","CA","95046 9564","USA","USD","[PREMIUM]","[PREMIUM]","B010",false,"[PREMIUM]","EX",false,false,"[PREMIUM]",,,,,,,,"[PREMIUM]"
"65144366","2026-09-03 18:20:48.294","2026-09-10 08:27:35.919","65144366","2026-09-08 23:20:00.000","[PREMIUM]","6","CA - SAN JOSE","2026-09-10","THURSDAY","1200","PDT","0","V",2015,"JEEP","PATRIOT","PATRIOT","4DR SPORT UTILITY","WHITE","REAR END","SIDE","CA","SC","YES","D",205380,"A","[PREMIUM]",0,"2.0L 4","FRONT WHEEL DRIVE","AUTOMATIC","GAS",4,"Run & Drive Verified","Pure Sale","[PREMIUM]",,"SAN MARTIN","CA","95046 9564","USA","USD","[PREMIUM]","[PREMIUM]","E040",false,"[PREMIUM]","SPORT",false,false,"[PREMIUM]",,,,,,,,"[PREMIUM]"
"64471066","2026-09-03 18:20:48.100","2026-09-10 08:27:35.210","64471066","2026-09-09 20:52:11.000","[PREMIUM]","6","CA - SAN JOSE","2026-09-10","THURSDAY","1200","PDT","0","V",2016,"DODGE","CHALLENGER","CHALLENGER","COUPE","GRAY","FRONT END","SIDE","CA","SC","YES","E",122791,"A","[PREMIUM]",0,"3.6L 6","REAR WHEEL DRIVE","AUTOMATIC","FLEXIBLE",6,"DEFAULT","Pure Sale","[PREMIUM]",,"SAN MARTIN","CA","95046 9564","USA","USD","[PREMIUM]","[PREMIUM]","E040",false,"[PREMIUM]","SXT",false,false,"[PREMIUM]",,,,,,,,"[PREMIUM]"
"64304436","2026-09-03 18:20:48.046","2026-09-10 08:27:35.016","64304436","2026-09-08 23:37:04.000","[PREMIUM]","6","CA - SAN JOSE","2026-09-10","THURSDAY","1200","PDT","0","V",2005,"HONDA","ODYSSEY","ODYSSEY","SPORTS VAN","SILVER","FRONT END",,"CA","SC","YES","D",169815,"A","[PREMIUM]",0,"3.5L 6","FRONT WHEEL DRIVE","AUTOMATIC","GAS",6,"Run & Drive Verified","Pure Sale","[PREMIUM]",,"SAN MARTIN","CA","95046 9564","USA","USD","[PREMIUM]","[PREMIUM]","B030",false,"[PREMIUM]","EX",false,false,"[PREMIUM]",,,,,,,,"[PREMIUM]"
"64327376","2026-09-03 18:20:48.043","2026-09-10 08:27:35.021","64327376","2026-09-09 20:52:10.000","[PREMIUM]","6","CA - SAN JOSE","2026-09-10","THURSDAY","1200","PDT","0","V",2016,"CHEVROLET","TAHOE","TAHOE","4DR SPORT UTILITY","BLACK","REAR END","SIDE","CA","SC","YES","E",122090,"A","[PREMIUM]",0,"5.3L 8","4X4 W/REAR WHEEL DRV","AUTOMATIC","GAS",8,"DEFAULT","On Approval","[PREMIUM]",,"SAN MARTIN","CA","95046 9564","USA","USD","[PREMIUM]","[PREMIUM]","EE090",false,"[PREMIUM]","POLICE",false,false,"[PREMIUM]",,,,,,,,"[PREMIUM]"
"64302946","2026-09-03 18:20:48.000","2026-09-10 08:27:35.022","64302946","2026-09-09 20:52:10.000","[PREMIUM]","6","CA - SAN JOSE","2026-09-10","THURSDAY","1200","PDT","0","V",2024,"VOLKSWAGEN","ATLAS","ATLAS CROSS SPORT","SPORT UTILITY VEHICLE","BLACK","SIDE","REAR END","CA","SC","YES","D",74545,"A","[PREMIUM]",0,"2.0L 4","FRONT WHEEL DRIVE","AUTOMATIC","GAS",4,"Run & Drive Verified","On Minimum Bid","[PREMIUM]",,"SAN MARTIN","CA","95046 9564","USA","USD","[PREMIUM]","[PREMIUM]","A040",false,"[PREMIUM]","SE",false,false,"[PREMIUM]",,,,,,,,"[PREMIUM]"
"64233836","2026-09-03 18:20:47.998","2026-09-10 08:27:34.866","64233836","2026-09-08 23:10:15.000","[PREMIUM]","6","CA - SAN JOSE","2026-09-10","THURSDAY","1200","PDT","0","V",2021,"JEEP","GLADIATOR","GLADIATOR","PICKUP","BLACK","REAR END",,"CA","SC","YES","E",127685,"A","[PREMIUM]",0,"3.0L 6","4X4 W/REAR WHEEL DRV","AUTOMATIC","DIESEL",6,"DEFAULT","On Minimum Bid","[PREMIUM]",,"SAN MARTIN","CA","95046 9564","USA","USD","[PREMIUM]","[PREMIUM]","B020",false,"[PREMIUM]","OVERLAND",false,false,"[PREMIUM]",,,,,,,,"[PREMIUM]"
"62852116","2026-09-03 18:20:47.518","2026-09-16 15:06:02.329","62852116","2026-09-16 08:01:18.000","[PREMIUM]","6","CA - SAN JOSE","2026-09-22","TUESDAY","1200","PDT","0","V",2019,"NISSAN","ROGUE","ROGUE","WAGON","SILVER","FRONT END","SIDE","CA","SC","YES","E",70436,"A","[PREMIUM]",0,"2.5L 4","FRONT WHEEL DRIVE","AUTOMATIC","GAS",4,"DEFAULT","On Minimum Bid","[PREMIUM]","VEH LOC @ SAN MARTIN SUBLOT ","SAN MARTIN","CA","95046 9564","USA","USD","[PREMIUM]","[PREMIUM]","DD100",false,"[PREMIUM]","SL",false,false,"[PREMIUM]",,,,,,,,"[PREMIUM]"
"62813096","2026-09-03 18:20:47.447","2026-09-10 08:27:33.787","62813096","2026-09-08 23:49:26.000","[PREMIUM]","6","CA - SAN JOSE","2026-09-10","THURSDAY","1200","PDT","0","V",2017,"TOYOTA","PRIUS","PRIUS","HATCHBACK","CHARCOAL","FRONT END","SIDE","CA","SC","YES","D",155307,"N","[PREMIUM]",0,"1.8L 4","FRONT WHEEL DRIVE","AUTOMATIC","ELECTRIC AND GAS HYBRID",4,"Run & Drive Verified","Pure Sale","[PREMIUM]","VEH LOC @ SAN MARTIN SUBLOT ","SAN MARTIN","CA","95046 9564","USA","USD","[PREMIUM]","[PREMIUM]","BB040",false,"[PREMIUM]","TWO ECO",false,false,"[PREMIUM]",,,,,,,,"[PREMIUM]"
"61797086","2026-09-03 18:20:47.176","2026-09-10 02:27:31.082","61797086","2026-09-08 20:47:56.000","[PREMIUM]","6","CA - SAN JOSE","2026-09-10","THURSDAY","1200","PDT","0","V",2024,"CADILLAC","CT5","CT5-V","SEDAN","BLACK","FRONT END","UNDERCARRIAGE","CA","SC","YES","E",25421,"A","[PREMIUM]",33134.41,"6.2L 8","REAR WHEEL DRIVE","AUTOMATIC","GAS",8,"DEFAULT","Pure Sale","[PREMIUM]",,"SAN MARTIN","CA","95046 9564","USA","USD","[PREMIUM]","[PREMIUM]","F050",false,"[PREMIUM]","BLACKWING",false,false,"[PREMIUM]",,,,,,,,"[PREMIUM]"
"61740616","2026-09-03 18:20:47.166","2026-09-15 14:05:04.762","61740616","2026-09-15 13:00:22.000","[PREMIUM]","6","CA - SAN JOSE","2026-09-15","TUESDAY","1200","PDT","2020","V",2018,"TOYOTA","SIENNA","SIENNA","VAN PASSENGER","CHARCOAL","REAR END",,"CA","SC","YES","D",115834,"A","[PREMIUM]",3220.99,"3.5L 6","FRONT WHEEL DRIVE","AUTOMATIC","GAS",6,"Run & Drive Verified","On Minimum Bid","[PREMIUM]","VEH LOC @ SAN MARTIN SUBLOT ","SAN MARTIN","CA","95046 9564","USA","USD","[PREMIUM]","[PREMIUM]","BB030",false,"[PREMIUM]","LE",false,false,"[PREMIUM]",,,,,,,,"[PREMIUM]"
"61222456","2026-09-03 18:20:46.985","2026-09-10 08:27:33.013","61222456","2026-09-08 23:09:42.000","[PREMIUM]","6","CA - SAN JOSE","2026-09-10","THURSDAY","1200","PDT","0","V",2014,"CHEVROLET","CRUZE","CRUZE","SEDAN 4DR","WHITE","FRONT END","SIDE","CA","SC","YES","D",150452,"A","[PREMIUM]",0,"1.8L 4","FRONT WHEEL DRIVE","AUTOMATIC","GAS",4,"Run & Drive Verified","Pure Sale","[PREMIUM]","VEH LOC @ SAN MARTIN SUBLOT ","SAN MARTIN","CA","95046 9564","USA","USD","[PREMIUM]","[PREMIUM]","GG060",false,"[PREMIUM]","LS",false,false,"[PREMIUM]",,,,,,,,"[PREMIUM]"
"58758846","2026-09-03 18:20:46.659","2026-09-10 08:27:32.099","58758846","2026-09-08 23:19:39.000","[PREMIUM]","6","CA - SAN JOSE","2026-09-10","THURSDAY","1200","PDT","0","V",2000,"NISSAN","MAXIMA","MAXIMA","SEDAN","TAN","MINOR DENT/SCRATCHES",,"CA","SC","YES","D",236135,"A","[PREMIUM]",0,"3.0L 6","FRONT WHEEL DRIVE","AUTOMATIC","GAS",6,"Run & Drive Verified","Pure Sale","[PREMIUM]",,"SAN MARTIN","CA","95046 9564","USA","USD","[PREMIUM]","[PREMIUM]","G050",false,"[PREMIUM]","GXE",false,false,"[PREMIUM]",,,,,,,,"[PREMIUM]"
"58095946","2026-09-03 18:20:46.489","2026-09-10 08:27:31.936","58095946","2026-09-08 23:45:07.000","[PREMIUM]","6","CA - SAN JOSE","2026-09-10","THURSDAY","1200","PDT","0","V",2016,"FORD","FUSION","FUSION","SEDAN 4DR","BLACK","REAR END",,"CA","SC","NO","E",204305,"A","[PREMIUM]",0,"2.0L 4","FRONT WHEEL DRIVE","AUTOMATIC","ELECTRIC AND GAS HYBRID",4,"DEFAULT","Pure Sale","[PREMIUM]","VEH LOC @ SAN MARTIN SUBLOT ","SAN MARTIN","CA","95046 9564","USA","USD","[PREMIUM]","[PREMIUM]","DD060",false,"[PREMIUM]","SE PHEV",false,false,"[PREMIUM]",,,,,,,,"[PREMIUM]"
"58136676","2026-09-03 18:20:46.487","2026-09-10 08:27:31.949","58136676","2026-09-08 23:45:39.000","[PREMIUM]","6","CA - SAN JOSE","2026-09-10","THURSDAY","1200","PDT","0","V",2012,"BMW","X5","X5","4DR SPORT UTILITY","GRAY","REAR END",,"CA","SC","YES","D",97625,"A","[PREMIUM]",0,"3.0L 6","ALL WHEEL DRIVE","AUTOMATIC","GAS",6,"Run & Drive Verified","Pure Sale","[PREMIUM]","VEH LOC @ SAN MARTIN SUBLOT ","SAN MARTIN","CA","95046 9564","USA","USD","[PREMIUM]","[PREMIUM]","EE110",false,"[PREMIUM]","XDRIVE35I",false,false,"[PREMIUM]",,,,,,,,"[PREMIUM]"
"58090656","2026-09-03 18:20:46.482","2026-09-10 02:27:29.858","58090656","2026-09-08 23:44:19.000","[PREMIUM]","6","CA - SAN JOSE","2026-09-10","THURSDAY","1200","PDT","0","V",2013,"TOYOTA","PRIUS","PRIUS C","HATCHBACK","BLUE","VANDALISM","MECHANICAL","CA","SC","YES","E",339549,"A","[PREMIUM]",0,"1.5L 4","FRONT WHEEL DRIVE","AUTOMATIC","ELECTRIC AND GAS HYBRID",4,"DEFAULT","Pure Sale","[PREMIUM]",,"SAN MARTIN","CA","95046 9564","USA","USD","[PREMIUM]","[PREMIUM]","EE110",false,"[PREMIUM]","THREE",false,false,"[PREMIUM]",,,,,,,,"[PREMIUM]"
"66847916","2026-09-03 18:20:46.033","2026-09-11 11:01:05.271","66847916","2026-09-08 20:50:39.000","[PREMIUM]","5","CA - BAKERSFIELD","2026-09-11","FRIDAY","1200","PDT","0","V",2015,"TOYOTA","CAMRY","CAMRY","SEDAN","GOLD","FRONT END","REAR END","CA","SC","YES","S",105001,"A","[PREMIUM]",17474.96,"2.5L 4","FRONT WHEEL DRIVE","AUTOMATIC","GAS",4,"Vehicle Starts","Pure Sale","[PREMIUM]",,"BAKERSFIELD","CA","93307 4446","USA","USD","[PREMIUM]","[PREMIUM]","C090",false,"[PREMIUM]","LE",false,false,"[PREMIUM]",,,,,,,,"[PREMIUM]"
"56171896","2026-09-03 18:20:44.263","2026-09-11 11:01:01.969","56171896","2026-09-08 20:37:55.000","[PREMIUM]","5","CA - BAKERSFIELD","2026-09-11","FRIDAY","1200","PDT","0","V",2016,"ACURA","TLX","TLX","SEDAN 4DR","BLACK","REAR END","UNDERCARRIAGE","CA","SC","YES","D",113241,"A","[PREMIUM]",11758,"2.4L 4","FRONT WHEEL DRIVE","AUTOMATIC","GAS",4,"Run & Drive Verified","Pure Sale","[PREMIUM]",,"BAKERSFIELD","CA","93307 4446","USA","USD","[PREMIUM]","[PREMIUM]","D110",false,"[PREMIUM]",,false,false,"[PREMIUM]",,,,,,,,"[PREMIUM]"
"66831846","2026-09-03 18:20:43.847","2026-09-08 07:57:34.775","66831846","2026-09-07 20:01:22.000","[PREMIUM]","855","WHOLESALE AUCTION","2026-09-08","TUESDAY","1200","EDT","7036","V",2022,"CHEVROLET","SILVERADO","SILVERADO","PICKUP","CHARCOAL","MECHANICAL",,"CA","DV","YES","E",154459,"A","[PREMIUM]",961,"2.7L 4","REAR WHEEL DRIVE","AUTOMATIC","GAS",4,"DEFAULT","Pure Sale","[PREMIUM]",,"FRESNO","CA","93725 9364","USA","USD","[PREMIUM]","[PREMIUM]","A120",false,"[PREMIUM]","C1500",false,true,"[PREMIUM]",,,,,"RED LIGHT",3.9,,"[PREMIUM]"
"67112296","2026-09-03 18:20:40.982","2026-09-15 14:04:52.119","67112296","2026-09-11 22:09:31.000","[PREMIUM]","3","CA - HAYWARD","2026-09-15","TUESDAY","1200","PDT","2020","V",2015,"JEEP","CHEROKEE","CHEROKEE","4DR SPORT UTILITY","WHITE","FRONT END",,"CA","SC","YES","D",139031,"A","[PREMIUM]",6671.45,"2.4L 4","FRONT WHEEL DRIVE","AUTOMATIC","GAS",4,"Run & Drive Verified","Pure Sale","[PREMIUM]",,"HAYWARD","CA","94545 1022","USA","USD","[PREMIUM]","[PREMIUM]","J020",false,"[PREMIUM]","SPORT",false,false,"[PREMIUM]",,,,,,,,"[PREMIUM]"
"67295746","2026-09-03 18:20:40.976","2026-09-15 14:04:52.329","67295746","2026-09-11 22:09:31.000","[PREMIUM]","3","CA - HAYWARD","2026-09-15","TUESDAY","1200","PDT","2022","V",2017,"AUDI","A6","A6","SEDAN 4DR","RED","FRONT END",,"CA","SC","YES","D",119681,"A","[PREMIUM]",13652.75,"2.0L 4","ALL WHEEL DRIVE","AUTOMATIC","GAS",4,"Run & Drive Verified","Pure Sale","[PREMIUM]",,"HAYWARD","CA","94545 1022","USA","USD","[PREMIUM]","[PREMIUM]","H030",false,"[PREMIUM]","PREMIUM PLUS",false,false,"[PREMIUM]",,,,,,,,"[PREMIUM]"
"66760376","2026-09-03 18:20:40.885","2026-09-10 08:27:17.271","66760376","2026-09-09 15:34:41.000","[PREMIUM]","3","CA - HAYWARD","2026-09-10","THURSDAY","1200","PDT","5","V",2005,"HONDA","CRV","CR-V","4DR SPORT UTILITY","WHITE","SIDE",,"CA","SC","YES","D",182344,"E","[PREMIUM]",0,"2.4L 4","ALL WHEEL DRIVE","AUTOMATIC","GAS",4,"Run & Drive Verified","Pure Sale","[PREMIUM]",,"HAYWARD","CA","94545 1022","USA","USD","[PREMIUM]","[PREMIUM]","C040",false,"[PREMIUM]","SE",false,false,"[PREMIUM]",,,,,,,,"[PREMIUM]"
"66222416","2026-09-03 18:20:39.415","2026-09-15 14:04:51.229","66222416","2026-09-11 22:09:31.000","[PREMIUM]","3","CA - HAYWARD","2026-09-15","TUESDAY","1200","PDT","2547","V",2017,"TOYOTA","PRIUS","PRIUS PRIME","HATCHBACK","SILVER","FRONT END","SIDE","CA","SC","YES","E",87874,"A","[PREMIUM]",25734.56,"1.8L 4","FRONT WHEEL DRIVE","AUTOMATIC","ELECTRIC AND GAS HYBRID",4,"DEFAULT","Pure Sale","[PREMIUM]",,"HAYWARD","CA","94545 1022","USA","USD","[PREMIUM]","[PREMIUM]","B040",false,"[PREMIUM]","PLUS",false,false,"[PREMIUM]",,,,,,,,"[PREMIUM]"
"64827556","2026-09-03 18:20:39.014","2026-09-15 14:04:50.201","64827556","2026-09-14 17:56:54.000","[PREMIUM]","3","CA - HAYWARD","2026-09-15","TUESDAY","1200","PDT","2011","V",2009,"TOYOTA","CAMRY","CAMRY","SEDAN","TAN","VANDALISM",,"CA","SC","YES","D",124315,"A","[PREMIUM]",0,"2.4L 4","FRONT WHEEL DRIVE","AUTOMATIC","GAS",4,"Run & Drive Verified","Pure Sale","[PREMIUM]",,"HAYWARD","CA","94545 1022","USA","USD","[PREMIUM]","[PREMIUM]","PREV",false,"[PREMIUM]","LE",false,false,"[PREMIUM]",,,,,,,,"[PREMIUM]"
"60940766","2026-09-03 18:20:38.328","2026-09-15 14:04:48.667","60940766","2026-09-11 22:09:31.000","[PREMIUM]","3","CA - HAYWARD","2026-09-15","TUESDAY","1200","PDT","26","V",2024,"AUDI","Q3","Q3","SPORT UTILITY VEHICLE","WHITE","SIDE",,"CA","SC","YES","D",8463,"A","[PREMIUM]",25458.69,"2.0L 4","ALL WHEEL DRIVE","AUTOMATIC","GAS",4,"Run & Drive Verified","Pure Sale","[PREMIUM]",,"HAYWARD","CA","94545 1022","USA","USD","[PREMIUM]","[PREMIUM]","D030",false,"[PREMIUM]","PREMIUM PLUS S LINE 45",false,false,"[PREMIUM]",,,,,,,,"[PREMIUM]"
"60675636","2026-09-03 18:20:38.319","2026-09-08 07:57:24.273","60675636","2026-09-03 18:03:00.000","[PREMIUM]","3","CA - HAYWARD","2026-09-08","TUESDAY","1200","PDT","0","V",2006,"TOYOTA","AVALON","AVALON","SEDAN","WHITE","MINOR DENT/SCRATCHES",,"CA","DV","YES","D",119115,"A","[PREMIUM]",0,"3.5L 6","FRONT WHEEL DRIVE","AUTOMATIC","GAS",6,"Run & Drive Verified","On Approval","[PREMIUM]",,"HAYWARD","CA","94545 1022","USA","USD","[PREMIUM]","[PREMIUM]","H030",false,"[PREMIUM]","XLS",false,false,"[PREMIUM]",,,,,,,,"[PREMIUM]"
"67370906","2026-09-03 18:20:37.702","2026-09-10 08:27:12.114","67370906","2026-09-09 23:49:42.000","[PREMIUM]","2","CA - SACRAMENTO","2026-09-10","THURSDAY","1200","PDT","71","V",2000,"HONDA","CIVIC","CIVIC","COUPE","RED","FRONT END","SIDE","CA","SC","YES","D",126205,"A","[PREMIUM]",6117.96,"1.6L 4","FRONT WHEEL DRIVE","AUTOMATIC","GAS",4,"Run & Drive Verified","Pure Sale","[PREMIUM]",,"SACRAMENTO","CA","95828 1829","USA","USD","[PREMIUM]","[PREMIUM]","C050",false,"[PREMIUM]","EX",false,false,"[PREMIUM]",,,,,,,,"[PREMIUM]"
"66419436","2026-09-03 18:20:36.210","2026-09-10 08:27:11.369","66419436","2026-09-09 23:49:42.000","[PREMIUM]","2","CA - SACRAMENTO","2026-09-10","THURSDAY","1200","PDT","107","V",2012,"NISSAN","FRONTIER","FRONTIER","PICKUP","RED","SIDE","FRONT END","CA","SC","YES","D",194337,"A","[PREMIUM]",0,"4.0L 6","4X2","AUTOMATIC","GAS",6,"Run & Drive Verified","Pure Sale","[PREMIUM]",,"SACRAMENTO","CA","95828 1829","USA","USD","[PREMIUM]","[PREMIUM]","A090",false,"[PREMIUM]","S",false,false,"[PREMIUM]",,,,,,,,"[PREMIUM]"
"66365716","2026-09-03 18:20:36.088","2026-09-10 08:27:11.367","66365716","2026-09-09 23:49:42.000","[PREMIUM]","2","CA - SACRAMENTO","2026-09-10","THURSDAY","1200","PDT","11","V",2011,"TOYOTA","CAMRY","CAMRY","SEDAN","BLUE","FRONT END",,"CA","SC","YES","D",210376,"A","[PREMIUM]",4339.48,"2.5L 4","FRONT WHEEL DRIVE","AUTOMATIC","GAS",4,"Run & Drive Verified","Pure Sale","[PREMIUM]",,"SACRAMENTO","CA","95828 1829","USA","USD","[PREMIUM]","[PREMIUM]","E040",false,"[PREMIUM]","LE",false,false,"[PREMIUM]",,,,,,,,"[PREMIUM]"
"66216526","2026-09-03 18:20:35.965","2026-09-10 08:27:11.111","66216526","2026-09-09 23:49:42.000","[PREMIUM]","2","CA - SACRAMENTO","2026-09-10","THURSDAY","1200","PDT","24","V",2019,"TESLA","MODEL S","MODEL S","HATCHBACK","GRAY","SIDE","REAR END","CA","SC","YES","D",32433,"A","[PREMIUM]",0,,"ALL WHEEL DRIVE","AUTOMATIC","ELECTRIC",,"Run & Drive Verified","On Minimum Bid","[PREMIUM]",,"SACRAMENTO","CA","95828 1829","USA","USD","[PREMIUM]","[PREMIUM]","K060",false,"[PREMIUM]",,false,false,"[PREMIUM]",,,,,,,,"[PREMIUM]"
"65725096","2026-09-03 18:20:35.734","2026-09-10 08:27:10.732","65725096","2026-09-09 23:49:42.000","[PREMIUM]","2","CA - SACRAMENTO","2026-09-10","THURSDAY","1200","PDT","29","V",2010,"MERCEDES-BENZ","E-CLASS","E","SEDAN 4DR","BLACK","FRONT END",,"CA","SC","YES","D",106232,"A","[PREMIUM]",7706.72,"3.5L 6","REAR WHEEL DRIVE","AUTOMATIC","GAS",6,"Run & Drive Verified","Pure Sale","[PREMIUM]",,"SACRAMENTO","CA","95828 1829","USA","USD","[PREMIUM]","[PREMIUM]","C080",false,"[PREMIUM]","350",false,false,"[PREMIUM]",,,,,,,,"[PREMIUM]"
"65340406","2026-09-03 18:20:33.934","2026-09-10 08:27:10.495","65340406","2026-09-09 23:49:42.000","[PREMIUM]","2","CA - SACRAMENTO","2026-09-10","THURSDAY","1200","PDT","94","V",2007,"HONDA","CRV","CR-V","4DR SPORT UTILITY","GREEN","SIDE",,"CA","SC","YES","D",132003,"A","[PREMIUM]",0,"2.4L 4","ALL WHEEL DRIVE","AUTOMATIC","GAS",4,"Run & Drive Verified","Pure Sale","[PREMIUM]",,"SACRAMENTO","CA","95828 1829","USA","USD","[PREMIUM]","[PREMIUM]","F050",false,"[PREMIUM]","LX",false,false,"[PREMIUM]",,,,,,,,"[PREMIUM]"
"65340756","2026-09-03 18:20:33.923","2026-09-08 07:57:20.958","65340756","2026-09-05 00:18:11.000","[PREMIUM]","2","CA - SACRAMENTO","2026-09-08","TUESDAY","1200","PDT","2553","V",2020,"HYUNDAI","KONA","KONA","SPORT UTILITY VEHICLE","CHARCOAL","FRONT END","SIDE","CA","SC","NO","E",53586,"A","[PREMIUM]",21180,"2.0L 4","FRONT WHEEL DRIVE","AUTOMATIC","GAS",4,"DEFAULT","Pure Sale","[PREMIUM]",,"SACRAMENTO","CA","95828 1829","USA","USD","[PREMIUM]","[PREMIUM]","B080",false,"[PREMIUM]","SEL PLUS",false,false,"[PREMIUM]",,,,,,,,"[PREMIUM]"
"63656016","2026-09-03 18:20:33.377","2026-09-10 08:27:09.195","63656016","2026-09-09 23:49:42.000","[PREMIUM]","2","CA - SACRAMENTO","2026-09-10","THURSDAY","1200","PDT","87","V",2019,"HONDA","ACCORD","ACCORD","SEDAN","GRAY","SIDE",,"CA","SC","YES","D",94910,"A","[PREMIUM]",15534.46,"1.5L 4","FRONT WHEEL DRIVE","AUTOMATIC","GAS",4,"Run & Drive Verified","Pure Sale","[PREMIUM]",,"SACRAMENTO","CA","95828 1829","USA","USD","[PREMIUM]","[PREMIUM]","D080",false,"[PREMIUM]","SPORT",false,false,"[PREMIUM]",,,,,,,,"[PREMIUM]"
"56341766","2026-09-03 18:20:30.667","2026-09-08 07:57:16.929","56341766","2026-09-05 00:18:11.000","[PREMIUM]","2","CA - SACRAMENTO","2026-09-08","TUESDAY","1200","PDT","2520","V",2008,"LEXUS","IS","IS","SEDAN 4DR","WHITE","FRONT END","SIDE","CA","NR","NO","E",0,"E","[PREMIUM]",0,"2.5L 6","REAR WHEEL DRIVE","AUTOMATIC","GAS",6,"DEFAULT","Pure Sale","[PREMIUM]",,"SACRAMENTO","CA","95828 1829","USA","USD","[PREMIUM]","[PREMIUM]","J110",false,"[PREMIUM]","250",false,false,"[PREMIUM]",,,,,,,,"[PREMIUM]"
"54942926","2026-09-03 18:20:29.264","2026-09-10 08:27:06.558","54942926","2026-09-09 23:49:42.000","[PREMIUM]","2","CA - SACRAMENTO","2026-09-10","THURSDAY","1200","PDT","41","V",2020,"TOYOTA","COROLLA","COROLLA","SEDAN","SILVER","REAR END","SIDE","CA","SC","YES","D",109482,"A","[PREMIUM]",20515.54,"1.8L 4","FRONT WHEEL DRIVE","AUTOMATIC","GAS",4,"Run & Drive Verified","Pure Sale","[PREMIUM]",,"SACRAMENTO","CA","95828 1829","USA","USD","[PREMIUM]","[PREMIUM]","H120",false,"[PREMIUM]","LE",false,false,"[PREMIUM]",,,,,,,,"[PREMIUM]"
"52947156","2026-09-03 18:20:29.192","2026-09-10 08:27:06.401","52947156","2026-09-09 23:49:42.000","[PREMIUM]","2","CA - SACRAMENTO","2026-09-10","THURSDAY","1200","PDT","9","V",2020,"CHEVROLET","SILVERADO","SILVERADO","PICKUP","GRAY","FRONT END",,"CA","SC","YES","D",88902,"A","[PREMIUM]",28855.54,"3.0L 6","4X4 W/REAR WHEEL DRV","AUTOMATIC","DIESEL",6,"Run & Drive Verified","On Approval","[PREMIUM]",,"SACRAMENTO","CA","95828 1829","USA","USD","[PREMIUM]","[PREMIUM]","I030",false,"[PREMIUM]","K1500 LT",false,false,"[PREMIUM]",,,,,,,,"[PREMIUM]"
"67744476","2026-09-03 18:20:28.854","2026-09-16 15:05:42.015","67744476","2026-09-11 19:46:28.000","[PREMIUM]","1","CA - VALLEJO","2026-09-18","FRIDAY","1200","PDT","0","V",2015,"FORD","EDGE","EDGE","4DR SPORT UTILITY","BLACK","MINOR DENT/SCRATCHES",,"CA","DV","YES","D",166138,"A","[PREMIUM]",0,"2.7L 6","FRONT WHEEL DRIVE","AUTOMATIC","GAS",6,"Run & Drive Verified","On Minimum Bid","[PREMIUM]",,"VALLEJO","CA","94590 7203","USA","USD","[PREMIUM]","[PREMIUM]","SD004",true,"[PREMIUM]","SPORT",false,false,"[PREMIUM]",,,,,,,,"[PREMIUM]"
"60058756","2026-09-03 18:20:27.357","2026-09-11 11:00:40.957","60058756","2026-09-10 00:47:16.000","[PREMIUM]","1","CA - VALLEJO","2026-09-11","FRIDAY","1200","PDT","0","V",2015,"LEXUS","IS","IS","SEDAN 4DR","GRAY","VANDALISM","MINOR DENT/SCRATCHES","CA","SC","YES","D",101573,"A","[PREMIUM]",9272.12,"2.5L 6","REAR WHEEL DRIVE","AUTOMATIC","GAS",6,"Run & Drive Verified","Pure Sale","[PREMIUM]",,"VALLEJO","CA","94590 7203","USA","USD","[PREMIUM]","[PREMIUM]","SD007",false,"[PREMIUM]","250",false,false,"[PREMIUM]",,,,,,,,"[PREMIUM]"
"57705676","2026-09-03 18:20:27.203","2026-09-11 11:00:40.773","57705676","2026-09-10 00:47:13.000","[PREMIUM]","1","CA - VALLEJO","2026-09-11","FRIDAY","1200","PDT","0","V",2013,"NISSAN","JUKE","JUKE","WAGON","BLACK","FRONT END",,"CA","SC","YES","E",0,"N","[PREMIUM]",17204.04,"1.6L 4","ALL WHEEL DRIVE","AUTOMATIC","GAS",4,"DEFAULT","Pure Sale","[PREMIUM]",,"VALLEJO","CA","94590 7203","USA","USD","[PREMIUM]","[PREMIUM]","SE005",false,"[PREMIUM]","S",false,false,"[PREMIUM]",,,,,,,,"[PREMIUM]"
"57845855","2026-09-03 17:39:41.257","2026-09-03 17:39:41.257","57845855","2026-09-02 14:37:39.000","[PREMIUM]","44","IN - INDIANAPOLIS","2026-09-04","FRIDAY","1000","EDT","0","V",2017,"KIA","SPORTAGE","SPORTAGE",,"TAN","FRONT END",,"IN","ST","YES","E",95675,"A","[PREMIUM]",19589.59,"2.0L  4","Front-wheel Drive","AUTOMATIC","GAS",4,"DEFAULT","Pure Sale","[PREMIUM]",,"INDIANAPOLIS","IN","46254 2452","USA","USD","[PREMIUM]","[PREMIUM]","F050",false,"[PREMIUM]","SX",false,false,"[PREMIUM]",,,,,,,,"[PREMIUM]"
"52177475","2026-09-03 17:36:00.571","2026-09-16 14:01:16.194","52177475","2026-09-12 08:00:16.000","[PREMIUM]","29","OH - COLUMBUS","2026-09-18","FRIDAY","1000","EDT","0","V",2016,"DODGE","CHALLENGER","CHALLENGER",,"BLUE","FRONT END","REAR END","OH","ST","YES","E",0,"N","[PREMIUM]",0,"5.7L  8","Rear-wheel drive","AUTOMATIC","GAS",8,"DEFAULT","On Minimum Bid","[PREMIUM]",,"COLUMBUS","OH","43207 5111","USA","USD","[PREMIUM]","[PREMIUM]","A090",false,"[PREMIUM]","R/T",false,false,"[PREMIUM]",,,,,,,,"[PREMIUM]"
"59130975","2026-09-03 17:35:32.855","2026-09-08 07:58:37.958","59130975","2026-09-06 21:07:33.000","[PREMIUM]","11","TX - HOUSTON","2026-09-08","TUESDAY","1200","CDT","2292","V",2016,"TOYOTA","TACOMA","TACOMA",,"ORANGE","SIDE","MINOR DENT/SCRATCHES","TX","SV","YES","D",52849,"A","[PREMIUM]",0,"3.5L  6","Rear-wheel drive","AUTOMATIC","GAS",6,"Run & Drive Verified","Pure Sale","[PREMIUM]",,"HOUSTON","TX","77073 4903","USA","USD","[PREMIUM]","[PREMIUM]","SJ002",false,"[PREMIUM]","DOUBLE CAB",false,false,"[PREMIUM]",,,,,,,,"[PREMIUM]"
"67673906","2026-09-03 17:35:22.903","2026-09-09 08:56:20.019","67673906","2026-09-03 16:06:31.000","[PREMIUM]","398","IA - CEDAR RAPIDS","2026-09-09","WEDNESDAY","1200","CDT","0","V",2013,"KIA","SORENTO","SORENTO","4DR SPORT UTILITY","WHITE","ALL OVER",,"IA","CT","YES","D",429831,"A","[PREMIUM]",0,"3.5L 6","ALL WHEEL DRIVE","AUTOMATIC","GAS",6,"Run & Drive Verified","On Minimum Bid","[PREMIUM]",,"CEDAR RAPIDS","IA","52404","USA","USD","[PREMIUM]","[PREMIUM]","REC",true,"[PREMIUM]","LX",false,false,"[PREMIUM]",,,,,,,,"[PREMIUM]"
"67514316","2026-09-03 17:35:22.897","2026-09-09 08:56:20.003","67514316","2026-09-03 16:19:20.000","[PREMIUM]","398","IA - CEDAR RAPIDS","2026-09-09","WEDNESDAY","1200","CDT","0","V",2015,"HYUNDAI","SANTA FE","SANTA FE","SUV","GRAY","MECHANICAL",,"IA","CT","YES","S",178082,"A","[PREMIUM]",0,"3.3L 6","FRONT WHEEL DRIVE","AUTOMATIC","GAS",6,"Vehicle Starts","On Minimum Bid","[PREMIUM]",,"CEDAR RAPIDS","IA","52404","USA","USD","[PREMIUM]","[PREMIUM]","D040",true,"[PREMIUM]","GLS",false,false,"[PREMIUM]",,,,,,,,"[PREMIUM]"
"67279526","2026-09-03 17:35:22.889","2026-09-15 23:17:41.785","67279526","2026-09-15 17:45:37.000","[PREMIUM]","398","IA - CEDAR RAPIDS",,,,"CDT","0","V",2016,"TOYOTA","COROLLA","COROLLA","SEDAN","SILVER","FRONT END",,"IA","ST","YES","D",74704,"A","[PREMIUM]",10046.92,"1.8L 4","FRONT WHEEL DRIVE","AUTOMATIC","GAS",4,"Run & Drive Verified","Pure Sale","[PREMIUM]",,"CEDAR RAPIDS","IA","52404","USA","USD","[PREMIUM]","[PREMIUM]","B030",false,"[PREMIUM]","LE",false,false,"[PREMIUM]",,,,,,,,"[PREMIUM]"
"67323266","2026-09-03 17:35:22.889","2026-09-15 23:17:41.947","67323266","2026-09-02 15:28:16.000","[PREMIUM]","398","IA - CEDAR RAPIDS",,,,"CDT","0","V",2008,"TOYOTA","CAMRY","CAMRY","SEDAN 4DR","RED","FRONT END",,"IA","ST","YES","D",148443,"E","[PREMIUM]",5187.82,"2.4L 4","FRONT WHEEL DRIVE","AUTOMATIC","ELECTRIC AND GAS HYBRID",4,"Run & Drive Verified","Pure Sale","[PREMIUM]",,"CEDAR RAPIDS","IA","52404","USA","USD","[PREMIUM]","[PREMIUM]","B020",false,"[PREMIUM]","HYBRID",false,false,"[PREMIUM]",,,,,,,,"[PREMIUM]"
"65534166","2026-09-03 17:35:22.819","2026-09-15 23:17:40.615","65534166","2026-09-03 16:51:24.000","[PREMIUM]","398","IA - CEDAR RAPIDS",,,,"CDT","0","V",2015,"KIA","All Models","SEDONA","SPORTS VAN","GRAY","FRONT END","TOP/ROOF","IA","ST","YES","D",145339,"A","[PREMIUM]",0,"3.3L 6","FRONT WHEEL DRIVE","AUTOMATIC","GAS",6,"Run & Drive Verified","On Approval","[PREMIUM]",,"CEDAR RAPIDS","IA","52404","USA","USD","[PREMIUM]","[PREMIUM]","B100",false,"[PREMIUM]","LX",false,false,"[PREMIUM]",,,,,,,,"[PREMIUM]"
"63844106","2026-09-03 17:35:22.448","2026-09-16 03:36:58.207","63844106","2026-09-15 19:10:14.000","[PREMIUM]","398","IA - CEDAR RAPIDS","2026-09-16","WEDNESDAY","1200","CDT","1115","V",2012,"DODGE","CALIBER","CALIBER","HATCHBACK 4DR","BLACK","NORMAL WEAR",,"IA","CT","YES","E",123290,"A","[PREMIUM]",0,"2.0L 4","FRONT WHEEL DRIVE","AUTOMATIC","GAS",4,"DEFAULT","On Minimum Bid","[PREMIUM]",,"CEDAR RAPIDS","IA","52404","USA","USD","[PREMIUM]","[PREMIUM]","A010",true,"[PREMIUM]","SXT",false,false,"[PREMIUM]",,,,,,,,"[PREMIUM]"
"60760686","2026-09-03 17:35:21.552","2026-09-15 23:17:36.395","60760686","2026-09-09 15:34:41.000","[PREMIUM]","398","IA - CEDAR RAPIDS","2026-09-23","WEDNESDAY","1200","CDT","0","V",2018,"NISSAN","ALTIMA","ALTIMA","SEDAN","SILVER","FRONT END","SIDE","ID","SC","YES","D",109909,"A","[PREMIUM]",6845,"2.5L 4","FRONT WHEEL DRIVE","AUTOMATIC","GAS",4,"Run & Drive Verified","Pure Sale","[PREMIUM]",,"CEDAR RAPIDS","IA","52404","USA","USD","[PREMIUM]","[PREMIUM]","C060",false,"[PREMIUM]","2.5 SV",false,false,"[PREMIUM]",,,,,,,,"[PREMIUM]"
"59604456","2026-09-03 17:35:21.408","2026-09-15 23:17:35.952","59604456","2026-09-15 20:13:40.000","[PREMIUM]","398","IA - CEDAR RAPIDS","2026-09-23","WEDNESDAY","1200","CDT","0","V",2023,"HYUNDAI","ELANTRA","ELANTRA","SEDAN","BLUE","FRONT END","SIDE","WV","SC","YES","D",61399,"N","[PREMIUM]",0,"1.6L 4","FRONT WHEEL DRIVE","AUTOMATIC","GAS",4,"Run & Drive Verified","Pure Sale","[PREMIUM]",,"CEDAR RAPIDS","IA","52404","USA","USD","[PREMIUM]","[PREMIUM]","D050",false,"[PREMIUM]","N LINE",false,false,"[PREMIUM]",,,,,,,,"[PREMIUM]"
"65717416","2026-09-03 17:35:20.421","2026-09-15 23:17:33.832","65717416","2026-09-09 17:03:01.000","[PREMIUM]","396","SD - RAPID CITY",,,,"MDT","0","V",2011,"CHRYSLER","200","200","SEDAN 4DR","BLUE","FRONT END","MINOR DENT/SCRATCHES","SD","CT","YES","D",183932,"A","[PREMIUM]",5548,"2.4L 4","FRONT WHEEL DRIVE","AUTOMATIC","GAS",4,"Run & Drive Verified","On Minimum Bid","[PREMIUM]",,"RAPID CITY","SD","57701","USA","USD","[PREMIUM]","[PREMIUM]","D030",false,"[PREMIUM]","TOURING",false,false,"[PREMIUM]",,,,,,,,"[PREMIUM]"
"65637986","2026-09-03 17:35:20.418","2026-09-15 23:17:33.802","65637986","2026-09-02 21:30:53.000","[PREMIUM]","396","SD - RAPID CITY",,,,"MDT","0","V",2008,"GMC","SIERRA","SIERRA","CREW PICKUP","WHITE","SIDE","MINOR DENT/SCRATCHES","SD","CT","YES","D",234742,"E","[PREMIUM]",13705.02,"6.6L 8","4X4 W/REAR WHEEL DRV","AUTOMATIC","DIESEL",8,"Run & Drive Verified","Pure Sale","[PREMIUM]",,"RAPID CITY","SD","57701","USA","USD","[PREMIUM]","[PREMIUM]","HVY01",false,"[PREMIUM]","K3500",false,false,"[PREMIUM]",,,,,,,,"[PREMIUM]"
"49958076","2026-09-03 17:35:19.643","2026-09-15 23:17:31.325","49958076","2026-09-05 01:07:32.000","[PREMIUM]","396","SD - RAPID CITY",,,,"MDT","0","V",2024,"CHEVROLET","ALL Models","SILVERADO","PICKUP","CHARCOAL","BURN - INTERIOR",,"SD","ST","YES","E",0,"N","[PREMIUM]",53375,"6.6L 8","4X4 W/REAR WHEEL DRV","AUTOMATIC","DIESEL",8,"DEFAULT","On Minimum Bid","[PREMIUM]",,"RAPID CITY","SD","57701","USA","USD","[PREMIUM]","[PREMIUM]","HVY01",false,"[PREMIUM]","K3500",false,false,"[PREMIUM]",,,,,,,,"[PREMIUM]"
"67627106","2026-09-03 17:35:19.564","2026-09-08 08:25:37.623","67627106","2026-09-07 23:21:13.000","[PREMIUM]","395","VT - RUTLAND","2026-09-08","TUESDAY","1000","EDT","79","V",2013,"VOLKSWAGEN","JETTA","JETTA","SEDAN 4DR","BLUE","SIDE","MINOR DENT/SCRATCHES","VT","CT","YES","D",117969,"A","[PREMIUM]",0,"2.0L 4","FRONT WHEEL DRIVE","AUTOMATIC","GAS",4,"Run & Drive Verified","On Minimum Bid","[PREMIUM]",,"CENTER RUTLAND","VT","05736","USA","USD","[PREMIUM]","[PREMIUM]","X010",false,"[PREMIUM]","BASE",false,false,"[PREMIUM]",,,,,,,,"[PREMIUM]"
"67631926","2026-09-03 17:35:19.561","2026-09-16 12:52:16.216","67631926","2026-09-14 17:43:48.000","[PREMIUM]","395","VT - RUTLAND","2026-09-21","MONDAY","1000","EDT","0","V",2017,"NISSAN","ROGUE","ROGUE SPORT","WAGON","BLACK","MINOR DENT/SCRATCHES",,"VT","CT","YES","S",170070,"A","[PREMIUM]",0,"2.0L 4","ALL WHEEL DRIVE","AUTOMATIC","GAS",4,"Vehicle Starts","On Minimum Bid","[PREMIUM]",,"CENTER RUTLAND","VT","05736","USA","USD","[PREMIUM]","[PREMIUM]","K010",true,"[PREMIUM]","SL",false,false,"[PREMIUM]",,,,,,,,"[PREMIUM]"
"67187066","2026-09-03 17:35:19.540","2026-09-11 17:33:39.832","67187066","2026-09-09 12:21:27.000","[PREMIUM]","395","VT - RUTLAND","2026-09-14","MONDAY","1000","EDT","0","V",2015,"GMC","SIERRA","SIERRA","4DR EXT CAB PICKUP","MAROON","REAR END",,"VT","CT","YES",,0,"N","[PREMIUM]",0,"4.3L 6","4X4 W/REAR WHEEL DRV","AUTOMATIC","GAS",6,,"On Minimum Bid","[PREMIUM]",,"CENTER RUTLAND","VT","05736","USA","USD","[PREMIUM]","[PREMIUM]","A010",true,"[PREMIUM]","K1500 SLE",false,false,"[PREMIUM]",,,,,,,,"[PREMIUM]"
"66340216","2026-09-03 17:35:19.477","2026-09-15 23:17:30.280","66340216","2026-09-14 18:59:57.000","[PREMIUM]","395","VT - RUTLAND",,,,"EDT","0","V",1998,"VOLVO","V70","V70","STATION WAGON","BLUE","FRONT END","MINOR DENT/SCRATCHES","VT","ST","YES","D",206578,"A","[PREMIUM]",3093,"2.4L 5","ALL WHEEL DRIVE","AUTOMATIC","GAS",5,"Run & Drive Verified","Pure Sale","[PREMIUM]",,"CENTER RUTLAND","VT","05736","USA","USD","[PREMIUM]","[PREMIUM]","L020",false,"[PREMIUM]","XC",false,false,"[PREMIUM]",,,,,,,,"[PREMIUM]"
"66380146","2026-09-03 17:35:19.463","2026-09-15 23:17:30.301","66380146","2026-09-12 13:28:02.000","[PREMIUM]","395","VT - RUTLAND",,,,"EDT","0","V",2017,"VOLKSWAGEN","TOUAREG","TOUAREG","4DR SPORT UTILITY","BLUE","ROLLOVER",,"VT","ST","EXM",,107525,"A","[PREMIUM]",13151,"3.6L 6","ALL WHEEL DRIVE","AUTOMATIC","GAS",6,,"Pure Sale","[PREMIUM]",,"CENTER RUTLAND","VT","05736","USA","USD","[PREMIUM]","[PREMIUM]","E020",false,"[PREMIUM]","WOLFSBURG",false,false,"[PREMIUM]",,,,,,,,"[PREMIUM]"
"65483536","2026-09-03 17:35:19.366","2026-09-15 23:17:29.853","65483536","2026-09-12 13:09:00.000","[PREMIUM]","395","VT - RUTLAND",,,,"EDT","0","V",2022,"HYUNDAI","VENUE","VENUE","WAGON","BLUE","FRONT END","SIDE","VT","ST","YES","D",111007,"A","[PREMIUM]",12827.51,"1.6L 4","FRONT WHEEL DRIVE","AUTOMATIC","GAS",4,"Run & Drive Verified","Pure Sale","[PREMIUM]",,"CENTER RUTLAND","VT","05736","USA","USD","[PREMIUM]","[PREMIUM]","F020",false,"[PREMIUM]","SEL",false,false,"[PREMIUM]",,,,,,,,"[PREMIUM]"
"65149786","2026-09-03 17:35:19.331","2026-09-15 23:17:29.692","65149786","2026-09-03 16:30:33.000","[PREMIUM]","395","VT - RUTLAND",,,,"EDT","0","V",2017,"NISSAN","LEAF","LEAF","HATCHBACK","SILVER","FRONT END","SIDE","VT","ST","YES","E",0,"N","[PREMIUM]",20775.04,"0.0L 0","FRONT WHEEL DRIVE","AUTOMATIC","ELECTRIC",0,"DEFAULT","Pure Sale","[PREMIUM]",,"CENTER RUTLAND","VT","05736","USA","USD","[PREMIUM]","[PREMIUM]","J020",false,"[PREMIUM]","S",false,false,"[PREMIUM]",,,,,,,,"[PREMIUM]"
"62978326","2026-09-03 17:35:18.972","2026-09-16 12:52:14.458","62978326","2026-09-14 19:04:27.000","[PREMIUM]","395","VT - RUTLAND",,,,"EDT","0","V",2024,"VOLVO","S60","S60","SEDAN","BLACK","REAR END","MINOR DENT/SCRATCHES","VT","ST","YES","D",14923,"A","[PREMIUM]",20952,"2.0L 4","ALL WHEEL DRIVE","AUTOMATIC","GAS",4,"Run & Drive Verified","Pure Sale","[PREMIUM]",,"CENTER RUTLAND","VT","05736","USA","USD","[PREMIUM]","[PREMIUM]","L020",false,"[PREMIUM]","PLUS",false,false,"[PREMIUM]",,,,,,,,"[PREMIUM]"
"62412336","2026-09-03 17:35:18.885","2026-09-13 20:37:02.161","62412336","2026-09-11 18:27:04.000","[PREMIUM]","395","VT - RUTLAND","2026-09-14","MONDAY","1000","EDT","70","V",2014,"HONDA","CRV","CR-V","4DR SPORT UTILITY","SILVER","FRONT END","MINOR DENT/SCRATCHES","VT","PO","YES","D",182871,"A","[PREMIUM]",9495.18,"2.4L 4","ALL WHEEL DRIVE","AUTOMATIC","GAS",4,"Run & Drive Verified","Pure Sale","[PREMIUM]",,"CENTER RUTLAND","VT","05736","USA","USD","[PREMIUM]","[PREMIUM]","X010",false,"[PREMIUM]","EXL",false,false,"[PREMIUM]",,,,,,,,"[PREMIUM]"
"61941966","2026-09-03 17:35:18.836","2026-09-08 08:25:35.315","61941966","2026-09-03 17:21:04.000","[PREMIUM]","395","VT - RUTLAND","2026-09-08","TUESDAY","1000","EDT","1139","V",2023,"MERCEDES-BENZ","E-CLASS","E","WAGON","GRAY","FRONT END","MINOR DENT/SCRATCHES","VT","ST","YES","E",40938,"A","[PREMIUM]",35435.84,"3.0L 6","ALL WHEEL DRIVE","AUTOMATIC","GAS",6,"DEFAULT","Pure Sale","[PREMIUM]",,"CENTER RUTLAND","VT","05736","USA","USD","[PREMIUM]","[PREMIUM]","V100",false,"[PREMIUM]","450 4M ALL TERRAIN",false,false,"[PREMIUM]",,,,,,,,"[PREMIUM]"
"60328926","2026-09-03 17:35:18.704","2026-09-15 23:17:28.431","60328926","2026-09-15 19:12:19.000","[PREMIUM]","395","VT - RUTLAND",,,,"EDT","0","V",2017,"SUBARU","IMPREZA","IMPREZA","WAGON","BLUE","FRONT END","SIDE","VT","ST","YES","D",190526,"A","[PREMIUM]",5856.5,"2.0L 4","ALL WHEEL DRIVE","AUTOMATIC","GAS",4,"Run & Drive Verified","Pure Sale","[PREMIUM]",,"CENTER RUTLAND","VT","05736","USA","USD","[PREMIUM]","[PREMIUM]","I020",false,"[PREMIUM]","PREMIUM",false,false,"[PREMIUM]",,,,,,,,"[PREMIUM]"
"58261296","2026-09-03 17:35:18.512","2026-09-13 20:37:01.131","58261296","2026-09-11 18:27:04.000","[PREMIUM]","395","VT - RUTLAND","2026-09-14","MONDAY","1000","EDT","42","V",2014,"SUBARU","XV","XV CROSSTREK","4DR SPORT UTILITY","RED","FRONT END","SIDE","ID","SC","YES","D",141739,"A","[PREMIUM]",8412,"2.0L 4","ALL WHEEL DRIVE","AUTOMATIC","GAS",4,"Run & Drive Verified","Pure Sale","[PREMIUM]",,"CENTER RUTLAND","VT","05736","USA","USD","[PREMIUM]","[PREMIUM]","Z040",false,"[PREMIUM]","2.0 PREMIUM",false,false,"[PREMIUM]",,,,,,,,"[PREMIUM]"
"55706886","2026-09-03 17:35:18.425","2026-09-15 23:17:27.857","55706886","2026-09-14 21:20:24.000","[PREMIUM]","395","VT - RUTLAND",,,,"EDT","0","V",2019,"HYUNDAI","ELANTRA","ELANTRA","SEDAN","GRAY","FRONT END","MINOR DENT/SCRATCHES","VT","ST","YES","D",63552,"A","[PREMIUM]",8013.56,"2.0L 4","FRONT WHEEL DRIVE","AUTOMATIC","GAS",4,"Run & Drive Verified","Pure Sale","[PREMIUM]",,"CENTER RUTLAND","VT","05736","USA","USD","[PREMIUM]","[PREMIUM]","K030",false,"[PREMIUM]","VALUE EDITION",false,false,"[PREMIUM]",,,,,,,,"[PREMIUM]"
"55516786","2026-09-03 17:35:18.418","2026-09-15 23:17:27.912","55516786","2026-09-12 13:39:16.000","[PREMIUM]","395","VT - RUTLAND",,,,"EDT","0","V",2018,"NISSAN","FRONTIER","FRONTIER","PICKUP","WHITE","FRONT END","MINOR DENT/SCRATCHES","VT","ST","YES","D",105183,"A","[PREMIUM]",14106.12,"4.0L 6","4X2","MANUAL","GAS",6,"Run & Drive Verified","Pure Sale","[PREMIUM]",,"CENTER RUTLAND","VT","05736","USA","USD","[PREMIUM]","[PREMIUM]","D030",false,"[PREMIUM]","S",false,false,"[PREMIUM]",,,,,,,,"[PREMIUM]"
"53734446","2026-09-03 17:35:18.399","2026-09-13 20:37:00.580","53734446","2026-09-11 18:27:04.000","[PREMIUM]","395","VT - RUTLAND","2026-09-14","MONDAY","1000","EDT","1141","V",2012,"CHEVROLET","CRUZE","CRUZE","SEDAN 4DR","RED","REAR END","SIDE","VT","PO","YES","E",104323,"N","[PREMIUM]",5690.98,"1.4L 4","FRONT WHEEL DRIVE","AUTOMATIC","GAS",4,"DEFAULT","Pure Sale","[PREMIUM]","PREVIOUS JUNK RECORD        ","CENTER RUTLAND","VT","05736","USA","USD","[PREMIUM]","[PREMIUM]","Q010",false,"[PREMIUM]","ECO",false,false,"[PREMIUM]",,,,,,,,"[PREMIUM]"
"46712746","2026-09-03 17:35:18.305","2026-09-15 23:17:27.622","46712746","2026-09-12 13:29:32.000","[PREMIUM]","395","VT - RUTLAND",,,,"EDT","0","V",2017,"TOYOTA","All Models","TACOMA","PICKUP","BLUE","FRONT END","SIDE","VT","ST","YES","D",121718,"A","[PREMIUM]",24957.13,"3.5L 6","FOUR BY FOUR","AUTOMATIC","GAS",6,"Run & Drive Verified","Pure Sale","[PREMIUM]",,"CENTER RUTLAND","VT","05736","USA","USD","[PREMIUM]","[PREMIUM]","E020",false,"[PREMIUM]","TRD OFF-ROAD",false,false,"[PREMIUM]",,,,,,,,"[PREMIUM]"
"67488006","2026-09-03 17:35:18.125","2026-09-10 15:02:34.739","67488006","2026-09-09 18:40:49.000","[PREMIUM]","394","TX - NORTH AUSTIN","2026-09-10","THURSDAY","1200","CDT","23","V",2008,"FORD","F150","F150","CREW PICKUP","SILVER","ALL OVER",,"TX","CT","YES","D",212102,"A","[PREMIUM]",0,"5.4L 8","4X4 W/REAR WHEEL DRV","AUTOMATIC","FLEXIBLE",8,"Run & Drive Verified","On Minimum Bid","[PREMIUM]",,"TAYLOR","TX","76574","USA","USD","[PREMIUM]","[PREMIUM]","D200",true,"[PREMIUM]","SUPERCREW",false,false,"[PREMIUM]",,,,,,,,"[PREMIUM]"
"67708956","2026-09-03 17:35:18.121","2026-09-10 15:02:34.972","67708956","2026-09-09 18:40:49.000","[PREMIUM]","394","TX - NORTH AUSTIN","2026-09-10","THURSDAY","1200","CDT","2080","V",2006,"FORD","F150","F150","CREW PICKUP","GOLD","MECHANICAL",,"TX","CT","YES","D",173899,"E","[PREMIUM]",0,"4.6L 8","4X4 W/REAR WHEEL DRV","AUTOMATIC","GAS",8,"Run & Drive Verified","Pure Sale","[PREMIUM]",,"TAYLOR","TX","76574","USA","USD","[PREMIUM]","[PREMIUM]","H140",false,"[PREMIUM]","SUPERCREW",false,false,"[PREMIUM]",,,,,,,,"[PREMIUM]"
"67474886","2026-09-03 17:35:18.117","2026-09-10 15:02:34.541","67474886","2026-09-09 20:04:50.000","[PREMIUM]","394","TX - NORTH AUSTIN","2026-09-10","THURSDAY","1200","CDT","3091","V",2018,"MERCEDES-BENZ","GLA-CLASS","GLA","SPORT UTILITY VEHICLE","BLUE","FRONT END","TOP/ROOF","TX","SV","YES","E",135932,"A","[PREMIUM]",12150.93,"2.0L 4","ALL WHEEL DRIVE","AUTOMATIC","GAS",4,"DEFAULT","On Minimum Bid","[PREMIUM]",,"TAYLOR","TX","76574","USA","USD","[PREMIUM]","[PREMIUM]","F180",false,"[PREMIUM]","250 4MATIC",false,false,"[PREMIUM]",,,,,,,,"[PREMIUM]"
"67544216","2026-09-03 17:35:18.116","2026-09-16 15:36:23.363","67544216","2026-09-16 13:50:49.000","[PREMIUM]","394","TX - NORTH AUSTIN","2026-09-17","THURSDAY","1200","CDT","0","V",2020,"CHEVROLET","CAMARO","CAMARO","COUPE","WHITE","NORMAL WEAR",,"TX","RS","YES","D",63330,"A","[PREMIUM]",0,"6.2L 8","REAR WHEEL DRIVE","MANUAL","GAS",8,"Run & Drive Verified","On Approval","[PREMIUM]",,"TAYLOR","TX","76574","USA","USD","[PREMIUM]","[PREMIUM]","G050",false,"[PREMIUM]","LZ",false,false,"[PREMIUM]",,,,,,,,"[PREMIUM]"
"67163136","2026-09-03 17:35:18.098","2026-09-16 12:52:10.207","67163136","2026-09-15 20:13:08.000","[PREMIUM]","394","TX - NORTH AUSTIN","2026-09-17","THURSDAY","1200","CDT","0","V",2018,"TESLA","MODEL 3","MDL 3","SEDAN","CHARCOAL","FRONT END",,"TX","SV","NO","E",0,"N","[PREMIUM]",6342.26,,"REAR WHEEL DRIVE","AUTOMATIC","ELECTRIC",,"DEFAULT","Pure Sale","[PREMIUM]",,"TAYLOR","TX","76574","USA","USD","[PREMIUM]","[PREMIUM]","A210",false,"[PREMIUM]",,false,false,"[PREMIUM]",,,,,,,,"[PREMIUM]"
"67248366","2026-09-03 17:35:18.088","2026-09-10 15:02:34.225","67248366","2026-09-09 18:40:49.000","[PREMIUM]","394","TX - NORTH AUSTIN","2026-09-10","THURSDAY","1200","CDT","47","V",2024,"TOYOTA","PRIUS","PRIUS PRIME","HATCHBACK","GRAY","FRONT END","REAR END","TX","SV","YES","D",28292,"A","[PREMIUM]",21400.55,"2.0L 4","FRONT WHEEL DRIVE","AUTOMATIC","ELECTRIC AND GAS HYBRID",4,"Run & Drive Verified","Pure Sale","[PREMIUM]",,"TAYLOR","TX","76574","USA","USD","[PREMIUM]","[PREMIUM]","D010",false,"[PREMIUM]","XSE",false,false,"[PREMIUM]",,,,,,,,"[PREMIUM]"
"67317206","2026-09-03 17:35:18.078","2026-09-10 15:02:34.404","67317206","2026-09-09 18:40:49.000","[PREMIUM]","394","TX - NORTH AUSTIN","2026-09-10","THURSDAY","1200","CDT","79","V",2018,"HYUNDAI","IONIQ","IONIQ","HATCHBACK","SILVER","FRONT END",,"TX","SV","YES","D",82764,"A","[PREMIUM]",9918.74,"1.6L 4","FRONT WHEEL DRIVE","AUTOMATIC","ELECTRIC AND GAS HYBRID",4,"Run & Drive Verified","Pure Sale","[PREMIUM]",,"TAYLOR","TX","76574","USA","USD","[PREMIUM]","[PREMIUM]","G110",false,"[PREMIUM]","SEL",false,false,"[PREMIUM]",,,,,,,,"[PREMIUM]"
"66427706","2026-09-03 17:35:18.011","2026-09-15 23:17:24.483","66427706","2026-09-15 20:24:18.000","[PREMIUM]","394","TX - NORTH AUSTIN","2026-09-17","THURSDAY","1200","CDT","0","V",2007,"CHEVROLET","SUBURBAN","SUBURBAN","4DR SPORT UTILITY","SILVER","REAR END",,"TX","SV","YES","D",180359,"E","[PREMIUM]",8176.5,"5.3L 8","REAR WHEEL DRIVE","AUTOMATIC","FLEXIBLE",8,"Run & Drive Verified","Pure Sale","[PREMIUM]",,"TAYLOR","TX","76574","USA","USD","[PREMIUM]","[PREMIUM]","D020",false,"[PREMIUM]","C1500",false,false,"[PREMIUM]",,,,,,,,"[PREMIUM]"
"66428476","2026-09-03 17:35:18.005","2026-09-15 23:17:24.482","66428476","2026-09-15 20:16:53.000","[PREMIUM]","394","TX - NORTH AUSTIN","2026-09-17","THURSDAY","1200","CDT","0","V",2023,"AUDI","Q5","Q5","SPORT UTILITY VEHICLE","GRAY","FRONT END",,"TX","SV","YES","D",35534,"A","[PREMIUM]",17009.07,"2.0L 4","ALL WHEEL DRIVE","AUTOMATIC","GAS",4,"Run & Drive Verified","Pure Sale","[PREMIUM]",,"TAYLOR","TX","76574","USA","USD","[PREMIUM]","[PREMIUM]","D100",false,"[PREMIUM]","PREMIUM PLUS 45",false,false,"[PREMIUM]",,,,,,,,"[PREMIUM]"
"66248006","2026-09-03 17:35:17.972","2026-09-10 15:02:33.088","66248006","2026-09-09 18:40:49.000","[PREMIUM]","394","TX - NORTH AUSTIN","2026-09-10","THURSDAY","1200","CDT","95","V",2009,"HYUNDAI","TUCSON","TUCSON","SUV","SILVER","REAR END",,"TX","SV","YES","D",192292,"E","[PREMIUM]",5369.35,"2.0L 4","FRONT WHEEL DRIVE","AUTOMATIC","GAS",4,"Run & Drive Verified","Pure Sale","[PREMIUM]",,"TAYLOR","TX","76574","USA","USD","[PREMIUM]","[PREMIUM]","C140",false,"[PREMIUM]","LIMITED I4",false,false,"[PREMIUM]",,,,,,,,"[PREMIUM]"
"66205926","2026-09-03 17:35:17.899","2026-09-10 15:02:32.785","66205926","2026-09-09 18:40:49.000","[PREMIUM]","394","TX - NORTH AUSTIN","2026-09-10","THURSDAY","1200","CDT","2062","V",2014,"LEXUS","GX","GX","4DR SPORT UTILITY","WHITE","REAR END",,"TX","SV","YES","D",114663,"A","[PREMIUM]",9733.65,"4.6L 8","ALL WHEEL DRIVE","AUTOMATIC","GAS",8,"Run & Drive Verified","Pure Sale","[PREMIUM]",,"TAYLOR","TX","76574","USA","USD","[PREMIUM]","[PREMIUM]","E190",false,"[PREMIUM]","460",false,false,"[PREMIUM]",,,,,,,,"[PREMIUM]"
"66023856","2026-09-03 17:35:17.869","2026-09-15 23:17:24.240","66023856","2026-09-11 12:37:55.000","[PREMIUM]","394","TX - NORTH AUSTIN","2026-09-17","THURSDAY","1200","CDT","0","V",2006,"FORD","F250","F250","CREW PICKUP","WHITE","REAR END","MECHANICAL","TX","CT","YES","E",250169,"E","[PREMIUM]",0,"6.0L 8","4X4 W/REAR WHEEL DRV","AUTOMATIC","DIESEL",8,"DEFAULT","On Minimum Bid","[PREMIUM]",,"TAYLOR","TX","76574","USA","USD","[PREMIUM]","[PREMIUM]","I160",true,"[PREMIUM]","SUPER DUTY",false,false,"[PREMIUM]",,,,,,,,"[PREMIUM]"
"65729866","2026-09-03 17:35:17.780","2026-09-15 23:17:23.726","65729866","2026-09-09 13:40:37.000","[PREMIUM]","394","TX - NORTH AUSTIN",,,,"CDT","0","V",2015,"CHEVROLET","ALL Models","SILVERADO","CREW PICKUP","CHARCOAL","FRONT END","MECHANICAL","TX","SV","YES","S",103015,"A","[PREMIUM]",17186.5,"5.3L 8","REAR WHEEL DRIVE","AUTOMATIC","GAS",8,"Vehicle Starts","Pure Sale","[PREMIUM]",,"TAYLOR","TX","76574","USA","USD","[PREMIUM]","[PREMIUM]","H160",false,"[PREMIUM]","C1500 LTZ",false,false,"[PREMIUM]",,,,,,,,"[PREMIUM]"
"65527816","2026-09-03 17:35:17.680","2026-09-10 15:02:32.024","65527816","2026-09-09 18:40:49.000","[PREMIUM]","394","TX - NORTH AUSTIN","2026-09-10","THURSDAY","1200","CDT","2007","V",2007,"CADILLAC","CTS","CTS","SEDAN 4DR","SILVER","FRONT END","SIDE","TX","SV","YES","D",183821,"E","[PREMIUM]",4542.37,"3.6L 6","REAR WHEEL DRIVE","AUTOMATIC","GAS",6,"Run & Drive Verified","Pure Sale","[PREMIUM]",,"TAYLOR","TX","76574","USA","USD","[PREMIUM]","[PREMIUM]","G080",false,"[PREMIUM]","HI FEATURE V6",false,false,"[PREMIUM]",,,,,,,,"[PREMIUM]"
"65362566","2026-09-03 17:35:17.633","2026-09-15 23:17:23.122","65362566","2026-09-10 17:57:32.000","[PREMIUM]","394","TX - NORTH AUSTIN","2026-09-17","THURSDAY","1200","CDT","0","V",2022,"CHRYSLER","PACIFICA","PACIFICA","VAN PASSENGER","WHITE","SIDE","FRONT END","TX","CT","YES","E",106307,"A","[PREMIUM]",0,"3.6L 6","FRONT WHEEL DRIVE","AUTOMATIC","ELECTRIC AND GAS HYBRID",6,"DEFAULT","On Minimum Bid","[PREMIUM]",,"TAYLOR","TX","76574","USA","USD","[PREMIUM]","[PREMIUM]","B200",true,"[PREMIUM]","HYBRID TOURING L",false,false,"[PREMIUM]",,,,,,,,"[PREMIUM]"
"64752886","2026-09-03 17:35:17.530","2026-09-16 12:52:06.980","64752886","2026-09-15 20:42:33.000","[PREMIUM]","394","TX - NORTH AUSTIN","2026-09-17","THURSDAY","1200","CDT","0","V",2022,"JEEP","CHEROKEE","GRAND CHEROKEE","SPORT UTILITY VEHICLE","WHITE","BURN - ENGINE","FRONT END","TX","SV","YES","E",0,"N","[PREMIUM]",13907,"3.6L 6","REAR WHEEL DRIVE","AUTOMATIC","FLEXIBLE",6,"DEFAULT","On Minimum Bid","[PREMIUM]",,"TAYLOR","TX","76574","USA","USD","[PREMIUM]","[PREMIUM]","B110",false,"[PREMIUM]","LAREDO E",false,false,"[PREMIUM]",,,,,,,,"[PREMIUM]"
"63139756","2026-09-03 17:35:17.029","2026-09-10 15:02:28.592","63139756","2026-09-09 18:40:49.000","[PREMIUM]","394","TX - NORTH AUSTIN","2026-09-10","THURSDAY","1200","CDT","2050","V",2017,"FORD","EXPEDITION","EXPEDITION","4DR SPORT UTILITY","CHARCOAL","REAR END",,"TX","SV","YES","D",171355,"A","[PREMIUM]",10911,"3.5L 6","REAR WHEEL DRIVE","AUTOMATIC","GAS",6,"Run & Drive Verified","Pure Sale","[PREMIUM]",,"TAYLOR","TX","76574","USA","USD","[PREMIUM]","[PREMIUM]","C170",false,"[PREMIUM]","EL XLT",false,false,"[PREMIUM]",,,,,,,,"[PREMIUM]"
"62974926","2026-09-03 17:35:16.976","2026-09-10 15:02:28.395","62974926","2026-09-09 18:40:49.000","[PREMIUM]","394","TX - NORTH AUSTIN","2026-09-10","THURSDAY","1200","CDT","33","V",2016,"CHEVROLET","TAHOE","TAHOE","4DR SPORT UTILITY","BLACK","FRONT END","SIDE","TX","SV","YES","D",178360,"A","[PREMIUM]",14999,"5.3L 8","4X4 W/REAR WHEEL DRV","AUTOMATIC","GAS",8,"Run & Drive Verified","On Minimum Bid","[PREMIUM]",,"TAYLOR","TX","76574","USA","USD","[PREMIUM]","[PREMIUM]","C170",false,"[PREMIUM]","K1500 LT",false,false,"[PREMIUM]",,,,,,,,"[PREMIUM]"
"62079886","2026-09-03 17:35:16.724","2026-09-15 23:17:19.347","62079886","2026-09-15 20:49:46.000","[PREMIUM]","394","TX - NORTH AUSTIN","2026-09-17","THURSDAY","1200","CDT","0","V",2021,"INFINITI","QX50","QX50","SPORT UTILITY VEHICLE","BLUE","SIDE","FRONT END","TX","SV","YES","E",50217,"A","[PREMIUM]",24188,"2.0L 4","FRONT WHEEL DRIVE","AUTOMATIC","GAS",4,"DEFAULT","On Minimum Bid","[PREMIUM]",,"TAYLOR","TX","76574","USA","USD","[PREMIUM]","[PREMIUM]","E040",false,"[PREMIUM]","ESSENTIAL",false,false,"[PREMIUM]",,,,,,,,"[PREMIUM]"
"61603336","2026-09-03 17:35:16.389","2026-09-10 15:02:26.670","61603336","2026-09-09 18:40:49.000","[PREMIUM]","394","TX - NORTH AUSTIN","2026-09-10","THURSDAY","1200","CDT","2083","V",2014,"TOYOTA","COROLLA","COROLLA","SEDAN","BLUE","REAR END","SIDE","TX","CT","YES","D",139424,"A","[PREMIUM]",0,"1.8L 4","FRONT WHEEL DRIVE","AUTOMATIC","GAS",4,"Run & Drive Verified","On Minimum Bid","[PREMIUM]",,"TAYLOR","TX","76574","USA","USD","[PREMIUM]","[PREMIUM]","E090",true,"[PREMIUM]","S",false,false,"[PREMIUM]",,,,,,,,"[PREMIUM]"
"59808996","2026-09-03 17:35:15.693","2026-09-15 23:17:17.014","59808996","2026-09-09 16:49:46.000","[PREMIUM]","394","TX - NORTH AUSTIN","2026-09-17","THURSDAY","1200","CDT","0","V",2015,"GMC","TERRAIN","TERRAIN","4DR SPORT UTILITY","BLACK","REAR END",,"TN","SC","YES","D",92263,"A","[PREMIUM]",12947,"3.6L 6","FRONT WHEEL DRIVE","AUTOMATIC","GAS",6,"Run & Drive Verified","Pure Sale","[PREMIUM]",,"TAYLOR","TX","76574","USA","USD","[PREMIUM]","[PREMIUM]","A160",false,"[PREMIUM]","DENALI",false,false,"[PREMIUM]",,,,,,,,"[PREMIUM]"
"58641506","2026-09-03 17:35:15.343","2026-09-15 23:17:16.801","58641506","2026-09-03 14:25:37.000","[PREMIUM]","394","TX - NORTH AUSTIN",,,,"CDT","0","V",2018,"CHEVROLET","TAHOE","TAHOE","SPORT UTILITY VEHICLE","SILVER","FRONT END",,"TX","SV","YES","D",80569,"A","[PREMIUM]",22541.63,"5.3L 8","4X4 W/REAR WHEEL DRV","AUTOMATIC","GAS",8,"Run & Drive Verified","Pure Sale","[PREMIUM]",,"TAYLOR","TX","76574","USA","USD","[PREMIUM]","[PREMIUM]","F180",false,"[PREMIUM]","K1500 LT",false,false,"[PREMIUM]",,,,,,,,"[PREMIUM]"
"58411896","2026-09-03 17:35:15.302","2026-09-15 23:17:16.241","58411896","2026-09-15 20:43:15.000","[PREMIUM]","394","TX - NORTH AUSTIN","2026-09-17","THURSDAY","1200","CDT","0","V",2013,"GMC","TERRAIN","TERRAIN","4DR SPORT UTILITY","SILVER","FRONT END","UNDERCARRIAGE","TX","SV","YES","S",123069,"A","[PREMIUM]",10131,"3.6L 6","FRONT WHEEL DRIVE","AUTOMATIC","FLEXIBLE",6,"Vehicle Starts","On Minimum Bid","[PREMIUM]",,"TAYLOR","TX","76574","USA","USD","[PREMIUM]","[PREMIUM]","F110",false,"[PREMIUM]","DENALI",false,false,"[PREMIUM]",,,,,,,,"[PREMIUM]"
"57545886","2026-09-03 17:35:15.163","2026-09-10 15:02:23.863","57545886","2026-09-09 18:40:49.000","[PREMIUM]","394","TX - NORTH AUSTIN","2026-09-10","THURSDAY","1200","CDT","2015","V",2024,"FORD","F250","F250","PICKUP","WHITE","SIDE",,"TX","SV","YES","D",35816,"A","[PREMIUM]",54742.77,"6.7L 8","4X4 W/REAR WHEEL DRV","AUTOMATIC","DIESEL",8,"Run & Drive Verified","On Minimum Bid","[PREMIUM]",,"TAYLOR","TX","76574","USA","USD","[PREMIUM]","[PREMIUM]","I160",false,"[PREMIUM]","SUPER DUTY",false,false,"[PREMIUM]",,,,,,,,"[PREMIUM]"
"55049796","2026-09-03 17:35:14.581","2026-09-10 15:02:22.722","55049796","2026-09-09 18:40:49.000","[PREMIUM]","394","TX - NORTH AUSTIN","2026-09-10","THURSDAY","1200","CDT","26","V",2017,"FORD","F150","F150","CREW PICKUP","WHITE","FRONT END",,"TX","SV","YES","D",125428,"A","[PREMIUM]",0,"2.7L 6","REAR WHEEL DRIVE","AUTOMATIC","GAS",6,"Run & Drive Verified","Pure Sale","[PREMIUM]",,"TAYLOR","TX","76574","USA","USD","[PREMIUM]","[PREMIUM]","H150",false,"[PREMIUM]","SUPERCREW",false,false,"[PREMIUM]",,,,,,,,"[PREMIUM]"
"51943086","2026-09-03 17:35:14.412","2026-09-15 23:17:14.317","51943086","2026-09-11 13:43:20.000","[PREMIUM]","394","TX - NORTH AUSTIN",,,,"CDT","0","V",2006,"TOYOTA","MATRIX","MATRIX","WAGON","SILVER","SIDE",,"PA","SC","NO","E",0,"E","[PREMIUM]",5522.07,"1.8L 4","ALL WHEEL DRIVE","AUTOMATIC","GAS",4,"DEFAULT","Pure Sale","[PREMIUM]",,"TAYLOR","TX","76574","USA","USD","[PREMIUM]","[PREMIUM]","G090",false,"[PREMIUM]","XR",false,false,"[PREMIUM]",,,,,,,,"[PREMIUM]"
"85451775","2026-09-03 17:35:14.199","2026-09-13 20:36:48.742","85451775","2026-09-11 13:17:55.000","[PREMIUM]","386","LA - VINTON","2026-09-14","MONDAY","1200","CDT","1123","V",2017,"GMC","SIERRA","SIERRA","CREW PICKUP","SILVER","FRONT END","SIDE","LA","ST","YES","E",112051,"A","[PREMIUM]",17378,"6.2L 8","4X4 W/REAR WHEEL DRV","AUTOMATIC","GAS",8,"DEFAULT","Pure Sale","[PREMIUM]",,"SULPHUR","LA","70663","USA","USD","[PREMIUM]","[PREMIUM]","B110",false,"[PREMIUM]","K1500 SLT",false,false,"[PREMIUM]",,,,,,,,"[PREMIUM]"
"66106786","2026-09-03 17:35:14.135","2026-09-15 23:17:13.173","66106786","2026-09-02 22:21:17.000","[PREMIUM]","386","LA - VINTON",,,,"CDT","0","V",2016,"TOYOTA","COROLLA","COROLLA","SEDAN","CHARCOAL","SIDE",,"TX","SV","YES","D",243247,"A","[PREMIUM]",7798.97,"1.8L 4","FRONT WHEEL DRIVE","AUTOMATIC","GAS",4,"Run & Drive Verified","Pure Sale","[PREMIUM]",,"SULPHUR","LA","70663","USA","USD","[PREMIUM]","[PREMIUM]","B040",false,"[PREMIUM]","LE PLUS",false,false,"[PREMIUM]",,,,,,,,"[PREMIUM]"
"64370856","2026-09-03 17:35:13.934","2026-09-15 23:17:12.747","64370856","2026-09-02 22:24:41.000","[PREMIUM]","386","LA - VINTON",,,,"CDT","0","V",2015,"CADILLAC","XTS","XTS","SEDAN 4DR","BEIGE","FRONT END",,"TX","SV","YES","D",188652,"A","[PREMIUM]",10060.03,"3.6L 6","FRONT WHEEL DRIVE","AUTOMATIC","GAS",6,"Run & Drive Verified","Pure Sale","[PREMIUM]",,"SULPHUR","LA","70663","USA","USD","[PREMIUM]","[PREMIUM]","B060",false,"[PREMIUM]","LUXURY COLLECTION",false,false,"[PREMIUM]",,,,,,,,"[PREMIUM]"
"64232406","2026-09-03 17:35:13.880","2026-09-08 14:24:57.674","64232406","2026-09-04 16:09:21.000","[PREMIUM]","386","LA - VINTON","2026-09-08","TUESDAY","1200","CDT","1118","V",2022,"CHEVROLET","SILVERADO","SILVERADO LTD","PICKUP","GRAY","SIDE",,"TX","PR","YES","S",207810,"A","[PREMIUM]",0,"5.3L 8","4X4 W/REAR WHEEL DRV","AUTOMATIC","GAS",8,"Vehicle Starts","On Approval","[PREMIUM]","DEEMED TOTAL LOSS BY INS    ","SULPHUR","LA","70663","USA","USD","[PREMIUM]","[PREMIUM]","E050",false,"[PREMIUM]","K1500 LT",false,false,"[PREMIUM]",,,,,,,,"[PREMIUM]"
"63371056","2026-09-03 17:35:13.847","2026-09-15 23:17:12.451","63371056","2026-09-02 22:24:42.000","[PREMIUM]","386","LA - VINTON",,,,"CDT","0","V",2020,"MERCEDES-BENZ","GLE-CLASS","GLE","SPORT UTILITY VEHICLE","BURGUNDY","SIDE","MINOR DENT/SCRATCHES","TX","SV","YES","D",117866,"A","[PREMIUM]",17825.59,"2.0L 4","REAR WHEEL DRIVE","AUTOMATIC","GAS",4,"Run & Drive Verified","Pure Sale","[PREMIUM]",,"SULPHUR","LA","70663","USA","USD","[PREMIUM]","[PREMIUM]","A090",false,"[PREMIUM]","350",false,false,"[PREMIUM]",,,,,,,,"[PREMIUM]"
"59064646","2026-09-03 17:35:13.218","2026-09-15 23:17:11.217","59064646","2026-09-10 20:09:38.000","[PREMIUM]","386","LA - VINTON","2026-09-21","MONDAY","1200","CDT","0","V",2016,"BMW","3 SERIES","320","SEDAN 4DR","BLACK","FRONT END","SIDE","ID","SC","YES","D",174878,"A","[PREMIUM]",9298,"2.0L 4","REAR WHEEL DRIVE","AUTOMATIC","GAS",4,"Run & Drive Verified","Pure Sale","[PREMIUM]",,"SULPHUR","LA","70663","USA","USD","[PREMIUM]","[PREMIUM]","A060",false,"[PREMIUM]","I",false,false,"[PREMIUM]",,,,,,,,"[PREMIUM]"
"58035956","2026-09-03 17:35:13.196","2026-09-15 23:17:10.951","58035956","2026-09-02 22:21:17.000","[PREMIUM]","386","LA - VINTON",,,,"CDT","0","V",2021,"KIA","STINGER","STINGER","SEDAN","GRAY","SIDE","FRONT END","TX","SV","YES","D",75228,"A","[PREMIUM]",16510.92,"2.0L 4","ALL WHEEL DRIVE","AUTOMATIC","GAS",4,"Run & Drive Verified","Pure Sale","[PREMIUM]",,"SULPHUR","LA","70663","USA","USD","[PREMIUM]","[PREMIUM]","E100",false,"[PREMIUM]","GT-LINE",false,false,"[PREMIUM]",,,,,,,,"[PREMIUM]"
"56827906","2026-09-03 17:35:13.195","2026-09-16 12:51:55.251","56827906","2026-09-10 20:10:16.000","[PREMIUM]","386","LA - VINTON","2026-09-21","MONDAY","1200","CDT","0","V",2022,"TOYOTA","TUNDRA","TUNDRA","PICKUP","BROWN","FRONT END","SIDE","ID","SC","YES","D",174455,"A","[PREMIUM]",28635,"3.4L 6","4X2","AUTOMATIC","GAS",6,"Run & Drive Verified","Pure Sale","[PREMIUM]",,"SULPHUR","LA","70663","USA","USD","[PREMIUM]","[PREMIUM]","B090",false,"[PREMIUM]","1794 EDITION",false,false,"[PREMIUM]",,,,,,,,"[PREMIUM]"
"54019456","2026-09-03 17:35:13.167","2026-09-15 23:17:10.445","54019456","2026-09-10 21:46:58.000","[PREMIUM]","386","LA - VINTON","2026-09-21","MONDAY","1200","CDT","0","V",2021,"NISSAN","KICKS","KICKS","HATCHBACK","GRAY","FRONT END","MINOR DENT/SCRATCHES","ID","SC","YES","D",66745,"A","[PREMIUM]",11825,"1.6L 4","FRONT WHEEL DRIVE","AUTOMATIC","GAS",4,"Run & Drive Verified","Pure Sale","[PREMIUM]",,"SULPHUR","LA","70663","USA","USD","[PREMIUM]","[PREMIUM]","A030",false,"[PREMIUM]","S",false,false,"[PREMIUM]",,,,,,,,"[PREMIUM]"
"49603826","2026-09-03 17:35:13.158","2026-09-13 20:36:44.628","49603826","2026-09-11 13:17:54.000","[PREMIUM]","386","LA - VINTON","2026-09-14","MONDAY","1200","CDT","29","V",2008,"BUICK","LACROSSE","LACROSSE","SEDAN 4DR","WHITE","FRONT END","MINOR DENT/SCRATCHES","LA","ST","YES","D",0,"E","[PREMIUM]",4713.2,"3.8L 6","FRONT WHEEL DRIVE","AUTOMATIC","GAS",6,"Run & Drive Verified","Pure Sale","[PREMIUM]",,"SULPHUR","LA","70663","USA","USD","[PREMIUM]","[PREMIUM]","E110",false,"[PREMIUM]","CX",false,false,"[PREMIUM]",,,,,,,,"[PREMIUM]"
"67343836","2026-09-03 17:35:12.507","2026-09-08 21:03:31.718","67343836","2026-09-03 15:46:55.000","[PREMIUM]","385","MI - WAYLAND","2026-09-10","THURSDAY","1000","EDT","0","V",2022,"RAM","All Models","PROMASTER CITY","VAN PASSENGER","WHITE","FRONT END",,"MI","CT","YES","E",0,"N","[PREMIUM]",0,"2.4L 4","FRONT WHEEL DRIVE","AUTOMATIC","GAS",4,"DEFAULT","On Minimum Bid","[PREMIUM]",,"WAYLAND","MI","49348","USA","USD","[PREMIUM]","[PREMIUM]","M190",true,"[PREMIUM]","TRADESMAN",false,false,"[PREMIUM]",,,,,,,,"[PREMIUM]"
"67341076","2026-09-03 17:35:12.490","2026-09-10 15:02:16.537","67341076","2026-09-10 08:00:24.000","[PREMIUM]","385","MI - WAYLAND","2026-09-10","THURSDAY","1000","EDT","26","V",2018,"BUICK","REGAL","REGAL TOURX","WAGON","TEAL","FRONT END",,"MI","CT","YES","D",74940,"A","[PREMIUM]",10746,"2.0L 4","ALL WHEEL DRIVE","AUTOMATIC","GAS",4,"Run & Drive Verified","Pure Sale","[PREMIUM]",,"WAYLAND","MI","49348","USA","USD","[PREMIUM]","[PREMIUM]","G110",false,"[PREMIUM]","ESSENCE",false,false,"[PREMIUM]",,,,,,,,"[PREMIUM]"
"67350066","2026-09-03 17:35:12.489","2026-09-09 08:55:51.812","67350066","2026-09-03 16:05:29.000","[PREMIUM]","385","MI - WAYLAND","2026-09-10","THURSDAY","1000","EDT","0","V",2024,"MITSUBISHI","OUTLANDER","OUTLANDER SPORT","SPORT UTILITY VEHICLE","SILVER","SIDE","FRONT END","MI","CT","YES","S",48421,"A","[PREMIUM]",0,"2.0L 4","ALL WHEEL DRIVE","AUTOMATIC","GAS",4,"Vehicle Starts","On Minimum Bid","[PREMIUM]",,"WAYLAND","MI","49348","USA","USD","[PREMIUM]","[PREMIUM]","I110",true,"[PREMIUM]","S/SE",false,false,"[PREMIUM]",,,,,,,,"[PREMIUM]"
"67287746","2026-09-03 17:35:12.486","2026-09-16 12:51:52.149","67287746","2026-09-15 01:23:42.000","[PREMIUM]","385","MI - WAYLAND","2026-09-17","THURSDAY","1000","EDT","0","K",2019,"RAM","PROMASTER","PROMASTER 2500","VAN CARGO","WHITE","MINOR DENT/SCRATCHES",,"MI","CZ","YES","D",130265,"A","[PREMIUM]",0,"3.6L 6","FRONT WHEEL DRIVE","AUTOMATIC","FLEXIBLE",6,"Run & Drive Verified","On Minimum Bid","[PREMIUM]",,"WAYLAND","MI","49348","USA","USD","[PREMIUM]","[PREMIUM]","S030",true,"[PREMIUM]","2500 HIGH",false,false,"[PREMIUM]",,,,,,,,"[PREMIUM]"
"67296066","2026-09-03 17:35:12.484","2026-09-10 15:02:16.519","67296066","2026-09-10 08:00:24.000","[PREMIUM]","385","MI - WAYLAND","2026-09-10","THURSDAY","1000","EDT","2293","V",2013,"SUBARU","LEGACY","LEGACY","SEDAN 4DR","RED","FRONT END",,"MI","CT","YES","D",222062,"A","[PREMIUM]",4613,"2.5L 4","ALL WHEEL DRIVE","AUTOMATIC","GAS",4,"Run & Drive Verified","Pure Sale","[PREMIUM]",,"WAYLAND","MI","49348","USA","USD","[PREMIUM]","[PREMIUM]","H110",false,"[PREMIUM]","2.5I PREMIUM",false,false,"[PREMIUM]",,,,,,,,"[PREMIUM]"
"66623316","2026-09-03 17:35:12.461","2026-09-15 23:17:06.608","66623316","2026-09-03 13:48:01.000","[PREMIUM]","385","MI - WAYLAND",,,,"EDT","0","V",2005,"CHEVROLET","ALL Models","SILVERADO","4DR EXT CAB PICKUP","CREAM","FRONT END",,"MI","CT","YES","D",197829,"E","[PREMIUM]",4953.63,"6.0L 8","4X4 W/REAR WHEEL DRV","AUTOMATIC","GAS",8,"Run & Drive Verified","Pure Sale","[PREMIUM]",,"WAYLAND","MI","49348","USA","USD","[PREMIUM]","[PREMIUM]","D160",false,"[PREMIUM]","K2500 HEAVY DUTY",false,false,"[PREMIUM]",,,,,,,,"[PREMIUM]"
"66816726","2026-09-03 17:35:12.460","2026-09-09 08:55:51.545","66816726","2026-09-08 15:30:49.000","[PREMIUM]","838","RENTAL VEHICLE SALE","2026-09-09","WEDNESDAY","1200","EDT","0","V",2026,"GMC","TERRAIN","TERRAIN","SPORT UTILITY VEHICLE","WHITE","SIDE","REAR END","MT","CT","YES","D",12768,"A","[PREMIUM]",12994,"1.5L 4","ALL WHEEL DRIVE","AUTOMATIC","GAS",4,"Run & Drive Verified","On Minimum Bid","[PREMIUM]",,"WAYLAND","MI","49348","USA","USD","[PREMIUM]","[PREMIUM]","A130",false,"[PREMIUM]","ELEVATION",false,false,"[PREMIUM]",,,,,,,,"[PREMIUM]"
"66816306","2026-09-03 17:35:12.459","2026-09-09 08:55:51.421","66816306","2026-09-04 15:36:43.000","[PREMIUM]","838","RENTAL VEHICLE SALE","2026-09-09","WEDNESDAY","1200","EDT","0","V",2025,"CHEVROLET","BLAZER","BLAZER","SPORT UTILITY VEHICLE","GRAY","TOP/ROOF","FRONT END","CT","CT","YES","D",32626,"A","[PREMIUM]",9009,"2.0L 4","ALL WHEEL DRIVE","AUTOMATIC","GAS",4,"Run & Drive Verified","On Minimum Bid","[PREMIUM]",,"WAYLAND","MI","49348","USA","USD","[PREMIUM]","[PREMIUM]","E090",false,"[PREMIUM]","2LT",false,false,"[PREMIUM]",,,,,,,,"[PREMIUM]"
"66301546","2026-09-03 17:35:12.427","2026-09-10 15:02:15.372","66301546","2026-09-10 08:00:25.000","[PREMIUM]","385","MI - WAYLAND","2026-09-10","THURSDAY","1000","EDT","4049","V",2018,"FORD","FOCUS","FOCUS","HATCHBACK","GRAY","ALL OVER",,"MI","CT","YES",,86839,"A","[PREMIUM]",5986.87,"2.0L 4","FRONT WHEEL DRIVE","AUTOMATIC","GAS",4,,"Pure Sale","[PREMIUM]",,"WAYLAND","MI","49348","USA","USD","[PREMIUM]","[PREMIUM]","H120",false,"[PREMIUM]","SE",false,false,"[PREMIUM]",,,,,,,,"[PREMIUM]"
"66075276","2026-09-03 17:35:12.404","2026-09-15 23:17:05.398","66075276","2026-09-05 15:56:26.000","[PREMIUM]","385","MI - WAYLAND",,,,"EDT","0","V",2026,"LINCOLN","CORSAIR","CORSAIR","SPORT UTILITY VEHICLE","RED","SIDE",,"MI","ST","YES","D",2354,"A","[PREMIUM]",37743.58,"2.0L 4","ALL WHEEL DRIVE","AUTOMATIC","GAS",4,"Run & Drive Verified","Pure Sale","[PREMIUM]",,"WAYLAND","MI","49348","USA","USD","[PREMIUM]","[PREMIUM]","D160",false,"[PREMIUM]","PREMIERE",false,false,"[PREMIUM]",,,,,,,,"[PREMIUM]"
"66080906","2026-09-03 17:35:12.383","2026-09-10 15:02:14.557","66080906","2026-09-10 08:00:25.000","[PREMIUM]","385","MI - WAYLAND","2026-09-10","THURSDAY","1000","EDT","3356","V",2015,"SUBARU","XV","XV CROSSTREK","4DR SPORT UTILITY","ORANGE","SIDE",,"MI","CT","YES","D",225936,"A","[PREMIUM]",5949,"2.0L 4","ALL WHEEL DRIVE","AUTOMATIC","GAS",4,"Run & Drive Verified","Pure Sale","[PREMIUM]",,"WAYLAND","MI","49348","USA","USD","[PREMIUM]","[PREMIUM]","L140",false,"[PREMIUM]","SPORT LIMITED",false,false,"[PREMIUM]",,,,,,,,"[PREMIUM]"
"65930126","2026-09-03 17:35:12.356","2026-09-15 23:17:05.153","65930126","2026-09-11 23:12:17.000","[PREMIUM]","385","MI - WAYLAND",,,,"EDT","0","V",2003,"CHEVROLET","TAHOE","TAHOE","4DR SPORT UTILITY","BURGUNDY","SIDE","FRONT END","MI","CT","YES","D",241999,"E","[PREMIUM]",3953,"5.3L 8","4X4 W/REAR WHEEL DRV","AUTOMATIC","FLEXIBLE",8,"Run & Drive Verified","Pure Sale","[PREMIUM]",,"WAYLAND","MI","49348","USA","USD","[PREMIUM]","[PREMIUM]","H140",false,"[PREMIUM]","K1500",false,false,"[PREMIUM]",,,,,,,,"[PREMIUM]"
"65860096","2026-09-03 17:35:12.313","2026-09-10 15:02:14.185","65860096","2026-09-10 08:00:24.000","[PREMIUM]","385","MI - WAYLAND","2026-09-10","THURSDAY","1000","EDT","102","V",2026,"TOYOTA","RAV4","RAV4 PLUG-IN HYBRID","SUV","BLACK","TOP/ROOF",,"MI","CT","YES","D",3622,"A","[PREMIUM]",36027,"2.5L 4","ALL WHEEL DRIVE","AUTOMATIC","ELECTRIC AND GAS HYBRID",4,"Run & Drive Verified","Pure Sale","[PREMIUM]",,"WAYLAND","MI","49348","USA","USD","[PREMIUM]","[PREMIUM]","P160",false,"[PREMIUM]","XSE",false,false,"[PREMIUM]",,,,,,,,"[PREMIUM]"
"65835026","2026-09-03 17:35:12.313","2026-09-15 23:17:04.999","65835026","2026-09-02 20:27:40.000","[PREMIUM]","385","MI - WAYLAND",,,,"EDT","0","V",2018,"AUDI","Q5","Q5","SPORT UTILITY VEHICLE","BLACK","MINOR DENT/SCRATCHES",,"MI","ST","YES","D",100434,"A","[PREMIUM]",7820.95,"2.0L 4","ALL WHEEL DRIVE","AUTOMATIC","GAS",4,"Run & Drive Verified","Pure Sale","[PREMIUM]",,"WAYLAND","MI","49348","USA","USD","[PREMIUM]","[PREMIUM]","N210",false,"[PREMIUM]","PRESTIGE",false,false,"[PREMIUM]",,,,,,,,"[PREMIUM]"
"65549796","2026-09-03 17:35:12.255","2026-09-10 15:02:13.556","65549796","2026-09-10 08:00:24.000","[PREMIUM]","385","MI - WAYLAND","2026-09-10","THURSDAY","1000","EDT","3274","V",2016,"CHEVROLET","MALIBU","MALIBU","SEDAN 4DR","GRAY","FRONT END",,"MI","CT","YES","D",69650,"A","[PREMIUM]",15987.73,"1.5L 4","FRONT WHEEL DRIVE","AUTOMATIC","GAS",4,"Run & Drive Verified","Pure Sale","[PREMIUM]",,"WAYLAND","MI","49348","USA","USD","[PREMIUM]","[PREMIUM]","K170",false,"[PREMIUM]","LT",false,false,"[PREMIUM]",,,,,,,,"[PREMIUM]"
"63322746","2026-09-03 17:35:11.515","2026-09-10 15:02:09.270","63322746","2026-09-10 08:00:24.000","[PREMIUM]","385","MI - WAYLAND","2026-09-10","THURSDAY","1000","EDT","2330","V",2013,"FORD","EDGE","EDGE","4DR SPORT UTILITY","BLACK","REAR END","FRONT END","MI","CT","YES","D",169283,"A","[PREMIUM]",5792.38,"3.5L 6","ALL WHEEL DRIVE","AUTOMATIC","GAS",6,"Run & Drive Verified","Pure Sale","[PREMIUM]",,"WAYLAND","MI","49348","USA","USD","[PREMIUM]","[PREMIUM]","M200",false,"[PREMIUM]","SEL",false,false,"[PREMIUM]",,,,,,,,"[PREMIUM]"
"62930496","2026-09-03 17:35:11.372","2026-09-15 23:17:00.882","62930496","2026-09-05 01:10:57.000","[PREMIUM]","385","MI - WAYLAND",,,,"EDT","0","V",2015,"SUBARU","XV","XV CROSSTREK","4DR SPORT UTILITY","ORANGE","FRONT END","TOP/ROOF","IA","ST","YES","D",191592,"A","[PREMIUM]",0,"2.0L 4","ALL WHEEL DRIVE","AUTOMATIC","GAS",4,"Run & Drive Verified","On Minimum Bid","[PREMIUM]",,"WAYLAND","MI","49348","USA","USD","[PREMIUM]","[PREMIUM]","K170",false,"[PREMIUM]","2.0 PREMIUM",false,false,"[PREMIUM]",,,,,,,,"[PREMIUM]"
"62306276","2026-09-03 17:35:11.299","2026-09-09 08:55:44.870","62306276","2026-09-02 20:01:49.000","[PREMIUM]","385","MI - WAYLAND","2026-09-10","THURSDAY","1000","EDT","0","V",2013,"GMC","SIERRA","SIERRA","CREW PICKUP","GRAY","UNDERCARRIAGE","SIDE","MI","CT","YES","D",254100,"A","[PREMIUM]",9370,"6.0L 8","4X4 W/REAR WHEEL DRV","AUTOMATIC","FLEXIBLE",8,"Run & Drive Verified","On Minimum Bid","[PREMIUM]",,"WAYLAND","MI","49348","USA","USD","[PREMIUM]","[PREMIUM]","S090",false,"[PREMIUM]","K2500 DENALI",false,false,"[PREMIUM]",,,,,,,,"[PREMIUM]"
"62298936","2026-09-03 17:35:11.264","2026-09-15 23:17:00.084","62298936","2026-09-15 21:37:49.000","[PREMIUM]","385","MI - WAYLAND","2026-09-17","THURSDAY","1000","EDT","0","V",2021,"FORD","F150","F150","PICKUP","WHITE","REAR END",,"MI","PO","YES","D",166765,"A","[PREMIUM]",21770,"2.7L 6","4X4 W/REAR WHEEL DRV","AUTOMATIC","GAS",6,"Run & Drive Verified","Pure Sale","[PREMIUM]",,"WAYLAND","MI","49348","USA","USD","[PREMIUM]","[PREMIUM]","S070",false,"[PREMIUM]","SUPERCREW",false,false,"[PREMIUM]",,,,,,,,"[PREMIUM]"
"62253236","2026-09-03 17:35:11.254","2026-09-10 15:02:07.784","62253236","2026-09-10 08:00:25.000","[PREMIUM]","385","MI - WAYLAND","2026-09-10","THURSDAY","1000","EDT","4062","V",2011,"FORD","RANGER","RANGER","4DR EXT CAB PICKUP","RED","FRONT END","SIDE","MI","CT","YES","E",191082,"A","[PREMIUM]",9166,"4.0L 6","4X4 W/REAR WHEEL DRV","AUTOMATIC","GAS",6,"DEFAULT","Pure Sale","[PREMIUM]",,"WAYLAND","MI","49348","USA","USD","[PREMIUM]","[PREMIUM]","K210",false,"[PREMIUM]","SUPER CAB",false,false,"[PREMIUM]",,,,,,,,"[PREMIUM]"
"61566366","2026-09-03 17:35:11.075","2026-09-15 23:16:59.503","61566366","2026-09-02 20:15:14.000","[PREMIUM]","385","MI - WAYLAND",,,,"EDT","0","V",2024,"MERCEDES-BENZ","GLE-CLASS","GLE","SPORT UTILITY VEHICLE","SILVER","FRONT END","REAR END","MI","ST","YES","E",31029,"A","[PREMIUM]",48698.04,"3.0L 6","ALL WHEEL DRIVE","AUTOMATIC","GAS",6,"DEFAULT","Pure Sale","[PREMIUM]",,"WAYLAND","MI","49348","USA","USD","[PREMIUM]","[PREMIUM]","N200",false,"[PREMIUM]","450 4MATIC",false,false,"[PREMIUM]",,,,,,,,"[PREMIUM]"
"61477946","2026-09-03 17:35:11.063","2026-09-15 23:16:59.496","61477946","2026-09-11 16:43:58.000","[PREMIUM]","385","MI - WAYLAND","2026-09-17","THURSDAY","1000","EDT","0","V",2015,"CHEVROLET","SILVERADO","SILVERADO","4DR EXT CAB PICKUP","CHARCOAL","TOP/ROOF",,"ID","SC","YES","D",202327,"A","[PREMIUM]",8749,"4.3L 6","4X4 W/REAR WHEEL DRV","AUTOMATIC","GAS",6,"Run & Drive Verified","Pure Sale","[PREMIUM]",,"WAYLAND","MI","49348","USA","USD","[PREMIUM]","[PREMIUM]","S170",false,"[PREMIUM]","K1500 LT",false,false,"[PREMIUM]",,,,,,,,"[PREMIUM]"
"59774156","2026-09-03 17:35:10.773","2026-09-15 23:16:58.434","59774156","2026-09-02 20:27:40.000","[PREMIUM]","385","MI - WAYLAND",,,,"EDT","0","V",2015,"JEEP","GRAND CHER","GRAND CHEROKEE","4DR SPORT UTILITY","WHITE","SIDE",,"MI","CT","NO","E",205931,"A","[PREMIUM]",6217,"3.6L 6","4X4 W/REAR WHEEL DRV","AUTOMATIC","FLEXIBLE",6,"DEFAULT","Pure Sale","[PREMIUM]",,"WAYLAND","MI","49348","USA","USD","[PREMIUM]","[PREMIUM]","J150",false,"[PREMIUM]","LAREDO",false,false,"[PREMIUM]",,,,,,,,"[PREMIUM]"
"59198936","2026-09-03 17:35:10.704","2026-09-15 23:16:58.271","59198936","2026-09-15 21:42:51.000","[PREMIUM]","385","MI - WAYLAND","2026-09-24","THURSDAY","1000","EDT","0","V",2022,"CHEVROLET","SILVERADO","SILVERADO","PICKUP","BROWN","FRONT END","REAR END","MI","PO","NO","E",0,"N","[PREMIUM]",37971,"6.6L 8","4X4 W/REAR WHEEL DRV","AUTOMATIC","DIESEL",8,"DEFAULT","On Minimum Bid","[PREMIUM]",,"WAYLAND","MI","49348","USA","USD","[PREMIUM]","[PREMIUM]","E180",false,"[PREMIUM]","K2500 HEAVY DUTY LT",false,false,"[PREMIUM]",,,,,,,,"[PREMIUM]"
"58688746","2026-09-03 17:35:10.663","2026-09-15 23:16:57.950","58688746","2026-09-02 20:27:00.000","[PREMIUM]","385","MI - WAYLAND",,,,"EDT","0","V",1997,"LINCOLN","TOWNCAR","TOWN CAR","SEDAN 4DR","BEIGE","REAR END","FRONT END","MI","CT","YES","D",90366,"E","[PREMIUM]",20812.48,"4.6L 8","REAR WHEEL DRIVE","AUTOMATIC","GAS",8,"Run & Drive Verified","Pure Sale","[PREMIUM]",,"WAYLAND","MI","49348","USA","USD","[PREMIUM]","[PREMIUM]","P210",false,"[PREMIUM]","EXECUTIVE",false,false,"[PREMIUM]",,,,,,,,"[PREMIUM]"
"56025486","2026-09-03 17:35:10.464","2026-09-15 23:16:57.067","56025486","2026-09-15 21:36:17.000","[PREMIUM]","385","MI - WAYLAND","2026-09-17","THURSDAY","1000","EDT","0","V",2022,"CHEVROLET","SILVERADO","SILVERADO","PICKUP","RED","BURN",,"MI","PO","YES","E",0,"N","[PREMIUM]",47883,"6.6L 8","4X4 W/REAR WHEEL DRV","AUTOMATIC","DIESEL",8,"DEFAULT","On Minimum Bid","[PREMIUM]",,"WAYLAND","MI","49348","USA","USD","[PREMIUM]","[PREMIUM]","R090",false,"[PREMIUM]","K2500 HEAVY DUTY LT",false,false,"[PREMIUM]",,,,,,,,"[PREMIUM]"
"55316586","2026-09-03 17:35:10.411","2026-09-09 08:55:40.609","55316586","2026-09-04 15:36:32.000","[PREMIUM]","838","RENTAL VEHICLE SALE","2026-09-09","WEDNESDAY","1200","EDT","0","V",2026,"HYUNDAI","SONATA","SONATA HYBRID","SEDAN","WHITE","FRONT END",,"FL","CD","YES","E",1375,"A","[PREMIUM]",9349,"2.0L 4","FRONT WHEEL DRIVE","AUTOMATIC","ELECTRIC AND GAS HYBRID",4,"DEFAULT","On Minimum Bid","[PREMIUM]",,"WAYLAND","MI","49348","USA","USD","[PREMIUM]","[PREMIUM]","E070",false,"[PREMIUM]","BLUE",false,false,"[PREMIUM]",,,,,,,,"[PREMIUM]"
"54821456","2026-09-03 17:35:10.328","2026-09-15 23:16:56.770","54821456","2026-09-02 20:27:39.000","[PREMIUM]","385","MI - WAYLAND",,,,"EDT","0","V",2004,"BUICK","LESABRE","LESABRE","SEDAN 4DR","BLUE","FRONT END","REAR END","MI","CT","YES","D",170371,"E","[PREMIUM]",3196.73,"3.8L 6","FRONT WHEEL DRIVE","AUTOMATIC","GAS",6,"Run & Drive Verified","Pure Sale","[PREMIUM]",,"WAYLAND","MI","49348","USA","USD","[PREMIUM]","[PREMIUM]","D150",false,"[PREMIUM]","CUSTOM",false,false,"[PREMIUM]",,,,,,,,"[PREMIUM]"
"53299256","2026-09-03 17:35:10.279","2026-09-15 23:16:56.512","53299256","2026-09-02 21:31:24.000","[PREMIUM]","385","MI - WAYLAND",,,,"EDT","0","V",2017,"CHEVROLET","ALL Models","SILVERADO","4DR EXT CAB PICKUP","BLACK","FRONT END","REAR END","MI","CT","YES","D",119721,"A","[PREMIUM]",12916.34,"5.3L 8","4X4 W/REAR WHEEL DRV","AUTOMATIC","GAS",8,"Run & Drive Verified","Pure Sale","[PREMIUM]",,"WAYLAND","MI","49348","USA","USD","[PREMIUM]","[PREMIUM]","H150",false,"[PREMIUM]","K1500 LT",false,false,"[PREMIUM]",,,,,,,,"[PREMIUM]"
"48674666","2026-09-03 17:35:10.133","2026-09-15 23:16:55.936","48674666","2026-09-14 14:27:47.000","[PREMIUM]","385","MI - WAYLAND","2026-09-17","THURSDAY","1000","EDT","0","V",2012,"SUBARU","LEGACY","LEGACY","SEDAN 4DR","BLACK","FRONT END",,"WV","SC","YES","D",112699,"N","[PREMIUM]",6976,"2.5L 4","ALL WHEEL DRIVE","AUTOMATIC","GAS",4,"Run & Drive Verified","On Minimum Bid","[PREMIUM]",,"WAYLAND","MI","49348","USA","USD","[PREMIUM]","[PREMIUM]","G110",false,"[PREMIUM]","2.5I PREMIUM",false,false,"[PREMIUM]",,,,,,,,"[PREMIUM]"
"98234925","2026-09-03 17:35:10.020","2026-09-15 23:16:55.625","98234925","2026-09-03 17:04:57.000","[PREMIUM]","384","ME - WINDHAM",,,,"EDT","0","V",2017,"FORD","EDGE","EDGE","4DR SPOR","GRAY","SIDE","FRONT END","WV","SC","YES","D",142708,"N","[PREMIUM]",4245,"2.0L  4","ALL WHEEL DRIVE","AUTOMATIC","GAS",4,"Run & Drive Verified","On Approval","[PREMIUM]",,"WINDHAM","ME","04062","USA","USD","[PREMIUM]","[PREMIUM]","K050",false,"[PREMIUM]","SEL",false,false,"[PREMIUM]",,,,,,,,"[PREMIUM]"
"93341535","2026-09-03 17:35:09.997","2026-09-15 23:16:55.609","93341535","2026-09-10 15:32:52.000","[PREMIUM]","384","ME - WINDHAM","2026-09-16","WEDNESDAY","1000","EDT","0","V",2012,"ACURA","MDX","MDX",,"BLACK","FRONT END",,"ID","SC","YES","D",161847,"A","[PREMIUM]",2623,"3.7L  6","ALL WHEEL DRIVE","AUTOMATIC","GAS",6,"Run & Drive Verified","Pure Sale","[PREMIUM]",,"WINDHAM","ME","04062","USA","USD","[PREMIUM]","[PREMIUM]","D060",false,"[PREMIUM]","TECHNOLOGY",false,false,"[PREMIUM]",,,,,,,,"[PREMIUM]"
"65915196","2026-09-03 17:35:09.850","2026-09-15 23:16:53.765","65915196","2026-09-02 19:50:26.000","[PREMIUM]","384","ME - WINDHAM",,,,"EDT","0","V",2010,"CHEVROLET","ALL Models","SILVERADO",,"SILVER","FRONT END",,"ME","ST","YES","D",183176,"E","[PREMIUM]",5995,,,"AUTOMATIC",,,"Run & Drive Verified","Pure Sale","[PREMIUM]",,"WINDHAM","ME","04062","USA","USD","[PREMIUM]","[PREMIUM]","D060",false,"[PREMIUM]","K1500 LT",false,false,"[PREMIUM]",,,,,,,,"[PREMIUM]"
"65831336","2026-09-03 17:35:09.834","2026-09-16 12:51:37.795","65831336","2026-09-02 19:50:26.000","[PREMIUM]","384","ME - WINDHAM",,,,"EDT","0","V",2015,"TOYOTA","PRIUS C ON","PRIUS C","HATCHBACK","WHITE","FRONT END",,"ME","ST","YES","D",83165,"A","[PREMIUM]",14021.32,"1.5L 4","FRONT WHEEL DRIVE","AUTOMATIC","ELECTRIC AND GAS HYBRID",4,"Run & Drive Verified","Pure Sale","[PREMIUM]",,"WINDHAM","ME","04062","USA","USD","[PREMIUM]","[PREMIUM]","L030",false,"[PREMIUM]","ONE",false,false,"[PREMIUM]",,,,,,,,"[PREMIUM]"
"64845956","2026-09-03 17:35:09.717","2026-09-15 23:16:52.923","64845956","2026-09-11 15:24:56.000","[PREMIUM]","384","ME - WINDHAM","2026-09-16","WEDNESDAY","1000","EDT","0","V",2014,"GMC","SIERRA","SIERRA","4DR EXT CAB PICKUP","BLACK","MINOR DENT/SCRATCHES",,"ME","CT","YES","D",226564,"A","[PREMIUM]",0,"4.3L 6","4X4 W/REAR WHEEL DRV","AUTOMATIC","GAS",6,"Run & Drive Verified","On Minimum Bid","[PREMIUM]",,"WINDHAM","ME","04062","USA","USD","[PREMIUM]","[PREMIUM]","C020",true,"[PREMIUM]","K1500",false,false,"[PREMIUM]",,,,,,,,"[PREMIUM]"
"64920206","2026-09-03 17:35:09.716","2026-09-15 23:16:52.929","64920206","2026-09-02 19:50:26.000","[PREMIUM]","384","ME - WINDHAM",,,,"EDT","0","V",2021,"KIA","SOUL","SOUL","SPORT UTILITY VEHICLE","BLUE","FRONT END",,"ME","ST","YES","D",43744,"A","[PREMIUM]",18222.96,"1.6L 4","FRONT WHEEL DRIVE","AUTOMATIC","GAS",4,"Run & Drive Verified","Pure Sale","[PREMIUM]",,"WINDHAM","ME","04062","USA","USD","[PREMIUM]","[PREMIUM]","J040",false,"[PREMIUM]","GT-LINE TURBO",false,false,"[PREMIUM]",,,,,,,,"[PREMIUM]"
"64441386","2026-09-03 17:35:09.627","2026-09-15 23:16:52.364","64441386","2026-09-02 19:50:26.000","[PREMIUM]","384","ME - WINDHAM",,,,"EDT","0","V",2016,"GMC","SIERRA","SIERRA","4DR EXT CAB PICKUP","WHITE","FRONT END",,"ME","ST","YES","D",122279,"A","[PREMIUM]",17948,"5.3L 8","4X4 W/REAR WHEEL DRV","AUTOMATIC","GAS",8,"Run & Drive Verified","On Approval","[PREMIUM]",,"WINDHAM","ME","04062","USA","USD","[PREMIUM]","[PREMIUM]","A010",false,"[PREMIUM]","K1500 SLE",false,false,"[PREMIUM]",,,,,,,,"[PREMIUM]"
"60455176","2026-09-03 17:35:08.730","2026-09-09 08:55:35.202","60455176","2026-09-09 08:00:09.000","[PREMIUM]","384","ME - WINDHAM","2026-09-09","WEDNESDAY","1000","EDT","1118","V",2017,"SUBARU","IMPREZA","IMPREZA","WAGON","GRAY","FRONT END","SIDE","ME","ST","NO","E",112373,"A","[PREMIUM]",7426.99,"2.0L 4","ALL WHEEL DRIVE","AUTOMATIC","GAS",4,"DEFAULT","Pure Sale","[PREMIUM]",,"WINDHAM","ME","04062","USA","USD","[PREMIUM]","[PREMIUM]","D010",false,"[PREMIUM]","LIMITED",false,false,"[PREMIUM]",,,,,,,,"[PREMIUM]"
"54628166","2026-09-03 17:35:08.196","2026-09-15 23:16:48.860","54628166","2026-09-15 18:39:25.000","[PREMIUM]","384","ME - WINDHAM",,,,"EDT","0","V",2015,"CHEVROLET","SILVERADO","SILVERADO","CREW PICKUP","CHARCOAL","FRONT END",,"ME","ST","YES","D",107092,"A","[PREMIUM]",15871.43,"6.0L 8","4X4 W/REAR WHEEL DRV","AUTOMATIC","FLEXIBLE",8,"Run & Drive Verified","Pure Sale","[PREMIUM]",,"WINDHAM","ME","04062","USA","USD","[PREMIUM]","[PREMIUM]","MED",false,"[PREMIUM]","K2500 HEAVY DUTY LTZ",false,false,"[PREMIUM]",,,,,,,,"[PREMIUM]"
"67700076","2026-09-03 17:35:08.018","2026-09-16 00:59:33.502","67700076","2026-09-14 21:38:36.000","[PREMIUM]","376","OH - AKRON","2026-09-18","FRIDAY","1000","EDT","0","V",2011,"KIA","OPTIMA","OPTIMA","SEDAN 4DR","BLUE","UNDERCARRIAGE","MINOR DENT/SCRATCHES","OH","CT","NO",,0,"N","[PREMIUM]",0,"2.0L 4","FRONT WHEEL DRIVE","AUTOMATIC","GAS",4,,"On Minimum Bid","[PREMIUM]",,"BARBERTON","OH","44203","USA","USD","[PREMIUM]","[PREMIUM]","D030",true,"[PREMIUM]","SX",false,false,"[PREMIUM]",,,,,,,,"[PREMIUM]"
"46443465","2026-09-03 17:35:08.013","2026-09-11 17:33:04.881","46443465","2026-09-11 08:00:09.000","[PREMIUM]","384","ME - WINDHAM","2026-09-11","FRIDAY","1000","EDT","1124","V",2018,"HONDA","CIVIC","CIVIC",,"WHITE","FRONT END",,"ID","SC","EXM","E",0,"N","[PREMIUM]",0,"1.5L  4","Front-wheel Drive","MANUAL","GAS",4,"DEFAULT","Pure Sale","[PREMIUM]",,"WINDHAM","ME","04062","USA","USD","[PREMIUM]","[PREMIUM]","C050",false,"[PREMIUM]","SI",false,false,"[PREMIUM]",,,,,,,,"[PREMIUM]"
"67584416","2026-09-03 17:35:07.961","2026-09-11 17:33:04.020","67584416","2026-09-10 14:06:25.000","[PREMIUM]","376","OH - AKRON","2026-09-11","FRIDAY","1000","EDT","1130","V",2009,"HONDA","ACCORD","ACCORD","SEDAN 4DR","BLUE","MECHANICAL","MINOR DENT/SCRATCHES","OH","CT","YES","E",110810,"A","[PREMIUM]",0,"2.4L 4","FRONT WHEEL DRIVE","AUTOMATIC","GAS",4,"DEFAULT","On Approval","[PREMIUM]",,"BARBERTON","OH","44203","USA","USD","[PREMIUM]","[PREMIUM]","C040",false,"[PREMIUM]","EX",false,false,"[PREMIUM]",,,,,,,,"[PREMIUM]"
"67442776","2026-09-03 17:35:07.953","2026-09-16 03:36:07.314","67442776","2026-09-15 17:21:26.000","[PREMIUM]","376","OH - AKRON","2026-09-18","FRIDAY","1000","EDT","0","V",2014,"FORD","F150","F150","CREW PICKUP","BURGUNDY","MINOR DENT/SCRATCHES",,"OH","CT","YES","D",183243,"N","[PREMIUM]",0,"3.5L 6","4X4 W/REAR WHEEL DRV","AUTOMATIC","GAS",6,"Run & Drive Verified","On Minimum Bid","[PREMIUM]",,"BARBERTON","OH","44203","USA","USD","[PREMIUM]","[PREMIUM]","G090",true,"[PREMIUM]","SUPERCREW",false,false,"[PREMIUM]",,,,,,,,"[PREMIUM]"
"66920366","2026-09-03 17:35:07.924","2026-09-10 15:01:53.450","66920366","2026-09-04 13:58:08.000","[PREMIUM]","376","OH - AKRON","2026-09-11","FRIDAY","1000","EDT","0","V",2014,"FORD","F150","F150","CREW PICKUP","WHITE","REAR END",,"OH","ST","YES","D",180922,"A","[PREMIUM]",5319.31,"5.0L 8","4X4 W/REAR WHEEL DRV","AUTOMATIC","FLEXIBLE",8,"Run & Drive Verified","Pure Sale","[PREMIUM]",,"BARBERTON","OH","44203","USA","USD","[PREMIUM]","[PREMIUM]","C110",false,"[PREMIUM]","SUPERCREW",false,false,"[PREMIUM]",,,,,,,,"[PREMIUM]"
"66706596","2026-09-03 17:35:07.914","2026-09-11 17:33:03.604","66706596","2026-09-10 14:06:25.000","[PREMIUM]","376","OH - AKRON","2026-09-11","FRIDAY","1000","EDT","1119","V",2013,"CADILLAC","XTS","XTS","SEDAN 4DR","WHITE","FRONT END",,"OH","ST","YES","E",104813,"A","[PREMIUM]",13663.58,"3.6L 6","ALL WHEEL DRIVE","AUTOMATIC","GAS",6,"DEFAULT","Pure Sale","[PREMIUM]",,"BARBERTON","OH","44203","USA","USD","[PREMIUM]","[PREMIUM]","D020",false,"[PREMIUM]","PREMIUM COLLECTION",false,false,"[PREMIUM]",,,,,,,,"[PREMIUM]"
"65844026","2026-09-03 17:35:07.779","2026-09-11 17:33:03.006","65844026","2026-09-10 14:06:25.000","[PREMIUM]","376","OH - AKRON","2026-09-11","FRIDAY","1000","EDT","89","V",2000,"TOYOTA","COROLLA","COROLLA",,"RED","REAR END",,"OH","ST","YES","D",199884,"A","[PREMIUM]",3046.67,,,"AUTOMATIC",,,"Run & Drive Verified","Pure Sale","[PREMIUM]",,"BARBERTON","OH","44203","USA","USD","[PREMIUM]","[PREMIUM]","D030",false,"[PREMIUM]","VE",false,false,"[PREMIUM]",,,,,,,,"[PREMIUM]"
"65182626","2026-09-03 17:35:07.737","2026-09-03 17:35:07.737","65182626","2026-09-03 11:56:46.000","[PREMIUM]","376","OH - AKRON","2026-09-04","FRIDAY","1000","EDT","112","V",2016,"INFINITI","Q50","Q50","SEDAN","GRAY","FRONT END","SIDE","OH","ST","YES","D",145304,"A","[PREMIUM]",2657.88,"2.0L 4","REAR WHEEL DRIVE","AUTOMATIC","GAS",4,"Run & Drive Verified","Pure Sale","[PREMIUM]",,"BARBERTON","OH","44203","USA","USD","[PREMIUM]","[PREMIUM]","D030",false,"[PREMIUM]","2.0T PREMIUM",false,false,"[PREMIUM]",,,,,,,,"[PREMIUM]"
"65338136","2026-09-03 17:35:07.716","2026-09-11 17:33:02.859","65338136","2026-09-10 14:06:25.000","[PREMIUM]","376","OH - AKRON","2026-09-11","FRIDAY","1000","EDT","1109","V",2018,"CHEVROLET","TRAX","TRAX","SPORT UTILITY VEHICLE","SILVER","FRONT END","REAR END","OH","ST","YES","S",117206,"A","[PREMIUM]",15032.35,"1.4L 4","FRONT WHEEL DRIVE","AUTOMATIC","GAS",4,"Vehicle Starts","Pure Sale","[PREMIUM]",,"BARBERTON","OH","44203","USA","USD","[PREMIUM]","[PREMIUM]","D010",false,"[PREMIUM]","1LT",false,false,"[PREMIUM]",,,,,,,,"[PREMIUM]"
"62356436","2026-09-03 17:35:07.377","2026-09-08 08:25:01.962","62356436","2026-09-07 20:20:40.000","[PREMIUM]","855","WHOLESALE AUCTION","2026-09-08","TUESDAY","1200","EDT","3086","V",2018,"GMC","SIERRA","SIERRA","PICKUP","WHITE","MINOR DENT/SCRATCHES","MECHANICAL","OH","CT","YES","D",163405,"A","[PREMIUM]",0,"4.3L 6","REAR WHEEL DRIVE","AUTOMATIC","GAS",6,"Run & Drive Verified","On Minimum Bid","[PREMIUM]",,"BARBERTON","OH","44203","USA","USD","[PREMIUM]","[PREMIUM]","G010",false,"[PREMIUM]","C1500",false,true,"[PREMIUM]",,,,,"RED LIGHT",2.6,"Maintenance,Emission","[PREMIUM]"
"62356416","2026-09-03 17:35:07.377","2026-09-08 08:25:01.955","62356416","2026-09-07 20:20:38.000","[PREMIUM]","855","WHOLESALE AUCTION","2026-09-08","TUESDAY","1200","EDT","172","V",2019,"CHEVROLET","SILVERADO","SILVERADO","PICKUP","WHITE","MINOR DENT/SCRATCHES",,"OH","CT","YES","D",167790,"A","[PREMIUM]",0,"4.3L 6","REAR WHEEL DRIVE","AUTOMATIC","GAS",6,"Run & Drive Verified","On Minimum Bid","[PREMIUM]",,"BARBERTON","OH","44203","USA","USD","[PREMIUM]","[PREMIUM]","G010",false,"[PREMIUM]","C1500",false,true,"[PREMIUM]",,,,,"GREEN LIGHT",3.4,"Safety","[PREMIUM]"
"61754256","2026-09-03 17:35:07.302","2026-09-11 17:33:01.717","61754256","2026-09-10 14:06:25.000","[PREMIUM]","376","OH - AKRON","2026-09-11","FRIDAY","1000","EDT","104","V",2019,"RAM","3500","3500","PICKUP","MAROON","TOP/ROOF","REAR END","OH","ST","YES","D",49401,"A","[PREMIUM]",0,"6.7L 6","4X4 W/REAR WHEEL DRV","AUTOMATIC","DIESEL",6,"Run & Drive Verified","Pure Sale","[PREMIUM]",,"BARBERTON","OH","44203","USA","USD","[PREMIUM]","[PREMIUM]","H020",false,"[PREMIUM]","LIMITED",false,false,"[PREMIUM]",,,,,,,,"[PREMIUM]"
"58244096","2026-09-03 17:35:07.177","2026-09-15 23:16:45.199","58244096","2026-09-03 14:52:19.000","[PREMIUM]","376","OH - AKRON",,,,"EDT","0","V",2015,"CHEVROLET","MALIBU","MALIBU","SEDAN 4DR","GOLD","FRONT END","SIDE","ID","SC","YES","S",93394,"A","[PREMIUM]",7482,"2.5L 4","FRONT WHEEL DRIVE","AUTOMATIC","GAS",4,"Vehicle Starts","Pure Sale","[PREMIUM]",,"BARBERTON","OH","44203","USA","USD","[PREMIUM]","[PREMIUM]","G050",false,"[PREMIUM]","1LT",false,false,"[PREMIUM]",,,,,,,,"[PREMIUM]"
"66574376","2026-09-03 17:35:07.116","2026-09-15 23:16:43.730","66574376","2026-09-02 20:07:27.000","[PREMIUM]","373","NC - LAGRANGE",,,,"EDT","0","V",2011,"HYUNDAI","ACCENT","ACCENT","SEDAN","BLUE","FRONT END",,"NC","SC","YES","D",190339,"A","[PREMIUM]",2954.72,"1.6L 4","FRONT WHEEL DRIVE","AUTOMATIC","GAS",4,"Run & Drive Verified","Pure Sale","[PREMIUM]",,"LA GRANGE","NC","28551","USA","USD","[PREMIUM]","[PREMIUM]","H060",false,"[PREMIUM]","GLS",false,false,"[PREMIUM]",,,,,,,,"[PREMIUM]"
"67557706","2026-09-03 17:35:07.069","2026-09-08 08:25:01.217","67557706","2026-09-02 18:35:03.000","[PREMIUM]","373","NC - LAGRANGE","2026-09-08","TUESDAY","1000","EDT","0","V",2006,"MAZDA","TRIBUTE","TRIBUTE","4DR SPORT UTILITY","GRAY","MECHANICAL",,"NC","CZ","YES","E",208965,"E","[PREMIUM]",0,"3.0L 6","FRONT WHEEL DRIVE","AUTOMATIC","GAS",6,"DEFAULT","On Minimum Bid","[PREMIUM]",,"LA GRANGE","NC","28551","USA","USD","[PREMIUM]","[PREMIUM]","U110",true,"[PREMIUM]","S",false,false,"[PREMIUM]",,,,,,,,"[PREMIUM]"
"67180156","2026-09-03 17:35:07.066","2026-09-15 23:16:44.153","67180156","2026-09-02 21:18:42.000","[PREMIUM]","373","NC - LAGRANGE",,,,"EDT","0","V",2012,"HYUNDAI","SONATA","SONATA","SEDAN","GRAY","SIDE",,"NC","SC","YES","D",159719,"A","[PREMIUM]",4091.06,"2.0L 4","FRONT WHEEL DRIVE","AUTOMATIC","GAS",4,"Run & Drive Verified","Pure Sale","[PREMIUM]",,"LA GRANGE","NC","28551","USA","USD","[PREMIUM]","[PREMIUM]","G090",false,"[PREMIUM]","SE 2.0T",false,false,"[PREMIUM]",,,,,,,,"[PREMIUM]"
"65838356","2026-09-03 17:35:07.059","2026-09-15 14:38:27.110","65838356","2026-09-15 08:00:11.000","[PREMIUM]","373","NC - LAGRANGE","2026-09-15","TUESDAY","1000","EDT","27","V",2023,"DODGE","CHARGER","CHARGER","SEDAN","BLACK","FRONT END",,"NC","SQ","YES","D",94963,"N","[PREMIUM]",0,"3.6L 6","REAR WHEEL DRIVE","AUTOMATIC","FLEXIBLE",6,"Run & Drive Verified","On Minimum Bid","[PREMIUM]",,"LA GRANGE","NC","28551","USA","USD","[PREMIUM]","[PREMIUM]","G100",false,"[PREMIUM]","GT",false,false,"[PREMIUM]",,,,,,,,"[PREMIUM]"
"64810116","2026-09-03 17:35:06.797","2026-09-15 23:16:42.039","64810116","2026-09-02 21:22:37.000","[PREMIUM]","373","NC - LAGRANGE",,,,"EDT","0","V",2024,"KIA","SOUL","SOUL","SPORT UTILITY VEHICLE","BLUE","FRONT END","SIDE","NC","SC","YES","S",31263,"A","[PREMIUM]",20582,"2.0L 4","FRONT WHEEL DRIVE","AUTOMATIC","GAS",4,"Vehicle Starts","On Approval","[PREMIUM]",,"LA GRANGE","NC","28551","USA","USD","[PREMIUM]","[PREMIUM]","H080",false,"[PREMIUM]","EX",false,false,"[PREMIUM]",,,,,,,,"[PREMIUM]"
"59314006","2026-09-03 17:35:05.290","2026-09-15 23:16:39.009","59314006","2026-09-15 15:35:36.000","[PREMIUM]","373","NC - LAGRANGE","2026-09-22","TUESDAY","1000","EDT","0","V",2015,"TESLA","MODEL S","MODEL S","HATCHBACK 4DR","SILVER","BURN",,"NC","SC","EXM","E",0,"N","[PREMIUM]",28231.98,,"ALL WHEEL DRIVE","NONE","ELECTRIC",,"DEFAULT","Pure Sale","[PREMIUM]",,"LA GRANGE","NC","28551","USA","USD","[PREMIUM]","[PREMIUM]","H080",false,"[PREMIUM]","P85D",false,false,"[PREMIUM]",,,,,,,,"[PREMIUM]"
"85633705","2026-09-03 17:35:04.385","2026-09-08 08:24:54.233","85633705","2026-09-07 20:01:22.000","[PREMIUM]","855","WHOLESALE AUCTION","2026-09-08","TUESDAY","1200","EDT","8281","V",2023,"TOYOTA","CAMRY","CAMRY","SEDAN","SILVER","FRONT END","REAR END","VA","CT","EXM","E",71320,"A","[PREMIUM]",24085,"2.5L 4","FRONT WHEEL DRIVE","AUTOMATIC","GAS",4,"DEFAULT","On Approval","[PREMIUM]",,"FRANKLIN","WI","53132","USA","USD","[PREMIUM]","[PREMIUM]","1SA09",false,"[PREMIUM]","SE",false,true,"[PREMIUM]",,,,,"RED LIGHT",0,,"[PREMIUM]"
"67206276","2026-09-03 17:35:03.956","2026-09-16 03:35:56.160","67206276","2026-09-14 22:51:41.000","[PREMIUM]","371","WI - MILWAUKEE SOUTH","2026-09-21","MONDAY","1200","CDT","0","V",1996,"FORD","BRONCO","BRONCO","2DR SPORT UTILITY","PURPLE","PARTIAL REPAIR",,"WI","CT","YES","D",181400,"E","[PREMIUM]",0,"5.8L 8","4X4 W/REAR WHEEL DRV","AUTOMATIC","GAS",8,"Run & Drive Verified","On Minimum Bid","[PREMIUM]",,"FRANKLIN","WI","53132","USA","USD","[PREMIUM]","[PREMIUM]","A060",true,"[PREMIUM]","U100",false,false,"[PREMIUM]",,,,,,,,"[PREMIUM]"
"67192776","2026-09-03 17:35:03.953","2026-09-15 23:16:36.118","67192776","2026-09-15 21:53:20.000","[PREMIUM]","371","WI - MILWAUKEE SOUTH","2026-09-21","MONDAY","1200","CDT","0","V",2005,"TOYOTA","HIGHLANDER","HIGHLANDER","SUV","BEIGE","MINOR DENT/SCRATCHES",,"WI","CT","YES","D",294592,"E","[PREMIUM]",0,"3.3L 6","ALL WHEEL DRIVE","AUTOMATIC","GAS",6,"Run & Drive Verified","On Minimum Bid","[PREMIUM]",,"FRANKLIN","WI","53132","USA","USD","[PREMIUM]","[PREMIUM]","1F050",true,"[PREMIUM]","BASE",false,false,"[PREMIUM]",,,,,,,,"[PREMIUM]"
"67168976","2026-09-03 17:35:03.936","2026-09-14 14:37:38.352","67168976","2026-09-14 11:00:27.000","[PREMIUM]","371","WI - MILWAUKEE SOUTH","2026-09-14","MONDAY","1200","CDT","2061","V",2019,"TOYOTA","SIENNA","SIENNA","MINI-VAN","BLACK","MECHANICAL",,"WI","CT","YES","E",126729,"A","[PREMIUM]",12283,"3.5L 6","FRONT WHEEL DRIVE","AUTOMATIC","GAS",6,"DEFAULT","On Minimum Bid","[PREMIUM]",,"FRANKLIN","WI","53132","USA","USD","[PREMIUM]","[PREMIUM]","B040",false,"[PREMIUM]","L 7-PASSENGER",false,false,"[PREMIUM]",,,,,,,,"[PREMIUM]"
"66946766","2026-09-03 17:35:03.764","2026-09-08 02:23:43.602","66946766","2026-09-07 21:48:50.000","[PREMIUM]","371","WI - MILWAUKEE SOUTH","2026-09-14","MONDAY","1200","CDT","0","V",2005,"HONDA","CRV","CR-V","4DR SPORT UTILITY","BLACK","FRONT END",,"WI","CT","YES",,138399,"E","[PREMIUM]",0,"2.4L 4","ALL WHEEL DRIVE","AUTOMATIC","GAS",4,,"On Minimum Bid","[PREMIUM]",,"FRANKLIN","WI","53132","USA","USD","[PREMIUM]","[PREMIUM]","A080",true,"[PREMIUM]","SE",false,false,"[PREMIUM]",,,,,,,,"[PREMIUM]"
"66344916","2026-09-03 17:35:03.559","2026-09-10 15:01:38.978","66344916","2026-09-04 19:21:35.000","[PREMIUM]","371","WI - MILWAUKEE SOUTH","2026-09-14","MONDAY","1200","CDT","0","V",2013,"VOLVO","S60","S60","SEDAN 4DR","WHITE","MINOR DENT/SCRATCHES",,"VA","CT","YES","D",169683,"A","[PREMIUM]",0,"2.5L 5","FRONT WHEEL DRIVE","AUTOMATIC","GAS",5,"Run & Drive Verified","On Minimum Bid","[PREMIUM]",,"FRANKLIN","WI","53132","USA","USD","[PREMIUM]","[PREMIUM]","A070",true,"[PREMIUM]","T5",false,false,"[PREMIUM]",,,,,,,,"[PREMIUM]"
"65350956","2026-09-03 17:35:02.854","2026-09-14 09:38:17.777","65350956","2026-09-03 21:40:17.000","[PREMIUM]","371","WI - MILWAUKEE SOUTH","2026-09-14","MONDAY","1200","CDT","0","V",2023,"KIA","SORENTO","SORENTO","SUV","GREEN","REAR END",,"WI","IC","YES","D",60845,"A","[PREMIUM]",20842,"2.5L 4","ALL WHEEL DRIVE","AUTOMATIC","GAS",4,"Run & Drive Verified","On Minimum Bid","[PREMIUM]",,"FRANKLIN","WI","53132","USA","USD","[PREMIUM]","[PREMIUM]","1E050",false,"[PREMIUM]","X-LINE SX PRESTIGE",false,false,"[PREMIUM]",,,,,,,,"[PREMIUM]"
"64553856","2026-09-03 17:35:02.451","2026-09-14 09:38:16.405","64553856","2026-09-03 19:16:30.000","[PREMIUM]","371","WI - MILWAUKEE SOUTH","2026-09-14","MONDAY","1200","CDT","0","V",2020,"TOYOTA","TACOMA","TACOMA","PICKUP","GRAY","SIDE",,"WI","SC","YES","D",87369,"A","[PREMIUM]",28000,"3.5L 6","FOUR BY FOUR","AUTOMATIC","GAS",6,"Run & Drive Verified","Pure Sale","[PREMIUM]",,"FRANKLIN","WI","53132","USA","USD","[PREMIUM]","[PREMIUM]","1E010",false,"[PREMIUM]","TRD OFF-ROAD",false,false,"[PREMIUM]",,,,,,,,"[PREMIUM]"
"63870796","2026-09-03 17:35:02.137","2026-09-15 23:16:32.994","63870796","2026-09-03 11:10:42.000","[PREMIUM]","371","WI - MILWAUKEE SOUTH",,,,"CDT","0","V",2023,"CADILLAC","ESCALADE","ESCALADE","SPORT UTILITY VEHICLE","BLACK","ROLLOVER",,"IL","SC","YES","E",44685,"A","[PREMIUM]",65586,"6.2L 8","4X4 W/REAR WHEEL DRV","AUTOMATIC","GAS",8,"DEFAULT","Pure Sale","[PREMIUM]",,"FRANKLIN","WI","53132","USA","USD","[PREMIUM]","[PREMIUM]","B070",false,"[PREMIUM]","ESV PREMIUM LUXURY",false,false,"[PREMIUM]",,,,,,,,"[PREMIUM]"
"63761726","2026-09-03 17:35:02.124","2026-09-16 18:50:44.983","63761726","2026-09-15 15:33:16.000","[PREMIUM]","371","WI - MILWAUKEE SOUTH","2026-09-21","MONDAY","1200","CDT","0","V",2023,"SUBARU","LEGACY","LEGACY","SEDAN","SILVER","SIDE","FRONT END","WI","SC","YES","D",30004,"A","[PREMIUM]",24777,"2.5L 4","ALL WHEEL DRIVE","AUTOMATIC","GAS",4,"Run & Drive Verified","On Minimum Bid","[PREMIUM]",,"FRANKLIN","WI","53132","USA","USD","[PREMIUM]","[PREMIUM]","J040",false,"[PREMIUM]","LIMITED",false,false,"[PREMIUM]",,,,,,,,"[PREMIUM]"
"63786146","2026-09-03 17:35:02.117","2026-09-14 14:37:33.576","63786146","2026-09-14 11:00:28.000","[PREMIUM]","371","WI - MILWAUKEE SOUTH","2026-09-14","MONDAY","1200","CDT","3521","V",2012,"DODGE","DURANGO","DURANGO","4DR SPORT UTILITY","BURGUNDY","FRONT END","REAR END","WI","CT","YES","S",63177,"A","[PREMIUM]",11000.29,"3.6L 6","ALL WHEEL DRIVE","AUTOMATIC","FLEXIBLE",6,"Vehicle Starts","Pure Sale","[PREMIUM]",,"FRANKLIN","WI","53132","USA","USD","[PREMIUM]","[PREMIUM]","E010",false,"[PREMIUM]","CREW",false,false,"[PREMIUM]",,,,,,,,"[PREMIUM]"
"61771426","2026-09-03 17:35:01.378","2026-09-16 09:37:06.245","61771426","2026-09-15 12:29:12.000","[PREMIUM]","371","WI - MILWAUKEE SOUTH","2026-10-05","MONDAY","1200","CDT","0","V",2022,"FORD","F150","F150","PICKUP","BURN","BURN",,"WI","BP","EXM","E",0,"N","[PREMIUM]",29495,"2.7L 6","4X4 W/REAR WHEEL DRV","AUTOMATIC","GAS",6,"DEFAULT","Pure Sale","[PREMIUM]",,"FRANKLIN","WI","53132","USA","USD","[PREMIUM]","[PREMIUM]","1F010",false,"[PREMIUM]","SUPERCREW",false,false,"[PREMIUM]",,,,,,,,"[PREMIUM]"
"60682596","2026-09-03 17:35:00.935","2026-09-04 18:36:07.204","60682596","2026-09-04 11:00:25.000","[PREMIUM]","371","WI - MILWAUKEE SOUTH","2026-09-04","FRIDAY","1200","CDT","2324","V",2016,"CADILLAC","XTS","XTS","SEDAN 4DR","WHITE","FRONT END",,"WI","CT","YES","D",91035,"A","[PREMIUM]",10409.67,"3.6L 6","ALL WHEEL DRIVE","AUTOMATIC","GAS",6,"Run & Drive Verified","Pure Sale","[PREMIUM]",,"FRANKLIN","WI","53132","USA","USD","[PREMIUM]","[PREMIUM]","H010",false,"[PREMIUM]","LUXURY COLLECTION",false,false,"[PREMIUM]",,,,,,,,"[PREMIUM]"
"87243215","2026-09-03 17:35:00.021","2026-09-15 23:16:29.361","87243215","2026-09-03 15:54:25.000","[PREMIUM]","370","IN - DYER",,,,"CDT","0","V",2019,"CHEVROLET","MALIBU","MALIBU",,"GRAY","MINOR DENT/SCRATCHES",,"ID","SC","YES","D",122590,"A","[PREMIUM]",9892,"1.5L  4","Front-wheel Drive","AUTOMATIC","GAS",4,"Run & Drive Verified","Pure Sale","[PREMIUM]",,"DYER","IN","46311","USA","USD","[PREMIUM]","[PREMIUM]","B240",false,"[PREMIUM]","LT",false,false,"[PREMIUM]",,,,,,,,"[PREMIUM]"
"85615295","2026-09-03 17:34:59.960","2026-09-15 23:16:29.246","85615295","2026-09-02 22:51:49.000","[PREMIUM]","370","IN - DYER",,,,"CDT","0","V",2010,"TOYOTA","VENZA","VENZA","WAGON","SILVER","REAR END","SIDE","IL","SC","YES","D",154954,"E","[PREMIUM]",9793.21,"3.5L 6","ALL WHEEL DRIVE","AUTOMATIC","GAS",6,"Run & Drive Verified","Pure Sale","[PREMIUM]",,"DYER","IN","46311","USA","USD","[PREMIUM]","[PREMIUM]","D040",false,"[PREMIUM]","AWD V6",false,false,"[PREMIUM]",,,,,,,,"[PREMIUM]"
"79693935","2026-09-03 17:34:59.952","2026-09-15 23:16:29.124","79693935","2026-09-07 15:25:36.000","[PREMIUM]","370","IN - DYER",,,,"CDT","0","V",2015,"HONDA","CIVIC","CIVIC","SEDAN 4DR","BLACK","REAR END","SIDE","ID","SC","YES","D",117698,"A","[PREMIUM]",8139,"1.8L 4","Front Wheel Drive","AUTOMATIC","Gas",4,"Run & Drive Verified","Pure Sale","[PREMIUM]",,"DYER","IN","46311","USA","USD","[PREMIUM]","[PREMIUM]","C160",false,"[PREMIUM]","LX",false,false,"[PREMIUM]",,,,,,,,"[PREMIUM]"
"78536695","2026-09-03 17:34:59.908","2026-09-15 23:16:28.975","78536695","2026-09-02 22:35:47.000","[PREMIUM]","370","IN - DYER",,,,"CDT","0","V",2017,"AUDI","Q7","Q7",,"BLUE","FRONT END",,"IL","SC","YES","D",132752,"A","[PREMIUM]",9362,"3.0L  6","ALL WHEEL DRIVE","AUTOMATIC","GAS",6,"Run & Drive Verified","Pure Sale","[PREMIUM]",,"DYER","IN","46311","USA","USD","[PREMIUM]","[PREMIUM]","B010",false,"[PREMIUM]","PRESTIGE",false,false,"[PREMIUM]",,,,,,,,"[PREMIUM]"
"67644596","2026-09-03 17:34:59.674","2026-09-13 20:35:59.215","67644596","2026-09-03 13:49:56.000","[PREMIUM]","370","IN - DYER","2026-09-14","MONDAY","1200","CDT","0","V",2016,"CHEVROLET","COLORADO","COLORADO","4DR EXT CAB PICKUP","WHITE","MINOR DENT/SCRATCHES",,"IN","CT","YES","D",120884,"A","[PREMIUM]",0,"2.5L 4","REAR WHEEL DRIVE","AUTOMATIC","GAS",4,"Run & Drive Verified","On Approval","[PREMIUM]",,"DYER","IN","46311","USA","USD","[PREMIUM]","[PREMIUM]","C040",false,"[PREMIUM]",,false,false,"[PREMIUM]",,,,,,,,"[PREMIUM]"
"67249366","2026-09-03 17:34:59.665","2026-09-15 23:16:27.735","67249366","2026-09-08 14:13:17.000","[PREMIUM]","370","IN - DYER",,,,"CDT","0","V",2007,"NISSAN","ALTIMA","ALTIMA","SEDAN","SILVER","REAR END",,"IN","ST","YES","D",148358,"A","[PREMIUM]",3546.55,"3.5L 6","FRONT WHEEL DRIVE","AUTOMATIC","GAS",6,"Run & Drive Verified","Pure Sale","[PREMIUM]",,"DYER","IN","46311","USA","USD","[PREMIUM]","[PREMIUM]","D170",false,"[PREMIUM]","3.5 SE",false,false,"[PREMIUM]",,,,,,,,"[PREMIUM]"
"67436306","2026-09-03 17:34:59.662","2026-09-15 23:16:28.002","67436306","2026-09-02 20:00:37.000","[PREMIUM]","370","IN - DYER",,,,"CDT","0","V",2025,"HYUNDAI","SONATA","SONATA HYBRID","SEDAN","WHITE","SIDE","FRONT END","IN","ST","YES","D",5296,"N","[PREMIUM]",8439.18,"2.0L 4","FRONT WHEEL DRIVE","AUTOMATIC","ELECTRIC AND GAS HYBRID",4,"Run & Drive Verified","Pure Sale","[PREMIUM]",,"DYER","IN","46311","USA","USD","[PREMIUM]","[PREMIUM]","D020",false,"[PREMIUM]","SEL",false,false,"[PREMIUM]",,,,,,,,"[PREMIUM]"
"67401776","2026-09-03 17:34:59.656","2026-09-13 20:35:59.043","67401776","2026-09-03 16:01:42.000","[PREMIUM]","370","IN - DYER","2026-09-14","MONDAY","1200","CDT","0","V",2017,"VOLKSWAGEN","TIGUAN","TIGUAN","4DR SPORT UTILITY","BLACK","MINOR DENT/SCRATCHES",,"IN","CT","YES","E",72921,"A","[PREMIUM]",0,"2.0L 4","ALL WHEEL DRIVE","AUTOMATIC","GAS",4,"DEFAULT","On Approval","[PREMIUM]",,"DYER","IN","46311","USA","USD","[PREMIUM]","[PREMIUM]","C190",false,"[PREMIUM]","S",false,false,"[PREMIUM]",,,,,,,,"[PREMIUM]"
"67312226","2026-09-03 17:34:59.651","2026-09-15 23:16:27.858","67312226","2026-09-14 18:33:27.000","[PREMIUM]","370","IN - DYER","2026-09-21","MONDAY","1200","CDT","0","V",2016,"RAM","1500","1500","CREW PICKUP","BLACK","WATER/FLOOD",,"IN","CT","YES","E",122154,"A","[PREMIUM]",0,"3.0L 6","4X4 W/REAR WHEEL DRV","AUTOMATIC","DIESEL",6,"DEFAULT","On Approval","[PREMIUM]",,"DYER","IN","46311","USA","USD","[PREMIUM]","[PREMIUM]","C020",false,"[PREMIUM]","LARAMIE",false,false,"[PREMIUM]",,,,,,,,"[PREMIUM]"
"66957586","2026-09-03 17:34:59.630","2026-09-15 23:16:27.451","66957586","2026-09-02 20:00:37.000","[PREMIUM]","370","IN - DYER",,,,"CDT","0","V",2003,"TOYOTA","MATRIX","MATRIX","WAGON","RED","FRONT END","MINOR DENT/SCRATCHES","IN","ST","YES","D",0,"E","[PREMIUM]",2875.15,"1.8L 4","FRONT WHEEL DRIVE","AUTOMATIC","GAS",4,"Run & Drive Verified","Pure Sale","[PREMIUM]",,"DYER","IN","46311","USA","USD","[PREMIUM]","[PREMIUM]","B040",false,"[PREMIUM]","XR",false,false,"[PREMIUM]",,,,,,,,"[PREMIUM]"
"66304086","2026-09-03 17:34:59.545","2026-09-15 23:16:26.261","66304086","2026-09-02 20:05:18.000","[PREMIUM]","370","IN - DYER",,,,"CDT","0","V",2011,"FORD","EXPEDITION","EXPEDITION","4DR SPORT UTILITY","GRAY","NORMAL WEAR",,"IN","ST","YES","D",111630,"A","[PREMIUM]",0,"5.4L 8","4X4 W/REAR WHEEL DRV","AUTOMATIC","FLEXIBLE",8,"Run & Drive Verified","Pure Sale","[PREMIUM]",,"DYER","IN","46311","USA","USD","[PREMIUM]","[PREMIUM]","B010",false,"[PREMIUM]","EL LIMITED",false,false,"[PREMIUM]",,,,,,,,"[PREMIUM]"
"66125056","2026-09-03 17:34:59.420","2026-09-15 23:16:25.851","66125056","2026-08-31 20:14:44.000","[PREMIUM]","370","IN - DYER",,,,"CDT","0","V",2010,"TOYOTA","AVALON","AVALON","SEDAN","BLUE","FRONT END",,"IN","ST","YES","D",273042,"A","[PREMIUM]",3247.7,"3.5L 6","FRONT WHEEL DRIVE","AUTOMATIC","GAS",6,"Run & Drive Verified","Pure Sale","[PREMIUM]",,"DYER","IN","46311","USA","USD","[PREMIUM]","[PREMIUM]","E020",false,"[PREMIUM]","XLS",false,false,"[PREMIUM]",,,,,,,,"[PREMIUM]"
"65495086","2026-09-03 17:34:59.150","2026-09-15 23:16:24.216","65495086","2026-09-14 21:23:29.000","[PREMIUM]","370","IN - DYER",,,,"CDT","0","V",2014,"CHEVROLET","SILVERADO","SILVERADO","4DR EXT CAB PICKUP","BLACK","TOP/ROOF","SIDE","IN","ST","YES","D",158562,"A","[PREMIUM]",0,"4.3L 6","REAR WHEEL DRIVE","AUTOMATIC","GAS",6,"Run & Drive Verified","Pure Sale","[PREMIUM]",,"DYER","IN","46311","USA","USD","[PREMIUM]","[PREMIUM]","HV001",false,"[PREMIUM]","C1500 LT",false,false,"[PREMIUM]",,,,,,,,"[PREMIUM]"
"65170806","2026-09-03 17:34:59.039","2026-09-15 23:16:23.621","65170806","2026-09-02 19:26:24.000","[PREMIUM]","370","IN - DYER",,,,"CDT","0","V",2007,"CHEVROLET","ALL Models","SILVERADO","4DR EXT CAB PICKUP","BLUE","REAR END","SIDE","IN","ST","YES","D",203494,"E","[PREMIUM]",7398.2,"5.3L 8","REAR WHEEL DRIVE","AUTOMATIC","GAS",8,"Run & Drive Verified","Pure Sale","[PREMIUM]",,"DYER","IN","46311","USA","USD","[PREMIUM]","[PREMIUM]","B070",false,"[PREMIUM]","C1500",false,false,"[PREMIUM]",,,,,,,,"[PREMIUM]"
"65053556","2026-09-03 17:34:58.990","2026-09-15 23:16:23.344","65053556","2026-09-02 22:36:17.000","[PREMIUM]","370","IN - DYER",,,,"CDT","0","V",2005,"MAZDA","MAZDA3","3","HATCHBACK 4DR","CHARCOAL","TOP/ROOF","SIDE","MI","ST","YES","E",0,"E","[PREMIUM]",0,"2.3L 4","FRONT WHEEL DRIVE","AUTOMATIC","GAS",4,"DEFAULT","Pure Sale","[PREMIUM]",,"DYER","IN","46311","USA","USD","[PREMIUM]","[PREMIUM]","B040",false,"[PREMIUM]","HATCHBACK",false,false,"[PREMIUM]",,,,,,,,"[PREMIUM]"
"63896606","2026-09-03 17:34:58.626","2026-09-16 15:40:02.570","63896606","2026-09-04 14:53:40.000","[PREMIUM]","370","IN - DYER",,,,"CDT","0","V",2021,"MERCEDES-BENZ","GLE-CLASS","GLE COUPE","SPORT UTILITY VEHICLE","BLACK","FRONT END",,"IL","SC","YES","E",44978,"A","[PREMIUM]",53830,"3.0L 6","ALL WHEEL DRIVE","AUTOMATIC","GAS",6,"DEFAULT","Pure Sale","[PREMIUM]",,"DYER","IN","46311","USA","USD","[PREMIUM]","[PREMIUM]","A270",false,"[PREMIUM]","AMG 53 4MATIC",false,false,"[PREMIUM]",,,,,,,,"[PREMIUM]"
"63738576","2026-09-03 17:34:58.566","2026-09-15 23:16:21.739","63738576","2026-09-02 19:56:10.000","[PREMIUM]","370","IN - DYER",,,,"CDT","0","V",2022,"TOYOTA","COROLLA","COROLLA","SEDAN","WHITE","SIDE","FRONT END","IN","ST","NO","E",78587,"A","[PREMIUM]",10777.6,"2.0L 4","FRONT WHEEL DRIVE","AUTOMATIC","GAS",4,"DEFAULT","Pure Sale","[PREMIUM]",,"DYER","IN","46311","USA","USD","[PREMIUM]","[PREMIUM]","G010",false,"[PREMIUM]","XSE",false,false,"[PREMIUM]",,,,,,,,"[PREMIUM]"
"63328196","2026-09-03 17:34:58.373","2026-09-16 12:51:04.865","63328196","2026-09-02 20:08:58.000","[PREMIUM]","370","IN - DYER",,,,"CDT","0","V",2014,"TOYOTA","YARIS 5-DO","YARIS","HATCHBACK","CHARCOAL","FRONT END","SIDE","IN","ST","YES","E",92149,"A","[PREMIUM]",10071.47,"1.5L 4","FRONT WHEEL DRIVE","AUTOMATIC","GAS",4,"DEFAULT","Pure Sale","[PREMIUM]",,"DYER","IN","46311","USA","USD","[PREMIUM]","[PREMIUM]","D150",false,"[PREMIUM]","5-DOOR LE",false,false,"[PREMIUM]",,,,,,,,"[PREMIUM]"
"63129776","2026-09-03 17:34:58.323","2026-09-15 23:16:20.812","63129776","2026-09-02 20:00:38.000","[PREMIUM]","370","IN - DYER",,,,"CDT","0","V",2022,"RAM","1500","1500","PICKUP","SILVER","ALL OVER",,"IN","ST","YES","S",101860,"A","[PREMIUM]",0,"5.7L 8","4X4 W/REAR WHEEL DRV","AUTOMATIC","GAS",8,"Vehicle Starts","Pure Sale","[PREMIUM]",,"DYER","IN","46311","USA","USD","[PREMIUM]","[PREMIUM]","C020",false,"[PREMIUM]","BIG HORN LONESTAR",false,false,"[PREMIUM]",,,,,,,,"[PREMIUM]"
"63024016","2026-09-03 17:34:58.292","2026-09-15 23:16:20.828","63024016","2026-09-02 20:08:58.000","[PREMIUM]","370","IN - DYER",,,,"CDT","0","V",2020,"KIA","SORENTO","SORENTO","SUV","BLACK","FRONT END","SIDE","IN","ST","YES","S",58886,"A","[PREMIUM]",18170,"3.3L 6","ALL WHEEL DRIVE","AUTOMATIC","GAS",6,"Vehicle Starts","Pure Sale","[PREMIUM]",,"DYER","IN","46311","USA","USD","[PREMIUM]","[PREMIUM]","D230",false,"[PREMIUM]","EX V6",false,false,"[PREMIUM]",,,,,,,,"[PREMIUM]"
"61952836","2026-09-03 17:34:57.944","2026-09-15 23:16:19.826","61952836","2026-09-02 15:51:53.000","[PREMIUM]","370","IN - DYER",,,,"CDT","0","V",2015,"FORD","F-150","F150","CREW PICKUP","BLACK","SIDE","REAR END","ID","SC","YES","D",218597,"A","[PREMIUM]",10786,"5.0L 8","4X4 W/REAR WHEEL DRV","AUTOMATIC","GAS",8,"Run & Drive Verified","Pure Sale","[PREMIUM]",,"DYER","IN","46311","USA","USD","[PREMIUM]","[PREMIUM]","C050",false,"[PREMIUM]","SUPERCREW",false,false,"[PREMIUM]",,,,,,,,"[PREMIUM]"
"60643276","2026-09-03 17:34:57.294","2026-09-15 23:16:18.294","60643276","2026-09-15 18:23:54.000","[PREMIUM]","370","IN - DYER","2026-09-21","MONDAY","1200","CDT","0","V",2008,"NISSAN","350Z","350Z","COUPE","GRAY","TOP/ROOF",,"IN","ST","YES","D",106418,"A","[PREMIUM]",3878.11,"3.5L 6","REAR WHEEL DRIVE","AUTOMATIC","GAS",6,"Run & Drive Verified","Pure Sale","[PREMIUM]",,"DYER","IN","46311","USA","USD","[PREMIUM]","[PREMIUM]","UN10",false,"[PREMIUM]","COUPE",false,false,"[PREMIUM]",,,,,,,,"[PREMIUM]"
"60094126","2026-09-03 17:34:56.987","2026-09-16 12:51:01.335","60094126","2026-09-02 19:52:58.000","[PREMIUM]","370","IN - DYER",,,,"CDT","0","V",2026,"CHEVROLET","TRAX ACTIV","TRAX","SPORT UTILITY VEHICLE","TAN","SIDE","FRONT END","IN","ST","YES","E",0,"N","[PREMIUM]",14622.93,"1.2L 3","FRONT WHEEL DRIVE","AUTOMATIC","GAS",3,"DEFAULT","Pure Sale","[PREMIUM]",,"DYER","IN","46311","USA","USD","[PREMIUM]","[PREMIUM]","A190",false,"[PREMIUM]","ACTIV",false,false,"[PREMIUM]",,,,,,,,"[PREMIUM]"
"57197296","2026-09-03 17:34:55.392","2026-09-16 12:50:58.520","57197296","2026-09-03 14:12:37.000","[PREMIUM]","370","IN - DYER",,,,"CDT","0","V",2025,"FORD","EXPLORER A","EXPLORER","SPORT UTILITY VEHICLE","SILVER","FRONT END",,"ID","SC","YES","D",7365,"A","[PREMIUM]",35886,"2.3L 4","4X4 W/REAR WHEEL DRV","AUTOMATIC","GAS",4,"Run & Drive Verified","Pure Sale","[PREMIUM]",,"DYER","IN","46311","USA","USD","[PREMIUM]","[PREMIUM]","A080",false,"[PREMIUM]","ACTIVE",false,false,"[PREMIUM]",,,,,,,,"[PREMIUM]"
"54329986","2026-09-03 17:34:54.608","2026-09-15 23:16:13.119","54329986","2026-09-02 15:42:08.000","[PREMIUM]","370","IN - DYER","2026-10-05","MONDAY","1200","CDT","0","V",2014,"VOLKSWAGEN","PASSAT","PASSAT","SEDAN 4DR","SILVER","FRONT END","SIDE","IN","BP","YES","E",0,"N","[PREMIUM]",5146,"1.8L 4","FRONT WHEEL DRIVE","AUTOMATIC","GAS",4,"DEFAULT","Pure Sale","[PREMIUM]",,"DYER","IN","46311","USA","USD","[PREMIUM]","[PREMIUM]","B050",false,"[PREMIUM]","SEL",false,false,"[PREMIUM]",,,,,,,,"[PREMIUM]"
"54291176","2026-09-03 17:34:54.608","2026-09-15 23:16:13.125","54291176","2026-09-02 21:49:30.000","[PREMIUM]","370","IN - DYER",,,,"CDT","0","V",2023,"FORD","EXPLORER","EXPLORER","SPORT UTILITY VEHICLE","BLACK","SIDE","REAR END","IN","ST","YES","D",27849,"A","[PREMIUM]",26678,"3.3L 6","4X4 W/REAR WHEEL DRV","AUTOMATIC","GAS",6,"Run & Drive Verified","Pure Sale","[PREMIUM]",,"DYER","IN","46311","USA","USD","[PREMIUM]","[PREMIUM]","D240",false,"[PREMIUM]","POLICE INTERCEPTOR",false,false,"[PREMIUM]",,,,,,,,"[PREMIUM]"
"53545306","2026-09-03 17:34:54.427","2026-09-14 09:37:51.058","53545306","2026-09-07 17:48:35.000","[PREMIUM]","370","IN - DYER","2026-09-14","MONDAY","1200","CDT","0","V",2005,"MERCEDES-BENZ","E-CLASS","E","SEDAN 4DR","BEIGE","NORMAL WEAR",,"IL","CT","YES","E",234002,"E","[PREMIUM]",0,"5.0L 8","REAR WHEEL DRIVE","AUTOMATIC","GAS",8,"DEFAULT","On Minimum Bid","[PREMIUM]",,"DYER","IN","46311","USA","USD","[PREMIUM]","[PREMIUM]","B030",false,"[PREMIUM]","500",false,false,"[PREMIUM]",,,,,,,,"[PREMIUM]"
"52779816","2026-09-03 17:34:54.302","2026-09-15 23:16:12.622","52779816","2026-09-02 22:06:11.000","[PREMIUM]","370","IN - DYER",,,,"CDT","0","V",2024,"FORD","MUSTANG","MUSTANG MACH-E","SPORT UTILITY VEHICLE","WHITE","HAIL",,"IN","BP","YES","D",35228,"N","[PREMIUM]",19924,,"ALL WHEEL DRIVE","AUTOMATIC","ELECTRIC",,"Run & Drive Verified","On Approval","[PREMIUM]",,"DYER","IN","46311","USA","USD","[PREMIUM]","[PREMIUM]","G010",false,"[PREMIUM]","PREMIUM",false,false,"[PREMIUM]",,,,,,,,"[PREMIUM]"
"50237626","2026-09-03 17:34:54.100","2026-09-15 23:16:12.096","50237626","2026-09-03 15:27:41.000","[PREMIUM]","370","IN - DYER",,,,"CDT","0","V",2022,"FORD","F-150","F150","PICKUP","WHITE","UNDERCARRIAGE","FRONT END","ID","SC","YES","E",73176,"A","[PREMIUM]",33324,"3.5L 6","4X4 W/REAR WHEEL DRV","AUTOMATIC","GAS",6,"DEFAULT","Pure Sale","[PREMIUM]",,"DYER","IN","46311","USA","USD","[PREMIUM]","[PREMIUM]","C040",false,"[PREMIUM]","SUPERCREW",false,false,"[PREMIUM]",,,,,,,,"[PREMIUM]"
"41758096","2026-09-03 17:34:53.722","2026-09-15 23:16:11.266","41758096","2026-09-03 13:24:38.000","[PREMIUM]","370","IN - DYER",,,,"CDT","0","V",2024,"KIA","SPORTAGE","SPORTAGE","SUV","BLACK","FRONT END","SIDE","WV","SC","NO","E",0,"N","[PREMIUM]",33998.83,"2.5L 4","ALL WHEEL DRIVE","AUTOMATIC","GAS",4,"DEFAULT","On Approval","[PREMIUM]",,"DYER","IN","46311","USA","USD","[PREMIUM]","[PREMIUM]","D190",false,"[PREMIUM]","LX",false,false,"[PREMIUM]",,,,,,,,"[PREMIUM]"
"85940125","2026-09-03 17:34:53.543","2026-09-15 23:16:10.831","85940125","2026-09-02 22:41:50.000","[PREMIUM]","369","KS - KANSAS CITY",,,,"CDT","0","V",2014,"TOYOTA","AVALON","AVALON","SEDAN","PURPLE","FRONT END",,"KS","ST","YES","D",205804,"A","[PREMIUM]",0,"3.5L 6","FRONT WHEEL DRIVE","AUTOMATIC","GAS",6,"Run & Drive Verified","Pure Sale","[PREMIUM]",,"KANSAS CITY","KS","66111 2629","USA","USD","[PREMIUM]","[PREMIUM]","J140",false,"[PREMIUM]","XLE TOURING",false,false,"[PREMIUM]",,,,,,,,"[PREMIUM]"
"82607765","2026-09-03 17:34:53.445","2026-09-15 23:16:10.669","82607765","2026-09-02 23:25:15.000","[PREMIUM]","369","KS - KANSAS CITY",,,,"CDT","0","V",2015,"CHRYSLER","300","300",,"BLACK","FRONT END",,"KS","ST","YES","D",149404,"A","[PREMIUM]",0,"3.6L  6","Rear-wheel drive","AUTOMATIC","FLEXIBLE FUEL",6,"Run & Drive Verified","Pure Sale","[PREMIUM]",,"KANSAS CITY","KS","66111 2629","USA","USD","[PREMIUM]","[PREMIUM]","E130",false,"[PREMIUM]","LIMITED",false,false,"[PREMIUM]",,,,,,,,"[PREMIUM]"
"78891734","2026-09-03 17:34:53.350","2026-09-15 23:16:10.396","78891734","2026-09-15 13:33:46.000","[PREMIUM]","369","KS - KANSAS CITY","2026-09-17","THURSDAY","1200","CDT","0","V",2013,"FORD","ESCAPE","ESCAPE",,"BLACK","FRONT END",,"WV","SC","YES","D",182585,"N","[PREMIUM]",0,"1.6L  4","Front-wheel Drive","AUTOMATIC","GAS",4,"Run & Drive Verified","Pure Sale","[PREMIUM]",,"KANSAS CITY","KS","66111 2629","USA","USD","[PREMIUM]","[PREMIUM]","C090",false,"[PREMIUM]","SEL",false,false,"[PREMIUM]",,,,,,,,"[PREMIUM]"
"67824336","2026-09-03 17:34:53.128","2026-09-08 08:24:33.241","67824336","2026-09-04 13:30:03.000","[PREMIUM]","369","KS - KANSAS CITY","2026-09-08","TUESDAY","1200","CDT","2501","V",1997,"TOYOTA","CELICA","CELICA","HATCHBACK","RED","MECHANICAL",,"KS","CZ","YES",,252031,"E","[PREMIUM]",0,"2.2L 4","FRONT WHEEL DRIVE","AUTOMATIC","GAS",4,,"On Minimum Bid","[PREMIUM]",,"KANSAS CITY","KS","66111 2629","USA","USD","[PREMIUM]","[PREMIUM]","M110",true,"[PREMIUM]","GT",false,false,"[PREMIUM]",,,,,,,,"[PREMIUM]"
"67670376","2026-09-03 17:34:53.126","2026-09-08 08:24:33.122","67670376","2026-09-04 13:30:02.000","[PREMIUM]","369","KS - KANSAS CITY","2026-09-08","TUESDAY","1200","CDT","18","V",2011,"TOYOTA","PRIUS","PRIUS","HATCHBACK","WHITE","MECHANICAL",,"KS","RS","YES","D",239352,"A","[PREMIUM]",0,"1.8L 4","FRONT WHEEL DRIVE","AUTOMATIC","ELECTRIC AND GAS HYBRID",4,"Run & Drive Verified","On Minimum Bid","[PREMIUM]",,"KANSAS CITY","KS","66111 2629","USA","USD","[PREMIUM]","[PREMIUM]","L110",true,"[PREMIUM]","TWO",false,false,"[PREMIUM]",,,,,,,,"[PREMIUM]"
"67679026","2026-09-03 17:34:53.125","2026-09-08 08:24:33.129","67679026","2026-09-04 13:30:03.000","[PREMIUM]","369","KS - KANSAS CITY","2026-09-08","TUESDAY","1200","CDT","91","V",2015,"FORD","FUSION","FUSION","SEDAN 4DR","WHITE","FRONT END","SIDE","KS","CZ","NO","E",217369,"A","[PREMIUM]",0,"2.0L 4","FRONT WHEEL DRIVE","AUTOMATIC","GAS",4,"DEFAULT","On Approval","[PREMIUM]",,"KANSAS CITY","KS","66111 2629","USA","USD","[PREMIUM]","[PREMIUM]","L050",false,"[PREMIUM]","TITANIUM",false,false,"[PREMIUM]",,,,,,,,"[PREMIUM]"
"67516206","2026-09-03 17:34:53.097","2026-09-08 08:24:33.046","67516206","2026-09-04 13:30:03.000","[PREMIUM]","369","KS - KANSAS CITY","2026-09-08","TUESDAY","1200","CDT","49","V",2007,"FORD","EXPEDITION","EXPEDITION","4DR SPORT UTILITY","BLACK","MECHANICAL",,"MO","CZ","YES","D",193532,"E","[PREMIUM]",0,"5.4L 8","4X4 W/REAR WHEEL DRV","AUTOMATIC","GAS",8,"Run & Drive Verified","On Minimum Bid","[PREMIUM]",,"KANSAS CITY","KS","66111 2629","USA","USD","[PREMIUM]","[PREMIUM]","L090",true,"[PREMIUM]","EL XLT",false,false,"[PREMIUM]",,,,,,,,"[PREMIUM]"
"67301346","2026-09-03 17:34:53.096","2026-09-07 02:48:13.451","67301346","2026-09-04 13:30:03.000","[PREMIUM]","369","KS - KANSAS CITY","2026-09-08","TUESDAY","1200","CDT","87","V",1998,"FORD","RANGER","RANGER","CLUB CAB PICKUP","WHITE","MINOR DENT/SCRATCHES","FRONT END","KS","CZ","YES","D",324269,"E","[PREMIUM]",0,"4.0L 6","4X4 W/REAR WHEEL DRV","MANUAL","GAS",6,"Run & Drive Verified","On Minimum Bid","[PREMIUM]",,"KANSAS CITY","KS","66111 2629","USA","USD","[PREMIUM]","[PREMIUM]","G010",true,"[PREMIUM]","SUPER CAB",false,false,"[PREMIUM]",,,,,,,,"[PREMIUM]"
"67415866","2026-09-03 17:34:53.091","2026-09-08 08:24:32.929","67415866","2026-09-04 13:30:03.000","[PREMIUM]","369","KS - KANSAS CITY","2026-09-08","TUESDAY","1200","CDT","2023","V",2011,"FORD","F150","F150","CREW PICKUP","GRAY","MINOR DENT/SCRATCHES",,"KS","CZ","YES","D",244790,"A","[PREMIUM]",0,"5.0L 8","4X4 W/REAR WHEEL DRV","AUTOMATIC","FLEXIBLE",8,"Run & Drive Verified","On Minimum Bid","[PREMIUM]",,"KANSAS CITY","KS","66111 2629","USA","USD","[PREMIUM]","[PREMIUM]","M190",true,"[PREMIUM]","SUPERCREW",false,false,"[PREMIUM]",,,,,,,,"[PREMIUM]"
"67213636","2026-09-03 17:34:53.088","2026-09-03 17:34:53.088","67213636","2026-09-03 14:21:00.000","[PREMIUM]","369","KS - KANSAS CITY","2026-09-08","TUESDAY","1200","CDT","0","V",2013,"CHEVROLET","MALIBU","MALIBU","SEDAN 4DR","WHITE","MECHANICAL",,"CO","CT","YES","S",71494,"A","[PREMIUM]",0,"2.4L 4","FRONT WHEEL DRIVE","AUTOMATIC","GAS",4,"Vehicle Starts","On Minimum Bid","[PREMIUM]",,"KANSAS CITY","KS","66111 2629","USA","USD","[PREMIUM]","[PREMIUM]","REC",true,"[PREMIUM]","1LT",false,false,"[PREMIUM]",,,,,,,,"[PREMIUM]"
"67066276","2026-09-03 17:34:53.088","2026-09-15 23:16:06.052","67066276","2026-09-02 22:41:51.000","[PREMIUM]","369","KS - KANSAS CITY",,,,"CDT","0","V",2007,"FORD","EDGE","EDGE","4DR SPORT UTILITY","BLACK","FRONT END",,"KS","ST","YES","D",166525,"E","[PREMIUM]",3126.16,"3.5L 6","FRONT WHEEL DRIVE","AUTOMATIC","GAS",6,"Run & Drive Verified","Pure Sale","[PREMIUM]",,"KANSAS CITY","KS","66111 2629","USA","USD","[PREMIUM]","[PREMIUM]","I180",false,"[PREMIUM]","SEL PLUS",false,false,"[PREMIUM]",,,,,,,,"[PREMIUM]"
"67475296","2026-09-03 17:34:53.088","2026-09-15 23:16:07.608","67475296","2026-09-03 14:38:18.000","[PREMIUM]","369","KS - KANSAS CITY",,,,"CDT","0","V",2017,"GMC","SIERRA","SIERRA","CREW PICKUP","BLACK","HAIL",,"KS","ST","YES","D",114416,"A","[PREMIUM]",13099.92,"6.0L 8","4X4 W/REAR WHEEL DRV","AUTOMATIC","FLEXIBLE",8,"Run & Drive Verified","Pure Sale","[PREMIUM]",,"KANSAS CITY","KS","66111 2629","USA","USD","[PREMIUM]","[PREMIUM]","H010",false,"[PREMIUM]","K2500 SLE",false,false,"[PREMIUM]",,,,,,,,"[PREMIUM]"
"66953396","2026-09-03 17:34:53.027","2026-09-08 08:24:32.339","66953396","2026-09-04 13:30:03.000","[PREMIUM]","369","KS - KANSAS CITY","2026-09-08","TUESDAY","1200","CDT","112","V",2010,"CHEVROLET","COBALT","COBALT","SEDAN 4DR","SILVER","SIDE","REAR END","MO","CZ","YES","D",87171,"E","[PREMIUM]",0,"2.2L 4","FRONT WHEEL DRIVE","AUTOMATIC","GAS",4,"Run & Drive Verified","On Minimum Bid","[PREMIUM]",,"KANSAS CITY","KS","66111 2629","USA","USD","[PREMIUM]","[PREMIUM]","M160",true,"[PREMIUM]","1LT",false,false,"[PREMIUM]",,,,,,,,"[PREMIUM]"
"66942126","2026-09-03 17:34:53.027","2026-09-16 15:35:07.024","66942126","2026-09-08 22:54:47.000","[PREMIUM]","369","KS - KANSAS CITY",,,,"CDT","0","V",1995,"FORD","RANGER","RANGER","CLUB CAB PICKUP","SILVER","VANDALISM",,"MO","SC","YES","D",173010,"E","[PREMIUM]",2986,"3.0L 6","REAR WHEEL DRIVE","MANUAL","GAS",6,"Run & Drive Verified","On Approval","[PREMIUM]",,"KANSAS CITY","KS","66111 2629","USA","USD","[PREMIUM]","[PREMIUM]","I140",false,"[PREMIUM]","SUPER CAB",false,false,"[PREMIUM]",,,,,,,,"[PREMIUM]"
"66808926","2026-09-03 17:34:52.971","2026-09-08 08:24:32.114","66808926","2026-09-04 13:30:03.000","[PREMIUM]","369","KS - KANSAS CITY","2026-09-08","TUESDAY","1200","CDT","2517","V",2018,"BUICK","ENCORE","ENCORE","SPORT UTILITY VEHICLE","BLACK","MECHANICAL",,"MO","CT","YES","E",123018,"A","[PREMIUM]",0,"1.4L 4","ALL WHEEL DRIVE","AUTOMATIC","GAS",4,"DEFAULT","On Approval","[PREMIUM]",,"KANSAS CITY","KS","66111 2629","USA","USD","[PREMIUM]","[PREMIUM]","G120",false,"[PREMIUM]","PREFERRED II",false,false,"[PREMIUM]",,,,,,,,"[PREMIUM]"
"66393756","2026-09-03 17:34:52.841","2026-09-15 23:16:03.822","66393756","2026-09-15 17:17:43.000","[PREMIUM]","369","KS - KANSAS CITY","2026-09-22","TUESDAY","1200","CDT","0","V",2022,"CHEVROLET","SILVERADO","SILVERADO LTD","PICKUP","WHITE","FRONT END","SIDE","NE","CZ","YES","D",150462,"A","[PREMIUM]",0,"5.3L 8","4X4 W/REAR WHEEL DRV","AUTOMATIC","GAS",8,"Run & Drive Verified","On Minimum Bid","[PREMIUM]",,"KANSAS CITY","KS","66111 2629","USA","USD","[PREMIUM]","[PREMIUM]","H100",true,"[PREMIUM]","K1500 LT",false,false,"[PREMIUM]",,,,,,,,"[PREMIUM]"
"66361936","2026-09-03 17:34:52.840","2026-09-15 23:16:03.558","66361936","2026-09-14 13:42:17.000","[PREMIUM]","369","KS - KANSAS CITY","2026-09-17","THURSDAY","1200","CDT","0","V",2021,"JEEP","CHEROKEE","GRAND CHEROKEE","SPORT UTILITY VEHICLE","GRAY","SIDE",,"IA","ST","YES","S",44974,"A","[PREMIUM]",25398.93,"3.6L 6","4X4 W/REAR WHEEL DRV","AUTOMATIC","FLEXIBLE",6,"Vehicle Starts","On Minimum Bid","[PREMIUM]",,"KANSAS CITY","KS","66111 2629","USA","USD","[PREMIUM]","[PREMIUM]","F090",false,"[PREMIUM]","LAREDO",false,false,"[PREMIUM]",,,,,,,,"[PREMIUM]"
"66353984","2026-09-03 17:34:52.784","2026-09-08 08:24:31.022","66353984","2026-09-04 13:30:03.000","[PREMIUM]","369","KS - KANSAS CITY","2026-09-08","TUESDAY","1200","CDT","2540","V",2016,"NISSAN","SENTRA","SENTRA",,"WHITE","ALL OVER","UNDERCARRIAGE","MN","ST","EXM","E",0,"N","[PREMIUM]",16865.56,"1.8L  4","Front-wheel Drive","AUTOMATIC","GAS",4,"DEFAULT","Pure Sale","[PREMIUM]",,"KANSAS CITY","KS","66111 2629","USA","USD","[PREMIUM]","[PREMIUM]","3D080",false,"[PREMIUM]","S",false,false,"[PREMIUM]",,,,,,,,"[PREMIUM]"
"65240306","2026-09-03 17:34:52.073","2026-09-16 12:50:44.033","65240306","2026-09-02 17:39:44.000","[PREMIUM]","369","KS - KANSAS CITY",,,,"CDT","0","V",2002,"TOYOTA","CAMRY LE V","CAMRY","SEDAN","SILVER","REAR END",,"KS","ST","YES","D",186128,"A","[PREMIUM]",7741.05,"3.0L 6","FRONT WHEEL DRIVE","AUTOMATIC","GAS",6,"Run & Drive Verified","Pure Sale","[PREMIUM]",,"KANSAS CITY","KS","66111 2629","USA","USD","[PREMIUM]","[PREMIUM]","G140",false,"[PREMIUM]","LE V6",false,false,"[PREMIUM]",,,,,,,,"[PREMIUM]"
"64892206","2026-09-03 17:34:51.790","2026-09-15 23:15:59.626","64892206","2026-09-02 23:29:53.000","[PREMIUM]","369","KS - KANSAS CITY",,,,"CDT","0","V",2019,"DODGE","JOURNEY","JOURNEY","SPORT UTILITY VEHICLE","SILVER","FRONT END",,"MO","SC","YES","E",137347,"A","[PREMIUM]",6416.33,"3.6L 6","ALL WHEEL DRIVE","AUTOMATIC","FLEXIBLE",6,"DEFAULT","Pure Sale","[PREMIUM]",,"KANSAS CITY","KS","66111 2629","USA","USD","[PREMIUM]","[PREMIUM]","G080",false,"[PREMIUM]","GT",false,false,"[PREMIUM]",,,,,,,,"[PREMIUM]"
"64417986","2026-09-03 17:34:51.451","2026-09-15 23:15:58.788","64417986","2026-09-02 23:33:31.000","[PREMIUM]","369","KS - KANSAS CITY",,,,"CDT","0","V",2018,"CHEVROLET","ALL Models","SILVERADO","PICKUP","SILVER","TOP/ROOF","REAR END","MO","SC","YES","E",0,"N","[PREMIUM]",27749,"6.0L 8","4X4 W/REAR WHEEL DRV","AUTOMATIC","FLEXIBLE",8,"DEFAULT","Pure Sale","[PREMIUM]",,"KANSAS CITY","KS","66111 2629","USA","USD","[PREMIUM]","[PREMIUM]","O120",false,"[PREMIUM]","K2500 HEAVY DUTY LT",false,false,"[PREMIUM]",,,,,,,,"[PREMIUM]"
"64128136","2026-09-03 17:34:51.280","2026-09-15 06:53:44.058","64128136","2026-09-14 20:01:54.000","[PREMIUM]","855","WHOLESALE AUCTION","2026-09-15","TUESDAY","1200","EDT","6389","V",2016,"FORD","F250","F250","CREW PICKUP","WHITE","FRONT END",,"MO","RP","YES","S",192215,"A","[PREMIUM]",13201,"6.2L 8","4X4 W/REAR WHEEL DRV","AUTOMATIC","GAS",8,"Vehicle Starts","On Minimum Bid","[PREMIUM]",,"KANSAS CITY","KS","66111 2629","USA","USD","[PREMIUM]","[PREMIUM]","3BLU",false,"[PREMIUM]","SUPER DUTY",false,true,"[PREMIUM]",,,,,"RED LIGHT",1,"Maintenance,Safety,Emission","[PREMIUM]"
"64110436","2026-09-03 17:34:51.279","2026-09-15 23:15:58.231","64110436","2026-09-02 20:27:57.000","[PREMIUM]","369","KS - KANSAS CITY",,,,"CDT","0","V",2020,"KIA","SORENTO","SORENTO","SUV","BLACK","REAR END","MECHANICAL","KS","ST","YES","D",144308,"A","[PREMIUM]",13369.27,"3.3L 6","FRONT WHEEL DRIVE","AUTOMATIC","GAS",6,"Run & Drive Verified","On Minimum Bid","[PREMIUM]",,"KANSAS CITY","KS","66111 2629","USA","USD","[PREMIUM]","[PREMIUM]","F070",false,"[PREMIUM]","EX V6",false,false,"[PREMIUM]",,,,,,,,"[PREMIUM]"
"64092646","2026-09-03 17:34:51.241","2026-09-15 23:15:58.123","64092646","2026-09-15 18:02:26.000","[PREMIUM]","881","*NCS - CENTRAL REGION","2026-09-17","THURSDAY","2000","CDT","0","V",2006,"TOYOTA","4RUNNER","4RUNNER","SUV","SILVER","MINOR DENT/SCRATCHES",,"MO","CZ","YES","D",341357,"A","[PREMIUM]",0,"4.7L 8","REAR WHEEL DRIVE","AUTOMATIC","GAS",8,"Run & Drive Verified","On Minimum Bid","[PREMIUM]",,"KANSAS CITY","KS","66111 2629","USA","USD","[PREMIUM]","[PREMIUM]","K150",true,"[PREMIUM]","SPORT EDITION",false,false,"[PREMIUM]",,,,,,,,"[PREMIUM]"
"64075166","2026-09-03 17:34:51.230","2026-09-15 23:15:58.093","64075166","2026-09-02 23:33:31.000","[PREMIUM]","835","MEDIUM DUTY SPECIALTY SALE",,,,"CDT","0","K",2023,"FORD","TRANSIT","TRANSIT","VAN CARGO","WHITE","FRONT END",,"MO","SC","YES","E",87180,"A","[PREMIUM]",28041,"3.5L 6","REAR WHEEL DRIVE","AUTOMATIC","GAS",6,"DEFAULT","Pure Sale","[PREMIUM]",,"KANSAS CITY","KS","66111 2629","USA","USD","[PREMIUM]","[PREMIUM]","3K140",false,"[PREMIUM]","T-250",false,false,"[PREMIUM]",,,,,,,,"[PREMIUM]"
"64030516","2026-09-03 17:34:51.191","2026-09-15 23:15:57.974","64030516","2026-09-02 22:31:33.000","[PREMIUM]","369","KS - KANSAS CITY",,,,"CDT","0","V",2017,"TOYOTA","All Models","SIENNA","MINI-VAN","GRAY","REAR END",,"KS","ST","YES","D",172789,"A","[PREMIUM]",21510,"3.5L 6","FRONT WHEEL DRIVE","AUTOMATIC","GAS",6,"Run & Drive Verified","Pure Sale","[PREMIUM]",,"KANSAS CITY","KS","66111 2629","USA","USD","[PREMIUM]","[PREMIUM]","B110",false,"[PREMIUM]","XLE 8-PASSENGER",false,false,"[PREMIUM]",,,,,,,,"[PREMIUM]"
"63787846","2026-09-03 17:34:51.053","2026-09-15 23:15:57.685","63787846","2026-08-31 22:19:51.000","[PREMIUM]","369","KS - KANSAS CITY",,,,"CDT","0","V",2016,"HYUNDAI","SANTA FE","SANTA FE","4DR SPORT UTILITY","BLACK","FRONT END",,"KS","ST","YES","D",143911,"A","[PREMIUM]",0,"3.3L 6","ALL WHEEL DRIVE","AUTOMATIC","GAS",6,"Run & Drive Verified","Pure Sale","[PREMIUM]",,"KANSAS CITY","KS","66111 2629","USA","USD","[PREMIUM]","[PREMIUM]","N150",false,"[PREMIUM]","SE",false,false,"[PREMIUM]",,,,,,,,"[PREMIUM]"
"63733766","2026-09-03 17:34:50.947","2026-09-15 23:15:57.328","63733766","2026-09-02 23:31:12.000","[PREMIUM]","369","KS - KANSAS CITY",,,,"CDT","0","V",2021,"TOYOTA","TACOMA SR","TACOMA","PICKUP","WHITE","REAR END","SIDE","KS","ST","YES","S",74777,"A","[PREMIUM]",24619.99,"3.5L 6","FOUR BY FOUR","AUTOMATIC","GAS",6,"Vehicle Starts","Pure Sale","[PREMIUM]",,"KANSAS CITY","KS","66111 2629","USA","USD","[PREMIUM]","[PREMIUM]","H130",false,"[PREMIUM]","SR V6",false,false,"[PREMIUM]",,,,,,,,"[PREMIUM]"
"63311496","2026-09-03 17:34:50.651","2026-09-15 23:15:56.439","63311496","2026-09-02 23:29:53.000","[PREMIUM]","369","KS - KANSAS CITY",,,,"CDT","0","V",2016,"FORD","F-150","F150","CREW PICKUP","BLACK","FRONT END",,"MO","SC","YES","D",125115,"A","[PREMIUM]",16882.37,"2.7L 6","4X4 W/REAR WHEEL DRV","AUTOMATIC","GAS",6,"Run & Drive Verified","Pure Sale","[PREMIUM]",,"KANSAS CITY","KS","66111 2629","USA","USD","[PREMIUM]","[PREMIUM]","L110",false,"[PREMIUM]","SUPERCREW",false,false,"[PREMIUM]",,,,,,,,"[PREMIUM]"
"63041586","2026-09-03 17:34:50.451","2026-09-15 23:15:56.160","63041586","2026-09-02 23:25:15.000","[PREMIUM]","369","KS - KANSAS CITY",,,,"CDT","0","V",2016,"FORD","F-150","F150","4DR EXT CAB PICKUP","GRAY","REAR END",,"KS","ST","YES","D",77961,"A","[PREMIUM]",13094.66,"2.7L 6","REAR WHEEL DRIVE","AUTOMATIC","GAS",6,"Run & Drive Verified","Pure Sale","[PREMIUM]",,"KANSAS CITY","KS","66111 2629","USA","USD","[PREMIUM]","[PREMIUM]","F040",false,"[PREMIUM]","SUPER CAB",false,false,"[PREMIUM]",,,,,,,,"[PREMIUM]"
"61377796","2026-09-03 17:34:49.488","2026-09-15 23:15:53.684","61377796","2026-09-02 22:31:33.000","[PREMIUM]","369","KS - KANSAS CITY",,,,"CDT","0","V",2013,"GMC","SIERRA","SIERRA","4DR EXT CAB PICKUP","GRAY","SIDE",,"KS","ST","YES","D",107345,"A","[PREMIUM]",17663,"5.3L 8","4X4 W/REAR WHEEL DRV","AUTOMATIC","FLEXIBLE",8,"Run & Drive Verified","Pure Sale","[PREMIUM]",,"KANSAS CITY","KS","66111 2629","USA","USD","[PREMIUM]","[PREMIUM]","D130",false,"[PREMIUM]","K1500 SLE",false,false,"[PREMIUM]",,,,,,,,"[PREMIUM]"
"61298266","2026-09-03 17:34:49.443","2026-09-15 23:15:53.569","61298266","2026-09-02 23:29:54.000","[PREMIUM]","369","KS - KANSAS CITY",,,,"CDT","0","V",2017,"GMC","ACADIA DEN","ACADIA","4DR SPORT UTILITY","GRAY","FRONT END",,"MO","SC","YES","D",142593,"A","[PREMIUM]",10034.81,"3.6L 6","FRONT WHEEL DRIVE","AUTOMATIC","GAS",6,"Run & Drive Verified","Pure Sale","[PREMIUM]",,"KANSAS CITY","KS","66111 2629","USA","USD","[PREMIUM]","[PREMIUM]","L200",false,"[PREMIUM]","DENALI",false,false,"[PREMIUM]",,,,,,,,"[PREMIUM]"
"61023976","2026-09-03 17:34:49.358","2026-09-15 23:15:53.279","61023976","2026-09-02 21:53:49.000","[PREMIUM]","369","KS - KANSAS CITY",,,,"CDT","0","V",2025,"HYUNDAI","TUCSON","TUCSON","SPORT UTILITY VEHICLE","SILVER","SIDE",,"MO","SC","YES","D",8816,"A","[PREMIUM]",27784.49,"1.6L 4","ALL WHEEL DRIVE","AUTOMATIC","ELECTRIC AND GAS HYBRID",4,"Run & Drive Verified","Pure Sale","[PREMIUM]",,"KANSAS CITY","KS","66111 2629","USA","USD","[PREMIUM]","[PREMIUM]","M170",false,"[PREMIUM]","BLUE",false,false,"[PREMIUM]",,,,,,,,"[PREMIUM]"
"59919766","2026-09-03 17:34:48.762","2026-09-15 23:15:52.030","59919766","2026-09-02 22:41:50.000","[PREMIUM]","369","KS - KANSAS CITY",,,,"CDT","0","V",2018,"FORD","F-150","F150","PICKUP","BLACK","FRONT END",,"KS","ST","YES","D",84108,"A","[PREMIUM]",4036.28,"3.5L 6","4X4 W/REAR WHEEL DRV","AUTOMATIC","GAS",6,"Run & Drive Verified","Pure Sale","[PREMIUM]",,"KANSAS CITY","KS","66111 2629","USA","USD","[PREMIUM]","[PREMIUM]","REC",false,"[PREMIUM]","SUPERCREW",false,false,"[PREMIUM]",,,,,,,,"[PREMIUM]"
"57426686","2026-09-03 17:34:47.882","2026-09-15 23:15:50.085","57426686","2026-09-02 17:39:45.000","[PREMIUM]","369","KS - KANSAS CITY",,,,"CDT","0","V",2014,"FORD","FUSION","FUSION","SEDAN 4DR","SILVER","SIDE",,"KS","ST","YES","E",103469,"A","[PREMIUM]",4782.18,"2.0L 4","FRONT WHEEL DRIVE","AUTOMATIC","ELECTRIC AND GAS HYBRID",4,"DEFAULT","Pure Sale","[PREMIUM]",,"KANSAS CITY","KS","66111 2629","USA","USD","[PREMIUM]","[PREMIUM]","3D110",false,"[PREMIUM]","S HYBRID",false,false,"[PREMIUM]",,,,,,,,"[PREMIUM]"
"56720946","2026-09-03 17:34:47.583","2026-09-14 21:35:30.338","56720946","2026-09-14 15:33:53.000","[PREMIUM]","369","KS - KANSAS CITY","2026-09-15","TUESDAY","1200","CDT","21","V",2014,"MERCEDES-BENZ","E-CLASS","E","SEDAN 4DR","BLACK","SIDE",,"ID","SC","YES","D",93826,"A","[PREMIUM]",20083,"4.6L 8","ALL WHEEL DRIVE","AUTOMATIC","GAS",8,"Run & Drive Verified","Pure Sale","[PREMIUM]",,"KANSAS CITY","KS","66111 2629","USA","USD","[PREMIUM]","[PREMIUM]","3F110",false,"[PREMIUM]","550 4MATIC",false,false,"[PREMIUM]",,,,,,,,"[PREMIUM]"
"55893826","2026-09-03 17:34:47.421","2026-09-16 00:58:39.132","55893826","2026-09-14 21:56:35.000","[PREMIUM]","369","KS - KANSAS CITY",,,,"CDT","0","V",2017,"NISSAN","MAXIMA","MAXIMA","SEDAN","BLACK","FRONT END",,"MO","SC","YES","D",133683,"A","[PREMIUM]",7900,"3.5L 6","FRONT WHEEL DRIVE","AUTOMATIC","GAS",6,"Run & Drive Verified","Pure Sale","[PREMIUM]",,"KANSAS CITY","KS","66111 2629","USA","USD","[PREMIUM]","[PREMIUM]","L160",false,"[PREMIUM]","3.5 SR",false,false,"[PREMIUM]",,,,,,,,"[PREMIUM]"
"54261016","2026-09-03 17:34:47.201","2026-09-15 23:15:48.767","54261016","2026-09-03 23:21:42.000","[PREMIUM]","369","KS - KANSAS CITY",,,,"CDT","0","V",2020,"CHEVROLET","TAHOE","TAHOE","SPORT UTILITY VEHICLE","BLACK","FRONT END",,"KS","ST","YES","D",110919,"A","[PREMIUM]",22066,"6.2L 8","4X4 W/REAR WHEEL DRV","AUTOMATIC","GAS",8,"Run & Drive Verified","On Minimum Bid","[PREMIUM]",,"KANSAS CITY","KS","66111 2629","USA","USD","[PREMIUM]","[PREMIUM]","K090",false,"[PREMIUM]","K1500 PREMIER",false,false,"[PREMIUM]",,,,,,,,"[PREMIUM]"
"51974444","2026-09-03 17:34:46.948","2026-09-15 23:15:47.933","51974444","2026-09-14 16:39:36.000","[PREMIUM]","369","KS - KANSAS CITY","2026-09-17","THURSDAY","1200","CDT","0","V",2016,"MAZDA","3","3","SEDAN 4D","BLACK","FRONT END","SIDE","ID","SC","YES","D",145833,"A","[PREMIUM]",0,"2.0L  4","Front-wheel Drive","AUTOMATIC","GAS",4,"Run & Drive Verified","Pure Sale","[PREMIUM]",,"KANSAS CITY","KS","66111 2629","USA","USD","[PREMIUM]","[PREMIUM]","3D100",false,"[PREMIUM]","TOURING",false,false,"[PREMIUM]",,,,,,,,"[PREMIUM]"
"49035876","2026-09-03 17:34:46.763","2026-09-15 23:15:47.152","49035876","2026-09-02 21:30:53.000","[PREMIUM]","369","KS - KANSAS CITY",,,,"CDT","0","V",2026,"CHEVROLET","ALL Models","SILVERADO","PICKUP","SILVER","SIDE","UNDERCARRIAGE","SD","ST","YES","E",3611,"A","[PREMIUM]",40982,"2.7L 4","4X4 W/REAR WHEEL DRV","AUTOMATIC","GAS",4,"DEFAULT","Pure Sale","[PREMIUM]",,"KANSAS CITY","KS","66111 2629","USA","USD","[PREMIUM]","[PREMIUM]","D140",false,"[PREMIUM]","K1500 LT-L",false,false,"[PREMIUM]",,,,,,,,"[PREMIUM]"
"48027786","2026-09-03 17:34:46.733","2026-09-15 23:15:47.166","48027786","2026-09-14 12:27:36.000","[PREMIUM]","369","KS - KANSAS CITY","2026-09-17","THURSDAY","1200","CDT","0","V",2010,"TOYOTA","COROLLA","COROLLA","SEDAN","TAN","SIDE","FRONT END","ID","SC","YES","S",174369,"E","[PREMIUM]",5853,"1.8L 4","FRONT WHEEL DRIVE","AUTOMATIC","GAS",4,"Vehicle Starts","Pure Sale","[PREMIUM]",,"KANSAS CITY","KS","66111 2629","USA","USD","[PREMIUM]","[PREMIUM]","J110",false,"[PREMIUM]","LE",false,false,"[PREMIUM]",,,,,,,,"[PREMIUM]"
"46244575","2026-09-03 17:34:46.629","2026-09-08 08:24:14.032","46244575","2026-09-04 13:30:03.000","[PREMIUM]","369","KS - KANSAS CITY","2026-09-08","TUESDAY","1200","CDT","2523","V",2018,"TOYOTA","CAMRY","CAMRY",,"WHITE","FRONT END",,"MO","SC","YES","E",93061,"N","[PREMIUM]",0,"2.5L  4","Front-wheel Drive","AUTOMATIC","GAS",4,"DEFAULT","Pure Sale","[PREMIUM]",,"KANSAS CITY","KS","66111 2629","USA","USD","[PREMIUM]","[PREMIUM]","3D110",false,"[PREMIUM]","L",false,false,"[PREMIUM]",,,,,,,,"[PREMIUM]"
"92653465","2026-09-03 17:34:46.528","2026-09-15 23:15:46.703","92653465","2026-09-02 20:50:38.000","[PREMIUM]","368","NC - RALEIGH NORTH",,,,"EDT","0","V",2017,"AUDI","A4","A4","SEDAN 4D","GRAY","SIDE",,"NC","SC","YES","D",109155,"A","[PREMIUM]",16244,"2.0L  4","ALL WHEEL DRIVE","AUTOMATIC","GAS",4,"Run & Drive Verified","Pure Sale","[PREMIUM]",,"KNIGHTDALE","NC","27545","USA","USD","[PREMIUM]","[PREMIUM]","C080",false,"[PREMIUM]","PRESTIGE",false,false,"[PREMIUM]",,,,,,,,"[PREMIUM]"
"66809246","2026-09-03 17:34:46.435","2026-09-15 23:15:44.473","66809246","2026-09-15 20:37:39.000","[PREMIUM]","368","NC - RALEIGH NORTH","2026-09-18","FRIDAY","1000","EDT","0","V",2016,"BMW","3 SERIES","328","SEDAN 4DR","BLACK","FRONT END",,"NC","SC","YES","E",0,"N","[PREMIUM]",11967.17,"2.0L 4","REAR WHEEL DRIVE","AUTOMATIC","GAS",4,"DEFAULT","Pure Sale","[PREMIUM]",,"KNIGHTDALE","NC","27545","USA","USD","[PREMIUM]","[PREMIUM]","E100",false,"[PREMIUM]","I SULEV",false,false,"[PREMIUM]",,,,,,,,"[PREMIUM]"
"67526506","2026-09-03 17:34:46.433","2026-09-13 20:35:14.157","67526506","2026-09-11 16:35:53.000","[PREMIUM]","368","NC - RALEIGH NORTH","2026-09-18","FRIDAY","1000","EDT","0","V",2007,"LEXUS","ES","ES","SEDAN 4DR","GRAY","MINOR DENT/SCRATCHES",,"NC","CZ","YES","E",231760,"E","[PREMIUM]",0,"3.5L 6","FRONT WHEEL DRIVE","AUTOMATIC","GAS",6,"DEFAULT","On Minimum Bid","[PREMIUM]",,"KNIGHTDALE","NC","27545","USA","USD","[PREMIUM]","[PREMIUM]","G150",true,"[PREMIUM]","350",false,false,"[PREMIUM]",,,,,,,,"[PREMIUM]"
"67643656","2026-09-03 17:34:46.432","2026-09-11 11:31:50.413","67643656","2026-09-11 08:00:07.000","[PREMIUM]","368","NC - RALEIGH NORTH","2026-09-11","FRIDAY","1000","EDT","2051","V",2015,"FORD","TAURUS","TAURUS","SEDAN 4DR","SILVER","MINOR DENT/SCRATCHES",,"NC","CT","YES","D",148881,"A","[PREMIUM]",0,"3.5L 6","FRONT WHEEL DRIVE","AUTOMATIC","GAS",6,"Run & Drive Verified","On Minimum Bid","[PREMIUM]",,"KNIGHTDALE","NC","27545","USA","USD","[PREMIUM]","[PREMIUM]","SB010",true,"[PREMIUM]","SE",false,false,"[PREMIUM]",,,,,,,,"[PREMIUM]"
"67169806","2026-09-03 17:34:46.430","2026-09-15 23:15:44.945","67169806","2026-09-02 21:22:34.000","[PREMIUM]","368","NC - RALEIGH NORTH",,,,"EDT","0","V",2017,"CHEVROLET","TAHOE","TAHOE","4DR SPORT UTILITY","BLACK","FRONT END","MINOR DENT/SCRATCHES","NC","SC","YES","D",116165,"A","[PREMIUM]",0,"5.3L 8","4X4 W/REAR WHEEL DRV","AUTOMATIC","GAS",8,"Run & Drive Verified","Pure Sale","[PREMIUM]",,"KNIGHTDALE","NC","27545","USA","USD","[PREMIUM]","[PREMIUM]","F100",false,"[PREMIUM]","K1500 LT",false,false,"[PREMIUM]",,,,,,,,"[PREMIUM]"
"67811946","2026-09-03 17:34:46.425","2026-09-10 15:00:45.369","67811946","2026-09-09 12:36:34.000","[PREMIUM]","368","NC - RALEIGH NORTH","2026-09-11","FRIDAY","1000","EDT","0","V",2014,"CHEVROLET","CRUZE","CRUZE","SEDAN 4DR","RED","MINOR DENT/SCRATCHES",,"NC","CT","YES","D",176912,"A","[PREMIUM]",0,"1.4L 4","FRONT WHEEL DRIVE","AUTOMATIC","GAS",4,"Run & Drive Verified","On Minimum Bid","[PREMIUM]",,"KNIGHTDALE","NC","27545","USA","USD","[PREMIUM]","[PREMIUM]","SB006",true,"[PREMIUM]","LT",false,false,"[PREMIUM]",,,,,,,,"[PREMIUM]"
"66344146","2026-09-03 17:34:46.329","2026-09-15 23:15:43.944","66344146","2026-09-15 13:53:57.000","[PREMIUM]","368","NC - RALEIGH NORTH","2026-09-18","FRIDAY","1000","EDT","0","V",2018,"LEXUS","GX","GX","SPORT UTILITY VEHICLE","BLACK","SIDE","REAR END","NC","SC","YES","D",107421,"A","[PREMIUM]",18436.75,"4.6L 8","ALL WHEEL DRIVE","AUTOMATIC","GAS",8,"Run & Drive Verified","On Minimum Bid","[PREMIUM]",,"KNIGHTDALE","NC","27545","USA","USD","[PREMIUM]","[PREMIUM]","G120",false,"[PREMIUM]","460",false,false,"[PREMIUM]",,,,,,,,"[PREMIUM]"
"66193856","2026-09-03 17:34:46.286","2026-09-15 23:15:43.679","66193856","2026-09-15 15:42:17.000","[PREMIUM]","368","NC - RALEIGH NORTH","2026-09-18","FRIDAY","1000","EDT","0","V",2014,"MAZDA","CX-5","CX-5","4DR SPORT UTILITY","WHITE","REAR END",,"NC","SC","YES","S",159442,"A","[PREMIUM]",7204.47,"2.5L 4","FRONT WHEEL DRIVE","AUTOMATIC","GAS",4,"Vehicle Starts","Pure Sale","[PREMIUM]",,"KNIGHTDALE","NC","27545","USA","USD","[PREMIUM]","[PREMIUM]","SB005",false,"[PREMIUM]","GT",false,false,"[PREMIUM]",,,,,,,,"[PREMIUM]"
"66070476","2026-09-03 17:34:46.243","2026-09-03 17:34:46.243","66070476","2026-09-02 14:23:43.000","[PREMIUM]","368","NC - RALEIGH NORTH","2026-09-04","FRIDAY","1000","EDT","0","V",2006,"CHEVROLET","TAHOE","TAHOE","4DR SPORT UTILITY","BLACK","MECHANICAL",,"NC","CZ","YES","E",215527,"E","[PREMIUM]",0,"5.3L 8","4X4 W/REAR WHEEL DRV","AUTOMATIC","FLEXIBLE",8,"DEFAULT","On Minimum Bid","[PREMIUM]",,"KNIGHTDALE","NC","27545","USA","USD","[PREMIUM]","[PREMIUM]","H200",true,"[PREMIUM]","K1500",false,false,"[PREMIUM]",,,,,,,,"[PREMIUM]"
"65874006","2026-09-03 17:34:46.202","2026-09-09 08:54:38.542","65874006","2026-09-03 14:41:44.000","[PREMIUM]","838","RENTAL VEHICLE SALE","2026-09-09","WEDNESDAY","1200","EDT","0","V",2023,"KIA","FORTE","FORTE","SEDAN","RED","MECHANICAL",,"NJ","CT","YES","S",123898,"A","[PREMIUM]",8417.81,"2.0L 4","FRONT WHEEL DRIVE","AUTOMATIC","GAS",4,"Vehicle Starts","On Minimum Bid","[PREMIUM]",,"KNIGHTDALE","NC","27545","USA","USD","[PREMIUM]","[PREMIUM]","B070",false,"[PREMIUM]","LXS",true,false,"[PREMIUM]",,,,,,,,"[PREMIUM]"
"65594476","2026-09-03 17:34:46.047","2026-09-15 23:15:43.059","65594476","2026-09-12 16:27:10.000","[PREMIUM]","855","WHOLESALE AUCTION","2026-09-17","THURSDAY","1200","EDT","0","V",2025,"KIA","SORENTO","SORENTO","SPORT UTILITY VEHICLE","GRAY","SIDE","REAR END","NC","DC","YES","S",26922,"A","[PREMIUM]",0,"2.5L 4","ALL WHEEL DRIVE","AUTOMATIC","GAS",4,"Vehicle Starts","On Approval","[PREMIUM]",,"KNIGHTDALE","NC","27545","USA","USD","[PREMIUM]","[PREMIUM]","B060",false,"[PREMIUM]","S",false,true,"[PREMIUM]",,,,,"RED LIGHT",0,,"[PREMIUM]"
"64430966","2026-09-03 17:34:45.721","2026-09-15 23:15:41.811","64430966","2026-09-15 11:41:34.000","[PREMIUM]","368","NC - RALEIGH NORTH","2026-09-18","FRIDAY","1000","EDT","0","V",2026,"KIA","SORENTO","SORENTO","SPORT UTILITY VEHICLE","WHITE","REAR END",,"NC","SC","YES","D",3720,"A","[PREMIUM]",24769.8,"2.5L 4","FRONT WHEEL DRIVE","AUTOMATIC","GAS",4,"Run & Drive Verified","Pure Sale","[PREMIUM]",,"KNIGHTDALE","NC","27545","USA","USD","[PREMIUM]","[PREMIUM]","SA001",false,"[PREMIUM]","S",false,false,"[PREMIUM]",,,,,,,,"[PREMIUM]"
"63674926","2026-09-03 17:34:45.509","2026-09-03 17:34:45.509","63674926","2026-09-03 14:17:41.000","[PREMIUM]","368","NC - RALEIGH NORTH","2026-09-04","FRIDAY","1000","EDT","0","K",2023,"FORD","TRANSIT","TRANSIT","VAN CARGO","WHITE","NORMAL WEAR","MINOR DENT/SCRATCHES","NC","CZ","YES","D",194836,"A","[PREMIUM]",0,"3.5L 6","REAR WHEEL DRIVE","AUTOMATIC","GAS",6,"Run & Drive Verified","On Approval","[PREMIUM]",,"KNIGHTDALE","NC","27545","USA","USD","[PREMIUM]","[PREMIUM]","HVY",false,"[PREMIUM]","T-250",false,false,"[PREMIUM]",,,,,,,,"[PREMIUM]"
"63439446","2026-09-03 17:34:45.455","2026-09-15 23:15:40.754","63439446","2026-09-11 21:39:36.000","[PREMIUM]","368","NC - RALEIGH NORTH","2026-09-18","FRIDAY","1000","EDT","0","V",2020,"FORD","ECOSPORT","ECOSPORT","SPORT UTILITY VEHICLE","SILVER","FRONT END",,"VA","SQ","YES","E",0,"N","[PREMIUM]",0,"2.0L 4","4X4 W/FRONT WHL DRV","AUTOMATIC","GAS",4,"DEFAULT","On Minimum Bid","[PREMIUM]",,"KNIGHTDALE","NC","27545","USA","USD","[PREMIUM]","[PREMIUM]","E040",true,"[PREMIUM]","SE",false,false,"[PREMIUM]",,,,,,,,"[PREMIUM]"
"61836626","2026-09-03 17:34:45.101","2026-09-16 18:49:50.744","61836626","2026-09-16 17:27:54.000","[PREMIUM]","368","NC - RALEIGH NORTH","2026-09-18","FRIDAY","1000","EDT","0","V",2008,"MERCEDES-BENZ","C-CLASS","C","SEDAN 4DR","BLUE","NORMAL WEAR",,"NC","CZ","YES","D",82291,"A","[PREMIUM]",0,"3.0L 6","ALL WHEEL DRIVE","AUTOMATIC","GAS",6,"Run & Drive Verified","On Minimum Bid","[PREMIUM]",,"KNIGHTDALE","NC","27545","USA","USD","[PREMIUM]","[PREMIUM]","SB006",true,"[PREMIUM]","300 4MATIC",false,false,"[PREMIUM]",,,,,,,,"[PREMIUM]"
"56220596","2026-09-03 17:34:44.407","2026-09-15 23:15:38.304","56220596","2026-09-03 16:26:06.000","[PREMIUM]","368","NC - RALEIGH NORTH",,,,"EDT","0","V",2022,"TOYOTA","TACOMA","TACOMA","PICKUP","RED","FRONT END","REAR END","NC","SC","YES","S",44026,"A","[PREMIUM]",0,"3.5L 6","4X2","AUTOMATIC","GAS",6,"Vehicle Starts","Pure Sale","[PREMIUM]",,"KNIGHTDALE","NC","27545","USA","USD","[PREMIUM]","[PREMIUM]","F190",false,"[PREMIUM]","SR5 V6",false,false,"[PREMIUM]",,,,,,,,"[PREMIUM]"
"67388986","2026-09-03 17:34:44.142","2026-09-15 23:15:36.795","67388986","2026-09-09 21:15:48.000","[PREMIUM]","367","CA - MENTONE","2026-09-16","WEDNESDAY","1200","PDT","0","V",2007,"TOYOTA","CAMRY","CAMRY","SEDAN","BLACK","FRONT END",,"CA","DV","YES","E",166496,"E","[PREMIUM]",0,"2.4L 4","FRONT WHEEL DRIVE","AUTOMATIC","GAS",4,"DEFAULT","On Minimum Bid","[PREMIUM]",,"MENTONE","CA","92359","USA","USD","[PREMIUM]","[PREMIUM]","H050",true,"[PREMIUM]","CE",false,false,"[PREMIUM]",,,,,,,,"[PREMIUM]"
"67374396","2026-09-03 17:34:44.138","2026-09-15 23:15:36.691","67374396","2026-09-09 23:58:22.000","[PREMIUM]","367","CA - MENTONE","2026-09-16","WEDNESDAY","1200","PDT","0","V",2015,"KIA","OPTIMA","OPTIMA","SEDAN 4DR","WHITE","MECHANICAL",,"CA","DA","YES","S",165749,"A","[PREMIUM]",0,"2.4L 4","FRONT WHEEL DRIVE","AUTOMATIC","ELECTRIC AND GAS HYBRID",4,"Vehicle Starts","On Minimum Bid","[PREMIUM]",,"MENTONE","CA","92359","USA","USD","[PREMIUM]","[PREMIUM]","C090",true,"[PREMIUM]","HYBRID",false,false,"[PREMIUM]",,,,,,,,"[PREMIUM]"
"66463066","2026-09-03 17:34:44.133","2026-09-09 08:54:32.458","66463066","2026-09-03 17:54:59.000","[PREMIUM]","367","CA - MENTONE","2026-09-09","WEDNESDAY","1200","PDT","0","V",2002,"CHEVROLET","SILVERADO","SILVERADO","4DR EXT CAB PICKUP","RED","SIDE","REAR END","CA","SC","YES",,109745,"E","[PREMIUM]",14624.44,"4.8L 8","REAR WHEEL DRIVE","AUTOMATIC","GAS",8,,"Pure Sale","[PREMIUM]",,"MENTONE","CA","92359","USA","USD","[PREMIUM]","[PREMIUM]","D040",false,"[PREMIUM]","C1500",false,false,"[PREMIUM]",,,,,,,,"[PREMIUM]"
"67073856","2026-09-03 17:34:44.131","2026-09-09 08:54:32.700","67073856","2026-09-02 23:04:06.000","[PREMIUM]","367","CA - MENTONE","2026-09-09","WEDNESDAY","1200","PDT","0","V",2015,"NISSAN","VERSA","VERSA","SEDAN","TAN","MECHANICAL","SIDE","CA","SD","YES","D",100015,"A","[PREMIUM]",0,"1.6L 4","FRONT WHEEL DRIVE","AUTOMATIC","GAS",4,"Run & Drive Verified","On Approval","[PREMIUM]",,"MENTONE","CA","92359","USA","USD","[PREMIUM]","[PREMIUM]","F070",false,"[PREMIUM]","1.6 S PLUS",false,false,"[PREMIUM]",,,,,,,,"[PREMIUM]"
"67404996","2026-09-03 17:34:44.131","2026-09-09 08:54:32.861","67404996","2026-09-02 23:16:50.000","[PREMIUM]","367","CA - MENTONE","2026-09-09","WEDNESDAY","1200","PDT","0","V",2004,"TOYOTA","All Models","SIENNA","MINI-VAN","GOLD","FRONT END",,"CA","DV","YES","E",250102,"A","[PREMIUM]",0,"3.3L 6","FRONT WHEEL DRIVE","AUTOMATIC","GAS",6,"DEFAULT","On Minimum Bid","[PREMIUM]",,"MENTONE","CA","92359","USA","USD","[PREMIUM]","[PREMIUM]","F060",true,"[PREMIUM]","LE 7 PASSENGER",false,false,"[PREMIUM]",,,,,,,,"[PREMIUM]"
"67113536","2026-09-03 17:34:44.130","2026-09-09 08:54:32.706","67113536","2026-09-08 15:05:42.000","[PREMIUM]","367","CA - MENTONE","2026-09-09","WEDNESDAY","1200","PDT","0","V",2014,"TOYOTA","TACOMA","TACOMA","CREW PICKUP","WHITE","SIDE","UNDERCARRIAGE","CA","SC","YES","S",138597,"A","[PREMIUM]",16196.59,"4.0L 6","REAR WHEEL DRIVE","AUTOMATIC","GAS",6,"Vehicle Starts","Pure Sale","[PREMIUM]",,"MENTONE","CA","92359","USA","USD","[PREMIUM]","[PREMIUM]","E080",false,"[PREMIUM]","DOUBLE CAB PRERUNNER",false,false,"[PREMIUM]",,,,,,,,"[PREMIUM]"
"66306076","2026-09-03 17:34:44.122","2026-09-09 08:54:32.444","66306076","2026-09-03 17:50:25.000","[PREMIUM]","367","CA - MENTONE","2026-09-09","WEDNESDAY","1200","PDT","0","V",2018,"MINI","COOPER","COOPER","WAGON","GREEN","FRONT END",,"CA","SC","YES","D",85984,"A","[PREMIUM]",12866.1,"1.5L 3","FRONT WHEEL DRIVE","AUTOMATIC","GAS",3,"Run & Drive Verified","Pure Sale","[PREMIUM]",,"MENTONE","CA","92359","USA","USD","[PREMIUM]","[PREMIUM]","B070",false,"[PREMIUM]","COUNTRYMAN",false,false,"[PREMIUM]",,,,,,,,"[PREMIUM]"
"65657626","2026-09-03 17:34:44.098","2026-09-09 08:54:32.156","65657626","2026-09-04 22:25:48.000","[PREMIUM]","367","CA - MENTONE","2026-09-09","WEDNESDAY","1200","PDT","0","V",2017,"MINI","COOPER","COOPER","WAGON","RED","FRONT END",,"CA","SC","YES","D",87813,"A","[PREMIUM]",4362.67,"2.0L 4","FRONT WHEEL DRIVE","AUTOMATIC","GAS",4,"Run & Drive Verified","Pure Sale","[PREMIUM]",,"MENTONE","CA","92359","USA","USD","[PREMIUM]","[PREMIUM]","C080",false,"[PREMIUM]","S CLUBMAN",false,false,"[PREMIUM]",,,,,,,,"[PREMIUM]"
"61631176","2026-09-03 17:34:43.923","2026-09-09 08:54:30.746","61631176","2026-09-03 17:52:19.000","[PREMIUM]","367","CA - MENTONE","2026-09-09","WEDNESDAY","1200","PDT","0","V",2025,"HONDA","ACCORD","ACCORD","SEDAN","GRAY","FRONT END","SIDE","CA","SC","YES","E",15844,"A","[PREMIUM]",34405,"2.0L 4","FRONT WHEEL DRIVE","AUTOMATIC","ELECTRIC AND GAS HYBRID",4,"DEFAULT","Pure Sale","[PREMIUM]",,"MENTONE","CA","92359","USA","USD","[PREMIUM]","[PREMIUM]","B040",false,"[PREMIUM]","HYBRID SPORT",false,false,"[PREMIUM]",,,,,,,,"[PREMIUM]"
"62270256","2026-09-03 17:34:43.922","2026-09-09 08:54:30.727","62270256","2026-09-03 16:31:55.000","[PREMIUM]","367","CA - MENTONE","2026-09-09","WEDNESDAY","1200","PDT","0","V",2012,"HONDA","ODYSSEY","ODYSSEY","SPORTS VAN","BLUE","MECHANICAL",,"CA","DV","YES","D",72735,"A","[PREMIUM]",0,"3.5L 6","FRONT WHEEL DRIVE","AUTOMATIC","GAS",6,"Run & Drive Verified","On Approval","[PREMIUM]",,"MENTONE","CA","92359","USA","USD","[PREMIUM]","[PREMIUM]","A020",false,"[PREMIUM]",,false,false,"[PREMIUM]",,,,,,,,"[PREMIUM]"
"56893316","2026-09-03 17:34:43.804","2026-09-16 03:34:57.338","56893316","2026-09-10 18:58:37.000","[PREMIUM]","367","CA - MENTONE","2026-09-16","WEDNESDAY","1200","PDT","0","V",2018,"HONDA","CIVIC","CIVIC","HATCHBACK","TWO TONE","FRONT END",,"ID","SC","YES","D",81244,"A","[PREMIUM]",17980,"1.5L 4","FRONT WHEEL DRIVE","AUTOMATIC","GAS",4,"Run & Drive Verified","Pure Sale","[PREMIUM]",,"MENTONE","CA","92359","USA","USD","[PREMIUM]","[PREMIUM]","E060",false,"[PREMIUM]","SPORT TOURING",false,false,"[PREMIUM]",,,,,,,,"[PREMIUM]"
"52770606","2026-09-03 17:34:43.763","2026-09-15 23:15:33.650","52770606","2026-09-03 15:56:37.000","[PREMIUM]","367","CA - MENTONE",,,,"PDT","0","V",2025,"HONDA","HR-V","HR-V","SPORT UTILITY VEHICLE","BLACK","ROLLOVER",,"CA","SC","YES","D",26388,"A","[PREMIUM]",30984.5,"2.0L 4","FRONT WHEEL DRIVE","AUTOMATIC","GAS",4,"Run & Drive Verified","Pure Sale","[PREMIUM]",,"MENTONE","CA","92359","USA","USD","[PREMIUM]","[PREMIUM]","A030",false,"[PREMIUM]","SPORT",false,false,"[PREMIUM]",,,,,,,,"[PREMIUM]"
"78955565","2026-09-03 17:34:43.601","2026-09-14 09:37:13.561","78955565","2026-09-14 08:00:06.000","[PREMIUM]","366","FL - CLEWISTON","2026-09-14","MONDAY","1000","EDT","30","V",2020,"INFINITI","QX60","QX60","SUV","GRAY","FRONT END","REAR END","FL","RB","YES","D",71090,"N","[PREMIUM]",13038.71,"3.5L 6","All Wheel Drive","AUTOMATIC","Gas",6,"Run & Drive Verified","On Minimum Bid","[PREMIUM]",,"CLEWISTON","FL","33440","USA","USD","[PREMIUM]","[PREMIUM]","I100",false,"[PREMIUM]","PURE",false,false,"[PREMIUM]",,,,,,,,"[PREMIUM]"
"75766775","2026-09-03 17:34:43.554","2026-09-15 23:15:32.918","75766775","2026-09-11 13:38:45.000","[PREMIUM]","366","FL - CLEWISTON","2026-09-21","MONDAY","1000","EDT","0","V",2016,"AUDI","Q5","Q5","4DR SPORT UTILITY","CHARCOAL","MECHANICAL",,"ID","SC","YES","E",140637,"A","[PREMIUM]",0,"2.0L 4","ALL WHEEL DRIVE","AUTOMATIC","FLEXIBLE",4,"DEFAULT","On Approval","[PREMIUM]",,"CLEWISTON","FL","33440","USA","USD","[PREMIUM]","[PREMIUM]","L010",false,"[PREMIUM]","PREMIUM PLUS",false,false,"[PREMIUM]",,,,,,,,"[PREMIUM]"
"65319776","2026-09-03 17:34:43.430","2026-09-15 23:15:32.203","65319776","2026-09-14 14:49:51.000","[PREMIUM]","880","*NCS - EASTERN REGION","2026-09-16","WEDNESDAY","2100","EDT","0","V",2019,"TOYOTA","HIGHLANDER","HIGHLANDER","SUV","SILVER","MINOR DENT/SCRATCHES",,"FL","CT","YES","D",175350,"A","[PREMIUM]",0,"3.5L 6","FRONT WHEEL DRIVE","AUTOMATIC","GAS",6,"Run & Drive Verified","On Minimum Bid","[PREMIUM]",,"CLEWISTON","FL","33440","USA","USD","[PREMIUM]","[PREMIUM]","L040",true,"[PREMIUM]","XLE",false,false,"[PREMIUM]",,,,,,,,"[PREMIUM]"
"57764786","2026-09-03 17:34:43.374","2026-09-08 08:24:03.079","57764786","2026-09-02 15:02:42.000","[PREMIUM]","366","FL - CLEWISTON","2026-09-08","TUESDAY","1000","EDT","0","V",2022,"TOYOTA","TACOMA","TACOMA","PICKUP","GRAY","REAR END","FRONT END","FL","CD","YES","D",21324,"A","[PREMIUM]",31528,"3.5L 6","FOUR BY FOUR","AUTOMATIC","GAS",6,"Run & Drive Verified","Pure Sale","[PREMIUM]",,"CLEWISTON","FL","33440","USA","USD","[PREMIUM]","[PREMIUM]","M100",false,"[PREMIUM]","SR5 V6",false,false,"[PREMIUM]",,,,,,,,"[PREMIUM]"
"61625776","2026-09-03 17:34:43.347","2026-09-13 20:35:01.432","61625776","2026-09-04 13:16:23.000","[PREMIUM]","366","FL - CLEWISTON","2026-09-14","MONDAY","1000","EDT","0","V",2024,"GMC","SIERRA","SIERRA","PICKUP","BLACK","FRONT END","SIDE","FL","CD","YES","S",72328,"A","[PREMIUM]",47563.98,"6.2L 8","4X4 W/REAR WHEEL DRV","AUTOMATIC","GAS",8,"Vehicle Starts","Pure Sale","[PREMIUM]",,"CLEWISTON","FL","33440","USA","USD","[PREMIUM]","[PREMIUM]","N120",false,"[PREMIUM]","K1500 DENALI",false,false,"[PREMIUM]",,,,,,,,"[PREMIUM]"
"59915936","2026-09-03 17:34:43.290","2026-09-13 20:35:01.169","59915936","2026-09-04 19:29:16.000","[PREMIUM]","366","FL - CLEWISTON","2026-09-14","MONDAY","1000","EDT","0","V",2019,"BMW","5 SERIES","530","SEDAN","BLACK","WATER/FLOOD",,"FL","R1","YES","E",170214,"A","[PREMIUM]",8310.79,"2.0L 4","ALL WHEEL DRIVE","AUTOMATIC","GAS",4,"DEFAULT","Pure Sale","[PREMIUM]",,"CLEWISTON","FL","33440","USA","USD","[PREMIUM]","[PREMIUM]","J060",false,"[PREMIUM]","XI",false,false,"[PREMIUM]",,,,,,,,"[PREMIUM]"
"58779186","2026-09-03 17:34:43.254","2026-09-13 20:35:00.883","58779186","2026-09-03 20:46:02.000","[PREMIUM]","366","FL - CLEWISTON","2026-09-14","MONDAY","1000","EDT","0","V",2016,"BMW","4 SERIES","435","CONVERTIBLE","BURN","BURN",,"ID","SC","EXM","E",0,"N","[PREMIUM]",38245,"3.0L 6","REAR WHEEL DRIVE","AUTOMATIC","GAS",6,"DEFAULT","Pure Sale","[PREMIUM]",,"CLEWISTON","FL","33440","USA","USD","[PREMIUM]","[PREMIUM]","O130",false,"[PREMIUM]","I",false,false,"[PREMIUM]",,,,,,,,"[PREMIUM]"
"56568066","2026-09-03 17:34:43.163","2026-09-15 23:15:31.218","56568066","2026-09-14 19:41:19.000","[PREMIUM]","366","FL - CLEWISTON","2026-09-21","MONDAY","1000","EDT","0","V",2023,"JEEP","CHEROKEE","GRAND CHEROKEE","SPORT UTILITY VEHICLE","SILVER","FRONT END",,"FL","RB","YES","E",0,"N","[PREMIUM]",12915,"3.6L 6","REAR WHEEL DRIVE","AUTOMATIC","GAS",6,"DEFAULT","On Minimum Bid","[PREMIUM]",,"CLEWISTON","FL","33440","USA","USD","[PREMIUM]","[PREMIUM]","K010",false,"[PREMIUM]","L LAREDO",false,false,"[PREMIUM]",,,,,,,,"[PREMIUM]"
"45623996","2026-09-03 17:34:43.067","2026-09-15 23:15:30.429","45623996","2026-09-11 13:44:02.000","[PREMIUM]","366","FL - CLEWISTON","2026-09-21","MONDAY","1000","EDT","0","V",2013,"HYUNDAI","SONATA","SONATA","SEDAN","WHITE","SIDE",,"ID","SC","YES","E",43648,"A","[PREMIUM]",0,"2.4L 4","FRONT WHEEL DRIVE","AUTOMATIC","GAS",4,"DEFAULT","On Approval","[PREMIUM]",,"CLEWISTON","FL","33440","USA","USD","[PREMIUM]","[PREMIUM]","L090",false,"[PREMIUM]","GLS",false,false,"[PREMIUM]",,,,,,,,"[PREMIUM]"
"65277416","2026-09-03 17:34:43.054","2026-09-13 20:34:58.528","65277416","2026-09-04 13:00:41.000","[PREMIUM]","363","ND - BISMARCK","2026-09-14","MONDAY","1400","CDT","0","V",2019,"CHEVROLET","ALL Models","SILVERADO",,"TWO TONE","MINOR DENT/SCRATCHES",,"ND","CT","YES","D",148243,"A","[PREMIUM]",0,,,"AUTOMATIC",,,"Run & Drive Verified","On Approval","[PREMIUM]",,"BISMARCK","ND","58504","USA","USD","[PREMIUM]","[PREMIUM]","E040",false,"[PREMIUM]","K1500 LT",false,false,"[PREMIUM]",,,,,,,,"[PREMIUM]"
"64841906","2026-09-03 17:34:43.049","2026-09-15 23:15:29.133","64841906","2026-09-10 12:33:00.000","[PREMIUM]","363","ND - BISMARCK",,,,"CDT","0","V",2020,"JEEP","GRAND CHER","GRAND CHEROKEE","SPORT UTILITY VEHICLE","GRAY","FRONT END",,"MN","ST","YES","E",0,"N","[PREMIUM]",19940,"3.6L 6","4X4 W/REAR WHEEL DRV","AUTOMATIC","FLEXIBLE",6,"DEFAULT","Pure Sale","[PREMIUM]",,"BISMARCK","ND","58504","USA","USD","[PREMIUM]","[PREMIUM]","E040",false,"[PREMIUM]","LAREDO",false,false,"[PREMIUM]",,,,,,,,"[PREMIUM]"
"61326836","2026-09-03 17:34:42.306","2026-09-08 08:24:00.423","61326836","2026-09-07 20:01:18.000","[PREMIUM]","855","WHOLESALE AUCTION","2026-09-08","TUESDAY","1200","EDT","3031","V",2017,"CHEVROLET","SILVERADO","SILVERADO","CREW PICKUP","WHITE","MECHANICAL",,"OK","CT","YES","S",290570,"A","[PREMIUM]",9981,"6.6L 8","4X4 W/REAR WHEEL DRV","AUTOMATIC","DIESEL",8,"Vehicle Starts","On Minimum Bid","[PREMIUM]",,"BISMARCK","ND","58504","USA","USD","[PREMIUM]","[PREMIUM]","D010",false,"[PREMIUM]","K3500",false,true,"[PREMIUM]",,,,,"RED LIGHT",2.6,"Maintenance,Other,Emission","[PREMIUM]"
"61326806","2026-09-03 17:34:42.262","2026-09-10 15:00:28.669","61326806","2026-09-09 20:00:52.000","[PREMIUM]","855","WHOLESALE AUCTION","2026-09-10","THURSDAY","1200","EDT","6093","V",2017,"CHEVROLET","SILVERADO","SILVERADO","CREW PICKUP","WHITE","FRONT END",,"OK","CT","YES","E",119748,"A","[PREMIUM]",11068,"6.6L 8","4X4 W/REAR WHEEL DRV","AUTOMATIC","DIESEL",8,"DEFAULT","On Minimum Bid","[PREMIUM]",,"BISMARCK","ND","58504","USA","USD","[PREMIUM]","[PREMIUM]","D010",false,"[PREMIUM]","K3500",false,true,"[PREMIUM]",,,,,"RED LIGHT",1.7,,"[PREMIUM]"
"61056756","2026-09-03 17:34:42.261","2026-09-15 23:15:27.582","61056756","2026-09-09 16:44:22.000","[PREMIUM]","363","ND - BISMARCK",,,,"CDT","0","V",2017,"FORD","EXPEDITION","EXPEDITION","4DR SPORT UTILITY","RED","ROLLOVER",,"ND","ST","YES","E",140296,"A","[PREMIUM]",14125,"3.5L 6","4X4 W/REAR WHEEL DRV","AUTOMATIC","GAS",6,"DEFAULT","On Minimum Bid","[PREMIUM]",,"BISMARCK","ND","58504","USA","USD","[PREMIUM]","[PREMIUM]","BURN1",false,"[PREMIUM]","EL PLATINUM",false,false,"[PREMIUM]",,,,,,,,"[PREMIUM]"
"59368346","2026-09-03 17:34:42.091","2026-09-04 18:35:41.071","59368346","2026-09-04 13:00:06.000","[PREMIUM]","363","ND - BISMARCK","2026-09-04","FRIDAY","1400","CDT","1","V",2009,"BUICK","LUCERNE","LUCERNE","SEDAN 4DR","SILVER","FRONT END",,"MN","PO","YES","D",210146,"A","[PREMIUM]",0,"3.9L 6","FRONT WHEEL DRIVE","AUTOMATIC","FLEXIBLE",6,"Run & Drive Verified","Pure Sale","[PREMIUM]",,"BISMARCK","ND","58504","USA","USD","[PREMIUM]","[PREMIUM]","C010",false,"[PREMIUM]","CX",false,false,"[PREMIUM]",,,,,,,,"[PREMIUM]"
"59270566","2026-09-03 17:34:42.086","2026-09-13 20:34:56.129","59270566","2026-09-03 13:51:26.000","[PREMIUM]","363","ND - BISMARCK","2026-09-14","MONDAY","1400","CDT","0","V",2019,"CHEVROLET","ALL Models","SILVERADO","PICKUP","WHITE","FRONT END",,"ND","PO","YES","D",121954,"A","[PREMIUM]",20590,"5.3L 8","4X4 W/REAR WHEEL DRV","AUTOMATIC","GAS",8,"Run & Drive Verified","Pure Sale","[PREMIUM]",,"BISMARCK","ND","58504","USA","USD","[PREMIUM]","[PREMIUM]","A050",false,"[PREMIUM]","K1500 LT",false,false,"[PREMIUM]",,,,,,,,"[PREMIUM]"
"67485256","2026-09-03 17:34:41.792","2026-09-10 15:00:26.766","67485256","2026-09-09 13:59:38.000","[PREMIUM]","362","AZ - PHOENIX NORTH","2026-09-10","THURSDAY","1200","PDT","35","V",2010,"INFINITI","G37","G37 SEDAN","SEDAN","GRAY","FRONT END","REAR END","AZ","SC","YES","D",153787,"A","[PREMIUM]",6342.02,"3.7L 6","REAR WHEEL DRIVE","AUTOMATIC","GAS",6,"Run & Drive Verified","Pure Sale","[PREMIUM]",,"PHOENIX","AZ","85085","USA","USD","[PREMIUM]","[PREMIUM]","I040",false,"[PREMIUM]","BASE",false,false,"[PREMIUM]",,,,,,,,"[PREMIUM]"
"67558046","2026-09-03 17:34:41.787","2026-09-08 08:23:59.424","67558046","2026-09-04 22:10:47.000","[PREMIUM]","362","AZ - PHOENIX NORTH","2026-09-08","TUESDAY","1200","PDT","2518","V",2000,"LINCOLN","TOWNCAR","TOWN CAR","SEDAN 4DR","WHITE","MECHANICAL",,"AZ","CT","YES","E",0,"E","[PREMIUM]",0,"4.6L 8","REAR WHEEL DRIVE","AUTOMATIC","GAS",8,"DEFAULT","On Approval","[PREMIUM]",,"PHOENIX","AZ","85085","USA","USD","[PREMIUM]","[PREMIUM]","L040",false,"[PREMIUM]","SIGNATURE",false,false,"[PREMIUM]",,,,,,,,"[PREMIUM]"
"67191776","2026-09-03 17:34:41.781","2026-09-14 21:35:08.187","67191776","2026-09-14 14:30:31.000","[PREMIUM]","362","AZ - PHOENIX NORTH","2026-09-15","TUESDAY","1200","PDT","2593","V",2014,"HYUNDAI","ACCENT","ACCENT","SEDAN","SILVER","FRONT END","SIDE","AZ","SC","YES","E",86147,"A","[PREMIUM]",0,"1.6L 4","FRONT WHEEL DRIVE","AUTOMATIC","GAS",4,"DEFAULT","Pure Sale","[PREMIUM]",,"PHOENIX","AZ","85085","USA","USD","[PREMIUM]","[PREMIUM]","I050",false,"[PREMIUM]","GLS",false,false,"[PREMIUM]",,,,,,,,"[PREMIUM]"
"67472596","2026-09-03 17:34:41.777","2026-09-08 08:23:59.253","67472596","2026-09-04 22:10:47.000","[PREMIUM]","362","AZ - PHOENIX NORTH","2026-09-08","TUESDAY","1200","PDT","23","V",2016,"MERCEDES-BENZ","GLE-CLASS","GLE","4DR SPORT UTILITY","WHITE","REAR END","SIDE","AZ","SC","YES","D",91014,"A","[PREMIUM]",0,"3.5L 6","REAR WHEEL DRIVE","AUTOMATIC","GAS",6,"Run & Drive Verified","On Minimum Bid","[PREMIUM]",,"PHOENIX","AZ","85085","USA","USD","[PREMIUM]","[PREMIUM]","I090",false,"[PREMIUM]","350",false,false,"[PREMIUM]",,,,,,,,"[PREMIUM]"
"67649386","2026-09-03 17:34:41.774","2026-09-16 21:33:52.001","67649386","2026-09-16 13:39:48.000","[PREMIUM]","362","AZ - PHOENIX NORTH","2026-09-17","THURSDAY","1200","PDT","116","V",2008,"LEXUS","ES350","ES","SEDAN 4DR","BLACK","SIDE","REAR END","AZ","SC","YES","D",156331,"A","[PREMIUM]",7110,"3.5L 6","FRONT WHEEL DRIVE","AUTOMATIC","GAS",6,"Run & Drive Verified","Pure Sale","[PREMIUM]",,"PHOENIX","AZ","85085","USA","USD","[PREMIUM]","[PREMIUM]","I080",false,"[PREMIUM]","350",false,false,"[PREMIUM]",,,,,,,,"[PREMIUM]"
"67263646","2026-09-03 17:34:41.772","2026-09-08 08:23:59.005","67263646","2026-09-07 23:17:07.000","[PREMIUM]","362","AZ - PHOENIX NORTH","2026-09-08","TUESDAY","1200","PDT","2558","V",2017,"FORD","FLEX","FLEX","SPORT UTILITY VEHICLE","WHITE","MINOR DENT/SCRATCHES",,"OK","CT","YES",,98001,"A","[PREMIUM]",0,"3.5L 6","ALL WHEEL DRIVE","AUTOMATIC","GAS",6,,"On Minimum Bid","[PREMIUM]",,"PHOENIX","AZ","85085","USA","USD","[PREMIUM]","[PREMIUM]","D150",false,"[PREMIUM]","LIMITED",false,false,"[PREMIUM]",,,,,,,,"[PREMIUM]"
"73152505","2026-09-03 17:34:41.772","2026-09-08 08:23:59.507","73152505","2026-09-04 22:10:47.000","[PREMIUM]","362","AZ - PHOENIX NORTH","2026-09-08","TUESDAY","1200","PDT","8","V",2021,"TOYOTA","CAMRY","CAMRY",,"BLACK","SIDE",,"AZ","SC","YES","D",98055,"A","[PREMIUM]",14100.52,"2.5L  4","Front-wheel Drive","AUTOMATIC","GAS",4,"Run & Drive Verified","Pure Sale","[PREMIUM]",,"PHOENIX","AZ","85085","USA","USD","[PREMIUM]","[PREMIUM]","P060",false,"[PREMIUM]","SE",false,false,"[PREMIUM]",,,,,,,,"[PREMIUM]"
"67020346","2026-09-03 17:34:41.737","2026-09-10 15:00:25.855","67020346","2026-09-09 13:59:38.000","[PREMIUM]","362","AZ - PHOENIX NORTH","2026-09-10","THURSDAY","1200","PDT","52","V",2015,"MAZDA","CX-9","CX-9","4DR SPORT UTILITY","GRAY","MINOR DENT/SCRATCHES",,"AZ","CT","YES","D",85397,"A","[PREMIUM]",0,"3.7L 6","FRONT WHEEL DRIVE","AUTOMATIC","GAS",6,"Run & Drive Verified","On Minimum Bid","[PREMIUM]",,"PHOENIX","AZ","85085","USA","USD","[PREMIUM]","[PREMIUM]","CD002",true,"[PREMIUM]","TOURING",false,false,"[PREMIUM]",,,,,,,,"[PREMIUM]"
"67036556","2026-09-03 17:34:41.706","2026-09-14 21:35:08.017","67036556","2026-09-14 14:30:30.000","[PREMIUM]","362","AZ - PHOENIX NORTH","2026-09-15","TUESDAY","1200","PDT","47","V",2008,"CHRYSLER","SEBRING","SEBRING","CONVERTIBLE","RED","VANDALISM",,"AZ","SC","YES","D",115808,"E","[PREMIUM]",3946.68,"3.5L 6","FRONT WHEEL DRIVE","AUTOMATIC","GAS",6,"Run & Drive Verified","Pure Sale","[PREMIUM]",,"PHOENIX","AZ","85085","USA","USD","[PREMIUM]","[PREMIUM]","H090",false,"[PREMIUM]","LIMITED",false,false,"[PREMIUM]",,,,,,,,"[PREMIUM]"
"67168046","2026-09-03 17:34:41.702","2026-09-03 17:34:41.702","67168046","2026-09-02 23:53:50.000","[PREMIUM]","362","AZ - PHOENIX NORTH",,,,"PDT","0","V",2013,"BMW","7 SERIES","750","SEDAN 4DR","BLACK","SIDE",,"AZ","SC","YES","E",145625,"A","[PREMIUM]",9245,"4.4L 8","ALL WHEEL DRIVE","AUTOMATIC","GAS",8,"DEFAULT","Pure Sale","[PREMIUM]",,"PHOENIX","AZ","85085","USA","USD","[PREMIUM]","[PREMIUM]","G100",false,"[PREMIUM]","LXI",false,false,"[PREMIUM]",,,,,,,,"[PREMIUM]"
"66602096","2026-09-03 17:34:41.666","2026-09-10 15:00:25.433","66602096","2026-09-09 13:59:38.000","[PREMIUM]","362","AZ - PHOENIX NORTH","2026-09-10","THURSDAY","1200","PDT","26","V",2000,"TOYOTA","AVALON","AVALON","SEDAN","SILVER","REAR END",,"AZ","SC","YES","D",195210,"E","[PREMIUM]",3306.32,"3.0L 6","FRONT WHEEL DRIVE","AUTOMATIC","GAS",6,"Run & Drive Verified","Pure Sale","[PREMIUM]",,"PHOENIX","AZ","85085","USA","USD","[PREMIUM]","[PREMIUM]","G030",false,"[PREMIUM]","XLS",false,false,"[PREMIUM]",,,,,,,,"[PREMIUM]"
"66795966","2026-09-03 17:34:41.666","2026-09-10 15:00:25.548","66795966","2026-09-09 13:59:38.000","[PREMIUM]","362","AZ - PHOENIX NORTH","2026-09-10","THURSDAY","1200","PDT","93","V",2005,"TOYOTA","SIENNA","SIENNA","MINI-VAN","GRAY","REAR END","MINOR DENT/SCRATCHES","AZ","SC","YES","D",179493,"A","[PREMIUM]",7546.58,"3.3L 6","FRONT WHEEL DRIVE","AUTOMATIC","GAS",6,"Run & Drive Verified","Pure Sale","[PREMIUM]",,"PHOENIX","AZ","85085","USA","USD","[PREMIUM]","[PREMIUM]","G100",false,"[PREMIUM]","CE 7 PASSENGER",false,false,"[PREMIUM]",,,,,,,,"[PREMIUM]"
"66490736","2026-09-03 17:34:41.584","2026-09-16 21:33:50.855","66490736","2026-09-16 19:59:00.000","[PREMIUM]","362","AZ - PHOENIX NORTH","2026-09-17","THURSDAY","1200","PDT","0","V",2021,"MERCEDES-BENZ","GLE-CLASS","GLE","SPORT UTILITY VEHICLE","BLUE","MECHANICAL","MINOR DENT/SCRATCHES","AZ","CT","YES","D",71105,"A","[PREMIUM]",0,"2.0L 4","REAR WHEEL DRIVE","AUTOMATIC","GAS",4,"Run & Drive Verified","On Minimum Bid","[PREMIUM]",,"PHOENIX","AZ","85085","USA","USD","[PREMIUM]","[PREMIUM]","G030",true,"[PREMIUM]","350",false,false,"[PREMIUM]",,,,,,,,"[PREMIUM]"
"66475206","2026-09-03 17:34:41.582","2026-09-08 08:23:57.939","66475206","2026-09-04 22:10:47.000","[PREMIUM]","362","AZ - PHOENIX NORTH","2026-09-08","TUESDAY","1200","PDT","11","V",2013,"NISSAN","VERSA","VERSA","SEDAN","BLUE","FRONT END","SIDE","AZ","CT","YES","D",129066,"A","[PREMIUM]",0,"1.6L 4","FRONT WHEEL DRIVE","AUTOMATIC","GAS",4,"Run & Drive Verified","On Minimum Bid","[PREMIUM]",,"PHOENIX","AZ","85085","USA","USD","[PREMIUM]","[PREMIUM]","H050",true,"[PREMIUM]","1.6 S",false,false,"[PREMIUM]",,,,,,,,"[PREMIUM]"
"66220226","2026-09-03 17:34:41.513","2026-09-14 21:35:06.880","66220226","2026-09-14 14:30:31.000","[PREMIUM]","362","AZ - PHOENIX NORTH","2026-09-15","TUESDAY","1200","PDT","2595","V",2009,"BMW","3 SERIES","328","SEDAN 4DR","BLACK","SIDE","FRONT END","AZ","SC","YES","E",105515,"A","[PREMIUM]",5357,"3.0L 6","REAR WHEEL DRIVE","AUTOMATIC","GAS",6,"DEFAULT","Pure Sale","[PREMIUM]",,"PHOENIX","AZ","85085","USA","USD","[PREMIUM]","[PREMIUM]","I050",false,"[PREMIUM]","I SULEV",false,false,"[PREMIUM]",,,,,,,,"[PREMIUM]"
"65382606","2026-09-03 17:34:41.357","2026-09-10 15:00:24.058","65382606","2026-09-09 13:59:38.000","[PREMIUM]","362","AZ - PHOENIX NORTH","2026-09-10","THURSDAY","1200","PDT","1140","V",2018,"CHEVROLET","VOLT","VOLT","HATCHBACK","BLUE","FRONT END","MECHANICAL","AZ","SC","YES","E",89397,"A","[PREMIUM]",14830.35,"1.5L 4","FRONT WHEEL DRIVE","AUTOMATIC","ELECTRIC AND GAS HYBRID",4,"DEFAULT","Pure Sale","[PREMIUM]",,"PHOENIX","AZ","85085","USA","USD","[PREMIUM]","[PREMIUM]","I080",false,"[PREMIUM]","LT",false,false,"[PREMIUM]",,,,,,,,"[PREMIUM]"
"64506426","2026-09-03 17:34:41.272","2026-09-08 08:23:56.525","64506426","2026-09-04 22:10:48.000","[PREMIUM]","362","AZ - PHOENIX NORTH","2026-09-08","TUESDAY","1200","PDT","2529","V",2016,"MERCEDES-BENZ","GLE-CLASS","GLE","4DR SPORT UTILITY","SILVER","FRONT END","MINOR DENT/SCRATCHES","AZ","SC","YES","E",88747,"A","[PREMIUM]",21450.83,"3.5L 6","ALL WHEEL DRIVE","AUTOMATIC","GAS",6,"DEFAULT","Pure Sale","[PREMIUM]",,"PHOENIX","AZ","85085","USA","USD","[PREMIUM]","[PREMIUM]","D090",false,"[PREMIUM]","350 4MATIC",false,false,"[PREMIUM]",,,,,,,,"[PREMIUM]"
"64491456","2026-09-03 17:34:41.270","2026-09-14 21:35:05.380","64491456","2026-09-14 14:30:30.000","[PREMIUM]","362","AZ - PHOENIX NORTH","2026-09-15","TUESDAY","1200","PDT","30","V",2003,"TOYOTA","SEQUOIA","SEQUOIA","4DR SPORT UTILITY","SILVER","SIDE","UNDERCARRIAGE","AZ","SC","YES","D",128846,"E","[PREMIUM]",7156,"4.7L 8","REAR WHEEL DRIVE","AUTOMATIC","GAS",8,"Run & Drive Verified","On Minimum Bid","[PREMIUM]",,"PHOENIX","AZ","85085","USA","USD","[PREMIUM]","[PREMIUM]","C090",false,"[PREMIUM]","LIMITED",false,false,"[PREMIUM]",,,,,,,,"[PREMIUM]"
"64465986","2026-09-03 17:34:41.268","2026-09-14 21:35:05.376","64465986","2026-09-14 14:30:30.000","[PREMIUM]","362","AZ - PHOENIX NORTH","2026-09-15","TUESDAY","1200","PDT","39","V",2025,"TOYOTA","CAMRY","CAMRY","SEDAN","SILVER","REAR END","SIDE","ID","SC","YES","D",32646,"A","[PREMIUM]",16574,"2.5L 4","FRONT WHEEL DRIVE","AUTOMATIC","ELECTRIC AND GAS HYBRID",4,"Run & Drive Verified","On Minimum Bid","[PREMIUM]",,"PHOENIX","AZ","85085","USA","USD","[PREMIUM]","[PREMIUM]","G100",false,"[PREMIUM]","SE",false,false,"[PREMIUM]",,,,,,,,"[PREMIUM]"
"64328456","2026-09-03 17:34:41.229","2026-09-14 21:35:05.382","64328456","2026-09-14 14:30:30.000","[PREMIUM]","362","AZ - PHOENIX NORTH","2026-09-15","TUESDAY","1200","PDT","37","V",2012,"NISSAN","JUKE","JUKE","WAGON","RED","FRONT END","MINOR DENT/SCRATCHES","AZ","SC","YES","D",0,"N","[PREMIUM]",5380,"1.6L 4","ALL WHEEL DRIVE","AUTOMATIC","GAS",4,"Run & Drive Verified","Pure Sale","[PREMIUM]",,"PHOENIX","AZ","85085","USA","USD","[PREMIUM]","[PREMIUM]","I060",false,"[PREMIUM]","S",false,false,"[PREMIUM]",,,,,,,,"[PREMIUM]"
"63573776","2026-09-03 17:34:41.149","2026-09-10 15:00:22.780","63573776","2026-09-09 13:59:38.000","[PREMIUM]","362","AZ - PHOENIX NORTH","2026-09-10","THURSDAY","1200","PDT","1117","V",2022,"GMC","CANYON","CANYON","PICKUP","TAN","FRONT END",,"AZ","SC","NO","E",71350,"A","[PREMIUM]",25454.77,"3.6L 6","4X4 W/REAR WHEEL DRV","AUTOMATIC","GAS",6,"DEFAULT","Pure Sale","[PREMIUM]",,"PHOENIX","AZ","85085","USA","USD","[PREMIUM]","[PREMIUM]","B130",false,"[PREMIUM]","AT4",false,false,"[PREMIUM]",,,,,,,,"[PREMIUM]"
"63696926","2026-09-03 17:34:41.138","2026-09-10 15:00:22.807","63696926","2026-09-09 13:59:38.000","[PREMIUM]","362","AZ - PHOENIX NORTH","2026-09-10","THURSDAY","1200","PDT","9","V",2020,"LAND ROVER","RANGEROVER","RANGE ROVER SPORT","SPORT UTILITY VEHICLE","WHITE","TOP/ROOF","MINOR DENT/SCRATCHES","AZ","SC","YES","D",52127,"A","[PREMIUM]",0,"5.0L 8","ALL WHEEL DRIVE","AUTOMATIC","GAS",8,"Run & Drive Verified","Pure Sale","[PREMIUM]",,"PHOENIX","AZ","85085","USA","USD","[PREMIUM]","[PREMIUM]","J070",false,"[PREMIUM]","P525 HSE",false,false,"[PREMIUM]",,,,,,,,"[PREMIUM]"
"62802906","2026-09-03 17:34:41.084","2026-09-10 15:00:22.204","62802906","2026-09-09 13:59:38.000","[PREMIUM]","362","AZ - PHOENIX NORTH","2026-09-10","THURSDAY","1200","PDT","110","V",2023,"HONDA","HR-V","HR-V","SPORT UTILITY VEHICLE","BLACK","FRONT END","MINOR DENT/SCRATCHES","AZ","SC","YES","D",78366,"A","[PREMIUM]",0,"2.0L 4","FRONT WHEEL DRIVE","AUTOMATIC","GAS",4,"Run & Drive Verified","Pure Sale","[PREMIUM]",,"PHOENIX","AZ","85085","USA","USD","[PREMIUM]","[PREMIUM]","K060",false,"[PREMIUM]","EXL",false,false,"[PREMIUM]",,,,,,,,"[PREMIUM]"
"62394206","2026-09-03 17:34:41.049","2026-09-10 15:00:21.901","62394206","2026-09-09 13:59:38.000","[PREMIUM]","362","AZ - PHOENIX NORTH","2026-09-10","THURSDAY","1200","PDT","1158","V",2005,"FORD","F250","F250","PICKUP","WHITE","FRONT END","VANDALISM","AZ","SC","YES","E",221048,"A","[PREMIUM]",8693.18,"6.0L 8","REAR WHEEL DRIVE","AUTOMATIC","DIESEL",8,"DEFAULT","Pure Sale","[PREMIUM]",,"PHOENIX","AZ","85085","USA","USD","[PREMIUM]","[PREMIUM]","E200",false,"[PREMIUM]","SUPER DUTY",false,false,"[PREMIUM]",,,,,,,,"[PREMIUM]"
"61919876","2026-09-03 17:34:41.015","2026-09-10 15:00:21.730","61919876","2026-09-09 21:43:58.000","[PREMIUM]","841","CRASHEDTOYS POWERSPORT AUCTION","2026-09-10","THURSDAY","1200","CDT","6107","V",2025,"MERCEDES-BENZ","G-CLASS","G","SPORT UTILITY VEHICLE","WHITE","REAR END","MINOR DENT/SCRATCHES","AZ","SC","YES","D",6643,"A","[PREMIUM]",0,"3.0L 6","ALL WHEEL DRIVE","AUTOMATIC","GAS",6,"Run & Drive Verified","On Minimum Bid","[PREMIUM]",,"PHOENIX","AZ","85085","USA","USD","[PREMIUM]","[PREMIUM]","H030",false,"[PREMIUM]","550",false,false,"[PREMIUM]",,,,,,,,"[PREMIUM]"
"61718396","2026-09-03 17:34:41.008","2026-09-10 15:00:21.619","61718396","2026-09-09 22:41:17.000","[PREMIUM]","362","AZ - PHOENIX NORTH","2026-09-10","THURSDAY","1200","PDT","18","V",2015,"HYUNDAI","GENESIS","GENESIS","SEDAN 4DR","WHITE","REAR END",,"AZ","SC","YES","D",81319,"A","[PREMIUM]",17099.34,"3.8L 6","REAR WHEEL DRIVE","AUTOMATIC","GAS",6,"Run & Drive Verified","Pure Sale","[PREMIUM]",,"PHOENIX","AZ","85085","USA","USD","[PREMIUM]","[PREMIUM]","CD002",false,"[PREMIUM]","3.8L",false,false,"[PREMIUM]",,,,,,,,"[PREMIUM]"
"60719356","2026-09-03 17:34:40.930","2026-09-14 21:35:03.570","60719356","2026-09-14 14:30:30.000","[PREMIUM]","362","AZ - PHOENIX NORTH","2026-09-15","TUESDAY","1200","PDT","78","V",2025,"TOYOTA","CAMRY","CAMRY","SEDAN","GRAY","REAR END","FRONT END","ID","SC","YES","D",20983,"A","[PREMIUM]",21825,"2.5L 4","FRONT WHEEL DRIVE","AUTOMATIC","ELECTRIC AND GAS HYBRID",4,"Run & Drive Verified","Pure Sale","[PREMIUM]",,"PHOENIX","AZ","85085","USA","USD","[PREMIUM]","[PREMIUM]","N100",false,"[PREMIUM]","SE",false,false,"[PREMIUM]",,,,,,,,"[PREMIUM]"
"61149965","2026-09-03 17:34:40.927","2026-09-15 02:45:17.877","61149965","2026-09-14 14:30:31.000","[PREMIUM]","362","AZ - PHOENIX NORTH","2026-09-15","TUESDAY","1200","PDT","2538","V",2015,"FORD","FUSION","FUSION","SEDAN 4D","WHITE","REAR END","FRONT END","ID","SC","YES",,177919,"A","[PREMIUM]",0,"2.0L  4","Front-wheel Drive","AUTOMATIC","HYBRID ENGINE",4,,"Pure Sale","[PREMIUM]",,"PHOENIX","AZ","85085","USA","USD","[PREMIUM]","[PREMIUM]","J080",false,"[PREMIUM]","TITANIUM PHEV",false,false,"[PREMIUM]",,,,,,,,"[PREMIUM]"
"60841776","2026-09-03 17:34:40.925","2026-09-08 08:23:54.713","60841776","2026-09-04 22:10:47.000","[PREMIUM]","362","AZ - PHOENIX NORTH","2026-09-08","TUESDAY","1200","PDT","84","V",2014,"DODGE","DART","DART","SEDAN 4DR","BLACK","FRONT END",,"AZ","SC","YES","D",195656,"A","[PREMIUM]",3594,"2.4L 4","FRONT WHEEL DRIVE","AUTOMATIC","GAS",4,"Run & Drive Verified","On Minimum Bid","[PREMIUM]",,"PHOENIX","AZ","85085","USA","USD","[PREMIUM]","[PREMIUM]","L080",false,"[PREMIUM]","SXT",false,false,"[PREMIUM]",,,,,,,,"[PREMIUM]"
"60440386","2026-09-03 17:34:40.898","2026-09-15 23:15:21.304","60440386","2026-09-11 16:42:03.000","[PREMIUM]","362","AZ - PHOENIX NORTH","2026-09-17","THURSDAY","1200","PDT","0","V",2026,"KIA","K5","K5","SEDAN","GRAY","FRONT END",,"ID","SC","NO","E",0,"N","[PREMIUM]",27205,"2.5L 4","FRONT WHEEL DRIVE","AUTOMATIC","GAS",4,"DEFAULT","Pure Sale","[PREMIUM]",,"PHOENIX","AZ","85085","USA","USD","[PREMIUM]","[PREMIUM]","J040",false,"[PREMIUM]","GT LINE",false,false,"[PREMIUM]",,,,,,,,"[PREMIUM]"
"60218386","2026-09-03 17:34:40.865","2026-09-10 15:00:21.130","60218386","2026-09-09 13:59:38.000","[PREMIUM]","362","AZ - PHOENIX NORTH","2026-09-10","THURSDAY","1200","PDT","1102","V",2022,"MERCEDES-BENZ","G-CLASS","G","SPORT UTILITY VEHICLE","WHITE","FRONT END","SIDE","ID","SC","NO","E",0,"N","[PREMIUM]",0,"4.0L 8","ALL WHEEL DRIVE","AUTOMATIC","GAS",8,"DEFAULT","Pure Sale","[PREMIUM]",,"PHOENIX","AZ","85085","USA","USD","[PREMIUM]","[PREMIUM]","D140",false,"[PREMIUM]","550",false,false,"[PREMIUM]",,,,,,,,"[PREMIUM]"
"57176886","2026-09-03 17:34:40.733","2026-09-10 15:00:20.570","57176886","2026-09-09 13:59:38.000","[PREMIUM]","362","AZ - PHOENIX NORTH","2026-09-10","THURSDAY","1200","PDT","1153","V",2017,"GMC","ACADIA","ACADIA",,"WHITE","SIDE","REAR END","AZ","SC","YES","E",0,"N","[PREMIUM]",7839.64,,,"AUTOMATIC",,,"DEFAULT","Pure Sale","[PREMIUM]",,"PHOENIX","AZ","85085","USA","USD","[PREMIUM]","[PREMIUM]","H110",false,"[PREMIUM]","SLE 2",false,false,"[PREMIUM]",,,,,,,,"[PREMIUM]"
"56781896","2026-09-03 17:34:40.691","2026-09-10 15:00:20.445","56781896","2026-09-09 13:59:38.000","[PREMIUM]","362","AZ - PHOENIX NORTH","2026-09-10","THURSDAY","1200","PDT","1129","V",2001,"DODGE","RAM 2500","RAM 2500","4DR EXT CAB PICKUP","BURGUNDY","ALL OVER","MINOR DENT/SCRATCHES","AZ","NR","NO","E",0,"E","[PREMIUM]",0,"5.9L 6","4X4 W/REAR WHEEL DRV","AUTOMATIC","DIESEL",6,"DEFAULT","Pure Sale","[PREMIUM]",,"PHOENIX","AZ","85085","USA","USD","[PREMIUM]","[PREMIUM]","O070",false,"[PREMIUM]",,false,false,"[PREMIUM]",,,,,,,,"[PREMIUM]"
"50160516","2026-09-03 17:34:40.593","2026-09-10 15:00:19.831","50160516","2026-09-10 13:47:10.000","[PREMIUM]","362","AZ - PHOENIX NORTH","2026-09-10","THURSDAY","1200","PDT","108","V",2015,"GMC","YUKON","YUKON XL","4DR SPORT UTILITY","GRAY","REAR END","SIDE","AZ","SC","YES","D",140890,"A","[PREMIUM]",8335.59,"5.3L 8","REAR WHEEL DRIVE","AUTOMATIC","GAS",8,"Run & Drive Verified","On Minimum Bid","[PREMIUM]",,"PHOENIX","AZ","85085","USA","USD","[PREMIUM]","[PREMIUM]","D160",false,"[PREMIUM]","C1500 SLE",false,false,"[PREMIUM]",,,,,,,,"[PREMIUM]"
"67137656","2026-09-03 17:34:40.416","2026-09-09 08:54:18.273","67137656","2026-09-09 08:00:23.000","[PREMIUM]","361","MA - FREETOWN","2026-09-09","WEDNESDAY","1000","EDT","2064","V",2015,"SUBARU","XV","XV CROSSTREK","4DR SPORT UTILITY","ORANGE","REAR END",,"MA","RS","YES","D",109132,"A","[PREMIUM]",9072.51,"2.0L 4","ALL WHEEL DRIVE","AUTOMATIC","GAS",4,"Run & Drive Verified","Pure Sale","[PREMIUM]",,"ASSONET","MA","02702","USA","USD","[PREMIUM]","[PREMIUM]","F040",false,"[PREMIUM]","2.0 LIMITED",false,false,"[PREMIUM]",,,,,,,,"[PREMIUM]"
"67810546","2026-09-03 17:34:40.414","2026-09-16 02:42:31.123","67810546","2026-09-16 00:11:39.000","[PREMIUM]","361","MA - FREETOWN","2026-09-16","WEDNESDAY","1000","EDT","0","V",2006,"LEXUS","GX","GX","4DR SPORT UTILITY","GREEN","NORMAL WEAR",,"MA","CT","YES","D",224784,"A","[PREMIUM]",0,"4.7L 8","ALL WHEEL DRIVE","AUTOMATIC","GAS",8,"Run & Drive Verified","On Minimum Bid","[PREMIUM]",,"ASSONET","MA","02702","USA","USD","[PREMIUM]","[PREMIUM]","F070",true,"[PREMIUM]","470",false,false,"[PREMIUM]",,,,,,,,"[PREMIUM]"
"67145426","2026-09-03 17:34:40.412","2026-09-15 23:15:17.967","67145426","2026-09-15 20:26:01.000","[PREMIUM]","361","MA - FREETOWN","2026-09-16","WEDNESDAY","1000","EDT","2531","V",2017,"HONDA","ACCORD","ACCORD","SEDAN 4DR","GRAY","FRONT END",,"MA","ST","YES","E",143154,"A","[PREMIUM]",11249,"2.0L 4","FRONT WHEEL DRIVE","AUTOMATIC","ELECTRIC AND GAS HYBRID",4,"DEFAULT","Pure Sale","[PREMIUM]",,"ASSONET","MA","02702","USA","USD","[PREMIUM]","[PREMIUM]","A060",false,"[PREMIUM]","HYBRID EXL",false,false,"[PREMIUM]",,,,,,,,"[PREMIUM]"
"66992236","2026-09-03 17:34:40.388","2026-09-09 08:54:18.160","66992236","2026-09-09 08:00:22.000","[PREMIUM]","361","MA - FREETOWN","2026-09-09","WEDNESDAY","1000","EDT","114","V",2012,"CHEVROLET","EQUINOX","EQUINOX","4DR SPORT UTILITY","GRAY","FRONT END",,"MA","RS","YES","D",149565,"A","[PREMIUM]",6336.96,"2.4L 4","FRONT WHEEL DRIVE","AUTOMATIC","FLEXIBLE",4,"Run & Drive Verified","Pure Sale","[PREMIUM]",,"ASSONET","MA","02702","USA","USD","[PREMIUM]","[PREMIUM]","G060",false,"[PREMIUM]","LS",false,false,"[PREMIUM]",,,,,,,,"[PREMIUM]"
"66698956","2026-09-03 17:34:40.385","2026-09-09 08:54:17.791","66698956","2026-09-09 08:00:23.000","[PREMIUM]","361","MA - FREETOWN","2026-09-09","WEDNESDAY","1000","EDT","2505","V",2004,"TOYOTA","HIGHLANDER","HIGHLANDER","SUV","SILVER","SIDE",,"MA","RS","YES","E",0,"E","[PREMIUM]",5168.02,"3.3L 6","ALL WHEEL DRIVE","AUTOMATIC","GAS",6,"DEFAULT","Pure Sale","[PREMIUM]",,"ASSONET","MA","02702","USA","USD","[PREMIUM]","[PREMIUM]","H090",false,"[PREMIUM]","LIMITED",false,false,"[PREMIUM]",,,,,,,,"[PREMIUM]"
"67130656","2026-09-03 17:34:40.378","2026-09-15 23:15:17.962","67130656","2026-09-15 20:26:01.000","[PREMIUM]","361","MA - FREETOWN","2026-09-16","WEDNESDAY","1000","EDT","2053","V",2017,"SUBARU","OUTBACK","OUTBACK","SPORT UTILITY VEHICLE","GRAY","SIDE",,"MA","ST","YES","D",38074,"A","[PREMIUM]",8370,"2.5L 4","ALL WHEEL DRIVE","AUTOMATIC","GAS",4,"Run & Drive Verified","On Approval","[PREMIUM]",,"ASSONET","MA","02702","USA","USD","[PREMIUM]","[PREMIUM]","F030",false,"[PREMIUM]","2.5I PREMIUM",false,false,"[PREMIUM]",,,,,,,,"[PREMIUM]"
"66634946","2026-09-03 17:34:40.346","2026-09-09 08:54:17.819","66634946","2026-09-09 08:00:23.000","[PREMIUM]","361","MA - FREETOWN","2026-09-09","WEDNESDAY","1000","EDT","2576","V",2014,"HYUNDAI","ACCENT","ACCENT","SEDAN","SILVER","FRONT END",,"MA","RS","YES","S",85919,"A","[PREMIUM]",6035.73,"1.6L 4","FRONT WHEEL DRIVE","AUTOMATIC","GAS",4,"Vehicle Starts","Pure Sale","[PREMIUM]",,"ASSONET","MA","02702","USA","USD","[PREMIUM]","[PREMIUM]","D030",false,"[PREMIUM]","GLS",false,false,"[PREMIUM]",,,,,,,,"[PREMIUM]"
"66598166","2026-09-03 17:34:40.340","2026-09-09 08:54:17.674","66598166","2026-09-09 08:00:23.000","[PREMIUM]","361","MA - FREETOWN","2026-09-09","WEDNESDAY","1000","EDT","2065","V",2017,"GMC","YUKON","YUKON XL","4DR SPORT UTILITY","BLACK","FRONT END",,"MA","ST","YES","D",59594,"N","[PREMIUM]",13833.72,"5.3L 8","4X4 W/REAR WHEEL DRV","AUTOMATIC","GAS",8,"Run & Drive Verified","Pure Sale","[PREMIUM]",,"ASSONET","MA","02702","USA","USD","[PREMIUM]","[PREMIUM]","H090",false,"[PREMIUM]","K1500 SLT",false,false,"[PREMIUM]",,,,,,,,"[PREMIUM]"
"66625766","2026-09-03 17:34:40.335","2026-09-09 08:54:17.672","66625766","2026-09-09 08:00:23.000","[PREMIUM]","361","MA - FREETOWN","2026-09-09","WEDNESDAY","1000","EDT","2533","V",1999,"HONDA","CIVIC","CIVIC","SEDAN 4DR","BLUE","FRONT END","SIDE","MA","RS","YES","S",175324,"E","[PREMIUM]",14295,"1.6L 4","FRONT WHEEL DRIVE","MANUAL","GAS",4,"Vehicle Starts","On Minimum Bid","[PREMIUM]",,"ASSONET","MA","02702","USA","USD","[PREMIUM]","[PREMIUM]","A070",false,"[PREMIUM]","EX",false,false,"[PREMIUM]",,,,,,,,"[PREMIUM]"
"66566536","2026-09-03 17:34:40.332","2026-09-09 08:54:17.592","66566536","2026-09-09 08:00:23.000","[PREMIUM]","361","MA - FREETOWN","2026-09-09","WEDNESDAY","1000","EDT","2006","V",2010,"KIA","RIO","RIO","SEDAN","GOLD","FRONT END",,"MA","RS","YES","D",115834,"A","[PREMIUM]",4358.76,"1.6L 4","FRONT WHEEL DRIVE","AUTOMATIC","GAS",4,"Run & Drive Verified","Pure Sale","[PREMIUM]",,"ASSONET","MA","02702","USA","USD","[PREMIUM]","[PREMIUM]","B060",false,"[PREMIUM]","BASE",false,false,"[PREMIUM]",,,,,,,,"[PREMIUM]"
"66265266","2026-09-03 17:34:40.288","2026-09-09 08:54:17.323","66265266","2026-09-09 08:00:22.000","[PREMIUM]","361","MA - FREETOWN","2026-09-09","WEDNESDAY","1000","EDT","125","V",2004,"HONDA","ACCORD","ACCORD","SEDAN 4DR","GRAY","FRONT END",,"RI","RS","YES","D",206266,"A","[PREMIUM]",3899.9,"2.4L 4","FRONT WHEEL DRIVE","AUTOMATIC","GAS",4,"Run & Drive Verified","On Minimum Bid","[PREMIUM]",,"ASSONET","MA","02702","USA","USD","[PREMIUM]","[PREMIUM]","J080",false,"[PREMIUM]","LX",false,false,"[PREMIUM]",,,,,,,,"[PREMIUM]"
"66427416","2026-09-03 17:34:40.284","2026-09-09 08:54:17.444","66427416","2026-09-09 08:00:23.000","[PREMIUM]","361","MA - FREETOWN","2026-09-09","WEDNESDAY","1000","EDT","2556","V",2008,"HONDA","ODYSSEY","ODYSSEY","SPORTS VAN","SILVER","SIDE",,"MA","RS","YES","E",0,"E","[PREMIUM]",13028.09,"3.5L 6","FRONT WHEEL DRIVE","AUTOMATIC","GAS",6,"DEFAULT","Pure Sale","[PREMIUM]",,"ASSONET","MA","02702","USA","USD","[PREMIUM]","[PREMIUM]","K070",false,"[PREMIUM]","EXL",false,false,"[PREMIUM]",,,,,,,,"[PREMIUM]"
"66015736","2026-09-03 17:34:40.245","2026-09-08 08:23:51.027","66015736","2026-09-04 16:53:49.000","[PREMIUM]","832","MEDIUM DUTY CLEAN TITLE SALE","2026-09-08","TUESDAY","1100","CDT","0","K",2025,"FORD","TRANSIT","TRANSIT","VAN PASSENGER","WHITE","FRONT END",,"ME","CT","YES","E",17068,"A","[PREMIUM]",0,"3.5L 6","REAR WHEEL DRIVE","AUTOMATIC","GAS",6,"DEFAULT","On Approval","[PREMIUM]",,"ASSONET","MA","02702","USA","USD","[PREMIUM]","[PREMIUM]","HH020",false,"[PREMIUM]","T-350",false,false,"[PREMIUM]",,,,,,,,"[PREMIUM]"
"66085446","2026-09-03 17:34:40.236","2026-09-09 08:54:17.194","66085446","2026-09-09 08:00:23.000","[PREMIUM]","361","MA - FREETOWN","2026-09-09","WEDNESDAY","1000","EDT","2029","V",2016,"FORD","F150","F150","CREW PICKUP","BLACK","REAR END",,"MA","RS","YES","D",79447,"A","[PREMIUM]",16957.62,"3.5L 6","4X4 W/REAR WHEEL DRV","AUTOMATIC","GAS",6,"Run & Drive Verified","On Minimum Bid","[PREMIUM]",,"ASSONET","MA","02702","USA","USD","[PREMIUM]","[PREMIUM]","HH030",false,"[PREMIUM]","SUPERCREW",false,false,"[PREMIUM]",,,,,,,,"[PREMIUM]"
"65850946","2026-09-03 17:34:40.199","2026-09-09 08:54:16.950","65850946","2026-09-09 08:00:23.000","[PREMIUM]","361","MA - FREETOWN","2026-09-09","WEDNESDAY","1000","EDT","151","V",2014,"NISSAN","PATHFINDER","PATHFINDER","SUV","BLACK","SIDE",,"MA","RS","YES","D",168314,"A","[PREMIUM]",4596.02,"3.5L 6","FOUR BY FOUR","AUTOMATIC","GAS",6,"Run & Drive Verified","Pure Sale","[PREMIUM]",,"ASSONET","MA","02702","USA","USD","[PREMIUM]","[PREMIUM]","E060",false,"[PREMIUM]","S",false,false,"[PREMIUM]",,,,,,,,"[PREMIUM]"
"65549766","2026-09-03 17:34:40.167","2026-09-09 08:54:16.696","65549766","2026-09-09 08:00:22.000","[PREMIUM]","361","MA - FREETOWN","2026-09-09","WEDNESDAY","1000","EDT","10","V",2017,"VOLKSWAGEN","PASSAT","PASSAT","SEDAN","SILVER","FRONT END","REAR END","NV","SC","YES","D",79521,"A","[PREMIUM]",0,"1.8L 4","FRONT WHEEL DRIVE","AUTOMATIC","GAS",4,"Run & Drive Verified","Pure Sale","[PREMIUM]",,"ASSONET","MA","02702","USA","USD","[PREMIUM]","[PREMIUM]","D040",false,"[PREMIUM]","R-LINE",false,false,"[PREMIUM]",,,,,,,,"[PREMIUM]"
"65436756","2026-09-03 17:34:40.164","2026-09-09 08:54:16.568","65436756","2026-09-09 08:00:23.000","[PREMIUM]","361","MA - FREETOWN","2026-09-09","WEDNESDAY","1000","EDT","2600","V",2015,"NISSAN","SENTRA","SENTRA","SEDAN","SILVER","FRONT END","REAR END","MA","RS","YES","S",89678,"A","[PREMIUM]",19381.79,"1.8L 4","FRONT WHEEL DRIVE","AUTOMATIC","GAS",4,"Vehicle Starts","Pure Sale","[PREMIUM]",,"ASSONET","MA","02702","USA","USD","[PREMIUM]","[PREMIUM]","A060",false,"[PREMIUM]","S",false,false,"[PREMIUM]",,,,,,,,"[PREMIUM]"
"65174316","2026-09-03 17:34:40.133","2026-09-08 08:23:50.329","65174316","2026-09-04 16:53:47.000","[PREMIUM]","832","MEDIUM DUTY CLEAN TITLE SALE","2026-09-08","TUESDAY","1100","CDT","0","K",2025,"FORD","TRANSIT","TRANSIT","VAN PASSENGER","WHITE","FRONT END",,"MA","CT","YES","D",7549,"A","[PREMIUM]",0,"3.5L 6","REAR WHEEL DRIVE","AUTOMATIC","GAS",6,"Run & Drive Verified","On Approval","[PREMIUM]",,"ASSONET","MA","02702","USA","USD","[PREMIUM]","[PREMIUM]","S070",false,"[PREMIUM]","T-350",false,false,"[PREMIUM]",,,,,,,,"[PREMIUM]"
"65321616","2026-09-03 17:34:40.130","2026-09-09 08:54:16.460","65321616","2026-09-09 08:00:22.000","[PREMIUM]","361","MA - FREETOWN","2026-09-09","WEDNESDAY","1000","EDT","40","V",2015,"BMW","X5","X5",,"SILVER","SIDE","FRONT END","MA","RS","YES","D",65757,"A","[PREMIUM]",15864.84,,,"AUTOMATIC",,,"Run & Drive Verified","On Approval","[PREMIUM]",,"ASSONET","MA","02702","USA","USD","[PREMIUM]","[PREMIUM]","G030",false,"[PREMIUM]","XDRIVE35D",false,false,"[PREMIUM]",,,,,,,,"[PREMIUM]"
"65301196","2026-09-03 17:34:40.127","2026-09-15 23:15:16.156","65301196","2026-09-15 20:26:01.000","[PREMIUM]","361","MA - FREETOWN","2026-09-16","WEDNESDAY","1000","EDT","120","V",2013,"CHEVROLET","MALIBU","MALIBU","SEDAN 4DR","BLUE","SIDE",,"MA","ST","YES","D",93255,"A","[PREMIUM]",6136.6,"2.0L 4","FRONT WHEEL DRIVE","AUTOMATIC","GAS",4,"Run & Drive Verified","Pure Sale","[PREMIUM]",,"ASSONET","MA","02702","USA","USD","[PREMIUM]","[PREMIUM]","A040",false,"[PREMIUM]","3LT",false,false,"[PREMIUM]",,,,,,,,"[PREMIUM]"
"65150926","2026-09-03 17:34:40.120","2026-09-09 08:54:16.358","65150926","2026-09-09 08:00:22.000","[PREMIUM]","361","MA - FREETOWN","2026-09-09","WEDNESDAY","1000","EDT","97","V",2009,"HYUNDAI","TUCSON","TUCSON","SUV","BLACK","FRONT END","SIDE","MA","RS","YES","D",75065,"A","[PREMIUM]",5037,"2.7L 6","ALL WHEEL DRIVE","AUTOMATIC","GAS",6,"Run & Drive Verified","Pure Sale","[PREMIUM]",,"ASSONET","MA","02702","USA","USD","[PREMIUM]","[PREMIUM]","G050",false,"[PREMIUM]","SE",false,false,"[PREMIUM]",,,,,,,,"[PREMIUM]"
"65134186","2026-09-03 17:34:40.091","2026-09-09 08:54:16.352","65134186","2026-09-09 08:00:23.000","[PREMIUM]","361","MA - FREETOWN","2026-09-09","WEDNESDAY","1000","EDT","2601","V",2005,"TOYOTA","TUNDRA","TUNDRA","CREW PICKUP","WHITE","FRONT END","REAR END","ID","SC","YES","E",334452,"A","[PREMIUM]",4186,"4.7L 8","4X4 W/REAR WHEEL DRV","AUTOMATIC","GAS",8,"DEFAULT","Pure Sale","[PREMIUM]",,"ASSONET","MA","02702","USA","USD","[PREMIUM]","[PREMIUM]","I140",false,"[PREMIUM]","DOUBLE CAB LIMITED",false,false,"[PREMIUM]",,,,,,,,"[PREMIUM]"
"64931356","2026-09-03 17:34:40.075","2026-09-15 23:15:15.850","64931356","2026-09-15 20:26:01.000","[PREMIUM]","361","MA - FREETOWN","2026-09-16","WEDNESDAY","1000","EDT","114","V",2021,"MAZDA","CX-9","CX-9","SPORT UTILITY VEHICLE","RED","SIDE",,"MA","ST","YES","D",42705,"A","[PREMIUM]",0,"2.5L 4","FRONT WHEEL DRIVE","AUTOMATIC","GAS",4,"Run & Drive Verified","Pure Sale","[PREMIUM]",,"ASSONET","MA","02702","USA","USD","[PREMIUM]","[PREMIUM]","F050",false,"[PREMIUM]","TOURING",false,false,"[PREMIUM]",,,,,,,,"[PREMIUM]"
"64312776","2026-09-03 17:34:40.006","2026-09-09 08:54:15.504","64312776","2026-09-09 08:00:23.000","[PREMIUM]","361","MA - FREETOWN","2026-09-09","WEDNESDAY","1000","EDT","2583","V",1998,"HONDA","CRV","CR-V","4DR SPORT UTILITY","SILVER","FRONT END","SIDE","MA","SP","YES","E",0,"E","[PREMIUM]",4275.13,"2.0L 4","ALL WHEEL DRIVE","AUTOMATIC","GAS",4,"DEFAULT","Pure Sale","[PREMIUM]",,"ASSONET","MA","02702","USA","USD","[PREMIUM]","[PREMIUM]","G080",false,"[PREMIUM]","LX",false,false,"[PREMIUM]",,,,,,,,"[PREMIUM]"
"64418116","2026-09-03 17:34:39.988","2026-09-09 08:54:15.641","64418116","2026-09-09 08:00:23.000","[PREMIUM]","361","MA - FREETOWN","2026-09-09","WEDNESDAY","1000","EDT","2528","V",2024,"JEEP","CHEROKEE","GRAND CHEROKEE","SPORT UTILITY VEHICLE","RED","REAR END","SIDE","MA","ST","YES","E",0,"N","[PREMIUM]",19651.7,"2.0L 4","4X4 W/REAR WHEEL DRV","AUTOMATIC","ELECTRIC AND GAS HYBRID",4,"DEFAULT","Pure Sale","[PREMIUM]",,"ASSONET","MA","02702","USA","USD","[PREMIUM]","[PREMIUM]","H080",false,"[PREMIUM]","LIMITED 4XE",false,false,"[PREMIUM]",,,,,,,,"[PREMIUM]"
"64081706","2026-09-03 17:34:39.941","2026-09-15 23:15:15.131","64081706","2026-09-15 20:26:01.000","[PREMIUM]","361","MA - FREETOWN","2026-09-16","WEDNESDAY","1000","EDT","125","V",2025,"SUBARU","FORESTER","FORESTER","SPORT UTILITY VEHICLE","SILVER","FRONT END","SIDE","MA","ST","YES","D",14557,"A","[PREMIUM]",20157.07,"2.5L 4","ALL WHEEL DRIVE","AUTOMATIC","GAS",4,"Run & Drive Verified","Pure Sale","[PREMIUM]",,"ASSONET","MA","02702","USA","USD","[PREMIUM]","[PREMIUM]","F030",false,"[PREMIUM]","TOURING",false,false,"[PREMIUM]",,,,,,,,"[PREMIUM]"
"64113536","2026-09-03 17:34:39.936","2026-09-15 23:15:15.261","64113536","2026-09-15 20:14:05.000","[PREMIUM]","855","WHOLESALE AUCTION","2026-09-22","TUESDAY","1200","EDT","0","V",2016,"CHEVROLET","MALIBU","MALIBU","SEDAN 4DR","BLUE","MINOR DENT/SCRATCHES",,"VA","CT","YES","D",162054,"A","[PREMIUM]",0,"1.5L 4","FRONT WHEEL DRIVE","AUTOMATIC","GAS",4,"Run & Drive Verified","On Minimum Bid","[PREMIUM]",,"ASSONET","MA","02702","USA","USD","[PREMIUM]","[PREMIUM]","B010",false,"[PREMIUM]","LT",false,true,"[PREMIUM]",,,,,"GREEN LIGHT",2.9,"Maintenance,Safety,Comfort,Emission","[PREMIUM]"
"63514626","2026-09-03 17:34:39.816","2026-09-09 08:54:14.966","63514626","2026-09-09 08:00:23.000","[PREMIUM]","361","MA - FREETOWN","2026-09-09","WEDNESDAY","1000","EDT","2522","V",2018,"MITSUBISHI","ECLIPSE","ECLIPSE CROSS","SPORT UTILITY VEHICLE","BLACK","FRONT END","SIDE","MA","ST","YES","E",0,"N","[PREMIUM]",17072.21,"1.5L 4","ALL WHEEL DRIVE","AUTOMATIC","GAS",4,"DEFAULT","Pure Sale","[PREMIUM]",,"ASSONET","MA","02702","USA","USD","[PREMIUM]","[PREMIUM]","L070",false,"[PREMIUM]","SE",false,false,"[PREMIUM]",,,,,,,,"[PREMIUM]"
"63170436","2026-09-03 17:34:39.767","2026-09-15 23:15:14.687","63170436","2026-09-09 20:14:06.000","[PREMIUM]","361","MA - FREETOWN","2026-09-16","WEDNESDAY","1000","EDT","25","V",2016,"GMC","SIERRA","SIERRA","CREW PICKUP","WHITE","FRONT END",,"MA","RS","YES","D",231114,"A","[PREMIUM]",15324,"5.3L 8","4X4 W/REAR WHEEL DRV","AUTOMATIC","GAS",8,"Run & Drive Verified","On Minimum Bid","[PREMIUM]",,"ASSONET","MA","02702","USA","USD","[PREMIUM]","[PREMIUM]","I090",false,"[PREMIUM]","K1500 DENALI",false,false,"[PREMIUM]",,,,,,,,"[PREMIUM]"
"62657996","2026-09-03 17:34:39.736","2026-09-09 08:54:14.243","62657996","2026-09-09 08:00:23.000","[PREMIUM]","361","MA - FREETOWN","2026-09-09","WEDNESDAY","1000","EDT","148","V",2012,"MERCEDES-BENZ","GLK-CLASS","GLK","4DR SPORT UTILITY","BLACK","FRONT END",,"MA","RS","YES","D",193345,"A","[PREMIUM]",7711.55,"3.5L 6","ALL WHEEL DRIVE","AUTOMATIC","GAS",6,"Run & Drive Verified","On Minimum Bid","[PREMIUM]",,"ASSONET","MA","02702","USA","USD","[PREMIUM]","[PREMIUM]","J080",false,"[PREMIUM]","350 4MATIC",false,false,"[PREMIUM]",,,,,,,,"[PREMIUM]"
"62676346","2026-09-03 17:34:39.725","2026-09-15 23:15:14.389","62676346","2026-09-15 20:26:01.000","[PREMIUM]","361","MA - FREETOWN","2026-09-16","WEDNESDAY","1000","EDT","2518","V",2019,"HONDA","ACCORD","ACCORD","SEDAN","SILVER","WATER/FLOOD",,"MA","ST","YES","E",92585,"A","[PREMIUM]",0,"1.5L 4","FRONT WHEEL DRIVE","AUTOMATIC","GAS",4,"DEFAULT","Pure Sale","[PREMIUM]",,"ASSONET","MA","02702","USA","USD","[PREMIUM]","[PREMIUM]","D060",false,"[PREMIUM]","EX",false,false,"[PREMIUM]",,,,,,,,"[PREMIUM]"
"62516806","2026-09-03 17:34:39.696","2026-09-15 23:15:14.248","62516806","2026-09-15 20:26:01.000","[PREMIUM]","361","MA - FREETOWN","2026-09-16","WEDNESDAY","1000","EDT","2049","V",2023,"TOYOTA","RAV4","RAV4 PRIME","SPORT UTILITY VEHICLE","BLUE","SIDE","FRONT END","MA","ST","YES","D",19939,"A","[PREMIUM]",0,"2.5L 4","ALL WHEEL DRIVE","AUTOMATIC","ELECTRIC AND GAS HYBRID",4,"Run & Drive Verified","Pure Sale","[PREMIUM]",,"ASSONET","MA","02702","USA","USD","[PREMIUM]","[PREMIUM]","G060",false,"[PREMIUM]","SE",false,false,"[PREMIUM]",,,,,,,,"[PREMIUM]"
"62571896","2026-09-03 17:34:39.693","2026-09-15 23:15:14.252","62571896","2026-09-15 20:26:01.000","[PREMIUM]","361","MA - FREETOWN","2026-09-16","WEDNESDAY","1000","EDT","2585","V",2019,"HONDA","CIVIC","CIVIC","SEDAN","GRAY","FRONT END",,"MA","ST","YES",,167468,"A","[PREMIUM]",16914.86,"2.0L 4","FRONT WHEEL DRIVE","AUTOMATIC","GAS",4,,"Pure Sale","[PREMIUM]",,"ASSONET","MA","02702","USA","USD","[PREMIUM]","[PREMIUM]","D060",false,"[PREMIUM]","LX",false,false,"[PREMIUM]",,,,,,,,"[PREMIUM]"
"62472686","2026-09-03 17:34:39.686","2026-09-15 23:15:14.237","62472686","2026-09-15 20:26:01.000","[PREMIUM]","361","MA - FREETOWN","2026-09-16","WEDNESDAY","1000","EDT","2023","V",2025,"TOYOTA","CAMRY","CAMRY","SEDAN","BLACK","FRONT END",,"MA","ST","YES","D",54890,"A","[PREMIUM]",23035.32,"2.5L 4","FRONT WHEEL DRIVE","AUTOMATIC","ELECTRIC AND GAS HYBRID",4,"Run & Drive Verified","Pure Sale","[PREMIUM]",,"ASSONET","MA","02702","USA","USD","[PREMIUM]","[PREMIUM]","A040",false,"[PREMIUM]","SE",false,false,"[PREMIUM]",,,,,,,,"[PREMIUM]"
"62182276","2026-09-03 17:34:39.623","2026-09-15 23:15:14.118","62182276","2026-09-15 20:26:01.000","[PREMIUM]","361","MA - FREETOWN","2026-09-16","WEDNESDAY","1000","EDT","2089","V",2020,"JEEP","CHEROKEE","CHEROKEE","SPORT UTILITY VEHICLE","RED","FRONT END",,"MA","ST","YES","D",54796,"A","[PREMIUM]",6109.27,"2.4L 4","4X4 W/FRONT WHL DRV","AUTOMATIC","GAS",4,"Run & Drive Verified","Pure Sale","[PREMIUM]",,"ASSONET","MA","02702","USA","USD","[PREMIUM]","[PREMIUM]","G030",false,"[PREMIUM]","LATITUDE",false,false,"[PREMIUM]",,,,,,,,"[PREMIUM]"
"61736786","2026-09-03 17:34:39.596","2026-09-09 08:54:13.688","61736786","2026-09-02 13:48:45.000","[PREMIUM]","835","MEDIUM DUTY SPECIALTY SALE","2026-09-09","WEDNESDAY","1100","CDT","0","K",2019,"FORD","TRANSIT","TRANSIT","VAN CARGO","WHITE","SIDE",,"MA","ST","YES","D",49266,"A","[PREMIUM]",17000.02,"3.7L 6","REAR WHEEL DRIVE","AUTOMATIC","GAS",6,"Run & Drive Verified","On Minimum Bid","[PREMIUM]",,"ASSONET","MA","02702","USA","USD","[PREMIUM]","[PREMIUM]","R130",false,"[PREMIUM]","T-150",false,false,"[PREMIUM]",,,,,,,,"[PREMIUM]"
"61844976","2026-09-03 17:34:39.592","2026-09-15 23:15:13.960","61844976","2026-09-15 20:26:00.000","[PREMIUM]","361","MA - FREETOWN","2026-09-16","WEDNESDAY","1000","EDT","80","V",2018,"HONDA","HR-V","HR-V","SPORT UTILITY VEHICLE","GRAY","SIDE","FRONT END","MA","ST","YES","D",85609,"A","[PREMIUM]",5734.12,"1.8L 4","ALL WHEEL DRIVE","AUTOMATIC","GAS",4,"Run & Drive Verified","Pure Sale","[PREMIUM]",,"ASSONET","MA","02702","USA","USD","[PREMIUM]","[PREMIUM]","F040",false,"[PREMIUM]","EXL",false,false,"[PREMIUM]",,,,,,,,"[PREMIUM]"
"61813346","2026-09-03 17:34:39.589","2026-09-09 08:54:13.834","61813346","2026-09-09 08:00:23.000","[PREMIUM]","361","MA - FREETOWN","2026-09-09","WEDNESDAY","1000","EDT","2577","V",2011,"LEXUS","RX350","RX","4DR SPORT UTILITY","CHARCOAL","FRONT END",,"MA","RS","YES","S",71442,"A","[PREMIUM]",0,"3.5L 6","ALL WHEEL DRIVE","AUTOMATIC","GAS",6,"Vehicle Starts","Pure Sale","[PREMIUM]",,"ASSONET","MA","02702","USA","USD","[PREMIUM]","[PREMIUM]","F070",false,"[PREMIUM]","350",false,false,"[PREMIUM]",,,,,,,,"[PREMIUM]"
"61003576","2026-09-03 17:34:39.482","2026-09-15 14:36:55.166","61003576","2026-09-14 20:15:44.000","[PREMIUM]","855","WHOLESALE AUCTION","2026-09-15","TUESDAY","1200","EDT","3100","K",2020,"RAM","PROMASTER","PROMASTER 3500","VAN CARGO","BLUE","MINOR DENT/SCRATCHES",,"MA","CT","YES","D",66721,"A","[PREMIUM]",14058,"3.6L 6","FRONT WHEEL DRIVE","AUTOMATIC","FLEXIBLE",6,"Run & Drive Verified","On Minimum Bid","[PREMIUM]",,"ASSONET","MA","02702","USA","USD","[PREMIUM]","[PREMIUM]","U080",true,"[PREMIUM]","3500 HIGH",false,true,"[PREMIUM]",,,,,"RED LIGHT",2.3,,"[PREMIUM]"
"60629546","2026-09-03 17:34:39.472","2026-09-15 23:15:13.517","60629546","2026-09-15 20:26:00.000","[PREMIUM]","361","MA - FREETOWN","2026-09-16","WEDNESDAY","1000","EDT","46","V",2024,"CHEVROLET","TRAVERSE","TRAVERSE LIMITED","SPORT UTILITY VEHICLE","GRAY","FRONT END",,"MA","ST","YES","D",25297,"A","[PREMIUM]",22396.66,"3.6L 6","ALL WHEEL DRIVE","AUTOMATIC","GAS",6,"Run & Drive Verified","On Minimum Bid","[PREMIUM]",,"ASSONET","MA","02702","USA","USD","[PREMIUM]","[PREMIUM]","G030",false,"[PREMIUM]","LS",false,false,"[PREMIUM]",,,,,,,,"[PREMIUM]"
"59320706","2026-09-03 17:34:39.393","2026-09-15 23:15:13.098","59320706","2026-09-15 20:26:01.000","[PREMIUM]","361","MA - FREETOWN","2026-09-16","WEDNESDAY","1000","EDT","2526","V",2013,"DODGE","DART","DART","SEDAN 4DR","SILVER","MECHANICAL",,"VA","CT","YES","E",0,"N","[PREMIUM]",0,"1.4L 4","FRONT WHEEL DRIVE","AUTOMATIC","GAS",4,"DEFAULT","On Minimum Bid","[PREMIUM]",,"ASSONET","MA","02702","USA","USD","[PREMIUM]","[PREMIUM]","B060",true,"[PREMIUM]","SXT",false,false,"[PREMIUM]",,,,,,,,"[PREMIUM]"
"59219806","2026-09-03 17:34:39.386","2026-09-15 23:15:13.098","59219806","2026-09-09 20:14:06.000","[PREMIUM]","361","MA - FREETOWN","2026-09-16","WEDNESDAY","1000","EDT","1106","V",2014,"SUBARU","XV","XV CROSSTREK","4DR SPORT UTILITY","CREAM","FRONT END",,"ID","SC","YES","E",0,"N","[PREMIUM]",10239,"2.0L 4","ALL WHEEL DRIVE","AUTOMATIC","GAS",4,"DEFAULT","Pure Sale","[PREMIUM]",,"ASSONET","MA","02702","USA","USD","[PREMIUM]","[PREMIUM]","E040",false,"[PREMIUM]","2.0 LIMITED",false,false,"[PREMIUM]",,,,,,,,"[PREMIUM]"
"57747306","2026-09-03 17:34:39.283","2026-09-09 08:54:12.394","57747306","2026-09-09 08:00:23.000","[PREMIUM]","361","MA - FREETOWN","2026-09-09","WEDNESDAY","1000","EDT","2521","V",2008,"GMC","SIERRA","SIERRA","4DR EXT CAB PICKUP","BURN","BURN",,"MA","RS","EXM",,0,"E","[PREMIUM]",13903,"5.3L 8","4X4 W/REAR WHEEL DRV","AUTOMATIC","GAS",8,,"Pure Sale","[PREMIUM]",,"ASSONET","MA","02702","USA","USD","[PREMIUM]","[PREMIUM]","A110",false,"[PREMIUM]","K1500",false,false,"[PREMIUM]",,,,,,,,"[PREMIUM]"
"57208806","2026-09-03 17:34:39.244","2026-09-15 23:15:12.534","57208806","2026-09-15 20:26:00.000","[PREMIUM]","361","MA - FREETOWN","2026-09-16","WEDNESDAY","1000","EDT","100","V",2018,"HYUNDAI","TUCSON","TUCSON","SUV","GRAY","FRONT END",,"MA","ST","YES","D",74403,"A","[PREMIUM]",18136,"1.6L 4","ALL WHEEL DRIVE","AUTOMATIC","GAS",4,"Run & Drive Verified","On Minimum Bid","[PREMIUM]",,"ASSONET","MA","02702","USA","USD","[PREMIUM]","[PREMIUM]","H110",false,"[PREMIUM]","LIMITED",false,false,"[PREMIUM]",,,,,,,,"[PREMIUM]"
"53791006","2026-09-03 17:34:39.178","2026-09-15 23:15:12.113","53791006","2026-09-09 20:14:06.000","[PREMIUM]","361","MA - FREETOWN","2026-09-16","WEDNESDAY","1000","EDT","9","V",2022,"TOYOTA","HIGHLANDER","HIGHLANDER","SPORT UTILITY VEHICLE","GRAY","REAR END",,"WV","SC","YES","D",51940,"N","[PREMIUM]",17450,"2.5L 4","ALL WHEEL DRIVE","AUTOMATIC","ELECTRIC AND GAS HYBRID",4,"Run & Drive Verified","On Minimum Bid","[PREMIUM]",,"ASSONET","MA","02702","USA","USD","[PREMIUM]","[PREMIUM]","H110",false,"[PREMIUM]","HYBRID LE",false,false,"[PREMIUM]",,,,,,,,"[PREMIUM]"
"47433676","2026-09-03 17:34:39.087","2026-09-09 08:54:11.419","47433676","2026-09-09 08:00:23.000","[PREMIUM]","361","MA - FREETOWN","2026-09-09","WEDNESDAY","1000","EDT","2563","V",2013,"HYUNDAI","SANTA FE","SANTA FE SPORT","SUV","SILVER","FRONT END","SIDE","MA","RS","YES","E",0,"N","[PREMIUM]",18153.73,"2.0L 4","ALL WHEEL DRIVE","AUTOMATIC","GAS",4,"DEFAULT","Pure Sale","[PREMIUM]",,"ASSONET","MA","02702","USA","USD","[PREMIUM]","[PREMIUM]","A070",false,"[PREMIUM]","2.0T",false,false,"[PREMIUM]",,,,,,,,"[PREMIUM]"
"77087165","2026-09-03 17:34:38.984","2026-09-16 18:49:26.268","77087165","2026-09-14 14:03:50.000","[PREMIUM]","360","IN - FORT WAYNE","2026-09-21","MONDAY","1000","EDT","0","V",2008,"FORD","EXPLORER","EXPLORER",,"BLACK","FRONT END",,"OH","ST","YES","S",150811,"A","[PREMIUM]",11589,"4.0L  6","4x4 w/Rear Wheel Drv","AUTOMATIC","GAS",6,"Vehicle Starts","Pure Sale","[PREMIUM]",,"FORT WAYNE","IN","46803 1546","USA","USD","[PREMIUM]","[PREMIUM]","I120",false,"[PREMIUM]","EDDIE BAUER",false,false,"[PREMIUM]",,,,,,,,"[PREMIUM]"
"76403595","2026-09-03 17:34:38.984","2026-09-03 17:34:38.984","76403595","2026-09-02 17:52:56.000","[PREMIUM]","360","IN - FORT WAYNE","2026-09-04","FRIDAY","1000","EDT","0","V",2021,"CHEVROLET","ALL Models","SILVERADO",,"WHITE","FRONT END","SIDE","IN","ST","YES","E",0,"N","[PREMIUM]",33796.89,"5.3L  8","4x4 w/Rear Wheel Drv","AUTOMATIC","GAS",8,"DEFAULT","Pure Sale","[PREMIUM]",,"FORT WAYNE","IN","46803 1546","USA","USD","[PREMIUM]","[PREMIUM]","I140",false,"[PREMIUM]","K1500 LTZ",false,false,"[PREMIUM]",,,,,,,,"[PREMIUM]"
"67449806","2026-09-03 17:34:38.931","2026-09-13 20:34:38.754","67449806","2026-09-10 03:09:40.000","[PREMIUM]","360","IN - FORT WAYNE","2026-09-14","MONDAY","1000","EDT","0","V",2007,"TOYOTA","SEQUOIA","SEQUOIA","4DR SPORT UTILITY","GRAY","MINOR DENT/SCRATCHES",,"IN","CT","YES","D",331531,"A","[PREMIUM]",0,"4.7L 8","4X4 W/REAR WHEEL DRV","AUTOMATIC","GAS",8,"Run & Drive Verified","On Minimum Bid","[PREMIUM]",,"FORT WAYNE","IN","46803 1546","USA","USD","[PREMIUM]","[PREMIUM]","H080",true,"[PREMIUM]","LIMITED",false,false,"[PREMIUM]",,,,,,,,"[PREMIUM]"
"67749126","2026-09-03 17:34:38.918","2026-09-13 20:34:39.111","67749126","2026-09-03 16:27:33.000","[PREMIUM]","360","IN - FORT WAYNE","2026-09-14","MONDAY","1000","EDT","0","V",2011,"KIA","SORENTO","SORENTO","SUV","SILVER","MECHANICAL",,"IN","CT","YES","D",128704,"A","[PREMIUM]",0,"2.4L 4","FRONT WHEEL DRIVE","AUTOMATIC","GAS",4,"Run & Drive Verified","On Minimum Bid","[PREMIUM]",,"FORT WAYNE","IN","46803 1546","USA","USD","[PREMIUM]","[PREMIUM]","I140",true,"[PREMIUM]","LX",false,false,"[PREMIUM]",,,,,,,,"[PREMIUM]"
"67964146","2026-09-03 17:34:38.914","2026-09-13 20:34:39.386","67964146","2026-09-03 16:29:41.000","[PREMIUM]","360","IN - FORT WAYNE","2026-09-14","MONDAY","1000","EDT","0","V",2009,"JEEP","WRANGLER","WRANGLER UNLIMITED","4DR SPORT UTILITY","ORANGE","FRONT END","HAIL","MI","CT","YES","D",209135,"E","[PREMIUM]",0,"3.8L 6","4X4 W/REAR WHEEL DRV","MANUAL","GAS",6,"Run & Drive Verified","On Approval","[PREMIUM]",,"FORT WAYNE","IN","46803 1546","USA","USD","[PREMIUM]","[PREMIUM]","I160",false,"[PREMIUM]","RUBICON",false,false,"[PREMIUM]",,,,,,,,"[PREMIUM]"
"66736536","2026-09-03 17:34:38.871","2026-09-15 23:15:10.173","66736536","2026-09-08 13:21:55.000","[PREMIUM]","835","MEDIUM DUTY SPECIALTY SALE",,,,"CDT","0","K",2015,"FORD","TRANSIT","TRANSIT","CARGO VAN","WHITE","FRONT END",,"IN","ST","YES","D",207909,"A","[PREMIUM]",0,"3.7L 6","REAR WHEEL DRIVE","AUTOMATIC","GAS",6,"Run & Drive Verified","Pure Sale","[PREMIUM]",,"FORT WAYNE","IN","46803 1546","USA","USD","[PREMIUM]","[PREMIUM]","H190",false,"[PREMIUM]","T-250",false,false,"[PREMIUM]",,,,,,,,"[PREMIUM]"
"66164956","2026-09-03 17:34:38.680","2026-09-13 20:34:37.369","66164956","2026-09-11 15:07:24.000","[PREMIUM]","360","IN - FORT WAYNE","2026-09-14","MONDAY","1000","EDT","0","V",2022,"DODGE","DURANGO","DURANGO","SPORT UTILITY VEHICLE","WHITE","FRONT END","UNDERCARRIAGE","IN","ST","YES","E",0,"N","[PREMIUM]",27801.55,"5.7L 8","ALL WHEEL DRIVE","AUTOMATIC","GAS",8,"DEFAULT","Pure Sale","[PREMIUM]",,"FORT WAYNE","IN","46803 1546","USA","USD","[PREMIUM]","[PREMIUM]","H080",false,"[PREMIUM]","PURSUIT",false,false,"[PREMIUM]",,,,,,,,"[PREMIUM]"
"65652286","2026-09-03 17:34:38.590","2026-09-16 12:49:50.992","65652286","2026-09-02 20:05:18.000","[PREMIUM]","360","IN - FORT WAYNE",,,,"EDT","0","V",2016,"NISSAN","QUEST 3.5","QUEST","MINI-VAN","SILVER","FRONT END",,"IN","ST","YES","D",106193,"A","[PREMIUM]",7129.74,"3.5L 6","FRONT WHEEL DRIVE","AUTOMATIC","GAS",6,"Run & Drive Verified","Pure Sale","[PREMIUM]",,"FORT WAYNE","IN","46803 1546","USA","USD","[PREMIUM]","[PREMIUM]","D060",false,"[PREMIUM]","3.5 SL",false,false,"[PREMIUM]",,,,,,,,"[PREMIUM]"
"65284966","2026-09-03 17:34:38.508","2026-09-15 23:15:08.489","65284966","2026-09-02 20:13:50.000","[PREMIUM]","360","IN - FORT WAYNE",,,,"EDT","0","V",2015,"MERCEDES-BENZ","CLA-CLASS","CLA","SEDAN 4DR","RED","FRONT END","MINOR DENT/SCRATCHES","IN","ST","YES","D",132108,"A","[PREMIUM]",11206.05,"2.0L 4","ALL WHEEL DRIVE","AUTOMATIC","GAS",4,"Run & Drive Verified","Pure Sale","[PREMIUM]",,"FORT WAYNE","IN","46803 1546","USA","USD","[PREMIUM]","[PREMIUM]","E150",false,"[PREMIUM]","45 AMG",false,false,"[PREMIUM]",,,,,,,,"[PREMIUM]"
"65149226","2026-09-03 17:34:38.467","2026-09-13 20:34:36.115","65149226","2026-09-11 15:47:09.000","[PREMIUM]","360","IN - FORT WAYNE","2026-09-14","MONDAY","1000","EDT","0","V",2020,"HYUNDAI","SANTA FE","SANTA FE","SUV","RED","REAR END","FRONT END","OH","ST","YES","D",57534,"A","[PREMIUM]",15471.74,"2.4L 4","FRONT WHEEL DRIVE","AUTOMATIC","GAS",4,"Run & Drive Verified","On Minimum Bid","[PREMIUM]",,"FORT WAYNE","IN","46803 1546","USA","USD","[PREMIUM]","[PREMIUM]","J180",false,"[PREMIUM]","SEL",false,false,"[PREMIUM]",,,,,,,,"[PREMIUM]"
"64899776","2026-09-03 17:34:38.408","2026-09-15 23:15:08.193","64899776","2026-09-02 20:05:18.000","[PREMIUM]","360","IN - FORT WAYNE",,,,"EDT","0","V",2015,"CHEVROLET","ALL Models","SILVERADO","CREW PICKUP","BLACK","FRONT END","SIDE","IN","ST","YES","S",192148,"A","[PREMIUM]",25407.62,"6.6L 8","4X4 W/REAR WHEEL DRV","AUTOMATIC","DIESEL",8,"Vehicle Starts","Pure Sale","[PREMIUM]",,"FORT WAYNE","IN","46803 1546","USA","USD","[PREMIUM]","[PREMIUM]","H200",false,"[PREMIUM]","K2500 HIGH COUNTRY",false,false,"[PREMIUM]",,,,,,,,"[PREMIUM]"
"64197825","2026-09-03 17:34:38.246","2026-09-16 18:49:21.242","64197825","2026-09-14 14:03:50.000","[PREMIUM]","360","IN - FORT WAYNE","2026-09-21","MONDAY","1000","EDT","0","V",2019,"KIA","FORTE","FORTE",,"BLUE","FRONT END",,"OH","ST","YES","D",57039,"A","[PREMIUM]",12634.41,"2.0L  4","Front-wheel Drive","AUTOMATIC","GAS",4,"Run & Drive Verified","Pure Sale","[PREMIUM]",,"FORT WAYNE","IN","46803 1546","USA","USD","[PREMIUM]","[PREMIUM]","A050",false,"[PREMIUM]","FE",false,false,"[PREMIUM]",,,,,,,,"[PREMIUM]"
"63563446","2026-09-03 17:34:38.085","2026-09-13 20:34:34.479","63563446","2026-09-11 15:45:20.000","[PREMIUM]","360","IN - FORT WAYNE","2026-09-14","MONDAY","1000","EDT","0","V",2023,"FORD","EXPEDITION","EXPEDITION","SPORT UTILITY VEHICLE","BLACK","FRONT END",,"OH","ST","YES","D",83063,"A","[PREMIUM]",0,"3.5L 6","4X4 W/REAR WHEEL DRV","AUTOMATIC","GAS",6,"Run & Drive Verified","Pure Sale","[PREMIUM]",,"FORT WAYNE","IN","46803 1546","USA","USD","[PREMIUM]","[PREMIUM]","H200",false,"[PREMIUM]","MAX LIMITED",false,false,"[PREMIUM]",,,,,,,,"[PREMIUM]"
"63431576","2026-09-03 17:34:37.985","2026-09-15 23:15:06.533","63431576","2026-09-02 20:08:58.000","[PREMIUM]","360","IN - FORT WAYNE",,,,"EDT","0","V",2017,"CHRYSLER","300","300","SEDAN","BLACK","SIDE","REAR END","IN","ST","YES","D",124688,"A","[PREMIUM]",0,"3.6L 6","ALL WHEEL DRIVE","AUTOMATIC","FLEXIBLE",6,"Run & Drive Verified","Pure Sale","[PREMIUM]",,"FORT WAYNE","IN","46803 1546","USA","USD","[PREMIUM]","[PREMIUM]","A060",false,"[PREMIUM]","S",false,false,"[PREMIUM]",,,,,,,,"[PREMIUM]"
"63168036","2026-09-03 17:34:37.715","2026-09-13 20:34:34.167","63168036","2026-09-03 13:13:26.000","[PREMIUM]","360","IN - FORT WAYNE","2026-09-14","MONDAY","1000","EDT","0","V",2018,"HYUNDAI","ELANTRA","ELANTRA","SEDAN","BLUE","FRONT END",,"IN","ST","YES","D",80019,"A","[PREMIUM]",10171.75,"1.6L 4","FRONT WHEEL DRIVE","AUTOMATIC","GAS",4,"Run & Drive Verified","Pure Sale","[PREMIUM]",,"FORT WAYNE","IN","46803 1546","USA","USD","[PREMIUM]","[PREMIUM]","A050",false,"[PREMIUM]","SPORT",false,false,"[PREMIUM]",,,,,,,,"[PREMIUM]"
"62470576","2026-09-03 17:34:37.548","2026-09-15 23:15:05.554","62470576","2026-09-02 19:00:05.000","[PREMIUM]","360","IN - FORT WAYNE",,,,"EDT","0","V",2024,"MITSUBISHI","OUTLANDER","OUTLANDER","SPORT UTILITY VEHICLE","BLUE","REAR END",,"IN","ST","YES","D",40196,"A","[PREMIUM]",18141.47,"2.4L 4","ALL WHEEL DRIVE","AUTOMATIC","ELECTRIC AND GAS HYBRID",4,"Run & Drive Verified","Pure Sale","[PREMIUM]",,"FORT WAYNE","IN","46803 1546","USA","USD","[PREMIUM]","[PREMIUM]","E080",false,"[PREMIUM]","SE/RALLIART",false,false,"[PREMIUM]",,,,,,,,"[PREMIUM]"
"62103466","2026-09-03 17:34:37.448","2026-09-13 20:34:32.903","62103466","2026-09-11 15:46:16.000","[PREMIUM]","360","IN - FORT WAYNE","2026-09-14","MONDAY","1000","EDT","0","V",2023,"NISSAN","MAXIMA","MAXIMA","SEDAN","BLACK","REAR END","FRONT END","OH","ST","YES","D",42373,"A","[PREMIUM]",43293,"3.5L 6","FRONT WHEEL DRIVE","AUTOMATIC","GAS",6,"Run & Drive Verified","On Minimum Bid","[PREMIUM]",,"FORT WAYNE","IN","46803 1546","USA","USD","[PREMIUM]","[PREMIUM]","E090",false,"[PREMIUM]","SR",false,false,"[PREMIUM]",,,,,,,,"[PREMIUM]"
"61453296","2026-09-03 17:34:37.204","2026-09-15 23:15:04.746","61453296","2026-09-14 15:06:37.000","[PREMIUM]","360","IN - FORT WAYNE","2026-09-21","MONDAY","1000","EDT","0","V",2017,"FORD","ESCAPE","ESCAPE","4DR SPORT UTILITY","GOLD","MINOR DENT/SCRATCHES",,"OH","CT","YES","D",124837,"A","[PREMIUM]",0,"1.5L 4","FRONT WHEEL DRIVE","AUTOMATIC","GAS",4,"Run & Drive Verified","On Minimum Bid","[PREMIUM]",,"FORT WAYNE","IN","46803 1546","USA","USD","[PREMIUM]","[PREMIUM]","C020",true,"[PREMIUM]","SE",false,false,"[PREMIUM]",,,,,,,,"[PREMIUM]"
"58907256","2026-09-03 17:34:36.666","2026-09-13 20:34:29.982","58907256","2026-09-11 15:44:03.000","[PREMIUM]","360","IN - FORT WAYNE","2026-09-14","MONDAY","1000","EDT","0","V",2017,"FORD","FUSION","FUSION","SEDAN 4DR","RED","FRONT END","REAR END","OH","ST","YES","D",114181,"A","[PREMIUM]",6916.79,"2.5L 4","FRONT WHEEL DRIVE","AUTOMATIC","GAS",4,"Run & Drive Verified","Pure Sale","[PREMIUM]",,"FORT WAYNE","IN","46803 1546","USA","USD","[PREMIUM]","[PREMIUM]","I120",false,"[PREMIUM]","SE",false,false,"[PREMIUM]",,,,,,,,"[PREMIUM]"
"57461596","2026-09-03 17:34:36.308","2026-09-15 23:15:02.129","57461596","2026-09-10 15:16:09.000","[PREMIUM]","360","IN - FORT WAYNE","2026-09-21","MONDAY","1000","EDT","0","V",2007,"CHEVROLET","SILVERADO","SILVERADO","4DR EXT CAB PICKUP","BEIGE","ALL OVER","TOP/ROOF","ID","SC","YES","D",144792,"A","[PREMIUM]",7075,"6.0L 8","REAR WHEEL DRIVE","AUTOMATIC","GAS",8,"Run & Drive Verified","Pure Sale","[PREMIUM]",,"FORT WAYNE","IN","46803 1546","USA","USD","[PREMIUM]","[PREMIUM]","H160",false,"[PREMIUM]","C2500 HEAVY DUTY",false,false,"[PREMIUM]",,,,,,,,"[PREMIUM]"
"54010696","2026-09-03 17:34:35.951","2026-09-13 20:34:27.971","54010696","2026-09-03 13:44:25.000","[PREMIUM]","360","IN - FORT WAYNE","2026-09-14","MONDAY","1000","EDT","0","V",2020,"CHRYSLER","PACIFICA","PACIFICA","VAN PASSENGER","BLACK","FRONT END","SIDE","IN","BP","YES","S",111438,"N","[PREMIUM]",21284,"3.6L 6","FRONT WHEEL DRIVE","AUTOMATIC","FLEXIBLE",6,"Vehicle Starts","Pure Sale","[PREMIUM]",,"FORT WAYNE","IN","46803 1546","USA","USD","[PREMIUM]","[PREMIUM]","J100",false,"[PREMIUM]","LIMITED",false,false,"[PREMIUM]",,,,,,,,"[PREMIUM]"
"51487356","2026-09-03 17:34:35.808","2026-09-13 20:34:27.513","51487356","2026-09-03 16:15:15.000","[PREMIUM]","360","IN - FORT WAYNE","2026-09-14","MONDAY","1000","EDT","0","V",2021,"KIA","SOUL","SOUL",,"GRAY","ROLLOVER",,"IN","ST","YES","E",0,"N","[PREMIUM]",0,,,"AUTOMATIC",,,"DEFAULT","Pure Sale","[PREMIUM]",,"FORT WAYNE","IN","46803 1546","USA","USD","[PREMIUM]","[PREMIUM]","I200",false,"[PREMIUM]","LX",false,false,"[PREMIUM]",,,,,,,,"[PREMIUM]"
"66909726","2026-09-03 17:34:35.600","2026-09-16 12:49:42.434","66909726","2026-09-03 14:40:30.000","[PREMIUM]","359","GA - AUGUSTA",,,,"EDT","0","V",2022,"CHEVROLET","ALL Models","SILVERADO LTD","PICKUP","BLACK","FRONT END","SIDE","SC","ST","YES","D",66797,"A","[PREMIUM]",25981.79,"5.3L 8","4X4 W/REAR WHEEL DRV","AUTOMATIC","GAS",8,"Run & Drive Verified","Pure Sale","[PREMIUM]",,"AUGUSTA","GA","30906","USA","USD","[PREMIUM]","[PREMIUM]","H050",false,"[PREMIUM]","K1500 LTZ",false,false,"[PREMIUM]",,,,,,,,"[PREMIUM]"
"67786086","2026-09-03 17:34:35.597","2026-09-15 14:36:42.509","67786086","2026-09-14 13:19:43.000","[PREMIUM]","359","GA - AUGUSTA","2026-09-15","TUESDAY","1000","EDT","123","V",2024,"JEEP","WRANGLER","WRANGLER","SPORT UTILITY VEHICLE","CHARCOAL","FRONT END","UNDERCARRIAGE","CT","CT","YES","D",45092,"A","[PREMIUM]",0,"2.0L 4","4X4 W/REAR WHEEL DRV","AUTOMATIC","ELECTRIC AND GAS HYBRID",4,"Run & Drive Verified","On Approval","[PREMIUM]","UNDER DMG IS LOWER CNTRL ARM","AUGUSTA","GA","30906","USA","USD","[PREMIUM]","[PREMIUM]","D010",false,"[PREMIUM]","SAHARA 4XE",false,false,"[PREMIUM]",,,,,,,,"[PREMIUM]"
"68880394","2026-09-03 17:34:35.592","2026-09-08 08:23:37.123","68880394","2026-09-03 14:47:30.000","[PREMIUM]","359","GA - AUGUSTA","2026-09-08","TUESDAY","1000","EDT","0","V",2021,"TOYOTA","TUNDRA","TUNDRA",,"GREEN","ALL OVER",,"SC","ST","EXM","E",0,"N","[PREMIUM]",0,"5.7L  8","Rear-wheel drive","AUTOMATIC","GAS",8,"DEFAULT","Pure Sale","[PREMIUM]",,"AUGUSTA","GA","30906","USA","USD","[PREMIUM]","[PREMIUM]","H050",false,"[PREMIUM]","CREWMAX SR5",false,false,"[PREMIUM]",,,,,,,,"[PREMIUM]"
"72222264","2026-09-03 17:34:35.591","2026-09-08 08:23:37.124","72222264","2026-09-03 14:47:56.000","[PREMIUM]","359","GA - AUGUSTA","2026-09-08","TUESDAY","1000","EDT","0","V",2021,"LINCOLN","CORSAIR","CORSAIR",,"BURGUNDY","SIDE","FRONT END","GA","ST","YES","D",18768,"A","[PREMIUM]",0,"2.0L  4","Front-wheel Drive","AUTOMATIC","GAS",4,"Run & Drive Verified","Pure Sale","[PREMIUM]",,"AUGUSTA","GA","30906","USA","USD","[PREMIUM]","[PREMIUM]","A050",false,"[PREMIUM]","RESERVE",false,false,"[PREMIUM]",,,,,,,,"[PREMIUM]"
"67111796","2026-09-03 17:34:35.583","2026-09-15 23:15:00.240","67111796","2026-09-14 19:54:06.000","[PREMIUM]","359","GA - AUGUSTA","2026-09-22","TUESDAY","1000","EDT","0","V",2011,"JEEP","CHEROKEE","GRAND CHEROKEE","4DR SPORT UTILITY","RED","FRONT END","SIDE","GA","ST","YES","S",215314,"A","[PREMIUM]",20577.66,"3.6L 6","REAR WHEEL DRIVE","AUTOMATIC","FLEXIBLE",6,"Vehicle Starts","Pure Sale","[PREMIUM]",,"AUGUSTA","GA","30906","USA","USD","[PREMIUM]","[PREMIUM]","A030",false,"[PREMIUM]","LAREDO",false,false,"[PREMIUM]",,,,,,,,"[PREMIUM]"
"66885076","2026-09-03 17:34:35.564","2026-09-04 18:35:30.876","66885076","2026-09-02 19:51:00.000","[PREMIUM]","359","GA - AUGUSTA",,,,"EDT","0","V",2016,"INFINITI","Q70","Q70L","SEDAN 4DR","BLACK","FRONT END","SIDE","GA","ST","YES","D",32846,"A","[PREMIUM]",0,"3.7L 6","REAR WHEEL DRIVE","AUTOMATIC","GAS",6,"Run & Drive Verified","Pure Sale","[PREMIUM]",,"AUGUSTA","GA","30906","USA","USD","[PREMIUM]","[PREMIUM]","D040",false,"[PREMIUM]","3.7",false,false,"[PREMIUM]",,,,,,,,"[PREMIUM]"
"66797116","2026-09-03 17:34:35.559","2026-09-15 23:14:59.996","66797116","2026-09-03 14:40:30.000","[PREMIUM]","359","GA - AUGUSTA",,,,"EDT","0","V",2000,"TOYOTA","TUNDRA","TUNDRA","4DR EXT CAB PICKUP","GREEN","REAR END","SIDE","SC","ST","YES","D",209264,"A","[PREMIUM]",0,"4.7L 8","REAR WHEEL DRIVE","AUTOMATIC","GAS",8,"Run & Drive Verified","On Approval","[PREMIUM]",,"AUGUSTA","GA","30906","USA","USD","[PREMIUM]","[PREMIUM]","F080",false,"[PREMIUM]","ACCESS CAB LIMITED",false,false,"[PREMIUM]",,,,,,,,"[PREMIUM]"
"66727896","2026-09-03 17:34:35.553","2026-09-15 23:14:59.991","66727896","2026-09-03 16:53:20.000","[PREMIUM]","359","GA - AUGUSTA",,,,"EDT","0","V",2011,"DODGE","All Models","RAM 2500","CREW PICKUP","WHITE","SIDE","MECHANICAL","GA","ST","YES","E",343039,"A","[PREMIUM]",14546.31,"6.7L 6","4X4 W/REAR WHEEL DRV","AUTOMATIC","DIESEL",6,"DEFAULT","Pure Sale","[PREMIUM]",,"AUGUSTA","GA","30906","USA","USD","[PREMIUM]","[PREMIUM]","F070",false,"[PREMIUM]",,false,false,"[PREMIUM]",,,,,,,,"[PREMIUM]"
"66128566","2026-09-03 17:34:35.523","2026-09-15 23:14:59.840","66128566","2026-09-15 17:05:26.000","[PREMIUM]","359","GA - AUGUSTA","2026-09-22","TUESDAY","1000","EDT","0","V",2010,"CHEVROLET","TAHOE","TAHOE","4DR SPORT UTILITY","WHITE","MINOR DENT/SCRATCHES","MECHANICAL","MT","CT","YES","D",265158,"A","[PREMIUM]",0,"5.3L 8","REAR WHEEL DRIVE","AUTOMATIC","FLEXIBLE",8,"Run & Drive Verified","On Minimum Bid","[PREMIUM]",,"AUGUSTA","GA","30906","USA","USD","[PREMIUM]","[PREMIUM]","SC004",true,"[PREMIUM]","C1500 LS",false,false,"[PREMIUM]",,,,,,,,"[PREMIUM]"
"65846566","2026-09-03 17:34:35.490","2026-09-15 23:14:59.676","65846566","2026-09-03 14:40:30.000","[PREMIUM]","359","GA - AUGUSTA",,,,"EDT","0","V",2010,"NISSAN","TITAN","TITAN","PICKUP","BLACK","SIDE","FRONT END","SC","ST","YES","D",201175,"A","[PREMIUM]",0,"5.6L 8","4X2","AUTOMATIC","FLEXIBLE",8,"Run & Drive Verified","Pure Sale","[PREMIUM]",,"AUGUSTA","GA","30906","USA","USD","[PREMIUM]","[PREMIUM]","F090",false,"[PREMIUM]","XE",false,false,"[PREMIUM]",,,,,,,,"[PREMIUM]"
"65823936","2026-09-03 17:34:35.484","2026-09-15 23:14:59.549","65823936","2026-09-03 14:40:30.000","[PREMIUM]","359","GA - AUGUSTA",,,,"EDT","0","V",2007,"TOYOTA","CAMRY","CAMRY","SEDAN","WHITE","SIDE",,"SC","ST","YES","D",177058,"A","[PREMIUM]",4001.5,"2.4L 4","FRONT WHEEL DRIVE","AUTOMATIC","GAS",4,"Run & Drive Verified","Pure Sale","[PREMIUM]",,"AUGUSTA","GA","30906","USA","USD","[PREMIUM]","[PREMIUM]","E030",false,"[PREMIUM]","CE",false,false,"[PREMIUM]",,,,,,,,"[PREMIUM]"
"65554116","2026-09-03 17:34:35.445","2026-09-15 23:14:59.535","65554116","2026-09-14 19:27:52.000","[PREMIUM]","359","GA - AUGUSTA","2026-09-22","TUESDAY","1000","EDT","0","V",2007,"HONDA","RIDGELINE","RIDGELINE","CREW PICKUP","WHITE","FRONT END",,"GA","ST","YES","D",110366,"A","[PREMIUM]",7617.42,"3.5L 6","4X4 W/FRONT WHL DRV","AUTOMATIC","GAS",6,"Run & Drive Verified","Pure Sale","[PREMIUM]",,"AUGUSTA","GA","30906","USA","USD","[PREMIUM]","[PREMIUM]","F080",false,"[PREMIUM]","RT",false,false,"[PREMIUM]",,,,,,,,"[PREMIUM]"
"64807536","2026-09-03 17:34:35.344","2026-09-15 23:14:59.110","64807536","2026-09-15 17:54:11.000","[PREMIUM]","359","GA - AUGUSTA","2026-09-22","TUESDAY","1000","EDT","0","V",2013,"FORD","F150","F150","4DR EXT CAB PICKUP","WHITE","REAR END",,"MT","CT","YES","D",273883,"A","[PREMIUM]",0,"3.7L 6","REAR WHEEL DRIVE","AUTOMATIC","FLEXIBLE",6,"Run & Drive Verified","On Minimum Bid","[PREMIUM]",,"AUGUSTA","GA","30906","USA","USD","[PREMIUM]","[PREMIUM]","SC006",true,"[PREMIUM]","SUPER CAB",false,false,"[PREMIUM]",,,,,,,,"[PREMIUM]"
"64833186","2026-09-03 17:34:35.336","2026-09-15 23:14:59.115","64833186","2026-09-14 19:33:26.000","[PREMIUM]","359","GA - AUGUSTA","2026-09-22","TUESDAY","1000","EDT","0","V",2015,"AUDI","A8","A8","SEDAN 4DR","TWO TONE","SIDE",,"GA","ST","NO","E",0,"N","[PREMIUM]",31913.63,"4.0L 8","ALL WHEEL DRIVE","AUTOMATIC","GAS",8,"DEFAULT","Pure Sale","[PREMIUM]",,"AUGUSTA","GA","30906","USA","USD","[PREMIUM]","[PREMIUM]","D070",false,"[PREMIUM]","QUATTRO",false,false,"[PREMIUM]",,,,,,,,"[PREMIUM]"
"63431206","2026-09-03 17:34:35.250","2026-09-10 14:59:58.981","63431206","2026-09-08 20:17:38.000","[PREMIUM]","880","*NCS - EASTERN REGION","2026-09-10","THURSDAY","2100","EDT","0","V",2012,"BMW","7 SERIES","750","SEDAN 4DR","BLUE","NORMAL WEAR",,"SC","FS","YES","D",89109,"A","[PREMIUM]",0,"4.4L 8","ALL WHEEL DRIVE","AUTOMATIC","GAS",8,"Run & Drive Verified","On Minimum Bid","[PREMIUM]",,"AUGUSTA","GA","30906","USA","USD","[PREMIUM]","[PREMIUM]","SB004",true,"[PREMIUM]","LXI",false,false,"[PREMIUM]",,,,,,,,"[PREMIUM]"
"62853326","2026-09-03 17:34:35.177","2026-09-15 23:14:58.564","62853326","2026-09-02 20:19:33.000","[PREMIUM]","359","GA - AUGUSTA",,,,"EDT","0","V",2022,"AUDI","Q5","Q5","SPORT UTILITY VEHICLE","WHITE","SIDE",,"SC","ST","YES","D",31108,"A","[PREMIUM]",15512,"2.0L 4","ALL WHEEL DRIVE","AUTOMATIC","GAS",4,"Run & Drive Verified","Pure Sale","[PREMIUM]",,"AUGUSTA","GA","30906","USA","USD","[PREMIUM]","[PREMIUM]","RCVG",false,"[PREMIUM]","PREMIUM PLUS 45",false,false,"[PREMIUM]",,,,,,,,"[PREMIUM]"
"61728686","2026-09-03 17:34:35.087","2026-09-15 23:14:58.211","61728686","2026-09-03 14:40:30.000","[PREMIUM]","359","GA - AUGUSTA",,,,"EDT","0","V",2016,"LINCOLN","MKX","MKX","4DR SPORT UTILITY","BLACK","FRONT END",,"SC","ST","YES","D",113784,"A","[PREMIUM]",4950.29,"3.7L 6","ALL WHEEL DRIVE","AUTOMATIC","GAS",6,"Run & Drive Verified","Pure Sale","[PREMIUM]",,"AUGUSTA","GA","30906","USA","USD","[PREMIUM]","[PREMIUM]","F030",false,"[PREMIUM]","RESERVE",false,false,"[PREMIUM]",,,,,,,,"[PREMIUM]"
"60965336","2026-09-03 17:34:35.000","2026-09-15 23:14:58.201","60965336","2026-09-15 18:22:40.000","[PREMIUM]","359","GA - AUGUSTA","2026-09-22","TUESDAY","1000","EDT","0","V",2018,"BUICK","ENCORE","ENCORE","SPORT UTILITY VEHICLE","BURGUNDY","BIOHAZARD/CHEMICAL","FRONT END","GA","ST","YES","D",61026,"A","[PREMIUM]",0,"1.4L 4","FRONT WHEEL DRIVE","AUTOMATIC","GAS",4,"Run & Drive Verified","Pure Sale","[PREMIUM]",,"AUGUSTA","GA","30906","USA","USD","[PREMIUM]","[PREMIUM]","E030",false,"[PREMIUM]","SPORT TOURING",false,false,"[PREMIUM]",,,,,,,,"[PREMIUM]"
"59678896","2026-09-03 17:34:34.959","2026-09-15 23:14:57.936","59678896","2026-09-03 14:40:30.000","[PREMIUM]","359","GA - AUGUSTA",,,,"EDT","0","V",2023,"TOYOTA","COROLLA","COROLLA","SEDAN","SILVER","SIDE","FRONT END","SC","ST","YES","D",63366,"A","[PREMIUM]",14243.31,"2.0L 4","FRONT WHEEL DRIVE","AUTOMATIC","GAS",4,"Run & Drive Verified","Pure Sale","[PREMIUM]",,"AUGUSTA","GA","30906","USA","USD","[PREMIUM]","[PREMIUM]","D030",false,"[PREMIUM]","LE",false,false,"[PREMIUM]",,,,,,,,"[PREMIUM]"
"60460866","2026-09-03 17:34:34.958","2026-09-14 21:34:40.776","60460866","2026-09-02 13:24:15.000","[PREMIUM]","359","GA - AUGUSTA",,,,"EDT","0","V",2016,"FORD","F-150","F150","CREW PICKUP","WHITE","REAR END",,"GA","ST","YES","D",157146,"A","[PREMIUM]",10053.07,"2.7L 6","REAR WHEEL DRIVE","AUTOMATIC","GAS",6,"Run & Drive Verified","Pure Sale","[PREMIUM]",,"AUGUSTA","GA","30906","USA","USD","[PREMIUM]","[PREMIUM]","B080",false,"[PREMIUM]","SUPERCREW",false,false,"[PREMIUM]",,,,,,,,"[PREMIUM]"
"56959876","2026-09-03 17:34:34.880","2026-09-14 14:35:49.421","56959876","2026-09-14 10:00:39.000","[PREMIUM]","832","MEDIUM DUTY CLEAN TITLE SALE","2026-09-14","MONDAY","1100","CDT","211","K",2016,"CHEVROLET","EXPRESS","EXPRESS G2500","CARGO VAN","TWO TONE","FRONT END","SIDE","GA","CT","YES","E",0,"N","[PREMIUM]",20384,"4.8L 8","REAR WHEEL DRIVE","AUTOMATIC","FLEXIBLE",8,"DEFAULT","On Minimum Bid","[PREMIUM]",,"AUGUSTA","GA","30906","USA","USD","[PREMIUM]","[PREMIUM]","D010",false,"[PREMIUM]",,false,false,"[PREMIUM]",,,,,,,,"[PREMIUM]"
"50410436","2026-09-03 17:34:34.727","2026-09-15 23:14:57.493","50410436","2026-09-14 13:19:21.000","[PREMIUM]","359","GA - AUGUSTA","2026-09-22","TUESDAY","1000","EDT","0","V",2009,"CHRYSLER","300","300","SEDAN 4DR","WHITE","FRONT END",,"WV","SC","YES","D",282885,"E","[PREMIUM]",4162.92,"3.5L 6","REAR WHEEL DRIVE","AUTOMATIC","GAS",6,"Run & Drive Verified","Pure Sale","[PREMIUM]",,"AUGUSTA","GA","30906","USA","USD","[PREMIUM]","[PREMIUM]","E020",false,"[PREMIUM]","LIMITED",false,false,"[PREMIUM]",,,,,,,,"[PREMIUM]"
"67040686","2026-09-03 17:34:34.545","2026-09-09 08:53:56.968","67040686","2026-09-03 16:19:49.000","[PREMIUM]","838","RENTAL VEHICLE SALE","2026-09-09","WEDNESDAY","1200","EDT","0","V",2026,"NISSAN","ROGUE","ROGUE","WAGON","BLACK","REAR END","MINOR DENT/SCRATCHES","TX","CT","YES","D",26621,"A","[PREMIUM]",17469.47,"1.5L 3","ALL WHEEL DRIVE","AUTOMATIC","GAS",3,"Run & Drive Verified","On Minimum Bid","[PREMIUM]",,"HOUSTON","TX","77049 1968","USA","USD","[PREMIUM]","[PREMIUM]","A120",false,"[PREMIUM]","SV",true,false,"[PREMIUM]",,,,,,,,"[PREMIUM]"
"67033146","2026-09-03 17:34:34.544","2026-09-14 02:32:54.849","67033146","2026-09-10 21:10:37.000","[PREMIUM]","838","RENTAL VEHICLE SALE","2026-09-14","MONDAY","1200","EDT","0","V",2026,"GMC","ACADIA ELE","ACADIA","SPORT UTILITY VEHICLE","WHITE","FRONT END","MINOR DENT/SCRATCHES","TX","CT","YES","D",19482,"A","[PREMIUM]",34970.23,"2.5L 4","FRONT WHEEL DRIVE","AUTOMATIC","GAS",4,"Run & Drive Verified","On Minimum Bid","[PREMIUM]",,"HOUSTON","TX","77049 1968","USA","USD","[PREMIUM]","[PREMIUM]","A120",false,"[PREMIUM]","ELEVATION",true,false,"[PREMIUM]",,,,,,,,"[PREMIUM]"
"67173846","2026-09-03 17:34:34.539","2026-09-03 17:34:34.539","67173846","2026-09-02 15:10:49.000","[PREMIUM]","357","TX - HOUSTON EAST","2026-09-08","TUESDAY","1200","CDT","0","V",2018,"LEXUS","IS","IS","SEDAN","BLACK","ALL OVER",,"TX","CT","YES","E",0,"N","[PREMIUM]",0,"2.0L 4","REAR WHEEL DRIVE","AUTOMATIC","GAS",4,"DEFAULT","On Minimum Bid","[PREMIUM]",,"HOUSTON","TX","77049 1968","USA","USD","[PREMIUM]","[PREMIUM]","A110",true,"[PREMIUM]","300",false,false,"[PREMIUM]",,,,,,,,"[PREMIUM]"
"67481436","2026-09-03 17:34:34.533","2026-09-08 08:23:32.847","67481436","2026-09-02 22:24:24.000","[PREMIUM]","357","TX - HOUSTON EAST","2026-09-08","TUESDAY","1200","CDT","0","V",2005,"TOYOTA","CAMRY","CAMRY",,"GRAY","SIDE",,"TX","SV","YES","D",196888,"A","[PREMIUM]",3022.65,,,"AUTOMATIC",,,"Run & Drive Verified","Pure Sale","[PREMIUM]",,"HOUSTON","TX","77049 1968","USA","USD","[PREMIUM]","[PREMIUM]","D060",false,"[PREMIUM]","XLE V6",false,false,"[PREMIUM]",,,,,,,,"[PREMIUM]"
"66914206","2026-09-03 17:34:34.527","2026-09-15 00:58:43.898","66914206","2026-09-14 22:47:47.000","[PREMIUM]","357","TX - HOUSTON EAST","2026-09-21","MONDAY","1200","CDT","0","V",2015,"CHEVROLET","SONIC","SONIC","SEDAN 4DR","BLACK","MINOR DENT/SCRATCHES",,"TX","CT","YES","D",151728,"A","[PREMIUM]",0,"1.8L 4","FRONT WHEEL DRIVE","AUTOMATIC","GAS",4,"Run & Drive Verified","On Minimum Bid","[PREMIUM]",,"HOUSTON","TX","77049 1968","USA","USD","[PREMIUM]","[PREMIUM]","B100",true,"[PREMIUM]","LT",false,false,"[PREMIUM]",,,,,,,,"[PREMIUM]"
"67047246","2026-09-03 17:34:34.526","2026-09-08 08:23:32.748","67047246","2026-09-07 20:01:22.000","[PREMIUM]","855","WHOLESALE AUCTION","2026-09-08","TUESDAY","1200","EDT","8460","V",2024,"HONDA","CIVIC","CIVIC","SEDAN","BLACK","FRONT END",,"TX","CT","EXM",,0,"N","[PREMIUM]",17602,"2.0L 4","FRONT WHEEL DRIVE","AUTOMATIC","GAS",4,,"On Approval","[PREMIUM]",,"HOUSTON","TX","77049 1968","USA","USD","[PREMIUM]","[PREMIUM]","A150",false,"[PREMIUM]","SPORT",false,true,"[PREMIUM]",,,,,"RED LIGHT",1,,"[PREMIUM]"
"67026736","2026-09-03 17:34:34.521","2026-09-09 08:53:56.814","67026736","2026-09-03 16:08:02.000","[PREMIUM]","838","RENTAL VEHICLE SALE","2026-09-09","WEDNESDAY","1200","EDT","0","V",2023,"NISSAN","ALTIMA","ALTIMA","SEDAN","SILVER","FRONT END","SIDE","TX","CT","YES","E",169287,"A","[PREMIUM]",5331.38,"2.5L 4","FRONT WHEEL DRIVE","AUTOMATIC","GAS",4,"DEFAULT","On Minimum Bid","[PREMIUM]",,"HOUSTON","TX","77049 1968","USA","USD","[PREMIUM]","[PREMIUM]","A150",false,"[PREMIUM]","S",true,false,"[PREMIUM]",,,,,,,,"[PREMIUM]"
"66424696","2026-09-03 17:34:34.437","2026-09-08 08:23:32.274","66424696","2026-09-07 20:01:22.000","[PREMIUM]","855","WHOLESALE AUCTION","2026-09-08","TUESDAY","1200","EDT","8320","V",2015,"KIA","SOUL","SOUL","WAGON","SILVER","FRONT END",,"TX","CT","NO",,0,"N","[PREMIUM]",0,"1.6L 4","FRONT WHEEL DRIVE","AUTOMATIC","GAS",4,,"Pure Sale","[PREMIUM]","DLR DSM OR EXP LIC. TO BID","HOUSTON","TX","77049 1968","USA","USD","[PREMIUM]","[PREMIUM]","A150",false,"[PREMIUM]","BASE",false,true,"[PREMIUM]",,,,,"RED LIGHT",2,,"[PREMIUM]"
"66051996","2026-09-03 17:34:34.405","2026-09-14 21:34:37.810","66051996","2026-09-14 19:25:16.000","[PREMIUM]","357","TX - HOUSTON EAST","2026-09-21","MONDAY","1200","CDT","0","V",2021,"GMC","SIERRA","SIERRA","PICKUP","WHITE","FRONT END","MINOR DENT/SCRATCHES","TX","SV","YES","E",0,"N","[PREMIUM]",29795.82,"6.6L 8","4X4 W/REAR WHEEL DRV","AUTOMATIC","DIESEL",8,"DEFAULT","On Minimum Bid","[PREMIUM]",,"HOUSTON","TX","77049 1968","USA","USD","[PREMIUM]","[PREMIUM]","R020",false,"[PREMIUM]","K2500 SLT",false,false,"[PREMIUM]",,,,,,,,"[PREMIUM]"
"65615216","2026-09-03 17:34:34.299","2026-09-08 08:23:31.440","65615216","2026-09-07 20:15:29.000","[PREMIUM]","855","WHOLESALE AUCTION","2026-09-08","TUESDAY","1200","EDT","3019","K",2013,"FORD","F350","F- 350","CREW CHASSIS","WHITE","MINOR DENT/SCRATCHES",,"TX","CT","YES","D",339089,"A","[PREMIUM]",0,"6.7L 8","4X4 W/REAR WHEEL DRV","AUTOMATIC","DIESEL",8,"Run & Drive Verified","On Approval","[PREMIUM]",,"HOUSTON","TX","77049 1968","USA","USD","[PREMIUM]","[PREMIUM]","R010",false,"[PREMIUM]",,false,true,"[PREMIUM]",,,,,"RED LIGHT",3.2,"Maintenance,Safety,Comfort,Other,Emission","[PREMIUM]"
"65223886","2026-09-03 17:34:34.113","2026-09-10 14:59:53.316","65223886","2026-09-09 20:00:53.000","[PREMIUM]","855","WHOLESALE AUCTION","2026-09-10","THURSDAY","1200","EDT","6062","V",2018,"FORD","F150","F150","PICKUP","WHITE","MECHANICAL","SIDE","TX","CT","YES","E",122772,"A","[PREMIUM]",0,"3.5L 6","REAR WHEEL DRIVE","AUTOMATIC","GAS",6,"DEFAULT","On Approval","[PREMIUM]",,"HOUSTON","TX","77049 1968","USA","USD","[PREMIUM]","[PREMIUM]","A100",false,"[PREMIUM]","SUPERCREW",false,true,"[PREMIUM]",,,,,"RED LIGHT",2.1,,"[PREMIUM]"
"65049756","2026-09-03 17:34:34.076","2026-09-15 23:14:53.961","65049756","2026-09-14 18:21:21.000","[PREMIUM]","881","*NCS - CENTRAL REGION","2026-09-16","WEDNESDAY","2000","CDT","0","V",2016,"LEXUS","GX","GX","SPORT UTILITY VEHICLE (SUV)","RED","MINOR DENT/SCRATCHES",,"TX","CT","YES","D",154069,"A","[PREMIUM]",0,"4.6L 8","FOUR BY FOUR","AUTOMATIC","GAS",8,"Run & Drive Verified","On Minimum Bid","[PREMIUM]",,"HOUSTON","TX","77049 1968","USA","USD","[PREMIUM]","[PREMIUM]","L160",true,"[PREMIUM]","460",false,false,"[PREMIUM]",,,,,,,,"[PREMIUM]"
"64506716","2026-09-03 17:34:33.945","2026-09-08 08:23:30.007","64506716","2026-09-08 03:16:15.000","[PREMIUM]","357","TX - HOUSTON EAST","2026-09-08","TUESDAY","1200","CDT","0","V",2019,"CHEVROLET","SILVERADO","SILVERADO","PICKUP","BLUE","FRONT END","SIDE","TX","CT","YES","E",217568,"A","[PREMIUM]",24026,"5.3L 8","4X4 W/REAR WHEEL DRV","AUTOMATIC","GAS",8,"DEFAULT","Pure Sale","[PREMIUM]",,"HOUSTON","TX","77049 1968","USA","USD","[PREMIUM]","[PREMIUM]","A090",false,"[PREMIUM]","K1500 TRAIL BOSS CUSTOM",false,false,"[PREMIUM]",,,,,,,,"[PREMIUM]"
"64598266","2026-09-03 17:34:33.892","2026-09-15 23:14:53.539","64598266","2026-09-02 22:35:02.000","[PREMIUM]","357","TX - HOUSTON EAST",,,,"CDT","0","V",2017,"FORD","F-150","F150","CREW PICKUP","BLUE","FRONT END","MINOR DENT/SCRATCHES","TX","SV","YES","D",196130,"A","[PREMIUM]",6602,"3.5L 6","REAR WHEEL DRIVE","AUTOMATIC","GAS",6,"Run & Drive Verified","Pure Sale","[PREMIUM]",,"HOUSTON","TX","77049 1968","USA","USD","[PREMIUM]","[PREMIUM]","G150",false,"[PREMIUM]","SUPERCREW",false,false,"[PREMIUM]",,,,,,,,"[PREMIUM]"
"64039046","2026-09-03 17:34:33.665","2026-09-08 08:23:29.395","64039046","2026-09-07 20:15:28.000","[PREMIUM]","855","WHOLESALE AUCTION","2026-09-08","TUESDAY","1200","EDT","3113","K",2008,"FORD","F350","F350","PICKUP","WHITE","MINOR DENT/SCRATCHES",,"TX","CT","YES","D",88923,"E","[PREMIUM]",0,"5.4L 8","REAR WHEEL DRIVE","AUTOMATIC","GAS",8,"Run & Drive Verified","Pure Sale","[PREMIUM]",,"HOUSTON","TX","77049 1968","USA","USD","[PREMIUM]","[PREMIUM]","N110",false,"[PREMIUM]","SRW SUPER DUTY",false,true,"[PREMIUM]",,,,,"RED LIGHT",2.9,"Safety","[PREMIUM]"
"63887906","2026-09-03 17:34:33.626","2026-09-15 23:14:52.555","63887906","2026-09-10 14:10:55.000","[PREMIUM]","357","TX - HOUSTON EAST",,,,"CDT","0","V",2012,"TOYOTA","CAMRY","CAMRY","SEDAN","WHITE","REAR END",,"TX","SV","YES","D",200879,"A","[PREMIUM]",5946.92,"3.5L 6","FRONT WHEEL DRIVE","AUTOMATIC","GAS",6,"Run & Drive Verified","Pure Sale","[PREMIUM]",,"HOUSTON","TX","77049 1968","USA","USD","[PREMIUM]","[PREMIUM]","E110",false,"[PREMIUM]","SE V6",false,false,"[PREMIUM]",,,,,,,,"[PREMIUM]"
"63682026","2026-09-03 17:34:33.532","2026-09-13 20:34:16.151","63682026","2026-09-11 12:31:38.000","[PREMIUM]","357","TX - HOUSTON EAST","2026-09-14","MONDAY","1200","CDT","2568","V",2025,"HONDA","CRV","CR-V","SPORT UTILITY VEHICLE","WHITE","FRONT END",,"TX","SV","YES","S",42512,"A","[PREMIUM]",26860.5,"2.0L 4","ALL WHEEL DRIVE","AUTOMATIC","ELECTRIC AND GAS HYBRID",4,"Vehicle Starts","On Minimum Bid","[PREMIUM]",,"HOUSTON","TX","77049 1968","USA","USD","[PREMIUM]","[PREMIUM]","C080",false,"[PREMIUM]","SPORT TOURING",false,false,"[PREMIUM]",,,,,,,,"[PREMIUM]"
"63591316","2026-09-03 17:34:33.495","2026-09-08 08:23:28.795","63591316","2026-09-07 20:01:20.000","[PREMIUM]","855","WHOLESALE AUCTION","2026-09-08","TUESDAY","1200","EDT","170","V",2019,"BUICK","LACROSSE","LACROSSE","SEDAN","BLACK","MINOR DENT/SCRATCHES",,"TX","CT","YES","D",71047,"A","[PREMIUM]",2242,"3.6L 6","FRONT WHEEL DRIVE","AUTOMATIC","GAS",6,"Run & Drive Verified","On Approval","[PREMIUM]",,"HOUSTON","TX","77049 1968","USA","USD","[PREMIUM]","[PREMIUM]","A030",false,"[PREMIUM]","ESSENCE",false,true,"[PREMIUM]",,,,,"GREEN LIGHT",4.3,,"[PREMIUM]"
"63423806","2026-09-03 17:34:33.389","2026-09-11 05:28:01.512","63423806","2026-09-11 02:45:32.000","[PREMIUM]","855","WHOLESALE AUCTION","2026-09-15","TUESDAY","1200","EDT","0","V",2022,"FORD","F250","F250","PICKUP","WHITE","MECHANICAL","MINOR DENT/SCRATCHES","TX","CT","YES","D",165812,"A","[PREMIUM]",2727,"6.2L 8","4X4 W/REAR WHEEL DRV","AUTOMATIC","GAS",8,"Run & Drive Verified","On Minimum Bid","[PREMIUM]",,"HOUSTON","TX","77049 1968","USA","USD","[PREMIUM]","[PREMIUM]","F040",true,"[PREMIUM]","SUPER DUTY",false,true,"[PREMIUM]",,,,,"RED LIGHT",3.4,"Other,Emission","[PREMIUM]"
"63207296","2026-09-03 17:34:33.352","2026-09-15 23:14:51.687","63207296","2026-09-02 22:21:18.000","[PREMIUM]","357","TX - HOUSTON EAST",,,,"CDT","0","V",2024,"TOYOTA","CAMRY","CAMRY","SEDAN","BLACK","SIDE","FRONT END","TX","SV","YES","E",17698,"A","[PREMIUM]",24853,"3.5L 6","FRONT WHEEL DRIVE","AUTOMATIC","GAS",6,"DEFAULT","On Minimum Bid","[PREMIUM]",,"HOUSTON","TX","77049 1968","USA","USD","[PREMIUM]","[PREMIUM]","B050",false,"[PREMIUM]","XSE V6",false,false,"[PREMIUM]",,,,,,,,"[PREMIUM]"
"62828776","2026-09-03 17:34:33.244","2026-09-13 20:34:14.689","62828776","2026-09-11 12:31:38.000","[PREMIUM]","357","TX - HOUSTON EAST","2026-09-14","MONDAY","1200","CDT","2584","V",2023,"CHEVROLET","MALIBU","MALIBU","SEDAN","BLACK","FRONT END","SIDE","ID","SC","YES","E",0,"N","[PREMIUM]",18832,"1.5L 4","FRONT WHEEL DRIVE","AUTOMATIC","GAS",4,"DEFAULT","Pure Sale","[PREMIUM]",,"HOUSTON","TX","77049 1968","USA","USD","[PREMIUM]","[PREMIUM]","P120",false,"[PREMIUM]","LT",false,false,"[PREMIUM]",,,,,,,,"[PREMIUM]"
"62616066","2026-09-03 17:34:33.126","2026-09-08 08:23:27.852","62616066","2026-09-03 13:41:13.000","[PREMIUM]","357","TX - HOUSTON EAST","2026-09-08","TUESDAY","1200","CDT","0","V",2016,"FORD","F250","F250","CREW PICKUP","BLACK","REAR END","SIDE","TX","SV","YES","D",201924,"A","[PREMIUM]",100,"6.7L 8","4X4 W/REAR WHEEL DRV","AUTOMATIC","DIESEL",8,"Run & Drive Verified","On Approval","[PREMIUM]",,"HOUSTON","TX","77049 1968","USA","USD","[PREMIUM]","[PREMIUM]","R010",false,"[PREMIUM]","SUPER DUTY",false,false,"[PREMIUM]",,,,,,,,"[PREMIUM]"
"61341066","2026-09-03 17:34:32.450","2026-09-15 23:14:49.426","61341066","2026-09-02 22:21:18.000","[PREMIUM]","357","TX - HOUSTON EAST",,,,"CDT","0","V",2021,"CHEVROLET","ALL Models","SILVERADO","PICKUP","GRAY","FRONT END","SIDE","TX","SV","YES","D",118116,"A","[PREMIUM]",19338.43,"2.7L 4","REAR WHEEL DRIVE","AUTOMATIC","GAS",4,"Run & Drive Verified","On Minimum Bid","[PREMIUM]",,"HOUSTON","TX","77049 1968","USA","USD","[PREMIUM]","[PREMIUM]","G050",false,"[PREMIUM]","C1500 LT",false,false,"[PREMIUM]",,,,,,,,"[PREMIUM]"
"60985906","2026-09-03 17:34:32.264","2026-09-10 14:59:46.994","60985906","2026-09-09 20:25:24.000","[PREMIUM]","357","TX - HOUSTON EAST","2026-09-10","THURSDAY","1200","CDT","61","V",2015,"HONDA","CRV","CR-V","4DR SPORT UTILITY","BLUE","FRONT END",,"TX","SV","YES","D",157664,"A","[PREMIUM]",6729.03,"2.4L 4","FRONT WHEEL DRIVE","AUTOMATIC","GAS",4,"Run & Drive Verified","Pure Sale","[PREMIUM]",,"HOUSTON","TX","77049 1968","USA","USD","[PREMIUM]","[PREMIUM]","M140",false,"[PREMIUM]","EX",false,false,"[PREMIUM]",,,,,,,,"[PREMIUM]"
"60847176","2026-09-03 17:34:32.208","2026-09-09 20:54:37.849","60847176","2026-09-09 19:09:01.000","[PREMIUM]","357","TX - HOUSTON EAST","2026-09-10","THURSDAY","1200","CDT","2057","V",2015,"CHEVROLET","SILVERADO","SILVERADO","CREW PICKUP","BLUE","FRONT END",,"TX","SV","YES","D",282384,"A","[PREMIUM]",14663.07,"6.0L 8","4X4 W/REAR WHEEL DRV","AUTOMATIC","FLEXIBLE",8,"Run & Drive Verified","Pure Sale","[PREMIUM]",,"HOUSTON","TX","77049 1968","USA","USD","[PREMIUM]","[PREMIUM]","R100",false,"[PREMIUM]","K2500 HIGH COUNTRY",false,false,"[PREMIUM]",,,,,,,,"[PREMIUM]"
"60722866","2026-09-03 17:34:32.151","2026-09-16 15:39:55.753","60722866","2026-09-02 22:36:02.000","[PREMIUM]","357","TX - HOUSTON EAST",,,,"CDT","0","V",2017,"FORD","F250","F250","CREW PICKUP","BLACK","FRONT END","MINOR DENT/SCRATCHES","TX","CT","YES","D",185641,"A","[PREMIUM]",21632.15,"6.7L 8","4X4 W/REAR WHEEL DRV","AUTOMATIC","DIESEL",8,"Run & Drive Verified","Pure Sale","[PREMIUM]",,"HOUSTON","TX","77049 1968","USA","USD","[PREMIUM]","[PREMIUM]","R020",false,"[PREMIUM]","SUPER DUTY",false,false,"[PREMIUM]",,,,,,,,"[PREMIUM]"
"60026976","2026-09-03 17:34:31.771","2026-09-08 08:23:24.406","60026976","2026-09-02 22:24:24.000","[PREMIUM]","357","TX - HOUSTON EAST","2026-09-08","TUESDAY","1200","CDT","0","V",2018,"AUDI","A4","A4","SEDAN","BLACK","WATER/FLOOD","REAR END","TX","FV","YES","E",145944,"A","[PREMIUM]",0,"2.0L 4","FRONT WHEEL DRIVE","AUTOMATIC","GAS",4,"DEFAULT","Pure Sale","[PREMIUM]",,"HOUSTON","TX","77049 1968","USA","USD","[PREMIUM]","[PREMIUM]","L110",false,"[PREMIUM]","PREMIUM",false,false,"[PREMIUM]",,,,,,,,"[PREMIUM]"
"59973106","2026-09-03 17:34:31.741","2026-09-08 08:23:24.255","59973106","2026-09-02 22:26:15.000","[PREMIUM]","357","TX - HOUSTON EAST","2026-09-08","TUESDAY","1200","CDT","0","V",2022,"GMC","SIERRA","SIERRA","PICKUP","WHITE","FRONT END",,"TX","SV","YES","E",66864,"A","[PREMIUM]",16682.01,"5.3L 8","4X4 W/REAR WHEEL DRV","AUTOMATIC","GAS",8,"DEFAULT","Pure Sale","[PREMIUM]",,"HOUSTON","TX","77049 1968","USA","USD","[PREMIUM]","[PREMIUM]","R010",false,"[PREMIUM]","K1500 DENALI",false,false,"[PREMIUM]",,,,,,,,"[PREMIUM]"
"55527326","2026-09-03 17:34:30.951","2026-09-13 20:34:09.157","55527326","2026-09-11 12:31:38.000","[PREMIUM]","357","TX - HOUSTON EAST","2026-09-14","MONDAY","1200","CDT","2530","V",2015,"FORD","EXPLORER","EXPLORER","4DR SPORT UTILITY","WHITE","FRONT END",,"ID","SC","YES","E",0,"N","[PREMIUM]",12359,"3.5L 6","FRONT WHEEL DRIVE","AUTOMATIC","GAS",6,"DEFAULT","Pure Sale","[PREMIUM]",,"HOUSTON","TX","77049 1968","USA","USD","[PREMIUM]","[PREMIUM]","E100",false,"[PREMIUM]","LIMITED",false,false,"[PREMIUM]",,,,,,,,"[PREMIUM]"
"52496586","2026-09-03 17:34:30.679","2026-09-08 08:23:21.375","52496586","2026-09-03 15:05:11.000","[PREMIUM]","357","TX - HOUSTON EAST","2026-09-08","TUESDAY","1200","CDT","0","V",2013,"HONDA","FIT","FIT","HATCHBACK 4DR","GRAY","SIDE","FRONT END","TX","SV","YES","E",0,"N","[PREMIUM]",5413,"1.5L 4","FRONT WHEEL DRIVE","MANUAL","GAS",4,"DEFAULT","Pure Sale","[PREMIUM]",,"HOUSTON","TX","77049 1968","USA","USD","[PREMIUM]","[PREMIUM]","L070",false,"[PREMIUM]","SPORT",false,false,"[PREMIUM]",,,,,,,,"[PREMIUM]"
"51078146","2026-09-03 17:34:30.652","2026-09-15 23:14:45.988","51078146","2026-09-02 22:19:23.000","[PREMIUM]","357","TX - HOUSTON EAST",,,,"CDT","0","V",2022,"FORD","EXPLORER","EXPLORER","SPORT UTILITY VEHICLE","BLACK","REAR END",,"TX","SV","YES","D",18724,"A","[PREMIUM]",26148,"3.0L 6","4X4 W/REAR WHEEL DRV","AUTOMATIC","GAS",6,"Run & Drive Verified","Pure Sale","[PREMIUM]",,"HOUSTON","TX","77049 1968","USA","USD","[PREMIUM]","[PREMIUM]","C120",false,"[PREMIUM]","POLICE INTERCEPTOR",false,false,"[PREMIUM]",,,,,,,,"[PREMIUM]"
"67238436","2026-09-03 17:34:30.428","2026-09-10 14:59:41.697","67238436","2026-09-08 12:52:59.000","[PREMIUM]","356","NC - CONCORD","2026-09-10","THURSDAY","1000","EDT","9","V",2017,"AUDI","Q5","Q5","4DR SPORT UTILITY","GRAY","NORMAL WEAR",,"NC","CZ","YES","D",172877,"N","[PREMIUM]",0,"2.0L 4","ALL WHEEL DRIVE","AUTOMATIC","FLEXIBLE",4,"Run & Drive Verified","On Minimum Bid","[PREMIUM]",,"CONCORD","NC","28025 8271","USA","USD","[PREMIUM]","[PREMIUM]","Y190",false,"[PREMIUM]","PREMIUM",false,false,"[PREMIUM]",,,,,,,,"[PREMIUM]"
"67730076","2026-09-03 17:34:30.421","2026-09-16 20:26:41.906","67730076","2026-09-16 18:18:39.000","[PREMIUM]","356","NC - CONCORD","2026-09-17","THURSDAY","1000","EDT","2552","V",2013,"SUBARU","BRZ","BRZ","COUPE","SILVER","FRONT END",,"CA","SQ","YES","S",55070,"N","[PREMIUM]",0,"2.0L 4","REAR WHEEL DRIVE","MANUAL","GAS",4,"Vehicle Starts","On Minimum Bid","[PREMIUM]",,"CONCORD","NC","28025 8271","USA","USD","[PREMIUM]","[PREMIUM]","REC",true,"[PREMIUM]","2.0 PREMIUM",false,false,"[PREMIUM]",,,,,,,,"[PREMIUM]"
"67257616","2026-09-03 17:34:30.416","2026-09-15 23:14:44.437","67257616","2026-09-15 17:13:02.000","[PREMIUM]","356","NC - CONCORD","2026-09-17","THURSDAY","1000","EDT","89","V",2019,"CADILLAC","XT5","XT5","SPORT UTILITY VEHICLE","RED","REAR END",,"NC","SC","YES","D",55106,"A","[PREMIUM]",12011.92,"3.6L 6","FRONT WHEEL DRIVE","AUTOMATIC","GAS",6,"Run & Drive Verified","On Minimum Bid","[PREMIUM]",,"CONCORD","NC","28025 8271","USA","USD","[PREMIUM]","[PREMIUM]","E080",false,"[PREMIUM]","LUXURY",false,false,"[PREMIUM]",,,,,,,,"[PREMIUM]"
"66955736","2026-09-03 17:34:30.409","2026-09-16 12:49:25.675","66955736","2026-09-14 21:31:58.000","[PREMIUM]","356","NC - CONCORD","2026-09-17","THURSDAY","1000","EDT","81","V",2015,"TOYOTA","PRIUS","PRIUS C","HATCHBACK","TEAL","REAR END","SIDE","NC","SC","YES","D",124090,"A","[PREMIUM]",0,"1.5L 4","FRONT WHEEL DRIVE","AUTOMATIC","ELECTRIC AND GAS HYBRID",4,"Run & Drive Verified","Pure Sale","[PREMIUM]",,"CONCORD","NC","28025 8271","USA","USD","[PREMIUM]","[PREMIUM]","D060",false,"[PREMIUM]","ONE",false,false,"[PREMIUM]",,,,,,,,"[PREMIUM]"
"66369416","2026-09-03 17:34:30.383","2026-09-15 23:14:43.449","66369416","2026-09-15 17:13:02.000","[PREMIUM]","356","NC - CONCORD","2026-09-17","THURSDAY","1000","EDT","2559","V",2019,"AUDI","Q5","Q5",,"WHITE","REAR END","FRONT END","NC","SC","YES","E",91867,"A","[PREMIUM]",15011,,,"AUTOMATIC",,,"DEFAULT","Pure Sale","[PREMIUM]",,"CONCORD","NC","28025 8271","USA","USD","[PREMIUM]","[PREMIUM]","B030",false,"[PREMIUM]","PREMIUM",false,false,"[PREMIUM]",,,,,,,,"[PREMIUM]"
"65137266","2026-09-03 17:34:30.209","2026-09-15 23:14:41.982","65137266","2026-09-15 17:13:02.000","[PREMIUM]","356","NC - CONCORD","2026-09-17","THURSDAY","1000","EDT","97","V",2020,"VOLKSWAGEN","JETTA","JETTA","SEDAN","BLACK","FRONT END","SIDE","NC","SC","YES","D",59270,"A","[PREMIUM]",9382.71,"1.4L 4","FRONT WHEEL DRIVE","AUTOMATIC","GAS",4,"Run & Drive Verified","On Minimum Bid","[PREMIUM]",,"CONCORD","NC","28025 8271","USA","USD","[PREMIUM]","[PREMIUM]","C100",false,"[PREMIUM]","S",false,false,"[PREMIUM]",,,,,,,,"[PREMIUM]"
"65100756","2026-09-03 17:34:30.208","2026-09-15 23:14:41.964","65100756","2026-09-15 17:13:02.000","[PREMIUM]","356","NC - CONCORD","2026-09-17","THURSDAY","1000","EDT","100","V",2007,"TOYOTA","CAMRY","CAMRY","SEDAN 4DR","SILVER","TOP/ROOF",,"NC","SC","YES","D",146277,"E","[PREMIUM]",16520.16,"2.4L 4","FRONT WHEEL DRIVE","AUTOMATIC","ELECTRIC AND GAS HYBRID",4,"Run & Drive Verified","Pure Sale","[PREMIUM]",,"CONCORD","NC","28025 8271","USA","USD","[PREMIUM]","[PREMIUM]","E050",false,"[PREMIUM]","HYBRID",false,false,"[PREMIUM]",,,,,,,,"[PREMIUM]"
"64616786","2026-09-03 17:34:30.028","2026-09-15 23:14:41.210","64616786","2026-09-14 21:31:58.000","[PREMIUM]","356","NC - CONCORD","2026-09-17","THURSDAY","1000","EDT","73","V",2013,"VOLVO","XC90","XC90","4DR SPORT UTILITY","CHARCOAL","UNDERCARRIAGE",,"NC","SC","YES","D",189905,"A","[PREMIUM]",6430.41,"3.2L 6","FRONT WHEEL DRIVE","AUTOMATIC","GAS",6,"Run & Drive Verified","Pure Sale","[PREMIUM]",,"CONCORD","NC","28025 8271","USA","USD","[PREMIUM]","[PREMIUM]","E100",false,"[PREMIUM]","3.2",false,false,"[PREMIUM]",,,,,,,,"[PREMIUM]"
"64510766","2026-09-03 17:34:29.988","2026-09-15 23:14:41.047","64510766","2026-09-02 21:22:34.000","[PREMIUM]","356","NC - CONCORD",,,,"EDT","0","V",1999,"FORD","TAURUS","TAURUS","SEDAN 4DR","WHITE","SIDE","REAR END","NC","SC","YES","E",352551,"E","[PREMIUM]",2463,"3.0L 6","FRONT WHEEL DRIVE","AUTOMATIC","GAS",6,"DEFAULT","Pure Sale","[PREMIUM]",,"CONCORD","NC","28025 8271","USA","USD","[PREMIUM]","[PREMIUM]","C020",false,"[PREMIUM]","SE",false,false,"[PREMIUM]",,,,,,,,"[PREMIUM]"
"64092746","2026-09-03 17:34:29.955","2026-09-10 14:59:38.208","64092746","2026-09-02 21:29:23.000","[PREMIUM]","356","NC - CONCORD","2026-09-10","THURSDAY","1000","EDT","8","V",2020,"TOYOTA","AVALON","AVALON","SEDAN","WHITE","REAR END",,"NC","SC","YES","D",100960,"A","[PREMIUM]",0,"3.5L 6","FRONT WHEEL DRIVE","AUTOMATIC","GAS",6,"Run & Drive Verified","Pure Sale","[PREMIUM]",,"CONCORD","NC","28025 8271","USA","USD","[PREMIUM]","[PREMIUM]","C120",false,"[PREMIUM]","XLE",false,false,"[PREMIUM]",,,,,,,,"[PREMIUM]"
"63665186","2026-09-03 17:34:29.834","2026-09-15 23:14:40.080","63665186","2026-09-02 21:05:32.000","[PREMIUM]","356","NC - CONCORD",,,,"EDT","0","V",2024,"GMC","SIERRA","SIERRA","PICKUP","SILVER","REAR END",,"NC","SC","YES","D",27202,"A","[PREMIUM]",21048.39,"3.0L 6","4X4 W/REAR WHEEL DRV","AUTOMATIC","DIESEL",6,"Run & Drive Verified","Pure Sale","[PREMIUM]",,"CONCORD","NC","28025 8271","USA","USD","[PREMIUM]","[PREMIUM]","A050",false,"[PREMIUM]","K1500 AT4",false,false,"[PREMIUM]",,,,,,,,"[PREMIUM]"
"62216546","2026-09-03 17:34:29.628","2026-09-15 23:14:39.014","62216546","2026-09-11 21:01:01.000","[PREMIUM]","356","NC - CONCORD","2026-09-17","THURSDAY","1000","EDT","2005","V",2015,"HONDA","PILOT","PILOT","4DR SPORT UTILITY","SILVER","SIDE","FRONT END","NC","SC","YES","D",152994,"A","[PREMIUM]",6292,"3.5L 6","ALL WHEEL DRIVE","AUTOMATIC","GAS",6,"Run & Drive Verified","Pure Sale","[PREMIUM]",,"CONCORD","NC","28025 8271","USA","USD","[PREMIUM]","[PREMIUM]","D170",false,"[PREMIUM]","SE",false,false,"[PREMIUM]",,,,,,,,"[PREMIUM]"
"44134275","2026-09-03 17:34:28.899","2026-09-15 23:14:36.062","44134275","2026-09-02 20:58:54.000","[PREMIUM]","356","NC - CONCORD",,,,"EDT","0","V",2020,"SUBARU","IMPREZA","IMPREZA",,"GRAY","FRONT END",,"NC","SC","YES","D",41247,"A","[PREMIUM]",0,"2.0L  4","ALL WHEEL DRIVE","AUTOMATIC","GAS",4,"Run & Drive Verified","Pure Sale","[PREMIUM]",,"CONCORD","NC","28025 8271","USA","USD","[PREMIUM]","[PREMIUM]","D040",false,"[PREMIUM]","PREMIUM",false,false,"[PREMIUM]",,,,,,,,"[PREMIUM]"
"67844386","2026-09-03 17:34:28.274","2026-09-16 03:33:54.385","67844386","2026-09-15 14:22:13.000","[PREMIUM]","350","CT - HARTFORD SPRINGFIELD","2026-09-17","THURSDAY","1000","EDT","0","V",2022,"CHEVROLET","TAHOE","TAHOE","SPORT UTILITY VEHICLE","BLACK","NORMAL WEAR",,"MT","CT","YES","D",12808,"A","[PREMIUM]",0,"5.3L 8","4X4 W/REAR WHEEL DRV","AUTOMATIC","GAS",8,"Run & Drive Verified","On Minimum Bid","[PREMIUM]","ARMORED VEHICLE             ","EAST GRANBY","CT","06026 9765","USA","USD","[PREMIUM]","[PREMIUM]","*OFF",false,"[PREMIUM]","K1500 RST",false,false,"[PREMIUM]","49 RUSSELL ROAD","CT","EAST GRANBY","06026",,,,"[PREMIUM]"
"67893836","2026-09-03 17:34:28.253","2026-09-14 21:34:16.548","67893836","2026-09-11 16:19:54.000","[PREMIUM]","880","*NCS - EASTERN REGION","2026-09-14","MONDAY","2100","EDT","212","V",2015,"CHEVROLET","TAHOE","TAHOE","4DR SPORT UTILITY","SILVER","MINOR DENT/SCRATCHES",,"MA","CT","YES","D",189577,"A","[PREMIUM]",0,"5.3L 8","4X4 W/REAR WHEEL DRV","AUTOMATIC","GAS",8,"Run & Drive Verified","On Minimum Bid","[PREMIUM]",,"EAST GRANBY","CT","06026 9765","USA","USD","[PREMIUM]","[PREMIUM]","L030",true,"[PREMIUM]","K1500 LTZ",false,false,"[PREMIUM]",,,,,,,,"[PREMIUM]"
"67892976","2026-09-03 17:34:28.248","2026-09-08 08:23:13.083","67892976","2026-09-04 20:24:53.000","[PREMIUM]","880","*NCS - EASTERN REGION","2026-09-08","TUESDAY","2100","EDT","3367","V",2013,"SUBARU","XV","XV CROSSTREK","4DR SPORT UTILITY","RED","MINOR DENT/SCRATCHES",,"NY","CT","YES","D",137221,"A","[PREMIUM]",0,"2.0L 4","ALL WHEEL DRIVE","AUTOMATIC","GAS",4,"Run & Drive Verified","On Minimum Bid","[PREMIUM]",,"EAST GRANBY","CT","06026 9765","USA","USD","[PREMIUM]","[PREMIUM]","H030",true,"[PREMIUM]","2.0 PREMIUM",false,false,"[PREMIUM]",,,,,,,,"[PREMIUM]"
"67774596","2026-09-03 17:34:28.248","2026-09-16 03:33:54.210","67774596","2026-09-15 14:22:13.000","[PREMIUM]","350","CT - HARTFORD SPRINGFIELD","2026-09-17","THURSDAY","1000","EDT","0","V",2008,"TOYOTA","HIGHLANDER","HIGHLANDER","4DR SPORT UTILITY","BLUE","SIDE","MINOR DENT/SCRATCHES","RI","CT","YES","D",235007,"A","[PREMIUM]",0,"3.3L 6","ALL WHEEL DRIVE","AUTOMATIC","ELECTRIC AND GAS HYBRID",6,"Run & Drive Verified","On Minimum Bid","[PREMIUM]",,"EAST GRANBY","CT","06026 9765","USA","USD","[PREMIUM]","[PREMIUM]","A010",true,"[PREMIUM]","HYBRID",false,false,"[PREMIUM]",,,,,,,,"[PREMIUM]"
"67873216","2026-09-03 17:34:28.245","2026-09-03 17:34:28.245","67873216","2026-09-03 12:15:46.000","[PREMIUM]","350","CT - HARTFORD SPRINGFIELD","2026-09-03","THURSDAY","1000","EDT","3504","V",2024,"MERCEDES-BENZ","GLE-CLASS","GLE COUPE","SPORT UTILITY VEHICLE","BLACK","MINOR DENT/SCRATCHES",,"WV","CT","YES","D",49712,"A","[PREMIUM]",0,"3.0L 6","ALL WHEEL DRIVE","AUTOMATIC","GAS",6,"Run & Drive Verified","On Approval","[PREMIUM]",,"EAST GRANBY","CT","06026 9765","USA","USD","[PREMIUM]","[PREMIUM]","*OFF",false,"[PREMIUM]","AMG 53 4MATIC",false,false,"[PREMIUM]","49 RUSSELL ROAD","CT","EAST GRANBY","06026",,,,"[PREMIUM]"
"67925396","2026-09-03 17:34:28.242","2026-09-10 08:52:27.444","67925396","2026-09-09 20:14:21.000","[PREMIUM]","350","CT - HARTFORD SPRINGFIELD","2026-09-10","THURSDAY","1000","EDT","3066","V",2011,"SUBARU","IMPREZA","IMPREZA","STATION WAGON","BLACK","MINOR DENT/SCRATCHES",,"CT","CT","YES","D",232386,"A","[PREMIUM]",0,"2.5L 4","ALL WHEEL DRIVE","AUTOMATIC","GAS",4,"Run & Drive Verified","On Minimum Bid","[PREMIUM]",,"EAST GRANBY","CT","06026 9765","USA","USD","[PREMIUM]","[PREMIUM]","*OFF",true,"[PREMIUM]","OUTBACK SPORT",false,false,"[PREMIUM]","31 TOBEY RD UNIT #2","CT","BLOOMFIELD","06002",,,,"[PREMIUM]"
"67893196","2026-09-03 17:34:28.241","2026-09-16 03:33:54.985","67893196","2026-09-15 14:22:14.000","[PREMIUM]","350","CT - HARTFORD SPRINGFIELD","2026-09-17","THURSDAY","1000","EDT","0","V",2014,"MERCEDES-BENZ","M-CLASS","ML","4DR SPORT UTILITY","BLACK","MINOR DENT/SCRATCHES","MECHANICAL","VA","CT","YES","D",201625,"A","[PREMIUM]",0,"3.5L 6","ALL WHEEL DRIVE","AUTOMATIC","GAS",6,"Run & Drive Verified","On Minimum Bid","[PREMIUM]",,"EAST GRANBY","CT","06026 9765","USA","USD","[PREMIUM]","[PREMIUM]","F030",true,"[PREMIUM]","350 4MATIC",false,false,"[PREMIUM]",,,,,,,,"[PREMIUM]"
"67673456","2026-09-03 17:34:28.214","2026-09-03 17:34:28.214","67673456","2026-09-03 11:22:35.000","[PREMIUM]","350","CT - HARTFORD SPRINGFIELD","2026-09-03","THURSDAY","1000","EDT","607","V",2015,"KIA","SEDONA","SEDONA","MINI-VAN","SILVER","MINOR DENT/SCRATCHES",,"CT","CT","YES","D",132320,"A","[PREMIUM]",0,"3.3L 6","FRONT WHEEL DRIVE","AUTOMATIC","GAS",6,"Run & Drive Verified","On Approval","[PREMIUM]",,"EAST GRANBY","CT","06026 9765","USA","USD","[PREMIUM]","[PREMIUM]","G020",false,"[PREMIUM]","EX",false,false,"[PREMIUM]",,,,,,,,"[PREMIUM]"
"67661206","2026-09-03 17:34:28.213","2026-09-09 20:54:22.520","67661206","2026-09-09 20:02:49.000","[PREMIUM]","350","CT - HARTFORD SPRINGFIELD","2026-09-10","THURSDAY","1000","EDT","393","K",2020,"GMC","SIERRA","SIERRA","CAB CHASSIS","WHITE","MINOR DENT/SCRATCHES",,"WV","CT","YES","D",77638,"A","[PREMIUM]",0,"6.6L 8","4X4 W/REAR WHEEL DRV","AUTOMATIC","GAS",8,"Run & Drive Verified","On Minimum Bid","[PREMIUM]","REPOSSESSION                ","EAST GRANBY","CT","06026 9765","USA","USD","[PREMIUM]","[PREMIUM]","HVY3",false,"[PREMIUM]","K3500",false,false,"[PREMIUM]",,,,,,,,"[PREMIUM]"
"67673656","2026-09-03 17:34:28.211","2026-09-16 03:33:54.055","67673656","2026-09-15 14:22:13.000","[PREMIUM]","350","CT - HARTFORD SPRINGFIELD","2026-09-17","THURSDAY","1000","EDT","0","V",2016,"GMC","TERRAIN","TERRAIN","4DR SPORT UTILITY","WHITE","FRONT END","MECHANICAL","VT","CT","YES","D",103113,"A","[PREMIUM]",0,"3.6L 6","ALL WHEEL DRIVE","AUTOMATIC","GAS",6,"Run & Drive Verified","On Minimum Bid","[PREMIUM]","REPOSSESSION                ","EAST GRANBY","CT","06026 9765","USA","USD","[PREMIUM]","[PREMIUM]","P020",true,"[PREMIUM]","DENALI",false,false,"[PREMIUM]",,,,,,,,"[PREMIUM]"
"67614466","2026-09-03 17:34:28.210","2026-09-16 03:33:53.874","67614466","2026-09-15 14:22:13.000","[PREMIUM]","350","CT - HARTFORD SPRINGFIELD","2026-09-17","THURSDAY","1000","EDT","0","V",2012,"SUBARU","IMPREZA","IMPREZA","SEDAN 4DR","SILVER","MINOR DENT/SCRATCHES",,"VT","ST","YES","D",138914,"A","[PREMIUM]",0,"2.0L 4","ALL WHEEL DRIVE","AUTOMATIC","GAS",4,"Run & Drive Verified","On Minimum Bid","[PREMIUM]",,"EAST GRANBY","CT","06026 9765","USA","USD","[PREMIUM]","[PREMIUM]","H030",true,"[PREMIUM]","PREMIUM",false,false,"[PREMIUM]",,,,,,,,"[PREMIUM]"
"67603066","2026-09-03 17:34:28.207","2026-09-04 18:35:18.999","67603066","2026-09-04 11:45:19.000","[PREMIUM]","850","CONNECTICUT FRIDAY SALE","2026-09-04","FRIDAY","1500","EDT","480","V",2003,"TOYOTA","COROLLA","COROLLA MATRIX","HATCHBACK 4DR","RED","MINOR DENT/SCRATCHES",,"CT","CT","YES","D",299999,"A","[PREMIUM]",0,"1.8L 4","FRONT WHEEL DRIVE","AUTOMATIC","GAS",4,"Run & Drive Verified","On Minimum Bid","[PREMIUM]",,"EAST GRANBY","CT","06026 9765","USA","USD","[PREMIUM]","[PREMIUM]","I020",true,"[PREMIUM]","XRS",false,false,"[PREMIUM]",,,,,,,,"[PREMIUM]"
"67614276","2026-09-03 17:34:28.207","2026-09-16 03:33:53.896","67614276","2026-09-15 14:22:13.000","[PREMIUM]","350","CT - HARTFORD SPRINGFIELD","2026-09-17","THURSDAY","1000","EDT","0","V",2005,"VOLKSWAGEN","TOUAREG","TOUAREG","4DR SPORT UTILITY","GREEN","MINOR DENT/SCRATCHES",,"VT","CT","YES","D",140967,"A","[PREMIUM]",0,"3.2L 6","ALL WHEEL DRIVE","AUTOMATIC","GAS",6,"Run & Drive Verified","On Minimum Bid","[PREMIUM]",,"EAST GRANBY","CT","06026 9765","USA","USD","[PREMIUM]","[PREMIUM]","K020",true,"[PREMIUM]","3.2",false,false,"[PREMIUM]",,,,,,,,"[PREMIUM]"
"67673056","2026-09-03 17:34:28.202","2026-09-16 09:35:02.892","67673056","2026-09-15 18:21:01.000","[PREMIUM]","350","CT - HARTFORD SPRINGFIELD","2026-09-17","THURSDAY","1000","EDT","0","V",2015,"CHEVROLET","COLORADO","COLORADO","4DR EXT CAB PICKUP","WHITE","MINOR DENT/SCRATCHES",,"VT","CT","YES","D",173589,"A","[PREMIUM]",0,"2.5L 4","4X4 W/REAR WHEEL DRV","AUTOMATIC","GAS",4,"Run & Drive Verified","On Approval","[PREMIUM]",,"EAST GRANBY","CT","06026 9765","USA","USD","[PREMIUM]","[PREMIUM]","GARG",false,"[PREMIUM]","LT",false,false,"[PREMIUM]",,,,,,,,"[PREMIUM]"
"67673326","2026-09-03 17:34:28.201","2026-09-15 23:14:29.550","67673326","2026-09-14 16:59:46.000","[PREMIUM]","880","*NCS - EASTERN REGION","2026-09-15","TUESDAY","2100","EDT","407","V",2015,"JEEP","PATRIOT","PATRIOT","4DR SPORT UTILITY","BLACK","MINOR DENT/SCRATCHES",,"VT","CT","YES","D",128961,"A","[PREMIUM]",0,"2.4L 4","4X4 W/FRONT WHL DRV","AUTOMATIC","GAS",4,"Run & Drive Verified","On Minimum Bid","[PREMIUM]",,"EAST GRANBY","CT","06026 9765","USA","USD","[PREMIUM]","[PREMIUM]","K030",true,"[PREMIUM]","LATITUDE",false,false,"[PREMIUM]",,,,,,,,"[PREMIUM]"
"67343136","2026-09-03 17:34:28.171","2026-09-09 20:54:21.819","67343136","2026-09-09 20:02:49.000","[PREMIUM]","350","CT - HARTFORD SPRINGFIELD","2026-09-10","THURSDAY","1000","EDT","391","V",2020,"GMC","SIERRA","SIERRA","PICKUP","RED","MINOR DENT/SCRATCHES",,"MA","CT","YES","E",129462,"A","[PREMIUM]",0,"2.7L 4","4X4 W/REAR WHEEL DRV","AUTOMATIC","GAS",4,"DEFAULT","On Minimum Bid","[PREMIUM]","REPOSSESSION                ","EAST GRANBY","CT","06026 9765","USA","USD","[PREMIUM]","[PREMIUM]","L040",false,"[PREMIUM]","K1500 ELEVATION",false,false,"[PREMIUM]",,,,,,,,"[PREMIUM]"
"67079856","2026-09-03 17:34:28.161","2026-09-15 23:14:28.095","67079856","2026-09-14 16:59:47.000","[PREMIUM]","880","*NCS - EASTERN REGION","2026-09-15","TUESDAY","2100","EDT","721","V",2020,"FORD","F350","F350","PICKUP","RED","FRONT END","MINOR DENT/SCRATCHES","TX","CT","YES","E",405660,"A","[PREMIUM]",0,"6.7L 8","4X4 W/REAR WHEEL DRV","AUTOMATIC","DIESEL",8,"DEFAULT","On Minimum Bid","[PREMIUM]","REPOSSESSION                ","EAST GRANBY","CT","06026 9765","USA","USD","[PREMIUM]","[PREMIUM]","REC3",false,"[PREMIUM]","SUPER DUTY",false,false,"[PREMIUM]",,,,,,,,"[PREMIUM]"
"67282946","2026-09-03 17:34:28.158","2026-09-16 15:33:32.719","67282946","2026-09-15 02:54:17.000","[PREMIUM]","350","CT - HARTFORD SPRINGFIELD","2026-09-17","THURSDAY","1000","EDT","0","V",2004,"LEXUS","GX","GX","4DR SPORT UTILITY","SILVER","MINOR DENT/SCRATCHES",,"CT","CT","NO","E",236987,"A","[PREMIUM]",0,"4.7L 8","ALL WHEEL DRIVE","AUTOMATIC","GAS",8,"DEFAULT","On Minimum Bid","[PREMIUM]",,"EAST GRANBY","CT","06026 9765","USA","USD","[PREMIUM]","[PREMIUM]","O050",true,"[PREMIUM]","470",false,false,"[PREMIUM]",,,,,,,,"[PREMIUM]"
"67428526","2026-09-03 17:34:28.157","2026-09-08 08:23:12.102","67428526","2026-09-04 20:27:47.000","[PREMIUM]","880","*NCS - EASTERN REGION","2026-09-08","TUESDAY","2100","EDT","250","V",2015,"VOLVO","S60","S60","SEDAN 4DR","SILVER","MINOR DENT/SCRATCHES",,"RI","CT","YES","D",127461,"A","[PREMIUM]",0,"2.5L 5","ALL WHEEL DRIVE","AUTOMATIC","GAS",5,"Run & Drive Verified","On Minimum Bid","[PREMIUM]",,"EAST GRANBY","CT","06026 9765","USA","USD","[PREMIUM]","[PREMIUM]","I030",true,"[PREMIUM]","PLATINUM",false,false,"[PREMIUM]",,,,,,,,"[PREMIUM]"
"67469606","2026-09-03 17:34:28.152","2026-09-16 03:33:53.472","67469606","2026-09-15 14:22:12.000","[PREMIUM]","350","CT - HARTFORD SPRINGFIELD","2026-09-17","THURSDAY","1000","EDT","0","K",2023,"CHEVROLET","EXPRESS","EXPRESS G3500","VAN PASSENGER","WHITE","FRONT END","SIDE","CT","ST","YES","E",38838,"A","[PREMIUM]",0,"4.3L 6","REAR WHEEL DRIVE","AUTOMATIC","GAS",6,"DEFAULT","On Minimum Bid","[PREMIUM]",,"EAST GRANBY","CT","06026 9765","USA","USD","[PREMIUM]","[PREMIUM]","E010",true,"[PREMIUM]","LS",false,false,"[PREMIUM]",,,,,,,,"[PREMIUM]"
"67056986","2026-09-03 17:34:28.099","2026-09-15 23:14:27.924","67056986","2026-09-15 02:47:44.000","[PREMIUM]","350","CT - HARTFORD SPRINGFIELD","2026-09-17","THURSDAY","1000","EDT","0","V",2024,"MERCEDES-BENZ","GLE-CLASS","GLE","SPORT UTILITY VEHICLE","WHITE","MINOR DENT/SCRATCHES",,"NY","CT","YES","D",80612,"A","[PREMIUM]",0,"2.0L 4","ALL WHEEL DRIVE","AUTOMATIC","GAS",4,"Run & Drive Verified","On Minimum Bid","[PREMIUM]",,"EAST GRANBY","CT","06026 9765","USA","USD","[PREMIUM]","[PREMIUM]","*OFF",true,"[PREMIUM]","350 4MATIC",false,false,"[PREMIUM]","49 RUSSELL ROAD","CT","EAST GRANBY","06026",,,,"[PREMIUM]"
"66976736","2026-09-03 17:34:28.092","2026-09-10 14:59:26.643","66976736","2026-09-09 20:14:15.000","[PREMIUM]","350","CT - HARTFORD SPRINGFIELD","2026-09-10","THURSDAY","1000","EDT","3056","V",2011,"HONDA","PILOT","PILOT","4DR SPORT UTILITY","GRAY","FRONT END","MINOR DENT/SCRATCHES","MA","ST","YES","D",197501,"N","[PREMIUM]",22094,"3.5L 6","ALL WHEEL DRIVE","AUTOMATIC","GAS",6,"Run & Drive Verified","On Minimum Bid","[PREMIUM]",,"EAST GRANBY","CT","06026 9765","USA","USD","[PREMIUM]","[PREMIUM]","C040",false,"[PREMIUM]","EXL",false,false,"[PREMIUM]",,,,,,,,"[PREMIUM]"
"66921696","2026-09-03 17:34:28.011","2026-09-03 17:34:28.011","66921696","2026-09-02 22:53:01.000","[PREMIUM]","350","CT - HARTFORD SPRINGFIELD","2026-09-03","THURSDAY","1000","EDT","208","V",2015,"TOYOTA","COROLLA","COROLLA","SEDAN","BLUE","MINOR DENT/SCRATCHES",,"MA","CT","YES","S",132041,"A","[PREMIUM]",0,"1.8L 4","FRONT WHEEL DRIVE","AUTOMATIC","GAS",4,"Vehicle Starts","On Minimum Bid","[PREMIUM]",,"EAST GRANBY","CT","06026 9765","USA","USD","[PREMIUM]","[PREMIUM]","REC3",false,"[PREMIUM]","LE PLUS",false,false,"[PREMIUM]",,,,,,,,"[PREMIUM]"
"66756206","2026-09-03 17:34:27.928","2026-09-10 14:59:25.771","66756206","2026-09-09 20:14:16.000","[PREMIUM]","350","CT - HARTFORD SPRINGFIELD","2026-09-10","THURSDAY","1000","EDT","102","V",2014,"FORD","EXPEDITION","EXPEDITION","4DR SPORT UTILITY","WHITE","FRONT END","SIDE","CT","ST","YES","D",67682,"A","[PREMIUM]",16252,"5.4L 8","4X4 W/REAR WHEEL DRV","AUTOMATIC","FLEXIBLE",8,"Run & Drive Verified","Pure Sale","[PREMIUM]",,"EAST GRANBY","CT","06026 9765","USA","USD","[PREMIUM]","[PREMIUM]","S030",false,"[PREMIUM]","EL LIMITED",false,false,"[PREMIUM]",,,,,,,,"[PREMIUM]"
"66721586","2026-09-03 17:34:27.916","2026-09-10 14:59:25.696","66721586","2026-09-09 20:28:54.000","[PREMIUM]","350","CT - HARTFORD SPRINGFIELD","2026-09-10","THURSDAY","1000","EDT","3111","V",2022,"CHEVROLET","TAHOE","TAHOE","SPORT UTILITY VEHICLE","BLACK","SIDE","MINOR DENT/SCRATCHES","CT","ST","YES","D",42362,"A","[PREMIUM]",36672.3,"5.3L 8","4X4 W/REAR WHEEL DRV","AUTOMATIC","GAS",8,"Run & Drive Verified","Pure Sale","[PREMIUM]",,"EAST GRANBY","CT","06026 9765","USA","USD","[PREMIUM]","[PREMIUM]","R050",false,"[PREMIUM]","K1500 Z71",false,false,"[PREMIUM]",,,,,,,,"[PREMIUM]"
"66709206","2026-09-03 17:34:27.915","2026-09-10 14:59:25.538","66709206","2026-09-09 20:14:15.000","[PREMIUM]","350","CT - HARTFORD SPRINGFIELD","2026-09-10","THURSDAY","1000","EDT","3028","V",2008,"LEXUS","GX","GX","4DR SPORT UTILITY","WHITE","ALL OVER",,"CT","ST","NO","E",0,"E","[PREMIUM]",12049.74,"4.7L 8","ALL WHEEL DRIVE","AUTOMATIC","GAS",8,"DEFAULT","Pure Sale","[PREMIUM]",,"EAST GRANBY","CT","06026 9765","USA","USD","[PREMIUM]","[PREMIUM]","S030",false,"[PREMIUM]","470",false,false,"[PREMIUM]",,,,,,,,"[PREMIUM]"
"66560916","2026-09-03 17:34:27.903","2026-09-16 03:33:51.158","66560916","2026-09-15 14:20:58.000","[PREMIUM]","350","CT - HARTFORD SPRINGFIELD","2026-09-17","THURSDAY","1000","EDT","0","V",2016,"BMW","X5","X5","4DR SPORT UTILITY","WHITE","MECHANICAL","MINOR DENT/SCRATCHES","NC","CT","YES","D",99060,"A","[PREMIUM]",0,"2.0L 4","ALL WHEEL DRIVE","AUTOMATIC","ELECTRIC AND GAS HYBRID",4,"Run & Drive Verified","On Minimum Bid","[PREMIUM]","REPOSSESSION                ","EAST GRANBY","CT","06026 9765","USA","USD","[PREMIUM]","[PREMIUM]","F050",false,"[PREMIUM]","XDR40E",false,false,"[PREMIUM]",,,,,,,,"[PREMIUM]"
"66551746","2026-09-03 17:34:27.839","2026-09-15 23:14:26.075","66551746","2026-09-14 16:59:47.000","[PREMIUM]","880","*NCS - EASTERN REGION","2026-09-15","TUESDAY","2100","EDT","733","V",2020,"KIA","FORTE","FORTE","SEDAN","WHITE","MINOR DENT/SCRATCHES",,"TX","CT","YES","E",279045,"A","[PREMIUM]",0,"2.0L 4","FRONT WHEEL DRIVE","AUTOMATIC","GAS",4,"DEFAULT","On Minimum Bid","[PREMIUM]","REPOSSESSION                ","EAST GRANBY","CT","06026 9765","USA","USD","[PREMIUM]","[PREMIUM]","N040",true,"[PREMIUM]","LXS",false,false,"[PREMIUM]",,,,,,,,"[PREMIUM]"
"66408606","2026-09-03 17:34:27.806","2026-09-10 14:59:24.714","66408606","2026-09-09 20:18:52.000","[PREMIUM]","350","CT - HARTFORD SPRINGFIELD","2026-09-10","THURSDAY","1000","EDT","498","V",2024,"TESLA","MODEL 3","MODEL 3","SEDAN","BLUE","FRONT END","REAR END","CT","ST","YES","S",29838,"A","[PREMIUM]",43285.92,,"ALL WHEEL DRIVE","AUTOMATIC","ELECTRIC",,"Vehicle Starts","Pure Sale","[PREMIUM]",,"EAST GRANBY","CT","06026 9765","USA","USD","[PREMIUM]","[PREMIUM]","P050",false,"[PREMIUM]",,false,false,"[PREMIUM]",,,,,,,,"[PREMIUM]"
"66070386","2026-09-03 17:34:27.630","2026-09-10 14:59:24.232","66070386","2026-09-09 20:28:54.000","[PREMIUM]","350","CT - HARTFORD SPRINGFIELD","2026-09-10","THURSDAY","1000","EDT","3183","V",2022,"AUDI","A5","A5","CONVERTIBLE","BLACK","FRONT END","MINOR DENT/SCRATCHES","NY","ST","YES","S",29800,"A","[PREMIUM]",30288.86,"2.0L 4","ALL WHEEL DRIVE","AUTOMATIC","GAS",4,"Vehicle Starts","Pure Sale","[PREMIUM]",,"EAST GRANBY","CT","06026 9765","USA","USD","[PREMIUM]","[PREMIUM]","Q030",false,"[PREMIUM]","PREMIUM PLUS 45",false,false,"[PREMIUM]",,,,,,,,"[PREMIUM]"
"65691356","2026-09-03 17:34:27.422","2026-09-10 14:59:22.784","65691356","2026-09-09 20:28:54.000","[PREMIUM]","350","CT - HARTFORD SPRINGFIELD","2026-09-10","THURSDAY","1000","EDT","3413","V",2014,"NISSAN","MURANO","MURANO","CONVERTIBLE","WHITE","FRONT END","SIDE","CT","ST","YES","S",217132,"A","[PREMIUM]",3904.7,"3.5L 6","ALL WHEEL DRIVE","AUTOMATIC","GAS",6,"Vehicle Starts","Pure Sale","[PREMIUM]",,"EAST GRANBY","CT","06026 9765","USA","USD","[PREMIUM]","[PREMIUM]","S040",false,"[PREMIUM]","CROSSCABRIOLET",false,false,"[PREMIUM]",,,,,,,,"[PREMIUM]"
"65795156","2026-09-03 17:34:27.419","2026-09-10 14:59:22.808","65795156","2026-09-09 20:28:54.000","[PREMIUM]","350","CT - HARTFORD SPRINGFIELD","2026-09-10","THURSDAY","1000","EDT","3443","V",2015,"HYUNDAI","ELANTRA","ELANTRA","SEDAN","GRAY","SIDE","MINOR DENT/SCRATCHES","MA","ST","YES","D",173560,"A","[PREMIUM]",4315.42,"1.8L 4","FRONT WHEEL DRIVE","AUTOMATIC","GAS",4,"Run & Drive Verified","Pure Sale","[PREMIUM]",,"EAST GRANBY","CT","06026 9765","USA","USD","[PREMIUM]","[PREMIUM]","G020",false,"[PREMIUM]","LIMITED",false,false,"[PREMIUM]",,,,,,,,"[PREMIUM]"
"65534846","2026-09-03 17:34:27.334","2026-09-10 14:59:22.481","65534846","2026-09-09 20:40:15.000","[PREMIUM]","350","CT - HARTFORD SPRINGFIELD","2026-09-10","THURSDAY","1000","EDT","302","V",2021,"BMW","X6","X6","SPORT UTILITY VEHICLE","WHITE","FRONT END","MINOR DENT/SCRATCHES","MA","ST","YES","D",36677,"A","[PREMIUM]",14783,"3.0L 6","ALL WHEEL DRIVE","AUTOMATIC","GAS",6,"Run & Drive Verified","On Minimum Bid","[PREMIUM]","WITH CORRECTION LETTER      ","EAST GRANBY","CT","06026 9765","USA","USD","[PREMIUM]","[PREMIUM]","E040",false,"[PREMIUM]","XDRIVE40I",false,false,"[PREMIUM]",,,,,,,,"[PREMIUM]"
"65175226","2026-09-03 17:34:27.075","2026-09-10 14:59:21.632","65175226","2026-09-09 20:28:54.000","[PREMIUM]","350","CT - HARTFORD SPRINGFIELD","2026-09-10","THURSDAY","1000","EDT","3381","V",2014,"NISSAN","PATHFINDER","PATHFINDER","4DR SPOR","SILVER","FRONT END","MINOR DENT/SCRATCHES","CT","ST","YES","D",206742,"A","[PREMIUM]",4329.8,,,"AUTOMATIC",,,"Run & Drive Verified","Pure Sale","[PREMIUM]",,"EAST GRANBY","CT","06026 9765","USA","USD","[PREMIUM]","[PREMIUM]","HVY1",false,"[PREMIUM]","S",false,false,"[PREMIUM]",,,,,,,,"[PREMIUM]"
"64971316","2026-09-03 17:34:26.852","2026-09-10 14:59:20.550","64971316","2026-09-09 20:28:54.000","[PREMIUM]","350","CT - HARTFORD SPRINGFIELD","2026-09-10","THURSDAY","1000","EDT","3371","V",2014,"SUBARU","IMPREZA","IMPREZA","SEDAN 4DR","BURGUNDY","FRONT END","MINOR DENT/SCRATCHES","CT","ST","NO","E",180294,"A","[PREMIUM]",11139.43,"2.0L 4","ALL WHEEL DRIVE","AUTOMATIC","GAS",4,"DEFAULT","Pure Sale","[PREMIUM]",,"EAST GRANBY","CT","06026 9765","USA","USD","[PREMIUM]","[PREMIUM]","J040",false,"[PREMIUM]",,false,false,"[PREMIUM]",,,,,,,,"[PREMIUM]"
"64919816","2026-09-03 17:34:26.826","2026-09-10 14:59:20.484","64919816","2026-09-09 20:40:15.000","[PREMIUM]","350","CT - HARTFORD SPRINGFIELD","2026-09-10","THURSDAY","1000","EDT","2474","V",2020,"NISSAN","ROGUE","ROGUE","WAGON","GRAY","FRONT END","MINOR DENT/SCRATCHES","CT","ST","YES","S",74578,"A","[PREMIUM]",2452.77,"2.5L 4","ALL WHEEL DRIVE","AUTOMATIC","GAS",4,"Vehicle Starts","Pure Sale","[PREMIUM]",,"EAST GRANBY","CT","06026 9765","USA","USD","[PREMIUM]","[PREMIUM]","Q010",false,"[PREMIUM]","SL",false,false,"[PREMIUM]",,,,,,,,"[PREMIUM]"
"64895856","2026-09-03 17:34:26.793","2026-09-10 14:59:20.264","64895856","2026-09-09 20:28:54.000","[PREMIUM]","350","CT - HARTFORD SPRINGFIELD","2026-09-10","THURSDAY","1000","EDT","3365","V",2024,"BUICK","ENCORE","ENCORE GX","SPORT UTILITY VEHICLE","WHITE","SIDE","NORMAL WEAR","FL","CD","YES","D",81256,"N","[PREMIUM]",21538.69,"1.3L 3","ALL WHEEL DRIVE","AUTOMATIC","GAS",3,"Run & Drive Verified","On Minimum Bid","[PREMIUM]",,"EAST GRANBY","CT","06026 9765","USA","USD","[PREMIUM]","[PREMIUM]","K030",false,"[PREMIUM]","SPORT TOURING",true,false,"[PREMIUM]",,,,,,,,"[PREMIUM]"
"64197936","2026-09-03 17:34:26.397","2026-09-10 14:59:18.385","64197936","2026-09-09 20:18:52.000","[PREMIUM]","350","CT - HARTFORD SPRINGFIELD","2026-09-10","THURSDAY","1000","EDT","510","V",2025,"VOLKSWAGEN","TIGUAN","TIGUAN","SPORT UTILITY VEHICLE","BLACK","FRONT END","REAR END","CT","ST","YES","E",16065,"A","[PREMIUM]",27784.05,"2.0L 4","ALL WHEEL DRIVE","AUTOMATIC","GAS",4,"DEFAULT","On Minimum Bid","[PREMIUM]",,"EAST GRANBY","CT","06026 9765","USA","USD","[PREMIUM]","[PREMIUM]","Q040",false,"[PREMIUM]","SE",false,false,"[PREMIUM]",,,,,,,,"[PREMIUM]"
"63987266","2026-09-03 17:34:26.297","2026-09-10 14:59:18.252","63987266","2026-09-09 20:28:54.000","[PREMIUM]","350","CT - HARTFORD SPRINGFIELD","2026-09-10","THURSDAY","1000","EDT","3407","V",2017,"BMW","3 SERIES","320","SEDAN 4DR","WHITE","MECHANICAL","MINOR DENT/SCRATCHES","MA","ST","YES",,127746,"A","[PREMIUM]",25808.13,"2.0L 4","REAR WHEEL DRIVE","AUTOMATIC","GAS",4,,"Pure Sale","[PREMIUM]",,"EAST GRANBY","CT","06026 9765","USA","USD","[PREMIUM]","[PREMIUM]","O030",false,"[PREMIUM]","I",false,false,"[PREMIUM]",,,,,,,,"[PREMIUM]"
"63692796","2026-09-03 17:34:26.171","2026-09-10 14:59:17.689","63692796","2026-09-09 20:14:21.000","[PREMIUM]","350","CT - HARTFORD SPRINGFIELD","2026-09-10","THURSDAY","1000","EDT","104","V",2014,"HONDA","CRV","CR-V","4DR SPORT UTILITY","WHITE","REAR END","MINOR DENT/SCRATCHES","MA","ST","YES","D",109883,"A","[PREMIUM]",12706,"2.4L 4","ALL WHEEL DRIVE","AUTOMATIC","GAS",4,"Run & Drive Verified","On Minimum Bid","[PREMIUM]",,"EAST GRANBY","CT","06026 9765","USA","USD","[PREMIUM]","[PREMIUM]","O040",false,"[PREMIUM]","EXL",false,false,"[PREMIUM]",,,,,,,,"[PREMIUM]"
"63233826","2026-09-03 17:34:26.014","2026-09-10 14:59:16.797","63233826","2026-09-09 20:40:15.000","[PREMIUM]","350","CT - HARTFORD SPRINGFIELD","2026-09-10","THURSDAY","1000","EDT","2460","V",2023,"GMC","YUKON","YUKON XL","SPORT UTILITY VEHICLE","BLACK","FRONT END","MINOR DENT/SCRATCHES","CT","ST","YES","D",40752,"A","[PREMIUM]",36741.79,"5.3L 8","4X4 W/REAR WHEEL DRV","AUTOMATIC","GAS",8,"Run & Drive Verified","On Minimum Bid","[PREMIUM]",,"EAST GRANBY","CT","06026 9765","USA","USD","[PREMIUM]","[PREMIUM]","HVY3",false,"[PREMIUM]","K1500 SLT",false,false,"[PREMIUM]",,,,,,,,"[PREMIUM]"
"62795196","2026-09-03 17:34:25.841","2026-09-15 23:14:18.870","62795196","2026-09-11 19:40:29.000","[PREMIUM]","350","CT - HARTFORD SPRINGFIELD","2026-09-17","THURSDAY","1000","EDT","0","V",2016,"KIA","SORENTO","SORENTO","SUV","BLACK","FRONT END","MINOR DENT/SCRATCHES","ID","SC","YES","D",91419,"A","[PREMIUM]",9037,"3.3L 6","ALL WHEEL DRIVE","AUTOMATIC","GAS",6,"Run & Drive Verified","Pure Sale","[PREMIUM]",,"EAST GRANBY","CT","06026 9765","USA","USD","[PREMIUM]","[PREMIUM]","P010",false,"[PREMIUM]","SX LIMITED V6",false,false,"[PREMIUM]",,,,,,,,"[PREMIUM]"
"62432956","2026-09-03 17:34:25.635","2026-09-10 14:59:15.277","62432956","2026-09-09 20:40:15.000","[PREMIUM]","350","CT - HARTFORD SPRINGFIELD","2026-09-10","THURSDAY","1000","EDT","306","V",2022,"VOLKSWAGEN","TIGUAN","TIGUAN","SPORT UTILITY VEHICLE","SILVER","FRONT END",,"CT","ST","YES","D",63143,"A","[PREMIUM]",16535.71,"2.0L 4","ALL WHEEL DRIVE","AUTOMATIC","GAS",4,"Run & Drive Verified","Pure Sale","[PREMIUM]",,"EAST GRANBY","CT","06026 9765","USA","USD","[PREMIUM]","[PREMIUM]","P020",false,"[PREMIUM]","SEL R-LINE",false,false,"[PREMIUM]",,,,,,,,"[PREMIUM]"
"60575396","2026-09-03 17:34:25.043","2026-09-10 14:59:13.336","60575396","2026-09-09 20:40:15.000","[PREMIUM]","350","CT - HARTFORD SPRINGFIELD","2026-09-10","THURSDAY","1000","EDT","286","V",2020,"MERCEDES-BENZ","GLA-CLASS","GLA","SPORT UTILITY VEHICLE","WHITE","FRONT END","MECHANICAL","CT","ST","YES","D",43137,"A","[PREMIUM]",0,"2.0L 4","ALL WHEEL DRIVE","AUTOMATIC","GAS",4,"Run & Drive Verified","Pure Sale","[PREMIUM]",,"EAST GRANBY","CT","06026 9765","USA","USD","[PREMIUM]","[PREMIUM]","H040",false,"[PREMIUM]","250 4MATIC",false,false,"[PREMIUM]",,,,,,,,"[PREMIUM]"
"59947476","2026-09-03 17:34:24.890","2026-09-10 14:59:12.867","59947476","2026-09-09 20:40:15.000","[PREMIUM]","350","CT - HARTFORD SPRINGFIELD","2026-09-10","THURSDAY","1000","EDT","246","V",2019,"DODGE","CHARGER","CHARGER","SEDAN","CHARCOAL","FRONT END","MINOR DENT/SCRATCHES","CT","ST","YES","D",76402,"A","[PREMIUM]",10071.82,"3.6L 6","ALL WHEEL DRIVE","AUTOMATIC","FLEXIBLE",6,"Run & Drive Verified","Pure Sale","[PREMIUM]",,"EAST GRANBY","CT","06026 9765","USA","USD","[PREMIUM]","[PREMIUM]","K030",false,"[PREMIUM]","SXT",false,false,"[PREMIUM]",,,,,,,,"[PREMIUM]"
"59166196","2026-09-03 17:34:24.764","2026-09-10 02:53:55.934","59166196","2026-09-09 20:40:15.000","[PREMIUM]","350","CT - HARTFORD SPRINGFIELD","2026-09-10","THURSDAY","1000","EDT","230","V",2018,"INFINITI","Q50","Q50","SEDAN","BLACK","FRONT END","MINOR DENT/SCRATCHES","CT","ST","YES","D",93553,"A","[PREMIUM]",13052.69,"3.0L 6","ALL WHEEL DRIVE","AUTOMATIC","GAS",6,"Run & Drive Verified","Pure Sale","[PREMIUM]",,"EAST GRANBY","CT","06026 9765","USA","USD","[PREMIUM]","[PREMIUM]","J030",false,"[PREMIUM]","3.0T SPORT",false,false,"[PREMIUM]",,,,,,,,"[PREMIUM]"
"58995296","2026-09-03 17:34:24.724","2026-09-10 14:59:12.220","58995296","2026-09-09 20:28:54.000","[PREMIUM]","350","CT - HARTFORD SPRINGFIELD","2026-09-10","THURSDAY","1000","EDT","3399","V",2019,"GMC","ACADIA","ACADIA","SPORT UTILITY VEHICLE","WHITE","UNDERCARRIAGE","SIDE","CT","ST","YES","S",114485,"A","[PREMIUM]",18045.58,"3.6L 6","ALL WHEEL DRIVE","AUTOMATIC","GAS",6,"Vehicle Starts","Pure Sale","[PREMIUM]",,"EAST GRANBY","CT","06026 9765","USA","USD","[PREMIUM]","[PREMIUM]","HVY2",false,"[PREMIUM]","SLT-1",false,false,"[PREMIUM]",,,,,,,,"[PREMIUM]"
"56479706","2026-09-03 17:34:24.199","2026-09-10 14:59:10.595","56479706","2026-09-09 20:40:15.000","[PREMIUM]","350","CT - HARTFORD SPRINGFIELD","2026-09-10","THURSDAY","1000","EDT","2484","V",2021,"SUBARU","FORESTER","FORESTER","SPORT UTILITY VEHICLE","WHITE","FRONT END","SIDE","CT","ST","YES","S",92320,"A","[PREMIUM]",16869.64,"2.5L 4","ALL WHEEL DRIVE","AUTOMATIC","GAS",4,"Vehicle Starts","Pure Sale","[PREMIUM]",,"EAST GRANBY","CT","06026 9765","USA","USD","[PREMIUM]","[PREMIUM]","J030",false,"[PREMIUM]","SPORT",false,false,"[PREMIUM]",,,,,,,,"[PREMIUM]"
"53762146","2026-09-03 17:34:23.761","2026-09-15 23:14:12.493","53762146","2026-09-03 12:56:20.000","[PREMIUM]","350","CT - HARTFORD SPRINGFIELD",,,,"EDT","0","V",2019,"KIA","SORENTO","SORENTO","SUV","SILVER","SIDE","FRONT END","CT","ST","YES","D",175233,"N","[PREMIUM]",5274.18,"2.4L 4","ALL WHEEL DRIVE","AUTOMATIC","GAS",4,"Run & Drive Verified","Pure Sale","[PREMIUM]",,"EAST GRANBY","CT","06026 9765","USA","USD","[PREMIUM]","[PREMIUM]","O030",false,"[PREMIUM]","LX",false,false,"[PREMIUM]",,,,,,,,"[PREMIUM]"
"67593496","2026-09-03 17:34:22.414","2026-09-15 23:14:08.092","67593496","2026-09-15 16:43:09.000","[PREMIUM]","880","*NCS - EASTERN REGION","2026-09-17","THURSDAY","2100","EDT","0","V",2021,"GMC","SAVANA","SAVANA","VAN CARGO","WHITE","FRONT END",,"FL","RB","YES","E",58250,"A","[PREMIUM]",0,"4.3L 6","REAR WHEEL DRIVE","AUTOMATIC","GAS",6,"DEFAULT","On Minimum Bid","[PREMIUM]",,"ARCADIA","FL","34269","USA","USD","[PREMIUM]","[PREMIUM]","O020",true,"[PREMIUM]","G2500",false,false,"[PREMIUM]",,,,,,,,"[PREMIUM]"
"67318916","2026-09-03 17:34:22.410","2026-09-03 17:34:22.410","67318916","2026-09-02 17:24:46.000","[PREMIUM]","348","FL - PUNTA GORDA","2026-09-04","FRIDAY","1000","EDT","0","V",2016,"KIA","SORENTO","SORENTO","SUV","RED","FRONT END",,"FL","CT","YES","E",82649,"A","[PREMIUM]",0,"3.3L 6","FRONT WHEEL DRIVE","AUTOMATIC","GAS",6,"DEFAULT","On Minimum Bid","[PREMIUM]",,"ARCADIA","FL","34269","USA","USD","[PREMIUM]","[PREMIUM]","E010",true,"[PREMIUM]","LX V6",false,false,"[PREMIUM]",,,,,,,,"[PREMIUM]"
"67862536","2026-09-03 17:34:22.410","2026-09-15 02:44:05.489","67862536","2026-09-09 14:24:47.000","[PREMIUM]","348","FL - PUNTA GORDA","2026-09-15","TUESDAY","1000","EDT","0","V",2014,"NISSAN","PATHFINDER","PATHFINDER","SUV","BLACK","MINOR DENT/SCRATCHES","NORMAL WEAR","FL","CT","YES","D",176102,"A","[PREMIUM]",0,"3.5L 6","FRONT WHEEL DRIVE","AUTOMATIC","GAS",6,"Run & Drive Verified","On Minimum Bid","[PREMIUM]",,"ARCADIA","FL","34269","USA","USD","[PREMIUM]","[PREMIUM]","*OFF",true,"[PREMIUM]","SL",false,false,"[PREMIUM]","10175 U.S. 17","FL","ARCADIA","34269",,,,"[PREMIUM]"
"67779166","2026-09-03 17:34:22.409","2026-09-08 08:22:53.069","67779166","2026-09-02 18:40:49.000","[PREMIUM]","348","FL - PUNTA GORDA","2026-09-08","TUESDAY","1000","EDT","0","V",2021,"NISSAN","MAXIMA","MAXIMA","SEDAN","BLACK","FRONT END","SIDE","AL","ST","YES","D",55772,"A","[PREMIUM]",0,"3.5L 6","FRONT WHEEL DRIVE","AUTOMATIC","GAS",6,"Run & Drive Verified","On Minimum Bid","[PREMIUM]",,"ARCADIA","FL","34269","USA","USD","[PREMIUM]","[PREMIUM]","L030",true,"[PREMIUM]","SR",false,false,"[PREMIUM]",,,,,,,,"[PREMIUM]"
"66765716","2026-09-03 17:34:22.381","2026-09-16 02:41:22.098","66765716","2026-09-14 22:41:38.000","[PREMIUM]","832","MEDIUM DUTY CLEAN TITLE SALE","2026-09-21","MONDAY","1100","CDT","0","K",2016,"FORD","TRANSIT","TRANSIT","CARGO VAN","WHITE","MINOR DENT/SCRATCHES",,"FL","CT","YES","E",155579,"A","[PREMIUM]",0,"3.7L 6","REAR WHEEL DRIVE","AUTOMATIC","GAS",6,"DEFAULT","On Minimum Bid","[PREMIUM]",,"ARCADIA","FL","34269","USA","USD","[PREMIUM]","[PREMIUM]","O050",true,"[PREMIUM]","T-250",false,false,"[PREMIUM]",,,,,,,,"[PREMIUM]"
"67128596","2026-09-03 17:34:22.371","2026-09-10 14:59:04.257","67128596","2026-09-04 21:04:49.000","[PREMIUM]","348","FL - PUNTA GORDA","2026-09-11","FRIDAY","1000","EDT","0","V",2018,"TOYOTA","TACOMA","TACOMA","PICKUP","GRAY","NORMAL WEAR",,"FL","RB","YES","D",68997,"N","[PREMIUM]",19824.24,"3.5L 6","4X2","AUTOMATIC","GAS",6,"Run & Drive Verified","Pure Sale","[PREMIUM]",,"ARCADIA","FL","34269","USA","USD","[PREMIUM]","[PREMIUM]","A060",false,"[PREMIUM]","SR5 V6",false,false,"[PREMIUM]",,,,,,,,"[PREMIUM]"
"67093666","2026-09-03 17:34:22.369","2026-09-08 08:22:52.576","67093666","2026-09-07 20:01:22.000","[PREMIUM]","855","WHOLESALE AUCTION","2026-09-08","TUESDAY","1200","EDT","174","V",2019,"FORD","F150","F150","PICKUP","WHITE","MINOR DENT/SCRATCHES",,"FL","CT","YES","D",160531,"A","[PREMIUM]",3059,"3.3L 6","REAR WHEEL DRIVE","AUTOMATIC","GAS",6,"Run & Drive Verified","On Minimum Bid","[PREMIUM]",,"ARCADIA","FL","34269","USA","USD","[PREMIUM]","[PREMIUM]","SE130",false,"[PREMIUM]","SUPERCREW",false,true,"[PREMIUM]",,,,,"GREEN LIGHT",4.6,"Other","[PREMIUM]"
"66448296","2026-09-03 17:34:22.348","2026-09-16 12:48:54.401","66448296","2026-09-16 10:00:46.000","[PREMIUM]","835","MEDIUM DUTY SPECIALTY SALE","2026-09-16","WEDNESDAY","1100","CDT","4243","K",2025,"FORD","F450","F450","CAB CHASSIS","BLACK","SIDE",,"FL","CD","YES","D",44541,"A","[PREMIUM]",69130.18,"6.7L 8","4X4 W/REAR WHEEL DRV","AUTOMATIC","DIESEL",8,"Run & Drive Verified","On Minimum Bid","[PREMIUM]",,"ARCADIA","FL","34269","USA","USD","[PREMIUM]","[PREMIUM]","HV020",false,"[PREMIUM]","SUPER DUTY",false,false,"[PREMIUM]",,,,,,,,"[PREMIUM]"
"66104586","2026-09-03 17:34:22.236","2026-09-08 08:22:51.664","66104586","2026-09-03 16:38:16.000","[PREMIUM]","348","FL - PUNTA GORDA","2026-09-08","TUESDAY","1000","EDT","0","V",2018,"MERCEDES-BENZ","GLE-CLASS","GLE","SPORT UTILITY VEHICLE","BLACK","REAR END","SIDE","FL","CT","YES","D",80665,"A","[PREMIUM]",0,"3.5L 6","REAR WHEEL DRIVE","AUTOMATIC","GAS",6,"Run & Drive Verified","On Minimum Bid","[PREMIUM]",,"ARCADIA","FL","34269","USA","USD","[PREMIUM]","[PREMIUM]","E050",true,"[PREMIUM]","350",false,false,"[PREMIUM]",,,,,,,,"[PREMIUM]"
"65943026","2026-09-03 17:34:22.209","2026-09-10 08:52:09.142","65943026","2026-09-08 23:41:16.000","[PREMIUM]","348","FL - PUNTA GORDA","2026-09-11","FRIDAY","1000","EDT","0","K",2021,"RAM","PROMASTER","PROMASTER 2500","VAN CARGO","WHITE","MINOR DENT/SCRATCHES",,"FL","CT","YES","D",135759,"A","[PREMIUM]",0,"3.6L 6","FRONT WHEEL DRIVE","AUTOMATIC","FLEXIBLE",6,"Run & Drive Verified","On Minimum Bid","[PREMIUM]",,"ARCADIA","FL","34269","USA","USD","[PREMIUM]","[PREMIUM]","O010",true,"[PREMIUM]","2500 HIGH",false,false,"[PREMIUM]",,,,,,,,"[PREMIUM]"
"64764616","2026-09-03 17:34:21.920","2026-09-13 14:31:51.939","64764616","2026-09-10 02:46:37.000","[PREMIUM]","855","WHOLESALE AUCTION","2026-09-15","TUESDAY","1200","EDT","0","V",2020,"FORD","TRANSIT","TRANSIT","VAN CARGO","BLUE","MINOR DENT/SCRATCHES",,"FL","CT","YES","D",110958,"A","[PREMIUM]",8671,"3.5L 6","REAR WHEEL DRIVE","AUTOMATIC","GAS",6,"Run & Drive Verified","On Minimum Bid","[PREMIUM]",,"ARCADIA","FL","34269","USA","USD","[PREMIUM]","[PREMIUM]","SG130",true,"[PREMIUM]","T-250",false,true,"[PREMIUM]",,,,,"YELLOW LIGHT",2.3,"Other,Emission","[PREMIUM]"
"62391166","2026-09-03 17:34:21.690","2026-09-10 14:59:00.762","62391166","2026-09-04 21:06:36.000","[PREMIUM]","348","FL - PUNTA GORDA","2026-09-11","FRIDAY","1000","EDT","0","V",2019,"FORD","F150","F150","PICKUP","RED","FRONT END","SIDE","FL","RB","YES","D",100349,"A","[PREMIUM]",0,"2.7L 6","REAR WHEEL DRIVE","AUTOMATIC","GAS",6,"Run & Drive Verified","On Minimum Bid","[PREMIUM]",,"ARCADIA","FL","34269","USA","USD","[PREMIUM]","[PREMIUM]","J090",false,"[PREMIUM]","SUPERCREW",false,false,"[PREMIUM]",,,,,,,,"[PREMIUM]"
"62540896","2026-09-03 17:34:21.680","2026-09-10 14:59:01.007","62540896","2026-09-04 20:06:51.000","[PREMIUM]","348","FL - PUNTA GORDA","2026-09-11","FRIDAY","1000","EDT","0","V",2024,"CADILLAC","XT6","XT6","SPORT UTILITY VEHICLE","SILVER","FRONT END",,"FL","RB","YES","D",24446,"A","[PREMIUM]",10946.48,"3.6L 6","ALL WHEEL DRIVE","AUTOMATIC","GAS",6,"Run & Drive Verified","Pure Sale","[PREMIUM]",,"ARCADIA","FL","34269","USA","USD","[PREMIUM]","[PREMIUM]","F030",false,"[PREMIUM]","PREMIUM LUXURY",false,false,"[PREMIUM]",,,,,,,,"[PREMIUM]"
"62051006","2026-09-03 17:34:21.580","2026-09-08 08:22:49.456","62051006","2026-09-07 20:15:28.000","[PREMIUM]","855","WHOLESALE AUCTION","2026-09-08","TUESDAY","1200","EDT","4280","V",2014,"MERCEDES-BENZ","GLK-CLASS","GLK","4DR SPORT UTILITY","WHITE","SIDE",,"FL","CT","YES","D",137597,"A","[PREMIUM]",0,"3.5L 6","REAR WHEEL DRIVE","AUTOMATIC","GAS",6,"Run & Drive Verified","On Minimum Bid","[PREMIUM]",,"ARCADIA","FL","34269","USA","USD","[PREMIUM]","[PREMIUM]","SG110",false,"[PREMIUM]","350",false,true,"[PREMIUM]",,,,,"RED LIGHT",1.6,"Maintenance,Other,Emission","[PREMIUM]"
"61438656","2026-09-03 17:34:21.541","2026-09-16 20:26:02.182","61438656","2026-09-14 15:14:14.000","[PREMIUM]","348","FL - PUNTA GORDA","2026-09-22","TUESDAY","1000","EDT","0","V",2022,"CHEVROLET","SILVERADO","SILVERADO LTD","PICKUP","BLACK","BURN",,"FL","RB","NO","E",81788,"A","[PREMIUM]",30000,"5.3L 8","4X4 W/REAR WHEEL DRV","AUTOMATIC","GAS",8,"DEFAULT","On Minimum Bid","[PREMIUM]",,"ARCADIA","FL","34269","USA","USD","[PREMIUM]","[PREMIUM]","J080",false,"[PREMIUM]","K1500 LTZ",false,false,"[PREMIUM]",,,,,,,,"[PREMIUM]"
"61141146","2026-09-03 17:34:21.538","2026-09-11 17:30:23.180","61141146","2026-09-11 08:00:05.000","[PREMIUM]","348","FL - PUNTA GORDA","2026-09-11","FRIDAY","1000","EDT","2282","V",2013,"CHEVROLET","SILVERADO","SILVERADO","PICKUP","BLACK","FRONT END","SIDE","FL","RB","YES","D",137349,"A","[PREMIUM]",10129,"4.3L 6","REAR WHEEL DRIVE","AUTOMATIC","GAS",6,"Run & Drive Verified","Pure Sale","[PREMIUM]",,"ARCADIA","FL","34269","USA","USD","[PREMIUM]","[PREMIUM]","J020",false,"[PREMIUM]","C1500",false,false,"[PREMIUM]",,,,,,,,"[PREMIUM]"
"60413506","2026-09-03 17:34:21.402","2026-09-14 21:33:50.264","60413506","2026-09-11 18:08:14.000","[PREMIUM]","348","FL - PUNTA GORDA","2026-09-15","TUESDAY","1000","EDT","0","V",2019,"CHEVROLET","SILVERADO","SILVERADO","PICKUP","BLUE","SIDE",,"FL","RB","YES","D",89230,"A","[PREMIUM]",15440,"2.7L 4","REAR WHEEL DRIVE","AUTOMATIC","GAS",4,"Run & Drive Verified","On Minimum Bid","[PREMIUM]",,"ARCADIA","FL","34269","USA","USD","[PREMIUM]","[PREMIUM]","SD100",false,"[PREMIUM]","C1500 RST",false,false,"[PREMIUM]",,,,,,,,"[PREMIUM]"
"58562946","2026-09-03 17:34:21.339","2026-09-14 21:33:49.784","58562946","2026-09-04 13:54:55.000","[PREMIUM]","348","FL - PUNTA GORDA","2026-09-15","TUESDAY","1000","EDT","0","V",2023,"KIA","SPORTAGE","SPORTAGE","SPORT UTILITY VEHICLE","BLUE","ROLLOVER",,"FL","CD","YES","E",0,"N","[PREMIUM]",21667,"2.5L 4","FRONT WHEEL DRIVE","AUTOMATIC","GAS",4,"DEFAULT","On Minimum Bid","[PREMIUM]",,"ARCADIA","FL","34269","USA","USD","[PREMIUM]","[PREMIUM]","SD050",false,"[PREMIUM]","SX PRESTIGE",false,false,"[PREMIUM]",,,,,,,,"[PREMIUM]"
"59374376","2026-09-03 17:34:21.334","2026-09-08 08:22:48.671","59374376","2026-09-07 20:15:28.000","[PREMIUM]","855","WHOLESALE AUCTION","2026-09-08","TUESDAY","1200","EDT","3016","V",2020,"DODGE","CHALLENGER","CHALLENGER","COUPE","WHITE","FRONT END",,"FL","CT","YES","S",127006,"A","[PREMIUM]",10240,"3.6L 6","REAR WHEEL DRIVE","AUTOMATIC","FLEXIBLE",6,"Vehicle Starts","On Approval","[PREMIUM]",,"ARCADIA","FL","34269","USA","USD","[PREMIUM]","[PREMIUM]","R100",false,"[PREMIUM]","SXT",false,true,"[PREMIUM]",,,,,"RED LIGHT",1.5,"Maintenance,Safety,Comfort","[PREMIUM]"
"54332496","2026-09-03 17:34:21.164","2026-09-09 08:53:22.128","54332496","2026-09-04 18:10:29.000","[PREMIUM]","835","MEDIUM DUTY SPECIALTY SALE","2026-09-09","WEDNESDAY","1100","CDT","0","K",2024,"FORD","TRANSIT","TRANSIT","VAN CARGO","TWO TONE","FRONT END",,"FL","RB","YES","D",25776,"A","[PREMIUM]",29036,"3.5L 6","REAR WHEEL DRIVE","AUTOMATIC","GAS",6,"Run & Drive Verified","Pure Sale","[PREMIUM]",,"ARCADIA","FL","34269","USA","USD","[PREMIUM]","[PREMIUM]","O040",false,"[PREMIUM]","T-250",false,false,"[PREMIUM]",,,,,,,,"[PREMIUM]"
"67209646","2026-09-03 17:34:20.990","2026-09-15 23:14:02.250","67209646","2026-09-11 12:13:34.000","[PREMIUM]","345","KY - EARLINGTON","2026-09-17","THURSDAY","1200","CDT","0","V",2013,"HYUNDAI","VELOSTER","VELOSTER","COUPE","BLACK","MINOR DENT/SCRATCHES",,"TN","RC","YES","D",188992,"A","[PREMIUM]",0,"1.6L 4","FRONT WHEEL DRIVE","MANUAL","GAS",4,"Run & Drive Verified","On Minimum Bid","[PREMIUM]",,"EARLINGTON","KY","42410","USA","USD","[PREMIUM]","[PREMIUM]","F110",true,"[PREMIUM]","BASE",false,false,"[PREMIUM]",,,,,,,,"[PREMIUM]"
"72348685","2026-09-03 17:34:20.975","2026-09-10 14:58:58.225","72348685","2026-09-10 11:00:05.000","[PREMIUM]","345","KY - EARLINGTON","2026-09-10","THURSDAY","1200","CDT","17","V",2019,"HYUNDAI","SONATA","SONATA",,"WHITE","REAR END",,"TN","SC","YES","D",118653,"A","[PREMIUM]",6253.12,"2.4L  4","Front-wheel Drive","AUTOMATIC","GAS",4,"Run & Drive Verified","Pure Sale","[PREMIUM]",,"EARLINGTON","KY","42410","USA","USD","[PREMIUM]","[PREMIUM]","B140",false,"[PREMIUM]","LIMITED",false,false,"[PREMIUM]",,,,,,,,"[PREMIUM]"
"67152816","2026-09-03 17:34:20.972","2026-09-15 23:14:02.259","67152816","2026-09-15 18:43:19.000","[PREMIUM]","345","KY - EARLINGTON","2026-09-17","THURSDAY","1200","CDT","0","V",2010,"TOYOTA","TACOMA","TACOMA","PICKUP","BLACK","SIDE",,"IN","CT","YES","D",276244,"E","[PREMIUM]",0,"2.7L 4","4X2","AUTOMATIC","GAS",4,"Run & Drive Verified","On Minimum Bid","[PREMIUM]",,"EARLINGTON","KY","42410","USA","USD","[PREMIUM]","[PREMIUM]","I080",true,"[PREMIUM]","BASE",false,false,"[PREMIUM]",,,,,,,,"[PREMIUM]"
"65825376","2026-09-03 17:34:20.860","2026-09-15 23:14:01.284","65825376","2026-09-02 20:37:12.000","[PREMIUM]","345","KY - EARLINGTON",,,,"CDT","0","V",2013,"CHEVROLET","TAHOE","TAHOE","4DR SPORT UTILITY","BLACK","FRONT END",,"KY","ST","YES","D",191235,"A","[PREMIUM]",15810.32,"5.3L 8","4X4 W/REAR WHEEL DRV","AUTOMATIC","FLEXIBLE",8,"Run & Drive Verified","Pure Sale","[PREMIUM]",,"EARLINGTON","KY","42410","USA","USD","[PREMIUM]","[PREMIUM]","D050",false,"[PREMIUM]","K1500 LT",false,false,"[PREMIUM]",,,,,,,,"[PREMIUM]"
"64409836","2026-09-03 17:34:20.493","2026-09-15 23:14:00.100","64409836","2026-09-09 16:07:22.000","[PREMIUM]","835","MEDIUM DUTY SPECIALTY SALE","2026-09-16","WEDNESDAY","1100","CDT","0","K",2000,"FORD","ALL Models","ECONOLINE","CARGO VAN","WHITE","FRONT END","SIDE","KY","ST","YES","D",210407,"A","[PREMIUM]",0,"4.2L 6","REAR WHEEL DRIVE","AUTOMATIC","GAS",6,"Run & Drive Verified","On Minimum Bid","[PREMIUM]",,"EARLINGTON","KY","42410","USA","USD","[PREMIUM]","[PREMIUM]","REC",true,"[PREMIUM]","E150 VAN",false,false,"[PREMIUM]",,,,,,,,"[PREMIUM]"
"63845496","2026-09-03 17:34:20.302","2026-09-15 23:13:59.725","63845496","2026-09-14 20:05:09.000","[PREMIUM]","345","KY - EARLINGTON","2026-09-17","THURSDAY","1200","CDT","0","V",2012,"GMC","SIERRA","SIERRA","CREW PICKUP","RED","FRONT END","MINOR DENT/SCRATCHES","KY","ST","YES","E",121127,"A","[PREMIUM]",14299.9,"5.3L 8","4X4 W/REAR WHEEL DRV","AUTOMATIC","FLEXIBLE",8,"DEFAULT","Pure Sale","[PREMIUM]",,"EARLINGTON","KY","42410","USA","USD","[PREMIUM]","[PREMIUM]","I040",false,"[PREMIUM]","K1500 SLT",false,false,"[PREMIUM]",,,,,,,,"[PREMIUM]"
"62489916","2026-09-03 17:34:19.925","2026-09-09 08:53:18.409","62489916","2026-09-04 20:21:39.000","[PREMIUM]","835","MEDIUM DUTY SPECIALTY SALE","2026-09-09","WEDNESDAY","1100","CDT","0","K",2012,"FORD","ECONOLINE","ECONOLINE","EXTENDED SPORT VAN","WHITE","REAR END","SIDE","KY","BS","YES","D",414089,"A","[PREMIUM]",5162.39,"5.4L 8","REAR WHEEL DRIVE","AUTOMATIC","GAS",8,"Run & Drive Verified","Pure Sale","[PREMIUM]",,"EARLINGTON","KY","42410","USA","USD","[PREMIUM]","[PREMIUM]","HVY2",false,"[PREMIUM]","E350 SUPER DUTY WAGON",false,false,"[PREMIUM]",,,,,,,,"[PREMIUM]"
"62052886","2026-09-03 17:34:19.839","2026-09-15 23:13:58.228","62052886","2026-09-14 20:12:04.000","[PREMIUM]","345","KY - EARLINGTON","2026-09-17","THURSDAY","1200","CDT","0","V",2024,"CHEVROLET","TAHOE","TAHOE","SPORT UTILITY VEHICLE","RED","FRONT END","UNDERCARRIAGE","KY","ST","YES","D",45945,"A","[PREMIUM]",67405,"6.2L 8","4X4 W/REAR WHEEL DRV","AUTOMATIC","GAS",8,"Run & Drive Verified","On Minimum Bid","[PREMIUM]",,"EARLINGTON","KY","42410","USA","USD","[PREMIUM]","[PREMIUM]","E100",false,"[PREMIUM]","K1500 HIGH COUNTRY",false,false,"[PREMIUM]",,,,,,,,"[PREMIUM]"
"60837676","2026-09-03 17:34:19.561","2026-09-10 14:58:52.825","60837676","2026-09-10 11:00:05.000","[PREMIUM]","345","KY - EARLINGTON","2026-09-10","THURSDAY","1200","CDT","2012","V",2011,"MERCEDES-BENZ","E-CLASS","E","SEDAN 4DR","BLACK","FRONT END","MINOR DENT/SCRATCHES","TN","SC","YES","D",164670,"A","[PREMIUM]",8852,"3.5L 6","REAR WHEEL DRIVE","AUTOMATIC","GAS",6,"Run & Drive Verified","Pure Sale","[PREMIUM]",,"EARLINGTON","KY","42410","USA","USD","[PREMIUM]","[PREMIUM]","C040",false,"[PREMIUM]","350",false,false,"[PREMIUM]",,,,,,,,"[PREMIUM]"
"59497855","2026-09-03 17:34:19.287","2026-09-10 14:58:51.990","59497855","2026-09-10 11:00:05.000","[PREMIUM]","345","KY - EARLINGTON","2026-09-10","THURSDAY","1200","CDT","7","V",2022,"CHEVROLET","EQUINOX","EQUINOX",,"WHITE","HAIL",,"KY","HS","YES","D",39217,"A","[PREMIUM]",12418.49,"1.5L  4","ALL WHEEL DRIVE","AUTOMATIC","GAS",4,"Run & Drive Verified","Pure Sale","[PREMIUM]",,"EARLINGTON","KY","42410","USA","USD","[PREMIUM]","[PREMIUM]","B140",false,"[PREMIUM]","LT",false,false,"[PREMIUM]",,,,,,,,"[PREMIUM]"
"58488466","2026-09-03 17:34:19.199","2026-09-15 23:13:56.485","58488466","2026-09-14 20:10:10.000","[PREMIUM]","345","KY - EARLINGTON","2026-09-17","THURSDAY","1200","CDT","0","V",2019,"LINCOLN","MKC","MKC","SPORT UTILITY VEHICLE","TAN","FRONT END",,"KY","ST","YES","E",77990,"A","[PREMIUM]",11133.59,"2.0L 4","FRONT WHEEL DRIVE","AUTOMATIC","GAS",4,"DEFAULT","Pure Sale","[PREMIUM]",,"EARLINGTON","KY","42410","USA","USD","[PREMIUM]","[PREMIUM]","E140",false,"[PREMIUM]","SELECT",false,false,"[PREMIUM]",,,,,,,,"[PREMIUM]"
"55346116","2026-09-03 17:34:18.825","2026-09-10 14:58:50.639","55346116","2026-09-10 11:00:05.000","[PREMIUM]","345","KY - EARLINGTON","2026-09-10","THURSDAY","1200","CDT","85","V",2012,"CADILLAC","CTS","CTS","SEDAN 4DR","RED","REAR END",,"KY","BS","YES","D",75096,"A","[PREMIUM]",10917.95,"3.0L 6","ALL WHEEL DRIVE","AUTOMATIC","GAS",6,"Run & Drive Verified","Pure Sale","[PREMIUM]",,"EARLINGTON","KY","42410","USA","USD","[PREMIUM]","[PREMIUM]","F050",false,"[PREMIUM]","LUXURY COLLECTION",false,false,"[PREMIUM]",,,,,,,,"[PREMIUM]"
"53038486","2026-09-03 17:34:18.759","2026-09-15 23:13:55.520","53038486","2026-09-11 16:05:18.000","[PREMIUM]","345","KY - EARLINGTON","2026-09-17","THURSDAY","1200","CDT","0","V",2019,"CHEVROLET","SILVERADO","SILVERADO","PICKUP","BLACK","FRONT END",,"TN","SC","YES","D",93025,"A","[PREMIUM]",14501.38,"5.3L 8","4X4 W/REAR WHEEL DRV","AUTOMATIC","GAS",8,"Run & Drive Verified","On Minimum Bid","[PREMIUM]",,"EARLINGTON","KY","42410","USA","USD","[PREMIUM]","[PREMIUM]","B100",false,"[PREMIUM]","K1500 LT",false,false,"[PREMIUM]",,,,,,,,"[PREMIUM]"
"47232796","2026-09-03 17:34:18.615","2026-09-10 14:58:50.074","47232796","2026-09-10 11:00:05.000","[PREMIUM]","345","KY - EARLINGTON","2026-09-10","THURSDAY","1200","CDT","2561","V",2003,"FORD","F150","F150","CREW PICKUP","BLUE","FRONT END","MINOR DENT/SCRATCHES","KY","ST","YES","E",192661,"A","[PREMIUM]",0,"5.4L 8","REAR WHEEL DRIVE","AUTOMATIC","GAS",8,"DEFAULT","Pure Sale","[PREMIUM]",,"EARLINGTON","KY","42410","USA","USD","[PREMIUM]","[PREMIUM]","B100",false,"[PREMIUM]","SUPERCREW",false,false,"[PREMIUM]",,,,,,,,"[PREMIUM]"
"67352996","2026-09-03 17:34:18.548","2026-09-03 17:34:18.548","67352996","2026-09-02 20:28:19.000","[PREMIUM]","344","NY - BUFFALO","2026-09-14","MONDAY","1000","EDT","6","V",2019,"AUDI","Q8","Q8","SPORT UTILITY VEHICLE","CHARCOAL","SIDE",,"NY","SM","YES","D",57218,"A","[PREMIUM]",20957.95,"3.0L 6","ALL WHEEL DRIVE","AUTOMATIC","GAS",6,"Run & Drive Verified","Pure Sale","[PREMIUM]",,"ANGOLA","NY","14006 9726","USA","USD","[PREMIUM]","[PREMIUM]","K010",false,"[PREMIUM]","PREMIUM PLUS S-LINE",false,false,"[PREMIUM]",,,,,,,,"[PREMIUM]"
"67503196","2026-09-03 17:34:18.544","2026-09-16 20:25:51.322","67503196","2026-09-15 17:50:25.000","[PREMIUM]","344","NY - BUFFALO","2026-09-21","MONDAY","1000","EDT","0","V",2008,"BMW","3 SERIES","328","SEDAN 4DR","BLACK","NORMAL WEAR","MINOR DENT/SCRATCHES","NY","CT","YES","D",134260,"E","[PREMIUM]",0,"3.0L 6","ALL WHEEL DRIVE","AUTOMATIC","GAS",6,"Run & Drive Verified","On Minimum Bid","[PREMIUM]",,"ANGOLA","NY","14006 9726","USA","USD","[PREMIUM]","[PREMIUM]","1E010",false,"[PREMIUM]","XI",false,false,"[PREMIUM]",,,,,,,,"[PREMIUM]"
"67247206","2026-09-03 17:34:18.535","2026-09-15 23:13:54.296","67247206","2026-09-14 15:57:12.000","[PREMIUM]","344","NY - BUFFALO","2026-09-21","MONDAY","1000","EDT","0","V",2014,"SUBARU","XV","XV CROSSTREK","4DR SPORT UTILITY","ORANGE","FRONT END",,"NY","SH","YES","D",165837,"A","[PREMIUM]",0,"2.0L 4","ALL WHEEL DRIVE","AUTOMATIC","GAS",4,"Run & Drive Verified","On Minimum Bid","[PREMIUM]",,"ANGOLA","NY","14006 9726","USA","USD","[PREMIUM]","[PREMIUM]","D040",true,"[PREMIUM]","2.0 LIMITED",false,false,"[PREMIUM]",,,,,,,,"[PREMIUM]"
"66267826","2026-09-03 17:34:18.501","2026-09-03 17:34:18.501","66267826","2026-09-02 20:12:22.000","[PREMIUM]","344","NY - BUFFALO","2026-09-04","FRIDAY","1000","EDT","0","V",2017,"SUBARU","IMPREZA","IMPREZA","WAGON","SILVER","REAR END","SIDE","NY","SM","YES","S",42485,"A","[PREMIUM]",14290,"2.0L 4","ALL WHEEL DRIVE","AUTOMATIC","GAS",4,"Vehicle Starts","Pure Sale","[PREMIUM]",,"ANGOLA","NY","14006 9726","USA","USD","[PREMIUM]","[PREMIUM]","1M050",false,"[PREMIUM]","PREMIUM",false,false,"[PREMIUM]",,,,,,,,"[PREMIUM]"
"66534006","2026-09-03 17:34:18.501","2026-09-03 17:34:18.501","66534006","2026-09-03 15:00:56.000","[PREMIUM]","344","NY - BUFFALO","2026-09-14","MONDAY","1000","EDT","0","V",2014,"JEEP","CHEROKEE","GRAND CHEROKEE","4DR SPORT UTILITY","CHARCOAL","FRONT END",,"NY","SM","YES","D",185863,"A","[PREMIUM]",5315.82,"3.6L 6","4X4 W/REAR WHEEL DRV","AUTOMATIC","FLEXIBLE",6,"Run & Drive Verified","Pure Sale","[PREMIUM]",,"ANGOLA","NY","14006 9726","USA","USD","[PREMIUM]","[PREMIUM]","L040",false,"[PREMIUM]","LAREDO",false,false,"[PREMIUM]",,,,,,,,"[PREMIUM]"
"66193086","2026-09-03 17:34:18.462","2026-09-11 05:27:08.220","66193086","2026-09-11 02:45:50.000","[PREMIUM]","838","RENTAL VEHICLE SALE","2026-09-14","MONDAY","1200","EDT","0","V",2024,"FORD","EDGE","EDGE","SPORT UTILITY VEHICLE","WHITE","FRONT END",,"NY","CT","YES","E",51791,"A","[PREMIUM]",0,"2.0L 4","ALL WHEEL DRIVE","AUTOMATIC","GAS",4,"DEFAULT","On Approval","[PREMIUM]",,"ANGOLA","NY","14006 9726","USA","USD","[PREMIUM]","[PREMIUM]","K010",false,"[PREMIUM]","SEL",false,false,"[PREMIUM]",,,,,,,,"[PREMIUM]"
"64467236","2026-09-03 17:34:18.368","2026-09-03 17:34:18.368","64467236","2026-09-02 20:28:28.000","[PREMIUM]","344","NY - BUFFALO","2026-09-04","FRIDAY","1000","EDT","0","V",2025,"CHEVROLET","SILVERADO","SILVERADO","PICKUP","WHITE","FRONT END","SIDE","NY","SM","YES","E",29102,"A","[PREMIUM]",47791.06,"6.6L 8","4X4 W/REAR WHEEL DRV","AUTOMATIC","GAS",8,"DEFAULT","Pure Sale","[PREMIUM]",,"ANGOLA","NY","14006 9726","USA","USD","[PREMIUM]","[PREMIUM]","1I050",false,"[PREMIUM]","K2500 HEAVY DUTY LT",false,false,"[PREMIUM]",,,,,,,,"[PREMIUM]"
"63950566","2026-09-03 17:34:18.317","2026-09-03 17:34:18.317","63950566","2026-09-02 20:28:28.000","[PREMIUM]","344","NY - BUFFALO","2026-09-04","FRIDAY","1000","EDT","0","V",2019,"NISSAN","ALTIMA","ALTIMA","SEDAN","BLACK","FRONT END",,"NY","SM","YES","D",111716,"A","[PREMIUM]",17585.32,"2.5L 4","ALL WHEEL DRIVE","AUTOMATIC","GAS",4,"Run & Drive Verified","Pure Sale","[PREMIUM]",,"ANGOLA","NY","14006 9726","USA","USD","[PREMIUM]","[PREMIUM]","1G010",false,"[PREMIUM]","SL",false,false,"[PREMIUM]",,,,,,,,"[PREMIUM]"
"62469876","2026-09-03 17:34:18.194","2026-09-03 17:34:18.194","62469876","2026-09-02 20:11:05.000","[PREMIUM]","344","NY - BUFFALO","2026-09-04","FRIDAY","1000","EDT","0","V",2023,"FORD","F150","F150","PICKUP","WHITE","FRONT END",,"NY","SM","YES","S",30531,"A","[PREMIUM]",35528.17,"2.7L 6","4X4 W/REAR WHEEL DRV","AUTOMATIC","GAS",6,"Vehicle Starts","On Minimum Bid","[PREMIUM]",,"ANGOLA","NY","14006 9726","USA","USD","[PREMIUM]","[PREMIUM]","G040",false,"[PREMIUM]","SUPER CAB",false,false,"[PREMIUM]",,,,,,,,"[PREMIUM]"
